x,y,R,G,B
83,374,39,42,44
108,424,140,113,132
1145,113,235,231,248
373,307,43,43,48
1049,439,48,50,52
625,113,45,43,49
303,430,67,66,51
716,46,45,47,51
225,406,42,43,48
712,367,48,45,47
56,265,38,27,32
495,3,60,51,46
606,331,46,43,44
928,246,48,47,51
1076,132,52,53,56
1183,495,240,237,253
1159,281,239,234,249
348,303,45,45,45
399,5,38,26,27
543,456,133,131,136
140,129,202,191,211
40,145,162,30,34
331,137,34,32,32
857,131,49,46,53
33,250,33,30,30
919,91,44,49,55
452,170,45,45,47
645,106,48,45,49
910,217,47,48,52
422,415,44,47,45
260,388,48,45,47
415,192,215,213,235
1098,73,237,231,255
1158,385,234,233,250
631,95,44,46,49
1041,64,97,88,69
116,176,241,243,255
932,224,46,48,49
850,426,47,46,51
809,288,48,48,50
976,204,43,46,51
182,332,42,41,43
828,186,45,47,50
83,319,42,35,38
948,27,86,64,58
581,443,163,157,168
1087,399,249,246,254
825,396,43,47,50
321,369,37,42,47
284,218,189,188,207
499,14,75,59,48
884,72,47,47,51
511,366,40,42,40
352,153,38,35,40
1010,476,48,50,52
660,313,47,48,50
539,346,45,42,43
1005,345,47,48,50
1133,359,228,226,243
349,408,42,42,45
833,74,46,47,50
1133,276,232,228,242
227,219,187,186,206
146,376,40,41,45
173,219,192,189,210
604,92,43,44,49
515,362,40,41,43
704,141,42,46,51
397,19,37,31,34
570,14,94,83,61
326,264,212,210,230
742,449,43,45,47
900,398,46,44,49
590,68,47,43,48
629,58,47,44,48
47,376,46,44,49
438,106,41,41,46
75,107,153,25,34
840,105,46,49,51
188,237,191,192,211
882,213,49,51,54
382,106,36,34,35
354,8,41,35,40
25,275,37,30,36
43,172,172,32,41
600,342,44,44,48
471,371,45,46,47
1072,382,213,205,170
656,438,42,44,46
616,46,45,45,48
701,484,125,105,75
669,347,48,42,49
1022,346,49,48,51
343,211,199,198,218
916,351,45,46,48
431,347,44,44,47
41,445,47,50,50
651,145,45,45,47
691,377,41,45,45
462,275,230,228,252
717,3,64,53,53
486,55,43,42,43
601,178,50,46,52
16,300,38,36,37
935,448,79,101,145
588,417,40,42,46
942,360,50,49,50
4,468,52,54,55
959,101,48,48,51
991,190,45,47,54
610,133,42,45,48
96,271,38,32,36
439,425,51,54,60
679,201,240,236,255
116,291,36,29,35
254,368,42,44,44
613,464,104,102,97
1025,150,46,48,53
540,391,42,41,45
753,139,43,45,49
127,266,213,212,234
906,271,237,235,254
304,199,189,190,209
464,127,43,43,48
1147,21,236,231,247
1163,479,233,233,247
842,159,43,49,48
629,174,233,234,254
494,84,42,42,44
647,202,239,237,255
1042,359,49,49,52
995,89,47,47,53
430,96,41,39,42
503,309,43,43,46
1057,352,52,48,52
442,365,47,46,49
390,448,195,202,223
475,229,73,71,94
604,247,235,236,255
1018,411,46,50,54
261,177,189,184,205
1164,111,235,234,250
998,456,129,142,199
490,146,45,45,49
573,34,43,43,47
552,19,48,48,47
174,109,154,151,174
284,82,35,30,33
1031,372,50,50,54
1087,497,242,241,255
56,113,151,23,30
974,385,47,47,48
922,349,45,45,48
586,474,118,111,94
1064,58,77,69,67
674,174,52,48,52
203,377,44,43,46
572,268,230,229,252
204,485,50,45,51
89,482,48,44,48
544,296,44,41,47
482,348,41,43,46
913,347,46,45,49
999,171,47,47,55
923,340,44,47,48
918,254,53,50,56
301,348,44,40,47
778,205,190,185,203
213,114,37,38,41
99,272,38,33,36
230,329,40,42,44
965,348,44,45,49
1172,47,237,236,252
172,416,44,44,47
1067,136,51,50,54
279,18,134,130,156
926,334,45,47,52
280,34,131,133,141
244,84,47,48,54
472,443,175,179,199
203,34,161,30,42
704,190,241,237,255
506,176,52,51,55
127,431,49,50,52
693,61,48,47,49
715,486,149,143,155
926,189,46,46,51
934,465,48,48,48
298,393,40,43,47
1085,431,255,254,255
1065,144,53,51,55
216,464,49,46,50
131,169,201,202,220
567,200,228,227,250
1158,19,238,234,252
121,8,121,111,124
493,289,46,46,49
746,40,52,50,51
1184,474,236,234,249
758,253,240,239,255
949,244,42,46,51
705,250,47,48,53
312,322,45,43,46
1183,152,237,235,253
300,254,202,198,220
511,313,44,42,46
465,348,52,51,58
514,477,106,102,74
105,166,37,33,32
942,161,46,45,50
628,478,192,190,203
799,469,111,102,89
631,103,46,45,52
441,283,45,47,48
1118,354,234,230,245
694,347,40,46,47
590,394,41,43,46
401,407,42,43,47
1031,419,51,48,54
1160,461,236,234,249
580,437,52,45,46
792,294,46,45,49
439,473,116,67,63
1044,452,49,47,50
329,465,118,112,119
77,267,39,33,37
215,450,45,45,49
987,118,48,46,52
1148,449,231,229,245
177,382,43,41,46
706,51,47,47,53
951,360,46,48,49
864,277,47,49,52
156,105,48,28,49
161,232,49,44,49
594,144,44,43,46
469,131,47,42,49
1057,376,48,50,55
801,51,52,49,52
1117,52,231,230,247
231,100,33,34,40
225,187,188,185,205
1147,223,231,230,247
970,259,46,48,50
623,452,178,188,206
100,434,52,46,48
412,202,104,108,126
395,123,39,38,40
43,276,31,28,31
1178,455,236,233,246
197,157,33,31,35
1014,308,47,48,49
52,70,78,72,70
665,200,235,233,255
99,194,248,245,255
346,451,76,73,55
425,123,44,42,45
144,100,147,133,153
1157,475,232,230,248
347,125,34,31,33
507,333,41,43,44
956,99,45,47,49
114,380,44,42,47
764,457,48,48,49
991,76,66,60,58
1033,90,59,53,57
27,189,60,50,61
45,148,161,32,37
759,94,45,46,51
475,265,39,31,28
569,366,42,42,50
604,52,45,45,48
745,263,201,200,231
360,86,30,26,31
892,132,48,47,51
192,366,46,42,48
676,479,108,82,57
733,337,47,44,49
483,375,41,43,44
740,245,243,239,255
1038,319,45,51,53
368,380,43,43,42
1136,377,228,229,242
918,310,42,45,51
1071,239,51,53,56
910,417,45,45,50
1015,13,107,83,64
135,40,141,120,141
850,221,236,236,255
394,355,43,43,48
1067,441,52,49,52
581,370,41,42,46
944,192,46,47,50
631,415,46,44,48
853,357,49,48,53
631,351,40,43,46
647,140,46,46,49
181,399,44,45,46
320,325,42,43,45
5,488,51,50,54
830,236,64,58,63
897,494,171,154,81
376,370,43,44,45
599,433,44,42,47
639,135,47,45,49
961,357,45,48,50
1140,65,230,230,247
178,93,41,31,33
110,58,146,126,152
176,168,41,38,45
1146,196,235,231,247
103,148,195,182,203
353,499,64,57,52
1061,247,46,49,53
561,111,47,45,46
729,210,241,238,255
679,422,40,42,46
1101,390,240,240,255
902,43,89,85,83
501,263,222,221,242
820,189,47,48,50
1108,247,234,233,251
193,291,40,39,46
437,141,39,42,46
784,267,239,237,255
454,199,228,227,245
196,472,44,46,46
604,427,41,44,47
830,198,46,47,52
1033,445,48,49,51
1164,477,233,230,248
489,305,45,46,50
156,431,48,47,52
248,119,33,27,30
388,337,44,43,45
909,2,145,87,69
576,36,45,45,47
101,144,178,123,143
1077,109,54,55,60
802,254,244,239,255
1193,312,240,238,252
92,191,195,196,222
517,31,51,48,46
790,195,48,49,53
925,9,168,128,92
1127,387,228,227,245
1016,489,47,48,54
1057,109,46,51,52
588,315,43,46,50
252,327,44,41,45
737,477,143,137,148
1194,196,238,238,254
370,267,214,214,237
474,98,44,41,47
107,336,34,36,40
217,91,143,146,161
281,282,43,43,50
581,156,43,46,50
1157,326,236,231,249
504,357,42,42,45
422,408,43,44,45
292,120,31,28,27
1010,142,48,47,49
648,7,50,49,51
296,254,201,198,220
1101,271,239,235,255
166,329,40,39,43
812,25,52,53,52
545,431,41,43,46
732,81,46,45,50
690,325,45,46,48
191,390,40,45,47
248,49,206,210,228
447,206,227,226,248
1008,227,47,49,52
466,433,179,187,205
617,78,45,45,45
159,385,42,45,44
274,42,40,33,46
575,361,41,44,46
213,95,148,152,173
780,145,47,47,50
664,140,48,46,48
878,24,102,102,98
341,289,45,43,45
164,378,42,44,45
858,191,46,46,51
1047,445,49,48,53
366,452,96,95,90
957,60,56,53,57
757,186,48,46,51
555,32,43,43,45
50,112,149,20,31
734,187,175,171,188
768,270,53,52,53
629,297,44,42,50
690,129,45,46,48
240,24,198,186,208
955,431,68,68,100
255,293,43,43,46
1193,382,239,238,254
720,108,43,45,49
196,400,45,44,47
975,10,108,78,62
464,423,46,44,48
1048,188,47,48,56
646,20,44,48,49
676,102,44,45,48
918,308,47,45,52
1077,403,53,54,58
538,99,48,44,48
597,33,46,43,48
187,315,39,40,42
187,154,35,35,38
988,138,49,46,52
1138,44,234,230,246
1161,298,237,233,249
481,473,179,181,197
793,222,239,239,255
686,243,53,50,54
867,107,49,48,53
138,193,199,202,221
715,183,57,50,55
905,160,43,48,50
368,317,43,42,47
204,31,164,33,42
440,122,44,42,46
624,497,103,97,88
747,377,44,43,47
605,160,46,45,48
400,421,43,44,47
1148,129,236,232,248
275,53,45,49,53
455,433,175,180,195
304,486,86,90,97
732,141,41,47,47
130,465,49,47,50
1148,356,234,232,248
256,258,198,196,218
680,105,49,45,49
1126,85,231,226,242
1077,240,55,52,57
729,61,48,45,50
602,158,44,44,47
201,237,176,174,185
788,406,89,81,56
1114,145,234,233,250
1175,19,239,236,252
201,366,43,41,45
405,400,45,42,45
634,485,149,143,136
904,94,51,47,51
1187,476,241,235,254
260,209,181,181,199
350,488,58,56,51
75,492,48,49,48
1190,325,237,235,251
825,252,242,241,255
667,44,47,47,48
393,287,47,44,51
39,354,42,44,44
1028,83,85,73,62
463,260,235,234,255
844,156,48,48,49
492,487,114,101,58
494,54,46,39,45
686,237,238,235,255
105,263,51,42,64
1048,472,48,47,53
317,129,33,29,30
629,448,190,197,218
493,129,44,43,43
1129,242,230,226,242
0,19,221,222,246
474,3,57,46,39
653,66,45,45,48
1061,234,50,50,55
259,213,186,182,199
193,239,196,192,215
989,254,51,47,51
765,408,148,144,148
381,423,46,44,48
127,145,38,28,34
169,29,175,154,178
699,67,47,46,49
429,92,38,39,41
1128,251,232,227,244
603,262,49,45,50
143,182,208,208,233
77,96,151,24,34
577,248,235,232,255
840,274,45,49,50
578,299,42,43,48
189,88,31,29,32
1026,281,45,47,53
1156,89,235,234,251
679,237,237,235,254
822,269,46,50,53
715,263,53,51,55
147,107,35,29,28
266,175,188,183,205
1145,425,232,229,245
1108,181,237,234,254
919,340,45,45,48
363,492,89,73,56
202,359,43,43,45
417,192,219,215,236
854,237,67,53,73
555,384,42,42,48
1146,76,233,230,247
892,445,48,47,51
499,348,43,43,45
440,332,42,42,48
882,378,43,45,50
620,199,235,234,255
139,437,49,47,50
100,149,194,181,205
997,123,43,47,53
1053,395,46,48,54
69,271,39,32,33
1019,128,45,50,51
126,485,51,47,46
388,146,40,40,43
733,48,45,46,47
883,431,49,48,50
408,414,40,43,48
200,42,195,181,203
637,302,44,44,46
940,459,45,47,53
230,173,188,181,202
80,251,213,212,235
70,111,152,23,30
315,375,45,43,46
555,362,44,43,45
257,146,32,29,29
1037,444,48,50,53
659,115,41,45,49
568,129,45,45,45
56,198,126,127,128
846,8,96,93,87
242,13,182,173,198
817,486,152,149,154
427,55,35,34,37
952,344,44,45,49
308,463,124,116,93
349,197,197,197,219
1079,137,55,53,55
203,33,161,31,42
413,347,43,44,47
128,98,162,35,44
686,213,110,81,98
993,383,46,46,50
1017,272,45,48,53
228,344,43,43,46
93,13,111,101,113
1022,260,44,49,50
920,16,105,73,60
1028,148,46,49,53
460,464,180,185,201
450,186,54,52,57
179,329,42,40,45
760,324,47,47,52
105,110,173,99,111
223,156,37,26,33
13,8,225,222,240
206,79,216,215,233
1106,301,235,231,250
943,253,48,46,49
30,461,50,48,52
986,326,46,45,50
246,257,198,195,218
1018,308,46,47,52
434,184,52,50,56
342,68,31,26,29
54,296,33,30,26
966,482,44,48,53
1161,262,236,235,250
975,261,50,47,51
347,198,198,196,215
310,51,34,29,34
9,421,51,53,52
331,368,43,43,45
882,135,45,48,48
891,188,47,48,52
583,42,43,44,47
951,239,49,47,51
1001,323,46,45,50
795,302,43,46,47
440,414,19,17,18
357,327,40,44,45
173,68,139,130,149
607,139,45,45,47
768,442,46,46,51
1170,366,234,236,250
620,263,43,45,49
495,268,57,52,68
1127,160,229,230,245
940,410,47,47,50
886,160,46,46,50
282,434,71,66,52
1137,211,232,229,245
86,158,65,22,24
232,171,190,186,204
82,52,30,30,32
37,114,147,23,32
282,14,123,126,144
230,29,118,113,129
473,34,78,59,47
654,247,47,46,50
39,364,44,43,45
653,87,43,45,48
371,29,39,26,28
538,150,43,43,47
700,319,44,44,49
183,70,143,129,154
656,21,50,52,53
512,417,43,41,45
1171,100,238,235,254
367,415,45,45,46
994,18,128,95,71
800,97,51,45,50
634,287,43,44,47
137,86,148,135,153
1074,66,75,67,64
468,449,176,183,200
928,125,48,46,50
1046,149,52,50,52
118,57,161,142,165
716,444,48,47,47
80,54,160,159,171
578,323,44,44,48
591,136,46,44,47
327,52,34,23,31
864,278,50,48,53
103,405,45,47,48
895,108,47,48,52
304,346,39,42,48
295,175,188,184,203
865,196,45,47,52
261,142,26,25,28
563,87,45,44,45
1018,108,46,49,52
44,386,44,41,49
938,259,45,44,50
767,140,43,47,52
715,5,87,62,58
405,416,39,42,47
1067,155,51,52,56
336,400,45,43,48
871,275,50,45,52
160,301,42,34,42
353,380,42,41,45
26,426,50,49,54
364,378,40,44,43
420,224,224,224,243
599,94,49,44,46
1078,246,243,242,254
473,199,229,229,253
401,200,208,208,230
32,54,158,151,168
16,236,34,30,32
1103,201,242,238,255
1176,129,238,238,252
830,441,47,45,48
922,80,45,48,51
642,382,53,41,45
982,168,48,48,52
633,352,40,43,44
1059,97,50,50,54
343,28,40,34,29
1169,227,236,234,252
601,339,44,44,47
826,24,78,76,68
361,305,43,43,48
453,387,20,22,24
343,48,28,25,24
596,329,42,43,45
146,109,36,28,29
1018,213,48,49,52
549,419,43,39,44
439,190,221,218,242
630,316,39,44,48
224,450,49,46,48
774,354,48,47,48
425,345,44,42,46
168,175,198,194,218
340,468,139,135,145
588,276,49,45,49
368,183,200,199,218
125,272,215,213,236
598,77,45,42,48
1106,271,237,233,250
790,174,48,46,51
483,185,54,55,62
871,368,42,45,49
600,229,236,234,255
628,28,52,49,53
865,495,101,102,68
555,330,43,42,44
399,77,36,32,31
303,278,41,43,50
895,429,97,85,134
276,108,30,26,28
703,213,236,235,255
293,44,48,46,51
64,386,39,44,45
1145,183,234,231,249
1189,72,240,236,253
17,285,34,32,35
153,122,43,33,41
960,433,51,49,51
1054,256,48,49,54
167,146,37,40,46
944,246,44,45,50
894,449,48,44,52
1161,346,235,236,249
40,316,39,36,39
28,1,126,124,144
1183,107,238,238,251
1016,104,51,48,55
411,189,211,211,233
1039,452,48,49,52
750,110,44,45,49
287,324,42,44,45
164,305,40,38,39
531,115,43,44,48
175,470,54,53,54
900,284,47,48,51
831,203,48,48,51
959,81,47,49,53
1166,428,238,234,250
1057,281,54,52,59
370,496,59,56,51
633,387,41,43,46
831,189,47,48,49
1197,156,239,237,254
714,42,91,68,57
764,309,43,44,49
1097,64,242,238,255
673,171,48,47,51
790,51,49,48,53
944,141,46,47,52
780,495,157,153,169
519,298,43,45,47
558,176,53,53,56
946,231,46,46,50
261,51,144,153,165
646,321,41,44,46
521,259,223,223,246
382,42,34,27,27
377,493,81,73,54
385,192,203,203,225
10,438,55,52,55
865,239,85,77,129
976,487,44,48,50
300,488,49,52,57
22,451,54,51,55
599,274,48,46,49
499,370,40,42,45
535,475,155,153,172
794,377,48,45,49
1048,229,47,50,54
785,88,48,45,51
754,261,240,237,255
636,240,49,46,51
1132,452,227,228,243
1178,416,236,233,249
1065,438,46,49,53
669,495,108,81,58
741,66,43,44,48
633,64,43,44,50
1123,315,230,228,245
741,381,45,45,48
872,156,47,47,52
702,71,48,46,52
1108,241,234,233,250
747,471,116,116,85
726,100,44,46,47
1050,117,52,49,53
142,17,195,194,215
903,13,168,131,78
851,416,87,80,57
431,77,38,37,40
221,17,176,162,185
820,140,48,48,50
134,120,200,186,209
830,143,48,47,51
811,476,167,165,173
15,326,39,42,45
302,337,44,43,46
302,99,33,26,33
1149,470,233,229,246
669,488,104,80,59
5,48,65,65,69
475,392,42,42,46
240,67,210,214,231
1091,276,246,248,249
223,441,48,47,49
99,414,47,44,47
891,30,111,107,107
302,106,29,23,28
607,339,41,42,45
1199,141,242,238,255
737,284,50,46,52
1174,164,235,235,253
1041,161,48,50,54
842,270,49,48,50
396,456,172,173,196
1012,333,46,45,52
148,231,179,180,185
788,492,155,148,164
768,293,45,49,52
977,372,44,47,49
1056,139,46,50,55
245,351,44,44,46
540,62,43,45,46
78,132,168,103,110
1015,4,103,80,62
436,417,58,57,59
448,149,40,44,47
177,65,153,143,165
897,339,45,45,50
164,280,211,211,232
207,358,43,44,44
18,60,95,90,104
124,84,148,137,156
18,333,40,42,42
115,315,36,34,35
284,91,32,29,32
563,8,95,81,61
906,228,237,236,255
1055,460,50,49,51
900,341,48,46,51
613,101,42,45,49
109,121,162,31,39
1183,172,237,234,251
217,493,75,73,52
1104,312,240,235,252
1168,462,233,232,246
563,191,231,227,250
35,171,172,30,36
58,154,166,40,54
782,336,46,45,49
920,203,47,48,49
101,109,164,75,92
676,222,238,239,255
1013,12,109,83,65
1073,160,57,55,57
860,108,48,45,49
809,399,47,46,48
312,58,33,29,32
796,327,44,46,48
1008,19,117,90,72
1154,124,235,232,250
174,384,42,43,47
44,240,34,29,32
660,345,43,44,48
1099,230,239,238,255
1178,472,236,232,246
224,118,35,34,38
1001,476,48,48,51
447,4,40,30,31
1139,70,232,230,247
879,339,48,47,51
1068,86,74,68,61
160,180,202,199,221
137,347,38,38,39
1134,155,228,226,244
1091,165,234,237,238
699,395,79,78,105
403,223,214,214,236
723,178,48,47,50
587,375,40,43,44
116,38,195,195,214
979,341,45,46,49
24,469,46,44,52
679,175,52,48,52
511,282,46,44,47
1035,40,105,80,64
895,461,48,47,51
402,186,207,204,229
989,485,45,49,50
976,430,44,48,52
626,249,46,49,51
520,434,167,172,191
1165,391,236,234,250
841,403,45,48,52
731,257,241,239,255
295,262,204,203,224
395,115,39,38,39
658,494,99,72,55
743,371,45,46,49
754,204,239,236,255
821,17,77,73,65
132,243,207,203,222
766,240,241,240,255
168,373,44,42,48
793,115,45,47,50
444,245,58,58,62
80,307,31,34,37
577,499,178,173,176
993,118,49,49,51
319,435,68,66,53
231,463,81,79,55
466,453,173,178,194
451,106,42,42,42
421,198,221,220,240
538,294,44,45,50
4,22,223,223,244
139,28,143,124,144
663,264,45,45,48
839,395,48,47,49
697,325,45,47,48
1182,459,237,233,254
660,394,65,62,60
184,125,59,48,71
926,220,45,49,52
926,425,49,47,51
1025,345,50,48,52
870,147,46,47,50
89,32,118,108,116
202,160,32,28,29
1013,303,50,47,52
1118,301,230,228,247
1120,143,231,228,248
960,359,48,45,51
605,366,43,44,45
858,367,44,46,47
253,152,33,26,30
624,233,225,225,253
215,75,109,106,127
539,115,47,44,48
190,237,198,196,217
734,436,47,45,47
469,381,45,45,47
582,433,44,42,47
955,247,47,49,52
762,96,46,46,52
972,178,50,46,52
552,197,124,123,159
667,409,45,45,47
160,480,46,47,49
812,297,47,46,50
1156,453,235,232,246
564,58,47,43,48
402,127,40,37,43
755,77,46,47,49
586,27,49,48,51
706,255,49,48,52
701,68,44,46,47
897,263,242,240,255
829,62,48,47,52
1001,463,49,46,53
424,443,163,158,158
678,166,47,46,49
546,470,166,168,176
927,462,45,47,51
274,311,43,43,46
776,301,45,45,46
324,212,136,139,162
831,120,43,48,50
639,81,44,43,47
636,6,52,51,51
156,380,41,43,45
298,41,51,47,54
331,373,46,43,46
588,479,111,106,93
82,5,91,90,101
274,197,190,184,205
549,373,38,41,44
974,269,48,48,51
1102,457,236,234,252
465,259,230,227,252
870,83,48,48,52
86,118,156,30,35
262,135,32,26,28
612,225,176,169,181
440,20,48,38,39
590,475,111,105,93
584,303,46,45,46
888,3,88,83,72
119,378,38,43,42
1008,94,46,49,52
1077,49,69,65,64
379,439,199,192,217
84,176,211,201,223
460,369,48,51,51
156,395,43,43,44
167,170,193,192,208
877,155,47,46,51
62,88,192,186,195
1146,273,233,230,246
328,203,193,194,209
1179,223,238,235,251
207,335,45,42,47
1199,272,241,238,252
940,121,48,48,53
1192,71,236,235,252
890,170,50,47,50
934,469,47,47,52
806,42,50,51,53
1114,202,239,233,250
264,397,46,45,45
1078,420,243,245,255
1151,289,232,230,248
954,52,69,60,57
1133,228,232,229,243
355,274,45,44,48
368,331,42,45,45
620,253,233,236,255
636,85,44,47,49
1061,91,66,58,59
745,383,46,46,50
813,59,47,48,49
463,175,44,45,50
908,351,48,46,51
1185,495,237,235,250
190,329,43,41,43
1165,177,236,235,250
177,483,45,46,48
995,287,45,47,51
428,395,43,45,46
733,365,45,42,46
293,270,45,47,48
920,187,49,47,50
721,190,241,235,255
793,334,47,44,48
1077,469,241,242,255
600,83,46,45,48
424,61,40,35,38
155,3,33,36,37
827,51,56,57,55
70,131,157,26,35
412,499,198,202,220
696,381,45,44,47
161,233,49,41,47
1068,486,51,51,56
673,221,93,79,82
58,264,32,32,33
714,422,47,43,49
260,217,191,187,207
770,223,152,152,178
1127,265,230,225,242
701,306,43,47,47
462,269,229,232,254
150,453,50,47,51
1113,286,235,232,248
616,40,44,45,47
98,272,39,34,40
658,15,47,48,54
807,270,78,74,124
363,434,72,68,54
728,335,46,46,49
420,323,44,44,47
673,103,44,47,50
661,132,44,45,48
200,134,39,36,40
1162,149,238,236,252
730,25,46,50,51
810,274,45,49,51
245,206,101,97,98
813,131,47,48,51
452,139,43,43,45
744,43,52,49,52
899,240,239,237,255
797,45,48,50,51
588,341,42,43,44
507,24,90,67,50
290,228,191,188,211
390,405,40,44,44
548,114,47,44,45
379,182,87,84,101
892,41,114,109,110
436,430,83,83,86
217,139,35,27,30
782,400,45,45,47
1185,418,237,234,251
690,100,44,45,51
358,431,93,89,60
1160,81,239,235,249
241,154,30,28,29
1108,483,235,232,248
972,8,110,77,63
159,296,39,34,39
782,123,46,46,50
451,229,233,229,251
479,239,24,25,27
18,57,77,75,73
331,197,190,188,210
400,140,38,41,42
192,61,165,51,76
702,223,75,48,96
556,139,46,45,47
736,153,47,47,52
1038,329,46,47,51
441,439,20,20,21
350,84,30,26,25
1104,141,240,237,255
1160,166,236,234,249
967,218,50,48,49
932,435,131,152,162
766,26,48,48,54
108,240,208,205,229
1093,447,235,234,255
733,63,43,47,48
880,410,45,47,50
722,121,43,44,49
537,92,45,42,48
129,121,194,184,201
553,395,40,41,46
99,25,117,111,120
448,388,21,21,25
210,250,195,195,215
731,351,45,43,46
903,426,72,69,58
546,142,48,44,47
435,184,53,50,56
679,228,236,235,255
70,224,216,219,240
628,158,47,45,49
302,130,36,27,32
281,148,34,29,35
514,404,40,43,45
419,451,146,133,127
32,456,52,49,54
578,363,44,43,47
388,30,39,32,29
706,199,241,237,255
1178,177,239,236,254
171,167,45,42,46
15,93,123,95,79
596,474,144,135,123
219,380,43,43,47
975,398,49,46,52
1199,399,238,237,253
1006,470,46,47,50
776,159,46,45,51
523,9,29,24,29
261,236,70,76,90
695,221,239,239,255
1043,200,49,50,52
519,84,45,45,44
746,213,239,238,255
1130,318,228,225,243
115,44,186,175,197
1088,270,72,71,83
1166,32,235,236,251
459,261,236,237,255
596,444,184,190,208
10,222,34,28,29
901,50,109,104,100
555,274,43,49,49
321,433,66,65,53
497,43,49,45,47
492,236,62,59,64
1077,74,65,61,62
644,146,44,45,44
437,307,45,46,46
510,320,40,44,45
908,331,45,47,52
967,489,49,48,51
993,121,47,47,52
735,451,49,47,48
1068,73,74,65,62
584,224,235,235,255
100,430,61,48,53
631,226,129,139,186
151,255,210,208,230
227,233,51,45,54
343,474,74,71,68
876,384,42,46,49
192,132,35,38,41
393,313,41,45,47
168,231,151,150,148
293,384,43,44,44
353,107,31,31,33
357,111,31,31,32
68,450,48,48,51
713,148,48,45,49
94,301,37,31,31
15,410,46,45,44
955,86,50,48,50
1012,477,47,48,51
586,77,45,45,47
491,487,111,99,56
1032,86,72,65,61
140,77,163,150,172
82,331,34,35,36
948,348,50,48,51
484,341,40,45,46
443,378,52,51,51
1015,317,46,49,52
964,93,48,46,53
1042,272,73,68,124
38,193,104,100,106
932,254,42,46,51
746,151,45,48,51
1177,239,237,234,253
498,209,117,119,146
451,364,73,72,79
996,46,112,84,66
271,57,51,51,57
90,24,109,102,112
1195,388,237,235,251
423,483,109,85,72
540,225,227,225,248
532,481,145,142,149
1131,58,230,228,244
1018,258,47,47,51
894,215,50,47,52
399,483,93,91,92
1044,397,49,48,50
168,252,204,202,224
1051,34,74,63,61
263,356,44,41,47
23,139,160,25,34
812,80,47,46,49
1114,496,230,227,244
212,332,41,44,44
547,437,145,147,163
285,137,29,28,27
100,98,156,29,38
589,159,47,44,46
394,118,34,39,43
535,244,62,55,78
630,5,52,50,50
1120,131,230,229,246
184,304,41,40,46
1060,120,49,51,55
307,132,34,27,32
288,422,46,43,49
324,269,49,44,55
601,428,48,46,50
552,241,226,228,252
569,413,40,44,46
666,180,232,234,254
409,380,40,43,46
431,339,42,42,46
64,495,48,50,49
840,100,48,48,49
414,298,45,44,50
337,116,27,29,30
876,369,46,46,47
635,149,44,47,48
1088,69,201,200,208
239,96,41,41,45
169,210,184,184,199
139,393,44,44,45
261,175,192,186,207
536,493,169,164,153
979,415,47,47,48
1005,178,48,48,54
1182,416,232,235,252
114,294,34,35,38
1003,470,48,46,52
348,45,31,24,28
653,145,45,47,49
1119,422,231,229,248
1164,9,238,235,251
913,379,47,44,48
554,224,124,110,121
153,332,37,38,40
576,174,45,46,53
297,422,44,43,46
601,300,44,45,49
393,389,42,42,45
259,354,42,43,46
160,60,129,116,133
1133,237,231,225,242
33,434,47,47,52
1087,18,61,59,59
272,154,39,27,33
877,194,45,47,50
854,377,46,44,49
678,440,45,43,47
659,266,47,46,51
481,176,47,45,49
558,339,42,42,45
532,237,58,50,58
347,356,41,44,45
277,173,186,183,203
559,321,44,44,45
553,78,46,44,48
408,184,111,110,117
122,139,31,29,27
607,388,43,42,47
6,60,27,23,24
851,449,45,48,50
390,408,45,45,46
1160,495,235,233,247
912,464,46,47,53
1014,336,47,47,51
722,458,129,121,117
349,167,35,40,43
1192,75,239,238,254
290,238,190,187,208
1018,349,48,45,49
935,470,47,48,51
376,480,83,77,68
459,341,15,21,22
1145,245,230,231,245
147,48,132,116,136
676,103,44,47,48
20,287,36,32,36
478,356,48,43,48
551,337,40,44,45
490,16,71,55,48
25,66,115,104,119
61,45,116,106,118
410,96,42,35,42
485,219,194,193,201
402,154,44,41,45
29,91,37,33,31
843,47,105,86,61
66,209,82,74,76
900,109,45,47,52
889,242,240,238,255
518,316,41,43,42
879,247,65,58,61
878,417,50,46,52
34,363,43,42,44
1052,311,47,50,55
998,326,49,44,50
918,172,44,48,53
950,328,47,46,50
608,127,43,44,46
779,286,45,46,48
326,255,207,204,227
430,279,45,47,50
184,471,79,77,77
539,434,104,99,75
524,457,131,127,131
555,269,98,101,127
917,357,45,46,50
886,448,48,47,52
276,278,45,42,46
254,30,208,196,217
743,356,48,45,49
173,148,36,36,41
1191,346,237,237,254
250,47,203,207,226
499,189,207,204,220
883,255,242,240,255
1127,235,228,226,243
1027,458,47,47,54
1103,350,240,239,255
406,422,44,43,46
1024,190,51,47,54
97,134,159,29,33
767,470,163,162,174
686,99,46,45,50
126,14,185,184,200
861,398,43,45,49
826,375,47,46,49
1162,457,235,231,251
930,336,42,46,50
612,385,41,43,45
510,284,46,46,49
851,483,177,161,110
682,416,45,44,48
1118,193,232,232,249
188,484,46,48,48
461,225,232,228,252
616,72,45,45,47
1049,90,67,60,59
777,482,155,151,165
137,266,216,210,233
218,102,44,43,48
246,454,70,70,53
908,406,48,46,52
668,381,42,46,49
36,442,50,49,57
44,451,50,49,49
276,16,130,131,146
546,390,40,41,44
219,349,42,44,47
745,468,101,101,79
270,391,42,43,46
1017,483,48,51,53
326,82,33,24,29
11,72,106,96,106
196,156,35,30,33
408,259,225,226,248
354,487,58,54,52
22,266,36,30,31
26,165,171,34,37
278,441,76,74,55
1150,78,233,234,249
1168,246,237,235,250
1067,91,81,70,64
243,344,44,43,46
1138,277,229,228,244
1194,211,238,238,252
479,465,175,180,198
157,294,40,37,38
1114,252,230,228,245
354,0,47,39,39
215,203,141,139,149
732,176,48,47,52
431,37,36,32,36
421,116,44,40,41
1176,206,240,236,253
450,276,225,224,254
1114,25,236,234,249
403,417,40,42,46
705,249,49,47,53
891,178,47,48,49
540,208,172,167,165
65,200,115,114,116
730,99,48,45,49
359,115,36,32,33
101,99,157,30,37
1015,68,99,89,78
300,92,31,27,29
489,495,113,102,59
1174,346,239,236,255
1113,310,232,229,246
506,398,47,42,43
561,235,233,230,254
297,2,154,154,178
458,45,36,40,40
711,379,43,44,45
599,282,47,47,50
1135,258,229,228,244
722,192,242,238,255
503,206,188,186,190
1110,30,238,237,252
62,256,34,29,30
1045,76,68,66,60
83,147,161,30,35
1185,224,239,237,252
951,36,106,78,64
238,269,204,201,225
958,352,44,47,50
909,18,100,74,67
652,131,42,45,49
651,376,46,44,52
1126,355,229,227,244
210,449,46,45,52
123,388,39,43,44
840,107,42,48,48
480,66,44,41,45
943,162,48,46,51
702,183,214,212,231
1091,387,250,250,255
111,207,218,218,246
865,443,47,46,50
315,133,33,29,33
958,157,45,48,52
295,312,43,44,47
716,227,56,58,62
781,38,49,48,54
157,5,31,34,35
463,7,104,83,66
908,125,46,46,52
220,195,184,181,200
615,231,237,235,255
437,96,39,41,44
5,228,33,27,30
95,421,61,55,55
156,237,203,204,221
512,174,50,48,52
873,294,47,46,51
813,237,236,235,255
1134,186,230,230,245
413,111,41,39,42
12,454,52,49,50
207,37,163,36,44
465,239,231,230,254
1071,0,106,81,66
183,472,51,53,53
921,452,46,49,55
1164,183,238,235,251
401,388,42,43,44
720,336,48,45,52
1077,307,49,51,55
25,131,157,25,32
600,441,167,166,168
108,364,40,38,39
348,480,65,57,54
109,149,199,188,210
677,434,45,41,49
159,345,39,38,42
129,425,47,50,52
1120,128,231,228,244
556,214,230,228,248
314,359,42,43,44
29,407,44,47,47
317,74,31,27,29
248,246,193,192,215
538,399,40,41,42
155,424,48,50,51
898,136,48,46,51
693,403,44,42,48
446,190,224,222,244
184,251,201,198,218
848,269,48,51,52
74,294,36,34,33
848,15,92,90,84
460,85,43,39,44
1148,209,233,231,247
159,378,43,44,45
870,8,94,89,87
391,241,185,182,195
172,285,45,41,45
923,484,49,49,51
1110,308,231,230,250
1094,274,240,235,255
618,119,46,44,48
205,251,199,194,216
991,28,121,94,72
1010,336,44,48,51
539,478,166,166,181
991,126,47,49,52
465,20,103,77,57
555,403,40,42,42
437,203,57,59,68
740,343,41,44,48
37,300,34,33,34
286,129,31,27,27
1067,251,49,51,53
119,411,44,42,48
964,83,50,48,52
757,54,48,46,51
1181,441,237,234,251
978,13,113,81,65
628,306,43,44,47
7,99,136,21,29
349,80,29,24,29
586,387,45,45,45
1023,475,49,49,50
1066,106,50,50,53
1180,241,236,235,252
796,328,45,46,52
884,87,44,47,49
1039,157,48,49,52
699,237,236,236,255
174,307,37,37,44
337,25,38,32,34
205,180,190,187,207
125,32,32,33,35
879,209,46,48,53
762,13,47,50,53
105,332,40,37,39
964,246,45,47,50
1166,403,239,235,253
766,144,47,47,50
544,455,131,130,133
1180,227,241,234,253
315,418,42,41,44
498,167,42,38,41
716,264,50,46,53
797,98,47,46,52
733,266,46,48,50
839,35,80,77,69
153,224,198,195,218
465,236,230,231,253
1007,55,96,74,61
30,146,162,25,33
717,162,46,47,48
110,31,185,187,206
41,385,49,47,47
363,413,42,44,45
1007,451,47,50,54
861,67,49,49,54
856,410,43,46,51
563,476,122,110,99
858,428,48,47,48
56,340,36,40,40
578,458,120,115,106
1014,168,50,48,52
506,119,30,31,33
68,300,38,35,38
266,23,168,164,183
602,342,42,44,49
841,305,48,48,49
507,440,160,163,181
36,75,118,109,117
1152,145,233,232,252
393,247,210,210,235
799,369,46,44,48
496,258,221,217,240
989,217,47,47,50
555,110,45,44,47
38,243,39,30,30
711,77,46,46,48
883,380,44,46,48
1170,31,239,235,253
383,251,216,213,238
862,221,241,238,255
332,380,43,44,46
823,368,49,45,49
833,342,43,46,48
36,0,227,228,247
421,480,155,133,131
938,409,45,45,50
331,163,38,35,38
467,81,44,42,43
487,113,43,42,45
1005,203,45,47,50
999,64,67,61,57
1017,312,45,46,54
907,289,48,47,51
1188,5,238,235,252
234,38,37,27,31
446,251,228,227,247
887,288,41,47,49
522,325,42,42,42
1080,127,241,240,254
561,166,45,46,48
236,204,43,39,46
647,287,48,43,49
1088,218,251,255,255
1081,319,248,247,255
1169,31,241,235,253
281,300,44,43,43
693,380,47,45,48
312,209,191,191,211
709,69,44,47,50
398,35,40,32,35
980,383,47,45,52
66,377,40,42,48
121,92,179,159,183
913,62,81,80,73
68,126,153,31,35
629,398,44,43,44
817,436,47,44,51
505,436,169,175,191
843,378,46,44,50
501,187,209,208,227
134,469,47,46,50
765,323,40,44,48
881,306,47,45,48
360,100,32,29,32
862,188,47,47,50
40,212,65,62,61
101,37,187,187,208
538,238,100,97,90
566,387,39,39,44
218,235,48,40,44
379,140,42,37,43
1157,193,237,235,251
802,0,55,51,56
871,413,45,48,51
520,463,150,145,160
529,405,44,43,44
558,422,42,41,44
567,336,44,43,48
707,402,44,46,46
334,246,204,204,226
419,127,41,42,44
511,106,40,38,42
1117,360,231,230,247
1066,101,48,51,54
418,351,42,43,46
496,413,37,42,43
1176,322,239,237,253
781,21,50,53,53
485,40,78,62,46
265,372,41,43,43
1032,2,105,78,62
758,123,48,47,53
420,407,45,42,48
373,124,37,34,40
454,103,42,42,44
220,96,42,41,45
245,195,190,186,206
366,302,42,42,44
172,115,124,129,145
181,220,188,189,210
1049,192,47,51,53
197,223,190,187,208
1116,337,235,234,248
1037,19,111,86,67
909,319,47,47,51
1120,436,230,230,245
976,138,49,49,53
958,391,49,47,51
133,396,43,44,44
1155,147,236,233,250
576,437,61,54,49
1067,392,53,54,58
1127,397,231,229,244
62,99,150,22,35
1030,173,45,48,53
171,483,47,46,48
1056,251,48,49,54
498,273,47,47,49
804,49,51,51,53
1121,170,229,230,244
552,78,45,44,46
12,386,45,46,48
210,270,204,204,225
758,443,46,46,48
158,332,35,40,39
294,202,186,182,200
995,379,48,49,50
982,117,54,53,60
745,350,44,48,46
1190,5,235,234,250
815,307,44,46,50
670,242,46,46,51
1003,224,47,48,54
168,56,141,127,147
244,186,188,185,203
604,80,41,44,46
1,149,169,29,40
705,2,50,49,53
725,440,46,46,50
502,378,41,44,45
49,98,66,50,71
188,485,46,46,51
91,411,45,44,49
8,73,107,98,106
705,345,43,47,49
527,188,224,221,243
178,445,84,82,77
430,475,32,30,38
958,33,89,70,59
669,295,43,47,49
305,469,123,115,89
1064,164,51,50,54
874,217,53,52,58
876,107,47,45,50
595,271,48,48,49
538,235,217,223,239
1063,169,48,50,54
862,93,47,48,51
380,94,32,31,30
1078,383,238,244,255
130,357,41,39,42
501,394,42,40,45
744,348,43,46,47
275,151,29,28,30
550,401,42,43,43
286,45,48,44,54
890,455,45,46,51
610,93,45,46,48
399,351,42,42,46
117,46,157,139,163
220,419,42,43,47
1112,460,229,228,247
613,152,44,45,49
888,192,45,48,48
798,362,43,44,46
170,452,53,50,51
314,488,74,76,89
292,151,35,28,32
483,333,44,44,43
537,257,228,226,251
1112,82,232,232,244
258,220,191,185,205
449,470,180,179,193
1134,46,232,229,243
283,262,205,203,224
286,150,30,29,34
196,219,192,188,207
841,200,52,47,52
648,193,240,236,255
633,225,72,58,78
793,352,48,46,48
1132,216,232,229,242
311,121,31,28,31
963,85,47,46,54
185,356,44,43,47
264,92,36,28,33
846,497,165,155,104
1141,479,230,227,244
1123,52,231,227,243
911,370,48,45,50
867,181,45,49,51
712,214,169,170,197
924,473,46,47,50
45,121,150,23,33
1035,51,128,111,89
603,89,45,45,47
833,473,59,52,51
252,76,47,48,53
1023,414,49,49,52
1077,308,55,53,56
895,473,50,50,52
288,238,191,191,210
984,192,46,48,50
449,391,17,20,18
480,2,53,45,44
1114,326,231,228,246
81,441,46,46,50
1117,146,232,228,246
53,273,36,28,29
123,404,41,46,48
407,212,211,210,233
302,274,43,44,47
1015,115,46,48,52
624,137,44,45,46
1010,374,47,48,53
513,83,31,30,31
29,417,68,65,60
378,385,45,42,46
287,413,45,44,44
98,498,49,47,51
781,275,237,237,255
1195,335,240,237,253
500,304,40,43,47
214,81,115,117,131
321,186,190,190,210
964,290,44,46,51
544,165,47,45,46
1116,245,230,231,246
802,457,47,48,54
136,324,37,37,40
447,478,159,155,158
460,338,16,21,24
1021,90,53,48,55
435,230,226,228,249
288,99,33,24,28
566,372,42,44,44
440,441,22,23,22
894,489,176,160,89
406,470,63,59,55
880,447,44,48,51
888,418,46,48,51
24,137,155,26,34
660,191,237,234,255
82,451,45,45,50
462,424,47,47,50
106,475,50,50,52
176,116,113,112,130
1136,293,228,225,240
1057,58,88,74,65
517,380,43,43,44
297,272,44,45,46
1028,161,46,49,52
539,158,45,45,48
156,70,145,133,152
187,166,40,32,35
101,125,160,28,36
1060,176,49,49,57
462,137,41,44,43
639,473,163,161,172
167,260,209,205,227
1003,394,48,47,51
1170,15,237,236,253
948,8,128,84,65
703,165,42,46,48
789,477,166,163,179
435,326,44,42,45
331,293,43,45,47
10,305,38,38,38
799,251,243,240,255
576,18,93,80,58
675,328,43,44,45
704,411,40,45,46
203,104,138,149,164
576,419,42,42,43
876,397,45,46,50
175,402,45,43,46
993,25,122,92,68
5,183,78,83,73
872,497,108,102,62
80,365,40,41,44
678,334,44,43,48
193,39,191,174,199
672,295,45,46,51
420,269,225,222,248
380,419,44,43,47
860,18,93,92,88
639,255,46,46,47
1057,349,49,50,53
912,472,47,50,51
453,272,237,235,255
644,58,45,46,48
164,248,204,200,225
1007,415,48,48,53
231,302,39,45,46
644,479,153,152,161
487,315,45,43,47
607,460,166,165,178
952,57,57,57,54
370,120,34,34,36
465,86,39,41,45
394,440,201,206,228
106,204,228,227,255
1196,213,237,237,255
1153,355,233,233,248
188,331,44,40,42
517,216,225,219,243
241,337,45,44,46
438,39,38,36,37
115,435,78,62,58
680,263,43,45,47
278,345,41,42,45
154,206,188,187,205
26,61,114,104,115
834,480,176,166,158
892,288,47,47,48
111,324,35,34,34
369,53,27,22,24
1162,466,233,232,250
979,98,48,49,51
1122,140,230,229,245
1002,153,50,50,53
755,495,165,158,163
207,65,31,29,30
961,77,69,62,59
235,144,32,24,27
66,450,48,47,50
850,36,85,85,77
502,347,43,42,45
1026,37,100,74,62
768,99,44,44,49
701,328,46,46,50
186,370,42,43,45
111,480,48,46,52
354,284,43,45,47
181,436,48,48,50
191,229,184,179,201
767,102,46,45,52
203,18,188,170,190
715,398,132,147,168
1182,95,240,235,254
870,448,48,49,54
1066,483,51,51,56
63,370,44,43,45
428,481,54,53,62
1192,490,235,237,249
893,136,46,48,50
97,69,143,126,148
128,351,37,39,37
212,374,42,42,47
910,477,48,49,49
1060,130,48,49,52
665,493,106,79,58
772,221,237,239,255
1165,201,235,233,250
338,328,46,43,46
1185,365,237,235,251
1192,56,239,238,251
144,90,143,127,148
369,468,62,56,52
1017,114,48,49,52
72,62,188,186,206
483,418,42,40,47
770,108,44,46,48
251,5,181,170,194
821,415,140,133,177
862,298,47,47,52
677,151,46,46,51
818,397,46,47,48
410,308,44,44,47
242,408,44,43,49
116,361,42,41,43
1066,293,70,69,77
1123,451,228,224,242
176,96,96,78,97
265,14,34,27,34
581,454,152,153,159
815,210,101,98,111
306,228,197,196,216
1064,80,98,91,87
142,376,45,42,43
8,38,223,220,245
901,364,45,44,48
772,290,46,45,50
935,496,170,154,81
830,48,66,61,58
682,112,45,45,50
1179,147,241,237,252
49,48,120,112,124
976,283,45,46,52
882,200,46,47,48
1157,200,235,236,251
778,155,48,46,49
749,35,50,47,53
1041,480,49,47,51
985,185,47,48,53
347,414,43,42,47
648,454,183,193,221
901,213,48,46,52
1186,25,239,236,253
1043,300,57,52,64
283,9,172,182,194
63,145,190,162,178
364,323,42,43,45
1169,301,235,233,248
889,428,74,62,54
1106,198,236,236,253
32,466,49,51,51
726,260,214,217,240
740,247,242,240,255
105,59,141,120,144
109,66,143,127,149
221,134,31,27,30
147,118,38,33,36
993,323,47,46,48
899,99,49,49,52
513,9,80,64,50
561,488,135,129,117
1137,402,230,230,246
197,340,42,43,45
291,470,93,85,60
672,191,241,239,255
923,413,48,45,50
39,69,112,104,114
1131,224,230,228,244
686,56,44,46,50
154,296,36,37,40
1094,252,247,242,255
948,308,44,46,48
510,151,38,45,50
54,344,41,37,39
845,258,238,239,255
260,189,186,183,200
304,421,43,42,48
908,96,44,47,52
1117,416,235,228,248
386,388,43,45,49
648,380,46,43,49
483,155,46,44,47
1020,166,50,49,52
245,469,90,83,58
768,207,241,238,255
889,143,46,48,50
57,310,39,32,35
278,132,31,27,30
234,208,41,41,43
607,97,41,46,49
270,451,67,62,56
1100,271,238,235,255
682,39,44,46,50
26,100,30,30,27
773,383,43,46,48
663,226,234,235,254
254,467,102,91,59
826,216,239,236,255
55,66,98,90,89
232,54,204,199,222
351,402,41,43,46
1099,406,243,242,255
489,458,167,169,189
88,217,211,213,243
831,28,77,74,66
1152,275,233,233,249
122,47,165,144,168
650,142,43,45,48
243,84,50,48,56
223,190,188,184,203
846,47,108,90,61
441,151,41,43,46
447,417,15,11,18
339,464,102,94,79
327,229,58,58,65
147,306,36,35,36
1197,9,240,235,253
766,76,44,48,52
134,439,48,48,51
87,310,38,36,38
804,314,45,48,47
959,202,48,47,50
1051,232,48,48,53
915,5,113,76,62
764,256,240,238,255
348,418,43,43,46
224,169,190,182,203
316,112,35,27,31
52,51,111,102,112
716,368,46,46,50
974,366,45,46,50
342,437,91,87,55
1100,442,230,230,249
114,391,41,42,46
978,202,48,47,52
798,346,46,46,50
904,152,45,49,50
804,256,247,240,255
932,479,49,47,52
1162,378,234,231,246
785,148,47,48,49
673,450,59,50,46
36,23,66,64,68
390,327,40,45,46
119,171,248,243,255
713,215,91,76,95
52,152,194,155,167
703,202,238,237,255
996,283,47,49,51
1175,146,238,236,252
561,98,46,42,49
585,96,47,44,50
1137,256,230,228,245
624,390,47,44,46
697,321,45,45,50
765,136,44,47,51
166,192,195,190,211
453,31,55,47,42
174,478,46,44,48
1047,126,51,47,54
943,368,46,44,48
589,376,47,43,48
388,11,37,29,27
117,251,216,212,234
74,396,40,42,45
657,82,46,47,47
345,470,67,61,56
892,33,115,110,106
45,388,45,42,48
149,270,209,209,230
529,10,70,46,36
897,321,43,46,50
312,433,60,60,52
124,186,220,221,247
980,242,47,47,53
883,151,45,47,49
412,139,42,42,46
757,20,48,49,53
511,131,49,47,52
540,76,43,44,47
678,442,42,42,46
782,56,46,47,52
1197,56,242,237,253
792,460,46,46,55
742,424,43,45,49
504,188,211,211,231
615,353,40,44,46
891,211,49,47,52
673,258,44,45,49
910,282,44,47,48
653,350,41,43,47
379,265,217,215,238
528,402,41,44,46
154,126,213,216,234
215,220,189,186,208
1074,457,241,240,254
1157,376,236,234,247
800,272,99,98,118
556,91,43,45,49
100,211,220,221,247
460,498,115,105,65
629,491,144,141,140
171,245,203,200,223
418,448,143,135,143
839,73,49,48,51
648,156,47,45,49
1054,407,50,50,53
1016,136,52,50,50
346,163,40,38,40
554,19,47,47,49
726,293,46,49,53
134,311,37,33,37
861,317,46,46,51
433,164,44,45,48
714,243,238,238,255
670,329,41,44,45
893,475,48,49,50
574,497,173,173,165
891,322,49,44,49
101,233,199,198,220
508,98,35,35,37
649,477,73,62,57
33,137,157,26,38
493,317,47,46,44
333,8,109,104,116
866,362,43,48,49
1040,78,74,67,60
1042,431,47,47,52
296,422,46,44,49
996,259,46,47,52
501,415,44,43,45
237,186,188,184,204
522,72,45,43,47
1052,462,48,51,53
830,499,160,155,156
858,30,100,93,90
1184,395,238,236,251
327,455,69,65,54
1045,121,50,48,52
762,280,47,46,49
637,452,189,197,217
259,188,189,182,202
217,194,122,114,133
854,14,94,93,84
1076,75,67,65,63
137,484,52,50,52
828,48,64,61,59
276,274,38,43,45
1030,183,44,48,51
69,349,40,41,42
656,234,233,232,255
801,355,47,47,51
868,287,44,46,51
1158,258,239,233,254
493,315,44,44,50
813,387,48,44,51
628,467,155,145,156
1072,494,243,242,255
121,151,206,196,216
187,374,40,43,47
773,432,46,46,49
1174,266,241,237,253
264,243,91,86,107
287,225,192,191,212
1183,285,243,235,251
344,302,46,43,46
601,164,44,44,49
355,451,64,59,50
600,210,161,149,143
645,439,44,45,48
632,355,45,45,47
1037,185,49,49,53
208,368,42,43,45
6,311,41,38,42
795,242,242,238,255
23,144,162,28,36
235,77,73,69,86
1071,418,174,167,120
86,444,46,45,49
522,269,52,53,53
207,432,47,48,51
108,386,47,41,47
197,449,59,53,54
302,380,43,44,46
112,29,39,32,42
509,0,117,100,96
299,177,189,186,204
511,21,89,66,51
213,258,202,200,219
844,464,45,47,50
355,490,64,61,51
1063,437,52,52,55
340,422,42,42,46
90,139,161,32,36
594,408,44,45,46
144,407,47,44,50
591,285,45,44,49
958,280,47,45,49
420,162,43,43,49
621,359,43,46,46
277,486,82,75,53
359,251,207,209,234
1089,33,253,252,255
323,79,34,24,29
1075,327,141,148,176
1032,269,49,50,53
943,339,43,47,48
970,425,47,46,50
774,215,241,239,255
82,447,49,46,49
1012,214,48,46,54
489,168,73,69,75
783,303,48,46,51
1169,414,236,234,247
152,239,97,84,116
623,125,45,45,48
184,390,44,43,46
440,347,40,44,46
323,108,32,27,29
581,28,49,46,50
710,0,192,91,144
577,433,40,42,45
639,290,42,43,52
780,349,45,46,50
422,278,46,50,50
955,149,46,45,48
464,186,49,52,57
183,109,118,118,136
802,152,44,47,49
1081,481,54,51,62
232,420,45,41,48
770,300,47,45,50
315,248,200,199,222
641,418,43,46,45
806,112,46,46,49
150,138,124,128,146
814,85,46,48,50
317,419,44,42,43
677,315,43,45,46
1169,456,231,232,250
697,106,45,45,49
661,116,40,46,47
951,113,46,46,51
115,111,164,32,41
787,167,46,46,51
306,311,41,43,46
492,400,39,42,44
83,131,180,144,159
789,208,243,240,255
1122,24,234,228,246
645,417,39,43,43
492,99,46,41,48
145,132,203,191,212
995,394,49,46,51
185,12,161,71,93
685,5,48,48,48
912,136,44,47,50
1196,172,241,238,254
190,286,45,41,46
272,471,97,90,65
4,436,56,54,55
136,452,48,48,48
877,83,47,47,52
558,398,43,43,46
1099,393,245,244,255
986,264,44,47,50
892,82,48,49,52
592,136,51,47,52
1087,49,55,60,60
125,334,38,36,40
1143,85,232,230,245
726,307,43,44,48
106,154,195,186,206
228,473,53,53,48
240,198,152,148,173
43,77,124,108,126
1037,178,52,49,55
701,106,48,44,51
502,55,43,43,46
490,24,75,57,49
995,190,47,48,53
357,227,208,207,230
548,291,45,46,50
1176,17,238,238,252
1140,152,229,228,244
182,235,53,49,51
608,103,46,46,48
812,498,165,157,155
887,367,44,46,48
676,414,43,43,45
432,426,47,47,50
584,313,43,43,45
510,363,42,41,45
137,410,44,43,45
640,172,51,53,54
169,138,101,101,119
576,268,232,230,254
584,71,44,45,49
1182,427,238,234,250
1126,149,232,229,246
227,142,36,29,32
199,356,41,43,45
751,178,51,45,52
657,433,43,43,48
87,87,153,24,33
314,364,46,43,48
69,130,156,31,35
630,241,47,47,52
1097,21,234,231,232
604,472,158,151,147
432,289,46,47,49
1180,234,236,237,252
494,274,48,47,50
547,496,120,110,84
971,192,45,47,51
871,474,48,50,52
312,233,181,178,199
883,212,49,49,53
803,147,46,46,49
685,50,48,46,49
1020,368,48,48,51
353,246,205,207,224
387,371,41,44,45
621,430,43,44,45
128,142,32,27,29
269,97,33,31,31
897,306,47,44,48
1109,36,239,236,255
1002,141,50,49,53
926,124,48,47,50
201,493,50,46,50
535,143,43,43,45
1073,361,224,233,224
1144,10,232,233,246
429,318,43,44,46
1103,397,237,236,255
1036,362,47,47,53
652,282,41,44,46
516,423,41,43,43
322,84,31,24,28
150,113,37,27,29
160,83,161,150,171
1138,314,230,227,242
1081,391,248,249,255
76,353,39,38,42
1146,304,232,230,247
973,245,45,47,49
616,310,47,44,45
727,427,43,48,48
1125,441,229,226,244
950,196,52,46,52
241,401,42,43,47
221,406,43,46,45
346,416,46,43,47
696,96,48,43,50
663,429,43,43,47
793,95,44,47,51
414,187,214,211,233
572,405,46,43,45
327,82,27,27,27
686,280,46,43,50
152,332,39,39,42
936,281,46,47,52
5,356,45,43,48
1120,241,230,227,244
1065,306,238,238,255
15,269,31,29,31
439,48,38,37,39
953,24,97,74,58
1128,325,229,228,244
165,181,196,192,212
22,205,25,24,25
1098,242,239,238,254
1054,250,48,49,55
171,186,192,189,210
631,118,41,45,47
1070,287,54,56,62
87,106,155,27,32
340,438,82,80,56
622,146,48,47,50
542,260,228,226,254
158,161,41,43,47
1074,189,75,65,61
484,164,44,46,49
974,428,43,44,51
446,128,40,41,43
481,191,132,126,136
715,427,43,44,46
899,113,47,47,51
292,104,28,27,25
423,481,132,90,78
518,256,224,221,246
608,242,236,236,255
18,445,53,48,53
181,327,42,40,41
841,302,47,46,50
159,295,37,36,40
1199,286,236,236,254
98,393,43,43,47
842,322,46,47,50
62,353,40,39,44
118,348,40,37,45
710,344,44,43,49
181,44,176,161,184
233,387,40,47,46
721,45,46,49,48
39,253,33,28,28
538,69,41,44,46
193,206,155,151,164
38,430,49,49,54
634,486,160,156,155
550,470,161,163,173
577,361,41,44,45
689,227,238,239,255
909,444,115,119,114
1123,174,229,227,245
133,194,83,73,90
488,395,44,42,47
1035,205,47,48,52
1057,325,57,50,53
105,207,226,223,252
1127,5,231,227,244
422,222,227,224,245
956,276,46,46,50
491,497,103,96,59
619,256,50,48,54
496,85,45,44,46
269,274,47,43,45
758,377,45,45,47
1076,452,54,53,60
584,150,42,45,47
532,7,69,51,39
901,16,110,101,99
1088,238,68,72,73
803,205,49,51,54
168,151,39,40,44
487,166,54,53,56
990,468,52,46,52
1133,39,227,227,241
862,397,49,46,51
1111,124,232,231,250
277,280,41,43,44
421,408,45,44,48
898,353,50,45,49
1133,400,230,227,245
559,134,42,43,46
1154,425,231,230,246
180,100,203,198,212
682,275,45,45,49
500,483,126,115,72
275,91,33,27,29
745,269,47,49,52
499,10,80,58,50
1007,456,48,49,52
486,77,46,43,47
807,178,43,47,49
661,218,81,76,113
386,226,212,211,235
1198,168,238,236,253
339,239,204,203,225
3,180,65,82,67
325,72,32,26,27
448,195,222,222,246
525,271,47,48,51
1137,144,230,230,246
733,465,152,149,160
447,335,50,50,59
232,178,188,184,204
484,208,28,27,29
387,286,47,44,49
1120,361,236,231,247
1052,277,166,173,229
509,402,41,42,46
14,362,44,45,47
167,440,51,51,51
1182,369,237,234,251
657,200,242,237,255
481,23,61,53,46
26,491,63,62,58
1101,433,238,235,253
32,113,145,22,33
510,401,41,40,45
390,437,200,204,225
892,58,102,99,100
743,70,48,47,50
384,241,212,209,231
278,7,203,194,216
1029,237,46,48,52
44,446,44,48,48
828,192,48,47,52
463,6,80,62,52
957,488,48,48,49
41,51,146,137,155
466,346,51,52,58
512,25,82,65,51
451,226,231,230,252
172,457,49,48,52
742,187,60,54,60
619,328,46,44,49
130,152,140,141,162
959,466,44,46,51
145,431,47,48,50
107,442,46,46,50
747,321,47,46,49
874,201,48,45,48
929,329,45,46,48
434,187,216,216,235
1113,175,235,233,252
18,5,199,207,221
298,154,32,31,33
594,52,45,44,46
407,381,44,41,45
53,252,31,33,31
455,166,46,45,44
657,199,240,237,255
901,4,132,85,62
512,93,33,32,34
167,376,42,41,47
290,390,42,41,47
0,406,48,46,46
843,486,172,163,108
1115,284,229,229,247
284,241,189,188,209
1081,120,246,247,255
29,461,51,50,54
346,19,41,31,34
555,142,44,43,49
52,443,51,50,53
401,38,35,30,30
913,291,48,46,50
489,97,44,44,46
1180,102,234,235,251
1010,315,49,49,51
148,32,148,131,154
1191,344,241,237,252
184,231,41,39,43
1037,76,94,82,69
382,224,208,209,230
231,171,190,187,204
239,467,89,87,55
360,4,42,35,35
298,344,45,42,48
273,248,195,192,213
411,253,225,226,245
412,348,42,44,46
891,129,47,47,54
1177,449,233,234,251
548,133,43,43,46
676,19,50,48,53
983,315,48,48,51
491,185,106,102,95
446,349,46,44,47
221,393,42,42,46
923,252,53,50,55
287,302,41,41,47
278,204,46,47,51
427,338,43,44,43
831,47,74,66,58
1142,63,233,228,244
724,259,236,240,255
182,122,185,184,205
369,160,39,38,42
816,297,47,48,52
795,478,170,163,177
979,244,49,45,52
672,491,106,79,58
382,39,31,26,25
108,245,214,213,236
799,270,239,240,255
1096,137,240,238,255
48,379,48,47,45
636,218,60,58,66
300,220,191,190,210
271,349,40,44,47
71,369,41,40,42
855,6,98,96,90
721,239,239,236,255
882,95,50,47,50
681,335,47,45,52
861,401,43,43,49
938,30,80,62,57
344,433,93,89,57
549,254,229,229,252
358,215,191,191,204
360,194,197,196,217
63,27,117,104,129
871,331,39,44,48
197,343,43,42,47
1173,8,238,237,252
899,275,52,50,54
188,255,201,199,221
403,191,208,210,229
469,365,48,46,51
469,191,225,223,244
1163,358,233,231,247
803,363,48,45,49
158,460,52,49,51
562,60,46,45,46
581,305,44,43,46
78,418,63,62,53
783,179,47,45,52
539,108,47,42,47
1024,425,48,47,52
979,273,47,46,50
876,378,43,46,49
629,366,43,41,49
520,370,41,39,44
599,478,177,174,185
398,411,44,43,49
186,25,158,34,66
890,73,45,48,51
93,232,204,203,226
871,409,44,46,49
324,498,115,119,126
376,397,46,47,50
372,9,42,31,32
37,322,41,37,39
429,453,139,88,74
708,456,120,102,76
216,260,202,198,220
998,484,47,50,54
110,474,48,49,50
996,73,70,64,58
1156,307,234,232,249
908,318,51,47,52
535,418,41,43,46
210,247,195,193,214
93,286,35,32,33
1090,303,238,241,231
467,495,107,100,60
107,209,221,221,243
710,242,238,242,255
1109,488,229,227,244
300,421,45,44,44
523,108,41,44,49
794,271,109,106,134
22,376,46,44,47
512,129,50,48,49
584,18,99,86,73
282,13,113,116,134
508,439,163,164,181
729,297,41,44,48
128,324,37,34,37
590,72,46,44,47
115,65,151,133,156
1183,434,238,235,254
673,245,46,47,54
910,304,44,45,49
949,373,45,45,48
958,316,49,46,51
956,219,49,49,52
688,72,44,44,48
505,344,38,42,45
158,26,167,151,174
1112,45,231,232,248
39,290,35,29,33
241,265,204,203,224
679,63,48,45,51
539,349,45,41,48
962,447,46,47,50
610,348,40,44,47
672,299,43,45,49
752,458,47,48,49
193,390,43,43,46
962,242,45,48,53
676,438,46,46,44
208,242,66,46,70
839,476,157,152,121
989,277,45,47,51
553,21,45,46,48
713,235,239,237,255
773,127,48,45,48
769,82,45,46,48
470,383,42,44,48
201,250,197,195,218
692,81,44,45,47
149,23,161,140,165
166,330,41,39,42
66,176,202,185,200
264,297,45,44,46
192,183,188,181,203
618,274,47,46,45
276,279,43,43,45
212,130,36,33,40
944,78,48,48,53
180,408,44,45,45
813,338,44,47,48
606,29,51,46,52
87,168,48,34,38
644,158,48,46,51
330,173,192,191,209
944,479,46,49,51
760,32,48,49,52
941,400,48,47,51
62,380,40,42,44
16,60,63,49,61
140,227,197,194,215
643,355,46,45,50
39,300,38,32,37
790,212,240,239,255
1177,62,239,235,252
493,14,73,57,47
805,476,167,162,171
38,197,79,77,81
726,470,153,148,163
706,416,44,44,45
980,387,46,47,51
200,220,186,184,206
623,476,182,179,193
636,398,46,44,45
40,144,161,27,36
510,348,44,43,47
1081,230,51,54,60
848,52,85,68,58
81,126,183,142,152
1083,285,254,249,255
1184,131,238,236,252
509,216,217,212,237
1091,153,104,101,170
739,112,44,45,50
891,296,49,49,53
924,11,148,96,72
1009,327,48,46,50
543,375,44,42,45
688,85,44,45,48
393,202,103,102,129
102,446,48,46,49
1196,82,239,237,252
827,212,124,121,131
49,319,36,36,40
440,142,41,43,47
1033,357,42,47,49
360,403,44,43,47
828,493,156,150,150
1197,228,237,236,252
1015,291,44,45,50
20,22,226,225,248
1067,138,50,49,51
704,111,45,47,49
463,472,175,181,200
203,108,53,48,57
59,97,150,28,35
1181,167,240,236,254
430,379,42,42,44
706,185,236,232,254
133,355,39,37,45
605,85,43,45,49
753,314,46,45,47
158,247,204,202,224
836,36,75,71,63
674,310,46,45,48
70,438,47,46,49
570,492,174,172,175
571,179,184,182,195
315,335,43,43,48
686,60,45,47,47
539,199,65,57,63
433,25,37,33,32
1181,20,239,236,252
105,155,194,184,208
1049,84,68,63,58
201,234,143,145,154
138,209,198,195,218
25,489,61,59,52
953,489,48,49,50
1096,426,240,240,255
107,140,189,172,176
651,113,43,44,49
685,222,61,62,66
180,217,191,189,210
1122,40,230,229,244
396,267,218,220,243
239,433,71,74,59
1095,8,221,221,253
757,284,48,51,52
790,37,48,50,54
232,336,47,44,47
566,300,41,42,45
1120,12,230,231,250
38,410,43,44,46
983,457,54,44,104
610,90,46,44,47
1176,51,238,238,252
882,217,51,50,53
867,423,54,53,56
765,377,44,45,48
1091,124,226,226,253
627,473,183,181,194
461,332,19,19,23
540,327,40,45,44
710,143,45,48,49
260,7,40,29,36
895,139,50,47,52
860,155,45,47,51
439,296,44,45,48
232,231,182,184,197
832,93,42,47,48
322,185,189,187,210
1085,434,246,249,255
963,161,49,48,51
526,147,42,46,43
83,350,39,39,42
553,225,58,56,63
874,434,47,47,49
614,430,45,44,47
675,125,45,46,50
721,49,47,47,51
1179,416,238,234,252
688,261,42,45,51
277,285,45,42,47
822,356,48,46,52
1169,446,237,234,249
862,330,44,47,49
836,276,46,47,51
409,71,38,32,37
423,485,100,91,78
1130,477,230,227,242
884,35,105,103,105
750,204,241,238,255
53,299,41,35,36
513,477,106,102,74
1089,203,69,73,79
1103,72,232,233,251
366,113,31,32,34
975,406,46,48,50
594,336,36,44,45
978,248,47,46,49
589,78,41,43,47
393,472,81,77,68
866,456,46,46,49
949,200,46,46,52
1079,149,244,245,253
153,420,49,48,49
827,153,46,47,50
91,69,156,132,156
1186,389,238,237,251
471,410,43,43,46
156,304,39,36,41
713,448,46,45,48
819,109,51,46,51
727,113,46,46,50
603,461,171,170,185
999,66,61,55,59
106,405,44,42,45
190,129,38,41,49
1054,356,50,48,53
609,390,40,43,46
708,309,45,45,50
611,62,46,45,48
960,492,46,49,50
390,0,40,30,30
685,474,110,86,60
993,205,47,48,52
1174,165,240,236,254
73,162,164,32,37
152,290,43,36,39
529,37,37,41,43
1091,327,238,238,255
621,285,44,43,47
682,30,56,57,66
461,182,47,47,50
64,172,170,32,42
1137,389,231,229,246
1040,486,46,48,52
41,378,45,44,44
1130,335,231,226,243
94,280,37,32,33
324,52,31,26,29
587,2,98,82,64
1011,36,103,79,61
813,267,47,51,54
1043,407,49,49,53
407,205,131,140,165
506,360,39,44,44
961,291,43,45,52
209,85,121,124,140
391,39,37,27,28
308,79,33,31,30
861,180,43,47,52
1110,418,234,233,249
829,315,45,49,53
825,91,47,47,46
1181,446,238,235,251
509,270,47,48,52
185,123,106,106,123
471,308,47,49,51
30,136,159,24,34
479,169,47,45,48
200,476,48,45,47
939,79,47,47,51
789,81,49,44,51
288,81,30,25,33
977,440,63,44,103
184,111,112,113,127
1146,208,233,231,247
1032,436,46,46,50
183,319,40,39,43
215,380,44,41,46
539,321,44,43,45
289,0,84,81,120
1092,431,243,240,255
864,470,48,47,48
729,399,110,86,109
1192,297,238,235,254
1146,390,233,232,249
1117,409,230,228,243
524,21,61,40,33
621,173,50,48,52
670,187,238,237,255
493,452,145,146,155
247,260,197,196,215
1036,155,49,48,54
523,361,40,42,44
719,442,44,44,47
105,127,161,28,37
940,63,104,97,90
127,460,48,47,51
676,339,41,44,48
300,160,34,31,36
272,73,43,42,46
1191,250,238,234,253
708,384,44,44,48
815,421,47,46,51
534,165,47,47,47
881,261,240,239,255
34,99,32,31,31
732,67,43,45,50
696,290,46,46,49
109,456,49,46,50
1037,445,49,51,50
166,473,48,49,51
908,6,122,72,62
1178,373,238,236,252
1197,164,240,239,255
920,429,76,68,98
965,322,47,48,50
948,371,46,45,49
746,103,49,46,49
805,406,49,48,52
823,126,44,44,49
977,270,46,46,50
481,457,170,174,192
436,492,166,169,178
226,124,34,31,34
1123,120,231,227,242
97,228,203,202,228
880,351,47,47,52
33,86,144,131,150
80,50,34,30,31
629,69,42,45,51
544,454,125,122,128
845,85,44,46,53
715,217,65,60,72
793,52,46,49,52
0,178,70,84,69
420,249,225,222,245
118,307,38,33,34
415,446,103,96,92
188,371,40,44,46
69,307,35,31,30
874,442,38,48,50
312,350,39,46,45
554,387,41,41,42
478,376,43,44,47
354,20,38,31,31
231,351,42,42,46
488,336,42,44,46
202,248,197,194,218
69,265,38,33,36
968,479,44,47,50
578,99,44,44,47
510,206,219,216,238
737,169,47,45,51
742,101,47,45,47
779,249,243,240,255
1135,467,231,226,240
1047,293,235,236,255
1134,129,232,229,243
872,140,50,46,53
5,393,48,46,49
864,396,45,47,48
1130,209,231,229,243
1040,252,46,49,54
1079,427,249,248,255
337,292,47,44,47
698,15,54,49,54
931,88,51,50,51
1133,238,230,226,244
357,196,129,126,144
796,283,47,48,51
926,307,42,45,50
575,107,40,46,46
871,486,165,153,87
391,38,39,32,31
990,32,111,87,62
206,368,39,43,45
986,170,47,47,50
589,286,41,44,48
228,346,41,44,47
599,130,44,46,50
1026,173,49,49,52
314,204,183,186,198
1079,155,244,245,254
351,392,44,44,47
601,333,41,44,47
234,17,181,169,193
1170,446,237,233,250
763,243,243,239,255
81,407,51,48,46
1140,119,232,230,243
1032,161,51,49,52
1003,37,113,86,66
267,324,41,42,46
22,210,29,28,30
1153,123,238,234,251
1101,469,233,233,249
770,111,47,49,51
315,185,191,189,209
87,405,45,45,48
766,41,54,50,54
1112,402,236,232,250
1083,429,253,252,255
129,428,49,51,52
639,390,47,45,44
393,459,146,142,154
812,231,241,239,254
839,119,50,48,53
418,327,44,43,47
333,276,44,46,46
144,456,47,49,52
512,124,43,45,47
223,446,52,47,50
987,418,43,44,52
1188,293,237,235,253
602,431,49,47,48
867,36,94,92,86
662,350,46,44,49
82,341,35,36,38
906,203,47,49,50
203,236,48,45,48
1122,359,231,231,245
994,460,142,149,171
226,166,188,182,201
908,193,48,47,52
1122,274,232,229,246
701,419,41,43,47
212,196,146,143,156
584,188,232,232,255
877,429,51,48,61
469,166,45,46,48
862,491,107,101,66
993,80,54,53,55
421,250,221,222,245
424,304,43,45,45
511,2,123,101,78
186,41,173,123,148
386,62,32,27,28
762,277,48,47,52
961,165,47,50,50
768,279,50,46,51
767,30,52,48,54
5,355,45,43,48
428,464,148,128,114
257,261,200,197,219
295,496,46,44,46
708,55,45,47,50
390,306,40,44,49
1053,443,48,48,51
447,394,20,19,23
351,291,38,43,46
1186,291,238,237,253
102,159,39,31,36
1034,425,45,48,54
387,200,206,205,228
746,47,48,49,49
871,37,97,95,92
368,70,26,25,28
157,333,38,40,40
11,297,32,33,34
920,355,45,46,52
804,462,50,47,52
350,498,60,58,53
552,293,44,45,48
1104,348,238,237,254
259,401,44,43,46
1184,247,237,236,254
17,218,34,28,31
190,436,47,47,49
851,21,89,84,80
232,262,200,200,221
1094,5,242,241,255
546,100,45,43,46
1037,449,48,48,51
522,398,43,40,43
1120,183,233,230,246
819,143,48,47,51
978,486,50,48,52
567,417,40,44,44
1077,326,238,240,255
1105,372,237,237,255
51,183,173,33,43
1038,264,47,47,54
145,406,42,46,49
897,91,48,46,52
373,344,43,43,46
517,337,43,40,45
339,406,41,42,45
3,137,164,28,35
152,410,42,44,47
911,53,80,75,72
1077,296,56,53,57
1058,401,50,47,52
405,159,45,42,44
775,28,47,49,52
428,427,44,43,49
394,281,44,45,49
1000,130,48,49,50
165,435,60,59,54
528,24,68,49,39
777,118,45,47,51
1013,116,47,49,54
639,191,241,237,255
32,413,57,57,50
930,138,48,48,54
784,184,44,45,50
183,213,179,170,181
835,451,46,44,49
373,283,43,45,48
667,454,85,65,51
739,488,90,88,80
397,209,55,51,60
533,193,222,223,244
333,347,39,42,44
571,71,44,44,46
1198,83,240,236,252
1154,212,235,233,249
1151,112,236,234,249
734,445,45,46,52
473,270,21,26,27
865,59,99,80,60
368,298,45,43,48
1089,322,244,246,255
1154,118,234,235,250
1027,69,104,88,74
139,204,197,195,218
79,237,54,54,60
1112,391,234,233,254
1155,365,237,233,249
821,277,45,46,48
410,339,46,45,44
2,151,169,30,39
61,132,153,26,34
1025,72,100,86,73
957,498,63,58,63
563,458,140,136,144
818,128,46,48,50
1155,195,237,232,249
86,166,41,29,33
210,410,40,45,46
73,199,99,101,107
102,206,227,229,254
739,155,43,47,49
72,340,36,33,38
995,425,50,48,53
398,185,207,207,228
496,432,163,169,181
192,227,196,190,209
757,79,48,47,49
532,191,225,224,245
1184,490,240,234,254
767,256,240,237,255
771,447,43,47,49
1187,373,239,236,253
248,110,29,30,31
903,494,176,157,84
431,417,44,49,52
949,17,115,77,64
826,458,48,47,50
222,34,185,175,196
807,73,46,46,53
295,289,41,45,46
757,205,240,238,255
28,442,47,47,50
911,149,49,48,51
526,122,48,43,48
1140,362,229,229,245
311,278,40,40,47
359,103,30,29,31
803,232,241,236,254
992,15,123,94,69
849,354,46,45,51
408,482,85,79,69
1189,232,240,236,252
233,203,132,128,147
226,418,42,44,44
565,2,103,86,69
32,209,63,56,72
221,408,45,42,50
150,472,47,49,50
530,275,46,47,50
793,410,179,180,198
448,264,234,232,253
856,386,45,44,51
689,50,47,46,50
890,236,239,237,255
761,494,160,156,164
353,14,42,35,36
459,41,49,43,44
288,237,190,190,210
811,490,155,148,158
550,65,45,43,47
432,26,32,32,34
409,157,42,41,46
934,410,48,48,50
245,38,38,29,33
473,372,44,45,46
174,303,36,38,41
1098,269,238,237,253
1049,492,49,50,51
109,153,195,190,210
1165,79,236,236,250
183,386,46,43,44
1188,240,240,236,252
465,46,38,40,41
950,19,114,79,64
292,84,33,26,29
791,131,43,45,51
1011,482,46,48,54
143,67,161,145,169
192,114,136,140,158
697,223,238,238,255
1110,73,234,230,248
878,99,48,48,50
804,475,168,165,170
542,371,42,42,43
1099,22,238,237,255
285,102,33,24,28
945,256,44,47,50
203,397,46,44,46
457,371,47,47,47
514,78,32,28,32
0,415,54,52,55
1012,320,47,48,51
748,59,46,46,50
13,363,44,43,45
258,3,167,160,173
513,261,225,223,245
737,323,41,47,49
213,349,43,43,43
122,67,161,146,168
970,353,43,47,53
727,185,65,59,68
239,473,67,68,55
1054,47,115,110,106
493,333,41,44,44
981,231,46,46,49
694,140,46,46,52
813,99,46,45,50
979,20,105,76,60
298,316,43,44,45
857,22,90,86,84
716,39,61,54,53
650,60,44,44,48
780,353,43,46,48
920,218,44,46,50
853,150,48,47,52
211,114,34,37,44
136,486,51,50,51
151,412,45,43,49
340,300,42,44,44
136,122,201,189,210
1013,247,44,47,51
969,172,49,49,53
662,285,42,45,48
194,132,36,36,43
1156,62,238,235,251
560,2,90,69,51
382,251,216,213,236
489,339,40,42,48
740,213,241,239,255
345,423,44,43,48
234,216,189,186,209
881,169,45,48,48
323,106,30,25,30
149,490,44,47,48
658,263,45,45,48
657,80,47,45,47
14,101,141,20,31
355,338,45,42,46
442,269,233,230,253
183,71,162,145,170
762,113,47,46,50
562,28,46,44,50
1179,123,238,234,252
1184,81,242,237,255
642,181,238,234,255
674,384,43,45,48
468,202,231,229,252
1121,289,228,227,244
719,313,43,45,49
468,68,41,41,44
39,335,39,38,40
112,75,144,125,146
1180,299,239,237,252
206,245,193,192,211
22,63,129,126,142
493,221,209,206,224
665,96,45,47,49
1198,447,236,233,249
784,469,165,158,169
646,440,45,44,47
1098,423,246,240,255
436,310,44,44,48
162,340,40,38,44
1128,477,228,225,239
337,351,39,43,47
949,219,45,47,49
966,40,96,70,60
531,48,41,44,46
417,414,43,44,48
866,436,46,49,51
1141,355,234,230,247
516,411,42,42,47
713,276,45,46,47
853,427,45,47,50
371,72,31,26,27
1001,274,43,45,52
559,497,121,117,96
120,21,31,28,30
595,24,55,49,49
656,292,45,44,45
1019,483,50,50,53
303,82,32,27,29
721,41,80,60,57
376,262,214,215,238
103,8,114,104,113
533,287,42,44,47
674,262,44,46,48
803,488,156,152,167
242,360,43,42,44
307,227,197,194,213
291,385,45,44,47
681,49,43,45,49
1027,346,47,47,52
557,162,45,45,46
1078,496,245,243,254
399,178,44,44,47
552,172,44,46,50
31,377,43,43,47
133,75,161,147,168
666,108,42,47,50
64,85,50,33,40
298,260,201,199,222
711,306,45,45,49
1001,96,44,47,52
683,13,50,49,53
763,453,46,48,51
74,35,117,106,115
822,247,242,237,255
201,5,154,28,38
515,272,46,49,48
169,322,40,39,40
555,458,144,144,153
1161,345,239,236,250
1099,253,240,238,255
409,422,43,42,48
874,93,50,47,53
979,143,44,47,55
199,408,42,44,48
140,478,47,46,48
237,310,42,44,47
962,413,43,47,50
97,360,40,37,40
790,17,48,52,51
458,496,112,108,61
302,138,31,30,31
342,238,199,201,223
491,412,41,43,49
501,20,81,62,50
510,17,88,65,49
609,96,44,44,47
923,363,50,51,54
463,124,42,42,45
507,93,20,16,16
654,142,47,45,49
1174,137,239,236,253
242,339,49,43,51
322,96,32,26,27
426,92,39,41,39
432,58,37,34,38
97,436,49,47,53
1170,149,238,235,254
186,79,183,181,197
1171,138,235,234,251
569,228,236,233,255
97,385,42,43,42
211,258,201,197,219
971,318,46,46,48
357,321,42,44,46
99,456,48,48,49
440,472,127,66,63
186,306,41,40,40
1174,11,239,237,254
625,362,41,44,48
1169,191,235,235,252
264,270,46,44,48
373,256,213,213,235
991,178,44,50,53
980,78,62,58,58
89,353,41,36,43
11,228,33,31,33
257,393,43,43,46
515,370,41,42,44
172,370,40,42,43
129,228,105,99,136
987,220,45,45,48
361,198,199,198,220
190,250,202,197,219
969,372,48,48,49
913,483,54,51,51
1122,250,228,225,242
512,363,43,42,45
463,331,40,34,32
1031,307,46,46,54
154,320,35,37,41
79,40,121,115,125
536,271,46,49,53
630,343,45,45,50
2,471,50,49,49
877,69,47,48,51
1054,262,51,49,55
669,37,43,47,49
743,118,46,46,50
904,344,47,45,49
174,419,48,46,48
558,4,95,81,57
760,91,47,47,47
1075,233,52,51,54
1162,325,235,233,253
496,448,168,171,186
195,153,36,32,37
314,89,34,22,30
411,6,37,25,27
70,119,153,23,37
67,163,165,30,40
513,401,42,39,44
847,174,48,48,51
425,407,46,44,50
643,196,240,239,255
572,141,43,43,46
551,177,78,75,82
10,368,43,43,47
396,352,42,45,47
129,123,199,185,208
932,125,45,47,51
305,305,42,43,45
1012,352,47,47,53
192,113,119,119,141
243,5,175,166,186
79,118,153,22,31
1078,92,228,227,210
224,488,56,57,50
285,228,189,188,208
1129,309,228,226,242
475,470,178,180,193
876,191,44,48,50
1105,244,237,234,253
1154,1,236,234,248
913,33,113,106,110
85,136,157,30,36
1055,219,47,48,53
959,204,50,47,51
396,25,44,35,31
94,427,49,52,52
203,10,159,33,48
1130,408,231,228,246
462,305,75,78,83
907,84,48,45,51
616,190,237,233,255
890,281,47,47,51
482,79,43,40,45
17,343,45,42,46
301,162,39,38,42
968,482,47,48,50
382,122,35,35,39
998,228,46,49,50
328,23,40,37,41
298,255,200,198,219
473,163,46,44,48
45,428,52,50,49
365,33,34,24,27
792,23,45,50,49
158,115,35,27,30
752,271,47,49,52
72,395,42,42,46
1027,378,42,47,53
148,286,39,38,40
769,386,45,45,48
22,220,31,32,31
1082,412,56,54,57
791,228,199,197,202
1194,486,237,236,252
1118,442,234,228,244
1031,97,49,50,53
297,324,40,43,44
695,335,45,45,49
479,301,54,53,57
229,373,42,42,48
274,324,43,42,49
667,477,100,75,54
398,227,212,212,235
443,73,41,39,43
614,44,44,43,49
365,97,30,29,32
682,419,45,44,47
693,50,48,47,51
657,203,240,236,255
829,202,46,47,52
944,64,106,101,97
176,410,43,43,48
384,442,194,202,219
452,486,177,181,198
1126,192,233,228,244
923,137,48,47,51
726,441,45,44,48
611,343,46,44,50
128,344,38,36,39
833,61,49,46,52
1176,42,239,239,253
1132,343,231,229,243
1062,152,50,50,56
647,435,44,43,46
1196,97,239,235,255
542,65,45,44,46
774,282,49,47,50
962,424,48,47,50
155,213,197,191,214
790,38,45,50,50
1051,310,45,49,53
928,153,50,50,54
398,160,41,42,46
239,109,33,32,36
125,163,236,235,255
375,257,217,216,237
703,273,46,45,48
11,471,48,49,50
286,123,32,29,31
96,407,44,43,46
474,339,50,47,53
1111,257,233,232,247
745,196,122,127,178
1058,116,50,50,54
1184,477,236,236,249
953,298,45,46,51
946,34,95,74,61
408,409,44,44,44
398,266,223,223,245
821,390,43,44,49
529,365,40,42,44
1134,245,229,226,242
861,426,51,49,75
3,294,38,34,38
1095,205,242,241,255
1028,167,48,47,52
204,460,48,45,48
853,89,46,47,49
1161,167,236,235,251
1168,383,235,235,250
664,394,63,66,85
802,468,54,52,51
920,332,45,45,51
795,443,44,45,51
690,334,43,48,49
414,240,69,63,67
595,318,41,42,49
81,80,152,23,32
1076,421,243,242,254
239,60,213,213,235
1074,355,242,241,255
83,277,37,33,33
660,218,174,170,223
740,437,46,43,46
358,121,32,31,35
1008,321,47,48,49
600,246,237,235,255
13,30,228,223,248
357,488,60,58,52
492,419,40,44,45
922,343,46,47,50
720,339,41,44,49
472,58,42,42,46
658,356,44,42,48
214,11,185,170,194
105,388,43,43,44
751,355,44,44,49
978,332,46,46,49
519,440,146,144,162
419,162,44,43,46
309,413,44,44,47
720,406,44,46,48
693,103,44,46,46
80,404,42,43,47
132,384,43,46,49
75,39,114,109,115
128,494,49,46,49
835,461,50,46,51
214,308,40,42,45
65,68,28,28,35
1110,183,237,235,254
641,219,190,193,182
1056,211,50,51,56
756,339,47,43,48
19,114,148,22,32
135,402,46,43,46
1046,165,52,49,54
854,437,49,49,54
520,234,215,216,225
412,370,43,42,44
958,424,45,45,49
55,39,118,101,119
1176,452,237,235,250
1117,398,232,230,246
16,128,154,27,31
913,306,46,47,50
77,219,158,148,179
940,322,51,45,50
402,274,52,53,54
1021,31,99,78,63
494,176,40,38,42
49,116,149,19,28
290,427,94,93,60
427,168,45,44,44
845,410,49,45,51
710,259,67,57,69
231,305,42,43,48
698,492,131,106,74
375,315,41,42,46
885,171,46,46,52
589,19,48,50,51
970,159,46,47,51
1133,57,229,227,243
453,335,58,55,61
337,304,42,43,44
988,94,47,47,54
883,139,43,48,51
111,10,117,109,117
608,7,50,48,50
570,124,41,44,49
628,62,47,45,49
82,298,39,31,37
152,170,207,208,232
803,373,44,46,49
742,73,42,46,48
483,209,36,32,39
463,80,44,41,45
594,451,154,148,145
419,99,40,38,41
153,33,167,148,171
158,103,196,188,209
951,52,66,60,56
135,378,43,41,44
1,286,41,33,39
111,116,161,28,38
421,388,43,43,46
258,204,46,45,48
812,150,50,48,51
289,499,45,46,46
426,454,161,156,154
1055,72,105,91,78
802,373,50,49,49
511,312,41,43,46
564,342,42,42,45
1070,254,52,52,56
208,261,201,201,222
613,491,134,126,125
969,278,52,47,52
43,258,38,32,36
1026,297,49,50,55
1120,401,232,229,242
459,183,48,46,53
659,33,49,48,49
141,414,44,44,49
71,194,36,30,30
1079,250,250,247,255
1019,94,52,51,54
807,41,48,50,52
958,299,45,46,50
1122,6,232,229,247
73,417,77,77,65
1105,406,240,237,254
795,77,51,47,51
106,440,46,46,52
464,442,182,185,206
1150,66,235,233,246
31,10,224,224,248
426,180,49,46,50
241,294,44,42,46
579,252,237,232,255
67,81,35,29,29
657,48,46,47,48
439,313,44,44,47
350,119,31,31,32
52,197,110,105,117
1172,372,237,233,249
404,74,31,31,31
414,480,136,127,130
18,266,34,26,30
343,33,37,30,29
287,336,42,43,46
575,451,126,119,126
653,151,44,45,49
508,435,173,178,194
740,230,237,239,255
638,130,47,45,49
1184,150,240,238,253
239,454,72,68,52
267,269,46,44,46
146,166,46,46,53
204,198,188,184,204
96,303,36,30,34
89,227,209,208,232
333,466,135,135,143
13,393,45,45,47
964,298,46,45,50
880,251,237,237,253
1184,323,236,236,251
73,298,33,28,32
626,479,183,179,195
401,278,48,44,50
1149,295,236,232,248
1153,364,234,230,249
196,276,205,206,229
410,185,198,195,210
112,354,38,37,42
577,196,214,213,222
1041,469,46,50,50
261,296,39,45,46
418,40,37,31,32
929,210,45,47,50
919,98,49,48,49
169,481,46,45,48
263,289,45,43,46
436,173,44,45,49
490,21,72,57,49
927,370,49,47,53
956,3,112,84,66
172,393,45,45,46
488,83,42,43,45
605,87,43,45,46
518,102,45,42,49
860,446,50,47,51
1110,494,231,229,246
440,464,114,73,69
916,379,42,46,48
77,98,150,26,37
186,207,193,187,206
1150,241,232,230,244
414,299,43,42,48
677,73,48,44,50
1063,40,109,103,110
626,10,48,49,50
164,254,208,202,225
329,432,63,60,50
196,483,42,46,47
1119,479,229,226,245
188,194,189,183,206
593,236,237,236,255
298,125,33,25,29
656,81,46,47,48
1068,311,50,52,63
836,179,46,49,51
982,181,50,48,50
430,44,36,31,35
985,4,116,86,65
82,455,48,46,48
276,420,42,44,45
943,422,49,47,50
951,371,43,45,49
874,281,50,46,52
1061,73,65,60,59
905,98,48,48,52
100,10,116,106,116
653,18,52,51,52
136,284,44,43,43
693,278,46,45,48
97,281,36,33,30
703,316,46,46,49
83,185,204,199,224
482,111,42,43,44
230,187,187,184,204
559,97,45,43,48
170,336,41,41,43
109,2,115,102,113
974,478,47,47,51
359,305,44,46,46
219,283,201,203,226
1061,90,66,58,60
755,161,45,47,50
622,352,41,43,47
265,104,33,27,31
592,10,122,107,95
847,129,47,46,52
597,492,175,176,183
890,305,42,45,50
811,495,157,150,157
840,266,52,51,56
696,436,43,44,46
1066,70,66,60,61
980,270,45,46,50
344,437,77,75,53
722,380,43,46,49
396,101,37,37,36
518,200,216,215,231
897,86,45,49,52
1023,439,50,48,52
1163,355,235,232,249
1154,99,236,233,251
132,431,48,49,50
884,97,44,48,52
6,438,53,49,51
703,263,45,47,48
498,35,90,64,48
106,320,37,35,38
52,180,175,31,40
723,477,152,148,155
129,312,34,33,37
555,113,50,44,47
924,277,43,45,50
662,12,49,48,50
579,88,46,45,48
860,314,47,47,50
90,338,35,37,38
875,437,43,47,48
813,402,47,47,49
80,109,155,23,35
116,101,160,31,38
1048,53,121,113,113
776,283,45,48,50
339,282,44,43,47
782,58,44,47,50
798,499,159,153,170
80,339,35,32,35
424,44,33,30,32
123,435,50,51,53
110,455,48,48,50
280,324,41,41,46
303,118,34,26,32
350,362,45,44,46
326,128,32,31,32
528,55,47,44,47
1115,493,228,227,244
816,455,48,48,51
57,384,42,43,45
1069,267,48,50,54
1107,268,232,230,249
1140,323,232,229,243
517,67,28,29,32
260,459,104,96,63
313,66,28,25,26
296,111,30,24,26
159,157,45,47,50
302,320,42,43,46
1175,466,234,234,249
990,300,46,46,50
802,250,245,239,255
1175,157,238,238,252
666,7,50,50,53
454,452,155,153,169
805,388,46,44,47
309,172,182,180,194
1011,81,102,89,70
761,177,45,47,51
871,43,98,96,91
805,235,236,237,255
405,463,50,50,52
642,113,45,44,50
106,316,34,35,35
587,190,237,235,255
629,68,44,44,47
502,438,171,175,192
186,100,127,126,148
205,458,51,48,52
804,375,45,45,48
42,402,44,44,47
3,425,53,51,55
1021,447,48,48,51
275,410,42,43,47
29,458,49,50,51
1185,32,240,238,254
112,303,35,31,32
301,422,40,42,43
308,78,31,30,32
583,455,128,126,129
590,429,44,44,48
55,33,145,145,152
815,422,47,46,50
146,413,49,44,48
519,132,45,46,50
559,259,234,233,255
549,468,162,160,171
347,370,45,43,45
288,473,115,106,77
890,38,111,108,105
439,413,34,35,48
1132,449,228,225,238
347,194,196,194,216
389,462,155,153,169
446,147,46,44,46
249,374,45,43,47
453,48,42,37,43
46,399,49,46,51
895,303,40,45,51
365,179,196,194,216
391,3,43,29,31
1008,419,49,48,51
856,19,92,89,85
811,404,43,46,49
392,421,41,44,46
53,358,45,42,48
693,185,237,234,255
1040,70,100,86,68
479,23,60,50,49
348,425,43,44,44
1019,460,48,48,50
275,170,188,186,204
226,215,187,183,204
1009,365,45,47,50
677,117,45,47,47
389,199,207,207,229
872,446,47,47,51
552,482,114,104,105
772,306,45,42,48
628,122,47,44,47
503,231,62,57,60
368,56,32,26,26
525,6,59,42,37
202,495,46,48,48
278,217,189,187,207
1101,116,237,236,255
488,43,43,41,44
1116,263,229,225,244
1021,44,97,74,64
802,255,241,239,255
330,302,44,45,46
513,418,45,42,44
806,105,46,47,50
382,57,28,26,26
1026,311,47,46,51
301,176,191,188,209
530,84,46,44,47
1074,149,60,57,59
790,252,242,240,255
633,415,42,42,46
830,437,44,45,50
1146,376,233,231,245
570,221,234,234,255
715,470,149,141,150
708,445,47,45,47
636,449,185,192,215
1150,168,235,234,249
153,326,40,37,43
405,203,210,210,231
674,182,234,236,255
886,282,48,47,52
514,97,43,43,43
1168,384,237,235,252
1055,249,46,49,54
783,289,43,45,51
413,271,226,224,247
1061,250,48,49,51
1087,24,59,61,77
1082,44,60,58,61
700,101,48,47,48
495,176,38,36,38
106,38,190,188,211
1054,230,49,50,53
1036,137,51,50,53
973,349,45,47,51
645,264,45,45,49
1147,93,235,232,244
1063,399,50,51,53
611,312,43,44,44
1083,81,58,58,60
23,92,118,93,82
1117,75,235,230,247
1010,18,113,88,66
308,173,192,186,204
1000,293,47,47,50
347,494,66,62,52
155,459,49,47,51
691,412,41,46,48
28,248,35,27,29
614,132,47,46,47
446,372,51,50,57
204,16,168,74,103
909,309,49,47,47
190,455,46,47,50
647,375,40,43,46
1143,177,230,229,245
575,462,118,111,106
228,390,47,43,46
112,77,144,126,149
399,164,43,42,46
1109,5,235,234,252
106,303,36,32,36
587,425,40,44,45
726,208,241,238,255
547,25,47,46,49
1146,18,234,233,248
509,274,45,45,50
788,14,51,49,53
1192,120,239,237,253
1054,96,48,50,52
340,441,74,73,55
916,426,47,45,45
155,450,47,47,51
1131,347,228,228,243
966,421,44,49,49
1123,234,228,225,245
876,441,46,48,48
417,416,43,45,47
808,166,49,46,51
759,430,51,47,51
337,320,49,44,46
376,282,43,43,49
180,11,165,145,170
1026,362,49,47,51
392,373,44,43,45
1197,250,238,235,253
498,371,43,41,43
545,145,45,44,46
880,54,104,100,94
224,345,44,42,48
165,477,47,47,48
854,374,43,45,48
1046,491,49,48,54
499,233,214,218,230
1001,306,48,47,51
659,273,47,45,48
243,414,42,44,47
788,413,142,158,154
810,291,47,47,50
704,294,47,45,47
486,449,169,172,190
511,322,43,43,43
1027,136,49,51,51
505,294,44,45,49
302,488,53,55,62
64,419,59,59,56
441,245,185,185,216
482,499,112,101,61
452,118,41,42,44
1087,124,252,251,255
1195,319,234,236,253
521,348,39,43,44
695,230,236,234,255
1169,408,240,236,253
1121,483,229,227,242
760,89,44,44,50
211,397,44,44,47
348,463,68,62,53
347,483,61,59,55
792,361,47,48,52
96,326,36,35,39
37,442,52,49,55
233,430,81,77,55
253,237,185,185,203
1060,316,52,49,54
308,231,192,191,212
940,240,48,49,51
871,382,46,46,48
570,11,94,79,57
581,106,43,45,46
319,459,104,97,74
413,404,42,42,46
1113,456,230,228,245
657,190,237,235,255
104,92,156,26,35
989,163,48,48,51
503,394,40,43,42
547,316,41,43,45
388,330,42,43,48
385,361,41,43,47
531,284,45,44,50
279,299,44,43,46
131,310,35,33,34
130,260,213,210,233
651,15,48,50,51
825,400,45,47,49
55,199,92,88,106
1029,142,47,47,52
397,479,61,60,62
1080,313,243,248,255
271,342,43,43,45
553,38,41,43,48
717,279,44,45,48
897,374,49,46,48
469,122,42,42,44
490,120,42,44,46
1044,341,46,47,53
1080,365,57,57,64
276,293,41,43,44
60,317,34,36,37
317,278,45,44,46
591,33,44,45,48
421,482,121,108,102
963,236,44,46,51
782,171,43,46,47
891,339,44,44,48
992,301,43,46,49
428,246,211,220,236
986,312,48,47,51
910,102,50,48,53
469,230,211,213,234
502,103,67,67,68
35,29,226,228,253
161,495,48,47,51
535,136,46,44,46
572,251,234,233,255
249,84,47,47,53
46,69,118,107,114
770,203,87,79,94
576,361,42,42,45
1019,200,49,48,53
229,497,70,65,55
665,420,44,44,45
160,242,49,39,46
1159,448,236,234,249
569,82,48,43,48
413,341,45,45,47
916,169,47,46,52
824,78,53,46,49
877,304,45,46,47
257,361,44,43,47
225,434,43,49,48
891,2,104,97,87
244,441,51,54,50
26,236,34,32,33
718,18,201,142,93
913,200,49,48,52
246,76,48,48,53
1137,296,231,228,244
988,179,46,49,50
37,314,39,37,39
857,156,45,46,49
1051,227,50,48,54
723,441,44,45,49
282,168,188,185,204
888,99,51,51,55
778,9,48,49,50
946,76,58,58,57
539,208,75,70,68
586,287,43,44,46
816,89,48,47,51
671,98,44,45,48
97,99,155,28,37
726,87,46,46,50
252,90,41,36,43
250,36,134,128,142
111,448,49,49,52
700,465,123,101,70
419,137,42,39,45
316,328,42,43,49
352,55,30,23,23
812,157,46,46,52
615,449,171,181,199
831,455,41,46,51
360,113,33,30,32
348,339,46,44,46
661,465,80,63,51
546,301,41,44,45
440,226,233,230,253
867,43,103,99,96
170,77,162,150,171
56,114,151,22,31
390,308,45,43,48
419,132,43,42,44
252,95,35,37,41
664,97,43,46,50
504,212,218,212,233
203,156,33,29,30
1189,75,238,235,254
553,39,43,42,47
1156,168,234,233,252
167,466,58,52,53
538,370,40,42,44
289,350,40,41,46
466,349,56,57,59
423,10,40,28,28
377,220,206,207,229
285,437,86,82,53
349,444,76,77,53
320,358,43,41,45
207,89,113,117,130
594,421,42,45,46
734,129,42,45,50
131,46,136,117,135
220,85,103,105,122
678,152,42,46,50
1104,167,239,237,255
1049,161,48,48,53
462,473,178,180,200
337,384,43,42,45
587,415,43,45,45
764,33,48,49,51
1082,248,248,246,255
1082,135,53,54,59
379,175,191,192,212
949,118,49,46,51
401,257,224,223,244
64,285,35,32,32
210,284,85,85,109
1136,198,229,230,242
510,470,108,105,92
586,342,44,44,47
33,341,39,41,40
252,16,40,34,35
532,91,44,44,47
238,77,49,50,56
279,241,65,59,71
520,14,57,52,55
755,256,237,237,255
281,58,43,43,47
930,156,49,47,50
975,367,44,47,50
143,489,45,49,49
590,171,45,45,52
895,237,241,239,255
912,239,237,237,255
24,95,36,26,29
925,82,49,49,51
1025,330,50,47,51
93,22,112,103,117
1038,448,46,47,53
785,333,46,45,49
52,170,171,31,39
350,144,36,36,37
1043,134,49,49,52
835,290,46,45,51
377,187,200,199,221
179,171,192,189,208
800,256,242,237,255
121,410,45,43,50
1078,286,248,246,255
1186,461,237,233,251
164,52,143,129,150
214,386,42,41,46
985,95,49,49,52
186,51,164,37,55
419,81,33,38,36
1074,55,91,72,64
579,466,138,133,115
1134,243,228,227,244
129,175,77,74,90
684,386,42,44,48
520,495,103,99,71
1044,48,118,109,97
941,110,49,50,51
370,165,38,41,44
420,14,38,30,30
1053,350,47,49,52
1111,498,229,227,243
1084,292,236,237,254
396,69,32,27,31
533,202,225,226,246
936,58,110,106,101
753,473,152,153,155
494,293,43,45,48
39,350,43,41,44
26,386,42,45,47
740,393,44,46,45
615,248,235,236,255
692,3,54,52,54
233,236,162,162,178
765,196,44,47,51
25,258,29,27,29
325,96,34,27,33
325,411,45,43,45
1058,472,47,49,53
99,247,219,215,239
1084,214,246,248,254
922,117,50,48,52
378,69,31,26,26
253,139,36,26,31
248,0,177,163,187
429,244,219,225,245
140,28,142,121,144
108,393,43,43,47
838,194,47,46,49
515,226,221,222,244
425,248,57,53,58
59,348,41,41,46
653,158,44,48,50
475,319,53,53,55
991,405,49,47,52
176,420,48,48,49
701,389,43,46,48
672,205,237,235,255
457,204,229,225,249
162,254,207,205,229
489,182,24,25,25
1,182,99,99,101
831,60,50,50,51
878,373,43,47,51
307,7,138,142,157
1181,456,239,234,248
421,59,35,34,35
834,495,159,151,137
986,175,45,48,53
720,303,44,42,48
780,228,218,221,210
766,42,50,50,53
1149,106,232,230,247
685,206,241,238,255
70,445,48,48,51
1147,123,234,232,248
238,211,53,49,69
456,314,43,46,49
982,414,65,60,62
937,22,96,68,60
201,80,206,200,218
1161,161,237,233,251
1011,207,47,47,50
463,210,66,53,65
573,426,46,44,46
830,303,49,47,52
378,16,42,30,31
531,27,78,58,50
413,56,34,31,34
1008,443,49,47,54
508,76,13,14,13
946,318,44,46,49
972,359,47,47,52
823,420,49,49,51
644,499,100,82,81
982,398,46,46,46
1114,40,232,233,249
540,100,44,44,47
6,492,56,52,53
1153,345,234,231,245
265,356,41,42,47
65,121,152,23,32
855,8,98,94,90
779,149,50,43,50
447,441,139,119,128
994,418,51,47,52
935,69,87,84,75
779,273,240,237,255
874,439,47,48,51
568,400,41,41,44
224,266,203,200,222
493,435,164,165,183
475,105,40,43,46
11,83,121,111,118
637,279,48,43,50
207,39,162,53,80
714,15,112,76,63
642,44,47,45,48
368,266,214,211,234
983,306,41,46,48
140,189,208,206,230
867,450,47,47,51
767,262,241,239,255
85,47,31,29,24
927,330,46,45,49
137,268,215,212,236
271,314,42,43,43
101,354,42,38,40
194,308,42,41,46
756,91,46,48,49
884,76,49,49,51
517,401,39,38,41
1143,121,234,232,248
1130,89,229,228,243
415,223,227,225,244
823,127,48,47,51
891,498,177,160,101
965,368,44,44,48
642,215,70,56,62
1098,385,243,243,255
152,135,130,133,150
748,65,47,46,50
123,71,153,135,159
803,486,163,161,175
558,69,44,42,46
282,199,106,106,133
244,146,29,26,27
1056,111,48,51,53
1017,298,45,48,50
535,392,41,41,46
1093,266,238,236,255
554,80,43,43,48
337,360,45,44,46
902,204,47,48,53
287,83,34,33,30
693,130,46,46,50
938,479,50,47,52
957,334,44,46,49
257,128,31,27,28
424,3,37,31,31
478,443,178,180,201
1161,32,237,235,251
635,130,46,44,47
715,298,49,44,50
452,273,237,235,255
418,223,223,224,244
271,371,41,43,46
739,325,47,47,53
170,329,42,41,43
273,279,42,42,45
398,486,80,78,71
722,442,45,43,48
227,126,30,32,34
674,390,153,165,174
282,212,61,60,79
422,232,228,223,245
1034,315,43,46,49
755,155,47,47,50
695,413,45,44,46
1024,271,46,49,53
606,181,67,61,69
491,6,81,63,51
194,22,177,135,146
764,444,46,45,52
406,193,209,209,231
679,258,48,47,50
185,314,42,39,42
721,475,147,144,156
1005,136,48,48,51
598,37,43,46,44
932,236,46,46,48
78,367,42,41,41
391,458,154,155,177
230,447,49,49,50
380,467,66,59,55
149,119,38,32,34
658,108,47,47,48
837,468,48,49,49
1000,445,51,47,53
1187,486,236,233,253
54,280,37,30,33
54,430,55,53,52
400,394,39,43,46
700,491,131,108,73
1059,149,51,49,53
358,459,68,56,50
1002,294,48,46,54
918,380,43,43,49
670,241,51,50,53
648,328,42,45,48
1045,459,49,47,51
129,440,44,47,50
722,237,241,239,255
380,43,31,23,28
508,347,41,42,46
828,465,50,48,52
1049,268,47,50,56
80,218,173,190,204
346,63,28,24,25
548,432,41,44,44
269,50,49,47,52
124,450,52,48,51
318,476,115,110,110
610,406,45,42,46
738,474,139,136,145
805,352,46,45,47
1025,286,46,48,51
136,28,136,120,141
852,71,54,52,55
524,258,226,224,247
270,147,34,29,29
22,115,148,19,32
252,34,193,188,205
25,281,41,38,42
624,159,46,46,48
653,266,46,48,46
734,64,48,46,49
650,330,44,47,47
663,425,42,43,47
988,408,49,46,53
57,324,40,35,41
1119,410,234,230,247
269,255,197,198,210
647,32,52,49,53
521,426,40,42,45
1012,324,44,48,53
690,407,47,45,48
201,417,46,44,47
173,154,36,37,41
594,471,119,112,89
892,442,49,47,50
104,240,211,210,235
16,79,114,106,110
234,443,55,51,51
190,375,44,40,48
615,366,43,43,44
306,465,128,119,93
258,272,46,45,47
1199,10,243,235,253
1142,301,231,227,244
678,327,48,45,47
480,270,55,57,61
171,169,108,105,117
162,348,40,43,45
380,372,43,44,47
975,363,48,47,52
212,329,42,44,43
1134,364,228,225,244
794,468,91,85,69
1041,91,59,56,55
1158,228,234,232,251
411,268,231,228,248
353,287,43,42,47
743,323,50,45,52
740,190,238,237,254
1014,25,98,76,62
434,120,40,41,45
138,363,41,43,45
408,302,47,42,48
1025,295,48,48,52
1028,209,45,48,53
131,358,43,39,44
802,407,47,47,52
73,200,121,120,132
1140,394,228,228,245
481,309,45,47,49
894,64,96,94,87
91,183,213,212,233
765,342,45,43,49
634,361,45,44,44
827,399,44,44,47
1028,52,91,78,62
870,364,47,48,51
604,9,49,49,48
1051,447,46,48,54
653,410,41,43,48
370,222,206,207,229
560,441,148,149,155
686,432,43,44,46
163,229,99,99,126
6,256,28,27,27
667,491,109,81,61
686,191,235,236,255
846,425,46,49,52
245,50,139,134,160
566,150,43,45,47
86,49,21,25,27
1030,216,48,47,50
74,89,151,23,31
776,352,44,46,51
1122,488,225,223,242
1048,396,51,49,53
807,469,57,50,50
211,430,45,46,50
619,64,43,44,47
1080,375,51,52,58
935,278,48,47,52
948,124,48,46,49
359,363,41,44,46
513,11,79,60,48
203,250,198,197,219
418,170,45,43,50
116,296,35,32,37
351,370,44,42,46
520,219,224,219,241
263,429,57,57,52
255,43,209,216,233
333,399,39,43,47
411,302,45,44,46
650,417,40,43,45
922,488,91,83,59
749,199,56,52,58
1159,492,230,233,246
1119,299,230,226,243
859,53,106,86,64
695,208,241,238,255
86,256,219,215,239
134,234,196,193,213
859,447,47,47,51
1198,156,239,234,254
822,148,41,47,49
100,74,145,128,149
17,81,117,109,120
888,476,48,50,52
291,96,33,25,30
498,493,122,108,63
316,166,33,36,37
551,373,46,40,46
325,197,191,191,213
636,35,48,47,47
63,375,42,42,46
618,41,47,44,48
34,45,52,57,52
503,282,47,44,49
232,373,43,43,44
1133,248,228,227,244
873,283,47,47,53
428,319,47,44,47
974,416,46,45,50
1137,326,230,226,241
56,93,197,189,198
237,338,42,43,48
613,70,44,44,48
438,372,45,46,50
1105,325,233,233,254
268,232,108,104,100
782,191,46,48,51
882,402,46,47,50
23,21,231,226,251
498,250,218,217,237
433,465,20,22,24
174,331,39,39,41
211,498,42,44,48
1083,445,61,58,59
896,100,51,46,50
151,61,140,125,145
835,294,43,46,51
1017,293,41,47,48
1015,161,49,48,52
178,90,35,28,32
1048,496,45,49,52
3,71,102,95,101
659,108,45,47,48
1089,471,239,234,252
526,379,42,40,45
537,238,103,100,97
174,417,45,47,47
1180,20,242,237,252
602,381,44,43,46
589,158,44,46,47
1092,365,242,240,255
1125,278,228,227,242
1099,240,238,238,255
710,328,43,45,46
529,317,46,43,45
627,283,47,44,49
826,266,47,48,56
655,88,41,43,48
1151,90,236,234,246
659,494,102,74,55
764,293,44,47,54
129,344,40,38,41
757,135,44,45,49
557,473,139,134,142
353,445,82,76,54
339,293,45,46,47
64,454,50,48,51
829,114,45,47,52
908,350,45,46,50
978,186,49,46,52
105,339,37,37,38
273,373,45,43,44
409,217,200,203,219
1034,249,45,48,53
365,374,41,43,46
250,179,191,186,206
963,36,95,70,60
214,184,190,183,202
607,433,40,45,45
919,87,50,48,50
801,189,45,46,50
732,216,218,220,213
1126,338,227,225,242
783,328,48,45,49
536,306,46,42,46
659,207,241,235,255
242,312,40,42,44
734,60,45,46,51
736,407,72,59,85
844,406,47,46,50
430,245,117,104,144
1012,124,49,48,50
905,229,242,237,255
672,436,41,42,45
1034,293,51,52,54
7,354,49,43,47
628,52,48,45,51
1177,77,240,235,253
307,259,202,204,222
623,63,47,44,48
22,196,89,81,85
842,0,101,96,91
804,27,49,50,52
394,212,208,208,230
1116,3,236,232,248
243,485,59,59,51
588,336,43,42,47
872,428,51,49,57
856,239,65,61,74
1060,449,48,51,54
99,152,187,181,199
73,47,119,110,118
200,140,35,35,39
203,292,42,37,45
337,75,31,25,28
170,325,37,39,39
361,31,39,30,33
1162,120,238,236,252
768,438,48,46,52
1157,318,233,232,248
354,342,44,44,46
552,42,45,43,45
640,222,229,233,246
947,193,44,49,49
571,364,40,41,45
941,197,49,47,49
944,155,45,48,50
322,153,34,32,36
437,143,44,41,45
544,89,44,43,46
859,347,47,47,50
229,484,51,53,53
468,469,179,182,201
384,491,176,172,181
88,453,46,45,50
610,330,43,42,46
626,182,227,228,237
296,86,34,26,31
1154,33,235,233,249
1090,440,240,236,255
809,383,46,46,53
798,180,47,46,49
911,148,48,47,54
216,196,83,74,91
756,260,239,238,255
1112,19,237,234,253
824,153,44,47,48
804,385,43,47,48
149,57,141,128,148
697,18,53,48,54
759,474,158,152,159
701,52,41,48,50
289,425,59,58,44
986,464,46,48,50
1012,59,96,83,72
161,326,41,37,43
352,298,41,44,45
534,164,47,44,49
288,427,86,89,60
996,322,49,47,48
87,86,153,24,30
380,440,195,195,216
829,68,46,47,51
743,475,115,113,95
539,3,81,71,52
477,383,40,43,47
907,410,48,46,50
540,447,142,137,150
675,44,46,45,46
718,325,50,45,50
176,288,35,35,37
368,117,35,31,36
646,441,43,43,46
310,295,44,44,44
439,273,234,232,254
1137,93,234,230,244
646,74,46,47,49
539,25,65,55,51
1171,1,236,235,252
964,125,44,49,51
849,347,48,47,51
1031,325,47,48,51
440,470,134,89,82
1156,90,236,233,251
75,114,152,29,32
684,246,46,47,52
643,69,40,44,48
228,413,45,46,47
777,214,242,241,255
599,85,47,42,51
1125,265,226,229,244
34,364,45,43,46
1071,469,232,241,233
832,125,46,47,52
972,117,48,47,52
370,470,56,52,51
1155,356,234,232,250
329,173,189,189,204
991,181,47,48,51
876,177,49,46,54
1048,319,50,48,54
963,237,46,48,51
652,274,46,44,48
568,200,231,228,253
258,384,47,43,48
99,26,115,110,120
922,88,47,49,53
762,449,48,47,49
54,101,152,24,34
664,348,41,44,46
927,111,49,47,53
277,366,39,44,45
873,85,47,47,49
139,319,36,36,39
577,362,43,42,47
1068,19,92,75,66
62,66,30,26,31
1061,292,55,56,58
1036,49,107,93,77
1028,335,46,48,51
141,140,137,143,159
616,261,46,48,50
131,266,213,209,231
591,208,235,233,255
18,136,158,26,37
483,262,206,202,219
789,430,47,46,48
1106,68,236,234,252
4,48,64,66,70
231,335,43,43,44
536,111,45,44,45
2,101,133,24,28
597,409,46,45,44
901,150,44,47,50
726,39,56,52,52
1044,55,119,112,102
139,201,200,197,220
400,382,43,42,48
1134,163,230,228,245
59,427,64,62,58
611,256,51,50,54
396,474,51,49,51
162,478,46,49,49
28,93,33,29,30
1085,7,244,245,255
924,9,151,101,72
84,108,154,27,34
748,108,46,46,49
803,159,48,47,51
59,67,24,27,27
221,43,199,185,209
23,434,49,51,49
126,290,38,34,34
341,432,90,84,56
534,401,40,42,43
145,295,31,32,35
1095,135,238,239,255
1083,491,72,74,62
122,29,29,30,29
29,30,229,229,252
481,18,68,52,45
520,369,43,43,44
328,381,45,44,47
508,257,220,221,243
496,247,213,218,233
944,306,45,46,49
143,467,49,48,52
681,176,50,47,53
905,180,50,47,50
603,339,47,47,44
12,425,53,53,55
519,162,46,45,47
292,225,191,190,210
1114,384,233,232,246
963,91,51,48,52
218,9,186,169,192
27,366,42,46,47
386,366,40,42,47
513,496,100,90,57
334,88,34,26,28
638,346,45,43,49
576,394,43,43,48
663,163,47,44,51
296,215,195,190,210
286,71,33,30,33
396,216,100,99,115
687,209,236,233,255
102,102,157,32,40
777,85,45,47,48
292,270,44,46,47
1153,202,235,233,248
335,91,32,28,28
163,8,153,136,158
43,265,31,28,29
944,452,166,168,124
495,66,43,44,45
68,460,52,47,48
477,107,45,42,44
670,385,43,43,46
1184,406,239,236,253
485,262,207,207,224
107,447,51,47,51
164,299,39,36,39
359,158,40,39,41
910,191,46,48,53
350,104,32,29,32
657,201,240,238,255
370,251,215,214,236
31,130,150,26,30
1116,76,234,228,245
497,65,43,43,47
24,152,167,25,36
46,328,39,34,35
169,410,41,43,48
129,111,166,30,41
457,84,42,41,43
753,199,57,62,61
349,229,70,71,90
1100,99,236,235,254
301,89,33,25,30
163,122,148,149,163
875,66,48,49,51
1109,142,235,233,251
85,432,48,48,50
407,380,43,42,45
427,138,42,40,44
574,415,42,44,46
655,120,47,46,48
111,335,34,32,35
815,378,44,46,47
395,68,36,30,32
853,384,42,45,48
1028,376,48,47,50
773,70,44,46,52
637,125,45,45,48
495,371,38,42,42
1052,314,47,48,54
648,272,46,45,50
967,150,42,46,53
341,130,29,32,36
933,306,48,45,49
973,1,107,83,66
1117,142,232,231,247
49,96,190,190,207
479,50,44,42,45
722,430,43,43,48
460,485,180,182,197
462,180,46,46,51
485,312,46,46,49
422,419,41,45,47
916,252,64,54,95
99,493,50,48,48
396,489,63,57,56
815,444,47,45,51
657,28,49,49,50
746,204,241,236,255
636,460,176,179,200
33,298,33,35,37
9,418,54,56,54
928,340,45,46,51
729,176,46,44,51
186,397,45,43,45
340,129,30,32,35
658,181,237,236,255
1078,309,56,56,58
366,138,39,36,39
1091,487,239,236,255
116,61,158,141,163
921,114,49,47,50
833,150,46,46,50
981,384,42,47,47
227,464,65,65,54
383,104,37,34,33
1087,474,240,235,255
457,468,181,186,209
1151,176,237,233,249
1188,201,239,237,252
265,469,112,100,78
893,57,101,99,101
753,276,47,47,50
39,464,47,47,51
586,239,235,236,255
1106,249,236,231,252
104,476,44,44,50
1070,143,50,51,55
578,66,47,43,47
671,214,104,101,141
673,255,46,46,52
273,384,43,43,44
632,438,44,45,48
792,261,241,239,255
734,201,243,237,255
1079,317,248,247,255
919,240,52,50,55
24,134,157,27,32
1017,120,49,50,49
388,61,31,25,30
749,264,140,145,174
548,22,46,46,47
452,235,229,230,251
631,452,185,191,213
571,49,46,44,46
1056,43,111,105,106
428,221,221,221,243
798,182,47,47,53
422,128,40,41,44
401,474,52,54,50
470,435,180,185,204
781,245,239,237,255
979,178,51,49,54
1129,7,233,229,242
801,274,51,54,58
881,399,48,48,51
827,92,44,47,49
614,337,44,44,46
275,339,43,45,48
1168,498,235,230,246
728,315,43,44,47
231,128,34,27,31
1171,51,237,235,251
301,146,30,28,33
985,115,47,49,51
1130,377,228,225,241
447,457,131,113,115
543,229,226,226,248
405,494,86,80,72
631,26,51,50,52
797,206,56,53,55
839,420,67,61,55
1183,148,237,234,253
308,217,190,187,207
447,127,43,42,46
776,108,46,44,50
441,202,217,217,231
923,293,49,47,51
964,475,46,46,53
399,317,49,49,49
777,349,45,47,49
973,321,47,45,51
437,440,40,40,48
1039,353,47,48,51
474,340,49,48,52
319,356,45,44,46
758,392,41,46,46
1093,256,241,238,255
742,118,47,46,48
210,281,207,204,228
78,449,50,49,52
408,50,34,28,31
898,131,47,49,52
695,240,236,240,255
427,222,220,219,241
3,292,37,37,41
521,245,222,224,244
590,254,237,235,255
989,30,108,85,63
307,288,45,44,46
51,498,66,62,58
277,49,43,43,46
175,56,167,153,177
987,345,43,46,51
43,319,37,36,36
876,264,239,236,255
268,442,56,60,50
538,207,56,57,62
1027,82,87,75,63
740,316,42,46,49
1047,258,49,50,51
164,454,50,49,49
294,260,200,199,221
1146,305,228,229,249
968,71,75,67,57
483,338,44,43,49
230,85,43,43,49
1169,296,238,236,253
547,294,40,44,45
387,302,43,44,47
620,266,44,44,47
908,63,108,101,96
1077,338,56,50,57
179,58,167,155,177
109,148,199,188,210
460,82,40,42,43
538,58,44,42,49
487,357,43,42,46
1125,329,231,228,244
1024,382,45,48,51
839,442,47,47,51
815,134,43,45,48
318,258,204,205,223
581,136,44,43,47
235,147,35,28,31
544,220,229,227,251
1018,156,49,49,52
154,263,209,209,229
830,377,46,47,51
1173,51,240,236,251
891,276,47,50,52
387,42,33,24,28
301,408,42,43,44
735,228,240,239,255
700,253,44,46,51
203,69,43,35,39
292,342,41,44,45
483,24,66,52,47
660,17,48,49,50
525,381,42,42,44
15,12,148,147,174
586,108,42,45,46
533,267,189,188,218
991,22,120,90,66
1023,198,48,48,53
690,235,234,234,255
284,97,32,27,31
754,31,52,51,53
708,294,45,45,47
546,336,41,41,43
1189,477,234,232,251
337,12,37,36,42
912,254,239,235,255
297,349,42,42,45
1167,276,237,235,254
427,73,40,37,40
1146,127,233,232,246
1126,286,226,225,240
1177,430,239,235,250
182,349,41,45,45
1006,77,93,82,68
111,462,50,45,48
360,433,78,74,55
704,174,48,48,51
374,387,42,42,45
561,289,44,45,48
635,405,40,43,45
311,238,158,157,179
1043,168,50,48,53
259,255,196,191,213
981,294,46,45,50
992,402,46,48,52
893,25,81,72,66
236,283,211,212,234
666,68,47,46,51
427,442,143,127,127
554,123,43,43,45
681,97,45,44,49
68,477,73,62,57
1025,67,103,89,78
231,461,95,96,63
519,122,45,43,47
846,86,49,47,52
1049,346,48,47,50
300,53,37,33,36
509,101,36,27,33
706,7,57,51,54
868,295,42,46,52
540,492,162,153,141
886,179,47,47,51
591,103,48,43,47
1001,102,46,48,51
374,497,60,58,53
685,260,46,46,51
716,269,46,45,53
397,192,212,208,230
5,160,173,28,39
434,197,220,220,239
612,137,43,44,47
652,161,45,46,48
767,329,44,45,48
1153,103,235,233,250
1082,445,54,54,56
347,287,42,43,44
987,187,48,50,53
421,361,43,44,45
819,161,42,46,48
709,80,41,47,48
588,447,138,133,138
686,474,113,87,62
414,190,214,213,234
272,460,92,88,63
519,349,38,44,44
417,217,98,88,111
1003,162,48,49,51
10,104,139,20,34
750,414,45,46,49
779,419,45,49,50
1150,9,236,232,248
502,361,41,44,42
1185,83,238,237,252
102,457,52,50,51
1127,328,226,225,242
111,234,198,195,216
436,195,220,220,244
499,235,220,215,238
534,217,230,225,249
274,440,62,62,51
1091,145,74,69,66
491,266,212,216,236
1044,296,54,56,61
882,55,105,102,97
964,293,46,47,50
41,329,40,35,40
342,47,29,25,24
426,275,72,62,87
935,52,121,113,105
994,490,47,48,51
482,251,194,191,203
608,266,43,44,51
84,324,38,36,41
755,159,49,47,51
522,160,45,46,48
111,445,82,84,82
315,262,205,204,229
1161,134,235,235,251
1092,481,236,233,251
1165,218,235,234,248
637,318,43,43,50
697,23,50,50,52
842,118,44,47,52
1199,305,240,237,255
748,151,45,46,49
352,474,55,53,51
273,433,64,61,50
1064,51,97,91,94
583,136,44,45,48
936,279,47,47,48
596,157,44,43,46
530,149,43,44,49
843,48,99,83,57
21,465,51,50,53
834,53,65,61,58
459,240,105,109,133
211,361,44,42,45
555,288,45,44,48
408,403,45,43,45
1145,481,228,228,243
865,383,45,44,48
1166,360,238,236,250
235,395,43,43,46
127,257,216,212,235
490,169,48,47,55
986,38,106,82,63
275,145,29,28,28
473,217,164,164,171
98,109,158,38,57
331,424,46,45,46
653,79,45,44,49
311,440,81,79,55
717,288,48,45,49
932,151,48,47,51
81,42,121,111,122
222,426,48,46,51
788,441,47,47,51
82,60,188,186,206
551,231,98,81,88
1078,14,93,74,66
1033,404,48,50,52
128,20,30,29,35
354,129,36,31,33
385,240,209,213,234
56,103,147,24,35
352,478,81,76,69
1031,40,105,79,61
1053,56,110,95,84
124,243,199,193,208
1023,41,101,79,65
997,70,73,61,56
905,421,42,48,50
409,66,36,30,32
454,360,19,23,20
871,212,49,49,50
584,459,121,108,102
799,64,46,48,50
756,267,55,53,57
1153,209,236,233,248
690,182,239,240,255
452,357,78,76,81
444,381,59,60,59
1020,43,99,75,63
674,487,108,82,60
843,38,83,79,70
460,331,14,18,18
1107,132,240,234,251
1057,227,49,49,54
225,279,207,203,226
77,442,48,46,49
1108,39,237,233,253
355,112,32,30,33
279,69,39,35,41
1099,276,234,234,254
494,44,45,41,47
241,10,182,170,190
702,106,46,47,48
860,181,47,46,50
94,462,93,86,80
769,273,51,49,55
931,224,49,49,51
383,162,46,41,45
1123,293,231,227,242
647,244,49,45,49
602,424,44,43,46
270,197,183,178,191
692,144,47,46,49
23,379,42,43,46
139,433,52,46,52
160,412,41,43,46
1091,72,162,155,127
798,371,48,46,49
160,409,40,45,47
280,8,198,189,211
103,328,35,34,36
17,144,162,27,36
150,84,154,140,164
1147,362,234,233,251
927,204,49,47,50
500,344,45,47,48
196,184,192,184,205
525,258,228,226,249
697,52,45,46,48
220,57,197,190,209
291,413,45,44,46
756,98,47,46,50
490,259,213,215,235
150,384,43,42,44
521,97,45,43,48
1117,439,233,228,244
520,424,40,41,44
1078,113,56,58,61
1056,121,46,51,54
146,130,204,196,216
1167,391,236,235,247
384,171,42,43,45
218,215,186,180,203
220,51,200,192,213
757,90,44,48,47
1087,262,97,80,83
882,48,100,99,96
650,222,237,236,255
247,127,32,26,30
822,487,154,153,161
865,430,49,48,51
1054,351,50,49,54
1056,134,52,50,55
756,272,49,49,49
966,388,46,45,52
399,399,41,44,47
276,121,32,27,31
898,29,90,85,79
176,17,162,143,164
125,213,202,198,223
799,158,48,48,49
701,176,47,47,53
448,105,44,41,42
710,116,46,47,51
610,184,234,231,255
889,387,42,44,49
951,355,46,47,52
703,390,43,43,45
425,424,47,46,48
114,60,155,138,158
172,463,49,50,51
105,81,151,135,158
1040,154,49,48,54
672,155,46,46,48
545,359,40,43,44
601,45,47,44,48
943,419,42,45,46
1188,195,239,237,252
319,378,43,43,45
1008,2,115,88,67
164,168,50,49,57
673,275,45,43,48
1165,449,232,233,247
549,172,44,46,50
1003,416,47,45,50
90,455,47,47,49
521,431,48,44,48
988,304,49,47,49
155,395,45,43,45
771,246,239,238,255
798,143,47,49,53
985,140,46,48,51
197,270,210,207,229
571,457,133,131,136
630,216,235,236,255
687,426,40,43,46
1024,359,47,49,54
126,265,210,211,233
847,419,113,110,75
1118,229,232,230,248
501,41,76,60,51
766,393,43,47,46
86,227,120,115,144
530,360,43,41,46
621,422,43,47,47
586,417,43,43,44
1001,474,50,49,52
48,172,173,28,37
58,24,88,89,97
626,296,44,45,48
397,37,39,31,35
311,357,41,43,46
677,201,241,238,255
750,95,43,47,46
184,280,210,207,231
663,317,44,48,49
169,279,215,210,235
806,278,47,47,50
338,242,203,202,223
289,453,72,70,52
970,407,47,47,51
912,198,47,47,50
652,275,43,44,46
753,2,50,48,51
307,18,45,42,49
191,352,45,42,46
278,228,191,187,209
743,295,45,44,47
8,405,48,46,52
627,178,230,231,248
15,22,222,221,246
1051,33,89,72,62
621,320,44,47,49
602,295,42,43,46
1067,17,97,76,64
632,94,42,46,47
968,222,45,46,50
692,344,41,44,48
322,65,32,25,28
1131,416,228,228,242
264,434,65,61,56
1103,78,236,233,255
419,37,34,30,32
167,254,204,202,223
757,150,44,45,50
468,455,181,185,201
950,185,44,48,51
424,307,47,45,48
719,333,45,47,50
370,483,73,67,59
33,397,44,44,46
231,183,189,184,206
766,86,50,47,50
241,342,41,45,45
178,422,52,53,52
377,136,40,37,39
1183,361,239,235,251
291,326,39,43,45
484,7,62,49,45
925,346,46,47,51
725,147,46,46,48
1001,237,45,47,50
1162,418,237,233,246
502,285,46,44,46
129,183,218,220,245
779,13,50,49,53
534,50,45,42,48
891,332,44,47,51
780,84,47,43,52
976,187,49,47,51
508,16,81,60,48
1009,298,45,46,52
1031,425,50,50,52
216,152,33,28,30
466,171,43,43,47
648,48,47,44,49
240,106,38,35,38
893,373,49,45,51
521,489,94,95,67
550,377,42,41,45
348,259,209,208,230
759,293,42,45,48
1016,69,102,87,74
22,157,168,27,37
459,256,94,92,87
549,495,127,119,100
906,338,45,46,49
941,415,46,45,47
461,289,48,49,51
317,237,192,191,212
1123,324,230,229,244
1100,50,236,233,252
861,467,47,48,51
391,394,41,45,50
287,367,42,44,46
1165,489,234,233,249
831,95,49,48,50
138,340,39,37,41
264,181,187,184,203
243,47,102,107,121
300,5,214,214,234
449,384,17,19,18
177,310,39,39,44
1106,410,239,235,253
527,412,44,43,44
1060,192,47,51,51
583,221,234,233,255
688,360,43,43,50
966,211,49,47,49
1166,275,238,234,254
498,296,46,45,46
285,357,46,42,44
966,153,50,48,50
77,56,185,181,203
703,394,50,44,47
1180,0,240,236,254
545,258,228,229,255
711,196,239,236,255
1199,109,240,237,253
670,12,45,48,53
1169,90,238,237,252
806,328,43,45,51
680,141,45,47,49
336,96,33,27,29
631,424,43,42,49
1068,77,74,64,65
657,134,48,46,52
51,281,32,28,31
922,408,47,46,51
448,472,164,161,172
254,281,47,48,50
1112,86,234,229,247
40,72,116,105,113
1198,380,235,236,254
718,446,44,45,45
693,173,46,48,51
14,97,131,98,77
1186,169,238,236,251
1141,197,231,231,245
153,357,44,41,42
1024,366,49,49,51
120,135,37,27,32
720,272,48,46,49
612,157,46,46,50
875,329,47,45,51
1073,445,51,52,54
55,99,152,25,32
1094,224,241,241,255
335,429,64,60,51
709,430,42,43,47
27,88,112,92,90
438,155,41,42,46
304,388,42,43,44
340,307,43,41,45
3,333,44,40,48
384,110,33,32,35
1041,374,49,47,51
347,352,40,43,45
267,303,43,44,47
637,70,45,43,49
1,130,158,25,39
149,463,51,48,52
827,13,85,85,78
354,81,26,24,29
638,396,43,48,45
1164,143,235,233,251
127,365,40,40,44
849,45,107,93,64
643,250,44,46,49
607,245,235,234,255
1022,463,47,47,53
153,179,206,203,225
1176,349,239,236,252
1087,163,109,110,117
526,359,45,41,48
370,53,24,22,26
1132,424,229,227,242
692,305,43,46,48
144,63,156,139,162
994,152,45,48,51
844,118,49,47,51
433,454,77,76,84
135,349,40,39,42
395,71,32,29,32
710,198,240,235,255
313,329,45,42,47
789,223,239,236,255
16,415,55,53,55
1198,97,237,236,250
683,41,46,46,51
1134,260,229,228,244
952,395,46,46,50
936,245,45,46,51
307,308,43,43,47
1081,215,247,247,255
651,137,44,46,48
294,493,46,45,48
104,276,40,35,35
199,325,39,43,45
1027,264,46,47,51
50,460,52,46,50
1043,420,48,48,51
1036,57,169,159,144
852,403,47,46,49
795,384,47,46,51
702,97,44,46,48
1162,23,239,235,253
693,129,43,45,51
47,285,38,33,34
570,104,44,43,45
29,48,84,98,99
468,487,117,114,79
671,446,43,42,45
50,145,160,28,36
224,407,40,43,48
259,353,41,43,45
1130,176,229,227,245
1013,307,43,48,51
949,65,105,98,99
658,278,45,45,46
20,399,48,44,49
478,323,47,45,51
1179,400,240,236,252
999,196,43,49,53
376,11,41,34,29
302,96,29,23,26
445,319,42,46,46
1110,385,234,229,245
856,331,49,47,50
368,278,47,44,51
740,391,43,45,47
17,412,50,52,51
582,482,132,119,106
427,145,44,44,47
1188,342,237,235,252
420,409,43,44,43
462,81,44,41,45
426,399,45,48,49
401,344,45,43,44
505,326,38,43,47
182,393,45,44,49
32,34,228,229,252
590,487,141,134,119
645,476,149,146,156
309,39,42,41,43
31,71,114,100,111
1062,450,49,50,53
1108,234,234,230,247
681,59,46,46,47
801,278,46,47,52
1083,83,63,61,66
324,140,29,28,32
110,124,162,32,39
1050,349,49,49,52
534,415,42,42,44
168,299,37,34,39
422,120,42,41,43
856,321,45,45,49
608,110,41,43,46
632,279,44,43,48
950,186,43,47,51
25,188,63,60,67
135,72,160,145,167
1028,73,96,87,71
165,200,161,161,181
1183,57,239,236,254
166,173,200,196,220
818,171,47,45,48
1089,275,118,108,78
1101,283,234,233,254
400,90,34,33,36
538,98,46,43,47
807,437,44,49,51
479,459,172,179,195
469,283,24,24,26
273,365,41,45,48
333,344,45,43,50
403,454,52,53,52
1117,109,230,228,246
1155,0,236,234,250
1024,470,46,48,51
206,304,35,40,45
75,253,45,40,41
1052,391,49,48,52
650,108,42,45,49
670,305,43,42,47
470,365,46,46,49
265,403,43,43,48
35,261,38,31,34
640,15,53,51,52
808,27,56,49,54
67,379,42,43,45
989,379,48,48,52
240,480,55,54,51
1036,6,103,82,67
897,20,95,86,80
948,198,46,47,49
951,496,176,162,129
1126,429,229,227,243
262,212,191,188,207
682,58,49,46,50
771,182,47,47,53
1031,457,52,49,52
902,373,44,44,49
974,452,104,93,55
1148,199,234,232,247
1129,135,228,227,241
373,388,42,43,44
77,268,43,34,38
462,492,111,108,68
382,302,36,44,44
418,79,38,38,38
144,272,214,212,236
227,445,49,47,52
34,337,37,38,41
489,122,43,43,45
1195,386,236,233,253
1169,478,237,234,249
1130,188,230,229,242
753,337,49,44,48
514,145,45,44,48
603,354,46,45,49
393,393,43,43,47
1034,301,54,51,56
637,404,41,43,44
733,43,51,49,51
511,409,44,41,47
119,136,37,31,32
135,436,50,48,52
897,420,47,45,50
626,301,46,45,46
344,185,198,194,215
1032,225,47,48,51
338,478,143,138,151
6,372,41,46,47
778,336,44,44,48
679,400,47,47,46
687,87,48,47,49
886,305,48,45,51
1039,59,126,120,99
679,253,48,47,50
245,396,44,43,46
1156,98,238,233,248
393,176,43,44,47
1105,9,238,239,255
290,190,189,185,205
456,179,45,45,47
1029,471,48,49,52
993,146,50,47,53
207,415,45,44,47
507,155,47,49,53
634,30,51,48,50
1010,401,46,47,51
679,418,45,43,45
74,9,228,228,250
299,148,29,30,31
983,455,67,52,104
29,85,99,80,76
931,254,46,46,51
1047,26,107,83,65
824,12,81,81,76
442,194,224,222,244
248,78,46,49,52
1152,453,232,229,247
375,399,39,43,47
870,309,47,48,50
780,418,44,48,48
388,193,205,207,226
977,118,49,47,50
532,274,44,47,49
374,239,208,210,230
608,233,236,235,255
992,63,100,81,68
746,62,48,47,50
1102,368,240,239,254
728,286,45,46,49
82,130,161,70,89
289,106,30,26,25
376,425,45,41,46
48,484,47,47,47
827,111,47,47,52
386,448,191,198,214
762,208,244,239,255
703,407,45,42,46
51,387,44,44,48
821,402,46,46,51
957,474,46,50,51
406,456,56,59,56
277,435,65,63,52
1188,180,238,236,254
1194,133,240,237,255
969,427,50,47,51
704,273,45,48,48
624,30,47,49,53
184,113,121,119,134
491,178,24,21,23
216,309,43,44,46
1053,137,48,49,52
425,333,46,46,48
551,170,47,45,49
659,323,44,46,50
558,244,228,232,255
582,56,43,43,49
229,111,33,33,37
827,105,47,48,51
721,218,237,238,255
608,36,43,45,47
904,242,242,238,255
263,149,33,28,31
1152,146,233,231,248
297,394,45,44,49
544,443,133,132,142
770,325,43,46,48
1019,415,47,48,51
1026,31,99,77,62
680,112,46,46,48
792,133,43,46,47
1026,111,48,50,53
36,386,41,44,47
823,79,46,48,53
79,81,150,24,31
1036,34,105,79,62
1028,62,133,126,112
643,184,237,238,255
363,123,32,31,33
493,402,44,42,46
458,150,42,45,45
229,118,30,29,32
1020,359,45,49,54
364,322,46,43,43
472,364,45,43,48
118,51,162,143,163
266,190,187,183,202
1060,338,48,48,53
754,99,43,46,50
452,123,45,41,45
1042,355,49,47,52
1103,155,242,241,255
409,490,80,76,66
225,216,184,185,204
293,459,105,102,71
1170,47,237,236,254
1079,368,53,53,58
302,475,131,122,102
598,401,43,42,47
81,349,36,39,38
171,145,37,38,42
351,242,206,206,225
764,332,49,47,50
199,18,186,168,191
733,117,47,46,49
244,82,49,50,55
1159,40,235,235,250
638,195,238,236,255
590,477,100,96,79
559,459,141,136,148
228,76,112,116,132
337,3,72,70,78
276,482,68,61,51
268,240,182,185,205
139,422,48,47,50
218,7,173,156,184
253,394,42,43,47
186,495,46,48,47
335,253,206,206,226
130,449,49,48,50
399,491,66,58,52
823,220,243,241,255
344,472,68,65,60
689,278,46,45,47
644,1,52,51,54
399,306,42,46,48
160,438,48,47,48
821,343,46,45,48
980,44,96,74,60
53,350,41,40,42
65,212,117,111,118
30,311,40,38,39
739,165,45,47,50
38,35,231,228,252
1188,78,239,237,250
797,316,47,45,52
569,470,138,136,135
1041,356,49,48,52
717,438,45,45,48
137,71,159,143,166
1025,459,46,49,50
503,218,217,214,234
62,1,192,190,205
574,311,45,45,49
1161,412,238,234,250
112,341,34,36,38
1042,175,48,48,53
134,135,39,30,37
517,375,44,43,44
9,449,47,48,48
627,39,45,47,48
798,317,48,48,50
146,269,212,212,233
240,335,42,44,46
810,448,44,45,51
783,45,49,47,52
210,446,48,47,51
644,335,44,43,48
597,258,43,48,54
725,101,45,45,48
234,206,48,43,44
1166,468,236,232,249
286,186,185,184,203
802,285,48,47,51
1058,159,50,48,53
622,467,159,156,164
194,320,43,43,46
660,337,44,43,49
1023,193,48,48,50
249,12,125,116,131
426,488,78,78,88
283,283,44,44,46
623,445,186,198,220
268,379,44,43,49
885,214,51,49,52
68,20,41,33,34
229,258,203,199,220
480,246,63,65,70
849,80,53,48,50
194,172,190,185,207
1050,417,49,46,55
967,214,46,49,50
257,330,41,42,45
156,157,48,48,54
590,364,37,41,42
630,204,129,126,159
552,256,232,230,255
542,492,134,121,97
1030,320,49,49,51
363,478,75,65,56
673,131,46,46,49
679,431,43,45,47
1001,172,48,47,51
432,7,36,29,33
1136,151,229,227,243
792,241,241,240,255
135,353,39,39,43
609,112,45,44,47
78,134,165,91,120
1069,96,58,53,58
1092,346,247,246,255
981,134,48,47,50
675,11,51,50,52
514,263,223,222,246
261,188,184,182,197
946,139,48,48,49
728,105,46,45,48
236,84,47,48,51
329,277,46,45,46
827,93,44,46,47
743,74,44,45,47
614,198,238,232,255
110,273,45,40,43
758,83,45,47,50
835,85,51,46,54
890,477,50,49,48
725,150,44,46,50
701,357,44,44,47
170,387,41,44,46
766,278,48,49,50
693,311,44,44,48
299,323,42,42,46
96,155,40,30,32
342,19,40,34,34
456,421,52,50,52
711,429,43,45,46
953,221,51,46,51
727,330,44,45,49
903,298,46,47,50
336,10,40,37,42
1082,249,252,249,255
929,386,46,47,49
941,362,47,45,50
983,299,46,48,51
882,166,45,48,50
797,49,50,51,52
661,101,44,45,48
108,62,141,122,144
1179,310,240,236,251
771,458,46,48,51
1,186,111,114,115
463,418,47,46,49
559,197,108,108,131
834,149,45,46,50
753,417,46,46,51
1113,324,233,230,247
299,273,43,45,47
359,28,38,29,29
1093,190,246,248,255
