x,y,R,G,B
1109,179,238,236,254
101,450,46,46,45
857,469,42,46,50
1187,485,237,234,254
272,51,45,45,52
958,430,50,47,51
114,472,49,49,53
60,384,40,42,45
110,3,110,102,115
877,319,46,49,49
1003,478,47,49,50
81,72,187,179,186
794,349,42,44,50
653,391,119,122,84
65,108,155,24,33
541,288,42,45,46
570,169,47,46,48
714,240,241,240,255
77,259,206,208,231
113,444,54,52,49
688,137,41,45,47
793,415,106,122,147
519,205,222,219,242
759,290,43,44,49
170,342,40,40,44
59,210,70,73,76
156,452,49,47,52
884,85,47,46,51
259,102,34,31,32
380,239,211,212,236
834,5,95,90,89
518,375,43,40,46
1108,458,236,230,248
632,370,42,43,46
1181,214,242,236,255
49,280,30,30,32
104,36,190,187,208
1198,62,240,236,251
201,370,41,42,46
95,461,71,68,61
1056,38,110,101,102
992,443,49,52,57
1070,481,52,52,57
878,108,49,47,52
1077,359,245,243,255
660,87,46,47,49
650,258,41,47,49
976,340,49,47,52
1048,112,49,49,51
251,249,196,192,217
928,60,91,91,85
693,429,48,45,50
105,364,39,40,44
243,438,55,59,52
390,22,69,55,46
866,313,48,48,49
191,459,48,45,52
989,321,48,45,49
1182,177,241,235,253
708,380,38,44,47
728,44,46,45,51
798,256,243,241,255
557,132,39,45,46
733,231,127,125,147
117,174,245,245,255
867,18,99,98,93
386,241,153,158,184
389,9,35,28,27
1134,188,231,227,243
746,437,46,46,49
1154,128,235,234,251
1025,451,47,47,50
608,417,44,44,48
357,418,40,43,45
245,450,62,57,55
682,490,111,82,62
440,240,225,225,245
74,111,153,27,33
265,50,40,34,47
35,36,229,228,252
223,424,44,48,48
379,461,152,151,163
489,482,110,108,63
743,110,47,46,52
850,282,46,47,52
882,163,46,47,52
1015,402,46,47,51
717,274,46,49,49
849,177,46,48,51
799,229,241,238,255
165,256,208,205,227
552,16,51,47,50
1025,269,45,48,50
770,408,195,185,168
183,475,47,45,48
1072,26,107,98,96
46,448,49,48,50
1020,242,49,48,52
924,380,48,45,48
625,234,114,117,157
51,469,48,46,52
483,131,45,44,46
345,396,40,40,44
797,336,47,46,50
1093,392,244,245,255
1143,45,233,231,247
489,294,46,47,48
865,224,239,238,255
84,412,48,43,47
632,17,52,48,52
1169,474,230,230,248
254,131,26,28,28
737,28,49,48,49
359,1,41,36,32
1092,484,238,236,254
420,418,45,45,45
185,4,154,28,39
121,462,50,46,50
218,340,41,42,47
1055,3,141,129,152
328,71,29,27,28
548,491,127,123,106
615,58,46,47,48
290,322,46,44,46
581,274,50,47,53
123,31,34,33,34
536,348,42,41,44
190,154,35,37,35
356,231,202,203,227
869,22,101,97,90
1075,152,94,85,67
984,278,47,46,52
646,199,239,237,255
1171,127,238,235,254
983,39,101,77,62
642,80,47,45,50
982,57,97,74,62
725,383,46,43,48
1147,280,234,228,243
258,328,43,45,46
877,206,48,49,51
160,400,44,44,48
141,301,38,33,35
667,22,51,48,51
899,193,50,48,52
1144,377,234,231,246
705,62,47,46,49
407,344,43,43,50
773,491,164,159,173
1155,255,235,233,250
1130,421,230,228,244
604,323,42,43,48
72,221,223,224,249
635,262,43,45,51
1020,413,50,47,50
771,142,49,48,50
866,80,48,48,51
214,228,192,190,207
288,471,111,103,74
473,371,42,43,48
708,460,130,112,85
319,291,43,45,45
1144,125,233,230,247
318,378,45,43,46
1105,134,239,235,254
679,334,44,42,47
687,168,48,45,51
188,76,199,185,210
852,196,48,48,54
314,225,177,178,197
901,336,45,46,49
663,315,45,45,48
1183,471,240,235,253
118,254,219,215,235
1029,28,106,80,62
513,93,35,35,37
162,444,48,47,50
668,209,234,232,255
101,297,33,34,33
1179,145,241,238,255
349,156,39,37,38
562,374,42,40,43
351,279,45,44,47
284,170,191,184,205
1060,390,49,52,54
1025,496,48,51,53
541,321,44,43,46
133,386,45,41,46
536,134,46,45,46
925,51,96,92,85
663,391,155,168,165
605,164,46,47,49
606,98,43,44,47
553,117,41,43,46
1077,386,245,245,255
1100,164,241,239,255
1117,199,232,231,250
31,70,110,103,111
1066,345,52,50,54
490,116,46,45,44
51,26,62,62,63
952,445,46,47,50
126,60,167,147,171
192,254,206,200,225
179,470,57,52,54
4,493,55,50,51
1146,474,230,226,242
1029,249,48,48,51
250,416,46,46,47
423,498,107,103,121
3,282,33,31,33
257,74,46,47,52
852,16,92,89,84
351,353,41,44,45
553,73,41,43,47
42,38,154,143,153
196,238,195,191,215
379,143,36,41,39
298,409,43,42,46
589,447,131,124,130
310,273,44,45,47
554,482,116,107,94
149,455,46,47,50
574,99,42,45,47
927,45,122,116,109
581,267,233,234,255
360,186,196,193,214
830,237,79,66,67
454,296,47,45,48
445,272,233,232,254
713,186,235,233,254
627,146,44,46,48
486,443,169,174,190
610,357,43,43,48
219,5,168,155,176
172,280,210,211,232
765,235,73,64,63
908,414,46,46,49
859,243,237,237,255
985,305,49,47,50
832,401,42,47,47
372,341,40,43,46
950,142,45,48,52
632,144,45,44,49
37,305,37,35,42
973,145,48,47,51
454,170,41,44,47
828,33,74,69,62
526,4,60,42,38
189,90,37,31,33
108,332,35,34,36
1087,388,165,176,198
761,0,47,51,53
698,282,48,46,52
1150,295,234,230,247
664,234,236,236,255
116,96,160,33,44
704,439,46,46,47
258,210,82,75,90
1138,370,233,230,247
617,224,84,74,76
468,188,75,68,74
844,299,50,47,49
85,494,44,46,50
753,427,42,46,50
27,40,151,154,182
355,477,68,61,53
776,148,46,46,49
1145,111,235,232,246
545,149,40,46,48
1120,407,232,228,245
769,319,47,44,48
873,443,44,48,49
240,418,39,47,48
1078,399,105,108,133
396,299,44,42,48
12,452,48,47,50
520,141,47,47,50
236,370,41,44,44
103,399,43,43,46
778,429,47,45,51
1156,444,236,232,250
868,352,47,46,50
57,300,32,32,35
748,444,46,45,45
1168,419,235,231,250
252,281,90,85,96
882,76,49,44,51
74,71,36,29,39
451,353,71,72,74
302,221,193,191,214
997,399,50,47,52
848,82,53,48,51
393,5,38,29,28
1175,168,239,238,253
852,221,240,239,255
645,314,41,46,49
1073,269,52,50,54
1130,399,228,228,241
180,389,46,42,47
698,147,46,45,50
169,383,45,43,44
228,244,194,194,213
123,482,49,48,50
899,125,45,47,53
521,240,223,220,246
498,298,43,46,47
356,454,77,68,51
562,431,44,42,44
735,172,48,48,49
638,17,51,48,52
20,271,34,35,35
1003,149,48,49,51
127,147,42,34,39
299,454,71,68,51
404,66,29,32,31
639,340,39,43,45
427,366,43,44,46
1194,107,240,236,254
472,166,41,45,43
1122,102,226,226,241
283,192,190,183,203
421,255,222,219,243
582,430,43,43,47
127,11,190,185,206
1010,95,47,50,52
999,76,64,60,59
1007,281,47,47,50
868,411,44,46,51
840,416,97,79,104
188,158,35,31,33
970,418,46,48,50
161,10,160,141,163
625,408,42,43,47
951,208,44,49,49
611,496,170,167,184
635,303,44,41,47
530,57,43,45,45
912,428,59,51,61
703,52,46,47,52
100,86,153,29,42
335,111,27,28,30
932,463,46,45,52
776,330,48,45,51
440,327,40,45,46
497,455,162,159,176
603,255,49,51,53
394,45,33,25,27
296,194,190,186,206
690,364,44,43,50
130,403,45,45,46
946,220,50,50,51
613,75,46,44,47
604,339,43,46,43
1044,357,47,48,53
990,44,111,85,66
9,251,36,30,32
935,260,48,46,53
300,133,29,28,26
1141,445,231,227,242
124,327,33,33,37
758,185,43,48,50
203,37,163,34,45
755,49,48,47,52
368,79,30,27,29
733,166,44,46,49
818,453,47,46,49
224,53,207,196,218
760,54,43,46,49
421,450,153,144,133
274,192,186,182,200
1167,190,241,238,253
1189,259,240,236,253
1140,303,227,227,242
339,461,88,79,65
993,477,45,47,52
105,404,43,42,47
640,429,44,47,54
261,304,44,42,48
370,156,42,39,42
238,348,40,43,45
1052,29,98,78,63
1057,169,49,51,56
1159,199,236,235,252
45,22,61,62,64
655,197,239,236,255
370,310,45,43,47
400,498,92,76,55
1144,486,228,226,243
901,404,44,44,48
569,24,47,47,47
422,327,41,44,45
921,344,46,46,49
310,459,126,119,97
575,164,46,45,50
448,95,39,42,45
707,63,43,46,49
30,394,44,43,49
455,496,115,108,74
407,393,45,43,48
446,344,47,44,49
863,19,97,94,91
99,478,48,47,52
130,2,117,111,121
981,469,49,47,51
175,128,118,113,138
306,310,40,43,45
1129,108,230,226,244
1142,89,232,230,246
712,206,236,237,255
741,341,45,46,47
840,155,48,47,53
113,440,58,61,59
1096,461,239,236,255
903,251,241,237,255
585,391,41,41,45
960,437,162,166,153
1009,375,49,48,53
168,467,55,50,52
796,455,48,47,51
885,461,51,50,51
533,42,45,43,45
1041,23,107,83,67
610,141,40,44,48
486,37,83,61,52
395,260,219,220,243
165,68,131,119,138
904,340,45,45,48
851,118,46,47,50
232,216,188,185,202
778,83,51,46,51
263,311,44,43,47
883,434,47,47,49
1182,86,241,237,253
866,392,45,46,51
444,329,44,44,49
779,130,45,47,50
83,160,103,32,35
563,221,233,232,255
525,473,137,135,141
267,72,44,42,46
776,297,47,46,49
73,238,44,44,51
1149,7,234,233,248
478,197,212,210,231
754,35,44,48,52
662,238,51,50,59
396,435,183,192,196
780,329,44,46,48
153,185,202,200,222
723,124,46,47,50
56,82,142,141,151
461,20,102,77,55
855,211,50,51,53
261,431,64,64,50
28,245,33,24,28
924,289,45,46,50
356,285,44,44,46
593,351,41,45,48
207,249,198,196,215
74,426,77,72,60
139,288,40,34,39
198,48,187,168,191
621,257,50,48,52
224,441,48,46,49
150,195,199,197,219
126,367,42,41,43
636,377,42,45,45
840,429,50,47,51
428,8,31,27,29
477,18,78,58,49
634,120,44,44,47
653,29,50,47,51
296,43,48,47,52
1042,36,105,87,65
938,205,50,48,51
1079,415,53,54,58
1079,20,60,59,64
500,420,42,41,46
549,421,40,39,46
21,422,53,51,51
561,244,230,232,254
880,226,241,237,255
611,368,42,44,44
931,34,144,101,75
625,446,186,193,215
45,260,33,30,32
686,66,46,46,49
181,491,46,43,49
437,71,41,38,42
616,371,41,42,45
595,492,180,180,191
1183,467,237,235,252
418,14,37,30,31
496,445,173,176,191
658,472,84,66,51
205,287,40,42,44
1077,89,155,148,110
430,235,224,222,246
827,368,41,48,51
308,209,76,63,77
818,451,44,47,50
1094,236,237,237,255
396,359,41,43,46
819,85,48,46,52
204,89,118,123,139
748,454,48,46,51
225,100,37,37,43
896,177,49,47,52
109,0,108,99,111
706,394,45,47,48
51,354,46,45,44
1131,220,231,230,246
112,105,160,27,37
588,378,45,45,46
940,164,48,48,53
1096,223,243,241,255
961,221,42,48,51
493,104,41,45,47
1187,274,238,235,252
280,309,43,44,46
421,328,44,45,49
217,38,166,39,48
1171,385,237,235,254
276,82,39,30,34
497,270,48,51,53
397,387,45,43,47
259,480,50,50,50
685,135,42,46,48
355,63,33,26,25
444,48,38,37,38
367,128,37,34,36
888,201,45,48,49
654,264,47,45,48
930,370,45,46,49
945,361,46,46,51
398,419,46,43,48
31,367,46,45,48
408,53,31,32,34
1193,236,241,238,253
633,459,180,180,202
493,96,44,42,47
120,402,44,44,49
1149,242,234,232,247
914,80,49,48,50
403,11,36,26,24
285,476,124,117,94
311,184,191,188,208
613,106,46,45,49
899,150,51,48,52
338,202,193,192,213
1077,251,243,246,254
942,469,48,47,53
434,93,38,39,44
1063,276,230,239,255
160,170,200,201,221
506,68,62,65,77
646,55,43,45,49
1158,0,235,234,250
628,398,41,44,44
616,55,49,46,49
890,288,45,47,48
924,304,45,46,50
578,290,44,42,47
1104,307,235,235,251
207,245,195,195,214
263,486,81,72,50
249,168,191,187,208
404,265,227,226,247
997,128,46,47,52
45,261,33,30,32
1039,316,50,49,52
970,20,98,75,60
360,449,65,55,53
545,390,46,43,45
614,20,49,49,51
219,141,33,27,29
84,201,242,241,255
950,240,48,47,51
159,259,208,209,230
661,192,236,235,255
974,222,46,46,51
412,12,38,29,29
618,77,41,46,47
838,425,44,49,52
1060,112,49,52,55
182,282,210,215,233
9,310,39,36,37
783,413,48,48,51
514,423,41,42,43
327,323,43,43,46
812,243,61,60,64
1143,82,235,229,246
869,249,110,107,169
1196,313,237,236,252
1125,60,225,226,242
221,60,98,90,117
96,471,63,56,54
766,376,45,47,49
286,290,43,44,47
197,316,42,40,44
230,497,64,63,56
274,215,185,182,202
70,192,39,27,31
1062,319,51,50,54
1043,236,45,48,52
136,323,37,36,38
43,35,223,225,249
407,369,43,44,47
1199,411,238,235,250
855,436,45,46,47
902,471,49,50,53
1114,121,233,230,247
1023,279,50,47,53
342,26,41,37,35
607,334,41,42,48
452,378,21,21,20
697,269,42,46,49
1082,127,242,242,255
306,56,31,27,31
25,431,50,49,52
1174,325,242,237,251
517,298,44,43,49
558,148,46,45,47
432,340,45,44,49
641,328,42,43,49
389,304,46,43,48
1093,236,236,236,255
674,17,54,53,55
1169,222,239,236,251
978,201,48,47,49
209,375,43,44,44
653,172,47,48,55
768,228,234,234,254
219,348,45,42,46
576,240,232,233,255
487,14,70,55,45
297,213,193,190,211
845,101,43,47,49
1022,193,46,49,51
363,218,203,200,224
18,431,49,51,52
1124,458,228,225,240
487,33,80,62,51
992,373,47,49,50
454,143,46,43,45
545,34,44,43,46
223,355,45,44,47
804,232,233,235,255
31,301,39,29,35
1073,207,51,51,57
1091,386,249,247,255
591,411,42,44,48
991,82,53,52,58
1047,4,94,73,65
1077,261,56,56,58
354,79,35,26,30
102,427,57,52,51
898,311,44,45,51
333,382,41,43,43
877,458,44,48,50
2,191,67,72,75
798,468,66,57,55
724,207,237,236,255
432,86,39,40,41
733,445,45,44,50
124,76,149,136,158
58,186,41,26,30
676,416,41,43,44
1094,152,248,251,255
199,259,202,200,219
186,409,45,44,46
939,371,46,46,48
168,194,192,188,210
1076,406,50,52,55
448,29,51,45,40
1116,425,231,230,247
1098,167,242,239,255
1087,402,239,239,223
150,373,43,43,44
476,217,187,189,211
267,213,123,115,130
763,331,46,44,49
549,387,41,43,44
324,420,43,41,47
263,251,192,194,212
1026,163,48,48,53
532,265,225,224,247
620,165,45,46,47
39,176,173,36,40
1078,425,250,247,255
393,268,218,219,241
426,129,45,40,45
888,198,47,46,50
1023,64,112,100,85
390,137,41,38,41
972,281,47,47,52
1026,371,47,47,52
334,13,41,36,43
99,85,155,32,54
1168,374,237,236,249
14,153,166,29,39
518,67,37,35,38
440,238,225,224,239
535,272,48,47,49
1029,100,46,50,53
150,334,40,40,40
771,439,41,46,50
789,62,47,45,52
545,60,41,43,45
544,143,48,45,48
99,107,157,31,34
615,496,120,120,109
68,293,33,31,35
325,357,41,43,46
80,140,159,30,35
162,250,206,201,223
773,77,46,46,51
837,159,46,48,52
982,84,47,50,49
457,453,172,174,184
683,86,45,46,47
56,144,156,27,37
936,489,55,50,49
134,103,159,34,45
718,178,49,49,53
424,227,221,223,245
219,259,205,200,222
539,326,42,42,45
848,207,49,48,51
962,269,48,46,49
647,130,43,43,47
1081,380,59,59,59
320,139,38,32,33
225,78,114,117,131
1161,76,237,234,249
42,91,188,185,205
744,227,239,239,255
659,160,47,47,52
760,127,46,46,51
1074,107,55,52,55
275,218,190,187,206
240,429,89,88,59
971,309,41,47,48
951,244,46,46,50
849,378,43,46,50
633,354,47,47,46
344,291,44,44,46
713,399,115,118,75
761,336,43,44,49
1117,161,235,232,247
709,404,44,43,49
719,171,46,47,51
524,15,63,46,37
1030,255,48,48,54
937,461,48,48,52
1105,398,237,234,252
369,188,200,197,221
1153,173,235,232,251
64,36,110,103,111
879,271,54,55,55
549,259,227,229,251
1140,353,230,229,247
843,466,46,45,51
400,412,44,42,48
1155,259,235,232,247
157,65,144,130,146
456,477,184,183,203
785,429,45,43,49
546,162,41,45,46
417,346,41,43,44
619,224,155,141,139
819,406,47,46,47
461,259,237,234,254
354,243,112,109,141
736,366,44,45,48
743,262,235,240,255
696,427,45,42,47
698,55,47,47,50
440,450,28,24,27
689,88,42,47,48
794,498,153,149,165
460,277,232,232,255
21,385,44,43,49
616,75,44,45,48
681,204,227,226,253
1063,391,54,53,55
1178,394,237,235,251
165,197,169,166,184
581,189,234,233,255
325,280,42,45,47
853,274,47,49,50
1,362,43,43,46
957,353,44,46,50
550,180,225,225,247
328,424,43,43,46
415,385,42,43,46
224,281,206,207,229
669,150,45,45,49
940,388,47,46,50
967,445,50,46,53
562,394,40,43,44
1108,129,236,234,251
615,113,47,45,48
300,152,34,30,33
107,42,188,191,211
650,248,50,46,51
973,278,48,45,49
589,388,43,42,45
1142,330,233,227,246
665,118,45,48,51
79,85,152,23,34
869,287,43,47,51
918,133,48,48,51
591,195,235,234,255
910,382,46,47,48
805,174,45,46,48
266,299,47,44,46
456,0,71,57,43
690,242,48,52,58
950,230,49,47,49
1109,461,235,232,249
43,235,32,30,32
683,433,41,43,49
229,499,61,61,51
910,14,180,121,71
689,130,46,47,49
512,263,220,221,244
848,85,44,47,49
327,257,207,206,227
479,336,44,43,48
1082,117,247,246,255
303,47,34,37,40
522,357,43,41,44
997,439,47,50,53
456,341,48,47,54
653,458,59,52,50
922,371,46,44,48
252,416,37,45,47
731,96,48,46,52
954,289,48,45,50
884,398,43,47,50
125,457,47,47,50
765,239,224,229,252
265,286,42,43,48
421,468,165,156,162
1008,235,49,47,52
206,49,164,36,58
236,74,162,155,177
795,43,50,52,54
590,373,40,43,44
884,471,49,46,52
112,158,194,186,210
729,269,46,49,47
504,172,53,50,55
114,317,35,34,36
613,277,46,45,46
213,410,47,44,48
1089,19,61,61,64
1006,493,51,50,56
1017,107,48,50,52
258,31,202,204,229
1099,33,246,243,255
1092,55,83,83,120
92,193,245,243,255
786,315,45,47,50
1189,98,240,236,254
1068,33,115,104,108
99,103,158,27,37
152,476,47,47,48
863,77,44,49,52
668,66,52,50,54
1090,302,237,238,237
424,53,36,31,35
571,468,130,126,127
314,251,203,203,223
672,178,114,107,122
38,349,42,41,42
791,272,79,69,126
729,332,46,45,49
1162,36,237,235,251
642,397,44,42,47
43,309,35,34,34
687,44,44,47,48
844,330,51,46,50
347,154,37,37,38
744,327,43,47,47
74,59,190,185,206
605,3,53,50,50
597,493,178,178,187
753,175,43,49,48
1065,366,49,50,59
1104,17,241,237,255
52,115,151,23,33
329,296,42,43,45
46,373,44,43,46
880,267,238,235,254
276,381,46,43,48
1094,44,228,227,248
482,178,51,48,50
360,314,46,45,48
1029,140,48,48,52
192,460,47,45,50
1078,183,247,246,255
48,67,113,105,115
434,31,33,32,36
891,357,49,49,50
81,164,47,33,34
307,374,44,43,43
1165,89,235,237,251
305,235,195,193,213
99,341,38,35,36
878,271,52,53,55
1166,103,236,235,252
492,235,57,59,60
334,472,141,138,152
474,120,43,43,45
625,315,44,45,47
238,239,190,184,202
484,442,163,167,186
118,130,59,24,30
432,251,226,226,242
457,149,46,44,45
1,172,104,102,109
396,396,46,46,49
199,265,205,201,225
184,13,157,57,77
1000,224,48,46,53
467,154,47,42,47
41,33,228,227,251
535,450,157,148,154
378,264,216,215,237
992,217,46,48,50
659,71,46,47,49
771,74,45,47,50
825,100,47,48,48
856,2,97,94,88
1087,220,253,254,255
481,126,41,44,46
152,412,41,45,47
986,305,44,46,51
315,450,71,63,48
977,45,89,69,60
409,338,46,42,44
649,434,42,44,47
611,150,44,43,49
174,476,46,46,50
789,85,47,45,50
671,110,42,47,48
1114,275,235,230,247
623,266,46,48,50
60,250,34,30,34
640,45,44,47,47
1075,416,57,55,57
910,324,46,45,49
115,408,48,47,43
160,375,40,43,44
1028,403,48,47,53
260,451,57,57,51
1066,266,50,50,54
534,495,154,144,135
381,130,39,37,41
145,370,40,41,44
712,235,240,239,255
135,64,160,143,167
114,387,46,42,48
497,220,216,212,229
1065,485,49,50,56
116,258,215,213,237
288,185,188,184,203
676,485,111,85,60
1174,180,239,235,251
791,244,242,240,255
357,127,36,32,35
865,275,51,46,56
509,207,218,214,236
240,292,40,41,44
202,370,41,43,46
85,484,45,48,53
244,249,192,193,211
929,144,46,49,50
106,467,48,49,48
342,425,47,45,49
1104,392,239,236,255
1182,402,241,236,252
1055,374,49,49,54
510,476,106,102,74
28,417,61,59,55
345,191,193,194,213
987,185,46,49,51
956,494,78,75,80
1090,87,221,229,252
525,453,127,119,128
860,359,47,46,48
466,17,116,92,66
914,389,45,45,49
1039,104,49,48,53
223,459,57,54,50
58,150,180,129,139
354,160,40,37,43
750,165,45,48,48
88,185,202,199,224
588,459,121,110,103
292,431,83,83,57
858,324,46,47,49
114,461,49,45,50
682,180,189,186,203
914,274,65,66,119
823,385,43,45,49
967,59,66,57,56
505,451,160,158,181
870,42,97,97,91
298,152,33,32,32
503,100,64,60,67
111,397,46,44,49
936,486,49,49,53
13,252,32,31,31
1142,400,231,230,243
922,353,45,45,50
763,277,49,47,49
194,65,73,52,77
923,444,116,109,71
839,495,159,150,114
359,273,48,47,50
778,91,47,46,49
127,91,161,147,168
820,50,53,51,55
214,33,181,153,166
772,304,46,47,47
96,90,153,29,34
265,453,60,55,51
304,147,32,30,32
220,201,181,178,193
8,179,76,75,78
1177,479,236,234,250
383,79,32,30,29
490,418,43,43,44
209,438,46,46,46
1151,241,237,233,247
1141,314,231,229,244
22,401,46,48,47
958,304,42,46,49
1147,428,232,228,244
987,304,45,46,48
361,194,195,196,216
830,397,45,44,46
685,33,54,50,52
495,422,42,44,42
206,112,38,40,43
673,273,41,45,48
919,358,45,46,50
443,168,46,44,47
884,78,45,49,49
412,222,221,221,244
882,364,44,47,49
508,74,13,14,17
753,483,164,158,152
183,3,153,25,37
901,36,84,78,71
958,385,42,45,51
457,83,43,41,44
256,158,35,30,30
248,301,39,43,45
629,310,44,42,46
543,361,41,42,46
14,160,171,33,40
904,464,49,51,55
383,378,42,44,43
1153,130,237,234,249
545,393,43,41,44
1122,334,231,226,243
35,381,45,44,49
35,41,227,224,247
372,329,45,43,46
475,23,59,49,46
736,35,53,50,52
410,466,82,74,67
71,29,112,103,114
207,478,49,47,49
503,235,214,214,235
1000,185,48,47,52
381,339,43,43,41
96,333,36,37,40
1126,385,231,229,248
71,320,34,33,34
229,305,40,43,45
199,271,206,203,225
1113,355,235,233,249
833,489,152,149,135
780,136,44,47,49
832,113,47,46,47
264,350,43,43,46
912,291,45,45,50
660,140,46,43,51
9,29,228,224,248
846,278,50,47,51
634,289,46,45,47
666,240,54,51,55
1155,34,238,234,250
360,469,71,65,56
524,139,43,45,49
698,250,43,45,50
332,306,44,43,46
903,109,47,49,53
128,442,50,47,49
653,177,235,234,255
540,323,44,41,46
579,315,42,45,43
924,299,47,44,49
730,411,44,47,49
238,204,91,96,110
697,9,49,49,53
68,493,49,47,52
973,300,48,49,50
582,393,44,41,45
585,84,40,44,45
497,262,223,217,239
759,433,46,46,50
756,351,45,44,48
492,199,107,100,122
730,235,239,236,255
1003,159,45,49,54
703,187,240,236,255
727,213,186,178,237
1110,9,238,235,252
639,148,45,43,50
865,39,97,94,87
610,430,48,44,50
395,341,39,44,46
799,353,44,44,52
516,64,63,57,66
485,422,45,44,51
591,105,42,46,46
761,173,48,46,49
569,457,147,143,151
668,16,48,46,52
1189,95,239,236,254
157,212,191,190,211
177,18,160,116,129
893,198,45,48,50
1026,463,45,46,53
773,398,49,47,51
346,82,31,25,31
720,55,46,46,51
1010,54,97,75,62
265,239,191,190,203
205,165,37,32,30
871,361,44,45,50
713,43,48,47,48
22,272,38,29,33
675,30,49,48,50
481,2,52,45,43
570,31,40,44,48
459,458,185,184,202
907,452,50,50,52
1026,72,100,86,71
546,204,70,59,84
336,112,33,29,32
797,323,49,45,50
117,158,201,193,214
103,428,57,53,53
731,318,43,43,46
673,313,44,47,49
238,213,124,117,122
1153,117,235,233,250
333,23,37,32,37
679,304,44,44,49
792,130,46,45,49
382,129,36,37,38
899,86,50,49,51
39,339,40,37,41
289,484,68,67,55
796,232,241,239,255
749,431,45,44,45
108,465,50,47,52
1167,191,239,238,253
193,495,47,47,50
445,185,50,50,55
88,245,221,216,240
1169,234,236,236,253
618,72,48,44,47
46,344,42,39,41
634,281,44,47,47
261,337,46,45,49
972,302,45,47,50
895,150,44,48,51
303,86,32,25,29
377,319,41,44,44
172,192,194,189,210
423,164,45,43,49
924,374,48,47,53
805,315,43,48,48
820,193,48,47,52
322,132,37,28,35
258,120,33,27,26
639,487,152,149,152
42,205,103,102,108
710,171,44,47,48
296,261,204,203,225
330,46,30,27,28
489,491,119,109,64
850,461,45,47,52
1064,471,47,51,55
90,1,41,28,34
101,150,193,183,205
781,46,52,51,53
948,164,50,47,52
435,74,36,37,39
279,471,92,83,60
1175,349,237,235,250
377,128,39,36,39
941,448,141,128,142
7,383,45,44,46
149,385,46,41,46
1161,383,237,233,249
544,426,44,43,49
658,201,238,236,255
91,416,49,49,47
282,247,196,194,214
151,140,130,129,143
448,295,43,44,46
1021,124,48,49,51
435,225,227,226,248
648,435,44,45,48
693,325,48,44,47
57,242,32,29,32
408,398,42,41,45
554,498,130,126,108
386,8,41,31,31
907,48,84,80,74
953,443,49,49,53
764,123,48,48,52
20,310,39,38,39
747,21,46,49,53
286,41,48,44,51
1056,388,51,48,55
477,104,42,42,46
153,451,49,47,54
1083,283,252,252,255
1109,51,235,230,249
24,190,81,80,85
265,476,104,98,76
559,495,129,120,103
173,231,56,37,62
683,77,46,46,50
191,72,203,192,216
1021,119,48,48,53
10,332,43,42,42
1060,185,50,50,54
541,132,42,45,49
154,2,33,33,35
989,41,107,82,62
316,463,131,119,108
808,102,48,46,50
370,256,213,214,235
1006,79,89,74,62
351,466,60,56,51
1190,313,238,237,253
534,406,47,42,47
92,18,114,107,117
1074,259,66,59,66
904,215,49,48,52
667,317,44,45,48
141,253,213,209,231
746,264,91,89,110
1166,62,238,233,252
1174,310,235,230,247
697,235,238,236,255
743,439,46,47,48
428,164,44,43,45
255,377,40,44,47
172,289,41,38,40
1069,277,53,52,57
1136,403,229,227,245
948,169,46,47,52
41,406,45,46,50
764,440,46,46,47
781,272,237,236,255
992,269,48,48,52
250,152,33,24,31
943,366,47,46,49
1006,43,108,83,62
201,317,44,41,44
254,451,74,72,55
600,144,43,44,50
8,9,227,224,246
149,167,48,48,58
948,94,51,47,50
844,114,46,47,48
859,464,47,48,50
412,284,42,46,49
1083,220,249,250,255
571,345,39,43,46
517,383,36,43,45
681,313,45,46,47
1120,149,235,231,247
9,278,36,32,33
1152,485,231,228,246
604,340,45,43,45
396,490,59,53,51
661,436,43,44,46
1186,226,239,236,250
1058,385,51,46,54
927,108,47,48,51
1049,367,43,47,51
378,450,189,183,183
904,258,240,238,255
267,261,199,198,216
713,472,148,139,145
33,45,95,94,103
871,170,49,49,50
1012,223,48,48,50
625,402,41,42,48
798,320,45,47,50
1128,302,228,225,244
906,444,58,45,91
745,336,45,45,49
728,490,151,147,156
1091,90,180,185,245
705,92,46,46,49
158,458,50,49,51
145,208,46,40,47
416,301,45,44,50
673,148,43,46,51
890,130,47,48,51
1136,441,229,228,245
370,136,35,36,37
616,312,46,43,47
522,374,40,42,44
500,327,40,43,46
781,443,44,46,50
50,499,69,64,59
326,148,36,33,37
786,206,166,155,173
31,333,43,38,41
927,357,48,46,50
1137,279,230,228,243
820,63,45,46,51
1082,309,53,55,57
139,357,39,39,43
131,53,157,139,160
1031,312,47,48,53
320,134,33,30,32
1066,486,48,53,56
285,42,43,42,50
270,240,132,129,156
188,26,187,162,182
192,374,44,43,47
680,321,45,45,50
1123,379,235,229,247
347,63,36,23,29
349,123,33,32,34
108,302,36,32,35
294,266,172,170,203
629,104,41,46,45
89,386,42,42,45
749,292,46,45,50
215,74,107,104,125
858,355,45,47,51
697,64,45,47,53
439,128,38,42,44
341,88,31,27,27
34,302,37,30,31
1067,479,48,50,52
261,488,87,76,55
577,174,46,49,52
634,427,42,43,50
679,251,46,47,50
880,283,45,47,50
570,298,44,44,46
419,409,45,44,45
631,114,48,45,50
74,36,115,106,114
419,384,39,44,49
925,161,44,47,49
136,130,196,186,210
1176,180,240,236,253
965,336,45,46,52
417,170,45,44,47
130,306,35,34,34
1108,177,238,236,253
1197,267,241,238,252
519,412,42,43,45
900,181,45,49,49
1140,145,228,227,244
911,3,119,72,63
1163,360,235,234,250
564,29,46,44,47
861,29,93,91,88
723,463,150,142,155
741,379,49,47,49
680,315,43,46,47
238,445,46,48,50
1061,200,53,50,57
465,320,32,25,24
120,375,39,40,41
760,17,52,50,51
1066,304,217,225,255
813,248,241,237,254
292,181,190,186,205
247,94,42,39,46
519,14,70,64,64
31,486,54,54,51
319,216,196,195,214
686,19,51,49,52
997,291,46,48,51
490,341,47,44,43
593,477,137,129,111
1068,18,95,74,64
726,406,50,43,65
925,306,43,45,48
1189,291,235,236,252
363,387,42,42,40
957,473,46,47,51
566,351,44,44,46
882,161,47,46,51
1172,251,239,235,249
235,290,43,43,47
337,370,45,43,45
1089,151,239,246,255
55,333,39,35,40
383,186,201,199,221
36,438,52,47,52
279,111,34,26,26
80,392,40,42,46
827,435,45,46,49
100,100,159,29,38
702,118,45,46,49
279,72,38,34,39
656,433,42,43,48
343,232,204,202,225
1028,481,50,51,55
1066,387,53,52,57
375,136,35,39,39
454,253,72,58,73
230,410,42,44,46
941,333,43,46,49
1137,176,228,229,247
492,66,42,43,46
794,183,46,47,50
641,84,47,44,49
872,417,43,48,47
575,136,45,44,47
726,131,44,43,49
556,397,41,42,45
152,264,208,208,231
761,361,47,46,51
561,224,139,141,171
966,467,48,47,52
144,179,210,213,236
709,376,39,44,46
517,260,223,224,245
460,211,199,206,222
218,5,169,155,179
430,234,226,223,249
1061,322,47,51,52
955,193,47,46,51
528,8,66,43,32
450,446,131,122,129
1016,459,47,48,52
1056,452,49,49,53
486,4,51,43,43
1064,366,61,54,64
4,423,56,53,54
467,158,43,43,48
430,492,27,25,27
405,242,220,220,242
644,50,46,46,46
745,455,47,47,49
142,167,44,46,51
523,190,224,221,245
512,210,68,63,84
89,368,38,40,43
646,325,45,45,47
1039,4,99,78,66
67,17,228,231,241
913,131,45,48,53
575,150,44,42,46
533,91,42,43,47
877,169,49,49,51
723,444,47,44,50
276,330,43,42,45
869,96,44,47,52
932,484,49,49,53
118,259,212,211,237
41,390,43,44,44
789,57,49,48,49
922,68,75,68,61
896,114,45,46,51
783,317,45,46,49
1097,199,245,243,255
287,430,71,69,55
63,429,71,69,56
963,440,47,49,54
994,340,48,48,50
334,392,41,41,45
914,333,43,48,52
858,40,94,89,85
326,55,33,27,26
1182,165,238,236,253
1055,269,54,51,53
29,154,165,31,38
1008,92,46,48,52
630,405,42,43,45
1129,217,230,229,241
89,400,43,44,45
762,452,46,48,52
58,168,171,29,40
714,93,47,46,47
502,269,55,54,55
1180,477,236,235,251
870,443,45,47,49
1085,394,254,253,255
812,282,44,47,50
130,324,35,35,37
287,215,190,190,209
43,202,69,84,72
1083,336,57,56,58
1199,40,239,236,254
120,235,198,195,218
82,398,43,43,45
579,355,41,42,47
1156,326,238,234,250
973,306,46,48,51
827,164,43,45,51
365,418,39,40,46
1060,264,49,49,55
798,418,54,55,68
1180,291,238,237,254
298,421,45,45,45
937,133,49,46,51
931,493,174,161,91
281,465,97,88,60
572,6,80,70,53
309,313,44,43,46
364,370,44,45,46
945,337,46,45,50
733,196,240,239,255
207,56,41,27,30
61,338,41,39,43
1034,154,46,49,52
361,1,41,35,35
426,102,38,39,45
941,38,99,76,57
1028,118,50,48,53
202,115,35,36,41
100,429,55,49,54
485,488,110,99,60
396,97,35,36,37
183,183,192,184,206
1161,463,234,231,250
216,251,198,196,217
640,256,47,47,50
784,0,50,49,52
941,194,44,49,50
194,335,42,43,46
826,47,59,54,58
40,103,36,29,30
775,36,46,49,52
1080,278,225,228,244
400,23,43,34,32
576,109,38,45,45
532,275,46,47,48
204,247,196,194,217
1010,363,47,46,49
213,493,47,45,48
138,32,132,113,134
408,221,220,219,240
458,481,189,190,206
1143,187,232,230,247
976,483,47,46,51
365,391,42,41,44
431,391,45,44,47
1063,33,110,103,99
1163,159,233,235,246
789,349,47,46,48
137,309,37,36,37
555,444,140,134,138
458,414,52,51,58
890,29,109,104,105
254,338,45,43,46
985,404,45,48,53
243,25,199,191,213
758,334,48,46,47
140,152,231,228,251
1088,22,62,60,64
305,9,137,142,158
679,111,47,47,47
525,239,60,58,61
411,264,229,227,249
114,341,37,37,38
295,88,35,28,34
400,124,38,40,42
682,9,48,50,51
58,23,58,56,61
806,464,49,48,53
424,233,223,223,246
73,119,154,26,36
810,223,241,238,255
452,63,40,40,42
847,364,44,46,49
754,437,45,44,51
1105,141,239,237,254
875,450,48,46,51
788,470,166,162,170
1176,453,237,237,252
577,233,233,234,255
665,204,69,59,65
986,397,45,45,52
467,181,47,45,50
541,281,45,45,47
1073,125,52,54,58
86,266,38,32,35
594,64,44,43,48
607,36,44,47,47
193,493,47,48,47
769,256,238,238,255
307,119,33,28,29
78,446,51,52,54
1004,445,49,47,52
55,268,36,26,31
441,310,44,45,45
1106,114,235,232,251
789,273,232,239,255
325,230,164,168,185
939,422,47,46,48
716,359,43,46,48
587,183,234,233,255
748,464,134,134,116
129,308,36,36,37
211,263,206,201,223
1103,359,242,238,255
956,36,98,73,62
604,119,45,44,45
393,7,38,27,27
863,145,46,48,51
279,280,42,43,48
538,441,154,155,169
879,482,145,136,96
336,217,199,197,219
666,345,43,45,48
1145,19,231,231,247
166,310,38,38,39
839,183,46,47,50
841,82,48,47,51
939,160,46,48,53
542,277,45,46,49
566,105,41,44,46
176,155,33,39,38
204,375,41,43,45
302,228,192,190,210
48,476,51,45,50
294,24,40,42,46
248,34,185,181,196
540,151,43,46,46
351,34,36,29,28
604,26,48,48,49
372,166,44,40,46
340,402,45,44,46
435,407,44,46,49
353,478,83,73,62
1059,282,55,53,57
443,77,42,39,40
111,147,199,188,209
495,48,43,43,46
611,240,233,233,255
384,146,38,41,43
491,327,42,44,47
295,119,28,28,28
130,383,39,44,45
544,467,139,136,146
601,422,40,43,47
178,294,38,38,39
1147,408,230,231,241
1095,42,233,234,255
911,402,46,45,54
774,203,57,53,58
578,495,168,162,165
191,270,211,208,231
347,324,40,41,45
801,79,47,49,50
1102,18,238,237,254
1189,353,235,235,252
134,341,38,39,37
1086,281,247,245,253
249,471,97,91,61
397,476,52,54,53
398,374,42,43,47
580,109,43,43,46
135,419,46,48,49
1122,410,231,229,246
907,105,45,45,49
678,331,44,45,49
906,330,46,46,51
278,95,33,27,28
7,455,50,50,51
511,462,171,169,185
387,69,26,25,26
210,212,85,77,80
973,431,48,47,50
611,498,164,165,174
1019,282,51,45,52
156,410,43,43,46
407,384,42,40,45
651,272,42,45,49
373,321,38,43,49
957,411,47,46,50
408,435,45,45,46
4,235,33,25,30
556,331,43,45,43
1061,432,45,49,53
538,321,40,42,44
1099,323,239,236,253
105,29,187,184,206
405,0,40,28,29
1182,323,240,236,250
276,51,43,46,51
779,403,45,47,49
76,435,47,48,51
492,481,118,111,66
672,464,102,73,60
831,278,46,48,52
643,353,45,45,50
455,99,42,42,45
1077,73,66,61,62
832,480,175,168,176
355,97,33,29,29
1093,356,249,244,255
1168,488,235,231,249
711,432,48,43,50
22,362,44,44,45
663,224,191,176,190
315,269,50,50,52
299,313,47,42,45
20,221,27,28,30
594,189,234,233,255
917,371,47,46,50
983,495,48,48,50
628,26,50,49,52
242,376,44,43,47
531,26,76,59,49
802,90,41,46,50
554,16,53,50,48
202,371,45,43,45
468,136,44,42,47
309,476,127,120,105
1132,406,230,228,243
355,317,45,43,46
591,86,43,45,45
556,374,40,42,42
979,172,45,48,51
521,169,47,47,49
697,280,43,45,47
254,210,148,145,160
828,34,74,69,60
5,268,37,31,35
488,15,69,55,45
542,221,229,225,248
948,437,64,72,128
40,164,167,30,34
1142,91,230,230,243
966,223,45,46,51
475,228,109,117,132
432,200,215,219,242
475,336,45,47,49
133,149,129,126,146
1176,243,237,235,250
660,343,44,45,48
341,192,195,193,215
638,249,46,49,51
965,328,48,45,51
478,193,209,210,229
254,190,187,182,199
217,497,56,53,52
292,253,202,198,219
6,112,144,18,26
808,479,167,164,176
705,494,118,97,71
755,82,47,46,50
316,322,43,43,46
554,225,110,108,93
1182,109,238,238,253
1182,55,242,239,253
25,69,115,102,109
1082,484,54,53,56
153,238,188,187,209
872,292,46,47,51
490,102,41,41,43
1013,199,48,49,53
1149,165,233,232,249
753,466,124,126,97
50,166,171,31,37
133,147,140,146,162
638,115,43,47,48
420,406,41,44,46
598,307,42,44,47
1146,78,234,231,247
1107,10,238,235,254
884,178,47,49,50
581,98,42,44,49
12,104,139,20,27
349,317,44,44,46
467,195,227,227,249
738,351,43,47,48
611,262,45,46,49
1032,287,49,47,52
203,166,35,29,31
519,4,87,69,61
457,246,92,86,107
175,325,37,41,41
912,360,46,46,50
103,248,217,216,238
525,157,49,45,49
39,133,154,26,30
979,312,48,46,48
221,77,103,108,121
1084,330,57,57,61
40,411,45,46,44
536,112,43,44,45
621,94,42,45,49
893,199,47,48,50
157,482,45,46,48
577,224,235,232,255
482,56,41,42,43
69,29,122,108,122
373,25,36,27,32
807,387,45,45,49
304,226,195,194,211
186,260,207,201,224
267,43,178,180,197
95,435,50,49,53
478,320,45,48,51
279,230,192,191,211
209,93,173,173,195
570,102,44,44,46
404,267,225,225,247
395,117,38,36,39
579,421,45,41,46
532,494,134,126,111
1175,426,237,236,252
808,443,46,46,49
358,259,215,213,236
525,326,44,42,48
660,77,49,46,48
754,39,53,48,52
930,105,46,48,49
158,31,168,149,173
33,42,194,197,216
992,226,47,48,52
285,29,131,138,150
249,52,214,214,234
266,197,190,184,205
721,68,46,46,51
384,388,46,43,46
892,352,45,46,47
431,427,50,47,51
117,374,41,41,45
188,21,156,29,36
1121,31,229,228,246
904,476,47,47,50
697,157,45,46,50
1175,391,237,234,252
619,309,43,44,48
128,278,218,215,237
486,412,39,42,43
587,444,178,174,191
897,129,46,47,48
1033,310,50,47,52
256,299,40,41,45
193,470,47,45,47
317,164,37,35,39
87,84,152,25,35
711,229,64,51,66
15,188,68,80,64
980,112,44,46,51
897,79,47,48,49
654,455,61,57,55
414,228,226,223,243
1093,376,245,243,255
589,398,42,41,45
729,123,46,47,51
161,176,199,198,220
1075,263,53,52,54
114,42,195,194,212
1,55,29,24,26
921,402,43,45,50
812,170,47,46,50
60,213,57,53,59
125,304,39,33,37
115,17,116,113,116
354,118,33,31,30
832,12,90,87,83
722,160,45,45,50
1039,482,45,47,52
73,254,40,36,40
238,316,44,42,45
658,187,241,238,255
494,196,192,190,205
622,210,59,59,64
911,5,121,71,62
1018,410,47,47,52
601,444,191,201,223
888,453,47,48,50
938,388,46,46,51
1183,316,237,236,255
141,368,42,39,44
525,417,38,41,46
195,90,109,108,122
50,281,36,28,30
608,287,43,45,49
1192,198,241,237,252
871,208,46,48,51
1076,349,245,244,255
526,267,155,156,190
346,155,34,36,38
317,285,45,42,47
571,437,78,75,63
658,442,41,44,41
955,310,46,45,50
578,272,50,50,55
177,455,44,47,51
390,261,218,219,240
1052,417,49,49,53
612,360,43,44,49
632,416,42,42,48
126,416,47,46,48
836,321,44,46,49
1070,317,57,56,56
825,372,44,45,50
71,148,161,29,39
846,181,47,48,49
962,489,49,48,52
52,235,37,32,39
875,355,49,46,52
889,351,43,46,49
867,381,46,45,46
10,81,120,108,118
115,50,158,140,162
719,108,48,46,49
813,487,164,162,171
595,445,172,179,190
1130,303,229,228,243
205,374,41,43,44
934,44,77,66,61
208,34,163,30,43
558,35,42,43,44
870,499,104,105,67
854,132,47,48,48
694,30,49,50,54
277,304,46,42,49
54,222,51,45,67
6,447,55,52,52
298,49,40,38,43
1106,402,239,238,254
276,30,145,145,167
415,107,39,42,44
1035,68,94,87,66
4,387,44,47,50
393,223,212,212,235
341,238,201,201,225
627,172,61,58,61
46,43,127,113,133
636,335,41,42,45
406,191,213,209,232
99,56,44,29,53
299,19,38,37,44
1055,174,51,49,53
644,387,51,48,51
698,86,48,47,50
25,253,35,32,35
759,321,45,47,46
1178,27,241,236,252
676,48,45,46,47
871,99,44,46,49
162,422,56,52,54
459,305,76,70,68
931,363,46,47,51
331,203,99,96,108
327,172,173,170,184
842,432,47,46,50
398,56,32,30,32
411,223,224,222,244
881,78,46,47,52
1000,433,46,48,52
259,1,184,171,195
427,129,43,40,44
76,322,34,35,37
321,426,46,43,45
655,107,46,45,49
1189,316,239,236,253
75,297,30,31,32
79,62,193,190,213
357,445,69,64,55
734,477,154,147,161
1025,35,98,76,61
26,210,30,30,32
572,279,46,46,50
288,26,142,152,163
90,369,36,39,42
372,423,42,44,44
966,267,44,48,50
1142,385,234,230,245
1020,267,46,47,50
495,193,194,192,208
884,260,240,237,255
410,306,41,44,48
979,56,87,69,59
858,101,46,47,52
955,229,49,47,49
1,35,227,223,248
1103,340,242,238,254
122,80,147,133,152
506,165,47,47,52
532,20,75,57,44
467,72,44,42,42
935,457,46,48,51
1163,214,238,234,250
774,271,229,230,231
1147,22,235,233,249
943,393,45,47,50
897,98,44,47,49
516,388,45,40,46
514,355,44,42,45
226,416,41,44,47
274,8,197,188,212
220,100,42,41,46
540,329,45,42,47
511,306,43,46,49
589,201,77,70,70
881,40,105,97,93
435,393,44,48,48
1002,456,46,49,53
369,336,43,42,46
398,308,45,45,47
578,416,40,43,46
170,185,192,191,214
763,478,157,152,158
1109,4,238,236,255
512,261,224,221,246
684,45,46,47,49
257,433,67,64,54
754,311,44,45,48
1091,298,239,238,253
928,49,106,103,93
55,417,55,55,53
863,53,104,86,67
94,482,48,47,49
695,28,55,50,52
461,0,70,56,36
822,303,49,47,49
381,306,46,43,46
894,190,47,45,51
329,498,135,133,147
908,118,45,47,50
463,343,42,42,42
315,360,42,42,44
568,358,44,42,46
411,169,44,44,46
91,447,45,48,50
1175,255,239,236,252
1007,421,47,47,49
57,194,82,80,80
688,420,42,43,45
47,110,149,21,31
1026,192,47,48,52
60,407,42,44,47
578,402,38,41,45
451,326,47,49,51
83,124,156,27,50
833,403,47,47,48
69,135,157,40,50
1050,216,45,51,53
314,136,30,27,29
20,218,33,31,32
1156,470,235,232,248
270,153,34,29,32
130,205,200,200,224
1067,376,53,50,54
366,159,42,40,42
863,328,44,47,49
1161,451,234,233,249
737,168,45,45,49
1170,249,242,236,254
407,3,37,26,27
1191,317,239,236,251
949,488,49,48,49
971,68,88,74,63
30,101,30,28,29
777,97,46,47,49
917,352,44,49,49
974,295,44,48,52
443,260,231,232,255
603,11,50,49,52
1154,60,234,233,250
161,126,131,132,151
298,341,43,43,43
865,458,45,48,51
737,250,238,239,255
378,146,36,39,43
801,334,44,46,48
752,325,48,46,50
863,294,47,47,50
798,268,236,237,255
873,235,238,235,255
590,35,46,45,48
1016,293,46,48,52
1069,196,49,50,57
308,3,132,134,151
853,457,50,49,51
553,438,148,150,166
152,450,45,45,50
1125,222,231,227,245
904,118,47,49,51
1056,113,48,50,53
665,9,48,50,53
984,168,51,48,51
575,140,43,45,45
161,39,155,137,160
626,278,44,43,48
333,318,45,42,46
1155,283,235,233,248
545,473,162,164,172
531,340,42,43,46
737,171,48,46,51
649,155,47,45,49
174,130,130,128,150
701,223,118,109,167
976,61,90,71,60
678,318,46,46,48
127,70,160,145,170
333,492,135,135,151
369,389,41,43,47
84,453,44,46,49
685,131,45,45,46
1094,292,237,234,254
621,270,47,45,47
207,437,48,48,48
1104,277,235,235,252
707,272,45,47,50
301,8,120,120,143
496,5,99,78,58
690,457,116,91,63
677,459,100,75,54
1086,349,228,244,255
681,383,42,45,48
412,462,86,78,76
518,366,39,40,45
86,413,47,43,47
543,66,42,44,44
468,343,55,54,60
1055,305,58,54,58
945,136,48,48,51
470,296,27,30,26
527,196,148,144,170
893,375,48,46,52
974,276,46,47,53
415,173,44,45,49
547,137,49,46,50
1043,310,51,50,54
1132,441,230,225,242
324,154,31,33,35
614,64,44,45,47
1071,361,69,57,52
452,281,45,47,52
745,162,47,47,51
76,287,33,30,32
834,6,95,92,85
945,45,129,95,68
597,455,153,148,159
119,417,46,46,48
668,487,106,81,62
35,420,56,55,53
1137,264,230,229,244
827,104,45,46,51
350,200,150,152,176
62,464,48,48,49
430,241,224,222,247
1127,45,228,227,244
328,251,201,204,225
1094,114,232,228,214
915,312,46,46,49
471,101,44,43,48
409,456,73,67,63
506,149,49,48,50
486,59,41,43,45
1019,318,47,46,51
1134,278,226,225,242
240,260,200,197,218
360,263,217,215,238
13,494,63,58,54
204,466,44,45,50
146,415,44,43,48
225,227,190,188,210
1180,398,241,236,251
332,161,34,37,35
541,488,132,128,115
519,435,166,165,185
569,99,45,44,47
810,353,43,46,48
972,307,47,46,50
233,398,42,45,47
374,405,38,42,45
771,478,156,151,158
835,69,45,47,52
1006,401,48,48,50
404,400,47,43,46
854,47,102,88,67
11,354,44,46,48
1024,39,102,79,64
375,440,162,68,72
75,393,44,43,46
640,91,48,46,48
205,71,51,33,53
926,315,50,47,52
251,101,37,34,35
897,437,54,49,53
18,372,42,45,46
793,141,47,47,50
893,263,243,239,255
592,309,43,43,45
65,295,40,28,34
690,94,49,45,52
525,181,223,222,245
1045,164,49,50,53
371,266,212,214,235
251,159,33,30,30
250,485,57,54,50
106,342,36,34,35
848,300,49,45,50
259,162,53,46,55
1034,355,48,47,52
924,482,52,51,53
680,437,45,45,47
1001,333,46,46,51
355,163,38,38,42
1193,107,235,236,253
439,66,42,36,42
1179,221,237,233,253
506,304,42,46,47
56,161,166,25,36
380,131,37,38,40
598,50,43,44,47
294,352,43,43,45
1010,298,48,48,52
179,437,52,50,53
755,51,45,47,49
1024,357,47,46,51
1033,129,47,49,50
938,249,48,46,51
608,146,40,46,47
62,17,182,184,205
341,35,39,29,28
831,57,59,56,56
690,369,45,45,50
1092,4,234,237,255
129,87,153,137,159
173,81,65,46,64
914,454,48,49,54
922,81,44,48,50
524,252,226,224,245
1065,309,229,232,252
617,324,39,47,48
1107,102,234,232,249
233,30,39,33,35
1192,153,239,236,251
515,349,41,41,46
563,324,47,44,48
191,410,43,44,45
92,154,44,24,30
891,387,46,44,48
1186,333,239,237,255
1000,313,49,47,53
341,60,28,26,25
337,91,32,27,32
28,455,52,53,55
967,288,45,46,50
901,3,172,115,69
81,461,57,50,52
614,342,46,44,50
130,164,237,235,255
23,122,150,21,32
233,485,55,50,50
541,362,42,42,45
689,257,48,46,49
1165,20,235,236,252
617,234,236,234,255
595,292,49,46,47
494,106,48,45,46
583,195,233,235,255
734,99,46,46,48
989,170,46,48,49
334,7,103,98,111
505,203,211,212,234
502,442,166,166,183
793,103,48,46,49
220,240,78,73,93
1048,153,47,50,52
326,463,96,95,91
80,345,39,39,40
680,291,44,44,46
1073,303,53,52,56
802,252,241,239,255
959,400,48,46,50
540,290,44,43,47
622,170,46,47,49
135,489,50,49,52
868,80,45,49,49
723,55,44,45,50
186,354,41,41,44
139,344,40,38,41
1129,214,230,230,242
496,452,142,143,153
1170,411,235,235,254
213,117,32,35,39
937,494,168,157,84
566,349,42,43,45
214,171,183,179,191
738,29,52,50,50
296,439,58,54,52
789,15,50,48,52
1083,207,53,53,57
538,361,44,41,46
969,183,48,48,53
277,120,31,27,30
743,394,50,46,48
894,233,240,240,255
416,400,45,44,48
522,272,47,47,52
172,68,138,127,146
87,135,158,31,38
748,136,46,45,49
692,453,81,66,50
755,95,49,47,48
185,167,40,32,36
534,345,44,41,48
356,130,34,34,36
599,439,48,48,48
197,474,46,45,48
21,60,105,93,107
455,92,42,42,45
543,47,46,44,44
1155,225,235,234,250
89,444,48,45,48
329,487,130,131,140
1062,196,49,49,54
1122,16,230,230,245
558,309,46,45,46
889,186,50,50,54
304,348,44,43,45
452,242,150,144,184
907,239,240,239,255
1012,76,99,84,72
14,426,55,53,53
923,304,42,45,49
304,182,189,188,207
949,26,92,68,59
470,278,26,24,25
709,187,239,236,255
54,493,75,70,66
299,457,76,77,54
513,494,106,100,68
83,133,165,85,112
512,366,42,43,43
176,391,44,42,49
812,302,47,47,51
655,271,47,44,49
940,431,51,51,50
1183,496,239,237,255
1176,212,240,238,254
323,84,37,24,29
565,457,145,141,146
956,77,83,76,76
265,271,44,45,43
1028,258,47,49,54
851,474,51,50,52
741,298,43,46,47
583,283,44,45,51
403,87,34,33,35
204,47,166,34,46
1179,27,241,237,252
1181,459,239,234,250
223,398,47,43,47
393,325,44,46,48
847,328,45,44,49
171,123,109,107,124
622,441,47,47,51
478,149,44,44,45
911,219,48,50,53
788,188,48,46,52
812,66,46,47,51
954,160,46,46,52
362,6,42,33,34
769,143,48,46,50
902,183,44,46,51
934,116,48,47,50
871,458,46,47,50
271,435,73,69,54
147,115,38,26,29
378,496,78,72,55
571,430,42,42,45
695,385,47,44,49
882,324,47,46,49
107,127,161,27,39
46,440,45,47,49
290,153,32,31,34
308,266,202,205,225
260,269,47,46,48
280,234,111,112,125
608,461,163,167,182
574,270,179,179,213
588,394,42,42,44
187,293,37,39,43
734,336,47,46,51
380,489,84,68,63
179,467,59,54,53
236,432,54,56,51
1084,287,252,250,255
972,224,46,47,49
702,277,43,44,47
678,270,42,46,49
1070,464,180,169,98
816,27,58,55,55
209,299,41,40,47
138,398,40,43,46
525,57,43,43,43
1116,432,230,229,246
265,211,62,57,64
70,195,41,31,35
508,1,118,101,92
173,35,175,157,181
549,102,42,44,48
636,391,43,43,45
619,87,43,45,47
913,450,62,50,57
14,74,109,102,109
609,28,45,46,51
13,278,36,31,31
765,401,47,48,50
92,484,48,48,49
209,208,107,105,116
382,287,46,44,49
1032,265,48,49,52
629,124,45,44,47
889,302,48,47,50
383,13,34,28,29
385,467,74,67,59
140,51,137,119,139
675,431,45,44,48
601,254,50,52,56
769,249,241,237,255
683,294,44,46,49
918,231,53,55,68
1112,491,229,227,248
157,412,43,41,46
284,204,172,169,192
793,233,240,238,255
1159,143,237,233,248
390,107,35,34,36
277,133,35,26,30
283,232,53,47,49
33,221,28,31,32
755,115,48,46,46
277,322,41,45,45
74,485,96,83,82
374,116,37,33,35
1018,386,44,49,52
399,397,44,44,47
143,419,46,46,51
1130,441,227,224,242
322,321,41,42,47
775,202,53,54,56
255,251,193,191,211
150,127,208,199,218
94,322,34,34,33
777,381,46,46,49
90,297,34,32,36
255,0,183,169,191
580,441,169,167,186
274,74,41,36,45
809,460,48,45,52
1024,376,49,47,52
249,155,36,30,31
959,36,88,69,58
1058,276,214,214,240
750,356,43,47,48
148,18,154,136,160
565,0,112,81,64
280,362,48,49,49
152,101,137,127,154
868,381,47,45,51
227,176,187,183,204
558,284,44,45,47
931,413,47,47,50
554,262,232,230,254
638,487,151,146,148
404,4,37,26,28
92,115,166,86,102
1155,274,238,236,249
108,213,214,214,241
1053,367,47,48,52
437,468,28,22,21
1097,390,242,243,255
499,143,31,29,31
606,148,43,46,47
1113,219,233,232,249
509,117,38,37,39
633,383,44,43,47
546,431,43,43,45
819,117,42,46,48
91,203,191,187,211
842,72,44,48,52
684,73,43,47,47
661,166,45,47,49
300,453,61,57,50
916,318,47,46,48
1095,460,238,237,255
334,58,31,22,25
172,279,214,210,232
1121,205,229,228,243
978,190,46,47,51
1082,212,235,234,251
552,269,83,78,100
741,242,237,239,255
134,52,149,131,153
926,118,45,46,51
112,410,43,42,50
526,351,44,42,45
940,313,46,46,49
597,335,45,47,48
1035,251,50,47,55
384,288,46,45,47
1086,308,74,73,63
1035,327,47,47,51
1109,491,231,233,247
25,385,46,45,48
1007,264,47,47,54
786,402,45,46,48
846,99,46,48,50
1161,394,234,235,249
527,468,160,160,170
306,213,151,147,157
376,487,66,56,56
653,351,43,44,48
754,280,46,48,50
514,177,83,78,84
212,456,47,47,49
928,293,47,46,50
799,111,45,48,52
931,110,47,46,51
808,347,45,44,51
737,366,46,45,48
230,346,41,45,45
319,45,33,27,32
1095,43,231,232,253
393,460,170,169,180
1179,229,239,236,254
679,367,43,42,46
915,36,110,105,107
1044,244,49,48,52
857,382,46,46,49
743,276,45,47,50
709,7,76,55,58
1138,167,229,228,245
218,355,43,43,49
1061,437,50,48,54
21,186,66,66,65
138,153,229,229,249
812,222,242,238,255
241,170,188,185,205
660,471,88,70,56
790,305,47,47,52
673,479,110,83,59
891,90,47,48,49
636,197,238,236,255
808,437,42,49,48
701,479,126,107,73
273,4,203,194,214
703,193,239,237,255
741,415,46,45,49
1123,405,232,230,246
422,423,44,44,47
915,78,47,48,52
289,184,189,186,205
852,295,49,49,53
671,342,48,45,47
577,428,41,42,46
686,332,47,44,48
549,240,229,229,253
929,19,110,71,63
1149,362,234,232,246
98,81,181,160,185
882,220,77,75,88
954,310,47,48,51
1110,95,232,233,248
668,31,50,47,52
363,354,41,45,48
546,472,169,173,179
551,240,230,228,253
127,120,166,52,80
801,397,44,46,51
254,248,192,189,212
590,263,233,232,254
1005,205,47,47,49
114,152,200,193,215
694,392,48,45,48
517,368,43,42,45
461,76,38,42,45
871,300,43,46,49
418,481,134,120,119
293,353,43,44,45
1126,474,224,224,238
1071,167,53,52,56
1036,115,47,47,52
25,53,52,38,44
956,191,47,46,53
381,193,203,204,224
388,295,43,44,47
349,324,46,44,45
940,57,119,112,114
1053,408,50,48,54
637,453,192,196,217
353,31,41,32,30
1164,468,236,233,249
339,318,41,44,46
1038,212,48,50,53
873,243,236,236,255
135,39,144,124,144
782,315,43,46,47
597,312,45,43,46
768,427,49,45,48
222,372,41,45,49
34,103,36,29,31
1030,310,48,49,52
399,95,37,37,36
664,211,64,58,63
255,302,43,45,50
755,435,45,46,49
525,83,45,43,48
883,188,44,46,50
914,381,44,46,49
978,449,47,47,47
930,244,44,47,52
1037,240,48,49,51
102,341,36,33,41
165,303,39,36,40
130,118,173,97,123
799,166,49,48,51
812,182,48,46,52
1021,375,44,45,53
347,425,43,44,46
1185,447,238,235,251
677,294,49,45,50
102,409,46,46,45
381,461,157,154,174
113,165,154,142,170
1186,304,236,235,253
403,101,34,37,39
433,21,35,31,32
66,29,117,110,125
411,426,43,44,45
786,34,50,50,52
404,379,45,43,49
908,131,48,49,54
942,65,105,99,94
1191,475,236,232,250
881,194,47,45,52
803,494,160,158,173
471,427,45,46,46
470,269,60,60,70
503,407,40,45,45
234,374,41,43,45
201,60,36,28,30
820,100,43,48,49
1165,197,237,235,254
785,195,48,49,52
616,308,43,42,48
461,333,19,21,24
450,30,54,43,42
999,338,47,47,50
701,148,47,48,51
895,40,106,103,101
1075,76,69,61,63
711,273,44,46,49
863,35,100,97,92
225,59,195,188,206
515,287,47,45,47
402,308,40,43,49
1192,412,236,236,252
686,43,47,48,51
557,105,39,44,47
824,87,47,47,49
1111,135,232,231,250
957,62,54,51,55
830,175,49,49,52
497,160,35,35,35
833,472,49,49,51
1087,115,62,61,72
189,246,200,198,218
319,23,39,41,45
839,256,240,240,255
938,53,128,111,98
807,304,45,46,48
201,92,117,121,136
210,290,41,43,45
95,480,42,46,49
457,138,42,43,48
989,271,48,48,51
944,468,47,45,51
80,53,77,59,77
884,31,111,109,111
7,218,32,28,31
682,321,45,44,46
365,122,32,34,36
785,84,49,47,50
901,361,46,45,46
98,388,43,43,46
765,157,45,45,49
850,110,47,46,49
1066,352,51,52,55
558,125,42,44,46
929,446,83,94,109
657,223,235,236,255
465,150,46,42,47
600,33,44,45,47
958,69,52,53,54
612,96,42,43,49
724,414,44,44,49
581,379,40,45,46
496,487,114,100,61
790,22,53,47,52
642,119,43,46,48
1133,122,226,228,240
769,351,46,46,49
146,41,132,114,135
619,162,45,45,48
840,175,45,47,49
661,251,47,46,52
48,375,48,44,48
508,348,43,43,45
930,94,46,49,51
1053,161,46,49,53
840,481,172,159,117
336,214,198,197,217
1003,105,48,48,51
1080,370,56,55,58
29,0,135,140,148
860,39,98,93,86
343,456,85,78,57
933,377,46,44,50
244,268,203,202,224
828,12,88,85,81
1012,472,47,48,53
597,147,42,45,49
370,263,213,215,237
601,167,46,45,48
848,34,85,84,78
1051,325,51,49,52
576,303,41,43,47
659,55,45,46,48
406,162,42,42,45
1103,148,241,239,255
314,77,31,29,28
154,300,38,35,39
585,160,47,46,49
877,10,80,76,70
141,439,45,48,50
662,331,41,46,49
1198,31,241,237,253
53,157,166,30,37
950,216,53,47,52
336,417,44,44,46
1180,209,237,235,252
294,64,38,32,36
414,400,42,43,46
944,258,45,47,51
131,200,205,205,229
486,410,41,44,45
1171,60,239,236,255
122,10,123,117,130
426,268,226,228,251
998,453,52,49,51
624,283,44,43,46
179,428,50,49,52
709,161,46,48,52
708,305,44,45,48
942,397,44,46,54
546,269,57,50,69
647,461,178,183,207
504,123,32,31,35
919,32,133,121,102
506,330,46,41,48
1155,250,236,234,251
960,215,48,48,51
334,171,73,69,79
555,276,47,45,50
42,303,36,33,32
637,276,46,45,48
458,215,154,149,155
993,429,45,47,52
890,456,47,48,51
1085,450,95,79,64
549,338,42,44,46
728,242,239,240,255
170,300,37,37,38
852,11,97,94,92
970,168,45,48,50
213,473,48,47,50
1109,148,237,234,254
299,34,49,52,56
571,436,48,44,45
343,305,39,42,45
634,304,42,44,48
279,79,37,31,34
388,199,210,207,229
950,307,46,45,51
826,179,46,46,50
929,87,50,46,53
1148,152,233,232,245
631,243,45,47,51
484,35,77,61,48
20,34,227,225,250
469,480,180,182,199
979,193,47,47,49
697,265,46,44,45
122,72,151,138,159
1187,458,232,231,245
831,257,241,238,255
634,255,46,48,47
502,309,39,43,47
1115,241,231,229,246
725,128,45,45,45
642,363,47,45,47
395,135,39,40,43
783,464,52,48,53
709,436,43,43,45
1133,124,225,226,240
742,23,48,50,52
710,111,49,46,50
350,113,29,29,32
556,338,41,42,45
797,40,46,50,53
133,49,141,123,143
1116,314,229,227,245
340,116,29,29,29
672,497,105,81,58
622,14,49,49,49
299,216,188,187,208
158,370,45,42,44
342,8,40,40,37
523,452,124,121,133
225,474,65,61,53
192,388,41,43,45
907,457,45,49,52
1093,328,241,239,255
753,81,46,45,49
304,397,41,43,46
380,186,200,199,220
71,166,169,33,41
612,227,235,233,254
534,372,43,42,45
894,279,48,47,52
115,138,36,28,28
405,119,39,40,42
301,253,204,200,224
560,166,43,45,48
618,357,43,45,48
264,393,42,44,46
692,129,45,47,49
1057,159,53,49,56
525,228,224,222,246
399,382,40,42,46
54,369,38,41,45
801,318,48,46,53
584,307,46,44,48
629,403,41,40,44
845,184,44,47,51
44,493,91,80,75
338,148,36,34,36
702,90,47,46,48
1179,30,241,239,255
1190,41,240,237,253
85,8,33,27,26
977,497,48,52,53
534,75,42,42,45
87,332,37,36,35
71,16,74,39,60
876,153,49,46,49
968,111,44,47,52
661,10,49,49,52
678,158,44,46,51
238,469,81,76,51
290,259,201,200,220
295,11,207,209,228
127,163,238,236,255
360,80,29,26,27
1130,62,227,226,243
229,133,32,27,28
1164,163,235,234,251
790,96,43,46,49
1043,444,46,46,51
689,256,47,45,48
61,474,50,49,51
937,325,48,46,50
222,480,109,105,92
621,162,48,47,49
819,372,46,44,49
762,204,239,240,255
317,288,42,43,47
866,68,49,49,53
843,393,49,48,49
459,392,58,54,61
798,251,243,239,255
179,483,43,47,46
1100,394,241,239,255
1075,410,50,52,55
562,333,42,43,48
168,456,53,51,54
600,146,43,42,47
907,16,94,69,67
889,173,47,45,51
962,449,47,48,53
1000,333,45,47,51
341,119,30,30,32
1011,455,48,46,52
348,217,204,202,222
906,379,49,46,49
1095,403,244,241,255
478,433,188,192,211
1107,5,241,237,255
194,191,192,185,204
178,49,163,151,172
628,494,152,148,152
1184,94,238,237,254
126,240,52,42,50
392,239,205,204,220
647,316,46,45,47
497,474,122,120,102
1112,152,239,234,254
1197,329,240,237,252
641,33,47,49,51
184,242,45,42,57
745,234,242,237,255
351,171,58,56,63
214,210,58,46,65
237,328,40,44,47
403,345,40,41,46
102,145,195,179,199
1061,34,114,102,98
307,254,201,199,217
786,209,238,240,255
193,31,192,173,197
1067,276,58,53,69
578,240,233,233,255
1063,178,47,52,54
622,338,41,45,45
433,75,42,39,42
775,226,189,195,234
538,164,42,45,48
890,37,111,105,104
863,417,50,52,52
290,497,42,47,47
1049,55,118,105,100
774,171,49,47,51
690,292,43,44,49
739,16,53,50,55
979,134,48,47,53
920,420,45,46,48
959,271,44,45,48
845,331,47,45,52
470,451,149,155,176
1167,380,239,234,253
461,121,42,45,47
1068,185,51,50,57
25,27,229,225,249
978,14,109,79,63
1124,173,226,227,246
320,327,44,44,45
92,27,115,107,114
904,207,47,48,50
717,315,45,45,48
51,357,42,43,43
760,212,244,240,255
991,202,48,48,51
127,385,43,41,43
754,394,45,43,51
842,156,47,44,50
268,138,36,29,29
242,74,49,48,55
840,197,45,46,50
120,334,39,38,40
115,476,47,44,51
33,332,34,40,40
682,279,47,46,48
404,325,44,43,45
843,468,48,47,53
588,356,41,42,48
986,358,47,48,51
53,439,51,49,50
1178,319,239,236,251
150,31,162,144,166
912,453,49,50,51
156,326,39,40,44
1186,370,239,233,253
648,251,46,45,48
211,455,46,46,50
294,339,44,43,46
788,18,49,48,52
1132,252,230,227,243
1064,213,50,50,56
486,156,41,44,47
348,479,71,67,65
35,429,47,47,50
1057,50,111,109,108
926,46,114,110,102
1132,108,228,225,243
335,39,81,67,56
34,263,35,27,30
864,194,47,47,50
417,375,41,43,47
998,0,129,95,67
722,322,43,46,48
309,361,44,44,47
37,73,113,107,115
1197,343,238,237,253
178,302,40,39,42
939,286,45,47,49
569,115,47,44,46
130,280,210,209,236
237,61,212,211,233
521,436,161,163,181
862,455,48,46,51
1010,424,44,46,53
979,90,48,47,52
278,63,42,41,48
488,493,117,108,62
1152,87,236,234,249
348,108,34,28,33
790,275,131,135,200
350,233,82,72,96
79,179,204,197,223
825,270,48,49,51
1075,487,53,53,58
183,92,33,29,32
451,276,229,232,255
1034,323,46,48,52
907,263,239,237,255
962,198,49,47,50
1159,374,236,234,252
184,346,40,41,43
876,282,46,48,51
637,120,46,46,49
617,446,184,193,221
424,324,42,44,44
435,321,40,45,47
947,270,47,48,51
1033,30,103,78,63
372,392,44,42,47
311,141,34,27,33
173,480,48,45,49
147,81,160,145,166
839,277,46,48,51
1115,259,230,227,245
32,447,53,50,52
362,334,46,43,47
656,394,57,50,51
893,142,48,47,48
451,395,30,25,26
958,83,50,48,51
1195,55,242,237,253
1164,64,238,236,252
597,11,50,50,49
494,492,129,115,67
955,62,55,53,57
1085,87,246,248,255
377,195,206,204,226
1028,444,47,49,49
36,185,115,108,106
738,143,45,46,48
696,237,234,235,255
518,382,37,43,44
698,90,46,46,49
1073,395,237,239,249
855,203,47,47,49
425,114,40,38,44
23,390,46,45,47
245,81,45,49,55
647,299,46,44,46
198,495,49,46,47
143,144,159,156,180
408,21,38,30,30
870,109,46,47,50
930,408,45,47,49
395,457,163,167,187
1179,195,238,235,253
1060,70,66,60,61
829,242,72,61,58
917,327,47,47,52
5,235,32,26,26
970,189,47,47,51
863,278,49,50,52
19,268,34,26,31
1091,126,255,255,255
241,134,29,29,31
625,118,43,45,48
88,143,161,28,35
353,12,43,33,36
100,158,34,28,31
824,69,49,48,51
1134,113,230,227,244
924,37,147,132,94
420,29,33,28,32
790,349,43,45,49
724,398,63,64,51
1001,447,49,50,52
347,241,56,57,61
986,164,50,49,52
347,114,31,29,34
294,457,73,69,49
219,249,197,192,212
857,367,47,47,49
377,133,37,36,38
564,386,42,44,44
724,304,43,44,47
925,94,42,48,52
360,218,202,202,224
609,30,46,47,50
611,214,124,122,139
481,466,173,179,195
370,24,36,26,29
1046,202,49,50,54
28,439,51,51,51
825,81,51,49,51
958,109,50,49,52
718,313,48,44,50
589,215,86,79,84
124,162,216,219,242
954,50,77,63,60
1171,458,236,233,251
1129,29,229,227,245
621,346,39,44,45
1112,18,235,234,253
986,313,47,48,51
1166,27,240,234,251
194,434,51,47,49
1074,170,51,52,56
413,60,32,34,30
1157,385,233,232,249
433,45,33,34,35
516,69,30,26,27
824,18,76,75,69
200,331,44,42,44
31,274,36,31,32
742,483,111,107,84
274,467,95,85,57
435,323,40,43,49
341,313,44,44,48
825,87,46,47,49
309,449,76,72,55
120,211,206,206,230
1084,469,255,254,255
915,151,46,47,50
854,403,46,46,49
548,42,43,42,46
565,482,150,142,137
791,184,49,45,50
930,88,48,48,53
895,216,51,49,52
242,168,191,185,206
634,62,43,47,48
1047,366,47,48,53
507,187,220,216,239
390,218,198,197,217
471,349,48,50,52
318,461,110,101,85
997,321,44,47,49
414,70,31,34,36
901,359,45,45,47
985,425,46,46,49
147,62,149,134,154
992,352,46,48,53
352,285,49,43,49
207,393,41,44,46
443,324,43,44,47
1073,1,108,83,69
780,154,48,44,52
588,325,43,43,46
251,289,44,46,49
48,260,31,30,29
247,495,46,44,48
658,4,50,52,52
592,2,94,82,59
587,368,43,44,44
172,168,42,41,48
322,469,126,121,127
923,75,48,49,52
1059,7,98,76,64
1093,372,245,242,255
784,361,44,46,49
586,26,49,47,50
232,274,208,205,226
848,225,241,241,255
457,383,46,43,44
1072,217,56,56,57
342,202,196,193,216
499,59,45,42,45
1176,48,239,237,252
89,426,56,55,55
289,223,192,190,209
517,453,129,121,133
738,352,46,46,51
407,456,60,59,56
832,101,48,49,49
593,13,59,52,56
933,22,96,70,61
579,85,46,45,49
1060,319,46,50,52
734,278,47,49,51
14,300,36,35,36
956,51,79,64,58
183,182,191,185,206
187,325,43,41,44
706,126,46,45,51
1110,365,236,232,252
539,258,229,227,248
697,82,45,46,50
390,81,32,31,33
362,426,44,43,47
1148,344,232,231,248
132,41,156,139,159
721,266,50,46,51
758,186,47,46,51
388,2,39,29,30
828,19,82,82,76
144,309,38,33,36
295,203,188,185,202
1007,134,49,49,53
1121,357,234,229,246
837,414,50,44,41
659,23,50,48,53
195,46,195,180,205
210,413,45,44,46
512,37,74,58,50
152,437,47,46,49
514,38,65,59,60
1091,199,231,234,247
140,281,212,215,237
975,54,79,64,58
897,400,46,46,47
509,295,42,44,47
153,391,41,44,43
312,378,40,41,45
298,405,43,45,43
663,16,52,51,52
634,432,44,43,47
778,151,46,46,49
914,131,44,47,52
534,239,219,220,235
1121,73,228,225,244
1036,117,47,48,49
622,45,43,46,48
546,319,42,44,45
1037,477,48,52,55
193,330,43,44,43
992,366,48,48,52
541,75,41,43,46
872,152,47,47,50
147,456,49,43,55
297,5,210,211,233
453,426,57,61,64
378,313,45,44,46
453,85,40,41,42
535,383,39,42,46
797,169,44,45,47
817,242,98,78,70
778,148,50,45,51
802,413,51,51,51
824,367,45,46,49
734,25,50,49,51
697,184,236,235,254
972,494,46,48,51
973,413,48,46,50
112,415,45,44,47
647,453,192,199,220
1188,257,238,235,251
12,434,52,50,53
207,386,43,44,44
92,445,49,47,50
175,198,57,38,64
759,197,50,48,54
382,470,70,60,52
803,166,45,47,49
222,65,106,108,121
634,244,48,48,49
65,349,41,38,42
819,283,47,46,51
806,469,59,53,51
213,399,41,41,45
633,438,45,43,49
432,398,46,45,46
231,412,42,45,47
117,45,157,139,162
579,101,43,42,46
714,325,42,44,46
247,284,184,184,214
710,317,48,44,50
805,195,49,47,52
697,243,51,51,57
710,323,39,45,48
189,421,50,45,47
754,358,49,45,50
534,269,46,51,52
980,193,48,46,50
99,364,36,41,42
375,234,207,209,229
974,162,47,49,51
646,0,51,50,54
218,444,49,49,50
887,250,240,240,255
197,458,45,45,47
571,284,45,42,49
1182,261,239,237,253
89,282,36,28,33
353,321,41,42,44
967,254,47,47,51
889,21,83,74,73
389,125,34,37,39
870,91,49,48,52
24,398,45,45,47
419,354,45,46,47
1156,141,236,235,248
1183,85,239,238,252
681,152,44,45,47
439,215,224,220,244
997,277,50,48,52
250,107,35,27,31
151,488,47,47,49
261,438,59,60,56
520,400,37,42,44
1009,204,47,48,53
96,139,160,33,41
301,230,192,193,214
661,225,236,239,255
352,241,205,206,228
524,82,47,44,48
778,157,47,47,51
687,173,51,50,52
176,427,69,67,57
389,76,27,29,26
100,81,178,158,180
783,476,168,163,175
429,157,41,42,45
432,365,43,43,46
1094,408,241,241,255
732,408,46,47,52
458,467,181,185,202
1093,77,137,123,118
21,364,45,42,45
516,412,43,42,47
208,219,188,183,203
560,264,229,231,246
601,359,45,46,48
43,243,30,27,29
577,99,41,45,48
812,99,49,48,47
163,441,47,48,53
712,216,73,64,69
1055,442,49,50,53
1155,495,231,230,247
700,158,49,45,51
376,34,35,25,28
695,469,117,95,65
698,215,241,237,255
1137,440,228,228,243
266,291,44,43,45
964,76,68,60,55
1055,478,46,49,56
848,355,45,45,49
304,347,43,42,45
1084,356,252,252,255
786,94,46,48,50
304,223,195,192,210
606,491,171,170,179
1065,452,51,51,54
827,440,45,48,51
1195,306,237,235,253
296,453,83,74,54
219,369,41,43,52
190,234,193,190,214
1190,219,239,236,254
272,335,43,44,47
61,303,35,32,34
1004,405,47,47,51
998,345,46,47,52
246,96,44,38,44
47,346,42,40,44
755,409,131,128,143
159,6,75,58,85
510,488,118,108,78
740,234,240,238,255
799,340,43,45,48
223,66,97,101,117
642,132,41,43,48
243,283,207,209,231
263,174,189,184,204
1113,468,228,225,240
891,39,112,107,108
367,405,41,42,47
388,45,31,27,27
553,176,48,50,56
2,155,170,32,38
275,69,38,38,41
740,495,144,138,99
1090,72,89,86,79
1172,276,237,237,249
424,480,136,88,79
592,223,240,237,255
1155,443,233,233,247
861,57,98,80,59
19,207,30,28,31
562,360,44,41,47
973,16,103,77,65
1024,100,50,49,53
350,71,33,23,28
66,469,52,47,51
694,353,45,46,45
1014,172,48,48,52
81,121,164,63,88
122,195,217,214,239
182,431,49,49,49
190,169,60,53,64
284,50,47,48,53
754,125,48,47,51
520,194,220,220,241
684,384,44,45,47
1045,168,50,50,53
187,426,49,47,52
453,67,44,41,46
759,192,45,46,49
644,74,49,46,50
973,386,47,47,49
319,241,202,201,221
848,130,44,48,51
873,343,45,48,50
753,179,47,45,50
241,403,45,44,46
1092,293,236,238,255
600,119,39,44,44
572,389,44,41,46
482,74,39,41,47
227,128,33,28,33
532,184,225,224,245
104,454,49,46,49
911,470,45,47,52
923,170,48,47,52
1083,145,54,57,61
872,242,237,237,255
218,417,44,43,47
12,215,28,29,31
543,367,40,43,44
202,379,41,44,44
933,269,45,45,48
770,413,45,45,47
555,293,42,45,47
958,257,43,47,50
619,426,43,45,48
380,159,43,40,45
467,415,44,44,47
495,294,43,44,50
881,190,50,46,52
937,488,50,51,50
679,315,46,47,48
1144,423,233,230,244
933,378,51,44,50
1009,31,102,79,62
398,478,54,56,53
907,346,47,47,52
1040,242,51,47,50
203,277,207,203,228
878,405,46,47,49
191,124,41,43,50
889,182,48,46,52
347,470,72,64,60
531,339,42,42,46
891,112,45,49,51
277,292,42,43,46
540,185,225,226,247
1192,21,240,236,252
1130,163,231,228,242
16,230,30,29,31
326,491,119,122,134
850,348,49,45,51
759,371,47,46,49
865,298,43,46,49
422,329,42,44,47
982,93,46,48,53
225,158,160,162,172
514,326,44,41,45
1061,223,50,48,52
797,349,46,47,52
596,414,41,43,45
1112,345,235,231,250
769,475,152,150,165
1155,247,234,232,251
1069,120,51,50,56
277,147,33,27,32
490,40,82,63,51
1032,219,51,50,52
43,307,34,32,37
939,472,43,46,49
662,263,50,46,49
811,350,45,47,49
718,232,235,239,253
309,430,60,62,49
849,395,44,45,48
872,384,48,45,52
690,228,237,239,255
204,27,188,166,175
842,498,170,158,118
57,273,32,29,32
937,67,92,88,82
671,189,235,237,255
261,102,34,30,34
91,87,154,25,37
573,129,47,44,49
670,420,45,45,48
347,259,214,212,234
310,424,43,42,49
20,445,52,52,51
250,338,42,45,48
319,19,43,43,42
1013,256,47,46,49
843,390,47,46,47
751,53,48,48,50
201,343,42,43,45
627,87,46,43,48
997,326,47,46,52
1130,400,231,230,243
1097,439,236,236,252
320,221,197,198,213
600,138,43,45,50
680,233,238,237,255
743,200,241,238,255
849,153,46,48,49
563,12,96,81,60
226,202,50,42,46
98,429,50,49,51
1138,261,231,229,244
1194,335,239,237,252
299,97,34,26,28
1058,190,46,52,52
895,489,175,157,85
919,385,45,45,51
689,214,238,236,255
1126,181,232,228,247
270,402,45,43,46
974,235,45,48,50
84,290,37,31,33
436,355,46,44,49
215,205,181,178,194
884,351,45,48,52
1138,489,231,227,240
305,416,42,43,44
719,396,72,50,77
163,11,158,140,163
1191,488,237,234,248
765,23,49,50,54
68,425,77,78,68
900,17,106,98,95
295,400,39,42,45
318,428,60,58,51
881,387,50,46,49
815,369,47,47,51
982,345,46,47,51
238,424,82,81,52
429,338,44,43,46
677,289,46,45,47
1049,186,52,50,53
359,101,35,29,33
332,267,208,212,234
119,451,48,47,50
841,127,46,48,50
995,85,49,47,51
588,66,43,43,43
504,137,42,36,39
118,219,199,198,220
453,54,40,37,43
744,334,47,43,47
1081,206,53,55,56
670,292,45,47,49
811,0,65,61,62
55,236,34,35,34
302,439,58,58,52
1134,236,228,225,242
1183,342,237,236,254
83,110,155,25,33
620,465,141,138,135
371,108,39,32,37
300,281,42,45,44
1178,418,238,238,253
590,201,82,76,75
1027,461,46,47,54
629,267,43,45,48
196,192,186,181,204
8,2,223,224,248
908,108,46,46,50
358,391,43,42,44
623,144,46,45,46
442,230,228,230,252
321,478,99,95,103
313,69,29,28,29
54,39,138,129,143
346,251,205,206,226
359,192,198,197,218
958,136,47,49,52
315,321,41,44,45
178,55,166,154,177
315,103,30,26,29
1020,307,47,48,51
1161,88,234,233,251
428,473,97,96,101
243,66,158,155,176
347,97,32,29,31
904,119,47,49,50
1045,199,43,48,52
570,495,171,168,173
739,243,241,239,255
560,384,42,43,47
182,13,169,140,157
528,27,70,53,40
714,55,50,47,50
733,121,42,47,48
142,289,39,37,37
267,26,110,110,134
841,258,239,239,255
993,281,45,46,51
625,455,108,106,110
1072,278,61,56,57
891,252,239,237,255
613,237,234,235,255
1056,95,47,50,56
195,489,42,45,48
431,408,45,44,48
943,286,46,47,48
583,107,38,45,48
257,249,195,193,211
880,405,49,48,53
1089,181,207,225,254
358,85,32,28,28
717,278,45,44,49
538,350,40,39,43
468,427,43,45,50
15,85,123,113,120
3,298,37,34,38
219,318,44,43,46
720,46,48,47,51
581,393,43,41,45
1056,307,51,56,56
841,74,47,48,48
1120,306,228,228,244
366,263,216,213,237
688,251,49,46,51
805,101,47,46,50
613,135,43,44,48
622,387,41,43,45
791,471,161,159,158
95,227,209,207,230
734,182,48,50,54
675,245,48,48,50
170,191,194,190,208
538,335,42,45,43
550,112,46,43,47
782,311,47,47,49
1177,188,239,236,253
868,302,49,47,53
155,389,42,44,46
1192,416,236,235,253
1118,191,235,232,249
1009,208,44,47,50
1167,342,238,235,252
215,121,35,35,40
1052,15,70,66,60
216,479,48,48,49
198,277,207,207,227
1145,155,233,229,249
310,110,33,26,26
1093,91,136,122,119
866,120,46,47,52
398,73,34,29,30
1132,65,228,227,244
244,311,46,41,47
297,181,188,184,206
514,384,44,41,44
563,321,42,42,47
32,322,38,37,41
295,66,32,31,36
238,208,182,179,196
743,267,49,48,53
629,178,235,234,255
351,435,89,84,56
426,251,54,57,59
944,269,46,46,50
629,95,47,44,49
810,151,45,48,51
1032,44,103,80,64
463,458,177,185,205
19,414,57,53,52
81,406,47,44,45
168,115,123,133,141
694,447,43,44,47
884,52,103,101,99
919,110,44,46,50
675,167,50,45,50
177,53,167,157,178
91,202,194,177,210
388,416,40,44,46
852,116,48,47,49
27,13,227,224,248
183,334,39,42,43
506,7,75,59,48
633,375,44,43,45
1066,176,52,49,54
581,284,46,43,47
21,491,61,59,49
1008,206,47,48,52
1170,490,237,232,251
1185,87,240,238,255
153,150,150,157,177
1040,452,47,49,52
1070,63,86,70,61
13,137,158,29,40
215,372,40,43,43
772,16,51,51,54
589,147,44,43,47
89,46,26,24,24
807,338,46,46,51
1118,222,229,229,247
621,122,45,44,47
791,192,47,48,54
916,91,50,48,52
830,225,238,237,255
1096,174,245,241,255
201,470,43,45,47
436,32,32,34,35
1135,459,232,225,241
871,301,43,47,50
403,34,37,29,30
702,81,44,45,49
526,171,44,47,47
1057,78,82,76,61
683,228,238,235,255
806,134,48,48,51
716,225,56,58,63
174,80,65,49,68
965,85,48,47,52
514,321,41,43,45
247,71,42,43,49
203,222,191,188,208
536,455,137,135,139
764,411,55,49,55
132,242,204,200,222
1101,258,235,233,254
701,490,134,109,76
360,142,36,37,38
871,155,47,47,50
606,428,40,44,46
1098,359,243,242,255
323,401,48,43,43
185,94,39,31,34
715,151,47,49,50
6,300,35,36,38
1171,291,235,233,249
1110,63,232,231,248
167,316,36,40,40
899,63,106,102,97
788,434,47,46,51
1013,181,50,49,51
677,135,44,46,51
681,182,235,233,254
652,376,40,45,44
425,447,161,154,153
573,355,43,43,44
685,147,43,45,49
1036,161,50,49,54
1176,38,241,236,250
367,130,36,33,37
470,259,102,104,123
265,438,60,59,52
1171,448,239,235,251
853,330,46,47,51
868,125,47,46,49
649,325,41,44,48
121,228,97,98,122
344,41,43,31,28
460,63,40,40,42
631,106,47,46,49
1081,324,245,246,255
395,240,211,213,235
220,462,46,47,51
1094,192,245,245,255
331,64,33,27,27
712,130,42,45,48
442,354,42,44,48
869,164,47,46,52
158,98,198,187,209
1016,210,49,48,53
372,66,31,25,29
672,312,44,46,49
417,349,43,44,42
976,134,48,48,53
112,281,183,181,214
742,481,101,98,75
211,403,41,44,49
41,45,106,96,113
538,228,229,229,254
1136,462,226,224,239
575,47,41,44,49
170,447,50,50,51
105,460,51,49,50
722,152,43,46,47
24,165,172,36,43
814,232,242,239,255
92,336,37,35,39
1127,299,229,227,243
276,348,44,44,45
983,46,96,71,58
534,232,183,171,180
306,343,41,44,43
423,104,42,40,41
60,469,44,46,49
1123,464,226,226,242
311,88,29,27,27
256,82,43,41,45
738,394,47,46,48
1063,180,47,50,54
219,24,176,166,189
27,64,136,128,140
743,379,43,44,45
592,134,44,45,48
269,69,46,44,50
1051,165,49,50,52
1152,33,236,234,251
937,247,45,48,50
866,413,43,46,50
344,39,45,36,31
965,496,49,50,53
604,491,177,173,183
620,311,38,44,47
1177,133,240,239,255
343,308,43,43,48
770,417,42,44,49
895,341,43,47,47
11,46,60,61,66
426,51,35,34,36
1113,363,234,232,251
421,472,161,144,146
1122,174,229,229,247
249,81,48,47,52
764,259,238,237,255
901,18,108,100,99
385,200,206,204,226
578,404,43,41,46
1097,60,242,242,255
207,52,89,68,93
971,370,45,45,50
1044,302,139,124,157
107,328,37,34,35
62,440,48,50,49
133,58,153,138,159
1135,268,225,224,242
854,319,46,45,51
237,102,36,38,40
270,483,77,70,53
947,4,123,81,66
931,35,175,129,89
312,337,42,42,45
83,137,158,30,38
866,193,47,46,49
154,259,207,208,230
1017,121,54,49,51
180,300,37,38,45
842,292,46,48,49
664,121,43,45,47
99,117,187,154,161
1190,89,237,237,251
7,174,106,101,109
313,247,197,198,213
147,465,53,48,54
192,154,36,31,37
93,384,44,43,46
660,74,46,45,49
725,46,48,46,50
1177,194,237,237,254
954,162,48,45,51
779,50,51,46,53
457,264,238,234,255
182,10,163,108,129
1079,393,248,247,255
865,120,45,46,50
228,118,31,30,35
1123,476,227,220,241
712,452,44,46,48
978,379,43,46,49
957,274,44,44,52
178,268,206,205,228
588,340,40,43,45
571,288,45,45,48
1010,236,47,48,50
498,37,88,64,49
921,285,49,46,51
321,142,34,32,33
635,288,43,42,46
387,27,44,34,31
114,483,48,48,51
603,479,170,171,178
46,335,37,37,38
231,174,192,185,205
227,201,47,38,46
911,202,49,48,52
534,421,42,42,45
1195,317,240,238,253
131,135,36,26,32
1062,327,51,50,54
20,86,123,109,118
890,142,45,47,48
478,355,40,44,48
315,108,29,27,26
472,319,56,57,59
199,17,188,167,191
444,344,41,45,45
367,444,101,94,88
727,364,43,44,50
1103,135,241,239,255
1104,330,235,233,253
1053,80,63,60,61
834,93,46,48,49
280,426,75,74,51
873,447,46,47,51
985,257,45,46,49
226,308,40,43,46
694,279,43,46,46
635,467,115,108,105
887,14,79,73,66
484,17,71,55,47
218,305,45,43,44
1176,464,237,232,251
942,461,45,46,50
518,27,41,40,42
110,26,35,29,32
684,409,45,43,50
1127,260,230,228,245
679,124,42,45,47
1093,212,249,249,255
90,329,37,33,34
663,150,48,45,47
1193,399,235,234,251
677,131,45,46,50
378,154,36,40,42
781,409,80,86,130
448,126,43,45,44
535,306,47,43,45
576,364,42,44,45
9,170,115,110,111
1075,240,51,52,55
680,248,50,49,51
660,46,45,47,50
267,61,51,50,56
861,202,44,46,51
1141,85,230,229,243
297,415,45,42,46
373,414,41,43,48
49,354,39,41,43
1162,10,238,234,252
645,150,45,45,46
136,481,51,52,48
976,32,100,74,61
949,483,47,46,50
88,270,38,35,34
1166,272,236,234,251
783,357,47,45,49
142,315,32,35,38
557,295,47,46,46
1082,280,246,245,254
481,282,54,56,60
650,96,42,45,50
1098,46,236,234,253
931,219,44,47,51
28,382,41,44,45
29,80,120,110,119
1159,72,239,234,249
46,250,38,31,33
912,130,47,49,51
603,326,43,42,45
224,73,120,118,133
599,256,48,49,54
559,457,155,153,162
707,456,119,99,71
1151,439,234,232,247
143,246,205,203,226
956,143,48,46,51
436,337,44,43,46
1154,215,239,236,249
719,130,48,45,52
708,253,57,52,55
1193,472,237,234,252
906,30,106,99,92
125,87,155,141,159
796,233,242,240,255
868,160,46,48,48
191,382,48,41,46
651,139,45,44,48
1149,141,234,232,248
182,321,42,40,43
96,305,35,31,34
569,76,46,43,47
641,41,46,47,50
687,118,46,46,47
806,275,45,49,54
76,367,43,43,44
424,237,185,185,202
306,77,37,29,31
1180,148,241,235,254
279,315,43,42,47
781,165,47,47,51
777,204,82,78,91
734,483,151,142,156
10,417,59,56,54
995,128,49,48,53
755,385,45,46,49
482,416,42,41,46
725,389,43,44,46
442,283,48,48,50
929,226,46,47,50
882,492,172,161,108
325,270,50,49,50
424,380,41,44,47
964,222,47,47,50
689,150,47,46,48
290,383,42,43,46
95,250,216,218,237
655,488,98,74,59
620,190,237,233,255
532,56,43,42,47
803,325,45,47,49
87,66,191,189,205
999,207,46,47,51
1171,199,239,233,254
1109,245,238,233,248
953,326,48,44,50
811,448,47,47,51
821,388,46,46,48
771,304,44,47,47
128,61,162,146,166
14,179,99,96,102
111,101,159,29,36
340,417,46,42,47
999,298,47,47,50
416,487,130,122,129
857,42,97,89,82
879,327,45,46,51
276,173,183,184,203
294,327,42,44,47
784,59,48,48,47
409,146,43,40,46
57,345,40,37,40
375,287,44,43,48
1101,364,244,240,255
461,36,62,52,45
1012,207,48,48,50
683,449,47,51,52
1177,492,234,231,246
1129,432,228,226,242
710,222,61,54,58
679,230,237,235,255
523,473,137,137,134
381,399,42,43,46
207,130,31,35,39
1045,56,117,111,101
998,232,48,47,50
788,209,238,237,254
1070,240,53,50,55
559,327,41,44,48
944,252,46,47,50
478,124,41,42,46
582,307,44,43,46
343,433,100,96,65
917,148,46,47,50
995,46,115,83,66
669,462,91,69,53
410,329,42,42,45
842,391,43,45,47
437,3,33,31,29
826,297,46,44,49
414,20,38,29,29
967,160,47,50,51
376,457,125,115,124
662,16,50,51,53
427,309,41,43,48
251,490,73,67,51
500,2,97,82,74
143,108,56,35,52
532,365,43,44,47
899,80,46,49,52
781,347,47,49,52
207,390,42,44,44
252,315,43,46,46
565,238,231,232,254
798,323,50,48,51
902,462,47,49,53
586,25,49,48,48
558,196,204,204,229
45,44,128,117,134
753,89,44,46,49
845,119,51,47,51
377,402,42,45,48
597,240,236,234,255
181,12,169,149,172
401,473,56,58,52
428,41,29,31,31
472,367,43,46,50
530,473,116,111,116
651,167,44,47,50
441,468,146,109,105
33,448,71,64,63
283,313,41,42,47
81,468,84,72,68
712,264,49,46,50
72,25,156,152,167
1105,100,236,235,254
275,422,40,44,45
284,336,43,42,46
861,204,49,45,52
737,466,150,143,158
159,255,210,208,231
731,116,46,46,47
88,432,44,47,49
700,165,47,47,51
253,369,41,42,46
522,404,43,40,44
393,270,214,217,236
615,14,50,51,51
109,302,36,30,34
726,468,154,146,153
96,219,215,215,243
376,149,40,39,43
232,95,38,37,42
456,453,170,173,184
749,345,44,48,47
607,471,156,151,150
967,70,79,68,57
163,186,198,193,214
422,89,38,38,39
899,62,104,101,96
230,487,54,55,53
451,443,144,139,148
303,313,46,43,45
934,127,45,47,50
325,367,42,43,46
402,49,32,27,28
1005,366,48,49,52
1079,84,135,142,148
640,453,196,200,219
13,57,38,23,40
965,95,48,48,51
928,9,235,233,233
190,242,200,198,219
839,499,169,159,125
885,267,235,238,255
1128,171,232,228,246
134,201,206,204,226
563,187,231,229,254
556,262,232,232,253
1102,231,238,236,254
1160,262,234,233,249
688,161,46,48,50
65,423,87,91,83
870,225,240,239,255
838,63,46,49,52
1146,81,235,233,246
985,412,50,47,52
223,150,37,27,29
365,6,41,33,30
749,130,47,46,51
71,39,114,103,116
886,350,45,47,51
297,179,186,184,203
436,254,231,230,254
843,26,87,86,80
519,251,222,223,244
539,457,164,164,175
619,144,41,45,48
512,361,45,42,46
1152,101,233,232,250
1139,252,230,229,244
47,393,45,46,45
722,233,238,236,255
201,391,46,42,46
746,112,45,47,49
203,413,41,44,46
449,399,34,37,35
1013,82,97,87,72
377,483,70,64,57
54,199,89,84,95
516,334,39,43,46
464,230,227,229,252
884,67,49,50,53
480,231,34,31,32
425,300,42,43,46
600,305,42,43,44
769,284,46,48,52
692,119,45,45,48
164,365,43,42,45
801,184,46,47,52
1098,230,238,238,255
1144,248,230,230,245
1000,464,49,49,53
475,109,43,41,46
927,412,45,46,51
1110,19,238,236,255
1006,62,64,58,57
0,476,50,47,48
1044,223,48,48,52
1123,283,225,227,241
600,10,51,48,52
234,497,70,66,51
954,483,47,48,51
839,262,232,234,255
394,381,46,42,45
549,307,45,42,45
906,471,48,48,48
675,285,47,45,49
443,392,75,78,84
899,256,240,239,255
274,45,46,43,49
179,246,202,197,218
231,372,40,44,46
64,146,184,144,159
244,136,31,25,27
582,310,37,44,46
851,162,48,46,50
951,374,46,48,48
358,184,194,195,213
988,110,43,49,53
497,458,149,152,161
1018,359,48,50,53
661,82,43,46,50
971,480,45,44,50
183,170,166,162,175
444,84,41,39,40
834,317,48,47,50
165,248,204,203,225
432,28,37,32,32
683,293,45,46,48
730,103,47,44,49
273,312,42,43,46
152,419,46,46,48
557,103,46,45,49
1058,482,51,49,54
877,363,48,47,49
1108,99,233,231,250
835,333,46,46,50
143,468,48,47,52
171,478,50,45,49
431,361,43,45,45
135,467,50,48,52
175,147,37,34,40
398,403,41,42,46
171,40,167,152,179
1151,484,230,227,242
396,236,213,213,237
119,305,37,37,38
173,145,36,36,40
320,289,43,42,46
439,386,46,47,51
793,423,45,46,49
184,419,44,47,47
290,293,43,45,44
507,242,120,104,111
39,207,106,107,109
892,23,77,68,62
665,218,199,193,188
124,488,49,47,50
699,315,48,42,50
386,123,41,36,37
888,225,238,238,255
1044,457,49,48,52
398,305,42,45,44
42,18,64,61,67
406,160,44,41,47
586,109,43,45,44
301,59,34,30,35
880,136,47,47,52
795,80,47,47,50
1015,158,48,50,52
100,267,40,34,35
1084,119,247,248,255
681,293,46,45,47
863,315,46,48,51
317,71,35,29,32
743,167,50,47,48
374,250,212,214,236
1123,416,231,231,248
200,212,191,187,204
574,102,44,44,46
1172,308,237,235,250
35,37,230,228,253
837,395,39,46,51
559,276,49,45,48
244,118,34,26,30
1090,385,253,250,255
1177,181,239,236,250
122,28,26,29,27
370,497,56,55,51
238,236,151,149,161
45,93,188,186,206
903,441,66,60,113
223,317,43,45,45
366,75,35,28,30
379,27,35,28,28
913,390,47,46,49
614,160,45,46,49
374,64,29,28,27
116,120,163,31,41
989,482,48,47,51
505,78,26,31,35
449,461,158,150,161
532,196,120,123,153
1107,66,234,233,250
314,182,192,189,210
268,84,35,31,38
487,31,77,60,47
77,249,43,41,47
109,305,35,32,35
191,256,203,200,221
471,236,211,211,232
974,419,46,46,50
913,328,48,45,52
703,76,46,45,48
356,378,42,44,46
1023,464,48,47,52
1026,180,47,49,53
739,170,45,46,50
144,398,43,44,46
497,172,39,40,42
757,134,44,47,48
701,477,126,105,77
954,5,113,83,63
754,6,52,49,53
63,16,223,225,248
794,261,239,240,255
1064,166,52,49,53
721,392,46,47,51
531,149,44,45,49
1142,45,236,231,249
1040,310,51,49,55
159,196,145,141,157
606,289,47,45,47
1029,280,46,49,52
661,11,49,48,51
1087,64,254,253,255
610,368,38,44,44
310,245,102,90,107
623,189,238,236,255
1197,33,238,238,252
1079,38,141,138,139
1173,447,235,232,249
288,498,45,45,47
212,458,48,47,50
848,136,44,47,52
1184,193,238,236,253
770,172,44,48,50
1136,290,228,227,242
442,282,48,47,50
228,310,40,43,47
494,289,44,45,48
739,439,46,45,49
579,46,45,45,48
566,357,40,43,45
77,487,75,65,68
1013,437,52,46,51
967,237,48,48,51
1066,476,54,51,55
938,361,44,44,51
197,345,42,43,47
319,354,48,47,57
359,429,47,43,46
799,199,48,47,54
55,318,40,37,41
911,245,239,236,255
529,93,41,43,48
177,87,32,29,32
1032,201,51,49,53
445,495,176,176,194
851,186,47,47,52
775,33,50,50,53
719,292,42,43,52
244,297,44,43,47
806,52,50,53,51
828,126,46,48,50
1072,364,54,54,57
331,427,42,45,41
190,4,155,27,37
508,7,74,55,45
816,159,50,47,52
143,349,40,41,42
374,113,35,34,35
1130,314,227,227,242
419,278,49,46,50
811,443,50,47,51
323,94,29,23,30
774,264,239,237,255
53,334,37,36,37
1108,334,236,233,251
641,262,44,44,47
625,56,46,48,47
707,253,52,48,52
424,196,220,222,243
961,264,47,45,48
537,210,65,61,64
784,174,49,46,51
755,325,46,47,49
44,378,44,44,48
603,73,43,43,45
635,118,48,46,49
149,391,42,44,46
913,312,43,48,48
464,356,56,58,59
150,397,44,45,47
1143,147,234,231,247
993,117,48,49,53
288,460,88,87,57
874,302,47,47,49
84,125,160,61,78
1053,158,47,48,53
193,87,42,36,35
400,246,168,164,173
1162,296,236,234,249
165,495,47,46,50
216,441,49,48,49
548,161,42,44,45
1197,91,237,236,253
1069,444,49,51,54
486,432,185,189,213
464,218,144,138,155
1072,106,52,52,57
122,436,52,52,51
1073,229,52,53,54
876,371,46,46,49
317,354,45,45,45
411,278,44,48,50
227,432,49,48,50
564,480,143,133,121
666,478,100,77,59
1098,199,243,243,255
913,485,57,51,56
1198,29,243,238,253
29,290,35,33,34
917,203,48,47,52
980,185,46,48,49
764,299,48,44,48
283,129,27,29,27
978,97,47,48,51
546,129,43,44,47
1047,247,51,47,51
183,423,46,46,48
55,179,171,33,40
940,318,47,45,48
542,227,229,227,252
548,20,46,48,48
181,277,211,208,231
586,487,100,92,73
143,369,44,40,43
215,290,41,38,44
1197,38,242,237,252
1062,449,47,49,53
873,356,47,47,52
813,283,47,45,50
551,294,45,43,47
611,427,46,44,48
99,59,135,117,138
706,396,47,45,50
884,172,49,46,56
352,440,83,81,51
1019,414,47,50,49
787,229,109,102,150
483,467,181,182,195
729,291,44,44,48
16,257,33,32,32
160,84,163,150,171
591,390,42,42,46
920,100,47,50,49
578,26,49,48,53
689,437,44,44,46
201,375,45,42,45
724,53,44,45,49
1174,367,241,236,252
392,79,31,31,31
182,34,161,41,56
1038,214,46,47,51
944,491,65,55,51
1023,77,99,84,71
529,56,44,44,46
612,282,42,45,47
482,176,48,46,51
571,64,41,45,47
216,150,35,27,30
391,423,41,43,47
1068,448,48,51,54
95,116,162,47,63
707,165,48,44,52
363,320,47,44,48
951,17,111,78,65
40,284,35,31,34
73,284,37,30,31
175,356,46,41,45
686,212,184,181,189
703,380,46,44,49
736,270,47,49,52
97,323,34,34,35
1180,168,239,237,255
20,246,32,28,35
717,302,46,45,49
758,108,45,44,49
930,442,46,49,53
672,287,45,45,52
622,463,117,114,117
969,279,48,48,50
769,300,45,45,47
2,362,41,44,48
411,35,34,29,29
239,222,185,185,204
262,447,54,52,50
49,398,45,43,50
195,123,42,39,44
687,152,49,47,49
853,318,50,46,47
713,88,49,45,49
143,455,44,46,50
253,106,32,28,32
57,281,34,34,37
604,71,41,45,47
1095,108,234,236,246
916,423,47,48,48
231,309,44,41,46
326,275,45,44,45
513,388,41,41,44
151,98,146,135,155
67,279,40,32,32
730,28,50,49,49
809,489,156,151,166
462,222,226,228,245
34,155,166,27,31
57,256,35,28,31
718,130,44,45,49
390,141,34,40,43
767,119,49,45,49
1161,216,241,236,252
725,15,50,49,54
173,365,39,42,44
850,365,47,45,47
536,102,44,43,47
1098,147,246,243,255
637,343,46,46,48
1174,388,237,237,251
378,433,135,79,79
425,408,45,44,49
658,394,141,151,165
606,94,44,44,48
634,467,127,121,120
930,32,92,68,59
428,283,45,45,48
839,228,240,236,255
512,306,41,46,48
798,126,47,47,48
546,277,46,44,52
939,186,48,46,50
448,424,48,47,46
1036,38,106,81,62
1110,300,232,231,247
425,159,42,43,45
60,138,157,30,38
622,163,44,45,48
211,301,38,42,44
84,486,47,46,48
1108,327,234,231,248
1037,194,46,49,53
878,288,49,48,51
1015,15,106,83,61
211,93,203,205,227
968,167,46,49,51
1191,13,240,236,252
400,218,198,194,210
32,496,65,57,54
556,435,58,53,47
1130,138,228,226,245
710,207,239,237,255
559,33,42,44,47
247,313,44,42,46
848,288,43,46,51
853,138,48,46,49
504,46,41,41,43
148,306,34,33,35
828,400,45,45,50
589,101,43,43,46
300,384,42,43,47
804,424,48,48,52
485,462,187,188,206
905,389,49,45,49
175,57,166,154,177
655,379,43,43,45
693,387,46,43,45
6,122,154,27,33
809,447,45,45,52
72,288,35,32,33
815,343,45,45,51
813,15,55,53,55
588,20,50,50,51
846,431,46,48,51
921,306,47,45,49
1050,161,48,47,54
225,136,35,28,33
75,453,49,48,49
1136,19,233,228,248
490,53,41,42,46
755,215,147,137,116
193,25,159,36,47
861,263,243,238,255
358,35,36,30,30
781,446,45,47,51
427,314,41,44,46
482,203,81,80,89
394,216,61,50,66
927,279,46,46,48
188,207,188,186,205
302,478,119,114,93
1118,438,229,230,243
627,342,45,43,46
33,205,89,89,98
500,325,41,43,44
616,448,168,176,196
1139,255,230,227,244
82,328,38,35,38
361,497,66,60,51
986,127,50,47,50
5,240,36,27,31
655,223,237,234,255
917,140,46,46,51
129,270,212,213,236
643,386,77,64,107
311,142,33,29,31
266,58,49,50,57
123,423,47,49,50
1103,349,242,240,255
1042,141,46,49,53
1087,139,58,55,61
687,289,43,46,47
746,148,46,46,50
1141,13,233,231,245
948,408,45,45,49
528,250,224,225,246
58,144,162,28,36
487,252,208,207,226
1182,470,238,236,249
1138,225,228,228,246
699,444,42,46,47
1155,52,238,232,249
549,41,43,44,47
536,66,46,41,46
268,493,92,80,53
420,293,42,45,46
1096,428,241,240,255
494,98,46,43,47
459,24,86,63,46
734,430,45,42,47
1016,139,48,48,52
143,207,68,66,68
745,330,46,46,48
390,414,45,41,46
154,381,44,43,44
373,147,37,38,40
1005,210,44,47,52
762,309,45,45,47
19,252,37,30,32
140,386,41,42,42
579,348,41,43,46
207,378,41,43,45
339,359,42,43,46
867,241,65,60,76
1110,478,229,228,243
18,233,31,28,22
1164,416,235,233,248
462,50,40,39,42
97,226,208,204,227
546,185,227,226,251
735,248,240,238,255
814,308,47,47,51
674,287,45,44,50
683,207,238,234,255
902,161,46,45,50
665,278,46,45,49
861,183,44,48,52
765,173,47,47,48
563,328,44,44,46
759,370,43,46,47
1045,302,97,85,114
316,241,194,197,214
487,165,45,46,49
677,335,41,43,48
603,163,46,44,46
145,256,211,210,231
947,425,46,45,49
576,241,231,233,255
222,180,187,183,203
297,89,32,27,31
196,224,191,188,208
792,403,47,49,53
95,129,158,29,36
594,478,164,164,159
815,351,46,46,47
455,97,45,41,44
789,205,55,51,56
943,231,45,45,49
470,486,117,113,80
1160,395,239,234,252
44,106,146,19,30
231,498,59,59,49
984,50,95,68,59
528,354,43,42,46
895,309,43,46,48
1031,276,50,48,50
13,27,223,225,247
1196,194,241,239,255
216,482,48,49,49
129,261,215,212,236
11,435,56,51,53
118,362,41,39,45
407,277,46,46,50
625,495,113,109,97
18,354,45,43,47
625,424,45,44,47
281,131,30,25,30
66,416,78,75,62
578,193,230,230,246
540,77,46,43,47
454,392,40,42,45
261,228,186,187,207
998,330,43,48,50
842,302,50,47,49
485,18,67,52,47
239,224,55,43,60
325,297,44,42,48
651,237,53,54,55
280,249,196,195,216
574,48,40,42,47
372,379,41,42,46
368,226,208,207,227
852,468,48,48,52
88,476,89,80,82
296,431,98,97,65
1177,89,237,237,251
841,130,49,48,52
600,200,238,235,255
1060,473,48,50,54
1173,202,240,235,253
263,428,57,56,50
891,46,97,93,88
835,157,46,47,52
468,377,46,46,49
732,205,239,238,255
643,210,78,62,106
62,285,34,34,35
948,126,49,48,51
967,304,45,48,49
375,271,82,82,105
437,212,68,62,66
359,435,79,72,53
1034,55,163,151,133
666,28,51,49,50
593,480,173,172,172
897,120,45,47,54
280,497,92,79,69
973,344,45,46,48
1079,204,55,53,57
1153,195,236,235,248
443,451,127,97,98
431,237,225,226,250
992,64,91,75,65
896,427,54,46,65
383,62,32,30,30
343,173,190,194,213
58,329,43,37,38
949,414,46,50,51
25,182,107,107,116
1015,168,48,47,52
944,387,44,46,47
1027,350,45,47,51
194,375,43,45,45
1183,4,240,236,253
819,367,44,45,50
534,374,39,41,44
382,235,212,210,235
890,9,87,82,72
402,457,52,55,53
357,155,34,37,39
686,186,237,234,255
145,74,164,149,171
780,74,43,47,51
287,384,42,43,46
271,146,33,28,30
713,465,143,130,125
1134,197,229,229,243
947,354,49,45,51
307,298,41,42,46
635,51,44,47,48
341,347,43,43,45
611,0,52,48,52
535,212,200,195,220
469,288,14,20,22
69,436,48,51,53
275,136,28,28,32
310,358,42,42,45
1196,330,240,236,253
1129,42,228,227,244
111,192,213,213,240
145,59,151,134,152
405,14,34,26,29
1044,459,44,48,52
266,433,64,61,52
677,251,50,47,52
470,367,46,45,47
675,273,44,47,50
146,429,49,49,52
787,323,45,44,50
762,307,40,48,46
863,346,43,48,47
1046,405,46,45,51
539,204,61,54,60
252,313,45,41,46
99,415,45,43,46
198,137,34,35,37
73,164,166,35,40
274,117,33,25,28
497,382,44,42,47
224,469,69,65,55
588,418,43,44,45
1068,428,50,55,57
705,408,43,44,47
958,203,45,48,50
805,370,43,43,50
650,324,43,45,49
1004,208,47,47,54
402,310,43,44,48
719,11,62,56,56
1001,360,50,48,52
875,65,61,56,54
680,72,46,46,47
401,65,31,27,31
28,278,39,32,35
240,123,34,26,28
335,437,85,82,56
926,429,58,53,81
189,16,158,29,43
461,469,184,185,199
416,40,37,30,33
274,156,35,33,33
1043,255,47,48,52
332,172,171,162,178
654,236,100,97,116
90,4,34,30,32
534,427,44,43,43
386,346,43,45,47
925,410,47,46,49
993,223,52,49,53
564,105,44,45,46
1110,67,232,233,249
237,33,37,30,33
1044,285,223,223,241
591,340,40,42,47
981,25,99,76,60
659,374,43,43,46
578,83,44,45,46
1027,327,48,49,53
80,466,73,62,53
558,68,43,43,46
488,64,43,41,43
1198,118,240,238,254
262,59,45,48,53
256,477,86,78,68
876,495,168,158,120
354,307,43,45,46
115,87,154,138,160
252,447,58,57,52
76,331,40,34,41
668,230,238,237,255
1036,313,48,48,54
1088,475,236,233,252
380,117,38,38,36
44,189,117,108,107
651,110,45,44,48
577,54,45,45,45
1077,378,53,52,56
970,298,41,47,47
504,391,38,43,44
264,319,38,43,44
120,409,47,42,48
182,248,201,201,220
770,287,44,46,50
936,156,44,49,50
205,314,43,42,43
1138,339,232,230,246
417,334,40,45,45
1112,180,236,233,252
845,362,46,46,56
319,443,65,61,51
74,198,80,74,88
498,386,39,43,45
60,157,165,33,42
294,408,43,41,46
1013,222,50,49,52
16,287,37,34,38
33,439,51,50,52
360,271,48,47,53
160,488,50,47,52
381,352,42,46,45
328,234,63,61,61
701,178,48,49,53
594,54,44,44,49
90,245,216,216,240
404,313,45,44,47
569,268,230,230,254
680,402,40,44,44
136,37,139,123,144
785,402,48,46,49
958,226,50,47,52
265,283,44,42,44
90,358,40,39,41
571,167,46,43,46
76,195,46,33,41
736,448,49,46,50
1174,114,239,236,252
778,479,154,147,163
18,179,108,98,108
1098,291,239,235,255
515,440,151,152,167
1154,303,234,231,248
241,443,51,49,51
125,88,155,143,161
281,419,41,43,46
739,433,46,45,46
309,293,45,44,45
484,264,208,204,224
554,296,38,42,45
966,415,44,45,48
413,68,37,32,34
15,3,229,226,249
351,384,44,42,45
240,482,58,56,51
886,236,241,240,255
608,261,47,46,50
776,466,142,139,142
727,332,45,46,48
230,6,175,164,187
4,133,159,26,36
1006,226,50,48,54
675,368,45,44,47
724,492,149,146,157
218,360,41,44,44
928,261,47,49,53
1016,464,47,47,52
1181,140,240,235,255
506,361,39,44,46
409,413,45,44,45
889,36,115,110,108
587,309,45,45,48
799,255,240,238,255
1130,343,229,225,241
600,192,234,231,254
1086,437,234,218,202
394,312,43,42,47
430,332,45,44,47
379,437,201,197,222
933,93,50,49,51
982,363,44,46,48
651,128,43,45,49
599,5,68,58,60
53,36,146,145,167
1172,339,236,234,250
4,131,158,22,33
8,438,49,49,51
102,98,155,33,39
271,2,204,194,214
294,265,204,206,228
1059,240,49,47,53
146,56,140,126,144
324,51,37,29,30
836,137,50,48,53
1127,295,228,227,244
1038,100,49,49,52
33,85,110,84,93
1012,492,44,50,51
624,463,121,117,121
543,267,224,225,249
385,452,189,200,221
1165,323,236,233,253
915,486,59,52,51
954,403,46,44,51
128,183,220,221,247
237,205,43,36,43
970,285,43,45,48
1184,459,236,235,248
152,22,158,140,165
286,127,27,28,29
114,47,160,141,164
1084,440,77,78,63
93,325,36,33,36
88,281,32,31,33
10,89,128,119,123
966,226,48,44,50
45,291,33,31,31
467,383,42,47,48
809,95,45,47,50
535,120,39,44,48
1122,467,228,224,239
213,304,42,43,46
930,231,41,48,50
532,131,44,45,46
984,325,42,44,49
1080,284,250,247,255
835,167,42,45,50
1038,299,236,234,255
896,113,47,47,51
484,350,43,43,44
1162,303,237,234,251
824,235,237,239,251
195,75,207,196,221
901,295,47,46,52
456,254,81,72,90
1185,147,237,237,253
328,252,206,204,226
735,435,41,43,47
981,442,71,54,94
22,230,32,27,29
533,443,154,150,161
745,385,43,46,48
311,194,190,189,210
484,88,45,40,46
504,13,78,59,48
683,106,46,47,51
347,449,73,71,53
308,96,33,26,30
490,428,50,46,47
1014,11,105,81,67
383,495,83,74,56
377,169,46,43,47
102,436,50,47,51
552,387,38,41,45
267,228,191,188,210
699,492,131,108,75
286,255,197,199,217
216,386,43,43,48
2,66,24,19,25
414,252,225,224,243
829,52,57,58,56
391,391,44,43,49
752,90,46,46,49
277,136,31,27,28
442,57,38,36,38
146,367,41,38,44
740,18,51,49,52
434,252,227,230,252
68,138,187,162,179
224,153,33,27,32
948,196,47,49,52
309,350,41,43,44
314,2,147,153,162
101,166,31,28,31
355,178,196,192,213
975,180,47,48,50
446,226,232,227,250
983,402,43,48,49
1123,440,229,226,246
609,425,45,45,47
584,147,46,45,48
469,314,42,42,48
1179,370,235,236,248
1147,412,233,229,244
1188,466,237,234,250
964,45,88,66,58
298,128,31,27,30
93,18,113,106,117
530,326,38,42,44
504,77,39,42,45
699,46,49,45,50
748,165,46,46,49
1191,254,239,235,252
279,417,41,42,46
798,102,50,45,51
1110,247,236,232,249
958,355,43,46,50
1009,206,49,49,52
149,29,165,145,172
908,166,45,46,50
1113,377,234,229,251
771,157,45,44,50
420,105,40,40,41
145,194,52,47,57
771,310,45,45,47
1114,472,229,228,245
107,372,47,38,43
352,244,207,205,227
725,186,202,200,218
6,151,166,30,35
749,142,45,45,52
383,361,39,43,46
405,497,82,75,62
1176,194,238,237,255
804,488,156,151,168
402,228,212,216,238
406,72,36,31,35
1058,250,49,48,53
494,456,156,157,172
791,241,236,238,253
652,351,40,43,46
439,468,121,102,88
328,238,160,157,171
632,166,44,45,49
124,189,217,217,242
720,250,238,236,255
984,66,98,87,74
741,426,45,44,48
179,161,33,37,38
1050,300,55,53,54
968,440,89,79,61
213,166,35,29,32
900,434,49,48,51
415,92,36,37,40
411,342,42,41,44
430,188,219,219,242
548,480,129,124,122
244,262,201,199,218
33,7,227,225,249
1114,329,233,230,246
188,425,51,49,52
1018,11,98,78,61
896,473,49,49,53
613,80,42,46,49
515,179,216,217,238
184,230,43,40,42
1054,64,106,91,76
121,140,34,26,29
476,300,56,58,62
475,104,41,43,44
510,209,216,215,236
443,187,193,190,206
470,189,160,154,164
1002,447,48,49,53
79,307,33,30,31
348,305,43,43,46
1071,323,56,56,57
1059,399,50,49,52
1180,111,237,238,253
883,465,50,48,48
803,24,52,50,52
253,396,44,43,45
945,391,44,45,50
399,449,188,195,211
635,278,42,43,49
80,419,58,58,57
784,471,166,160,168
943,473,48,51,54
1185,115,241,238,252
394,412,42,42,46
712,243,231,231,252
16,229,33,25,28
429,272,232,231,253
228,373,46,41,47
130,349,38,37,39
626,222,237,235,255
211,28,182,168,191
344,499,62,60,52
152,365,42,40,44
347,307,40,44,45
1065,2,102,80,65
229,148,31,26,32
727,106,48,45,49
267,37,212,214,233
549,292,46,44,49
1069,255,50,52,57
305,143,33,29,30
846,13,95,92,84
381,62,34,29,30
13,218,34,29,28
866,97,47,46,52
403,115,43,37,41
652,437,44,45,44
892,379,46,46,51
120,252,216,212,235
301,498,47,44,47
447,371,67,67,68
787,96,48,45,52
283,247,196,193,211
174,235,193,196,216
1040,336,46,47,51
405,49,29,29,29
821,344,42,48,51
637,42,46,44,48
971,11,104,76,59
1156,130,238,233,250
304,103,31,26,27
991,218,48,47,49
33,301,35,33,36
67,248,38,33,35
3,443,51,51,52
399,75,32,30,32
1150,487,233,227,245
1146,46,237,231,247
1104,89,237,237,254
407,260,222,225,248
648,487,92,71,56
884,262,242,241,255
589,340,38,45,45
1104,19,236,237,255
185,416,45,44,48
649,16,46,51,54
1090,216,115,99,156
22,404,45,47,48
172,218,196,191,211
1012,11,106,83,65
964,358,49,47,49
312,216,192,192,213
628,72,42,43,48
67,485,65,60,57
1111,188,238,235,252
787,196,50,47,51
821,218,238,240,255
291,221,194,192,210
31,354,41,44,47
494,371,39,43,46
857,489,144,134,95
585,38,43,44,46
967,203,45,47,55
1085,270,53,52,58
253,469,105,93,62
102,182,212,212,235
7,45,63,65,68
228,2,172,158,179
1086,342,85,82,90
328,130,30,28,29
460,289,55,49,53
684,378,42,44,48
1179,441,237,234,249
885,213,50,48,51
427,349,41,43,47
645,117,42,44,46
457,62,42,41,43
431,444,153,87,79
914,284,47,47,49
1007,491,50,48,51
308,343,42,41,44
780,98,48,44,50
364,250,212,214,230
134,170,95,92,110
1172,425,236,232,251
304,390,44,41,48
261,118,34,26,27
619,299,43,44,49
729,341,42,45,50
414,149,44,41,45
902,422,55,51,50
665,174,54,51,55
749,239,238,237,255
284,207,144,138,147
160,197,152,150,154
604,488,179,184,192
882,428,51,50,53
374,323,44,44,48
1131,427,228,228,244
422,438,102,90,71
231,21,175,165,187
347,343,40,44,45
814,355,44,46,49
18,464,50,48,52
184,496,45,47,51
48,421,55,56,55
947,25,94,68,61
28,235,37,27,28
946,440,49,47,52
314,409,42,42,42
693,471,116,94,67
95,140,160,29,37
720,116,48,46,48
25,447,53,49,54
255,471,107,97,65
1192,86,238,238,252
143,157,116,118,137
814,229,244,240,255
140,159,122,124,141
987,463,43,45,50
790,382,43,44,48
1160,362,235,235,249
421,276,53,52,56
1021,478,43,50,50
1072,202,50,51,55
1059,334,50,48,53
82,90,157,22,34
842,399,45,46,52
44,307,37,35,39
973,142,46,49,52
731,458,63,59,55
503,350,40,41,45
587,205,234,230,254
609,196,238,236,255
1107,485,234,232,247
600,15,49,47,50
505,179,206,207,222
569,324,43,42,45
859,376,44,45,46
108,105,161,29,38
822,235,140,122,101
616,250,238,236,255
741,343,45,44,48
955,379,49,44,52
529,388,40,43,46
379,388,42,43,45
1011,234,48,49,52
1064,1,101,79,65
1023,375,47,47,53
1165,130,238,236,254
881,345,44,46,47
346,430,76,71,53
700,163,47,48,48
188,2,154,25,41
564,310,45,44,43
1080,389,250,248,255
879,152,44,48,51
246,36,45,34,38
754,430,49,44,48
769,86,44,48,47
328,354,46,42,44
42,135,154,28,38
1192,388,239,237,252
482,122,40,43,47
709,474,144,130,123
96,156,37,26,29
196,330,40,43,46
365,253,211,211,232
953,130,49,48,51
360,318,45,45,49
465,472,178,187,205
1094,465,232,234,252
638,254,44,46,47
1071,480,52,52,56
463,54,41,40,44
19,334,42,39,41
765,40,51,49,51
140,421,50,46,51
346,2,47,42,43
136,89,151,136,158
697,87,47,46,49
275,491,88,77,56
280,442,70,66,54
931,100,47,48,51
49,422,58,56,55
502,379,44,43,44
794,275,48,51,58
282,455,74,74,54
904,326,47,45,50
554,74,42,43,45
581,407,43,42,44
998,392,46,47,52
525,179,219,218,241
150,148,152,155,172
975,129,47,46,51
538,118,44,45,48
961,75,72,62,60
274,153,30,30,33
278,184,187,183,204
1170,178,240,235,252
819,387,45,44,48
664,93,51,45,48
73,20,68,61,73
627,255,41,46,49
338,277,43,46,44
584,436,40,45,48
593,43,42,45,45
263,488,83,74,53
641,447,185,195,203
752,382,46,43,48
914,19,108,75,62
1148,411,234,231,249
684,93,46,47,47
551,85,42,42,46
949,446,52,56,59
798,410,65,50,48
503,404,42,44,43
1022,30,97,77,61
502,257,220,220,241
10,55,108,106,135
626,87,43,44,50
941,40,100,77,60
225,439,47,49,45
211,385,40,43,46
1181,427,239,235,252
905,165,49,47,51
150,300,33,34,39
942,426,44,47,49
31,93,33,31,31
1185,86,240,237,254
901,247,243,241,255
574,308,42,44,48
299,270,43,47,50
1103,319,238,237,255
610,284,42,42,48
626,32,49,47,48
23,307,37,35,38
43,154,164,28,35
531,196,150,153,187
58,88,194,191,211
859,74,43,47,51
489,266,215,217,237
1061,483,49,49,53
1165,34,239,235,253
728,138,43,44,50
552,372,42,39,45
47,390,46,44,49
807,362,45,47,47
840,399,43,45,45
653,214,239,237,255
219,297,45,42,42
144,113,36,26,29
350,74,33,26,30
227,344,38,42,45
632,24,51,49,53
1104,231,237,236,253
585,121,44,44,47
631,152,50,45,48
988,382,47,49,52
820,97,49,47,51
646,320,42,45,48
362,48,30,23,26
621,256,50,47,50
83,140,160,26,35
732,312,48,48,50
197,420,48,45,49
72,18,33,36,34
977,473,47,46,52
242,175,193,184,205
460,309,72,75,85
352,286,45,44,49
612,369,42,41,48
618,273,41,44,49
1049,220,47,49,54
237,231,45,43,47
1168,274,240,234,252
187,162,39,31,36
221,300,41,42,46
448,73,39,40,44
1041,219,49,47,54
509,372,40,42,42
507,252,223,221,244
523,310,45,43,49
916,85,50,47,54
467,463,178,183,202
248,432,70,71,55
826,357,48,47,50
474,136,42,43,45
463,185,47,50,54
228,327,44,43,46
1098,232,239,237,254
1039,55,140,130,110
177,322,39,40,40
244,281,211,209,231
166,493,52,49,48
438,355,40,41,47
1082,363,199,203,232
802,218,239,239,255
455,444,177,180,197
1153,267,237,234,250
53,76,28,29,26
137,163,132,144,156
681,157,47,46,50
566,144,46,46,48
159,250,207,204,227
178,28,179,164,186
936,111,47,48,52
691,406,45,44,46
606,207,61,58,67
763,403,174,179,187
7,265,32,28,30
462,77,40,42,44
904,69,74,70,72
772,166,50,47,53
592,197,234,233,254
982,276,47,50,52
19,291,37,33,38
1006,218,51,49,54
1082,21,60,57,60
1065,254,51,49,55
181,76,181,177,194
214,123,38,36,40
1137,321,229,228,242
782,465,55,49,54
760,314,44,44,49
925,41,127,114,102
1076,97,80,77,65
656,316,47,44,48
897,416,46,45,49
611,160,47,46,50
74,279,36,29,35
853,273,49,49,53
349,44,32,23,23
928,110,46,46,52
990,466,48,47,53
580,166,44,47,49
698,34,48,49,53
53,359,42,42,46
1185,360,240,236,253
373,24,38,28,29
198,230,193,189,209
541,179,223,224,247
904,170,51,46,49
200,41,192,179,200
561,478,117,103,89
886,29,111,107,109
654,119,46,47,47
1127,375,231,227,241
1084,146,53,57,65
69,284,36,29,31
1006,276,48,48,50
792,244,244,240,255
845,366,44,45,49
421,82,39,36,39
433,335,44,43,46
128,30,37,32,36
198,417,43,44,50
1149,77,237,232,249
786,352,44,47,48
956,255,48,46,50
595,216,234,235,249
894,309,47,45,48
29,466,49,51,53
91,465,65,56,52
327,357,42,42,46
1092,312,246,242,255
1171,167,239,237,252
1007,275,45,47,50
1007,369,48,46,51
833,163,44,45,51
1163,28,237,233,251
230,46,121,107,128
788,215,240,240,255
518,331,43,41,46
610,138,47,44,48
47,296,33,32,33
948,270,47,45,50
607,1,51,47,50
335,81,35,27,30
529,149,41,44,48
1190,246,237,236,251
1144,406,232,230,242
350,462,64,62,51
734,115,45,47,47
204,414,40,45,48
670,158,41,46,49
2,89,134,118,120
187,2,155,24,38
486,252,206,203,221
1132,7,231,228,246
93,471,83,73,62
784,468,164,161,166
550,128,45,45,50
903,146,49,47,53
873,216,51,51,55
1034,276,56,52,56
645,472,109,104,91
278,463,93,86,59
192,2,153,33,41
926,452,80,89,114
594,79,46,43,46
131,448,51,48,52
1138,160,229,229,244
1055,188,47,51,53
1171,351,237,233,250
1010,45,109,82,65
828,467,50,49,51
289,196,185,184,202
29,216,32,29,32
735,61,47,46,50
514,317,44,44,48
605,66,43,44,47
729,381,44,46,48
189,4,155,27,37
954,296,45,45,48
52,282,35,29,30
101,58,138,116,138
437,61,31,37,39
383,40,34,25,25
651,102,46,45,48
1022,93,48,49,53
445,157,44,44,47
845,114,46,46,49
964,414,45,46,49
554,173,47,47,50
303,232,199,196,216
645,281,44,43,46
445,477,131,128,135
513,431,56,49,46
536,469,168,169,185
640,63,47,46,47
127,475,47,47,51
436,234,229,228,250
110,428,58,55,58
1134,158,231,228,244
652,418,41,42,45
115,248,215,214,238
25,201,70,63,75
818,232,225,233,255
105,233,198,197,219
1171,381,236,236,253
744,469,100,96,74
1191,203,239,236,251
670,448,43,44,48
939,111,50,48,51
1115,172,232,230,248
1048,327,44,48,51
446,436,130,103,100
1170,82,238,235,252
548,272,46,48,52
975,328,49,45,50
1175,272,239,236,255
350,318,40,42,46
880,26,110,107,107
848,318,46,44,49
842,53,70,60,57
545,472,161,161,166
1152,249,236,235,248
1114,163,235,231,248
209,233,192,187,207
778,130,46,46,49
106,421,83,59,55
383,90,31,32,32
120,299,38,31,34
851,253,242,242,255
145,272,216,211,234
781,445,45,47,50
915,40,98,96,86
783,349,45,46,48
661,39,48,45,50
125,422,48,47,48
449,99,43,42,44
1056,160,53,51,55
1057,359,47,47,54
260,30,202,208,224
842,152,47,49,49
771,212,238,239,255
226,481,68,67,61
935,35,100,71,59
682,194,240,238,255
1004,421,46,46,51
731,339,40,44,47
307,179,192,188,207
332,316,39,43,46
1180,478,238,237,252
458,185,52,49,53
72,315,35,31,34
756,95,48,48,49
859,308,43,46,49
227,15,177,164,188
1059,95,50,51,54
727,392,43,44,48
501,120,19,18,25
128,88,156,138,162
488,71,40,42,46
918,425,49,47,52
11,370,45,45,48
824,271,42,49,50
106,15,115,106,118
431,497,33,32,33
203,483,47,45,49
153,461,47,48,51
227,19,178,164,187
25,50,65,72,77
768,61,45,48,49
1162,43,235,235,253
1110,443,233,229,248
719,361,44,44,47
219,108,37,37,42
1015,7,103,80,60
599,273,47,44,49
211,359,42,43,44
172,340,40,40,44
965,472,49,48,53
272,405,42,43,46
593,196,237,235,255
554,375,39,41,46
1144,73,233,230,246
181,192,178,176,199
1022,314,44,49,50
1005,325,45,46,50
397,204,103,102,108
752,303,45,46,46
203,351,44,43,46
48,271,33,28,32
504,241,81,67,106
1022,432,51,46,53
742,164,48,48,49
1123,332,230,226,242
1164,103,239,235,252
198,92,122,123,138
1105,465,233,231,249
1089,474,233,232,251
170,198,187,189,203
624,180,61,56,54
98,482,45,47,53
565,377,45,43,46
1172,139,239,237,252
468,237,230,230,253
480,414,46,44,47
382,231,213,214,236
1094,306,243,238,255
500,0,131,114,125
708,173,49,46,51
814,424,45,46,49
1042,206,49,48,56
1147,225,232,230,246
999,435,45,49,50
642,465,165,171,192
537,272,52,50,52
824,331,45,47,49
924,41,123,113,104
749,401,53,42,77
1156,338,238,233,248
1026,162,46,49,52
552,91,48,43,46
274,72,40,36,41
26,450,53,51,51
59,119,152,24,31
1,238,30,25,29
508,234,66,57,61
714,327,48,46,49
189,248,198,196,216
1139,396,231,230,247
289,434,79,79,56
769,361,45,46,44
638,462,175,174,188
140,104,173,164,185
637,411,43,43,47
260,74,46,45,52
454,406,63,65,69
821,180,52,47,53
551,142,46,43,47
948,203,44,47,50
319,481,109,107,114
1074,17,100,78,63
1063,215,52,49,54
530,245,78,70,76
459,339,15,19,16
383,404,42,42,47
421,381,41,42,44
286,92,32,25,27
991,83,51,49,55
37,111,148,20,29
188,65,184,174,197
82,360,39,37,41
242,423,65,64,52
1031,167,48,48,51
334,179,188,188,208
298,489,48,46,47
308,31,46,48,50
131,433,48,44,49
522,494,106,100,73
249,104,33,33,33
680,96,46,43,49
119,216,205,201,224
773,52,50,47,51
1032,344,48,48,51
553,94,41,42,46
801,83,45,46,50
300,246,198,197,217
609,69,44,45,48
431,67,38,37,40
116,196,218,220,247
428,64,38,37,39
525,166,42,45,47
711,197,238,236,255
300,481,78,72,57
635,38,44,48,47
345,393,42,41,44
885,433,46,48,53
336,327,44,45,45
740,33,49,49,51
342,498,64,60,54
758,236,236,238,255
476,80,45,41,42
133,359,41,41,41
773,259,239,239,255
318,52,35,29,30
1062,379,51,52,56
815,349,41,44,49
16,43,64,62,66
870,402,45,47,49
587,90,44,45,47
1004,310,44,49,52
29,152,167,26,38
1097,50,236,235,251
969,69,89,73,64
556,169,44,45,47
357,109,32,30,30
642,184,234,236,255
125,170,210,200,236
582,491,142,133,116
1037,13,103,84,65
1088,53,62,62,65
198,195,188,185,203
1171,168,240,237,253
973,14,111,80,64
881,443,50,47,52
554,450,137,136,143
942,25,92,66,59
213,373,44,44,48
545,124,47,43,48
1169,322,235,234,251
292,367,42,44,46
812,300,48,46,52
1087,312,88,107,107
515,400,37,40,44
281,380,44,44,49
127,22,30,31,31
79,390,41,42,45
989,34,116,90,66
208,207,186,181,200
633,10,52,52,53
853,405,46,46,51
224,289,40,42,47
1034,334,49,48,54
1194,316,236,236,250
675,438,46,45,46
557,20,48,46,48
508,11,79,60,49
654,385,46,44,46
662,250,48,47,50
314,171,87,86,93
549,466,156,155,164
984,390,44,47,49
683,448,44,48,52
1047,330,48,47,53
114,137,37,23,31
113,181,159,149,175
986,306,46,45,50
48,376,48,45,48
994,458,67,49,50
465,1,68,52,43
317,162,37,36,36
543,257,228,227,250
705,131,46,44,49
1146,109,232,232,247
885,116,48,47,50
582,176,47,49,53
261,356,40,43,46
317,442,62,61,52
696,311,44,46,48
651,439,45,43,46
1106,435,235,234,252
629,226,238,236,255
374,50,34,24,28
1194,124,240,237,255
1032,489,44,51,54
805,64,44,45,51
475,69,40,43,45
1019,92,51,49,51
373,138,33,37,39
1164,282,239,238,252
643,81,48,45,48
320,426,44,43,44
785,123,50,49,51
799,438,45,47,49
285,478,97,93,76
1057,226,48,50,53
190,386,43,45,46
478,185,50,46,52
506,282,45,42,50
272,495,95,81,60
1130,298,231,227,244
984,265,48,48,50
383,282,44,46,48
639,254,44,44,47
175,81,40,33,34
771,297,48,46,48
641,279,45,44,48
871,80,49,46,52
410,320,44,44,48
203,75,206,194,216
224,272,207,205,226
69,300,34,33,35
864,307,45,47,49
831,206,46,50,51
709,28,122,89,64
589,413,41,42,44
214,115,36,34,42
954,389,43,48,49
938,312,45,45,50
1072,433,233,247,246
205,181,189,185,207
419,491,197,197,210
1016,203,47,50,52
248,124,33,28,27
1108,345,237,236,253
181,423,49,48,51
153,194,199,195,217
562,356,45,45,45
93,17,118,108,121
765,367,42,46,48
42,486,62,56,51
267,447,60,58,52
57,227,34,33,35
1116,411,232,231,247
1118,162,233,230,248
691,450,44,44,50
22,460,49,47,50
708,346,47,46,50
955,116,45,48,50
711,402,54,50,76
1179,284,238,235,252
886,95,47,47,49
118,281,204,203,230
81,310,32,28,32
964,58,67,58,55
381,280,45,45,46
85,37,120,109,117
1141,198,232,232,249
125,409,45,45,45
506,31,91,67,52
1165,290,236,236,251
101,0,53,43,55
361,76,29,24,28
361,195,198,198,219
494,103,41,43,48
317,282,43,45,44
529,139,45,45,48
766,404,68,64,54
265,331,45,43,44
999,330,50,47,49
671,341,41,45,50
937,402,46,44,50
667,286,44,45,47
304,184,190,189,207
622,223,228,232,239
72,435,47,47,50
836,43,99,88,69
213,62,38,32,32
699,384,45,44,49
639,354,43,45,48
645,96,44,44,48
750,258,239,239,255
270,310,44,45,45
735,198,245,240,255
875,124,47,48,50
119,412,46,43,48
464,23,100,75,56
775,142,43,49,50
463,274,226,226,246
78,401,48,45,46
341,463,105,98,81
340,217,199,197,218
1164,27,234,234,252
1158,338,237,232,249
1171,438,235,234,249
196,0,174,139,151
1062,274,117,107,146
463,73,41,42,45
1072,265,50,50,54
283,285,45,43,48
31,261,35,29,33
19,270,33,31,33
306,432,72,71,55
567,66,48,45,46
959,4,114,86,67
662,418,44,44,48
1162,255,238,234,250
275,460,78,74,53
747,331,45,47,48
152,399,42,45,46
473,207,229,232,254
332,139,34,32,35
23,73,114,106,111
1072,84,85,79,82
105,2,112,104,115
66,218,134,130,134
639,364,43,43,49
510,22,91,67,50
146,2,34,29,32
1056,321,47,48,50
1182,481,236,235,251
333,488,141,141,154
353,71,32,25,26
587,421,47,42,46
844,295,45,46,50
816,333,47,45,47
526,449,138,134,137
410,220,218,216,239
228,463,81,76,56
