x,y,R,G,B
1152,8,234,233,249
285,275,45,44,49
591,292,45,44,46
703,446,46,44,46
199,493,40,46,46
235,378,40,42,47
306,122,35,26,29
297,71,34,28,33
602,21,46,48,50
90,435,48,45,48
75,411,47,44,48
476,423,40,42,45
118,99,158,30,39
22,215,30,29,30
407,148,40,40,45
1053,387,51,51,56
116,110,162,30,39
616,106,43,45,47
449,357,56,56,56
1167,73,238,237,251
113,249,216,210,235
712,269,46,45,51
220,266,201,201,222
246,90,42,45,49
890,237,242,239,255
1144,457,229,226,245
1044,470,49,48,51
409,16,34,27,29
864,227,237,237,255
271,63,47,48,51
916,322,45,45,50
912,87,46,48,51
1113,490,230,227,246
1067,325,50,51,54
246,61,125,132,148
226,168,188,182,203
767,381,43,48,51
593,453,136,126,118
939,401,47,44,49
583,33,45,47,49
876,228,240,238,255
1145,263,239,230,247
599,328,42,42,44
1053,482,48,48,53
748,246,241,238,255
381,63,34,29,30
940,229,47,47,51
315,7,64,58,55
726,188,234,235,254
962,387,44,48,51
96,454,46,47,49
1141,486,227,226,241
871,338,44,46,49
1155,374,235,234,251
568,332,43,43,46
391,185,202,202,223
113,344,36,36,37
486,88,47,42,47
1087,213,237,243,255
793,469,155,151,147
114,73,139,123,144
106,199,227,231,255
827,20,81,81,73
106,488,46,45,49
634,178,236,233,255
210,187,189,184,202
401,368,42,44,45
409,337,44,44,43
580,131,46,43,46
18,413,61,58,54
259,320,41,43,46
757,368,44,43,48
1165,263,241,235,252
481,293,52,53,53
1096,239,237,236,255
562,236,233,231,255
360,158,42,39,40
404,451,54,53,53
117,40,195,194,211
1173,91,236,236,253
327,366,44,43,50
453,160,45,43,47
630,194,239,236,255
481,358,43,43,45
531,333,44,42,46
1183,325,240,236,253
636,263,45,46,49
599,21,50,48,50
849,417,53,51,63
990,84,51,48,52
1133,346,232,226,244
412,353,40,44,48
201,379,47,42,44
529,55,42,45,46
1107,450,234,231,250
145,400,42,44,46
1092,225,239,243,255
918,295,46,46,50
1181,424,237,234,252
160,365,44,43,48
892,68,49,50,55
415,396,42,44,44
411,177,42,44,46
277,74,39,35,38
467,16,122,98,70
305,308,42,43,47
1138,212,231,228,246
1163,323,236,234,249
1014,7,100,79,59
358,412,43,42,47
387,111,34,35,38
47,354,45,43,44
77,446,48,50,51
453,200,231,226,251
277,134,32,26,26
76,118,154,24,33
487,489,107,93,57
693,332,42,45,50
84,381,39,42,44
794,237,242,239,254
1012,100,47,49,53
940,383,45,45,49
894,488,173,159,85
1062,138,49,49,54
495,343,39,43,45
29,58,126,117,128
64,185,35,26,31
626,106,46,47,46
940,492,153,142,90
783,215,239,240,255
204,256,203,199,225
269,395,42,43,45
405,260,225,226,246
1177,54,241,237,254
118,433,82,57,59
797,60,45,48,53
630,431,42,44,47
869,472,49,47,53
1010,172,50,47,52
1047,391,42,48,51
559,358,44,44,46
532,99,43,45,46
1128,64,229,226,243
858,205,48,48,50
22,184,105,100,105
336,34,44,32,34
631,294,43,45,48
332,302,40,43,45
349,119,35,30,34
767,138,48,46,49
1129,83,229,227,243
498,385,41,42,48
213,226,189,186,205
418,413,42,42,47
825,313,47,47,52
1027,70,101,86,73
495,381,42,42,46
463,177,44,45,51
1115,425,232,231,248
875,30,109,107,103
470,86,43,43,45
7,43,80,67,76
131,216,199,195,215
257,184,188,185,204
160,18,158,142,164
1140,213,232,231,245
637,180,235,234,255
1043,305,220,224,239
1169,430,237,233,250
1155,116,239,234,250
682,87,43,45,50
1005,322,46,47,49
792,144,45,45,48
674,452,91,69,55
790,491,158,157,174
789,2,46,51,54
900,301,48,48,50
807,147,47,46,52
721,463,151,141,156
925,155,49,46,50
959,449,48,47,51
994,371,43,51,50
989,172,41,49,51
746,482,119,114,99
429,424,48,45,51
1120,86,233,227,245
388,301,45,42,47
563,112,41,45,45
740,487,93,88,72
285,452,76,75,53
1165,302,237,232,251
693,265,45,45,49
87,109,154,28,34
711,195,239,238,255
846,153,47,48,52
1012,361,42,48,51
1033,307,49,48,54
609,280,45,45,48
709,55,50,47,49
601,328,38,42,45
398,382,40,43,47
761,249,242,237,255
493,141,52,52,50
1078,355,247,246,255
625,206,147,143,122
855,353,45,46,50
147,253,207,206,229
350,429,53,50,43
204,203,184,181,202
62,190,37,29,29
1196,367,236,233,253
332,89,31,25,27
505,154,46,47,51
959,119,47,46,49
124,433,48,51,52
1094,333,243,242,255
517,248,218,222,245
193,329,41,43,43
655,149,44,45,48
415,217,59,55,67
467,489,117,108,70
434,121,44,42,45
475,91,43,43,46
493,425,45,41,47
257,387,40,43,46
106,431,58,52,53
598,185,233,230,255
606,434,48,45,48
10,309,37,36,44
276,436,65,64,50
96,311,38,32,31
1033,135,52,49,54
589,295,47,43,52
772,301,45,45,48
537,202,78,72,100
1041,300,110,89,159
51,32,47,27,38
1107,153,239,238,255
580,89,47,45,46
267,441,64,65,53
423,270,228,227,248
73,158,161,34,39
519,413,39,41,44
273,264,200,197,216
678,396,152,159,168
437,407,77,72,70
565,72,46,44,49
388,424,44,46,46
124,465,48,48,52
347,157,34,37,38
606,406,43,41,45
1080,312,195,190,204
8,410,48,46,49
425,118,41,40,44
1146,98,233,230,246
609,230,235,235,255
762,367,42,46,47
1103,492,236,230,246
1176,86,240,239,254
552,191,229,228,253
69,40,117,102,111
317,311,43,43,44
974,88,48,48,51
615,187,239,233,255
1147,392,233,231,248
244,436,61,62,51
676,54,45,45,48
170,84,55,38,56
591,173,46,47,53
634,182,239,236,255
1093,425,245,243,255
95,483,51,45,48
1101,392,237,238,255
931,484,48,49,51
305,388,44,42,45
734,377,42,45,47
1097,429,241,240,255
548,94,42,46,47
440,373,44,46,48
348,89,32,26,27
721,419,45,43,48
34,214,26,29,30
821,314,47,46,50
753,335,43,47,48
1094,315,243,239,255
804,257,246,242,255
491,286,45,45,49
361,306,45,45,48
319,52,30,28,27
727,496,154,147,158
455,44,40,39,40
254,146,33,26,29
1148,63,232,232,245
411,376,44,43,47
411,318,44,44,43
1189,213,236,237,253
1149,306,230,228,246
268,403,41,44,47
1145,375,233,231,247
1016,50,95,76,62
147,9,94,78,100
1126,411,233,228,241
1087,268,108,96,95
912,155,47,47,49
919,365,49,47,51
86,346,33,37,37
360,408,45,42,47
862,496,112,117,73
424,370,46,45,47
1009,34,102,78,61
62,12,229,231,255
238,251,196,195,216
990,373,43,48,48
1090,394,246,246,255
15,353,47,43,46
116,210,211,209,236
246,479,84,76,55
168,176,197,194,217
43,466,50,49,50
1155,8,236,234,250
1116,259,230,229,244
779,241,202,198,219
488,6,59,51,44
801,16,49,50,51
765,87,47,45,51
860,243,240,236,255
390,481,87,80,68
264,493,88,77,56
115,79,142,126,147
284,233,53,47,52
466,350,58,58,61
580,128,45,45,49
1008,308,43,46,49
90,293,36,28,35
1165,351,236,234,250
148,410,40,43,46
261,420,48,42,46
1064,10,101,77,65
173,338,40,41,41
391,246,211,210,228
1075,120,66,63,59
865,415,47,48,48
672,391,115,120,159
431,224,224,220,245
880,175,44,48,52
113,460,51,49,52
900,497,173,156,88
514,441,155,160,176
79,300,34,31,33
214,266,201,201,221
839,3,94,92,87
211,489,45,46,48
973,327,46,47,50
1164,275,237,237,252
196,35,177,125,144
433,429,51,50,55
694,108,46,46,46
625,33,49,44,47
666,206,212,211,222
912,445,65,44,73
803,56,45,47,47
95,380,43,42,44
788,436,45,48,49
648,440,42,44,47
624,91,45,47,50
686,256,47,45,52
813,194,49,47,53
673,414,45,44,48
407,39,34,28,25
16,26,225,223,249
1027,465,48,46,50
1114,319,231,231,248
1092,180,214,205,166
833,241,92,95,95
391,183,83,81,90
785,37,49,50,54
889,447,45,46,51
58,5,229,227,252
521,328,43,43,46
356,346,43,42,45
268,479,52,49,51
983,221,46,46,51
340,467,138,136,144
51,193,92,93,97
43,415,54,52,55
314,329,46,42,48
653,159,45,47,51
1021,485,51,47,54
308,185,188,188,207
275,175,186,180,201
151,68,156,142,163
1078,328,96,90,109
285,176,189,184,205
683,112,44,46,48
984,53,97,70,61
970,109,47,49,53
860,477,53,53,49
1085,178,56,57,62
1017,344,49,46,50
531,305,38,44,45
47,322,37,37,38
1111,275,235,232,249
346,89,32,24,29
468,470,178,181,200
902,48,106,105,101
1133,35,228,227,241
671,81,46,45,49
45,321,38,35,36
515,101,46,43,45
255,58,93,92,110
603,346,47,42,46
2,8,224,224,245
1000,155,45,49,52
1100,340,240,240,255
1183,331,238,235,252
1143,86,234,231,246
341,346,48,43,46
897,371,43,46,48
566,167,49,45,48
910,472,51,49,54
661,151,49,46,51
1154,2,235,232,248
1030,271,47,48,53
890,228,238,237,255
616,30,49,49,50
48,465,49,47,51
18,189,65,82,62
115,134,42,27,28
490,311,46,45,49
544,333,41,41,46
287,361,44,42,45
1143,481,231,227,246
904,225,240,241,255
1116,248,234,231,249
802,65,50,46,52
557,247,229,229,254
696,217,238,236,255
42,169,171,32,42
1006,224,46,48,51
684,308,43,45,47
58,416,60,61,55
410,318,43,45,49
100,433,55,48,53
1140,50,232,230,248
263,388,42,46,48
137,475,51,49,49
971,142,46,47,54
174,274,208,207,227
446,338,44,44,51
999,489,48,48,50
274,488,88,76,56
705,273,46,47,49
529,0,63,42,32
55,92,193,192,209
471,249,160,160,182
1189,48,236,236,253
357,270,82,81,103
1161,226,237,234,249
960,14,108,77,61
716,291,45,44,51
1046,449,47,50,54
291,85,31,27,31
526,201,61,56,60
561,49,44,43,47
1163,187,236,235,251
715,133,44,45,49
58,38,146,136,150
662,432,43,43,47
1040,387,47,48,52
601,62,46,45,47
647,401,40,41,47
725,21,71,56,56
769,3,50,50,52
201,423,47,46,50
914,69,88,85,82
1169,188,237,234,253
422,168,45,43,46
1159,282,241,235,252
771,362,45,46,51
55,433,77,69,57
823,8,87,82,80
549,432,43,45,44
783,79,47,45,47
371,141,41,38,44
297,177,187,184,203
906,485,69,60,51
348,243,60,56,59
933,328,43,48,50
949,377,46,47,51
731,446,46,46,50
701,406,46,44,47
1004,360,42,46,49
1115,464,226,225,244
662,369,40,45,48
514,80,35,27,30
128,353,36,37,41
1161,195,236,233,250
82,484,53,45,50
165,213,195,192,209
939,191,49,47,52
905,352,46,45,48
849,456,48,48,50
39,266,34,28,31
820,32,59,58,57
606,211,58,58,63
948,263,46,47,50
1043,335,48,47,53
102,312,33,32,33
433,19,39,32,32
685,39,50,46,50
1165,363,236,236,252
959,435,57,46,51
829,250,237,237,255
1,139,164,25,36
1108,246,234,232,250
1190,21,238,237,254
62,458,49,48,51
63,442,47,46,50
100,218,214,215,239
56,43,116,106,118
651,320,44,45,49
817,265,46,50,54
931,358,46,47,50
84,135,157,30,42
750,54,45,47,49
469,401,42,46,46
184,84,37,31,32
9,246,34,31,30
1147,419,234,231,248
111,18,121,114,122
636,300,46,45,48
468,50,40,41,43
174,13,162,145,166
776,271,237,234,254
70,75,29,25,27
80,488,48,49,50
523,347,42,43,46
230,124,32,28,30
762,494,157,154,164
779,0,52,50,50
961,355,50,47,49
238,4,178,164,186
539,429,46,42,46
756,340,48,47,48
386,493,97,89,76
704,356,41,45,47
769,342,44,46,47
266,366,40,41,45
123,159,163,162,186
317,121,32,29,29
705,100,43,46,47
459,72,43,40,46
685,485,116,87,64
365,213,60,55,62
220,98,40,41,46
102,130,161,26,35
572,239,234,233,255
166,305,38,37,38
306,436,60,57,49
988,322,50,44,49
76,239,47,50,56
245,462,70,67,54
235,211,58,39,49
1162,238,241,237,253
62,185,39,27,31
421,73,38,36,38
434,171,42,46,48
1122,141,229,228,245
1064,138,50,50,54
234,1,174,162,184
231,43,37,29,33
774,480,162,157,166
376,490,63,58,53
426,384,45,45,47
670,392,79,75,57
576,26,47,48,49
335,320,42,42,46
856,453,43,46,50
603,431,48,47,51
420,367,42,41,45
763,26,53,51,54
1023,488,49,50,53
1036,134,49,49,52
1028,297,47,48,50
1005,385,48,47,53
797,140,47,47,50
1073,298,46,50,59
634,96,46,45,49
133,448,48,48,49
632,190,238,236,255
507,397,44,43,45
915,252,108,115,183
603,417,45,44,47
633,221,226,232,255
466,3,61,54,40
902,415,46,47,51
179,368,41,44,47
401,44,29,25,29
801,25,55,49,56
927,418,49,48,51
1087,155,255,253,255
531,204,227,224,247
971,149,50,47,52
473,346,43,45,50
602,233,237,236,255
687,334,44,46,50
543,54,45,42,46
1102,312,233,236,252
446,107,45,39,43
91,253,218,214,238
838,391,44,45,48
175,365,43,43,44
939,451,64,79,135
262,366,46,44,44
708,341,45,45,48
254,294,44,44,45
512,217,219,215,235
497,178,52,48,47
1006,181,47,48,54
621,335,46,42,46
665,251,48,45,50
1179,317,239,236,251
752,344,45,46,51
421,5,36,27,29
228,378,43,43,47
106,452,45,48,49
518,281,45,45,47
852,35,90,88,82
756,167,45,47,48
533,152,44,46,47
1182,364,236,237,254
679,305,44,43,46
303,346,42,42,47
38,268,38,29,31
989,463,49,50,55
1134,71,231,228,243
958,75,76,69,71
101,425,89,76,94
731,4,47,51,52
623,44,46,45,50
841,245,158,155,204
433,422,48,49,52
874,31,104,105,99
204,300,40,39,47
685,335,47,44,48
52,402,43,43,48
604,11,48,47,50
206,377,44,43,46
894,160,47,50,51
139,453,50,48,49
999,472,48,49,50
636,436,45,44,47
180,454,47,48,50
672,414,43,44,51
280,323,41,43,46
471,36,73,58,46
948,249,46,45,51
818,54,49,50,52
359,282,43,43,49
221,324,43,43,46
190,277,207,207,229
68,456,47,48,50
537,118,40,43,47
824,165,48,49,53
114,422,53,48,52
83,33,117,107,114
1095,375,240,242,255
941,292,44,46,50
989,69,94,83,74
162,492,46,46,50
771,77,47,48,52
440,311,48,45,47
951,112,50,47,51
914,292,43,47,50
338,10,41,40,44
1048,240,47,48,54
282,269,42,44,49
244,334,42,44,44
478,281,55,54,56
796,2,48,52,53
18,149,163,30,35
146,103,140,134,145
36,34,231,227,249
497,251,215,215,236
1196,407,242,238,255
529,449,147,140,154
1190,85,239,237,253
1114,211,232,230,250
33,115,148,24,34
825,136,47,48,51
473,205,232,232,253
1012,442,47,46,50
89,146,162,31,38
1154,382,235,232,249
1154,361,235,232,248
550,22,46,48,49
404,175,48,44,47
1195,288,240,237,254
853,41,90,85,79
424,124,43,41,44
327,493,134,132,150
786,271,236,238,255
974,245,44,47,52
655,477,87,66,53
203,25,191,172,195
806,31,51,50,53
720,365,45,44,47
191,344,45,43,42
424,234,222,222,246
169,387,43,43,46
953,111,48,47,51
569,38,41,44,44
452,66,42,39,43
1192,354,238,236,253
742,112,48,46,50
911,491,173,158,110
507,311,42,45,46
294,125,37,27,29
1154,120,234,234,250
188,300,39,38,39
500,183,201,202,220
1179,475,237,233,249
23,49,64,63,66
595,447,152,157,166
670,484,106,82,59
829,80,47,46,51
806,487,168,163,177
560,84,44,44,46
557,352,40,40,45
1006,195,47,48,50
350,50,34,21,24
523,109,44,43,46
223,361,45,43,47
192,223,191,190,210
205,328,44,40,45
1179,180,236,235,252
493,351,41,41,48
121,389,44,42,47
762,187,51,47,51
1022,151,50,48,53
681,343,42,42,48
865,5,94,90,86
477,32,71,54,45
348,383,44,43,46
1174,92,236,236,252
991,301,43,47,50
187,445,62,58,53
576,468,130,121,119
495,87,44,45,46
467,435,183,187,207
413,482,123,114,116
50,138,157,28,38
262,13,33,26,30
175,6,160,107,124
804,399,44,45,46
1046,120,50,48,52
831,355,41,47,49
230,31,45,33,44
175,308,39,36,42
361,479,96,90,76
621,332,43,43,46
10,19,220,217,238
904,306,46,45,48
455,54,39,38,43
359,425,44,44,46
26,314,38,37,39
452,473,179,180,199
245,47,106,107,124
505,253,220,221,241
1134,130,233,226,240
827,33,75,70,62
842,328,45,47,48
577,274,47,48,51
41,137,155,29,38
221,69,107,116,132
454,291,44,45,50
659,306,47,44,49
71,333,35,36,38
451,76,40,41,41
700,22,49,51,53
95,64,134,112,132
578,187,234,233,255
964,208,45,47,48
816,360,45,45,48
210,190,188,182,201
195,24,161,47,60
85,119,157,30,37
745,200,185,186,214
626,324,43,44,47
1174,171,237,236,253
1064,312,55,52,58
225,262,205,201,221
181,2,154,28,44
1085,213,250,252,255
111,433,109,63,69
1148,162,231,231,248
606,83,49,43,48
890,17,81,71,65
507,412,48,44,49
295,1,126,127,145
559,308,45,43,47
460,375,52,55,58
421,3,40,27,30
466,245,64,59,68
1005,458,45,48,51
810,405,46,49,52
1159,362,235,234,248
134,77,159,145,167
564,79,45,44,47
359,173,197,194,210
381,334,43,43,45
770,372,45,44,50
740,309,41,44,46
290,342,38,44,47
1044,185,48,50,54
851,114,48,48,50
182,468,55,54,51
366,315,41,44,46
807,413,172,171,178
660,321,40,45,46
507,310,41,42,44
817,204,49,50,50
1172,335,235,233,250
936,24,95,67,61
694,35,51,48,53
851,262,237,237,254
1116,453,231,229,245
967,349,43,46,52
122,143,34,27,27
954,459,51,46,52
55,357,42,42,44
772,71,44,46,50
494,152,31,30,37
803,330,47,48,51
523,176,48,49,55
60,263,35,28,34
199,99,111,113,127
907,41,86,80,72
672,230,234,235,255
247,459,75,69,50
208,140,31,30,37
308,371,43,41,46
1037,481,48,49,56
1151,347,232,230,246
867,313,46,47,50
796,100,45,48,51
967,199,45,48,51
848,163,49,45,50
355,396,48,43,45
958,201,44,47,49
146,406,42,44,48
687,110,49,45,49
409,1,42,28,29
1000,222,49,47,54
437,83,42,40,43
1106,461,233,229,248
457,87,44,42,46
736,485,140,138,150
255,44,209,212,234
75,232,55,56,62
328,342,43,42,48
431,257,232,229,252
1074,427,246,246,254
109,450,46,48,50
164,86,161,152,168
292,222,190,188,211
87,146,160,29,38
376,99,33,32,32
501,436,171,176,195
455,380,32,30,31
539,34,41,44,46
753,391,46,42,47
72,141,162,60,78
395,61,31,28,30
420,222,223,223,243
709,433,46,42,46
743,329,42,46,48
633,129,43,44,48
696,418,44,43,48
834,339,45,45,49
1051,432,49,47,53
351,205,105,107,122
615,9,52,49,53
265,107,34,26,29
582,282,44,45,47
380,229,212,212,234
276,115,34,26,27
1073,204,52,51,58
18,172,140,50,53
901,411,45,46,48
152,286,43,38,41
698,133,45,44,49
400,497,91,75,55
317,230,198,198,216
942,3,132,90,67
817,430,47,45,51
364,448,85,74,70
410,317,43,46,46
447,400,25,29,33
483,252,199,195,212
42,465,47,48,47
266,484,81,68,51
844,309,44,45,49
20,205,28,25,29
1041,315,51,49,52
474,304,57,57,62
723,315,44,46,49
644,420,45,43,47
545,351,41,41,49
861,281,46,46,51
311,240,117,115,132
594,120,45,44,46
456,490,151,148,159
418,172,43,44,47
888,318,49,47,51
60,450,49,51,53
514,222,224,219,243
656,39,48,48,49
557,234,235,233,254
1158,151,236,235,251
601,366,45,43,47
751,318,42,45,48
824,28,71,69,60
583,460,126,118,113
324,105,29,24,28
489,247,209,212,226
170,152,34,38,43
395,397,43,43,46
1102,0,244,242,255
365,190,198,196,219
149,231,135,127,133
358,478,77,68,56
1041,478,48,51,54
1112,311,234,230,247
920,136,47,46,53
553,181,229,228,251
526,173,46,47,49
99,494,45,45,47
739,250,236,237,255
596,110,43,44,47
1015,286,50,47,52
925,66,79,76,68
325,59,34,25,27
1056,18,83,72,60
236,167,191,187,207
833,122,50,48,51
835,97,46,47,50
392,85,32,30,33
500,379,42,42,47
403,151,38,43,42
191,363,41,42,45
1047,299,54,51,58
380,188,201,197,220
573,336,37,44,46
260,396,42,43,46
1148,386,231,231,246
185,2,152,24,36
688,411,42,44,44
98,371,38,39,43
703,295,41,45,48
610,411,44,42,45
983,366,47,47,50
529,187,223,223,248
417,105,40,40,41
950,440,49,47,49
21,29,224,224,249
547,19,49,47,49
848,182,46,45,52
3,402,47,45,49
449,356,50,53,54
618,26,47,50,50
860,465,44,50,50
970,27,95,71,60
350,343,44,46,47
1025,3,108,82,64
442,311,42,43,47
1097,352,244,245,255
728,274,46,47,50
565,240,234,231,254
157,427,48,50,54
996,335,47,47,52
899,96,46,50,51
330,176,188,185,205
511,92,31,29,30
373,472,52,51,48
458,83,44,40,44
534,144,46,43,48
701,107,45,44,50
39,52,111,99,117
1149,417,234,231,249
82,240,143,142,172
82,316,37,34,34
71,309,37,32,33
325,404,43,42,46
857,390,46,47,50
1127,343,231,227,243
951,11,118,81,62
843,409,49,46,49
1146,152,234,230,244
1,296,36,35,39
997,429,44,47,50
858,209,47,48,53
182,76,192,185,205
649,296,40,43,48
951,292,49,44,49
186,91,35,32,30
379,254,214,211,239
575,315,42,43,48
1198,328,239,238,251
785,302,45,47,49
356,27,37,31,31
181,158,38,34,37
965,315,48,44,49
927,362,47,46,49
461,161,44,43,46
710,437,44,45,49
181,8,153,34,56
1141,396,229,227,242
699,232,240,238,255
53,497,46,46,47
760,36,50,49,53
717,96,45,45,49
124,428,51,50,51
963,153,48,49,55
1107,467,228,227,246
1071,443,50,52,55
396,479,59,59,58
1132,477,227,224,240
385,204,206,207,227
208,258,195,201,221
583,288,43,44,45
683,436,46,44,46
873,241,244,238,254
237,228,53,50,59
1134,82,230,225,244
631,6,53,49,52
47,90,196,189,210
1031,410,46,49,50
708,244,62,54,73
366,242,62,59,68
548,393,42,42,43
713,498,145,136,133
337,421,41,44,45
279,485,83,75,54
764,477,153,148,159
448,204,228,225,246
606,143,43,44,47
301,312,43,44,46
379,448,192,194,216
1057,266,51,49,53
917,440,48,48,54
30,3,187,190,218
241,387,47,44,47
684,249,48,46,54
292,150,34,28,31
1075,148,89,80,62
780,52,47,45,49
305,99,29,27,25
778,156,43,47,48
164,262,209,206,230
925,478,51,47,53
892,43,107,106,101
147,261,212,208,232
608,28,48,46,50
1172,86,239,235,253
331,84,32,26,29
93,302,39,33,34
1129,1,230,226,243
119,406,43,44,45
984,474,47,48,53
57,103,149,24,32
863,441,43,46,50
409,238,116,108,116
798,232,241,239,255
415,74,36,34,38
1010,436,46,48,50
512,265,222,221,245
740,159,49,46,48
220,304,42,42,45
1079,24,136,141,140
195,92,98,98,118
837,370,43,44,48
46,421,55,53,52
540,273,47,47,53
1003,152,47,49,51
365,407,44,43,50
780,376,47,45,49
638,348,46,42,46
1144,31,231,230,246
570,425,45,42,44
815,94,48,46,48
523,46,36,33,33
822,272,47,49,53
1060,288,232,239,241
799,477,167,159,167
843,326,45,45,51
1111,346,236,232,251
432,302,46,46,50
655,356,42,43,48
81,399,43,41,45
1135,243,229,227,245
878,325,45,47,50
52,285,29,27,28
494,137,63,62,59
428,239,228,224,249
1113,365,238,234,251
480,140,46,45,47
822,47,55,54,52
222,163,51,40,57
1053,491,51,49,53
1073,293,58,53,63
923,287,43,45,50
1147,308,234,230,248
472,130,47,41,44
596,221,234,233,255
741,410,49,47,50
859,201,46,46,52
786,309,47,45,49
250,208,157,159,181
1134,407,230,226,243
655,26,50,50,52
98,0,35,29,31
420,197,221,217,238
1004,394,47,49,48
169,321,36,37,42
815,99,50,48,51
569,185,230,232,254
190,438,47,47,50
490,373,45,43,46
425,3,38,32,32
1117,178,236,231,251
1058,11,88,75,61
1160,70,238,234,250
319,43,35,28,31
678,453,100,76,57
739,450,50,48,49
691,208,241,238,255
974,220,48,46,50
735,290,44,47,50
255,474,105,93,69
466,351,55,54,60
570,360,43,44,44
1135,285,227,228,243
981,312,45,45,49
136,373,38,41,45
464,315,17,18,17
915,207,47,45,50
45,452,52,49,51
1176,342,237,234,251
199,227,188,186,206
629,265,48,47,49
236,318,44,43,45
112,24,30,29,30
33,245,33,29,30
384,261,216,215,238
836,123,45,47,50
534,319,44,43,47
94,242,218,215,240
743,355,46,45,49
230,468,86,81,56
159,76,160,144,165
733,109,48,45,50
343,181,190,190,212
723,247,238,237,255
259,210,165,163,178
1196,105,239,236,253
444,367,45,46,49
216,165,35,29,34
229,79,134,134,152
133,377,43,42,42
707,41,57,49,50
342,86,28,30,27
770,311,47,46,49
348,483,61,60,53
447,113,38,41,45
606,307,44,43,48
1196,111,241,239,254
218,317,43,42,45
1062,282,57,57,60
568,211,235,233,255
1161,69,236,233,249
340,456,106,103,80
499,383,40,40,44
948,101,47,48,53
102,281,39,33,37
250,264,201,200,222
82,411,41,45,47
751,477,152,152,143
428,32,38,32,30
168,210,131,121,140
1122,218,227,226,243
826,201,49,48,54
791,53,46,46,52
736,45,50,47,51
163,262,205,202,226
354,278,43,45,47
216,127,36,33,39
288,74,34,28,30
611,383,41,45,43
403,148,45,40,43
978,245,46,47,52
751,210,243,238,255
1191,482,240,234,251
309,162,42,36,42
1143,62,229,228,244
1014,218,49,49,51
1165,398,238,232,249
333,409,43,40,47
901,460,48,46,51
877,467,46,47,49
975,176,44,48,51
191,396,49,42,48
6,14,178,176,183
562,489,143,139,122
54,181,175,34,42
682,157,44,48,51
717,141,45,47,49
360,121,31,32,36
718,286,44,44,47
106,482,45,48,50
467,28,99,77,55
436,353,45,42,47
274,182,188,185,204
802,81,44,48,49
1104,105,233,233,251
942,424,49,45,49
284,117,32,26,28
846,248,238,239,254
830,478,167,162,171
1035,240,49,46,52
428,209,223,222,246
338,114,26,27,29
583,163,48,46,47
884,127,48,49,51
285,289,41,42,46
267,76,37,40,45
537,352,44,44,45
178,337,39,41,43
477,414,46,43,44
325,123,27,29,31
532,192,224,224,245
735,387,41,44,47
427,75,37,38,41
1132,489,229,224,244
1109,23,237,235,254
884,376,47,45,49
59,488,89,85,81
577,305,45,47,49
977,477,46,48,47
242,308,42,44,47
606,376,45,43,46
275,32,117,115,139
1176,410,236,234,250
530,433,85,79,64
868,239,91,65,87
1078,380,59,55,61
517,49,34,32,33
1043,410,42,49,51
835,92,46,47,50
122,339,36,37,40
257,337,41,44,47
60,110,151,23,36
401,478,52,52,50
475,74,41,42,44
845,427,46,49,50
571,155,43,45,47
366,171,53,47,53
175,241,198,195,217
143,329,33,37,39
1109,96,231,232,247
759,97,45,44,51
1011,76,99,85,74
403,128,38,38,42
723,87,47,46,49
1095,150,248,247,255
121,289,35,34,40
523,250,223,222,245
69,483,81,72,70
257,364,45,42,45
464,381,48,49,53
367,364,40,44,46
18,229,37,26,30
984,440,121,106,93
1076,438,55,54,59
409,50,34,28,31
767,437,48,47,51
565,251,231,230,255
362,63,27,25,25
296,129,29,29,29
1164,199,237,236,252
308,322,46,44,45
564,468,150,148,153
648,10,48,50,53
91,77,151,25,38
1199,80,237,236,253
301,20,44,50,50
1067,33,115,105,105
529,302,41,44,45
264,2,198,186,209
857,184,43,49,50
352,252,208,209,233
131,269,216,211,236
587,366,38,42,45
832,134,47,46,53
82,374,38,41,44
844,99,49,46,49
795,288,49,48,51
811,393,47,47,50
416,440,101,91,82
864,231,237,236,255
576,447,137,128,128
867,430,47,47,51
660,307,46,44,49
1050,446,51,49,51
189,384,43,42,46
536,498,142,133,113
1190,14,240,237,252
746,186,53,50,53
473,126,41,43,46
518,180,217,219,237
1141,281,231,228,246
156,11,160,139,163
830,341,46,44,51
1161,312,234,234,251
802,350,47,46,49
1,129,159,24,37
241,196,187,184,204
7,175,102,98,104
288,56,38,41,44
1127,332,225,225,241
404,205,203,206,225
995,138,47,48,53
18,453,52,50,55
58,188,37,30,31
239,339,43,42,46
1086,279,222,222,241
750,253,241,238,255
1115,11,232,231,251
161,70,138,126,143
502,33,91,67,53
293,458,91,84,58
1150,34,233,233,250
0,225,34,28,29
332,201,60,47,67
153,264,208,207,231
501,76,46,47,49
327,329,43,43,46
126,458,52,48,52
937,387,41,45,49
337,308,44,43,46
646,121,43,43,48
327,263,211,210,231
50,233,36,31,34
382,480,78,68,63
196,200,137,133,159
523,101,46,43,51
181,285,44,43,44
963,24,98,72,59
363,355,41,43,44
797,80,45,44,51
130,390,42,43,46
1033,216,47,48,54
128,330,35,35,37
185,294,37,38,41
644,231,232,234,255
317,172,176,172,185
120,296,39,33,37
888,170,43,48,47
1169,434,235,234,249
799,329,49,46,50
1142,300,233,230,246
883,308,44,47,48
456,493,136,131,99
30,80,119,109,119
172,330,42,40,43
1171,112,237,237,254
113,158,195,186,210
462,309,55,56,65
129,104,164,29,39
1022,363,46,48,50
48,377,46,43,46
505,8,73,55,46
422,52,32,32,37
268,32,208,211,231
340,274,44,43,48
129,203,207,204,228
650,437,43,45,47
906,406,45,47,50
388,112,38,35,39
422,74,42,37,39
110,282,58,56,76
857,103,44,47,53
687,94,48,47,51
124,388,44,41,44
1043,3,91,73,62
1145,307,232,228,247
105,245,219,215,237
4,175,61,56,70
243,242,194,188,208
108,158,191,187,202
895,313,47,43,52
714,337,47,47,50
605,452,177,181,197
80,341,38,36,34
387,421,41,44,45
111,477,47,45,49
1042,160,48,49,53
404,194,210,209,234
900,173,49,47,51
191,452,51,52,53
406,18,39,28,30
763,373,46,44,49
1167,236,239,236,254
709,2,171,82,123
635,437,43,45,47
35,284,38,30,33
347,457,63,63,52
923,320,43,46,50
177,240,199,196,216
365,69,29,23,28
167,36,171,154,178
402,355,44,45,47
471,204,231,231,253
199,409,43,43,47
372,60,33,27,28
527,97,46,44,48
907,219,47,49,51
358,435,76,70,49
981,343,47,47,50
1100,361,244,241,255
326,160,34,34,34
1150,315,236,234,246
631,354,43,41,46
262,121,31,27,27
665,272,43,44,47
823,264,50,49,53
23,16,230,225,250
439,482,132,125,131
191,8,154,35,59
791,33,49,49,52
834,275,44,47,53
1000,137,48,46,51
68,434,49,48,50
1171,33,238,236,252
398,190,208,207,229
1099,18,239,237,255
774,440,46,45,50
616,446,185,192,218
105,250,215,215,237
945,365,48,45,50
908,324,43,45,49
1099,342,243,240,255
209,46,170,41,56
749,426,46,44,50
1020,192,46,48,50
545,63,42,43,44
1052,338,47,49,50
1164,152,236,235,252
1046,266,51,49,54
666,379,42,44,46
237,188,187,183,206
566,481,137,126,111
29,248,32,25,29
494,241,162,161,168
928,308,48,47,48
216,458,45,46,49
234,353,43,43,48
688,244,48,49,53
1072,33,108,100,109
881,375,44,46,48
276,474,101,95,69
433,418,43,48,51
1182,237,238,237,253
790,381,44,43,49
830,74,47,48,53
150,112,37,27,29
454,383,25,24,21
246,34,113,106,123
964,310,46,44,49
1184,485,234,234,250
723,133,45,48,48
339,109,32,26,29
840,110,49,46,51
415,358,42,43,46
660,294,44,45,47
283,83,32,30,30
1162,87,236,235,250
708,33,103,76,55
199,388,43,42,47
906,33,100,93,84
643,286,44,46,46
809,274,48,48,52
24,84,115,108,117
1111,267,235,230,247
1165,499,233,233,250
333,70,31,26,27
691,378,42,44,44
1075,387,246,244,255
48,136,157,24,34
602,380,43,42,50
1110,27,236,233,251
1164,194,237,236,252
811,278,43,48,49
881,295,48,46,48
96,173,45,36,39
629,347,43,46,48
920,283,45,46,49
40,428,51,47,53
565,475,120,112,100
1102,393,241,239,255
1164,58,239,236,255
639,315,43,42,49
906,399,44,43,49
434,185,64,58,66
755,471,135,132,129
527,315,44,44,46
457,417,48,49,51
684,365,48,45,47
826,81,48,48,51
489,272,46,51,52
933,312,48,48,51
978,82,49,47,51
991,146,47,48,53
1049,269,56,51,55
212,475,43,46,48
146,147,220,221,240
1035,353,47,47,53
1034,24,104,80,65
368,191,199,198,220
428,17,36,29,28
278,479,55,51,50
171,228,184,181,203
434,289,47,46,51
1084,398,234,235,255
1013,253,44,47,51
500,85,43,43,46
1011,487,50,51,54
121,54,158,136,160
403,43,35,25,28
893,118,45,47,51
90,289,34,36,33
21,264,34,29,30
773,84,46,46,51
652,57,44,44,48
546,420,47,44,46
196,295,40,37,43
888,37,117,111,111
224,475,73,72,56
23,494,60,57,54
711,251,191,184,170
580,407,42,42,46
471,213,66,55,73
278,206,49,47,50
84,38,118,111,119
112,374,44,41,44
830,145,46,49,51
773,162,46,47,48
1158,143,236,233,250
201,399,39,44,46
913,46,83,77,70
1102,362,239,238,255
490,204,173,175,189
831,131,46,45,50
398,370,42,41,45
514,452,150,148,157
221,222,191,188,207
550,210,64,57,67
494,142,69,66,68
645,385,83,96,114
1168,205,242,237,254
286,483,65,63,57
478,160,44,45,50
411,385,42,43,46
223,267,208,204,224
877,347,48,45,47
296,257,205,201,222
269,336,46,43,45
405,101,37,39,37
9,6,228,225,248
689,398,144,157,149
159,253,207,207,230
529,249,228,225,249
762,421,46,45,46
992,300,46,46,51
903,48,102,100,98
908,41,86,82,73
739,110,45,46,49
768,238,76,66,68
1038,488,45,47,54
518,288,43,45,50
293,381,43,43,46
985,44,107,79,59
557,172,43,46,52
16,146,162,24,36
280,420,44,41,44
857,84,47,47,52
634,126,40,45,48
115,88,162,145,167
357,79,35,26,31
77,437,43,46,49
1174,263,238,237,252
346,276,45,45,47
72,347,35,36,41
727,272,43,47,49
991,478,50,46,51
1160,324,236,234,250
271,393,42,42,47
833,17,86,85,79
202,20,188,169,192
183,433,47,47,49
1068,63,96,84,77
267,378,42,43,46
780,153,51,47,50
1190,192,236,237,253
955,286,47,46,49
17,8,216,227,236
1070,392,67,58,56
409,234,224,226,242
838,124,45,46,51
454,381,20,23,21
368,344,40,44,45
848,157,45,48,49
607,478,178,173,184
570,420,43,42,43
914,291,52,46,50
778,377,46,43,46
418,274,89,89,114
300,330,43,44,46
449,61,39,37,40
869,70,45,47,53
1158,260,239,234,251
173,38,174,160,186
1105,7,243,238,255
859,25,97,94,87
280,388,46,43,48
373,206,202,202,223
91,219,214,214,239
208,466,49,46,48
11,175,99,95,105
211,79,117,117,134
571,105,43,44,47
525,465,141,138,147
916,89,49,46,52
420,79,35,36,40
916,12,214,159,90
300,210,73,66,76
124,137,35,30,32
726,153,45,48,49
1034,405,50,49,52
816,75,45,47,51
879,284,47,47,53
1053,398,49,50,54
1010,460,47,47,53
560,293,41,42,48
9,485,49,49,53
995,39,113,88,65
665,452,71,57,53
282,169,188,187,207
498,477,100,97,62
1063,304,222,215,200
423,274,134,136,169
414,450,107,98,97
320,161,32,32,35
205,156,31,28,31
25,333,40,40,41
898,141,47,46,50
512,202,168,171,203
719,458,138,128,130
876,386,44,47,50
326,197,192,191,215
760,162,50,47,52
135,449,48,50,50
265,480,53,49,49
364,163,37,41,42
33,69,115,104,111
500,178,78,70,74
137,235,49,44,47
180,218,194,190,211
205,274,208,206,229
1079,318,250,248,255
753,66,47,44,49
1081,170,55,53,57
907,287,47,46,51
972,491,46,46,51
105,462,51,49,51
565,162,44,43,46
716,460,147,139,136
322,496,47,46,50
1130,411,230,226,243
565,97,45,45,47
434,150,42,43,45
11,183,85,89,91
423,120,40,41,44
135,294,40,35,33
231,485,50,54,51
836,348,42,45,48
796,35,54,51,54
608,282,48,46,46
1059,151,50,49,55
16,376,44,44,48
239,281,208,208,230
821,329,45,48,49
323,380,40,45,46
615,156,44,46,47
551,484,117,106,95
624,72,44,44,49
920,377,46,47,48
206,134,30,33,39
547,118,44,44,46
154,443,48,49,48
1098,42,241,237,255
536,127,42,45,46
183,359,42,45,46
311,454,78,70,51
965,470,49,50,54
464,213,60,56,61
850,437,44,47,51
328,352,41,45,46
505,395,42,41,45
30,128,151,23,33
950,359,45,47,50
525,116,44,46,48
867,52,101,91,80
746,114,42,46,48
508,317,47,44,46
161,393,40,43,45
564,363,43,42,46
904,487,163,154,91
714,392,44,43,48
1075,194,55,54,59
935,53,121,114,104
119,309,31,31,35
88,378,38,43,43
85,227,60,54,73
535,125,42,45,46
620,242,235,235,255
235,380,41,43,43
937,89,47,48,54
485,93,42,43,46
361,13,43,34,32
798,377,48,44,49
1029,458,49,46,54
1112,122,236,233,250
176,208,188,184,199
609,76,47,45,49
1046,245,49,49,52
607,359,43,44,46
158,41,155,137,161
177,490,47,44,49
1124,136,231,227,243
608,97,43,44,49
219,22,174,163,184
1080,43,59,58,64
0,185,111,111,114
32,340,42,38,41
47,290,37,32,32
1189,351,235,234,254
797,0,57,52,56
432,363,45,44,47
951,318,45,46,48
365,379,42,43,47
1054,86,67,63,59
1075,85,68,66,66
628,468,160,154,162
179,302,37,41,42
710,219,234,236,255
1114,159,233,234,249
1091,9,235,237,253
266,476,107,100,77
231,467,71,69,51
298,91,38,27,27
619,270,45,45,48
911,8,134,82,65
533,222,227,227,244
266,419,43,45,46
939,253,48,45,51
674,311,44,45,46
618,329,43,44,46
19,332,40,40,41
557,345,45,42,47
901,479,47,51,51
897,74,51,49,52
980,54,90,67,62
192,340,42,41,45
502,237,218,217,240
11,428,53,52,54
1034,29,102,78,62
158,492,48,47,51
284,423,42,43,48
271,443,69,69,53
718,490,153,148,161
945,274,47,46,50
525,392,44,42,44
170,315,43,39,43
766,32,50,51,54
738,265,51,51,54
1128,333,228,227,242
882,265,240,239,255
982,195,46,48,50
442,208,169,163,174
604,490,175,175,187
1003,294,50,48,51
592,201,67,60,67
573,360,42,41,45
922,283,49,47,48
1004,27,117,86,65
876,226,236,236,255
49,9,227,224,249
1125,378,228,225,242
1116,492,229,226,244
449,26,59,47,37
45,196,94,95,101
1028,382,50,46,53
117,58,159,140,163
248,8,182,170,194
843,20,90,90,84
728,158,47,46,49
462,54,42,38,42
588,180,143,140,149
655,353,45,44,46
770,227,237,241,255
54,453,49,49,53
729,409,44,44,48
930,416,48,45,51
360,170,47,44,47
686,484,113,87,65
577,388,45,46,54
452,109,44,42,43
368,352,47,42,46
384,0,38,28,29
924,486,54,52,53
202,104,124,128,150
923,443,89,80,55
208,264,200,199,221
754,477,163,160,162
1026,175,45,49,51
49,135,156,23,32
855,478,134,124,78
812,70,48,48,50
947,377,46,47,50
1130,10,231,227,244
702,121,45,47,49
1119,26,236,230,246
248,459,76,69,52
507,487,122,88,57
840,52,72,60,59
219,220,191,187,209
693,448,40,41,47
157,186,199,195,213
208,110,43,41,50
760,19,47,49,52
72,53,124,111,126
518,191,220,222,243
330,482,104,102,113
304,40,42,42,47
55,95,164,99,118
68,145,188,128,152
476,281,45,43,47
370,307,45,44,48
889,139,44,47,51
120,291,31,33,37
1044,444,49,47,51
1152,7,233,235,250
1167,221,239,236,250
73,19,43,34,45
948,290,45,45,50
1144,90,233,231,247
1116,164,230,231,248
898,150,50,45,53
99,132,161,29,39
855,263,239,235,254
72,117,152,24,35
999,20,126,94,70
354,250,210,209,231
25,320,39,35,40
566,195,227,228,253
869,284,46,45,48
865,427,45,44,61
844,347,58,53,56
66,69,32,31,34
668,351,46,44,49
657,411,46,47,51
826,198,50,48,54
639,349,42,45,47
240,209,183,181,200
192,377,44,42,44
242,287,45,46,50
471,301,46,40,42
481,449,176,183,201
87,41,99,95,97
415,72,37,35,38
699,422,47,43,46
909,31,107,104,96
810,419,45,42,57
680,391,174,173,189
744,465,102,98,83
664,262,41,44,51
1193,286,241,239,253
176,61,159,148,170
136,101,159,74,98
515,433,150,156,163
996,164,49,48,52
346,101,34,28,31
587,16,118,106,95
502,227,218,217,236
841,2,97,94,91
514,360,37,42,44
876,105,46,48,51
553,29,43,44,47
861,99,47,48,48
159,377,46,43,45
694,17,51,49,51
976,299,45,46,48
729,50,47,48,52
668,489,108,80,59
666,456,86,68,55
591,126,46,44,48
221,492,51,54,50
1031,483,50,49,52
690,295,45,46,48
479,69,40,42,45
812,484,150,150,165
109,13,118,109,118
1059,389,52,50,54
176,466,54,53,55
317,302,44,43,45
936,123,48,46,51
862,45,96,91,84
610,239,232,233,255
815,290,51,47,54
1180,147,239,235,253
952,487,49,48,50
779,175,47,46,52
293,145,35,31,30
1104,67,237,234,255
922,297,44,47,49
89,99,153,24,34
1140,499,228,225,242
884,343,52,47,51
872,473,49,48,53
1047,476,48,49,52
951,468,51,48,52
270,119,31,26,29
46,279,32,32,34
1028,245,49,47,54
839,107,48,47,52
315,83,31,24,24
1184,295,240,238,254
9,284,39,34,35
531,413,41,42,46
475,190,193,188,203
394,437,196,202,221
442,125,40,43,44
801,136,46,45,50
1181,368,241,236,253
537,443,151,152,163
418,90,43,38,41
470,60,45,41,44
987,15,122,90,66
813,88,44,48,50
504,315,44,46,47
409,489,82,79,68
254,23,207,196,216
943,17,122,84,64
985,441,172,183,195
903,488,168,153,85
1083,356,253,250,255
37,255,37,29,34
310,258,205,201,223
429,346,37,42,46
696,451,44,45,49
689,262,44,45,49
983,207,46,47,51
876,28,106,104,102
1115,412,229,229,248
1124,399,232,227,244
541,406,44,43,43
185,231,56,51,56
369,56,33,27,27
44,233,34,29,31
213,425,44,45,49
1016,207,46,49,50
197,454,49,47,50
602,54,47,44,50
102,5,111,98,112
330,196,193,193,214
818,186,49,49,52
79,399,45,44,49
408,279,49,47,51
308,292,43,44,46
1061,217,51,50,56
1167,91,241,237,253
669,101,45,44,48
935,184,48,47,51
788,171,44,47,50
610,154,44,46,44
1007,182,46,48,52
1046,54,121,113,104
778,337,42,47,49
721,417,43,42,48
19,396,47,44,50
363,0,43,35,33
889,204,48,49,50
377,495,80,72,57
514,131,46,45,49
678,48,45,47,48
226,253,201,197,221
728,296,44,44,46
484,387,42,44,46
273,193,138,139,158
833,10,93,89,86
754,306,47,47,49
857,296,42,47,51
638,72,46,44,48
617,3,47,51,53
672,97,45,46,48
42,201,77,89,81
424,292,43,43,47
562,172,47,47,50
324,38,38,31,33
520,474,118,116,101
973,130,49,46,51
695,351,44,45,45
819,480,172,168,178
307,438,68,67,54
776,207,234,235,254
977,237,45,47,51
157,305,37,33,38
843,433,50,48,49
1161,255,237,235,250
259,437,57,56,54
1155,222,236,235,249
851,198,47,47,52
1001,244,47,49,51
54,238,33,31,35
821,414,164,165,187
679,79,44,48,49
1115,386,235,230,244
645,310,47,46,48
808,125,47,46,48
785,7,49,50,53
1010,355,48,46,50
1063,133,46,48,52
956,459,60,61,62
1194,459,236,234,252
1023,370,48,50,51
537,330,42,40,47
717,90,48,47,52
121,234,198,192,215
826,9,92,86,80
17,27,225,225,248
474,97,43,41,47
397,323,41,45,46
388,278,45,46,51
1026,197,48,46,53
1169,67,237,234,251
870,206,48,45,53
949,324,46,45,53
535,14,77,62,45
746,459,49,50,50
569,165,40,45,47
587,237,233,235,255
1046,197,47,48,53
480,58,40,41,46
136,412,46,43,48
328,327,41,43,44
26,422,53,51,53
497,348,44,45,47
1152,98,235,233,249
1042,465,49,50,54
89,478,83,76,79
1036,307,47,50,54
343,366,42,43,45
796,94,46,47,50
238,105,35,35,38
678,120,50,44,49
1172,296,240,234,251
582,265,236,233,255
771,219,242,241,255
1054,167,50,50,54
83,65,193,193,212
1067,77,68,62,69
1030,316,46,48,50
1023,473,50,49,54
520,238,219,219,239
741,19,49,48,54
1099,202,241,240,255
876,77,47,49,51
1188,30,239,236,255
428,60,32,35,37
1131,433,228,227,243
94,213,214,218,247
973,23,105,77,61
572,169,46,46,51
907,231,239,237,255
538,247,225,225,248
135,269,215,212,233
53,131,154,25,33
229,423,44,47,48
161,111,37,30,34
354,425,42,44,45
9,494,53,50,52
503,10,73,54,45
687,253,46,45,49
401,157,43,41,46
964,393,46,47,51
41,302,35,33,33
149,207,49,42,51
576,330,41,44,46
791,343,50,47,49
669,324,48,46,51
525,254,223,224,243
402,144,40,40,43
7,286,36,31,37
880,252,238,236,255
212,348,40,42,46
89,129,158,30,38
787,476,167,160,175
427,378,42,43,45
938,316,48,44,51
312,293,43,44,49
804,248,244,237,255
829,326,46,47,52
461,83,35,41,45
263,340,46,44,44
85,131,170,95,114
543,414,39,42,44
697,94,46,45,50
524,186,221,221,243
960,43,94,68,57
1000,279,46,48,50
608,332,46,45,46
395,461,168,166,183
492,475,103,105,78
50,18,62,60,65
44,231,30,32,29
420,8,42,28,30
591,410,41,44,46
170,362,45,41,45
90,387,44,43,45
621,333,41,42,46
886,296,46,45,52
1143,270,231,229,244
1153,476,231,229,245
408,132,40,41,40
372,412,45,43,46
168,431,106,102,94
11,218,31,28,28
278,131,35,27,31
407,152,40,42,44
152,190,200,198,218
225,17,177,162,186
448,45,38,37,42
1092,10,212,208,215
1051,131,47,48,54
677,465,105,79,57
896,484,100,93,53
48,371,41,43,47
834,265,54,50,53
16,11,222,228,252
51,430,48,49,51
88,38,118,109,118
347,451,73,71,52
880,439,49,48,51
344,114,25,29,31
12,142,164,25,34
377,252,212,213,236
482,93,41,42,47
61,436,48,50,50
1146,366,230,229,244
420,132,44,41,42
242,398,41,43,43
256,161,40,34,38
213,236,132,131,143
40,29,217,221,243
701,387,46,43,49
525,186,220,221,245
758,96,47,46,50
258,52,149,146,165
637,25,52,48,53
322,101,30,28,28
463,417,45,45,49
368,457,97,80,72
111,430,80,56,64
463,453,173,178,192
132,323,38,36,37
182,240,50,43,53
200,183,189,183,205
1042,422,49,46,51
536,136,45,44,46
50,453,49,46,48
887,499,178,163,117
303,314,45,42,44
873,160,48,49,47
1120,347,232,228,245
1192,390,236,236,254
941,129,49,48,49
1149,275,235,231,249
486,98,40,44,45
1091,398,246,244,255
605,215,224,233,253
1049,60,105,92,84
900,355,45,45,49
791,41,51,48,52
1097,220,244,246,255
80,440,49,46,50
130,124,195,181,206
895,241,242,241,255
889,324,48,46,50
411,434,49,48,50
895,193,49,49,52
815,177,47,45,49
862,227,239,240,255
430,123,42,43,43
952,287,45,45,50
231,142,35,27,29
910,326,44,46,49
944,7,143,106,106
1101,255,242,237,254
842,226,239,237,255
135,426,49,47,51
829,94,47,46,51
649,165,43,47,50
794,434,47,48,48
885,499,174,162,119
164,322,36,37,38
384,457,157,159,181
548,259,230,231,254
846,42,100,86,72
749,497,163,152,134
93,378,40,40,43
590,277,48,45,49
896,185,48,47,53
341,252,207,208,230
160,257,208,207,232
779,72,49,45,53
843,142,48,47,51
1094,132,240,237,255
1104,357,240,237,254
527,255,222,224,247
1003,269,51,47,52
451,207,117,114,146
460,233,231,230,255
1148,480,230,226,243
307,492,46,46,46
208,248,196,194,213
1191,98,238,236,251
1187,363,236,235,253
438,77,42,39,40
1134,380,230,227,244
859,303,46,48,51
708,392,46,45,50
277,157,36,30,31
306,357,45,43,46
341,480,89,85,91
614,386,43,42,46
1018,60,62,58,58
341,362,41,43,47
997,233,48,48,53
167,145,39,43,47
274,256,197,196,218
953,400,47,45,50
575,171,44,46,51
1103,268,238,232,250
288,400,42,42,46
216,290,43,41,46
752,366,41,45,48
848,51,91,74,59
1108,493,234,232,245
212,12,192,173,196
1058,118,50,51,52
786,255,238,240,255
1002,454,50,49,54
168,147,37,39,46
1040,497,49,50,52
1144,307,232,230,247
349,465,67,62,55
201,475,45,44,47
19,157,167,33,37
997,307,49,48,51
108,257,218,213,237
1026,46,101,77,64
874,386,45,45,47
999,167,48,48,53
556,448,142,140,144
818,314,42,45,49
212,427,48,46,49
227,285,53,46,63
706,164,47,46,50
360,81,33,26,28
128,347,39,35,41
1143,78,234,230,247
959,207,50,49,53
120,492,48,48,49
577,44,42,45,48
347,443,83,79,52
125,52,154,136,157
1069,56,71,65,65
1137,258,230,227,245
995,380,46,48,50
594,440,109,106,86
205,7,160,34,44
125,66,162,144,166
803,28,52,52,53
898,4,116,84,63
114,130,160,31,38
475,224,109,109,126
488,59,45,42,45
728,169,45,46,50
755,446,45,44,48
773,251,240,241,255
327,301,45,43,46
229,77,111,114,133
569,371,40,43,47
481,93,44,42,46
572,212,62,56,64
893,73,50,48,52
530,479,114,109,105
1164,53,241,236,251
316,181,189,187,206
288,134,34,27,32
6,193,63,62,61
624,60,45,45,48
205,142,37,30,34
521,280,44,44,48
16,255,41,34,33
544,48,43,43,46
484,460,173,176,190
1186,17,239,237,254
706,475,135,116,92
1051,368,48,49,53
704,341,45,46,50
423,42,29,30,32
641,128,46,45,48
883,180,49,45,48
804,252,241,239,255
874,492,145,134,90
475,492,117,106,62
912,133,46,46,50
706,250,49,48,51
577,316,46,45,48
32,398,50,45,48
865,251,238,238,255
976,15,108,81,63
842,287,44,47,50
526,293,46,43,45
109,224,203,199,223
297,194,190,187,207
1027,466,47,47,51
589,464,118,108,97
1031,118,45,49,54
237,392,42,42,45
539,461,149,147,161
618,368,45,44,46
466,39,61,51,43
779,340,48,48,49
1140,372,227,231,243
1120,38,232,230,246
346,44,32,23,27
272,195,72,56,80
874,158,48,47,49
363,29,36,28,29
1043,308,53,52,57
843,32,83,82,73
174,140,38,38,42
140,17,194,193,213
681,464,110,83,59
78,312,35,33,34
731,361,45,43,46
670,90,46,45,48
754,44,52,50,52
569,170,47,47,52
252,297,45,43,47
447,114,41,42,44
315,122,32,28,29
809,265,58,57,59
48,463,46,47,52
820,80,50,47,49
1134,78,232,227,245
257,16,36,31,31
759,37,48,49,51
372,84,28,27,31
375,248,211,210,232
54,163,168,30,37
832,203,48,48,51
887,180,47,48,52
246,345,43,45,46
457,213,86,81,103
1002,256,46,47,52
851,94,49,47,50
0,360,47,43,48
1027,92,52,49,55
751,361,46,47,49
964,318,46,46,51
624,367,41,44,45
146,494,49,48,50
820,347,45,48,49
622,296,45,45,50
378,280,50,44,49
106,85,182,162,184
143,167,42,45,50
65,82,36,31,31
401,345,43,42,44
806,430,41,45,49
746,485,152,146,136
1039,144,49,49,52
604,481,174,172,178
132,388,44,43,46
248,26,203,194,218
227,152,34,26,31
474,39,78,58,49
722,101,50,47,50
508,63,49,46,47
767,55,47,46,50
820,113,41,47,51
219,365,41,44,46
1050,112,49,50,51
755,236,239,237,255
822,37,58,57,57
253,246,191,189,212
102,117,162,30,40
503,411,41,42,43
1022,377,45,49,53
151,133,117,119,140
434,55,33,34,38
1003,172,46,48,51
475,213,165,166,165
244,342,42,42,47
731,54,46,44,50
589,281,44,46,46
537,394,39,42,43
86,94,152,26,37
729,149,47,47,51
618,291,49,45,49
400,311,44,46,46
973,42,93,73,61
356,62,31,24,26
523,469,149,149,152
74,68,181,185,201
60,329,42,34,41
633,12,53,48,52
313,227,191,190,211
278,467,96,88,62
468,71,40,41,43
533,417,42,44,48
485,254,206,205,221
807,54,51,49,52
640,455,193,199,220
25,247,34,31,33
193,141,36,35,40
456,307,49,46,50
1097,431,241,239,254
884,411,47,47,52
296,158,33,32,37
1179,184,241,238,254
1053,86,68,62,60
196,281,208,206,229
665,51,47,45,51
467,172,48,43,49
781,250,241,236,255
585,304,44,44,47
189,28,189,171,194
306,125,28,27,28
346,345,45,42,45
11,208,32,29,30
4,467,57,57,58
579,52,43,45,47
772,67,46,47,49
1193,135,236,237,254
459,135,45,43,45
45,117,150,23,32
1123,149,233,229,247
93,354,41,38,41
107,331,36,34,39
64,357,38,42,44
293,400,43,45,43
981,215,49,48,50
402,496,82,70,56
486,307,45,47,49
1057,183,47,49,55
153,69,155,140,160
1032,492,50,48,52
602,231,236,235,255
750,45,45,48,50
879,79,51,49,52
121,269,216,212,237
1130,448,224,222,241
1094,318,244,242,255
1107,198,237,236,254
234,284,153,152,189
1122,455,228,226,244
988,63,110,90,79
574,121,45,46,49
163,413,46,44,47
539,413,43,42,47
42,8,227,225,250
885,29,114,110,111
964,349,44,44,52
137,383,40,43,44
517,404,43,41,42
510,418,43,43,46
46,439,48,49,51
451,447,153,148,155
76,98,149,26,34
489,427,45,44,46
749,291,44,47,51
754,300,45,45,51
1017,8,101,79,60
448,456,136,118,126
878,127,45,47,52
248,386,43,44,45
444,239,97,93,125
11,222,32,28,27
561,292,45,44,46
1059,103,50,49,54
961,73,71,61,59
632,457,192,190,211
583,105,45,45,46
511,334,43,43,45
994,392,46,48,52
1154,20,239,235,252
633,33,44,45,48
1053,436,45,49,51
272,87,35,29,34
606,187,233,230,255
417,422,43,47,49
1058,417,52,49,56
1180,498,236,234,250
432,136,43,41,45
497,168,41,36,39
1144,110,231,230,247
778,334,43,44,48
21,278,37,32,34
681,330,40,45,48
897,51,98,98,93
666,167,45,48,51
1106,216,238,235,253
127,186,218,219,246
274,405,47,44,44
33,130,153,23,33
516,162,47,45,49
92,352,39,36,39
783,488,164,163,180
157,166,42,44,50
605,282,44,43,48
631,82,44,43,48
50,266,33,28,32
939,461,47,46,50
63,290,35,30,30
668,492,108,80,61
1029,168,48,48,54
984,96,49,48,54
1084,61,250,250,255
1095,235,239,238,255
1085,466,254,255,255
958,353,44,45,50
436,129,43,42,48
795,467,54,49,53
37,62,110,102,109
1069,402,53,52,56
901,486,160,155,90
1010,221,44,48,51
136,313,37,36,36
98,193,252,251,255
699,306,42,44,45
1073,314,187,177,123
699,242,116,123,146
345,264,208,211,232
152,257,208,207,229
791,164,46,47,48
1157,134,238,234,251
805,445,46,45,50
1198,144,240,236,255
573,149,43,43,50
298,151,36,32,35
335,112,31,28,31
419,210,222,223,245
836,424,47,48,52
939,216,47,47,51
802,473,159,157,154
850,295,44,46,52
112,483,46,47,50
963,286,47,44,49
707,352,45,45,51
520,133,44,46,46
1086,187,255,252,255
512,90,32,29,29
753,124,46,47,49
658,486,96,72,55
147,41,132,117,136
87,268,40,31,34
849,264,188,191,220
28,489,64,60,52
730,178,50,48,53
1140,440,229,227,246
1084,87,249,248,255
591,408,42,44,46
548,295,42,43,45
734,127,52,47,50
246,81,46,49,54
31,95,31,28,31
960,98,48,48,52
196,310,43,40,42
1133,109,229,226,241
444,183,49,47,51
1137,456,232,229,240
681,461,102,82,59
948,376,45,44,50
113,389,40,40,46
725,498,158,150,163
110,487,48,47,51
186,155,35,38,35
89,373,42,40,41
51,336,37,36,37
141,345,35,38,39
816,267,47,47,53
1031,39,103,76,63
50,162,167,28,39
240,137,33,27,31
921,135,47,47,52
11,10,224,225,244
911,289,45,47,49
741,288,44,46,49
494,233,59,59,64
549,310,40,41,46
713,313,45,48,49
937,259,46,47,50
161,40,153,138,160
954,463,44,47,49
761,365,44,44,48
641,458,192,199,218
279,347,44,42,47
106,141,191,177,186
763,485,157,153,165
355,38,42,29,29
256,282,44,45,45
348,169,44,44,46
331,491,136,136,150
716,253,242,237,255
267,225,186,183,204
524,152,45,45,46
90,328,32,35,39
805,22,49,51,52
356,232,203,203,228
1040,417,49,50,52
537,452,139,135,144
912,471,44,48,48
192,128,39,41,46
391,27,67,51,37
764,120,43,46,50
869,318,47,46,51
895,287,46,46,52
171,430,131,131,127
626,48,44,45,50
932,471,47,48,54
843,23,92,89,84
166,7,156,138,160
752,71,46,45,51
786,166,43,46,50
761,15,47,49,54
355,76,32,27,29
1038,378,50,48,50
311,93,33,27,30
386,421,44,45,47
865,370,48,45,48
545,438,153,157,176
420,450,148,140,131
757,382,46,43,50
330,434,77,76,52
465,341,49,46,51
11,402,44,43,47
500,265,221,218,241
422,287,43,45,46
979,453,53,42,54
769,461,50,48,51
735,47,46,46,51
596,96,39,44,45
1166,139,237,235,250
156,226,198,192,214
411,146,44,40,44
436,156,44,43,45
782,155,47,47,49
1064,291,57,57,58
269,236,89,97,111
102,487,45,49,50
785,480,156,149,165
1071,88,71,65,65
702,494,134,112,78
871,114,46,48,52
841,426,42,47,49
645,178,235,233,255
758,228,239,239,255
999,422,47,47,50
327,135,35,31,33
1068,374,50,52,55
69,495,46,49,50
130,149,196,200,219
233,15,181,169,190
240,82,49,48,55
1153,403,232,231,247
872,404,49,46,50
1118,114,229,226,242
1089,415,249,245,255
351,272,46,48,50
611,339,43,42,45
781,52,48,45,50
247,38,40,32,37
109,102,159,28,33
278,152,34,30,30
865,400,46,46,51
738,81,45,45,48
117,1,113,104,113
994,305,46,47,49
940,460,49,48,52
774,3,50,51,53
252,458,86,81,56
435,144,41,41,46
532,477,146,143,151
24,170,176,31,38
390,335,44,44,47
778,454,49,48,51
567,284,42,42,47
1063,10,100,78,64
832,63,47,50,50
627,467,159,154,163
748,9,50,49,54
991,270,46,45,51
268,472,106,102,74
1087,465,241,239,255
807,127,45,46,47
211,60,40,29,33
1048,107,49,48,54
707,240,238,237,255
816,235,234,237,255
244,100,38,38,43
324,415,43,41,46
655,164,46,46,48
664,236,235,239,255
794,207,138,132,145
182,19,157,26,37
279,140,34,26,26
932,291,43,44,50
163,378,41,43,45
831,343,44,48,48
346,146,31,35,35
703,97,45,45,48
321,43,36,26,30
390,46,31,26,25
1151,292,233,232,248
650,408,41,44,46
276,42,42,44,50
452,345,92,86,103
489,90,45,42,45
489,23,72,55,49
1047,339,46,49,52
152,119,32,32,29
325,42,44,32,36
830,196,48,48,52
369,100,33,30,33
892,411,44,44,50
941,430,48,46,49
766,155,44,46,53
1043,49,121,107,99
61,278,30,29,32
1095,116,240,239,251
785,317,46,45,49
396,323,43,45,45
276,181,188,185,200
993,61,102,85,70
1077,423,245,246,255
607,318,40,43,47
816,488,168,165,175
784,55,48,46,50
631,182,237,236,255
1040,237,51,48,52
905,403,44,46,49
776,132,47,46,50
593,353,44,45,48
466,84,41,41,44
24,425,51,50,54
723,166,45,46,48
470,334,57,55,56
986,41,104,77,61
888,381,46,46,48
742,400,49,46,51
937,199,50,47,51
785,75,43,48,50
886,274,49,48,56
972,466,44,46,52
465,277,188,186,207
736,143,45,45,50
222,164,68,56,76
978,438,57,52,55
480,223,40,42,49
237,343,42,43,47
1039,113,44,49,51
158,414,44,42,47
567,11,91,78,60
1044,37,99,84,64
936,15,150,110,75
557,481,113,103,97
1054,154,48,51,54
375,185,202,200,223
283,212,59,59,78
394,300,47,44,46
509,478,106,100,72
624,369,41,43,45
531,489,159,159,148
686,453,103,80,60
922,311,42,44,50
900,213,50,47,55
1009,99,46,51,51
543,204,227,224,247
708,198,239,237,255
899,264,237,239,255
206,17,165,65,94
672,69,46,46,49
593,314,42,43,47
333,156,36,35,35
739,346,45,45,47
359,270,90,92,115
205,346,47,41,47
1146,229,230,229,247
419,67,37,37,38
1175,488,237,236,251
1066,404,50,49,55
939,302,45,45,49
859,466,52,47,51
843,352,45,47,49
551,267,229,232,255
641,344,44,42,48
593,60,43,45,48
1192,394,240,236,251
15,10,148,143,165
700,278,45,46,48
465,129,44,44,42
913,139,49,46,50
10,480,50,49,54
78,279,34,30,34
130,301,34,31,36
971,267,44,48,52
986,357,47,45,52
404,169,45,44,46
544,111,44,44,47
599,323,42,43,50
112,168,139,140,164
274,82,37,30,34
807,494,161,159,173
644,250,45,46,48
47,72,93,85,85
370,101,33,30,34
469,171,47,44,45
17,153,168,31,37
136,15,191,189,212
481,395,43,43,46
225,350,41,43,44
603,58,46,44,47
1072,126,50,52,57
936,336,42,47,47
488,248,209,207,227
1196,461,237,237,252
82,442,47,47,47
822,33,61,60,56
903,247,241,236,255
477,305,50,51,58
104,20,122,111,120
512,314,43,42,46
940,402,44,45,49
237,467,95,89,59
411,87,37,35,40
675,475,109,83,61
333,360,44,43,48
55,156,165,32,58
1172,22,242,236,253
1176,364,236,236,251
1111,168,234,231,250
78,124,156,26,34
401,202,192,198,215
686,72,44,47,51
1114,333,232,232,248
1017,5,106,80,61
700,16,50,49,53
2,65,24,21,21
62,321,38,34,37
98,316,34,32,33
342,251,207,205,227
1186,212,239,237,254
11,247,36,31,35
791,279,57,54,72
24,149,167,30,39
645,429,44,45,47
192,64,104,84,114
12,20,225,223,250
884,361,44,45,51
508,311,46,45,46
640,206,240,236,255
1034,46,82,69,60
286,163,120,118,126
938,340,47,46,49
1133,176,232,229,243
637,156,47,46,51
24,182,88,82,92
495,384,42,42,46
908,431,78,62,53
176,397,47,44,47
42,20,67,64,66
775,56,45,46,50
22,449,50,49,50
1062,468,51,48,57
851,431,47,48,51
331,481,123,124,138
1054,322,48,48,52
792,203,51,51,52
771,114,49,46,49
1014,486,48,47,53
882,403,45,46,50
1162,115,236,234,251
714,451,45,46,47
54,60,117,109,114
352,36,38,30,31
1138,491,232,229,246
500,355,43,41,46
677,354,44,44,45
6,339,41,41,44
1008,291,45,48,53
906,297,43,47,47
784,68,44,46,51
660,117,44,46,47
277,498,93,86,64
205,419,46,44,47
904,459,48,48,50
881,385,45,47,47
821,210,51,50,56
365,457,84,73,64
523,85,45,46,47
509,306,39,45,46
432,14,43,38,34
1098,364,242,239,255
41,343,40,40,42
867,105,48,46,49
204,28,170,108,122
62,299,35,31,32
113,125,162,31,39
626,422,41,43,47
692,407,45,43,49
657,30,53,48,53
727,202,241,239,255
1028,175,54,48,52
667,247,45,46,53
269,246,193,191,211
263,244,50,42,50
387,156,43,41,45
88,374,42,42,47
72,216,234,230,253
38,129,152,23,31
353,100,35,28,29
1095,81,234,232,226
781,199,44,50,51
199,232,191,188,209
203,475,47,46,49
1114,39,232,232,247
779,427,47,46,52
818,219,243,240,255
223,488,57,58,50
792,33,51,50,53
799,187,41,46,50
289,399,44,42,44
1189,147,242,239,254
27,263,31,29,31
941,440,48,49,50
402,269,226,227,247
249,229,180,176,197
798,259,242,240,255
476,398,43,44,48
312,12,47,47,50
744,401,45,49,52
441,198,225,224,248
654,374,43,44,47
658,465,73,60,51
510,295,49,44,48
1112,147,235,233,250
1151,265,232,233,247
517,225,85,83,111
264,296,44,45,46
621,143,46,44,48
898,330,47,45,53
830,177,49,50,51
197,63,37,31,32
170,76,162,147,167
690,198,235,238,255
248,381,41,45,46
525,348,41,40,46
756,9,49,48,52
875,20,98,97,96
1073,386,240,246,249
852,164,49,47,51
111,58,149,131,153
532,318,46,41,46
621,314,44,44,49
590,242,237,235,255
702,289,46,47,49
647,39,43,47,49
570,423,42,43,47
987,402,48,46,50
679,188,239,239,255
1107,138,238,235,254
1093,312,244,242,255
64,417,61,62,55
697,226,239,238,255
902,24,101,93,83
140,158,123,121,142
223,348,48,46,46
297,270,48,45,49
697,19,49,49,55
723,126,41,46,49
154,367,39,42,43
796,253,241,236,255
468,90,41,41,44
120,364,43,41,45
601,207,210,207,216
588,118,44,44,47
448,215,55,54,56
198,91,120,120,136
328,333,45,46,47
354,452,84,81,55
368,269,210,216,238
522,410,38,44,46
936,348,47,45,51
1165,321,237,233,252
1030,288,46,49,51
251,240,182,182,201
101,241,215,214,238
207,366,43,43,46
821,362,43,45,47
1095,27,193,189,165
392,152,41,41,43
567,285,43,44,47
585,339,43,43,46
657,448,49,46,48
156,306,36,33,37
532,273,46,46,48
436,203,96,98,119
278,1,205,196,215
999,320,46,46,53
249,56,128,123,150
1117,354,234,231,248
222,314,40,44,43
60,65,33,28,32
283,401,42,40,47
99,361,40,41,42
791,488,162,156,176
86,119,157,30,43
798,159,50,46,50
1045,8,74,66,63
303,466,127,122,93
1106,251,235,235,251
1114,160,232,232,248
157,250,206,204,224
779,154,47,45,49
803,274,48,53,57
581,257,235,235,255
276,179,185,183,201
790,464,49,48,51
1029,137,46,49,52
975,358,49,47,51
587,249,239,234,255
775,229,97,104,155
499,274,50,46,49
29,156,167,29,34
1171,414,234,233,250
136,385,44,42,45
187,254,202,199,221
250,222,190,189,204
569,98,44,43,47
1171,318,235,236,252
46,7,225,225,248
898,79,47,49,50
26,251,34,28,33
566,156,42,42,44
261,312,42,43,47
913,284,47,48,50
1024,243,49,46,49
219,421,45,42,46
744,1,51,50,53
791,97,46,48,50
1019,142,49,50,52
528,426,44,41,46
547,303,42,43,49
876,165,49,46,52
944,266,46,48,51
11,427,55,53,54
1116,136,230,229,249
219,12,187,173,192
1087,111,59,57,61
189,140,35,35,38
212,147,32,26,29
428,144,45,42,45
233,164,188,182,200
694,499,130,99,73
491,33,81,60,50
434,397,44,44,47
1030,385,44,46,52
262,245,112,107,106
608,116,45,42,48
867,120,45,46,50
1046,481,51,49,55
983,7,117,88,66
327,371,41,41,45
13,293,38,34,36
130,285,41,39,42
209,318,42,40,44
583,333,45,44,46
828,497,172,166,166
912,457,48,49,51
1166,417,238,234,250
400,1,39,30,31
1081,310,58,57,58
1046,414,47,48,51
272,78,35,37,41
694,463,123,97,66
886,204,47,48,51
433,61,39,36,38
1152,84,236,233,251
782,261,242,240,255
698,20,52,50,51
1029,389,46,49,52
1057,409,50,48,54
572,318,44,44,47
1067,56,67,67,66
980,345,43,44,49
89,230,205,206,229
588,99,44,42,45
174,85,33,27,31
286,498,48,45,49
854,461,46,47,50
269,89,33,30,35
1046,130,49,50,51
241,331,41,43,44
1133,333,229,227,240
451,103,43,42,47
401,168,43,44,46
1049,64,105,93,80
785,345,42,45,48
301,195,194,188,210
509,260,223,223,243
1083,47,58,57,59
949,162,50,48,51
602,415,41,41,47
721,355,47,45,51
631,248,49,48,54
265,285,43,42,48
560,71,46,44,47
153,454,51,47,51
828,161,47,46,51
954,422,47,46,44
1056,380,50,50,53
23,26,225,224,250
993,280,47,47,51
815,152,46,46,52
1027,165,46,48,53
318,137,30,30,33
263,495,92,77,55
369,29,33,25,27
1032,70,98,86,70
46,490,89,80,67
39,395,44,43,48
279,47,42,42,44
1094,115,234,228,215
719,218,219,222,227
1009,488,50,49,52
534,362,40,43,43
110,128,158,32,38
990,397,46,46,51
1015,98,48,46,53
1155,403,235,233,250
801,17,51,50,51
828,319,45,49,52
394,314,40,43,47
989,22,117,86,67
177,246,199,197,221
1029,175,45,48,51
396,394,42,44,45
333,489,138,138,151
1139,181,229,228,243
43,404,46,45,47
910,209,49,48,49
68,299,33,32,34
773,404,43,46,51
950,356,48,47,49
596,477,172,171,172
312,469,126,119,97
1090,33,252,255,255
506,476,107,101,75
942,44,112,83,62
806,103,48,48,52
990,477,45,47,52
977,116,49,49,50
323,18,37,38,43
785,102,48,46,52
188,63,187,173,198
1117,370,233,232,249
353,46,32,24,26
1094,267,235,236,255
409,34,31,29,28
659,6,48,50,50
602,198,231,231,254
541,194,224,225,246
140,382,42,42,47
83,498,49,45,51
968,6,111,81,64
512,71,29,27,29
262,208,186,184,200
544,340,42,42,48
851,7,98,92,88
554,149,41,42,46
31,124,152,23,31
1080,14,61,59,62
704,265,46,46,50
565,253,234,233,255
830,43,75,66,58
541,149,44,46,47
770,86,48,49,49
1083,423,248,249,255
925,497,177,163,120
783,315,43,45,48
35,153,164,30,38
180,46,174,155,176
1025,87,80,70,60
1103,12,239,236,255
737,206,241,237,255
1117,284,225,228,243
201,346,41,44,44
20,494,66,60,51
80,334,34,39,38
68,100,152,24,34
868,177,48,45,51
631,350,43,44,46
998,36,122,93,69
402,184,145,143,154
790,117,52,46,54
933,197,44,49,51
75,4,64,62,68
406,478,61,57,55
346,325,42,42,46
110,12,116,106,115
1140,327,231,229,246
102,164,39,30,34
1158,266,239,233,250
287,321,42,44,46
1027,122,52,49,55
226,109,37,33,42
232,384,45,45,47
594,274,44,47,52
1120,324,227,226,242
44,140,155,27,34
580,36,45,44,47
1101,226,237,238,254
1191,361,235,236,254
917,129,48,48,52
318,169,45,39,44
1189,325,239,235,253
1121,45,230,226,244
593,247,237,236,255
1112,474,228,225,242
145,184,211,208,233
749,274,49,47,52
605,170,45,45,50
742,256,239,239,255
892,260,240,237,255
156,115,34,28,31
280,218,188,187,206
790,449,48,48,52
758,396,43,45,47
999,220,45,47,54
780,223,241,239,255
809,210,216,219,237
34,465,52,51,52
1021,240,49,48,51
266,228,188,187,208
165,288,38,36,40
93,392,47,43,46
1176,387,243,237,253
712,284,43,45,48
123,43,163,146,167
167,141,53,44,62
811,171,49,48,51
630,373,43,44,45
415,346,41,42,47
692,302,44,47,48
1117,483,229,225,242
513,290,48,44,47
1191,21,240,236,253
807,472,161,159,168
419,150,45,41,44
492,142,57,54,53
24,357,41,42,46
816,470,53,52,53
1113,394,234,231,249
328,242,194,194,215
699,20,51,49,52
764,204,237,240,255
957,298,45,47,51
213,471,49,48,51
461,9,118,97,76
968,463,44,47,50
481,393,42,43,47
808,31,52,51,52
645,97,47,45,49
580,497,172,168,165
623,469,174,172,184
822,9,82,80,76
851,236,179,176,233
426,364,42,44,46
879,473,48,49,52
739,184,51,50,52
28,344,42,40,42
271,163,131,126,133
636,122,42,43,47
331,465,99,94,95
24,83,115,110,119
1190,330,242,236,255
915,32,124,118,115
543,287,45,44,46
228,237,185,186,203
665,456,85,65,55
26,35,227,227,253
108,56,150,129,150
241,109,36,31,35
817,16,64,60,58
443,100,41,41,43
47,144,157,26,32
497,353,40,42,45
943,317,44,47,49
75,478,97,81,82
1057,237,48,48,53
703,163,45,47,48
648,385,105,108,83
696,176,48,48,52
607,217,236,239,255
1008,453,46,48,51
103,289,34,32,32
332,31,41,33,38
345,210,199,197,219
467,479,178,183,203
1025,127,47,49,52
363,72,33,26,27
10,224,32,29,31
1166,143,235,234,249
376,208,178,180,201
39,166,172,28,33
163,281,211,210,235
123,17,39,36,36
50,204,73,72,78
63,363,41,44,42
237,256,201,198,217
241,495,73,66,54
670,236,235,234,255
626,369,41,42,44
1175,476,236,232,252
1144,144,234,231,248
153,249,204,203,226
90,218,213,215,240
443,228,234,230,253
27,207,31,24,34
1137,301,230,228,244
1078,8,129,109,87
339,238,206,202,224
136,102,158,41,73
284,432,65,63,49
430,8,33,27,29
1032,195,47,48,53
1121,87,231,228,245
25,482,49,49,53
1025,19,109,84,66
56,324,37,34,40
1120,284,234,228,245
226,96,34,36,42
619,95,46,43,47
429,325,42,43,46
990,24,118,90,67
778,297,45,45,49
505,276,46,44,48
600,143,44,43,48
506,480,112,102,71
1155,9,236,233,251
869,397,49,45,51
762,241,239,239,255
967,297,44,45,49
564,188,233,229,252
587,397,39,40,43
553,366,43,42,46
429,109,38,40,45
607,261,45,44,48
882,305,51,47,50
137,96,161,146,168
356,425,43,44,46
1166,105,238,235,253
1008,190,48,49,53
55,473,48,45,49
471,44,40,41,42
107,497,48,48,51
127,239,53,43,55
441,180,46,47,48
806,463,49,48,52
1133,78,229,227,242
277,119,31,27,30
1123,261,228,225,244
1139,316,228,226,244
444,3,40,31,33
1104,96,237,233,253
866,486,161,153,95
584,216,234,236,255
653,444,47,43,49
180,194,181,183,197
881,450,48,48,51
1136,319,226,225,240
559,271,54,53,56
1040,406,49,47,51
508,252,221,220,241
299,118,32,28,30
927,21,99,68,63
594,174,47,48,51
1095,154,253,246,255
913,76,47,48,49
45,346,35,40,41
1192,372,239,237,253
755,457,46,46,49
650,200,241,237,255
603,381,43,43,45
835,108,48,47,51
29,437,47,49,54
955,403,44,44,51
419,196,221,219,240
554,291,41,47,47
313,472,124,114,100
1125,150,231,228,245
850,443,43,46,49
1044,264,47,47,53
500,239,210,209,227
48,468,48,47,51
1170,308,236,235,251
863,202,47,45,48
1015,248,48,47,51
83,254,216,213,237
461,145,44,43,45
645,120,46,44,49
224,105,35,36,41
382,471,71,61,56
505,184,213,211,230
513,377,42,43,44
831,86,46,47,50
304,77,31,26,26
625,263,42,45,46
1052,343,49,48,51
146,360,43,41,43
586,167,46,44,48
797,167,44,44,49
644,431,48,44,46
938,16,138,96,73
1024,193,49,48,53
492,69,41,40,46
421,212,227,222,244
321,152,32,33,35
532,235,215,216,240
117,312,36,34,36
1062,498,52,51,56
231,220,191,187,204
622,495,109,103,93
404,214,211,210,234
154,92,155,144,163
991,40,109,84,64
717,324,44,47,45
1120,220,233,227,244
717,128,43,47,50
445,428,23,16,12
482,395,43,44,47
1016,490,49,48,54
1089,177,66,66,72
779,223,237,240,255
972,437,120,124,164
35,336,38,37,40
144,65,158,142,165
106,74,142,126,149
239,470,89,86,54
726,20,57,50,55
597,9,56,50,57
318,496,46,46,48
947,5,124,83,66
241,345,44,43,47
700,276,45,42,53
600,411,38,44,45
674,142,47,46,48
538,231,62,56,62
652,440,44,45,46
422,201,224,222,245
1194,365,238,236,252
368,232,205,211,230
1029,470,45,48,52
27,123,151,23,29
224,220,188,184,204
880,296,47,47,48
926,333,46,46,50
952,201,47,49,51
247,376,42,42,47
1022,223,48,51,53
824,21,75,73,65
364,248,67,61,63
1003,231,47,48,53
1086,151,251,252,255
194,357,44,45,45
997,188,46,50,53
206,258,202,203,223
157,127,115,114,138
1082,186,250,248,255
559,475,146,147,146
719,82,47,48,51
397,386,44,42,47
1156,139,234,235,248
1100,260,236,235,254
903,96,44,49,50
570,352,42,44,46
704,489,126,107,85
787,332,45,45,50
521,374,38,41,44
143,476,47,46,49
998,340,46,44,49
535,97,44,42,50
95,22,113,106,114
1127,104,232,227,241
909,289,46,46,51
378,160,41,39,43
914,267,102,116,181
88,360,41,38,40
820,346,42,47,48
87,214,200,201,227
456,305,50,46,51
823,238,235,235,255
936,50,114,101,91
508,135,47,46,51
712,65,47,49,51
1008,10,113,87,64
463,359,57,55,57
183,37,160,37,46
426,60,41,42,42
1081,349,245,246,254
796,163,47,47,51
964,425,46,45,50
487,86,44,42,45
239,3,179,164,185
378,224,208,209,229
922,215,47,49,51
1061,41,110,104,111
808,417,79,66,84
385,355,43,43,48
658,292,44,45,47
1071,206,51,52,57
198,110,157,164,172
1163,90,238,235,251
526,413,42,43,44
565,249,229,228,251
380,272,50,45,62
485,104,41,42,46
310,58,33,27,32
467,146,43,43,47
478,78,41,40,45
638,88,45,44,46
4,75,112,104,113
951,469,48,47,54
301,185,190,185,205
487,87,40,42,43
590,138,43,44,48
1125,46,228,227,242
1161,156,237,233,249
755,101,45,47,48
357,115,36,35,31
407,169,45,45,48
496,3,65,54,47
92,298,29,31,35
1177,46,240,238,254
990,80,60,57,55
725,305,44,43,48
262,141,30,26,28
1008,163,47,46,54
1035,444,49,49,52
1059,251,51,49,55
1070,429,105,82,59
691,105,45,47,47
247,4,174,162,183
272,158,31,31,33
1048,473,46,48,52
445,308,43,45,48
251,163,154,149,162
304,479,100,98,84
580,383,41,43,43
1126,198,231,228,247
804,221,240,238,255
34,334,39,38,42
1150,8,235,233,249
1147,72,234,232,248
231,468,75,72,50
288,172,189,186,205
705,93,48,45,48
929,473,47,48,52
1150,6,237,232,247
1132,14,229,227,244
716,93,45,45,49
32,221,31,31,30
1109,430,236,233,253
1104,189,242,239,255
1001,373,46,46,51
500,154,34,34,34
152,155,53,49,61
1128,497,226,220,239
845,494,165,156,110
187,337,41,44,44
742,137,43,44,48
1155,198,240,233,251
470,346,51,53,58
717,390,45,47,49
359,285,41,43,44
1026,313,48,48,55
720,373,44,46,49
784,284,50,51,54
375,333,46,43,44
75,320,39,37,39
79,8,190,199,201
615,38,45,44,49
387,211,58,54,64
103,411,44,43,46
677,452,94,73,58
539,303,47,44,43
1,336,39,42,42
497,407,41,42,47
805,180,46,46,50
425,296,40,45,45
480,263,192,191,207
672,386,43,42,43
757,25,48,49,53
144,281,215,214,236
254,106,36,31,32
1032,268,47,49,53
1094,205,242,241,255
994,33,122,96,67
1055,439,47,49,53
1067,189,45,51,56
1067,397,49,50,55
917,99,48,46,51
590,4,94,81,60
1183,113,238,236,255
174,127,123,122,143
500,148,32,30,31
405,176,46,44,48
706,50,46,45,50
368,381,42,43,44
708,391,43,44,49
1027,155,48,49,54
358,343,46,44,45
1013,470,47,47,53
182,479,45,43,49
589,364,40,43,45
60,106,148,22,31
1011,16,112,87,65
23,89,115,92,86
518,144,41,45,47
767,451,48,47,51
181,0,154,61,84
418,290,41,46,47
768,112,45,47,48
182,224,190,190,209
230,69,144,142,163
591,97,43,44,47
442,108,42,40,42
373,60,33,27,28
153,494,48,47,49
632,407,44,42,47
109,275,43,37,41
369,367,44,43,48
677,145,46,46,45
717,411,46,45,51
709,280,48,45,48
264,330,39,42,45
1037,15,106,85,64
216,236,116,114,122
577,49,46,45,47
631,301,43,46,48
374,111,34,32,36
92,286,32,32,29
361,153,39,38,40
1173,466,235,232,248
267,187,186,188,203
907,154,49,47,51
1013,28,99,77,62
835,479,174,161,140
1166,452,235,233,249
296,90,38,28,34
547,295,41,44,46
180,296,39,41,44
1058,468,47,49,53
1157,121,235,233,249
1119,36,235,229,248
33,186,123,123,131
358,262,209,210,234
104,254,219,213,238
25,356,45,41,47
936,290,47,46,50
610,168,46,45,49
862,86,50,46,54
129,498,50,46,51
1111,313,233,230,246
47,66,108,103,110
129,172,158,159,182
668,290,44,44,47
598,161,48,47,49
107,210,220,220,244
224,259,202,201,220
1077,46,87,83,75
946,166,50,48,50
242,345,43,42,47
387,293,42,44,47
1189,317,240,236,254
129,167,233,233,255
76,490,52,51,53
1054,295,108,88,155
34,241,36,30,32
40,88,188,185,204
153,17,155,137,160
602,423,43,43,44
100,37,186,185,204
1029,226,49,49,54
326,355,39,43,46
473,320,53,54,58
1146,50,235,233,250
1193,474,236,236,250
255,222,188,184,208
997,212,47,47,52
159,269,210,206,230
58,337,32,36,37
142,480,48,44,46
358,289,41,44,44
8,299,35,34,40
1027,175,46,48,51
339,310,42,42,45
28,301,40,32,34
988,332,45,46,51
412,60,35,30,33
594,439,58,52,48
926,244,45,48,52
99,231,201,200,220
295,79,32,29,28
483,379,43,43,47
899,18,102,96,93
873,273,49,50,54
883,499,176,160,114
731,366,44,44,46
18,328,42,40,42
1045,142,47,49,53
812,196,48,48,50
650,488,91,71,54
401,6,37,26,27
500,434,177,178,191
622,479,180,177,184
837,131,45,46,51
1063,452,51,50,57
831,126,47,48,50
890,118,47,48,50
172,462,51,49,50
857,456,51,47,48
304,215,191,193,212
919,409,45,47,51
595,280,44,45,49
203,430,48,47,50
173,395,42,43,46
314,200,71,66,83
239,140,34,30,32
880,46,100,98,97
975,22,102,77,57
827,99,46,47,49
827,486,160,157,173
796,309,44,44,48
445,489,176,176,193
364,135,37,35,38
394,217,138,128,134
248,77,48,49,49
1138,185,229,230,246
549,134,47,44,48
574,228,235,233,255
575,200,86,82,75
1127,213,232,229,243
200,497,49,46,49
760,306,43,47,48
1012,131,47,47,51
64,311,34,33,37
584,426,42,42,47
1045,243,45,47,50
785,259,241,241,255
391,30,50,36,30
678,211,58,53,61
234,232,173,170,186
328,291,47,43,47
256,27,206,196,218
157,199,149,148,165
1193,222,241,237,254
62,146,159,51,75
395,149,41,40,44
799,494,159,154,169
106,330,37,35,37
44,73,105,96,102
225,307,41,42,44
1118,492,229,228,243
289,136,33,28,32
262,281,42,43,47
252,461,96,88,60
38,51,122,112,128
436,11,33,29,32
552,217,230,231,247
532,256,227,225,250
65,476,53,52,52
536,325,43,42,44
138,151,228,227,250
1192,52,240,236,252
1156,8,240,235,249
379,160,45,42,46
59,80,35,33,33
149,200,194,191,212
931,157,51,48,51
882,131,49,45,52
728,272,43,47,50
304,297,44,43,47
730,449,47,46,49
874,226,238,236,255
516,352,43,43,48
170,399,43,42,49
250,405,42,45,46
890,379,46,46,50
629,236,50,52,53
24,219,32,31,30
185,369,44,41,45
56,37,147,142,158
186,156,33,35,39
501,357,41,44,46
804,159,47,46,51
630,459,167,170,194
988,62,113,88,77
916,339,49,46,48
1051,199,47,48,54
608,134,44,46,48
1052,192,50,51,55
520,156,42,44,47
45,248,35,32,34
402,27,43,30,30
1122,201,232,230,246
306,483,91,89,81
709,241,237,237,254
383,261,215,214,236
560,199,65,59,66
614,12,52,48,51
631,390,43,45,44
721,483,153,146,158
7,338,42,41,45
911,7,123,74,65
533,305,45,41,46
611,61,44,47,52
355,134,33,35,34
184,40,176,132,154
309,114,30,28,29
677,267,44,46,51
1172,310,239,235,251
1080,253,248,247,255
165,106,197,188,211
809,486,166,165,173
112,352,37,37,41
3,69,52,44,53
631,175,234,232,255
292,97,34,23,29
652,158,44,47,49
162,341,38,38,43
1045,39,72,64,57
759,295,43,46,49
1147,406,230,230,246
398,383,42,44,48
36,468,51,49,55
151,129,217,218,237
65,359,40,41,44
1195,489,238,235,252
984,185,47,48,53
456,30,73,54,43
1099,204,243,242,255
369,322,43,42,47
1068,370,50,50,55
969,282,45,48,50
686,495,115,87,60
665,305,46,46,47
656,272,46,46,47
509,328,42,43,44
688,266,44,45,50
367,410,39,43,47
540,270,55,53,57
224,77,107,108,121
675,365,41,43,48
247,308,43,44,47
873,359,50,46,53
557,55,45,42,48
19,430,48,49,52
17,281,31,28,32
599,350,40,45,44
306,253,200,198,219
534,257,228,228,252
1158,389,233,232,250
462,199,228,227,249
694,470,118,95,65
823,294,46,47,51
687,456,111,89,62
1160,97,239,233,251
999,358,45,46,50
1100,341,241,239,255
1052,470,48,50,55
471,372,43,44,47
316,310,41,45,44
630,428,44,43,47
418,348,45,43,44
1181,387,239,236,253
296,470,109,100,68
654,323,46,43,45
893,228,242,238,255
852,248,64,61,71
573,273,49,49,53
143,63,155,139,162
683,404,42,45,47
1098,391,241,240,255
142,298,38,34,36
657,102,45,46,51
1173,411,233,232,251
478,83,41,44,45
590,426,40,44,47
856,76,44,49,49
73,361,43,43,45
472,164,47,42,47
650,271,44,47,48
866,0,93,91,85
332,352,40,44,46
517,5,95,75,57
72,438,45,48,48
491,20,74,54,48
1152,439,228,228,247
953,325,46,47,49
437,167,39,44,46
1121,421,231,228,246
1005,20,124,92,68
387,212,56,54,58
527,171,43,46,48
1108,374,237,234,252
965,411,44,46,49
1047,74,76,67,56
716,5,101,66,60
327,63,31,26,26
429,276,48,50,55
1006,75,104,91,85
817,123,44,47,52
482,479,101,99,72
557,143,46,45,48
1067,400,49,50,55
659,215,236,237,255
824,454,47,47,52
75,95,152,24,34
906,292,43,47,50
401,253,222,222,243
447,146,41,43,45
151,380,42,41,45
62,199,93,95,105
1053,50,116,109,109
603,447,173,182,204
1038,185,49,47,53
229,465,78,76,56
1162,397,240,235,251
933,98,47,46,52
796,425,46,44,50
1043,18,103,82,65
1010,318,47,48,52
651,269,44,44,46
1106,400,239,234,252
186,428,47,49,51
466,429,61,53,52
618,134,45,45,50
6,180,85,83,85
1121,36,232,229,249
544,377,44,42,43
1193,73,240,235,253
575,482,154,147,143
1079,401,57,57,60
761,87,46,45,51
491,2,50,46,44
1068,412,48,52,55
977,33,103,75,61
987,13,117,86,63
268,86,35,32,32
459,215,140,136,139
863,252,244,240,255
1015,282,46,48,52
1181,154,241,237,254
320,454,73,69,52
603,359,42,43,45
252,326,44,43,47
186,172,189,184,208
845,406,49,44,50
255,208,115,110,124
17,315,37,38,36
789,281,92,88,115
290,275,45,45,46
969,204,44,48,51
397,27,48,34,29
620,325,42,44,50
517,117,45,44,47
2,91,130,96,95
545,376,42,42,42
1050,408,44,48,51
433,430,49,52,55
793,345,45,45,51
299,427,79,78,56
39,94,36,31,31
744,413,43,45,48
1020,262,48,48,52
190,424,72,74,68
1040,454,46,49,51
164,240,204,200,220
503,28,88,66,52
1105,30,241,238,255
574,287,44,44,49
186,262,206,204,225
201,468,45,48,49
1044,115,49,47,50
89,178,214,204,228
838,232,245,244,255
193,166,38,31,32
68,262,33,30,28
947,181,50,46,51
3,416,55,54,55
1064,374,49,50,53
1109,253,236,232,250
674,140,48,43,50
346,293,39,43,45
953,379,48,48,51
155,361,44,42,47
970,197,48,47,51
229,302,45,45,50
639,133,45,45,46
601,126,46,45,49
795,394,44,47,48
1060,142,49,50,53
870,334,44,45,46
592,73,44,45,48
751,444,45,48,49
78,351,39,38,42
366,434,72,65,50
256,65,36,41,45
171,286,45,38,44
1086,442,220,208,175
395,229,214,213,235
32,95,31,29,32
710,271,49,44,53
23,124,152,21,32
556,103,44,43,50
155,402,42,43,43
399,428,43,44,46
554,92,48,42,48
6,113,145,17,31
264,412,43,43,47
647,364,46,44,47
116,0,114,106,116
1166,185,236,236,252
578,165,43,45,43
413,382,45,42,43
385,340,44,43,46
684,43,45,46,49
505,351,44,44,44
20,171,173,34,40
116,288,40,33,39
428,236,223,222,249
647,16,53,50,54
994,53,99,74,62
965,389,45,46,49
784,260,241,238,255
1116,399,235,231,247
259,207,95,88,100
487,396,41,43,47
10,472,46,47,50
498,338,42,43,45
946,174,41,49,51
234,6,178,164,189
725,45,48,44,49
416,344,44,43,49
257,59,45,47,48
248,415,35,45,48
911,450,50,52,60
639,163,45,47,48
271,447,61,59,53
232,174,191,185,205
291,271,42,46,45
46,22,61,61,65
768,458,50,49,48
628,379,40,45,48
664,496,108,78,60
1088,434,239,241,255
649,350,46,43,45
154,249,204,204,225
281,480,52,50,53
1132,314,229,226,243
592,459,119,111,108
893,387,46,48,48
41,181,177,32,40
206,316,38,42,43
822,245,238,237,255
713,468,147,133,128
262,223,191,186,207
842,352,47,45,50
168,195,189,186,208
187,368,42,43,44
1092,200,244,241,253
921,440,49,48,53
1158,390,232,232,248
365,387,45,42,50
1081,392,248,248,255
796,345,42,46,46
82,311,37,32,32
1134,323,229,227,239
38,112,150,20,32
630,147,46,46,49
775,267,235,232,255
51,181,176,35,40
969,158,45,48,51
1162,329,238,233,251
558,307,46,45,48
1013,495,49,48,53
1033,72,101,86,72
875,237,241,237,255
542,54,44,43,45
793,393,48,45,50
248,280,206,204,224
2,112,143,19,27
1119,115,233,229,244
57,266,36,28,33
613,51,45,45,48
940,401,42,46,48
1062,215,53,49,53
72,262,34,31,37
954,172,46,47,52
560,78,46,43,47
683,460,103,80,55
945,458,46,47,51
456,223,225,226,238
952,421,48,44,51
878,182,43,48,51
567,10,94,77,58
813,70,49,47,48
156,17,153,136,158
69,45,117,106,116
735,49,47,46,50
246,267,204,202,223
1080,366,56,56,61
1113,305,238,230,246
233,317,43,43,44
872,461,48,48,50
1100,493,231,229,249
712,208,238,238,255
378,266,219,216,241
961,38,90,70,58
1103,207,238,240,255
621,23,54,50,50
774,336,44,47,53
467,88,43,41,43
103,495,48,50,52
1077,10,104,78,68
1000,181,48,48,51
546,197,226,221,246
58,238,36,30,35
963,252,41,46,50
855,105,48,47,53
445,323,47,44,45
1173,387,238,236,251
385,139,42,39,41
410,351,43,43,46
1198,352,242,236,254
186,440,47,48,47
1090,350,250,248,255
1147,211,234,230,246
1001,46,114,86,65
272,383,44,42,45
1183,284,242,234,253
369,497,64,60,50
478,152,44,44,47
22,168,174,32,39
21,291,29,30,33
1071,283,57,57,61
23,156,169,29,34
1091,13,100,94,83
709,184,216,216,237
232,218,193,190,210
318,486,110,112,118
1007,444,49,48,51
14,378,49,45,47
1017,194,48,49,54
726,491,151,148,158
657,371,47,42,48
616,270,46,44,48
230,174,187,182,202
50,268,40,35,36
809,417,129,139,149
1015,86,97,86,72
475,14,96,71,57
119,61,164,146,168
643,221,238,237,255
602,289,44,45,46
810,52,49,50,51
591,406,48,44,48
949,154,45,47,50
610,234,234,234,255
885,492,173,161,111
893,157,45,47,51
733,309,47,46,52
635,19,50,51,51
126,73,155,138,161
1129,338,230,226,241
882,126,52,47,52
940,36,97,75,58
727,95,47,46,50
714,131,43,46,50
100,210,223,221,250
721,379,45,48,49
175,14,159,143,163
535,494,161,155,149
205,164,39,33,36
98,470,49,49,49
815,293,47,49,53
221,244,146,138,147
69,314,39,35,40
353,387,40,44,46
89,51,27,25,29
1064,273,56,55,59
1019,265,49,48,53
716,327,45,46,49
51,439,46,46,51
1050,326,46,47,51
31,328,39,39,42
308,385,40,44,43
950,247,42,48,51
347,478,75,75,68
268,132,34,27,30
950,86,50,47,51
332,454,68,64,52
942,208,44,47,50
835,46,98,82,71
175,105,206,198,219
905,423,46,47,51
133,183,218,217,244
98,23,117,107,119
166,476,45,47,47
987,186,47,49,53
390,342,45,43,47
385,350,42,43,46
290,392,43,44,46
1127,420,232,228,248
920,397,45,46,50
2,279,36,34,35
1143,115,233,229,246
52,425,55,54,50
343,60,31,25,24
740,270,48,48,52
360,247,58,53,72
744,357,44,45,49
1102,68,237,235,252
713,135,40,46,50
775,216,240,240,255
468,228,221,222,243
584,421,41,41,45
123,47,164,145,168
887,467,50,48,51
802,232,239,237,255
48,277,34,31,29
868,147,44,49,52
150,5,31,28,31
1016,388,47,48,50
1190,181,235,235,254
684,292,43,46,46
338,357,43,43,43
526,43,38,37,38
813,286,48,46,52
221,173,187,183,205
1168,365,236,234,248
1164,139,240,235,253
109,181,251,244,255
1179,448,236,234,249
1084,432,248,247,255
533,150,47,44,47
853,485,172,158,117
191,237,197,194,214
973,405,46,45,52
110,68,141,121,144
74,3,63,63,69
483,65,43,43,46
1,450,51,51,54
209,202,188,185,203
780,54,47,46,48
770,312,48,47,52
997,427,48,49,51
841,306,44,47,52
526,102,47,43,47
371,275,41,46,50
550,54,45,43,46
1007,107,49,48,50
494,61,42,42,44
733,360,41,45,48
411,415,43,42,46
1048,455,46,47,54
667,0,47,48,51
839,0,98,94,91
1195,410,237,235,254
646,374,45,44,46
1063,485,52,51,54
148,487,48,48,49
619,478,177,175,182
25,353,46,44,44
628,7,51,49,50
781,251,241,237,255
929,49,111,108,99
1149,364,235,231,246
2,168,119,118,122
917,132,47,47,49
76,315,34,31,33
182,192,188,182,204
516,310,44,43,47
646,447,153,149,145
480,152,42,44,49
145,463,48,48,50
1124,55,228,226,244
989,24,115,87,66
14,222,30,30,32
923,305,43,45,48
696,481,126,102,75
205,360,44,43,48
159,396,45,42,47
319,46,32,28,31
386,84,31,29,33
472,249,105,105,121
785,179,45,46,50
326,471,123,118,131
425,103,37,39,45
189,101,119,126,142
18,414,54,55,55
493,492,127,114,66
135,182,217,217,240
408,124,37,39,40
775,382,43,45,48
952,329,44,45,48
254,429,58,60,52
264,139,35,25,27
146,416,43,44,49
608,326,39,43,45
752,401,102,103,143
241,136,31,24,30
320,126,34,29,30
716,231,142,131,146
217,300,49,44,42
36,281,34,31,34
1176,274,235,233,251
701,195,238,237,255
441,16,36,32,33
205,359,44,43,44
344,182,192,192,211
836,267,48,49,52
666,54,45,46,46
154,322,37,39,40
696,170,43,48,50
66,54,121,113,121
1058,184,49,49,54
376,106,33,33,34
889,40,107,106,101
763,196,48,50,52
381,426,40,41,44
390,364,45,45,46
374,389,42,43,44
662,112,41,44,47
953,498,173,166,137
590,90,43,45,47
213,36,166,39,45
103,165,36,30,29
726,116,44,45,48
384,464,83,75,69
728,84,43,45,48
723,226,239,234,255
582,259,237,235,255
191,461,50,46,49
459,334,20,18,22
526,414,41,42,45
602,242,238,241,255
739,251,237,239,255
410,344,41,43,47
416,291,44,46,48
922,50,97,97,92
882,299,46,46,51
378,214,55,53,60
825,239,204,206,248
747,76,45,47,51
452,297,45,46,50
1193,15,240,237,254
167,121,128,130,148
561,42,41,45,46
240,366,44,43,46
176,204,187,187,204
767,287,46,47,47
484,355,44,43,44
650,288,45,44,49
203,134,34,34,40
76,351,41,37,42
366,203,53,53,57
34,70,109,100,111
860,171,47,45,51
633,104,47,45,48
565,26,51,48,49
680,90,45,47,50
226,360,45,45,46
725,163,51,47,50
558,95,43,44,49
1053,269,51,52,56
477,475,168,173,195
982,126,51,47,51
421,228,223,224,246
1034,270,51,47,54
1192,418,237,236,252
231,44,35,34,34
890,276,48,48,50
18,6,112,102,138
200,112,45,44,50
292,158,36,31,36
758,156,50,47,51
333,316,44,42,45
1,270,35,30,30
968,314,45,48,51
11,138,162,28,35
207,418,48,42,47
289,309,45,45,47
518,147,48,49,48
877,272,49,48,56
500,393,43,43,44
912,438,49,47,51
919,4,126,80,63
271,307,40,43,46
542,199,223,224,243
745,169,41,49,51
195,206,154,149,159
488,129,43,42,46
582,249,230,234,255
136,141,67,60,74
830,75,48,47,52
993,481,48,47,52
936,458,45,48,52
1141,410,231,228,243
971,48,89,66,58
1031,397,47,49,52
366,328,43,44,45
420,175,45,45,47
531,202,225,221,242
809,481,170,165,179
1148,367,234,232,248
398,177,44,45,46
180,486,47,47,50
380,107,34,35,33
303,84,31,27,30
537,129,46,46,47
1076,413,52,51,55
162,257,209,207,230
783,274,237,235,255
386,99,28,32,32
573,31,46,44,46
540,189,225,226,248
525,101,46,44,46
538,368,38,41,47
854,16,96,91,84
164,448,48,48,49
620,476,180,180,190
968,286,45,46,51
789,58,44,48,50
1046,84,68,63,61
6,246,34,28,31
676,204,239,236,255
1120,411,227,227,244
129,164,235,235,255
1171,456,238,233,250
1186,70,236,234,252
537,135,45,44,48
1105,445,234,232,248
471,460,177,184,202
793,287,48,49,49
1113,336,237,231,248
1158,297,239,236,252
966,233,47,47,51
390,198,207,207,229
918,286,48,46,51
1142,424,232,228,243
995,320,45,47,49
630,489,141,135,128
41,200,82,87,87
1194,247,239,237,253
105,124,160,30,38
471,459,180,186,203
576,209,231,231,255
897,64,101,98,94
764,436,46,47,47
306,355,47,43,44
198,309,38,41,42
622,71,43,46,49
1021,431,48,46,53
501,318,43,43,45
266,298,46,44,47
234,352,46,43,49
246,288,45,46,47
579,341,43,41,45
937,468,46,47,50
98,349,29,34,36
100,76,144,128,150
276,344,46,43,46
844,245,194,194,221
201,242,194,190,211
456,464,182,186,204
152,229,128,127,158
186,464,50,46,49
1088,497,243,241,255
88,404,45,46,48
856,74,46,48,49
546,124,44,43,48
564,107,41,44,46
1011,379,50,46,51
186,417,46,44,47
1174,498,235,235,250
981,218,47,47,51
421,438,91,79,65
848,306,43,46,48
685,193,240,238,255
373,252,211,212,234
600,220,234,231,255
790,238,76,64,65
860,386,44,46,48
70,274,36,32,34
550,188,230,227,252
741,61,45,45,50
216,471,44,48,49
88,366,42,41,43
251,161,36,31,35
591,214,58,56,69
416,264,226,228,249
692,339,46,45,48
250,146,33,29,28
867,442,49,47,54
742,428,44,44,47
505,445,168,169,184
877,375,47,45,50
683,466,110,84,60
464,437,182,185,204
987,261,46,48,51
632,140,45,47,48
415,478,135,119,127
247,283,205,206,227
185,69,168,157,181
470,149,44,43,47
680,470,105,79,60
3,289,30,34,37
1111,96,235,231,249
1089,307,189,171,117
973,358,47,46,52
274,118,35,26,28
262,278,43,41,46
468,439,179,185,206
1052,135,50,47,52
540,40,42,43,46
1101,298,235,232,251
540,72,44,41,47
452,355,79,80,85
604,304,44,44,46
1013,402,47,46,53
856,484,168,155,110
712,437,50,44,48
836,463,49,51,55
428,103,35,41,43
592,24,50,49,49
104,272,33,35,36
570,202,225,224,250
514,92,36,35,38
926,245,46,49,51
613,224,71,62,66
910,149,47,47,50
1139,394,232,232,245
1179,300,239,236,253
346,221,202,201,221
850,186,44,47,53
499,443,168,171,189
596,249,234,238,255
810,269,51,50,56
709,484,134,124,116
1074,128,55,55,59
492,322,44,44,47
324,386,42,43,47
318,33,38,38,39
167,459,52,51,51
1065,460,53,52,56
402,291,43,43,49
1094,147,246,248,249
937,476,44,46,51
515,82,31,31,30
986,257,50,47,51
928,499,174,161,112
463,212,55,57,61
80,387,45,44,45
685,181,230,233,254
797,418,55,57,69
219,423,46,47,47
29,472,50,46,50
659,313,49,49,50
730,164,47,46,48
395,393,43,45,50
260,27,199,194,215
1009,214,47,49,50
952,309,44,47,48
438,356,46,44,46
431,397,41,46,47
514,79,32,29,34
664,193,237,235,255
116,172,246,241,255
673,344,45,44,50
648,96,48,45,49
113,400,43,42,49
151,57,138,123,142
294,354,44,42,46
188,219,191,188,206
746,79,47,46,51
603,320,44,43,45
635,322,42,45,46
54,253,36,31,31
959,429,48,47,49
675,341,43,44,46
532,75,45,43,48
306,93,34,26,29
992,228,46,45,50
281,297,43,42,45
238,125,35,25,32
929,394,43,45,50
549,0,93,68,52
925,38,143,125,96
284,317,46,44,45
509,286,46,43,47
683,81,46,47,48
514,435,150,154,167
999,168,48,47,50
1115,63,230,229,246
63,65,34,27,33
682,188,239,236,255
1030,341,45,46,52
1080,477,53,56,59
860,74,45,45,51
543,345,42,41,46
746,53,48,46,49
646,416,40,44,47
1111,349,237,235,249
780,327,45,45,49
738,95,44,46,48
721,467,149,145,154
993,201,48,48,51
37,88,182,183,203
827,77,44,46,51
75,348,40,37,41
444,5,34,31,32
1045,147,44,50,52
177,485,48,47,47
958,295,45,45,52
578,381,44,45,47
907,127,41,47,50
221,188,187,183,204
662,107,44,45,49
835,241,76,65,72
773,421,47,45,50
832,301,42,46,52
279,19,167,162,188
666,80,45,46,49
774,193,47,49,51
822,442,45,48,52
585,275,44,48,48
444,103,40,40,42
1129,362,230,228,248
935,223,44,47,51
676,443,44,45,46
248,23,204,194,216
642,448,191,201,220
257,253,195,192,214
1090,448,240,239,255
722,134,45,48,48
647,361,44,47,46
1041,346,52,49,54
968,58,74,61,56
1162,172,238,234,250
586,310,40,42,46
790,244,239,238,255
627,364,40,44,48
26,390,44,44,48
1043,260,51,48,50
207,7,158,60,87
1043,325,46,47,52
411,481,81,72,63
442,95,46,39,44
315,138,31,30,31
505,281,46,44,50
191,62,193,162,178
1131,33,230,228,243
1019,168,51,50,53
758,100,44,45,49
266,224,191,188,207
311,426,47,44,45
85,400,45,45,47
180,224,192,189,210
163,143,137,130,144
1103,248,238,235,254
108,369,43,40,44
100,371,38,39,45
749,298,47,46,48
379,252,212,213,235
574,306,45,46,46
1189,88,237,236,253
409,104,37,39,41
35,260,38,24,33
273,398,40,43,47
649,118,46,46,48
157,488,49,48,51
1141,485,231,228,244
81,206,241,242,255
936,497,171,156,83
118,413,49,43,50
413,138,45,40,44
1060,40,111,103,110
463,115,44,44,44
590,316,45,43,47
171,156,37,36,43
661,161,46,46,51
20,25,227,225,250
21,454,51,48,51
140,480,52,49,51
1108,331,235,234,248
963,340,48,45,50
798,347,47,48,51
535,76,44,45,47
105,150,198,188,210
1105,62,237,236,252
68,213,133,128,137
808,254,241,241,255
55,36,126,119,132
188,70,199,187,208
1149,6,235,232,248
597,101,44,43,45
239,137,33,26,30
388,238,65,62,75
168,7,155,137,159
158,477,45,47,51
1063,216,50,50,52
1199,488,236,234,251
472,115,39,42,45
894,248,243,239,255
206,374,44,42,45
629,446,186,194,215
625,379,44,43,45
55,360,44,39,42
635,264,42,46,49
551,99,42,42,46
186,88,35,29,31
577,129,47,45,47
894,479,48,50,52
268,316,41,43,44
114,342,36,37,37
127,394,43,45,44
683,132,42,44,50
349,196,197,198,216
753,77,45,46,50
1080,362,233,240,255
885,459,51,49,52
377,68,30,25,28
542,154,46,44,47
1024,353,50,48,53
388,380,45,44,48
684,84,49,46,48
306,64,31,26,28
219,197,184,181,200
875,341,44,46,51
53,472,47,44,49
1009,21,111,87,66
1082,440,55,56,59
432,383,44,43,46
845,97,44,47,50
376,40,34,26,27
145,405,41,44,50
1013,236,49,47,51
95,458,49,50,51
635,369,44,44,46
506,385,40,42,44
956,136,47,48,53
106,367,39,41,40
647,438,42,42,44
704,38,52,53,54
776,381,46,45,50
59,3,233,229,250
464,141,45,44,46
614,258,48,46,51
7,110,143,20,31
273,468,105,98,68
614,245,234,236,255
340,228,201,203,223
681,224,97,105,130
738,159,46,45,49
293,95,32,28,28
896,482,52,52,52
290,276,45,43,46
267,31,196,199,217
1165,353,236,234,249
707,458,126,105,77
414,65,35,33,34
450,291,43,44,48
924,94,45,49,51
934,278,49,47,50
940,61,107,103,98
978,270,48,47,51
731,452,47,47,47
582,135,45,44,49
241,434,72,72,52
483,228,112,112,119
489,112,46,44,46
942,185,49,47,52
996,372,49,49,51
1016,448,49,49,54
842,51,79,66,58
813,118,48,45,50
774,342,43,45,50
1062,271,55,52,56
715,224,67,63,91
753,315,46,45,47
1141,0,232,230,246
252,54,121,123,138
207,336,44,43,44
132,276,215,212,237
1025,152,48,50,52
39,28,178,171,187
357,416,39,43,43
1094,279,244,241,255
778,253,244,238,255
733,59,46,46,49
158,384,41,42,48
1019,411,48,48,51
642,93,46,46,48
245,184,191,186,206
237,452,52,52,49
108,95,156,30,35
1196,384,238,236,252
374,236,212,209,232
1130,370,229,228,244
765,493,155,151,164
251,463,92,84,57
1092,160,246,242,255
827,424,45,47,51
800,149,48,48,50
840,143,48,48,52
446,389,63,63,73
898,345,45,46,52
1035,227,49,49,52
995,60,102,84,70
1093,154,244,237,221
518,50,34,30,35
1122,464,226,229,241
1060,376,50,50,54
1079,9,103,95,87
214,208,156,160,172
1194,467,237,235,251
1032,98,48,49,56
918,115,46,48,51
941,417,48,45,50
1065,365,49,50,52
36,170,174,30,38
833,395,47,47,48
1123,347,227,227,243
508,398,43,41,47
75,313,38,34,37
87,91,153,24,31
1149,82,235,232,246
611,17,49,48,49
188,311,39,42,45
881,36,106,105,101
619,319,42,46,47
913,471,52,48,51
374,28,33,29,28
639,419,43,45,45
366,293,42,43,49
872,484,164,152,88
1102,299,236,233,251
895,299,49,51,55
304,436,52,54,50
1169,196,236,236,252
114,243,211,210,229
299,392,40,44,47
441,213,224,223,247
960,162,47,49,52
328,416,42,42,48
41,192,96,87,100
173,448,46,48,49
1103,204,238,237,255
953,14,111,75,64
993,410,47,47,50
34,394,41,44,45
879,382,46,48,51
83,26,114,105,112
757,64,44,43,49
79,315,37,35,38
865,153,50,45,51
1014,35,93,75,61
659,475,93,70,56
1035,112,45,49,51
493,474,104,103,80
590,164,47,46,49
645,204,236,236,255
634,183,237,236,255
931,4,229,219,225
1048,64,107,95,81
212,217,186,184,203
817,448,49,47,53
781,65,45,47,51
829,64,50,46,52
714,434,43,43,47
1189,187,239,236,254
650,53,47,44,48
981,206,48,47,50
380,86,35,31,30
1103,276,236,235,253
1018,357,47,48,52
844,485,172,160,106
878,308,41,47,50
442,156,43,43,46
604,46,47,45,47
210,440,49,46,51
323,265,206,204,229
848,90,48,47,48
938,278,46,48,50
750,31,51,48,53
850,297,44,44,50
93,243,220,218,241
721,162,47,44,50
93,8,102,95,108
90,471,82,72,64
47,132,155,19,31
934,184,47,46,50
422,307,42,45,47
704,135,44,47,48
414,393,40,43,47
373,280,45,44,49
1186,436,237,232,252
247,254,199,194,215
218,495,67,66,57
583,194,233,234,255
593,339,43,44,49
622,172,49,47,53
91,337,39,35,40
105,372,42,40,43
306,390,42,44,48
484,202,46,43,49
706,445,39,45,45
102,10,114,104,112
930,403,51,45,51
944,161,49,48,50
84,483,48,45,50
48,213,108,109,112
608,421,45,43,46
1128,204,230,226,245
67,215,137,136,140
204,388,47,42,44
61,472,47,47,50
103,323,40,34,36
918,309,43,46,51
684,143,46,44,49
272,430,71,68,53
75,441,50,48,50
772,247,242,239,255
704,106,44,45,49
494,9,95,70,51
1103,254,236,234,254
945,373,45,45,47
56,231,36,34,36
129,314,41,36,42
264,448,55,54,50
994,26,122,95,73
914,297,47,47,51
583,52,44,45,48
576,269,228,233,255
691,61,49,46,48
286,432,65,63,49
1134,94,229,226,241
817,81,48,46,51
304,25,48,47,52
1183,114,237,236,254
213,461,45,47,48
1122,376,234,232,245
480,336,45,44,46
355,176,192,192,212
869,362,46,45,48
117,79,144,129,152
899,134,46,47,53
797,357,43,43,47
423,15,35,27,28
371,291,43,43,47
464,454,182,190,208
486,370,41,43,47
855,115,48,46,49
387,104,35,36,37
321,277,47,43,48
936,370,47,46,51
666,308,46,46,52
1081,35,249,245,255
1014,303,50,47,50
753,247,238,237,255
16,102,141,21,30
918,263,47,50,53
580,114,43,45,46
357,477,62,57,52
1177,109,240,235,252
646,402,47,44,49
457,78,37,42,43
280,21,210,212,232
230,125,33,27,30
254,447,60,58,53
834,453,44,46,49
445,239,104,104,126
17,92,116,87,73
1046,274,55,55,57
944,118,44,47,50
890,223,238,239,255
697,186,238,237,255
983,50,92,67,58
467,445,177,182,199
679,247,46,48,51
1188,471,239,237,252
121,359,36,39,39
990,485,48,47,48
221,263,204,202,224
805,242,240,239,255
762,16,50,49,51
605,477,170,168,173
48,418,55,56,52
782,383,47,46,53
1110,287,236,232,251
8,469,55,50,52
1082,43,61,58,62
542,12,72,59,53
395,343,41,46,47
915,482,47,49,50
597,145,45,44,46
1025,96,50,49,56
755,382,45,45,47
266,248,194,193,213
1052,328,47,51,52
146,431,48,47,52
354,402,44,45,47
911,401,46,45,52
484,421,45,44,47
826,436,43,45,48
797,23,51,50,55
168,385,40,43,46
311,200,150,152,171
304,301,42,44,45
396,248,71,67,84
221,497,52,50,47
588,169,44,44,51
1159,188,235,233,248
528,90,48,45,47
271,485,82,75,55
107,416,45,45,49
372,88,32,28,27
738,289,43,45,47
417,327,48,45,47
1098,370,240,239,255
342,315,40,44,45
765,98,47,44,50
900,462,46,46,51
916,263,54,53,65
236,297,43,44,45
48,194,123,124,131
878,340,45,45,47
330,417,42,42,46
354,429,47,44,43
1055,331,50,49,53
722,172,45,45,49
802,397,43,46,49
1051,358,50,48,52
879,351,50,46,52
12,290,34,33,31
6,204,33,30,30
607,82,47,46,47
305,252,200,198,221
274,418,42,43,46
1176,235,239,237,253
987,284,46,47,51
1198,368,239,236,252
1175,385,235,236,250
158,141,205,211,230
840,396,45,47,48
270,152,32,27,32
595,320,41,42,47
939,305,45,47,49
644,488,137,133,143
197,125,40,37,41
433,246,107,89,100
101,157,40,29,37
73,418,68,65,56
1058,102,50,47,54
472,155,44,45,45
106,293,37,32,36
509,473,103,105,81
634,383,42,44,47
581,395,41,43,46
328,172,173,171,183
371,410,41,41,45
834,3,90,90,87
627,100,43,44,49
867,147,46,47,53
974,96,49,48,51
599,494,175,176,181
711,85,42,45,48
443,114,41,41,44
209,1,182,159,174
120,185,217,220,247
578,277,45,48,48
281,180,187,184,205
916,127,44,48,50
977,447,48,48,50
133,152,137,142,164
313,182,188,187,206
649,60,45,45,49
885,384,45,47,51
963,268,43,45,48
1126,417,227,226,243
995,250,49,47,50
987,41,105,81,62
1133,209,228,226,243
420,209,221,221,242
1082,382,81,69,65
920,17,97,70,59
9,56,30,26,29
807,286,48,47,49
210,304,43,40,46
433,493,40,36,28
471,149,44,44,45
701,127,43,43,49
1199,362,240,236,253
985,181,49,49,52
689,162,48,47,51
150,356,41,40,44
217,54,198,187,209
675,186,240,236,255
163,493,46,46,49
497,159,37,36,38
934,5,232,224,239
1166,383,239,236,252
117,33,97,81,104
518,164,41,45,47
1131,297,229,227,244
376,156,38,39,42
90,143,160,30,37
594,318,45,43,48
1125,260,232,229,244
279,33,134,137,155
761,154,44,47,49
612,103,47,46,48
9,425,51,52,54
70,14,228,229,250
279,202,53,41,55
836,373,46,47,50
284,78,38,30,35
605,311,43,43,47
1141,406,231,228,243
439,69,36,40,39
1013,74,93,85,70
166,418,44,44,47
673,297,43,45,47
1044,345,46,49,52
1193,481,235,233,250
17,33,222,224,245
165,104,197,187,208
89,492,47,49,51
365,388,42,41,49
699,233,240,238,255
840,245,212,219,250
753,108,47,44,50
473,350,46,44,47
673,61,43,46,49
947,483,45,45,50
297,386,42,44,46
3,3,156,164,183
496,350,44,42,43
357,152,32,35,39
391,160,40,43,42
622,89,42,46,49
995,78,57,55,56
116,207,214,214,240
1153,312,233,232,249
583,85,44,43,50
980,343,47,46,49
528,77,46,43,47
74,258,43,39,41
397,342,45,43,47
812,445,44,48,49
577,368,43,43,45
1166,365,236,232,250
139,248,209,208,230
663,448,45,43,45
1141,369,231,230,243
362,421,42,43,47
524,86,41,45,47
162,395,42,44,44
133,395,43,44,46
959,460,48,48,52
987,298,45,45,50
664,310,44,45,48
361,105,34,31,34
444,448,146,126,134
162,474,46,46,49
207,68,35,30,32
935,134,48,47,49
551,479,155,150,154
158,473,54,53,59
492,376,41,42,46
60,414,52,50,48
137,53,142,121,144
688,375,41,43,46
507,348,43,41,46
177,22,158,30,45
18,52,63,63,65
938,465,42,48,51
149,353,42,41,43
179,402,39,43,49
588,277,47,46,48
796,330,45,47,46
526,371,35,42,43
189,459,54,50,54
247,176,189,187,206
455,250,225,228,249
1129,103,227,227,244
341,144,34,35,36
1076,468,245,243,255
233,119,32,30,31
602,377,44,44,47
563,23,51,46,51
532,22,77,56,48
1107,411,237,236,253
564,312,42,43,46
869,80,47,47,47
989,419,48,47,50
689,127,44,47,48
622,177,50,50,54
132,287,35,35,38
810,145,46,45,50
234,424,76,74,54
1129,491,227,223,242
1099,452,239,234,253
275,142,28,27,32
756,101,44,48,50
914,439,47,47,52
329,367,42,44,43
904,246,237,237,255
342,460,76,68,54
350,287,41,46,43
364,102,32,29,33
905,317,46,48,48
516,213,219,222,242
829,215,236,237,254
536,447,154,154,163
321,299,45,43,47
567,68,44,43,48
70,455,50,48,51
347,188,198,194,216
770,18,48,50,52
332,200,116,113,139
382,272,55,49,64
697,154,45,46,48
469,427,45,47,49
793,155,45,48,51
834,431,44,45,49
1160,473,236,231,245
424,198,223,221,242
63,204,65,62,65
342,359,37,42,45
1136,36,229,227,243
292,309,44,42,48
681,118,41,44,48
1001,222,50,46,51
626,438,46,44,50
355,322,43,44,45
971,21,98,75,60
249,295,42,43,47
127,348,38,38,42
406,189,210,209,228
1180,52,243,238,255
1075,313,239,238,254
1027,397,52,48,53
1056,325,52,48,51
1041,470,50,49,52
322,80,33,25,30
586,98,47,45,49
207,363,43,43,45
745,332,45,48,51
1179,141,241,235,254
1017,63,76,67,62
336,154,35,35,35
127,218,200,197,220
471,289,38,49,53
550,479,149,143,143
882,352,45,45,50
100,124,158,26,32
1141,263,228,228,247
982,279,49,45,50
27,465,50,48,52
868,31,103,99,94
1099,192,244,242,255
664,343,46,44,49
486,301,47,45,49
1155,32,237,234,251
562,8,94,82,58
319,57,33,26,30
567,176,50,50,56
473,291,43,43,44
964,386,47,46,50
53,361,38,41,45
107,222,203,201,224
872,197,46,47,50
26,478,46,45,49
921,96,47,48,49
210,465,46,45,50
461,356,42,41,43
884,71,47,45,51
1067,218,52,51,56
102,499,47,47,49
191,93,97,100,112
233,93,39,39,44
89,366,41,39,43
100,216,216,216,241
765,409,177,182,197
166,61,146,130,151
807,68,48,48,49
272,446,72,71,54
968,390,46,45,50
1062,198,48,51,54
106,385,42,43,45
155,46,147,133,153
723,183,52,53,59
578,366,43,43,46
83,83,152,23,34
191,375,46,43,46
1091,163,242,247,249
462,64,40,42,42
853,365,44,45,49
21,402,45,45,46
976,20,102,77,62
78,58,185,183,204
589,400,44,44,45
420,202,223,221,243
880,325,46,46,50
78,189,37,34,35
1123,77,227,227,242
290,243,186,185,203
493,392,40,41,45
924,311,46,47,51
509,407,39,42,46
433,488,36,32,31
627,116,45,44,47
603,249,237,236,255
632,385,39,44,48
358,46,34,26,27
680,396,127,138,176
1169,343,238,236,254
366,256,213,211,234
448,352,45,47,49
686,20,53,49,52
356,129,33,33,36
268,82,40,33,39
285,98,35,27,31
1185,190,237,238,254
615,365,45,42,45
281,159,35,34,32
699,376,44,46,47
356,399,40,43,46
1153,226,236,236,250
945,162,44,49,51
883,268,233,237,255
841,439,43,46,48
993,127,47,50,52
1006,359,47,46,50
27,334,40,43,45
836,188,46,46,51
691,145,47,45,51
275,485,87,74,53
967,467,47,47,52
1187,63,239,236,253
453,431,138,139,139
729,411,38,44,50
195,326,42,41,47
19,287,36,32,38
442,48,37,36,40
518,170,48,46,50
894,42,111,107,108
44,485,54,50,51
451,196,225,226,248
203,66,36,31,31
881,285,47,46,50
976,438,133,139,198
802,266,240,238,255
693,87,44,45,48
45,304,36,33,34
227,323,40,43,47
45,405,42,47,44
1144,65,231,229,245
311,470,122,114,92
44,421,55,55,54
464,327,32,34,29
1188,185,242,235,254
812,315,48,49,51
349,101,32,25,27
791,375,42,45,48
759,459,49,47,49
680,185,239,236,255
847,270,51,48,51
1191,59,240,237,253
936,388,46,46,49
984,126,46,49,52
1198,117,240,237,253
942,389,48,48,53
37,85,183,182,204
893,407,44,45,51
1092,162,246,245,255
373,287,46,45,49
751,62,48,47,50
996,465,45,50,51
1189,8,240,236,254
435,471,29,27,30
780,129,45,45,50
1034,495,48,50,53
1193,384,238,235,253
639,417,47,43,49
407,47,28,29,28
273,320,42,42,48
508,149,45,49,50
893,149,47,48,52
596,45,45,45,48
496,58,39,42,45
967,98,46,48,52
1081,422,245,247,255
942,160,43,46,51
15,1,227,225,249
443,146,40,43,47
847,447,49,47,50
902,495,174,157,87
123,157,192,190,211
543,381,40,42,46
660,101,46,45,50
777,182,48,47,53
329,495,140,140,154
1181,432,238,236,252
182,484,47,44,48
259,141,32,28,27
125,109,164,32,40
445,373,51,51,54
414,171,41,43,47
1065,466,51,50,53
330,124,33,28,32
455,191,225,223,244
206,250,200,198,219
1038,496,50,50,54
1182,79,240,237,254
567,85,42,44,45
1069,316,54,52,56
1161,395,236,233,251
690,413,43,44,47
644,458,201,205,225
339,18,37,30,36
550,70,42,45,47
754,486,163,155,160
381,354,42,43,45
233,362,41,43,47
281,280,41,45,46
90,63,196,192,207
482,249,191,188,201
357,128,34,32,35
924,300,47,47,49
406,101,38,38,39
357,267,211,210,233
435,276,63,54,79
773,93,46,48,50
882,475,48,48,50
1100,9,243,241,255
347,446,75,73,54
900,244,241,237,255
1180,269,239,236,254
768,54,46,46,49
373,478,55,53,49
621,16,48,48,51
1093,357,243,242,255
930,27,89,65,58
97,236,211,210,231
846,303,46,47,49
636,341,46,44,48
793,30,49,53,52
1046,116,52,49,52
741,212,241,239,255
670,201,239,235,255
1176,9,240,236,253
192,456,48,48,49
762,94,48,46,51
546,481,123,120,119
982,85,48,49,49
645,124,48,47,49
480,342,43,43,47
504,373,42,41,44
12,337,41,41,46
1115,273,232,230,245
346,165,40,40,42
70,278,35,29,30
985,177,46,47,50
66,355,41,37,42
1193,363,242,236,252
363,108,30,28,33
356,138,37,37,37
256,391,43,44,47
519,56,40,32,32
1142,78,233,229,246
660,138,45,44,51
971,364,50,50,52
458,285,48,45,50
135,233,189,191,203
848,102,47,46,50
82,482,72,62,68
1058,410,47,48,54
571,15,93,79,62
439,241,224,226,243
407,405,43,43,47
1153,170,240,235,254
71,329,37,34,37
1073,388,245,247,250
811,34,51,51,55
952,113,47,47,51
815,15,59,58,57
19,398,46,45,48
40,314,38,36,40
196,15,180,162,185
943,262,51,47,52
891,222,163,154,170
111,486,47,47,51
330,452,69,66,53
1035,350,44,47,51
791,400,47,45,49
517,493,107,102,75
304,492,50,47,50
497,167,40,34,37
432,42,37,32,35
449,140,40,42,45
165,434,59,58,54
540,150,46,47,45
194,211,183,184,197
537,260,227,227,252
42,110,148,23,27
882,138,45,48,50
107,432,59,54,55
310,113,24,27,27
393,60,33,31,31
859,253,243,238,255
408,471,66,63,55
375,127,35,36,38
1059,183,50,49,54
390,219,211,212,237
944,364,47,46,51
333,413,43,41,46
245,115,36,29,32
914,35,108,102,104
438,25,38,36,37
714,199,240,238,255
161,229,176,176,194
97,58,58,50,69
736,112,44,45,47
497,50,41,43,44
915,146,50,48,54
1091,400,245,242,255
521,406,42,42,45
1102,414,241,240,255
697,83,50,46,49
924,291,45,48,54
1029,332,47,48,51
1109,365,237,233,253
854,163,46,47,52
318,367,40,44,42
143,296,35,34,35
1,121,151,21,27
139,460,47,47,50
164,79,165,152,175
129,23,30,29,30
360,85,27,28,28
634,456,194,196,217
331,180,188,187,205
1199,475,236,233,250
856,85,44,48,50
887,385,48,45,51
1134,318,230,229,242
319,417,42,42,45
226,128,26,29,32
289,103,29,29,30
1072,131,50,53,55
1110,51,235,231,247
262,306,40,44,44
261,123,30,27,29
549,318,45,42,46
125,322,37,34,39
758,314,48,46,52
609,126,42,44,44
628,357,46,41,44
1113,244,233,230,248
672,160,45,48,48
311,486,98,100,107
641,469,96,89,85
475,235,58,56,68
1094,20,84,84,73
886,175,46,47,50
575,110,44,43,47
812,118,46,46,52
650,51,45,46,48
352,422,44,43,45
145,103,145,135,152
268,370,42,44,45
124,27,31,29,31
103,130,161,25,33
481,24,63,53,45
173,468,54,56,52
1053,73,93,79,65
548,125,43,44,48
178,98,169,163,173
193,241,198,193,214
783,425,42,49,52
1198,207,240,236,253
63,448,47,47,51
142,122,203,194,214
29,92,34,32,30
329,170,39,41,46
638,356,42,44,45
478,200,208,209,231
80,47,79,76,78
694,402,45,45,47
524,313,42,43,45
155,447,43,46,51
891,254,239,241,255
396,203,54,49,57
834,398,45,47,49
382,316,46,44,46
268,415,44,42,45
80,391,44,44,47
714,258,234,234,255
72,124,158,24,37
783,235,220,225,246
1033,291,51,48,54
313,300,40,43,47
279,464,92,85,56
1021,420,49,47,52
90,134,159,28,33
378,291,41,45,46
1038,351,50,49,57
88,317,35,32,36
211,421,45,46,49
544,235,204,202,212
997,115,48,47,53
88,380,41,43,45
18,116,148,20,32
467,240,231,230,253
388,430,47,45,47
370,158,40,38,42
399,480,53,50,53
1187,430,237,235,251
90,425,61,58,56
303,385,44,42,46
136,430,50,47,50
559,96,42,44,47
1107,483,233,233,245
440,349,42,42,47
848,23,87,86,83
331,38,64,55,56
605,342,49,45,47
113,79,145,128,150
1197,109,238,235,250
852,46,104,91,68
476,99,44,42,45
1175,107,238,236,252
783,143,49,50,54
874,412,46,46,50
930,232,44,47,51
973,438,67,54,80
20,4,117,115,127
642,359,43,43,47
1011,430,48,45,53
1139,257,232,231,246
727,18,48,49,53
838,496,162,152,121
186,256,205,201,223
476,113,41,44,45
416,410,41,42,47
896,27,89,82,77
103,84,180,158,182
313,387,42,44,46
863,357,50,45,50
132,50,142,125,144
710,297,45,45,48
842,80,49,48,52
1132,178,230,228,244
57,81,48,30,39
1194,280,239,237,249
332,323,41,42,45
483,465,179,183,201
879,22,102,100,97
54,145,160,31,38
851,32,89,87,82
122,144,31,28,30
784,134,48,46,50
869,476,49,49,51
577,408,42,40,46
666,331,44,45,46
137,215,196,192,215
356,300,45,46,45
1040,471,49,47,52
832,31,74,73,67
767,434,48,45,53
259,326,43,43,45
143,426,49,48,49
110,215,210,211,236
265,238,125,119,120
681,275,44,44,50
1041,310,50,48,54
70,440,52,47,51
701,378,42,42,46
737,188,225,229,248
629,329,41,44,48
701,36,50,49,52
760,217,240,239,255
117,281,203,202,230
335,456,86,82,63
204,71,76,55,82
563,309,47,43,46
28,91,51,37,33
645,354,45,44,45
298,325,45,42,49
263,481,58,52,47
919,477,47,51,50
86,236,215,218,248
666,8,48,48,52
772,302,45,44,49
1103,497,233,230,246
413,486,115,110,119
392,193,206,205,228
815,435,45,45,50
103,192,225,230,253
286,438,81,80,55
884,269,232,235,255
86,223,60,53,63
279,171,187,182,201
379,110,34,35,36
787,79,46,48,51
415,408,42,43,44
752,67,47,46,49
418,129,39,40,47
646,269,45,46,49
1021,393,48,47,51
107,141,193,177,194
938,301,49,44,50
427,150,42,44,47
501,240,215,216,236
412,373,40,44,45
276,39,57,50,67
340,347,42,43,45
976,85,49,48,51
866,4,92,90,85
803,227,239,239,255
638,424,44,43,45
670,161,47,46,49
189,336,44,41,44
302,464,126,119,89
1014,494,47,49,53
535,19,63,51,46
162,99,199,190,212
816,305,47,46,51
851,432,46,47,52
168,189,195,192,211
974,453,144,143,87
560,242,231,232,255
544,96,42,45,45
811,269,46,49,55
546,19,48,44,49
901,318,45,43,49
1054,32,72,63,61
551,109,43,43,44
322,302,43,43,45
918,33,131,121,111
636,365,45,42,49
874,171,49,47,51
534,12,80,58,44
187,198,65,59,78
867,280,44,47,51
230,289,45,42,46
808,127,50,47,49
790,466,54,52,54
1069,429,60,58,55
962,265,40,47,51
880,380,44,46,49
1099,69,235,234,253
733,170,47,47,47
355,96,32,27,29
834,222,243,238,255
30,66,113,101,110
37,80,107,93,96
735,301,50,47,49
483,149,42,44,44
225,110,35,36,40
14,75,113,104,109
1003,25,117,90,67
460,449,180,182,201
1158,86,239,234,249
196,181,187,183,202
715,414,46,44,47
556,99,45,42,46
881,216,50,48,52
995,435,46,46,51
599,222,235,235,255
575,6,89,79,56
813,10,62,57,56
1098,360,244,241,255
198,103,108,110,124
323,392,44,43,44
873,265,239,236,255
526,312,46,43,47
1111,429,231,231,245
103,408,46,41,47
609,452,170,176,196
375,499,62,56,51
279,257,200,199,218
266,296,43,43,45
119,275,218,213,238
419,117,42,41,43
1054,117,47,49,53
830,463,44,45,51
992,298,50,48,50
419,216,225,220,239
112,382,46,42,44
1138,192,231,229,243
795,317,49,46,50
1080,391,250,250,255
1116,419,233,231,251
889,337,45,46,49
955,128,48,47,53
307,46,39,35,39
664,278,49,46,51
317,143,31,32,34
1013,178,48,49,51
170,469,56,52,52
763,311,46,44,49
1192,408,240,236,252
491,184,86,83,77
1016,166,49,49,52
861,473,47,47,49
729,211,218,218,244
359,43,29,26,25
1099,210,242,243,255
1044,112,49,48,54
200,362,44,43,46
80,298,37,31,38
313,183,188,185,207
770,3,46,50,52
354,21,37,29,31
724,142,41,46,48
834,473,52,51,52
855,82,44,46,50
1072,130,51,53,56
893,61,99,96,91
203,11,158,34,45
1152,31,236,236,250
244,241,188,188,208
974,338,44,47,52
461,305,82,83,89
487,253,205,208,226
1008,442,48,49,51
256,231,183,183,201
698,460,118,98,67
280,47,40,44,50
411,295,42,45,47
638,321,45,44,47
609,54,44,45,45
531,491,136,131,122
1160,494,234,232,245
193,359,44,44,46
109,236,200,198,216
812,491,156,155,159
872,463,49,51,53
612,11,47,47,51
246,456,72,70,53
395,386,44,43,46
193,156,39,33,36
1116,465,229,224,243
838,421,89,99,73
1075,20,62,58,61
626,145,45,45,50
1038,361,46,49,51
1103,457,236,233,251
487,236,193,191,208
766,365,48,48,54
489,231,200,197,215
1060,299,58,57,63
389,412,36,43,46
305,462,122,115,84
858,260,241,241,255
385,78,30,30,31
581,29,46,44,48
435,376,42,44,48
898,110,49,48,50
57,207,43,42,44
1099,37,243,239,255
739,47,50,46,50
1134,463,231,229,242
801,31,46,50,53
844,451,45,46,53
704,13,51,48,53
901,12,170,140,85
656,469,73,63,52
727,192,239,239,255
1115,133,232,229,249
1079,209,55,55,60
719,22,84,62,53
546,193,229,226,246
1141,254,237,231,247
824,310,39,48,50
767,29,50,48,52
342,243,204,203,227
822,431,46,47,51
1173,222,239,235,253
799,305,48,48,51
741,6,51,49,50
638,446,163,165,165
854,418,47,47,68
179,306,37,40,40
1021,376,47,48,52
230,130,34,25,31
958,293,49,45,52
735,113,50,46,49
594,92,48,45,49
559,355,41,42,44
452,55,41,38,41
279,108,33,27,31
517,90,48,46,48
319,2,56,52,52
294,256,203,199,222
1120,339,232,227,243
585,277,45,46,52
216,422,46,46,51
23,258,36,30,35
476,349,44,44,46
651,289,45,42,47
160,136,106,112,132
604,212,172,167,210
422,441,147,145,133
1087,321,251,249,255
321,358,39,42,47
713,73,47,45,48
449,193,225,222,247
818,17,64,62,58
308,170,188,187,206
906,7,128,79,63
659,388,55,52,48
74,459,48,46,50
1068,49,73,71,75
612,358,42,44,44
587,53,41,45,46
835,214,214,216,235
161,137,187,183,201
434,133,45,42,45
848,91,50,46,48
323,173,194,189,208
134,210,200,197,217
696,151,46,47,51
961,129,49,49,52
968,126,50,46,52
212,188,189,185,204
1020,132,47,47,52
917,257,56,52,57
773,64,45,45,50
658,151,44,46,46
783,63,48,47,52
515,36,64,60,63
861,391,47,46,51
577,289,48,43,51
477,191,214,215,229
239,414,43,45,50
674,69,44,44,48
240,234,183,192,197
1023,148,50,48,56
732,490,156,147,157
