x,y,R,G,B
217,431,46,46,48
439,426,44,44,53
773,341,43,45,48
914,219,46,49,52
460,333,20,17,18
1138,71,231,228,246
149,276,215,211,234
607,189,237,234,255
727,407,50,49,50
603,225,235,235,255
201,323,42,42,45
350,480,62,59,57
336,235,201,200,222
424,328,43,44,48
1083,475,83,70,82
1139,4,232,230,246
65,417,67,66,59
339,276,43,45,46
270,410,40,45,46
812,225,242,240,255
53,434,50,50,51
332,135,28,32,32
454,113,43,40,45
22,292,34,32,34
764,187,46,50,52
1016,83,102,86,68
226,390,43,43,46
874,279,46,48,51
876,233,240,237,255
909,314,47,42,48
373,93,29,31,32
681,134,47,46,51
1056,264,50,49,54
395,360,46,44,47
456,417,50,51,56
361,128,36,33,35
792,205,55,55,56
960,192,47,46,52
1186,334,241,238,254
947,89,47,48,51
985,108,48,48,50
320,451,84,77,54
649,240,48,47,54
10,391,46,45,50
610,153,45,45,47
991,403,43,46,48
678,134,43,47,48
511,480,110,104,73
467,52,41,38,44
792,293,45,47,50
31,372,48,42,48
540,441,160,162,180
707,330,44,41,48
1101,261,235,233,255
283,459,96,92,60
796,376,48,47,50
286,458,72,69,53
726,66,46,45,51
788,273,238,237,254
763,110,48,46,51
774,379,44,46,49
243,167,188,184,205
578,425,44,44,47
285,235,176,182,188
549,411,41,42,45
175,58,161,149,171
109,379,46,44,46
783,98,45,45,50
685,490,114,85,63
608,120,47,44,48
463,489,127,123,99
1105,127,240,234,254
795,461,47,48,51
1163,38,236,236,251
503,52,42,45,45
172,80,149,145,158
487,49,39,41,45
227,148,33,28,33
589,382,46,44,49
744,315,50,47,51
801,148,49,46,51
221,135,33,27,31
301,329,39,44,46
974,13,108,78,63
365,20,37,31,31
511,363,40,41,45
158,301,32,37,38
1114,89,232,231,246
830,319,45,45,50
197,463,43,47,49
769,259,239,238,255
1098,9,243,242,253
237,335,42,43,45
567,418,40,44,44
556,482,121,116,105
162,373,43,43,45
27,391,41,45,47
966,383,48,48,52
1157,447,233,234,248
582,352,43,45,47
620,383,44,42,46
1108,81,230,231,248
655,312,46,46,47
252,147,35,27,30
428,137,47,42,46
505,433,176,177,196
625,203,189,185,200
24,187,54,48,57
37,423,58,55,55
447,200,225,224,247
461,321,19,26,28
471,176,46,45,50
1083,91,252,249,255
36,482,49,47,50
440,360,46,46,50
751,387,47,45,49
739,475,124,124,133
920,484,52,51,52
230,311,42,43,45
1132,151,229,226,245
579,1,90,78,60
95,264,45,41,43
136,136,34,32,36
1165,340,238,233,250
930,80,46,47,50
892,121,46,47,51
649,239,49,48,52
539,140,47,44,46
150,441,48,49,50
98,182,154,155,177
578,403,41,41,45
661,18,48,50,51
831,98,45,48,50
538,212,191,182,196
133,387,42,43,42
286,161,35,36,37
802,6,52,50,52
709,494,118,104,87
67,377,41,41,46
759,438,45,44,49
1137,254,229,229,244
805,465,51,49,52
6,284,35,32,33
692,15,51,49,54
879,289,43,45,50
348,401,41,41,44
567,278,46,46,50
992,129,48,48,51
1148,174,236,234,247
819,481,170,165,179
457,151,46,45,47
685,198,240,238,255
185,179,190,186,209
603,74,46,43,48
55,328,37,34,37
454,229,234,231,251
27,169,172,31,39
482,404,44,41,45
1038,105,48,50,54
886,333,46,47,53
1110,369,237,233,249
250,127,33,30,28
776,294,44,45,50
222,29,178,164,187
1045,348,52,53,59
207,239,123,118,137
822,210,52,50,55
1138,241,231,229,244
28,133,157,26,34
1093,130,243,241,255
659,140,46,47,49
1132,11,230,227,246
382,436,197,197,218
747,242,239,238,255
798,24,45,49,52
1050,274,200,196,174
1170,419,235,232,250
457,86,44,42,46
590,276,47,47,50
1045,490,48,49,54
410,435,49,45,48
126,282,117,122,154
120,273,215,213,236
820,126,44,46,50
204,46,164,35,44
110,477,48,46,48
5,60,28,22,26
357,82,29,25,26
23,162,169,32,38
1046,44,115,103,88
876,499,158,148,98
701,103,45,44,49
490,477,105,104,71
243,61,190,194,213
437,265,233,232,254
795,78,50,48,50
210,336,40,41,45
434,483,28,28,29
845,486,169,156,109
639,227,234,236,255
394,52,32,26,29
308,195,192,190,210
685,151,45,46,52
385,28,39,32,30
781,264,238,239,255
646,13,52,52,50
1165,361,235,233,250
933,236,45,47,49
25,390,42,44,48
742,160,47,46,49
1050,436,49,50,54
170,211,194,187,208
476,172,69,66,72
262,165,188,185,203
451,249,210,211,239
668,62,44,46,50
66,100,154,26,36
190,476,47,47,50
490,346,45,42,46
393,408,40,43,47
851,353,48,47,51
531,375,42,42,41
524,291,45,44,46
235,337,44,42,47
680,147,46,46,48
1187,321,236,234,249
48,319,38,34,39
362,485,75,69,60
36,200,57,76,60
1114,389,235,232,249
827,122,48,48,49
304,282,44,43,47
633,186,236,235,255
323,202,73,65,74
757,230,240,238,255
1127,23,230,226,243
619,160,45,44,48
974,6,110,80,62
442,136,43,42,46
504,339,43,43,45
1175,298,238,236,253
412,90,40,35,38
423,402,43,45,46
886,21,98,93,90
822,334,45,47,48
684,46,48,47,50
844,396,48,45,49
503,195,57,56,57
270,287,43,43,47
937,48,87,71,63
471,437,183,184,206
674,477,105,80,56
813,456,49,48,50
381,477,56,54,51
510,299,44,45,48
1151,156,231,230,246
59,131,154,30,35
909,126,45,46,51
1180,193,238,236,253
199,382,43,43,46
589,347,46,42,46
940,18,117,80,64
50,110,147,23,30
714,200,241,237,255
834,78,46,47,51
389,294,43,42,47
297,480,73,68,54
13,39,68,65,73
927,324,47,46,49
456,373,30,27,30
690,356,44,46,48
715,479,152,141,155
11,3,227,223,250
1102,85,238,236,255
181,145,34,36,41
780,403,52,52,50
146,189,203,202,227
331,335,41,45,45
809,104,45,48,51
788,272,240,236,254
16,364,47,45,48
187,266,205,204,226
1155,395,235,233,246
128,337,38,36,39
46,185,174,34,41
477,396,43,45,46
1178,45,241,238,254
207,196,188,182,202
365,452,105,103,103
1131,167,232,227,245
891,158,47,47,52
1077,285,246,245,255
287,174,189,185,204
413,295,45,44,47
968,481,49,46,50
416,340,44,43,46
15,239,33,27,29
996,412,47,47,50
1049,202,48,48,52
839,374,41,46,51
10,243,37,29,34
10,44,63,63,66
1152,497,233,230,241
866,332,44,48,48
458,471,179,185,205
615,309,46,44,46
9,164,172,36,42
1057,80,80,70,60
322,498,55,53,53
208,198,189,180,202
910,497,177,161,107
8,484,48,50,52
940,311,45,46,51
192,124,41,41,47
73,74,36,27,31
741,235,241,239,255
963,187,46,48,53
142,89,145,133,152
209,98,156,156,176
765,402,50,46,53
198,421,45,44,49
1139,327,233,230,245
304,414,45,43,46
577,393,43,43,48
943,398,43,46,48
787,270,239,239,255
973,74,68,62,58
175,282,206,210,236
345,41,41,32,31
240,452,53,50,53
1076,109,52,52,58
525,81,44,44,47
93,58,39,36,38
306,262,203,202,226
1060,133,50,51,54
876,405,45,47,52
364,460,106,103,99
666,13,48,51,53
1049,384,47,50,53
72,44,115,108,117
1170,100,240,235,255
491,0,51,46,43
1007,38,106,83,65
135,330,37,37,36
888,307,50,48,51
828,8,91,88,81
382,220,206,207,227
775,319,44,45,48
509,131,44,46,48
61,237,35,33,39
515,116,48,46,52
1038,109,52,49,52
359,34,39,30,31
155,143,198,199,218
1071,32,108,100,107
299,92,37,28,27
32,379,46,44,46
589,132,43,44,47
149,144,167,160,186
312,181,189,187,207
683,149,47,45,52
867,151,45,45,49
801,38,51,49,54
267,14,33,30,30
899,415,49,49,50
366,496,71,64,50
159,445,49,46,49
1060,60,87,77,70
193,283,162,162,199
1089,119,244,247,254
555,127,43,46,48
222,156,38,29,32
841,179,46,48,51
66,166,164,30,42
690,304,47,45,49
379,310,45,45,49
118,380,41,42,43
362,290,40,44,47
15,366,46,44,46
416,223,222,222,244
293,189,191,186,207
836,31,81,74,70
937,37,98,70,59
479,64,43,41,43
783,267,240,239,255
6,117,148,25,30
21,441,51,51,53
368,84,27,29,31
638,347,45,43,48
668,286,41,45,46
991,88,50,50,51
803,345,42,45,47
528,254,224,224,248
96,493,48,48,49
216,153,31,27,28
448,454,134,113,117
743,277,48,47,48
673,353,45,44,48
718,372,45,47,49
1042,325,50,47,51
1024,263,44,47,53
67,62,181,181,200
17,367,48,43,47
292,229,187,188,210
462,48,39,38,42
645,112,43,45,47
783,32,50,48,54
504,385,42,41,45
743,190,234,233,254
744,369,46,43,48
66,467,50,48,51
700,0,53,50,52
136,91,155,142,159
1194,116,240,236,254
687,317,42,45,47
461,185,46,48,51
1145,301,235,229,247
500,262,221,220,242
45,13,81,63,74
650,170,47,47,50
121,123,161,35,42
633,331,40,43,45
681,240,77,71,94
613,437,42,45,49
257,270,46,46,50
968,91,46,48,51
175,305,39,39,42
5,251,31,31,31
296,94,34,26,31
43,191,117,115,124
1107,465,233,230,247
360,272,54,50,54
333,21,41,33,36
520,101,47,44,47
1078,352,247,247,255
355,459,58,52,52
829,441,46,48,49
522,375,39,40,45
981,169,45,46,51
28,433,50,48,48
782,476,167,163,173
386,474,60,56,53
963,361,43,47,51
1153,89,237,233,249
1036,486,52,52,53
344,47,29,24,26
678,415,42,43,49
1003,243,48,48,52
484,420,44,42,46
657,37,45,46,49
112,346,35,37,38
120,7,114,104,116
950,376,46,46,50
607,397,41,42,46
1145,164,230,230,247
471,154,45,46,47
628,95,43,44,48
1002,231,49,46,52
333,148,33,33,35
980,165,45,48,52
271,493,95,81,55
673,318,44,44,48
778,374,44,47,47
910,1,122,76,67
497,317,44,43,47
743,234,241,239,255
74,238,48,47,53
626,82,47,45,46
633,329,43,43,48
59,264,33,27,31
37,439,52,48,48
788,452,44,48,52
432,76,42,40,40
273,113,33,29,32
299,432,84,81,57
605,154,45,46,48
913,83,46,48,52
141,499,47,45,50
1175,348,239,236,254
270,227,188,187,206
66,49,117,107,117
183,495,45,44,48
678,53,47,46,47
418,358,42,44,45
1023,426,44,49,52
398,338,44,44,46
621,334,41,42,46
895,178,47,47,52
555,228,225,229,244
365,120,35,34,36
374,431,55,47,48
1030,463,48,47,53
440,415,28,25,24
437,197,218,218,241
803,89,49,46,50
989,108,47,48,53
319,41,34,29,32
80,221,60,64,83
453,208,69,61,65
448,382,50,50,56
23,119,150,21,32
735,18,50,49,52
493,369,41,41,44
1141,33,235,231,247
1125,408,226,227,246
183,171,191,190,210
1091,343,246,243,254
1028,394,48,47,52
304,313,45,41,45
1084,301,51,54,59
598,123,42,45,49
1061,444,46,50,52
49,336,39,38,40
309,442,74,70,53
550,219,227,228,252
379,65,31,29,28
361,3,45,33,33
157,290,38,33,41
47,137,155,26,37
735,464,150,145,153
665,302,42,45,48
1005,359,46,47,51
331,365,41,43,44
810,423,45,46,48
111,88,181,163,187
1184,494,237,236,251
222,200,94,93,94
1019,68,103,88,77
885,415,44,47,52
569,201,231,226,252
752,347,48,45,50
736,129,47,46,50
1098,480,236,233,250
1105,312,237,233,252
922,261,46,49,52
1196,420,235,235,254
388,92,35,32,32
1161,439,232,231,248
357,448,74,69,55
319,476,114,111,114
14,489,48,50,52
660,418,41,44,48
982,227,44,47,50
598,489,174,172,182
780,211,237,238,255
652,302,41,46,48
389,470,79,71,60
105,476,47,47,50
516,306,45,44,46
559,334,43,42,48
1140,155,232,230,245
883,348,47,44,50
204,299,39,40,45
758,474,154,147,152
225,141,33,28,29
1143,344,232,226,244
353,408,46,43,48
487,202,46,40,39
843,371,46,46,49
233,234,186,182,199
315,420,45,44,46
220,125,38,33,39
80,79,148,23,32
305,431,73,71,50
726,233,235,237,255
1058,491,52,48,55
773,177,44,45,50
1031,395,48,47,51
800,465,46,46,52
1040,160,50,50,53
842,254,245,239,255
322,123,33,29,32
887,249,241,240,255
56,224,30,28,39
1000,334,45,45,49
610,195,234,232,255
701,471,129,106,74
996,107,47,47,52
1197,396,240,235,252
66,150,162,29,37
1059,209,48,50,52
607,4,52,48,52
601,36,42,47,48
1111,466,235,233,241
899,42,94,91,91
431,230,226,224,248
791,232,237,238,255
539,226,228,226,251
731,346,43,46,46
1190,42,242,237,254
43,39,55,45,60
472,294,42,43,48
835,482,177,164,146
465,184,43,46,49
194,138,32,34,40
361,255,213,213,231
327,196,192,190,213
153,469,97,86,66
948,352,48,46,50
746,100,49,46,50
309,305,42,45,45
981,228,46,49,52
1160,456,238,234,246
105,55,148,128,150
946,387,46,44,50
1024,35,97,75,61
711,401,57,49,89
998,361,44,46,50
958,107,44,47,50
511,54,65,63,65
328,265,209,207,230
862,346,46,46,49
219,446,47,45,49
294,9,211,213,233
209,134,34,32,35
613,494,130,128,123
212,384,45,42,48
1180,343,236,237,249
6,366,48,43,48
222,404,42,44,47
860,157,45,46,48
828,259,237,236,254
775,298,41,46,49
202,472,49,45,48
679,212,122,120,122
1035,465,44,49,52
953,150,45,48,51
1001,121,49,48,52
607,20,48,50,50
827,52,55,56,55
1034,358,47,45,53
1119,257,228,226,245
452,116,44,42,47
233,34,36,27,32
741,398,44,45,56
934,200,44,47,50
375,174,194,193,215
1148,346,231,227,243
1047,63,110,98,85
61,31,115,106,123
727,456,50,49,49
167,472,53,50,52
234,89,43,42,50
421,190,218,216,241
6,446,54,54,55
470,247,196,198,217
899,147,49,47,50
255,37,108,117,132
735,69,47,46,47
526,309,41,45,46
797,163,47,46,51
302,352,42,44,48
1131,186,231,228,244
574,140,42,45,49
976,86,48,48,50
497,214,211,210,232
701,434,42,43,46
34,116,148,23,32
221,271,206,204,226
213,285,48,41,50
647,332,42,46,45
950,39,109,83,61
35,133,153,24,32
256,371,42,45,46
1084,188,250,251,255
1005,92,46,47,52
144,387,43,42,45
772,275,82,72,61
1121,380,229,229,245
1133,281,227,226,241
1112,301,231,229,249
389,255,217,217,239
519,121,44,44,48
401,109,40,38,40
802,219,242,238,255
144,214,195,192,215
99,198,238,242,255
538,121,42,43,47
849,266,55,55,58
999,418,48,49,49
8,244,37,29,31
780,66,49,46,51
311,189,192,188,206
911,136,43,48,51
300,386,44,45,47
1181,45,237,237,254
694,413,43,45,46
608,224,166,157,177
555,338,42,44,47
1065,139,51,49,55
1112,256,231,232,246
139,38,134,116,137
136,421,47,49,47
1173,421,233,234,249
838,47,100,83,67
574,64,46,45,49
274,499,105,88,64
519,234,135,132,121
953,116,49,48,51
890,404,45,45,50
115,167,151,156,176
427,464,150,121,88
686,200,242,238,255
707,70,45,48,50
626,92,46,44,49
825,289,46,47,49
643,83,42,44,49
14,385,43,46,47
822,358,45,46,51
354,379,41,42,46
938,407,45,44,47
1100,237,237,237,254
1157,366,237,232,253
964,118,45,48,52
115,95,157,33,47
275,49,41,43,47
215,448,46,50,48
91,119,159,49,72
645,270,46,45,49
914,30,123,116,111
1193,221,240,237,255
1171,465,235,231,249
841,77,43,47,51
1047,378,48,48,54
547,274,47,47,50
479,284,57,56,61
973,182,45,47,52
337,35,41,31,30
1005,54,99,74,59
75,362,39,42,42
1036,113,50,48,54
1188,126,239,236,255
590,358,39,44,44
695,258,44,44,53
545,147,44,44,46
1043,431,47,49,52
351,381,43,42,47
188,398,44,43,48
761,322,46,46,48
1138,302,229,228,243
944,435,50,53,54
844,370,46,46,50
511,185,218,216,237
1054,130,46,45,54
526,100,43,44,46
802,110,48,48,49
580,307,41,42,46
1058,129,48,48,51
1100,119,238,238,255
663,248,42,46,47
360,6,42,33,33
532,127,46,43,46
12,378,44,44,46
819,160,46,46,51
846,292,50,49,50
509,445,160,160,175
837,354,45,47,49
963,78,61,55,58
408,339,45,43,44
207,54,42,31,31
476,83,42,41,45
642,15,50,53,52
622,424,44,43,46
862,324,45,45,50
874,178,50,46,51
1154,402,237,232,248
162,480,46,49,51
1112,407,232,232,249
1042,140,45,45,52
838,256,239,239,255
1071,459,237,240,225
849,276,44,48,50
634,91,44,45,50
1108,98,233,231,251
927,328,46,47,50
819,102,48,47,48
209,240,52,37,52
164,394,49,43,46
804,43,54,51,55
379,430,44,46,46
604,431,44,44,49
1002,366,50,48,50
928,25,96,67,60
235,318,46,42,44
629,441,46,47,51
166,331,37,40,40
2,387,44,46,47
422,306,43,47,47
1000,371,45,45,51
100,212,220,220,248
265,342,44,44,48
1033,194,45,49,53
400,29,42,33,31
77,108,153,28,33
1085,310,67,60,63
999,491,51,50,49
727,353,47,44,47
601,86,44,43,48
1018,252,51,47,52
649,286,40,45,47
314,454,77,71,53
1194,137,239,236,252
893,220,54,55,59
519,214,222,222,243
563,94,46,45,46
237,22,180,170,195
381,420,43,45,45
340,212,198,196,217
603,50,44,44,48
624,36,43,45,46
328,191,192,191,213
457,175,43,46,49
147,283,66,64,89
147,305,36,37,36
1112,415,230,232,248
72,46,113,102,112
915,313,47,46,52
930,318,43,45,49
1184,59,239,236,253
1150,217,237,234,251
823,113,49,45,52
481,329,44,44,50
730,275,47,47,52
1022,289,49,48,50
105,61,138,118,138
454,382,22,24,21
995,474,48,49,52
1154,74,236,234,250
1086,162,201,204,219
310,153,33,33,32
53,309,36,32,31
838,399,44,46,47
861,334,47,47,48
558,352,43,41,46
1173,36,237,235,251
1050,287,186,188,206
217,318,43,43,44
831,266,51,49,53
721,373,42,45,50
1062,8,100,79,65
40,384,45,45,53
597,340,44,45,49
1119,172,227,230,248
339,147,36,33,38
675,441,45,41,48
94,211,218,216,246
411,321,46,44,45
630,41,45,46,49
618,37,42,45,43
756,307,46,45,49
893,288,46,48,49
720,123,46,43,48
970,258,48,49,51
673,240,54,55,51
352,284,44,43,47
7,274,37,33,36
951,8,122,79,63
762,198,49,51,54
52,437,50,48,50
47,180,174,33,37
112,80,145,127,150
613,361,36,44,44
982,326,49,46,51
983,378,44,45,48
240,463,83,78,54
1122,258,228,228,243
963,116,47,48,49
1055,248,44,48,52
718,388,47,47,48
644,240,48,46,53
628,19,47,50,49
363,363,46,44,46
650,163,45,48,50
479,392,44,43,46
1059,267,49,49,53
1067,483,50,51,57
568,57,42,44,47
798,492,157,155,168
608,454,174,177,194
360,102,28,27,27
499,440,161,166,180
837,87,46,48,52
466,355,51,54,57
212,167,35,29,31
829,191,44,48,49
953,384,45,46,51
968,371,45,47,51
550,154,41,44,46
670,312,43,47,48
397,244,62,60,75
655,365,46,45,47
859,51,102,87,68
442,474,113,85,80
411,178,43,43,48
88,195,214,216,239
899,35,85,75,74
288,461,101,101,69
1017,299,45,49,50
868,210,46,48,52
84,328,33,37,38
847,456,46,46,51
705,366,44,44,47
394,282,45,45,49
854,307,49,47,52
813,202,49,48,52
616,284,45,44,47
1151,224,233,231,246
162,261,209,205,230
1051,444,49,49,53
822,387,46,47,51
376,455,141,128,137
101,49,31,29,29
367,316,41,43,45
785,362,44,45,47
589,177,49,48,51
1011,446,45,46,52
275,408,45,43,45
525,435,148,149,161
1020,7,108,82,64
132,262,212,213,234
106,335,34,36,36
957,301,46,46,49
889,214,49,49,53
965,414,45,45,48
94,483,48,45,48
1038,462,45,49,50
927,364,44,47,52
438,221,209,210,225
1055,49,114,108,109
758,117,44,46,48
1175,354,240,236,251
866,54,102,86,66
1028,105,51,48,54
749,295,44,44,49
909,423,49,49,52
305,281,42,43,46
1158,398,237,234,251
390,36,37,31,31
446,83,39,41,44
165,294,38,37,40
29,13,224,223,246
940,161,48,48,52
0,386,50,44,50
1040,93,50,49,55
829,84,51,47,51
548,124,40,44,45
161,52,140,126,146
1035,346,44,46,52
740,390,46,46,49
719,438,40,45,47
1033,475,49,49,51
1092,64,255,251,255
247,491,59,60,56
230,368,43,45,45
283,91,35,30,30
133,37,143,123,142
1146,160,231,232,245
411,5,36,28,26
606,429,43,44,47
808,378,44,45,47
659,287,46,44,47
385,160,43,40,44
645,496,97,74,65
13,145,165,29,40
313,441,71,72,51
341,299,40,44,45
500,227,214,211,235
426,279,47,47,48
264,357,44,44,46
956,338,46,44,49
418,360,39,45,43
849,104,49,48,49
287,80,34,28,34
354,128,36,33,34
1150,248,233,232,248
970,64,61,54,57
1167,249,237,235,251
933,142,46,46,50
848,114,47,46,50
295,137,32,28,30
972,345,45,45,47
1133,444,229,226,243
546,109,42,44,47
463,110,39,43,44
872,109,50,47,51
377,310,40,46,47
1092,457,241,238,255
668,367,44,45,45
529,7,67,44,33
1176,41,241,237,252
377,425,44,42,47
171,184,196,190,211
1,171,101,96,103
308,35,45,46,47
300,196,192,187,206
741,311,46,44,49
174,183,192,188,211
29,373,43,43,44
782,152,42,46,50
1037,58,160,148,132
850,493,171,160,119
462,8,114,94,74
1008,15,113,86,66
725,110,45,47,50
237,318,44,43,45
554,275,46,45,49
301,265,203,203,223
730,124,47,48,52
555,102,45,42,47
832,443,45,46,47
1123,322,228,227,244
1192,67,239,235,254
488,404,44,43,45
1091,269,236,239,237
466,166,44,44,46
576,163,48,44,50
253,317,40,43,48
450,449,135,128,132
293,460,107,108,77
1151,99,238,232,250
414,493,134,121,110
627,160,48,46,49
102,462,77,72,70
705,227,98,83,95
1081,107,59,56,62
992,206,48,47,52
122,435,51,52,53
1028,343,48,45,52
991,170,49,47,51
985,11,117,85,64
795,432,42,45,47
488,260,215,212,234
751,461,63,56,51
532,264,225,226,247
811,354,42,47,49
16,377,46,44,48
320,40,35,31,33
762,72,47,46,50
99,44,33,33,33
223,419,45,43,45
921,310,45,47,50
485,415,42,42,45
624,198,239,234,255
324,410,42,43,44
1013,379,48,48,50
883,92,46,48,51
99,330,36,35,38
201,354,46,43,46
138,297,37,36,37
406,342,42,43,45
39,98,34,29,34
651,305,44,46,46
861,48,104,91,80
588,463,116,107,96
618,370,45,41,47
1128,274,229,225,242
967,325,47,47,49
211,264,204,200,222
15,56,191,200,213
138,148,138,134,162
883,25,106,104,100
572,72,45,45,45
855,33,90,85,85
123,432,50,51,52
180,80,40,30,32
169,393,43,44,46
198,258,202,200,221
777,311,48,45,52
195,131,37,37,40
121,85,150,136,158
1151,423,233,230,246
642,271,42,44,48
1109,80,233,230,249
480,205,138,138,160
505,105,18,17,18
436,473,26,23,27
977,267,49,47,50
62,471,49,48,51
550,350,40,42,47
160,371,39,41,45
1199,178,237,237,251
933,281,44,48,49
375,193,204,203,224
654,345,45,44,46
1067,83,83,75,69
397,78,30,31,32
208,422,48,46,49
141,446,48,47,52
1140,231,231,230,244
1030,95,49,50,51
1027,41,108,80,63
668,265,47,46,50
1148,337,234,230,249
448,335,49,48,49
14,243,35,30,31
1104,389,239,238,254
322,23,34,42,42
493,52,41,42,46
859,119,46,46,53
499,224,215,213,233
141,100,150,134,152
735,245,242,239,255
271,114,36,27,32
1159,53,237,234,252
593,295,48,43,48
154,387,46,41,46
882,82,48,47,52
570,311,42,44,46
26,135,157,27,33
1186,255,236,235,251
1112,102,235,232,248
976,17,103,77,62
26,216,32,32,29
1063,43,106,105,113
623,457,104,104,114
716,172,47,45,51
35,476,48,45,49
930,458,45,49,51
402,7,35,27,25
593,392,46,43,50
537,170,46,45,48
221,450,48,48,49
562,203,79,72,93
28,395,43,45,45
443,398,82,85,106
257,183,188,185,204
437,86,40,39,43
753,47,50,47,53
1013,350,46,48,51
7,480,46,47,50
1129,86,225,226,241
806,7,49,53,54
916,308,45,46,47
967,118,46,48,52
818,338,46,46,51
1007,88,49,49,53
113,31,114,104,122
579,354,48,42,49
371,319,44,44,46
850,10,94,92,89
735,56,48,47,49
984,141,46,50,52
66,32,111,105,116
1163,254,239,236,251
1057,471,48,50,51
1138,142,232,229,246
181,186,191,187,206
341,176,190,191,210
832,283,46,47,48
858,424,49,48,52
186,225,50,43,65
802,412,49,52,53
482,41,66,54,48
1044,308,52,52,57
441,282,50,48,51
246,436,72,76,56
1147,109,234,232,248
427,136,44,41,45
649,388,154,175,200
411,132,40,40,42
847,101,49,46,51
172,267,208,209,230
598,377,43,44,44
806,179,45,47,51
470,46,40,41,41
211,249,199,196,215
994,219,50,48,51
671,405,41,43,45
774,256,237,238,255
796,404,43,46,49
405,296,44,45,49
802,197,47,46,51
8,286,38,31,34
1143,279,230,229,245
77,291,35,30,32
156,336,40,39,40
959,315,43,47,49
730,340,45,45,49
63,353,43,39,43
478,346,42,45,49
127,442,47,46,50
78,390,43,42,48
673,125,49,46,48
1099,51,235,234,254
908,245,242,236,255
784,54,48,48,49
814,430,48,46,51
313,301,40,42,48
466,287,69,68,79
381,3,40,30,30
125,480,50,49,49
804,203,51,48,52
93,114,159,58,76
210,411,37,45,50
978,458,52,47,57
585,195,234,232,255
39,242,34,29,30
1040,235,49,49,54
386,382,45,43,47
641,195,240,234,255
216,88,138,143,168
1184,219,237,238,254
541,90,47,45,48
619,172,45,48,50
608,390,42,45,47
792,143,44,46,49
636,473,178,177,190
684,477,113,86,65
616,111,42,44,45
1052,486,49,51,53
690,285,46,45,49
412,290,45,43,48
867,209,48,47,54
334,160,38,37,38
353,196,128,123,150
640,487,152,150,155
989,88,49,49,49
12,259,40,32,35
275,478,66,62,60
1135,239,229,226,242
526,111,41,43,48
337,388,43,43,46
1174,151,237,235,252
863,364,44,44,50
240,185,190,185,205
325,198,193,196,216
374,260,212,212,235
671,274,45,45,49
860,147,49,48,50
918,213,48,49,53
197,50,197,182,201
222,202,185,182,197
1089,252,135,132,194
1172,280,238,236,254
938,419,43,44,51
396,29,46,35,31
1180,297,239,234,251
1196,392,241,237,255
758,449,48,49,53
383,272,55,49,67
296,87,37,27,33
974,386,47,49,50
324,416,42,42,44
382,248,211,212,233
353,448,73,71,49
690,391,41,45,50
876,336,46,45,49
315,11,60,53,58
90,278,37,29,33
663,395,127,127,160
113,21,44,33,40
450,26,61,47,37
38,123,149,22,31
971,47,90,68,60
105,181,245,243,255
838,24,86,83,78
1023,136,47,50,52
622,456,129,130,160
389,486,77,71,63
1034,419,49,48,51
284,357,44,44,47
389,407,43,43,45
28,330,37,38,39
1130,36,229,229,243
473,401,43,44,46
643,474,107,105,98
634,301,45,46,47
1112,243,234,231,248
1141,234,228,229,247
983,156,49,49,53
408,137,41,41,44
390,244,155,152,160
677,9,52,51,50
164,387,46,46,51
860,496,111,112,72
1195,486,237,236,252
30,323,37,36,42
90,244,216,216,238
785,264,239,238,255
340,82,34,27,30
1128,69,231,228,242
198,63,38,30,33
933,184,46,48,50
911,192,46,46,53
469,291,15,22,19
905,324,44,45,48
1031,476,49,47,53
201,400,41,43,45
269,241,89,73,107
882,7,96,88,82
1142,304,233,230,247
512,49,64,62,65
817,171,49,47,50
1138,109,234,231,247
1041,333,47,46,54
1077,170,52,52,56
357,85,29,27,26
160,62,139,124,141
1079,206,53,51,59
958,231,46,47,50
807,137,44,49,50
741,224,240,240,255
732,209,243,239,255
211,146,30,27,31
647,108,48,47,50
848,362,47,45,49
931,292,45,44,49
45,480,49,46,47
593,479,164,164,157
722,455,48,48,50
117,304,36,33,34
152,47,136,123,142
552,361,44,42,46
593,46,41,46,45
610,274,40,44,47
2,15,159,158,186
599,344,40,40,44
861,429,45,46,48
729,389,41,45,50
750,488,160,155,154
562,420,43,42,45
468,234,227,228,251
988,317,46,45,47
221,161,38,36,38
1133,347,232,228,244
1041,280,144,147,229
107,330,38,34,39
47,368,39,44,43
685,384,42,44,45
766,10,53,51,53
341,248,206,207,229
512,112,42,43,43
714,32,207,148,80
284,56,43,42,47
434,349,44,44,46
393,124,40,36,41
545,283,44,43,46
835,213,93,92,104
259,223,190,187,208
493,115,44,44,48
630,103,47,46,49
349,262,209,210,233
938,274,45,47,51
533,292,47,44,47
917,123,51,47,52
1170,340,235,234,253
995,67,66,59,56
879,320,45,47,49
866,315,44,45,49
205,255,205,201,224
77,402,42,44,45
1012,335,48,48,51
249,149,29,28,26
357,376,44,42,43
769,235,241,242,255
42,41,69,52,76
400,223,211,212,232
1156,46,239,234,249
415,261,228,228,249
828,96,47,47,50
319,473,112,109,112
546,38,44,44,45
722,481,154,145,159
380,10,43,36,32
426,451,165,141,152
112,333,33,34,38
911,328,45,45,48
540,81,44,44,44
401,334,43,44,46
1157,490,234,231,247
592,339,45,43,49
533,164,46,44,48
273,109,34,26,28
293,475,119,113,84
1022,333,49,50,50
1015,166,45,50,51
82,248,218,213,238
394,32,44,33,31
314,383,42,43,47
421,6,34,25,30
1093,403,243,240,255
923,12,137,85,66
1065,184,50,50,55
662,447,45,45,49
739,181,50,50,54
592,66,44,44,46
1177,104,239,237,252
1039,232,48,48,51
74,17,39,33,36
576,429,43,44,44
561,415,43,42,46
825,42,62,58,58
533,385,43,42,46
842,365,43,45,48
82,143,161,29,39
94,155,37,26,26
5,33,228,223,246
582,469,141,134,131
170,391,44,43,45
1110,190,237,237,254
352,206,56,54,62
489,455,164,168,187
1034,245,49,49,53
651,403,44,41,45
685,61,45,46,48
388,137,40,40,40
472,324,56,56,60
437,34,38,33,37
5,387,44,45,51
956,445,46,48,49
641,122,48,47,48
454,438,181,183,198
127,101,160,28,36
1042,51,119,110,99
910,419,46,46,49
1179,45,242,239,254
500,43,41,41,45
159,490,48,46,51
475,50,45,41,43
254,266,200,202,223
1127,143,232,227,244
1143,117,230,229,246
298,187,189,186,205
71,69,41,30,45
995,387,48,46,50
136,388,43,43,44
322,87,29,23,31
274,460,84,79,54
474,50,40,40,44
925,3,153,111,79
170,394,45,43,49
428,466,152,141,131
1006,48,109,82,61
294,385,39,44,45
202,411,48,44,48
745,182,48,49,52
95,104,155,26,35
632,158,47,43,50
676,470,108,82,58
1087,342,89,77,81
874,104,45,46,50
857,243,235,238,254
491,121,45,43,45
765,260,239,239,255
620,413,45,45,45
1145,338,231,231,247
817,459,46,47,50
157,281,209,211,229
1181,175,235,234,252
276,425,69,66,53
742,322,49,47,50
195,351,44,44,46
591,12,117,108,94
640,438,40,45,48
1059,99,51,50,51
511,308,43,44,47
973,3,110,81,63
1168,23,237,236,249
135,237,97,88,94
304,437,59,58,48
36,247,35,26,31
245,368,43,43,48
650,333,44,44,48
560,212,159,145,146
1090,229,244,249,250
580,389,40,40,47
641,478,139,134,130
52,31,49,35,53
430,310,41,44,46
512,307,41,44,47
525,7,62,46,41
551,475,148,146,155
83,205,244,242,254
81,84,151,26,31
783,34,48,51,49
679,245,47,47,51
1090,173,72,69,76
760,406,92,113,132
1139,251,231,228,246
487,230,195,192,207
678,20,48,48,53
304,9,120,123,143
1010,81,101,87,69
184,366,38,43,43
1040,146,51,49,52
797,422,45,45,50
332,8,118,107,118
931,346,45,45,51
726,165,46,46,48
892,158,47,48,52
132,26,34,33,33
928,256,44,48,50
339,222,202,199,222
919,99,49,48,49
40,147,161,29,37
139,224,195,191,215
512,419,44,44,44
565,340,44,42,46
27,70,109,100,113
311,354,45,45,47
619,37,44,46,45
514,235,196,195,228
275,393,44,42,48
1111,410,235,233,250
288,255,202,199,221
671,287,46,47,50
1090,369,243,244,254
881,29,113,109,110
815,332,49,45,50
928,216,46,44,50
204,23,190,172,195
423,261,224,224,247
1124,409,226,224,242
447,357,46,47,51
654,375,44,43,50
283,452,71,69,51
973,372,47,47,51
532,441,151,147,161
689,288,47,46,51
338,315,46,43,47
664,92,46,44,46
1165,322,237,233,252
735,22,51,50,51
120,122,162,32,40
561,251,232,229,254
147,235,49,39,54
248,4,179,164,184
717,124,47,46,48
1084,265,58,54,58
673,36,48,49,50
326,428,58,54,48
910,381,44,45,48
287,134,35,26,33
840,305,44,46,50
840,223,240,238,255
779,439,43,47,48
310,438,68,67,51
352,8,42,36,36
1123,380,230,228,247
823,498,155,152,142
453,454,184,187,202
185,437,46,48,49
345,59,32,23,23
687,114,44,46,48
18,250,33,27,31
1163,303,237,233,250
912,23,184,146,95
733,323,42,46,46
589,354,42,44,47
734,289,44,46,46
422,335,44,43,46
77,124,155,26,37
97,43,34,37,37
669,420,44,45,48
589,141,44,42,47
388,296,43,44,45
629,132,43,44,46
761,275,45,47,52
1036,462,47,49,51
537,400,43,43,45
1138,443,232,227,244
360,332,42,43,43
638,96,48,47,48
809,194,49,48,51
877,479,53,50,50
39,218,29,31,29
298,2,185,190,208
615,361,43,41,49
427,54,34,35,39
1178,273,238,238,251
731,129,43,44,49
16,338,42,42,43
294,434,67,68,52
297,171,184,180,200
232,325,43,42,44
581,72,44,43,47
42,283,33,33,32
545,349,41,43,43
73,62,187,185,204
89,154,136,34,42
66,64,172,176,190
260,304,44,44,47
731,70,47,48,49
680,136,43,47,48
486,368,42,41,47
144,455,45,49,50
373,407,50,44,47
826,87,47,48,51
109,54,151,132,154
688,31,47,49,51
1184,71,239,236,254
748,113,49,47,49
579,54,45,45,44
1052,406,48,47,52
1170,417,234,231,252
1115,209,232,230,246
600,349,41,43,48
243,209,186,185,203
372,489,57,53,52
281,489,82,73,58
668,443,42,42,48
62,123,152,24,34
231,338,47,43,48
22,27,223,225,248
1076,266,53,50,58
231,349,41,44,45
86,31,119,108,119
486,260,211,209,230
25,327,40,39,40
160,194,72,60,62
363,380,44,44,46
566,141,45,44,48
885,130,47,48,53
424,440,163,164,162
912,470,46,47,51
519,392,41,41,46
608,114,42,45,46
931,348,43,47,48
707,473,139,123,100
729,140,44,44,50
778,250,242,240,255
613,462,113,110,131
834,235,105,109,93
1033,296,53,49,56
1191,189,238,236,251
1025,470,47,47,51
1180,315,236,237,252
111,407,45,44,47
973,384,47,44,50
81,179,206,198,220
1096,57,240,239,248
631,360,45,44,47
788,43,51,50,54
1117,184,231,231,247
115,298,36,32,32
991,59,109,90,73
683,279,47,45,50
1111,172,233,232,252
833,368,48,47,52
318,24,48,44,46
1089,261,247,249,241
45,280,34,32,29
842,428,46,46,50
930,152,47,47,51
1016,487,45,48,50
700,106,48,45,51
740,211,241,240,255
416,433,47,46,49
616,409,42,41,45
167,198,191,188,209
700,36,50,50,52
896,10,101,93,82
1007,347,46,46,51
1024,373,48,48,52
1043,322,49,47,54
996,158,46,47,51
890,393,43,44,48
959,416,46,45,50
165,122,134,136,157
248,135,33,29,31
803,427,49,46,50
971,119,47,46,51
624,183,85,67,87
1083,455,71,66,58
57,316,36,36,36
932,348,47,48,49
489,233,199,202,218
930,482,49,49,52
175,33,173,156,179
407,266,230,229,250
62,212,115,122,126
1195,278,240,237,252
733,347,45,43,46
240,93,39,44,47
16,110,145,22,28
12,244,32,31,29
101,413,43,45,46
615,403,45,43,46
31,340,40,40,43
400,209,53,54,58
247,462,73,70,55
197,244,201,196,219
849,137,46,47,50
454,28,72,54,43
525,479,133,128,118
742,387,43,46,50
1001,369,49,48,51
888,230,240,237,255
13,244,34,27,29
190,99,115,122,138
901,32,89,85,75
848,405,44,46,49
315,469,127,120,108
786,407,46,48,50
586,147,42,45,48
647,355,42,45,46
92,465,70,61,57
1192,23,237,236,251
1002,85,55,53,53
649,140,43,46,49
411,165,44,44,47
97,410,41,46,45
524,436,140,138,152
285,224,191,188,206
762,252,239,240,255
330,102,34,26,28
996,354,45,47,50
1030,266,47,48,51
615,337,44,43,47
291,392,45,43,47
1183,311,240,236,250
827,354,47,46,49
883,62,91,86,79
586,488,106,97,81
1112,443,230,229,248
724,258,238,236,254
1079,378,52,53,59
671,86,44,45,47
52,473,47,46,47
416,242,221,221,239
912,309,46,45,49
137,378,44,43,46
316,490,45,48,51
541,98,46,43,48
749,152,47,48,51
460,13,112,85,64
628,25,50,48,52
1083,130,174,172,186
1172,66,238,237,250
762,236,126,113,168
564,133,45,46,47
926,42,124,114,102
312,238,80,75,89
3,279,34,31,34
497,259,218,219,240
654,326,45,45,49
448,444,128,113,119
712,279,43,45,49
298,65,37,32,34
110,177,244,242,255
641,411,43,46,50
139,462,49,46,51
83,317,34,33,37
215,246,194,191,215
642,442,43,46,48
774,163,49,47,51
158,238,146,144,174
683,143,48,46,50
166,65,138,125,146
562,186,232,230,254
384,400,41,45,47
676,322,46,42,49
488,235,194,195,213
808,300,46,47,49
534,173,47,49,52
649,440,45,45,47
910,108,46,47,51
967,302,45,46,50
362,370,44,45,44
740,457,50,47,51
128,178,156,155,166
82,429,45,48,50
602,389,38,44,44
890,386,45,45,50
918,162,44,49,50
354,314,43,45,46
297,126,32,27,30
371,12,39,32,32
640,228,238,237,255
1094,162,242,242,255
230,216,188,185,204
532,129,48,45,45
520,205,222,217,242
66,213,124,120,125
877,59,89,83,75
1072,100,49,50,54
1114,373,231,231,248
903,209,45,47,49
461,4,51,45,38
1154,201,236,234,250
261,274,42,42,48
1154,191,235,230,247
1075,474,57,55,61
1001,282,47,47,52
933,456,49,47,51
477,364,44,42,46
268,396,43,43,46
203,42,192,176,193
283,468,104,100,70
179,303,39,41,45
477,317,52,49,55
1065,11,98,77,62
961,283,50,46,50
795,7,54,51,53
1044,136,47,49,50
542,426,42,41,46
829,352,47,46,49
679,25,48,48,50
544,129,41,44,47
1095,323,238,238,255
1199,396,239,238,254
566,347,40,42,46
1087,244,84,79,86
841,496,162,152,108
470,118,42,41,43
849,151,48,49,52
1162,95,237,235,251
294,257,203,199,221
55,362,42,40,45
736,379,42,43,45
180,51,169,156,179
354,496,70,62,56
625,35,46,44,50
878,220,160,155,170
98,291,37,33,35
250,221,192,190,205
976,5,109,82,62
313,269,50,50,49
155,284,39,37,48
1061,496,47,53,55
659,106,45,44,47
486,101,42,41,46
824,396,44,46,49
394,474,61,57,53
150,69,157,146,168
771,226,190,183,194
218,396,46,45,46
742,58,46,47,50
687,24,49,49,53
748,418,44,43,48
179,337,38,42,42
588,490,94,89,66
915,374,48,45,51
187,96,91,92,105
46,212,105,106,110
905,134,46,47,53
297,251,200,198,220
869,337,48,44,51
228,274,209,203,224
429,36,33,33,34
633,421,46,44,49
615,406,42,45,48
1168,334,239,234,251
626,181,223,224,231
850,336,49,46,50
756,178,47,46,52
1141,210,232,232,244
489,103,40,45,44
912,110,49,45,51
470,461,173,179,194
215,84,116,120,132
912,395,40,45,49
828,483,175,169,182
243,109,34,32,35
708,496,116,102,81
61,433,77,68,55
971,440,53,39,77
839,129,48,48,51
13,320,44,38,40
618,461,102,101,104
886,67,53,52,52
871,390,45,45,49
858,389,46,45,49
203,360,40,43,45
243,369,41,45,45
705,357,39,45,48
651,323,38,44,45
276,347,45,44,46
991,222,49,48,50
450,352,55,55,59
711,12,58,53,53
384,448,191,198,217
804,59,45,48,50
335,315,41,43,44
295,60,42,32,38
890,438,48,48,52
778,247,240,239,255
740,43,47,49,49
593,198,232,237,255
644,283,43,44,47
753,429,46,44,48
1076,264,52,51,54
398,11,35,26,28
1158,183,236,233,249
326,145,38,32,38
206,96,153,153,175
1190,316,240,237,254
1,72,95,92,102
3,389,50,46,52
227,478,53,50,50
371,322,45,46,45
1083,426,250,251,255
1179,449,237,236,251
922,390,45,50,50
882,172,48,48,51
789,360,48,43,46
1086,488,239,241,220
793,113,48,45,51
177,202,188,185,202
145,465,44,46,48
831,494,162,155,154
269,30,210,215,232
1073,488,54,53,60
966,70,80,68,60
943,271,47,48,51
585,110,42,42,46
730,489,154,147,157
1135,93,233,228,244
474,478,161,170,187
949,459,49,49,52
1057,296,58,53,63
438,201,63,57,67
851,208,47,48,55
45,162,168,26,39
992,219,50,48,50
1036,203,49,48,52
442,381,47,49,54
928,407,47,46,51
760,466,132,131,111
462,440,175,180,202
65,211,116,111,120
184,44,185,168,191
638,32,47,49,51
57,219,101,98,106
303,29,51,52,56
1056,232,47,49,52
226,73,107,110,125
816,23,56,53,56
673,4,50,49,51
443,473,123,100,94
724,241,241,238,255
694,180,54,51,56
829,1,94,92,88
996,127,49,47,53
170,137,106,103,122
1105,142,239,235,253
25,362,42,42,48
400,346,43,42,48
730,110,46,46,48
371,471,55,50,50
479,40,78,61,50
611,321,43,45,48
660,6,51,48,51
1142,349,233,230,246
391,467,72,62,57
684,136,48,46,50
176,58,164,152,173
962,451,50,47,51
523,426,42,43,46
608,38,42,43,48
555,375,40,43,44
603,173,48,44,51
64,225,83,81,91
748,345,48,44,50
1027,233,52,51,52
463,385,50,51,50
286,226,191,189,210
784,258,241,237,255
615,409,44,41,48
148,477,47,46,49
980,150,47,48,51
412,371,44,43,46
665,183,239,237,255
690,478,117,91,66
1175,384,234,235,251
601,64,44,44,49
63,374,44,43,46
809,445,45,47,49
320,484,112,111,115
455,282,52,48,51
1159,87,236,235,250
1049,217,49,49,51
15,397,44,44,48
252,278,155,154,173
678,420,44,42,48
1078,93,231,227,212
720,231,239,238,254
224,171,185,183,201
324,352,43,43,46
769,108,45,49,50
782,366,47,47,52
184,498,48,47,53
355,453,89,81,61
976,84,52,48,52
51,218,100,98,104
1183,200,237,236,253
295,210,189,186,208
431,109,42,40,43
679,395,145,141,121
183,261,206,205,229
439,399,181,188,198
223,165,169,165,183
1149,23,234,232,248
378,205,60,59,62
1131,426,229,228,243
608,367,41,43,45
994,429,51,48,49
192,372,44,43,46
1073,325,210,201,159
47,452,47,47,50
711,481,147,134,138
1162,391,238,235,252
918,482,53,51,55
0,467,51,54,52
590,473,113,104,84
284,94,32,28,29
78,176,210,200,223
1074,285,228,215,187
139,37,131,115,133
264,128,34,26,30
106,174,139,141,162
895,453,41,48,52
555,176,52,52,54
1107,70,235,232,250
39,363,40,41,44
1097,2,228,227,222
136,448,46,46,52
1037,30,106,80,65
681,375,45,43,46
519,178,204,204,217
1143,108,233,229,245
311,186,193,190,206
409,243,216,217,239
249,361,45,43,45
82,416,53,52,52
62,362,40,41,43
1192,114,238,238,252
612,32,50,44,45
144,484,49,45,48
100,93,154,30,34
128,233,106,104,111
892,413,41,48,49
217,137,33,29,32
255,240,115,108,121
650,397,42,44,48
913,211,51,50,52
346,254,212,210,233
515,201,57,56,60
819,264,53,50,54
583,8,95,82,60
594,342,42,40,44
969,30,97,74,58
17,24,226,224,250
1083,275,56,54,59
553,103,43,44,44
1100,34,241,241,255
304,121,35,30,27
931,434,164,159,154
623,296,46,44,48
408,12,35,27,30
15,407,44,46,47
390,416,42,45,46
167,486,47,47,52
816,150,45,48,51
746,466,120,117,100
508,383,40,44,44
733,455,46,49,51
748,228,230,237,255
74,22,104,96,106
1073,369,54,53,57
1179,142,240,235,254
893,121,47,47,51
1165,39,236,236,254
819,122,44,45,49
282,215,190,192,209
814,123,50,45,52
113,146,201,190,209
757,218,237,237,255
266,165,190,186,206
457,156,46,43,48
662,278,42,44,50
105,32,186,183,199
525,292,45,44,49
782,458,49,47,53
25,480,46,48,48
176,91,36,28,30
183,467,51,52,52
101,490,47,47,49
590,480,115,107,88
1023,40,104,79,65
760,262,238,238,255
294,474,124,117,87
113,442,48,51,53
259,243,53,49,51
205,260,204,204,224
645,296,44,44,49
237,276,205,202,225
614,165,45,45,49
591,345,44,43,47
1136,200,228,228,246
899,184,47,46,52
699,381,44,43,46
11,434,51,50,51
458,462,180,183,200
178,159,35,35,41
1193,223,239,236,251
174,466,53,51,52
181,28,182,162,182
20,284,37,32,35
1089,197,151,149,110
1168,435,241,234,252
626,250,48,50,53
915,222,48,46,55
1179,405,235,234,250
420,231,223,225,247
100,36,187,186,206
1134,450,228,226,239
1149,129,234,233,248
1194,158,238,237,252
1119,200,231,230,248
726,14,50,48,52
707,218,207,208,197
86,431,51,49,51
461,415,49,47,50
706,236,234,237,255
471,303,45,44,45
277,375,45,42,47
113,481,48,48,50
660,56,47,45,46
722,471,152,146,162
1161,235,239,237,253
400,426,41,44,45
545,327,43,42,47
1197,175,237,236,254
34,33,233,230,253
637,199,237,236,255
563,248,230,230,249
768,314,45,47,49
706,207,241,237,255
980,17,108,79,64
575,285,47,47,48
1028,407,47,46,51
764,38,51,51,51
338,491,123,121,134
254,44,209,215,233
617,345,41,44,47
598,155,48,45,50
963,139,46,49,51
997,231,44,49,51
807,141,47,45,51
1170,173,236,234,252
567,212,231,229,253
328,315,42,41,46
318,21,43,40,44
552,282,41,44,47
360,264,215,215,237
1043,39,85,72,60
1166,194,237,235,250
961,415,43,43,48
918,222,45,48,53
862,431,43,46,49
948,410,46,45,49
663,113,46,47,48
686,365,46,45,51
516,219,222,218,239
232,200,183,180,200
655,8,56,50,51
582,247,233,232,255
427,414,40,43,46
128,276,215,215,234
907,350,45,47,51
219,302,40,42,45
1059,422,52,48,53
1115,265,232,229,246
35,445,53,50,51
254,407,44,45,46
711,50,45,47,48
625,298,44,45,48
483,179,53,53,55
135,463,50,48,54
240,293,41,42,45
1156,53,237,233,248
1084,104,58,56,62
969,352,46,49,50
985,382,47,46,48
355,302,42,43,45
342,209,198,196,217
940,132,48,48,50
31,358,41,44,45
656,110,44,44,46
283,205,73,74,94
849,409,44,46,48
1026,460,50,48,53
592,51,42,43,49
672,9,48,48,50
962,312,47,49,54
855,303,46,46,51
808,459,47,48,50
703,344,43,46,47
200,125,36,35,43
1028,234,49,50,52
88,78,149,25,32
841,459,46,46,51
236,140,28,27,28
1124,286,232,228,244
773,308,46,46,47
1190,265,239,237,251
957,145,49,49,51
924,167,47,46,53
968,218,48,47,50
820,2,89,84,81
324,133,31,31,31
343,355,41,45,46
65,79,29,26,25
622,257,47,47,51
278,431,64,64,54
1005,254,46,47,52
216,367,43,41,46
345,126,31,31,30
401,47,29,24,22
509,228,218,218,242
236,336,45,43,47
706,430,39,43,47
1108,477,234,229,247
15,193,105,100,99
981,365,45,46,49
190,224,192,188,209
208,340,40,44,45
362,73,31,25,31
675,22,52,51,50
21,105,143,23,29
1164,180,236,235,254
1110,85,231,229,247
256,227,194,190,208
448,237,224,227,243
634,270,41,45,47
325,376,46,43,48
1074,81,89,86,97
460,283,49,50,55
1129,305,228,226,243
694,318,41,44,45
635,152,45,45,49
22,446,50,50,50
60,119,149,25,30
903,83,48,49,53
952,331,45,48,51
668,420,45,45,48
724,286,45,44,47
571,219,233,232,255
1005,90,50,47,52
779,131,46,47,49
610,477,171,165,173
1111,377,236,232,251
14,38,68,67,72
49,208,85,87,76
269,148,33,27,30
1054,492,51,51,56
49,383,47,45,47
931,296,45,44,49
865,265,238,238,254
950,89,47,47,52
420,494,195,192,214
925,466,47,49,49
320,310,43,42,46
1026,336,44,48,49
932,472,47,47,51
236,460,70,65,51
456,140,47,44,47
405,285,48,43,50
291,222,191,190,209
256,136,30,25,25
590,434,47,44,46
954,368,46,45,51
365,240,73,64,85
701,224,87,73,124
775,354,49,48,52
284,9,158,165,180
645,203,238,238,255
530,244,56,52,63
639,489,150,146,157
716,2,64,52,57
419,212,221,221,244
387,77,34,29,33
938,402,46,45,51
52,239,33,30,33
1026,74,102,91,73
262,289,45,41,45
882,25,107,105,102
404,281,43,46,49
554,21,43,46,49
146,59,146,129,148
297,187,190,188,208
496,328,40,43,45
596,153,42,45,47
1071,210,54,51,54
61,385,41,40,47
364,17,41,31,32
96,429,50,49,51
763,369,49,45,51
99,385,45,44,47
585,365,40,42,44
248,248,196,194,216
436,469,30,26,30
509,227,222,220,243
401,153,42,42,43
8,116,147,20,29
687,419,45,44,49
270,360,41,44,46
1153,10,233,233,249
1041,450,52,48,49
809,480,168,165,178
514,240,109,109,139
810,421,49,47,50
1104,70,236,233,250
72,16,49,36,44
1180,390,237,236,253
462,146,43,44,45
595,100,42,43,46
1075,457,241,239,255
98,363,37,38,41
1010,103,50,49,53
1112,35,233,233,250
687,386,43,43,48
967,381,45,47,51
951,12,116,80,64
172,103,207,198,219
581,179,86,87,93
610,287,43,44,47
1070,4,104,81,65
1041,380,45,49,53
1169,416,236,234,249
381,30,35,25,27
370,466,56,55,51
426,141,45,42,47
202,35,161,31,41
51,127,153,23,31
666,480,104,78,59
522,288,46,43,47
756,6,48,49,50
980,391,51,47,52
125,368,41,40,42
233,145,30,28,28
461,436,181,188,210
126,383,44,43,46
242,403,46,44,46
633,127,46,46,48
535,474,158,160,179
853,135,43,47,48
629,472,182,178,193
1017,171,48,48,53
857,38,92,92,84
782,329,51,47,50
1012,337,47,46,50
333,303,40,44,44
21,179,125,121,127
560,302,44,43,47
99,93,156,30,35
594,401,43,44,50
1195,422,237,237,252
258,258,196,195,219
667,274,48,45,47
799,220,245,241,255
264,143,35,27,28
1176,372,235,233,249
486,83,44,41,44
424,456,162,156,160
299,76,37,29,31
131,123,196,183,206
232,430,76,74,58
763,251,238,238,255
652,223,241,237,255
120,437,54,53,53
762,223,56,52,61
453,25,76,53,43
464,148,42,44,46
962,221,44,47,52
80,301,36,29,35
1066,442,50,50,54
384,229,211,210,234
175,38,174,156,182
514,451,150,149,159
493,175,45,44,50
14,291,39,33,34
799,468,63,54,53
1136,80,229,229,244
841,233,235,239,255
851,358,42,45,52
876,137,47,46,52
1132,8,230,226,244
801,213,240,239,255
719,369,44,47,50
1065,464,52,51,55
352,145,36,36,36
740,72,46,45,49
1136,203,233,229,244
70,391,40,46,46
535,188,226,226,245
509,449,150,149,164
427,46,33,32,34
142,291,35,33,38
479,340,45,43,47
102,424,137,116,138
452,264,236,235,255
177,98,194,193,207
112,15,115,110,121
848,352,46,47,50
79,159,164,37,40
939,183,49,49,51
30,318,38,38,41
1114,362,234,233,251
1158,468,232,231,244
480,143,43,43,49
641,298,42,45,45
245,361,41,43,46
876,381,42,46,50
253,191,190,185,203
256,123,34,26,29
142,62,152,136,158
883,480,51,55,53
158,226,199,196,217
636,383,44,43,43
446,434,128,94,86
1101,488,235,232,250
945,461,46,46,52
634,49,48,45,48
117,154,200,192,211
174,454,48,47,49
126,484,49,48,45
725,130,46,46,50
235,13,180,166,192
288,131,29,31,29
1183,405,238,236,252
512,117,41,46,48
615,290,44,43,47
424,282,44,46,48
1136,63,232,230,246
894,428,148,145,182
853,113,50,48,52
14,302,33,35,32
399,53,31,30,32
919,317,47,45,50
64,218,137,133,140
1157,31,236,234,252
481,53,44,43,45
225,312,45,44,45
379,481,86,80,77
806,48,52,51,55
619,81,47,47,50
403,429,50,46,46
628,18,48,49,52
345,325,40,45,45
1069,353,57,54,55
571,371,44,43,46
666,95,49,45,48
1072,319,95,80,61
767,24,49,49,51
222,279,208,207,228
236,421,44,45,44
622,253,133,143,183
799,275,50,50,55
996,391,45,46,51
384,200,210,207,226
199,328,40,40,44
1055,256,47,49,53
1105,322,238,234,254
754,353,42,44,45
8,427,53,53,55
1114,158,235,232,249
573,48,41,43,47
737,241,242,240,255
990,346,46,46,50
724,187,240,238,255
869,305,42,46,53
71,190,35,28,30
277,193,189,185,205
973,364,47,49,50
667,176,54,53,58
19,293,36,33,35
836,22,88,87,80
308,316,41,43,46
1046,22,109,83,66
453,111,43,41,46
953,257,46,47,51
339,364,45,43,47
44,405,42,45,45
264,370,41,44,46
175,231,182,178,203
95,364,41,38,44
41,166,168,27,34
884,113,47,47,50
1021,256,47,46,52
270,418,39,45,47
301,39,48,48,53
442,296,43,44,45
460,245,233,232,255
488,430,85,83,65
906,432,137,138,150
496,329,45,43,47
483,372,43,42,47
181,410,37,45,46
98,178,216,223,247
1055,105,53,50,53
939,476,47,46,53
109,339,37,36,38
448,64,35,40,41
789,151,46,45,51
650,467,63,60,56
394,55,31,28,32
374,48,28,26,24
186,36,164,48,68
623,283,39,44,45
672,139,43,45,49
807,345,47,45,50
812,475,167,165,176
516,103,42,45,47
481,227,48,47,44
782,49,46,49,50
510,328,41,44,45
868,93,46,47,51
494,99,46,43,46
398,51,34,28,30
88,446,49,49,52
1065,214,51,51,54
853,435,47,45,49
378,386,42,41,44
134,336,40,39,45
1022,18,102,80,62
1139,59,229,230,245
1159,191,236,235,252
110,98,157,27,36
384,361,43,43,47
351,473,58,55,51
918,287,48,45,50
21,192,72,82,69
894,482,53,51,52
935,39,99,71,60
314,468,128,122,105
286,210,173,176,192
655,374,43,45,46
252,365,43,44,47
147,262,211,211,232
807,313,44,45,51
1005,12,119,88,65
265,7,44,34,43
460,304,90,88,97
134,435,45,48,48
1182,384,237,236,253
907,38,90,82,73
1189,427,238,233,253
427,9,38,28,31
986,78,62,57,56
26,440,48,50,50
302,147,31,29,31
542,418,42,40,43
362,101,31,30,32
573,306,44,43,43
1121,64,230,229,244
976,454,59,39,103
523,499,160,158,160
511,394,45,41,45
375,224,206,206,229
922,147,48,46,50
356,358,43,44,45
54,2,227,228,250
618,469,176,171,180
788,331,45,46,48
1194,484,237,233,249
1179,482,235,233,252
732,371,47,45,47
888,450,47,46,48
73,468,54,52,49
805,26,54,51,53
233,239,99,91,106
934,119,49,46,50
294,324,44,43,47
613,158,40,46,48
35,410,44,44,47
907,184,45,46,49
400,50,32,26,30
1144,487,224,225,242
851,143,43,47,50
322,350,42,42,45
47,356,46,42,45
817,415,161,167,197
561,207,93,92,126
885,55,105,103,97
198,147,37,30,34
272,120,33,27,27
187,478,45,43,51
140,446,44,46,49
503,205,174,173,174
932,308,43,46,47
296,225,193,192,211
555,9,92,79,56
599,311,42,46,46
1092,255,244,243,255
19,353,43,43,47
153,84,162,148,171
1008,446,46,46,50
598,208,62,59,63
188,358,39,43,44
889,174,44,46,51
345,410,46,42,45
854,297,44,48,49
295,156,36,31,35
44,159,168,28,34
707,92,47,46,49
515,381,40,42,45
171,195,187,186,208
965,123,51,49,53
204,236,42,41,45
1034,215,43,49,51
15,283,31,33,34
1151,415,233,230,248
581,466,153,148,152
505,247,221,220,242
757,229,240,238,255
1064,278,236,236,253
457,328,81,80,86
447,320,47,46,49
649,168,48,48,51
676,89,51,47,50
670,419,43,43,47
632,47,44,47,48
457,358,25,22,27
632,85,47,45,47
535,465,133,126,132
665,373,42,43,48
156,478,42,48,50
14,54,77,62,73
200,91,123,131,151
887,448,49,48,51
1157,311,237,233,249
1196,333,241,236,253
703,413,41,45,47
856,349,44,48,50
129,18,113,110,130
485,5,53,46,45
1076,25,102,99,95
530,114,47,44,50
499,112,76,75,79
900,153,46,47,52
347,178,192,192,210
173,421,63,65,56
369,124,34,31,36
876,194,43,47,51
348,355,47,42,46
82,418,54,56,52
414,449,105,97,94
582,476,122,115,97
1186,384,241,236,251
760,289,47,48,47
26,409,46,46,48
809,438,46,47,49
407,222,217,214,237
1033,392,44,48,51
13,372,42,44,48
1119,229,233,230,248
285,243,194,192,210
562,366,44,44,45
386,127,35,40,41
627,19,47,51,50
768,42,51,51,52
389,455,176,177,200
909,409,47,47,47
43,242,35,30,29
1197,488,234,234,250
82,220,175,177,210
386,312,41,45,47
583,102,44,45,45
941,378,48,48,50
33,305,37,32,33
994,31,121,92,71
192,472,48,47,49
1059,195,48,48,54
559,258,234,234,255
663,98,43,45,48
17,225,33,27,29
294,179,190,187,206
131,150,139,139,160
332,177,189,185,206
1132,266,231,228,243
142,114,36,28,32
383,394,43,45,47
1154,274,234,232,248
182,343,40,41,44
899,64,104,103,97
600,294,46,42,49
704,218,83,78,89
937,238,46,46,51
1138,21,229,228,244
1028,98,52,49,53
630,66,44,44,47
344,347,42,43,46
417,223,223,223,244
599,283,45,46,48
355,65,31,24,27
438,496,170,171,187
1088,167,70,69,65
862,219,237,240,255
858,83,50,49,50
747,17,49,48,50
352,235,194,198,212
787,443,45,47,50
1134,262,231,229,244
781,116,46,46,50
439,126,43,42,47
293,465,95,86,56
769,413,46,46,46
1149,431,235,230,247
976,192,47,48,54
757,65,45,45,51
1012,355,46,48,54
514,380,43,43,45
674,143,44,47,49
14,208,33,30,31
541,334,42,42,44
730,297,46,45,49
495,99,45,42,46
82,114,152,27,34
943,140,50,47,51
591,302,45,45,44
730,118,45,47,50
345,397,43,44,47
576,1,58,53,52
28,284,37,32,33
302,28,52,51,55
813,398,45,47,47
988,472,45,47,51
34,189,105,100,106
184,31,190,169,193
82,264,39,36,37
517,244,107,98,102
813,314,50,46,50
1198,343,237,237,253
241,365,47,43,46
584,161,41,45,47
624,93,45,45,48
989,223,46,49,51
1102,260,237,233,253
430,362,44,43,44
384,399,38,45,44
152,446,44,47,47
977,485,52,45,54
616,15,47,50,50
147,259,211,208,231
447,29,52,42,39
335,452,63,59,52
850,332,47,47,50
921,137,44,47,52
60,278,32,30,32
1164,365,237,234,250
13,228,33,26,29
348,3,46,43,41
1190,268,240,237,252
915,220,48,49,53
1123,401,229,228,242
819,426,49,48,53
954,343,50,46,54
201,289,39,38,43
242,359,43,43,45
960,27,97,73,60
686,274,46,45,49
665,99,50,45,48
270,304,43,42,48
961,492,48,47,48
492,302,46,44,47
938,27,87,65,62
757,415,47,47,50
688,218,239,234,255
926,435,64,55,80
8,486,47,47,52
172,375,42,41,47
445,244,67,62,62
245,105,38,34,39
697,93,48,47,50
928,472,51,50,52
246,165,187,183,205
587,66,44,42,47
984,61,113,92,75
873,320,46,48,52
854,498,149,139,98
552,233,230,230,250
461,237,231,232,253
53,333,40,36,40
256,78,46,46,50
259,388,44,44,46
1106,211,239,236,255
943,34,94,73,61
1023,167,46,49,51
1084,266,59,56,60
783,99,46,46,50
750,145,45,49,53
95,24,117,108,117
595,310,44,44,46
364,486,112,109,96
785,199,49,47,51
728,65,44,47,49
1050,376,53,48,54
809,22,50,52,54
424,483,117,93,78
884,148,48,47,51
324,22,44,40,42
399,65,32,31,34
177,227,195,192,214
1166,203,236,235,251
29,193,82,84,85
695,143,47,47,51
426,108,41,41,42
658,254,44,45,49
569,177,51,51,57
275,467,86,76,54
218,460,48,47,49
590,13,129,120,107
331,382,41,43,46
651,36,46,46,50
972,374,46,47,51
1135,36,229,229,243
184,371,40,42,45
381,286,45,44,49
1089,58,245,247,254
628,330,42,43,43
930,371,46,46,48
671,185,237,236,255
375,52,32,26,28
787,56,45,48,51
768,274,49,50,52
157,153,51,50,54
1120,146,231,229,247
295,401,41,43,46
394,146,40,41,42
146,470,51,49,52
861,37,98,92,88
543,248,227,227,254
450,303,42,48,48
955,215,43,45,53
1033,401,48,51,51
1174,51,241,235,251
534,375,38,42,43
594,213,65,55,78
81,364,38,43,44
738,493,108,101,81
88,229,206,206,227
694,361,42,44,48
378,468,59,52,53
898,200,46,48,51
176,355,43,41,46
807,392,49,46,51
567,192,230,227,250
759,363,44,45,48
1054,172,45,47,54
379,26,33,27,29
761,189,47,48,49
810,455,50,47,50
382,139,43,39,41
138,163,128,141,154
728,437,47,45,49
345,48,32,24,26
867,169,46,50,53
191,213,186,186,203
727,243,241,242,255
925,347,47,46,50
827,193,50,47,53
819,99,50,46,50
898,124,44,47,51
337,419,48,42,47
1133,235,226,226,241
336,208,187,189,209
851,47,106,90,64
534,258,229,227,250
938,80,48,48,51
1122,343,229,229,242
96,209,219,219,249
1090,18,69,70,73
1190,199,239,237,253
158,499,49,48,50
690,81,47,47,51
244,183,191,185,205
885,278,47,48,52
149,205,90,80,98
1198,139,237,235,255
658,58,46,45,48
420,394,41,42,44
743,188,133,127,141
440,492,172,173,188
90,115,158,33,41
597,287,42,43,47
920,352,44,46,51
361,90,32,26,29
1143,37,236,231,247
208,470,48,44,46
317,420,45,41,45
650,242,45,45,50
859,322,49,47,52
1156,50,235,234,248
1029,481,46,51,55
1197,358,239,237,254
639,245,47,46,52
1070,380,52,52,57
418,310,44,42,49
1105,146,239,237,254
699,357,43,44,49
560,342,45,42,50
322,296,41,43,47
752,270,45,48,50
576,74,43,43,50
51,373,43,45,43
1175,231,239,236,254
651,294,44,41,48
506,226,222,220,242
849,209,48,49,53
1012,106,46,46,53
644,369,42,44,49
112,301,38,32,36
325,102,31,27,26
74,1,58,60,65
1128,21,232,227,244
54,135,156,27,35
921,327,47,44,50
506,116,31,30,31
537,108,44,46,45
498,34,91,67,52
278,316,46,45,46
304,42,41,39,44
542,214,232,228,253
372,264,211,213,234
233,133,32,29,30
928,462,49,47,53
211,16,163,43,60
923,162,48,48,52
767,131,43,47,50
241,46,78,82,95
505,280,46,44,49
550,333,41,43,44
38,457,50,49,49
518,354,44,44,47
129,303,39,32,38
1146,148,231,230,250
200,151,39,29,35
313,214,196,193,212
788,264,241,239,255
279,192,188,185,205
701,488,133,111,78
806,2,57,52,56
729,391,43,44,49
978,315,50,47,49
304,356,41,42,45
521,157,46,45,49
1097,146,243,242,255
590,122,45,42,49
706,494,112,96,71
946,19,119,79,65
443,296,46,46,45
910,380,45,44,47
1181,116,237,237,255
1174,247,240,235,252
1124,304,229,227,244
97,41,102,96,120
8,138,164,27,32
913,494,182,163,123
19,436,50,51,52
259,281,49,45,49
904,358,46,47,49
340,85,29,26,30
1029,106,49,48,53
767,32,48,49,52
551,122,44,45,45
925,151,48,46,51
120,152,207,194,215
17,270,35,29,32
1120,253,228,228,241
447,439,142,123,129
470,448,176,180,198
967,7,106,78,61
655,47,47,45,50
962,211,49,48,52
660,60,44,46,46
139,109,159,44,53
1042,453,46,48,53
576,360,40,42,45
403,114,39,38,41
255,271,67,63,74
601,287,44,45,48
780,431,46,45,49
573,60,43,46,45
877,179,49,50,52
1181,342,241,238,254
238,194,191,184,207
567,326,46,44,45
358,306,48,44,49
773,257,242,240,255
1073,264,49,51,55
110,19,121,112,123
855,132,45,47,50
1104,455,232,231,248
1054,22,94,79,63
699,14,51,49,52
864,150,49,48,51
1118,249,229,228,246
290,471,96,88,61
1130,455,226,223,241
92,14,113,101,111
122,274,213,213,234
79,443,50,47,49
192,172,188,184,203
395,263,217,215,239
953,110,48,47,51
264,116,33,27,28
176,317,38,39,42
1085,106,59,59,63
254,17,39,32,35
1023,197,47,48,51
1008,461,46,48,51
125,256,214,211,237
906,98,46,47,50
794,449,49,47,50
333,34,38,28,31
530,212,225,222,242
918,388,43,45,49
882,329,44,46,49
840,102,51,48,49
478,59,42,43,45
154,65,153,136,157
468,117,42,42,45
800,337,45,47,46
489,91,42,40,45
897,42,108,102,101
195,319,43,40,45
282,76,35,28,32
376,92,31,28,33
915,308,46,47,49
1053,150,45,49,53
17,374,46,43,48
187,344,43,43,46
492,436,167,170,189
1095,218,246,248,255
1131,245,231,227,244
1181,473,235,232,249
439,277,46,52,56
327,383,42,43,44
440,483,159,157,163
684,344,45,46,48
578,68,45,45,46
152,414,45,43,48
460,312,78,78,85
530,19,70,54,41
181,207,104,99,110
71,486,80,76,77
307,499,52,47,50
99,217,212,216,241
106,144,193,178,201
737,180,50,48,53
125,454,49,47,50
786,351,47,47,49
616,117,44,44,50
360,429,44,43,44
487,254,206,209,227
563,136,46,43,50
494,245,158,155,168
1189,6,238,235,252
605,447,168,178,202
408,341,48,43,47
576,403,42,42,44
648,450,191,196,216
721,315,49,45,51
120,233,194,193,212
492,2,53,46,43
19,89,118,102,103
685,443,48,44,48
507,147,50,47,51
639,34,47,44,48
895,321,46,44,49
867,237,242,240,255
551,387,38,41,46
552,246,230,229,253
18,302,38,32,35
587,28,46,49,51
517,308,45,45,45
10,1,223,222,246
920,409,46,47,51
302,9,110,116,131
87,373,42,43,44
1051,364,51,48,50
535,172,46,48,50
167,476,44,46,52
283,214,148,142,149
163,75,154,141,161
74,350,37,37,44
178,1,178,145,161
744,72,42,46,51
117,73,143,129,150
1145,329,231,230,246
228,442,48,49,50
799,439,44,48,51
695,323,40,45,49
488,215,181,184,189
238,344,44,44,47
835,12,92,91,83
555,411,41,41,45
461,31,77,59,44
1014,456,46,50,52
1063,496,52,51,56
639,123,44,42,47
70,375,41,43,45
1131,225,228,226,242
359,292,42,45,46
189,304,42,41,40
723,177,49,47,53
156,18,157,135,158
508,136,50,47,48
85,156,163,30,39
285,28,139,142,156
11,478,49,51,53
808,436,44,46,48
365,481,69,68,60
13,173,104,100,105
1041,328,46,48,51
341,358,44,44,45
1140,42,233,229,245
152,452,49,46,51
857,206,46,49,53
392,311,44,44,46
498,319,44,45,47
360,452,60,53,49
900,54,102,99,93
285,411,45,44,48
1067,396,53,50,55
80,473,100,85,84
333,416,44,45,47
745,133,43,47,47
1002,424,48,48,53
1066,280,232,235,255
978,88,49,50,52
1003,456,49,46,53
334,65,35,25,25
965,361,47,46,52
233,276,209,203,226
106,302,36,32,33
857,73,47,48,49
417,487,149,145,149
427,231,228,224,247
640,141,44,46,46
528,58,43,43,46
945,342,45,46,50
739,72,48,47,49
1033,108,48,48,55
1136,255,228,228,244
256,257,193,194,215
137,80,162,146,170
458,431,176,187,195
1120,122,229,225,242
892,7,91,83,70
587,210,233,229,251
440,128,43,42,46
101,111,159,37,51
730,162,46,47,50
514,142,46,46,50
705,52,48,46,51
376,17,42,31,31
480,237,26,23,26
304,166,188,185,205
91,266,41,34,39
679,26,48,50,53
1174,414,234,235,250
45,237,33,29,30
765,419,45,47,47
1116,495,230,226,244
452,394,33,31,33
682,55,43,47,48
852,271,51,49,52
186,106,115,117,134
860,71,48,47,53
435,451,41,36,41
917,466,46,48,52
920,57,79,74,67
498,272,46,46,50
910,143,46,49,50
501,173,51,51,55
239,167,189,183,204
526,92,42,45,49
1082,232,53,53,59
15,304,39,37,40
833,108,46,47,51
990,463,57,53,59
836,136,46,47,50
1116,212,233,231,246
305,449,86,82,56
712,58,46,45,49
23,430,47,47,52
781,388,42,46,49
546,459,134,130,140
1108,386,238,235,254
322,487,115,115,129
142,92,148,134,154
229,0,167,154,173
287,46,46,48,50
544,435,135,133,134
244,147,28,27,29
62,322,35,36,38
108,2,116,103,116
229,432,48,47,51
162,230,65,47,67
545,423,42,42,45
511,241,221,218,238
258,89,36,36,37
41,157,167,29,37
238,346,44,43,45
238,301,42,43,44
773,266,242,240,255
51,403,42,44,49
386,328,40,43,45
213,456,46,46,48
823,149,46,45,51
1170,495,237,235,250
851,120,48,48,51
417,394,46,46,50
864,373,45,46,50
441,296,43,46,47
352,462,60,59,53
1018,311,45,49,50
1158,128,236,233,250
547,289,43,43,48
210,280,209,207,232
1175,343,239,236,247
467,275,103,101,118
406,195,213,210,232
385,327,42,43,47
559,492,126,119,105
738,70,48,47,50
1068,188,51,48,55
531,454,141,135,141
1081,45,60,56,64
202,222,187,185,207
433,307,45,45,47
872,218,59,52,60
895,130,49,47,51
172,486,46,45,48
466,398,47,48,48
119,89,159,145,167
323,281,45,45,45
553,426,40,42,43
1191,392,237,239,254
1197,54,238,237,255
396,272,122,130,160
238,286,46,48,50
127,178,162,161,174
942,118,46,48,48
92,363,40,38,40
875,164,45,48,51
239,49,198,196,211
725,310,43,44,49
41,354,39,41,43
226,437,48,46,49
962,473,46,47,50
915,14,207,152,79
452,261,236,234,255
518,227,60,61,65
822,314,43,45,48
533,173,46,48,51
575,322,46,43,45
1071,435,67,59,76
220,13,179,163,183
748,289,47,47,50
909,331,43,47,49
1190,88,235,236,250
1159,164,236,231,249
851,461,46,46,50
915,270,58,52,81
500,373,42,42,46
709,346,44,45,50
21,35,228,226,251
719,416,44,45,50
346,428,45,42,46
635,209,109,97,92
1068,172,54,52,57
921,408,47,46,52
413,289,44,46,50
968,275,46,47,50
588,269,232,233,254
1123,163,230,227,245
495,390,47,43,48
419,66,33,35,35
358,70,29,22,28
393,23,51,41,33
317,203,184,186,202
161,399,47,43,47
859,318,48,48,49
235,313,44,45,46
1042,233,51,47,51
489,159,58,55,56
800,103,45,48,49
967,315,46,48,48
712,429,46,44,45
170,186,195,189,212
347,25,42,32,31
600,74,45,43,48
71,32,115,104,112
65,461,41,48,49
369,165,41,42,44
592,373,39,44,42
126,169,214,203,238
231,446,51,50,51
735,283,49,46,49
34,390,45,45,44
1040,377,47,46,52
1050,311,46,50,52
2,367,46,43,48
759,200,55,53,58
27,296,37,34,38
813,332,49,46,49
903,203,46,48,51
684,420,45,45,48
314,306,44,42,44
587,189,237,233,255
991,343,48,47,51
423,205,223,220,243
601,192,235,233,255
1008,209,49,46,53
494,421,46,43,44
976,177,45,48,52
161,292,42,37,39
256,120,36,27,27
1006,200,48,46,51
906,95,50,46,53
824,38,61,58,56
54,159,166,29,37
143,440,48,50,53
1077,472,225,232,255
62,451,49,47,50
823,25,73,70,62
179,434,49,49,52
786,175,47,47,49
1050,425,47,48,52
1071,353,77,62,57
3,469,53,52,53
811,7,56,57,54
499,57,44,42,47
369,268,212,210,234
289,393,46,45,48
682,28,49,50,56
1046,136,50,49,54
919,467,49,48,51
698,165,48,47,49
839,89,50,46,50
1195,120,240,238,255
125,426,49,51,51
223,319,44,44,45
490,93,41,41,46
649,458,87,87,119
634,187,235,235,255
961,441,53,53,56
934,198,50,47,52
513,444,157,160,174
213,78,128,125,142
658,260,42,47,49
258,252,191,192,210
665,129,46,45,48
426,34,32,31,33
582,224,233,233,255
785,319,46,46,48
433,100,42,41,43
1188,190,239,236,254
327,454,72,65,53
1171,121,238,239,253
307,236,194,197,215
688,125,44,46,50
1148,84,235,231,248
673,260,45,43,51
1116,386,235,232,247
652,107,46,47,48
44,220,30,30,31
703,175,49,48,52
573,204,58,60,61
449,91,39,40,44
879,291,48,47,48
881,31,113,108,107
78,277,38,32,37
920,128,45,47,50
120,116,160,32,39
1069,326,55,52,55
9,253,36,29,31
206,423,47,44,47
893,299,43,45,50
116,246,216,211,230
596,38,44,43,47
101,416,48,47,48
166,333,42,39,41
1172,161,239,236,253
111,374,40,40,45
893,320,43,45,49
533,87,43,45,45
1056,36,105,95,90
429,50,31,32,35
1006,29,107,83,66
607,378,42,45,47
184,17,154,25,38
96,295,29,30,32
560,150,45,44,44
1150,329,230,232,249
482,235,65,63,64
392,365,44,42,45
937,124,48,47,53
1197,134,240,238,255
53,483,52,48,48
1087,324,252,255,255
7,394,44,45,48
515,175,46,51,52
502,144,40,36,37
456,168,40,45,47
778,269,237,237,255
934,429,51,41,45
1018,456,44,49,51
1011,412,48,47,51
271,108,33,27,29
1131,326,231,228,245
897,58,103,99,100
754,453,43,43,46
185,130,43,47,51
731,241,243,238,255
207,312,40,43,47
913,488,167,159,129
1,194,24,23,27
10,145,163,27,33
742,186,55,53,58
1177,153,241,236,253
612,480,180,176,182
845,57,62,53,56
58,217,112,113,116
719,381,44,46,47
302,459,64,59,52
545,305,40,45,46
248,356,42,43,47
386,326,44,44,44
387,28,43,34,31
882,132,50,45,51
1118,109,229,229,244
829,26,79,78,71
292,477,118,111,88
155,432,52,47,54
909,246,241,234,255
522,359,41,42,44
476,65,44,40,45
419,224,225,224,245
1112,484,232,229,243
649,328,43,43,49
405,44,35,29,28
222,495,50,50,48
1060,134,52,48,54
117,378,41,42,43
1113,80,235,229,246
290,182,187,185,203
1024,450,48,46,51
433,116,41,43,43
978,275,44,46,50
562,271,53,53,54
406,464,62,59,55
990,362,47,47,51
1020,154,46,49,53
451,446,149,142,149
29,318,34,37,39
852,470,48,46,51
244,45,109,110,122
740,95,46,45,48
565,40,44,44,48
188,280,211,209,232
781,321,46,47,52
1164,328,237,233,250
1036,143,45,49,52
766,443,43,48,49
880,4,90,83,80
1150,180,234,232,248
796,308,51,47,51
296,203,187,185,204
677,356,44,44,48
326,32,34,33,39
625,149,44,45,48
103,180,186,183,209
967,460,48,46,52
429,348,42,42,45
687,37,49,50,51
913,191,46,49,49
276,80,35,32,32
1146,175,237,232,250
173,2,169,149,174
843,42,97,88,67
283,147,30,27,32
1093,459,239,238,255
809,365,44,47,49
839,273,44,45,50
440,227,229,229,253
376,374,41,46,48
43,192,109,106,119
680,333,46,46,47
598,169,45,45,48
455,422,50,52,55
864,360,47,45,48
721,245,240,238,255
898,43,107,101,103
1046,480,48,50,56
142,148,222,225,246
1089,156,254,255,255
531,162,44,42,48
142,109,57,33,40
857,12,94,94,89
1046,410,49,49,54
1157,370,235,232,250
324,341,44,43,45
269,480,51,50,50
61,409,47,45,49
345,129,32,32,31
957,266,42,48,52
483,134,43,44,48
234,389,45,42,47
264,427,59,59,51
145,149,206,206,226
860,487,147,139,92
739,392,45,45,47
147,95,148,136,155
1152,156,232,231,248
379,362,42,43,44
316,32,41,40,43
888,189,43,47,51
6,21,227,221,245
50,55,106,102,112
67,46,116,109,117
730,377,49,45,51
85,482,50,48,49
1106,69,232,233,252
691,167,46,48,52
922,131,48,47,49
804,16,50,50,53
618,116,43,43,49
162,267,210,207,230
683,173,49,48,54
449,112,46,42,45
13,313,40,39,41
898,317,46,46,50
1124,396,229,228,242
61,475,47,47,50
689,261,44,46,50
858,247,240,239,254
106,13,115,104,115
57,64,102,93,93
1155,269,234,231,247
1105,109,234,232,250
122,168,242,239,255
646,275,46,47,52
487,150,41,44,48
785,261,242,238,255
565,237,235,231,255
631,183,237,237,255
159,148,63,47,69
803,226,237,239,255
1115,291,229,228,247
791,337,49,46,49
671,498,106,79,57
1179,122,237,235,252
589,304,47,46,50
953,464,45,47,50
619,192,239,234,255
848,356,44,46,50
68,11,231,229,254
319,147,36,32,34
287,277,45,43,46
728,61,41,47,49
248,164,189,187,206
430,193,220,222,247
665,262,47,43,51
336,403,43,44,46
1069,124,55,51,55
696,128,51,46,48
856,257,240,240,255
714,424,47,44,45
375,263,211,213,238
49,302,40,34,35
1191,114,240,236,252
1005,430,47,48,52
681,373,42,43,45
185,60,181,168,189
487,106,44,43,46
644,172,51,52,57
318,439,83,81,56
971,105,51,49,54
783,487,165,161,174
78,389,46,42,47
1135,105,229,227,244
1096,2,192,185,175
590,411,41,43,47
813,214,242,238,255
40,269,33,24,30
953,260,46,45,50
871,33,104,98,93
1118,491,229,227,243
1010,123,47,47,52
694,418,43,43,47
649,436,42,45,48
975,181,46,48,51
107,347,39,37,38
862,132,46,49,51
353,385,42,43,48
968,350,42,46,52
202,499,48,46,49
128,245,209,205,227
1163,359,237,232,247
701,282,44,43,48
613,246,234,237,255
1070,219,52,52,57
240,295,43,44,44
873,88,46,49,50
863,381,43,45,48
875,194,42,48,51
545,245,227,227,251
1095,4,203,199,226
301,460,66,61,53
1131,463,225,226,240
995,113,42,49,50
1105,107,235,231,250
243,354,46,43,46
536,18,57,50,48
29,423,56,52,54
347,226,207,205,227
389,88,32,30,32
1111,407,234,235,249
212,176,190,185,205
181,382,46,41,43
912,49,78,76,66
871,188,52,50,50
454,396,76,75,75
194,390,42,42,46
292,460,106,103,70
370,152,42,40,42
200,89,123,126,139
783,159,44,47,48
515,326,44,41,44
75,225,62,43,72
912,245,238,236,255
865,448,43,47,51
904,406,44,46,51
834,376,46,44,48
903,230,241,237,255
1061,261,48,49,54
296,361,40,44,44
345,130,31,31,34
309,316,44,44,45
57,222,132,128,133
627,75,46,44,49
317,32,39,39,41
736,268,49,48,54
346,229,203,201,224
38,423,60,57,54
798,202,49,51,53
118,125,162,33,38
999,415,48,46,51
1194,43,237,237,254
882,74,49,48,53
726,443,45,45,48
142,12,194,191,213
533,46,44,43,47
552,275,49,47,49
310,19,47,46,49
182,415,43,43,45
301,25,46,47,53
95,173,50,33,41
576,397,40,42,45
343,25,44,35,32
361,169,43,45,44
883,251,239,238,255
488,276,52,49,53
460,348,32,26,20
690,396,99,106,145
129,225,198,193,215
806,254,243,240,255
878,357,46,48,51
1,26,227,224,244
74,269,34,31,32
1192,135,238,237,254
146,42,136,116,137
35,484,47,48,50
58,362,41,41,45
928,56,93,92,84
197,289,40,40,43
268,272,40,43,47
802,311,43,47,47
784,66,45,49,51
615,186,234,232,254
565,207,127,117,109
237,287,42,45,49
348,26,38,34,31
689,462,114,91,56
365,416,38,43,42
592,12,103,90,83
81,214,154,150,174
249,177,191,189,207
838,378,47,47,48
393,428,45,43,46
89,167,40,26,30
1109,435,231,231,250
329,419,46,42,48
656,104,47,46,50
839,266,51,51,55
355,237,185,187,211
540,275,45,46,50
799,487,157,152,171
686,87,43,47,50
412,138,42,40,44
358,273,46,47,49
831,177,48,51,51
241,402,42,41,46
496,321,43,43,48
431,394,41,44,46
954,406,45,47,49
921,25,213,150,87
1125,464,229,227,243
964,339,47,45,53
890,204,47,50,53
728,402,128,139,114
500,146,36,31,37
938,469,45,47,51
1047,201,48,47,54
673,178,101,96,109
272,165,187,180,200
670,57,44,46,49
875,454,48,47,51
947,417,49,46,50
997,130,43,47,53
675,7,51,47,51
524,26,64,45,34
377,278,47,45,51
101,139,160,32,41
1130,442,227,225,241
1006,106,50,49,50
821,417,126,128,169
85,76,149,27,31
965,255,47,47,52
235,407,47,45,46
268,225,187,185,204
930,86,50,47,51
727,246,240,237,255
914,40,98,96,86
518,22,58,57,55
55,54,114,105,114
258,431,80,78,58
1126,109,232,230,243
881,58,97,93,87
131,416,46,44,49
76,14,40,35,38
1072,200,49,50,53
537,312,40,43,43
383,109,33,33,35
933,413,46,45,48
434,420,48,47,51
280,275,47,45,44
612,266,46,44,48
201,166,37,26,32
543,386,46,42,46
612,379,40,44,44
722,246,242,238,255
1091,435,234,235,255
30,89,61,47,43
1087,478,236,234,255
531,326,43,42,44
1072,82,100,92,106
125,333,42,38,40
438,78,39,39,40
114,296,33,32,31
409,136,40,40,45
1071,348,69,59,50
731,3,53,54,54
696,9,48,48,50
542,223,228,224,248
993,373,48,48,50
800,168,48,46,52
527,167,45,44,47
1041,423,49,48,52
445,325,41,46,45
951,80,49,47,53
188,110,111,116,126
1088,99,232,234,250
60,44,114,103,114
1050,196,48,50,55
622,72,43,43,46
850,42,96,83,70
625,142,42,46,48
271,494,90,80,54
80,291,37,31,34
295,320,43,42,46
133,221,193,192,211
524,412,37,40,45
901,250,241,241,255
374,309,43,44,44
551,310,40,44,44
1048,125,46,48,51
716,219,61,58,69
73,437,47,49,52
389,178,47,43,50
1160,369,234,235,249
386,57,34,27,30
1117,137,231,230,248
129,5,124,111,127
1004,275,48,46,51
766,207,241,240,255
441,286,46,46,49
386,431,47,47,51
340,115,29,29,28
267,237,46,42,51
710,401,128,142,180
638,306,46,44,47
619,436,44,45,45
344,468,76,72,70
684,227,237,238,253
519,160,42,46,47
1092,169,231,231,238
196,248,200,195,217
393,203,54,50,63
44,19,62,63,66
862,432,46,49,51
602,324,44,44,48
732,165,45,47,49
955,95,45,48,50
361,25,36,31,32
187,50,166,37,46
761,102,49,45,52
247,79,48,48,53
186,470,93,95,89
204,430,46,47,49
311,137,30,29,33
946,28,80,62,57
392,221,212,212,235
482,241,53,50,57
1083,158,252,248,255
542,306,44,45,45
95,221,212,212,239
62,319,39,34,37
77,87,149,22,32
495,345,42,42,48
312,212,192,190,213
63,107,151,21,30
807,38,53,52,56
389,436,198,203,222
1168,68,232,234,252
274,105,33,28,31
125,436,48,48,49
351,106,31,27,31
646,108,47,46,48
592,431,44,41,47
687,196,238,238,255
649,4,51,50,50
373,68,31,24,27
1169,194,237,237,253
631,15,49,49,52
31,451,50,52,54
299,174,190,187,204
959,184,46,47,52
69,228,197,199,208
745,470,109,107,80
1074,231,51,53,56
87,93,151,27,37
74,121,155,24,36
839,430,49,46,49
335,486,137,138,151
921,217,45,47,50
839,435,41,46,50
134,315,38,35,38
127,196,62,62,70
139,214,201,195,216
619,355,42,43,45
461,183,49,47,50
678,351,46,45,50
137,192,167,165,183
1090,324,240,240,255
100,164,37,28,28
1187,448,236,236,249
883,65,78,73,71
784,78,51,46,52
1146,77,234,231,247
193,365,46,42,47
317,94,30,25,25
957,15,105,77,61
2,77,117,104,113
729,408,45,45,49
177,344,40,39,46
36,345,44,42,42
1049,279,234,233,255
863,10,96,92,88
346,359,42,44,44
767,283,46,46,50
1110,148,237,233,252
792,15,52,50,54
274,124,31,27,27
704,137,47,44,50
517,137,41,44,49
613,39,46,43,49
977,342,46,46,53
226,10,179,164,188
56,230,34,33,35
221,39,54,34,43
1032,181,46,50,55
1038,456,45,48,54
397,478,60,59,59
286,495,46,46,49
1095,176,245,245,254
870,226,240,240,255
90,456,47,47,49
900,96,48,48,52
288,412,44,42,46
269,303,42,42,45
905,107,44,48,51
349,407,40,43,44
137,306,39,38,39
108,78,146,130,152
77,247,43,41,45
199,393,43,44,47
686,359,44,44,47
636,8,49,50,50
142,107,151,149,160
682,22,49,49,54
548,266,231,228,252
536,226,227,227,251
653,226,239,236,255
261,340,42,43,47
660,249,45,47,51
129,481,50,47,49
58,8,232,229,254
222,196,189,184,204
267,485,87,73,54
273,487,86,73,52
1091,240,237,230,202
498,104,40,44,44
1028,315,43,47,52
901,434,49,48,52
363,338,45,44,45
239,179,193,188,208
600,67,44,44,49
1094,495,241,235,255
384,28,41,31,30
1117,428,227,228,245
175,269,208,206,229
840,144,49,47,53
1066,429,49,52,57
1039,101,51,49,53
975,295,45,46,51
444,259,236,231,253
1077,258,227,229,251
119,365,36,38,44
196,216,193,187,208
113,337,38,36,37
210,129,35,34,38
747,451,48,47,51
724,428,47,45,50
397,414,41,43,45
375,135,37,38,40
493,359,39,43,47
32,251,31,28,28
284,255,199,196,216
1073,236,53,52,56
181,371,41,43,47
460,361,52,43,48
5,282,31,30,34
1100,226,238,238,254
818,206,54,51,53
361,399,44,43,46
1060,25,91,76,63
773,225,237,237,255
1060,419,49,48,53
426,371,44,44,46
253,5,180,168,193
580,394,42,44,49
1095,324,239,238,255
688,21,50,49,53
1121,491,229,225,241
940,13,198,180,173
663,262,44,47,50
292,486,69,68,60
744,29,49,49,54
427,487,53,52,64
1082,8,227,225,236
1177,496,233,233,252
28,237,36,27,30
200,165,36,29,33
184,369,41,43,47
293,263,202,200,222
472,317,54,56,58
231,288,44,44,45
204,127,35,36,37
707,235,238,235,255
1096,459,236,237,255
199,353,45,43,46
266,48,73,71,88
1093,377,244,244,255
1103,469,234,232,248
419,11,37,31,31
917,302,46,45,45
717,37,63,57,54
675,144,43,46,47
366,454,96,90,83
778,483,160,154,165
562,103,42,44,45
659,263,43,45,47
862,387,45,45,50
529,120,43,43,48
1161,333,236,232,248
635,439,43,46,46
1198,292,241,236,252
119,243,188,183,197
290,235,190,189,209
901,122,44,48,48
767,430,47,45,51
333,190,193,191,210
539,490,150,144,134
984,59,112,91,73
41,361,40,42,44
116,173,247,243,255
1021,417,44,48,50
47,301,35,32,35
279,215,193,190,208
644,190,241,240,255
1157,162,237,234,249
245,37,36,30,34
563,306,42,44,46
720,3,54,52,53
560,127,44,45,48
330,398,44,42,44
554,227,154,145,134
771,218,241,240,255
379,465,80,73,68
370,460,137,115,120
1075,476,55,52,58
563,59,48,42,48
1089,495,240,240,255
1198,393,238,236,252
427,92,44,39,43
487,498,117,107,61
79,406,47,44,46
879,262,240,238,255
513,200,72,69,84
636,246,47,45,51
839,352,45,46,49
663,247,46,46,48
50,279,35,31,32
45,2,227,225,251
1006,363,45,46,50
386,409,39,42,48
375,451,170,112,108
529,34,40,39,44
54,431,55,52,52
160,389,46,43,51
215,257,201,200,221
526,226,221,223,248
458,489,136,134,143
1125,13,229,229,245
1001,461,48,47,51
671,320,40,46,47
494,487,119,108,67
441,170,44,43,47
625,485,165,161,181
969,162,48,48,50
364,228,207,209,228
394,276,46,46,50
596,57,44,44,49
855,449,47,47,50
46,304,36,31,34
816,124,48,47,48
518,394,39,43,44
91,208,185,197,216
1041,338,48,47,52
151,19,154,140,159
689,402,45,43,49
702,483,131,110,79
515,247,220,222,244
624,347,46,43,47
820,412,98,85,68
180,287,38,40,41
627,149,45,45,50
767,92,47,47,51
530,47,46,44,45
701,464,123,101,66
951,227,47,46,52
737,202,240,239,255
989,367,46,45,50
1087,377,124,112,78
331,190,193,188,211
195,97,121,124,141
672,144,45,47,48
221,261,202,202,221
882,315,40,46,46
561,286,43,44,46
920,493,172,158,110
726,387,45,47,51
664,48,43,45,49
748,126,47,47,49
1057,75,86,72,64
147,98,145,134,154
483,440,172,180,198
787,494,163,160,177
39,205,79,77,88
10,265,31,30,32
837,268,49,49,51
1173,38,238,233,253
990,27,118,92,69
1,343,41,40,42
525,118,45,45,45
364,111,31,32,32
638,192,241,236,255
1065,441,49,51,55
1005,26,115,84,66
972,86,50,49,51
261,169,190,186,207
97,247,215,215,237
278,240,147,147,165
644,396,42,46,48
70,203,160,165,186
894,184,48,46,51
332,116,29,29,34
460,275,232,234,255
559,133,44,44,46
358,364,42,42,44
616,26,49,50,50
45,151,160,28,33
594,446,135,135,143
173,33,176,161,184
808,132,43,46,48
373,375,41,43,48
181,342,40,42,42
244,348,48,41,46
160,457,50,49,53
379,203,61,49,65
157,157,49,48,53
341,58,30,24,25
970,0,109,89,92
65,136,159,57,86
1,287,41,33,35
916,116,46,47,52
1043,359,51,49,53
958,292,47,46,52
972,499,54,54,54
55,250,35,30,30
186,258,203,203,224
1170,165,237,235,251
463,249,62,54,66
487,469,156,160,177
1104,405,240,236,255
378,135,36,39,40
550,351,41,41,47
775,67,47,46,54
894,144,47,48,49
565,481,144,138,126
288,320,44,43,46
356,171,56,53,60
97,453,48,47,52
637,361,43,43,47
929,46,115,115,107
699,316,48,47,51
105,262,134,135,168
1131,229,230,228,240
817,257,238,237,254
916,126,46,48,51
1131,401,228,226,243
437,473,39,24,24
822,360,44,45,49
1195,340,241,237,253
426,167,46,43,45
948,266,50,43,50
1156,381,237,234,251
1081,97,243,243,255
206,410,42,46,45
371,81,28,27,32
220,30,173,164,184
37,123,152,20,30
817,485,152,144,159
914,294,43,47,49
846,379,45,44,48
497,451,151,154,171
399,181,45,46,51
677,102,45,46,50
449,245,225,226,247
448,405,29,28,27
873,291,46,46,49
670,123,46,46,49
906,474,52,51,52
831,367,44,47,49
819,147,49,47,53
269,120,30,27,29
1174,234,241,238,251
713,191,239,237,255
512,243,220,221,243
702,282,42,44,48
1171,307,237,234,252
613,343,45,44,47
1105,384,241,235,252
582,398,40,41,43
278,282,41,44,48
487,171,69,63,67
935,8,239,237,255
65,92,150,25,33
434,433,75,70,73
234,152,37,27,30
455,123,46,42,44
378,108,30,31,35
105,360,46,40,43
945,267,48,46,49
365,216,178,172,183
683,456,108,83,57
1025,384,51,48,50
538,388,39,41,41
1058,308,56,53,61
243,323,43,44,45
276,148,32,27,32
262,41,212,214,235
92,345,39,37,40
950,309,43,47,49
1134,275,232,228,244
430,141,41,42,47
1171,22,239,235,252
478,229,39,39,45
381,114,35,34,36
852,294,47,48,52
551,199,62,57,66
636,9,50,51,52
567,410,45,43,45
202,155,34,29,31
77,358,41,39,42
303,140,32,29,33
199,455,50,47,49
935,292,45,45,49
821,391,46,45,47
731,456,46,46,51
498,109,49,44,48
687,156,45,46,49
661,30,46,49,50
598,283,45,45,51
1025,200,51,48,53
1144,483,233,229,247
445,177,48,45,49
1043,146,47,48,52
545,370,44,43,46
294,216,190,189,209
377,163,39,43,42
824,481,170,170,181
728,108,41,45,48
861,296,46,46,50
612,110,44,46,49
1008,134,51,47,52
946,53,97,70,62
1113,32,236,234,249
622,0,49,49,53
964,498,52,53,57
1000,175,46,48,51
342,22,40,36,36
583,356,45,44,45
1058,452,49,50,52
622,247,220,222,252
1182,19,241,237,252
785,90,50,46,50
948,1,121,86,69
639,39,42,45,50
139,414,42,42,44
850,141,44,46,50
1045,305,235,238,255
814,337,45,46,49
307,105,30,25,26
348,69,36,26,28
659,422,39,44,45
112,257,217,214,237
1012,119,50,48,54
58,455,46,47,48
1037,96,50,49,55
636,152,45,45,48
675,197,239,237,255
367,141,40,39,43
84,269,37,33,37
1121,201,231,228,248
601,378,43,44,48
309,469,129,119,93
433,460,37,37,41
1069,489,53,53,55
464,93,40,41,45
189,343,42,42,46
461,455,178,187,204
704,2,50,50,52
509,356,45,41,46
467,399,40,47,46
695,474,126,99,70
1133,370,231,227,245
187,212,78,72,77
789,37,46,49,52
280,228,187,182,203
549,320,46,43,48
314,301,41,43,46
629,234,56,52,59
880,404,49,46,54
936,397,47,46,49
149,396,44,43,46
898,185,51,47,50
248,324,41,43,47
73,21,93,88,98
399,336,44,44,47
995,152,46,49,52
743,326,45,46,46
770,405,101,86,102
302,124,30,30,32
859,488,153,147,104
595,428,46,42,47
31,38,230,228,251
657,156,41,48,48
1072,69,70,63,61
10,240,31,28,30
319,457,95,90,65
999,138,50,47,52
751,480,157,154,150
846,492,161,149,104
793,64,46,46,50
985,69,97,83,73
680,361,42,43,46
848,166,48,48,52
648,149,45,44,46
779,119,47,45,50
130,116,166,37,46
624,216,202,196,194
1058,32,105,91,77
994,300,48,48,49
186,49,164,36,47
969,182,49,48,51
1146,326,231,229,246
579,266,234,233,255
86,290,36,32,31
936,149,47,46,52
906,498,175,159,93
890,110,46,46,51
8,14,97,86,111
313,83,29,24,29
520,399,42,42,48
661,275,42,45,49
676,271,45,46,49
742,79,43,45,49
1014,381,46,48,53
386,4,43,30,32
1079,490,55,54,60
896,492,173,155,86
773,159,44,48,49
58,31,113,104,125
57,130,152,25,33
38,345,42,41,44
550,23,47,48,47
790,372,45,46,53
751,170,47,47,52
810,196,49,48,51
134,375,44,43,46
41,304,34,32,36
447,187,160,156,163
817,179,47,48,53
518,178,204,203,218
219,470,44,46,48
859,335,45,48,50
305,186,190,186,207
732,342,45,42,48
247,433,76,82,58
1081,430,249,248,255
878,167,45,48,53
639,201,238,235,255
1109,175,236,234,252
406,255,225,224,247
493,433,171,171,190
184,401,41,43,46
655,420,42,43,48
996,437,48,46,53
886,414,44,46,49
459,473,184,185,207
1018,373,47,48,52
180,144,32,36,38
515,335,38,43,45
476,319,52,50,54
774,329,44,45,50
1138,289,229,229,243
720,148,48,47,53
714,165,47,45,50
391,267,220,218,243
847,422,134,137,121
980,421,47,47,50
90,300,38,30,34
846,71,48,47,51
292,205,55,44,55
901,170,46,47,50
935,154,47,47,52
726,452,47,46,49
127,98,161,34,41
150,211,190,188,206
159,497,49,48,51
419,31,38,30,32
902,426,56,42,91
965,55,71,61,55
19,201,87,86,96
1173,211,238,235,251
798,60,46,47,51
467,424,47,47,50
13,454,53,48,50
96,408,43,42,46
811,35,53,51,56
766,446,49,48,50
1075,134,53,53,56
125,269,213,212,234
116,308,33,33,33
777,411,63,50,52
312,332,44,43,46
605,204,221,226,251
1064,485,51,52,54
43,186,140,54,59
505,323,40,43,44
1177,375,234,235,252
1059,481,50,48,53
696,328,44,46,49
203,257,203,200,225
699,49,44,44,47
290,375,45,41,46
799,492,162,159,175
450,484,174,179,196
596,488,179,178,188
610,292,47,45,46
517,132,45,44,47
563,376,43,45,47
261,384,40,43,44
57,460,46,47,48
488,479,114,110,68
860,240,184,172,181
424,209,223,222,242
673,73,44,44,48
961,227,41,47,53
1186,77,240,238,250
470,100,43,42,43
959,232,49,47,51
42,319,37,37,37
948,112,48,47,53
943,373,46,46,51
339,48,37,23,23
744,118,43,48,49
1063,358,50,50,56
725,332,46,45,49
769,484,161,158,162
379,38,34,26,25
459,469,183,186,206
905,486,137,127,77
557,408,40,43,46
843,76,45,47,50
379,375,41,44,47
950,209,45,48,50
304,201,192,188,208
524,177,104,105,113
535,235,217,222,250
881,478,52,48,51
547,182,226,227,248
273,205,187,187,204
871,95,47,48,50
567,3,93,82,70
349,281,43,44,43
392,445,195,203,222
505,123,31,30,32
98,205,226,228,255
406,139,44,40,45
21,277,38,31,32
465,449,179,184,201
1022,257,48,46,50
963,213,46,46,51
1058,462,47,50,53
297,472,124,116,93
348,377,42,42,45
671,222,72,58,78
939,24,93,67,61
476,77,42,42,45
578,457,120,116,107
348,452,73,72,52
790,495,166,165,170
338,123,34,28,33
647,413,44,44,47
735,265,53,52,56
717,440,44,45,49
593,484,186,178,187
109,336,37,35,38
327,248,202,202,218
560,433,43,42,46
1097,200,240,241,255
276,283,44,41,48
962,415,46,47,50
232,115,34,32,35
413,261,229,228,247
543,122,43,45,47
119,39,191,190,208
679,443,40,43,44
170,411,47,44,47
544,100,45,45,46
972,248,49,46,52
440,333,44,46,49
949,14,115,78,66
817,161,48,47,53
1126,167,230,229,244
763,149,47,46,49
575,267,234,234,255
158,128,134,141,156
364,213,58,55,61
1100,239,238,238,255
154,279,211,208,232
326,473,120,118,129
257,425,52,52,51
368,432,59,55,51
828,480,170,167,179
1166,162,240,236,253
510,11,81,61,50
236,467,95,91,60
529,485,112,105,87
93,96,155,25,37
646,465,187,193,216
946,365,49,47,50
650,254,46,48,50
862,53,104,86,65
570,309,39,44,47
100,185,241,245,255
654,327,43,44,50
235,61,203,205,224
1169,405,238,235,252
770,428,45,46,50
320,141,31,30,32
855,487,169,155,117
14,226,35,24,32
384,314,46,44,45
477,227,40,47,52
143,128,203,190,211
508,489,127,112,74
507,221,217,215,235
454,83,43,41,44
448,110,43,42,44
160,97,200,187,209
561,387,41,44,46
794,133,47,47,49
741,108,44,45,49
1105,175,243,239,255
714,471,152,144,150
1040,391,48,48,53
598,468,119,114,95
520,322,40,45,46
60,124,152,26,36
72,28,121,112,128
983,438,121,117,115
379,32,36,25,26
97,351,36,35,40
354,359,43,40,47
642,342,44,45,47
802,369,47,48,51
280,329,41,42,44
1082,471,239,238,255
551,87,43,45,47
33,74,112,102,110
209,371,40,44,45
948,287,47,44,48
283,44,42,42,47
1059,145,50,50,53
393,318,47,44,47
41,371,44,44,44
215,88,189,182,207
912,164,47,46,51
27,486,64,58,56
802,494,156,154,171
78,494,48,47,52
622,157,45,45,48
797,252,241,238,255
147,266,212,209,232
196,65,48,34,40
188,450,62,59,56
471,266,50,47,55
229,221,189,186,206
760,160,46,46,49
792,1,51,50,55
559,418,44,43,50
54,460,48,45,49
755,9,49,49,53
921,257,45,48,51
492,454,164,166,181
547,304,41,44,48
438,152,42,41,48
154,216,195,192,212
430,330,45,43,47
1103,284,240,233,253
619,452,190,194,213
1163,22,239,237,252
901,426,101,116,167
1072,297,51,51,56
15,16,224,223,244
201,478,47,47,50
625,10,50,50,51
414,420,45,43,47
751,45,50,49,53
520,90,47,46,48
56,68,32,30,31
127,187,216,217,244
916,229,169,167,237
1108,218,236,236,254
519,145,45,46,47
848,453,51,46,49
896,493,175,155,83
1021,107,48,49,51
1194,96,239,237,254
892,404,47,46,53
398,438,198,203,223
762,437,47,44,49
701,137,46,49,51
463,300,77,77,80
568,429,43,42,44
1149,481,231,227,244
835,341,47,44,50
917,405,46,44,49
350,201,61,59,77
258,87,40,35,40
621,243,235,236,255
29,441,48,51,48
37,229,33,32,28
490,208,156,160,174
118,371,38,40,43
620,356,40,45,42
108,298,40,35,33
81,173,211,199,222
19,321,39,36,42
1016,79,98,85,71
708,262,47,46,51
1031,110,46,48,53
808,351,46,43,50
617,305,42,42,49
1159,407,236,233,250
215,482,43,46,51
871,213,44,47,50
115,0,116,106,117
752,488,163,159,166
223,64,102,105,116
1188,94,238,237,254
238,73,156,152,165
433,47,39,34,36
55,339,35,39,42
837,121,53,47,53
404,136,42,41,47
481,379,44,41,44
198,20,187,167,191
113,81,147,130,154
734,237,237,237,255
18,397,45,43,49
861,209,47,48,53
330,24,42,37,41
600,101,47,43,48
1184,220,238,239,252
33,225,36,30,31
994,303,47,48,50
226,236,53,40,52
390,185,205,202,222
1169,223,239,236,251
675,153,45,45,51
450,164,45,45,47
706,330,46,45,50
192,314,43,40,42
1044,247,45,48,52
31,186,95,94,102
437,410,55,56,59
409,53,32,30,33
507,90,15,16,20
183,251,204,200,220
1198,436,234,234,252
1030,235,49,50,53
59,109,151,22,33
572,49,46,44,46
833,173,47,46,49
961,428,45,47,51
200,24,187,168,191
1058,148,53,49,53
340,136,33,33,34
1182,495,240,236,252
550,446,144,143,152
544,463,128,126,135
951,448,52,46,49
1188,174,238,235,251
422,54,34,32,35
942,71,94,89,84
430,200,224,223,246
243,390,44,46,50
623,460,96,95,96
903,117,44,47,53
96,13,109,105,118
942,146,46,45,49
936,170,48,47,52
151,401,40,42,47
535,132,43,45,49
900,239,243,238,255
614,413,41,41,44
541,191,228,227,250
162,201,50,43,49
964,8,107,76,60
563,54,41,46,46
2,149,170,29,40
1124,322,228,224,244
759,465,127,128,101
588,389,42,42,45
889,167,47,47,50
933,240,46,46,49
1056,277,72,62,94
89,64,195,193,209
133,243,206,204,224
1113,209,233,231,251
1054,366,49,49,51
860,291,49,47,48
402,373,43,44,46
608,91,41,45,48
876,366,45,44,50
21,139,158,24,32
994,25,121,94,69
721,53,46,48,48
1159,111,233,234,249
683,437,45,45,47
436,200,169,163,198
528,149,43,45,48
589,465,115,107,92
749,447,48,46,47
34,197,66,85,69
626,154,45,47,49
779,55,44,46,50
606,341,44,43,44
706,8,56,50,52
418,410,45,45,46
678,220,230,234,254
633,14,52,50,52
742,48,42,48,50
763,92,47,46,50
764,1,51,51,53
740,426,44,47,48
678,219,143,133,150
350,382,42,44,48
272,146,33,30,33
369,111,33,33,36
380,16,34,28,28
839,200,49,48,53
186,424,46,49,47
637,382,52,48,45
192,42,192,178,199
97,433,48,47,53
718,254,242,238,255
1017,282,45,49,49
611,204,73,62,66
454,82,43,41,44
263,355,44,41,47
926,222,50,46,53
946,173,41,48,50
869,188,46,45,51
851,255,244,240,255
1095,111,236,234,244
73,438,44,48,51
910,330,46,45,50
112,345,34,37,39
545,385,39,42,45
810,194,50,47,51
477,142,44,44,46
711,428,45,44,46
743,441,44,46,48
713,277,44,45,51
984,181,49,49,51
675,216,62,58,66
176,161,38,36,42
855,104,45,48,51
715,101,45,46,49
206,429,43,48,46
863,172,46,48,50
538,315,41,44,45
428,279,48,47,50
1105,84,236,232,252
113,168,140,142,166
1062,479,47,51,56
217,355,43,43,47
62,25,31,31,32
299,358,42,42,46
117,85,151,139,161
659,141,43,46,48
873,214,46,48,51
869,170,43,49,50
53,63,119,109,114
250,22,207,195,215
1164,146,239,235,251
48,143,158,28,34
73,43,121,109,118
388,397,46,47,47
843,7,96,92,90
132,83,152,137,156
1054,370,48,50,52
465,442,178,187,208
952,432,49,47,47
605,309,40,44,48
211,133,32,33,37
457,199,231,226,247
140,394,43,44,45
231,90,37,38,44
1072,41,115,102,110
56,389,42,41,44
896,3,133,107,78
886,224,239,237,255
522,261,225,225,247
916,403,42,47,48
950,7,123,82,64
118,393,42,43,45
41,473,51,46,49
23,172,173,34,40
203,101,136,140,156
1167,158,239,237,254
965,341,48,47,49
1057,499,48,52,56
1180,397,242,235,250
1196,375,240,236,253
273,499,104,88,62
133,286,41,37,40
181,458,52,45,48
639,498,145,142,155
1144,287,230,230,244
206,445,45,46,49
651,98,49,44,49
159,23,162,144,171
267,423,43,44,46
795,314,46,47,51
893,131,47,48,51
268,320,42,43,46
199,470,46,47,49
928,380,45,47,50
738,418,43,45,46
1155,126,237,234,250
646,443,50,47,49
1036,312,50,51,53
1071,68,77,67,63
926,81,48,47,49
457,262,233,235,255
1161,152,238,235,250
354,169,43,43,46
782,423,47,46,48
748,52,48,45,50
336,441,78,77,56
460,264,237,237,255
763,132,46,48,51
1049,352,48,49,52
354,225,205,206,228
256,254,195,194,216
0,480,51,49,50
341,296,48,42,47
535,109,44,41,49
355,277,47,43,47
1052,368,46,49,52
144,299,40,35,40
990,288,44,48,48
980,80,56,56,57
953,4,119,86,62
531,456,165,161,170
703,489,131,107,85
211,380,43,43,45
1162,58,239,235,252
901,61,106,102,95
904,4,155,100,66
253,256,197,194,215
911,457,49,48,51
114,195,219,221,246
652,416,43,44,46
818,427,44,48,49
437,99,43,39,45
697,122,47,45,48
581,271,128,134,166
947,22,101,70,60
1157,369,235,232,248
648,394,70,70,90
752,418,48,46,47
1073,147,54,54,56
135,158,233,232,252
113,92,174,107,125
281,28,111,114,129
870,118,49,48,52
109,201,227,228,253
511,115,44,42,45
390,498,90,79,55
1022,54,89,78,62
1181,289,239,237,252
821,449,48,47,50
201,20,187,169,190
13,165,174,32,39
294,164,185,181,196
466,334,46,48,49
76,213,224,224,249
121,463,51,48,52
587,227,235,236,255
209,111,41,40,45
745,359,43,47,50
94,264,45,41,40
1153,219,233,232,247
924,245,47,46,51
612,283,42,44,46
908,206,47,45,51
70,38,115,101,114
374,7,43,33,27
421,325,45,47,47
673,141,44,43,48
832,258,237,238,255
350,319,41,43,46
787,464,50,49,51
254,19,60,43,70
1016,209,49,49,55
388,479,60,58,50
1160,446,233,232,246
546,71,46,43,46
38,12,226,223,248
740,459,59,50,52
1019,151,50,49,53
397,493,81,74,53
526,66,45,45,47
503,301,44,44,45
177,364,45,43,45
248,339,44,43,48
216,304,43,41,47
813,27,54,54,55
146,223,200,193,217
647,5,51,49,52
441,224,231,228,249
354,206,68,65,74
35,270,36,33,30
187,208,184,178,201
496,45,42,42,44
458,478,185,185,205
713,285,43,44,48
295,194,189,186,206
20,261,38,32,33
121,27,27,26,31
841,387,44,43,52
56,441,46,48,46
665,275,43,45,47
985,138,45,49,51
574,414,41,43,45
379,236,211,210,232
892,176,49,48,53
49,49,117,104,115
11,395,46,43,47
901,199,43,48,52
1132,196,229,228,240
1158,364,238,236,250
742,309,44,46,52
36,81,109,95,98
743,299,41,46,49
333,131,35,28,31
587,337,41,44,46
108,295,38,35,35
637,275,45,46,48
87,396,42,43,45
665,363,46,45,47
985,105,49,49,51
1150,289,232,230,246
1097,111,238,234,251
171,35,175,158,183
576,192,94,78,97
330,19,41,37,40
743,495,157,149,115
1158,152,238,233,250
30,426,51,52,52
832,357,45,45,51
410,340,45,46,47
1097,286,242,238,255
1030,209,48,48,51
810,121,45,47,48
782,433,46,46,51
616,433,46,44,47
208,84,127,130,144
377,360,44,44,46
622,26,50,49,53
427,124,43,42,45
799,120,49,46,51
667,309,44,43,48
477,204,212,213,235
774,394,40,46,47
146,170,204,208,231
656,144,47,46,48
590,60,43,44,47
776,78,46,45,50
654,75,45,45,47
992,185,46,47,51
368,5,41,30,33
892,18,79,70,63
335,54,31,24,28
727,170,48,49,51
768,97,46,47,49
1064,437,49,50,54
729,202,241,239,255
990,200,47,47,52
413,477,111,100,95
684,257,44,44,48
313,310,41,43,45
289,212,117,103,117
10,455,48,48,52
469,360,45,50,50
772,146,46,48,50
699,456,118,102,69
1163,454,232,233,251
213,108,39,42,48
101,296,37,32,32
212,252,201,196,217
796,116,45,47,50
976,91,48,48,49
746,292,42,46,47
198,355,41,42,47
548,83,42,45,46
200,18,189,171,192
12,237,34,27,28
58,196,107,107,110
711,328,47,46,50
960,258,46,46,49
766,455,45,47,52
155,39,151,134,156
936,276,46,48,47
529,163,48,45,47
709,422,43,43,48
783,261,243,241,255
341,360,41,42,45
1026,473,50,47,50
1121,179,231,228,244
843,171,47,46,50
1075,345,68,59,60
466,386,45,45,50
63,453,47,47,48
326,175,193,191,212
7,366,46,43,47
845,263,229,229,254
391,464,75,67,65
981,129,50,49,53
892,488,175,160,85
353,230,191,192,208
200,20,189,174,192
687,379,44,42,48
614,159,45,46,47
1145,348,234,230,245
550,224,94,70,117
405,361,43,42,47
437,7,34,29,30
953,98,46,46,51
577,6,95,81,62
983,309,47,45,50
1114,312,230,229,248
91,495,48,48,51
988,420,49,47,51
258,27,208,201,219
360,166,43,40,44
889,354,45,47,49
1172,332,238,234,251
498,124,72,65,67
40,420,58,57,55
594,490,181,185,194
1198,460,239,234,249
428,135,41,43,45
160,118,39,33,35
768,142,48,48,49
445,274,231,230,252
375,78,37,28,32
880,376,48,47,49
1054,384,48,49,52
1019,18,95,76,61
225,400,45,45,47
1103,46,236,234,250
779,407,133,135,129
962,214,48,47,51
58,29,48,34,44
228,376,42,45,46
148,435,50,47,49
31,437,51,49,53
1083,421,249,247,255
956,441,57,47,49
652,151,45,47,50
76,495,46,46,48
320,355,41,44,45
203,457,44,48,46
1096,142,243,239,255
62,169,168,31,38
42,128,151,23,32
414,250,218,218,231
117,479,49,46,49
547,486,114,106,95
406,113,37,39,42
102,4,109,97,109
161,390,44,42,46
239,469,85,82,52
605,53,41,44,48
190,248,199,195,217
974,399,43,48,51
1068,78,80,69,75
78,469,75,66,58
601,146,42,43,46
216,31,184,171,195
313,457,102,94,64
740,237,239,237,255
319,474,116,111,114
804,384,43,45,48
1120,380,229,230,246
816,29,50,53,55
751,252,242,236,255
1067,49,89,86,88
695,198,241,238,255
84,417,49,53,50
932,424,45,46,49
48,304,32,31,32
221,284,110,112,141
748,482,143,141,129
334,182,196,193,215
375,371,42,44,45
533,128,46,45,47
437,59,39,37,41
1036,53,133,120,98
1020,6,109,83,65
97,308,39,31,34
177,306,37,37,40
991,238,50,49,52
526,421,41,42,45
600,492,177,177,187
533,328,40,43,45
828,174,47,47,52
10,133,161,23,33
991,179,44,48,52
798,450,49,46,48
300,442,67,63,53
452,359,62,61,69
685,158,46,45,49
649,313,47,46,48
269,126,35,27,30
304,202,190,186,208
883,184,44,46,51
798,172,47,48,52
623,106,45,44,51
620,424,43,44,45
851,207,48,46,52
1150,225,236,233,250
659,385,43,44,48
806,302,46,45,47
1120,15,231,230,248
67,120,155,23,35
723,115,47,46,48
688,83,46,46,46
1069,341,53,52,57
800,334,42,46,46
420,467,158,151,148
992,11,130,96,69
158,58,132,119,137
1014,384,45,46,51
624,252,53,53,58
1153,18,234,232,251
1090,318,245,249,243
325,314,43,44,45
1133,11,230,227,246
1072,270,50,50,56
54,323,37,35,38
83,60,190,187,207
1153,71,236,235,248
709,42,49,48,48
623,353,44,45,49
414,209,90,87,92
767,337,46,46,47
2,484,46,46,50
364,145,39,38,39
1035,149,49,50,56
0,375,46,44,47
203,87,113,119,134
880,423,159,177,194
21,330,37,40,42
670,151,49,47,48
191,497,47,48,47
1005,436,45,47,54
331,259,207,206,229
746,487,146,149,142
835,447,46,46,52
1165,464,233,232,247
918,241,53,52,61
63,17,214,217,235
196,470,48,47,52
725,338,43,45,45
674,16,53,51,53
982,244,46,47,51
321,26,41,40,41
459,494,125,121,73
838,107,47,46,52
802,281,48,46,51
485,38,83,59,50
266,120,34,29,30
406,15,36,28,31
255,446,58,54,51
644,15,50,50,53
245,253,196,196,217
1104,235,241,236,252
113,148,199,189,210
794,151,45,47,50
139,375,38,40,46
701,444,43,46,46
749,157,47,46,49
415,131,43,41,45
959,100,48,47,51
293,277,40,43,44
887,396,44,46,50
808,341,47,45,47
1012,233,48,46,52
533,246,162,152,159
258,96,34,28,33
1186,296,238,236,253
158,214,194,190,210
101,399,44,43,47
1125,176,233,230,246
134,308,37,34,37
881,304,42,45,49
841,168,44,47,50
676,355,45,44,46
757,176,49,47,54
395,233,212,213,233
406,325,44,42,49
928,35,214,169,98
935,80,50,48,51
943,249,48,48,51
481,106,37,44,43
216,167,37,32,36
794,373,45,48,51
594,242,237,237,255
895,149,42,46,51
757,92,49,46,50
212,411,40,43,46
949,336,45,46,46
527,361,43,38,44
1157,182,232,231,249
613,139,43,45,48
86,13,101,94,106
97,428,50,48,51
1168,109,234,235,248
1006,349,47,46,52
738,436,48,42,48
313,61,35,26,30
1175,170,239,237,253
225,409,45,45,47
281,222,191,188,209
567,325,41,43,42
156,331,37,39,42
1151,203,239,232,246
97,271,38,31,37
706,364,45,46,48
419,397,46,45,47
1032,459,47,50,51
874,271,54,51,56
589,462,114,105,91
523,430,46,45,47
560,332,39,44,45
19,474,48,47,50
607,358,45,44,47
331,279,42,42,46
1066,62,113,101,98
362,297,45,43,44
335,1,94,87,97
926,212,50,47,52
73,159,164,33,40
198,188,194,187,208
172,301,35,39,38
729,265,47,49,53
537,24,74,60,52
572,492,173,167,172
127,361,42,38,42
18,264,37,25,26
328,271,49,46,52
953,88,48,48,49
788,409,48,46,48
980,330,49,47,49
598,385,45,43,47
729,344,46,45,51
942,473,49,50,54
412,439,112,105,107
733,16,50,49,50
312,498,45,45,50
543,350,41,45,46
830,77,46,48,50
1127,438,223,224,240
770,262,239,237,255
673,238,172,175,206
723,218,91,86,132
752,466,133,134,109
1110,262,235,233,251
792,330,42,49,50
979,116,47,47,53
140,187,208,207,232
454,458,184,185,204
747,335,44,45,48
600,252,164,165,197
443,87,41,42,42
465,265,221,222,244
339,405,42,42,46
33,453,53,52,54
198,220,189,183,204
1072,310,58,56,58
1118,405,230,229,249
1080,454,54,59,63
699,12,49,49,52
37,424,57,56,55
85,149,160,28,36
833,1,97,90,89
1092,149,144,132,114
125,475,47,45,51
1042,174,49,51,56
995,220,49,47,50
913,286,45,49,49
126,316,38,34,36
790,43,55,55,57
95,239,218,214,238
775,191,44,49,49
192,384,44,43,47
451,87,42,42,44
512,411,42,44,45
1172,450,236,232,250
91,424,62,60,54
974,168,49,48,50
111,331,35,33,35
932,65,88,85,79
920,497,172,159,122
1093,230,242,238,255
1038,251,47,48,51
1030,169,48,47,53
269,182,190,184,204
403,235,212,214,239
783,343,47,46,50
371,2,40,32,29
1184,367,238,236,253
546,186,228,226,250
12,38,116,103,111
663,491,108,78,58
1138,224,228,228,247
513,159,48,46,49
321,291,40,45,49
108,404,43,45,47
441,329,43,43,47
1100,29,243,242,255
718,135,45,45,49
898,393,45,45,49
1165,102,236,236,250
203,244,172,166,181
396,399,47,45,49
881,72,49,47,52
1014,81,101,85,70
994,85,50,48,51
134,89,154,142,164
895,268,240,237,255
335,258,207,208,229
975,112,45,44,51
899,370,47,47,49
968,324,49,47,49
818,455,47,47,51
946,280,43,46,48
273,321,43,43,47
15,207,30,31,27
70,317,37,31,35
625,42,43,46,47
975,321,47,44,50
809,55,48,48,52
285,445,59,59,54
487,499,108,98,59
98,440,52,46,50
931,295,44,46,49
955,112,42,48,49
668,91,48,44,50
569,232,236,234,255
128,154,142,147,165
534,198,96,97,105
378,301,41,45,47
293,491,47,45,48
936,361,47,47,52
794,68,47,44,51
954,335,44,46,48
300,451,66,65,51
765,294,46,47,51
50,294,33,32,30
359,40,37,27,26
923,111,48,46,51
610,355,39,44,46
71,168,167,37,46
705,29,63,55,57
639,24,50,51,52
104,425,107,82,102
781,376,45,44,49
200,185,188,185,204
986,13,119,86,66
328,267,206,206,231
239,377,41,44,46
1025,256,46,49,53
1147,379,231,228,244
1090,233,227,234,234
182,223,192,189,209
766,3,48,49,51
738,434,40,47,48
732,31,53,51,53
579,415,43,42,46
908,387,49,46,52
739,6,52,51,52
398,246,56,55,60
312,445,56,58,54
100,125,159,25,36
923,125,46,49,52
605,462,169,167,186
148,390,41,44,48
834,459,46,46,52
96,494,53,49,54
855,426,49,46,53
207,104,52,46,60
660,411,41,44,47
1126,384,231,229,245
1020,408,52,47,53
288,446,58,58,50
719,457,101,92,80
328,310,43,44,46
359,280,46,46,46
640,154,43,44,48
328,89,30,27,25
1105,378,241,236,253
424,276,53,52,54
139,365,41,41,43
306,365,44,42,47
928,395,43,47,46
982,438,135,130,132
515,231,171,171,206
387,364,47,44,46
91,60,159,159,172
700,483,128,106,74
46,307,34,31,34
1013,80,102,86,70
482,493,114,104,58
1,57,22,23,23
481,408,44,43,44
1115,104,230,228,248
752,113,46,46,49
625,436,46,46,48
977,178,42,48,50
762,56,47,45,49
342,217,198,196,219
650,338,41,45,44
1105,170,241,239,255
737,121,43,45,49
385,457,158,163,179
37,54,128,119,138
844,499,174,161,115
1126,270,230,225,243
406,59,33,29,35
1180,263,237,237,253
672,195,237,235,255
1117,273,227,229,245
879,483,171,159,111
611,404,40,42,46
784,172,40,45,48
1191,178,240,237,253
59,325,36,37,37
451,307,47,46,47
969,405,49,46,51
643,80,49,42,49
547,351,44,41,45
673,400,43,45,47
971,419,46,48,50
606,179,49,50,55
56,56,118,109,120
102,447,48,46,48
1136,251,233,227,246
1003,473,48,48,52
232,182,188,186,207
631,325,47,42,48
887,291,45,48,49
130,327,40,37,39
368,110,33,31,35
871,159,46,48,49
1009,111,46,49,52
187,483,49,47,48
592,168,44,47,50
1189,375,237,238,254
610,255,54,50,53
537,274,45,46,46
727,264,51,51,54
961,311,45,48,52
229,277,207,206,228
267,312,42,43,45
558,423,42,40,44
224,159,106,102,116
1070,432,100,84,58
754,442,46,46,49
542,346,41,41,44
230,312,37,44,44
996,172,47,49,53
930,452,131,136,140
381,10,43,33,35
165,29,167,148,173
479,344,40,44,47
821,22,71,67,60
343,140,33,34,34
403,112,39,39,39
723,465,148,142,157
1042,405,48,49,53
38,217,30,28,28
696,467,118,97,66
614,338,46,45,48
180,148,35,34,41
1038,411,46,49,51
731,201,238,235,255
1068,466,58,55,59
289,354,40,43,45
497,87,45,44,47
181,134,43,44,48
113,248,213,211,236
310,467,129,120,92
1124,432,229,225,240
661,43,46,47,48
712,215,77,65,81
221,191,188,182,202
452,162,42,44,45
160,407,41,45,47
11,221,31,28,28
348,444,83,79,52
328,14,88,87,96
1000,198,46,47,51
1175,144,234,234,251
108,357,38,39,41
176,63,157,147,169
1068,276,54,55,60
99,316,39,33,34
810,343,48,46,52
20,497,70,64,53
241,11,184,175,193
587,82,42,43,47
517,272,48,46,50
244,72,46,48,52
5,174,101,100,105
899,368,41,46,50
911,249,241,238,255
128,473,52,47,52
475,59,41,41,45
1093,214,251,250,255
719,327,45,46,50
1039,411,48,47,51
608,112,42,44,46
48,362,42,42,45
527,458,160,158,170
329,4,81,72,73
1195,76,239,237,254
989,282,46,48,51
513,12,85,62,53
388,359,47,43,44
145,493,48,46,49
126,45,164,145,167
377,123,37,35,38
241,115,35,27,32
1096,173,244,239,255
246,150,35,26,30
297,221,190,191,211
861,269,51,52,56
259,356,44,42,48
1191,420,237,234,252
989,407,47,46,52
354,163,39,39,42
1110,200,236,233,253
87,126,158,44,66
1199,401,238,233,250
871,287,48,46,52
826,369,45,47,48
1101,91,237,237,255
647,365,46,43,45
631,108,44,45,50
1049,97,51,49,56
655,153,42,43,46
956,203,48,46,51
1102,441,236,234,250
258,86,42,37,39
252,3,185,171,196
619,236,234,233,255
149,202,196,196,211
240,99,36,40,45
42,392,48,48,46
168,496,47,46,49
240,177,191,184,206
774,281,52,49,55
1082,383,195,184,190
1110,460,231,231,248
522,235,219,221,244
1126,83,228,227,242
813,169,43,46,49
329,375,45,43,44
454,491,160,164,176
224,165,186,181,202
1177,1,241,236,253
475,335,48,46,50
137,494,48,48,51
650,40,46,45,50
216,56,178,175,189
744,106,45,46,50
1102,360,244,238,254
741,435,45,45,47
148,206,109,100,120
1162,42,239,234,252
610,26,47,49,51
763,203,215,215,235
193,20,169,98,117
533,111,41,44,47
763,48,47,47,50
464,116,44,45,45
556,44,44,44,48
749,3,49,49,52
363,241,65,56,57
118,417,46,47,49
758,296,44,45,46
718,456,60,55,50
840,217,243,240,254
1038,310,44,48,51
1182,125,241,236,255
660,340,45,43,48
681,427,45,43,47
694,33,52,49,53
117,401,44,44,45
991,457,57,50,73
314,441,75,73,51
1199,276,240,237,252
1039,124,48,47,52
386,407,45,42,44
1023,330,43,47,51
670,79,42,46,47
303,260,204,202,226
453,252,65,59,68
245,85,43,50,52
716,473,155,150,162
778,53,45,47,52
637,155,47,45,49
139,113,43,26,33
1001,257,47,47,49
512,88,35,30,35
1197,206,239,237,254
1124,118,228,226,245
457,42,40,39,41
1155,465,235,232,249
427,175,43,46,47
1110,75,232,231,248
549,483,132,126,131
853,177,49,48,50
961,390,44,46,48
257,177,187,182,202
2,395,48,47,48
101,480,48,49,52
667,181,239,237,255
828,475,165,166,171
518,41,40,35,38
602,142,43,44,47
1161,65,237,234,252
1115,124,228,225,244
615,380,40,43,48
648,2,52,48,52
813,16,57,54,55
231,325,43,43,44
842,306,41,47,50
573,433,43,43,44
419,410,43,45,46
652,459,60,55,53
517,164,45,44,50
998,411,46,48,52
488,280,48,48,51
983,224,46,45,53
598,235,235,235,255
392,159,40,40,42
172,390,46,42,46
323,156,37,33,34
920,36,122,116,107
165,187,192,189,211
84,155,163,33,37
152,36,145,131,154
479,423,45,44,46
498,344,43,44,43
445,380,72,74,81
148,353,42,41,40
163,111,36,35,37
1011,448,45,48,51
1004,155,49,48,55
267,93,38,28,28
447,48,42,36,40
606,135,44,44,45
153,314,37,35,40
224,381,41,43,43
896,379,41,47,47
390,303,44,44,47
953,432,73,76,51
1008,408,46,46,51
236,400,37,43,45
924,431,77,83,139
247,294,45,43,47
892,220,56,55,60
765,287,46,47,49
571,311,41,43,44
397,245,58,59,69
847,70,48,46,52
628,263,44,45,50
1180,438,236,234,251
277,78,35,32,35
273,477,94,91,78
435,142,43,42,46
274,381,42,42,47
429,457,153,136,100
1165,222,241,236,252
789,395,43,45,49
956,65,54,51,57
581,111,44,44,48
169,158,40,41,46
563,334,40,44,47
801,303,44,45,47
838,362,46,45,49
293,19,181,187,206
637,311,43,43,46
1158,87,237,234,251
703,335,44,43,48
829,216,238,237,255
586,105,45,44,48
1160,498,233,230,249
378,50,30,26,30
864,447,45,47,50
212,269,204,204,223
303,223,192,191,209
1132,463,224,224,240
336,256,207,206,227
1141,113,231,231,248
355,310,42,45,42
705,459,128,104,71
706,362,46,45,51
476,313,52,52,56
245,102,38,33,40
467,206,232,229,254
76,148,161,24,36
1152,438,228,230,246
1036,396,47,47,50
718,448,45,44,46
374,10,46,32,31
165,484,42,43,45
923,117,47,47,52
309,209,145,143,152
457,362,34,33,32
1167,387,234,234,251
229,193,185,184,203
508,26,91,66,50
128,255,213,209,233
854,110,49,46,49
566,496,170,165,169
249,375,45,43,48
577,122,41,43,47
1034,248,48,46,51
825,408,50,49,52
757,335,45,47,47
970,482,45,48,53
1154,326,235,231,250
724,60,46,48,50
1190,269,239,238,252
355,479,82,79,68
149,75,162,148,169
667,113,46,44,48
324,174,190,186,207
640,263,44,46,44
214,495,59,59,50
770,103,45,48,49
563,420,44,41,45
523,197,188,181,218
1087,450,241,246,232
372,438,180,173,191
873,309,45,46,49
369,297,41,44,48
950,483,47,47,50
1068,468,56,56,59
617,387,43,44,46
424,477,157,121,111
670,493,109,80,58
1011,216,47,47,55
640,435,44,44,45
744,18,50,50,53
973,100,49,47,51
637,53,46,45,48
1024,344,47,48,54
1063,38,109,103,105
1035,218,48,48,53
539,164,45,45,50
232,375,44,43,46
1137,474,228,225,241
214,98,53,49,58
453,446,170,172,184
928,2,158,121,85
431,132,42,40,45
689,188,237,237,255
522,161,42,46,47
887,215,49,48,53
383,235,213,210,237
183,448,81,78,77
374,109,34,31,34
1010,496,47,50,52
275,301,41,42,46
444,271,230,233,253
1034,100,49,49,53
1005,376,47,48,52
1147,410,232,231,244
573,173,47,45,50
913,118,45,49,50
413,222,223,219,244
317,477,114,108,109
331,325,43,43,47
665,36,47,48,48
817,180,46,48,52
1155,93,235,231,250
186,144,36,35,38
356,177,196,194,213
107,189,194,191,213
85,248,218,215,239
469,456,182,186,206
181,179,193,189,210
154,288,39,37,39
481,69,42,42,45
322,370,44,42,46
436,178,48,46,51
196,82,200,190,213
974,433,51,50,52
947,316,47,45,50
84,319,40,34,38
559,419,45,42,49
874,76,45,49,51
1107,261,235,231,250
348,361,44,43,46
1090,320,246,247,249
535,310,42,46,47
317,166,36,34,39
1187,224,239,236,251
218,211,67,64,80
501,167,51,48,51
447,476,149,144,149
316,426,43,45,44
630,444,89,84,71
772,300,42,44,46
132,273,215,212,238
441,330,42,43,47
1127,59,230,227,240
1143,61,231,229,246
104,44,172,179,193
534,176,52,48,55
514,279,42,44,48
582,219,233,233,255
807,285,48,47,49
1009,130,49,49,52
556,350,44,45,48
67,110,150,23,33
981,438,138,138,127
1080,134,52,53,57
439,451,28,26,26
513,64,86,83,81
709,60,47,47,50
209,154,35,30,33
253,115,36,26,28
34,393,41,45,48
540,224,226,226,246
1032,309,47,49,54
794,171,42,46,50
391,212,205,212,226
829,236,64,59,73
834,440,47,45,49
770,258,242,240,255
1180,431,234,234,252
91,44,33,29,30
799,426,48,47,52
944,166,50,49,51
996,392,47,47,52
573,337,43,43,47
1095,346,244,244,255
1190,168,239,237,252
1091,481,236,234,252
235,143,35,25,28
246,197,184,183,201
457,203,230,227,248
280,269,43,46,48
507,423,42,43,46
95,437,50,47,51
666,166,44,47,49
432,105,40,41,43
1006,309,48,48,51
788,423,48,45,50
244,424,70,68,55
193,368,44,41,50
527,141,45,45,45
1138,117,234,229,244
578,284,45,46,49
56,196,80,76,91
1050,102,52,48,52
1171,348,235,234,251
225,39,36,32,35
293,213,191,189,211
647,216,236,236,255
770,37,49,49,53
618,261,45,46,49
802,490,162,160,172
143,224,199,189,215
1176,174,239,235,255
996,265,46,47,52
544,78,49,44,47
115,98,159,27,36
888,105,48,48,51
704,109,47,47,48
1037,197,47,48,52
757,384,45,43,47
347,317,41,46,47
814,314,48,47,50
922,210,53,51,53
148,316,34,35,37
972,328,42,46,50
693,203,238,237,255
361,164,42,40,43
1086,148,200,200,224
595,416,44,43,43
503,211,214,210,228
471,422,41,45,44
199,475,48,46,51
815,196,48,49,52
1011,313,46,46,50
502,143,39,36,36
4,113,144,21,29
767,10,49,49,52
1114,240,235,231,248
195,254,202,201,221
653,95,46,45,49
131,181,219,219,245
192,285,47,45,46
833,340,48,46,50
319,406,41,41,46
542,42,44,44,49
894,413,46,47,51
597,220,237,233,255
413,457,133,125,135
943,443,46,48,50
1113,419,233,231,247
668,436,42,45,47
309,160,31,35,38
674,7,50,48,51
124,236,202,195,217
695,369,45,45,48
235,39,40,31,32
186,246,200,198,219
912,408,44,47,48
0,340,41,42,44
398,31,42,35,30
164,399,41,44,44
283,353,43,41,46
771,150,45,46,50
175,273,209,208,228
901,67,100,96,92
149,131,202,202,226
227,44,101,84,106
522,492,99,94,65
830,146,47,47,51
507,335,40,41,46
784,75,44,47,50
717,36,68,59,54
196,240,194,193,210
255,84,42,41,47
1138,58,231,229,244
635,415,45,43,47
637,337,46,44,47
242,190,189,186,205
846,455,47,45,52
1069,432,57,54,55
664,461,83,63,53
980,482,49,48,50
967,8,107,77,62
407,143,42,43,44
519,198,220,219,241
951,358,48,48,50
269,494,92,82,59
170,490,46,45,47
371,364,46,44,45
453,82,41,39,43
785,300,44,46,47
922,388,45,44,49
401,115,41,37,41
336,78,32,27,26
84,258,215,212,239
407,479,67,63,56
277,234,188,185,204
877,466,46,46,49
22,188,79,77,84
552,142,46,44,46
983,152,46,48,50
286,364,43,42,45
1018,305,47,46,51
75,235,53,52,60
52,71,47,35,36
1019,86,92,83,71
858,374,45,49,49
889,361,44,46,50
458,78,38,42,44
282,417,43,42,48
710,454,51,47,47
975,453,143,151,179
164,16,159,142,164
679,232,236,236,255
998,191,46,48,51
390,165,43,41,47
800,107,48,46,49
919,427,56,48,52
1199,359,240,237,253
298,47,40,39,45
1,384,46,46,50
987,150,48,46,52
1112,135,232,230,249
906,43,85,82,75
1135,318,228,228,243
1001,401,43,45,50
1011,419,47,46,51
992,384,43,46,50
905,2,212,157,92
712,405,48,45,45
33,360,45,45,47
1156,350,233,231,246
24,428,50,48,52
229,494,61,61,53
217,191,175,172,195
590,472,118,109,94
444,292,46,45,50
220,257,203,198,223
