x,y,R,G,B
51,2,227,227,248
327,83,29,24,27
44,234,33,28,33
774,159,43,46,50
715,56,46,49,50
909,413,47,46,49
847,2,98,97,92
400,142,43,40,42
153,460,50,48,49
900,214,49,49,53
882,487,174,161,113
1007,259,45,47,50
65,248,36,34,34
780,116,45,46,49
1194,431,238,235,253
222,291,42,41,45
910,302,46,46,51
825,189,49,49,53
774,162,48,47,51
673,446,46,44,47
803,183,46,47,48
217,160,33,29,29
532,84,45,45,45
1067,191,54,52,57
1154,328,233,230,246
410,494,143,144,134
765,291,45,45,46
829,450,47,47,50
652,466,67,61,53
338,329,45,44,45
49,88,187,184,208
1050,320,48,50,52
90,109,156,28,33
710,428,42,44,48
769,437,45,48,48
1132,222,228,226,242
458,335,25,30,35
931,402,45,45,51
179,22,156,28,39
1081,332,55,54,57
1073,14,105,81,63
345,282,46,44,46
294,455,77,76,55
347,164,40,38,41
178,104,210,204,229
937,47,82,68,58
1132,385,229,227,241
1138,307,229,227,240
305,274,48,45,47
302,163,107,106,113
316,458,123,117,90
979,354,48,46,51
238,45,43,36,41
1013,32,96,76,60
531,106,43,46,46
770,225,77,66,72
473,123,42,44,48
533,221,230,229,249
766,242,239,237,255
851,273,48,48,50
826,204,49,51,53
681,321,42,45,50
199,97,106,109,126
773,132,46,46,50
718,181,55,49,55
176,454,43,47,50
660,368,44,46,49
536,186,226,225,248
831,330,47,46,48
560,123,44,44,47
331,495,143,141,154
114,424,50,49,55
203,485,46,44,50
273,42,53,42,61
1139,258,228,228,246
311,330,44,42,46
1150,105,233,232,247
945,368,44,49,52
1054,386,51,51,55
1156,155,238,234,253
697,167,45,47,50
146,385,44,44,45
656,414,42,44,48
1079,178,112,108,134
286,246,196,195,214
988,324,46,47,48
620,129,48,43,48
383,363,42,43,45
12,339,44,43,44
279,112,33,25,28
604,429,47,45,48
542,118,42,45,46
218,438,49,49,49
281,287,46,42,48
512,34,79,59,53
894,105,50,48,52
911,48,75,73,65
39,165,169,27,33
62,339,38,40,38
538,297,49,46,48
843,455,46,46,49
441,48,38,34,37
976,376,47,50,52
326,62,34,25,25
1101,151,244,241,255
115,39,193,195,214
587,258,237,234,255
813,4,68,63,59
1076,188,231,228,208
609,283,43,44,50
208,347,41,43,45
1156,469,233,232,250
1184,79,239,236,251
1168,139,235,235,250
406,199,210,209,234
1055,46,114,106,102
734,353,47,45,47
867,474,48,48,50
607,439,45,46,47
601,296,42,45,47
454,81,41,40,43
1175,288,239,235,251
726,228,101,107,151
28,161,169,31,36
815,92,44,48,50
1043,299,55,53,60
248,370,46,43,45
723,5,51,50,52
338,343,44,45,46
315,198,196,193,216
881,453,48,47,49
302,262,206,205,223
284,130,29,26,26
892,39,113,108,108
1171,188,236,234,251
304,100,32,25,26
97,140,161,29,37
463,106,43,41,45
731,306,44,44,48
895,269,237,238,254
803,396,42,47,45
441,147,44,45,46
991,297,46,45,49
1054,381,48,51,51
451,362,73,74,81
685,95,43,45,47
48,266,33,31,26
32,261,33,28,31
332,153,38,34,36
486,379,42,43,45
186,286,45,40,43
570,173,46,45,49
1108,52,233,231,249
164,441,50,47,52
1119,431,232,228,243
79,379,39,44,46
686,415,43,42,48
697,317,47,46,48
886,434,44,49,52
705,473,129,110,91
723,283,46,46,50
287,19,200,202,224
327,166,37,36,40
95,217,218,218,243
772,425,48,49,50
1064,470,53,51,53
454,371,21,22,22
580,110,42,42,47
1001,225,46,48,50
1190,338,238,236,250
934,352,49,45,50
164,251,207,203,223
61,459,48,49,50
26,296,37,33,35
716,431,46,45,48
65,191,39,27,29
1077,150,239,237,229
722,73,45,46,49
1068,174,53,50,57
592,241,237,234,255
985,396,46,47,50
1057,108,46,53,51
431,460,92,91,100
78,309,35,34,34
711,271,47,44,48
1119,336,232,229,247
956,231,45,47,51
181,6,153,28,35
89,348,37,35,39
342,287,43,42,47
596,355,41,43,43
179,248,203,200,220
581,437,52,45,47
883,407,48,47,49
960,493,45,48,50
1040,149,49,49,53
71,310,38,35,36
440,371,42,47,49
112,493,46,47,51
283,299,44,42,47
194,451,82,78,78
321,484,112,111,116
1041,481,47,50,52
1061,228,50,50,54
396,360,44,44,46
809,204,50,50,53
1119,174,232,230,247
251,266,205,203,223
169,98,206,195,216
234,173,186,182,203
252,389,39,43,45
191,458,47,46,51
845,354,45,46,50
300,252,200,200,222
132,100,162,35,48
230,44,43,33,38
750,30,49,50,50
537,195,220,225,244
1060,45,109,106,113
323,174,189,187,208
455,114,40,43,45
1172,231,238,235,251
123,359,42,41,42
771,322,46,48,50
735,286,49,48,50
186,19,156,26,37
1116,329,232,232,248
759,268,53,51,55
634,147,46,46,50
770,30,51,49,52
378,375,43,41,49
540,498,156,143,102
434,353,45,44,46
777,89,42,45,49
726,379,44,46,47
19,108,141,24,31
826,196,45,46,49
533,215,228,223,249
1032,397,47,47,51
1042,313,49,50,53
631,242,46,49,49
915,123,51,48,52
270,3,200,191,212
184,195,189,184,205
324,286,43,43,47
803,23,52,51,53
332,216,196,196,217
372,287,45,46,50
793,210,238,237,255
647,464,171,174,203
174,339,41,41,45
791,389,45,45,48
702,394,48,44,49
84,13,83,74,89
448,98,41,40,45
60,441,44,44,49
632,115,46,45,47
129,59,162,144,165
772,48,47,50,50
1001,67,58,56,56
524,73,42,43,47
162,3,51,41,62
209,61,38,28,32
47,458,49,48,50
1085,484,151,140,87
1187,456,236,234,251
931,137,46,48,53
445,458,136,112,110
279,301,41,43,43
752,173,44,44,48
1174,476,237,233,252
1014,374,46,46,49
34,128,154,23,32
1179,407,235,236,253
670,274,49,45,50
470,437,181,186,204
1093,283,246,243,255
443,209,227,227,247
503,324,43,43,46
21,373,45,43,49
34,429,52,48,52
33,26,208,209,227
477,56,41,40,44
124,79,146,132,152
1087,323,255,255,255
152,438,47,48,50
664,156,46,46,49
900,236,242,236,255
1127,267,226,224,243
23,433,50,51,51
676,156,46,47,53
1077,327,191,192,224
779,418,47,49,47
1106,113,233,232,251
720,296,44,46,47
632,143,44,47,50
1127,39,232,227,244
798,80,45,46,52
349,259,211,213,232
869,183,41,48,51
842,221,240,239,255
1096,242,239,237,255
1020,151,49,50,55
274,463,104,98,67
422,140,40,40,45
962,157,47,49,51
568,330,38,45,45
806,406,45,48,52
100,385,38,44,43
183,425,49,50,50
552,250,226,228,249
1175,346,236,235,253
1,141,165,29,36
950,255,43,45,50
333,367,40,44,46
910,170,47,48,52
95,493,49,48,48
731,471,154,149,162
456,42,39,38,40
4,287,33,36,39
570,446,118,112,113
948,467,46,48,51
323,225,196,196,217
819,173,47,48,52
1011,64,59,56,58
290,202,52,46,54
491,162,65,66,70
739,69,48,46,49
615,198,235,234,255
933,77,49,47,54
761,263,236,237,254
950,250,46,45,49
888,107,49,48,52
797,266,242,242,255
966,127,49,50,54
600,196,238,233,255
447,105,39,40,44
1198,113,242,237,255
510,86,45,39,41
1147,491,229,227,244
871,284,46,49,51
1060,57,70,63,63
229,458,77,73,51
447,88,43,41,45
938,482,49,48,50
685,286,44,46,47
402,185,206,208,229
345,272,47,46,50
103,488,49,48,51
459,286,49,47,52
919,493,176,160,119
912,181,47,48,52
127,432,49,48,51
464,392,48,47,51
958,488,46,46,50
844,260,243,239,255
518,254,222,223,246
1010,394,46,47,51
285,213,73,66,71
1181,240,238,238,250
295,248,195,194,214
193,182,191,183,207
37,19,88,65,80
5,144,165,24,39
459,236,233,233,255
668,92,46,45,49
828,449,46,49,50
965,26,94,72,59
306,337,42,42,46
449,278,54,51,56
871,169,49,49,50
1142,383,229,228,246
522,106,43,44,48
509,45,46,40,46
443,285,44,44,49
241,139,34,24,32
540,299,44,44,47
924,421,45,45,49
5,236,32,27,27
101,422,123,101,103
73,58,186,183,208
1136,327,230,225,242
442,152,43,43,45
440,287,42,46,49
357,434,82,71,53
509,240,175,172,173
163,321,37,39,41
639,242,47,47,50
926,12,147,97,72
1119,372,234,231,247
1019,450,49,48,53
290,492,46,46,48
55,392,42,44,47
805,434,46,45,50
172,120,119,119,137
829,190,46,48,49
343,400,42,42,44
294,488,48,48,54
1003,60,89,77,60
7,416,48,48,52
162,493,46,46,49
587,125,46,43,48
480,124,43,43,48
499,221,213,214,231
18,31,225,221,246
677,279,44,45,48
767,469,160,158,165
1033,238,47,50,50
540,345,36,43,43
344,218,201,197,219
397,68,31,27,31
679,439,40,45,44
295,19,153,155,168
183,346,40,41,43
193,32,189,171,196
1178,410,240,236,253
1090,295,240,236,255
935,38,101,74,60
483,404,43,44,46
1118,159,234,229,248
900,334,42,48,49
1115,27,234,233,249
528,460,160,157,173
673,147,45,46,49
184,218,192,190,210
811,101,49,46,51
894,328,47,47,51
177,123,136,138,159
954,22,107,73,65
572,435,40,44,48
686,232,239,235,255
1174,438,237,233,251
110,113,160,30,36
287,402,44,41,45
9,332,40,40,41
963,390,49,46,50
765,362,45,44,48
670,396,111,118,90
85,96,152,26,35
860,380,45,43,48
757,289,50,48,50
804,382,43,45,47
1125,51,229,226,244
1104,236,240,236,255
566,221,230,232,255
886,475,49,49,52
873,329,42,47,49
1091,21,67,66,68
634,250,44,45,48
726,115,46,45,48
805,496,160,158,170
698,103,45,46,48
802,392,42,45,48
978,464,44,49,51
1180,67,240,237,254
35,272,35,28,31
739,347,44,45,49
113,228,195,196,213
314,413,44,44,45
621,379,39,45,46
43,245,36,29,31
700,5,52,51,53
42,473,49,45,48
427,374,39,43,43
388,377,44,43,45
458,125,43,42,46
276,397,44,42,48
329,212,65,56,76
473,309,53,56,59
1075,430,243,245,255
56,375,43,43,43
913,253,237,237,255
39,93,41,27,48
117,450,46,48,55
1198,364,236,234,251
456,65,40,39,42
334,154,38,32,35
301,303,41,42,45
111,67,150,129,151
60,195,59,49,52
840,4,95,91,88
777,384,44,44,47
136,168,109,106,121
1073,132,52,50,57
781,262,241,239,255
999,248,48,47,50
632,268,42,45,47
1177,235,240,237,254
1175,382,236,235,252
1026,218,45,47,51
620,72,45,44,47
624,362,44,43,47
977,251,43,49,48
617,301,43,43,46
184,108,119,121,135
401,288,43,44,48
828,273,49,51,53
268,49,46,45,48
827,246,201,209,241
5,173,104,100,108
984,198,46,48,49
346,310,46,45,46
933,484,50,48,52
324,458,68,67,51
918,3,124,78,62
1078,186,241,247,255
278,123,31,23,29
148,55,136,120,140
331,204,129,137,153
115,393,41,42,47
944,196,47,48,50
1187,403,236,233,251
499,441,167,170,186
1031,357,50,50,53
1186,73,238,236,253
1184,19,238,235,255
579,312,37,43,42
43,374,46,44,46
247,496,44,45,48
913,278,50,47,54
286,20,201,202,223
453,417,59,58,61
96,461,63,59,52
102,375,40,39,43
469,366,45,47,50
785,136,43,47,50
708,98,45,48,49
230,209,187,181,202
198,50,201,183,203
602,445,192,201,223
885,411,45,45,51
523,222,222,222,244
868,138,45,48,49
687,353,45,45,46
136,375,40,41,45
419,268,225,224,247
399,148,44,40,43
770,278,48,49,54
53,374,43,42,44
139,212,197,194,217
840,158,46,47,50
703,354,45,44,47
1,248,34,28,31
123,410,48,45,50
1177,68,237,236,253
26,469,50,48,50
1056,405,45,49,53
978,398,48,45,50
840,421,140,142,165
585,240,233,235,255
954,103,47,50,52
215,272,205,205,229
1006,436,44,48,49
650,131,46,45,50
1005,74,102,93,86
551,393,45,43,44
719,83,41,46,51
927,289,46,45,50
824,420,53,49,47
915,175,48,46,51
150,236,91,89,87
305,375,43,42,45
1194,261,240,237,251
144,269,215,213,235
536,324,43,42,43
269,353,42,42,45
1085,74,59,59,64
943,307,45,47,49
708,140,46,44,51
885,2,89,77,69
927,327,47,47,49
182,462,51,46,51
191,253,205,200,219
983,234,44,47,51
116,473,46,48,48
1167,250,240,236,251
877,220,180,173,191
564,242,228,231,255
321,51,30,25,26
1187,310,238,236,250
414,3,40,30,29
333,363,42,43,44
1042,383,49,48,52
103,443,47,49,48
41,36,229,226,249
769,186,44,47,50
247,186,190,185,203
929,17,126,81,64
242,421,42,46,41
939,132,47,47,51
1079,362,232,235,255
990,72,69,65,59
857,171,46,47,49
1070,426,98,77,61
43,147,160,27,36
601,191,232,230,255
1195,415,237,236,252
757,337,47,44,51
1127,165,226,225,241
547,330,47,41,46
482,21,64,53,46
597,32,44,43,48
273,458,73,73,52
605,367,45,43,46
1147,404,235,230,245
822,22,71,69,59
835,431,41,45,48
453,311,45,45,49
994,2,130,101,75
1142,271,232,229,245
964,166,46,48,52
667,217,237,230,255
17,215,30,30,32
205,333,38,42,44
229,45,90,72,95
824,458,44,45,51
277,106,35,26,27
105,365,40,39,42
502,396,39,43,42
593,102,43,45,45
1019,397,44,49,50
904,270,237,237,255
324,280,42,44,47
907,344,45,46,47
1054,478,50,51,54
261,460,104,97,69
717,400,68,59,92
389,395,45,46,47
969,285,45,45,51
19,331,39,38,39
1157,497,234,231,248
632,33,47,45,48
287,70,35,31,36
673,394,48,50,59
365,235,100,103,102
111,294,37,33,36
180,107,124,123,139
435,4,34,27,27
61,466,49,48,52
963,445,44,46,49
448,203,228,228,247
1026,120,49,49,56
565,92,46,44,48
763,153,44,48,51
314,244,121,117,126
1038,57,161,151,136
67,442,49,48,52
983,211,49,47,50
286,399,42,43,45
847,305,47,47,50
875,279,44,48,49
6,78,118,107,119
471,331,55,54,58
763,192,47,48,53
29,99,35,32,33
994,84,50,48,52
1118,47,231,227,246
144,3,30,31,29
1195,462,236,234,252
12,136,159,25,36
120,113,158,30,38
386,381,43,43,47
804,404,45,47,49
190,376,43,41,46
550,248,224,227,250
201,467,43,44,47
1193,429,235,235,252
640,207,238,235,255
79,39,120,113,121
235,496,74,69,52
556,161,46,44,47
907,399,44,45,49
1137,446,227,226,240
44,271,33,28,27
307,433,59,55,52
1100,403,240,239,255
1115,334,233,229,246
231,169,188,186,204
791,458,47,46,52
342,161,37,38,41
501,132,38,38,39
748,361,41,46,45
558,98,43,43,50
599,262,49,46,51
90,133,160,30,36
841,229,238,239,255
585,295,44,42,46
458,264,239,236,255
891,345,50,48,52
742,228,240,236,255
852,53,93,76,59
909,194,48,48,51
718,350,41,43,47
416,130,39,40,45
667,380,44,46,48
533,230,66,60,87
102,479,51,49,52
123,218,199,196,219
453,313,42,47,52
54,173,172,31,38
232,458,72,69,52
215,56,144,137,154
773,344,40,48,51
435,492,157,157,163
23,310,33,35,41
1021,164,47,49,49
968,423,50,44,54
1067,487,51,51,57
182,403,41,43,45
498,357,40,40,47
557,127,46,42,47
1135,264,230,229,244
899,43,103,97,98
876,458,44,48,49
1165,378,239,233,250
68,163,164,30,39
1142,306,235,232,248
373,330,46,43,49
893,390,45,48,48
414,133,40,42,45
686,261,42,46,49
160,22,163,145,170
54,374,43,44,43
427,13,35,33,29
891,328,46,45,52
584,104,40,43,47
111,129,161,29,38
883,448,51,50,51
155,438,49,47,50
151,59,136,121,139
1068,497,68,60,56
1121,254,230,229,247
855,191,47,46,49
653,217,236,239,255
274,96,34,25,30
828,87,46,49,49
263,18,37,27,32
464,430,137,132,122
549,218,232,231,255
157,59,134,120,138
1144,303,232,232,248
672,126,47,44,48
934,422,48,45,48
638,57,46,45,48
284,112,32,26,30
453,377,26,25,24
890,394,42,44,46
10,281,33,30,32
918,76,47,47,50
536,85,45,45,46
1156,487,236,233,248
902,109,45,47,52
914,2,111,75,62
641,255,45,47,52
75,480,92,80,78
6,451,53,50,53
860,184,48,48,50
746,403,155,158,125
232,416,45,42,47
871,339,44,45,48
435,369,45,43,45
899,19,103,96,90
134,462,48,47,52
33,410,45,47,49
90,137,160,29,36
955,302,46,45,50
438,498,169,170,183
27,382,45,46,48
134,212,198,195,218
363,486,90,83,71
212,63,38,29,33
954,68,58,55,65
619,97,46,45,46
903,312,47,45,50
266,180,190,185,206
211,409,46,44,48
212,87,116,115,132
1198,178,237,237,252
411,162,45,43,44
620,288,39,45,46
569,35,46,46,45
333,210,100,93,122
1039,288,54,53,55
470,266,80,78,86
165,215,189,189,208
653,448,51,49,51
1133,434,228,226,239
474,407,45,43,46
617,492,127,125,117
382,123,37,34,37
294,86,33,26,30
1042,21,106,85,63
679,262,44,48,49
665,33,47,47,49
1196,480,236,233,252
257,369,44,44,46
731,158,45,46,49
317,171,83,80,88
329,492,139,138,154
238,400,43,44,45
910,109,42,48,50
675,247,48,48,51
211,108,45,43,50
626,151,49,54,54
304,141,34,29,34
959,229,47,45,51
638,385,44,44,49
272,381,43,44,45
940,96,50,47,51
1004,195,50,47,53
91,289,39,32,34
79,483,91,80,74
931,234,51,50,51
1017,64,93,82,72
777,255,240,240,255
1166,331,235,235,249
823,90,49,47,49
614,407,44,45,46
435,348,44,42,47
388,280,50,45,47
915,454,46,48,51
488,490,108,96,59
1113,58,234,230,249
44,47,120,111,128
814,111,47,45,52
421,467,163,155,162
1122,147,231,229,248
1178,191,239,236,252
117,131,54,27,27
782,40,50,50,51
161,177,198,198,220
120,265,215,212,237
832,316,42,47,44
566,443,138,136,139
748,234,202,201,247
734,28,53,48,51
806,369,43,45,48
523,485,108,103,81
875,414,47,48,50
981,449,50,47,51
1064,167,53,50,54
411,94,38,38,38
552,294,45,46,47
854,20,91,89,82
55,460,48,47,50
898,54,101,98,92
710,432,48,46,49
668,224,234,234,254
284,470,103,96,66
14,42,62,64,69
705,475,129,110,81
462,72,43,41,45
893,392,45,46,49
641,385,104,105,71
180,443,54,50,52
84,384,43,42,45
1164,344,239,234,254
1042,310,50,50,55
236,288,47,43,48
901,188,45,48,54
850,494,170,160,114
73,59,188,183,205
514,492,110,103,77
936,119,50,47,50
1113,298,232,230,247
52,78,41,29,39
510,98,31,30,34
759,472,156,149,144
610,213,157,155,168
728,496,156,151,161
871,271,48,50,54
1184,257,238,235,251
183,147,35,37,39
207,157,39,26,32
1159,163,235,233,251
108,259,217,211,236
243,416,42,46,45
1021,430,49,46,52
1075,256,234,235,221
1197,478,235,234,249
522,251,227,223,248
406,366,41,45,47
885,487,173,156,117
316,85,35,25,27
64,200,98,97,106
974,119,48,47,53
676,53,45,45,47
307,158,34,32,33
484,424,43,42,45
429,368,42,42,45
471,277,19,22,23
54,143,158,28,38
251,232,95,75,108
615,339,42,44,47
422,81,41,37,37
136,377,40,41,43
975,460,66,56,63
580,37,43,46,46
243,129,34,27,28
163,53,141,126,144
20,107,142,18,26
1081,207,53,53,57
408,342,45,44,46
562,175,50,48,55
980,48,89,68,60
592,90,44,45,48
227,401,46,44,46
763,223,57,55,62
82,151,161,31,35
1104,163,239,238,255
396,93,36,34,34
985,280,48,48,51
604,348,43,43,47
9,328,40,40,42
572,46,44,45,45
96,357,41,38,42
704,376,45,46,47
364,426,41,45,48
1158,399,235,234,249
277,236,186,184,203
347,341,42,42,46
383,265,216,217,240
621,123,47,45,50
1111,54,236,231,246
1032,121,49,47,53
756,108,42,46,47
95,120,181,132,147
752,14,52,48,54
806,341,42,43,49
537,303,46,42,47
807,499,169,162,184
108,82,152,135,157
668,468,96,73,52
700,182,133,128,139
410,182,51,49,55
945,22,103,72,61
388,86,38,31,36
767,133,47,46,49
768,236,140,145,163
1014,8,101,79,60
986,223,51,47,52
1111,82,231,232,246
190,408,45,44,48
389,56,28,27,32
987,69,93,83,72
61,289,34,32,32
309,438,72,73,55
1055,456,48,50,56
222,250,196,194,215
249,315,45,42,48
381,400,42,43,46
334,499,139,137,152
411,116,40,41,43
1109,496,231,228,247
655,234,233,234,255
309,434,55,53,52
1156,189,234,235,250
363,329,43,43,44
87,368,39,40,42
1027,210,46,51,49
671,2,51,47,51
376,400,43,42,46
436,287,42,47,51
434,201,220,219,239
633,71,48,45,49
1168,251,237,236,250
169,95,203,193,213
472,253,86,86,95
460,21,95,71,49
892,347,44,45,49
354,130,32,34,34
202,401,42,43,45
677,347,44,43,46
619,374,45,44,45
518,247,222,221,243
395,328,43,44,49
1021,491,49,51,53
753,409,46,46,50
95,94,156,23,35
728,467,147,142,157
522,24,67,48,40
95,229,204,205,229
150,186,203,198,224
192,20,161,49,61
1097,398,246,241,255
97,298,33,33,35
512,163,46,47,50
150,0,30,28,30
770,7,51,50,55
908,88,44,49,51
1037,498,52,49,53
524,162,44,44,49
785,20,49,50,52
986,160,49,47,51
409,339,44,44,44
317,485,109,110,116
1199,127,240,237,254
546,47,40,44,46
191,36,191,176,196
618,343,42,45,46
812,191,45,48,51
661,425,46,44,48
1189,298,241,237,254
682,330,40,45,47
550,475,149,148,155
1187,191,241,235,254
1188,73,240,237,254
159,71,146,131,150
1123,435,228,228,246
1136,387,230,228,243
518,353,43,44,46
351,92,31,28,27
772,468,161,160,170
886,153,49,48,53
356,31,39,30,29
549,375,46,41,44
417,441,106,96,79
88,176,210,201,221
531,6,67,47,36
109,202,228,226,252
367,368,43,43,45
26,138,159,22,34
737,254,241,237,255
20,297,36,30,35
32,254,35,31,33
400,249,209,210,225
521,487,103,97,69
679,331,46,45,49
1049,159,50,48,54
574,459,112,107,103
885,134,47,46,51
29,45,67,62,67
487,44,44,44,44
307,103,32,26,28
332,195,192,192,214
302,131,34,28,31
1142,423,232,231,244
362,492,78,65,51
1151,69,233,231,249
845,368,46,44,51
361,30,35,29,31
325,234,62,60,68
699,286,42,45,46
770,274,54,53,55
172,204,128,118,138
314,231,138,131,158
812,252,244,241,255
414,316,45,43,46
364,499,64,58,52
436,425,105,97,106
845,247,190,184,164
559,194,229,225,250
81,346,37,36,39
976,328,47,44,50
637,59,48,45,49
1184,264,238,236,253
12,473,51,50,53
350,305,42,42,48
507,46,42,44,46
751,61,46,47,49
120,491,46,47,50
609,36,43,45,50
375,222,207,205,229
460,393,49,52,53
982,431,44,47,49
936,415,46,45,49
652,209,238,235,255
562,159,43,44,46
962,47,89,68,60
1044,462,48,48,49
1164,336,236,234,253
595,457,145,137,145
135,409,48,44,46
464,285,71,70,75
542,140,42,44,47
183,153,34,37,40
119,439,52,54,54
357,217,197,197,219
228,186,193,183,205
975,223,48,45,49
742,332,46,45,46
793,402,46,47,51
692,127,46,44,48
543,169,48,46,47
528,223,229,226,250
115,317,36,34,34
5,343,42,42,45
1115,92,229,229,244
950,177,48,48,51
810,53,51,51,53
785,457,51,48,49
34,153,167,27,38
1043,62,107,97,77
1077,124,220,213,187
772,236,236,239,255
1196,409,235,236,251
135,185,213,214,238
795,20,51,49,52
270,465,105,100,71
1142,39,230,229,246
937,102,44,47,51
928,75,49,50,52
22,358,44,46,48
185,488,46,45,48
714,137,49,44,49
1059,313,51,50,55
564,100,44,44,46
107,226,201,201,222
219,7,173,156,180
491,450,158,159,181
1182,186,239,236,253
756,461,50,48,50
199,233,191,189,209
1101,66,237,234,255
1080,227,60,58,71
165,276,214,210,233
669,222,199,201,240
1022,57,124,110,71
911,368,47,45,47
501,39,90,65,53
1190,206,235,235,252
450,368,65,67,76
1199,143,239,236,252
915,3,116,75,64
729,445,45,46,50
204,487,46,48,51
747,149,44,47,50
1088,256,255,255,255
140,498,47,46,51
1077,175,56,54,58
935,456,48,46,54
488,149,46,43,47
617,451,184,188,206
705,425,41,42,46
761,398,48,48,53
1089,248,113,117,195
683,302,45,45,47
196,159,33,28,33
555,296,40,43,45
852,400,44,47,50
523,2,36,38,41
768,325,45,45,48
176,464,51,49,48
411,4,36,27,26
472,48,40,42,44
211,234,84,72,92
77,304,33,30,33
163,314,38,37,39
818,350,44,46,49
994,177,48,47,55
496,482,125,110,72
915,41,99,96,88
425,425,44,45,49
361,33,40,28,29
408,105,38,37,40
650,279,42,44,47
252,301,44,42,47
1101,309,237,235,254
519,487,107,99,70
1032,408,50,48,52
139,474,46,48,53
1140,223,234,229,244
250,15,41,34,38
374,169,45,44,47
854,6,99,97,90
285,495,51,48,47
861,311,49,46,51
916,331,46,47,51
1079,98,192,195,195
473,158,41,42,47
1134,438,225,223,239
420,158,39,43,45
987,455,150,149,134
687,104,46,45,48
682,191,241,238,255
164,279,213,209,231
296,393,42,43,49
858,55,104,84,62
153,158,41,47,53
803,435,44,46,51
807,77,50,44,51
403,404,43,43,43
43,271,35,32,33
552,117,43,44,46
22,179,109,105,109
1184,133,241,235,252
531,263,226,227,251
1173,80,239,236,251
235,256,200,194,217
1064,41,109,104,111
1163,485,234,231,245
787,315,48,46,51
318,449,85,75,53
235,293,43,44,46
744,444,46,45,51
148,163,45,42,47
654,480,89,70,53
194,403,46,43,48
832,482,177,164,171
106,412,43,43,47
606,424,42,44,45
874,233,240,238,255
207,365,43,42,48
584,92,45,46,48
433,152,44,46,45
53,137,154,26,34
223,440,45,47,49
121,439,51,51,54
945,317,44,44,49
469,340,55,56,57
816,199,49,49,53
944,464,46,46,53
843,158,47,46,47
107,239,210,206,230
673,358,43,43,48
1018,295,46,51,53
913,17,91,65,57
360,25,36,30,30
789,498,153,153,165
480,50,46,44,44
29,233,36,25,29
742,22,44,48,50
1156,396,235,232,249
309,385,41,45,44
263,122,33,27,28
1063,438,54,49,54
768,276,49,50,52
322,407,44,42,46
132,156,232,235,254
363,224,203,205,225
945,75,80,79,73
1191,253,239,235,253
104,389,42,42,45
696,182,204,200,218
617,159,49,46,48
1090,424,251,247,255
625,192,240,233,255
907,424,45,47,50
66,254,37,30,30
97,163,32,27,29
344,15,43,38,35
656,499,102,74,56
769,465,141,139,132
1048,341,46,50,52
451,191,228,224,246
623,374,45,46,48
0,307,39,38,41
304,477,125,120,98
1182,149,240,236,253
699,288,47,48,46
21,134,157,26,33
479,62,43,41,43
994,193,49,48,51
90,480,51,47,49
1144,213,234,232,250
5,88,133,122,126
430,464,98,92,102
43,247,36,29,34
856,104,47,49,52
264,176,191,185,208
219,359,44,43,46
934,202,45,45,50
125,485,48,47,49
296,417,45,44,44
234,60,131,127,155
1055,21,97,78,64
828,198,47,48,52
210,37,165,62,88
112,240,56,52,56
1087,335,163,160,105
255,292,43,42,47
1190,475,238,234,253
565,79,45,45,46
425,376,43,45,46
640,239,47,48,50
186,202,189,185,205
915,461,45,47,51
82,100,153,28,34
72,105,152,23,32
197,72,205,195,219
679,244,49,48,53
997,54,96,72,61
1158,164,236,232,252
693,477,123,96,69
376,281,42,45,47
1152,420,234,230,245
1030,102,46,50,50
238,181,193,188,208
1147,260,234,230,248
259,96,35,30,32
849,34,85,83,78
219,49,201,193,215
275,171,189,183,203
264,318,40,43,46
969,335,42,48,50
1010,435,47,48,52
609,58,42,44,46
161,479,49,48,50
126,246,216,211,233
110,466,48,47,49
1065,278,234,236,255
596,189,235,231,255
838,482,174,160,126
1038,446,48,47,51
446,96,40,42,43
34,150,161,29,36
1151,193,234,232,248
724,411,44,42,48
34,102,33,31,32
157,113,35,27,33
904,1,217,164,97
621,100,46,45,46
50,445,49,46,49
862,365,48,46,52
227,347,44,45,45
170,101,207,197,217
388,208,206,205,225
291,217,190,187,209
77,230,52,53,59
295,459,100,97,66
995,156,44,48,48
859,122,46,49,51
258,493,90,77,57
554,111,45,44,44
671,368,43,42,45
342,300,41,43,47
186,34,191,168,181
979,381,49,47,51
277,341,43,42,44
66,17,228,225,248
250,328,42,43,47
956,239,43,47,50
418,204,74,71,90
706,267,46,45,50
1193,441,237,236,251
1193,247,239,236,253
485,365,46,44,46
148,63,153,137,157
467,164,44,44,45
1115,70,232,227,246
1076,294,55,54,60
1174,379,242,235,253
919,133,44,47,50
804,171,47,46,50
497,363,45,43,43
361,350,46,45,47
465,300,25,24,31
675,31,51,48,53
329,7,72,66,71
935,98,46,46,51
329,481,101,101,107
890,311,44,45,48
1116,96,234,230,245
931,265,47,48,50
206,54,41,29,31
1079,83,59,62,74
990,439,92,100,64
570,415,39,43,47
1075,138,53,52,55
966,9,105,75,64
1044,342,49,49,51
870,255,180,190,242
1090,112,63,62,69
419,287,46,43,47
340,379,42,44,46
119,386,43,44,47
866,205,45,47,50
818,117,42,47,49
851,406,45,45,50
826,474,154,155,160
1130,118,230,225,242
135,375,42,43,47
642,485,149,148,161
474,5,65,50,43
202,182,186,184,203
713,428,44,45,46
875,497,143,137,93
528,370,41,42,47
997,111,51,48,52
379,260,215,214,237
853,104,44,46,51
768,85,45,46,49
926,267,47,47,50
360,201,113,102,124
995,348,51,46,49
1189,54,242,237,253
625,137,46,45,48
197,31,191,167,185
914,211,52,49,51
505,355,43,41,43
331,354,42,43,47
989,291,49,46,55
194,1,155,37,50
603,214,234,231,255
484,71,42,41,45
25,440,51,48,51
166,431,63,61,58
363,471,65,60,57
258,194,180,177,194
494,412,45,43,45
451,124,44,41,45
299,175,186,185,204
362,315,44,46,46
239,30,111,102,122
454,109,41,40,48
423,163,42,43,46
684,398,148,142,166
365,334,45,43,48
133,423,48,48,49
1123,24,233,229,245
943,462,46,46,50
373,492,58,53,49
416,494,194,192,203
214,70,49,41,53
951,381,41,44,49
593,227,234,233,255
155,198,53,44,52
251,242,190,188,207
1141,83,231,229,246
433,151,42,44,45
476,243,32,31,36
18,51,62,61,63
152,280,214,210,233
577,342,45,42,46
863,407,45,47,48
431,102,44,41,45
21,446,53,48,49
153,151,159,149,174
785,112,45,45,50
231,450,60,56,50
941,220,48,46,49
1129,207,231,228,245
615,363,39,44,43
1146,97,231,230,244
101,23,120,111,120
772,20,49,49,51
811,406,47,49,53
300,68,31,27,35
1109,16,236,234,253
811,413,50,47,52
366,316,43,43,46
1033,443,49,48,52
254,51,126,122,150
548,461,147,143,152
540,260,227,227,253
333,296,42,43,44
1044,271,51,50,56
1090,487,240,239,255
890,322,45,44,49
367,100,33,31,32
590,454,130,121,116
333,55,33,23,24
521,168,42,46,47
314,450,75,64,50
730,144,48,46,49
334,115,33,27,29
36,255,36,28,31
993,417,46,49,51
618,193,237,234,255
794,145,43,47,49
997,13,126,96,70
634,490,160,159,172
444,19,44,39,38
929,157,49,49,52
899,408,47,45,48
970,89,47,47,53
825,161,45,46,52
1086,205,57,55,58
72,109,152,25,32
1110,224,234,233,251
931,394,44,47,48
971,84,48,47,54
827,248,239,238,254
629,363,46,41,46
332,263,210,210,232
275,359,40,43,44
234,191,181,182,201
732,400,79,65,52
926,20,98,67,62
972,274,48,47,49
363,482,64,59,53
845,395,49,46,49
1064,334,50,49,54
456,124,45,40,46
949,279,46,46,50
834,114,46,45,50
1193,33,239,237,253
1102,127,237,237,255
53,338,39,38,41
385,247,123,120,142
367,97,34,32,32
669,343,45,45,46
178,277,210,208,232
394,240,214,215,235
1141,341,232,231,247
946,443,60,60,61
704,198,238,235,255
1066,308,207,219,254
1037,464,47,49,54
42,419,53,54,54
1035,423,46,47,51
954,432,165,179,158
75,357,40,39,44
80,278,33,33,32
227,246,192,192,213
30,164,172,31,39
1171,489,236,233,249
1151,295,232,229,247
708,12,59,52,57
809,135,48,48,52
443,282,48,48,51
325,130,27,29,32
1039,248,49,47,53
334,497,135,138,153
826,66,49,46,51
587,322,41,42,43
335,474,139,138,154
137,342,35,37,41
902,263,239,239,255
634,251,47,46,50
196,123,39,38,45
855,91,52,48,52
733,95,45,46,48
1001,65,64,55,60
153,97,156,140,166
1157,269,237,235,248
138,262,214,210,234
701,167,46,48,52
91,61,189,192,208
296,98,34,26,28
651,151,45,49,50
401,215,101,98,100
1177,24,237,235,252
1001,407,48,46,51
1097,269,239,235,254
1034,240,49,48,51
1173,162,238,236,251
653,340,42,44,49
1121,230,232,230,246
208,245,194,196,215
990,23,119,88,66
254,33,193,189,207
288,124,33,26,29
496,243,112,114,133
762,463,72,70,57
1082,418,67,56,59
706,407,44,45,50
4,216,36,28,31
1168,292,235,234,253
325,372,41,43,46
901,326,45,47,50
727,8,49,51,51
521,173,49,46,52
979,221,46,46,50
40,354,43,43,44
413,375,44,41,47
752,236,135,132,131
440,427,25,19,24
116,471,46,47,49
948,333,45,46,48
110,187,156,163,184
549,145,45,43,45
437,148,43,44,46
1070,312,52,53,55
490,369,42,42,44
132,147,131,136,154
35,22,67,67,70
428,438,54,49,50
433,420,50,46,48
1084,361,240,240,255
781,194,47,48,52
473,228,191,195,214
651,210,240,238,255
884,293,45,46,51
1117,336,235,231,248
150,13,189,189,206
779,58,47,47,52
181,274,211,210,231
591,60,47,45,46
1022,326,47,48,51
1000,84,52,55,55
434,158,42,42,47
820,309,43,48,48
779,461,47,48,48
335,445,71,68,54
88,481,47,45,51
291,121,33,26,26
507,291,43,48,52
913,203,50,49,52
787,383,47,45,50
927,234,48,47,53
1077,432,241,241,255
1135,237,230,230,243
1042,240,47,48,53
3,348,42,44,46
1008,85,95,86,74
696,242,77,69,94
288,208,186,187,198
667,495,108,77,56
133,366,40,43,45
27,333,39,40,42
1108,293,232,229,249
772,74,45,48,50
582,59,42,44,47
491,344,43,43,49
662,419,45,43,46
412,92,38,35,39
475,119,42,42,46
672,378,45,43,47
634,106,43,45,50
366,374,41,44,46
1049,415,49,48,52
510,25,91,67,50
520,296,44,45,46
766,260,242,238,255
160,179,201,198,221
86,246,215,217,238
514,13,85,63,51
65,464,47,46,49
892,416,41,46,50
680,158,49,46,49
646,35,46,44,50
529,63,41,45,45
84,184,206,200,223
1146,424,230,230,244
26,363,44,43,47
758,319,44,45,48
43,414,53,51,53
430,59,35,34,37
280,490,83,73,54
43,80,186,181,204
664,432,43,44,47
135,183,218,215,242
714,31,216,157,86
286,467,86,74,52
224,33,168,163,178
1073,181,57,56,59
1043,9,79,67,61
277,251,193,192,214
920,236,49,48,55
730,491,151,145,159
772,467,162,157,168
774,437,48,48,50
1064,402,51,50,56
835,467,49,47,53
165,377,41,43,46
216,23,174,160,183
200,181,191,182,202
473,18,96,76,55
805,497,164,164,179
233,207,51,51,53
833,499,152,148,136
693,102,44,47,48
803,79,46,47,50
699,300,39,44,46
962,213,46,45,50
1151,278,237,232,250
1076,291,241,243,255
31,201,87,84,91
33,102,29,26,28
474,390,44,45,43
910,322,44,47,50
158,5,33,34,39
21,343,40,41,43
1142,292,231,229,246
945,26,87,65,57
818,68,45,47,49
1051,92,61,58,57
633,460,164,166,188
34,330,42,39,41
595,444,174,182,193
957,200,42,49,51
598,64,48,45,48
991,73,67,60,56
640,474,151,148,159
811,255,244,241,255
111,222,202,200,223
1165,22,239,235,254
838,357,45,45,49
161,303,36,37,40
1185,110,238,238,254
318,187,193,189,208
405,446,72,71,74
198,16,185,165,189
310,100,34,27,28
506,9,73,57,45
220,336,43,42,44
1022,323,46,48,51
1062,256,48,50,53
443,180,45,46,51
651,14,50,51,50
569,83,45,43,46
725,441,45,46,49
961,425,48,44,52
82,157,164,34,39
665,173,50,47,51
570,455,126,122,129
542,328,42,45,44
691,47,46,47,50
384,156,38,42,41
470,280,24,22,29
415,496,199,199,216
264,349,44,43,47
989,91,51,49,55
1167,353,239,235,251
618,294,44,46,46
608,87,44,44,47
85,287,35,29,32
339,227,201,200,220
1168,443,234,232,248
399,347,42,40,48
425,75,40,36,41
85,283,38,29,33
1006,490,50,48,51
591,289,43,44,47
1126,169,230,227,243
6,7,225,223,248
962,270,49,48,50
1125,86,227,225,240
548,111,40,44,46
641,273,45,44,48
952,479,48,45,50
1077,31,121,117,111
267,91,32,28,32
866,361,38,46,48
897,422,48,50,52
115,337,36,35,38
882,470,49,48,52
923,90,45,49,52
1020,406,53,48,52
398,50,31,27,32
2,53,38,21,39
589,435,43,43,47
1144,83,233,231,246
326,338,42,42,45
922,495,175,161,122
611,137,45,44,47
129,235,50,45,49
590,319,48,42,47
15,454,48,50,53
1165,362,236,234,249
960,47,93,68,58
884,362,48,47,51
203,384,40,43,47
655,150,46,44,49
320,7,65,60,58
201,296,38,37,44
1195,451,236,235,248
619,106,47,45,49
1099,324,241,238,254
870,126,45,47,53
546,76,40,44,48
667,446,46,45,49
133,77,161,145,169
826,403,48,46,51
956,190,50,49,53
900,222,53,50,54
1118,163,231,229,247
834,394,46,44,47
489,52,44,41,46
1065,296,236,234,254
1121,313,229,228,246
1177,156,239,237,254
830,391,44,45,48
268,229,174,169,195
1126,75,229,226,243
890,19,81,71,66
1019,95,51,52,53
83,484,49,47,49
228,320,44,44,45
767,25,49,47,52
230,82,55,49,67
951,266,46,43,49
930,91,50,47,52
312,152,39,33,35
166,443,48,48,51
561,164,44,45,47
460,482,184,187,207
766,258,241,239,255
681,90,49,49,51
910,23,147,123,98
512,146,46,45,47
1007,112,45,50,52
380,102,33,31,31
746,425,48,43,50
433,107,42,42,43
492,218,208,206,227
603,251,236,239,255
1114,161,232,231,249
851,245,83,85,145
138,56,149,134,155
215,0,170,153,177
66,50,116,109,117
217,75,133,137,153
77,388,43,42,45
44,409,47,46,49
1149,279,237,233,247
1066,109,54,51,55
130,135,31,27,30
846,72,48,47,48
707,144,49,47,50
734,452,48,47,51
607,114,39,45,45
12,457,50,47,51
600,188,237,234,254
502,100,67,67,69
155,75,158,142,163
262,384,46,43,47
949,335,45,44,49
901,413,45,45,51
793,354,44,43,49
83,97,152,25,34
476,6,63,49,42
1024,63,125,113,99
372,495,61,54,52
595,162,46,45,47
89,310,39,35,36
266,150,34,27,33
503,96,69,66,68
65,338,37,37,42
186,398,43,43,49
441,413,17,18,19
510,236,173,166,170
147,139,130,133,149
1011,108,47,47,52
666,463,91,73,53
52,18,61,62,66
812,48,52,50,54
804,195,44,47,49
452,397,146,150,155
482,261,200,198,214
997,97,45,47,52
1018,303,49,46,51
606,391,47,44,46
150,86,152,139,163
974,344,41,45,51
996,54,97,73,59
789,358,45,46,48
1028,269,50,48,51
220,235,146,144,163
856,406,47,47,50
34,177,174,34,44
78,369,41,39,45
388,270,215,221,245
927,166,50,47,50
61,71,29,28,29
54,458,48,46,48
974,473,46,47,51
483,76,40,43,45
533,253,226,227,249
1007,14,116,89,64
1010,265,51,47,52
1193,477,237,235,249
715,318,45,46,49
615,472,181,177,182
1073,124,52,54,56
263,150,36,27,31
1191,88,238,237,252
449,253,222,226,245
510,442,161,162,178
738,145,45,44,52
1100,102,235,236,255
290,84,32,28,31
223,105,35,37,41
1106,383,238,235,255
991,56,101,80,64
291,32,53,53,58
1119,13,233,231,250
1198,361,238,236,254
520,162,43,46,44
728,109,44,47,49
547,415,40,43,44
45,275,39,33,32
438,411,80,83,73
225,362,43,43,45
775,27,48,49,50
158,24,165,145,171
1041,50,117,108,96
932,156,47,46,53
967,432,43,48,49
25,309,38,36,35
573,272,50,51,52
562,299,46,48,50
1169,295,238,237,254
950,342,49,45,52
613,347,45,42,46
256,366,41,44,45
729,96,49,47,51
975,38,97,74,61
1123,112,228,227,243
117,111,161,30,37
760,202,158,149,163
439,45,38,35,37
532,436,157,160,178
638,455,191,197,215
525,393,45,41,42
1084,267,50,54,56
1074,474,59,58,58
570,209,128,133,170
521,442,139,139,152
722,252,240,238,255
1085,316,245,246,255
391,362,45,44,47
67,221,138,132,143
536,211,87,72,92
1160,355,237,235,250
336,48,30,24,25
342,249,209,209,229
3,119,150,19,34
216,81,111,112,127
943,451,80,57,53
760,405,144,139,140
842,347,44,44,49
750,433,45,45,47
774,493,162,157,171
584,78,46,45,49
127,39,153,138,159
1109,255,234,231,251
99,278,41,34,37
1052,285,232,237,255
889,107,50,48,51
314,87,33,28,27
294,278,44,43,45
1003,167,48,50,52
1089,257,255,255,255
500,171,53,50,55
747,136,45,45,50
583,114,43,44,46
406,32,39,31,31
646,195,236,234,255
187,366,44,45,47
524,215,226,223,243
1124,383,231,228,249
939,136,48,46,50
629,283,42,45,46
398,441,200,210,229
1000,220,48,46,53
534,252,229,228,252
223,227,192,188,208
654,155,44,44,47
457,242,84,82,79
1036,173,49,50,54
991,227,46,47,49
497,218,213,211,230
186,390,46,43,46
182,359,41,44,43
996,18,127,94,69
471,71,45,40,44
543,354,43,42,44
878,117,48,48,52
1063,151,51,49,54
117,456,49,48,53
397,381,47,42,47
184,35,162,42,58
726,355,43,46,48
1105,74,236,233,251
780,364,44,44,50
215,446,46,48,47
9,466,48,47,52
150,405,49,45,48
831,155,48,47,50
1116,209,231,230,248
810,267,51,50,55
904,253,243,236,255
599,112,44,45,46
932,3,186,157,147
751,496,166,160,155
761,271,47,50,51
572,387,44,44,44
604,464,137,131,138
547,416,42,42,44
265,52,47,50,51
152,222,197,193,214
517,109,46,43,48
925,357,48,47,51
662,317,47,46,49
145,259,215,209,235
50,228,36,33,37
539,375,42,39,41
1,281,33,29,32
281,61,43,40,46
662,405,47,46,46
902,494,175,157,84
157,476,46,45,49
293,334,44,43,47
721,9,74,56,56
744,204,242,238,255
742,494,150,145,112
580,262,237,235,255
587,228,237,235,255
239,442,46,52,50
788,284,50,51,54
1164,254,238,236,250
611,16,50,48,51
28,192,80,80,84
697,21,54,49,52
567,150,41,45,47
280,306,45,41,45
846,80,51,48,52
1139,73,229,229,243
592,83,43,44,47
395,241,213,216,238
277,28,188,195,209
740,452,49,50,51
591,0,92,82,60
95,69,148,124,147
1037,289,55,52,55
467,73,41,42,43
1079,167,53,52,58
1142,401,231,231,246
516,356,38,41,46
301,79,34,27,30
287,53,43,44,49
56,295,36,29,29
646,120,43,44,50
1193,71,238,234,252
165,196,171,168,189
273,101,33,29,29
538,485,135,134,141
420,478,162,145,147
944,294,46,45,50
1033,300,48,51,55
698,469,121,100,71
72,322,36,34,35
693,9,51,50,52
789,201,52,49,50
593,489,179,175,187
957,453,48,50,54
1122,208,231,228,245
979,122,49,48,51
271,42,143,149,157
786,476,163,157,172
1147,487,232,229,241
1083,85,170,174,200
836,161,47,49,50
43,165,170,35,40
3,332,44,42,47
1033,56,175,161,143
536,192,224,227,240
195,65,53,35,51
387,238,122,123,146
1080,130,106,107,118
658,270,44,47,53
915,12,223,169,93
403,416,43,44,49
58,450,49,48,49
405,338,44,43,45
774,177,45,46,51
242,338,45,43,47
257,294,42,43,46
440,428,21,18,21
34,62,110,98,111
1139,88,231,227,243
311,271,45,45,47
609,89,44,46,48
686,111,49,46,46
859,406,44,47,50
163,44,150,137,158
822,159,48,47,48
844,144,49,46,50
297,25,48,49,55
873,290,48,46,51
189,80,194,187,209
944,210,41,47,52
505,65,120,120,126
975,438,155,179,163
710,395,79,73,94
82,19,104,98,104
395,423,46,45,47
318,326,44,43,46
1147,366,232,229,246
549,252,230,229,251
2,414,53,52,55
1067,406,49,50,55
1100,328,240,239,255
1051,15,70,65,61
27,311,37,38,39
953,431,99,101,61
773,76,47,48,52
436,213,56,56,61
1096,45,239,235,255
648,130,42,45,45
987,366,48,47,50
31,230,33,27,27
446,13,37,32,33
1127,339,229,226,240
555,450,134,134,137
493,411,44,42,47
1149,393,232,230,248
40,84,189,186,206
97,424,126,126,144
177,408,41,42,47
399,438,198,204,225
1035,39,106,81,64
60,383,38,42,45
311,237,177,177,196
1074,164,53,51,56
147,71,161,148,169
856,402,46,45,49
908,185,43,47,48
1027,64,111,97,84
837,22,90,86,78
31,313,40,38,40
769,68,44,45,50
238,451,51,49,50
977,337,47,47,51
552,156,48,42,48
242,416,40,46,45
838,337,48,45,50
1008,397,46,49,51
1127,430,228,226,242
620,81,46,44,47
885,498,175,164,116
456,95,39,42,46
354,2,43,38,39
693,181,128,125,139
191,47,196,178,201
825,95,42,45,51
677,108,45,46,48
748,212,240,235,255
955,361,48,48,51
1046,345,45,49,53
53,431,52,50,52
754,41,50,51,53
986,182,48,47,51
305,88,33,27,31
610,86,45,45,48
338,395,44,43,46
1079,495,241,244,255
532,353,42,42,47
94,489,47,47,50
378,381,43,42,46
945,262,44,44,50
220,222,187,185,204
401,175,44,44,47
534,211,212,210,235
897,114,50,48,51
412,117,38,39,44
468,225,221,221,243
1112,229,232,231,248
1019,209,47,47,54
186,413,46,45,47
520,289,43,47,47
1091,372,245,240,255
973,87,48,47,51
140,232,60,52,66
382,185,201,198,219
625,299,46,44,46
865,316,46,48,49
662,98,45,46,51
354,32,40,32,34
537,215,231,227,250
478,349,44,45,49
345,387,42,42,49
975,360,46,46,51
125,70,154,137,160
372,327,45,45,48
397,299,44,45,46
852,176,44,45,47
1181,254,239,236,251
225,496,60,55,51
1102,249,236,235,253
714,291,44,47,46
255,94,35,33,39
173,324,41,41,45
412,245,59,57,61
1170,67,235,235,250
200,173,184,181,200
868,279,48,46,52
367,108,36,31,34
189,305,40,40,40
514,86,37,31,31
1072,112,51,49,58
962,249,52,48,53
885,481,54,53,53
613,379,39,42,43
676,181,236,234,254
537,435,162,167,170
313,41,39,35,38
295,149,29,29,30
434,36,37,34,38
525,476,127,122,112
677,395,162,155,182
108,64,142,125,148
292,305,43,43,45
969,319,44,44,50
1088,360,252,251,255
200,349,41,45,46
725,171,48,45,51
278,314,42,40,48
555,188,232,229,252
217,470,48,46,50
1178,427,239,237,254
276,230,188,187,209
1126,217,231,228,247
149,59,137,121,143
1127,222,232,230,245
457,411,50,50,52
1057,363,49,48,51
871,467,48,47,51
222,190,188,182,202
864,293,48,46,48
477,118,44,42,45
131,352,42,36,41
743,20,51,48,50
567,23,50,48,46
880,379,47,48,50
823,106,50,48,51
458,84,40,40,45
418,67,34,38,37
1066,480,53,51,54
727,61,43,47,50
269,172,186,181,203
1149,391,233,230,245
955,483,44,47,49
332,240,200,199,220
949,318,45,45,50
121,460,51,49,52
61,427,67,64,58
327,469,125,121,135
384,45,32,24,27
1166,195,238,235,252
806,312,45,46,48
574,161,43,44,47
721,75,46,46,50
552,457,152,147,162
728,451,46,46,50
450,473,184,184,204
417,460,126,109,107
714,83,47,47,51
1125,256,229,229,244
523,465,152,150,167
852,58,65,56,55
170,98,204,192,214
1153,37,236,233,250
322,69,30,24,29
994,280,44,46,49
104,485,50,46,51
254,55,112,116,133
916,101,48,49,51
353,269,169,167,202
234,472,82,82,63
75,145,161,28,36
757,11,49,50,52
64,370,41,43,46
545,218,228,228,253
8,465,49,49,50
917,400,45,46,49
78,362,40,39,43
20,103,140,19,30
1191,16,238,237,253
395,496,91,76,54
846,428,50,47,51
414,419,40,44,45
110,368,39,42,41
448,148,39,43,45
149,179,206,206,227
419,26,37,28,29
738,421,44,46,47
37,106,37,31,34
655,300,40,44,45
1085,386,248,250,254
889,279,48,49,51
293,482,75,73,53
364,208,65,64,78
1017,24,100,79,62
138,245,203,201,227
585,427,41,44,48
254,64,42,42,48
1196,351,242,235,251
371,263,217,215,238
634,272,44,48,51
1095,241,242,240,255
921,350,51,47,51
571,445,121,117,116
1059,148,52,49,54
435,494,166,171,179
780,297,45,46,50
1001,180,48,49,50
223,54,208,197,218
1105,83,235,233,250
506,337,42,41,45
812,13,56,55,56
1122,212,231,229,244
1147,281,235,229,245
271,85,34,30,34
166,77,164,151,171
551,382,41,42,42
868,110,47,47,51
969,0,107,91,96
2,464,53,53,54
663,293,43,43,45
912,24,165,131,95
774,393,42,44,46
395,21,48,38,31
457,45,40,37,40
834,58,60,55,57
224,283,204,206,231
44,407,41,46,48
299,390,46,44,47
291,332,39,46,45
329,238,197,198,215
421,53,35,33,37
846,79,49,47,52
1067,473,48,53,57
830,212,72,69,80
5,83,125,116,121
849,239,239,238,255
135,17,191,188,209
144,336,41,38,42
734,231,165,165,178
93,112,157,27,40
1150,348,238,232,246
173,189,193,189,211
977,284,44,46,52
987,162,50,48,52
661,324,47,46,50
669,206,239,236,255
921,230,44,50,56
640,19,52,50,51
1177,422,233,231,248
169,259,206,205,228
1172,94,241,235,253
267,132,35,27,30
389,429,44,45,48
1156,404,234,233,249
442,232,230,230,248
1066,160,51,51,56
820,493,159,154,154
263,78,39,41,44
220,77,108,112,125
439,264,233,233,255
877,17,98,94,91
956,218,44,49,53
259,16,37,28,31
1139,329,229,228,242
341,41,46,35,32
303,323,42,43,46
519,191,220,220,243
319,76,33,28,32
251,210,186,185,203
598,186,232,229,252
1128,420,231,227,245
954,473,47,49,53
934,123,47,48,53
1093,310,242,241,255
673,271,45,45,49
206,270,207,205,226
566,309,45,44,47
502,431,105,99,78
1058,351,47,50,54
802,51,49,52,52
125,438,47,47,51
584,3,92,80,61
82,129,157,32,46
1,126,156,24,31
356,446,73,68,53
112,265,53,46,51
1075,469,241,241,255
120,227,190,188,205
5,89,131,118,124
1046,174,49,48,53
411,396,40,43,46
158,340,44,39,43
1125,2,233,227,243
145,450,43,49,48
1152,176,236,232,249
529,349,47,43,46
431,209,219,218,244
406,340,40,44,44
428,309,40,43,44
715,220,75,74,112
803,368,48,47,47
1104,54,233,234,251
262,71,44,46,52
921,453,50,48,54
999,465,51,48,51
685,7,49,50,52
36,410,47,46,50
950,256,44,47,53
935,345,41,45,50
892,296,49,48,53
809,414,56,44,73
1189,231,237,235,254
338,46,35,22,23
645,179,239,234,255
1172,309,236,235,250
976,46,86,67,56
1105,400,237,235,252
55,169,171,29,36
644,478,154,152,161
964,294,47,48,50
27,239,33,31,30
1053,148,50,51,53
943,369,49,46,50
703,215,214,217,248
221,382,43,43,47
364,146,38,37,40
202,420,43,44,49
1017,273,42,48,50
508,293,43,46,46
22,202,127,127,129
139,245,203,201,228
357,387,40,41,47
572,28,52,48,50
545,195,223,224,247
1032,124,42,49,53
1037,38,107,81,64
580,475,110,99,86
94,408,41,43,46
238,259,199,200,219
27,472,49,48,51
462,284,48,48,53
1118,243,232,230,248
96,421,63,58,60
1133,457,227,227,239
724,291,46,45,51
841,354,44,46,48
942,1,122,86,66
484,179,61,62,70
513,437,150,150,164
192,208,81,68,93
448,324,47,47,51
1186,420,234,234,252
897,307,44,47,47
762,152,45,44,49
198,116,35,39,43
560,467,136,132,140
1153,193,235,232,251
1135,64,230,227,246
769,153,47,46,51
840,292,45,47,49
538,263,230,227,251
307,456,115,110,80
1171,493,238,234,250
204,92,106,109,124
806,285,48,47,50
853,272,48,49,52
1078,97,224,227,211
251,45,165,161,184
716,65,43,47,49
1066,441,49,50,54
117,354,39,38,42
790,82,49,46,51
1170,34,237,236,253
402,203,179,182,201
1078,185,247,247,255
460,383,56,57,59
1031,337,48,49,53
207,401,44,44,47
423,168,41,45,47
80,74,144,66,82
1004,374,50,47,50
98,199,235,239,255
493,303,42,45,46
1072,37,112,99,108
83,192,80,87,99
922,23,209,148,92
991,318,52,46,50
160,466,95,76,58
152,226,199,197,217
1012,50,104,80,66
19,169,176,33,42
786,307,46,45,48
423,271,227,228,250
892,466,49,48,50
493,103,43,44,45
205,161,30,27,31
1180,37,240,237,252
508,182,214,212,232
289,168,182,183,203
1004,159,46,48,53
53,438,49,49,48
680,252,49,46,52
1115,166,234,232,248
308,54,35,29,35
513,106,44,39,42
730,428,45,44,46
667,402,39,42,47
635,123,41,44,50
934,321,46,44,50
1010,468,47,48,53
736,180,48,47,52
722,171,45,44,51
273,429,72,72,55
712,63,49,46,51
1073,106,51,53,57
327,369,43,42,45
717,422,43,45,45
873,418,48,47,50
1053,467,48,49,53
1014,419,46,46,49
583,456,120,116,113
263,0,195,184,208
58,492,48,48,49
335,206,96,87,98
1078,78,59,59,62
476,52,46,39,44
826,275,47,48,51
956,133,50,49,53
946,330,44,45,47
581,329,42,43,43
1192,223,240,237,253
735,164,48,47,51
170,80,162,153,175
483,316,49,44,51
685,259,47,45,49
987,152,49,49,53
886,249,240,239,255
187,68,183,173,194
771,229,238,235,255
123,324,32,31,34
618,435,45,45,45
315,449,65,60,52
89,472,82,71,64
914,427,72,65,51
369,385,43,42,46
198,273,206,207,228
223,44,207,192,211
1180,265,240,236,254
1065,412,51,48,52
1192,43,239,237,253
95,23,111,106,114
531,381,39,41,44
83,226,52,51,59
847,404,43,45,47
409,275,51,53,55
132,498,42,48,48
951,149,48,46,51
875,226,238,237,255
731,174,50,46,52
691,58,44,47,49
114,81,146,131,154
951,214,47,46,50
348,82,35,23,26
331,170,42,41,47
173,298,37,36,41
710,490,137,127,122
1144,488,228,226,243
802,209,223,223,244
359,459,64,53,51
198,438,48,47,49
284,341,40,45,47
987,136,47,49,51
883,397,46,46,50
247,168,191,184,205
560,97,46,43,47
410,156,39,41,46
1,193,21,20,24
848,366,44,47,48
1106,20,240,235,255
208,385,45,43,46
553,52,43,45,44
324,108,28,25,28
154,96,156,142,167
26,343,41,40,42
74,98,154,24,34
1187,275,240,234,251
174,182,191,189,212
440,85,41,41,43
1177,263,237,236,252
645,21,47,48,51
140,244,204,202,216
848,217,242,241,255
559,34,41,42,43
564,179,221,218,236
864,200,47,44,50
251,422,45,45,45
735,375,45,46,48
76,196,82,64,84
72,218,232,231,253
43,36,226,232,246
218,315,41,42,45
644,398,44,43,47
495,108,44,41,44
313,139,31,28,31
822,204,51,49,54
1018,463,50,44,52
477,345,45,44,49
1191,457,237,233,252
58,402,48,44,47
1018,105,47,48,52
678,413,43,44,45
97,45,26,27,29
584,413,44,44,47
526,59,44,43,45
1173,262,238,236,250
896,299,47,46,48
709,62,46,46,48
1116,225,234,231,247
249,184,192,187,202
1088,12,63,62,67
674,219,231,236,255
927,496,175,163,106
1008,434,48,45,50
324,313,40,45,44
70,291,34,28,30
595,84,43,43,46
1128,150,228,225,244
550,151,45,45,47
862,234,238,238,255
342,71,29,25,31
146,272,214,211,236
182,212,100,88,93
1190,497,239,236,250
772,76,48,49,52
533,307,40,44,44
1172,83,237,236,251
440,58,38,36,40
392,84,31,30,35
310,189,191,189,208
353,277,45,46,47
437,471,33,20,20
1031,365,48,47,54
397,127,39,37,42
1033,256,47,50,51
878,231,240,236,255
292,243,59,60,67
385,75,31,30,29
909,460,49,48,54
364,394,43,43,45
298,423,43,42,45
284,442,62,61,52
429,6,35,28,29
687,319,48,44,44
949,469,48,46,50
1067,74,75,65,63
142,382,44,42,46
625,386,41,44,41
122,298,37,32,36
21,424,51,51,51
372,448,137,63,68
670,50,42,46,47
924,116,47,47,49
692,357,41,46,49
1078,474,70,58,86
542,68,44,42,48
994,47,112,82,64
339,489,103,99,110
899,424,67,45,48
914,266,112,122,191
311,180,189,185,209
207,327,41,42,43
78,5,64,65,69
490,381,46,44,46
332,497,134,135,151
566,482,143,132,123
323,6,73,66,61
778,187,45,48,52
55,34,122,120,134
208,215,185,183,204
318,319,45,43,46
1154,495,232,231,246
605,492,174,172,179
731,401,65,58,57
498,444,172,176,193
938,445,165,167,151
687,316,44,44,47
38,27,107,94,112
925,87,47,47,52
293,0,149,151,172
731,355,42,44,49
65,203,58,53,63
913,459,46,48,49
393,296,42,44,45
216,389,47,43,47
275,252,200,197,217
545,400,37,41,44
635,271,44,45,49
352,129,31,32,34
275,286,44,44,46
140,495,47,49,50
745,414,43,44,47
1060,161,51,49,56
1095,196,242,242,255
294,113,34,27,31
1107,326,232,233,250
555,275,46,47,50
598,162,48,47,51
499,89,44,42,45
1175,54,238,237,252
119,350,40,37,41
275,412,44,43,46
765,38,48,50,52
490,458,162,163,180
1049,83,67,64,58
1186,225,238,235,251
434,392,44,46,47
722,374,44,43,50
987,305,45,47,48
203,272,205,205,225
319,248,202,198,222
1123,168,232,228,244
699,56,46,47,50
1122,25,233,228,246
372,405,41,42,45
196,166,38,31,35
78,282,39,31,34
159,32,168,151,176
563,295,41,43,47
555,490,126,117,102
388,343,45,42,47
748,354,45,43,49
550,394,43,42,47
60,2,225,227,250
668,142,44,47,49
700,365,44,43,45
621,447,175,179,202
666,421,45,44,45
323,313,38,43,45
31,185,121,122,133
183,363,46,43,44
875,48,103,98,93
601,292,43,42,48
39,125,149,24,31
272,317,45,43,45
576,229,233,235,255
131,19,124,122,139
182,485,47,46,50
79,170,207,195,218
874,487,172,157,95
750,249,235,238,255
15,424,50,47,50
422,50,31,32,38
718,228,168,164,139
1190,98,238,236,254
365,424,38,43,44
362,171,53,50,56
966,382,45,48,51
1033,239,46,49,51
457,205,228,226,250
695,371,44,44,48
71,496,47,46,49
868,370,48,45,49
921,308,46,45,48
677,114,44,45,49
984,154,47,50,54
138,383,44,44,48
1123,225,230,228,245
157,202,189,185,208
68,308,38,34,34
426,485,95,94,104
259,180,188,184,205
627,223,234,234,255
1031,22,100,80,61
91,429,46,47,48
430,346,41,44,47
386,354,43,42,48
1124,449,230,226,242
1048,144,46,49,53
587,313,45,43,47
447,290,43,45,48
502,468,137,133,137
147,172,211,212,235
489,79,43,41,43
533,30,53,49,48
422,192,219,218,240
745,293,44,43,49
30,389,42,46,48
321,215,180,177,191
561,117,43,45,49
431,138,44,43,45
517,269,52,51,55
1165,274,235,236,253
429,497,27,25,25
1166,53,237,236,252
353,289,45,44,46
21,338,44,39,43
574,118,40,43,47
984,79,60,57,57
823,250,242,240,255
61,131,157,26,36
974,352,44,46,49
1187,282,240,236,255
1163,53,240,236,253
141,5,53,36,57
754,19,52,48,52
744,362,45,44,48
640,262,42,45,47
1045,457,45,49,53
594,80,44,42,46
61,181,49,26,25
245,406,47,42,46
580,323,41,42,45
1079,314,245,244,254
1091,261,240,237,255
285,295,44,44,46
1125,399,228,223,242
423,369,42,44,48
1006,46,110,87,65
801,160,45,44,50
619,85,47,45,48
935,393,48,45,50
852,216,155,149,161
579,299,43,43,47
606,410,45,43,47
1082,238,53,55,57
1032,384,49,47,51
681,227,214,212,228
803,333,48,45,50
925,200,49,46,52
311,434,59,59,53
444,360,47,47,49
460,494,130,122,72
1045,159,48,51,53
924,183,48,47,52
974,363,48,48,50
805,137,47,47,51
389,445,193,203,224
152,6,35,32,34
1060,370,52,52,53
1179,442,235,233,247
449,48,40,38,42
660,361,44,43,46
348,159,39,38,42
281,452,75,73,52
274,252,200,197,216
719,461,147,137,146
480,201,170,170,188
11,473,51,51,53
516,48,19,21,21
488,468,162,162,181
294,437,59,58,49
618,471,179,176,182
324,427,44,46,46
529,135,43,44,48
920,312,43,45,49
1097,459,234,234,254
404,430,47,45,46
154,23,162,139,166
7,259,35,31,33
509,494,114,106,75
656,289,41,45,46
351,17,41,34,32
1142,32,230,230,249
68,184,39,31,34
571,46,46,45,47
467,309,25,26,25
248,28,202,193,217
734,442,41,46,45
270,67,46,41,48
222,278,211,207,228
13,399,44,45,48
22,374,47,44,47
1116,264,230,227,244
148,10,137,131,143
378,404,42,44,46
0,165,118,111,111
87,137,157,27,38
647,445,46,47,51
637,203,238,233,255
232,348,44,42,47
386,144,39,40,41
907,138,49,47,52
504,181,207,208,227
737,449,48,47,49
957,477,48,47,50
52,113,149,28,34
486,423,41,44,44
785,485,160,150,170
1124,447,227,226,242
842,397,48,47,50
196,389,46,43,45
66,164,165,30,39
918,421,45,46,49
887,149,46,49,52
1018,388,49,45,51
54,155,167,49,83
367,345,47,44,47
625,445,185,197,211
816,293,47,47,52
875,214,49,51,53
181,247,202,198,219
1080,22,61,57,65
425,334,41,43,46
495,134,68,61,66
531,256,227,225,249
983,422,41,48,50
1077,221,247,242,255
1042,411,47,49,53
635,68,46,44,48
798,91,47,47,49
1072,322,101,82,61
879,467,49,49,49
126,349,36,38,40
385,304,44,44,45
135,186,212,212,238
1160,335,236,233,251
94,421,58,56,52
874,411,48,45,50
702,457,113,94,63
1121,462,228,225,242
694,327,47,44,48
1017,401,46,48,51
1143,167,233,229,246
161,171,199,197,222
325,344,47,43,45
283,180,187,186,206
1019,342,48,45,52
772,226,231,229,242
1045,203,52,48,53
430,205,208,207,233
120,366,42,41,40
589,491,105,99,77
1063,96,51,51,56
393,364,45,41,45
424,167,42,46,46
1050,38,101,89,74
447,330,43,45,50
701,333,43,46,49
750,232,66,61,90
222,313,41,43,45
1187,393,243,236,252
763,177,45,47,50
242,486,63,59,50
714,108,47,47,50
588,365,41,43,43
324,178,190,187,208
4,257,34,28,30
1069,81,100,89,102
237,135,30,26,27
308,158,29,32,31
24,292,37,32,37
236,373,41,41,45
20,257,36,30,31
595,400,44,45,49
1164,432,237,233,251
387,498,83,78,54
380,336,45,43,48
976,366,48,45,50
602,482,180,181,189
1063,306,243,236,255
131,235,56,43,66
871,128,47,46,51
1095,160,246,244,255
1157,153,237,235,252
303,41,42,44,48
163,109,50,33,53
466,489,125,122,91
1078,2,139,121,85
978,317,45,45,48
976,62,93,75,64
1137,128,231,229,243
1142,137,230,229,244
326,205,158,158,184
1152,464,234,230,246
612,372,40,44,47
113,418,52,52,52
75,52,171,167,189
1024,75,98,86,72
169,266,207,207,229
762,247,239,239,255
649,343,44,45,49
929,189,50,47,54
524,424,43,42,45
616,341,41,46,44
368,335,49,43,46
241,469,96,93,62
690,39,45,48,51
246,303,44,42,49
6,32,226,223,247
910,216,48,45,52
1069,354,56,54,55
522,80,43,44,46
1083,137,51,54,55
23,328,37,35,40
264,222,184,184,204
355,198,51,51,55
494,22,75,59,48
638,473,169,169,179
130,214,201,198,221
938,243,46,48,50
83,146,161,28,35
229,362,42,44,43
296,142,33,30,31
1015,87,66,62,60
313,469,127,121,101
88,269,36,34,30
412,271,226,224,248
273,305,42,43,46
657,485,97,75,59
634,332,41,45,44
1113,109,234,231,245
379,394,43,44,47
251,229,184,186,205
823,181,45,48,50
235,87,44,41,48
61,394,43,44,48
334,27,39,31,31
629,300,46,45,50
418,131,40,43,44
123,236,202,196,218
1105,95,234,232,251
306,247,202,199,222
97,389,43,43,46
234,329,41,44,45
126,156,147,150,170
1156,170,237,234,250
759,409,43,47,50
58,478,49,48,48
154,35,151,136,158
510,19,88,66,53
1142,253,233,229,246
814,264,49,52,54
1120,344,232,229,244
215,278,206,205,227
980,37,101,76,64
628,6,54,52,54
896,341,46,45,50
263,451,58,57,52
1108,267,237,231,248
1163,118,238,235,252
204,250,195,193,215
319,21,44,42,43
469,281,26,23,32
510,458,147,149,161
633,217,229,232,254
270,101,35,27,32
869,12,94,91,87
201,345,37,42,46
1100,67,236,234,254
1176,25,236,237,250
697,75,43,45,47
836,435,44,46,50
66,486,61,56,53
158,8,143,132,151
129,407,46,44,48
1157,286,236,234,251
787,225,217,213,232
215,94,144,153,163
48,404,46,44,47
379,114,39,35,34
186,249,199,196,218
516,437,157,157,177
423,64,37,36,33
903,256,240,236,255
648,494,95,68,56
854,260,240,240,255
844,69,49,46,51
668,7,50,48,51
901,378,45,45,53
90,128,159,30,35
281,478,80,78,66
1052,327,48,50,54
172,162,38,37,42
979,492,47,45,51
778,364,43,46,49
364,48,29,24,24
707,24,58,53,54
942,457,50,51,51
863,347,45,47,46
1158,353,236,235,250
735,217,231,231,253
432,472,25,22,24
91,324,37,36,37
40,308,34,32,36
1156,443,235,230,246
99,355,35,39,40
127,42,160,140,163
259,375,44,43,47
256,336,42,45,48
517,82,42,40,42
1101,295,234,233,252
919,311,43,44,49
1000,368,46,46,50
925,474,48,48,50
87,283,38,33,37
315,295,44,43,47
162,424,53,51,53
977,255,43,46,50
478,462,178,177,195
133,268,213,211,235
341,157,36,34,39
337,404,41,43,47
765,163,46,46,50
24,447,56,50,54
343,394,41,42,46
318,415,40,43,45
40,111,145,22,35
704,351,44,45,49
830,247,81,61,96
1125,132,229,227,243
114,13,121,111,122
1031,153,46,49,51
1035,271,51,50,54
348,451,73,70,50
70,264,40,34,33
529,308,42,44,48
381,333,40,43,47
477,253,37,35,33
1154,393,231,232,248
520,53,35,28,29
272,464,109,100,71
149,357,40,40,43
1026,117,51,49,53
1006,250,44,48,49
790,499,159,155,167
936,232,45,47,52
859,296,48,47,50
276,65,40,40,45
1009,267,49,49,52
462,99,43,41,46
493,139,53,52,53
316,21,42,42,48
1119,364,235,228,246
436,394,45,47,48
593,267,57,56,69
180,186,190,184,206
1060,341,50,48,52
587,392,43,43,45
829,431,44,47,51
904,319,44,46,49
475,364,45,44,47
1043,175,50,49,54
857,324,44,48,48
285,193,185,185,202
732,410,44,47,47
604,466,114,106,91
1139,391,234,229,246
684,235,239,236,255
671,335,42,41,44
532,433,72,67,55
314,79,32,25,27
845,93,48,47,50
980,442,78,82,138
32,199,100,101,95
497,302,49,46,46
509,113,35,34,36
624,19,44,49,50
92,181,212,207,232
701,132,46,47,46
814,413,51,50,53
1160,307,236,234,247
881,191,47,47,52
1081,39,89,90,98
439,117,42,41,44
1138,450,227,225,242
699,73,45,46,47
740,371,46,44,50
526,459,151,146,155
568,5,83,71,56
844,40,85,79,70
169,190,194,189,211
259,449,61,60,51
447,451,126,105,108
900,1,218,164,90
660,198,242,237,255
3,370,43,43,46
603,6,51,49,53
1074,171,54,52,56
917,469,50,49,53
929,94,46,48,51
123,417,47,46,48
332,149,28,32,35
639,150,43,44,47
417,174,45,44,46
821,151,46,46,52
455,485,184,185,203
950,429,51,48,54
322,195,196,192,212
1110,14,234,233,252
231,226,190,185,206
866,469,47,48,54
76,65,190,188,209
567,180,232,230,255
1114,372,233,233,246
948,219,43,49,49
476,465,177,176,195
300,313,47,42,47
1103,267,241,235,252
438,193,220,218,239
752,170,48,46,51
848,335,48,47,54
512,329,42,43,45
457,92,42,42,43
442,16,32,31,31
585,349,38,43,46
319,55,35,25,28
824,374,44,46,47
943,211,43,49,50
116,393,41,41,47
773,140,43,46,46
154,97,174,159,184
740,39,49,49,51
560,378,41,39,45
165,327,37,38,40
90,17,114,102,114
536,293,45,44,47
140,206,198,196,216
1097,279,238,238,255
525,414,46,43,46
262,420,47,43,46
665,259,45,45,49
280,175,188,185,202
983,209,50,47,52
1150,38,235,231,250
460,53,41,39,43
247,302,45,43,46
988,386,48,47,52
437,42,34,34,35
320,56,34,25,25
867,162,45,48,54
408,278,46,48,52
951,10,121,83,65
183,135,40,40,49
948,218,43,48,50
475,465,180,176,195
483,427,47,45,48
777,496,154,151,163
854,262,242,240,255
381,361,42,42,46
279,183,191,186,207
1147,336,235,232,248
673,107,46,47,49
1034,165,49,49,55
529,198,66,56,80
690,233,238,238,255
489,50,44,43,43
819,243,239,237,252
567,464,145,139,144
248,262,201,200,221
206,124,36,34,41
522,1,64,62,62
555,23,44,48,47
790,3,48,50,54
166,66,134,121,140
865,159,47,45,50
1167,420,237,234,253
182,23,158,28,40
690,436,45,43,46
510,482,109,103,71
355,252,210,211,233
783,162,49,46,49
402,223,213,213,236
172,10,158,141,164
361,142,36,36,39
952,146,47,46,52
179,438,49,50,54
388,113,37,35,38
515,243,61,61,69
208,496,41,46,46
588,442,175,175,190
141,232,122,115,133
351,204,137,130,143
60,268,35,26,32
64,378,43,44,44
460,169,45,43,49
980,278,49,49,51
1011,103,48,49,54
699,267,45,47,49
819,57,47,47,50
346,219,201,200,222
777,201,53,50,54
1187,429,238,237,250
905,278,48,48,51
1091,434,237,235,255
873,484,166,156,89
229,347,46,43,48
1051,292,73,57,102
1093,136,236,233,252
776,456,51,53,55
202,170,133,127,134
748,167,46,47,50
63,196,47,36,37
505,259,219,219,241
212,468,46,46,49
972,79,61,58,55
378,122,32,33,37
1118,326,230,230,247
455,431,168,174,175
625,349,42,44,46
380,72,30,28,28
1114,291,231,231,244
767,359,45,43,48
298,337,41,44,45
948,368,43,45,49
689,393,103,86,104
632,362,47,45,48
270,104,37,26,31
874,402,43,47,49
1128,37,229,224,237
1195,235,236,235,251
762,283,45,46,50
746,363,45,44,47
1056,84,66,61,60
204,264,200,198,223
347,90,31,25,28
1143,467,227,227,245
198,244,197,194,218
351,158,40,39,42
525,331,42,42,47
161,238,192,195,215
676,211,57,55,61
1103,494,234,232,249
882,372,43,44,51
461,478,180,184,201
709,478,145,127,116
292,450,69,67,55
1182,330,239,237,251
787,361,48,47,48
439,41,41,36,38
553,221,227,228,251
30,378,44,46,46
587,452,136,125,130
232,212,184,184,198
199,450,48,48,48
109,240,207,205,228
730,369,48,46,48
434,436,75,79,85
815,375,45,45,50
892,474,47,46,50
883,7,90,83,76
84,46,29,28,28
526,116,42,44,47
1055,475,49,49,52
312,14,43,46,51
710,363,45,45,49
437,194,222,218,243
727,107,48,46,51
281,275,45,43,45
131,380,44,40,44
253,375,42,43,47
904,256,242,237,255
166,441,52,47,50
513,211,91,89,89
146,67,156,142,165
243,54,210,215,232
1185,497,238,236,254
11,286,35,31,35
145,331,36,38,39
395,368,41,42,47
879,104,43,48,49
783,184,46,46,49
462,483,181,184,202
1053,110,51,49,53
1112,435,230,231,248
529,476,123,123,134
200,77,207,198,219
406,375,42,44,47
557,365,45,43,45
318,154,35,34,32
63,205,46,45,47
269,192,186,186,200
860,391,46,45,49
987,2,124,90,65
1134,128,227,228,243
618,176,46,47,47
358,101,38,29,32
448,254,231,230,254
626,199,238,233,255
723,45,48,46,51
354,409,41,43,47
1117,345,232,231,248
671,108,47,47,50
1199,0,241,236,253
504,305,44,43,49
774,94,46,48,51
945,424,50,47,51
44,37,92,71,81
1094,375,244,245,255
209,320,38,42,48
482,16,77,57,47
234,181,188,185,204
1184,415,236,234,253
402,342,41,43,45
267,163,131,126,135
1064,333,50,48,56
968,441,74,63,55
643,384,161,166,194
334,371,43,42,46
545,184,226,227,249
21,423,52,51,50
853,316,46,47,49
1020,77,96,83,69
137,107,165,56,71
205,87,122,125,141
100,21,118,110,117
759,57,49,47,50
1029,167,45,48,52
947,32,82,68,57
75,87,153,23,30
758,341,44,47,50
807,74,47,48,51
687,88,45,46,46
1083,186,252,250,255
536,113,47,45,47
839,193,45,47,50
1089,105,71,71,72
687,138,43,47,50
868,60,98,82,62
981,293,45,47,48
414,148,43,42,43
544,245,231,228,251
480,7,58,49,44
453,378,26,26,23
437,424,90,92,103
205,388,39,44,44
300,438,57,56,53
410,90,40,37,40
654,76,46,44,49
257,423,46,47,47
958,434,48,50,52
775,15,49,48,52
224,146,36,30,31
959,280,43,45,48
194,3,155,25,39
729,262,59,54,72
464,275,214,214,231
845,276,49,46,52
1165,94,238,235,251
198,13,168,96,118
642,334,46,44,45
583,176,48,48,50
1144,277,231,230,247
710,124,47,46,49
994,492,49,49,52
1142,403,233,230,244
581,389,43,42,46
476,234,41,39,44
515,303,45,43,45
278,299,45,44,46
1046,237,49,48,50
580,370,43,41,45
332,480,138,133,150
22,371,45,43,45
788,383,46,45,52
333,313,44,42,43
806,472,162,160,166
565,295,46,46,46
1101,479,228,231,246
406,49,30,28,30
906,172,46,47,50
1196,93,242,236,255
790,414,137,143,155
507,126,43,39,42
591,386,44,42,46
540,136,40,43,47
564,177,54,50,51
672,274,43,43,46
1045,409,48,50,54
349,443,78,79,54
670,104,40,46,48
564,332,42,43,46
640,67,45,45,48
293,108,34,25,28
578,411,41,41,44
777,369,45,47,51
34,284,39,33,33
622,235,232,233,254
405,324,43,42,46
910,297,47,45,53
300,105,35,25,26
906,275,53,53,57
519,202,219,219,240
639,460,180,185,207
335,432,70,65,53
882,219,52,52,57
280,153,34,28,32
154,433,49,47,53
901,321,46,47,49
910,481,50,49,56
749,146,45,48,50
1055,415,52,49,53
627,415,40,43,47
729,206,243,235,255
646,64,49,43,47
487,45,44,43,44
353,204,55,54,56
798,272,78,63,88
1076,108,51,51,56
653,377,41,45,48
243,132,35,25,29
255,150,33,26,29
653,59,48,47,49
814,352,46,47,47
852,267,55,54,56
757,128,48,45,51
1166,18,238,234,251
952,398,44,46,51
1048,48,116,108,104
360,476,76,71,57
572,92,43,44,49
650,117,47,44,49
148,137,134,138,157
13,194,73,70,83
282,257,199,198,218
342,285,43,44,48
958,188,48,47,51
1053,167,49,49,53
45,451,50,47,49
1088,458,241,238,255
687,485,118,89,66
34,419,62,60,54
570,149,43,43,48
413,346,44,44,48
122,189,219,217,243
137,217,197,195,216
321,33,40,37,40
257,318,43,44,47
140,374,43,40,46
289,357,45,47,46
848,59,59,55,57
799,341,41,45,47
485,108,45,41,46
332,6,99,95,108
298,295,43,43,45
1024,99,50,48,55
438,473,86,51,44
1009,248,48,47,54
837,68,47,48,54
679,127,45,45,50
612,105,44,45,46
504,393,42,43,44
517,0,117,97,83
786,193,46,48,51
994,156,42,50,49
393,407,38,42,44
211,50,195,188,212
769,15,50,50,51
819,252,237,237,255
1015,353,48,49,54
773,95,50,47,50
727,68,41,44,51
867,149,47,46,50
495,190,191,188,201
922,364,47,46,51
372,112,33,34,35
917,326,44,47,51
176,19,160,110,124
516,415,42,45,47
410,74,37,35,36
405,56,34,29,32
1021,113,46,48,52
868,85,48,47,51
1,210,33,26,29
46,371,44,43,46
460,424,46,47,50
377,33,35,25,26
499,47,42,44,46
242,192,190,185,204
585,55,44,43,48
227,185,187,182,204
1174,245,239,234,251
861,26,99,94,91
771,195,48,48,50
875,457,50,47,52
14,2,227,223,249
720,313,44,45,47
311,463,125,118,95
192,81,195,186,207
764,39,53,51,53
724,236,239,238,255
486,453,176,178,189
206,322,42,42,44
411,445,97,93,94
775,82,45,45,47
52,135,157,23,34
560,175,50,48,51
661,254,44,44,48
782,484,157,150,166
900,320,50,46,51
123,101,161,30,39
65,165,170,32,45
1092,85,76,69,92
857,147,47,47,49
567,116,43,44,45
274,363,43,44,45
180,52,174,160,182
872,298,47,45,52
738,241,241,240,255
850,239,221,227,255
531,324,44,43,44
312,150,35,31,30
251,178,189,185,206
48,93,191,189,210
999,280,45,47,51
139,188,211,209,233
785,318,44,46,49
1087,43,61,60,65
1072,129,51,52,57
1118,218,230,229,247
209,112,40,40,44
1008,161,50,48,55
91,244,217,216,240
170,278,208,210,229
1168,46,241,237,253
28,36,230,228,250
1057,72,96,84,78
175,332,40,40,45
901,172,51,48,49
632,374,41,43,44
793,109,44,46,50
78,476,86,71,70
1060,374,51,49,55
1141,2,232,232,247
165,289,39,38,43
465,295,54,55,60
970,140,49,51,51
603,493,176,175,180
664,302,41,44,47
225,156,54,49,57
981,368,47,46,52
235,288,45,43,46
413,77,40,35,36
444,70,37,40,40
168,102,206,194,215
1137,227,234,230,246
1149,488,233,230,245
1001,82,59,56,56
1097,339,243,242,255
729,272,45,46,50
1022,96,52,50,52
1084,445,72,73,65
661,207,234,234,255
730,171,46,44,49
82,162,53,26,25
1180,92,240,237,254
214,237,186,184,202
796,385,44,45,50
268,193,178,176,192
580,272,54,49,60
384,245,213,215,236
1025,77,98,83,69
805,304,46,45,46
1026,52,101,84,63
837,154,48,48,52
28,446,52,51,50
77,470,82,73,63
1171,78,236,236,252
1019,49,103,82,62
455,472,183,184,207
958,208,43,47,51
23,399,43,45,48
1107,439,234,231,247
597,12,53,50,49
348,153,36,36,40
621,172,48,48,53
911,17,89,64,63
180,55,169,157,178
179,154,34,37,42
1085,97,242,241,254
353,184,200,196,217
753,344,45,44,53
724,345,40,43,46
191,428,49,49,49
230,339,43,44,46
449,123,40,44,44
72,295,27,28,30
131,23,31,29,31
174,19,162,143,166
748,317,45,46,48
996,355,46,47,51
600,59,42,44,47
32,267,38,27,32
1013,370,47,48,50
442,480,128,126,133
374,285,44,44,48
736,60,45,46,50
560,450,148,144,154
341,349,40,43,46
565,432,45,44,46
710,58,47,45,48
1153,455,236,232,250
188,3,153,25,37
194,145,33,36,38
645,322,39,44,43
491,41,71,57,51
709,496,115,105,85
841,388,45,43,51
586,403,41,42,43
105,303,35,32,37
809,49,47,51,53
435,179,45,48,50
1192,284,239,236,253
212,148,33,28,33
1194,277,240,237,254
1087,424,241,218,228
494,344,44,42,47
60,494,48,48,48
918,176,47,48,49
726,382,43,44,49
904,204,48,48,51
718,44,47,47,51
100,488,47,46,49
214,462,44,46,49
284,234,64,54,66
130,375,37,43,44
716,70,44,47,48
226,160,186,180,201
1182,405,235,235,251
694,226,239,239,255
1088,409,245,251,239
389,123,38,35,39
1145,388,229,232,247
936,409,43,46,50
1063,363,50,51,53
746,312,42,46,47
263,291,43,45,43
639,344,46,44,48
843,247,71,60,66
416,332,49,44,50
164,343,38,43,41
170,352,41,43,44
35,385,46,43,49
342,85,32,29,29
227,297,44,43,45
290,265,204,206,225
733,211,237,235,255
690,385,42,44,48
1084,109,58,57,61
189,51,165,37,50
66,10,230,230,253
289,471,104,95,63
219,218,189,185,206
789,266,239,237,255
137,95,156,142,164
843,170,48,45,51
628,450,186,195,216
390,73,31,27,30
184,109,116,115,131
73,101,152,24,33
364,286,38,43,48
539,357,38,42,45
62,372,40,42,42
650,360,46,44,49
644,79,45,43,49
126,365,40,38,42
366,161,38,38,42
1122,425,229,229,242
501,398,43,40,44
495,296,46,44,48
551,139,43,45,47
1138,66,234,228,244
260,334,43,44,48
622,192,236,236,255
77,69,181,182,199
849,372,47,44,50
579,145,42,45,44
707,201,239,236,255
1050,39,113,101,87
300,312,44,43,47
982,249,46,47,49
512,191,220,218,237
150,440,49,48,51
58,70,27,27,28
314,214,193,192,213
607,226,233,232,254
681,473,107,81,64
949,440,48,47,51
543,439,165,169,186
547,100,43,42,47
172,262,210,205,228
665,187,238,235,255
825,483,169,166,176
1039,142,45,50,52
1134,63,229,227,244
1196,339,237,237,252
1029,149,50,49,53
54,474,48,44,47
990,258,42,46,51
826,70,47,47,47
1,387,44,46,48
721,425,43,45,51
628,253,46,47,50
945,481,46,46,49
204,217,183,183,203
125,8,120,111,124
297,54,39,36,38
780,281,58,54,57
92,0,37,31,32
806,39,55,53,58
258,361,47,44,45
1160,497,232,232,246
637,372,45,42,46
255,384,45,45,47
74,471,73,62,58
35,65,114,101,107
1070,301,50,54,58
16,308,42,39,41
892,51,102,101,93
526,82,46,42,49
464,5,63,51,41
1104,342,239,238,255
390,450,194,200,223
736,321,44,47,49
1060,367,52,50,57
198,405,40,44,46
406,216,213,212,234
112,498,47,49,50
1042,324,47,46,52
583,138,43,47,48
829,437,46,47,53
142,176,128,125,152
949,45,130,96,73
420,353,45,45,47
331,436,94,90,61
370,28,37,26,29
714,499,150,143,150
944,197,48,49,49
789,136,44,45,50
1057,405,48,49,53
336,290,40,43,47
1,285,36,31,33
1150,423,232,230,246
404,1,38,29,29
855,417,50,49,55
535,215,225,223,246
1060,9,98,76,63
1114,217,234,232,247
1019,244,50,47,53
217,285,45,42,56
1150,478,231,228,248
509,294,46,46,47
563,180,228,227,249
220,0,167,151,175
549,312,46,45,46
90,339,34,35,35
582,453,154,151,159
992,209,48,48,48
744,14,47,48,53
369,31,29,25,28
1037,72,97,82,68
772,215,242,239,255
1001,436,47,48,50
225,180,189,182,204
385,209,206,208,229
1093,324,241,238,255
514,179,221,219,238
1055,340,51,50,53
892,233,240,240,255
96,349,39,34,38
764,274,48,48,51
1168,209,238,235,251
934,458,48,48,51
131,290,34,33,36
355,402,42,44,46
999,119,46,49,52
915,458,47,50,53
219,317,44,41,45
1195,332,240,238,252
29,34,230,228,253
173,153,34,36,40
1004,312,44,48,51
933,209,46,46,48
1018,7,104,80,60
965,238,46,46,51
303,395,44,44,45
294,431,89,87,58
346,105,32,29,27
1023,399,47,47,52
112,359,38,40,40
1097,268,239,234,254
446,431,51,41,37
686,319,46,45,48
218,174,188,185,203
238,425,80,78,52
924,97,49,50,52
1080,315,249,248,255
46,406,44,45,48
1067,313,56,53,54
795,441,48,44,50
1108,58,235,232,252
486,124,40,43,47
1143,491,230,229,244
232,395,43,44,46
150,429,50,48,48
708,484,127,117,101
692,106,45,45,47
945,8,137,99,91
683,5,50,50,51
659,5,47,50,51
686,121,45,45,49
597,497,173,176,185
389,213,161,161,170
540,245,216,220,229
844,338,47,44,49
1183,250,239,235,251
65,306,38,34,35
604,145,43,44,49
45,410,47,46,48
1168,149,235,234,252
219,412,43,46,46
672,426,43,43,44
800,129,48,48,46
297,435,54,57,48
677,27,53,47,52
163,455,51,50,52
14,194,95,97,106
582,264,235,232,255
1132,48,228,229,244
684,498,114,85,63
1185,60,240,235,253
702,246,50,50,49
488,186,31,27,31
449,316,43,46,49
435,342,44,44,47
357,381,44,45,51
290,183,188,186,203
840,248,58,58,65
655,411,42,44,45
599,453,179,178,195
1065,61,102,92,89
434,493,111,105,94
333,338,41,44,46
1151,242,235,232,247
565,184,231,229,254
764,154,43,48,49
567,232,232,233,254
90,171,75,48,65
554,442,149,146,152
588,398,42,42,44
4,89,133,118,121
716,411,47,44,51
493,142,57,57,55
136,202,202,200,221
985,494,47,48,51
255,245,193,193,211
742,190,233,233,254
736,26,50,50,54
313,371,46,42,48
633,193,238,235,255
412,296,45,46,45
985,142,44,49,52
634,79,44,44,49
1184,416,235,233,252
866,427,47,46,52
1095,322,241,240,255
185,308,40,39,41
611,25,49,49,51
67,270,40,32,36
262,130,28,25,29
650,369,40,41,46
705,491,120,103,78
339,10,40,38,40
87,480,53,48,54
132,5,179,178,197
710,177,45,49,52
430,57,36,33,35
686,46,49,45,50
401,403,44,43,47
521,37,28,27,30
1194,5,240,235,253
781,68,47,47,50
769,75,46,47,50
518,2,100,83,65
1148,154,234,231,247
1069,485,53,53,54
565,73,48,46,48
57,238,38,31,37
985,156,46,47,53
788,372,44,45,49
284,24,148,153,169
826,177,48,47,50
849,120,46,47,49
679,70,43,44,45
112,190,204,198,224
971,418,44,47,50
276,376,46,45,46
236,33,37,30,33
1162,242,237,234,248
667,283,43,44,48
404,394,45,41,47
898,408,48,44,48
352,79,31,25,27
70,359,40,42,45
951,447,47,48,53
794,241,241,238,255
803,78,42,47,51
813,62,47,44,50
906,442,104,108,81
777,295,43,44,48
966,328,43,47,50
348,252,208,207,232
263,442,62,59,55
388,159,43,40,44
701,294,38,44,49
252,216,185,183,203
304,187,191,188,208
1159,227,235,232,249
1012,22,109,83,63
1055,5,95,78,70
1070,318,57,54,56
940,34,95,70,61
386,41,35,24,29
834,212,55,51,56
163,257,208,206,228
955,484,47,49,54
982,261,46,45,50
934,92,48,50,53
1164,162,237,233,252
613,250,238,234,255
67,44,116,105,117
1015,325,44,48,51
337,29,42,37,36
66,440,45,47,52
813,129,40,46,51
292,167,187,183,203
1185,293,241,238,255
472,404,44,45,47
536,247,227,228,250
1093,87,126,118,109
104,483,50,47,51
548,378,41,43,42
468,376,47,47,51
183,23,156,30,37
739,315,46,46,49
696,374,49,45,48
247,328,42,44,46
508,423,41,43,45
59,358,38,42,45
886,214,50,49,50
191,191,189,181,205
595,152,45,44,47
148,203,192,188,207
984,369,49,47,49
169,396,46,42,47
296,125,32,27,31
489,135,44,43,47
335,36,60,52,52
746,172,48,47,52
1045,453,50,47,53
343,190,195,194,215
974,50,82,64,58
826,206,47,48,53
177,282,210,214,235
250,291,44,43,48
113,191,218,222,248
1070,103,51,52,54
1164,376,233,232,248
280,483,74,68,51
734,360,46,44,49
681,297,47,46,52
394,223,213,211,235
122,275,218,215,237
39,275,34,31,35
206,492,43,45,49
1196,462,235,234,252
783,489,158,156,172
1054,147,50,48,54
569,332,44,44,46
731,146,45,46,51
934,269,46,47,48
527,287,42,43,44
327,459,84,82,63
905,493,173,157,92
1081,248,250,248,255
85,170,200,195,209
967,116,47,49,51
539,371,43,42,43
1130,398,230,228,242
213,332,40,44,45
747,121,45,46,48
678,141,48,44,48
180,172,191,189,211
1057,417,50,50,49
1032,343,50,48,52
1104,2,243,241,255
545,148,47,45,46
723,234,240,239,255
1013,409,47,47,50
158,440,48,47,49
907,315,44,49,52
1033,461,48,48,54
900,241,241,234,255
1121,384,233,233,250
131,109,163,31,41
847,439,50,46,52
121,63,160,143,160
1051,183,45,50,52
521,356,44,42,43
309,384,44,42,44
837,59,51,50,51
669,313,42,47,52
798,38,49,50,56
676,359,46,46,48
609,418,41,45,49
413,26,33,32,31
173,474,45,46,50
1067,180,52,51,57
599,48,46,43,50
301,288,47,44,49
823,355,39,44,51
306,98,33,26,30
203,227,194,189,206
1148,440,234,230,244
202,215,186,183,203
1098,252,241,237,255
891,417,46,45,53
90,61,193,190,210
991,408,46,47,49
310,327,41,43,46
1130,425,232,227,244
1161,176,236,233,249
770,0,48,48,53
482,351,39,44,44
741,256,239,239,255
396,105,37,37,38
1029,436,46,48,51
1027,234,49,49,51
542,332,41,41,45
1015,44,100,83,62
707,269,46,48,47
417,465,143,131,130
91,93,155,22,35
5,345,42,43,46
941,210,48,48,50
1020,100,48,48,50
578,238,235,233,255
546,493,109,102,75
343,252,206,207,229
570,264,234,232,255
92,240,220,218,244
252,151,30,26,30
1145,125,232,232,248
1,204,28,31,31
422,215,224,224,244
755,353,41,46,47
963,68,56,54,53
17,240,37,33,33
702,429,41,44,48
133,191,198,206,221
84,379,42,42,42
125,86,153,137,159
985,423,48,46,49
50,6,229,225,249
1154,264,237,233,249
761,273,50,49,53
752,457,49,49,51
530,123,42,42,47
382,31,35,27,25
115,340,39,36,39
527,414,42,39,44
513,53,40,41,41
1057,70,75,67,65
403,267,227,227,248
1097,441,240,235,253
638,99,45,46,47
1136,171,229,228,241
856,6,99,96,90
655,464,67,58,51
988,198,51,49,53
195,366,44,44,47
950,347,46,46,54
264,425,62,65,54
69,60,188,183,203
675,369,44,44,49
227,20,174,163,186
926,294,46,48,51
1092,115,86,80,73
600,245,239,236,255
170,33,174,156,181
17,167,174,34,43
395,198,206,204,230
1151,158,234,232,250
235,314,46,46,49
47,222,33,30,35
536,322,45,42,48
1181,314,236,237,252
1115,95,234,231,245
159,482,46,47,55
740,26,49,51,52
140,21,189,189,204
33,167,171,29,42
792,279,53,52,58
950,197,48,48,52
591,299,46,45,44
957,351,43,45,48
350,148,37,36,40
608,493,164,163,161
761,204,240,239,255
652,247,43,46,51
1052,447,49,48,54
519,271,48,48,52
553,421,41,40,46
839,122,47,47,51
192,425,69,69,74
650,183,241,236,255
254,498,86,73,56
326,177,191,189,209
117,239,108,102,133
516,37,41,42,45
101,403,43,44,45
519,319,41,43,47
349,187,196,195,215
92,131,160,27,36
786,375,47,46,47
692,146,45,47,49
1141,153,229,229,246
364,61,33,27,29
172,36,173,156,180
55,77,30,32,31
1161,470,234,232,246
184,267,206,205,227
1011,84,104,90,75
10,93,128,97,88
328,78,33,27,30
897,209,44,47,49
927,97,48,48,51
463,204,230,227,250
6,251,38,32,33
97,14,114,108,119
381,211,188,188,204
1003,164,49,49,52
346,313,41,43,45
482,87,44,41,45
496,158,26,34,30
307,403,43,42,44
642,165,48,46,48
264,72,46,42,50
200,247,195,193,214
212,209,42,38,43
1131,317,231,224,241
697,199,239,239,255
321,181,196,192,210
841,148,49,46,50
456,76,40,40,44
333,491,137,134,150
583,272,62,52,77
1190,142,238,237,252
1183,220,239,236,253
392,358,45,40,48
206,104,74,72,88
992,415,48,47,51
498,352,41,42,45
161,242,44,37,53
144,0,27,28,29
710,220,216,217,246
3,84,127,114,121
956,59,56,54,56
500,333,45,41,45
375,214,145,145,170
688,61,47,45,50
331,134,34,30,35
405,109,43,44,45
524,112,44,44,47
703,38,51,52,55
678,390,46,46,47
953,499,171,168,140
1148,89,234,231,248
346,475,71,71,64
1120,130,230,230,246
167,437,107,111,107
777,34,50,50,54
854,298,47,47,49
1178,326,235,234,252
605,484,190,190,202
90,22,107,103,109
1072,438,53,53,56
805,186,49,46,52
452,172,49,44,49
807,330,44,45,50
378,483,69,64,55
1137,489,227,225,242
965,268,49,46,49
91,155,42,26,27
529,89,47,44,46
1189,305,238,235,252
890,389,44,45,48
708,204,240,236,255
692,192,241,236,255
1096,435,237,236,253
967,65,51,55,54
1025,327,46,49,51
1037,306,47,49,51
180,54,171,160,179
1058,374,50,49,54
27,400,43,45,46
441,82,42,40,43
89,259,219,213,235
973,169,46,47,48
877,61,95,84,74
947,470,45,48,51
644,290,44,43,47
674,273,43,47,48
1129,382,229,228,244
914,334,42,46,50
977,411,46,47,51
883,14,77,68,66
242,21,201,188,211
700,473,126,107,76
302,222,196,192,213
509,105,39,36,38
567,126,43,44,48
903,393,46,45,50
1178,488,236,234,251
676,270,45,46,48
998,23,124,95,68
1099,458,234,233,250
858,17,95,92,85
362,458,81,70,59
1028,174,51,49,50
858,151,46,47,49
252,293,41,41,45
581,54,46,46,44
41,216,25,21,25
318,382,41,44,45
1173,478,235,232,249
1014,90,50,49,55
642,59,49,47,51
444,474,112,95,96
971,199,46,47,51
497,121,51,49,49
538,371,39,42,42
239,423,83,78,58
1017,189,46,49,52
397,267,221,220,243
421,443,151,141,128
472,439,179,185,205
885,385,45,47,54
669,18,47,48,52
662,300,44,46,51
509,111,32,31,34
706,45,49,48,50
749,461,72,68,53
1000,152,45,49,52
774,174,47,45,50
1142,482,230,225,243
995,225,49,48,52
841,462,49,48,55
902,136,49,47,52
1051,234,52,49,53
154,52,136,119,139
818,192,46,49,51
225,495,59,54,49
91,366,43,40,43
202,339,41,42,47
68,220,165,160,180
1051,404,49,47,53
104,374,39,42,45
545,230,228,228,250
715,219,84,85,126
554,426,40,42,44
1044,186,49,52,52
1039,191,49,49,54
670,438,43,43,47
655,367,42,46,47
1074,342,52,53,57
593,190,234,233,255
1069,97,53,53,56
1036,114,47,47,53
824,486,153,154,163
156,71,151,141,160
631,233,104,106,130
779,344,42,45,48
833,413,46,48,52
1066,472,47,53,57
137,385,44,44,46
491,484,119,107,64
770,459,49,48,52
86,267,38,30,33
682,379,42,42,49
960,31,93,71,59
3,430,54,51,54
871,216,51,52,56
780,83,50,44,52
280,446,63,60,50
906,236,242,238,255
1147,477,227,225,238
756,325,47,49,53
1080,72,59,57,62
678,380,47,44,47
132,201,205,204,226
1165,491,233,231,249
744,66,46,46,48
1024,199,46,47,53
567,282,44,44,47
1071,165,53,53,56
1062,437,50,51,55
1008,392,47,46,49
1173,231,241,234,253
670,137,46,44,49
271,33,206,209,228
240,386,45,44,49
1195,128,239,237,253
1179,367,238,235,251
1100,24,240,239,255
1188,415,240,235,253
528,356,42,42,49
313,131,32,28,31
350,251,207,208,229
932,394,41,45,49
99,94,155,28,35
1043,273,54,52,77
647,295,44,41,48
1019,329,49,46,52
175,458,51,49,49
839,474,58,50,50
440,99,37,41,40
137,415,44,46,46
283,457,78,73,53
832,248,74,64,89
948,454,149,150,172
732,291,46,43,46
50,413,43,47,48
256,383,43,43,46
287,322,43,42,45
1125,156,229,228,244
1184,109,235,236,255
351,196,196,196,216
1007,34,106,82,64
1104,179,244,240,255
1162,20,239,235,252
177,191,145,138,164
1028,163,48,49,54
868,59,98,83,62
436,59,36,36,40
968,98,49,47,53
508,411,41,44,44
49,397,51,45,49
1016,304,47,48,49
839,244,238,238,255
340,322,40,43,44
442,323,47,47,46
1073,420,240,241,254
1178,445,234,233,250
211,336,40,40,46
845,77,44,45,50
670,258,42,45,48
4,50,73,64,76
163,453,48,48,49
184,146,32,36,41
541,134,46,43,46
426,47,30,32,31
352,495,68,60,53
641,499,146,140,153
798,350,47,45,51
520,38,35,30,34
705,80,50,45,48
884,84,48,47,50
834,365,45,46,47
40,451,55,50,54
962,0,99,86,81
559,306,44,44,46
948,13,120,81,67
831,205,48,50,53
5,139,164,27,34
482,205,73,75,82
852,420,172,170,197
271,45,41,38,45
187,155,34,36,37
378,39,34,27,26
953,282,43,47,52
75,449,47,49,51
495,366,41,42,45
234,143,36,26,29
405,265,230,227,246
581,288,45,46,47
717,105,40,46,49
24,388,48,42,50
1187,171,238,235,252
1124,32,228,227,243
200,488,48,46,45
555,95,45,43,51
998,165,47,48,54
280,276,44,45,44
707,474,142,122,102
440,42,39,36,36
294,492,45,44,46
322,135,31,29,32
352,434,88,84,57
471,205,232,233,252
507,7,74,56,46
1029,199,45,47,52
4,312,38,38,43
335,249,207,204,226
714,144,46,46,50
672,305,48,48,50
470,478,176,181,199
1191,309,238,236,253
286,172,184,181,199
643,214,80,59,65
340,405,43,43,46
449,355,49,52,54
703,204,240,237,255
507,377,37,41,42
937,139,49,47,50
448,418,38,36,36
404,286,44,44,48
828,133,51,45,49
407,22,39,34,27
307,199,195,190,211
1034,67,94,84,68
376,364,39,43,46
413,112,42,39,41
228,160,192,183,205
785,184,49,45,49
1006,471,46,46,50
825,464,49,48,51
290,374,42,42,48
4,321,42,39,44
628,78,51,46,49
22,419,48,51,51
675,440,41,42,47
138,214,194,191,214
595,57,47,45,50
286,257,201,198,218
1125,282,226,225,242
971,346,43,46,50
175,445,47,49,50
403,212,201,205,222
989,484,44,47,49
463,122,42,43,47
39,257,38,28,33
124,98,166,72,88
1195,474,239,235,251
194,283,161,160,197
436,408,52,48,51
218,12,190,174,197
995,418,48,47,51
1022,262,44,47,51
1142,74,233,231,244
362,13,43,33,33
406,254,226,225,247
461,451,157,164,182
164,382,41,44,48
553,182,227,229,254
411,194,211,210,233
856,479,162,153,102
1166,121,238,236,251
838,31,79,78,71
483,361,40,44,44
409,91,39,37,38
461,492,118,115,70
464,378,48,50,54
402,449,90,76,95
66,332,33,36,37
316,2,67,58,74
460,157,46,43,46
581,356,43,44,42
199,377,39,44,46
671,77,49,44,50
669,333,41,41,48
1150,190,235,234,249
214,297,38,43,44
664,133,44,47,46
437,361,45,44,49
843,269,47,47,49
569,245,232,231,253
900,449,50,50,55
280,378,45,44,46
220,412,48,44,46
158,211,192,188,211
1058,186,47,49,54
294,4,130,128,152
434,438,96,101,107
491,271,49,50,52
613,175,42,47,48
1118,385,233,230,246
885,166,46,46,51
389,336,43,45,48
789,155,47,45,50
980,46,92,70,60
916,315,46,45,50
35,155,166,30,35
256,316,43,42,44
606,53,46,44,49
372,434,133,105,101
475,86,44,42,45
993,68,82,73,65
491,483,118,110,66
405,87,37,34,36
1101,329,239,236,255
315,58,36,27,30
824,259,241,243,255
761,299,45,45,50
526,179,219,220,242
736,418,46,46,48
102,305,40,31,35
133,351,36,38,39
188,293,37,38,41
366,139,37,36,39
104,50,37,32,35
433,254,230,229,252
532,119,43,44,45
975,399,47,45,51
503,129,34,32,36
367,387,43,42,44
1002,137,45,46,52
729,254,239,239,255
336,379,45,43,46
642,202,241,235,255
98,286,36,28,31
994,409,47,46,52
830,223,240,237,255
606,265,43,46,49
573,497,174,172,174
1035,14,105,81,65
380,485,74,72,61
917,131,47,47,51
414,88,37,37,39
423,318,39,46,46
833,264,56,54,59
113,398,45,45,48
438,360,45,46,49
309,196,194,189,209
745,389,43,47,49
843,102,45,50,51
200,388,44,44,48
958,219,48,47,52
588,0,93,81,63
359,295,45,43,49
401,232,215,214,242
764,241,238,237,255
837,139,46,47,50
968,429,47,48,49
1042,329,45,48,51
985,465,46,48,51
369,429,44,45,43
246,161,39,35,34
667,52,47,46,49
779,446,46,45,50
364,243,196,203,217
389,122,33,36,38
69,48,118,108,117
584,42,45,45,47
112,63,150,131,158
292,320,43,42,46
656,436,44,45,47
402,289,46,45,48
138,126,198,189,213
790,146,46,47,51
937,129,47,48,52
56,400,43,43,47
941,226,47,47,50
53,69,78,76,73
694,32,49,50,53
447,189,221,220,243
392,283,47,44,48
849,156,48,46,52
99,467,70,68,66
693,346,44,45,48
738,494,112,104,80
575,372,46,42,45
639,71,48,45,48
398,95,37,36,37
217,406,49,46,48
834,416,120,112,96
1020,461,43,48,55
1102,280,234,232,253
862,119,45,46,51
1016,499,48,50,52
380,449,187,193,217
902,338,44,45,48
843,56,65,57,57
822,131,47,46,52
52,105,150,20,34
422,420,41,45,47
1089,266,222,225,208
222,20,178,165,187
238,325,45,43,47
270,144,30,27,25
1103,296,236,232,249
230,250,197,195,217
841,275,46,49,52
138,95,157,144,166
1049,378,48,52,51
771,164,48,46,50
507,106,39,32,34
239,106,37,36,38
157,339,40,39,43
19,449,53,48,49
200,148,36,28,35
740,387,49,46,49
734,387,44,44,47
1034,82,72,66,57
775,94,48,46,51
823,453,48,46,53
430,417,44,47,50
963,230,43,48,52
26,107,143,24,31
1057,348,50,48,53
1037,84,69,65,61
1059,180,50,50,55
61,320,35,33,37
744,292,42,44,48
1115,137,233,230,248
1165,339,235,234,250
141,183,211,211,236
131,363,39,41,43
321,189,196,192,211
274,401,39,43,42
1051,88,67,62,60
139,64,155,138,162
1172,52,238,236,250
56,108,148,21,31
307,329,45,44,47
676,304,46,44,46
322,466,105,99,105
646,274,45,46,51
430,289,47,45,50
376,49,30,25,28
1090,117,192,206,233
170,45,162,149,172
166,468,60,51,47
186,491,45,46,45
122,352,35,39,40
517,193,222,220,244
399,294,43,43,48
857,198,48,46,52
140,444,45,47,50
94,102,157,23,35
452,363,45,39,44
1075,356,243,243,254
657,300,47,46,47
510,417,41,43,45
332,185,193,190,211
1131,462,228,225,239
342,475,93,90,93
505,293,41,45,47
924,286,51,48,50
94,407,43,44,48
137,16,194,194,216
145,126,206,194,217
122,332,32,34,37
911,446,104,124,176
272,23,122,122,140
504,124,31,29,32
294,295,41,43,44
1117,185,235,232,249
617,289,45,45,48
917,214,48,50,54
6,355,44,43,45
736,316,46,45,49
1040,35,106,87,67
887,42,105,98,93
599,149,43,44,46
1144,38,235,232,248
412,99,39,36,41
856,143,47,46,50
1091,157,253,253,254
382,280,47,45,49
45,164,167,33,39
63,209,121,124,130
13,201,23,24,25
534,155,44,45,49
292,484,74,72,58
1020,49,100,81,63
898,352,48,44,48
307,413,46,41,46
1009,293,47,47,51
62,156,161,29,38
535,414,41,40,45
276,289,42,45,46
750,127,46,46,49
841,422,53,47,71
220,174,189,186,207
765,319,44,46,53
567,138,45,45,47
282,159,34,33,30
439,229,231,229,252
725,88,44,45,51
668,223,234,237,254
299,45,38,42,46
914,27,128,115,103
787,221,241,238,255
84,471,99,83,81
537,414,43,42,46
875,127,47,47,51
1054,285,132,134,197
277,463,91,83,56
596,252,111,115,135
1131,163,226,228,242
1161,420,234,232,249
578,194,231,230,249
976,342,46,48,50
826,250,241,239,255
818,288,44,48,47
747,362,41,45,46
718,48,45,46,50
865,245,239,236,255
246,130,30,27,27
1156,442,234,229,245
164,314,37,37,39
427,481,89,87,97
901,334,45,48,49
392,428,47,45,48
3,253,34,30,32
83,7,40,27,33
187,259,204,200,222
398,242,60,58,63
133,315,40,35,40
146,266,210,209,231
624,139,43,45,49
257,189,191,188,208
1070,8,104,79,63
327,254,204,201,224
393,455,182,185,209
832,107,45,47,51
1183,453,237,236,252
483,318,40,46,46
909,132,48,48,51
7,88,132,119,125
288,338,44,43,46
744,195,228,231,255
688,443,43,46,44
213,485,46,48,47
1131,491,230,227,242
114,114,162,28,38
50,448,47,48,49
220,467,47,47,47
256,207,68,61,72
369,476,63,55,53
684,359,46,44,48
209,89,105,109,122
1115,401,234,232,249
441,239,226,227,249
502,107,56,55,61
1159,321,236,232,248
1045,374,47,49,51
217,443,48,48,50
784,89,46,45,51
960,77,68,62,61
999,222,48,48,52
1136,453,224,223,237
732,437,39,43,48
40,290,36,33,35
519,335,41,43,42
773,155,45,45,48
1007,398,45,47,51
976,76,65,59,58
979,140,48,48,51
627,327,46,44,49
5,185,79,76,80
1178,232,239,238,255
1064,249,50,51,50
259,72,45,45,53
1069,160,53,53,55
1182,3,237,236,254
1062,64,107,94,86
1170,132,239,235,253
373,51,33,28,27
928,469,45,49,52
133,4,176,174,195
853,496,164,160,114
359,195,199,196,218
99,382,44,42,45
368,268,210,210,233
138,330,39,37,37
353,32,44,34,34
25,48,66,64,64
430,112,45,40,44
505,452,152,150,166
1020,394,48,50,53
340,151,32,33,37
893,229,242,238,255
556,483,125,119,109
921,34,152,129,101
361,181,193,193,215
462,423,49,47,49
588,34,42,44,48
285,138,35,27,27
143,453,46,48,50
1159,291,240,235,250
454,13,91,66,49
46,287,36,29,31
320,269,51,46,52
672,27,54,50,52
938,237,47,46,53
234,88,41,41,47
689,231,239,238,255
515,492,111,104,77
622,275,41,44,44
651,396,44,46,47
906,344,46,44,49
979,265,44,46,54
893,92,47,47,52
806,56,45,46,52
819,207,52,51,56
1111,440,233,229,249
603,155,45,45,47
93,313,37,30,34
393,57,33,27,30
270,273,42,42,43
960,272,48,46,48
977,256,47,46,49
819,258,243,240,255
609,77,50,44,49
1108,166,236,235,255
421,402,42,45,47
11,433,49,49,51
988,154,46,47,51
630,163,47,46,51
232,93,39,37,43
494,192,189,186,201
676,398,49,46,49
1089,311,196,181,131
227,107,34,35,40
790,341,45,44,49
898,219,49,48,53
676,350,41,45,47
44,118,149,25,34
889,429,142,139,131
235,53,201,206,222
424,402,44,44,49
1093,175,244,243,236
207,62,37,28,30
411,454,99,94,87
99,438,45,46,51
664,317,45,47,49
683,214,110,99,143
263,183,186,184,204
550,85,44,42,47
1002,290,42,49,51
827,250,241,240,255
749,371,44,43,50
811,363,47,48,50
419,459,146,135,130
798,445,47,48,51
213,240,194,189,210
1076,40,101,97,103
630,490,146,140,141
905,288,47,47,50
769,196,46,50,52
970,413,45,48,49
688,46,48,46,47
583,472,111,106,93
863,37,99,94,89
780,412,165,162,195
77,111,155,29,33
217,408,46,44,48
1158,275,232,232,248
970,289,43,47,49
375,468,55,52,52
458,244,224,228,248
290,430,86,81,54
374,170,45,47,50
451,27,67,49,43
1060,366,54,52,55
294,223,193,191,209
665,333,42,45,46
543,104,43,43,49
83,321,35,32,37
864,191,43,48,49
845,16,91,90,84
841,182,46,46,52
1002,9,125,92,70
617,368,44,42,47
1100,330,240,238,255
515,286,48,45,47
1036,300,143,135,101
770,430,45,47,52
682,469,109,80,57
525,182,223,222,244
176,476,48,47,48
213,437,47,46,51
1062,244,48,49,55
882,412,44,47,52
388,374,45,45,46
1109,369,237,232,252
192,404,44,45,47
551,326,43,44,46
1138,43,234,229,246
632,157,44,45,48
31,483,48,49,51
86,123,185,155,158
1165,354,237,234,250
1100,430,239,237,255
1111,367,235,234,248
962,397,44,45,48
1102,350,242,241,255
988,447,50,51,53
570,267,230,232,254
624,135,44,45,48
505,190,146,150,165
385,120,37,34,39
429,209,220,221,242
594,163,45,45,47
733,201,241,239,255
983,23,105,77,61
593,331,40,44,44
226,172,185,182,204
1130,156,232,228,242
765,369,42,45,49
228,273,202,203,224
589,61,44,45,46
964,152,49,47,54
1019,462,48,48,53
783,203,54,54,56
1194,125,240,236,255
731,499,148,148,149
1124,222,229,228,246
1149,229,233,231,247
997,81,54,53,55
1101,296,237,232,251
1177,304,236,236,251
65,374,45,44,47
1003,199,50,47,51
920,390,43,48,50
1149,404,233,231,249
944,107,49,47,52
1107,81,232,233,250
559,81,37,44,45
1059,406,51,50,56
854,202,45,47,50
1076,398,185,187,224
1052,464,49,49,52
666,111,44,45,47
750,498,169,161,148
389,406,43,44,45
334,402,41,42,45
677,66,47,48,49
993,246,48,48,53
244,290,46,42,46
1026,477,49,47,53
780,302,45,46,47
253,11,37,33,40
541,209,224,223,244
430,180,48,45,50
257,382,45,44,46
71,296,33,29,33
370,61,36,24,26
746,372,47,45,47
284,489,70,67,59
394,182,48,48,52
714,358,44,45,47
576,407,42,43,50
88,228,205,205,227
192,98,122,124,139
808,90,47,47,50
164,309,39,38,41
539,406,44,44,43
695,296,45,45,47
140,285,45,38,42
457,224,230,229,249
1021,389,47,48,49
60,307,35,33,36
45,125,151,27,33
910,128,46,46,51
65,64,137,141,160
313,253,203,201,226
279,375,43,43,48
730,347,40,44,47
175,28,181,163,186
386,158,42,42,44
530,410,41,41,43
1056,488,49,48,55
534,38,46,44,47
634,136,41,46,47
761,205,238,238,255
455,31,63,51,43
1099,272,239,236,255
380,451,184,192,214
198,448,49,47,50
251,276,208,206,227
1047,68,108,96,79
352,168,42,42,44
430,250,105,93,100
1080,180,245,248,255
618,109,43,43,48
162,90,174,160,185
1058,344,46,50,54
273,314,46,42,45
321,311,41,43,48
424,212,223,221,243
202,140,35,35,37
798,321,47,47,50
94,335,35,35,37
686,463,112,88,61
577,252,236,235,255
461,476,183,188,204
265,99,35,29,36
910,169,46,49,52
915,132,46,47,49
30,193,78,78,82
868,245,71,59,106
511,436,155,159,174
99,360,44,39,42
427,388,39,43,47
403,25,40,32,33
689,71,47,47,50
815,280,52,50,54
120,109,162,33,39
1192,227,241,237,253
132,86,148,133,154
217,114,35,35,40
213,412,41,42,49
1148,476,228,225,242
1051,300,63,55,60
632,199,238,235,255
399,143,44,42,44
998,472,46,50,48
898,388,42,46,47
252,349,41,43,47
144,410,43,44,47
949,480,47,48,52
950,200,45,47,51
942,151,49,45,52
1047,310,50,49,54
1001,429,48,45,51
895,165,49,49,51
702,73,44,46,46
521,131,43,44,47
143,478,44,45,46
214,364,43,44,44
738,111,44,46,51
248,176,191,187,207
341,336,43,42,46
460,385,55,54,61
670,299,45,44,50
285,94,29,25,28
716,499,153,144,154
574,413,43,43,47
493,67,41,43,45
797,222,243,240,255
350,205,182,183,200
882,153,45,48,50
773,386,44,46,49
897,421,48,48,50
872,45,102,96,95
144,438,50,47,50
458,202,229,228,249
154,14,154,134,159
946,238,46,48,51
856,218,239,240,255
355,58,33,23,23
959,336,44,47,51
869,408,51,48,52
372,207,202,201,225
475,352,47,42,47
1184,108,239,236,254
395,218,212,212,230
91,213,214,219,248
127,286,41,37,42
957,134,46,47,52
473,111,45,40,45
189,239,200,195,214
869,175,43,47,48
870,337,47,46,51
799,221,242,240,255
956,100,46,45,52
57,118,151,25,34
157,289,38,34,39
1077,68,82,73,71
244,397,40,42,47
687,300,44,44,49
689,81,47,48,49
1141,43,232,230,248
234,183,188,184,203
778,361,43,44,47
149,213,192,189,212
734,318,48,46,52
396,293,45,45,48
622,332,43,45,48
403,193,207,207,228
367,455,94,85,82
516,77,34,32,33
894,191,48,45,51
895,210,49,47,53
562,230,208,206,212
395,197,210,207,231
548,158,45,46,49
445,232,176,172,204
604,358,47,43,46
964,400,50,47,49
221,249,195,195,216
1127,385,232,228,247
1021,179,46,48,52
99,410,46,42,47
763,118,46,46,49
141,382,43,44,48
1135,159,230,228,245
707,108,47,46,50
480,229,36,34,41
549,270,49,52,51
596,346,40,44,45
628,151,47,45,49
670,399,44,46,45
29,481,46,49,52
225,144,34,29,33
542,130,46,48,46
90,375,39,42,45
230,425,48,45,50
985,309,46,49,51
935,46,85,71,67
1142,381,232,229,246
50,212,112,111,114
862,439,46,46,51
689,155,43,46,49
151,34,149,131,153
911,132,47,48,51
1048,284,181,172,198
662,469,92,68,54
1140,281,231,228,246
399,320,47,46,47
67,463,42,47,48
91,261,185,179,212
370,151,40,40,41
1126,3,231,227,246
288,138,34,27,33
536,227,226,224,250
175,417,46,45,46
869,399,45,46,50
907,114,44,48,52
1094,439,240,236,254
361,9,40,35,35
398,258,223,219,243
472,201,230,231,253
1042,482,45,50,52
671,437,43,43,49
324,471,124,120,124
1039,376,45,47,52
150,92,149,139,157
623,225,234,235,255
1066,485,50,53,57
849,420,82,101,143
156,113,37,30,31
955,89,43,49,50
505,117,37,32,38
582,151,44,42,50
147,374,40,43,43
124,239,154,156,173
451,365,63,62,70
1092,292,239,239,255
586,48,44,47,48
152,250,211,206,230
786,408,44,47,47
168,152,38,38,43
1069,493,120,112,57
49,117,151,19,29
487,76,41,41,45
445,68,40,37,42
822,478,164,165,176
713,372,43,43,48
625,410,42,44,47
1030,231,47,48,50
574,491,166,160,151
486,176,62,59,64
31,4,222,223,248
845,307,47,45,51
801,3,45,51,55
298,126,32,26,29
912,100,52,46,51
233,443,53,52,50
186,73,196,183,209
375,266,211,214,237
750,65,46,48,51
852,396,46,47,47
13,432,50,49,50
1054,371,48,49,53
1165,78,237,236,250
900,299,47,46,49
883,73,48,48,52
644,362,43,42,46
708,333,44,46,52
439,140,44,43,47
662,337,44,43,48
63,446,52,51,52
251,267,201,203,222
214,58,39,34,37
927,3,171,143,116
1104,462,235,233,248
411,176,44,43,47
883,115,47,48,51
419,344,43,44,49
942,327,44,45,52
335,106,30,25,32
1179,362,239,236,248
420,125,40,42,44
304,254,200,199,223
1028,390,46,48,52
913,206,49,47,51
423,161,43,44,43
803,262,242,238,255
619,386,43,45,50
97,87,155,26,35
147,378,39,42,46
1143,230,233,227,244
444,210,223,223,247
905,409,47,46,47
1109,342,236,234,252
919,205,46,45,50
704,360,48,44,46
78,116,155,27,33
332,60,31,22,22
417,308,44,44,45
766,280,44,49,51
459,435,185,188,209
834,283,46,43,51
136,13,190,188,208
870,65,45,49,54
183,130,46,48,53
364,490,113,98,96
1162,361,235,235,251
1065,37,112,102,105
787,337,43,46,48
921,273,49,48,50
802,116,43,49,49
1138,335,233,231,249
1010,168,46,49,50
412,82,36,35,36
178,273,211,208,232
295,425,47,45,46
954,486,47,50,51
537,488,122,119,118
973,9,109,79,60
106,182,247,245,255
922,196,44,47,51
257,469,104,92,66
936,188,46,48,51
1104,33,239,240,255
257,156,35,26,30
809,355,46,45,50
121,61,165,143,166
771,338,49,45,49
1184,119,241,238,255
1176,442,235,234,248
316,419,44,42,46
310,310,44,43,44
474,81,41,44,45
218,63,34,32,29
172,127,112,114,128
594,180,77,72,78
1132,265,230,230,244
925,36,196,171,100
531,296,46,45,46
14,199,32,33,39
547,157,43,44,46
718,68,47,46,49
814,4,70,67,63
1003,186,46,49,52
982,156,49,48,55
748,134,50,48,53
1020,64,110,97,85
231,489,55,55,52
583,352,42,44,46
409,176,42,45,48
737,211,239,240,255
491,195,180,177,187
109,355,42,39,42
909,367,45,45,48
319,296,47,44,46
143,409,43,44,45
676,404,43,43,46
608,71,43,44,48
605,190,236,231,255
161,223,197,193,215
560,59,45,42,47
865,147,46,48,50
499,30,86,64,51
887,134,48,49,48
46,171,172,31,39
51,138,155,26,36
1179,258,240,235,252
937,225,45,47,50
664,110,46,46,48
606,201,234,232,255
400,356,44,45,47
849,84,47,45,50
499,171,46,46,49
1093,61,98,87,129
424,267,228,226,249
366,461,88,81,81
643,281,41,46,45
214,497,56,58,53
497,118,59,57,60
665,370,44,43,47
145,479,49,46,54
748,144,45,47,48
1086,20,59,57,62
8,231,32,26,30
1087,121,252,251,255
569,427,43,44,47
474,157,46,44,48
188,487,46,46,51
1197,58,243,237,254
140,93,153,140,159
636,109,42,45,49
984,67,100,87,79
244,38,37,30,33
550,494,130,122,111
990,285,49,46,51
237,479,52,51,50
647,150,44,45,46
1094,472,235,236,252
121,327,35,35,35
1199,47,239,236,253
884,433,48,48,52
236,76,82,77,97
924,313,44,47,51
928,467,49,48,52
814,3,73,68,64
1123,183,229,228,246
768,52,48,47,50
1084,303,55,54,58
297,440,56,55,51
959,265,46,45,52
468,444,172,180,198
888,463,44,48,51
1042,99,49,49,51
762,118,46,48,48
947,264,45,46,49
580,482,161,157,152
522,307,46,44,48
944,124,44,48,49
297,225,192,191,213
514,340,43,43,44
305,272,42,44,47
890,176,45,47,52
453,437,170,169,180
1183,450,237,236,251
94,58,37,34,35
279,282,43,42,46
760,3,46,48,49
791,478,165,160,175
1080,280,245,244,254
117,270,216,211,234
327,402,41,43,46
1165,3,238,237,253
262,486,82,71,51
6,253,32,29,29
694,436,47,45,46
1197,140,238,236,254
849,356,45,45,49
1191,373,237,236,251
575,302,38,42,46
985,364,46,46,51
1053,446,45,49,51
1131,135,228,226,243
635,403,45,43,45
373,391,42,41,44
117,226,52,49,53
707,361,45,44,48
877,494,170,161,116
923,312,46,48,50
791,329,45,46,49
858,440,47,46,51
725,279,48,46,52
526,254,225,224,246
803,464,48,49,48
330,132,30,30,30
1160,340,236,236,251
107,188,177,178,204
376,403,44,43,42
1184,375,237,235,254
350,385,42,44,43
121,227,183,184,202
277,296,42,41,45
738,26,49,50,51
620,399,42,44,46
836,488,158,149,121
1018,461,48,49,52
1104,404,238,237,255
735,132,44,45,49
797,184,44,47,53
583,110,43,44,49
11,462,49,49,52
220,463,50,49,50
377,489,63,57,53
33,328,36,37,40
1024,146,47,48,53
181,130,47,47,56
312,232,192,189,209
250,38,89,88,101
1007,137,47,48,54
1023,152,48,48,53
1129,299,231,228,245
70,184,41,30,33
1112,61,233,230,248
84,418,51,56,52
1193,176,237,236,253
96,124,160,28,35
738,19,49,50,52
291,352,48,43,44
500,137,38,33,35
762,420,45,45,48
882,275,48,48,53
98,185,182,183,210
700,338,44,44,47
789,142,48,48,50
774,439,46,47,50
415,102,41,37,38
247,451,60,60,55
75,359,40,41,41
762,334,43,47,51
635,87,46,46,48
941,336,46,45,50
1001,203,48,46,49
549,396,41,43,48
70,98,152,24,32
371,315,43,43,47
210,171,185,179,196
449,82,40,41,43
254,296,43,43,48
73,215,234,233,255
681,14,49,48,51
69,147,159,28,44
867,314,43,45,52
1033,124,49,49,53
512,158,46,45,48
266,147,31,27,31
188,97,123,125,138
300,391,45,44,46
1143,461,226,227,243
852,269,50,50,53
1103,169,239,239,255
931,75,50,48,52
1043,194,46,49,53
798,108,48,48,50
868,9,98,93,89
492,398,43,40,45
990,86,48,48,52
903,249,240,238,255
711,471,141,127,126
315,31,42,41,47
549,430,43,42,46
619,276,42,43,47
155,324,41,40,44
56,137,155,26,37
314,414,44,43,45
688,47,48,49,48
660,110,47,46,48
987,47,98,74,61
781,195,47,49,52
250,148,32,27,29
956,206,46,47,50
517,114,45,45,47
632,169,49,48,54
846,450,47,46,51
336,194,192,191,210
187,223,189,188,209
607,10,54,49,49
580,471,116,106,97
518,325,43,42,47
602,217,234,233,255
116,328,37,34,35
652,300,45,48,50
1153,54,234,233,251
147,49,128,112,129
839,164,46,48,49
1158,17,237,234,253
1121,348,231,229,246
561,280,46,47,50
746,126,47,48,51
240,219,190,185,205
589,62,44,45,46
906,463,43,48,52
989,133,51,48,50
572,90,45,42,47
308,157,31,32,32
1033,374,47,48,53
32,46,83,74,87
1051,1,100,80,89
416,476,138,122,124
1097,479,237,231,253
111,360,41,41,42
346,190,196,193,212
165,362,39,44,43
726,308,42,45,47
880,38,104,100,97
1177,373,236,234,253
223,3,170,158,177
1084,225,240,241,255
461,294,55,55,54
770,232,240,240,255
818,108,44,47,49
214,118,36,35,39
990,436,47,48,49
462,106,44,41,45
233,256,202,196,222
391,460,177,176,188
1140,270,229,230,244
1194,49,239,235,253
261,161,35,35,39
71,373,47,42,46
343,162,36,37,38
1069,333,51,50,55
97,495,51,49,54
445,276,160,166,202
988,8,126,95,68
705,248,52,49,53
419,264,224,222,245
602,205,231,229,255
1105,31,241,238,255
968,312,46,45,48
341,121,28,32,31
807,83,45,46,52
414,319,43,42,47
471,257,89,87,99
689,192,240,237,255
132,168,180,183,203
852,262,239,238,255
353,118,33,33,30
1070,418,82,66,58
508,307,42,42,49
240,70,161,154,178
259,377,43,43,46
1089,282,132,116,152
589,323,42,40,47
997,187,47,49,52
321,101,31,26,27
463,42,41,40,41
1169,57,237,236,252
192,151,39,34,37
828,149,44,49,51
434,345,41,45,45
1168,269,238,233,251
94,133,159,29,38
742,67,42,44,49
727,9,51,48,53
883,392,45,46,50
154,460,48,49,50
383,205,204,202,226
407,333,46,46,50
102,301,38,32,36
171,406,44,43,48
676,450,53,46,47
1141,364,233,228,243
869,379,43,47,48
261,392,46,42,47
986,33,110,86,62
911,287,46,48,53
374,51,32,26,26
155,494,49,48,54
482,236,70,64,65
80,68,194,191,212
12,93,124,95,84
1049,80,63,61,62
1114,48,231,231,246
315,373,43,42,41
604,410,42,43,51
78,182,204,194,219
1134,255,231,228,244
99,95,156,30,39
630,161,46,46,48
1097,302,239,234,254
486,291,48,47,49
1061,389,50,50,52
501,333,43,42,46
1084,155,252,249,255
497,409,42,43,45
749,198,53,53,61
162,329,43,38,43
1163,244,235,236,251
545,328,45,42,46
192,23,158,33,45
689,74,45,45,50
122,410,45,44,50
61,351,39,39,45
1007,2,117,90,69
1106,115,235,234,251
997,110,50,47,52
925,464,48,49,52
1039,325,47,48,50
529,443,132,130,137
716,158,45,46,50
278,68,38,38,40
495,14,75,57,46
255,10,38,29,33
675,307,45,46,50
1114,115,232,231,246
646,111,47,46,48
704,66,44,46,51
509,165,50,48,50
251,156,30,27,32
945,308,43,45,49
836,114,49,48,50
218,313,41,41,44
1147,351,231,229,247
874,155,47,45,48
799,393,50,46,52
691,254,47,48,49
209,404,47,43,47
963,82,48,46,51
492,206,194,191,204
729,90,48,44,50
537,483,153,155,171
370,176,196,194,215
459,110,40,42,42
378,80,34,26,28
753,499,167,160,156
52,401,40,45,48
1045,162,50,50,53
445,417,6,15,18
92,26,115,106,113
1081,163,58,57,63
508,259,226,221,243
1038,379,50,47,51
469,488,109,104,69
549,253,230,228,251
1025,413,46,47,52
78,380,40,43,43
780,60,49,47,50
223,136,37,29,33
546,131,45,45,47
955,191,44,46,50
460,437,178,185,206
1035,233,46,49,51
89,95,153,30,37
330,155,35,33,35
503,78,42,43,47
455,185,51,51,53
1056,57,99,85,75
970,13,107,78,62
974,45,91,69,62
758,203,242,242,255
1114,87,234,230,244
707,91,47,47,48
1022,235,53,49,55
761,379,43,45,49
500,191,204,205,223
329,261,208,209,229
153,471,55,49,52
887,417,49,46,50
1095,231,238,235,254
95,472,74,65,61
770,378,42,45,49
157,122,61,52,76
474,481,158,158,169
1166,440,237,233,250
425,96,40,37,41
287,289,43,46,46
760,352,40,46,47
220,2,168,151,175
579,15,98,83,60
408,129,38,41,39
399,487,78,77,69
229,59,152,153,168
1014,130,48,48,52
755,327,45,46,50
496,367,41,42,44
178,96,49,32,42
1112,383,235,232,246
1053,345,50,48,53
478,125,37,43,46
925,123,48,47,50
122,361,38,39,42
586,344,45,41,46
123,439,51,50,53
107,179,243,244,255
1153,497,237,233,245
1072,232,51,52,56
473,329,52,52,53
356,172,146,141,151
449,105,41,41,45
532,426,44,43,44
829,229,241,238,255
519,71,42,40,44
349,60,33,25,24
748,25,51,49,52
305,279,40,44,47
481,12,88,69,52
845,68,50,48,53
334,85,35,26,26
455,475,182,185,197
745,481,114,112,93
932,469,49,49,52
390,458,155,154,177
981,7,113,84,63
176,66,139,131,152
117,260,215,213,238
236,104,35,37,39
982,189,47,46,48
133,358,38,40,43
481,347,43,44,45
1179,463,237,235,253
990,328,48,44,48
704,1,51,49,50
209,110,43,41,46
1163,128,237,234,251
951,346,44,46,51
635,459,181,183,200
408,456,66,61,58
1074,132,55,50,57
794,127,47,48,51
844,337,48,47,52
512,493,114,107,73
207,405,49,44,47
1193,278,241,237,253
987,124,47,47,50
978,147,48,48,52
698,389,41,44,46
73,95,153,23,28
1134,366,230,226,245
235,167,190,187,208
1172,464,237,234,251
166,27,162,148,169
23,414,64,61,53
61,316,35,31,36
627,38,45,45,48
966,461,51,48,52
617,351,42,43,47
424,411,44,45,46
809,247,242,238,255
749,482,155,155,145
112,356,39,38,40
56,444,46,49,49
556,241,233,231,254
632,344,43,44,47
482,269,61,56,73
138,168,52,50,60
688,5,52,49,52
401,375,44,45,44
411,424,41,42,46
72,69,60,47,65
443,416,16,13,15
381,99,34,33,34
443,400,50,48,57
819,300,47,46,50
36,56,113,103,112
705,400,41,44,48
762,473,160,156,168
286,395,42,42,47
44,305,37,34,36
25,437,49,49,50
996,2,132,99,71
371,158,43,39,42
1165,90,234,234,251
262,103,33,27,33
829,425,50,45,52
770,456,46,48,49
460,54,40,40,42
730,108,46,45,49
1180,143,239,236,253
405,113,37,39,42
797,109,44,47,50
503,391,41,43,41
371,384,40,44,48
1092,133,236,239,251
242,442,49,55,51
918,49,90,85,76
406,23,40,31,32
185,392,47,46,48
37,334,37,39,42
23,363,43,43,48
473,7,71,54,43
704,146,46,45,48
1198,69,240,235,253
153,358,42,42,43
570,418,41,43,47
904,279,47,46,51
676,306,44,44,49
703,222,81,63,110
17,198,89,83,90
668,58,46,45,47
63,332,31,36,35
61,98,149,26,32
1194,173,239,236,253
433,143,39,43,46
151,223,195,194,214
1197,259,239,237,249
814,122,45,45,51
394,265,218,221,245
454,322,48,45,50
797,401,45,47,50
772,429,49,47,49
1112,286,234,229,249
1075,250,239,238,218
939,43,99,73,59
1124,84,229,228,243
824,39,60,58,57
599,440,87,82,67
220,31,178,168,191
282,89,32,27,30
584,415,44,42,45
1091,376,245,244,255
1096,74,238,234,253
1040,199,47,48,53
428,182,48,48,52
359,397,40,45,45
942,22,97,68,60
667,363,47,44,51
1152,376,235,233,247
873,425,86,79,62
1166,477,234,230,248
1106,213,241,239,255
219,356,43,43,46
1066,159,52,51,57
222,271,203,202,224
917,92,49,48,52
81,368,42,41,42
209,189,186,182,202
440,387,46,49,51
689,447,41,43,44
264,50,62,56,75
624,456,106,104,112
976,425,46,48,49
1129,256,229,227,243
1177,471,239,235,247
324,477,108,105,110
227,224,187,183,203
909,494,177,161,98
357,86,32,28,32
317,243,199,198,220
82,37,117,109,116
951,205,47,47,51
254,220,191,187,206
205,278,204,202,222
13,382,47,43,48
141,149,224,225,246
1139,98,230,229,245
1034,267,48,49,53
479,117,44,43,46
139,336,35,35,35
273,387,45,45,47
552,132,42,45,47
1114,497,231,229,245
886,308,49,47,50
699,255,41,47,48
286,285,42,44,45
348,56,33,24,25
814,109,47,47,51
793,428,42,46,50
757,464,118,116,83
932,201,45,46,51
235,1,174,161,186
158,464,48,49,50
118,425,47,50,54
368,35,36,25,28
827,128,43,45,49
205,13,162,35,51
878,31,107,105,104
840,139,47,48,50
879,173,43,47,51
1176,355,239,235,251
1140,359,232,230,246
419,392,43,43,46
676,415,42,43,45
447,403,19,19,19
86,73,151,28,39
602,492,176,175,184
1022,415,51,46,53
155,292,34,34,37
970,152,47,46,52
534,160,45,45,47
332,37,60,53,54
217,253,203,195,219
325,136,31,30,31
1141,469,230,227,246
94,202,166,170,195
1155,488,233,232,244
53,327,34,36,37
626,178,196,188,184
1053,306,52,49,54
861,137,46,48,48
476,130,42,43,46
215,400,44,44,46
685,21,51,50,53
1001,117,45,47,52
894,333,43,44,51
487,281,49,47,50
1000,242,44,47,52
812,333,45,45,49
1062,298,107,94,62
1079,57,238,236,226
963,453,49,49,52
289,44,49,47,56
1023,244,46,48,50
657,454,61,56,50
1167,50,238,235,254
852,306,45,48,52
745,288,44,44,47
526,355,42,41,46
281,247,195,193,213
773,471,166,163,174
1158,319,233,232,249
610,150,43,43,53
1082,350,251,248,255
1075,77,68,61,62
457,95,42,42,46
902,178,44,47,49
777,410,51,49,53
957,68,52,52,55
693,141,44,46,51
531,191,225,223,244
666,6,53,52,55
957,270,45,47,50
847,4,99,95,90
443,469,142,113,111
661,216,90,91,132
1147,377,234,230,247
35,219,33,30,31
498,407,43,39,44
770,470,164,161,165
757,325,44,45,50
943,397,42,47,51
707,488,124,109,85
443,381,50,49,55
1049,175,52,51,57
441,271,233,231,252
814,107,46,45,53
300,447,59,54,52
514,428,45,44,47
1171,255,236,237,250
699,405,48,45,50
405,468,62,58,53
624,325,46,44,45
1076,139,49,52,55
719,2,51,50,51
421,396,42,44,50
235,325,45,42,46
26,25,226,223,248
828,196,46,49,52
502,465,170,167,182
665,27,50,48,52
34,96,31,30,31
585,86,45,43,47
941,177,48,46,51
570,449,116,111,106
1067,342,53,48,54
355,266,212,212,234
