x,y,R,G,B
47,312,39,36,38
6,414,55,52,54
338,461,93,86,70
31,373,46,43,49
958,489,49,47,52
960,29,94,70,58
904,142,46,48,49
22,414,61,58,49
879,430,48,48,50
1095,13,208,210,242
215,58,42,31,45
191,323,41,42,44
1157,29,236,234,251
960,156,49,48,52
132,430,45,47,50
892,393,46,47,49
687,97,44,46,49
729,38,52,53,55
732,405,108,96,94
876,379,47,45,48
76,383,43,42,46
1170,169,238,235,253
967,79,57,52,55
402,257,224,224,246
807,293,43,46,51
388,185,203,202,222
794,378,47,45,50
123,492,49,48,53
340,458,122,120,111
572,407,45,42,46
1180,11,237,236,254
868,115,50,46,50
577,154,47,44,49
523,301,43,44,45
246,396,43,44,48
1086,179,91,84,108
554,128,45,43,45
411,37,36,28,29
261,275,45,44,49
1025,317,42,49,53
1155,80,232,233,250
828,446,46,47,49
844,79,46,48,51
100,44,35,29,42
1066,231,47,50,54
162,108,58,39,69
421,344,44,42,44
654,250,43,46,44
709,317,45,44,48
1025,329,46,47,50
778,126,48,47,50
146,375,40,43,43
993,310,47,48,53
1034,33,102,79,60
719,267,47,47,52
965,401,45,42,52
389,12,34,26,29
1128,475,229,226,242
825,140,48,47,51
159,376,44,43,46
1157,242,234,233,251
946,309,45,45,48
678,252,46,47,51
369,431,50,46,47
20,139,160,27,35
124,418,50,49,51
901,441,153,162,162
969,248,49,48,49
1194,292,237,236,254
20,164,172,34,42
576,39,43,46,47
354,296,44,44,45
751,348,48,47,50
356,435,93,85,59
769,183,45,45,49
845,161,47,46,51
589,313,43,44,47
878,54,100,98,93
1,185,108,102,103
252,299,39,43,47
934,193,42,49,49
969,419,47,49,50
680,260,47,48,50
737,69,47,46,51
708,115,46,46,50
1089,353,251,255,238
71,390,44,43,47
775,422,47,46,45
659,333,40,46,50
975,409,48,47,49
261,34,122,127,144
92,462,84,81,74
414,429,47,46,46
622,145,49,44,48
60,413,47,46,46
208,56,36,30,31
1089,442,237,236,255
740,249,239,237,255
250,137,31,26,32
928,76,50,50,50
320,447,77,75,53
152,132,114,118,136
59,85,192,192,206
1046,346,47,48,54
861,155,45,48,48
1168,483,235,233,249
678,476,111,83,60
618,424,43,44,47
673,31,52,49,53
909,230,236,235,255
429,476,55,53,63
975,164,50,48,55
44,51,148,136,151
866,44,104,96,92
721,207,242,238,255
1123,304,227,227,242
933,21,95,71,59
84,148,161,30,35
47,228,29,31,32
865,30,98,93,92
697,340,41,45,52
810,205,51,49,53
1078,81,62,59,67
743,155,46,45,48
655,195,238,236,255
422,18,38,32,29
74,151,161,31,37
862,148,46,48,52
492,78,43,41,44
1116,477,227,225,244
40,371,42,42,46
933,97,48,47,50
1103,272,235,234,252
1014,234,47,49,53
964,217,49,46,51
867,174,47,48,55
292,264,200,201,223
188,366,42,44,44
791,31,51,50,53
840,146,47,48,48
1097,344,243,241,255
192,109,139,142,154
188,440,46,49,52
116,493,52,47,48
519,51,31,26,28
670,294,45,46,53
676,137,46,43,49
686,127,46,46,48
613,61,44,44,47
620,155,44,43,48
246,294,43,41,47
642,228,241,239,255
301,148,33,30,32
57,405,44,46,49
628,286,46,43,45
814,343,48,46,50
342,237,200,200,222
12,433,51,49,51
360,307,47,45,47
899,412,47,46,49
681,104,47,43,50
598,59,42,45,48
1086,336,96,85,93
838,312,49,45,51
424,396,41,45,47
361,130,36,35,33
532,427,40,43,44
431,3,39,28,27
151,224,198,195,215
402,369,41,44,46
188,346,41,42,45
647,132,45,45,48
290,232,72,74,74
736,440,44,45,44
307,140,33,29,32
71,9,229,231,251
206,342,44,43,47
259,327,47,43,46
158,401,43,44,46
666,415,46,44,47
170,444,46,49,51
1078,429,245,247,255
924,125,44,49,51
1132,438,227,226,240
601,210,227,228,241
1044,303,230,234,255
229,280,206,206,231
93,401,43,43,46
73,134,178,134,146
304,26,48,50,53
402,412,44,43,45
562,376,39,45,45
900,485,128,118,68
578,386,38,42,46
354,432,102,98,64
476,246,34,34,37
1101,412,245,239,255
1188,295,240,234,252
39,309,40,34,39
695,207,242,238,255
124,101,161,32,39
395,101,37,35,33
383,392,42,43,46
401,98,38,35,38
1038,466,47,49,52
1144,150,231,230,246
606,369,44,46,47
523,450,140,138,144
833,193,50,47,50
620,157,45,47,50
1026,350,46,48,52
1043,482,48,50,52
214,450,44,44,47
568,375,43,42,42
634,481,178,181,195
836,89,46,47,51
156,198,53,38,54
137,262,212,210,233
735,209,244,238,255
651,262,43,45,49
553,204,227,225,248
1155,369,238,234,252
215,416,42,43,46
542,210,226,223,247
918,340,46,46,51
925,113,53,45,52
499,70,43,44,45
1133,301,230,226,243
1148,450,230,228,246
313,209,191,189,211
998,178,46,47,50
137,411,45,45,47
215,173,190,182,201
40,490,84,77,60
894,322,45,44,49
52,446,50,48,52
806,46,53,51,53
528,423,40,43,45
1133,354,230,229,244
454,105,47,42,44
831,332,45,46,51
611,21,50,48,51
1157,148,238,234,250
1071,146,50,51,54
287,288,44,44,48
613,143,43,45,47
1123,55,227,226,244
247,182,186,183,204
1135,189,230,229,245
682,237,235,236,254
728,130,46,46,48
359,352,41,44,47
345,335,36,43,43
295,404,39,43,45
534,380,43,43,46
304,128,29,29,26
428,434,46,47,48
328,68,32,26,30
872,241,241,236,255
753,491,166,161,171
104,236,204,201,222
470,263,89,86,97
616,449,171,179,199
653,369,45,44,47
844,13,96,91,85
733,279,47,46,51
878,323,44,48,50
1023,177,47,47,53
1026,484,51,49,51
289,401,43,43,43
347,297,46,45,46
816,238,104,94,162
422,479,160,119,122
122,16,33,29,34
776,72,48,46,53
223,113,36,32,38
685,242,50,55,56
125,72,153,134,159
699,214,240,236,255
383,174,48,45,49
622,496,109,103,95
15,159,170,32,41
477,447,173,175,194
79,57,188,186,206
410,390,41,43,42
81,45,114,111,112
128,129,100,80,114
569,12,90,80,56
1023,225,47,50,52
416,392,39,43,47
318,376,44,42,44
825,164,46,47,52
13,118,148,23,33
913,98,48,47,52
782,389,43,45,50
90,427,54,48,51
259,372,41,44,45
977,302,47,47,51
1117,470,232,228,243
1038,242,49,50,54
1069,308,55,54,64
652,125,47,45,50
493,356,44,45,45
12,212,27,30,28
740,116,44,49,48
1119,166,231,230,245
724,265,46,48,53
401,258,223,224,245
410,307,44,44,46
340,492,66,63,61
754,360,40,45,49
581,314,43,43,48
793,201,48,49,53
1032,193,47,48,53
335,479,143,138,152
416,237,220,219,242
735,40,50,49,53
944,271,46,46,49
147,348,38,41,44
7,94,130,76,78
327,121,33,31,32
1099,236,239,237,255
678,475,111,82,59
607,475,166,162,165
88,57,57,37,54
497,399,38,41,45
1037,189,50,49,53
182,209,104,100,127
993,40,112,84,64
169,471,51,50,52
350,335,41,42,43
360,479,98,91,78
846,296,44,48,50
442,393,70,65,63
705,297,45,45,49
181,141,36,39,43
557,244,227,230,255
655,50,43,45,49
616,210,232,232,255
1112,129,233,230,248
277,493,92,81,59
1023,217,43,47,52
20,340,41,43,46
226,221,188,185,207
157,406,41,45,46
870,9,97,93,90
150,420,47,47,50
859,224,239,240,255
548,305,43,44,46
128,185,219,219,248
517,443,144,135,143
517,378,42,42,45
936,199,44,46,49
844,294,45,47,52
1104,257,236,234,254
161,240,174,178,199
657,473,88,65,53
77,65,191,189,209
670,254,43,46,48
240,432,70,70,55
325,106,31,27,28
794,441,46,47,48
184,495,44,47,46
285,218,188,187,207
838,88,49,47,53
813,295,45,49,50
1139,268,233,230,244
295,188,185,184,204
998,83,55,52,53
326,367,42,43,46
853,251,81,59,77
305,392,43,44,44
380,109,33,34,34
587,240,237,236,255
581,420,44,43,45
554,474,137,139,142
1097,193,243,242,255
817,5,78,77,69
623,407,45,44,44
159,43,154,138,159
84,474,100,89,90
1054,412,48,48,54
651,235,175,180,209
406,119,43,40,42
1093,458,239,238,255
809,354,46,46,50
1105,250,235,236,254
441,87,44,40,45
1187,203,236,235,253
631,157,48,44,49
842,321,44,48,46
378,439,189,170,190
544,279,43,45,47
479,498,100,90,55
384,358,41,44,45
771,498,163,158,169
150,66,151,138,159
241,77,52,49,56
946,67,104,101,97
697,355,45,46,47
665,433,47,42,46
859,27,97,96,89
688,157,42,45,47
97,240,215,215,236
378,124,34,34,38
611,172,45,45,49
652,245,52,46,50
198,321,41,42,45
803,331,48,45,49
989,442,74,87,133
598,410,42,44,44
587,212,199,207,222
840,311,49,45,50
333,414,41,42,44
856,403,46,46,50
1008,217,46,47,53
673,464,101,73,57
274,5,200,191,213
532,478,147,142,149
849,474,51,49,51
378,150,39,38,42
771,86,47,47,51
822,308,48,46,50
267,358,44,45,47
14,7,225,223,246
988,455,68,96,141
452,49,42,37,42
941,300,49,44,50
979,468,47,48,53
270,432,64,61,54
962,80,47,49,52
1022,111,48,47,52
625,124,44,45,48
947,261,47,45,51
473,436,184,189,211
307,42,40,38,43
608,102,45,45,49
497,177,49,46,48
1164,251,237,234,251
794,33,51,51,55
128,327,35,37,37
332,107,30,26,27
601,297,44,47,48
1198,65,241,236,252
371,124,38,36,37
404,198,212,211,233
752,7,48,50,52
748,451,46,47,50
581,87,45,44,46
1157,116,236,234,250
874,478,49,48,51
1059,73,69,63,62
346,347,43,44,44
361,61,30,24,28
455,342,70,69,77
121,499,45,45,48
400,417,41,42,45
257,353,43,43,46
136,131,195,186,210
828,66,48,48,51
1178,90,237,236,252
1194,59,241,237,254
927,306,45,45,49
830,477,167,164,172
25,438,48,48,53
1195,139,240,237,252
806,332,43,47,49
443,47,37,37,39
728,193,238,237,255
616,134,46,44,47
1042,304,235,240,255
921,304,45,45,50
774,67,46,46,52
850,328,44,46,50
1116,396,231,230,248
221,211,47,35,51
227,280,206,205,227
244,289,46,42,47
27,384,48,46,48
446,442,140,110,113
659,408,41,45,45
478,279,54,52,57
823,85,44,46,51
416,428,45,43,49
223,5,169,155,178
329,439,71,71,52
903,356,43,46,47
1093,107,183,181,184
727,282,43,47,47
792,39,49,50,50
1173,73,235,236,251
978,341,43,45,49
358,165,41,40,43
885,248,236,238,255
461,127,46,42,46
202,214,188,183,203
770,446,44,46,50
1164,433,236,233,250
538,363,43,43,44
279,270,45,43,48
810,491,158,155,163
896,366,46,46,50
1034,98,51,51,53
1173,217,240,237,254
84,333,39,34,37
957,21,108,80,64
483,294,49,48,55
1188,297,239,237,255
1180,235,239,238,255
673,329,42,45,46
351,325,39,45,44
945,452,109,127,181
1076,315,245,243,254
250,204,47,39,47
464,109,41,44,46
640,327,45,43,46
137,369,40,41,44
133,475,43,47,46
64,207,45,45,52
290,389,43,43,47
65,424,85,91,86
596,156,45,45,48
674,442,42,45,47
1119,348,231,229,244
1026,35,98,78,60
684,317,46,47,49
17,377,46,44,48
113,23,30,28,33
574,81,43,45,48
150,205,55,46,57
777,211,242,238,255
1170,58,236,237,252
1156,261,236,233,248
1050,413,46,47,54
132,244,207,204,226
611,405,38,43,46
125,189,220,219,243
300,337,41,42,48
773,123,47,45,50
89,238,223,219,241
832,252,241,237,255
752,29,54,50,54
1190,50,239,237,254
1140,433,230,228,245
806,360,46,44,46
269,90,37,28,31
856,306,47,45,50
0,329,42,43,45
778,89,46,46,53
227,299,40,42,47
1091,405,242,242,255
1002,323,43,47,51
995,443,140,149,197
996,91,49,48,53
547,296,43,44,47
668,495,108,81,57
1077,178,148,157,161
707,354,44,44,49
1176,439,237,236,248
36,423,57,56,52
186,380,42,42,45
1045,423,49,48,50
28,352,42,42,45
164,85,157,150,170
168,250,205,200,224
64,449,47,47,50
23,108,145,23,33
406,78,34,36,37
330,51,33,25,27
629,424,43,44,48
290,245,162,165,181
1184,311,240,236,252
154,313,37,36,35
628,417,42,45,49
30,30,229,229,252
357,447,73,66,52
801,105,48,47,51
1134,420,231,230,244
779,14,46,50,52
135,207,204,199,222
1122,229,231,228,245
1086,150,250,249,254
798,197,47,48,52
1135,476,228,225,243
867,207,48,49,52
813,421,49,48,51
548,263,231,229,253
907,6,122,74,62
537,241,213,222,242
960,291,45,46,49
762,424,42,46,50
1030,388,47,48,53
458,468,181,185,207
923,422,44,45,47
207,59,34,27,31
1186,174,237,235,249
237,453,58,59,51
301,376,43,43,46
444,52,35,38,39
999,362,46,47,49
18,463,49,47,50
1161,117,238,235,251
1065,42,108,102,108
75,86,150,26,32
178,208,62,55,59
571,438,126,129,134
599,470,132,125,103
1000,458,50,50,57
658,120,49,43,49
445,464,131,110,106
169,302,36,36,38
1081,475,60,58,65
500,253,217,216,236
56,360,45,38,43
903,131,47,48,51
372,233,205,210,229
520,254,224,224,246
740,482,96,91,84
209,382,46,42,48
338,402,41,42,47
1167,432,237,233,251
1193,41,238,237,254
1057,361,46,53,53
115,415,44,45,46
272,103,31,29,32
903,145,47,48,51
302,12,150,152,171
695,239,234,234,254
991,52,102,73,61
316,278,45,42,47
50,33,50,31,44
92,367,40,39,42
45,61,114,106,116
127,485,47,49,45
1121,430,231,230,247
762,316,43,45,51
967,53,78,60,59
275,326,42,42,46
202,362,42,42,48
789,269,239,238,255
475,348,43,44,49
487,260,214,210,232
1043,213,49,49,53
335,101,33,25,32
1188,8,240,237,252
367,253,214,214,238
393,281,44,45,50
330,294,41,45,45
933,43,81,65,61
889,462,43,48,52
238,172,190,183,204
818,150,43,47,51
180,36,159,38,58
242,70,99,93,115
530,76,42,43,47
462,44,40,39,43
573,146,45,45,48
166,150,41,42,48
231,261,199,198,220
508,237,60,57,59
478,76,44,41,48
59,120,153,25,34
1042,104,50,49,55
597,245,235,237,255
582,218,237,233,255
431,69,37,36,38
675,62,46,44,52
352,247,206,205,227
178,129,156,143,162
665,224,235,237,253
339,82,36,27,30
221,380,42,43,47
39,459,51,48,53
121,16,33,30,31
297,421,44,45,44
519,360,43,44,46
812,33,51,51,54
391,177,52,47,48
949,7,124,83,66
838,269,48,48,52
928,230,48,46,51
775,40,52,50,54
226,286,49,50,52
627,433,46,45,46
536,230,71,61,88
993,272,47,45,51
389,5,38,30,28
558,458,148,144,156
363,474,61,59,55
42,239,34,31,32
788,71,47,46,50
463,499,129,119,80
1054,328,45,47,51
1189,134,238,238,255
567,495,171,163,168
741,454,47,47,51
681,163,43,47,52
283,416,41,43,46
614,471,173,172,174
56,494,50,50,51
1150,384,233,231,249
145,129,200,193,215
406,286,44,43,47
567,378,43,44,49
1047,491,49,48,52
994,325,41,46,50
93,175,209,204,218
26,470,49,48,49
727,4,47,49,54
186,154,35,36,38
830,252,239,237,255
326,301,44,45,46
275,493,89,81,57
337,253,205,207,230
870,23,104,99,96
117,84,151,137,157
159,393,46,45,46
899,280,48,47,54
581,43,44,44,47
647,270,44,45,49
787,210,237,240,255
376,474,58,53,54
741,174,48,47,48
1018,307,46,45,51
608,20,49,49,50
1071,463,237,243,231
565,379,40,43,42
463,347,46,46,43
962,188,44,49,52
1086,236,57,56,59
719,376,43,45,48
842,24,91,87,83
406,236,75,69,93
664,303,43,47,49
462,65,42,40,41
44,146,158,29,35
459,466,182,183,203
1051,460,48,48,54
481,453,170,176,188
1086,295,87,82,100
244,408,43,45,44
1143,482,233,229,245
597,94,42,44,49
464,242,63,53,68
1032,474,49,48,51
67,313,37,35,32
1073,117,53,52,56
1105,380,237,236,255
1141,46,232,231,247
723,259,240,242,255
1181,397,236,236,252
612,435,40,46,47
462,76,39,42,45
6,458,49,48,54
492,299,45,44,48
585,263,235,232,255
248,317,45,43,44
832,324,42,45,45
812,293,49,48,48
7,180,83,79,85
994,485,51,49,52
558,166,44,43,49
608,381,41,46,48
344,234,202,202,222
831,140,50,46,51
132,80,157,141,164
121,205,209,209,234
745,454,45,45,51
589,393,44,43,47
393,207,206,209,230
283,244,190,188,206
388,17,38,28,29
302,280,43,45,47
1143,436,232,227,246
54,240,34,29,33
824,295,48,47,52
401,299,43,43,46
211,207,48,41,44
413,475,104,95,90
462,12,131,102,78
1192,194,238,236,252
332,326,44,43,45
1002,245,46,47,51
395,486,76,74,65
1051,209,50,49,53
287,206,52,45,54
144,110,37,27,31
508,310,43,44,44
146,128,201,195,216
537,423,40,41,46
471,123,39,44,45
597,163,45,44,48
266,29,127,125,144
1092,436,236,238,255
608,458,165,169,190
494,26,77,58,51
773,214,242,239,255
151,429,51,52,51
215,486,47,46,48
326,63,32,26,26
735,48,45,45,52
402,478,55,54,52
236,206,72,66,75
381,135,41,35,42
189,226,190,188,207
626,277,43,43,44
464,292,79,77,86
777,259,241,238,255
284,7,193,196,215
1094,79,195,189,158
26,489,62,59,50
721,498,153,146,158
977,345,45,47,49
1136,426,226,225,241
243,29,197,187,209
449,328,45,49,50
60,31,132,125,143
791,239,185,175,158
46,383,44,46,46
1167,205,239,236,254
518,35,19,22,24
1085,378,83,81,70
687,454,112,85,58
20,316,38,34,40
19,488,51,51,52
602,178,50,48,51
1154,315,237,230,249
1038,92,51,49,54
655,486,95,73,55
810,178,45,47,50
468,267,134,137,160
334,407,44,46,46
539,57,43,45,48
1061,160,51,52,57
486,126,45,43,47
298,381,42,44,45
174,285,41,41,42
312,169,49,44,49
458,415,52,50,58
872,49,100,98,94
807,485,161,159,167
764,106,45,45,49
569,249,233,233,255
336,484,140,137,147
731,478,155,150,161
79,333,37,37,38
496,430,61,53,50
177,131,69,62,81
231,278,207,205,228
337,258,207,208,229
826,461,45,50,50
920,452,44,46,57
976,316,43,45,50
848,111,45,47,48
1098,179,242,242,255
1089,440,237,236,255
577,64,43,46,48
539,348,43,41,45
936,222,47,46,53
943,30,79,63,57
880,332,45,45,50
934,392,47,47,47
139,221,197,193,212
545,164,46,44,47
1081,442,55,55,59
61,387,38,43,45
973,125,50,47,54
331,225,200,199,219
814,103,47,47,50
495,334,46,43,47
307,315,43,42,44
177,166,39,34,41
285,197,188,186,207
688,402,46,43,48
660,448,48,47,47
197,226,193,192,212
915,152,50,47,53
1138,256,230,228,243
413,10,37,29,29
637,388,47,46,48
874,44,99,96,93
1174,217,241,237,255
820,333,42,46,48
521,392,41,44,45
902,388,49,46,52
190,325,43,43,44
715,363,45,46,47
462,460,178,182,202
695,170,44,48,51
11,336,44,40,42
525,441,144,141,156
808,253,243,241,255
531,346,42,41,46
870,30,103,100,96
610,467,129,126,114
633,122,43,45,45
863,466,44,48,49
143,19,189,186,205
888,387,44,46,49
764,80,46,46,48
70,387,42,44,48
82,205,242,240,255
508,206,217,216,237
451,149,46,43,49
1167,442,235,233,249
685,175,49,46,54
803,16,48,50,55
691,148,43,47,49
356,277,47,42,45
839,74,49,46,51
284,133,32,24,27
772,340,45,45,50
841,11,96,94,87
301,73,33,25,28
339,160,40,35,41
171,452,49,49,50
800,119,46,47,53
216,4,172,156,182
597,62,44,44,46
109,426,71,62,70
194,193,187,183,202
1101,272,237,234,253
306,469,124,116,88
704,89,44,43,48
1049,66,110,93,76
898,459,47,49,51
17,389,45,45,47
945,483,46,47,48
920,295,45,46,49
840,468,51,47,50
217,447,48,46,51
706,166,43,46,49
453,209,154,149,150
795,272,59,55,64
816,300,48,47,49
744,492,137,130,103
138,345,38,36,39
695,327,48,45,49
1047,344,48,49,50
1172,358,241,237,254
672,308,46,44,49
50,140,157,25,32
945,375,47,45,47
301,224,191,190,210
713,61,45,47,50
910,221,51,50,55
1075,259,79,76,82
681,329,44,45,48
479,398,42,41,46
1045,476,52,49,52
511,323,41,43,42
379,368,42,43,47
756,78,48,47,49
90,430,48,47,51
420,130,42,42,45
1042,209,47,48,52
431,105,42,41,43
359,234,85,79,113
793,270,215,213,244
853,185,47,46,51
134,309,35,35,36
461,404,48,49,51
1053,72,101,88,70
1154,354,235,234,247
722,199,241,237,255
509,440,163,164,177
303,237,197,195,214
125,416,47,45,47
712,96,46,47,49
11,476,47,48,50
922,494,174,162,118
634,47,43,45,48
288,301,40,43,46
105,282,37,34,32
58,448,48,50,56
913,332,47,48,52
483,1,48,43,42
87,395,43,42,44
463,430,136,132,123
175,375,40,44,44
16,447,51,48,53
128,289,33,34,34
1163,115,239,232,250
873,354,46,44,48
424,22,33,32,33
1157,336,238,233,251
354,136,33,31,36
617,286,43,45,46
898,70,53,50,55
148,77,159,144,162
1019,136,50,47,51
197,191,188,181,204
758,389,41,44,49
659,311,38,46,48
169,326,41,41,43
37,65,112,101,113
803,307,49,47,50
1123,205,232,230,245
763,85,45,47,49
529,387,40,40,45
639,451,193,198,220
868,430,48,47,50
608,74,47,46,51
1095,202,239,242,255
81,89,154,20,34
430,24,36,33,33
952,110,44,49,51
746,71,46,46,50
133,411,44,45,47
220,54,200,189,210
6,362,43,43,49
1138,437,232,228,245
137,182,216,216,241
926,358,48,46,48
628,355,41,45,47
583,64,45,43,47
237,409,48,46,50
1019,163,47,47,52
318,265,205,205,226
777,13,49,48,52
993,490,47,50,52
1077,410,53,51,55
816,103,46,45,51
547,451,157,153,168
352,23,36,31,30
667,325,47,45,49
679,78,44,47,49
89,133,157,30,32
855,255,243,238,255
790,293,48,46,50
676,295,46,44,47
1066,252,49,49,54
483,309,48,44,52
213,168,41,34,37
62,98,150,25,35
207,439,48,45,48
796,414,55,54,94
173,166,41,37,43
581,352,41,44,48
116,215,208,204,228
711,39,69,55,53
529,478,113,107,113
576,82,46,43,49
691,496,125,96,65
792,386,42,44,48
836,473,51,52,53
1138,412,231,230,243
667,427,43,44,47
395,5,36,27,27
381,305,41,42,46
277,197,184,182,203
1196,246,234,234,253
138,356,37,40,42
973,64,85,74,63
78,361,41,40,41
803,239,239,238,255
622,262,45,47,50
730,13,48,50,54
343,18,39,31,34
265,30,124,123,140
131,193,208,212,230
118,286,44,37,37
651,286,42,46,50
211,253,200,198,219
1055,266,48,49,52
729,78,48,46,49
214,77,128,129,144
181,58,169,157,178
837,344,48,44,53
117,195,217,219,247
331,482,123,125,137
1155,316,236,233,248
45,225,34,29,34
738,429,46,47,49
21,232,34,28,29
479,477,101,98,96
146,412,46,45,48
457,130,43,43,45
800,244,244,240,255
920,468,49,48,51
1021,438,46,48,51
635,482,132,127,143
1017,427,49,47,55
67,126,154,30,36
700,407,47,46,49
389,450,191,198,219
170,150,38,39,43
989,247,43,48,48
385,46,29,24,25
314,415,41,44,45
849,226,244,240,255
477,59,41,42,44
218,76,118,123,139
1039,60,114,103,80
1132,439,230,226,244
399,273,62,52,76
916,264,56,54,65
650,327,45,44,47
368,65,32,25,32
749,347,42,45,48
715,153,44,45,48
982,230,47,47,53
71,423,62,61,57
875,103,44,47,51
623,438,45,45,47
93,264,45,40,41
786,282,52,53,55
1016,478,50,49,53
116,209,211,211,237
744,328,46,47,51
1091,335,247,241,255
171,407,46,45,48
269,349,39,44,46
850,66,52,48,52
272,230,171,170,189
938,484,48,48,49
1034,340,45,47,54
1039,43,74,67,59
319,462,109,104,95
382,213,203,204,225
1015,313,49,47,53
596,205,102,104,131
575,236,233,235,255
495,177,41,39,40
524,159,45,45,49
648,43,46,47,49
49,451,45,49,50
691,92,43,47,49
204,294,43,41,43
580,221,236,233,255
755,318,47,46,51
866,355,46,45,51
842,285,46,46,53
900,275,54,50,57
498,473,120,119,100
979,45,94,70,59
1138,336,229,229,246
175,435,47,52,51
273,244,193,190,210
930,153,45,48,56
725,48,50,46,51
754,246,242,241,255
300,86,32,27,28
1057,262,51,48,52
613,253,217,216,246
169,96,206,194,214
169,223,197,191,211
356,482,70,65,58
125,281,208,212,235
837,222,240,239,255
816,165,48,47,51
515,97,41,41,47
1031,293,49,51,54
402,13,34,25,26
988,97,46,48,50
743,203,240,238,255
387,99,31,33,34
1040,39,104,82,66
510,327,43,42,45
55,82,176,186,196
779,390,46,46,49
805,394,46,45,49
452,91,40,43,42
501,391,46,41,46
1186,325,236,234,252
497,71,42,42,46
690,420,43,45,47
1103,366,238,238,255
132,38,145,125,145
269,445,60,59,53
66,25,107,102,114
1081,199,55,54,57
140,405,43,44,45
441,347,39,45,46
211,38,184,134,156
332,173,191,185,204
225,415,44,46,46
558,126,42,44,45
1108,411,236,236,251
870,307,46,47,51
121,164,185,184,213
1070,207,46,50,55
207,304,41,39,44
296,430,98,95,59
793,446,47,46,49
343,66,32,27,26
471,399,43,44,45
810,165,45,47,49
6,444,57,56,55
1061,484,51,49,57
238,493,70,68,49
588,309,44,46,50
280,421,44,42,45
471,299,43,40,44
701,359,44,45,49
930,151,49,48,51
589,377,48,45,47
25,292,35,33,36
205,485,52,46,49
1029,465,50,47,54
1041,368,40,48,51
117,89,164,147,169
658,419,39,46,46
435,71,39,39,41
208,384,44,43,44
360,47,28,25,28
512,12,81,62,50
25,409,45,46,47
202,101,135,138,154
1162,266,239,234,252
671,453,93,71,55
40,160,170,29,37
435,477,28,27,26
534,171,49,47,49
170,398,46,44,48
524,210,66,52,60
954,393,46,48,51
1030,240,45,48,51
255,217,189,186,205
744,209,241,238,255
1153,93,234,232,252
824,233,208,201,188
824,495,158,152,141
993,420,44,47,49
943,428,45,46,51
352,217,202,199,218
383,95,32,32,34
356,408,42,41,46
973,26,92,71,58
323,489,67,61,75
906,339,42,46,46
1082,13,60,58,63
230,405,44,44,46
1058,379,55,50,52
965,301,46,46,51
918,443,52,48,52
1195,51,244,237,253
545,84,40,43,45
479,425,42,44,44
766,323,46,44,52
579,429,43,41,46
680,337,47,45,48
165,6,152,134,157
750,434,45,45,48
965,40,97,70,61
195,32,195,174,199
111,16,119,113,121
1145,104,235,230,245
1013,476,47,48,50
992,434,49,47,51
39,332,40,37,41
1133,335,228,227,244
792,16,50,50,54
105,430,58,52,55
1060,491,54,50,54
702,442,44,43,46
120,200,216,215,241
1159,345,234,232,249
919,337,46,46,49
36,380,45,42,49
386,51,28,26,26
779,170,49,48,50
956,420,47,47,51
672,347,45,44,49
540,5,84,70,52
428,488,29,25,27
476,351,43,44,47
822,473,137,137,136
935,136,44,47,51
45,450,50,47,50
518,401,40,40,43
500,495,116,108,62
1167,284,238,237,253
380,256,214,215,235
354,397,42,42,43
896,245,242,238,255
722,33,194,126,71
445,155,41,43,46
649,143,40,45,45
673,225,151,142,164
906,306,47,48,49
85,321,36,33,38
627,228,235,235,255
117,61,158,141,159
1029,480,47,47,53
446,198,223,225,244
349,401,40,42,45
99,2,72,62,76
1134,56,229,226,240
509,6,78,59,44
1102,222,239,237,254
1059,431,51,51,55
738,20,48,49,50
617,167,43,46,47
102,309,34,33,35
441,36,44,39,37
1035,9,108,83,63
75,459,47,45,49
1145,339,233,232,247
806,243,242,240,255
775,156,48,48,50
745,137,43,45,50
903,204,47,48,51
976,369,44,45,50
812,439,47,44,52
396,464,97,94,105
498,172,44,42,45
46,177,173,34,40
440,382,46,45,50
891,133,46,47,51
219,321,44,42,45
222,33,182,173,194
696,6,47,48,53
376,110,32,33,35
607,199,237,234,255
452,366,30,30,35
795,154,46,48,50
358,205,199,198,220
634,371,38,45,46
1008,160,48,49,53
953,399,46,45,49
166,58,137,128,148
765,193,50,50,54
970,297,46,47,50
348,156,37,36,40
996,137,46,49,55
493,448,159,162,177
222,478,92,85,70
682,203,234,233,255
379,123,38,34,38
207,269,205,203,227
715,72,45,46,47
234,476,50,49,49
251,336,46,43,47
648,441,41,46,47
760,23,52,50,54
832,315,45,48,48
796,83,48,48,49
519,196,222,221,241
749,353,45,43,48
615,325,42,44,47
63,488,50,54,55
591,82,46,44,45
24,214,31,30,31
954,139,50,48,51
921,425,48,46,48
842,469,53,49,54
927,208,47,47,50
82,41,119,111,120
580,146,46,44,49
378,260,215,213,232
1014,195,47,48,51
775,390,44,47,49
1114,395,234,232,250
669,308,49,43,49
481,31,73,53,47
98,489,49,45,48
632,390,42,44,46
1002,474,47,48,52
202,491,45,43,48
203,335,42,42,44
850,86,47,47,53
39,151,164,30,38
579,288,47,45,48
475,446,178,181,201
827,357,48,45,51
964,61,54,52,54
1021,260,46,48,49
29,420,59,62,55
933,356,46,47,53
223,494,52,52,53
237,423,79,77,55
1161,164,238,234,249
175,205,187,188,205
275,496,97,86,63
32,81,108,96,102
1185,203,240,236,255
769,78,45,46,51
475,196,228,228,249
20,29,223,223,248
623,221,213,210,211
737,450,48,46,49
826,82,49,48,53
559,119,43,43,48
960,256,51,49,55
387,362,41,43,47
342,175,194,192,210
172,203,76,58,85
582,246,234,235,255
759,401,140,147,180
598,467,127,116,102
85,332,35,37,37
575,452,127,123,126
1099,83,233,234,252
913,409,44,46,50
498,424,44,43,45
1158,496,234,230,246
492,482,119,110,67
15,329,44,42,45
988,269,49,46,52
569,289,46,42,46
59,497,45,47,50
1072,102,52,53,56
557,493,125,115,103
502,179,196,194,207
948,424,44,43,49
806,101,49,47,50
487,104,44,41,46
934,420,48,47,49
104,424,144,112,131
1036,410,44,49,53
940,134,48,46,51
1071,316,58,60,57
654,397,44,46,46
1045,106,51,50,55
424,445,160,151,153
123,59,162,145,168
1133,96,229,229,242
874,165,41,49,51
441,337,47,44,48
20,3,210,216,236
162,270,212,208,228
154,346,45,39,41
332,311,42,42,44
1068,3,103,79,64
78,166,195,186,201
519,308,44,43,46
93,60,59,51,68
880,441,48,47,50
1162,405,239,236,252
245,468,69,63,51
682,390,51,47,65
466,5,74,56,46
37,104,34,28,29
969,254,44,47,51
704,406,44,43,45
489,409,41,43,46
222,23,177,164,187
1077,492,68,57,58
68,121,154,28,37
33,55,157,148,170
407,417,44,43,47
1062,353,48,49,52
532,446,156,154,162
68,45,120,108,118
1031,145,49,49,51
336,223,197,200,219
50,123,151,23,34
1172,387,239,237,251
661,199,241,235,255
949,199,47,48,51
508,42,67,56,50
1034,64,98,85,66
153,5,34,32,33
710,316,45,44,47
794,248,242,240,255
422,49,33,33,36
222,160,34,29,36
447,122,49,47,48
616,129,43,46,48
73,185,40,32,32
1195,362,239,238,253
186,377,44,44,45
117,37,192,191,212
800,198,48,45,50
1064,78,94,86,85
910,465,46,50,52
142,222,197,197,217
467,412,40,45,46
1154,107,235,231,249
436,112,37,43,42
1131,264,229,227,241
1056,413,49,48,53
1068,171,50,50,55
822,295,42,46,50
49,440,51,49,52
487,494,120,116,65
15,421,52,51,50
226,275,207,203,228
766,319,42,45,51
832,495,161,154,152
512,456,159,159,171
1133,90,227,226,243
1180,474,235,233,251
365,348,45,43,48
981,435,49,49,53
683,407,43,44,47
354,249,206,207,230
930,389,47,44,51
998,72,75,65,59
789,365,45,45,49
1061,71,61,59,61
917,6,122,78,63
468,463,179,184,203
342,290,44,44,47
283,103,32,24,23
378,261,215,213,238
464,113,46,42,47
928,327,46,46,49
342,231,203,202,224
817,374,43,45,48
248,335,42,43,45
1171,364,234,235,248
905,181,49,47,50
997,454,112,106,129
1085,473,196,185,222
865,228,238,237,255
918,420,46,45,49
731,395,43,46,49
530,230,119,117,156
200,254,201,200,221
300,168,188,184,201
237,4,178,162,186
389,227,211,212,234
10,231,34,30,31
260,171,188,186,204
378,388,41,42,44
952,462,46,47,50
309,486,97,97,106
590,351,43,42,47
716,470,151,142,150
1095,45,235,230,251
190,304,37,42,42
515,20,83,63,54
341,327,40,44,45
1198,195,239,236,253
1194,414,237,233,251
1077,159,237,237,236
948,166,47,48,51
60,176,170,34,38
635,190,234,234,255
864,175,47,48,52
533,98,45,44,46
778,306,45,46,48
669,228,238,237,255
253,54,116,118,133
1091,448,239,239,255
522,432,66,62,53
1106,215,237,235,255
262,11,36,28,31
372,246,206,210,230
1093,164,241,242,254
831,470,49,49,51
472,383,44,43,46
292,266,167,164,199
858,344,44,47,49
992,102,49,48,50
271,107,33,26,31
541,347,43,41,47
1039,52,128,116,104
1166,66,240,235,252
150,344,37,38,39
1007,179,50,50,53
748,395,44,44,46
317,462,127,118,111
657,142,44,44,50
941,350,46,47,50
22,29,229,226,250
797,269,237,237,254
702,400,58,50,86
913,138,45,49,49
814,332,50,44,49
678,243,52,48,53
53,74,27,26,29
991,167,46,47,51
1045,278,56,55,58
62,165,168,28,41
526,67,47,44,45
551,57,39,44,47
988,339,47,46,49
150,371,40,41,45
1148,104,233,232,247
268,489,88,78,55
1073,436,60,53,59
101,237,205,204,228
328,384,43,45,47
362,56,36,24,29
149,302,33,33,37
827,233,237,237,255
820,467,50,49,52
834,171,45,46,49
213,260,200,202,222
940,129,48,47,50
1126,437,223,222,242
238,332,44,44,42
862,489,116,111,68
1049,323,48,49,50
372,361,42,43,46
316,279,41,45,46
820,379,47,44,47
520,9,66,63,65
941,323,45,46,47
349,438,81,80,52
31,291,38,33,37
995,374,46,48,50
512,6,84,64,51
995,191,47,47,53
1171,7,238,236,251
1082,479,58,55,56
108,77,143,127,148
315,156,34,30,36
368,413,40,42,46
337,409,45,43,43
637,57,48,46,48
12,342,39,42,44
801,159,46,47,51
948,152,47,46,50
519,96,43,43,44
1005,279,49,48,48
143,449,48,48,49
781,150,48,47,49
323,137,32,31,34
246,443,52,55,51
409,467,72,66,59
1022,161,53,50,53
799,300,46,45,50
1061,373,52,53,55
536,244,58,52,69
802,44,47,50,51
1055,236,47,50,52
690,323,42,46,49
405,108,38,37,40
873,133,50,49,52
1005,27,113,84,64
872,4,79,78,74
983,488,44,47,50
1105,437,235,234,250
985,13,114,85,67
745,346,41,45,49
1133,350,231,228,245
207,40,183,122,133
7,432,49,51,51
228,377,44,43,46
797,353,43,46,48
713,293,43,44,48
949,129,46,48,49
256,312,45,44,47
843,59,53,55,55
685,31,50,47,49
622,315,44,44,49
417,84,36,35,40
396,206,206,205,229
735,133,46,46,49
945,169,45,46,51
836,355,45,47,52
778,198,49,50,51
773,9,47,48,55
698,105,43,45,48
366,205,50,54,56
495,444,167,169,184
188,301,42,38,41
181,450,58,58,56
209,441,48,49,50
103,498,46,45,50
376,413,44,42,43
161,207,92,89,91
928,345,43,44,49
686,226,233,238,251
664,431,46,45,45
472,195,228,225,248
936,350,43,46,47
235,119,33,29,34
762,333,46,48,51
560,122,44,44,47
162,310,35,38,39
530,309,41,43,47
848,175,47,47,51
917,42,107,100,96
822,164,45,48,49
686,223,88,72,73
703,149,47,47,52
340,126,34,29,35
148,459,47,49,48
154,60,137,124,144
1100,323,240,236,254
371,426,47,43,45
790,474,169,164,168
137,23,75,61,82
320,390,44,43,47
173,84,35,30,32
1093,337,242,242,255
565,332,42,43,46
1163,135,239,236,251
1185,279,237,234,254
1155,388,233,231,249
45,190,112,107,107
1024,45,101,77,61
623,205,62,61,65
515,339,46,43,44
164,397,41,44,46
26,196,106,103,108
211,299,41,42,45
753,369,41,44,49
287,432,70,67,52
1177,415,239,234,253
453,186,51,49,52
1066,361,48,49,53
1073,443,53,51,56
333,197,192,192,212
105,312,37,33,37
693,329,46,45,48
418,287,43,45,49
406,179,45,44,49
1141,270,230,229,244
74,355,41,40,43
1136,176,230,228,245
194,45,193,178,202
801,238,239,238,255
1102,354,243,241,255
486,273,52,50,55
1072,243,52,53,56
1051,381,48,49,54
816,34,50,52,54
451,333,46,45,55
647,313,43,45,47
691,477,119,91,67
46,255,30,29,33
88,252,218,215,240
740,384,48,43,47
328,192,193,191,211
1173,422,233,235,249
968,424,49,45,51
2,139,162,25,35
1126,407,230,230,244
315,293,43,43,47
77,237,53,54,58
889,11,88,81,73
660,488,98,75,55
675,387,47,47,48
8,101,136,18,30
259,257,199,195,216
707,422,45,43,49
303,164,183,180,196
958,195,49,48,53
318,474,116,111,115
688,162,46,48,50
926,269,49,46,51
504,396,40,43,48
349,85,30,26,27
819,119,45,46,50
216,159,37,28,30
948,199,49,47,52
26,495,71,64,55
375,481,78,73,69
809,308,48,46,51
1041,236,49,49,52
503,375,41,40,45
887,419,48,46,55
441,62,39,36,42
695,287,46,47,47
189,161,31,32,35
112,26,31,32,33
181,498,48,49,49
680,17,51,50,51
661,489,100,75,53
27,379,45,43,46
25,310,36,36,37
232,469,87,83,57
883,181,48,48,49
536,304,41,44,46
830,408,49,46,50
796,491,161,157,161
932,255,47,46,51
60,266,36,27,35
925,438,49,50,52
1187,419,236,235,252
750,370,44,44,49
588,485,88,82,63
981,207,46,49,51
719,418,40,48,51
987,214,47,47,50
310,385,46,45,45
766,152,47,46,50
195,288,44,41,46
671,168,50,47,49
308,76,34,25,31
749,301,44,44,50
534,452,142,136,153
879,43,101,100,92
664,150,48,47,48
1165,476,233,232,247
582,289,47,44,49
432,466,36,35,38
1006,244,47,47,52
920,499,173,159,121
1115,35,233,230,247
311,346,45,42,44
216,211,50,49,65
215,185,190,184,203
788,91,49,45,50
807,187,49,47,51
761,385,46,46,49
1026,332,48,46,48
226,495,58,57,48
899,71,50,47,53
439,445,23,22,24
1102,264,237,231,253
176,206,185,183,198
293,387,44,43,47
1088,105,65,64,66
1115,465,227,227,247
451,107,42,43,44
899,270,238,235,254
474,271,27,28,27
492,386,43,43,45
710,430,43,43,47
631,450,188,193,217
1067,362,48,49,56
1032,317,44,48,51
35,136,153,27,33
767,462,47,51,52
604,420,43,43,45
1141,345,230,227,247
1178,156,238,236,254
784,327,45,46,47
479,449,177,184,206
1051,176,49,49,53
943,297,41,46,50
893,12,93,86,78
913,456,50,49,51
134,256,214,211,236
332,203,58,56,61
927,335,42,47,53
973,7,110,78,63
447,52,38,36,42
774,347,39,46,48
1156,245,233,232,250
924,2,138,93,67
404,177,45,44,47
784,186,46,47,52
615,222,147,160,189
1096,123,243,240,255
663,323,43,43,48
587,471,119,111,98
291,165,188,183,203
422,160,44,43,44
84,268,40,35,38
444,200,227,224,248
1108,203,238,235,254
425,315,46,45,47
433,103,40,41,42
946,218,48,48,50
837,221,239,238,255
600,43,43,44,48
738,310,44,45,46
456,410,59,58,63
885,161,46,46,51
703,51,46,47,51
1130,403,230,227,243
818,245,236,237,254
370,161,39,42,43
1040,180,48,49,54
150,339,38,38,39
554,469,140,138,146
646,298,43,44,45
170,441,52,49,48
1125,53,226,226,245
445,281,50,48,49
526,232,163,163,196
679,160,43,47,50
713,314,40,46,49
554,263,233,230,254
74,29,146,140,162
339,189,193,191,214
726,449,45,46,47
214,144,32,28,34
627,169,47,47,49
113,262,174,168,204
280,36,41,33,49
460,235,232,232,254
1032,187,45,50,53
110,469,46,46,50
15,120,149,26,31
595,458,138,130,138
860,37,96,91,87
1031,116,51,50,50
512,497,102,92,59
673,186,239,239,255
712,379,47,45,51
367,192,199,196,221
335,281,41,45,46
771,490,158,153,165
957,146,44,47,50
289,241,194,189,212
753,213,235,236,255
579,213,231,232,255
715,238,238,238,255
861,221,241,237,255
484,54,45,40,45
974,372,49,47,52
1157,39,237,234,248
578,163,45,46,49
769,279,47,47,55
786,155,46,47,50
1199,56,238,236,254
521,393,42,42,43
983,259,45,46,52
369,11,42,33,33
1107,368,238,234,254
558,402,40,43,43
616,460,110,111,132
986,221,44,49,49
690,175,46,47,51
1145,292,235,232,248
727,459,125,122,129
340,287,45,43,49
232,223,188,185,205
564,388,42,44,47
25,394,47,46,48
338,270,45,48,50
560,218,232,235,254
460,32,77,53,45
1181,294,238,236,250
369,26,34,26,27
1112,218,236,232,250
391,223,206,209,231
216,365,43,42,49
1083,114,62,60,65
1198,188,239,234,253
1139,30,233,231,248
76,167,200,177,194
971,256,43,49,49
936,38,100,74,60
100,445,46,47,49
860,393,46,47,49
1021,284,47,47,51
868,368,43,45,49
1126,107,227,226,241
754,230,222,216,216
306,373,43,43,47
687,210,239,235,255
1075,221,214,200,167
469,66,40,41,46
228,316,42,44,48
466,188,82,80,88
460,62,43,40,44
1199,400,237,232,249
931,471,49,47,52
546,413,39,43,45
687,409,45,42,47
614,387,46,43,48
250,295,44,44,47
894,455,46,47,51
257,335,41,46,47
988,445,83,72,72
558,9,91,82,57
176,82,38,28,35
540,285,45,44,46
79,140,159,31,35
432,348,47,42,46
1177,343,238,234,251
31,467,49,50,52
713,466,141,131,127
112,200,222,222,249
1139,470,229,226,243
710,31,198,143,78
732,486,150,146,156
357,287,43,46,48
371,19,41,31,28
361,77,30,25,27
1168,196,235,234,252
1142,72,230,229,245
504,244,95,85,86
899,136,49,46,53
586,312,45,47,48
360,20,44,32,32
977,266,47,47,49
20,416,52,50,55
287,131,32,28,28
477,34,78,57,47
395,290,45,45,48
273,46,44,42,51
966,170,47,47,54
160,202,166,163,172
429,437,47,49,49
733,217,207,215,233
820,388,47,46,51
877,227,240,236,255
169,44,162,148,172
537,49,47,42,48
1032,342,49,47,53
392,314,45,44,47
129,185,220,220,247
639,194,240,237,255
436,226,228,228,251
954,367,45,46,51
899,252,239,237,255
1164,430,235,235,249
176,324,36,41,44
609,90,43,44,46
962,396,46,46,49
322,109,31,28,29
691,194,240,236,255
934,324,46,46,47
993,463,90,102,123
827,83,47,47,52
1018,282,49,48,49
1110,107,234,231,248
723,269,44,48,53
240,124,33,28,28
648,411,41,42,45
185,295,38,39,41
1079,345,57,56,58
224,87,116,117,131
157,429,47,48,51
79,262,44,34,51
585,7,95,82,59
645,12,47,50,52
824,430,45,48,49
689,23,53,49,55
501,377,41,43,43
955,46,99,75,62
800,352,48,47,52
546,463,144,143,150
408,135,43,42,45
529,422,43,43,47
1035,13,105,80,64
398,295,42,47,46
708,343,44,43,49
67,323,36,36,39
37,484,43,47,49
745,177,49,48,52
1196,193,240,239,254
953,102,44,50,48
451,212,120,123,136
438,105,44,41,46
757,94,47,46,51
935,256,44,45,49
1157,245,233,232,249
557,229,227,233,255
316,353,42,44,46
68,288,35,30,34
441,49,37,34,38
1145,265,234,230,248
27,79,116,104,113
816,317,47,45,52
204,64,38,28,33
412,46,35,23,32
992,331,47,43,51
674,201,240,238,255
1194,485,236,236,252
1159,85,239,234,248
809,372,46,47,50
829,33,73,72,64
325,451,67,64,54
310,359,43,43,50
647,169,48,49,51
268,120,31,23,25
1055,108,50,50,54
414,175,43,43,48
548,249,232,229,252
358,255,210,212,236
427,169,46,44,47
597,362,42,42,46
206,72,63,45,69
985,391,44,46,52
459,19,99,76,55
223,276,208,204,228
1083,297,57,56,60
1006,1,121,92,68
214,299,42,42,43
239,123,34,27,30
1013,96,49,48,51
272,48,42,44,49
90,458,52,49,52
823,291,46,46,50
801,34,54,52,53
433,327,45,43,50
894,104,50,46,53
252,15,40,32,34
318,126,31,27,28
809,243,180,182,228
761,31,48,48,52
54,205,47,47,51
868,0,94,92,88
569,265,234,234,255
821,223,239,240,255
799,25,49,50,51
159,285,41,42,45
412,340,42,43,46
131,455,46,49,50
777,372,43,45,48
26,163,171,29,36
12,252,34,31,30
776,136,45,46,50
709,169,45,48,49
374,185,200,198,221
1046,493,52,50,56
863,168,49,47,51
188,273,209,207,229
558,448,144,139,148
391,229,68,62,85
229,406,45,44,49
489,193,69,62,55
743,249,240,240,255
1104,331,234,232,254
422,249,183,182,204
77,405,42,44,49
1188,478,237,235,254
72,217,231,231,251
662,352,43,42,47
847,482,176,162,106
437,360,45,45,48
250,178,192,188,207
125,220,199,195,218
446,281,48,46,50
1045,127,49,47,52
320,213,59,49,58
611,473,173,173,178
15,475,47,47,49
702,357,45,45,46
518,65,44,38,44
1100,49,234,233,251
324,329,40,43,47
751,442,49,47,48
198,54,196,183,201
851,411,49,46,51
67,461,50,46,51
0,264,33,31,32
530,373,45,42,45
352,363,45,41,47
402,11,34,25,28
1081,468,250,246,255
785,455,49,47,52
1053,481,45,49,53
780,121,43,47,50
825,231,234,234,252
558,491,128,121,106
89,410,43,44,46
463,405,47,43,48
775,14,48,49,51
273,403,40,43,47
755,96,49,47,49
831,356,42,47,48
567,432,44,43,46
268,358,46,44,45
6,278,38,32,33
621,138,44,46,50
926,240,46,47,52
159,164,41,42,47
1168,343,236,235,253
184,246,198,196,218
1155,332,232,233,248
1112,310,231,229,245
767,34,48,51,52
414,435,46,45,46
29,421,56,56,56
564,303,45,43,46
838,284,46,47,50
649,246,44,46,46
494,184,183,179,192
812,396,47,44,46
388,435,193,201,222
387,432,57,48,45
716,43,55,50,51
910,482,50,50,54
578,230,234,236,255
937,291,47,44,49
877,491,167,159,109
756,80,48,47,52
681,39,47,46,49
335,31,41,34,36
935,51,120,111,103
239,138,31,26,31
483,439,179,185,201
523,99,45,42,45
44,219,29,29,31
405,325,43,43,47
501,446,162,165,178
994,54,102,76,63
899,381,45,45,50
736,166,43,46,50
64,62,173,176,192
301,132,31,27,29
90,491,46,48,49
148,28,153,136,160
611,13,48,47,49
299,412,46,42,46
201,88,132,142,156
1077,457,240,242,255
569,392,41,44,44
1027,232,50,49,50
977,196,46,49,51
651,70,46,44,46
381,369,45,45,47
581,162,46,44,48
320,116,29,29,30
475,159,46,43,47
874,51,98,96,90
710,148,47,47,50
233,132,32,27,32
473,485,131,131,102
1121,61,230,228,245
1085,451,90,77,66
1037,91,54,51,55
223,88,97,97,114
732,374,49,46,52
1001,376,48,47,52
1013,429,47,47,49
290,28,42,40,47
711,241,239,236,254
714,80,46,45,48
694,495,127,97,67
1017,32,95,76,62
589,222,232,234,255
17,381,46,44,45
521,241,221,220,243
616,323,44,45,47
583,175,47,48,50
1090,35,255,255,255
378,194,204,203,226
885,147,43,48,49
661,301,46,45,46
283,321,41,44,46
398,146,41,40,44
602,469,125,117,102
443,105,38,41,43
1037,282,213,200,165
149,39,135,117,137
815,209,56,51,56
984,54,94,73,62
823,277,48,47,51
216,378,40,44,44
1121,134,231,228,244
801,58,49,46,50
338,469,138,138,149
111,479,47,47,52
358,367,42,46,45
370,130,38,33,42
417,57,36,33,32
457,160,44,45,49
906,231,239,238,255
1077,440,51,52,57
807,93,49,46,51
865,193,47,45,49
471,215,59,58,61
556,373,42,41,44
325,161,36,35,37
1013,426,48,47,48
852,143,45,47,51
646,453,194,199,221
748,116,43,45,47
851,29,89,86,86
835,101,47,47,50
501,32,91,65,52
254,103,34,29,34
7,63,28,22,30
828,425,48,48,52
1158,39,235,236,250
23,225,37,31,31
97,421,71,70,62
594,467,126,117,105
1009,454,48,47,49
786,281,71,62,85
689,422,44,44,47
555,364,45,44,47
701,432,51,52,58
563,241,231,232,255
1130,490,228,225,239
293,104,31,27,28
69,304,36,32,36
733,498,142,142,141
956,21,110,78,64
749,149,45,46,52
268,56,48,50,55
34,462,56,54,53
917,29,115,105,92
1192,47,240,236,251
476,79,41,43,43
43,361,43,41,46
809,16,55,53,56
884,399,42,46,49
552,200,144,132,135
799,280,47,45,50
336,365,45,43,45
1162,411,236,232,251
556,353,42,43,43
495,324,43,43,44
804,398,46,46,47
1083,3,250,247,255
719,79,45,46,49
365,487,151,148,151
322,364,44,41,46
715,321,41,45,48
1114,335,235,231,249
22,123,149,22,33
83,332,41,36,39
1148,33,234,232,247
140,132,201,188,212
363,10,40,34,31
1041,448,48,49,50
634,52,48,47,50
519,253,226,224,247
237,50,198,193,209
878,144,47,47,50
9,8,228,225,249
948,200,47,47,51
1186,313,240,239,254
1139,96,231,230,243
105,277,37,33,36
1043,340,50,50,53
966,93,47,50,51
466,74,43,40,45
561,84,44,44,46
657,42,47,45,49
203,372,45,42,47
1093,467,237,237,255
987,240,44,46,50
1064,415,44,50,52
1121,376,234,231,243
1047,116,50,48,50
377,396,39,44,47
425,22,37,30,33
253,333,42,43,46
537,494,172,166,156
684,491,115,88,63
64,452,44,46,47
642,68,44,44,48
292,261,201,198,220
26,31,232,229,253
1155,132,234,232,248
1001,168,47,48,52
623,414,39,42,47
100,165,33,25,29
145,476,42,44,49
195,241,196,192,213
920,259,48,47,54
572,311,44,44,44
778,131,44,46,49
87,20,113,104,111
994,196,47,49,55
305,240,197,195,215
943,232,49,46,48
268,166,190,186,202
377,277,51,52,53
547,70,43,44,47
1070,347,55,55,58
55,30,73,66,76
464,414,45,46,46
182,389,43,44,46
897,486,162,154,83
655,404,45,43,46
776,477,152,147,161
408,63,31,33,32
896,144,47,47,50
844,469,50,48,51
745,253,243,238,255
733,199,238,238,255
562,465,142,137,145
586,91,43,46,48
693,39,48,47,48
920,83,48,47,52
338,232,203,203,222
188,298,41,38,42
671,333,46,43,46
705,489,124,105,81
292,433,72,70,53
561,186,230,229,253
1053,9,78,68,61
83,426,53,51,49
361,396,41,42,45
1145,394,233,228,246
807,337,42,45,50
668,304,46,46,51
320,409,43,41,47
566,234,233,232,255
315,251,204,202,222
449,476,179,182,198
44,426,53,50,51
427,141,44,40,43
101,356,38,39,38
845,403,44,44,48
606,350,46,42,47
1120,25,231,228,244
943,292,43,46,49
902,381,44,45,48
1152,82,234,232,249
155,441,50,50,53
186,116,193,198,217
166,140,159,145,164
1106,487,228,229,247
5,98,134,17,25
37,205,93,91,95
8,472,47,48,50
933,445,49,47,50
722,111,44,46,49
409,443,101,99,88
288,38,46,47,53
324,263,207,209,227
181,377,43,43,45
722,157,45,49,49
928,390,44,46,48
625,492,102,97,84
863,231,239,238,255
1047,403,44,48,52
793,39,51,51,52
283,179,194,189,209
866,245,224,228,253
457,465,181,186,206
845,174,44,49,52
146,14,195,194,214
1179,421,238,235,249
240,289,43,43,46
524,437,143,140,154
959,37,90,69,57
1060,408,46,48,55
1144,365,229,231,244
491,250,211,209,228
299,298,45,45,46
430,283,48,47,49
298,303,41,43,44
1133,89,227,224,240
63,216,119,114,119
330,182,192,188,214
994,17,127,94,69
203,319,43,41,44
1100,263,238,236,253
602,432,51,45,48
725,450,45,45,48
308,446,63,60,52
742,445,45,45,47
190,107,107,110,124
51,49,110,102,111
379,93,33,31,31
766,132,45,47,51
649,141,45,45,48
507,264,218,221,244
461,488,154,148,157
206,458,61,60,58
4,355,43,44,46
806,58,48,47,50
564,19,50,49,48
679,27,50,49,53
583,152,44,44,48
87,350,43,39,43
712,464,139,124,111
0,435,50,51,53
340,289,45,43,48
291,265,203,205,225
857,344,47,49,48
526,8,63,43,39
741,386,44,44,48
1154,405,234,233,250
155,182,201,199,219
589,152,45,44,46
664,405,39,44,46
989,168,47,47,52
63,170,170,32,39
38,374,44,43,44
538,307,44,44,47
506,467,128,124,130
1023,335,49,47,53
764,390,43,45,49
54,66,103,93,95
860,28,95,91,88
576,205,225,230,242
204,41,194,179,190
40,467,49,47,51
449,320,40,46,50
1050,12,71,65,62
144,172,191,191,216
953,194,45,48,50
508,323,40,43,44
190,366,42,44,48
450,77,34,42,45
1146,217,233,231,249
133,118,195,179,204
814,136,44,46,52
795,22,50,52,50
402,460,59,53,57
1015,411,46,49,52
52,160,166,28,37
1148,119,235,233,246
743,316,47,47,50
636,353,43,45,47
1058,285,57,54,56
1100,7,245,243,255
175,300,40,40,40
1099,286,240,240,255
162,198,50,41,45
1013,421,48,47,51
601,374,39,43,43
566,380,44,45,46
525,377,44,42,46
1194,339,236,235,255
762,130,47,45,49
1171,141,239,237,254
680,86,45,46,49
21,246,33,29,35
524,117,44,45,48
849,75,46,45,52
160,245,203,202,223
538,100,45,45,48
946,89,48,47,53
68,50,121,110,120
1144,231,232,231,246
238,121,31,27,31
854,417,49,46,74
497,498,108,99,56
1003,42,114,86,66
1110,125,235,233,250
678,426,44,45,46
747,294,48,45,48
252,52,165,167,188
901,467,48,47,52
645,245,49,47,46
681,455,107,81,59
1054,251,49,49,54
733,484,149,145,156
166,247,204,201,224
790,325,45,44,52
220,216,191,184,206
465,182,44,47,49
975,410,48,44,50
1135,44,231,230,246
1023,316,46,48,53
393,55,35,33,32
606,50,46,43,48
340,312,43,44,44
142,364,41,42,45
762,178,44,48,50
729,476,157,150,163
98,34,182,180,201
839,401,46,46,50
953,118,51,46,53
32,271,36,27,30
344,150,38,35,36
752,375,44,44,48
97,324,32,35,36
1019,204,48,48,53
345,306,46,45,45
383,181,49,50,50
324,276,42,41,46
217,394,44,44,44
377,13,42,32,31
42,311,39,33,38
519,237,190,187,193
796,440,47,47,49
714,168,46,48,49
71,462,46,47,51
750,487,160,154,154
43,356,42,44,44
640,34,47,45,48
653,227,240,237,255
450,56,41,38,41
1031,213,50,48,54
19,165,172,33,39
829,395,44,45,47
62,376,41,42,44
429,73,36,35,40
729,314,45,46,47
746,335,43,44,50
1010,498,47,50,53
674,260,45,44,47
330,266,206,206,231
606,62,47,43,48
482,386,37,42,43
469,319,47,49,48
1010,354,44,48,49
552,63,45,44,49
173,402,45,43,46
840,370,43,44,48
169,263,208,204,229
432,374,38,44,45
1145,77,232,232,244
1168,180,236,234,250
230,79,146,153,173
533,343,46,43,45
703,370,49,43,48
200,459,47,46,48
273,187,190,185,205
628,354,42,43,46
556,143,46,44,48
1129,35,231,230,244
809,107,47,47,50
393,93,33,34,35
474,119,42,44,45
1093,496,239,237,255
611,98,44,45,48
624,118,44,46,48
691,126,47,45,47
134,480,48,45,51
620,162,47,46,47
949,43,123,89,69
248,149,34,26,30
319,214,154,152,162
490,137,43,43,48
245,493,55,54,51
75,403,44,43,47
441,358,43,47,46
851,322,46,46,52
654,104,46,46,51
273,201,186,183,201
654,249,44,45,50
703,337,43,45,46
744,390,46,45,47
362,198,200,197,219
141,219,194,190,211
584,45,44,45,47
14,334,40,41,42
387,235,187,187,213
1089,377,251,250,251
621,448,176,181,199
866,312,47,48,50
325,141,33,30,32
166,319,40,35,43
653,431,43,44,48
507,107,32,32,33
1113,407,233,230,247
118,144,49,31,39
121,188,217,217,245
920,215,46,48,53
446,246,190,186,193
873,434,45,47,50
658,79,48,46,50
424,235,220,220,244
862,229,239,239,255
736,301,47,44,48
712,61,42,46,49
190,294,39,42,39
445,52,38,37,42
1178,161,239,236,253
991,244,48,49,51
426,254,228,226,246
1076,57,105,82,67
468,454,186,188,205
732,318,42,45,48
431,381,46,42,46
290,209,102,101,125
268,446,56,56,52
633,296,42,43,47
315,134,33,27,33
484,393,43,43,46
605,126,48,45,47
503,272,47,47,52
211,138,38,31,34
1024,452,47,47,52
124,334,36,36,38
138,316,35,34,37
1036,459,45,48,52
421,219,226,224,244
41,105,50,36,33
188,473,61,61,72
674,488,108,81,57
218,319,46,43,44
21,415,54,53,50
217,40,166,74,102
147,494,47,47,50
354,488,61,54,51
814,258,237,235,255
351,412,39,42,46
761,326,48,47,50
772,181,46,45,49
327,214,80,77,80
895,243,239,238,255
218,282,208,205,227
457,113,44,41,43
269,58,48,50,58
573,211,77,64,68
14,51,62,63,67
1113,321,233,232,247
1041,482,51,50,55
47,159,167,27,36
183,352,39,43,45
357,419,41,44,47
868,421,97,105,113
868,179,47,47,52
1148,217,235,233,250
1120,498,227,223,241
1069,278,54,54,63
1096,116,240,238,255
1148,224,231,231,248
1126,394,232,230,247
1082,337,56,53,55
671,202,239,237,255
592,455,132,127,129
1026,113,48,48,52
440,416,38,39,39
816,57,45,46,51
420,192,221,219,242
1059,368,47,49,53
187,219,189,185,203
47,389,44,44,49
145,67,159,145,168
388,488,68,63,58
522,485,105,100,75
254,18,44,33,39
482,310,49,47,50
886,262,242,238,255
988,41,105,81,62
382,230,214,210,233
917,105,48,47,53
477,324,49,47,52
428,325,43,44,44
286,374,43,43,48
338,249,206,205,228
40,484,49,47,49
488,420,43,41,44
618,436,44,46,45
210,133,34,34,37
1169,33,239,237,254
220,167,43,33,40
564,232,232,232,255
462,398,49,49,51
486,455,176,175,195
115,341,38,35,40
233,204,92,81,102
941,39,99,77,60
1056,372,48,48,53
30,486,57,58,53
634,268,50,45,50
1018,242,48,50,53
12,485,51,50,53
1082,396,241,242,255
880,161,47,47,51
1036,297,220,206,182
658,183,237,234,255
1174,496,236,234,251
484,316,43,43,50
125,296,38,34,35
408,85,41,34,39
839,101,46,48,50
849,13,93,92,87
753,456,49,47,52
264,104,32,26,28
747,208,242,240,255
540,263,227,226,249
552,86,42,45,47
14,488,49,50,52
612,495,153,150,159
778,431,47,45,51
409,96,42,36,43
644,460,186,195,220
925,1,136,93,68
730,373,46,45,48
816,2,82,78,73
91,414,45,43,46
88,146,160,29,35
784,300,44,47,48
628,63,42,45,49
592,485,181,177,181
120,188,217,218,247
800,362,46,45,49
31,162,168,30,35
272,346,41,44,45
213,290,39,40,46
1044,477,44,48,52
961,419,46,47,52
787,498,156,155,169
850,113,45,46,49
710,37,61,56,55
804,24,54,52,54
320,258,207,207,227
600,317,42,44,44
40,323,35,38,37
562,306,41,43,46
25,383,41,45,45
860,246,240,238,255
680,479,110,83,63
841,162,50,47,51
518,464,162,163,178
489,337,40,44,47
598,100,46,45,48
693,147,45,46,49
926,109,50,47,53
233,470,91,88,59
295,440,57,55,51
1114,419,236,232,246
47,424,53,51,52
1069,461,85,65,55
690,122,44,43,51
220,362,38,44,45
427,342,42,43,47
1041,133,49,48,53
949,126,46,49,51
788,268,239,237,255
912,429,82,72,67
266,22,84,80,100
1140,91,228,228,248
1105,234,238,234,253
775,140,44,46,48
171,162,37,37,41
487,350,41,44,46
650,91,45,46,47
537,216,232,228,249
1128,478,228,226,243
589,72,45,43,47
930,236,47,49,51
963,297,44,46,51
751,385,44,44,48
224,43,164,152,165
878,20,97,98,95
832,124,48,46,52
976,148,44,47,53
548,121,47,45,46
566,25,49,46,52
189,318,36,40,44
839,410,47,45,48
309,475,125,118,104
609,37,48,43,49
899,279,49,48,53
242,349,42,43,44
214,291,42,41,46
61,444,50,47,50
1026,358,46,46,52
318,105,30,22,27
60,284,31,34,36
675,434,45,43,48
1035,138,50,49,54
1112,165,236,233,251
34,430,52,47,51
257,211,55,43,55
310,104,32,24,30
254,127,35,27,30
131,126,192,185,209
433,35,34,36,33
483,343,48,44,50
962,338,45,44,50
635,189,237,235,255
530,11,72,52,39
1054,265,48,49,54
982,183,45,48,48
38,484,48,48,48
972,470,44,48,49
320,25,43,40,45
995,464,59,48,75
742,50,47,48,50
914,300,44,48,49
1014,422,42,46,50
1088,318,134,134,199
934,65,89,88,80
348,150,37,35,37
195,209,168,165,175
411,71,33,32,34
33,441,47,50,50
717,391,46,48,50
184,425,51,48,50
876,403,45,46,49
461,401,50,49,53
255,68,41,43,47
814,215,241,238,255
672,41,42,47,47
93,126,157,29,38
659,218,234,235,255
721,388,46,45,50
806,64,44,46,49
128,228,75,59,89
1115,12,233,231,253
66,216,129,122,127
1135,144,230,227,244
272,31,212,216,233
82,200,191,190,216
258,470,108,96,69
154,47,135,119,139
1169,471,235,232,248
638,123,44,44,46
53,351,40,40,40
563,204,63,60,63
115,403,42,42,44
753,436,45,45,51
47,96,152,152,174
715,171,47,47,50
920,123,48,48,51
515,384,44,44,44
841,42,100,87,68
99,76,146,130,153
260,262,202,199,221
416,200,98,93,95
960,478,46,47,52
11,155,168,28,34
643,124,44,44,46
260,149,31,26,29
914,261,156,155,230
846,102,48,46,51
369,465,63,53,53
142,65,157,141,165
838,401,43,46,49
188,205,64,57,63
158,0,33,30,32
435,138,42,43,47
585,103,45,44,46
710,467,141,127,115
487,94,41,43,46
1036,77,91,79,66
249,120,34,28,31
1060,121,52,51,57
476,142,46,43,47
426,4,37,29,30
195,469,47,48,48
1033,267,48,48,52
505,240,70,62,90
529,481,111,104,93
601,434,45,45,46
229,174,188,185,204
1003,353,47,47,52
1079,56,238,238,225
988,78,61,59,57
556,316,46,44,50
1119,16,228,230,246
909,191,49,48,53
973,379,46,46,47
145,475,44,44,51
903,449,51,48,55
414,288,48,46,48
392,481,79,75,64
846,37,83,82,72
880,290,46,46,50
965,138,49,48,53
1096,430,242,240,255
373,338,41,43,45
759,332,48,47,53
1197,182,240,236,254
220,171,189,180,197
1123,199,227,225,243
391,67,32,28,30
656,246,49,48,51
859,310,43,46,51
347,379,41,44,45
301,26,45,48,53
241,183,190,184,203
616,381,42,44,48
419,346,41,41,44
166,148,38,41,47
782,286,46,49,54
717,428,47,44,47
612,269,44,44,49
542,318,41,41,46
966,268,48,47,49
808,467,54,51,53
345,46,31,24,28
75,43,119,112,122
684,415,48,43,46
331,29,43,37,36
645,321,42,44,46
802,458,48,48,52
560,217,232,232,254
606,408,45,43,48
853,142,44,46,52
429,165,44,41,47
536,484,143,140,151
551,156,43,43,48
1198,433,234,233,253
174,25,176,159,183
444,222,229,227,250
229,297,46,43,46
933,406,47,44,47
194,282,209,210,231
401,467,59,59,56
793,193,46,49,50
1023,450,48,45,50
1102,319,236,235,253
635,422,46,44,47
459,386,58,59,60
728,385,46,46,47
1067,122,52,52,56
115,484,50,49,50
150,404,45,43,46
1020,238,49,47,50
577,74,47,42,49
1040,367,49,49,52
39,163,170,31,37
916,108,48,48,49
872,361,47,44,47
961,252,45,45,49
973,228,44,47,48
566,34,44,43,48
544,249,229,227,252
1109,224,232,232,253
681,357,44,45,50
677,198,239,237,255
247,439,56,56,50
320,61,35,26,30
310,387,44,44,46
624,477,182,179,193
89,23,105,100,108
649,158,47,47,50
1034,408,51,45,54
882,410,45,47,51
391,260,214,215,237
92,111,158,30,37
396,4,39,32,30
765,440,47,47,51
1119,295,233,228,246
668,126,46,43,48
260,43,214,215,236
973,420,46,46,49
891,57,105,101,96
613,128,42,44,49
983,437,54,46,47
243,342,39,44,48
638,37,47,46,49
382,6,44,31,32
287,192,191,188,206
895,488,170,156,82
411,60,37,30,33
205,147,35,29,30
698,50,49,45,49
1052,300,83,60,66
750,284,43,48,51
139,24,137,128,148
752,448,44,47,51
1153,108,237,233,250
111,354,39,36,40
998,407,50,47,49
593,49,44,45,48
262,382,44,42,44
315,235,57,51,55
273,25,175,176,199
73,131,155,31,52
995,429,50,49,52
1010,55,97,76,62
386,408,42,43,45
903,278,49,46,53
81,2,60,61,66
334,301,40,45,44
837,420,54,46,52
475,496,116,104,62
680,399,46,43,60
1173,458,240,235,248
763,230,62,59,77
1073,120,55,53,57
74,285,38,33,32
179,313,42,41,42
883,227,242,238,255
908,24,129,120,110
669,481,103,80,59
814,25,55,53,56
360,118,36,32,34
152,223,200,197,218
275,331,45,44,45
884,55,106,101,97
702,209,240,238,255
396,202,90,90,114
1043,0,96,75,64
832,141,47,46,50
557,1,141,104,83
726,311,44,45,50
520,352,41,42,45
91,226,208,208,232
607,306,45,43,47
767,405,140,138,162
371,180,199,198,219
516,17,72,58,49
1192,162,238,237,252
450,285,46,46,52
627,168,47,49,49
244,123,30,27,30
375,423,44,43,47
628,291,42,46,47
24,356,45,42,45
614,146,46,45,48
116,274,215,213,237
477,240,28,24,23
979,162,47,47,50
204,170,132,125,136
604,312,43,43,48
710,261,49,49,51
108,373,43,38,40
913,128,46,48,52
960,211,49,47,51
952,27,93,69,60
512,179,217,219,235
516,292,41,44,49
916,384,48,47,51
1061,372,52,51,55
812,224,242,239,255
546,467,157,153,161
127,381,42,42,46
876,25,106,102,101
638,329,43,45,48
978,347,43,46,51
150,487,41,47,49
118,210,207,207,231
287,246,198,196,215
307,97,31,23,28
10,287,35,31,34
1147,495,229,227,244
763,37,52,48,53
1027,380,50,47,51
359,191,199,196,218
642,308,43,44,47
464,210,100,78,101
664,144,44,48,50
825,311,44,46,48
197,186,188,184,204
1106,96,233,233,253
666,441,43,46,45
956,115,45,48,50
979,256,45,47,52
144,228,122,120,149
120,410,47,42,47
219,469,45,47,49
1169,374,236,234,248
219,128,37,34,37
776,230,73,58,99
877,76,50,48,52
545,341,42,41,40
533,20,74,57,46
203,79,209,201,219
593,172,48,46,50
365,130,36,37,36
973,483,45,49,50
13,351,44,42,45
911,471,43,48,49
199,256,202,199,220
294,240,52,51,56
306,320,41,42,46
732,308,49,45,49
56,25,71,61,76
638,463,165,172,189
726,476,154,147,162
151,477,48,46,50
684,460,105,81,54
426,201,223,221,243
512,5,94,71,53
256,376,43,47,48
657,192,240,235,255
318,254,202,202,224
380,244,212,212,236
1154,6,234,233,249
211,476,48,49,48
921,44,104,101,93
311,217,194,190,207
327,62,36,26,26
194,284,64,51,80
1160,426,236,234,250
720,384,47,45,48
226,54,206,196,219
672,462,98,76,52
166,72,143,130,149
998,465,48,47,49
38,45,72,64,79
61,242,31,31,36
609,403,42,43,45
183,311,39,40,41
674,268,44,46,49
948,255,48,47,52
929,462,44,48,52
847,499,169,162,108
452,313,43,46,49
869,409,44,47,51
1071,255,54,53,56
1105,58,233,233,252
766,37,50,49,53
866,237,238,239,255
19,36,222,226,245
704,405,46,43,46
520,316,43,46,45
787,164,47,44,49
73,247,33,33,39
1173,17,239,236,254
931,227,45,44,52
806,13,51,53,52
1142,188,234,230,249
765,199,51,51,54
52,399,47,45,49
471,307,47,47,51
768,307,44,49,48
1041,75,85,75,63
1027,267,45,48,54
422,499,138,138,161
877,337,44,45,47
679,100,49,44,48
822,19,75,68,64
743,410,44,45,49
661,294,41,45,46
227,485,55,55,50
816,279,48,48,51
1178,435,234,235,252
1168,391,237,235,251
286,258,201,199,219
999,16,124,94,67
243,48,105,104,123
691,210,242,237,255
1163,432,237,236,250
677,313,48,46,49
1042,251,46,48,52
508,361,44,42,45
77,119,152,25,32
1174,71,238,236,252
389,426,41,45,47
455,455,183,188,208
1097,408,241,236,254
1178,486,234,236,251
160,304,37,38,40
26,219,32,30,32
8,459,50,48,49
781,36,50,49,53
23,287,37,32,34
600,133,46,45,49
1184,372,237,236,253
1035,190,50,50,54
1147,466,232,231,246
995,50,104,75,60
1151,382,232,230,247
590,20,47,47,51
1136,81,231,230,243
1120,355,233,229,248
227,312,44,43,46
1166,384,238,235,250
625,185,236,236,255
1067,248,52,52,55
643,344,44,46,46
671,491,105,79,59
940,200,50,48,51
1128,214,230,231,246
876,417,49,46,52
471,125,41,43,46
28,255,31,26,28
348,292,41,43,47
828,454,47,48,49
835,266,51,49,52
732,147,48,47,49
316,3,51,41,50
565,279,42,46,47
1126,319,230,227,244
408,54,33,30,29
539,296,44,44,46
204,340,41,45,45
907,53,95,90,86
896,182,45,48,51
500,348,41,43,46
178,441,49,49,48
1015,232,49,47,51
881,379,47,47,49
916,425,45,46,52
96,140,160,30,38
685,240,125,130,156
1039,477,51,47,53
954,401,43,46,50
796,204,54,49,56
63,283,37,32,33
326,372,43,43,47
208,412,44,43,49
136,207,205,199,223
466,348,54,54,55
1116,185,232,232,247
644,7,55,51,53
463,217,203,199,227
34,98,34,28,31
112,424,67,57,62
814,63,48,46,51
892,164,47,47,50
791,204,54,53,56
1156,325,236,233,249
381,190,199,200,220
392,177,48,47,48
246,77,48,47,53
30,286,31,32,30
1105,78,234,234,252
352,292,42,45,46
799,105,47,48,51
1032,477,52,48,53
114,271,214,210,231
591,371,41,42,45
204,483,49,45,51
874,407,46,45,49
149,431,49,48,49
1023,142,48,49,53
60,196,93,90,92
995,23,126,94,67
282,189,186,186,204
117,175,238,245,255
439,252,221,221,245
1040,438,46,48,50
961,443,48,46,54
7,198,27,25,24
507,127,37,39,39
115,72,138,123,143
88,25,109,104,112
83,63,192,193,210
1004,294,49,46,50
373,306,43,43,46
161,157,44,44,46
357,19,43,32,33
321,191,191,189,209
829,238,55,56,60
665,65,44,46,49
704,450,43,46,51
35,6,227,225,249
279,264,201,198,221
39,89,185,186,205
341,246,209,205,228
1044,22,107,82,66
248,45,110,113,130
123,407,44,43,47
940,179,45,47,51
173,212,193,188,208
1163,363,235,233,249
102,92,155,25,35
9,366,47,44,47
647,135,43,45,47
440,446,27,26,25
681,179,83,80,95
647,466,152,159,194
898,332,45,46,48
568,52,45,43,48
279,180,187,184,202
574,464,120,113,106
352,4,47,39,38
1017,399,43,47,50
953,434,56,44,45
852,494,167,160,122
945,137,46,46,53
581,171,50,46,51
977,61,96,76,62
686,27,49,51,51
842,342,45,48,48
1156,24,238,234,250
439,110,39,41,44
355,251,211,209,231
483,488,111,101,60
439,198,223,223,244
29,179,112,67,68
909,300,48,46,50
819,321,47,47,48
407,191,209,210,232
572,11,89,79,56
220,62,40,33,37
81,102,154,21,32
343,412,39,42,45
953,227,45,46,52
622,206,59,56,61
622,310,42,43,45
1094,6,243,244,254
1037,456,44,46,51
260,162,54,46,55
1055,366,49,49,53
173,122,113,117,132
355,280,43,43,48
812,201,49,47,51
944,170,49,47,51
361,180,194,195,218
766,128,47,46,47
29,82,114,101,110
435,85,42,38,41
619,362,42,44,47
467,152,39,45,46
1177,495,234,233,251
251,139,31,28,27
859,190,46,45,51
646,387,50,51,49
173,49,162,149,173
306,478,121,113,93
1174,395,236,235,250
1185,217,239,238,253
480,127,44,44,46
1105,276,237,234,251
210,415,42,45,47
510,257,223,221,241
790,295,43,46,50
219,65,44,36,47
1106,310,235,232,248
835,420,110,111,131
1110,218,237,235,252
625,469,178,176,190
267,494,90,78,53
414,442,94,89,80
1128,418,230,228,244
769,428,44,46,50
1129,420,230,227,241
201,13,158,31,49
490,387,44,42,45
861,85,49,50,53
1066,136,49,49,54
136,53,145,128,150
355,409,42,44,43
576,156,42,44,47
38,70,115,105,115
1163,202,238,236,249
818,241,127,109,91
149,197,197,193,219
305,25,46,48,53
350,157,40,37,40
1056,437,47,49,54
185,296,40,39,42
431,334,46,45,46
303,100,33,25,29
144,285,39,39,44
780,180,48,47,51
180,482,47,45,48
12,186,67,81,65
509,275,46,45,49
135,466,45,47,50
416,2,38,34,31
605,473,161,152,155
551,350,40,42,46
1133,155,228,229,244
711,412,42,44,51
642,94,45,45,48
215,318,41,41,45
555,363,42,43,45
1030,54,155,138,108
608,262,49,46,49
98,115,186,150,156
44,88,193,186,208
478,400,43,44,46
317,69,29,27,26
720,322,46,44,50
568,230,233,234,255
1160,487,232,229,246
1092,279,244,239,255
175,462,49,48,51
702,236,239,238,255
772,59,44,47,50
989,199,46,47,51
888,440,46,47,52
820,311,48,48,53
323,32,42,36,40
1002,218,45,47,52
649,40,47,45,50
631,309,45,43,46
873,47,102,100,95
735,327,46,46,49
632,334,41,42,46
29,22,226,227,248
690,186,238,235,255
943,108,51,49,49
908,42,84,79,72
986,482,51,48,52
1073,317,198,184,135
392,272,91,92,116
1188,100,239,236,254
380,275,44,48,48
98,283,40,31,35
575,495,168,162,166
205,118,37,35,41
418,171,41,42,48
671,331,40,42,49
902,130,48,48,51
939,363,49,48,49
146,454,48,47,49
144,330,34,37,38
96,353,39,36,39
369,94,35,29,30
701,377,40,43,47
645,139,42,46,49
1120,239,233,230,246
77,101,152,26,33
360,279,47,44,47
544,385,40,41,43
153,50,134,117,137
578,136,44,44,46
218,280,203,204,227
999,15,125,94,69
625,484,175,174,187
15,265,34,29,29
425,250,58,58,62
1024,56,157,140,86
13,445,49,51,54
665,132,45,47,47
705,495,117,99,74
949,445,61,64,65
1035,427,51,47,52
602,175,47,45,52
854,250,121,113,83
853,387,47,46,48
1092,497,241,239,255
53,14,124,120,141
137,44,127,112,133
1107,147,238,238,255
826,440,43,46,50
916,429,72,50,89
101,367,39,37,43
494,223,165,167,198
792,296,47,45,52
1097,283,240,239,255
45,425,54,50,53
509,435,167,173,189
244,426,82,79,53
115,123,163,33,41
371,215,203,200,223
779,191,47,48,51
205,116,37,37,39
939,120,52,50,51
901,190,47,48,51
1132,274,228,230,244
334,393,42,42,47
626,419,45,43,47
854,478,145,135,83
606,413,41,44,46
332,313,43,42,43
1180,319,237,236,252
108,464,54,49,55
1010,0,101,78,63
533,232,175,170,171
347,129,29,29,32
36,433,49,49,50
621,277,43,44,46
140,254,216,210,233
224,155,35,26,29
450,476,180,184,201
519,340,40,42,43
534,438,158,162,176
202,324,40,43,44
368,336,47,45,47
23,20,227,225,249
558,262,231,229,255
723,3,51,52,51
801,276,48,50,52
659,16,47,48,51
334,496,135,136,152
149,165,43,45,50
810,480,168,163,177
368,388,46,42,44
823,387,49,45,53
728,85,41,46,48
439,295,45,45,46
406,482,81,76,64
114,23,31,28,32
616,127,46,44,47
990,350,43,47,53
230,361,43,44,45
688,236,238,236,255
102,153,192,185,208
563,4,89,76,56
204,33,161,31,42
1172,481,232,230,249
1188,417,237,234,252
464,480,181,185,205
109,40,194,191,213
482,229,74,68,64
921,384,44,46,50
228,111,35,35,37
493,366,45,44,44
418,342,40,43,45
674,186,243,238,255
792,118,43,48,50
426,218,227,223,245
1058,419,46,50,54
1052,418,51,50,55
147,254,207,206,225
701,96,43,46,48
809,245,231,237,255
599,458,144,140,153
564,376,45,46,46
590,418,41,42,45
1129,225,231,231,243
1146,415,234,232,246
503,473,102,102,74
379,58,28,25,29
928,207,48,47,50
760,113,43,45,48
151,134,128,131,150
1187,175,238,235,251
1040,499,49,48,55
715,340,45,45,46
1098,201,240,240,255
282,90,36,28,31
374,274,49,48,50
40,449,49,47,50
998,233,46,45,52
90,440,49,46,52
50,415,54,54,54
324,399,44,42,46
429,342,42,43,44
995,259,45,47,50
1046,483,50,50,54
597,26,49,48,49
360,93,32,25,29
572,70,45,44,47
233,360,41,43,46
754,112,46,47,49
299,265,202,203,227
921,420,46,47,47
785,23,51,49,54
705,499,118,97,68
874,40,99,94,91
252,432,73,73,52
709,327,48,47,49
1191,378,236,236,253
509,23,94,67,54
973,262,43,45,50
468,378,46,44,48
58,80,35,30,32
116,238,83,81,107
924,250,49,48,53
535,357,40,42,45
911,157,48,48,50
134,174,55,52,61
1038,27,107,82,62
572,213,78,79,81
842,416,49,46,53
830,188,51,49,51
1114,204,234,232,251
114,402,46,44,46
688,376,44,42,48
278,321,40,44,44
151,357,43,41,47
980,275,48,47,49
1186,433,236,234,250
62,7,229,229,249
1034,380,48,47,52
347,272,48,47,48
15,488,51,50,54
102,23,118,110,118
1092,287,242,241,255
680,134,45,47,49
118,198,222,220,245
125,445,51,48,52
789,328,47,45,48
358,247,59,55,61
333,63,29,24,26
244,294,39,44,48
1133,30,233,230,244
709,33,124,88,61
481,479,98,96,72
839,467,45,47,52
556,423,43,42,46
1173,455,243,236,249
589,386,36,43,45
361,45,32,26,28
654,238,50,53,57
271,303,42,44,46
403,293,43,43,46
972,118,45,47,52
235,93,40,39,45
1118,140,234,229,246
379,429,44,46,45
762,279,47,47,50
1137,237,231,228,245
126,230,116,108,113
1150,318,234,233,249
176,16,164,144,167
970,33,96,72,60
238,433,68,68,53
280,281,42,44,47
996,106,46,47,52
450,86,44,41,43
112,416,45,44,49
79,419,61,58,56
318,120,35,27,30
324,254,203,206,225
1097,160,239,242,255
618,376,44,44,47
929,452,138,144,148
906,300,45,46,49
909,164,45,46,52
734,217,221,222,247
791,330,44,48,50
399,301,42,42,46
108,389,45,43,45
311,71,35,28,29
576,493,175,170,176
511,460,163,163,174
986,350,46,45,51
1159,184,238,236,252
258,411,47,44,48
596,275,45,46,51
274,292,41,43,44
282,59,42,45,45
245,211,50,39,50
77,51,56,39,56
4,141,163,29,38
81,117,155,22,34
670,487,105,80,60
669,153,44,44,48
462,498,123,114,65
613,238,232,237,255
1091,229,240,240,255
558,136,44,45,47
526,321,42,41,45
229,87,37,40,45
38,17,167,160,167
31,88,72,65,67
129,242,203,203,222
157,175,204,203,228
534,391,44,42,44
562,179,220,226,245
1027,244,51,46,53
5,115,147,20,31
660,241,49,50,51
739,229,238,238,255
943,138,47,47,53
317,480,121,116,117
1039,50,124,111,96
147,191,192,190,214
579,477,108,98,76
706,489,121,104,79
50,104,150,21,32
880,11,80,72,67
1064,258,49,50,55
581,247,234,233,255
621,499,112,108,96
583,97,46,45,48
11,248,33,30,33
385,159,40,40,41
1008,130,50,49,53
285,30,92,93,108
9,288,36,32,36
739,408,48,46,50
445,264,234,232,254
911,163,48,47,52
302,265,202,203,222
392,98,34,33,35
215,236,185,182,199
1159,246,238,235,249
66,81,35,30,29
1196,36,241,236,254
444,459,143,119,119
614,439,47,46,48
585,325,41,44,44
6,167,117,106,105
993,67,75,65,60
778,351,48,45,49
929,101,44,49,50
1195,15,238,236,254
584,371,34,42,43
653,436,45,44,45
946,331,42,46,51
319,451,88,80,57
302,8,115,118,135
346,46,32,23,24
983,458,53,45,92
998,358,43,46,51
273,494,96,82,58
957,211,48,48,49
608,84,44,46,48
244,56,216,215,235
568,67,43,44,43
330,288,42,42,44
1096,263,239,236,255
580,298,41,44,48
128,397,45,44,45
679,259,48,46,53
718,368,44,43,47
1153,143,235,233,251
647,214,236,234,255
720,382,44,45,46
956,363,46,47,52
408,250,187,183,219
712,148,48,46,51
525,437,146,145,159
1151,445,233,229,247
447,215,61,60,59
226,402,44,45,47
1015,468,47,46,50
642,5,49,49,51
337,110,27,29,28
130,117,164,38,66
185,442,50,47,48
824,99,50,48,50
1096,410,244,242,255
918,99,48,48,49
885,321,45,47,48
734,62,49,47,50
596,380,42,43,44
271,88,35,30,34
19,407,48,46,50
643,441,43,45,47
1152,94,234,232,249
922,260,48,47,51
1017,148,49,48,54
489,373,45,42,49
25,16,226,223,248
738,309,43,43,46
1086,82,61,61,63
667,91,50,45,48
354,176,195,192,214
566,222,231,233,255
1051,298,127,105,107
465,428,50,48,53
995,463,118,129,158
668,64,50,46,48
509,430,47,45,46
36,249,37,30,31
24,57,98,90,103
1184,32,239,237,253
620,343,47,45,48
904,264,241,239,255
1114,498,228,227,243
1111,41,237,233,250
756,114,44,45,49
381,256,214,215,237
604,8,52,48,51
6,68,84,81,90
414,293,47,42,46
110,89,183,162,184
450,101,46,41,46
784,309,46,47,51
331,147,34,31,36
1195,256,241,236,252
413,387,41,42,44
883,20,99,96,95
198,33,160,45,69
116,92,186,169,189
1061,120,48,51,53
1113,10,236,234,251
100,27,120,112,124
2,71,91,86,90
1163,161,237,235,251
290,297,46,44,44
913,99,46,46,53
220,39,79,38,49
678,280,46,45,49
374,401,41,44,44
502,221,219,213,236
19,466,48,50,50
1017,109,46,48,51
762,203,225,227,246
647,232,231,235,254
477,391,44,40,43
95,204,193,190,220
997,270,45,46,50
791,114,46,47,49
467,339,56,55,55
845,185,48,47,51
886,285,46,47,51
929,223,45,48,49
683,283,43,44,49
823,419,48,51,55
1018,462,47,47,53
405,301,43,44,47
589,144,43,44,47
190,410,47,42,49
155,24,166,146,172
180,478,48,45,48
1031,3,108,78,66
281,343,46,45,45
540,55,43,45,47
421,499,189,192,217
518,155,42,45,48
687,254,48,46,50
68,239,40,37,39
1143,13,233,231,246
479,100,41,42,45
664,389,55,44,52
599,425,43,46,46
871,52,98,93,88
1021,246,50,50,52
873,335,45,45,51
530,310,45,44,47
278,473,103,98,72
1121,279,231,232,248
69,429,64,61,54
1063,348,52,50,56
799,363,45,46,51
908,365,47,45,52
789,17,50,49,52
965,27,94,71,60
28,110,148,17,30
277,214,185,185,200
334,226,200,201,222
806,54,49,49,52
899,473,47,49,49
418,460,132,115,108
906,456,44,48,51
371,245,159,153,168
1043,454,47,52,52
868,19,99,96,94
748,238,236,235,255
289,295,42,45,47
122,334,35,36,38
965,262,46,47,50
936,233,47,47,52
393,367,44,43,44
907,469,49,48,53
429,147,43,43,46
565,35,44,44,46
239,8,179,166,189
622,256,51,48,50
279,256,198,196,217
154,208,192,189,210
171,243,198,199,218
1068,211,52,51,54
103,389,44,43,45
1068,462,56,58,62
653,264,45,42,49
396,377,42,44,45
142,28,144,125,146
772,281,50,53,55
92,311,30,31,30
592,424,44,44,46
1109,77,234,231,249
891,295,50,49,53
398,176,42,44,46
256,113,36,24,29
51,79,128,121,127
87,436,45,46,52
796,191,46,47,50
96,143,161,29,37
419,20,35,31,33
700,47,47,45,49
812,107,48,47,50
591,385,41,43,45
317,75,35,26,32
558,432,45,44,46
1029,348,47,47,50
196,275,205,205,225
914,207,48,46,53
508,268,52,50,60
678,330,47,43,46
1,202,32,30,31
382,222,211,211,230
652,307,47,46,49
713,188,239,235,255
1069,111,53,50,55
1150,476,230,227,245
886,31,112,107,106
654,263,46,47,49
633,264,45,46,47
348,476,65,55,50
653,240,48,49,52
746,272,47,46,53
247,242,55,49,51
702,391,43,44,48
1054,27,97,78,63
347,102,34,28,32
793,138,47,46,50
1127,77,229,225,244
702,199,237,236,255
380,152,37,39,43
270,324,40,44,45
1129,470,227,225,242
556,145,44,43,49
479,22,57,49,46
466,107,42,44,44
794,184,47,49,51
702,1,51,49,54
667,281,45,47,50
111,195,222,221,250
104,327,35,34,34
645,378,40,45,46
69,442,47,48,51
73,340,39,35,38
135,407,42,42,45
238,395,42,44,43
1018,326,43,49,50
558,273,49,48,54
505,90,54,54,61
47,3,227,225,250
695,458,125,99,64
740,59,44,47,51
285,426,85,83,57
1078,137,54,52,55
630,273,42,44,45
912,487,137,124,92
994,463,102,115,140
666,457,84,69,57
1062,139,50,49,54
307,335,47,44,46
780,456,43,45,50
432,441,143,84,80
177,204,166,165,179
1167,396,238,234,253
130,171,162,160,185
150,451,47,47,51
450,422,47,48,49
426,94,40,39,42
713,102,43,43,49
711,243,215,209,236
347,292,43,44,47
668,303,48,46,51
492,212,190,199,202
524,0,23,25,25
977,315,46,46,49
378,102,32,30,34
137,147,137,143,159
879,312,46,48,50
26,308,37,36,38
988,425,45,47,49
3,64,26,23,21
902,209,49,47,50
828,403,45,45,50
790,7,52,49,52
237,203,84,81,102
613,226,237,237,255
760,46,51,49,53
201,42,196,179,202
145,136,145,152,166
167,383,43,43,45
1192,330,239,238,254
129,278,215,215,238
839,4,94,92,88
595,296,42,45,49
1099,125,239,237,255
170,174,198,194,213
532,425,46,44,45
1077,161,125,126,128
1191,70,236,235,253
468,45,42,39,43
863,392,47,46,50
434,363,45,44,46
433,334,41,43,44
1186,445,239,234,250
1004,484,47,48,49
1173,167,241,236,252
442,9,36,30,34
839,206,49,48,53
1074,73,70,62,64
710,260,52,50,54
144,1,29,27,28
842,305,48,48,51
157,143,206,205,228
598,65,45,45,50
939,188,47,47,50
318,47,34,29,35
61,69,29,28,25
8,140,164,24,36
1106,108,236,230,248
227,144,33,25,31
678,161,47,47,50
645,387,47,48,52
361,462,79,70,61
874,67,51,49,55
949,327,46,45,50
394,291,46,44,45
39,489,81,69,57
401,128,42,40,45
1132,412,228,227,243
537,199,61,57,73
978,266,48,48,50
354,112,30,32,33
656,32,50,48,54
828,344,46,48,50
765,198,50,49,54
18,424,51,48,55
590,134,45,43,49
1,198,29,28,28
1084,108,55,56,61
663,458,74,62,50
902,7,143,94,66
856,300,48,45,51
1124,217,232,229,246
374,283,46,44,46
323,148,29,33,34
630,291,45,42,48
1013,280,47,48,50
572,308,46,44,46
1056,73,97,84,72
977,356,47,44,50
522,27,62,45,35
1018,312,44,48,54
1033,181,46,47,53
136,356,38,38,43
464,12,128,103,78
1134,295,229,226,241
586,58,43,45,50
785,412,43,50,51
490,473,106,105,85
694,142,43,46,49
561,380,43,43,46
941,23,96,70,59
74,96,154,27,33
447,49,42,37,41
506,290,44,49,48
107,317,35,34,36
981,392,44,47,53
986,123,50,48,50
1170,343,236,235,251
483,57,44,42,44
1102,100,236,234,254
288,140,34,28,30
142,412,44,46,45
810,305,45,46,48
763,3,52,48,52
503,243,61,58,69
807,289,45,48,51
231,131,31,27,30
41,97,32,30,27
741,490,121,116,89
145,218,198,194,217
524,352,40,42,45
250,312,41,42,47
367,257,212,212,233
373,379,43,45,46
124,315,33,33,36
202,450,48,52,52
410,382,41,41,45
233,167,188,183,204
525,21,64,40,32
1100,43,238,237,255
669,253,47,46,49
1120,317,233,228,248
1082,55,221,222,246
81,88,150,23,31
92,62,187,187,201
104,433,112,101,102
530,44,42,41,44
62,463,48,46,48
511,451,149,149,163
89,71,155,128,146
1169,128,238,235,255
558,470,143,142,140
377,49,32,26,29
497,64,45,43,48
827,113,48,49,53
932,247,45,46,50
127,449,47,46,51
1050,108,47,49,53
273,318,44,42,45
46,358,46,41,47
461,323,18,19,18
694,324,48,46,51
1142,337,234,232,250
432,198,223,218,241
782,324,44,46,51
660,380,42,45,46
903,107,49,45,52
965,186,48,48,52
1035,469,46,48,52
1011,38,102,81,62
581,147,43,45,49
677,295,41,44,49
204,412,45,43,46
679,133,44,46,49
393,456,172,171,193
886,73,47,48,52
193,429,49,48,49
548,320,44,45,48
262,425,60,56,53
56,283,36,30,36
628,50,43,46,48
699,143,46,46,53
730,86,48,46,50
143,331,34,36,38
470,52,41,40,43
227,325,44,44,45
343,183,190,191,212
656,392,77,75,61
1029,346,49,48,54
1053,232,50,48,52
200,133,39,36,40
630,92,47,49,50
727,90,49,49,50
403,127,38,38,40
730,452,45,45,47
583,279,43,45,48
827,433,45,47,52
1183,5,240,236,254
36,21,71,67,72
654,105,47,45,48
586,319,42,44,46
75,50,118,111,117
752,377,42,45,47
271,86,34,29,33
760,424,45,44,47
67,343,43,39,42
91,46,33,27,27
173,210,194,188,209
117,41,192,192,206
130,199,207,205,229
756,53,47,45,51
453,274,236,233,255
698,38,51,51,52
1110,168,235,232,251
194,143,36,35,38
94,495,49,47,49
403,171,45,43,47
470,34,82,61,45
166,161,38,39,43
426,193,222,219,242
570,422,41,42,49
522,207,102,107,135
1102,96,238,237,254
294,53,41,38,43
165,475,49,45,48
675,126,46,47,50
889,283,49,48,48
901,342,48,47,49
301,302,46,43,45
141,252,214,210,234
876,109,48,47,53
145,397,45,42,45
350,320,42,44,46
141,394,42,45,45
924,376,47,47,48
1116,109,229,227,247
137,291,37,34,38
562,75,41,46,47
1142,26,231,231,246
542,381,39,43,44
780,457,46,45,50
385,151,39,40,43
386,457,163,169,184
435,473,28,26,27
1031,198,49,46,53
857,398,47,45,49
86,402,46,43,46
1102,129,237,236,255
138,418,48,45,48
928,410,42,46,49
515,293,45,44,48
228,401,45,44,46
196,376,42,42,46
1150,371,233,229,246
577,63,43,45,46
1013,353,49,45,51
769,480,155,150,162
663,414,44,44,46
376,47,29,25,31
1189,152,241,238,255
97,446,49,45,49
1162,338,237,234,249
1002,475,48,47,52
629,307,46,44,50
1066,142,48,52,55
848,451,49,47,52
506,417,42,41,46
594,233,235,233,255
506,427,38,43,44
437,313,45,45,46
954,204,46,46,49
208,473,47,47,52
88,461,54,50,52
849,184,44,47,51
504,429,46,44,49
99,407,45,45,48
806,15,48,52,54
389,352,41,43,48
1046,495,51,49,53
992,255,46,45,49
293,245,89,84,82
904,471,48,49,51
365,446,93,89,78
189,200,152,149,157
520,92,46,44,49
813,428,46,44,52
624,330,42,44,49
943,165,46,47,53
1195,432,238,235,254
1005,239,44,46,49
1028,184,44,48,51
1110,241,233,233,250
1137,338,229,226,244
842,168,47,47,51
593,255,195,191,237
891,403,48,47,54
1117,191,237,233,249
827,272,46,48,55
434,54,34,34,39
672,201,241,240,255
79,259,212,212,237
594,257,77,70,101
1153,299,233,234,250
335,434,81,75,52
563,144,48,44,49
93,308,37,35,38
1155,54,236,232,247
226,158,183,185,198
1150,420,231,229,247
829,251,237,237,255
116,250,218,215,236
1023,50,94,79,61
242,463,76,73,53
286,106,32,27,29
995,398,45,48,50
483,311,48,47,50
97,164,37,25,28
404,203,208,208,229
261,24,138,125,147
793,470,167,158,155
37,221,29,33,35
1065,158,48,50,55
553,205,227,224,250
5,39,227,222,247
905,269,240,239,255
358,120,32,33,35
935,60,104,98,95
203,401,40,43,46
1077,151,238,236,230
12,432,51,48,50
594,259,65,58,85
1167,74,239,235,253
1107,494,233,228,243
43,114,148,22,31
272,181,187,184,202
451,450,165,161,169
435,130,39,45,45
889,444,51,46,49
927,188,46,49,52
1000,42,118,87,66
130,216,199,196,219
891,338,44,45,48
63,483,56,55,53
767,319,46,45,50
809,436,45,48,50
631,417,42,44,46
900,452,48,48,50
1165,324,235,234,252
993,30,122,93,70
229,488,60,59,54
195,156,38,32,35
969,358,49,46,51
1190,372,238,235,253
116,203,218,220,243
408,410,42,41,43
452,494,172,174,181
1092,164,240,240,255
555,190,230,230,254
641,56,45,46,49
1077,354,247,248,255
57,43,115,103,114
893,307,49,46,49
753,338,44,46,47
341,373,47,43,47
10,244,38,28,31
1196,221,238,238,255
237,369,40,44,45
368,160,40,39,41
599,340,45,43,44
593,135,45,44,49
787,99,48,47,51
329,278,45,44,45
272,138,29,24,25
798,205,55,52,54
396,332,44,43,44
586,41,45,46,47
190,247,200,196,217
16,442,49,52,53
600,325,44,44,46
1188,129,240,238,253
1180,453,237,236,250
266,116,34,27,27
676,334,43,45,48
685,107,42,44,49
581,302,45,45,47
731,302,42,44,49
200,70,179,174,184
318,104,32,24,28
633,13,54,51,52
46,25,58,60,65
868,227,240,236,255
826,134,48,48,47
878,13,91,84,82
968,105,48,48,50
598,478,178,174,181
525,266,225,226,248
716,228,57,58,62
272,79,35,35,39
307,232,197,195,215
1056,116,48,50,55
1056,316,46,50,51
685,137,45,45,48
638,304,40,44,46
564,141,41,45,47
4,166,113,105,104
33,452,50,50,51
236,202,48,42,50
1055,281,52,53,59
404,122,38,40,42
21,336,38,39,43
349,94,33,27,27
78,119,152,24,32
381,409,45,43,48
811,48,54,53,54
265,304,44,45,47
222,90,54,41,64
282,233,52,51,53
1007,388,47,46,51
826,302,49,45,52
854,317,46,44,48
98,421,80,79,69
374,37,31,27,27
1080,233,55,54,58
742,284,46,46,48
417,286,42,45,47
1059,279,59,55,58
820,5,88,82,76
1062,230,53,50,55
1144,115,234,231,245
315,165,37,36,39
640,108,40,45,46
90,243,218,217,239
1027,240,47,48,49
6,495,51,50,52
316,287,45,43,47
374,237,210,209,230
365,221,207,204,228
661,95,44,44,50
1037,256,49,48,54
5,259,32,29,32
193,227,193,188,208
277,198,184,182,201
226,384,44,43,50
133,45,134,115,134
934,171,47,47,48
1016,115,48,49,51
939,244,48,48,51
646,399,41,42,45
1077,106,54,52,60
830,497,175,171,178
802,284,49,47,53
855,175,47,47,53
888,319,49,45,49
141,489,44,48,49
94,194,250,248,255
746,22,47,49,51
1097,29,248,244,255
596,344,44,43,44
709,38,62,55,54
640,417,47,45,46
519,48,40,30,34
477,28,63,53,45
102,356,37,38,40
84,255,215,214,238
298,304,43,44,45
761,262,235,236,255
738,34,48,50,51
1000,417,48,49,52
1127,205,228,227,245
774,170,48,46,51
47,259,35,28,29
1143,26,229,230,245
796,266,242,241,255
227,36,37,33,28
238,252,197,196,217
745,80,45,46,52
172,194,192,187,209
569,46,46,43,48
431,54,35,34,35
1039,224,47,49,51
1098,328,240,240,254
89,68,153,135,156
869,158,43,47,49
274,120,34,27,31
1182,182,238,238,255
66,74,31,28,28
847,359,47,48,48
832,345,47,47,48
1135,98,230,225,243
741,149,45,46,50
988,318,48,45,49
567,194,232,229,255
904,365,46,45,50
129,216,198,194,218
468,248,222,224,245
742,292,46,46,48
355,368,43,42,47
296,495,42,43,47
1172,20,239,235,252
939,155,45,49,48
260,166,185,181,200
1027,361,49,48,51
321,473,107,100,108
95,167,38,24,32
322,208,168,166,173
1141,292,231,230,248
489,202,117,119,125
868,363,46,45,49
168,436,124,123,123
1083,157,251,249,255
1199,315,241,236,254
35,328,35,40,38
891,268,237,239,255
341,339,42,43,44
139,264,215,213,234
915,321,43,48,52
974,394,45,44,51
41,70,119,106,119
1197,347,239,235,251
1068,254,51,50,54
327,90,30,26,27
1009,389,47,46,50
706,404,49,42,51
932,283,44,44,49
1100,128,239,236,255
146,152,126,130,147
1089,211,74,72,82
858,10,94,92,89
126,490,45,48,48
927,4,209,191,180
530,367,42,42,47
191,413,42,42,47
186,12,169,103,121
605,446,184,193,216
1028,430,45,47,50
801,166,48,48,50
1011,116,51,50,50
1111,174,237,233,251
50,30,70,79,82
426,198,221,222,241
617,15,47,48,52
843,119,48,46,53
861,434,44,48,48
811,75,46,45,52
651,496,98,72,56
754,454,46,45,49
501,360,44,43,45
750,343,42,45,48
1008,416,47,49,52
204,206,191,185,206
87,9,34,28,36
343,218,198,195,218
1167,152,236,234,248
483,253,197,195,215
635,75,43,45,46
44,398,43,45,47
391,304,47,44,48
640,156,41,45,48
210,424,50,46,51
685,247,47,45,52
654,284,45,48,53
604,307,46,45,48
696,386,44,43,49
614,345,40,45,48
226,176,186,181,203
837,415,99,105,78
652,56,41,43,47
458,155,42,44,45
680,450,46,45,48
133,260,212,210,233
18,27,226,224,248
624,103,42,44,48
112,101,158,29,35
322,355,40,43,46
189,141,35,37,39
235,356,42,42,45
872,260,122,102,82
115,266,204,205,228
31,376,46,45,48
428,299,45,45,50
479,104,42,42,44
1102,145,238,237,255
851,51,98,79,61
431,41,33,32,33
259,452,70,66,53
1062,239,49,51,55
449,224,230,230,251
675,385,42,45,45
148,129,206,195,214
480,390,43,43,48
428,441,132,104,102
760,229,238,236,255
304,402,40,42,46
905,92,50,47,48
886,75,48,47,51
408,346,44,43,46
931,329,45,46,51
197,95,123,127,143
354,398,43,41,44
79,427,50,52,52
916,365,43,48,49
560,223,226,231,255
463,270,229,228,250
803,26,50,50,54
274,39,138,146,156
802,202,50,48,51
507,122,36,36,36
608,0,52,48,51
730,26,51,49,52
512,181,214,215,236
860,316,45,47,50
913,72,51,49,53
986,381,50,48,50
576,332,40,42,44
834,368,48,45,51
624,243,89,85,120
78,439,50,47,50
205,154,35,27,32
737,440,45,46,50
736,412,44,43,47
140,266,215,211,233
82,285,38,36,36
678,150,45,47,51
182,176,193,190,212
299,73,32,27,33
54,31,42,32,54
995,326,46,47,49
483,16,76,56,44
663,81,47,45,49
780,459,47,47,52
158,2,37,34,35
164,102,201,191,213
541,183,226,224,245
1099,42,239,237,255
591,342,44,42,44
980,42,99,76,60
262,56,49,47,55
650,126,44,46,47
559,249,233,232,255
610,277,45,45,49
913,273,180,184,246
956,299,46,45,50
358,118,31,32,35
778,339,41,47,50
260,325,43,44,47
249,18,186,177,192
1032,407,49,49,51
445,206,219,219,238
917,15,150,102,67
1124,352,229,229,246
954,313,45,48,48
483,396,40,44,47
469,372,48,47,53
842,144,48,45,51
1129,47,232,228,246
774,300,44,45,50
227,340,43,44,47
588,440,170,178,188
674,329,45,45,48
717,353,43,44,48
426,300,40,44,46
848,188,49,47,52
742,141,46,46,50
731,253,238,239,255
276,163,125,121,127
341,133,35,30,34
651,481,93,67,56
871,249,59,59,64
78,66,195,192,213
1056,270,51,51,56
857,240,111,101,86
748,213,241,237,255
177,386,43,42,48
411,439,132,129,135
996,323,46,46,48
29,409,42,47,47
370,442,158,147,154
319,30,41,38,42
634,359,48,45,48
416,219,193,182,196
114,31,71,54,73
697,381,47,46,49
429,54,36,34,35
403,72,35,30,32
953,10,112,81,61
277,387,44,45,47
7,297,40,34,39
546,4,85,75,58
357,75,35,25,31
568,479,123,111,92
63,210,93,87,98
798,328,47,46,50
799,432,45,45,47
88,48,28,25,29
832,475,158,160,157
732,42,51,48,50
52,102,151,24,31
127,425,50,49,53
260,428,49,51,50
444,358,49,46,48
685,244,50,46,53
191,499,46,47,49
811,78,47,45,49
1071,356,75,62,57
1047,60,109,94,85
735,477,151,146,153
770,17,49,49,53
949,54,72,61,58
70,376,38,41,46
461,303,73,74,74
139,493,50,47,50
1046,396,48,49,54
255,115,34,26,29
303,132,30,29,32
1095,198,241,241,255
720,357,46,44,48
395,335,43,45,45
161,132,117,117,134
313,443,67,63,54
98,15,112,104,115
436,364,45,43,47
326,293,42,45,47
1192,73,238,235,252
1076,10,107,81,67
655,232,234,237,255
1083,419,118,108,95
687,361,44,44,49
878,132,50,48,53
6,100,136,20,25
862,101,50,47,51
193,56,191,165,178
421,318,43,44,49
157,377,41,42,44
122,356,39,39,41
991,288,46,46,51
953,6,119,85,63
368,472,56,53,50
802,368,47,46,48
990,243,47,47,50
798,376,47,42,49
526,137,44,45,47
672,187,235,238,255
778,63,47,47,48
1016,344,47,45,50
261,452,67,63,51
724,436,46,43,50
75,155,163,29,35
966,6,106,77,64
277,413,45,45,46
257,129,30,28,27
579,446,147,142,152
373,86,33,27,29
832,207,50,51,51
1086,76,61,59,63
448,263,237,233,253
290,455,78,76,54
455,340,78,79,86
431,83,40,41,42
753,243,241,237,255
162,265,207,204,227
982,435,48,48,53
338,445,73,69,54
464,301,45,46,52
389,404,43,43,45
102,73,140,122,146
990,270,48,48,51
507,63,46,44,48
180,435,50,48,51
322,37,39,35,35
619,9,52,50,50
60,350,42,40,45
703,453,46,44,45
1023,453,48,46,51
47,29,65,66,69
977,397,46,46,51
477,265,180,179,187
86,352,34,36,41
175,441,47,49,50
377,113,33,34,37
926,363,46,45,51
863,435,45,48,51
261,95,36,31,34
638,296,45,43,46
385,164,44,42,44
783,43,47,48,52
1172,482,235,232,249
277,468,83,75,52
429,155,45,42,44
518,223,87,77,104
571,264,234,234,255
774,234,174,172,211
586,232,232,236,255
851,418,102,98,63
525,499,161,161,161
685,432,44,44,46
649,281,44,43,48
1151,146,235,234,250
626,212,236,232,255
176,46,165,151,174
116,352,37,39,41
13,58,28,28,26
800,57,49,47,50
995,246,48,48,50
38,85,184,184,204
645,225,237,235,255
1175,461,236,236,249
110,69,138,121,141
978,155,47,50,51
37,101,29,25,29
451,454,180,175,183
205,290,40,38,44
617,10,49,49,52
1121,405,233,231,246
623,114,45,44,46
262,234,175,181,193
6,496,50,51,54
1089,430,247,244,255
99,450,50,49,49
353,235,205,203,225
879,282,42,48,51
765,205,239,236,254
94,2,29,25,29
102,84,181,158,179
54,289,37,32,32
642,56,44,47,49
225,348,42,44,48
294,445,57,58,53
881,69,49,50,51
602,429,44,43,47
597,158,46,44,50
499,292,46,44,48
773,269,110,110,79
142,99,147,134,152
468,333,56,58,61
944,270,47,45,50
1083,370,54,54,59
834,59,49,50,53
59,198,69,65,74
596,59,43,44,47
538,319,43,42,44
1014,282,47,46,51
922,329,47,47,48
735,484,150,142,158
1092,25,81,82,109
270,289,45,42,47
101,100,157,27,39
578,112,43,43,47
646,268,41,46,47
806,340,43,46,49
47,87,198,192,210
991,271,46,46,52
388,257,217,218,242
827,497,170,162,163
997,229,48,49,51
1095,86,237,235,236
431,164,42,44,46
1138,8,228,227,243
154,331,40,40,42
421,297,42,44,47
888,161,48,50,51
840,450,43,45,49
568,424,39,43,44
1098,118,240,238,255
99,223,210,208,234
955,445,44,47,49
915,384,46,45,50
136,369,45,43,44
839,349,46,45,51
533,393,44,43,46
585,193,235,233,255
406,458,60,57,54
709,450,45,46,50
767,484,162,153,162
84,25,110,103,112
859,340,50,46,52
456,170,45,43,49
402,215,190,192,204
266,241,195,196,214
484,120,41,44,45
862,232,241,239,255
959,415,48,48,50
1011,6,106,82,63
492,233,61,59,65
1130,321,228,227,243
455,247,69,57,69
35,13,222,224,249
980,271,48,47,51
774,198,50,48,49
814,296,48,46,51
572,419,44,42,46
1147,496,228,228,244
922,248,44,49,51
394,209,57,50,61
370,11,41,33,28
69,246,36,37,36
317,408,44,43,47
655,440,44,44,47
864,21,96,94,87
884,359,47,46,48
314,269,52,50,49
145,292,40,35,37
772,124,45,46,49
244,292,40,45,47
1169,82,237,237,250
929,271,50,47,49
817,127,44,47,52
1100,180,244,242,255
633,287,42,42,46
457,82,43,41,42
831,40,78,71,60
82,11,27,29,31
1106,393,238,237,254
765,292,44,46,48
1047,166,50,48,53
211,384,42,43,46
790,78,48,45,52
523,105,45,43,49
332,92,29,26,27
429,126,41,43,46
855,398,45,46,49
230,372,45,43,46
133,43,132,117,136
731,9,51,49,53
1149,443,237,232,247
1089,221,255,255,255
59,437,52,47,53
5,396,45,47,49
58,325,36,36,36
427,478,101,97,105
1074,334,50,51,52
36,253,34,29,29
308,308,44,43,48
21,366,44,41,49
59,486,86,81,72
914,303,45,46,49
473,55,42,41,45
931,53,105,98,89
851,170,51,47,50
463,160,43,42,49
735,135,44,46,48
790,188,45,45,50
1148,29,233,233,250
295,483,72,73,58
856,121,44,47,49
1160,256,236,236,249
621,38,47,45,50
745,220,241,239,255
738,477,138,130,142
95,476,57,52,52
623,487,105,100,86
881,119,48,47,51
338,308,43,42,48
1083,203,52,55,54
709,211,238,236,255
1100,11,238,239,255
974,213,47,47,52
672,259,46,45,48
748,239,238,237,255
454,15,86,62,44
543,410,43,41,44
982,218,46,48,49
974,318,43,47,48
1166,95,238,235,250
961,280,46,45,49
588,196,234,233,255
646,348,42,45,47
876,486,173,160,102
798,98,51,47,51
98,364,38,41,42
906,481,52,49,54
558,403,43,43,46
979,142,44,47,53
576,217,233,234,255
572,471,113,105,90
1007,225,50,49,52
686,343,43,44,47
294,138,30,28,31
815,155,47,48,52
609,394,41,42,46
766,23,49,49,53
1061,257,49,51,52
346,302,43,44,48
1006,328,44,47,49
859,175,44,46,51
1106,447,231,230,246
89,171,127,107,115
538,232,76,63,83
830,294,48,46,50
1042,352,44,47,52
916,64,81,76,69
347,244,59,55,58
649,221,242,238,255
1029,225,48,48,53
218,300,46,42,45
507,81,24,24,29
1035,71,97,84,67
218,226,190,187,207
829,35,76,68,64
794,354,42,42,46
672,78,47,49,50
776,347,44,46,50
499,54,40,44,45
605,149,43,43,48
422,269,227,227,250
682,96,44,46,47
1113,325,233,229,246
391,476,53,50,49
193,328,41,43,45
804,82,46,46,49
1154,156,234,233,250
158,113,36,30,34
701,332,44,46,48
199,231,193,189,210
913,7,120,75,65
953,35,98,73,62
149,72,163,150,172
429,280,49,48,50
299,424,44,44,48
1102,26,240,237,255
1055,431,47,47,52
241,203,179,177,197
1141,419,230,229,246
882,365,44,49,49
832,92,46,48,49
264,168,187,183,205
361,359,45,42,46
599,146,45,45,49
272,40,137,137,155
53,345,38,40,41
37,318,36,35,39
531,179,219,220,245
821,16,77,73,67
1137,21,232,228,246
1064,369,52,50,56
406,337,40,43,46
492,450,156,158,176
682,57,47,49,50
884,364,47,47,51
35,363,43,42,48
878,441,46,50,50
218,109,39,40,44
1057,430,48,48,53
24,48,64,63,65
199,334,45,44,46
244,407,44,44,46
258,460,98,87,61
730,187,225,227,246
950,189,49,47,51
1042,53,119,111,100
884,322,46,45,48
762,319,39,44,49
551,4,88,77,58
1007,61,72,62,58
276,141,30,26,28
956,83,47,48,50
379,126,33,35,39
713,483,149,138,150
270,188,184,183,202
957,83,47,48,52
301,244,202,197,220
996,215,50,47,53
574,10,97,81,60
1025,280,48,49,53
211,90,141,138,165
892,431,49,49,52
493,169,22,19,19
36,443,50,48,53
442,91,42,41,45
495,317,40,44,47
456,225,230,231,251
649,109,44,45,49
1071,213,51,53,57
958,317,46,47,51
802,132,46,46,49
1147,331,234,231,245
667,374,45,45,48
466,112,45,43,45
875,76,43,50,51
50,456,45,47,50
1053,417,50,48,53
405,332,44,44,49
98,433,50,50,54
1178,481,239,234,253
340,487,84,80,86
1050,169,48,49,54
671,495,108,81,59
714,230,99,82,118
1089,202,104,96,92
555,461,151,146,158
826,457,46,46,47
126,193,74,65,85
557,265,230,230,254
718,111,46,46,48
455,379,27,28,27
508,60,40,40,41
347,330,44,42,47
731,148,42,46,49
78,28,116,107,118
426,172,46,45,48
881,307,47,44,49
729,372,43,46,49
1151,297,232,232,247
1188,121,240,238,252
1024,294,49,49,55
929,323,50,47,49
718,27,67,55,55
982,170,48,47,50
854,471,47,48,53
1055,119,49,50,56
315,355,45,44,47
385,216,180,182,196
255,260,199,199,220
733,318,47,48,50
308,131,32,28,29
629,40,45,45,46
941,96,48,47,52
729,394,44,47,47
656,201,241,236,255
697,270,44,48,48
502,376,37,43,45
651,461,60,56,56
1179,75,238,238,254
104,490,45,48,49
112,134,121,37,39
1003,145,47,47,52
468,207,234,230,254
773,69,43,47,53
374,288,45,43,50
598,424,45,43,45
54,177,171,31,40
766,161,48,47,47
427,339,44,44,44
617,179,48,49,54
444,230,227,225,250
472,149,42,45,45
582,54,43,46,47
109,58,148,127,151
847,325,46,46,48
1151,338,231,230,246
513,389,43,40,44
241,368,42,42,46
384,216,205,207,226
201,327,43,43,45
951,288,45,46,50
1039,423,46,49,52
1075,184,143,136,91
288,411,40,44,47
186,299,42,40,43
871,348,47,45,51
1146,322,233,229,246
511,142,47,46,51
722,187,240,239,255
672,98,44,47,48
645,440,45,44,47
805,382,41,45,46
996,315,44,46,50
184,123,149,159,167
390,317,45,44,46
276,433,62,60,51
750,138,46,47,49
575,407,41,42,46
973,407,44,46,49
562,227,140,136,122
569,156,46,44,48
494,310,46,48,49
153,305,38,37,37
1083,76,57,57,59
428,34,34,33,35
594,13,57,50,55
895,475,46,49,51
982,290,45,46,50
1150,326,232,231,247
96,12,107,102,114
164,482,48,48,50
931,244,45,47,51
764,300,47,45,50
333,149,33,32,35
777,177,48,47,49
82,332,35,36,37
247,123,34,26,30
470,220,75,58,86
7,285,35,33,36
255,288,42,44,42
885,210,44,45,48
742,192,236,239,255
764,460,48,48,50
657,269,50,44,49
890,495,177,163,104
522,156,39,44,47
513,331,41,41,45
154,7,36,32,34
745,78,44,48,48
771,381,43,44,47
123,449,52,46,50
375,251,215,215,237
1013,187,44,49,52
773,244,238,238,255
23,311,35,35,38
792,432,47,47,52
110,169,142,148,163
684,488,117,88,64
85,97,152,23,35
543,470,139,140,146
309,216,193,189,209
695,73,50,44,50
347,128,28,30,34
382,174,51,49,55
640,3,49,49,53
831,18,88,82,79
949,411,45,46,50
720,222,240,239,253
659,70,46,46,48
928,239,48,48,52
502,225,219,216,238
1035,224,49,50,53
370,288,47,43,49
1197,321,238,235,252
315,438,78,74,54
1057,146,49,48,52
863,476,50,49,52
142,303,38,32,38
527,460,161,157,171
1024,337,47,47,54
651,468,64,57,55
918,187,42,49,52
456,329,80,78,83
123,337,34,36,40
444,252,113,109,106
530,90,46,44,47
459,193,227,226,247
454,332,64,67,64
552,140,42,44,47
856,499,129,120,73
424,320,44,44,50
137,58,149,133,153
239,201,86,77,91
592,100,43,44,47
650,394,45,44,49
135,340,39,37,39
982,9,114,86,63
1158,169,235,233,252
561,431,40,43,44
337,78,35,27,31
571,479,133,124,111
616,238,236,235,255
1134,286,226,227,244
584,439,152,150,142
572,449,112,108,106
64,88,149,49,67
881,407,46,46,50
900,76,47,48,50
94,141,161,29,38
187,9,156,64,94
362,238,188,192,214
221,240,75,69,92
730,335,43,45,49
239,338,42,40,48
180,19,156,27,38
1189,490,239,234,252
668,85,47,46,50
1152,132,235,232,249
580,30,44,45,48
1030,384,45,46,50
542,9,86,76,54
757,467,115,114,83
396,445,204,207,224
1149,366,233,233,247
613,308,45,46,48
184,271,208,207,229
83,322,31,33,36
445,351,48,44,50
1038,181,48,50,52
1046,313,45,48,53
393,242,211,213,235
740,61,48,47,50
1072,363,55,51,58
1140,92,231,230,245
151,352,41,40,41
884,73,44,47,51
632,443,52,48,50
275,15,102,105,118
512,82,30,32,33
1181,345,237,236,253
130,64,159,142,165
564,423,41,43,44
1108,433,236,234,248
782,238,232,231,252
983,408,47,47,51
132,462,46,48,48
162,353,41,42,43
996,220,48,47,52
1131,69,227,225,243
964,443,49,49,55
934,343,42,48,49
707,493,117,98,74
908,455,45,48,49
1198,298,240,235,253
939,246,42,46,51
87,38,125,112,124
337,413,39,43,45
594,234,234,236,255
490,26,78,56,48
410,223,222,221,242
250,358,47,41,47
310,383,44,44,46
370,294,43,44,48
780,470,169,162,171
449,340,44,48,50
29,317,38,39,41
119,362,40,40,41
1006,189,46,48,53
912,150,46,48,52
1160,252,239,234,251
1124,398,232,228,247
679,263,46,47,51
1117,51,233,230,246
1024,64,113,100,88
557,346,42,43,48
633,5,51,51,51
559,207,225,229,249
849,88,47,48,51
56,138,156,26,32
721,443,47,45,48
650,2,48,51,50
1004,428,46,47,51
521,223,154,151,160
1058,255,42,49,51
667,89,46,46,48
865,162,49,46,51
160,374,40,41,45
292,161,41,37,37
770,170,45,47,51
410,481,81,75,68
662,66,44,46,47
1023,435,46,47,52
335,24,38,31,35
1118,241,231,230,248
35,23,64,66,67
362,162,41,39,42
1176,233,240,237,253
443,391,66,65,69
95,143,162,29,36
511,159,46,46,48
817,109,46,47,48
1042,253,48,49,53
1048,178,51,49,55
924,228,48,47,51
200,82,204,196,216
949,13,118,79,65
32,121,148,24,32
647,256,43,46,49
885,175,47,47,49
996,324,44,45,49
220,441,48,46,50
412,291,44,46,47
673,129,46,44,48
990,474,49,48,54
897,431,122,129,153
1047,183,49,47,51
542,303,45,44,47
541,129,44,45,46
35,368,46,43,45
945,275,46,46,51
128,338,41,39,43
612,294,45,43,47
746,297,47,42,47
439,129,42,42,46
248,146,28,28,31
1006,336,47,47,50
875,217,56,53,57
162,10,158,141,161
986,120,50,49,53
1014,42,103,81,62
584,480,102,89,72
153,491,47,46,47
110,399,45,44,45
195,486,45,46,48
1076,8,106,85,65
818,191,45,47,50
176,362,42,43,46
607,48,47,43,47
437,23,34,34,37
642,481,151,146,160
1161,20,238,235,253
300,1,205,208,228
665,104,44,46,50
785,467,123,115,109
277,43,39,41,46
91,67,143,123,145
645,169,47,49,51
164,290,38,37,40
1158,492,234,231,248
934,124,46,49,52
1133,342,230,229,242
563,35,37,45,44
657,241,53,51,53
965,202,43,48,48
998,390,44,45,52
487,300,48,47,49
391,302,42,45,47
1155,69,234,232,249
628,31,48,48,51
668,361,45,45,48
168,235,91,85,118
128,357,37,39,41
1186,385,241,236,250
892,73,48,50,50
694,479,121,99,68
450,316,43,47,50
742,450,44,46,49
535,388,42,42,44
1034,83,69,63,58
1138,136,230,229,243
613,485,147,144,161
96,292,35,34,36
660,433,43,43,46
926,297,48,48,51
954,261,46,47,52
272,458,79,74,56
1127,318,230,227,243
702,83,42,45,49
30,18,225,223,249
932,109,48,47,52
226,171,185,182,203
429,58,27,35,35
456,496,113,107,65
437,347,45,45,48
750,275,49,48,51
257,41,209,212,231
682,487,116,90,66
1067,108,47,50,54
751,153,43,45,50
236,190,187,183,204
76,34,116,103,113
1005,191,47,48,52
433,131,41,41,46
1094,181,249,249,255
1171,284,238,237,254
752,301,44,45,48
619,327,47,45,48
476,167,46,46,48
938,461,46,47,54
1,311,39,39,41
656,0,52,50,52
859,77,45,47,49
29,445,49,49,51
76,304,34,33,35
451,328,49,49,53
962,385,47,44,50
678,187,238,236,255
729,63,47,46,50
916,237,105,114,183
540,93,42,44,47
325,429,71,66,52
7,378,46,45,48
1157,247,231,233,248
1086,274,65,64,60
957,264,48,47,49
912,403,44,44,52
305,423,41,42,44
248,437,70,69,57
224,273,207,205,225
969,57,78,61,55
398,490,56,52,51
911,439,51,47,53
994,336,49,47,51
465,135,42,42,45
320,77,32,23,27
486,456,172,172,190
492,290,49,46,47
440,259,231,231,251
822,64,46,47,50
610,3,49,49,51
27,24,225,222,249
769,293,42,46,49
77,277,39,31,35
863,365,46,45,49
321,234,148,151,161
625,391,44,42,45
701,487,131,108,78
681,292,44,47,46
904,338,45,46,48
191,130,40,41,47
1002,438,47,48,51
646,333,46,45,45
464,342,48,44,43
1194,206,241,237,254
910,71,49,51,55
446,174,42,43,49
218,338,44,43,42
1010,273,47,48,50
253,150,31,27,29
214,191,177,175,197
11,398,45,45,50
521,470,132,130,136
32,315,40,37,41
817,422,49,51,53
339,156,35,34,37
373,190,201,199,220
707,468,138,123,102
248,470,97,93,58
510,71,16,20,23
148,74,162,148,171
554,324,41,42,44
861,140,47,48,48
487,229,194,190,203
853,450,46,50,50
183,437,47,49,50
857,387,46,44,49
667,435,40,45,46
987,363,43,48,51
1181,316,236,237,253
295,95,35,26,30
23,415,54,53,51
1145,182,232,232,249
1160,449,234,230,249
771,475,160,156,171
420,468,157,150,150
851,478,155,146,95
763,38,54,50,52
1145,407,233,229,244
958,380,43,44,48
57,191,42,31,34
490,327,42,45,44
727,226,67,58,91
1049,258,46,50,53
131,289,36,32,34
453,259,234,234,255
349,87,31,25,28
639,180,235,235,255
160,490,49,48,51
85,57,178,182,194
752,15,51,50,53
767,218,145,137,119
82,423,55,51,52
390,17,35,30,28
431,92,40,41,42
527,474,146,145,150
1145,436,232,229,245
17,414,57,56,57
435,293,42,46,49
893,374,48,46,49
543,129,44,45,46
986,43,105,79,61
429,115,42,40,44
126,155,151,147,171
325,252,205,206,224
350,281,42,44,45
84,20,112,100,108
50,278,32,27,28
309,101,29,25,27
594,284,50,45,47
517,17,64,55,49
792,462,48,48,49
266,17,35,28,35
1001,105,47,47,53
956,472,47,47,51
417,423,37,44,48
926,336,50,45,52
1056,342,52,48,54
521,149,43,46,47
585,48,44,44,47
1129,179,231,228,246
787,435,46,47,51
807,63,48,46,50
585,222,233,235,255
1188,49,240,236,254
929,398,49,45,50
603,396,44,45,45
684,199,239,237,255
84,389,43,43,46
899,483,54,51,53
216,147,30,26,27
307,70,34,29,29
310,285,45,42,45
98,289,35,30,33
252,342,41,43,48
833,411,46,48,52
642,314,43,46,46
848,6,97,93,89
265,41,205,207,229
251,444,52,53,52
520,365,41,43,45
929,234,47,47,52
918,369,44,46,50
475,120,43,42,46
665,242,50,48,52
345,431,78,72,51
1021,359,43,47,51
83,298,37,30,34
505,220,216,216,237
281,232,85,76,91
742,270,49,48,52
704,12,47,50,51
150,62,149,137,157
670,81,47,45,50
97,111,171,77,92
514,223,220,219,243
834,98,47,48,49
191,51,167,40,59
189,285,47,45,47
684,95,46,46,47
70,361,41,42,40
61,148,175,114,139
1064,357,49,51,53
20,152,167,31,40
729,223,58,57,58
245,142,32,27,28
368,154,41,38,38
297,124,34,29,28
196,334,43,42,45
952,36,105,78,62
416,169,40,43,45
927,385,48,46,50
887,53,106,103,100
1096,293,237,235,252
72,349,41,38,39
903,268,241,240,255
118,474,49,50,49
1033,444,48,48,52
223,196,185,182,204
126,7,120,112,124
998,461,50,51,54
443,71,44,38,42
440,374,46,45,48
1130,389,230,228,244
938,317,46,47,49
1016,248,49,46,52
608,16,53,51,52
1008,87,48,49,53
938,251,45,47,50
676,360,43,44,49
875,305,45,47,53
660,57,46,47,47
1030,259,44,49,53
898,18,97,93,88
930,399,45,45,51
444,346,44,46,49
814,234,238,237,255
1012,159,49,49,53
956,153,39,48,51
566,35,42,44,46
77,339,40,37,39
206,328,41,41,45
487,354,44,43,45
177,162,34,37,42
4,292,35,35,38
141,303,36,32,35
816,329,44,47,48
484,495,117,106,55
736,188,227,231,252
905,372,45,44,50
480,137,40,44,46
28,458,49,49,51
1141,439,227,226,244
529,190,221,222,245
816,365,45,46,48
481,124,44,43,46
315,275,42,44,47
852,105,49,47,51
869,123,46,47,51
1002,67,59,56,56
383,38,35,24,28
994,154,46,48,53
326,52,33,24,29
597,406,37,43,44
898,44,113,108,109
452,476,182,183,204
295,412,41,46,45
1154,257,237,234,249
1160,234,240,235,252
99,219,211,211,237
889,82,42,50,50
997,461,51,49,54
665,336,43,44,47
804,188,49,46,52
619,348,45,44,43
222,305,41,42,45
557,135,43,45,45
1018,418,47,46,53
361,84,28,27,27
53,401,43,44,48
948,214,47,48,52
793,75,46,47,51
1010,250,50,48,53
194,491,47,45,48
527,61,43,43,48
665,358,41,44,45
265,367,40,44,48
971,19,102,76,62
660,495,102,76,57
271,415,41,43,48
923,93,46,50,48
35,192,83,84,95
1085,206,56,56,59
354,282,46,44,50
373,323,45,43,48
483,17,70,54,46
634,387,40,42,44
907,478,48,48,52
932,219,45,47,50
647,482,87,66,59
695,56,43,47,50
422,116,44,41,41
1188,260,240,235,254
148,469,49,49,51
623,71,43,45,47
31,17,227,224,247
524,426,44,41,46
4,392,43,46,50
132,19,165,170,181
345,212,199,198,218
384,394,42,43,46
979,466,46,47,51
581,341,42,44,50
568,415,38,42,45
97,165,34,25,28
406,202,213,210,234
1162,50,238,235,253
200,354,43,41,45
848,418,151,147,162
533,315,45,42,48
801,151,45,48,50
34,246,39,30,32
783,416,50,47,53
1158,113,239,232,250
480,275,58,58,61
817,39,52,53,54
972,45,91,67,59
457,233,230,230,248
932,80,47,47,50
293,240,55,54,61
1129,426,226,226,243
123,161,165,166,190
671,107,48,48,50
271,30,212,211,231
652,244,48,46,49
1025,411,47,46,52
661,321,40,45,47
395,170,42,42,46
912,348,46,47,49
780,363,43,45,50
104,174,155,163,183
1188,102,241,236,253
402,322,44,44,49
530,406,44,44,45
1003,230,47,48,51
208,93,145,143,166
332,451,63,61,51
486,225,135,133,146
687,390,45,46,50
914,398,44,45,47
1058,224,47,47,53
576,410,38,43,44
917,210,48,47,52
413,384,41,43,47
822,163,44,47,47
1145,218,237,234,248
558,235,234,229,254
111,4,114,109,117
956,247,50,48,52
1032,152,47,49,52
365,433,59,52,48
914,29,126,119,114
146,445,45,47,51
324,476,106,102,106
1172,486,236,235,252
1024,59,166,152,112
762,257,236,235,255
606,474,162,158,162
711,270,47,44,50
397,477,52,55,52
850,445,46,49,52
171,76,160,149,168
419,109,39,40,42
1060,476,53,50,53
316,12,54,51,54
337,23,37,30,34
945,341,47,46,50
354,422,45,43,45
1175,397,239,235,250
997,371,47,50,49
1178,117,235,236,252
943,306,46,47,47
316,317,43,43,46
999,156,47,47,51
378,156,40,40,44
694,458,126,101,65
122,464,51,48,51
378,87,26,28,32
445,377,82,82,86
1086,329,137,124,152
464,42,41,38,42
772,172,45,47,51
763,349,43,45,48
1169,85,239,236,254
640,289,48,44,50
48,254,39,30,32
128,39,154,136,158
411,86,35,36,39
449,248,230,229,251
387,425,43,44,45
562,76,41,44,48
1155,309,235,232,249
678,333,46,46,46
907,375,41,45,48
1086,109,59,59,60
608,162,45,46,45
336,272,47,46,50
980,127,47,48,51
549,217,231,231,255
902,454,48,47,52
82,317,35,35,39
670,94,45,45,48
510,227,223,221,244
1151,399,233,231,247
610,123,48,44,45
441,67,42,39,41
1074,35,110,100,107
844,105,48,47,53
1014,103,50,49,54
932,431,146,148,147
1078,206,49,53,56
405,277,45,47,52
7,467,53,49,55
922,383,49,46,52
527,96,44,43,47
101,201,210,207,236
887,240,241,238,255
1078,252,248,246,255
1100,450,232,233,251
917,245,52,57,71
958,337,46,48,53
1045,499,45,50,53
1142,142,234,230,246
1036,445,47,49,51
371,428,44,42,46
169,147,38,37,45
672,268,45,44,49
822,315,48,45,49
214,148,29,29,26
86,321,34,33,33
185,174,193,187,211
488,217,190,186,202
519,113,46,44,48
281,296,44,43,46
572,397,45,43,46
701,360,44,44,50
739,4,48,48,50
388,379,43,43,47
648,304,45,44,46
1170,459,238,235,254
854,99,46,47,50
1030,453,48,49,52
935,3,165,131,106
1064,184,54,51,57
1169,208,238,234,254
901,81,47,47,52
153,165,46,45,50
1073,69,68,63,62
1145,299,234,234,251
580,28,45,46,48
593,155,43,46,50
440,285,45,43,48
510,334,41,41,45
821,310,50,48,50
429,243,223,223,243
572,260,233,234,255
482,175,46,45,50
788,114,47,46,50
52,117,151,20,33
661,100,44,46,48
90,462,77,71,66
116,313,33,32,34
745,261,239,235,254
1043,118,50,48,51
631,443,54,49,51
1086,252,254,252,255
772,479,156,153,163
754,235,237,240,248
969,347,43,45,50
621,405,42,43,47
811,204,50,48,52
727,212,201,199,242
976,450,74,63,53
1178,393,237,237,250
1188,166,237,238,252
1001,80,57,54,57
301,286,40,46,45
2,59,22,22,23
28,160,169,31,38
488,412,40,44,49
469,253,194,194,215
701,295,42,43,47
822,32,64,61,59
144,54,139,123,142
592,96,42,46,47
642,344,41,45,47
313,294,42,42,43
129,479,44,47,50
492,307,47,46,47
445,230,227,226,250
510,394,40,42,43
724,144,44,44,48
832,411,46,46,51
870,455,49,47,51
100,173,51,25,54
112,409,42,44,47
115,158,198,189,211
723,30,102,65,59
954,155,41,47,49
716,342,48,46,49
615,212,235,232,254
186,99,158,160,181
1055,464,53,51,56
545,413,41,42,43
809,497,158,157,168
696,102,47,47,49
620,493,108,104,90
678,443,41,44,47
323,352,39,42,47
838,20,91,89,83
1193,248,240,235,254
486,152,44,43,47
884,323,46,46,51
1138,255,228,228,244
256,94,32,34,38
723,391,45,46,48
150,357,39,40,44
176,135,41,43,48
771,18,50,49,55
344,428,47,43,46
683,230,237,236,255
228,133,35,26,31
496,217,210,211,231
1132,88,227,226,241
1123,79,228,228,242
1116,153,233,232,248
978,101,50,47,51
831,310,46,47,50
592,405,39,43,46
1012,313,44,50,50
965,134,43,47,51
53,430,53,50,53
1099,156,248,243,255
1124,290,230,227,244
976,488,46,47,50
500,446,169,170,187
891,358,47,48,51
1001,11,126,92,70
846,465,51,48,51
824,333,45,47,49
691,11,50,48,52
878,211,48,48,50
164,2,96,77,104
903,257,240,239,255
853,321,46,47,51
317,97,33,26,28
909,307,47,47,47
526,412,43,42,44
751,55,45,47,47
788,121,47,45,51
262,94,35,32,34
297,88,35,27,29
731,219,57,56,58
956,43,101,75,60
694,94,44,46,48
1128,458,228,225,238
693,266,45,46,49
528,447,136,130,141
90,155,49,27,27
916,7,120,77,62
456,114,42,42,44
775,314,48,45,49
506,358,42,41,44
385,249,94,92,113
866,213,50,50,52
842,214,87,83,95
988,473,47,47,51
40,95,33,31,31
430,468,80,80,88
339,115,27,29,29
203,207,191,187,207
242,29,196,185,209
907,119,45,48,53
241,69,158,151,174
358,344,47,44,47
672,218,229,235,255
258,457,88,82,57
239,441,50,52,50
5,215,35,27,28
823,418,49,54,54
776,174,48,46,51
605,158,47,46,49
1000,485,47,50,54
752,214,133,128,155
66,159,164,31,35
931,310,42,45,47
38,453,49,51,52
337,403,41,43,45
467,487,122,117,87
615,332,42,42,48
991,444,56,43,55
588,33,41,44,49
9,99,136,23,30
776,63,49,48,48
625,216,232,232,249
552,179,229,230,251
604,118,51,45,49
499,453,154,156,165
845,334,46,47,50
726,12,50,50,52
572,226,233,231,255
522,26,62,46,39
386,333,43,42,47
194,134,37,36,41
1135,432,231,228,241
954,418,45,47,49
885,5,77,71,64
438,468,48,38,24
152,439,48,49,49
762,374,43,45,48
1026,333,47,47,49
935,177,45,46,52
845,358,45,45,53
1101,110,239,235,251
882,441,49,46,52
547,108,46,42,46
911,254,238,237,255
300,151,35,27,32
1174,214,243,237,252
1027,391,47,46,52
1045,217,47,50,54
632,478,194,189,205
473,281,37,40,36
748,13,48,51,50
455,181,47,46,49
614,444,187,199,221
25,29,228,223,249
242,91,46,47,52
565,289,45,42,47
689,392,52,45,47
518,1,106,86,69
91,318,41,34,39
368,204,58,50,57
649,209,232,238,248
1093,440,238,236,253
229,309,42,42,45
373,458,90,61,55
280,286,45,43,46
1030,293,50,51,55
920,66,80,73,64
492,54,41,44,46
1141,28,233,229,246
975,108,48,49,52
390,77,27,28,30
749,144,48,48,49
182,268,206,206,226
38,55,114,105,120
178,75,131,117,134
554,394,38,42,44
424,188,219,217,236
416,116,40,39,41
233,37,33,28,29
466,231,227,226,248
170,316,39,38,40
69,377,43,41,45
594,457,141,134,139
