x,y,R,G,B
1116,354,233,231,248
682,150,45,45,47
864,441,45,47,50
875,416,46,48,51
315,312,43,43,48
104,448,45,48,49
893,327,45,45,47
1029,417,49,47,53
164,245,202,205,223
596,32,43,45,45
785,239,106,119,148
929,378,49,46,49
610,400,41,42,44
1040,464,46,48,53
154,155,48,47,54
782,456,48,49,51
637,159,49,45,47
194,478,46,44,49
4,239,35,28,32
39,57,110,103,111
53,316,39,35,39
228,127,31,28,28
255,169,190,186,208
1033,477,47,49,52
1077,187,241,244,251
896,7,111,102,82
1133,393,235,230,244
260,274,43,44,49
1036,136,48,50,53
228,136,30,28,28
471,199,233,229,251
998,16,124,94,68
183,341,40,41,44
517,442,135,130,142
698,426,44,45,48
233,187,186,183,202
664,285,45,45,48
23,490,62,57,54
791,359,46,45,51
653,404,43,44,46
944,274,44,46,50
168,173,196,193,215
312,327,42,42,45
677,168,50,47,51
452,181,45,44,50
386,121,39,36,39
682,50,46,45,48
43,232,34,31,32
802,302,45,47,48
433,413,48,48,55
310,229,195,193,215
920,446,126,133,185
304,396,41,43,45
478,167,45,45,48
908,14,164,109,69
527,385,44,43,47
585,409,41,42,45
509,376,46,44,46
793,14,52,50,53
472,468,178,179,196
141,246,208,205,229
671,95,44,47,45
752,20,48,49,52
169,307,38,35,41
951,417,47,44,50
383,72,32,25,29
506,478,109,103,73
691,241,103,102,125
1050,231,46,47,53
674,136,44,45,48
994,120,51,47,50
832,479,177,171,176
240,166,186,181,201
209,276,208,207,230
1054,229,50,48,50
675,300,47,45,47
698,307,45,45,50
304,113,28,25,23
553,414,42,42,45
614,489,113,112,98
608,279,45,43,48
290,169,185,184,205
743,157,47,46,55
232,105,32,34,41
428,431,45,47,50
174,342,41,39,45
210,209,50,43,50
316,7,64,58,54
1195,292,237,235,252
1068,153,51,50,54
1055,237,46,49,54
1145,196,232,229,244
811,142,48,45,48
265,462,108,98,67
261,193,63,53,76
168,329,41,40,38
430,18,32,30,32
365,376,42,43,46
366,65,29,24,28
1058,75,83,70,61
468,162,44,44,49
199,33,161,35,47
621,434,43,44,49
245,482,73,68,55
63,81,30,28,33
957,341,46,47,49
42,376,44,46,44
598,46,43,44,48
743,152,48,47,51
1001,202,50,47,51
33,156,167,30,36
143,442,48,50,51
1015,264,49,49,49
313,296,46,43,47
866,57,104,86,63
277,434,64,62,51
577,180,226,226,245
628,378,40,44,48
520,332,39,41,44
111,63,149,130,155
857,220,239,238,255
981,103,46,48,52
15,455,47,49,51
1055,329,47,48,50
944,392,43,44,51
225,21,176,163,185
120,322,37,34,36
184,192,189,185,206
838,268,51,50,55
777,91,47,45,51
1146,269,233,230,245
780,219,240,236,255
728,125,44,47,52
1128,67,229,227,243
1018,65,104,90,82
348,13,42,37,37
462,386,50,51,54
627,173,162,163,168
1041,408,49,49,54
118,356,40,41,42
1166,227,235,234,250
571,233,233,235,255
867,348,44,46,50
399,230,216,214,238
55,419,53,57,50
1109,59,231,230,249
308,156,26,30,33
1130,440,226,223,241
278,161,38,37,39
241,117,32,27,28
669,49,43,46,49
944,16,121,86,64
196,217,191,188,207
1115,324,233,228,243
1047,33,102,81,64
659,361,40,44,47
1116,246,229,230,245
975,417,46,45,52
908,295,50,48,50
216,349,42,43,47
194,167,41,32,36
1187,426,236,234,251
825,298,43,45,52
489,146,45,46,48
418,68,35,35,39
1130,37,228,228,242
647,468,94,90,115
110,199,225,225,254
249,444,60,60,52
893,186,44,46,51
445,217,187,184,213
182,250,199,201,221
819,64,46,46,50
780,159,48,47,50
545,54,41,44,45
35,494,63,58,54
264,159,38,27,33
1083,355,253,250,255
529,464,163,163,176
666,327,42,45,45
607,231,237,233,255
796,480,161,157,175
632,476,193,187,204
150,226,201,197,217
893,28,91,86,89
1132,247,229,229,244
147,349,37,39,41
764,172,46,46,50
1093,160,247,244,255
54,492,84,78,71
139,377,39,41,43
112,221,201,201,224
1087,257,252,252,255
186,54,171,158,179
899,28,95,87,77
883,66,59,57,59
316,223,193,192,216
675,17,50,51,54
521,264,222,222,247
110,335,38,36,37
1141,189,233,231,248
1022,79,95,83,70
816,493,165,156,151
454,345,79,78,84
1104,336,238,233,255
603,316,43,44,48
399,177,43,43,46
1035,201,48,49,53
697,338,45,44,48
79,318,34,32,34
864,188,48,47,51
1138,444,231,228,241
280,142,30,28,34
55,311,40,36,39
691,93,46,46,51
1080,133,55,54,59
985,58,110,89,73
66,456,50,48,51
916,238,98,106,173
218,419,41,43,46
243,426,78,77,54
482,260,200,196,217
565,322,44,43,45
12,257,32,28,31
1104,61,238,236,253
1103,495,232,229,247
557,497,129,123,108
372,196,200,199,222
215,82,112,112,126
679,6,51,49,52
1027,493,48,50,51
906,428,53,44,79
228,355,42,44,46
25,273,31,27,28
406,100,40,38,41
1152,88,236,234,249
681,310,45,45,50
664,473,99,76,59
732,417,45,43,47
722,372,45,44,48
495,373,43,42,44
668,95,42,46,47
455,225,230,229,252
888,275,46,50,54
923,112,49,48,52
484,222,145,141,142
259,171,190,187,207
891,104,47,47,51
560,261,233,232,254
459,482,185,188,207
311,320,44,43,45
1065,38,112,103,107
168,303,37,35,39
387,453,191,199,222
628,336,46,45,45
980,123,47,48,49
545,4,85,75,57
468,46,42,41,42
1176,83,236,236,252
1079,341,53,55,58
560,357,42,43,45
556,287,45,45,46
937,458,44,47,52
223,321,46,42,45
853,253,239,240,255
490,398,43,43,47
1074,448,55,51,57
1049,423,51,48,54
54,424,55,57,53
817,86,48,46,52
840,61,48,49,52
278,404,40,44,44
489,209,172,174,187
365,27,37,26,29
207,442,45,47,50
325,352,45,45,47
446,1,51,42,37
268,182,190,188,206
9,320,38,38,39
1175,312,236,235,248
25,299,36,37,37
1066,364,49,50,52
236,346,43,43,44
359,420,41,42,46
733,245,239,235,254
47,405,43,44,50
59,449,49,48,52
142,438,50,47,52
1030,254,51,48,54
1132,138,228,227,243
60,207,79,72,86
46,264,31,29,27
192,291,38,39,43
286,363,41,42,44
2,403,46,47,52
677,39,45,46,49
159,232,99,82,102
227,289,47,41,49
714,9,62,53,56
808,26,51,51,54
619,284,41,44,45
248,360,43,42,47
25,136,155,26,33
772,156,44,45,50
198,306,43,42,41
943,367,46,44,49
475,307,53,54,60
926,436,57,54,72
943,85,49,49,52
331,37,52,44,45
947,482,46,46,50
1029,391,49,48,51
607,430,45,42,49
616,444,188,198,219
1111,2,237,235,253
17,104,143,18,31
1046,330,47,48,52
327,95,34,26,29
211,102,49,50,57
790,443,50,47,50
1146,400,232,228,245
758,2,47,48,52
1018,292,46,48,48
772,180,50,47,48
377,404,44,42,46
936,204,51,47,48
25,357,41,42,46
687,0,51,51,51
983,381,46,47,51
173,376,42,44,45
685,371,45,45,48
510,20,91,67,55
664,382,43,43,46
513,72,35,35,37
894,490,171,155,85
377,88,33,28,30
149,289,41,38,38
789,279,193,198,247
781,173,48,49,52
943,1,127,86,66
717,130,47,44,50
415,449,108,99,105
328,205,165,162,185
1130,369,228,229,243
923,55,92,93,83
711,389,45,46,49
224,253,197,197,219
1093,119,182,173,143
160,256,207,206,228
1093,210,246,249,255
1085,237,52,55,58
637,464,120,118,136
178,103,203,195,219
998,238,48,47,53
1152,106,233,232,250
966,63,55,53,56
1185,390,239,235,252
720,235,240,239,255
1169,92,239,237,254
508,85,21,22,24
854,52,101,82,63
98,403,48,45,48
477,456,174,181,200
1113,265,232,230,248
85,109,150,27,33
809,446,47,45,50
700,88,49,47,49
1139,497,228,226,242
591,163,44,45,47
638,353,41,44,44
733,472,154,148,161
1128,228,230,227,244
1187,346,236,235,251
978,229,49,47,49
359,102,30,27,31
1089,190,255,255,255
864,159,48,47,51
640,167,47,48,51
1190,395,240,236,254
385,155,36,41,43
325,167,37,39,39
896,41,108,105,101
731,155,45,47,50
850,61,50,50,52
269,221,186,186,205
1066,6,100,79,64
305,23,47,45,51
452,474,182,185,202
653,106,44,44,45
469,346,53,55,57
454,270,239,234,255
775,347,44,44,49
75,473,87,71,67
652,230,239,239,255
102,440,45,48,48
367,139,37,37,40
509,269,50,52,55
15,336,42,41,42
26,400,41,45,48
1129,81,226,226,241
1133,6,231,230,244
742,372,45,45,47
843,30,87,83,79
16,405,51,43,51
649,308,46,47,49
855,408,46,45,47
1085,355,254,251,255
962,286,45,47,50
868,86,50,47,53
684,40,49,46,52
339,439,74,72,55
695,46,46,45,48
1037,230,47,48,51
271,369,45,42,47
846,474,50,51,50
144,421,49,47,51
329,49,35,25,28
216,344,39,43,45
669,360,43,43,45
493,397,40,41,45
1109,468,233,230,248
998,52,101,75,58
468,166,47,43,47
579,327,43,43,47
809,162,48,47,51
1164,141,236,235,249
416,112,38,41,45
510,59,66,63,64
1108,82,233,233,252
979,352,50,46,49
854,62,49,49,53
474,121,40,42,44
379,358,44,44,45
1158,83,232,232,249
453,316,46,48,49
1050,209,49,48,55
1083,411,52,54,57
673,276,47,45,49
1032,14,106,81,64
684,42,44,46,50
387,10,38,29,27
646,83,46,45,47
362,175,192,192,213
1009,430,46,47,52
8,57,25,26,32
975,170,50,47,52
954,11,114,78,64
253,73,44,46,50
240,280,208,206,228
953,426,47,46,49
891,93,45,47,50
1052,113,50,52,52
1123,36,232,230,247
577,88,44,43,47
444,144,39,45,46
747,55,46,47,49
86,306,33,27,32
574,39,46,43,46
658,30,52,50,53
163,232,149,152,165
89,336,35,37,38
317,137,27,30,33
975,342,48,48,47
959,322,47,46,47
1146,153,233,229,246
556,438,145,142,157
375,467,57,57,53
496,410,40,44,45
477,76,40,42,45
1124,30,232,228,243
551,405,42,41,41
1177,5,240,236,254
341,328,44,42,45
581,457,122,114,105
527,125,44,45,45
593,372,40,43,46
217,83,101,103,117
293,354,45,43,44
1121,15,231,230,246
88,297,37,32,34
639,458,194,200,220
915,424,46,47,48
737,429,50,44,49
918,224,49,47,53
1181,192,238,237,254
702,434,42,44,47
968,445,48,46,52
573,157,44,46,48
124,197,122,121,137
391,325,44,45,43
591,179,53,48,52
119,100,159,33,38
532,492,128,118,113
89,483,49,47,52
544,289,47,44,47
790,333,45,46,49
482,68,43,43,43
208,103,55,45,59
10,96,133,50,57
893,378,46,48,49
983,320,47,46,51
518,442,143,139,149
351,398,44,41,44
43,419,54,55,55
129,236,49,45,47
75,476,101,82,83
1089,466,239,237,255
442,219,219,212,227
958,95,46,46,53
921,301,46,44,50
902,180,50,47,52
511,327,41,41,45
67,385,49,46,48
673,433,45,44,47
701,278,44,43,49
818,398,51,47,48
90,267,38,33,37
1000,112,46,47,51
1136,178,228,227,244
103,384,42,41,45
605,467,119,113,99
162,281,211,210,234
715,237,239,239,255
387,139,43,39,43
158,22,157,142,167
892,291,44,45,51
946,307,43,45,47
491,441,167,166,183
510,7,79,60,48
374,11,44,31,30
467,261,205,205,228
264,275,41,44,44
693,238,236,236,255
893,65,88,85,78
188,150,36,35,39
222,88,157,157,165
542,22,50,47,47
913,386,48,46,51
80,129,171,108,119
1053,324,46,49,50
453,23,77,54,41
1180,236,239,236,254
339,460,95,91,80
786,98,47,46,49
377,114,37,33,34
868,440,45,46,50
645,313,46,44,50
801,66,47,45,50
1120,6,232,230,245
1010,346,47,47,49
158,76,160,146,167
1092,428,244,241,255
1157,145,236,233,251
735,50,46,45,49
879,3,91,83,82
305,78,38,29,29
435,54,43,34,38
226,72,107,109,126
735,3,48,50,51
723,103,43,45,49
241,471,95,94,63
1073,301,49,53,54
326,455,66,63,56
207,499,50,46,48
320,166,38,35,38
332,64,34,25,27
1037,32,107,82,64
548,163,42,46,47
374,322,43,44,49
1169,22,238,237,251
971,350,46,45,52
1113,135,232,229,248
1046,88,67,62,59
339,29,44,37,38
348,410,43,43,46
647,456,195,202,223
394,231,208,210,224
1126,496,226,226,243
249,3,181,167,188
244,365,43,44,47
785,450,46,47,50
719,16,112,75,60
697,272,44,47,49
1048,83,70,64,57
1043,334,49,48,54
942,489,55,51,52
1172,227,239,236,255
75,151,161,29,38
757,283,53,49,51
991,338,45,45,48
657,360,47,43,45
502,407,39,42,43
1049,397,50,48,54
616,207,233,232,254
466,282,81,80,85
406,145,46,43,45
25,208,35,30,31
452,426,59,64,66
942,332,42,45,48
958,414,46,46,48
1089,16,65,65,66
727,62,46,47,49
1111,442,230,230,251
413,27,38,30,32
778,310,49,44,51
617,309,46,46,47
63,286,33,32,33
1169,496,234,231,248
701,246,49,50,52
911,311,40,46,48
1001,235,45,48,50
623,479,181,179,187
596,350,43,42,47
303,208,126,125,138
4,140,165,29,36
997,33,116,91,66
914,83,46,47,51
712,300,44,44,47
592,236,239,235,255
473,477,166,175,191
544,54,44,42,47
1144,105,232,231,244
161,224,200,195,216
871,226,239,238,255
932,474,45,49,52
480,104,41,43,46
631,314,43,44,45
901,290,43,46,52
477,178,42,46,45
1143,2,236,231,248
997,2,131,98,70
365,68,24,24,27
199,378,41,44,46
285,40,45,44,50
58,109,151,22,36
750,419,43,46,46
1051,440,48,48,52
144,6,43,33,38
327,399,44,43,46
720,498,155,147,158
189,168,37,33,36
1174,493,236,234,250
1158,112,233,231,249
255,262,201,198,221
844,431,45,46,50
984,140,47,47,51
55,15,102,95,114
37,296,39,35,35
900,50,108,102,100
35,399,41,44,48
187,487,46,46,48
1143,5,234,231,243
716,405,48,46,50
792,223,237,235,255
80,160,162,33,38
403,285,45,44,47
173,230,94,77,117
788,74,48,48,51
667,304,44,46,49
1074,89,67,62,64
281,304,43,43,44
70,181,55,27,63
621,37,44,45,48
1105,16,237,235,255
490,115,47,42,48
353,55,29,23,22
141,217,191,190,212
1028,205,49,48,52
1109,265,233,230,246
713,189,241,236,255
390,270,214,219,243
120,163,157,154,181
934,232,46,47,53
823,403,47,45,51
796,408,72,68,114
867,161,48,47,50
377,479,64,57,50
94,475,81,77,70
475,164,43,45,47
1148,10,235,231,249
629,189,238,234,255
789,126,50,48,51
804,255,242,240,255
840,247,72,66,109
315,371,43,42,46
74,354,42,36,41
223,140,34,26,33
210,303,42,42,46
985,256,49,48,51
247,30,198,189,215
920,311,44,44,48
152,287,37,36,39
1132,393,234,231,242
250,164,185,184,204
931,268,47,46,49
355,380,42,41,44
853,226,240,241,255
380,410,42,42,49
699,106,44,45,49
787,248,242,241,255
228,53,207,197,217
1128,366,233,227,246
1193,381,236,235,252
1150,204,237,232,247
1198,123,238,236,253
391,112,35,34,38
136,386,41,43,45
759,451,44,47,49
27,314,37,36,36
1129,308,223,225,241
1061,146,52,48,53
124,4,115,109,121
170,470,53,48,50
876,72,48,49,51
1150,481,232,227,243
1174,469,239,235,250
35,4,228,225,250
1163,55,241,237,252
174,1,171,150,169
290,7,127,127,147
377,294,45,45,46
1172,424,240,233,251
163,157,40,40,47
76,399,40,45,46
967,452,52,50,58
352,331,41,44,48
516,261,221,223,247
152,408,44,42,46
294,388,43,42,47
31,187,107,104,110
873,471,48,47,53
83,225,52,49,57
251,363,40,43,45
983,380,46,47,51
188,231,83,76,73
49,427,53,52,52
646,272,45,44,48
979,442,158,160,169
928,247,49,46,51
987,205,51,47,52
1044,121,49,46,53
1054,242,51,49,54
179,406,43,43,47
504,279,46,46,50
72,469,57,52,51
1035,272,49,51,53
889,225,238,238,255
1029,30,99,76,61
334,429,63,61,52
784,483,161,158,173
1101,378,242,238,255
173,10,164,145,168
1072,381,133,126,92
1194,130,238,236,252
1147,456,234,229,245
314,186,186,187,206
920,160,49,44,52
368,187,201,200,221
400,313,44,44,47
587,383,44,43,47
528,1,67,40,34
24,164,173,33,41
266,126,27,28,31
589,394,42,41,46
500,164,44,43,45
220,217,188,185,204
489,119,43,42,48
1021,85,91,80,67
759,54,46,47,50
996,138,47,49,55
46,117,149,23,30
987,97,47,47,52
529,53,42,42,47
609,292,49,45,47
722,298,47,46,45
2,342,43,42,43
551,356,45,41,46
276,41,39,43,45
473,400,44,43,46
1038,366,48,50,55
303,347,45,43,47
383,213,208,208,226
839,285,44,44,50
273,401,42,44,44
182,422,49,51,51
394,452,191,201,211
790,76,49,46,49
327,441,60,60,51
796,346,43,46,47
246,431,86,87,60
394,65,29,27,31
265,332,44,44,45
468,111,42,44,44
445,429,28,20,24
349,363,43,44,45
957,204,48,46,50
884,391,45,44,51
97,292,36,34,36
751,475,147,147,138
969,121,43,47,52
319,270,50,49,49
922,450,58,52,49
25,272,33,31,31
283,223,189,185,207
454,367,23,19,16
749,421,45,44,48
259,98,36,32,31
737,438,44,45,50
51,371,42,44,46
901,280,49,49,53
663,344,45,42,48
430,17,34,29,31
271,416,41,42,46
712,290,42,47,46
978,307,41,45,48
1101,65,236,236,255
340,485,93,88,96
691,193,239,236,255
691,151,44,45,50
56,348,37,39,38
501,87,47,41,47
157,90,160,148,169
817,306,47,45,50
370,65,29,28,27
147,160,50,49,59
800,76,48,47,51
197,89,112,111,125
366,10,43,32,33
600,450,180,181,200
504,455,174,174,192
755,362,46,44,52
250,375,45,43,48
436,331,42,43,45
486,169,53,50,58
1154,166,235,232,249
197,308,40,40,45
1034,262,48,48,54
587,411,38,42,46
941,181,50,47,49
1063,98,50,50,55
230,398,42,43,48
15,197,83,81,86
476,4,57,47,41
780,184,48,44,49
724,35,112,71,61
40,489,80,72,57
749,406,52,50,49
322,453,75,69,54
1076,11,105,79,65
335,379,44,43,48
8,155,169,31,37
719,337,44,45,51
264,209,157,157,173
1029,230,48,47,53
717,40,70,56,52
246,359,44,43,46
407,317,45,44,49
42,197,51,48,56
496,75,39,44,45
1184,170,236,235,252
48,48,121,114,126
275,63,46,44,50
571,441,129,124,133
290,46,44,46,52
195,404,42,45,48
972,169,49,47,50
82,497,49,45,50
736,182,52,49,52
424,297,47,45,47
815,463,44,47,51
336,17,38,34,39
1068,267,50,51,53
896,55,102,100,95
942,319,49,46,52
1165,128,239,234,252
736,329,46,45,48
1169,5,238,236,254
471,400,41,44,47
740,62,46,47,49
880,28,110,106,109
651,433,43,45,46
33,386,42,46,47
867,213,49,49,54
153,58,134,118,139
172,249,201,199,219
411,225,225,221,245
96,142,161,31,39
406,438,81,82,83
348,314,45,43,47
458,367,42,40,43
539,89,42,46,46
793,183,46,47,50
899,121,48,48,52
1196,46,239,239,255
1085,289,250,250,255
770,64,48,46,49
836,443,48,48,50
515,157,48,46,48
437,475,54,36,26
969,456,54,53,97
701,42,46,45,50
411,414,44,44,45
849,202,46,47,51
905,70,51,50,55
1070,171,51,51,55
502,450,167,166,180
201,70,139,131,145
179,180,193,189,212
891,491,177,162,104
1049,86,65,64,59
540,65,44,44,48
870,483,165,155,87
1081,193,215,215,229
417,328,45,44,47
1064,216,52,49,53
746,387,45,44,48
836,109,46,45,51
841,219,240,237,255
1167,208,238,235,253
256,41,187,190,208
602,32,45,44,48
365,389,40,42,45
635,417,44,42,44
464,333,58,59,57
1121,277,232,230,247
1197,89,236,236,252
788,460,47,48,51
1105,168,242,239,255
265,182,188,183,204
929,333,45,46,52
930,35,199,155,100
342,373,48,42,47
707,153,49,47,53
372,351,42,44,46
893,38,110,107,109
961,83,52,49,54
501,376,37,44,45
365,175,193,191,212
973,326,45,46,50
596,197,234,232,254
838,294,48,46,51
1034,395,44,47,54
222,139,35,25,29
678,195,236,235,255
44,423,56,55,53
124,382,42,44,45
405,9,32,28,25
372,375,42,44,45
369,304,42,44,45
795,126,48,47,52
364,76,33,27,28
175,143,39,36,40
122,74,152,136,159
306,284,40,43,48
432,181,46,49,48
233,141,33,27,28
1159,396,238,233,252
538,340,43,46,47
1184,263,238,235,254
865,175,46,46,52
623,96,44,45,49
41,454,49,50,50
696,275,46,45,48
280,403,44,43,46
1110,496,228,226,244
437,465,29,26,25
136,354,39,40,42
293,479,86,79,66
1167,70,235,234,252
306,4,119,120,138
199,49,194,163,182
944,333,47,45,49
78,187,43,35,38
81,35,117,110,118
304,102,32,24,27
358,105,31,30,31
370,265,215,215,239
734,298,41,45,50
493,209,108,100,99
1148,431,235,231,243
491,311,45,43,47
836,438,48,48,50
1004,124,49,50,52
346,133,34,31,32
121,95,193,172,194
221,480,102,98,80
789,417,48,48,54
560,105,41,44,45
984,30,105,80,60
459,113,43,41,44
945,69,100,97,92
136,244,206,203,220
986,492,49,48,53
439,29,37,33,36
535,399,42,44,44
160,280,209,209,231
156,174,202,202,227
1124,410,226,224,243
442,37,51,40,41
188,359,40,42,44
462,477,181,186,203
56,453,45,48,53
27,300,36,33,37
1061,64,108,93,85
977,112,48,48,49
876,255,203,202,179
1125,418,228,227,245
725,291,47,44,49
610,436,45,45,47
1055,347,48,49,52
58,463,48,46,53
588,280,43,45,48
1112,216,234,232,251
761,10,52,49,55
286,98,33,26,27
1097,338,244,242,255
1152,388,234,229,243
58,161,166,31,36
489,204,178,178,188
66,129,154,29,37
1197,123,239,236,253
1009,304,46,48,51
989,173,46,49,52
984,172,46,48,51
644,386,50,42,54
871,131,47,46,52
826,261,111,111,136
940,163,48,48,54
60,87,193,191,210
487,218,196,194,209
753,394,46,45,51
654,240,44,50,51
740,312,46,45,47
1132,428,227,228,243
996,448,51,49,52
1165,308,238,236,254
597,142,43,43,47
799,175,44,46,51
894,423,50,48,54
588,121,43,43,45
101,353,37,37,41
16,105,141,21,29
194,53,197,177,196
1001,122,49,47,51
962,227,47,47,51
241,316,41,45,46
427,282,46,45,48
685,140,46,45,48
472,282,19,25,26
168,153,36,37,41
1053,175,49,47,52
323,227,196,197,219
13,326,43,40,44
660,82,45,46,48
329,417,42,44,43
507,129,42,40,42
822,63,48,46,50
1106,416,238,237,254
230,50,206,197,218
1122,463,223,225,239
28,285,36,31,34
807,261,162,159,227
1065,381,51,52,55
1049,253,45,49,52
62,180,51,27,24
288,147,35,28,29
260,221,191,189,209
0,155,175,35,40
199,73,207,196,218
562,277,42,46,51
983,485,46,50,51
1070,484,51,53,56
275,310,41,43,45
962,455,50,49,52
1013,122,48,50,51
585,97,41,45,48
1104,458,230,231,250
939,333,47,45,50
341,211,200,196,217
259,173,192,188,207
661,407,47,44,47
1175,90,237,234,251
752,82,46,45,50
565,397,43,43,42
786,184,47,46,47
393,153,42,42,43
297,478,107,104,82
376,248,212,212,235
349,264,211,209,232
440,114,43,41,43
958,152,42,47,51
152,238,170,162,195
1127,51,227,225,242
69,239,37,35,43
362,219,205,203,224
1137,463,226,228,242
665,422,42,42,46
134,185,216,218,241
1162,202,237,235,250
1053,35,81,70,66
357,167,38,41,43
847,19,92,88,82
295,475,121,115,90
521,19,22,24,22
271,11,43,34,36
730,441,45,44,49
832,460,46,47,51
902,480,48,50,51
625,107,40,41,45
1176,65,239,238,252
207,281,209,206,228
111,99,160,29,36
1046,477,51,47,52
899,156,45,49,50
654,130,46,45,51
503,63,47,44,47
162,484,42,45,47
486,163,41,44,49
812,280,48,46,51
15,105,142,18,28
1030,115,46,48,50
978,295,48,45,48
846,487,175,163,114
586,184,234,237,255
555,319,42,44,45
144,465,47,46,51
375,339,43,41,47
393,75,30,29,32
430,339,46,44,48
766,203,169,161,177
150,464,47,49,49
823,370,46,48,51
241,68,165,162,186
1078,255,244,246,255
241,458,81,79,55
715,300,42,45,49
607,423,40,44,48
37,136,158,26,36
1005,423,50,46,50
1045,368,50,47,54
601,112,45,45,45
557,78,44,42,46
1141,368,234,230,243
966,167,48,46,52
336,363,44,44,45
154,143,156,158,177
349,243,124,122,128
1124,86,226,227,242
112,155,194,190,212
151,267,212,209,231
484,158,43,46,46
645,197,237,236,255
148,344,36,38,43
503,89,50,48,51
71,298,29,31,29
96,103,158,30,37
923,285,47,50,50
47,149,161,31,36
930,355,47,46,54
18,152,166,28,39
773,85,44,47,50
534,456,148,143,152
865,230,239,239,255
998,268,47,47,52
861,323,46,49,52
83,475,96,82,85
908,252,241,238,255
226,388,44,43,46
659,358,45,45,49
968,486,45,46,53
81,438,48,46,49
627,114,45,45,50
873,229,240,239,255
527,7,64,42,31
280,232,159,157,173
336,444,72,70,54
1014,94,47,49,54
1087,362,255,255,255
1164,28,237,235,252
146,392,39,44,47
876,231,238,235,255
214,45,200,185,207
626,309,45,45,48
31,167,171,37,42
1034,221,46,48,53
43,322,39,36,39
1043,396,48,48,52
142,166,45,46,49
368,252,216,213,236
692,418,44,43,47
109,243,213,212,235
23,59,123,110,129
197,122,36,36,43
625,106,44,44,47
157,164,44,43,47
606,73,45,44,47
531,163,44,44,48
900,339,44,48,49
950,421,62,60,62
871,255,83,87,151
472,109,41,43,45
1137,335,233,230,247
89,100,152,24,33
1087,149,244,244,255
805,448,50,46,51
496,253,216,216,238
1022,97,49,51,52
165,385,43,45,43
222,105,32,38,41
599,257,48,48,52
769,174,48,47,51
1171,235,235,234,251
1101,3,244,243,255
67,1,68,63,70
606,278,44,46,47
35,152,164,34,38
458,497,107,102,61
285,423,46,44,47
1131,226,229,227,241
1027,236,44,45,53
460,102,42,42,45
434,8,35,29,31
896,445,45,50,51
1058,362,49,49,52
641,356,44,44,48
1028,225,51,49,51
412,127,40,42,44
699,204,239,235,255
115,426,61,62,75
1079,242,55,57,63
818,492,162,158,154
868,304,41,47,48
1054,369,48,50,53
1060,119,45,51,52
103,279,42,33,36
986,113,51,49,55
759,368,45,46,48
577,406,44,42,45
973,433,49,50,53
27,9,227,224,247
116,452,48,47,50
1186,142,240,237,253
871,81,49,46,50
885,495,171,162,113
1043,89,67,61,61
1135,99,231,226,244
315,26,45,41,48
209,7,180,153,172
697,371,44,45,48
1065,47,109,106,110
577,479,133,122,106
786,432,47,46,48
932,33,102,71,62
557,241,230,229,253
801,56,47,48,52
123,422,51,49,50
1157,437,231,230,248
473,121,42,43,46
930,180,45,47,52
153,9,40,37,41
627,96,45,45,48
74,79,148,66,88
246,465,70,64,54
804,19,49,50,50
1174,479,234,233,250
1085,135,56,55,60
568,302,39,42,46
1191,34,239,236,254
916,30,129,119,108
55,234,35,32,33
374,358,42,43,47
1120,108,229,227,244
111,315,38,34,37
1081,75,58,56,61
1160,204,240,235,252
364,161,42,40,43
83,183,204,201,222
902,313,47,44,51
298,240,194,192,212
547,14,58,52,49
1083,313,231,234,249
956,495,92,90,104
326,376,43,44,45
342,478,79,75,76
1154,485,231,229,247
1169,263,238,235,253
733,160,44,47,50
533,326,42,44,47
255,183,187,183,205
169,286,38,38,42
980,363,42,47,49
94,451,47,46,47
967,35,98,74,58
577,7,93,81,60
672,320,44,44,47
465,138,39,44,45
68,205,53,43,57
554,131,44,42,46
639,323,41,45,49
640,168,47,47,51
296,260,203,203,223
157,219,195,190,211
672,245,45,48,53
505,224,222,216,237
810,12,56,52,57
993,156,48,49,50
661,137,43,46,49
699,328,46,46,49
750,394,42,46,49
899,250,240,237,255
953,127,50,47,50
785,283,50,50,51
779,289,44,48,49
209,181,191,186,204
796,114,48,47,51
748,44,51,49,53
770,131,46,47,50
522,452,127,123,138
239,287,47,44,52
873,2,93,91,86
106,298,37,33,35
769,494,160,153,164
805,450,46,45,49
241,97,39,41,45
907,160,47,47,51
407,140,40,41,45
917,408,43,45,49
616,481,177,174,183
281,31,136,137,155
199,467,46,45,49
397,451,195,199,219
1155,17,236,233,250
985,319,44,46,51
157,287,40,39,41
172,365,44,40,46
890,5,96,88,75
719,490,150,147,159
160,193,46,41,47
789,40,49,50,51
34,270,32,30,29
169,448,50,50,52
58,384,44,41,46
1125,303,229,226,242
359,100,33,28,34
828,381,44,44,48
213,15,187,162,174
309,3,129,130,149
1106,16,238,236,253
235,276,206,206,227
105,485,50,46,50
941,81,54,49,53
208,114,37,38,43
1121,497,226,225,242
328,44,37,27,31
1191,403,238,234,254
1006,279,47,48,50
143,118,96,74,91
350,344,45,44,47
686,341,46,45,44
603,470,141,137,121
699,61,49,46,49
200,302,39,39,42
1008,31,102,79,62
303,463,128,122,93
817,429,41,45,51
963,294,47,46,49
896,24,88,81,77
8,33,225,221,245
191,17,158,30,43
826,321,43,45,48
1070,491,69,55,56
508,309,40,44,46
8,112,144,18,27
231,10,177,164,188
153,213,195,190,212
497,208,204,205,224
1123,411,232,229,246
259,343,41,44,46
332,485,141,139,152
11,120,151,22,35
821,211,112,104,120
399,39,37,29,32
1001,115,47,48,51
195,100,114,115,135
337,117,29,28,31
217,478,49,48,49
807,420,48,47,53
976,42,97,75,59
571,378,44,43,46
639,295,46,44,46
910,499,174,162,112
567,349,43,44,45
829,56,53,54,54
969,233,47,47,51
850,35,84,82,79
782,84,43,46,52
1003,455,49,47,55
564,298,44,45,44
331,289,45,43,46
884,194,47,48,51
1143,220,232,230,245
355,303,43,44,45
601,248,237,235,255
536,446,151,149,158
932,343,47,47,51
192,494,42,46,47
421,158,46,42,47
313,92,31,25,33
459,129,45,42,45
1079,176,53,57,60
245,75,49,46,52
299,120,31,29,32
291,428,88,85,59
1004,31,113,86,65
199,142,36,34,39
621,298,44,43,48
1115,180,235,232,253
60,208,50,50,69
540,171,48,46,49
1175,42,239,238,254
70,465,52,51,50
379,301,44,45,47
559,476,131,128,135
572,345,39,43,45
1072,393,229,221,191
689,305,42,45,48
196,11,157,41,69
650,206,232,232,249
354,315,45,45,45
623,233,235,232,255
333,453,68,66,55
215,164,37,28,30
998,479,48,48,52
186,183,194,183,205
803,462,48,47,51
914,469,50,47,52
881,92,47,48,53
282,147,30,27,31
738,60,45,48,50
452,255,189,187,198
359,368,42,44,45
14,293,36,34,36
289,269,48,46,49
1196,8,238,237,252
822,253,240,238,255
926,192,49,48,51
259,103,38,32,33
1151,210,236,233,249
478,348,44,44,48
21,475,47,48,50
1040,181,48,47,54
506,302,43,45,46
726,56,45,46,48
477,277,47,45,48
57,356,43,42,44
602,106,42,44,47
850,368,46,45,49
900,233,239,236,255
508,222,219,218,239
213,170,112,103,111
83,499,48,46,48
683,124,48,46,51
567,249,232,232,255
483,345,42,45,49
661,263,47,46,48
280,178,185,184,204
837,103,48,48,50
997,224,44,47,48
446,330,47,45,49
1123,397,231,228,245
1065,433,52,51,56
84,283,38,30,33
997,384,46,47,51
793,456,46,47,50
392,473,72,65,58
856,198,47,48,52
656,362,45,45,46
710,278,44,48,46
891,69,51,49,50
443,361,47,47,48
1000,322,46,46,51
879,170,49,47,52
464,50,39,39,44
1192,401,240,236,252
335,365,45,43,45
3,338,42,39,45
1173,264,240,237,252
847,278,51,45,49
252,101,37,31,32
816,477,169,164,179
259,145,31,28,32
1019,77,97,83,68
650,209,239,236,255
167,24,167,151,173
715,223,63,59,76
596,145,45,45,49
729,428,46,47,48
576,445,139,141,144
675,305,41,45,45
201,311,42,43,45
714,103,43,45,49
812,459,47,49,52
996,401,49,46,51
454,16,86,60,46
539,291,42,43,45
75,386,41,44,47
553,128,47,46,47
60,470,46,46,49
945,221,45,47,51
632,54,48,45,47
385,32,36,28,30
1193,268,242,237,254
45,344,42,40,40
983,145,47,47,52
534,242,222,228,252
698,235,242,236,255
930,380,41,45,50
791,416,50,42,62
638,467,96,96,93
781,333,45,45,47
43,200,77,75,81
160,448,44,49,50
746,421,46,45,50
782,190,50,45,52
354,274,45,44,50
14,499,77,62,51
491,35,84,62,51
712,220,222,217,248
19,138,159,24,35
1049,176,54,51,56
1095,391,245,242,255
933,194,48,49,50
1151,173,237,233,250
888,446,47,47,51
513,330,43,44,44
1047,291,168,164,183
749,134,49,48,51
162,220,197,191,215
356,57,31,23,24
827,7,96,92,88
490,94,42,41,45
198,313,42,42,45
223,275,208,205,230
1007,329,44,48,49
563,7,94,80,60
202,63,33,29,30
378,226,206,210,230
543,145,44,44,47
877,25,106,102,99
950,394,43,44,48
838,80,51,46,50
314,381,40,45,42
126,104,163,28,35
423,200,223,222,247
69,438,44,47,48
153,116,33,27,27
551,143,41,41,49
200,99,115,120,133
1185,443,235,232,248
898,176,46,45,50
456,162,43,44,47
324,148,30,31,34
1161,399,236,234,249
593,110,47,44,48
78,431,47,48,51
519,273,45,45,49
112,109,161,31,36
1000,456,49,50,54
92,309,37,33,35
604,38,46,45,50
22,487,51,52,51
65,348,36,38,42
1051,22,99,77,64
181,406,42,43,46
1048,429,48,48,54
835,268,49,50,52
266,490,87,76,51
257,139,33,25,28
1119,263,229,227,242
958,170,50,48,53
638,168,47,48,49
635,317,43,43,48
93,227,209,208,229
940,8,239,234,255
571,78,44,44,47
560,216,231,227,253
629,216,241,236,255
618,179,50,50,52
439,195,222,221,243
822,112,49,45,50
1144,242,233,231,246
360,456,65,54,51
191,146,37,36,40
416,205,58,58,60
292,219,187,186,207
409,138,40,41,44
838,222,237,239,255
619,315,41,43,46
1135,398,231,228,245
384,19,45,37,30
218,382,44,42,46
382,452,189,193,214
296,47,40,42,46
540,358,41,42,46
693,297,40,45,48
528,323,42,42,44
788,474,167,162,174
486,393,41,41,41
1134,465,226,225,240
155,352,36,41,45
709,475,143,126,119
122,475,50,47,51
735,224,235,237,255
266,472,111,104,79
1148,425,232,229,243
823,177,48,49,50
399,62,36,30,32
1169,119,239,236,254
471,102,42,42,46
1112,38,237,233,253
731,353,47,44,48
582,129,47,45,48
936,310,45,47,49
1007,158,49,50,50
850,32,90,87,80
800,274,51,54,60
422,360,42,44,46
1097,243,242,241,255
624,144,45,43,49
810,389,42,45,51
445,90,43,43,41
1136,119,229,226,245
984,127,47,49,52
805,143,44,45,51
487,251,208,206,224
12,288,36,33,35
18,33,224,224,248
991,158,50,47,53
721,108,43,44,49
415,47,34,30,32
265,290,42,43,47
696,191,234,235,255
179,145,35,36,40
527,472,148,145,159
406,207,210,209,232
635,16,52,51,54
199,293,38,38,45
7,440,56,56,56
855,85,41,48,49
365,58,32,24,28
42,62,110,103,109
178,259,203,202,223
1044,74,79,70,60
222,49,203,193,212
185,37,161,35,48
752,292,46,44,50
195,463,47,45,51
816,420,47,50,50
349,334,40,41,48
517,95,41,43,45
300,84,35,28,32
621,79,43,44,47
393,476,55,56,51
691,147,45,45,50
73,281,37,31,33
842,38,78,75,69
295,431,93,90,58
251,30,202,194,217
1038,338,42,46,52
626,354,46,45,47
103,360,42,38,41
104,178,163,163,192
834,9,96,89,86
542,264,226,227,248
1005,375,49,46,50
26,383,43,45,48
25,413,84,75,60
288,145,35,27,31
1011,349,46,47,51
1087,235,69,68,65
322,143,34,31,32
1123,265,229,227,244
203,355,42,43,44
755,187,47,49,49
1112,232,234,230,249
644,173,53,52,58
852,293,45,49,53
470,428,47,47,51
700,2,55,50,55
1174,406,236,234,252
798,15,49,51,54
1125,309,229,227,243
919,306,45,46,52
396,491,67,61,52
597,252,116,126,152
127,100,159,31,41
1164,63,237,236,252
716,308,42,44,47
367,168,46,43,44
146,81,156,142,162
99,136,160,29,38
21,473,50,48,52
312,292,43,43,48
586,215,141,129,144
127,402,44,42,46
960,8,107,77,63
473,427,44,44,50
52,191,73,50,57
130,186,218,218,244
828,15,83,82,77
12,471,46,48,49
1059,318,47,49,53
443,248,60,60,63
894,471,43,49,48
621,493,113,108,94
1089,89,250,252,254
431,33,36,33,32
36,305,40,36,43
439,289,44,47,46
380,283,47,43,49
122,427,48,49,52
547,399,41,41,43
888,126,48,47,51
842,283,41,47,47
1112,369,234,233,249
257,339,42,43,46
371,398,45,42,46
825,169,48,49,49
257,396,45,44,45
832,111,47,46,52
46,83,190,184,207
610,470,157,155,150
671,235,235,235,255
98,198,248,253,255
676,441,44,42,50
575,466,123,117,106
649,384,95,81,69
36,158,168,30,37
300,475,128,119,93
551,499,128,122,107
52,146,160,29,37
176,70,143,129,150
471,243,196,196,218
288,458,70,66,51
44,388,44,44,48
1037,176,49,48,55
366,154,40,39,39
1021,426,45,45,51
260,135,30,28,27
301,222,196,194,213
1191,33,239,237,252
45,72,106,99,105
169,217,193,191,210
1157,112,235,234,250
1019,251,51,47,52
331,412,42,42,45
790,112,44,47,49
139,252,208,208,231
97,491,46,44,50
169,109,200,191,212
1021,123,46,47,51
473,348,48,47,46
534,27,80,61,49
352,179,195,194,216
313,380,38,44,42
484,440,175,183,201
35,69,113,102,112
1050,49,119,109,106
771,66,48,48,48
487,239,198,197,212
1054,101,49,50,53
549,293,48,46,48
969,281,48,48,51
1126,428,228,228,242
298,173,189,186,206
794,380,46,45,48
832,204,46,48,51
714,178,48,47,54
775,76,48,47,51
602,159,46,45,46
837,315,47,45,53
998,168,49,47,52
79,230,49,51,56
1042,246,44,49,53
200,11,157,32,38
270,443,65,66,55
143,55,138,123,142
599,227,235,235,255
311,183,191,188,206
1033,70,101,86,72
160,204,167,166,178
270,138,30,27,28
1177,139,232,235,252
683,416,46,45,46
992,304,47,47,51
1041,16,104,86,65
451,61,42,39,41
131,11,185,186,208
834,241,82,80,81
913,411,42,45,50
341,102,29,29,29
581,387,42,43,47
947,391,44,43,48
36,411,45,47,49
694,23,52,49,53
310,303,45,45,44
798,382,43,46,48
333,430,65,65,55
131,197,158,152,160
416,123,40,42,43
48,431,51,47,51
1008,394,47,47,51
1073,414,50,51,56
539,212,204,200,212
874,15,100,95,91
482,232,68,71,66
297,411,44,42,46
587,178,52,51,54
870,363,45,46,48
1044,405,49,51,55
1018,471,52,49,52
400,468,54,56,52
626,211,235,231,255
205,336,46,43,44
1192,262,237,234,251
275,400,40,43,43
933,216,49,47,50
469,148,43,44,47
712,480,153,141,149
920,380,46,48,49
839,78,49,47,51
696,360,44,44,50
998,142,46,48,51
772,116,49,46,52
712,89,49,45,49
793,365,47,46,48
1097,81,238,235,253
1051,77,65,63,61
1184,222,240,238,253
1127,461,228,226,239
1128,189,230,225,243
808,159,48,46,49
1125,76,229,227,244
1117,239,232,231,246
387,144,41,40,41
1015,183,47,48,54
104,264,45,39,42
124,410,45,46,50
63,83,35,35,34
689,338,41,43,48
1127,373,231,228,244
1018,413,46,49,49
611,156,49,45,49
1189,289,238,235,251
671,59,47,45,49
732,201,239,237,255
1178,189,242,237,253
760,206,238,237,255
359,153,42,37,41
271,59,50,48,55
910,254,240,237,255
448,238,229,227,247
55,329,36,34,38
1180,463,237,235,253
774,64,48,46,50
420,453,149,140,126
705,33,57,51,54
664,498,109,80,61
433,440,85,66,70
933,15,151,107,73
971,278,43,47,52
897,414,42,47,51
943,478,47,46,51
330,228,114,111,119
872,451,47,45,51
542,433,47,44,46
864,27,100,96,95
631,55,46,45,48
677,296,44,44,50
517,294,45,44,47
1162,306,238,234,247
1137,199,232,229,244
204,108,49,47,52
974,305,45,45,49
356,152,35,36,38
411,497,194,194,213
1154,436,233,230,244
1120,377,235,231,244
114,121,163,27,37
461,456,182,187,206
1118,203,232,231,247
951,338,46,44,47
308,242,195,194,216
83,452,46,48,52
180,404,46,45,45
1132,462,230,225,240
1075,176,56,54,58
557,263,234,230,255
987,5,122,89,68
814,420,47,50,47
941,147,47,46,49
1091,397,246,244,255
636,406,45,43,45
762,439,42,46,52
321,348,43,42,45
8,93,121,98,88
29,71,111,102,112
1199,35,237,238,254
689,165,47,45,52
1152,153,234,234,247
689,113,49,45,50
14,246,34,30,30
111,64,150,131,153
1160,458,238,233,247
72,424,68,69,56
971,363,48,49,50
48,110,151,20,30
346,90,30,24,27
19,323,41,41,40
1190,25,239,238,254
1117,425,231,229,245
484,416,39,40,47
306,344,44,44,50
327,51,33,26,27
54,95,188,176,182
775,407,137,137,165
316,289,44,43,47
266,370,43,43,45
12,140,163,29,36
837,100,45,48,48
105,13,119,110,118
220,94,39,44,46
766,377,45,45,47
341,33,39,30,31
185,300,40,39,41
869,254,235,237,255
124,392,41,41,46
278,40,48,46,48
908,328,47,46,49
720,196,243,240,255
460,384,54,54,61
670,395,105,113,72
1062,486,50,51,56
801,412,62,50,102
725,187,238,239,255
933,75,50,47,51
669,471,102,72,58
245,283,206,209,231
619,47,44,44,47
1060,44,108,105,113
529,367,43,42,47
716,328,46,46,50
455,471,188,188,205
224,61,147,145,167
651,420,46,44,46
839,136,45,49,52
723,372,44,45,47
1180,312,238,236,250
795,225,244,238,255
1093,215,253,250,255
260,481,57,53,48
1001,312,49,46,52
283,413,44,44,45
716,429,45,45,47
1021,247,48,49,52
1063,313,51,51,53
4,91,123,107,99
178,286,40,37,42
1063,194,50,49,53
1150,39,235,231,251
542,232,135,131,144
265,150,31,29,31
938,143,45,46,51
466,267,205,203,227
1042,271,58,52,72
225,212,180,181,197
163,481,45,46,48
479,187,47,48,50
175,494,44,45,45
71,264,41,33,37
574,319,42,43,46
664,157,45,45,47
184,86,39,28,33
13,250,30,29,31
227,94,38,36,43
788,115,46,45,50
447,202,227,227,247
561,197,183,182,203
1187,398,237,234,255
819,368,44,45,47
1091,313,241,241,255
244,317,41,43,45
420,183,49,50,56
781,308,45,46,48
502,479,103,95,58
502,139,35,34,38
620,370,41,41,45
112,82,150,133,156
702,378,44,45,44
744,119,42,47,49
1126,76,230,226,244
267,470,110,103,77
985,429,46,48,49
594,299,45,42,50
79,335,36,37,40
375,220,207,209,229
1144,169,231,230,247
931,340,47,43,47
535,101,41,44,47
607,29,47,47,52
1143,323,230,228,244
366,258,213,210,235
1192,407,239,236,250
350,214,130,123,139
655,263,44,46,48
358,345,43,46,49
470,470,183,182,202
770,272,50,52,52
863,51,99,86,71
1134,425,233,229,243
774,248,240,240,255
1033,176,49,47,54
980,62,106,85,70
882,123,47,47,51
1062,365,46,48,54
988,377,47,46,48
0,300,41,38,37
1001,210,51,49,54
1003,4,125,94,72
466,47,41,39,41
218,316,44,43,46
725,425,46,46,48
707,90,45,46,48
1138,36,232,228,242
745,305,47,44,51
1178,471,237,236,251
1013,8,101,78,62
1161,185,237,235,250
139,49,140,121,141
663,203,82,64,106
863,48,98,90,76
1067,1,104,81,64
144,5,35,29,35
740,404,58,46,87
688,297,45,44,50
1076,263,52,53,53
144,255,211,208,229
454,435,171,176,186
1199,140,239,236,254
1007,143,50,47,53
685,467,111,85,56
345,9,47,42,42
476,325,48,48,53
1047,70,107,96,76
1062,480,49,51,56
572,51,45,43,47
1145,153,233,229,245
1145,141,229,232,247
663,154,45,47,50
1125,410,226,226,239
926,24,140,96,75
1129,156,229,227,241
1127,338,226,227,241
852,44,103,92,69
593,211,225,235,254
641,348,43,42,47
96,61,129,120,137
692,452,50,44,44
481,353,43,46,45
986,15,120,89,65
944,417,46,45,49
190,189,189,183,202
111,150,198,188,207
1187,217,238,237,251
289,250,199,197,217
1064,233,51,49,55
59,328,36,34,37
801,465,46,48,52
120,311,39,31,31
160,378,43,41,48
663,346,43,45,46
863,453,47,47,48
473,56,43,42,46
1017,389,48,47,51
981,88,49,48,54
732,97,43,47,48
566,328,41,43,48
635,277,43,45,46
764,462,53,51,52
644,260,49,46,54
338,11,37,37,42
441,454,65,42,33
598,378,43,42,44
1175,45,239,238,253
36,7,228,225,247
641,210,223,229,254
141,233,173,176,189
166,12,160,142,162
541,1,82,70,53
414,91,36,36,40
964,267,45,46,50
743,482,110,107,84
499,270,48,50,54
979,109,51,48,53
519,485,105,101,71
824,215,238,238,255
77,334,38,34,37
940,192,47,46,51
837,435,45,47,47
1189,5,234,233,251
1136,409,230,227,244
357,144,35,36,38
393,168,40,42,45
912,416,43,46,49
368,446,113,111,104
184,79,100,90,117
1050,331,49,48,52
257,19,39,32,37
717,363,42,45,49
1003,116,49,47,53
173,486,44,44,48
197,173,189,184,206
60,256,35,31,34
411,228,220,222,244
509,386,43,45,45
1126,27,229,228,243
1156,312,238,233,248
373,38,37,25,31
637,109,41,45,47
1148,492,231,229,245
758,300,48,48,52
465,356,57,60,61
468,310,58,54,58
79,363,42,41,43
28,238,35,29,31
429,428,45,46,49
352,88,31,26,29
769,122,42,47,49
1075,147,81,75,61
665,178,219,220,239
253,451,70,68,53
798,490,165,161,176
689,362,44,44,47
641,202,239,234,255
275,482,68,62,51
731,203,239,236,255
609,391,42,41,46
818,131,45,45,50
385,187,204,205,226
46,111,148,23,31
795,120,48,48,53
112,264,46,45,49
699,325,45,46,47
35,207,54,48,63
127,198,174,166,176
810,150,45,45,49
125,5,117,113,116
685,256,46,46,48
172,410,48,43,45
947,67,104,100,97
541,152,41,46,47
127,322,39,35,38
524,397,42,39,42
608,187,235,231,255
476,264,82,76,64
52,181,173,33,43
765,101,46,47,49
68,154,163,30,38
758,168,44,47,51
861,466,45,48,51
471,261,78,80,87
522,222,220,218,240
800,309,48,45,50
452,32,54,47,39
846,250,243,239,255
1148,389,232,230,248
1060,391,50,50,55
318,41,36,31,33
1116,367,233,233,249
548,309,45,42,47
477,7,59,48,42
459,140,44,42,46
552,75,48,43,48
322,34,39,36,37
282,71,35,33,36
24,449,50,53,55
7,355,45,44,44
995,144,45,47,51
257,14,38,28,31
258,104,33,29,30
274,414,45,44,48
290,139,33,28,30
553,278,48,44,47
442,187,200,199,215
563,385,43,43,46
800,342,43,47,47
944,65,103,100,98
948,113,46,47,50
1139,170,232,229,243
845,435,44,46,48
558,55,44,43,46
881,41,102,99,92
507,374,38,41,45
453,33,53,46,40
581,129,45,44,46
707,241,235,234,254
85,438,47,47,51
531,146,40,44,48
578,344,42,44,47
315,272,43,44,47
346,427,43,43,46
1065,120,49,49,53
346,469,71,66,60
443,216,224,223,246
42,176,173,34,40
1139,373,231,229,243
163,130,114,113,131
795,160,45,47,49
763,308,44,46,48
279,437,80,74,54
318,199,189,188,209
173,436,67,67,58
261,58,43,45,50
1058,251,49,48,53
1074,100,53,54,58
770,136,48,46,52
706,216,63,59,67
843,297,47,46,49
1150,16,235,233,248
497,36,90,64,50
793,496,162,158,175
197,47,195,179,203
484,199,58,59,66
248,269,201,201,222
1159,182,238,235,249
499,447,175,176,195
829,61,44,47,52
326,247,161,152,162
1167,492,234,230,247
850,253,236,237,255
1010,404,46,47,51
844,369,47,46,51
700,359,47,46,52
795,341,45,46,50
809,19,51,51,53
752,481,159,156,150
40,471,48,47,49
464,32,84,63,47
1052,49,114,107,106
946,108,48,46,51
918,400,48,48,51
1105,27,239,237,255
1107,487,230,230,246
369,441,115,104,97
798,50,53,50,55
659,319,45,45,46
1087,27,244,243,255
154,270,212,209,234
456,154,45,42,47
43,140,157,28,33
570,403,42,42,47
1079,443,52,53,55
432,310,46,43,49
129,98,160,32,47
1035,28,103,80,65
730,364,43,45,46
813,319,47,47,50
87,42,54,43,49
768,41,50,50,50
646,417,42,42,45
356,100,36,29,32
190,78,189,183,203
656,493,99,74,55
141,451,44,46,49
1128,457,226,224,239
524,59,46,44,46
26,20,226,224,249
1042,106,49,50,55
520,138,43,46,48
524,190,223,222,244
178,221,191,187,208
1114,255,230,228,244
929,231,42,48,50
370,306,43,46,46
1047,109,46,49,53
148,218,199,195,216
975,116,42,47,48
15,312,40,37,40
953,411,47,45,49
1042,261,47,47,51
617,392,42,41,44
533,6,75,57,43
1069,248,47,51,56
346,107,30,28,30
69,171,169,37,65
563,160,45,44,48
165,353,42,39,42
873,189,44,45,52
881,100,48,47,50
539,82,45,45,48
8,448,51,51,55
211,292,40,41,42
100,41,178,182,200
95,252,215,215,236
287,138,32,28,31
0,98,130,17,27
221,187,187,182,203
303,172,186,184,207
44,258,35,32,32
157,240,60,50,57
933,99,49,47,50
215,254,200,199,219
488,355,42,44,45
1011,3,104,82,66
169,257,208,206,227
246,60,125,128,149
1029,34,107,79,64
41,244,35,30,28
320,69,35,28,27
803,364,46,45,48
848,72,47,48,51
976,219,45,48,49
767,428,46,47,49
814,329,46,46,50
1039,480,43,48,50
765,192,48,47,49
272,105,32,25,29
429,401,43,44,45
1026,264,48,47,49
838,21,89,87,79
1000,21,124,91,67
878,362,48,47,50
1034,211,47,49,52
504,454,173,177,190
1000,327,46,46,50
752,437,49,46,50
319,208,53,48,52
797,400,46,47,48
219,200,98,97,97
573,142,41,44,45
362,120,32,31,36
315,330,43,45,45
880,350,48,46,51
410,196,212,211,236
404,208,208,206,224
361,2,44,33,34
899,112,42,47,50
661,276,43,45,52
687,14,48,48,52
58,35,153,149,161
344,367,45,42,47
596,69,46,43,46
1008,145,46,48,51
1039,87,69,61,57
531,230,93,85,117
763,351,48,44,51
210,269,205,203,222
1186,218,242,235,252
423,364,44,41,47
378,443,184,171,180
143,165,45,47,51
954,373,45,47,51
287,497,46,47,47
233,364,44,42,46
117,288,39,37,42
611,495,173,170,186
776,286,49,49,53
254,377,42,45,43
100,242,216,215,238
431,167,44,44,46
719,244,242,239,255
91,128,159,28,37
637,34,48,45,52
343,406,46,43,44
720,489,154,146,159
536,177,110,109,113
1094,467,236,236,254
90,58,51,37,50
216,438,44,47,51
477,71,46,43,45
1,245,33,29,33
137,408,44,43,48
1143,427,232,227,243
417,368,39,42,44
1009,247,45,46,53
892,193,50,47,49
1063,81,101,91,82
642,340,45,43,49
590,70,45,44,47
516,238,59,59,63
650,208,238,236,253
793,140,48,48,49
674,401,39,46,45
990,486,49,48,52
152,20,155,137,159
497,108,44,42,45
512,446,160,156,174
447,355,46,50,50
541,43,45,43,48
1084,125,249,249,255
341,173,189,190,209
907,50,91,85,81
723,14,56,51,52
156,16,151,137,158
947,456,51,48,55
915,357,44,45,49
1136,222,232,230,245
965,366,46,44,49
898,152,43,48,49
306,85,35,27,30
750,306,46,47,49
754,346,45,46,47
918,277,48,47,51
907,161,46,45,50
1110,184,238,235,252
838,119,50,48,51
95,462,86,83,76
1013,357,44,49,53
1031,427,48,47,52
559,277,45,43,46
611,300,47,45,50
610,6,50,49,51
568,291,45,46,46
422,429,44,46,47
179,134,41,42,47
61,333,39,34,39
379,163,41,40,44
242,478,60,56,54
916,46,89,86,77
330,299,42,42,47
130,123,196,183,208
288,232,71,64,69
918,250,51,51,58
1177,217,239,237,253
359,423,43,45,44
391,26,68,52,39
955,171,50,49,49
161,384,44,45,46
765,132,48,46,51
600,366,44,43,48
520,469,147,144,161
440,275,213,215,246
725,473,155,147,162
248,17,163,156,172
1059,107,48,48,54
691,386,39,43,45
936,138,47,48,52
863,18,95,95,88
808,37,57,50,55
434,44,34,35,34
314,401,42,42,44
1125,343,230,227,243
250,258,200,199,220
960,96,47,48,52
896,435,45,49,52
116,411,44,44,47
942,216,46,45,51
636,362,40,43,47
734,259,235,236,255
637,160,48,45,49
414,80,40,35,40
847,356,45,45,53
600,454,169,171,189
497,289,45,47,47
1043,92,51,53,54
416,35,34,30,29
924,48,99,93,88
157,309,34,34,38
293,251,200,197,219
1185,206,239,236,254
36,367,44,41,46
342,358,42,44,45
1120,274,231,227,245
969,306,47,48,49
304,320,38,41,48
356,230,202,203,226
943,174,49,48,50
778,456,46,48,51
911,134,46,49,51
1117,492,229,227,243
537,157,45,42,47
442,189,223,220,241
828,52,59,58,55
1162,81,237,233,251
98,209,220,222,251
263,261,200,197,218
1073,28,107,101,98
1060,287,230,242,236
1123,78,227,227,242
882,377,46,45,49
255,319,44,42,48
1051,6,89,74,61
377,75,28,28,29
1027,367,43,47,49
1060,260,48,49,54
17,254,31,31,31
546,264,228,230,252
124,457,46,47,52
507,205,216,216,236
1155,398,235,232,248
192,62,174,117,128
734,180,46,47,50
262,25,165,159,184
824,444,47,47,48
821,165,49,50,53
786,258,242,241,255
1041,92,47,49,54
22,476,47,49,49
214,52,195,185,206
415,407,43,46,52
636,115,43,45,47
840,446,52,46,49
267,273,41,42,47
1076,65,82,73,66
1075,300,50,51,56
988,436,48,47,52
597,288,40,45,45
798,203,49,51,52
1143,142,234,230,246
151,330,33,39,40
669,290,45,42,45
13,420,50,53,53
913,272,185,185,246
854,68,50,48,51
529,12,71,51,35
286,73,33,33,33
527,393,40,41,44
185,77,196,186,209
7,234,30,27,26
916,19,106,73,62
923,343,48,44,53
705,169,49,47,52
956,393,43,46,48
747,25,52,51,52
741,468,115,111,110
1020,345,44,46,49
295,298,43,42,46
469,442,179,184,201
1113,176,236,232,250
204,410,44,46,50
850,103,47,47,50
545,388,38,43,47
470,311,43,42,46
907,52,93,90,86
785,286,47,48,52
710,140,47,44,48
1094,153,251,251,255
585,236,232,232,255
405,103,39,39,39
42,284,36,33,34
830,156,50,46,50
669,127,45,45,49
132,270,214,212,237
512,43,53,48,47
401,420,39,43,43
957,443,47,51,56
580,19,91,77,63
374,188,197,200,217
101,428,52,48,52
688,233,236,236,255
426,274,174,174,211
779,219,241,238,255
640,326,43,44,48
787,158,45,45,49
747,217,242,239,255
1028,388,48,47,52
738,334,45,45,47
233,399,41,45,47
93,132,158,28,40
675,187,239,239,255
1004,487,47,45,51
334,418,42,43,46
140,496,47,47,50
398,263,221,220,241
988,192,47,48,50
46,36,62,31,48
295,29,50,54,58
477,333,47,46,50
873,432,43,47,49
88,353,33,38,40
1120,417,232,231,245
681,119,43,44,48
731,293,47,44,47
835,150,48,47,50
978,250,47,47,50
924,195,46,46,51
1016,71,98,88,72
615,304,44,44,46
18,8,160,163,167
62,334,37,35,40
1110,323,232,230,250
1027,341,48,48,52
1033,71,96,83,70
948,331,48,47,47
750,413,44,47,47
747,11,45,49,52
103,379,40,42,44
680,76,47,47,51
1051,139,48,47,52
203,265,204,203,225
1066,151,51,51,56
735,400,141,133,155
672,358,46,44,50
68,42,116,109,116
753,172,47,47,52
946,419,45,46,49
1118,478,229,227,240
227,55,205,198,220
1124,262,232,227,243
1133,87,228,226,242
341,422,41,43,46
268,170,187,184,202
10,375,45,46,46
1169,68,234,235,251
750,117,46,47,47
448,101,44,40,45
521,115,46,45,46
1040,217,47,46,51
732,411,43,44,47
326,236,54,51,56
926,107,41,47,49
99,345,36,36,37
937,184,46,48,51
222,328,43,43,44
172,146,37,39,39
911,255,238,237,255
671,142,45,46,48
578,349,43,43,44
1076,197,52,52,58
785,172,43,46,50
1090,162,231,232,244
402,178,46,44,46
326,405,43,43,47
784,1,50,49,52
1164,187,237,236,250
806,492,168,165,178
437,170,46,43,46
1102,8,241,239,255
908,35,98,89,81
345,477,77,73,69
639,80,47,46,49
645,463,174,180,191
1122,156,230,229,246
1133,293,228,224,241
1126,117,229,227,244
984,111,48,49,52
770,321,42,48,51
991,309,47,46,52
432,476,20,21,19
450,296,44,45,46
22,354,42,43,45
196,461,46,46,48
759,320,45,47,45
982,113,46,48,51
429,181,47,47,47
397,252,215,215,238
183,143,29,36,40
928,309,46,45,48
1182,124,241,237,255
557,115,43,44,45
366,24,40,26,28
252,125,35,29,32
398,189,208,208,229
857,433,46,48,50
767,339,47,46,49
417,63,40,34,36
15,205,31,30,29
593,3,92,81,60
348,345,42,43,47
861,31,97,92,85
507,19,82,62,48
382,437,197,197,216
999,193,47,48,52
953,11,114,80,62
401,454,70,65,69
1162,15,238,234,251
286,403,42,44,45
405,47,32,26,27
983,355,43,45,49
65,273,34,28,31
639,9,48,48,52
783,38,49,49,52
503,50,42,43,46
116,80,142,129,149
482,384,41,42,45
335,378,43,44,47
204,380,40,42,45
272,273,43,44,46
929,34,174,134,88
1137,295,229,227,243
700,445,43,45,47
1167,145,237,236,251
933,166,45,47,50
512,347,47,45,44
186,180,192,184,207
1155,404,236,234,250
611,109,47,45,47
222,62,46,34,54
5,19,224,226,244
61,279,32,30,34
981,332,42,45,49
552,231,161,147,151
364,52,31,25,27
1053,374,48,48,53
1179,426,236,234,251
1093,253,242,239,255
198,124,37,37,40
696,434,44,44,48
1172,383,239,233,250
728,257,241,239,255
957,311,45,46,49
676,147,42,46,49
184,487,44,45,49
1121,383,230,231,246
880,154,49,45,52
88,262,63,51,82
292,260,203,200,220
733,375,47,44,48
760,278,47,46,49
69,113,154,22,32
965,69,74,66,60
777,44,47,49,52
233,106,34,34,40
977,441,64,43,101
638,145,46,47,47
8,108,143,20,28
1071,374,60,64,66
585,472,115,108,91
192,294,41,41,44
1039,333,45,47,51
240,367,46,44,48
1118,315,230,228,244
946,122,49,48,53
15,473,50,49,52
564,46,43,44,45
503,360,40,42,43
19,44,64,64,65
311,235,191,192,211
821,227,243,241,255
952,33,88,68,57
105,287,40,31,37
1150,270,234,233,252
112,439,65,65,60
702,265,41,46,49
93,204,183,193,212
587,311,41,44,47
78,2,61,62,66
1075,178,96,92,71
1183,487,237,234,250
869,159,43,48,49
541,425,42,42,44
47,454,47,47,53
256,432,76,74,54
950,409,42,45,47
999,172,47,48,53
636,100,48,44,51
352,367,41,43,47
418,442,119,110,90
956,124,46,46,52
63,58,115,108,117
924,140,49,47,53
693,445,47,44,49
736,181,47,47,53
714,171,45,48,49
1046,190,50,50,53
1184,234,240,238,251
1050,123,48,50,53
719,161,46,46,46
628,161,46,48,50
575,36,42,45,47
10,80,119,112,117
161,314,34,37,38
441,319,41,45,45
671,372,43,42,47
400,160,41,42,44
1024,429,45,47,51
406,381,42,42,46
223,202,180,182,194
745,97,45,46,50
562,148,41,44,46
7,492,55,53,49
388,192,206,204,223
965,340,46,47,50
633,409,42,45,44
294,259,200,198,221
987,14,119,87,66
1179,140,235,236,254
899,397,45,46,49
447,86,42,41,44
406,245,222,222,243
863,320,46,46,50
1153,13,234,233,252
346,261,210,210,232
791,93,47,47,51
439,419,75,71,79
907,376,43,45,49
1119,127,228,229,245
599,446,182,193,215
19,52,65,64,69
740,323,46,45,47
157,112,36,27,31
1177,35,239,235,251
661,177,175,171,186
677,263,49,48,51
939,181,47,48,53
318,412,41,43,44
854,488,165,154,115
34,370,44,44,47
736,7,49,49,50
824,174,47,48,50
313,77,30,28,27
20,149,165,28,35
83,191,75,71,84
951,419,47,47,53
271,386,43,45,45
339,195,197,196,216
365,15,36,30,28
1,249,34,29,30
495,266,217,221,240
354,351,42,44,47
858,334,42,44,50
902,45,96,92,93
783,495,157,155,170
114,411,43,45,48
465,294,58,58,65
633,146,42,47,47
1108,3,241,238,255
85,298,40,34,37
396,34,43,33,27
101,16,114,105,119
420,174,44,42,46
1054,301,161,154,136
855,21,92,90,83
657,117,48,46,50
275,475,106,100,73
55,205,46,44,50
256,398,46,44,45
106,258,216,213,237
193,65,118,102,122
483,245,141,135,131
992,29,122,92,72
64,427,82,83,73
166,410,43,45,46
829,214,239,240,255
799,387,46,46,51
22,31,224,225,249
34,111,145,27,32
180,247,201,200,218
880,157,47,47,48
267,310,41,42,46
597,387,39,42,46
236,457,67,63,51
1074,116,55,56,58
48,54,110,103,112
1128,14,232,228,243
465,444,175,180,201
79,60,189,187,206
804,411,48,47,51
361,256,214,212,234
635,402,43,42,46
491,249,212,211,230
1049,395,46,48,52
46,356,45,42,45
558,459,142,136,149
358,401,42,45,45
1021,66,104,93,79
742,80,42,48,49
499,480,106,95,55
553,111,45,45,45
1163,176,235,236,247
1132,35,230,227,242
1151,88,236,232,250
1046,348,49,50,56
371,335,42,44,48
646,471,109,104,98
1131,305,226,226,245
510,124,47,45,47
477,120,43,43,46
419,55,37,31,35
946,335,45,44,50
136,151,193,196,216
128,220,198,192,216
274,198,187,185,204
701,365,45,43,48
127,456,50,51,54
1117,334,230,230,246
266,285,43,44,45
700,442,44,44,48
1107,395,240,237,255
103,40,185,182,205
615,48,43,46,50
886,427,61,42,77
727,92,44,47,48
541,342,45,42,44
260,147,32,28,31
1030,371,45,50,53
317,416,42,43,47
551,138,46,42,48
272,58,46,49,56
631,12,45,50,49
879,59,93,85,82
200,442,47,48,53
842,64,46,47,51
623,416,41,43,48
698,455,113,98,65
180,156,37,37,40
317,340,42,44,47
1071,313,57,53,59
747,78,48,47,50
931,102,47,47,50
1169,9,240,236,252
532,391,41,42,43
1026,440,45,48,49
345,328,42,44,47
965,337,42,45,52
235,26,190,184,202
166,341,41,42,40
912,303,46,46,48
520,5,73,63,63
415,29,37,30,33
266,244,55,47,52
411,252,205,202,216
30,339,41,40,43
789,312,42,45,49
833,367,43,45,51
242,213,122,115,121
1063,284,106,74,64
441,318,47,46,47
825,83,46,46,52
384,206,206,206,229
118,280,215,212,236
1058,144,49,49,53
760,180,47,46,50
444,449,140,120,129
640,173,56,50,55
434,238,195,198,223
733,229,238,238,255
1192,342,240,236,252
803,47,52,51,54
376,100,34,31,35
1016,230,47,48,53
81,279,34,31,32
527,101,45,45,45
991,159,52,50,53
265,494,92,77,56
900,466,46,48,49
918,391,44,45,49
1045,97,48,51,52
583,452,163,155,166
274,4,201,194,216
376,177,197,199,219
424,48,36,32,34
267,78,38,38,41
86,57,141,138,148
89,183,213,204,226
1011,214,47,47,55
1174,4,238,237,253
456,409,58,59,64
990,383,47,46,50
4,20,224,219,245
738,439,47,43,49
454,107,43,42,45
13,368,44,43,47
593,141,43,43,45
442,304,43,45,47
388,141,40,39,41
1087,154,253,251,255
95,14,115,105,116
386,136,40,38,40
286,309,40,43,47
66,479,65,57,52
574,447,117,112,116
369,40,32,29,27
395,452,192,200,209
254,83,42,42,48
965,141,43,49,50
1198,427,235,234,250
155,162,42,45,50
983,481,46,47,53
105,35,189,186,208
853,168,46,48,50
385,376,45,45,47
1094,99,240,238,255
1130,109,228,227,242
639,477,129,121,140
351,42,38,29,31
1113,63,232,229,246
1008,259,49,50,52
442,148,42,44,45
101,377,41,42,44
731,297,46,45,50
309,13,48,48,50
517,407,41,41,46
109,499,49,48,51
274,239,186,188,203
311,177,186,185,203
634,65,43,46,48
967,456,122,133,161
1175,429,235,234,250
1056,72,103,91,78
911,449,52,50,81
1136,330,230,226,243
334,89,32,25,28
814,2,73,72,66
432,54,39,34,36
663,486,102,81,61
509,241,208,211,217
431,176,41,44,49
821,160,44,47,49
60,404,47,45,45
650,414,46,46,46
421,253,221,221,243
993,102,50,48,51
664,63,43,44,49
312,390,45,45,47
806,193,45,48,54
76,417,79,78,61
769,11,47,48,54
78,173,206,198,218
1093,378,244,246,255
364,298,41,43,45
1002,83,66,59,54
378,364,40,42,45
1192,385,236,236,251
205,397,44,42,47
146,213,195,191,211
963,412,44,46,50
487,279,49,48,52
291,418,41,45,47
724,89,44,47,49
99,101,159,31,41
1060,191,50,51,55
541,16,51,46,48
700,441,43,44,46
694,198,239,237,255
23,15,228,224,248
89,217,213,211,241
480,440,169,174,195
267,442,57,57,51
1158,81,235,233,251
557,466,140,139,148
666,433,44,43,46
762,474,161,156,168
965,338,42,43,50
58,201,90,87,99
957,490,50,49,53
939,446,78,99,143
779,497,161,157,172
665,411,46,44,46
870,425,176,172,183
87,451,48,48,51
324,442,60,63,51
220,122,37,35,37
562,53,45,45,46
302,68,34,29,32
235,332,41,43,47
251,106,34,31,34
1199,241,236,235,253
499,78,41,43,45
138,210,198,195,216
346,400,43,45,48
762,112,45,46,50
1154,31,236,235,250
948,312,45,45,50
431,64,39,37,40
754,74,51,46,51
109,389,44,43,47
343,301,42,43,46
504,165,49,50,54
974,100,48,48,51
766,282,44,47,53
79,331,39,36,38
131,145,49,33,52
999,428,45,48,52
1166,291,240,237,253
691,203,241,238,255
944,357,48,50,51
1158,43,235,234,247
350,464,61,60,53
171,107,202,195,215
507,390,42,42,44
440,392,48,48,52
29,40,218,223,241
748,214,239,238,254
1,412,49,52,51
626,378,44,43,46
302,74,33,28,27
692,69,47,46,47
781,213,240,239,255
808,32,51,52,52
584,365,41,42,44
361,415,44,42,44
1065,358,50,50,53
236,477,53,52,51
173,52,160,149,169
1076,231,51,51,58
252,74,46,44,53
1125,136,230,227,243
368,176,195,192,213
24,248,32,29,31
307,125,33,27,30
795,85,47,46,50
1173,300,238,237,253
808,58,49,46,49
1068,390,52,53,55
417,330,40,42,46
1139,160,230,228,244
550,318,42,45,47
1061,402,45,48,54
599,78,42,43,48
176,293,36,39,41
717,8,111,75,61
1068,392,54,55,57
45,387,43,45,46
231,244,174,172,190
407,224,218,218,239
108,72,142,123,142
215,145,35,29,35
745,486,151,152,142
119,122,162,31,41
567,164,49,45,48
884,129,51,46,52
1153,414,233,232,249
708,313,43,44,45
924,31,98,70,63
650,54,46,45,47
444,120,44,42,44
376,434,158,69,70
1139,137,231,231,242
162,387,41,43,44
702,384,46,46,50
341,22,42,34,37
78,356,40,41,44
1029,102,47,50,53
1172,341,237,235,251
367,25,34,28,27
451,313,44,45,48
50,403,45,44,49
1017,100,49,50,52
684,253,46,45,50
1085,470,253,255,255
650,302,44,45,49
504,150,44,44,45
111,444,63,63,56
718,77,47,45,49
152,187,203,200,222
1153,142,233,231,249
1059,347,49,50,50
587,410,40,42,45
1108,432,237,235,252
205,76,209,198,216
387,455,172,175,200
549,499,113,105,83
602,4,53,50,50
927,360,46,45,54
833,90,50,47,52
668,499,105,80,57
934,28,84,64,59
77,77,141,45,49
1032,171,45,49,51
328,466,123,119,129
26,375,43,45,46
226,18,178,163,187
946,73,94,90,83
150,278,212,212,233
1031,460,49,49,51
479,488,119,111,70
865,7,94,92,92
512,326,40,44,46
877,428,64,66,81
387,491,101,96,73
279,185,191,186,205
1124,386,237,232,250
686,426,41,44,45
1069,176,52,51,54
645,481,135,130,147
749,123,46,48,50
1097,192,246,242,255
26,258,30,29,31
863,212,52,50,54
724,325,43,44,49
605,439,47,47,52
1078,229,53,54,59
444,467,138,114,107
790,173,46,45,51
115,357,38,39,41
781,129,48,45,52
682,102,45,47,51
524,160,44,45,49
854,460,47,47,50
335,359,41,44,46
350,49,34,22,22
476,209,149,152,180
483,317,43,42,49
786,386,41,45,47
246,277,203,205,225
549,81,44,45,46
386,383,43,42,46
165,356,42,39,43
277,94,33,28,29
1057,260,49,50,55
1071,236,49,52,56
646,354,44,44,47
836,445,45,48,49
849,449,46,48,50
273,76,38,36,40
1007,492,48,48,52
649,361,41,44,47
589,408,43,42,45
860,168,46,47,50
638,450,191,196,216
552,373,42,38,45
677,436,43,43,46
938,123,47,48,52
795,361,48,45,48
233,245,191,191,205
495,401,43,43,43
354,272,52,47,51
1062,101,52,51,53
1088,481,237,237,253
302,358,48,44,45
888,325,47,45,50
518,426,45,41,49
1143,7,231,227,244
935,182,45,48,51
939,407,48,49,48
480,122,39,42,45
289,226,187,185,208
1017,29,94,76,61
562,386,42,45,47
77,478,87,73,70
264,266,75,71,92
630,111,44,45,47
111,385,43,41,47
1104,144,239,238,255
917,101,49,48,50
305,51,34,32,36
422,280,44,44,50
374,406,40,42,44
1012,401,47,48,50
404,339,44,44,44
1070,314,54,53,57
884,388,48,44,49
152,284,38,37,47
844,113,47,45,51
1145,120,231,232,247
844,101,47,49,49
1014,420,43,46,47
762,250,243,240,255
20,450,50,51,55
217,35,186,144,158
968,377,43,46,49
972,98,47,47,50
368,197,56,54,58
333,389,41,42,44
326,26,35,36,41
657,317,47,44,47
253,57,130,132,148
757,494,173,164,170
916,215,46,48,52
837,456,49,47,49
1161,498,233,230,250
1046,373,47,49,54
54,244,28,29,28
501,110,60,64,66
674,252,46,46,51
162,163,39,40,44
642,209,201,210,243
46,336,42,40,40
941,179,45,47,51
1107,113,234,232,251
820,40,50,54,55
23,496,70,63,49
66,427,75,78,69
1161,229,237,235,252
334,453,66,62,54
437,125,47,43,43
139,279,212,211,236
206,367,44,46,46
142,164,55,48,61
990,8,128,97,69
449,51,40,39,43
636,128,45,43,47
29,368,42,45,46
371,425,46,43,44
1174,322,241,237,251
54,3,227,227,250
1023,202,51,48,54
1043,65,103,88,65
955,239,44,48,51
812,430,47,47,51
623,153,45,43,46
1020,448,47,47,52
737,103,46,46,48
390,117,39,38,41
768,286,46,48,50
375,382,39,45,43
823,252,238,239,255
655,384,44,46,48
665,247,47,46,51
998,251,47,47,53
152,19,156,140,158
63,56,123,115,117
1000,271,49,47,52
795,490,164,159,176
763,100,45,47,46
1157,414,236,235,253
207,268,204,202,224
688,463,112,89,59
31,469,45,47,50
814,478,169,167,184
459,356,25,22,25
579,490,129,122,107
226,400,45,46,46
768,223,110,112,123
257,400,44,45,46
576,450,137,133,137
560,238,228,228,253
281,35,41,32,51
762,481,154,146,145
130,250,207,206,230
849,50,102,79,62
396,424,43,44,45
645,24,51,50,53
1012,146,48,48,50
1180,76,241,236,253
472,113,41,43,46
200,129,33,37,38
1127,195,228,226,245
34,163,170,28,36
266,444,60,54,54
174,202,169,167,180
348,93,31,28,29
757,442,46,44,51
2,334,42,40,44
398,3,36,30,30
819,383,45,46,49
1175,303,240,235,251
1101,165,242,241,255
404,487,80,78,68
627,470,174,178,186
90,373,38,40,43
1135,363,227,227,242
788,496,160,157,174
260,399,45,43,46
913,282,47,45,50
1196,295,241,236,254
1146,404,231,227,245
728,114,45,47,49
1135,412,229,229,241
278,100,32,25,30
887,285,45,46,50
1018,91,48,50,53
310,301,44,44,45
337,101,30,24,29
1092,14,169,163,140
887,270,192,195,225
862,444,46,48,53
163,454,47,51,49
1020,42,99,76,64
501,272,49,48,51
553,91,46,43,44
837,147,49,48,52
1001,61,84,69,59
182,46,169,104,122
510,77,13,11,16
876,278,45,47,50
1003,462,47,50,55
217,384,41,45,48
354,302,44,43,45
444,375,46,47,51
80,156,164,30,40
671,238,134,139,164
1044,335,50,48,54
339,257,208,205,226
713,410,46,46,48
446,354,43,47,49
823,216,240,238,255
786,177,43,47,49
971,202,46,45,52
140,65,157,143,165
227,88,44,43,48
180,405,44,44,46
1115,471,229,227,242
50,467,50,50,51
125,136,34,29,32
1101,216,241,241,255
678,0,49,48,51
86,235,217,217,242
200,49,183,125,147
337,172,163,156,170
1020,115,45,48,52
1134,427,234,229,246
1013,151,45,49,54
350,468,61,56,52
574,429,47,42,44
695,140,43,47,50
758,48,48,46,49
694,215,241,237,255
62,92,151,29,35
931,279,43,48,50
577,139,44,44,49
744,266,49,52,56
818,136,44,50,51
912,284,46,48,52
1099,451,237,234,255
700,469,124,104,71
725,350,46,46,48
1090,74,86,80,75
656,5,52,49,52
996,222,46,48,53
644,24,49,50,52
53,38,115,106,126
156,346,37,38,41
474,456,175,182,200
705,452,44,46,48
254,203,183,181,202
670,198,237,237,255
110,202,225,225,253
1002,453,47,50,50
802,207,55,52,58
816,248,242,236,254
1019,127,46,49,51
184,201,125,115,130
414,212,157,155,160
556,115,43,43,46
427,332,48,44,47
1157,449,233,230,246
601,284,43,44,45
798,423,46,46,49
532,371,41,44,46
804,449,45,44,52
549,199,79,62,100
791,103,44,48,50
962,109,45,50,51
993,316,45,47,50
499,138,23,22,19
1081,455,77,60,62
530,374,39,40,43
924,217,47,45,52
327,113,33,27,30
134,361,41,39,45
707,96,47,45,49
449,207,206,207,227
75,90,149,27,35
844,486,168,158,110
155,421,49,49,50
517,34,34,33,37
742,60,44,44,50
1042,408,50,48,53
277,481,57,53,50
639,258,46,44,51
393,284,45,44,48
222,368,42,44,49
535,156,44,45,47
1117,144,231,230,244
98,275,38,33,34
756,268,50,51,55
703,469,129,111,81
832,67,50,48,52
28,376,45,42,46
769,415,46,49,51
581,486,169,164,173
967,252,48,45,50
749,233,103,108,158
11,341,46,42,47
850,69,46,47,51
1132,458,227,225,240
521,270,51,49,55
345,233,202,202,222
1082,207,55,54,56
1129,97,226,224,245
1093,426,243,242,255
664,214,65,59,58
168,459,49,51,50
1133,14,231,229,243
10,469,49,48,52
629,295,41,43,46
544,148,44,43,47
258,269,47,46,49
270,489,92,80,56
547,334,42,43,48
289,416,44,43,47
780,251,242,240,255
876,474,50,49,50
525,410,45,44,46
198,473,49,47,47
236,419,46,45,47
328,57,31,25,25
155,109,31,29,28
1054,202,51,50,56
950,95,49,46,52
726,194,238,238,255
125,258,215,211,233
26,283,36,34,34
141,472,47,47,49
58,190,41,30,33
638,334,39,42,49
202,408,44,44,47
433,376,43,45,47
444,389,82,82,87
516,345,43,41,43
1061,199,53,50,57
871,150,51,48,51
825,472,61,53,53
411,112,37,40,41
690,54,48,46,50
678,186,241,237,255
109,427,58,55,61
738,109,49,46,51
618,46,47,44,48
673,411,47,46,47
59,461,48,49,51
1062,277,239,240,255
29,480,49,49,53
569,282,43,44,48
357,298,44,42,47
400,247,184,181,194
831,254,242,237,255
381,404,40,42,45
258,352,43,43,48
712,46,45,47,48
404,184,136,132,137
296,148,34,29,32
656,80,46,48,49
918,11,155,104,73
887,89,48,47,52
891,236,238,237,255
373,337,43,43,46
965,78,63,58,62
124,370,38,42,42
420,113,38,39,41
1033,398,50,49,53
979,447,47,48,50
930,350,42,45,49
677,300,43,45,48
303,308,45,45,46
606,41,44,44,44
619,361,43,44,46
882,477,50,49,52
763,394,46,46,48
1070,88,76,70,67
1097,99,237,235,255
683,452,87,67,54
620,463,113,107,109
1063,164,50,50,55
903,187,47,48,52
597,266,44,44,49
698,65,47,45,49
831,167,48,48,48
453,279,56,55,54
395,167,41,43,46
341,0,78,70,78
687,423,45,44,48
402,60,32,29,30
232,446,48,52,50
857,408,46,45,49
391,121,35,37,39
511,117,41,44,46
1095,376,241,243,255
923,255,52,47,54
1010,390,45,48,51
930,166,45,47,51
841,100,52,48,51
491,89,47,42,47
408,338,48,43,46
718,444,45,46,50
43,237,33,30,30
1045,249,47,47,52
516,52,42,35,37
883,33,115,106,108
931,280,43,46,48
658,177,212,212,230
805,68,42,48,49
1115,376,237,231,246
773,391,44,47,48
57,376,39,44,41
231,483,52,51,54
191,299,43,40,42
722,165,43,44,48
30,196,61,77,61
889,113,48,48,50
850,453,50,50,52
530,465,160,160,176
1064,463,54,50,55
500,115,65,65,67
1147,461,234,229,246
217,156,33,30,33
538,277,44,44,48
448,487,177,182,199
149,465,50,49,50
689,135,42,47,48
424,479,141,82,74
1048,316,47,48,54
5,274,33,29,29
149,51,131,114,132
145,387,42,43,44
499,426,42,41,47
181,398,43,42,44
363,52,32,25,27
353,379,43,43,46
770,16,49,51,49
571,4,51,48,50
88,163,37,25,24
573,193,93,85,121
1007,239,47,48,52
980,139,48,48,52
729,484,154,148,161
931,78,47,48,50
569,225,233,232,255
155,480,45,47,48
766,286,41,47,47
613,487,130,123,132
1167,246,238,234,249
994,350,47,46,51
314,346,44,43,44
48,427,52,51,51
451,409,51,48,52
806,395,48,47,52
661,234,234,234,254
375,165,43,40,43
951,37,108,80,65
1161,59,237,236,250
371,185,201,200,222
257,43,210,213,236
943,335,44,45,49
1140,6,227,224,240
959,390,47,48,52
142,494,45,46,49
713,419,42,43,45
1159,431,232,233,247
231,262,199,199,220
111,412,46,43,46
278,445,75,73,55
543,328,45,43,47
319,307,45,44,47
414,69,33,33,35
640,463,174,183,201
249,329,43,42,47
778,59,47,46,50
1186,382,239,238,253
749,277,45,47,51
419,373,41,42,47
598,218,235,232,255
773,255,240,239,255
1009,142,46,47,50
945,82,51,50,54
731,435,47,44,52
850,84,48,47,51
751,463,122,119,90
702,190,240,236,255
69,212,171,166,183
817,295,41,45,52
1079,397,235,237,254
133,76,162,146,169
1044,476,48,48,53
682,447,44,43,50
385,419,45,44,48
166,40,165,152,172
1199,490,235,234,252
479,407,40,43,47
604,441,120,117,100
863,373,45,46,49
416,128,43,42,45
238,354,40,45,46
666,256,48,44,49
301,161,34,36,40
1045,439,47,49,51
322,396,43,44,47
948,195,44,46,51
828,411,121,118,128
546,465,151,154,164
156,259,210,208,230
1102,217,242,241,255
154,335,39,38,42
426,37,30,32,35
374,74,31,25,28
939,134,50,48,52
749,309,46,47,51
785,245,244,241,255
954,142,47,47,54
293,220,194,190,210
29,265,35,32,28
312,424,45,45,46
831,357,44,44,51
78,319,34,32,33
295,238,50,47,51
250,168,190,186,206
1163,305,237,234,250
1061,183,50,52,53
751,494,165,159,155
501,189,207,209,227
307,272,42,46,47
324,199,178,173,194
678,361,41,44,45
777,230,63,60,71
353,348,45,44,45
520,31,59,51,50
87,264,40,37,41
790,172,47,45,52
49,71,97,86,89
514,480,110,107,75
609,130,44,45,49
614,479,173,169,175
377,299,45,43,45
720,178,46,48,50
757,399,55,46,47
574,347,40,41,45
482,290,54,51,57
847,436,47,45,51
640,366,45,44,46
900,373,48,47,51
721,277,45,45,49
525,117,44,46,46
715,188,238,237,255
282,391,45,42,46
835,452,49,44,49
366,217,203,204,223
903,3,191,133,75
748,294,43,43,48
1010,70,101,87,79
803,308,48,45,51
196,178,186,180,202
142,77,165,152,172
871,97,47,48,50
787,171,47,46,49
970,41,94,72,58
1093,255,243,239,255
754,420,44,44,48
547,337,44,41,47
1079,48,59,58,60
1173,360,232,231,248
424,97,38,36,45
941,267,47,44,51
522,3,58,56,59
654,228,238,237,255
249,19,199,190,208
795,454,47,49,50
517,37,26,24,26
833,299,46,45,49
34,205,107,106,109
521,143,43,44,48
1105,54,235,234,252
985,171,48,48,49
849,27,91,90,84
1024,21,101,80,62
411,19,38,26,30
633,45,44,47,48
641,391,171,169,170
109,429,56,56,55
79,455,49,49,50
1013,362,48,48,49
700,329,41,43,45
985,62,111,92,78
706,24,55,52,54
342,34,40,30,32
424,216,224,222,244
503,83,50,49,51
9,469,53,49,53
641,300,42,44,46
849,419,82,100,133
761,250,242,240,255
649,56,47,46,48
766,231,181,177,154
157,259,213,209,231
318,364,44,43,45
551,115,41,44,46
71,3,69,61,70
45,290,36,33,35
441,28,41,37,37
75,374,44,42,43
1100,113,237,236,254
1132,353,227,227,242
740,94,46,47,50
953,18,108,75,63
554,27,46,50,49
859,330,45,48,51
136,319,32,33,36
309,299,41,44,44
632,146,43,45,49
596,7,105,97,87
1091,412,245,242,255
855,183,49,46,51
795,496,166,162,174
862,240,153,156,155
981,220,47,47,51
738,8,51,48,54
552,128,46,43,46
125,450,48,47,51
1072,340,49,51,52
594,304,43,44,47
766,398,43,47,51
1162,29,235,232,251
918,315,47,45,48
1013,298,49,48,51
73,297,33,30,35
267,220,188,184,202
966,198,45,47,50
57,348,41,41,43
693,323,48,47,48
104,285,34,31,31
445,456,136,114,116
966,224,45,47,51
381,467,66,59,56
51,184,173,35,44
1055,449,47,48,52
563,83,44,44,48
593,464,135,126,111
265,267,48,46,49
369,477,65,55,52
998,224,46,48,51
356,213,108,109,135
89,495,48,49,52
749,120,46,47,52
562,493,153,146,137
479,156,42,44,46
519,140,47,48,51
409,306,39,44,46
1161,251,238,234,252
884,163,49,47,52
20,386,46,44,46
121,42,163,143,163
285,351,45,45,45
217,407,49,45,49
891,223,236,237,255
508,494,117,105,65
1197,131,243,237,255
457,236,231,233,251
570,259,232,231,255
877,365,46,47,49
136,46,133,117,134
581,225,234,235,255
566,97,45,44,49
20,490,61,62,53
425,294,48,45,46
826,85,46,48,51
249,455,68,64,49
87,21,116,104,113
90,401,44,42,46
236,273,204,204,225
71,70,32,31,32
711,332,43,42,47
756,201,90,89,101
835,494,155,149,130
1027,403,49,48,50
938,1,130,86,69
685,134,45,46,49
1007,110,49,48,53
860,224,238,238,255
638,242,48,45,49
618,463,100,103,101
840,7,98,96,92
77,3,59,62,67
494,15,74,56,46
137,371,43,40,44
10,360,46,45,47
623,54,45,45,51
729,98,48,47,50
146,228,90,94,120
907,422,49,46,49
1167,78,236,234,252
651,274,45,45,47
956,389,43,47,49
434,291,42,45,45
1123,236,231,229,245
639,214,195,202,234
642,456,194,203,224
1091,354,250,248,254
578,249,235,235,245
334,181,195,193,212
1108,224,235,235,253
386,345,42,44,45
1044,5,85,69,61
921,491,172,159,120
638,495,149,148,156
914,362,45,47,50
156,21,158,142,165
586,88,45,46,49
362,285,40,43,47
240,175,190,187,205
1165,281,241,239,253
767,82,41,45,49
1107,239,233,232,249
215,357,45,42,46
534,297,45,44,47
1079,261,55,56,60
1013,106,47,49,51
104,73,141,123,144
56,401,43,42,45
995,404,46,48,51
68,491,50,49,53
241,122,35,26,28
1199,466,239,236,254
432,257,230,230,251
285,407,44,42,52
970,284,44,45,50
564,37,41,42,46
241,349,42,45,46
126,242,169,163,179
875,50,106,101,94
565,286,44,44,47
879,85,48,46,51
1153,454,231,229,247
889,47,101,96,94
960,425,44,46,48
702,303,48,47,51
213,109,38,41,45
101,33,187,184,204
876,183,49,46,52
371,170,48,47,49
139,298,37,34,34
195,494,47,45,48
492,395,44,42,43
278,341,41,43,44
306,115,29,28,27
381,254,216,214,237
648,369,44,44,47
109,100,157,28,35
445,435,128,110,111
251,233,74,67,84
725,336,45,46,48
858,443,48,46,49
1051,142,46,49,52
750,348,47,46,50
416,471,136,126,130
832,88,45,49,50
382,401,44,41,45
237,414,44,43,44
128,59,160,143,164
1032,388,46,48,51
978,231,42,47,49
1107,254,237,236,249
932,111,45,46,53
932,120,47,46,48
65,341,40,39,40
1171,166,237,236,254
931,230,44,48,50
1104,256,235,233,253
509,67,31,30,32
1145,316,235,230,244
979,104,49,48,52
317,25,43,44,45
759,121,46,45,48
6,203,33,28,33
167,305,34,39,40
1183,286,242,237,250
723,214,239,238,254
784,253,245,239,255
678,486,111,85,63
659,349,42,43,45
780,72,49,47,53
535,248,226,223,248
1129,471,226,224,241
616,155,46,46,48
151,474,46,47,49
196,371,44,44,47
899,372,44,44,48
586,407,43,42,45
964,442,50,49,51
57,147,185,145,153
22,155,164,28,36
277,113,32,25,30
1056,341,49,48,53
163,357,42,40,46
780,222,238,235,254
152,43,145,130,152
731,68,46,46,49
462,178,44,46,50
620,404,42,45,46
447,388,38,38,45
367,392,41,43,47
296,475,125,116,88
344,110,30,29,27
788,98,47,46,49
31,470,44,47,48
778,242,235,235,255
384,377,43,44,45
531,150,44,44,48
533,459,154,151,159
1187,303,241,235,254
141,463,47,47,51
794,228,240,237,255
1026,472,50,48,51
320,467,112,108,110
977,220,46,48,50
975,270,46,47,49
1039,337,46,48,53
812,135,48,47,48
800,448,44,46,50
1095,17,160,158,165
764,193,50,50,55
486,310,41,45,47
499,208,71,64,85
332,277,43,45,46
751,141,44,47,50
700,226,181,174,228
328,125,33,29,29
453,498,119,114,85
970,151,47,47,52
996,352,48,46,49
168,261,207,204,226
586,90,45,46,48
463,209,84,64,91
88,179,212,204,224
1106,268,234,231,251
194,153,37,33,37
245,131,31,27,23
1030,322,48,49,55
754,7,51,49,52
1177,290,238,236,253
484,195,77,75,83
385,395,46,43,48
640,174,123,117,129
351,450,81,79,56
689,197,240,238,255
570,25,49,48,49
525,29,61,41,31
1100,346,242,240,255
257,499,91,76,55
267,226,189,186,206
200,309,42,42,44
414,395,42,45,46
529,236,88,90,101
325,38,34,31,32
529,406,44,42,45
522,254,228,229,247
121,2,112,109,115
400,119,41,38,40
293,258,201,197,220
193,10,162,79,106
1080,56,242,244,253
801,466,51,46,53
858,463,49,48,51
586,33,44,43,49
735,81,43,47,50
847,283,43,46,52
243,256,198,196,215
537,242,152,153,191
380,327,43,44,43
915,478,46,48,53
165,107,197,188,212
865,471,45,48,48
495,10,84,63,49
1114,285,231,230,249
154,337,38,39,41
81,120,156,34,42
993,474,46,47,51
363,54,32,25,28
195,121,38,39,43
633,185,240,233,255
757,5,48,49,50
250,108,34,29,33
591,480,141,138,118
8,397,47,46,49
15,40,67,63,70
708,342,42,44,48
202,216,187,184,203
1059,56,80,71,71
1033,167,49,49,52
1014,390,46,46,51
350,444,76,73,53
351,432,94,90,60
938,468,47,46,50
659,81,47,45,48
615,13,47,49,51
708,237,236,236,255
820,92,46,45,50
15,314,39,40,42
562,79,42,44,45
438,423,79,79,92
318,361,44,42,44
905,46,87,84,78
80,235,54,55,60
800,456,45,48,49
612,418,46,43,46
595,155,44,46,48
374,93,30,32,35
33,139,158,25,34
12,46,62,63,68
1160,442,230,230,247
470,302,39,39,40
1069,462,83,65,54
872,82,47,47,50
945,385,46,45,49
867,439,46,47,50
197,39,193,178,200
573,71,42,44,48
726,57,43,46,49
702,272,44,48,50
1109,129,233,233,251
72,135,175,106,133
899,457,48,49,53
1092,59,123,129,203
693,258,44,47,51
472,246,139,134,158
975,212,47,46,52
1112,499,225,225,243
436,165,43,43,45
367,175,192,193,216
859,276,49,48,49
97,85,154,29,41
473,344,46,48,53
401,365,44,43,48
978,169,47,51,50
171,233,125,111,114
699,201,241,235,255
729,214,64,61,71
178,163,40,36,41
405,478,60,58,56
755,484,162,159,154
147,293,37,36,36
702,395,80,68,56
586,266,234,235,255
691,339,46,44,46
1199,181,239,237,255
942,354,44,44,48
791,486,157,150,168
780,128,45,46,51
1072,149,56,53,57
862,296,48,48,51
754,224,159,155,120
198,83,197,191,212
954,47,100,76,62
49,494,82,75,67
1134,152,232,229,245
407,415,46,44,47
523,115,43,46,46
1087,258,248,247,254
258,126,30,25,31
464,359,58,55,56
600,272,45,45,49
658,367,44,44,47
765,83,46,47,51
1187,290,238,235,253
1196,437,239,236,250
380,402,41,42,42
616,124,43,45,48
224,235,127,121,143
759,87,44,47,51
334,241,203,203,226
947,465,46,48,51
129,265,214,213,235
497,300,43,43,49
909,323,46,45,48
590,91,42,44,46
4,310,43,37,42
693,142,46,46,50
390,33,38,31,32
469,354,49,52,55
511,149,42,46,45
178,74,133,122,143
1188,224,238,237,252
70,220,224,224,244
372,265,212,215,235
1061,176,50,49,56
246,453,60,61,51
286,381,42,44,48
227,424,49,44,50
873,3,86,83,79
765,466,132,129,103
737,135,46,46,49
465,125,43,44,47
644,64,45,46,50
136,77,160,147,169
928,460,45,48,51
583,225,235,235,255
1034,36,102,77,64
925,70,77,71,66
513,228,222,222,245
398,327,42,44,46
783,83,45,44,54
689,212,239,237,255
139,301,39,35,37
732,443,48,45,48
301,212,63,52,64
4,167,113,111,108
467,330,49,45,48
521,321,42,44,45
978,415,46,47,48
1195,485,238,234,252
552,207,228,224,248
391,492,88,73,54
1172,134,239,235,251
394,337,43,44,47
542,451,130,129,139
788,136,45,47,49
261,5,42,33,37
780,176,47,44,53
913,115,46,47,50
534,79,44,42,45
365,454,101,97,94
100,220,210,211,237
94,9,100,95,108
1177,329,234,233,250
1132,368,227,225,243
1002,289,49,50,51
136,110,161,36,40
208,63,37,27,32
737,405,108,98,81
543,48,44,43,48
811,79,47,46,49
219,467,50,46,48
856,101,42,46,51
57,335,32,36,37
38,383,43,44,45
903,252,240,237,255
160,241,57,47,64
1191,274,240,238,253
530,298,45,44,48
159,235,127,116,124
632,70,42,46,51
824,328,46,45,49
949,203,48,48,50
762,484,157,152,157
91,102,155,22,37
401,94,36,37,37
1147,462,228,226,242
783,155,47,47,51
190,389,44,46,47
309,224,195,194,216
801,100,47,48,53
990,205,45,48,53
43,495,89,82,76
279,68,38,37,40
166,32,169,150,175
832,11,88,87,84
1083,376,54,55,61
281,295,43,41,48
980,468,49,49,52
234,80,46,45,54
922,422,48,47,51
1008,192,42,49,54
726,222,175,175,232
126,194,64,62,74
90,76,151,24,37
1042,43,74,66,60
987,470,46,46,49
410,255,227,227,250
850,3,97,96,89
381,335,44,44,47
384,379,46,43,43
213,494,47,46,46
894,247,240,238,255
92,49,25,24,28
187,171,190,187,208
292,349,41,43,46
841,225,238,236,255
1014,459,50,47,52
885,392,45,46,51
496,317,43,44,50
106,84,180,159,184
1112,42,236,234,249
363,119,31,29,32
345,375,46,43,47
652,438,45,43,44
750,90,47,45,49
279,371,44,42,46
476,185,47,47,50
1151,446,235,229,247
311,90,36,27,30
1147,108,235,233,247
84,3,63,68,76
1125,342,231,228,242
133,471,50,48,52
186,382,40,42,48
612,10,49,49,52
777,294,48,45,50
61,46,114,104,117
352,136,33,35,33
1044,460,47,49,52
742,386,43,45,48
1184,218,238,237,254
297,290,43,43,47
57,408,44,45,46
431,208,222,220,243
184,439,47,46,48
1144,439,232,231,244
421,146,44,43,45
1065,289,102,98,173
622,439,45,47,48
935,160,46,47,52
891,307,44,44,49
1145,433,232,230,247
639,171,50,50,50
163,244,165,157,165
456,13,98,71,51
980,494,46,47,49
821,32,62,60,58
690,341,44,45,48
128,380,38,42,47
1186,345,240,236,254
1177,219,239,236,253
720,208,238,236,255
395,435,187,198,206
835,100,47,48,52
590,55,46,43,46
822,489,161,159,168
1035,214,46,50,48
161,215,195,190,210
1059,13,90,72,60
686,248,46,48,52
1188,93,236,236,253
788,140,46,46,51
787,302,45,45,50
1019,285,46,47,55
1195,478,236,234,248
944,381,42,44,48
843,386,46,45,50
481,71,40,42,43
866,128,47,48,50
295,375,43,44,47
845,134,50,47,52
374,357,40,43,48
119,484,46,48,51
481,202,115,115,135
407,181,49,47,48
1001,214,49,47,50
334,200,189,195,210
205,190,188,184,203
596,338,47,45,47
1034,166,49,48,54
113,38,193,192,212
279,360,45,45,46
874,453,48,48,50
537,393,40,42,44
1021,483,46,47,50
608,442,163,167,169
250,230,137,134,160
731,321,46,46,50
1088,281,162,166,244
1157,238,241,236,251
867,62,101,79,61
141,128,202,193,216
1148,212,232,230,249
621,432,47,45,47
233,442,52,51,49
997,396,46,47,52
805,389,48,46,50
1021,385,48,48,54
520,319,42,43,46
102,325,40,37,40
1105,354,240,237,255
954,340,45,45,52
726,161,45,46,47
898,85,47,47,51
678,338,45,44,47
528,97,48,43,50
317,276,44,41,47
201,168,39,32,36
1061,353,52,48,55
345,285,45,44,48
288,70,36,31,36
792,496,161,160,174
716,226,55,57,62
915,253,100,110,178
626,34,45,45,48
331,27,40,35,37
274,238,135,124,134
954,456,56,54,112
315,467,127,119,104
798,481,156,152,169
536,450,156,147,156
108,200,230,229,255
368,466,65,60,53
335,376,42,44,50
435,170,43,45,48
637,268,44,47,50
695,446,45,42,48
627,238,51,52,55
25,199,109,107,109
519,472,118,113,110
861,243,239,236,255
68,279,37,31,34
777,344,46,47,49
1060,2,100,78,65
781,282,55,50,60
562,242,230,231,255
793,161,45,47,50
788,473,171,165,178
1020,424,46,47,51
252,306,45,42,46
762,287,43,46,50
294,487,62,64,60
475,4,59,47,40
703,454,63,53,45
665,345,47,47,50
1081,403,52,54,59
35,176,174,31,42
712,155,46,45,50
69,144,189,143,166
1040,161,48,50,52
719,53,45,47,53
1010,218,48,47,53
502,52,39,45,43
106,186,219,226,248
1038,429,51,47,52
181,163,38,36,37
33,256,31,28,28
252,450,67,65,52
332,462,87,81,77
603,261,46,45,48
284,449,68,67,50
651,424,41,46,45
316,335,46,42,50
97,96,157,32,36
509,192,219,217,236
1136,199,230,229,245
145,228,100,102,130
612,241,235,234,255
746,200,162,153,176
712,152,46,47,49
845,175,42,46,51
221,256,200,196,218
958,8,110,80,63
918,95,47,48,52
195,212,187,185,203
717,184,92,87,100
210,231,191,187,207
807,481,165,162,176
747,198,61,57,62
853,84,45,46,50
32,269,37,32,32
340,416,43,44,47
249,373,44,43,46
870,70,47,45,53
22,321,40,40,42
961,9,109,78,60
773,100,47,46,48
550,445,140,140,148
948,359,44,46,49
369,245,62,56,60
1147,382,231,230,244
743,291,48,47,49
1151,407,232,230,242
93,57,30,32,32
767,345,45,46,45
250,1,181,169,186
819,169,44,46,53
962,112,44,48,50
111,484,46,45,49
932,411,47,46,52
1162,67,238,233,250
747,283,49,50,54
1022,150,49,49,52
208,274,208,206,226
475,478,145,150,174
970,74,70,62,57
1088,163,114,119,135
164,199,77,69,97
454,225,228,228,253
888,211,48,49,53
178,124,154,161,178
546,296,42,45,46
394,63,31,29,30
694,14,52,52,54
1051,95,51,51,57
667,53,46,45,49
750,294,47,48,51
1086,311,74,81,82
766,433,46,46,50
429,444,148,96,87
1043,462,51,47,51
19,203,21,21,26
629,164,44,45,50
1006,477,48,49,49
754,81,46,46,47
924,168,47,47,51
1141,458,232,229,245
1111,223,233,230,250
326,222,198,198,218
140,475,49,49,52
236,24,190,179,201
564,483,162,152,153
1195,312,241,237,252
68,462,46,47,49
907,284,47,45,50
1125,322,231,225,243
566,283,44,44,47
956,221,46,48,49
1122,392,230,229,246
739,36,51,49,50
398,106,39,36,38
551,69,44,44,47
491,231,104,105,128
763,312,46,44,47
1083,432,244,244,255
523,67,43,43,44
487,419,44,43,43
510,160,45,48,50
890,156,50,48,51
174,52,163,148,169
1014,152,49,48,54
747,224,236,236,255
317,412,44,41,46
1151,15,235,232,249
1173,332,234,234,250
835,221,242,238,255
1073,270,53,51,55
478,221,85,80,90
690,134,44,46,49
64,478,57,52,53
337,174,189,187,208
1009,80,102,87,68
553,146,39,44,48
763,18,51,49,54
415,299,43,42,46
407,107,42,38,41
859,288,46,48,49
716,163,48,47,49
564,366,42,42,44
537,88,45,42,47
205,269,202,203,223
54,34,93,84,103
481,327,45,46,49
777,168,49,50,52
204,417,48,43,47
258,182,187,184,205
859,14,96,92,87
1092,347,247,248,255
474,273,32,32,31
636,266,45,43,49
71,429,63,62,55
351,261,213,212,235
64,264,39,29,30
811,139,49,46,54
892,143,48,49,50
76,400,42,45,47
350,80,28,25,28
1077,83,68,64,76
169,274,213,209,233
221,137,31,30,32
166,337,43,40,43
243,56,214,213,233
349,471,62,56,53
76,140,160,47,55
798,361,44,46,47
103,390,42,44,48
348,319,41,43,46
84,478,86,76,80
483,383,41,41,45
697,117,46,47,50
32,205,67,63,76
253,362,44,43,47
712,124,42,46,49
1180,399,239,236,252
139,457,48,49,53
1,293,36,33,38
182,75,198,186,211
1132,45,230,228,245
745,316,42,48,48
784,330,46,44,50
239,411,46,45,45
438,48,36,35,39
993,371,49,46,51
793,441,48,45,50
93,381,42,42,46
550,250,233,230,255
1113,231,233,231,246
873,485,167,156,90
573,38,44,42,47
1024,222,47,45,53
459,345,25,24,23
465,227,231,230,251
1175,283,240,237,252
840,120,43,47,51
799,464,41,49,52
256,132,31,27,29
1042,139,49,47,52
836,69,49,48,52
350,388,43,43,46
330,315,39,44,46
1158,416,236,231,251
1145,138,233,229,245
62,141,158,48,71
354,438,95,90,62
14,27,227,227,247
224,221,190,187,206
621,365,45,43,46
1098,245,238,238,255
872,128,48,48,53
85,113,154,27,35
553,48,44,44,46
866,42,102,97,95
38,120,149,20,32
491,213,191,196,201
345,141,35,33,34
1011,290,48,48,51
43,280,33,31,30
827,208,47,49,51
145,436,47,48,50
68,139,166,90,103
873,159,51,45,50
732,450,44,45,47
822,298,43,48,51
1160,111,235,235,249
1134,487,226,226,243
929,124,45,46,52
1109,357,237,235,251
941,282,45,47,48
716,224,58,57,63
250,177,189,189,204
192,464,44,46,49
1104,295,236,232,250
1140,13,231,231,245
987,104,51,49,51
104,88,155,31,48
104,308,35,34,36
452,493,178,180,189
299,218,192,189,211
426,181,48,47,49
465,91,42,43,45
263,236,81,84,103
964,151,49,47,53
937,303,43,46,46
732,53,46,46,48
194,96,123,121,139
554,158,42,45,48
1138,373,233,230,246
536,22,62,52,47
200,317,45,41,46
539,271,52,48,55
968,266,47,47,51
900,327,46,46,48
317,395,41,44,45
397,443,198,205,220
783,30,51,49,53
643,272,42,44,45
460,261,239,237,255
230,440,54,55,51
137,13,194,193,213
342,24,43,34,36
372,400,38,44,44
809,236,61,62,66
863,356,49,46,46
1018,317,52,48,52
131,125,196,184,206
711,336,43,45,49
971,263,46,46,51
84,70,179,158,167
653,478,87,68,53
881,319,51,47,51
635,261,38,46,50
850,390,43,45,47
988,272,47,50,49
639,443,47,46,48
756,135,41,45,48
1125,426,229,227,242
1124,278,227,226,243
640,382,57,45,45
923,424,47,46,50
379,118,38,36,41
270,365,43,44,45
867,257,236,238,254
1064,70,69,60,62
35,2,227,224,245
375,265,213,214,235
1068,65,101,89,77
1099,17,241,236,255
607,21,47,49,51
283,78,36,32,36
667,43,47,45,51
877,495,170,158,117
400,37,38,28,31
455,351,32,28,33
704,227,66,61,62
1174,257,242,236,252
484,356,43,45,43
956,120,49,47,50
568,284,43,44,46
691,180,59,55,65
277,3,205,196,216
35,312,36,34,37
253,325,45,42,48
481,243,64,65,66
341,288,45,42,45
501,482,123,114,70
1182,283,242,237,254
846,22,89,87,84
608,137,41,45,46
459,414,47,48,52
17,411,44,43,50
711,290,41,45,45
372,386,40,42,46
287,494,47,47,50
714,186,237,233,255
182,8,156,28,47
231,240,196,192,210
677,362,42,43,50
610,390,39,43,43
575,436,46,45,51
245,481,75,70,56
72,213,226,229,250
404,21,40,33,31
344,103,32,27,28
367,440,98,91,86
88,29,112,105,114
1109,91,236,231,252
309,417,46,44,46
872,106,44,48,52
817,186,50,47,52
254,321,42,43,44
421,188,218,217,237
533,62,47,43,46
600,85,45,43,49
290,350,41,44,49
624,2,53,50,50
1016,33,93,72,60
987,469,47,47,48
1071,22,61,58,61
530,83,48,43,45
388,42,30,22,25
589,401,42,43,44
954,465,46,46,52
288,373,40,44,44
1134,110,232,227,243
1029,245,45,48,56
667,55,47,44,48
680,170,48,48,51
631,110,41,47,48
586,217,236,232,255
987,116,43,48,53
464,365,54,60,61
304,181,189,189,207
11,174,114,115,120
241,433,71,70,53
437,291,45,41,49
770,276,50,51,53
1170,203,237,235,253
521,438,138,137,154
567,463,143,135,141
892,144,49,49,52
1132,220,231,228,248
596,47,46,43,50
545,180,224,224,249
608,42,42,45,49
79,253,208,208,233
444,257,234,230,252
310,353,44,43,44
154,89,153,141,160
942,373,47,45,49
1104,388,242,240,255
12,7,226,224,245
938,165,50,46,51
131,152,144,137,162
1060,51,110,105,103
1138,37,232,228,242
957,205,47,47,53
829,499,165,159,160
203,46,166,38,50
875,297,46,47,47
609,389,41,44,45
1157,180,236,235,248
1144,94,234,231,247
931,376,44,44,49
866,92,51,48,52
264,332,43,44,46
802,319,48,48,53
538,184,227,224,249
723,213,241,238,255
507,138,47,42,48
485,374,39,45,43
66,473,54,51,52
6,93,135,98,93
422,45,32,29,35
623,498,105,101,96
930,69,85,83,75
1185,108,238,236,255
186,40,163,56,83
754,59,54,52,55
63,33,148,147,162
1092,191,246,245,255
630,131,44,45,47
907,49,84,83,77
461,167,43,44,46
215,214,188,189,204
1115,107,231,227,245
635,146,47,46,50
281,83,31,28,33
976,312,46,45,49
1011,291,43,46,51
930,375,42,46,48
280,411,42,44,49
946,39,108,80,61
1000,190,48,49,54
453,301,46,46,49
63,322,35,35,39
178,462,51,46,53
400,248,196,196,209
455,240,168,166,203
431,367,41,43,45
161,208,96,92,95
1044,364,45,50,52
887,356,48,49,50
357,253,210,210,231
128,339,39,37,40
503,380,41,40,46
850,90,48,47,51
752,128,47,48,51
528,241,120,116,120
439,274,232,233,255
459,312,78,77,80
449,291,44,46,46
676,255,47,46,50
310,59,34,28,32
829,107,44,48,49
894,222,100,96,109
461,154,40,45,48
261,436,61,60,53
258,25,207,197,217
315,169,45,42,44
1027,312,46,49,51
944,265,44,47,49
479,145,47,43,46
265,64,48,49,53
938,170,47,48,49
106,222,204,205,228
980,241,47,49,50
959,321,45,48,47
969,320,41,45,49
525,252,226,224,246
508,117,37,35,34
1069,417,55,54,57
432,470,26,24,26
82,238,80,75,105
233,108,36,33,38
1123,214,229,228,241
576,395,43,42,49
778,171,46,48,51
478,427,46,42,46
547,36,43,42,48
22,142,161,24,33
75,450,48,46,51
351,284,47,43,48
777,134,50,48,50
719,380,42,45,47
1142,289,229,226,245
972,290,49,46,52
1180,419,235,234,250
620,170,47,47,52
699,420,43,44,47
343,320,46,43,45
705,343,45,46,48
1004,485,44,48,51
718,249,240,238,255
897,83,50,48,52
386,469,72,63,55
1001,21,126,92,70
532,486,149,143,139
203,6,158,31,38
601,263,46,46,50
245,174,189,182,203
1145,244,230,230,246
690,52,50,45,49
178,284,47,43,66
1126,97,228,227,242
306,380,42,44,45
465,281,62,64,75
1191,340,239,236,252
463,381,47,51,55
707,271,45,44,51
463,246,222,229,251
397,198,209,209,232
656,275,44,45,46
763,24,49,50,49
192,385,44,43,46
460,257,203,202,214
469,0,65,53,41
691,343,42,46,44
24,53,55,57,53
567,246,230,232,255
12,54,143,133,144
167,420,50,48,53
658,20,51,51,52
423,363,46,41,48
549,97,45,44,46
212,463,44,45,50
300,91,33,25,30
1180,332,237,234,251
3,129,156,22,31
753,381,46,45,49
935,454,49,46,64
228,47,203,192,213
845,17,91,88,82
803,280,50,48,52
670,496,108,79,62
303,420,42,43,48
806,153,43,47,49
443,110,39,42,43
600,401,42,43,47
444,75,43,40,41
537,296,44,44,48
503,494,113,103,63
385,93,36,32,35
644,348,38,46,47
1079,239,53,53,57
991,422,44,47,51
1135,249,231,230,241
428,256,231,227,253
952,389,42,46,48
1171,224,239,237,252
827,262,59,52,64
345,250,211,208,230
224,330,41,42,45
687,41,46,47,53
881,17,93,91,88
57,99,150,24,33
482,152,44,44,49
171,380,42,43,46
781,339,48,44,51
959,116,49,48,52
629,256,48,46,50
938,360,44,43,52
749,214,238,239,255
182,78,84,66,97
825,325,45,48,52
770,83,44,45,49
632,471,171,169,181
651,147,42,47,47
215,323,42,42,45
297,292,43,44,46
125,200,210,213,234
989,50,101,73,61
539,62,41,42,46
715,492,153,148,161
682,132,43,45,52
830,490,167,162,173
450,237,233,232,252
492,410,41,42,44
1114,67,229,229,246
467,176,46,45,49
840,408,45,45,49
465,72,40,42,45
139,146,148,149,167
787,157,47,46,51
428,421,45,44,49
709,344,46,44,47
308,340,39,44,44
793,473,172,160,152
246,317,42,43,45
80,439,47,47,51
1136,113,230,228,244
883,141,44,46,51
1091,207,179,168,117
572,465,131,127,123
392,102,35,35,36
199,338,44,40,45
241,470,92,92,61
1166,418,238,236,252
226,239,172,175,185
961,350,48,48,50
8,68,104,94,106
1025,214,48,48,53
603,358,46,44,47
940,412,44,46,49
1163,457,234,232,249
110,225,204,201,223
84,76,150,28,33
622,54,43,43,48
1028,89,59,58,53
329,301,43,43,45
226,420,42,45,48
1067,365,48,50,53
653,199,238,236,255
880,455,43,49,51
637,347,47,48,51
713,251,240,235,255
351,268,215,216,238
1171,217,241,234,252
749,271,49,46,52
897,499,173,161,90
605,434,46,46,47
655,156,46,44,48
1023,173,49,46,53
586,289,45,44,46
208,81,107,105,127
1174,339,237,237,254
323,256,206,206,227
1181,391,236,237,255
837,5,98,94,91
882,298,49,48,51
806,221,240,239,255
407,458,62,59,56
450,212,80,75,83
335,327,42,43,44
250,69,37,41,44
244,304,41,41,46
738,30,46,49,50
1022,138,48,48,52
5,188,115,111,117
869,380,44,46,49
1020,363,45,47,51
121,192,217,220,244
887,404,41,47,47
542,196,231,227,249
238,363,42,42,46
82,446,50,46,48
196,180,187,182,203
279,21,209,214,233
219,407,45,42,48
1045,386,49,49,52
612,247,234,237,255
504,421,42,42,44
613,316,43,42,48
751,99,45,44,47
95,228,208,207,230
970,202,46,50,53
968,231,44,47,50
647,144,47,43,51
116,229,50,45,49
739,33,50,51,52
322,125,32,27,29
634,22,51,49,51
1155,276,236,232,250
959,487,47,46,50
483,119,43,43,46
230,92,37,38,42
314,124,37,29,29
524,310,46,42,47
707,388,42,46,48
611,271,45,44,48
253,342,43,43,47
1018,323,47,47,53
357,66,29,25,28
443,293,45,44,48
117,169,236,241,255
339,288,43,42,49
834,246,212,217,231
1071,174,48,52,55
1114,96,233,230,247
612,430,46,46,48
779,260,241,239,255
383,369,41,41,45
121,264,216,213,234
1197,174,238,236,255
610,136,48,44,49
701,179,50,49,55
189,57,162,58,81
1186,466,232,234,251
1000,37,121,90,67
541,365,42,43,44
1,372,43,46,48
422,433,43,45,47
1118,273,227,228,243
1015,33,93,73,63
691,72,45,45,49
947,156,49,47,50
731,111,43,46,48
254,307,44,42,47
671,309,45,47,50
593,280,46,46,48
618,96,45,47,47
566,246,230,231,255
813,144,50,49,52
908,59,99,95,92
119,25,30,28,29
936,344,44,45,48
389,133,41,39,40
1011,236,48,48,49
764,434,44,47,51
15,342,41,42,43
858,173,44,47,50
580,32,46,43,47
175,475,48,48,50
364,368,44,42,46
1049,388,48,49,55
62,196,58,48,47
631,141,46,47,50
625,110,44,46,47
93,317,29,32,33
498,148,34,32,37
421,307,42,45,48
502,377,38,44,44
314,227,120,122,146
91,302,38,31,36
304,498,51,48,47
879,338,47,46,49
1101,316,237,236,255
523,492,103,98,66
984,311,45,46,48
520,398,40,40,44
1109,141,235,233,250
876,3,100,94,87
188,81,139,130,153
100,419,53,51,52
1081,336,52,52,54
1089,394,249,245,255
687,272,50,47,51
104,365,41,40,42
401,355,48,46,47
957,73,60,59,64
872,491,151,141,99
427,311,40,43,44
572,228,234,235,255
327,395,45,43,47
663,127,44,46,48
1147,299,231,229,248
984,420,47,46,49
984,458,48,50,54
36,338,42,38,40
927,270,46,47,50
227,52,209,198,218
1103,409,236,237,255
1199,202,239,237,255
414,195,216,217,234
938,174,47,45,51
1070,465,186,172,100
231,347,39,43,45
1080,322,248,247,255
514,17,84,65,50
820,443,48,48,52
50,302,42,34,36
341,237,203,201,225
1015,364,47,48,52
1160,319,233,231,250
1138,470,229,227,242
952,252,46,46,49
611,451,175,179,203
1097,6,234,229,241
28,166,172,32,39
317,98,33,26,27
545,467,151,148,156
411,141,42,42,43
163,99,202,190,214
1185,210,239,236,253
971,222,46,49,52
15,58,32,27,29
122,273,211,212,234
1014,205,47,49,54
155,238,199,195,213
804,176,50,46,51
156,267,212,208,231
81,138,159,31,42
847,58,61,57,55
53,335,34,37,39
434,468,21,22,22
211,203,72,67,73
740,273,46,46,53
464,470,181,185,203
65,39,114,103,115
359,343,41,43,44
439,150,42,43,45
411,207,96,103,118
353,419,43,43,46
865,165,45,49,52
969,333,49,47,51
821,441,48,48,48
341,489,66,63,59
876,316,47,46,51
85,306,30,32,33
818,215,243,238,255
228,228,189,185,204
124,179,201,199,226
208,33,163,31,44
270,401,43,44,45
887,32,116,112,109
601,56,43,44,50
263,416,41,46,46
505,264,218,220,241
1140,247,230,230,243
751,498,168,160,159
173,477,47,45,46
852,217,239,240,255
938,156,46,48,49
840,167,45,49,51
665,317,44,44,47
1059,324,47,48,53
890,440,47,47,53
961,209,44,48,51
535,277,48,45,50
1037,308,50,49,54
262,18,39,29,28
1028,189,45,47,50
99,264,47,41,44
999,5,130,94,69
33,307,41,38,39
703,83,44,44,50
183,45,174,136,148
1045,24,105,83,64
780,193,47,48,52
1084,249,251,251,255
512,56,52,50,55
804,115,44,48,52
1096,255,241,237,255
1078,227,56,54,61
765,427,47,46,51
536,351,42,42,46
392,77,31,28,28
577,111,44,43,47
497,97,46,43,47
720,328,46,44,47
1125,488,227,224,243
932,418,47,49,48
663,472,95,73,56
574,80,46,48,50
1171,3,240,237,253
139,356,39,39,42
738,35,50,50,51
845,78,45,45,50
937,164,47,48,48
1093,178,247,247,242
393,108,36,37,39
623,393,45,44,46
1193,180,240,238,251
313,38,38,40,39
118,360,42,41,41
306,97,34,24,30
745,459,48,49,50
623,448,178,186,200
1119,40,230,229,245
595,345,42,45,46
550,117,42,45,46
1032,411,48,48,53
215,95,118,116,130
30,402,43,44,45
628,363,44,43,45
491,389,40,42,43
437,200,113,102,135
135,20,188,192,207
344,256,204,205,226
103,202,232,233,255
632,88,42,45,50
999,335,44,48,51
477,136,41,43,47
459,70,43,41,44
135,175,57,55,61
878,116,50,48,50
1038,394,48,48,52
435,9,36,29,31
996,199,45,48,52
116,217,204,203,225
134,198,128,126,133
980,457,82,62,51
679,499,111,79,64
12,125,154,24,32
542,475,136,132,144
143,470,49,45,49
529,291,44,44,49
998,303,47,48,50
38,293,37,30,31
455,335,77,79,86
950,315,48,47,51
544,113,40,44,46
742,233,241,239,255
38,303,36,35,37
106,288,37,34,33
590,401,46,43,44
26,54,87,79,91
726,137,45,46,50
556,356,42,42,44
558,485,129,121,109
550,316,44,44,49
89,484,50,48,54
950,156,48,49,51
36,455,49,50,53
905,399,44,43,48
951,170,49,47,51
502,154,43,44,45
37,210,63,60,64
451,290,48,45,49
656,302,48,43,46
621,5,51,50,52
88,361,37,38,40
779,89,47,46,53
916,402,41,47,47
300,20,47,49,51
750,421,51,47,50
350,270,62,51,72
483,67,45,42,48
1099,378,243,241,255
412,148,42,41,44
1122,253,229,227,245
895,318,44,47,49
874,470,47,48,49
1020,264,45,48,53
660,141,47,45,48
281,127,32,27,30
234,119,35,29,31
639,325,47,44,49
111,416,43,46,49
297,252,200,197,219
732,129,47,44,49
632,65,43,44,49
387,248,59,59,62
1067,229,51,53,55
1186,350,236,237,254
908,392,45,45,50
390,151,40,40,45
315,406,43,44,46
1050,409,46,47,51
436,478,40,30,25
469,220,134,125,157
273,488,88,75,53
529,145,44,44,46
66,477,59,53,51
559,248,232,229,254
1128,202,227,225,242
431,47,35,33,35
1193,375,240,238,250
621,96,46,44,48
751,471,140,140,122
830,470,48,50,52
35,408,43,43,48
1148,257,233,230,248
777,28,50,49,51
764,476,152,148,162
1061,394,51,49,55
562,319,45,43,49
882,453,46,46,50
999,115,48,49,52
277,373,43,43,47
452,0,72,59,41
862,220,235,235,254
192,288,43,41,45
264,85,39,33,40
154,299,42,36,38
1115,199,234,231,249
267,175,191,184,204
93,43,33,32,33
1099,487,234,233,247
373,488,56,55,52
65,117,151,26,31
368,59,32,26,26
185,17,156,26,38
175,165,36,37,41
977,219,47,48,51
1190,44,239,237,255
511,150,44,45,49
431,477,20,21,20
919,145,46,47,53
892,436,46,46,51
903,232,245,237,255
367,279,47,45,48
410,93,37,36,38
472,158,43,42,46
153,230,126,121,148
945,362,41,46,47
607,213,60,58,66
178,320,41,39,40
204,465,45,46,50
723,154,46,48,51
680,160,46,46,50
501,208,62,59,62
394,354,43,44,45
785,45,49,49,53
855,318,46,45,50
924,105,52,50,54
371,389,45,42,47
1072,377,54,51,57
953,147,46,46,50
128,7,141,129,151
1052,281,68,50,114
583,59,41,43,47
772,24,49,50,52
852,166,49,47,50
100,90,155,29,34
1015,186,50,48,53
445,139,40,44,45
325,326,43,44,46
542,127,39,45,48
300,347,44,42,46
711,445,47,46,51
21,352,44,46,44
278,91,35,28,31
32,227,31,29,30
252,121,31,27,28
229,226,186,187,204
823,367,48,47,50
50,468,47,47,52
1192,184,238,236,253
338,497,84,78,88
842,386,43,45,52
340,243,207,205,226
107,427,59,52,58
1097,69,237,236,255
979,25,100,75,58
175,291,34,39,42
812,495,163,153,157
1199,489,234,233,251
116,347,37,37,37
494,2,56,48,47
1085,44,61,57,64
556,363,44,43,43
96,315,35,31,35
744,193,233,237,255
728,366,45,45,46
1163,137,236,234,248
955,420,47,46,51
834,351,45,47,53
590,38,41,45,46
304,429,66,66,54
793,427,46,46,49
642,395,46,45,45
524,413,44,42,45
232,19,180,168,192
1053,242,48,47,54
172,323,39,39,43
556,29,41,45,44
958,333,43,46,48
511,304,45,45,48
290,423,42,44,47
1165,190,239,237,251
12,254,33,28,30
590,115,43,45,45
106,349,42,39,39
505,265,219,218,240
494,199,181,186,196
603,300,45,46,47
841,21,90,87,81
959,320,44,47,46
882,75,50,45,51
942,349,49,47,51
104,313,38,34,35
362,463,96,89,79
229,40,42,30,30
829,396,44,46,49
294,91,37,27,29
586,168,43,45,50
465,159,45,44,47
114,67,145,128,147
340,120,30,30,32
485,245,195,194,208
144,25,149,130,154
1010,301,47,46,50
1051,390,49,49,51
192,195,187,184,205
425,183,49,51,54
232,205,141,134,154
553,245,230,231,253
695,216,239,238,255
1134,39,231,226,243
123,483,47,47,49
708,138,45,46,48
555,460,150,145,156
682,72,41,47,49
841,50,82,68,57
950,0,109,83,65
925,422,49,44,49
308,91,30,24,27
453,158,44,44,48
311,145,32,30,32
995,455,67,47,79
566,295,42,48,45
1006,217,47,48,52
481,59,39,42,45
80,134,189,156,168
886,117,45,49,49
664,73,42,46,49
1149,50,233,233,246
1143,367,235,230,244
943,241,44,45,52
623,482,176,175,183
448,294,43,43,46
1011,485,48,48,53
191,478,47,46,47
753,374,43,43,45
499,116,66,67,69
250,57,110,112,128
653,364,42,46,47
1027,237,46,47,52
1135,168,232,229,245
800,335,42,47,48
4,36,223,223,245
1116,418,231,228,247
398,261,221,220,243
4,276,32,32,34
666,484,105,81,60
484,372,43,41,46
835,238,239,242,255
646,469,89,89,91
596,485,181,176,190
895,311,44,45,49
761,35,49,49,52
1009,403,49,46,52
789,241,197,194,192
1076,342,54,52,57
632,408,42,43,45
672,104,47,46,51
79,437,48,48,54
369,353,45,43,47
71,85,152,25,35
1037,121,51,47,52
424,153,40,42,46
281,289,42,43,43
717,362,38,44,46
84,130,166,82,98
1105,158,239,237,255
1189,263,241,237,254
1109,183,240,234,254
560,65,45,43,47
1028,305,46,49,50
1115,411,229,231,247
1190,449,233,234,251
560,109,44,44,44
119,291,36,36,39
773,112,45,47,50
403,51,28,29,29
841,495,159,151,107
704,6,53,51,52
1001,451,48,49,53
703,309,44,44,50
771,457,49,49,50
983,5,115,84,65
790,361,46,46,50
599,405,39,42,47
1146,431,230,229,245
800,238,239,239,255
233,382,44,45,44
127,143,34,28,26
854,55,87,70,57
888,248,239,238,255
907,208,45,48,47
766,349,42,45,48
169,392,43,44,47
399,79,34,32,36
124,19,31,30,33
759,56,46,48,51
214,348,44,44,45
207,172,187,184,204
686,11,49,49,53
1194,128,238,237,252
759,331,43,46,51
599,201,228,233,254
1104,164,239,238,255
1062,159,51,51,52
642,110,44,43,48
707,258,49,49,52
990,422,44,45,48
351,306,43,44,47
274,88,34,26,31
831,440,44,45,50
938,499,172,153,78
926,309,46,45,47
204,427,49,45,51
567,35,45,43,47
1011,141,51,49,54
536,473,159,161,179
3,465,49,52,50
691,448,42,44,46
1156,224,236,232,249
477,491,112,99,59
657,308,44,45,46
540,25,59,51,51
1029,366,47,48,52
453,376,25,23,24
523,437,139,137,153
667,414,43,43,47
1107,448,234,233,252
788,428,47,46,50
1139,17,234,230,247
868,237,241,240,255
1178,135,238,237,253
535,229,159,158,191
617,353,45,43,48
581,44,46,45,48
619,38,43,46,48
140,322,40,36,39
410,425,44,44,46
995,493,48,49,52
621,220,63,58,61
146,126,206,193,217
72,493,50,46,51
797,436,45,46,51
1046,225,46,50,53
762,231,86,89,139
190,381,40,42,46
495,305,45,43,45
1052,360,49,48,52
385,235,211,210,234
470,466,177,180,193
818,236,70,55,102
312,122,31,30,31
1134,121,229,226,241
510,223,221,217,240
490,155,57,56,58
756,334,45,44,50
422,462,165,160,172
168,79,164,154,174
894,264,239,240,255
455,404,60,61,67
719,429,40,43,49
580,485,170,165,170
209,478,51,48,50
850,425,46,49,54
43,331,38,37,39
28,302,40,36,39
472,333,54,53,58
423,121,39,42,45
663,7,50,49,52
730,326,45,48,47
587,109,43,43,47
191,411,45,43,46
910,247,245,239,255
829,9,89,87,81
344,135,31,32,30
421,69,32,35,37
1106,278,236,231,249
448,321,43,47,49
498,220,215,211,230
895,272,106,101,122
196,74,205,197,218
336,124,29,30,32
819,291,45,48,51
925,46,111,105,98
737,296,47,45,48
542,128,44,46,47
255,194,190,184,205
290,40,50,51,55
816,48,54,52,53
388,493,84,77,54
680,256,46,48,49
541,285,47,46,47
698,375,42,47,47
503,498,106,98,64
828,147,45,48,50
986,39,106,80,62
1105,212,238,238,255
882,355,45,45,51
1071,439,54,52,57
298,355,42,42,47
874,458,47,46,49
754,46,48,48,51
518,114,45,44,47
641,340,43,43,46
460,178,47,45,50
534,493,146,140,127
70,370,40,40,42
7,446,56,55,54
403,499,84,69,56
144,162,56,45,61
355,373,43,43,47
436,406,51,50,52
192,465,47,46,48
805,225,239,237,255
618,495,114,110,103
800,276,47,48,52
418,201,218,216,238
349,5,45,38,42
154,452,48,50,53
856,313,47,47,50
189,463,47,48,49
681,326,43,42,47
1125,22,230,226,242
478,61,42,41,44
208,224,192,187,207
481,260,195,195,213
839,44,102,90,66
589,96,43,44,50
756,256,236,236,255
748,453,46,47,49
448,372,81,82,84
565,247,231,230,253
1002,416,48,48,51
1046,53,123,115,105
77,137,185,149,158
271,239,183,188,201
833,285,47,45,49
246,270,205,202,226
160,178,201,199,219
899,400,47,47,51
350,402,43,42,46
733,70,44,46,48
572,170,44,45,49
957,186,48,49,53
481,131,45,44,45
755,277,48,48,52
338,319,43,44,46
998,380,47,47,50
775,324,47,48,50
1141,86,232,228,243
58,284,35,36,36
87,208,147,151,174
583,146,43,43,51
1007,365,45,46,49
492,266,220,219,237
1084,275,55,54,58
963,50,87,66,60
585,123,41,44,46
1000,117,44,46,51
578,210,229,233,255
255,154,29,27,31
242,311,43,43,47
282,144,32,27,27
574,3,55,51,50
953,394,45,47,50
402,88,34,31,36
295,244,136,129,143
2,331,43,40,45
272,269,46,46,49
141,469,45,47,49
574,421,44,44,47
871,359,47,48,49
531,258,226,225,249
734,306,43,45,50
1197,153,239,237,255
652,428,44,45,46
1094,328,241,236,255
1102,292,236,235,250
795,161,48,47,50
412,398,45,43,46
977,30,99,71,60
182,386,46,41,45
524,469,145,144,150
126,200,209,210,232
609,454,174,176,192
1041,136,47,48,52
635,363,44,41,47
914,54,78,74,67
748,440,48,46,49
948,479,50,49,50
46,193,132,123,133
697,170,46,48,51
828,18,83,82,76
245,401,42,46,48
314,137,31,27,33
485,24,66,53,46
198,133,39,34,41
340,110,32,29,32
59,261,33,27,31
1175,253,239,237,252
741,221,237,237,255
954,40,110,84,63
244,400,43,41,46
401,339,44,42,45
546,321,43,42,45
438,54,38,36,39
473,141,41,43,45
876,178,49,46,51
1096,266,238,235,253
283,320,46,43,46
146,403,44,42,46
788,420,44,46,52
1036,186,47,48,54
977,416,51,47,53
496,270,50,49,54
1058,477,46,49,52
471,193,229,223,248
763,182,44,45,49
180,491,46,46,50
802,180,48,46,51
345,414,43,43,47
957,67,51,52,53
217,248,197,193,215
517,71,35,27,30
1109,476,231,229,248
1041,322,49,48,55
621,475,185,181,198
59,33,110,98,114
310,118,33,28,29
993,333,50,47,50
121,297,38,33,38
907,448,102,104,94
913,182,50,48,51
52,267,35,29,30
185,149,36,35,41
152,242,202,200,223
25,85,114,105,113
1008,407,49,48,52
1015,130,48,49,49
797,102,52,47,52
892,371,45,47,48
531,13,78,54,41
1070,379,54,50,58
194,351,39,42,47
129,224,200,193,217
545,372,42,42,44
455,426,55,56,57
763,334,47,46,50
825,245,238,239,255
93,397,43,43,48
823,249,242,237,255
669,268,46,45,48
276,248,195,195,215
1022,219,44,48,51
50,317,37,37,35
1015,328,45,50,53
943,352,48,45,51
689,293,47,45,49
277,301,43,44,48
568,448,139,134,137
341,361,44,42,46
292,492,48,45,46
1005,337,46,47,47
988,251,46,47,52
376,288,44,45,46
436,176,48,44,49
1172,16,239,238,252
930,324,44,47,49
897,53,101,99,96
307,35,44,45,49
337,201,193,192,212
1121,247,228,223,242
519,232,101,96,87
351,424,44,44,50
247,380,40,44,46
44,413,45,46,49
344,6,43,40,40
742,465,115,112,103
206,441,48,46,48
334,465,135,134,140
849,10,96,93,91
576,230,234,235,255
455,402,63,62,66
429,273,229,232,253
925,343,46,46,52
1097,229,238,239,255
985,385,44,46,50
128,163,237,236,255
111,487,45,47,51
381,233,213,212,237
151,218,194,190,212
395,230,212,211,236
1023,14,109,84,64
1044,495,44,50,51
330,139,31,30,33
722,54,45,46,51
406,53,32,29,32
1024,76,98,85,70
334,206,57,49,56
648,210,231,235,241
807,482,165,160,174
1178,255,237,235,251
396,60,32,28,32
809,131,46,48,48
372,413,43,41,47
608,166,42,43,51
845,417,140,135,162
1177,92,237,236,250
570,176,50,52,57
112,339,37,33,36
892,272,67,59,77
1169,438,238,235,249
1050,475,46,47,52
487,109,41,43,46
379,186,200,199,221
282,321,40,43,45
239,149,34,27,32
984,177,48,47,50
1068,198,54,50,57
648,472,68,59,61
1195,333,242,236,251
1153,295,234,231,247
514,207,56,58,60
894,366,49,47,50
471,262,78,78,85
534,274,48,46,51
669,67,47,46,49
401,432,45,47,46
214,271,200,203,226
499,158,32,34,35
390,420,42,44,47
862,459,47,47,50
1158,367,235,233,251
680,133,46,45,48
721,244,238,237,255
1195,90,243,236,253
1038,122,45,48,51
368,153,38,37,41
894,266,237,237,255
677,389,47,47,53
528,300,45,44,47
575,141,40,44,47
891,145,49,48,49
732,465,151,148,158
22,497,72,64,55
701,238,236,237,255
839,491,162,154,118
933,51,116,110,105
608,341,41,42,47
977,305,39,45,48
238,470,85,80,55
572,494,174,172,170
213,91,199,201,222
46,204,70,85,64
1055,210,50,50,55
898,232,238,234,255
987,9,124,93,67
26,299,34,35,35
771,38,50,48,52
453,383,22,23,23
1043,232,50,48,52
631,393,44,44,47
552,186,231,228,252
664,158,46,47,51
139,492,46,46,50
82,26,115,104,108
1119,477,229,226,240
628,234,55,55,58
340,308,42,42,47
862,419,61,47,101
692,135,44,45,48
763,452,48,48,49
1098,190,246,243,255
753,326,49,47,49
89,25,109,103,111
91,186,197,195,220
850,401,46,46,48
505,63,62,62,71
1161,320,235,231,246
352,332,42,45,49
302,34,50,51,57
368,140,40,38,40
300,435,56,54,51
293,399,44,43,40
1050,328,48,49,52
827,270,50,47,52
522,45,36,26,27
764,380,45,42,49
424,30,35,29,32
614,475,179,175,184
789,384,46,44,49
1056,303,192,185,176
739,223,238,237,255
250,101,36,32,39
567,9,93,79,58
972,227,45,48,48
1032,67,98,85,70
857,238,90,96,137
570,87,45,45,49
1172,321,237,238,250
787,43,49,50,53
125,35,95,79,105
342,64,28,25,24
158,361,43,43,44
1115,151,237,232,250
695,187,237,235,255
738,362,43,44,48
832,25,79,78,69
239,372,45,45,45
676,82,44,44,48
144,408,44,45,48
626,38,46,44,49
1148,446,230,229,245
1193,61,239,238,253
784,322,46,45,52
113,422,53,51,53
949,378,48,45,52
103,85,182,159,175
188,274,211,208,229
193,97,121,124,138
894,377,44,46,47
640,398,45,43,50
51,333,40,37,39
956,243,48,48,51
1123,190,230,230,246
647,404,43,44,49
1015,147,50,47,53
1118,462,227,225,244
209,17,160,38,46
894,381,45,45,50
1179,225,238,237,252
235,11,176,164,189
1058,112,52,47,53
1152,120,238,233,251
223,133,34,27,35
100,169,39,30,34
220,372,40,41,44
917,387,44,46,50
792,442,44,46,48
1186,202,240,237,252
419,194,221,220,240
96,445,45,46,49
676,213,214,213,204
223,311,43,44,44
666,452,76,60,51
1064,360,48,50,55
160,157,46,44,49
18,334,39,40,41
681,41,46,44,49
159,105,152,149,166
576,213,230,232,254
1151,393,235,233,244
395,331,44,44,46
1123,187,232,229,247
583,324,41,43,49
583,112,45,46,47
264,469,109,99,74
252,162,63,53,63
566,75,46,43,49
102,263,45,38,56
211,378,46,42,45
874,335,46,48,50
400,449,177,179,201
836,200,47,46,50
1032,320,46,47,52
1,335,41,40,43
135,408,43,43,44
369,17,43,32,31
1000,263,50,49,53
328,236,114,109,118
412,147,44,42,45
1087,40,100,106,110
175,289,37,39,38
507,0,112,93,91
133,140,34,29,30
92,219,214,215,240
745,55,46,46,49
100,25,116,112,118
308,211,176,180,187
158,233,154,150,163
1022,485,47,47,53
