x,y,R,G,B
142,462,48,49,53
1122,266,227,226,242
343,495,67,62,57
180,351,40,42,44
714,60,46,46,52
890,465,42,49,52
97,259,213,212,236
861,491,109,104,66
271,17,58,51,64
846,108,46,48,48
921,281,46,45,50
176,332,42,40,44
43,422,55,56,55
58,305,34,34,33
818,468,48,48,52
1012,165,48,48,52
1029,283,50,49,53
979,427,50,45,48
876,38,100,96,89
996,258,47,48,51
279,385,42,42,46
1076,425,248,246,255
613,127,43,43,50
948,119,46,47,50
667,458,83,65,51
794,137,46,46,51
224,119,34,34,35
803,248,241,237,255
805,327,46,44,50
789,111,45,46,49
210,441,47,49,48
1150,399,235,228,246
715,137,49,45,49
264,97,33,30,33
684,361,44,43,48
1059,69,72,64,61
991,458,48,51,52
611,398,44,44,47
712,90,48,45,50
798,152,49,48,50
708,298,43,46,50
987,184,46,48,50
383,87,32,29,35
1074,93,74,67,65
253,197,188,184,205
267,428,65,63,55
1090,380,249,247,255
768,47,52,50,53
795,121,45,47,50
231,22,176,166,187
124,461,49,49,51
1148,445,232,229,245
422,2,38,29,27
462,242,70,63,68
598,199,234,234,254
920,135,49,47,53
629,380,43,43,48
1110,424,231,231,249
617,337,44,43,43
448,21,66,49,40
930,167,47,48,51
515,343,44,43,47
708,143,46,46,50
85,354,41,36,39
153,187,199,198,220
1005,181,48,51,51
323,483,105,100,105
939,8,242,236,255
778,170,44,45,50
566,364,45,41,46
562,406,42,42,46
899,420,45,47,49
283,206,55,49,58
658,222,238,234,255
89,197,244,243,255
680,303,44,45,50
395,310,46,45,48
713,202,239,236,255
1016,422,48,49,51
1028,291,49,50,53
950,194,45,48,50
702,149,47,47,48
520,460,169,163,179
562,438,149,151,163
923,360,45,46,47
116,278,218,213,237
184,330,44,41,43
465,190,225,225,248
1138,116,233,228,244
130,75,158,141,166
140,96,155,142,164
350,33,33,31,30
228,496,66,61,52
679,4,48,50,53
155,102,187,180,195
1117,275,234,231,247
595,379,41,43,47
378,466,63,57,55
209,103,52,52,56
411,478,90,74,67
766,78,46,46,50
292,365,45,45,45
559,449,149,147,154
814,62,47,46,51
727,244,240,239,255
683,406,44,45,45
701,141,44,45,49
328,375,43,43,46
503,428,44,44,46
1176,458,234,236,251
985,85,46,47,50
1035,342,46,47,50
1060,384,51,48,55
43,283,34,32,31
921,278,42,45,51
953,403,47,45,49
788,469,162,160,168
153,174,205,206,229
723,308,44,45,49
246,95,41,40,44
267,223,186,182,204
290,377,45,42,46
510,4,101,77,58
67,452,49,46,52
1155,71,237,233,251
389,323,44,43,47
922,113,48,48,49
508,58,45,41,44
712,254,234,236,255
8,398,47,45,51
397,399,43,44,50
979,208,44,47,50
774,19,49,48,53
939,394,45,47,48
643,267,44,44,48
450,485,177,181,199
235,365,43,42,48
670,116,45,45,50
171,317,41,39,42
717,206,238,235,255
393,64,33,28,31
454,355,24,27,32
969,232,44,46,51
931,225,46,47,52
895,314,48,47,50
699,179,51,49,53
905,456,44,47,51
451,382,19,20,16
279,390,43,44,47
428,489,28,24,25
543,446,141,137,146
1135,85,231,228,242
1012,90,48,47,51
1160,148,236,235,252
295,373,45,42,45
838,248,63,55,78
526,435,154,154,167
31,89,43,37,35
142,5,44,33,40
890,377,40,47,47
906,185,47,47,53
131,22,34,30,32
269,420,43,44,47
984,197,50,48,52
541,144,46,42,47
884,258,239,239,255
213,57,43,33,41
295,338,41,43,46
1020,195,47,49,52
1132,215,231,228,244
53,310,36,33,35
406,60,31,29,32
776,197,47,50,51
1024,408,46,48,50
416,316,45,44,49
518,479,114,106,81
649,275,43,43,49
1104,26,239,237,255
757,47,49,50,53
776,51,46,49,52
361,296,46,43,47
284,76,35,29,32
157,37,155,139,160
315,487,93,98,107
258,226,193,188,207
28,468,50,47,51
827,385,44,44,49
433,427,48,49,55
65,179,41,28,31
802,430,44,46,49
893,146,41,45,51
1047,380,47,47,53
820,364,43,47,47
995,172,47,48,54
812,490,153,150,159
747,490,144,141,126
1149,315,234,232,246
6,107,144,22,32
106,353,34,36,40
496,157,23,32,28
905,175,46,46,50
274,394,44,45,45
981,241,48,48,50
845,356,43,47,49
810,22,53,52,56
1196,189,240,237,254
255,479,47,49,48
78,474,95,80,80
522,213,226,224,245
1156,23,238,233,251
396,167,43,43,45
1069,367,48,51,58
415,108,38,40,42
249,394,45,41,49
1131,30,230,228,242
1007,8,115,86,68
196,390,43,43,46
711,303,46,44,48
1166,176,237,235,251
22,160,170,29,37
936,215,46,48,50
668,157,47,46,50
518,420,41,42,45
239,178,188,187,206
1181,224,238,236,253
1065,122,49,50,54
1089,487,243,242,255
432,316,43,44,48
80,326,39,37,40
755,465,118,118,83
317,150,34,30,34
1133,409,230,228,243
868,482,163,150,86
750,376,44,46,47
776,384,46,42,49
102,89,154,30,41
624,90,46,46,50
1133,326,227,225,243
140,488,48,46,50
921,247,47,48,52
224,18,174,158,183
78,149,161,32,39
416,97,40,39,40
100,467,58,55,56
872,273,47,48,52
1122,311,227,225,241
451,430,71,68,66
63,29,153,152,167
839,156,51,46,53
988,266,45,46,51
967,395,47,47,50
51,98,145,111,109
449,106,44,42,45
16,329,43,39,45
447,218,79,57,83
691,453,88,71,53
387,350,43,45,46
838,236,172,166,186
858,120,46,47,50
972,432,48,48,52
671,365,43,43,48
183,212,82,72,78
674,301,45,44,48
2,288,34,33,32
981,197,47,48,52
727,59,48,47,53
275,38,139,146,155
344,169,44,43,45
110,436,71,67,63
612,116,46,44,48
56,111,149,20,33
359,345,44,43,46
151,17,154,136,159
833,366,44,45,46
699,330,45,47,48
1171,39,239,235,255
404,246,222,221,244
80,422,55,54,54
1195,135,242,237,255
816,371,42,47,49
274,43,41,39,48
474,490,118,108,63
201,258,203,200,222
635,468,129,125,120
809,442,46,46,53
953,494,155,147,122
1049,328,48,49,50
298,262,201,200,220
827,268,49,49,53
23,40,66,62,72
57,140,158,27,36
44,487,80,70,63
676,332,43,45,48
941,29,83,66,59
921,448,59,47,98
1180,257,243,238,254
801,455,45,48,51
132,371,40,40,43
308,154,33,32,34
893,282,48,48,51
1,324,40,41,45
182,77,161,157,175
467,414,43,43,49
175,477,46,44,51
893,145,45,47,51
825,387,45,43,48
484,161,45,45,47
666,292,45,44,48
425,139,42,41,45
652,77,44,46,50
372,214,202,203,224
768,91,50,46,51
1056,375,47,49,53
566,247,229,232,253
1130,152,226,227,243
216,388,46,43,48
605,321,46,45,49
284,409,44,43,45
423,367,43,43,45
1008,220,46,48,51
77,172,207,197,219
501,149,33,33,35
235,354,42,43,47
657,217,235,236,255
910,124,47,48,51
384,461,173,175,185
111,33,189,188,209
475,2,53,45,38
265,362,42,44,44
536,470,168,166,182
136,5,184,182,202
196,292,40,39,42
967,14,105,76,62
253,80,46,46,51
692,159,46,45,51
34,23,68,68,74
619,483,176,175,184
57,332,34,36,35
196,466,47,44,48
409,199,210,210,234
483,150,42,43,46
1011,375,46,46,50
214,165,35,28,29
783,77,49,46,50
855,75,48,47,50
759,445,47,47,50
1164,91,236,234,252
433,426,48,47,53
1110,33,238,235,251
653,355,41,43,48
266,41,199,200,223
250,117,30,27,27
1123,230,230,228,246
671,460,93,73,56
428,432,46,47,48
364,390,39,42,44
698,27,49,49,52
747,50,45,48,50
403,263,226,224,247
62,173,173,29,39
239,345,43,46,48
820,271,52,49,54
878,76,49,47,53
896,200,46,47,49
26,79,114,108,116
1145,41,234,230,249
304,303,40,42,45
1191,447,240,234,250
39,396,45,43,48
215,304,38,40,46
808,60,48,45,52
644,378,42,45,47
719,190,237,234,255
979,211,46,45,51
48,151,162,26,37
50,103,149,24,33
941,449,73,68,88
364,42,33,25,26
1068,464,56,55,62
508,277,46,44,49
12,83,123,113,121
124,11,159,160,178
655,459,63,55,53
687,80,46,45,48
1109,159,238,235,252
881,236,242,236,255
388,161,42,43,43
530,6,68,47,35
67,373,38,42,43
666,224,239,236,255
102,18,121,110,120
382,367,40,42,46
190,323,36,40,44
410,147,43,41,44
661,60,43,45,48
84,265,40,32,35
955,180,49,48,49
715,369,45,44,46
123,61,162,143,167
1195,376,239,236,252
774,363,48,45,48
1180,134,242,236,253
580,259,235,235,255
828,27,78,75,67
1117,254,229,228,245
709,154,44,46,50
977,181,45,49,51
1058,15,85,71,62
377,245,210,213,234
454,297,42,46,48
147,483,46,47,48
213,475,47,44,50
354,440,92,83,55
435,377,46,43,53
410,298,44,44,46
382,263,217,213,237
1,365,47,45,46
201,282,208,207,231
272,469,105,99,71
1028,277,48,48,53
94,164,37,25,27
994,205,46,48,52
901,151,45,48,52
400,319,45,46,45
1045,322,49,47,52
365,166,39,42,42
827,429,48,46,50
887,470,49,48,51
734,314,45,44,49
854,426,50,47,53
139,21,190,189,207
103,170,46,24,41
290,64,39,32,38
908,340,46,46,49
831,447,46,48,48
151,396,42,44,48
518,240,143,139,130
694,283,43,44,49
909,16,90,66,60
493,56,42,42,45
386,66,33,26,29
769,326,46,47,48
375,101,30,29,29
1100,31,242,241,255
814,219,239,240,255
53,398,46,43,49
130,333,38,37,39
1130,282,228,226,241
25,483,47,48,48
920,419,45,47,48
854,188,45,46,50
621,200,236,234,255
347,52,33,25,26
910,198,47,49,50
717,241,237,234,255
689,269,45,45,48
1057,483,48,51,53
667,35,48,50,52
376,45,30,23,23
459,64,41,41,42
100,192,252,250,255
529,162,43,45,47
863,495,107,113,70
539,412,43,43,46
643,93,46,46,47
810,302,43,45,47
454,310,45,47,50
659,493,103,74,54
20,68,109,97,109
582,39,45,46,47
408,406,47,43,48
368,142,38,36,40
889,280,52,48,52
260,473,112,103,81
948,173,47,46,51
259,170,192,189,209
173,229,165,174,196
461,358,45,43,45
239,93,42,44,47
254,68,39,41,45
1165,465,233,233,249
1061,297,59,57,56
1104,350,236,234,253
125,4,118,109,121
809,463,47,47,51
509,311,41,43,47
1006,467,50,46,53
704,418,45,44,46
111,112,160,34,37
525,25,64,46,33
204,334,45,41,44
439,145,41,44,47
455,102,42,42,45
1005,3,123,93,68
301,496,46,44,49
184,38,160,33,53
148,75,163,151,171
302,311,42,43,47
870,459,46,46,48
232,148,33,27,27
121,287,42,37,38
35,314,37,36,41
978,138,46,48,51
1061,410,51,49,53
981,223,47,44,51
900,250,239,239,255
1110,71,232,229,250
121,181,198,206,226
875,490,169,157,104
745,393,42,46,47
39,161,169,29,37
142,272,212,211,233
903,157,47,47,52
293,446,58,54,51
1038,457,42,47,49
197,201,174,170,191
945,138,45,47,52
942,466,46,48,53
455,437,181,185,202
1007,32,107,81,60
159,66,139,128,147
1043,227,46,47,50
801,368,46,47,50
268,299,41,44,45
357,195,174,176,199
716,191,242,237,255
1087,373,114,99,82
459,173,45,44,47
487,32,77,61,47
600,139,43,43,50
122,310,30,28,32
1005,220,47,47,51
214,356,45,42,45
484,56,43,41,45
727,188,237,235,254
83,419,55,55,53
63,406,45,44,46
262,432,76,73,52
237,477,52,51,49
166,390,43,45,46
893,265,237,240,255
451,177,45,46,49
189,258,205,201,221
891,132,44,47,50
48,210,95,94,101
318,498,47,46,47
917,197,49,47,52
246,369,41,43,46
705,119,43,44,50
651,234,234,239,255
838,229,241,240,255
487,310,46,47,48
592,72,40,45,47
291,469,95,87,60
92,332,35,34,36
409,141,40,41,44
731,384,44,46,47
301,454,62,60,49
583,256,235,233,255
25,382,43,43,47
158,328,41,37,43
900,253,240,240,255
509,463,167,167,179
1163,62,239,237,254
20,167,172,31,39
614,188,236,233,255
1093,396,242,243,255
1051,100,47,50,52
989,382,44,49,50
1162,100,238,234,248
99,127,157,32,35
519,38,37,36,36
720,392,48,47,51
1022,145,50,49,52
660,377,43,44,46
244,285,72,69,91
529,352,43,42,48
631,85,48,45,49
352,93,30,26,28
1054,458,48,49,52
1048,315,49,49,53
68,394,40,44,49
326,374,44,45,46
434,375,43,44,45
1161,409,238,234,252
842,184,47,48,52
1142,111,232,229,245
1026,103,52,50,52
858,240,153,151,132
671,24,46,47,49
1120,483,229,226,245
149,79,160,146,169
1165,9,237,237,252
401,398,42,46,46
517,382,39,44,47
371,45,32,24,29
434,269,234,230,253
1143,22,234,230,248
601,495,176,178,190
286,17,215,213,236
128,132,36,29,32
1074,371,47,53,54
226,250,195,194,214
396,184,170,168,184
942,117,43,48,48
1061,5,100,79,66
66,92,151,25,32
953,50,79,62,59
229,319,43,42,46
518,486,106,101,74
830,311,47,47,50
117,164,131,135,155
241,220,189,184,204
512,389,45,41,43
352,473,57,52,50
663,47,45,45,49
1046,484,51,50,55
511,294,46,42,48
1178,301,239,236,251
832,28,79,76,68
568,260,232,233,255
944,56,105,80,78
954,305,44,46,50
1120,277,229,229,246
476,373,44,43,45
845,225,238,239,255
656,195,241,239,255
945,408,42,43,50
883,473,47,50,49
779,35,49,48,53
590,359,44,43,42
1090,276,227,215,183
434,95,38,40,43
542,30,46,44,47
570,358,41,43,44
584,230,232,233,255
688,81,44,47,47
183,181,191,186,208
71,128,157,28,33
585,76,42,43,46
633,489,160,157,164
224,333,42,44,45
420,301,44,45,48
981,9,113,84,62
977,214,47,47,51
981,396,46,46,47
110,433,90,60,64
1118,79,231,226,247
599,226,236,237,255
573,249,234,234,255
703,323,42,44,49
867,203,46,48,51
788,149,47,48,49
340,219,200,199,219
887,70,47,48,51
569,267,229,230,254
1187,309,238,235,250
123,480,42,47,46
354,76,37,25,31
838,171,49,45,50
477,263,161,157,162
910,97,48,46,49
713,499,146,138,135
814,241,114,117,168
471,497,101,92,57
970,476,46,45,52
919,291,45,47,51
443,370,48,46,48
333,44,32,24,28
588,430,46,43,47
298,96,35,25,29
1181,225,234,235,252
1134,328,228,229,243
756,148,49,46,51
243,452,53,53,54
667,479,108,80,61
336,451,62,58,50
95,333,36,37,41
1187,479,236,236,252
293,118,30,28,29
562,182,227,229,253
1117,429,230,231,245
640,125,46,46,46
737,30,48,51,49
291,46,47,47,52
123,256,218,212,236
695,213,243,239,255
230,211,185,183,201
863,474,49,49,51
499,234,219,215,235
1168,228,238,236,253
967,26,95,73,60
1004,364,47,48,55
177,336,41,40,42
472,266,30,32,35
94,389,45,41,46
361,368,42,45,47
653,243,47,47,51
1037,157,50,47,55
456,361,24,25,21
237,474,56,53,48
328,140,33,31,35
502,334,38,42,45
540,73,42,41,47
6,252,36,30,31
928,235,47,47,51
583,394,43,41,45
480,468,176,175,193
743,258,239,238,255
113,115,160,28,39
923,13,131,84,65
256,2,185,172,194
791,233,232,235,255
741,14,51,50,55
524,497,143,140,121
828,58,50,49,51
215,259,203,199,223
670,43,51,45,49
499,236,219,216,239
482,12,88,67,49
1033,409,48,48,49
296,352,43,43,42
323,307,40,45,44
451,89,41,42,43
713,312,45,45,50
868,96,50,47,51
40,299,37,31,35
721,390,43,46,47
1190,72,239,236,252
195,152,36,32,37
938,102,44,49,52
199,16,187,167,192
404,68,30,32,33
993,464,48,44,59
606,247,238,236,255
39,353,38,44,44
515,151,45,44,50
979,357,42,48,51
470,124,43,45,46
36,87,183,183,202
6,143,164,27,34
155,346,42,39,43
614,9,51,49,50
334,330,45,44,47
303,299,38,45,45
930,140,47,47,50
384,64,32,25,31
900,195,50,48,52
724,400,102,101,130
929,38,199,161,92
1057,126,50,48,54
521,424,40,42,44
377,173,189,190,204
643,453,193,200,222
1139,185,228,230,244
173,347,44,42,46
417,243,223,221,243
11,90,131,115,119
223,402,45,45,46
1198,269,236,235,251
940,106,46,46,51
819,213,238,236,254
1044,413,50,50,54
1093,137,232,231,246
343,170,43,44,45
1145,489,228,227,245
318,70,35,26,27
44,93,189,189,209
1052,144,50,51,52
867,344,44,45,50
348,86,29,25,24
583,435,43,44,46
1035,115,47,48,53
1126,424,228,227,243
1189,480,235,234,248
988,352,47,46,48
1062,82,94,85,72
1108,402,239,234,248
125,116,159,33,41
895,236,238,238,255
1195,494,239,234,250
573,86,45,43,47
63,222,102,100,105
711,137,47,45,50
604,136,51,44,45
870,122,45,47,51
47,172,170,31,35
759,304,44,43,50
735,112,45,46,49
664,301,41,45,50
390,251,213,210,233
505,31,89,65,51
942,73,86,83,75
14,148,166,26,36
1126,134,230,227,244
155,403,44,45,44
779,190,47,49,50
701,478,125,106,75
370,303,42,44,47
484,140,43,45,47
478,264,185,182,200
818,22,61,59,57
431,448,164,149,130
1041,206,51,47,56
548,380,40,42,44
1047,140,48,50,54
1141,459,229,228,245
957,126,47,48,52
910,27,123,117,111
842,129,50,48,51
1197,388,236,235,251
38,394,48,46,48
112,317,37,38,39
839,303,45,43,50
541,356,40,44,46
667,238,82,73,92
176,405,43,41,48
58,165,170,31,38
707,301,44,44,46
702,284,43,44,49
918,429,118,129,122
1068,177,53,51,56
285,7,199,206,220
526,221,224,223,247
735,19,48,49,52
682,73,46,46,49
1074,319,240,244,239
39,323,40,38,38
1095,395,244,242,255
375,321,42,43,47
761,320,42,47,50
954,108,49,48,51
925,284,46,45,50
162,22,162,146,170
151,179,209,204,228
286,104,33,24,27
185,107,118,119,138
136,152,228,232,252
565,282,43,44,44
1160,208,238,235,251
243,58,215,215,236
1193,356,239,238,251
630,478,191,187,206
1139,416,228,226,245
626,347,44,44,45
797,438,46,47,49
948,407,47,45,49
248,300,44,43,46
887,183,51,48,52
914,147,49,49,49
955,489,49,48,50
946,496,171,156,97
887,268,237,235,254
833,7,93,91,84
812,431,52,49,53
443,301,44,44,46
51,62,116,107,112
37,182,161,43,49
1124,19,231,228,244
1092,113,85,80,70
917,251,55,53,61
886,409,43,46,48
266,232,124,121,129
959,233,47,47,52
439,288,44,45,47
250,231,69,49,80
1187,186,242,237,255
254,229,188,184,206
516,236,64,59,64
498,141,21,19,22
616,365,44,44,44
536,340,42,43,44
589,236,235,233,255
971,143,49,48,51
525,470,144,143,146
1179,342,240,236,250
154,138,117,122,139
669,345,41,45,50
994,322,44,47,50
75,41,118,107,117
816,9,71,67,60
1194,465,236,235,250
529,277,47,45,48
809,258,161,160,195
871,151,47,48,51
526,119,44,44,48
44,262,34,28,30
3,191,59,64,68
1117,364,231,230,244
459,353,29,25,27
1173,61,240,235,254
402,208,63,59,65
107,457,47,48,50
362,363,42,42,47
286,345,41,45,47
91,101,153,21,32
775,329,44,44,50
609,463,122,122,131
885,212,48,48,53
18,371,48,44,46
556,41,43,41,45
1104,186,244,238,255
976,433,59,44,50
684,306,46,45,49
707,80,45,47,48
1173,317,236,235,248
869,102,47,46,51
544,462,130,128,137
187,252,199,199,220
56,246,33,29,31
142,456,50,45,47
978,399,48,45,50
424,428,46,44,48
789,375,46,44,49
714,159,50,45,52
647,46,47,46,49
378,1,41,31,32
1011,406,49,48,52
138,341,38,38,40
4,155,172,29,37
129,195,113,118,154
393,403,45,44,46
547,87,45,44,47
908,397,44,46,50
177,439,47,49,52
407,109,37,40,44
385,396,40,43,47
590,194,236,233,255
612,218,227,228,247
1044,182,49,50,53
406,225,218,216,240
424,365,43,43,47
211,9,183,169,194
1058,179,49,50,54
215,371,39,43,47
113,50,158,140,161
63,462,48,48,49
677,57,49,48,49
268,169,187,185,203
252,240,189,187,209
188,43,191,175,199
190,272,208,207,228
534,59,44,44,47
1188,498,237,236,253
1004,393,45,48,49
415,185,184,176,193
11,475,50,50,51
1077,367,53,53,58
149,25,155,139,160
656,254,46,45,50
1129,257,230,227,245
764,94,48,46,50
96,320,34,31,33
164,266,211,208,228
375,493,69,63,54
352,342,42,45,46
1063,412,51,49,54
627,69,46,45,47
1190,352,240,236,250
441,373,47,46,48
532,80,46,44,46
1056,267,48,48,53
1199,62,241,235,251
1082,406,53,54,58
874,109,47,46,53
810,198,47,48,52
759,249,242,240,255
179,112,121,125,142
977,449,49,47,48
363,314,41,45,46
848,202,45,49,50
1060,379,49,52,52
532,116,41,44,47
760,216,240,241,255
937,99,50,48,49
366,52,32,25,25
717,366,44,45,48
540,56,42,45,45
238,10,178,166,191
75,135,182,135,150
158,169,165,158,173
982,390,50,47,51
87,362,42,39,41
201,56,79,56,78
67,468,48,46,47
1118,411,233,231,247
917,386,46,47,49
62,408,48,44,49
501,188,208,208,227
1183,329,240,238,254
996,471,48,50,54
237,435,54,57,53
313,31,46,43,46
544,356,41,42,47
168,19,164,146,169
272,13,37,29,35
354,360,42,41,46
410,28,31,29,29
418,437,62,58,51
600,466,127,117,106
795,55,45,47,50
1089,75,69,66,69
680,456,105,80,55
512,311,42,44,48
877,171,47,47,48
427,440,153,149,143
400,266,226,224,246
432,430,49,50,54
898,252,241,238,255
381,487,83,72,65
505,403,43,42,46
768,80,47,45,49
47,208,99,103,105
83,349,40,40,42
1104,280,236,234,253
1049,77,68,61,59
1024,278,48,47,51
659,256,46,45,48
1141,50,232,229,247
622,492,112,107,99
374,225,210,209,230
413,361,41,42,46
981,187,49,47,51
640,89,43,46,50
905,239,241,237,255
129,252,211,209,232
655,342,43,44,45
945,346,47,46,49
307,465,130,122,100
518,498,106,99,77
100,388,43,43,46
994,355,50,47,51
350,299,41,43,47
74,378,42,41,44
665,77,44,46,49
207,338,44,42,45
741,98,48,46,51
743,496,159,149,118
1090,148,148,156,190
48,98,47,29,47
835,62,48,49,50
622,49,45,45,46
106,276,41,33,36
214,334,45,43,45
288,20,178,184,206
708,311,45,48,49
1061,86,68,62,60
60,289,35,29,32
323,474,101,99,108
202,474,48,45,49
389,92,37,36,35
272,10,63,51,73
217,459,49,47,51
47,374,46,43,45
107,20,120,110,122
88,324,31,31,32
429,220,221,220,244
655,439,45,44,47
913,59,79,74,68
409,221,220,219,241
400,123,36,41,41
1077,131,53,57,59
578,239,235,233,255
771,397,42,43,47
975,241,47,47,51
569,380,41,42,46
415,453,110,100,104
197,60,55,31,37
1132,169,228,227,243
666,222,237,236,255
971,496,46,48,52
624,392,41,43,46
331,439,74,73,55
161,100,200,190,215
746,189,88,89,128
576,315,46,44,46
91,11,103,94,107
554,243,230,231,253
372,437,186,185,199
1025,181,53,48,51
241,120,30,26,30
101,250,216,213,240
531,403,41,42,45
130,73,158,144,166
1154,340,237,234,251
1048,292,222,227,250
1143,109,233,229,247
1192,109,237,237,253
1099,294,236,236,254
121,451,47,47,48
780,147,46,47,49
161,401,44,41,48
885,45,100,96,90
797,9,52,52,53
26,85,112,101,105
1147,179,231,230,246
929,363,44,44,48
817,390,45,46,50
112,48,157,140,165
119,346,39,40,40
699,84,48,46,49
1141,182,237,233,248
730,337,44,47,45
52,263,32,32,33
550,225,73,61,90
79,409,48,44,50
321,40,37,30,32
920,216,49,46,49
643,470,83,76,68
974,336,47,45,51
323,274,45,45,47
32,425,54,56,54
632,449,187,191,210
710,274,45,47,48
195,7,155,28,36
1144,312,231,230,248
461,163,44,44,46
530,427,41,43,46
285,469,109,102,72
1000,265,44,46,50
66,207,48,50,56
834,315,43,46,51
823,319,46,46,52
623,27,52,49,52
280,452,77,75,56
69,416,78,81,68
902,62,102,103,97
296,150,34,30,32
902,436,46,46,50
743,95,45,46,49
364,64,28,24,26
247,340,41,42,48
63,219,119,114,121
28,331,38,37,42
1085,116,160,162,192
1079,425,249,247,255
741,113,47,48,52
448,412,15,15,14
489,254,214,210,229
908,364,51,46,52
379,473,62,55,50
478,215,134,135,155
694,341,45,45,47
32,122,149,25,32
751,120,45,46,50
565,387,39,41,45
61,53,114,106,116
593,86,42,44,47
1172,423,235,233,249
333,405,43,42,46
739,161,49,45,52
317,343,41,42,43
189,342,42,41,42
745,187,54,49,55
997,282,45,46,51
392,22,58,48,36
508,266,213,214,238
823,202,49,47,50
679,376,42,44,47
485,396,41,41,43
810,403,49,45,46
97,132,160,26,36
848,58,62,57,57
346,271,51,49,52
720,99,43,44,50
1043,32,108,85,65
522,132,45,43,50
346,144,38,35,36
775,423,48,45,48
805,69,45,46,48
547,265,230,229,255
910,413,48,45,47
679,119,42,45,48
10,405,44,46,51
379,242,210,209,231
724,143,48,46,50
30,222,33,31,34
79,458,53,51,53
880,362,46,47,49
1057,274,236,240,255
969,214,48,48,49
629,264,47,46,50
143,319,37,37,38
635,266,46,44,49
312,260,203,204,223
163,283,95,103,131
700,172,45,47,50
245,126,26,27,25
347,376,43,43,43
38,460,50,50,52
739,240,239,238,255
734,198,241,240,255
734,280,49,48,51
400,107,40,35,40
1052,403,43,49,51
795,58,45,46,51
540,70,45,43,47
62,201,95,92,92
526,301,43,43,48
146,455,48,46,50
1082,210,59,55,63
1137,281,229,228,244
777,243,241,239,255
58,148,160,60,71
980,162,51,49,50
726,216,207,208,235
198,391,41,44,45
399,116,33,39,39
364,487,129,122,116
579,378,41,44,47
1111,10,236,234,251
1071,216,55,52,56
101,113,180,130,134
561,145,45,43,48
23,231,31,29,29
534,331,42,40,44
1013,190,50,49,52
417,71,33,35,36
96,147,160,36,60
1063,268,49,51,57
1165,437,235,235,250
718,463,152,143,155
96,488,48,48,49
653,117,43,44,47
183,101,195,201,218
1098,350,244,240,255
445,170,46,45,48
570,245,231,231,254
125,119,162,33,38
686,470,114,89,61
688,240,183,184,216
871,189,54,51,57
11,275,28,29,30
788,381,46,47,48
1025,148,46,51,53
709,192,241,236,255
276,340,45,44,47
619,481,173,172,180
916,251,64,54,99
91,41,32,29,31
980,45,97,71,59
1107,388,238,235,253
943,130,47,47,50
763,231,62,60,74
726,349,45,45,48
28,260,30,29,32
1190,476,237,233,248
46,431,46,49,50
718,318,47,44,48
956,415,47,48,50
331,181,192,188,209
623,89,41,45,49
760,169,47,48,50
120,49,158,141,165
244,323,45,43,45
817,92,47,48,48
438,161,49,42,49
709,172,49,45,48
1000,57,99,85,69
485,143,42,45,47
69,490,49,46,51
1060,4,99,77,65
1171,233,240,237,255
813,22,53,53,53
395,482,86,86,81
211,399,41,44,46
207,458,54,56,58
622,140,47,44,49
1007,358,49,45,52
1026,18,111,85,67
685,430,41,43,44
772,112,45,45,50
270,172,187,183,202
1008,470,48,47,50
323,371,46,41,46
595,426,45,44,47
112,44,191,189,206
362,82,29,26,26
801,29,50,52,54
417,3,40,33,33
211,497,44,44,48
164,148,41,45,47
1118,283,230,228,246
126,216,203,197,221
83,491,47,50,51
622,225,234,234,255
1156,231,236,233,250
252,110,34,28,29
862,308,45,45,50
499,347,43,42,47
534,88,45,45,47
707,221,94,91,117
379,309,45,44,49
208,413,44,43,46
145,263,212,210,235
930,0,135,89,70
518,92,47,44,49
28,310,34,36,41
1167,290,237,236,254
790,94,46,47,52
303,419,43,44,46
696,127,48,47,47
1000,184,46,48,51
452,143,41,42,45
1135,8,228,228,245
1029,169,47,47,54
234,11,178,165,190
718,3,58,52,52
415,80,37,35,38
1121,173,229,229,249
1077,309,58,57,60
814,196,49,48,53
884,485,171,161,117
995,424,43,47,52
1143,442,232,230,243
399,286,45,46,47
574,330,43,43,46
148,337,39,35,39
598,228,235,236,255
881,127,44,45,51
527,269,52,50,54
186,210,130,131,154
962,378,43,46,48
658,295,45,46,47
276,226,188,185,205
716,236,241,238,255
190,362,45,43,47
601,251,235,239,255
180,160,38,34,39
1102,270,241,235,254
314,185,186,186,204
147,12,198,192,213
747,297,45,43,48
479,495,114,105,64
1169,230,238,237,250
495,315,44,45,44
745,86,44,45,49
893,380,46,45,50
472,275,20,24,25
1106,316,235,234,252
34,145,161,31,38
1108,208,239,235,252
858,107,48,45,51
104,274,40,33,37
191,405,42,44,46
656,79,43,45,48
307,104,33,27,29
637,355,41,42,45
904,123,49,48,51
1085,335,66,62,63
393,71,30,27,32
251,299,42,43,46
996,255,51,47,52
539,7,83,70,56
831,199,47,49,52
248,336,41,44,45
799,485,160,159,177
1151,408,231,230,242
363,368,41,45,45
663,379,44,44,46
188,240,195,191,212
1014,80,101,85,71
1045,442,48,48,54
401,233,214,214,236
951,421,48,47,53
522,108,42,43,48
49,385,47,42,48
170,116,120,119,138
983,49,92,66,59
55,10,231,231,251
365,417,38,42,44
240,161,61,54,60
1147,309,234,232,248
754,58,48,50,52
994,412,47,45,51
347,430,90,87,59
451,442,142,135,142
791,12,52,51,53
568,496,173,169,172
980,264,46,49,50
389,137,40,39,41
1056,467,50,48,55
47,490,87,78,65
787,219,243,240,255
699,343,42,46,46
428,419,44,44,45
362,390,40,44,45
26,345,45,42,43
76,61,190,188,209
444,495,176,177,194
1195,498,237,234,249
746,346,45,44,48
784,200,50,47,52
732,436,48,43,50
1081,213,247,244,254
337,194,195,192,215
1122,78,228,228,242
865,44,101,94,89
801,249,243,239,255
335,42,45,33,34
550,493,130,124,112
936,174,47,45,51
1016,368,43,46,50
531,220,224,226,247
1014,232,45,47,53
585,496,115,111,104
0,0,227,225,247
1197,10,239,235,252
926,279,44,48,51
70,429,65,62,55
1039,483,48,46,51
754,157,44,48,48
1182,259,240,237,249
62,114,150,19,31
318,183,193,188,208
404,417,42,42,44
585,360,42,41,44
710,407,45,43,49
118,434,76,60,58
685,268,40,45,48
809,312,46,46,51
238,359,44,43,46
1168,454,234,232,247
203,414,45,43,48
160,144,149,152,167
673,454,94,72,54
1032,207,49,46,52
853,35,91,88,82
881,203,48,48,50
850,422,60,46,69
1191,496,238,234,250
1136,418,229,228,243
1103,56,237,234,253
39,143,160,28,33
390,399,62,67,74
329,244,145,145,173
130,482,49,48,50
70,464,49,49,48
1169,487,233,230,249
145,143,148,143,166
0,246,38,30,34
1043,413,50,48,52
535,370,41,43,47
123,91,165,149,172
790,472,163,158,163
381,56,32,26,28
1144,440,232,231,245
562,409,45,42,45
863,259,241,239,255
557,261,229,231,254
1161,387,237,232,246
902,393,46,46,50
564,200,108,84,108
255,210,78,67,78
66,255,37,33,33
75,238,49,50,56
311,451,77,69,53
671,75,49,47,51
74,310,39,35,36
796,174,44,47,50
617,236,237,233,255
970,193,48,47,53
1196,129,241,238,253
858,46,100,90,73
1183,390,238,237,253
467,267,185,185,207
1069,35,112,101,107
1062,88,61,60,61
1171,41,240,236,255
398,23,44,35,31
991,325,44,46,48
1164,298,238,234,251
1135,352,235,229,243
316,233,63,60,66
52,487,88,79,70
987,440,57,48,57
1042,17,103,82,66
582,153,46,45,49
971,183,51,49,53
198,348,43,41,48
280,361,46,45,45
70,93,148,25,31
407,256,225,226,248
88,122,161,39,51
280,330,41,43,44
679,407,42,44,44
398,456,151,154,179
439,136,43,43,47
993,415,46,46,51
925,401,43,45,50
18,236,34,30,29
56,140,158,26,36
788,105,47,46,51
936,330,47,47,50
503,387,39,40,45
974,307,51,47,52
843,301,48,47,49
304,295,42,42,44
427,83,38,39,40
1156,118,236,235,253
443,246,60,59,64
140,324,34,37,39
981,361,45,46,49
1144,371,234,232,245
345,499,62,58,53
1141,360,234,229,248
931,255,47,47,52
20,245,35,31,34
986,417,45,45,51
697,42,46,43,51
325,115,30,25,30
534,358,43,39,49
1128,453,229,225,243
356,388,41,42,47
854,165,46,47,52
927,402,44,45,48
74,84,147,24,33
822,5,86,83,79
1097,185,250,249,255
994,292,45,46,51
250,274,201,201,225
169,74,154,141,162
186,23,157,31,36
341,79,26,24,27
110,2,116,106,116
899,330,44,47,52
1139,207,231,229,242
926,206,47,45,52
968,409,50,48,51
633,385,42,45,47
281,42,35,40,44
347,221,203,201,223
73,378,42,42,42
698,458,119,102,66
781,48,47,49,51
814,6,67,64,60
602,457,155,157,174
329,195,194,191,214
379,187,202,200,223
743,307,47,47,50
96,482,51,46,51
973,283,47,46,51
285,434,70,65,54
1114,122,232,231,249
865,407,48,46,49
432,483,26,25,29
684,375,43,44,46
535,461,148,145,158
1192,403,237,235,251
1088,178,68,68,74
294,296,42,44,46
565,168,48,47,49
366,100,30,30,30
525,469,148,147,151
1186,240,238,237,254
68,238,36,36,39
262,207,191,186,206
594,392,40,42,47
442,444,30,24,21
111,408,45,43,48
395,498,89,77,59
292,116,31,28,27
215,445,46,49,51
878,156,48,46,48
831,396,46,47,48
160,444,47,47,49
786,194,46,48,52
112,180,230,235,253
975,364,47,46,49
354,132,32,34,34
1164,429,233,234,250
792,236,235,232,242
1092,398,243,242,255
1139,259,231,227,245
881,49,102,103,98
278,423,45,44,45
201,188,186,182,203
579,468,128,120,99
1078,122,244,245,248
353,213,57,54,59
726,22,59,49,55
295,219,191,189,208
415,378,42,41,44
32,440,49,47,54
173,406,42,44,45
178,280,209,207,232
604,436,50,46,49
480,120,46,42,47
894,319,44,46,50
1192,427,237,235,250
70,139,187,149,162
1185,41,241,236,253
834,87,45,47,51
907,10,223,169,92
1096,152,248,246,255
43,320,40,37,40
648,490,91,68,51
199,297,40,39,41
977,211,47,44,52
441,222,229,226,248
251,32,201,192,214
445,278,54,53,54
85,105,155,27,33
8,283,35,32,31
981,156,47,47,53
207,188,188,184,203
490,395,46,41,44
418,361,40,44,43
711,189,237,238,255
532,6,71,52,39
730,146,44,46,51
515,365,44,41,46
550,317,41,43,47
892,460,50,47,49
155,426,51,49,52
5,310,43,38,41
752,378,45,44,48
497,297,43,44,44
497,84,41,43,43
974,249,47,47,52
142,465,49,52,47
471,337,53,53,56
101,395,41,43,45
1185,478,234,236,251
223,472,62,60,53
813,101,43,46,49
934,270,46,48,46
603,276,43,44,46
144,72,163,148,165
464,451,156,160,182
546,433,46,46,47
46,166,170,29,37
643,77,45,44,47
683,150,44,47,49
850,315,44,46,49
1001,63,64,61,58
542,464,136,132,139
11,359,45,43,49
1050,158,44,48,51
618,281,44,42,46
964,89,48,47,52
952,94,47,48,49
364,90,35,28,32
1155,50,235,234,249
781,75,45,46,50
746,405,166,165,159
1180,118,238,235,254
310,187,191,188,207
690,481,115,92,67
25,207,33,26,30
564,10,98,81,58
1170,360,238,234,251
503,85,47,43,46
466,266,207,206,230
983,141,50,48,52
912,377,42,47,47
455,7,43,36,35
128,268,213,213,238
539,238,97,94,88
464,329,33,33,35
928,81,49,46,52
739,197,240,233,255
1009,444,48,47,52
745,448,46,46,50
345,421,43,42,42
213,107,40,44,50
148,493,44,45,49
733,396,48,45,49
779,307,40,43,47
810,416,69,57,77
817,12,70,68,62
458,11,114,90,69
73,431,48,51,49
898,440,67,62,90
614,70,46,45,48
661,153,45,47,49
953,333,44,47,51
359,334,42,45,47
884,49,99,99,96
226,476,53,52,52
737,289,43,45,47
819,302,48,47,51
95,67,140,122,144
70,249,39,33,35
1063,101,52,50,55
907,285,45,45,49
742,293,46,46,48
379,174,198,198,215
490,70,45,40,45
637,294,41,45,46
248,221,186,187,208
1015,143,46,47,53
902,299,46,46,50
198,52,194,181,205
386,484,80,72,64
283,477,114,107,84
521,137,47,45,49
103,284,38,33,34
206,376,42,43,46
746,133,47,45,49
582,308,44,42,48
621,211,72,65,93
1173,0,239,235,252
549,67,44,44,46
465,0,68,53,40
476,228,64,68,76
435,389,44,46,50
487,237,192,193,208
841,160,48,48,53
1063,105,50,51,54
1002,312,46,47,50
149,405,44,43,44
919,262,47,49,51
525,433,109,101,93
738,364,42,44,48
441,273,231,229,250
169,159,38,39,42
136,33,132,114,135
646,322,42,44,49
174,62,160,150,170
1136,166,230,228,245
94,94,155,24,37
449,119,41,41,45
246,40,48,42,54
426,286,43,44,49
1012,379,50,46,50
162,4,113,110,127
1137,157,232,229,245
585,289,45,42,48
1196,108,241,236,254
865,53,105,89,68
385,425,42,44,45
136,326,34,35,38
204,172,189,185,206
1050,310,47,49,52
512,435,142,144,157
949,482,49,47,52
1044,140,46,48,53
727,305,43,46,49
57,239,36,32,36
654,252,47,46,50
1136,488,229,228,240
20,417,51,49,53
779,5,48,49,51
692,11,52,48,52
137,273,211,211,233
939,184,46,47,52
429,335,43,42,46
1031,2,104,77,63
731,91,44,46,49
1117,250,233,228,245
42,291,35,32,34
428,206,224,219,243
681,475,111,83,63
875,118,42,47,50
224,372,44,42,46
534,240,226,228,250
155,314,35,36,36
1109,478,229,225,245
201,83,185,183,201
1108,445,238,232,249
382,450,181,194,216
645,233,232,234,255
344,477,71,69,61
924,17,113,76,63
741,180,47,47,52
765,255,239,238,255
944,58,106,102,102
370,486,61,58,54
11,146,165,30,37
840,137,46,47,50
460,236,232,232,254
309,227,194,192,214
1030,123,49,49,52
933,323,41,47,49
122,198,213,212,239
1023,38,99,75,62
1121,335,234,230,244
1012,190,52,49,52
369,493,77,65,55
836,246,240,241,255
606,462,170,168,184
1194,235,237,237,252
326,120,35,30,31
582,404,41,44,46
756,271,46,48,49
925,465,48,49,53
1141,38,231,229,246
236,9,178,167,189
759,175,46,48,53
1152,315,237,232,248
1047,30,107,83,64
285,221,192,188,209
748,415,42,46,49
568,131,46,45,49
579,319,43,42,46
430,304,47,44,47
473,480,166,171,187
1192,271,238,237,254
580,68,43,43,46
689,195,237,239,255
55,316,36,34,33
1017,62,64,57,57
725,138,45,46,51
524,104,43,45,46
147,247,207,204,225
712,334,51,44,50
939,490,62,52,48
98,346,39,35,39
364,445,72,64,55
1147,141,232,230,246
11,227,34,29,32
406,406,44,43,43
155,347,36,38,42
1162,364,235,235,249
187,241,177,176,199
844,278,46,48,51
620,434,44,45,49
1111,87,234,231,247
448,100,47,42,46
379,149,41,39,44
40,74,115,106,115
29,262,31,25,28
513,221,223,221,242
244,187,189,186,204
501,192,123,121,153
73,152,161,29,34
600,120,42,45,47
1104,359,239,238,254
1157,65,235,233,250
96,354,40,38,40
517,287,44,44,45
381,93,30,33,33
962,169,50,48,52
187,395,42,46,46
991,440,124,122,164
587,161,48,43,47
298,340,43,44,43
266,153,34,27,32
264,101,33,26,30
704,359,48,44,48
148,297,40,36,38
514,147,43,45,48
982,259,45,46,51
344,159,35,36,35
1154,333,236,232,250
233,116,30,31,34
73,111,156,25,33
1032,191,48,47,54
277,158,32,30,33
585,287,42,44,48
591,360,47,44,44
597,217,232,231,255
1111,295,230,228,249
250,209,137,144,165
825,204,50,49,52
1089,225,255,255,254
368,416,46,44,48
321,331,42,43,45
218,411,41,45,46
917,316,48,48,52
1015,307,48,48,51
1059,486,48,51,53
11,230,35,28,32
508,465,150,150,156
468,363,50,49,53
437,152,40,42,47
596,81,41,45,46
1177,313,238,237,251
609,378,39,44,48
408,48,33,29,30
935,132,50,47,50
1036,341,47,48,51
307,177,189,187,207
110,33,188,187,206
685,324,46,45,49
1087,68,240,241,255
191,317,39,42,43
1098,136,240,239,255
1154,78,236,232,250
926,447,58,53,74
1163,276,239,234,252
366,74,33,28,27
1176,31,239,237,255
17,211,32,29,32
412,434,46,48,50
912,347,46,46,49
51,331,36,37,40
593,105,44,45,46
232,253,201,201,221
294,195,188,186,206
597,151,46,45,48
1128,99,226,226,241
441,156,44,43,47
433,366,41,42,47
893,436,46,48,50
158,47,152,134,158
264,246,191,191,201
719,147,46,46,47
1088,479,236,234,252
142,425,49,47,48
459,18,101,78,55
234,35,35,32,32
359,125,31,34,37
498,112,73,74,80
447,66,41,39,43
710,252,92,86,68
1014,353,47,49,51
864,69,47,48,51
1098,422,240,241,255
857,11,94,92,92
295,196,190,187,208
737,68,45,45,53
1062,70,66,63,61
478,164,42,45,45
894,174,47,48,52
1185,339,242,239,255
315,278,45,42,46
1056,31,69,62,58
106,25,110,109,108
705,218,78,63,72
94,176,211,201,220
705,474,131,111,87
116,121,162,33,39
876,35,102,99,98
241,284,165,166,198
1004,406,46,48,49
701,352,44,44,49
91,464,72,68,65
649,288,44,45,46
601,90,44,45,47
177,377,43,41,44
471,126,43,44,46
763,98,43,46,49
747,234,236,237,255
629,355,44,44,49
378,296,42,44,47
1053,454,47,49,51
505,485,133,95,68
897,493,171,155,84
88,386,42,42,45
1088,159,251,252,255
1033,134,48,51,54
965,397,41,46,52
551,106,44,44,47
131,137,34,28,31
916,115,50,48,54
1018,396,47,48,50
995,488,47,49,52
950,63,65,63,69
505,11,75,57,49
358,320,42,45,48
1023,132,47,49,52
1004,455,46,47,49
1159,275,237,233,247
572,448,120,118,114
1113,0,235,234,249
237,18,182,172,195
834,355,48,48,52
241,95,41,41,48
1197,187,235,236,251
238,179,193,187,207
1169,467,238,231,250
941,442,45,46,51
473,360,43,45,47
699,154,44,48,47
430,360,45,43,47
253,16,39,30,36
250,461,90,82,55
846,258,240,240,255
348,453,74,73,54
864,166,44,47,52
101,143,161,49,78
337,86,33,24,28
154,326,35,37,41
449,292,46,44,46
1126,6,228,228,242
894,337,43,46,49
151,271,213,210,233
1115,298,231,229,243
1063,312,52,51,55
468,195,229,228,250
299,96,33,25,28
431,344,44,43,47
697,54,45,48,49
111,96,159,30,38
266,341,42,45,46
172,207,189,186,204
736,364,47,43,47
833,396,46,47,46
70,485,78,72,64
758,68,49,47,51
585,426,41,43,45
460,224,232,229,253
1167,223,237,235,252
1088,304,100,86,93
483,231,155,156,163
428,358,45,44,44
289,479,77,73,62
392,258,215,216,239
286,274,48,43,47
871,120,45,47,50
441,498,173,176,189
904,9,213,165,82
1070,458,163,152,70
573,230,238,234,255
44,33,228,225,248
390,438,201,207,233
712,473,147,133,137
129,388,44,42,48
867,435,48,48,49
675,200,240,238,255
846,371,45,46,50
759,489,162,158,158
1,363,41,46,46
215,124,38,35,40
608,241,235,236,255
1073,17,99,78,63
547,371,36,41,44
51,61,115,106,114
512,44,50,48,46
916,193,48,46,49
320,89,29,29,28
1076,402,50,53,56
764,152,46,45,49
650,325,46,45,48
383,220,209,208,232
532,53,43,44,45
1061,279,69,53,62
21,201,127,130,129
535,286,44,45,45
1131,125,228,227,244
1175,232,239,238,253
11,391,46,46,51
447,293,42,43,49
224,0,170,157,180
14,140,163,31,35
578,204,230,228,251
312,326,46,42,45
321,280,41,45,46
627,214,236,233,254
968,38,96,69,60
792,397,50,47,51
1099,453,236,234,252
136,328,35,33,39
251,58,123,125,143
802,377,45,46,48
607,28,49,46,49
473,384,45,44,48
337,4,69,64,74
1046,344,47,49,51
315,261,204,202,225
760,315,45,46,50
1183,474,237,235,249
1113,459,229,228,244
961,113,47,49,51
1150,93,234,232,248
61,336,38,36,38
1152,124,235,235,249
416,260,228,226,250
963,387,42,46,50
148,174,208,207,230
298,227,193,190,211
448,338,42,47,49
639,448,193,196,218
589,233,235,234,255
939,387,46,46,48
89,419,54,55,51
1066,31,113,103,104
390,385,45,42,46
929,188,46,46,53
1003,228,47,47,51
859,159,48,48,51
712,384,43,44,48
1,95,131,17,27
890,54,104,100,96
750,466,137,138,122
690,109,46,45,49
747,112,47,46,51
48,493,85,79,74
1048,102,50,50,54
333,102,32,28,31
1174,224,237,236,249
1172,157,237,236,252
436,56,39,36,40
728,236,239,239,255
1193,108,238,236,255
669,23,49,49,51
426,117,39,40,44
722,497,153,151,160
297,259,204,202,224
278,357,39,44,44
794,209,238,235,255
911,55,81,75,70
797,108,46,47,49
202,80,207,201,219
744,87,45,45,49
328,45,30,27,29
839,53,68,61,58
233,49,197,191,207
1188,268,237,233,251
695,355,43,44,49
549,316,45,41,46
398,427,42,46,47
1116,34,232,232,249
573,103,45,43,48
416,282,43,46,49
445,166,44,44,49
649,375,46,44,49
943,430,44,49,51
267,106,34,25,32
636,108,42,44,48
1195,245,235,236,252
936,110,49,47,51
449,350,48,51,51
276,389,43,42,48
833,81,45,47,49
496,11,79,59,48
838,325,49,44,49
955,210,48,45,51
1158,197,236,234,252
958,240,45,47,50
534,300,43,44,47
292,358,42,44,46
101,278,37,34,36
57,462,45,47,50
1106,40,237,236,253
478,219,91,91,103
567,228,232,233,254
337,240,202,202,226
624,405,42,45,45
948,99,47,47,51
482,325,44,45,48
204,364,44,42,43
774,403,45,47,51
101,126,161,28,35
1054,317,50,49,52
421,357,42,44,44
286,330,46,45,46
158,189,197,194,216
4,172,111,107,114
819,470,50,52,51
740,463,143,138,150
756,188,46,48,51
910,120,47,47,51
395,400,43,43,45
1196,403,237,236,253
14,236,41,30,33
206,229,185,183,202
1046,21,105,83,65
246,75,46,48,52
584,167,48,44,49
910,266,239,236,255
1074,152,59,59,57
29,424,57,50,52
463,380,49,52,57
255,107,34,28,31
733,426,46,43,48
277,408,42,44,46
357,242,204,202,225
805,376,46,46,47
354,49,30,23,26
356,310,44,46,43
755,178,46,46,49
4,463,50,49,54
17,93,120,92,77
278,451,69,65,52
410,459,95,83,76
536,403,41,41,48
70,123,155,26,37
294,78,33,28,30
443,36,49,42,42
573,96,44,46,46
58,131,153,27,33
321,109,31,28,29
616,383,43,42,47
555,93,43,44,44
959,387,43,47,50
692,0,51,51,49
1097,101,236,234,254
819,196,46,47,51
1145,262,233,229,246
924,26,175,121,82
883,200,44,47,50
226,251,194,193,215
777,353,45,45,49
120,377,44,39,44
970,248,49,48,50
1104,420,239,233,255
241,40,37,27,36
595,20,49,48,50
803,246,238,238,255
280,415,41,44,44
103,215,218,216,241
156,155,44,50,56
35,486,53,53,52
1158,444,233,233,245
281,407,46,41,48
521,464,159,158,169
135,415,46,45,48
771,267,171,174,207
772,483,155,151,159
1137,422,231,227,240
291,88,34,28,33
1131,284,231,230,243
706,391,45,45,47
19,350,41,40,46
519,433,150,152,160
983,346,45,46,48
550,195,226,225,251
772,321,45,47,49
413,493,127,122,104
1150,354,236,231,248
152,260,210,207,232
454,475,180,186,195
101,133,161,33,37
1083,431,251,250,255
271,333,44,41,50
533,270,49,50,55
1127,248,231,228,244
801,321,47,48,47
290,78,38,27,32
496,132,70,66,69
69,332,36,35,39
264,310,43,43,48
750,478,147,147,139
425,486,104,105,111
385,378,45,41,45
615,203,61,53,60
860,118,46,48,50
421,83,39,36,39
287,79,31,30,30
258,75,44,46,50
654,206,238,237,255
454,30,59,48,43
609,387,41,45,46
735,26,49,49,52
785,81,45,45,46
843,193,44,48,48
341,406,42,43,44
593,273,51,48,51
340,435,78,74,54
315,219,193,191,215
859,112,49,46,54
503,367,37,41,43
1113,392,234,232,250
766,31,49,50,54
555,454,133,129,132
1123,437,230,228,245
146,26,149,132,156
994,230,46,46,53
548,416,43,41,43
877,86,48,48,52
310,115,37,27,30
276,365,43,44,44
1120,41,230,228,245
734,393,45,44,48
826,409,46,48,52
70,77,34,28,31
863,181,47,48,51
408,455,68,62,58
17,417,54,52,55
899,499,171,156,87
255,128,29,24,27
167,394,44,44,48
1020,98,47,49,53
879,488,174,160,107
366,440,88,79,70
698,173,47,47,49
384,57,32,27,29
175,135,46,46,52
565,235,233,232,255
564,108,39,42,46
668,116,48,47,48
1013,330,46,48,51
625,232,187,190,222
789,396,43,47,49
849,243,239,238,255
705,70,47,47,51
277,487,81,73,54
385,489,124,117,116
879,61,93,86,78
571,215,234,234,255
640,348,42,44,44
174,314,40,39,42
635,138,40,46,46
657,150,45,47,49
401,114,40,38,41
160,215,195,191,210
31,391,48,44,50
301,420,41,44,46
745,145,44,46,47
118,275,216,210,236
104,373,39,39,44
332,254,203,205,226
566,127,41,46,44
1129,281,230,227,241
883,263,241,238,255
158,327,42,36,40
1087,452,241,248,231
78,281,36,28,32
320,493,48,46,50
598,404,41,43,48
753,115,44,47,49
743,342,46,47,51
1188,310,240,237,250
585,468,147,142,144
913,400,44,47,50
1114,296,232,229,247
1105,53,236,234,253
192,194,188,183,205
733,137,44,46,50
843,67,50,47,53
766,478,155,150,160
5,354,48,42,46
589,41,44,46,49
129,357,34,40,41
706,245,51,53,57
1138,492,228,226,245
99,211,220,221,246
307,314,46,42,44
728,391,40,46,44
1135,304,227,227,243
167,408,47,44,47
1067,78,75,67,77
814,481,168,164,180
783,112,46,46,52
498,238,209,210,232
480,170,41,44,46
174,364,43,42,41
841,78,44,48,52
768,83,44,44,51
480,209,91,92,106
959,79,47,47,52
1060,363,49,50,56
649,447,103,101,95
615,463,107,107,112
858,86,48,47,51
60,324,35,34,37
1192,464,237,235,247
645,396,43,43,47
732,315,46,47,47
695,175,47,48,53
868,310,45,47,51
672,131,47,45,48
870,433,47,46,48
803,235,241,238,255
208,69,36,28,33
378,270,201,205,233
1021,91,50,48,54
73,481,95,84,83
78,320,35,35,36
50,272,29,25,28
155,323,41,38,43
465,249,109,93,124
40,261,33,29,30
362,491,81,68,52
972,485,49,47,50
699,229,238,236,255
1156,304,235,233,249
467,194,227,227,250
1090,400,244,242,255
917,246,52,57,66
726,163,45,46,48
328,434,67,64,56
448,134,43,42,44
962,377,46,45,52
1117,467,229,226,241
272,360,42,42,46
994,348,49,47,49
465,179,46,47,50
885,221,150,145,161
1132,375,231,228,244
1082,160,242,242,255
955,318,47,44,52
934,478,47,49,53
387,299,42,43,47
1172,201,238,237,250
1142,326,230,229,244
1100,60,238,237,255
519,156,45,45,50
497,468,168,164,173
139,56,149,133,154
10,37,222,222,243
491,76,40,41,44
567,6,94,77,60
1163,340,237,235,250
1125,213,231,227,243
1159,250,236,233,251
399,19,40,30,30
490,383,39,42,44
17,98,123,95,76
209,249,198,197,218
718,351,41,42,47
193,172,187,183,204
914,33,115,109,112
1095,34,239,236,255
1135,489,229,225,242
1113,462,231,228,245
634,19,51,50,50
684,297,47,44,49
848,344,43,46,51
820,130,48,46,50
635,83,44,45,49
488,232,192,193,209
385,143,43,40,42
251,413,44,43,47
1007,439,49,47,51
708,304,41,46,47
408,312,42,43,44
1150,155,234,232,249
177,327,41,41,45
241,292,44,43,46
955,240,49,48,53
84,77,150,24,32
1158,471,233,231,245
1193,174,238,237,255
662,289,48,44,47
804,465,48,49,55
1026,245,46,49,50
1087,290,255,254,255
473,481,168,172,185
754,251,238,236,255
911,124,49,49,50
925,23,158,112,85
540,193,225,225,242
893,420,49,47,52
1047,69,107,97,77
836,359,49,46,48
680,327,42,45,49
167,28,169,151,174
377,144,38,39,39
552,462,158,153,164
138,200,200,200,222
1138,76,232,230,244
1110,130,236,232,250
1172,7,238,235,252
576,261,233,233,255
957,128,43,47,51
1032,176,48,49,54
954,348,48,46,51
90,131,158,30,34
650,136,44,47,50
1146,391,234,232,246
632,393,44,43,46
63,416,72,70,63
83,422,57,55,55
161,200,78,75,80
1140,159,231,228,247
563,294,42,43,48
0,377,48,43,49
662,64,44,46,48
653,30,51,49,51
784,454,47,48,49
666,25,48,50,52
222,412,46,43,46
99,323,37,35,35
868,274,45,48,51
848,100,45,46,49
452,447,173,173,185
1112,354,239,235,252
657,404,42,45,45
1194,212,240,238,251
1165,307,237,236,252
129,124,197,183,207
702,55,48,45,48
1134,391,230,230,245
496,126,68,65,68
1073,297,52,51,57
1137,487,226,225,242
635,399,44,44,47
98,150,190,179,202
93,228,205,206,228
1158,175,238,235,250
1184,152,237,237,252
595,278,49,47,49
1017,230,49,48,51
400,44,31,25,28
510,391,40,41,45
364,496,71,62,54
544,339,40,41,46
352,37,37,29,28
918,59,80,71,65
879,446,49,45,52
1060,292,53,55,59
460,125,43,43,44
813,236,236,236,255
26,260,38,28,34
35,313,39,36,42
878,234,239,236,255
698,306,45,46,47
206,414,46,42,44
748,397,45,46,46
20,479,47,47,50
410,358,44,42,44
339,102,33,27,28
1003,395,48,49,50
156,196,56,47,62
129,246,209,203,227
803,328,45,49,52
474,260,32,26,30
331,345,44,43,44
396,252,218,216,240
71,185,35,31,30
454,485,181,187,207
29,241,36,29,32
370,430,43,42,43
228,0,170,156,176
117,56,161,139,160
701,198,240,237,255
79,151,162,31,41
856,77,45,48,51
361,317,47,42,46
475,102,43,44,47
756,295,41,46,50
702,377,42,43,45
1108,283,234,232,249
298,86,35,28,31
699,132,47,45,49
617,1,52,50,51
975,26,97,71,59
304,275,44,45,47
680,73,46,46,48
430,333,44,46,47
108,138,98,35,37
1113,368,235,231,248
1143,39,232,232,247
660,37,45,47,47
397,458,147,148,166
1051,490,50,49,53
1155,243,238,235,253
547,279,43,43,48
573,196,71,63,89
780,360,46,46,51
933,254,42,45,50
582,206,58,60,60
442,288,46,47,48
198,111,100,98,118
280,166,188,186,206
619,451,187,191,212
67,11,232,229,253
643,50,48,47,48
1055,362,53,49,56
608,481,178,175,181
20,414,59,53,51
332,71,32,27,30
883,219,55,53,58
185,423,53,51,51
288,332,46,44,46
335,44,36,28,26
188,376,44,42,46
332,418,43,42,45
599,301,41,45,46
1154,395,234,231,246
484,283,52,51,53
1061,258,48,50,51
162,439,49,49,51
1078,448,52,52,56
1057,91,61,58,58
792,420,47,47,47
1033,263,52,48,53
788,56,47,47,49
206,61,40,29,32
1131,437,230,226,243
519,227,61,57,59
863,499,112,117,76
274,225,192,189,209
688,488,117,91,66
848,96,46,46,51
631,372,41,44,46
839,167,45,46,50
941,48,86,67,57
537,347,40,43,46
905,55,101,99,92
1002,94,49,49,51
1106,445,231,230,244
139,481,65,64,53
470,335,59,55,58
319,96,33,26,27
258,34,147,151,172
168,416,48,44,45
1102,325,238,236,255
832,15,86,84,78
943,202,49,50,50
1194,28,238,238,253
773,243,239,236,255
1079,181,242,245,254
15,324,40,37,40
636,239,54,48,53
955,387,44,48,50
1158,300,237,234,250
950,13,118,79,66
309,420,43,43,44
478,490,116,105,66
728,341,44,46,48
266,393,43,44,46
562,231,227,228,239
391,285,40,45,48
163,427,48,47,51
1165,152,234,236,249
220,76,106,110,124
194,213,190,186,207
314,355,43,42,44
1088,91,254,252,255
908,62,103,99,95
164,325,39,39,43
719,10,67,57,54
866,31,99,96,91
651,141,45,43,48
207,459,53,50,51
408,7,37,28,24
1003,31,115,88,68
615,490,123,124,107
678,455,99,75,55
371,431,51,45,46
479,144,44,44,46
348,139,35,31,34
615,497,117,117,102
507,399,42,41,46
1040,81,65,62,59
753,471,139,140,124
1109,293,232,229,247
53,139,154,26,37
350,265,211,212,232
42,357,42,45,41
1115,427,237,231,251
776,135,48,49,50
331,175,187,185,203
980,120,51,46,51
1169,0,235,233,253
605,263,43,47,49
382,386,41,41,47
837,453,46,47,49
873,496,126,116,74
1173,440,236,234,249
216,217,188,183,202
332,62,32,22,26
917,297,45,45,50
1094,401,242,242,255
1075,107,55,54,57
383,199,207,204,224
998,264,45,47,50
654,419,42,43,48
1171,43,237,237,255
941,427,48,46,51
498,23,81,61,47
448,138,41,43,43
266,0,197,186,206
106,472,47,47,49
583,405,41,42,47
755,437,48,44,52
905,18,130,117,112
901,461,47,47,51
540,177,100,101,106
1094,113,229,228,212
292,202,65,50,71
683,348,46,46,47
126,386,42,41,46
57,63,111,102,105
489,186,25,25,27
308,440,60,59,50
1025,328,46,49,50
1107,150,242,237,254
155,417,46,46,48
275,227,186,184,204
605,22,49,48,52
299,110,30,26,27
666,192,240,238,255
936,65,91,88,83
762,29,52,48,54
17,268,35,29,28
349,125,35,32,33
654,161,45,45,49
446,35,49,40,42
232,391,42,44,44
795,479,164,161,174
380,366,49,43,47
1062,248,46,51,52
1138,367,230,228,245
591,439,66,64,57
40,250,33,30,33
347,202,166,163,179
1069,92,88,77,65
730,1,48,50,54
78,238,54,53,60
967,257,48,45,51
1033,423,48,45,52
288,117,28,28,29
1033,25,99,79,62
84,138,160,30,36
1,2,229,225,247
542,397,41,41,44
405,411,49,43,48
766,79,47,47,50
747,402,154,158,187
1155,355,235,233,250
33,16,225,225,236
333,252,210,207,229
577,230,234,235,255
1048,474,48,49,54
1075,320,245,243,255
1138,28,231,230,245
219,385,44,44,46
531,66,42,44,44
255,467,103,93,62
972,418,45,47,49
185,21,159,29,40
1039,323,51,49,51
886,81,48,48,50
185,133,40,45,45
255,139,33,26,29
752,88,45,46,46
121,371,40,40,42
135,308,36,35,36
18,18,226,223,248
359,483,70,62,56
396,419,44,44,48
720,305,43,43,48
744,45,48,50,52
961,139,48,48,50
772,495,156,153,164
4,486,46,51,50
587,315,41,43,49
981,33,103,77,62
494,227,58,56,63
734,266,46,48,51
397,300,45,44,45
1055,191,50,49,55
993,345,44,46,49
244,443,53,52,52
1040,351,49,49,54
846,493,165,157,112
976,228,43,49,50
407,207,215,211,233
1189,106,238,236,254
31,166,172,33,39
318,67,33,26,28
558,163,46,46,48
976,288,47,45,51
231,454,71,63,53
2,54,29,30,29
430,178,48,44,49
458,254,115,126,146
259,147,30,27,28
775,280,48,48,53
1077,66,118,110,81
618,414,44,45,46
792,325,44,47,48
249,482,83,77,69
209,339,41,42,44
554,309,41,45,45
255,397,44,45,45
997,418,49,45,50
687,489,118,87,63
1070,187,50,53,53
1173,273,239,236,252
830,265,49,51,53
661,90,46,45,47
186,64,184,172,194
102,451,49,49,49
385,399,40,42,47
680,278,47,47,47
844,191,45,48,50
1052,383,52,51,54
872,173,46,47,51
504,468,137,134,140
1077,352,245,246,255
622,394,44,43,48
533,282,45,43,50
764,96,42,47,50
1051,200,45,49,53
202,26,188,162,173
526,473,133,132,136
559,450,149,150,156
12,214,33,29,32
461,27,92,69,52
121,203,216,211,237
60,440,47,45,51
280,164,186,184,197
812,346,42,45,48
458,409,58,55,60
944,312,48,44,50
490,103,40,41,44
942,231,47,46,50
39,192,97,95,104
827,133,46,44,51
57,411,39,45,46
922,224,49,48,54
696,91,44,46,48
339,348,44,43,48
653,399,40,43,49
681,86,43,47,51
414,130,43,43,43
713,172,43,47,52
670,494,111,82,60
254,278,54,48,54
54,105,148,22,32
185,394,37,44,46
414,152,43,42,45
30,301,34,32,35
759,152,44,48,47
296,75,32,27,29
772,343,45,49,51
976,140,47,50,52
31,386,43,43,46
266,227,185,186,205
828,299,45,48,50
490,432,179,183,202
838,54,66,61,58
14,326,38,40,44
186,251,200,199,220
249,43,107,105,122
341,297,45,43,47
1086,435,245,245,254
653,78,46,46,50
104,95,156,29,35
621,239,237,234,255
712,67,42,44,48
1193,195,235,235,250
2,165,117,107,108
220,48,204,193,214
417,299,43,45,48
195,391,41,44,47
1058,414,48,49,53
1033,59,166,154,131
444,165,46,43,48
388,351,41,44,43
234,142,37,26,28
721,165,48,44,50
630,307,44,44,49
872,448,48,47,50
251,254,194,194,212
106,66,135,118,138
145,303,39,36,39
811,402,48,45,49
423,439,150,149,134
573,6,83,73,54
377,331,42,43,47
1120,356,233,228,246
352,276,42,46,46
657,60,48,45,48
1067,18,99,75,63
454,490,173,179,196
1011,29,104,78,61
26,330,41,39,43
936,274,48,45,51
868,33,99,96,94
1123,481,224,226,242
1199,427,237,235,250
1114,197,236,232,250
148,462,45,46,50
815,268,50,48,54
1175,320,237,236,252
503,237,217,215,238
143,150,228,226,248
372,485,59,57,55
530,339,40,43,46
802,317,44,44,49
390,494,90,79,55
848,185,45,49,51
35,461,58,58,53
190,25,159,51,83
789,255,242,239,255
44,16,63,64,68
734,458,55,48,51
1063,26,73,66,60
982,206,52,46,49
835,346,48,45,50
996,218,48,47,52
204,234,47,38,46
651,421,45,45,46
1060,392,52,50,55
360,391,41,42,45
182,140,37,38,40
329,300,45,43,47
728,21,50,52,52
1127,389,231,230,246
747,175,47,48,49
961,377,46,46,51
926,366,48,45,50
141,144,143,139,160
97,328,36,34,37
1090,389,249,247,255
465,454,182,187,205
227,396,46,45,47
93,25,111,106,115
639,357,43,45,49
168,182,193,190,212
154,191,196,193,214
90,111,156,24,34
773,357,44,45,49
898,202,45,46,50
39,11,225,226,250
928,341,45,47,50
323,26,41,39,40
444,432,35,24,19
723,286,44,46,49
952,497,175,160,127
577,98,42,45,47
221,392,43,42,47
707,74,45,46,48
1012,210,49,48,50
632,405,40,43,46
353,49,29,23,27
541,68,44,42,48
1128,350,229,227,242
1171,447,238,236,250
1019,37,92,74,62
454,474,180,183,189
25,388,44,44,48
894,212,49,48,54
798,168,44,46,47
189,165,36,34,35
928,138,49,47,50
915,396,45,45,49
1178,120,240,238,255
473,411,42,42,46
486,377,47,44,45
228,365,43,40,46
947,170,46,47,52
1155,459,235,231,248
1023,315,49,47,53
490,110,45,45,48
63,433,56,50,52
886,142,51,48,51
1161,168,234,234,252
737,139,47,47,49
800,178,51,47,50
506,267,103,110,137
1129,229,228,228,244
923,17,106,73,59
976,149,44,46,52
261,120,33,25,30
959,277,48,45,51
94,35,133,120,141
1096,44,236,235,254
237,128,31,25,27
1074,215,99,87,64
585,355,41,43,46
763,389,44,46,47
790,419,49,46,52
732,11,49,49,51
347,44,32,23,28
872,254,61,57,87
985,219,49,47,52
33,376,44,46,48
402,465,67,64,57
163,433,47,47,49
653,294,43,44,47
708,371,42,44,49
299,495,44,45,47
216,261,199,199,221
245,21,201,188,211
56,2,226,225,249
958,436,55,46,70
341,486,65,65,64
469,88,43,41,47
62,30,123,113,131
1178,109,241,241,253
1043,69,105,93,71
845,64,52,47,53
1108,38,236,236,253
378,66,30,27,27
646,425,44,45,49
1155,235,235,232,247
320,74,37,26,33
794,331,43,46,49
890,219,54,55,58
114,164,153,141,171
722,43,83,64,61
1192,27,239,236,255
154,395,43,43,48
596,183,230,229,253
772,277,93,90,69
85,192,149,144,165
499,435,170,173,189
212,311,37,43,44
126,51,154,131,154
739,474,129,126,135
1114,413,230,228,246
980,75,69,62,56
40,112,146,22,35
765,406,110,114,123
389,173,45,44,45
562,255,230,231,254
391,19,45,36,35
678,250,51,46,49
203,103,132,133,153
1049,1,130,117,152
406,278,46,49,50
28,410,44,46,51
334,286,44,45,48
996,371,48,47,50
649,482,87,68,54
1161,355,236,234,247
527,116,42,43,47
838,127,46,48,48
430,229,223,223,249
430,351,44,43,43
195,87,48,35,54
316,431,62,60,49
1196,418,238,234,251
858,480,167,157,99
46,76,104,98,108
198,209,189,184,205
715,365,46,47,44
1141,70,233,228,245
94,306,36,32,37
285,118,29,27,29
262,199,157,156,172
1192,204,241,239,253
68,233,35,38,42
130,412,44,43,44
755,11,52,48,53
1199,473,239,236,249
1044,218,47,48,52
140,451,46,47,48
1045,143,46,49,53
763,328,47,46,49
805,147,43,45,47
452,213,58,53,68
396,225,215,214,236
553,244,228,229,251
1008,70,81,70,66
649,352,41,43,51
148,215,197,192,215
565,221,232,233,254
591,489,163,161,159
699,166,46,47,52
44,345,43,41,43
194,440,45,46,50
516,370,44,43,42
519,269,54,51,54
785,434,47,45,51
290,272,43,44,46
998,109,47,47,53
1090,6,254,254,255
575,201,99,96,84
158,60,134,120,136
787,18,47,49,52
1190,359,237,236,250
174,371,38,42,44
968,55,77,61,55
559,184,232,231,254
909,211,51,51,55
34,447,51,48,50
199,107,128,126,143
643,427,47,41,46
588,292,40,45,45
282,399,43,43,47
45,37,55,33,44
1011,374,50,48,52
880,430,47,48,50
1164,409,239,234,250
486,286,50,48,53
976,56,77,63,57
796,234,240,237,255
154,445,49,48,53
1192,69,237,236,251
712,415,45,43,48
1106,7,240,239,255
893,417,46,46,51
1171,417,236,231,250
12,6,226,224,247
258,127,32,25,30
111,68,146,125,148
418,70,38,34,40
678,39,47,46,50
671,310,46,46,49
684,369,45,44,49
619,402,45,44,45
900,422,78,71,52
1141,282,230,227,245
748,429,49,47,52
148,347,39,39,42
1056,99,49,49,54
100,247,217,215,237
705,352,47,46,47
331,363,43,43,47
928,319,47,47,51
749,320,45,44,48
863,449,47,47,48
1172,388,239,239,250
392,469,74,62,57
1143,189,238,233,248
265,166,190,186,203
183,262,207,205,228
420,335,45,43,47
813,211,234,237,255
311,247,200,202,218
204,182,189,183,205
104,383,46,42,47
266,170,187,185,204
1139,423,233,230,244
449,141,44,43,47
541,113,42,43,47
877,314,48,46,50
775,308,47,51,53
421,248,219,220,239
920,342,47,48,52
1049,16,75,67,60
105,356,35,39,39
710,378,43,46,49
913,432,151,152,148
596,495,183,184,194
974,115,47,47,49
209,361,45,42,48
611,131,47,46,49
192,417,41,43,45
214,41,196,180,201
616,172,44,46,50
296,0,138,141,155
178,13,164,147,171
593,64,45,44,49
138,489,47,48,50
328,418,43,43,45
1097,353,246,244,255
1038,332,47,47,52
1046,331,46,48,52
937,103,44,46,50
889,20,80,72,69
1112,471,230,227,245
757,322,45,44,51
155,251,210,206,230
327,436,79,80,53
773,57,45,47,50
823,392,47,44,47
195,135,40,35,43
720,190,238,234,255
387,65,33,26,29
153,363,44,44,42
1033,189,45,49,51
522,299,43,44,44
812,22,53,53,53
136,441,49,48,49
1037,105,49,47,55
782,390,46,44,48
110,496,50,48,51
215,301,43,40,45
328,156,37,35,36
966,219,48,48,51
647,99,46,44,50
148,443,49,52,52
792,8,45,50,51
304,240,198,194,215
641,39,48,45,48
834,370,44,46,48
696,37,50,47,49
784,193,43,50,52
574,294,44,43,45
860,278,50,48,52
1003,91,49,49,53
106,325,32,35,37
327,68,32,26,29
813,28,51,52,51
1001,185,44,47,52
427,86,40,39,40
389,350,40,44,44
543,223,224,223,248
35,359,45,43,47
497,456,159,155,170
59,27,77,62,84
970,54,74,63,56
947,295,45,45,50
154,144,187,191,208
685,402,46,47,49
742,239,241,240,255
336,66,33,27,28
541,264,228,227,249
84,284,36,33,35
747,317,50,46,51
102,444,47,47,50
536,94,44,44,47
876,459,48,47,50
549,296,40,42,46
343,72,34,24,29
598,82,44,44,49
331,207,62,55,62
595,374,40,42,43
724,441,43,44,47
542,32,48,43,47
291,196,188,186,206
760,148,43,44,50
675,377,46,45,46
982,459,63,64,128
620,156,45,45,50
480,56,38,43,47
195,359,42,43,44
970,264,49,45,50
365,128,31,31,32
377,138,40,39,39
665,482,102,78,56
841,493,164,158,115
1087,251,255,255,255
131,58,158,142,162
941,431,58,63,59
1106,323,235,232,253
622,471,176,177,188
188,50,165,38,50
620,331,42,42,46
323,197,193,190,209
87,118,158,30,35
216,198,134,122,143
114,436,68,64,57
996,29,121,94,69
49,442,48,48,52
1043,384,46,47,54
879,428,143,137,156
993,485,48,48,51
380,113,38,35,35
1125,370,232,230,246
1175,154,237,237,253
261,186,188,187,205
1171,79,239,236,252
811,318,45,47,51
66,76,29,28,30
907,136,46,46,49
1142,457,230,229,245
396,20,39,35,30
1102,483,235,230,250
1098,140,240,238,255
876,154,47,46,52
300,172,189,186,205
668,167,42,50,50
136,85,153,138,160
317,396,42,44,46
145,379,42,41,45
776,246,240,239,255
1184,256,240,236,252
279,274,41,44,46
473,368,45,44,49
773,390,46,46,48
394,144,38,39,40
921,381,45,47,50
22,120,151,25,31
590,438,52,46,47
324,232,64,61,79
999,59,101,85,65
160,159,43,43,48
478,377,42,43,47
18,342,43,40,46
1102,295,236,232,254
589,373,40,42,44
816,18,57,57,55
1108,384,236,233,252
663,206,226,228,249
891,51,104,98,92
843,205,47,47,51
626,121,42,45,48
896,225,240,237,254
0,428,53,52,53
413,474,101,92,85
9,7,228,226,249
149,344,38,39,40
1101,77,236,233,250
455,138,45,42,47
629,233,88,78,99
351,418,44,42,49
207,293,39,40,43
235,410,43,45,46
1143,188,235,231,247
719,5,92,60,56
550,309,39,43,46
1069,167,51,50,58
922,20,109,73,63
469,84,40,41,44
489,351,45,45,47
625,288,42,45,46
1035,422,50,48,52
154,63,140,125,145
530,380,43,42,46
979,315,50,47,49
775,484,153,150,163
964,143,48,47,52
1047,420,48,47,54
104,366,40,41,40
644,341,39,44,48
796,499,157,153,166
926,97,46,50,51
709,270,44,45,48
1158,409,236,233,252
806,247,243,238,255
234,192,188,183,203
282,3,207,197,219
978,143,47,48,54
324,115,31,25,28
462,362,53,56,57
940,441,50,51,51
481,319,44,46,48
501,93,55,52,55
379,482,71,64,62
145,274,212,210,233
1103,404,238,235,255
112,406,44,44,48
518,212,224,221,243
649,39,46,47,50
243,226,190,184,206
999,406,54,46,55
1192,249,237,235,252
396,402,45,44,47
547,421,41,41,42
493,363,44,41,46
1141,136,231,229,243
930,238,49,52,55
897,310,43,46,49
6,125,154,24,33
809,329,48,47,50
804,179,47,44,50
774,382,43,43,47
885,337,46,45,49
61,79,30,28,29
882,473,48,48,50
831,24,81,81,72
670,46,46,48,49
606,254,52,48,62
412,333,41,43,47
730,76,44,46,51
348,415,42,43,43
708,182,56,51,58
228,177,190,187,206
1140,160,232,227,245
591,467,119,111,101
570,430,42,43,45
647,115,44,44,47
476,13,71,53,43
801,295,50,48,50
359,279,45,44,48
111,426,65,58,67
259,194,109,102,122
453,390,32,27,27
593,473,131,123,114
442,416,22,14,14
51,441,49,48,53
136,436,52,49,52
890,111,48,47,52
1180,245,238,235,253
139,498,47,46,51
1128,334,227,225,239
743,120,44,46,48
1161,466,240,236,251
977,96,51,48,52
1075,235,50,50,55
893,155,46,46,50
250,466,84,76,52
1020,31,97,76,63
1018,454,49,46,52
973,376,47,45,50
578,48,42,46,47
1103,99,235,235,253
358,371,42,44,46
1043,409,43,50,48
696,315,42,45,47
295,450,55,57,49
611,450,180,186,210
43,325,38,38,39
1069,110,52,51,55
141,200,192,187,201
222,436,47,47,52
364,293,44,44,47
326,79,30,24,26
27,93,33,27,29
299,23,48,48,53
567,431,42,44,45
950,424,43,45,49
256,385,45,44,46
382,359,42,41,44
1025,238,48,48,51
935,410,43,48,48
611,106,44,45,49
754,160,44,48,50
856,150,48,48,50
1127,432,229,226,243
289,217,194,191,212
562,297,51,49,48
284,418,42,44,46
62,132,153,28,34
327,201,69,66,70
591,452,130,120,117
1035,155,50,49,53
347,246,60,52,59
560,102,42,42,46
106,143,194,176,198
239,407,43,45,47
879,384,46,48,52
667,418,43,45,45
1083,177,59,58,64
584,467,155,147,145
351,328,43,44,45
1110,3,237,236,253
984,454,104,119,115
743,177,50,46,55
997,80,53,53,55
86,173,204,200,223
590,169,42,48,44
629,298,44,43,48
111,305,31,31,35
513,109,49,44,47
89,16,116,106,116
599,220,237,232,255
901,272,215,212,241
523,487,103,96,68
232,277,206,203,227
552,219,229,230,251
826,418,123,130,173
1120,192,232,231,248
761,124,46,44,49
30,169,175,30,42
885,77,51,50,51
1160,387,233,232,242
1140,19,231,228,247
17,103,142,20,30
730,242,243,238,255
819,104,45,48,49
1136,421,232,228,242
568,421,41,44,45
677,317,45,45,50
455,339,80,81,85
82,232,56,54,61
940,242,49,49,53
254,329,43,44,46
392,335,44,41,48
729,154,44,45,48
6,373,41,46,48
436,270,231,229,253
647,246,48,45,50
886,133,45,48,50
150,399,42,43,45
1009,52,106,80,62
908,447,59,48,47
1034,468,44,48,50
727,252,240,240,255
543,79,45,45,45
206,394,42,44,47
936,187,46,48,51
262,131,27,26,29
779,144,48,46,48
725,410,42,46,53
905,296,47,48,51
411,368,43,42,45
666,255,46,44,49
240,83,49,48,55
618,4,48,51,51
1164,460,231,233,251
171,425,117,117,111
361,386,43,41,46
900,151,46,45,51
938,275,46,47,52
27,57,136,131,147
777,407,86,102,123
447,429,46,43,47
369,440,107,98,90
305,121,32,28,29
707,5,89,60,66
441,397,125,134,139
1007,479,49,48,51
274,434,70,67,54
1197,326,242,237,254
894,424,65,49,49
1080,142,55,52,56
1168,351,239,234,251
901,6,122,77,59
623,133,46,44,50
131,10,187,186,207
312,186,192,188,208
172,295,38,37,41
257,181,189,185,206
788,122,47,46,50
1187,118,238,238,255
479,33,77,57,47
519,334,42,42,46
548,140,42,45,45
651,195,240,236,255
201,116,33,37,41
900,105,46,47,51
435,416,51,50,54
108,3,114,102,115
1051,18,84,72,60
998,283,45,46,51
409,189,209,208,231
736,119,45,45,46
539,468,159,159,168
743,212,240,238,255
1148,369,231,230,246
646,173,55,53,56
346,246,61,57,60
6,69,105,97,107
1040,225,50,50,53
1146,279,232,228,245
119,396,41,43,45
429,89,41,38,43
711,199,240,236,255
568,407,43,41,47
890,232,238,236,255
899,413,46,47,49
140,173,53,51,58
208,324,42,42,45
1018,58,98,82,70
571,158,47,46,50
1116,214,231,231,247
524,166,44,44,49
887,439,48,47,51
495,370,38,43,42
708,50,48,46,48
1032,438,44,46,51
353,72,31,25,29
246,445,60,63,52
766,171,44,47,50
359,404,42,44,44
608,307,42,44,44
1025,293,50,51,52
186,117,187,193,212
569,359,43,41,44
1086,438,230,218,195
271,32,215,214,234
41,17,69,67,71
1007,72,103,89,80
705,120,42,45,49
629,230,234,231,254
480,188,52,51,54
976,384,47,46,49
858,204,45,47,51
1108,20,239,237,255
925,232,45,47,53
897,143,43,48,49
1056,33,92,76,70
616,14,48,49,50
726,101,45,46,47
118,55,158,141,159
533,120,42,44,47
805,29,51,50,53
212,105,49,49,53
287,63,34,36,38
1111,234,239,232,250
842,190,50,45,51
193,300,39,40,40
395,488,73,67,60
393,106,37,34,37
1151,437,233,230,245
828,250,239,239,255
122,75,149,130,155
169,65,141,128,146
725,91,48,45,49
311,144,34,30,33
544,282,46,44,49
507,385,41,44,44
256,389,44,43,46
1060,425,50,46,54
621,337,43,45,44
448,63,40,39,43
1089,383,251,254,255
444,304,46,45,46
1150,376,234,232,246
1124,6,232,229,247
795,251,242,238,255
570,308,41,45,50
680,410,43,44,46
162,118,66,58,77
10,126,155,21,30
44,311,37,33,33
1100,100,236,235,254
305,232,195,193,214
526,492,104,101,78
836,157,45,47,51
141,272,212,210,230
356,328,43,45,46
472,254,83,84,93
494,169,35,30,30
117,409,46,46,48
1037,53,134,121,100
14,411,42,43,45
549,26,50,45,47
1178,46,239,239,254
456,476,179,184,201
229,489,61,60,54
486,41,68,56,50
550,412,42,42,45
98,125,158,29,33
790,310,46,46,51
422,224,227,223,247
272,187,184,183,202
1001,247,45,45,50
826,141,48,48,53
1127,398,230,228,245
830,157,46,47,50
608,82,40,45,48
582,471,118,110,106
307,342,42,42,43
618,44,50,43,50
23,110,145,22,31
101,479,48,49,51
749,99,47,45,50
509,206,220,216,239
807,157,46,47,51
887,94,48,47,50
560,361,43,43,44
766,485,159,155,168
575,56,44,44,47
539,211,131,117,116
387,280,47,45,47
568,309,44,44,48
422,38,37,29,33
183,81,42,33,37
204,3,155,32,41
863,160,44,47,51
500,176,55,53,58
150,360,42,41,45
272,199,173,173,186
1065,396,51,49,57
95,463,94,90,85
73,54,178,181,196
960,474,45,46,51
122,345,39,35,39
319,225,158,162,181
819,376,48,46,51
383,258,214,213,233
1109,408,238,235,252
249,443,56,53,51
369,69,33,27,27
298,252,199,198,217
283,16,187,193,212
1095,450,237,238,255
628,177,234,231,255
362,75,32,25,29
902,274,49,52,59
1091,453,241,240,255
236,177,189,182,203
682,407,42,45,47
556,42,44,43,46
545,356,44,41,46
61,82,38,33,33
1070,5,102,81,65
1086,315,241,245,254
468,472,180,183,202
783,393,47,48,50
395,153,43,42,45
669,266,44,46,48
475,396,41,43,46
228,199,157,159,178
211,389,41,45,46
686,233,234,234,255
198,193,189,184,205
568,481,147,140,126
716,74,46,45,49
125,299,37,33,37
1164,246,238,234,252
425,268,228,228,251
901,120,48,47,51
698,148,46,46,50
900,403,46,46,49
2,313,38,39,42
470,337,54,51,56
812,353,45,44,49
310,81,33,25,26
826,465,49,47,51
593,272,49,49,54
1117,287,228,230,241
476,359,47,44,47
847,104,43,46,50
1046,258,50,48,52
902,439,100,92,61
899,70,53,49,55
488,103,44,44,44
426,329,45,44,46
335,300,42,43,43
274,341,41,41,46
59,303,35,35,36
459,332,21,22,26
122,399,43,44,48
293,395,45,44,47
349,185,195,193,214
36,361,46,45,47
382,309,47,45,48
113,472,45,47,52
1077,407,54,53,57
394,88,35,31,34
854,51,107,86,63
146,197,89,87,113
689,298,43,43,49
470,251,183,183,202
852,353,48,45,52
717,456,66,61,51
949,307,46,45,49
209,304,41,39,43
427,399,41,44,46
343,130,33,29,32
799,37,51,49,54
1019,259,51,48,50
459,372,44,46,50
606,438,44,45,49
976,474,47,46,50
286,383,42,44,45
956,244,45,47,50
805,251,244,239,255
1032,28,111,80,62
330,187,192,191,211
260,146,33,29,29
821,389,44,45,49
738,108,48,46,53
713,300,42,43,46
503,56,43,44,45
720,495,154,146,160
382,20,45,33,30
734,340,48,42,50
449,478,181,181,197
934,377,48,46,50
92,228,207,209,227
833,77,48,46,50
8,243,34,32,32
1076,243,129,125,128
231,119,35,30,33
79,289,34,26,31
1035,254,49,46,52
569,26,50,49,50
367,18,38,32,31
216,13,187,171,195
266,402,44,44,46
1058,458,49,50,52
572,1,52,49,51
527,452,140,136,146
291,423,43,43,47
501,134,38,37,40
193,162,39,32,34
90,324,36,37,38
933,405,46,43,47
503,365,45,40,44
660,445,46,46,52
461,65,44,40,44
924,252,50,46,52
579,264,232,234,255
494,318,41,44,47
374,196,201,200,221
435,173,45,45,50
291,274,42,44,47
1091,248,246,242,223
1027,30,96,76,61
1094,89,213,205,177
1031,380,49,48,52
191,129,38,41,48
400,178,45,44,45
1003,208,46,49,53
46,433,51,47,52
1111,376,234,232,251
537,364,44,41,45
314,239,52,50,53
659,481,96,73,57
253,370,42,44,50
962,336,44,47,50
300,449,68,64,52
526,206,130,128,117
920,201,49,48,52
814,188,49,49,49
416,113,37,41,43
589,55,43,43,48
800,464,46,48,51
438,234,231,228,251
1091,35,254,253,255
419,398,45,45,49
123,413,46,43,44
701,247,49,50,52
795,236,242,240,255
780,89,47,48,50
303,455,90,88,61
680,292,42,45,46
102,178,157,163,185
81,288,34,33,34
969,174,45,49,50
41,219,33,31,30
951,429,47,46,49
207,267,205,203,225
995,460,94,103,153
545,480,134,134,136
336,32,43,30,34
969,313,47,45,48
489,457,161,165,182
265,401,42,42,46
398,82,30,31,33
428,162,45,43,43
692,439,44,45,46
781,27,50,48,52
403,230,217,216,239
1103,223,240,238,254
898,164,45,45,52
635,489,163,160,173
44,463,49,48,50
421,0,37,27,30
788,257,241,239,255
704,297,46,44,49
615,17,51,48,51
1197,338,239,238,254
594,186,233,231,255
1148,483,229,227,243
1035,418,51,51,53
163,336,40,41,43
393,193,207,207,230
558,161,43,42,46
395,192,208,207,231
394,436,202,203,227
758,101,45,46,49
1192,164,240,238,252
821,135,53,48,50
1045,419,48,47,53
58,447,51,49,55
603,49,43,45,50
461,195,226,226,248
463,276,220,218,244
559,493,128,120,109
901,0,215,165,96
727,361,41,46,49
594,300,46,45,47
590,18,54,50,52
980,262,45,47,51
780,167,46,47,51
80,237,57,57,61
944,457,52,48,51
786,119,47,47,50
108,380,42,42,44
107,399,43,43,47
98,114,161,59,85
215,422,47,46,50
340,218,200,198,218
118,53,158,139,162
207,223,190,187,209
705,385,45,45,52
1176,482,241,233,252
307,135,32,28,33
777,116,45,47,49
424,463,170,153,163
1035,10,107,83,66
33,94,33,29,29
6,140,166,26,33
216,277,208,205,228
620,423,45,45,45
496,366,43,42,45
383,464,85,74,68
805,312,49,47,51
189,67,198,183,206
372,262,212,214,233
282,472,93,83,52
249,95,40,37,42
551,134,44,44,46
1187,357,238,237,252
1077,213,243,242,254
774,406,79,77,60
154,272,211,210,234
1091,36,255,253,255
8,302,36,37,38
40,238,34,27,29
221,215,181,182,199
71,335,37,33,35
949,152,46,46,52
161,9,154,136,161
182,27,171,114,137
830,113,44,47,53
1000,218,47,47,53
1178,340,237,235,251
47,151,162,28,39
626,214,233,231,255
447,36,46,43,39
1138,104,228,228,245
719,428,42,42,47
350,60,32,22,24
249,401,42,44,45
69,289,38,26,32
769,466,159,157,161
274,293,43,42,44
1088,363,247,247,255
9,476,48,47,49
232,328,43,42,48
398,350,41,43,44
581,298,40,45,46
1050,283,229,232,243
485,397,41,42,44
329,218,195,196,216
374,388,42,44,45
383,133,36,38,40
439,50,38,35,38
486,224,180,182,196
208,294,39,41,43
725,129,44,44,47
228,97,34,36,41
348,43,34,26,26
1043,383,47,48,54
758,106,47,46,49
436,465,28,26,26
400,21,42,37,31
682,134,49,45,52
326,43,36,26,31
334,448,61,57,54
104,22,119,111,120
389,36,38,34,30
295,259,202,201,222
221,274,207,203,227
851,441,45,45,52
63,427,81,81,72
1166,165,235,234,250
947,33,91,71,60
525,131,42,44,48
913,134,43,47,51
855,345,41,46,48
604,171,44,46,47
368,233,144,143,172
992,482,49,46,52
708,448,40,44,47
826,341,43,46,49
613,292,47,46,48
836,77,50,47,52
274,308,46,44,49
306,488,64,60,71
1189,126,239,236,255
1121,326,231,228,242
972,110,49,47,53
218,357,42,45,48
784,108,45,45,50
326,265,210,207,229
1104,276,235,234,252
782,177,45,46,49
1017,286,48,47,53
919,442,48,48,50
1037,78,85,76,62
533,174,49,50,51
540,284,44,42,46
872,73,47,47,52
184,14,155,28,49
342,397,40,41,46
707,373,44,43,46
1190,239,241,235,253
398,440,197,208,223
427,146,40,44,45
1009,171,46,46,53
278,98,36,28,30
345,151,42,36,38
355,27,37,33,32
36,99,32,30,31
80,55,187,185,205
351,317,45,43,46
252,408,46,44,48
306,196,191,187,208
564,391,45,43,44
40,218,28,30,32
98,161,36,23,30
1041,74,89,76,64
1015,152,48,48,53
262,494,89,73,53
1064,108,52,51,56
290,367,42,44,46
206,311,42,41,45
1045,447,47,48,53
95,207,213,211,241
468,130,46,42,46
259,236,44,46,47
92,263,44,38,46
305,391,47,43,46
138,448,49,45,49
288,368,44,43,46
1106,366,237,235,255
663,70,44,47,47
541,111,42,43,47
432,9,39,31,31
747,457,49,46,50
139,389,41,43,46
128,105,163,28,38
151,348,40,38,42
87,265,41,35,39
762,499,160,155,164
550,279,44,44,49
708,189,238,235,255
701,168,46,47,50
290,493,42,45,47
494,21,73,58,48
1177,302,239,234,251
515,431,53,47,45
1093,53,79,74,66
11,440,52,51,54
761,444,45,46,50
598,263,50,48,51
19,427,53,49,53
815,4,72,72,64
467,332,51,52,52
283,389,43,44,46
466,400,44,45,45
325,291,42,42,47
86,386,42,42,48
301,40,45,47,53
330,422,42,44,46
980,57,95,73,60
192,233,191,190,209
1187,163,236,236,251
605,21,51,48,52
917,201,49,48,49
970,171,47,47,49
265,373,43,44,43
1094,296,242,237,255
666,39,45,47,49
200,367,46,43,48
956,86,50,47,52
106,51,100,88,112
449,136,44,43,47
234,190,181,180,199
1123,85,230,227,244
448,240,226,226,243
618,411,46,43,44
113,26,30,30,29
930,173,45,47,51
132,399,46,42,47
883,185,43,48,51
122,202,213,214,237
1031,165,47,49,53
175,5,155,88,99
866,433,50,48,51
972,170,51,47,51
396,28,48,37,30
362,80,33,22,28
273,13,37,32,35
471,386,45,43,45
873,167,44,48,49
806,97,44,46,48
460,83,38,41,45
1095,422,245,242,255
488,140,44,42,49
506,383,41,45,46
853,109,44,47,50
487,15,71,55,47
249,478,95,89,62
1005,328,47,45,49
993,352,46,45,53
550,301,42,43,45
907,363,47,47,50
50,465,50,50,51
1063,269,52,52,55
1012,497,50,50,53
1092,78,75,65,72
310,249,199,199,223
626,288,40,46,49
314,274,41,43,49
323,364,45,42,48
405,194,209,209,233
677,216,112,109,122
784,214,243,240,255
90,368,37,40,43
569,1,114,100,87
813,40,50,51,52
11,271,33,31,33
946,448,48,50,51
146,218,198,193,214
1075,312,239,243,255
999,89,51,47,53
269,266,81,84,107
995,363,45,46,52
420,260,223,222,244
592,342,44,41,44
335,30,40,34,36
55,140,155,28,32
392,26,68,53,39
137,372,40,40,42
661,429,47,44,47
28,224,33,31,34
156,90,157,145,166
982,475,44,46,55
51,431,48,48,52
1165,224,240,236,253
204,418,45,43,46
284,43,41,42,48
126,380,41,44,44
1187,379,241,237,250
608,79,41,44,47
22,186,50,49,54
1119,436,233,230,245
782,192,41,47,50
43,57,106,100,107
1132,287,227,229,241
835,357,44,47,50
1159,5,237,236,251
119,402,42,42,48
1014,475,47,50,52
213,428,46,46,51
969,205,45,48,51
511,227,223,223,244
538,461,149,147,153
8,357,43,42,47
620,160,45,43,48
1163,404,238,235,252
107,36,186,189,208
639,490,152,149,155
123,69,157,141,164
751,32,49,49,52
1133,494,225,222,236
424,166,43,43,45
226,94,39,36,41
159,486,46,46,50
1031,284,49,48,53
208,317,42,41,46
1170,425,238,233,251
1138,56,230,228,245
10,393,46,47,48
0,7,225,227,248
955,218,44,49,50
1062,275,213,226,250
798,489,163,160,174
1109,405,240,237,254
248,240,51,46,49
386,278,44,47,50
114,446,51,50,49
593,132,41,46,44
436,350,44,43,46
220,4,170,154,179
200,426,48,47,53
531,396,41,42,45
624,474,189,184,195
856,422,48,49,49
110,222,203,202,223
519,374,39,41,46
904,468,51,47,51
812,15,54,53,54
78,407,44,44,45
545,249,229,228,252
981,359,46,47,50
231,151,36,26,30
644,36,48,45,49
1079,82,61,58,64
977,26,98,73,61
614,156,43,45,46
202,274,206,203,224
329,138,30,32,34
379,18,39,28,29
778,432,45,45,50
676,394,149,155,156
380,156,40,40,43
109,142,195,180,200
1199,467,239,235,252
1089,180,184,189,207
1003,418,47,48,50
459,310,66,67,73
101,254,218,213,237
1132,496,229,226,242
809,138,46,47,50
16,392,49,44,49
598,486,185,183,189
626,334,44,44,46
762,465,127,128,99
616,86,46,44,48
870,397,48,44,48
2,463,54,52,56
1091,234,234,237,250
698,333,44,45,47
1012,134,47,48,53
903,460,45,48,51
281,482,65,54,54
67,200,105,102,104
1032,38,104,79,62
1052,177,48,48,52
711,114,43,45,49
45,221,32,30,35
785,48,51,50,53
426,134,39,41,45
1133,474,226,223,242
481,425,42,42,46
1161,219,239,235,252
882,354,47,47,49
460,138,45,42,47
63,288,33,30,29
98,41,150,155,169
103,416,41,48,47
557,84,46,43,48
962,485,47,48,50
212,400,39,45,48
627,317,44,43,45
596,109,42,43,45
834,386,44,47,51
535,63,40,44,50
745,126,42,45,49
452,140,44,42,45
989,318,45,46,50
709,282,47,44,47
1182,101,238,235,252
207,28,187,171,190
709,480,141,127,116
832,39,81,72,62
219,180,188,183,206
584,299,41,44,47
1184,0,238,238,254
205,317,42,42,44
618,59,45,44,47
847,396,46,47,51
46,277,35,32,36
648,240,48,47,52
282,9,167,169,187
441,362,41,44,47
613,200,236,237,255
1088,391,249,247,251
737,26,49,49,54
697,142,48,44,49
90,89,153,25,34
1019,137,46,47,54
693,250,45,47,49
697,202,241,238,255
809,450,45,46,54
223,297,44,43,44
322,115,31,26,30
191,448,80,81,67
772,402,45,44,49
445,305,43,45,44
178,82,36,28,35
1085,483,163,150,95
1109,124,237,234,248
200,466,48,45,50
974,410,45,47,47
307,262,204,204,225
1114,7,235,232,251
301,196,192,187,208
1045,272,53,50,56
17,372,45,44,48
275,167,187,184,202
361,304,44,43,48
705,128,46,47,51
1020,464,48,46,51
74,125,155,30,37
1144,364,233,232,244
328,250,202,204,225
238,439,52,52,52
8,226,29,27,33
862,230,243,241,255
982,288,49,47,51
831,224,239,238,255
894,465,47,49,52
328,346,43,43,47
239,83,48,48,54
798,439,48,46,52
174,284,46,40,59
428,284,44,44,46
358,72,33,29,29
698,153,47,46,49
1054,91,62,58,60
689,204,240,236,255
366,351,42,42,45
824,209,49,53,57
582,34,41,46,46
833,52,65,62,60
1081,59,250,248,255
88,235,217,216,240
1188,323,237,236,251
656,301,45,45,47
332,239,201,198,220
311,62,33,26,30
345,183,197,194,213
137,459,46,50,51
972,387,46,47,49
186,375,41,43,46
538,46,47,43,46
965,73,70,61,60
228,264,200,197,222
317,287,41,43,45
270,403,44,44,47
521,477,113,110,91
500,453,152,151,162
669,32,49,49,52
557,233,190,182,198
810,463,50,49,50
509,382,41,42,46
327,88,30,26,25
1121,482,227,225,242
33,361,45,43,49
934,463,47,48,51
16,332,41,40,40
245,375,41,42,45
167,22,164,146,167
998,20,127,95,70
962,148,50,48,52
682,316,47,45,51
33,197,68,83,63
1126,19,227,227,246
520,437,151,150,168
795,499,153,149,165
597,299,43,45,46
6,17,127,122,144
794,427,47,46,53
795,75,51,47,53
817,259,192,195,222
45,477,46,46,50
607,92,46,44,49
114,92,181,147,161
1169,298,235,234,252
346,317,44,43,48
491,340,43,43,46
136,287,37,33,38
748,10,49,48,52
206,113,36,38,42
410,117,37,39,42
1126,174,229,227,245
1008,333,49,49,52
11,374,45,43,52
1098,40,240,240,255
664,105,47,45,48
309,105,28,24,25
755,235,240,236,255
666,355,44,43,48
434,359,43,45,45
884,156,49,46,51
533,256,229,227,255
37,270,28,29,33
138,250,208,208,228
993,394,45,45,51
8,333,40,41,46
468,430,136,135,121
1082,260,102,95,115
901,240,242,237,255
800,106,50,45,49
256,238,59,55,65
50,214,109,109,113
1075,25,101,96,94
290,422,44,44,48
417,157,44,43,47
754,217,87,64,76
1094,273,238,235,255
846,456,51,46,52
1059,156,46,49,52
932,367,46,46,50
1149,359,234,231,246
780,105,46,44,49
962,45,91,68,59
362,74,30,25,28
556,162,44,44,46
920,61,79,72,65
1165,284,237,235,254
97,412,45,44,48
195,452,58,58,59
405,297,43,45,48
534,95,44,45,47
448,145,45,44,46
289,464,108,101,73
726,274,45,48,50
655,114,45,45,50
503,125,35,32,34
848,76,49,48,50
257,454,81,76,54
1144,492,228,229,243
913,303,44,46,48
821,381,43,46,50
1103,373,238,239,254
1141,25,233,232,248
471,59,37,40,44
237,87,43,45,51
1181,260,241,236,251
103,253,218,216,237
528,176,52,47,54
441,114,44,41,43
335,250,206,205,228
517,268,56,49,65
225,396,45,43,50
335,377,40,44,48
729,290,45,44,50
844,166,50,47,50
931,74,51,50,54
575,115,43,43,47
596,125,42,44,47
849,336,48,48,51
56,371,45,43,47
688,290,48,46,52
37,298,36,30,34
352,306,44,44,47
1146,2,234,232,247
92,463,85,81,76
440,341,44,43,48
647,111,45,47,48
1097,264,240,236,254
609,219,224,232,249
696,266,44,45,50
649,35,42,45,49
758,227,238,237,255
365,405,42,43,43
1035,344,49,48,51
359,63,31,24,25
1073,60,88,71,63
744,445,47,47,51
36,205,103,101,104
302,238,194,196,217
986,53,96,71,59
105,493,48,47,50
562,229,185,180,180
699,119,46,48,47
1093,156,251,248,255
822,113,45,45,50
393,50,31,26,28
520,478,111,106,88
791,411,64,52,69
398,170,44,44,47
1153,471,235,229,246
210,82,121,121,135
1127,217,233,227,245
326,280,44,45,45
874,332,47,46,48
523,483,113,110,85
129,301,33,34,35
119,162,144,142,164
789,387,45,49,50
964,369,46,46,51
270,339,43,42,48
130,30,41,30,50
1163,69,233,236,248
680,202,238,240,255
889,205,47,48,51
111,347,37,35,39
169,88,35,30,33
693,402,46,45,52
662,242,46,48,50
958,180,46,47,52
438,150,39,44,44
1187,46,242,236,255
1032,409,49,48,53
697,442,49,44,47
804,368,44,49,49
470,402,45,44,47
906,345,45,45,49
1054,314,50,49,52
1094,314,244,238,255
441,22,45,40,36
208,41,192,171,181
449,211,58,54,58
582,232,236,235,255
1094,407,242,242,255
920,347,48,49,52
627,189,235,236,255
1076,156,191,184,150
288,339,46,42,47
288,258,201,199,221
655,303,46,44,47
172,3,168,146,168
752,225,62,62,67
1099,31,243,242,255
1189,180,238,235,255
746,406,153,156,142
733,452,49,48,52
921,11,137,83,66
498,437,168,168,185
1033,250,48,49,54
1032,247,49,48,54
81,103,154,25,35
694,249,49,46,53
905,445,69,56,110
469,458,180,185,203
1106,209,238,237,255
978,371,47,47,49
1188,400,238,237,254
1071,332,53,52,57
853,114,48,46,48
175,451,51,48,49
624,354,44,41,49
321,293,43,43,45
904,233,238,235,255
1033,468,48,51,53
1072,244,55,56,58
646,126,43,45,48
407,267,229,227,251
71,177,203,192,215
374,165,41,41,42
772,14,51,49,52
920,221,46,46,53
992,203,49,48,54
673,459,100,73,56
923,375,45,46,49
1164,299,234,235,252
608,464,113,110,113
1175,110,235,235,254
307,219,189,186,208
620,387,45,45,51
753,181,45,48,49
893,428,111,117,72
481,49,39,42,43
956,160,48,47,51
988,87,48,48,50
407,324,42,43,48
982,186,46,46,52
923,174,46,48,51
941,453,70,65,67
996,38,117,94,71
826,327,48,46,50
421,299,41,45,47
669,212,235,235,254
468,411,40,45,47
174,390,46,42,46
516,16,76,63,53
68,289,39,29,34
846,332,47,45,50
696,133,48,44,49
863,11,96,93,92
266,407,41,44,47
651,152,45,45,48
761,256,241,236,255
1057,234,46,50,53
712,333,50,44,50
906,440,49,51,53
478,168,48,47,48
415,303,45,43,47
904,280,47,47,51
816,137,49,47,53
80,154,163,29,38
943,341,47,45,50
288,459,79,76,53
834,4,93,92,88
568,178,82,80,84
684,438,42,45,47
547,390,40,42,43
936,498,175,158,86
426,175,43,46,45
824,370,45,48,50
233,380,43,43,47
1038,282,233,237,241
457,55,41,40,41
1,206,30,29,34
792,436,43,45,51
567,301,41,43,46
519,451,134,131,136
298,468,121,113,83
245,403,42,44,45
53,70,49,39,38
283,153,33,31,34
68,250,36,35,38
681,111,43,46,47
488,478,113,109,67
1071,16,103,80,64
870,320,44,47,49
947,487,50,47,49
378,272,51,47,56
71,173,204,190,216
1144,265,233,231,247
40,472,49,46,50
1146,202,233,231,247
490,233,164,161,192
1081,366,57,56,60
51,317,38,37,36
1106,87,235,234,251
5,390,46,46,49
313,396,43,44,46
330,123,30,28,32
1192,336,239,236,252
368,250,213,211,233
1176,162,241,237,253
786,394,42,48,47
764,13,51,50,52
632,343,40,44,47
804,388,45,45,48
1096,339,244,242,255
710,158,47,46,50
342,348,42,45,47
462,52,40,39,42
716,159,46,49,51
899,260,241,239,255
522,36,33,27,31
383,321,42,44,48
275,185,188,187,207
666,249,45,44,53
428,393,42,45,47
570,304,41,42,46
519,354,44,42,50
54,275,35,32,35
202,147,34,28,36
592,269,81,75,110
983,56,93,72,59
374,343,43,44,43
34,296,33,35,33
226,141,31,29,29
709,21,64,56,55
20,247,30,28,30
907,468,47,48,52
920,139,45,50,50
259,264,199,198,221
684,90,47,48,52
284,216,189,186,203
1158,485,230,226,243
283,491,83,79,70
478,137,40,42,47
912,323,45,45,49
313,21,46,46,49
1155,298,236,234,248
59,254,39,31,32
817,260,81,72,90
293,184,191,188,208
40,453,47,50,50
1131,3,232,226,245
434,97,40,43,42
430,88,42,40,42
362,109,34,30,34
714,492,154,148,160
690,185,236,234,255
489,21,69,54,47
179,23,160,33,45
999,186,45,49,50
870,103,47,46,51
332,330,41,43,46
1085,63,254,251,255
735,55,49,45,50
503,299,44,44,44
467,410,40,44,46
712,111,43,46,50
683,178,53,55,58
321,400,40,41,49
1082,438,62,59,59
184,400,41,44,43
511,88,33,30,34
129,411,45,44,47
605,359,46,44,47
632,5,52,52,53
903,279,47,48,52
599,1,111,97,80
1161,203,235,234,252
532,175,52,52,56
573,107,39,46,49
908,437,47,49,49
413,54,34,30,34
355,53,29,27,25
123,38,166,150,173
10,487,48,48,53
487,368,41,42,45
23,169,174,31,40
946,20,116,76,62
588,328,42,43,46
783,70,45,48,52
442,380,41,48,50
1139,9,230,228,245
202,481,42,46,46
244,261,200,196,217
602,92,45,44,48
730,230,85,75,78
781,174,46,48,50
886,426,54,44,79
76,457,54,47,49
167,152,36,40,44
694,441,42,44,47
195,55,195,180,202
979,316,48,44,47
851,303,45,47,51
146,255,211,209,231
545,270,55,53,53
278,417,42,42,45
1136,6,232,230,245
555,326,46,41,45
101,219,212,212,235
114,322,32,31,36
128,43,162,143,164
984,95,48,48,52
181,461,53,46,48
185,456,49,48,51
1099,116,236,238,255
647,205,232,234,255
1035,467,46,47,52
576,116,43,44,48
28,343,43,41,44
364,334,45,43,46
364,31,41,29,32
984,100,48,47,52
61,162,168,30,39
1095,201,241,241,255
338,340,44,43,45
429,258,229,228,250
929,48,112,112,103
955,492,50,48,50
291,331,39,43,47
741,79,46,47,52
642,46,49,46,49
242,181,185,183,203
894,405,45,46,48
465,399,45,45,47
363,205,187,189,206
1032,39,102,80,64
203,74,204,193,213
808,225,245,239,255
345,392,43,42,45
1119,230,229,228,244
495,8,101,75,53
1099,20,238,236,255
761,123,43,46,47
811,118,46,47,52
635,140,42,44,48
284,289,45,41,49
1073,4,107,83,65
809,359,43,45,48
734,152,49,46,50
388,357,44,45,43
629,456,187,186,206
356,32,42,29,27
326,110,30,24,27
407,397,43,44,46
136,451,47,46,48
465,28,101,76,57
157,266,212,209,231
499,319,48,42,45
409,438,72,69,61
1071,349,69,59,50
562,336,41,42,46
580,486,173,165,173
646,328,45,43,45
237,411,45,43,48
291,246,186,183,197
903,316,45,45,49
1009,251,49,46,51
1095,370,242,241,255
1037,225,47,47,52
122,479,44,46,46
134,15,190,188,206
451,202,230,227,249
181,314,36,40,41
178,73,133,122,142
410,94,37,36,36
731,424,43,47,48
770,273,50,52,53
155,464,51,48,53
571,291,44,44,49
78,256,210,210,234
19,68,107,98,110
634,75,44,45,46
184,380,44,42,47
715,18,219,158,102
22,182,113,105,116
603,170,46,47,47
560,210,62,58,71
1191,470,234,235,250
1117,38,231,227,247
640,215,73,58,95
639,378,44,44,46
579,91,47,46,47
328,64,27,25,25
781,233,78,68,92
793,247,241,241,255
482,48,40,42,42
996,452,55,45,50
746,128,42,47,50
1139,10,232,228,244
880,83,47,47,49
992,159,49,49,51
783,430,46,47,49
421,152,44,43,43
953,209,50,46,52
445,96,39,42,40
642,155,46,45,49
241,327,41,45,47
583,304,44,44,47
51,438,48,46,50
30,446,49,51,52
931,467,49,48,52
893,87,46,47,51
486,415,42,43,45
418,253,224,227,248
482,409,40,44,44
436,140,41,42,44
491,439,165,168,184
148,256,210,207,228
674,332,45,45,47
760,167,43,44,50
840,50,85,68,56
224,291,43,43,44
60,290,35,30,27
988,225,46,48,52
1096,216,248,246,255
943,37,99,75,60
110,138,45,28,30
648,326,37,44,46
241,486,64,63,53
723,94,47,47,50
294,417,43,45,47
613,142,46,45,47
974,99,47,49,50
594,198,234,236,255
135,360,39,40,41
952,71,102,98,96
1123,365,232,228,244
54,310,34,32,34
1122,348,230,230,247
402,226,216,216,237
698,226,237,237,254
283,57,44,43,49
658,153,45,45,47
131,96,161,144,163
465,155,41,44,46
1020,456,49,47,51
710,413,44,45,48
431,327,43,44,45
1096,365,242,239,255
581,53,44,44,46
23,247,33,28,30
46,17,65,62,67
935,49,114,104,99
32,332,40,38,39
253,144,34,26,28
910,144,44,48,49
1090,422,252,245,255
139,361,44,41,42
147,444,50,50,51
343,221,197,198,217
836,448,47,46,49
725,311,45,44,49
32,239,36,29,30
342,387,38,44,44
138,249,210,207,232
1142,440,228,226,242
1187,377,235,236,250
12,50,65,64,69
249,381,40,42,45
417,79,40,35,40
1057,470,50,49,54
582,327,43,42,47
276,333,45,43,45
625,108,44,45,47
228,148,35,29,32
642,111,47,43,47
475,24,59,47,48
203,276,207,203,228
1108,491,233,230,244
562,418,42,42,44
655,97,50,45,48
303,44,43,38,45
822,400,46,46,50
772,211,244,240,255
1043,141,48,50,55
836,131,46,47,50
1194,135,238,237,255
355,16,43,33,32
364,177,197,193,216
587,495,110,107,95
470,413,44,45,48
84,350,37,35,39
899,78,48,48,53
55,428,54,54,55
770,328,49,46,49
1170,59,237,235,254
811,386,42,46,51
116,444,49,50,49
1123,89,227,227,244
15,449,49,48,51
67,465,52,49,51
474,337,49,49,52
881,328,47,47,51
253,165,190,185,205
139,370,39,42,44
76,201,107,106,119
1175,442,234,234,251
505,77,31,29,35
331,79,30,27,24
240,369,44,41,44
753,416,46,46,50
1139,115,229,228,244
251,200,169,173,189
131,192,208,210,228
7,113,145,21,28
935,213,49,46,50
219,63,35,33,36
408,72,37,33,35
1019,487,44,48,53
536,353,42,43,46
827,438,45,44,49
665,319,46,45,47
668,190,237,239,255
21,68,105,95,109
217,70,109,114,126
683,372,41,46,44
91,157,36,26,27
1010,264,51,47,53
442,415,13,14,15
1084,261,62,58,69
48,272,33,29,33
937,489,50,50,51
852,241,67,62,93
1117,427,231,230,246
423,425,44,44,46
1168,233,236,235,252
341,95,31,25,27
497,437,161,160,177
1146,104,231,230,246
926,316,50,47,51
303,263,206,204,225
439,385,44,47,50
579,27,46,49,50
821,138,46,50,51
187,353,44,42,45
512,408,41,44,46
32,128,152,22,30
69,224,209,210,233
141,280,212,210,233
345,96,30,25,29
441,339,46,46,48
1079,309,55,56,59
373,5,46,30,31
889,248,239,238,255
27,395,44,45,46
1015,446,49,49,52
919,123,44,49,52
930,48,117,115,108
716,290,45,43,51
456,121,41,43,48
115,392,45,44,47
934,140,52,47,51
209,75,173,162,177
407,421,41,44,47
657,239,52,52,54
1141,288,230,227,245
913,309,47,48,48
879,381,46,47,51
1057,290,53,55,58
824,447,46,46,49
52,431,49,47,51
1040,289,56,51,54
678,184,236,237,255
762,349,45,48,50
719,118,47,46,49
1154,411,235,233,249
746,111,48,47,50
374,184,198,198,219
69,312,34,34,35
21,59,102,91,108
670,224,223,234,254
182,41,181,164,187
996,247,46,47,52
285,350,40,44,47
859,436,47,45,53
548,44,46,43,47
321,321,40,43,46
1074,442,53,52,55
644,309,41,44,49
838,428,45,46,48
1031,29,101,78,61
684,125,48,47,52
139,348,43,38,40
597,127,43,42,48
1148,382,232,230,246
1176,54,240,237,252
513,432,109,108,96
595,430,47,43,44
765,431,46,46,49
954,93,49,48,52
226,425,45,44,50
523,217,222,219,239
453,165,43,45,45
753,290,44,46,49
280,14,107,109,126
655,485,96,72,60
917,410,45,46,47
259,125,30,25,29
34,379,43,44,44
156,20,153,138,161
242,473,79,79,65
706,341,46,46,49
448,312,44,45,48
899,389,46,46,48
376,452,196,182,190
461,308,79,78,84
560,15,88,76,61
707,300,46,45,47
522,482,109,106,78
1002,282,49,48,52
968,164,50,46,53
354,346,38,43,46
607,15,51,48,52
131,171,167,155,180
11,404,43,46,48
858,238,69,57,99
299,171,185,184,203
662,48,46,45,50
1109,240,232,233,250
40,96,34,30,31
674,51,49,45,49
856,73,44,48,48
871,253,76,75,129
953,308,43,45,52
89,92,153,23,34
399,206,114,125,143
659,114,42,44,50
1036,213,47,48,53
851,375,45,46,51
747,179,47,47,50
9,148,167,26,35
261,23,63,47,73
617,203,70,56,74
511,204,209,213,236
646,41,47,46,50
430,433,48,47,53
553,431,42,42,47
551,469,163,161,175
138,349,40,37,41
276,417,44,43,47
157,256,209,205,228
1090,183,120,131,211
647,66,45,46,47
894,297,43,48,48
358,220,205,204,224
639,246,47,47,51
958,303,45,45,49
482,13,84,64,50
143,104,148,138,158
139,384,42,42,45
1186,146,239,237,254
1124,444,228,226,243
1065,78,89,81,90
956,377,42,46,48
1041,301,193,198,235
1139,421,228,225,241
1163,450,238,233,249
1102,57,236,236,252
922,156,47,46,51
1035,359,45,46,52
324,319,43,42,45
1135,490,229,224,243
1121,296,229,225,244
326,194,193,192,213
1089,4,254,252,255
496,40,86,66,53
505,435,173,177,195
916,492,176,160,123
111,361,42,42,42
977,58,89,68,59
694,50,42,46,49
391,176,45,45,46
540,387,41,39,45
757,155,47,45,52
395,402,45,43,49
382,87,29,30,33
151,248,206,205,228
606,351,46,44,47
920,381,48,47,48
198,431,49,47,50
1018,321,45,48,50
1057,270,53,51,56
415,133,37,42,44
586,89,43,45,48
202,185,185,183,202
1001,287,47,49,50
369,6,41,32,32
893,304,46,46,52
124,196,134,132,148
126,302,37,34,39
900,80,47,46,53
682,305,43,43,49
300,339,44,42,43
392,60,33,30,29
162,151,46,46,52
514,39,66,61,62
414,176,45,44,48
966,109,47,49,53
1147,284,235,232,248
869,14,101,96,97
639,321,44,44,46
540,2,82,71,52
848,60,56,51,55
942,340,48,44,48
1129,476,227,226,242
130,485,47,47,49
1154,13,234,232,251
361,337,45,45,45
468,280,54,52,60
252,17,46,35,43
694,205,239,237,255
310,276,47,43,46
204,116,34,37,39
984,144,45,46,51
598,131,39,45,48
89,241,216,214,241
768,272,51,49,54
135,305,37,34,37
141,284,47,42,43
1042,197,48,47,53
265,138,33,28,30
581,469,141,135,134
640,374,42,42,45
682,293,46,46,47
805,250,243,239,255
636,354,43,45,47
1085,143,53,55,59
1121,5,231,229,248
810,83,48,46,50
717,393,61,48,48
525,467,150,148,154
114,97,159,29,38
765,67,42,46,52
310,11,48,48,52
1063,61,101,90,82
937,414,44,44,48
1166,236,239,235,253
429,253,215,216,231
446,283,51,48,52
205,176,191,183,202
106,151,197,188,209
443,375,48,47,52
944,189,48,46,52
216,356,45,41,48
942,120,49,48,51
1098,358,243,242,255
1142,353,230,229,246
622,266,45,47,48
649,41,48,44,48
417,14,37,29,29
24,323,41,37,40
56,119,152,26,33
1049,325,50,48,53
66,290,32,26,30
473,327,54,51,59
377,242,211,209,232
818,271,49,50,52
30,42,92,75,90
1074,349,244,244,255
1039,84,67,62,59
301,126,34,27,28
607,304,48,45,48
185,347,41,42,45
981,386,48,47,51
236,67,199,204,224
638,125,47,47,47
810,406,47,49,54
1027,246,46,48,51
466,60,38,40,42
1102,137,239,237,255
679,445,45,44,48
537,23,68,55,50
692,438,38,44,47
605,442,178,192,199
120,488,45,46,48
784,201,52,50,53
668,252,43,45,49
146,173,215,212,237
1120,159,228,229,246
146,410,43,44,46
452,278,64,55,74
775,68,51,48,54
608,402,44,43,46
479,242,29,25,24
626,141,44,44,48
77,404,42,45,47
776,206,238,238,255
401,124,39,41,42
1170,114,238,234,254
650,381,43,42,48
781,180,47,49,52
390,362,40,43,45
884,230,240,237,255
209,239,49,41,48
855,276,47,47,52
997,466,47,52,53
119,226,107,101,126
505,36,89,67,52
1063,285,163,138,111
271,111,31,25,27
1057,65,103,87,76
52,204,79,73,75
170,145,39,39,42
457,129,43,44,45
1113,134,232,231,248
777,337,40,47,48
110,499,48,49,49
701,492,130,108,76
1153,350,234,231,246
556,222,230,230,251
363,41,34,26,22
404,298,40,46,49
52,301,33,30,33
420,437,58,55,48
853,9,97,92,90
1064,145,50,50,55
193,36,192,175,199
1133,484,229,227,241
264,141,31,28,29
801,333,48,47,50
567,267,230,232,254
852,431,45,46,51
1022,136,48,49,52
79,497,42,44,47
772,330,43,44,49
717,185,213,212,232
1125,114,231,227,244
637,270,44,44,49
909,316,44,47,49
998,167,49,47,51
1147,114,234,229,246
1197,314,234,236,252
382,27,39,31,29
1161,452,235,232,249
782,178,47,47,51
66,82,43,32,33
897,133,48,47,52
572,262,237,236,255
1069,397,55,53,60
411,121,40,40,42
625,475,191,186,198
676,436,43,43,46
1041,116,47,48,53
1196,281,239,236,254
517,157,42,46,49
407,135,36,41,43
920,208,45,45,54
1172,233,241,235,253
267,110,30,26,26
849,24,91,88,83
30,388,43,45,47
122,167,240,236,255
639,309,39,46,46
416,273,192,190,223
621,60,47,44,47
957,367,50,46,51
323,444,67,64,53
592,401,45,43,47
899,452,48,48,53
612,46,44,45,49
73,349,41,40,40
425,194,223,220,245
1039,375,44,49,51
325,65,30,25,25
1091,495,239,238,255
766,312,47,45,49
45,19,64,63,64
403,156,45,41,44
926,281,47,44,47
297,317,40,43,45
692,203,242,239,255
369,63,29,23,25
726,63,47,46,49
713,123,43,48,47
871,78,48,49,50
814,487,164,162,171
461,219,63,62,64
328,114,30,28,29
370,499,57,51,47
1058,456,51,50,52
240,142,36,30,30
300,436,56,57,52
63,428,72,74,62
1026,295,47,48,53
156,279,214,211,235
492,488,116,102,59
729,282,46,44,47
1155,485,227,229,247
386,268,219,218,239
507,11,77,59,49
122,54,160,142,163
1057,116,50,50,55
967,66,61,56,59
228,428,47,47,50
211,0,179,162,186
22,59,109,92,112
225,423,53,47,53
852,440,43,46,49
1168,429,235,235,250
881,86,48,49,52
573,316,44,45,46
1172,2,240,236,253
939,303,46,46,49
121,364,41,40,39
176,296,37,38,42
833,493,164,159,155
796,156,47,49,52
924,465,49,48,52
164,36,171,150,176
282,184,180,182,199
540,355,39,43,47
24,240,36,28,29
1012,54,98,77,62
684,202,237,240,255
824,189,48,49,50
449,416,49,50,49
706,280,46,45,46
977,198,47,47,52
745,185,52,49,54
195,182,191,184,205
163,402,46,44,45
18,41,64,62,65
1003,425,45,48,49
916,489,168,157,129
930,125,45,47,52
1104,313,238,236,250
397,90,36,34,36
461,474,181,185,198
1193,492,238,236,253
469,309,36,40,42
1178,382,236,236,251
570,190,231,231,253
168,328,42,39,42
389,259,218,217,241
1002,139,48,48,54
534,448,153,148,161
752,431,43,46,48
866,256,240,240,255
598,125,44,43,49
267,402,43,47,45
1186,302,240,238,255
51,171,172,29,37
416,479,131,114,117
117,324,34,34,35
879,220,135,130,144
63,34,144,143,156
630,182,238,236,255
768,59,44,47,49
493,367,41,42,45
1137,127,232,229,245
1194,411,238,235,253
315,97,34,29,31
136,333,40,38,39
1017,219,47,48,50
84,63,193,190,209
37,126,153,22,35
575,72,42,43,46
507,57,45,42,47
904,489,167,153,85
561,147,45,44,49
106,224,199,203,226
279,32,115,121,137
18,243,40,29,29
7,67,79,73,81
919,282,44,44,48
316,128,30,29,31
393,78,32,28,33
290,421,46,42,49
455,175,43,47,50
1008,38,105,81,66
253,233,184,185,203
557,113,43,43,47
636,90,45,45,48
1044,280,57,57,61
789,44,55,52,53
74,410,45,43,45
888,419,43,48,52
810,399,48,47,48
417,480,136,114,112
102,289,35,32,34
389,40,36,26,27
905,12,219,168,85
313,471,122,113,98
617,40,45,44,48
841,144,44,44,52
340,382,43,42,44
920,157,47,48,52
482,24,65,52,43
547,343,43,42,46
940,262,46,47,50
932,60,94,92,84
273,24,132,133,161
1184,245,236,235,252
103,462,62,60,58
771,402,46,43,50
534,276,48,45,49
867,446,47,47,52
249,91,43,42,44
497,181,191,189,206
715,249,240,236,255
1175,472,236,230,252
132,374,45,41,45
226,474,57,54,49
1033,287,51,47,53
754,480,164,158,152
467,36,72,55,51
403,324,44,43,47
464,420,44,47,47
143,218,196,192,212
863,355,46,46,47
420,470,159,149,152
350,190,193,195,213
189,350,40,42,43
883,216,48,47,54
444,37,42,42,38
207,141,37,31,35
973,225,45,45,51
854,85,47,48,50
100,6,104,98,106
546,291,45,44,47
134,396,40,44,44
803,112,51,47,50
181,320,44,41,45
1001,81,55,55,55
1184,322,235,235,251
171,55,155,143,163
575,430,44,42,45
747,157,47,46,49
313,45,35,30,31
850,31,91,88,81
113,134,73,31,32
1058,219,50,47,54
666,57,44,46,50
864,100,49,48,53
1130,385,230,228,245
339,111,33,30,35
875,247,215,222,253
736,221,226,225,240
87,457,47,47,51
1076,483,53,53,58
305,165,184,183,201
911,327,45,46,48
681,129,47,45,48
972,175,47,47,51
208,217,189,186,206
439,300,46,44,46
829,264,49,51,57
555,482,121,116,103
1029,232,48,47,51
65,97,152,29,35
388,88,31,32,33
52,418,55,54,56
1042,12,90,75,63
748,30,53,48,56
168,200,192,188,205
678,247,48,48,53
952,202,50,49,51
131,62,160,143,163
258,241,48,44,47
746,6,47,48,52
883,56,102,98,93
628,41,45,46,49
836,100,44,47,50
613,386,44,43,46
1152,343,234,232,248
1094,190,246,245,255
368,480,86,83,74
980,358,47,46,52
930,486,50,51,52
1149,496,229,226,243
280,466,98,92,60
839,149,47,48,51
683,492,117,89,61
814,449,46,46,51
555,218,227,229,254
950,102,50,47,50
924,441,54,51,59
166,68,133,121,141
910,69,101,98,95
1119,487,228,227,244
827,139,46,48,51
1112,103,233,231,247
633,89,44,45,47
684,101,44,45,48
1124,326,229,228,245
147,363,40,42,44
565,367,38,43,45
464,133,43,43,46
136,97,158,144,167
402,474,55,55,53
713,8,62,56,55
738,295,45,44,50
404,399,45,42,47
1175,194,237,235,254
1136,162,229,226,244
705,444,42,43,48
924,60,80,78,69
924,369,46,47,49
776,183,42,48,50
206,401,44,43,46
121,268,217,212,236
809,338,47,47,46
573,154,39,45,47
702,418,44,44,48
842,69,47,47,51
1031,324,47,48,49
1117,486,225,225,241
7,433,53,55,54
519,408,40,40,44
561,425,42,42,46
741,297,47,46,47
288,109,34,25,29
55,294,38,33,36
154,16,153,135,158
96,362,43,40,42
713,67,42,45,50
636,445,97,97,82
741,482,94,93,74
267,256,199,197,220
677,174,48,48,53
646,231,235,234,255
1113,203,236,234,252
1128,168,231,227,246
372,61,29,27,29
370,57,30,24,26
413,339,46,40,46
588,493,105,102,79
678,364,45,46,45
775,63,47,47,50
342,7,39,38,40
524,179,221,218,241
635,56,47,45,49
447,285,45,47,47
245,229,131,131,156
1009,376,48,49,51
626,264,44,45,48
201,489,51,48,50
276,245,193,190,211
549,90,43,44,45
921,336,43,47,50
428,154,43,44,44
27,136,159,25,33
697,356,41,44,46
398,278,46,45,50
343,61,34,25,24
312,71,30,28,27
667,124,41,47,48
744,359,42,45,51
800,330,50,48,48
1060,290,90,99,116
14,206,33,29,29
523,47,37,32,35
14,380,44,46,50
66,114,149,23,34
448,465,145,136,145
554,116,44,43,48
736,480,155,149,161
299,492,47,46,50
861,203,48,44,50
197,344,44,45,53
50,133,157,25,38
847,175,49,48,51
337,440,77,74,53
1145,163,231,231,247
236,246,194,192,212
1145,203,230,230,248
1119,408,231,229,245
596,215,213,213,223
31,352,45,41,46
998,159,49,47,50
609,190,234,231,255
184,212,71,64,70
453,334,53,52,54
984,68,97,87,76
1088,11,82,83,88
1100,296,235,232,254
848,35,84,84,76
583,386,42,43,45
213,479,44,48,49
941,18,119,80,63
74,474,86,72,70
769,301,47,45,49
1158,77,235,233,250
408,223,221,218,242
297,166,191,184,206
528,348,44,44,46
963,414,45,47,50
1137,283,232,230,246
762,340,47,44,50
601,410,40,45,48
1071,24,94,87,82
114,75,143,127,149
1154,38,237,233,248
229,192,189,185,207
709,299,46,44,51
278,133,30,26,31
657,177,221,222,242
550,360,44,43,49
1158,495,232,230,244
845,319,47,45,47
401,66,32,28,32
332,248,205,205,224
194,83,193,186,206
1193,159,238,238,253
1121,133,230,229,244
697,382,46,43,49
35,31,233,228,252
197,20,189,166,190
26,99,28,29,28
442,207,70,64,68
622,60,43,45,47
43,185,172,40,45
461,327,24,16,16
16,459,52,48,51
76,335,35,34,36
1190,311,241,237,252
596,23,49,48,49
496,41,78,62,51
744,497,157,150,115
403,368,44,44,45
401,19,39,29,29
199,333,42,43,44
27,251,34,28,32
707,392,47,46,48
1076,93,87,80,69
8,113,146,18,29
150,368,41,41,44
16,222,31,30,32
257,245,191,190,206
478,386,41,42,45
1147,384,232,230,245
1193,89,238,236,251
927,256,50,48,51
360,355,44,43,47
255,176,187,184,204
416,101,44,38,41
555,280,42,44,45
474,65,40,40,45
904,223,64,54,63
227,175,191,184,206
334,146,36,31,35
640,445,67,57,51
62,191,35,30,31
450,381,16,16,17
435,470,29,27,29
541,21,46,46,48
1079,407,52,52,55
948,295,48,46,49
464,102,40,43,46
464,243,70,59,74
59,244,36,31,34
100,28,123,114,124
394,284,43,44,47
253,91,36,34,43
498,364,41,41,45
1190,240,239,234,251
1011,337,44,46,51
757,57,46,45,49
1146,477,228,226,243
323,209,196,195,211
179,292,38,39,42
475,275,47,49,52
147,365,39,42,43
993,353,45,48,49
183,158,36,35,40
201,372,47,43,45
685,403,45,43,47
56,221,131,128,130
505,413,43,44,45
789,219,240,240,255
612,51,46,45,47
459,374,54,54,55
262,475,108,102,76
70,268,38,34,36
161,293,40,37,39
857,410,49,48,50
419,121,42,39,44
908,173,46,47,51
532,385,43,43,43
947,36,103,79,59
824,452,47,47,50
1051,422,49,48,54
435,445,67,59,67
1161,102,235,233,249
804,88,53,46,52
206,417,47,44,46
985,355,46,46,50
534,445,151,150,161
1199,65,240,235,255
118,389,43,42,44
729,248,243,239,255
918,14,154,106,70
145,469,47,46,49
251,467,99,89,60
1115,343,235,232,250
473,331,49,49,55
667,25,44,48,50
51,486,81,73,62
67,162,164,35,41
964,419,49,45,50
1036,141,47,50,53
1017,173,47,48,52
768,388,45,45,51
452,260,235,233,255
1060,217,48,51,55
1163,239,240,237,251
1085,325,247,244,255
787,313,40,44,49
1022,382,46,49,51
677,275,46,45,49
718,357,44,46,49
774,110,46,46,51
282,351,44,43,48
1041,275,162,165,240
130,89,158,142,162
906,85,44,46,50
160,260,208,205,230
400,237,57,56,60
120,399,43,44,44
623,56,45,46,49
1186,19,239,236,254
653,115,43,44,47
748,223,234,238,255
78,24,114,105,115
838,199,45,47,52
715,448,48,45,48
806,82,49,47,49
106,490,48,48,48
356,222,206,203,224
171,234,191,197,210
564,230,232,231,255
691,190,239,236,255
230,245,192,191,211
789,198,49,48,52
265,443,56,55,53
44,350,40,43,43
1081,125,247,247,255
801,236,241,236,255
1034,178,48,48,52
519,73,47,42,45
763,51,47,47,51
408,237,67,63,63
1,260,36,28,34
453,250,131,128,160
29,43,70,67,71
957,290,46,46,49
970,496,49,48,51
914,115,48,46,48
249,161,35,33,33
471,240,206,205,228
193,219,187,184,201
335,8,86,83,92
903,194,49,48,51
358,472,59,57,52
624,7,50,48,48
397,10,38,25,28
682,251,45,47,47
582,60,41,47,46
125,94,169,155,178
272,334,43,44,48
427,152,45,42,47
853,323,42,46,49
713,151,47,46,51
437,487,166,160,172
561,215,230,228,253
1025,120,49,50,55
98,129,159,29,32
1066,134,51,51,54
868,207,48,48,53
952,416,40,47,51
1079,451,52,54,58
987,157,51,48,51
753,393,42,44,48
962,121,45,49,52
967,495,50,48,54
455,440,185,186,203
505,134,34,34,40
719,366,37,44,46
48,38,75,66,89
295,399,41,44,46
228,469,106,105,76
658,112,44,46,47
720,287,44,45,49
516,320,43,44,50
1003,348,45,46,51
147,141,119,123,140
1089,97,248,248,255
554,85,43,43,50
783,447,45,47,50
413,61,35,34,36
723,366,41,44,48
587,14,101,85,72
106,420,58,50,52
524,149,43,45,47
648,158,47,46,49
483,128,43,43,46
897,327,46,49,48
1103,65,238,236,252
141,192,169,169,180
297,222,191,191,212
299,302,47,43,44
795,412,165,153,176
199,67,48,32,42
92,444,50,47,51
417,31,34,31,34
580,100,41,44,46
1025,173,49,48,53
580,435,40,46,43
234,282,207,205,224
243,170,190,185,205
934,374,43,46,48
499,133,17,18,19
1102,269,237,233,253
18,421,48,48,52
486,66,44,42,46
971,167,47,48,54
275,113,37,35,36
569,161,46,47,45
618,269,46,47,49
616,435,43,45,47
644,217,234,235,254
114,301,31,32,32
1042,242,47,48,52
256,182,186,183,203
918,399,44,48,51
213,119,39,36,39
144,33,144,125,148
692,68,46,45,50
997,435,46,47,51
1168,340,239,236,251
426,466,153,129,92
528,486,104,96,73
1032,352,49,50,52
1088,362,250,247,255
8,318,41,40,43
386,224,211,210,233
1141,118,231,229,246
668,25,48,49,52
162,210,55,46,51
1143,364,232,230,243
781,278,233,236,255
817,190,46,46,52
634,50,46,46,48
369,38,36,25,26
88,208,152,148,176
283,168,188,185,205
262,261,199,196,219
333,312,44,41,45
256,140,32,25,26
680,309,43,45,50
609,215,65,55,64
787,95,47,45,51
843,231,241,241,255
109,360,43,39,42
469,14,120,95,73
684,89,46,46,48
370,17,41,31,34
1067,474,50,53,57
894,164,53,48,51
1174,393,237,233,251
451,445,145,139,146
1168,381,237,236,251
1195,405,236,235,250
1017,166,49,49,54
676,292,48,44,48
812,305,44,44,49
524,44,39,34,36
984,139,49,47,51
1173,323,238,238,249
534,332,40,42,47
859,455,49,47,53
674,321,43,43,46
153,197,178,181,194
541,65,44,43,48
1090,420,250,248,255
855,294,47,47,51
452,386,17,25,29
999,98,49,47,53
922,258,46,49,52
912,45,84,78,71
1045,61,107,100,83
970,395,45,47,49
642,310,47,45,49
254,166,184,182,204
598,35,46,45,48
91,430,48,49,53
163,154,41,47,49
256,93,33,32,36
1056,59,89,74,69
1127,29,230,227,245
1084,290,246,249,255
1087,434,240,244,255
743,250,240,239,255
586,101,43,43,48
878,232,238,236,255
261,288,42,44,45
1124,94,227,225,242
1121,123,229,227,245
501,62,45,44,47
295,146,32,29,32
1031,401,45,49,54
863,289,48,46,49
156,385,42,43,46
860,14,97,95,89
1106,99,236,232,253
791,434,48,46,51
352,7,43,36,36
776,203,53,51,55
270,376,40,45,45
451,436,136,129,137
924,445,182,191,219
420,235,226,226,248
863,83,46,48,49
502,182,210,207,227
677,350,47,46,49
228,56,204,195,217
1179,217,239,235,252
46,188,125,56,61
290,144,31,27,31
1046,121,51,46,53
706,159,46,46,50
1148,468,234,226,247
6,166,112,67,72
743,423,43,47,49
230,416,41,44,46
736,254,236,236,255
496,345,43,42,45
1059,303,232,234,255
996,178,49,49,55
87,69,156,133,156
772,137,47,47,50
1084,331,59,62,64
230,318,45,40,47
1148,8,234,231,248
20,119,152,22,32
768,62,46,48,49
277,344,40,44,44
1169,262,239,236,254
920,96,45,48,49
19,494,67,62,50
1066,372,49,50,56
955,374,44,48,51
65,116,149,24,29
377,192,202,201,224
762,101,50,47,48
861,364,44,48,49
470,267,74,71,80
912,153,46,48,51
744,324,49,48,51
874,351,45,49,52
71,270,36,32,32
1037,23,108,84,63
602,374,42,42,47
973,76,67,57,58
747,129,46,47,50
642,84,46,45,48
706,420,44,44,45
780,407,160,158,151
592,43,43,45,46
463,45,42,40,40
1070,273,51,50,55
974,205,49,46,53
401,484,81,73,72
653,325,44,44,46
498,206,169,166,198
429,304,44,43,48
542,99,47,44,48
883,450,48,49,52
1025,243,49,48,50
1015,373,49,48,51
605,461,170,169,185
859,189,45,48,50
917,174,48,46,53
174,121,116,116,136
498,162,33,33,35
10,73,110,96,108
983,283,46,47,50
1099,30,244,242,255
1137,383,231,229,243
43,94,128,127,153
98,24,119,110,117
855,53,100,83,62
780,29,50,49,51
985,258,47,47,49
151,126,209,199,219
843,75,47,47,50
130,463,46,49,49
932,336,43,45,49
199,146,34,31,40
282,134,34,28,29
518,460,162,160,173
83,343,33,35,37
1111,488,230,229,245
621,250,232,238,255
108,487,49,49,49
376,207,190,192,214
511,244,219,218,241
1127,324,231,229,244
149,265,211,209,230
740,454,47,48,47
839,151,49,48,53
448,221,211,216,231
667,105,42,47,47
90,336,35,36,36
64,277,36,32,34
816,26,54,53,57
207,423,45,47,49
2,269,33,29,33
449,438,132,121,124
254,362,49,43,47
212,273,206,206,226
67,15,230,228,251
270,150,37,25,30
983,179,50,48,52
66,474,56,53,51
866,459,45,49,50
971,328,42,47,47
764,117,45,45,50
253,162,58,53,62
788,256,244,238,255
247,359,46,44,47
601,41,42,46,47
574,328,42,42,49
1018,248,46,47,51
285,47,50,48,53
496,188,191,191,208
552,355,44,42,46
525,431,46,47,48
117,248,214,212,235
772,210,242,240,255
71,455,46,48,47
592,111,41,44,47
248,357,42,43,48
694,371,46,42,51
168,23,164,148,170
203,49,166,36,52
713,62,46,48,49
297,447,63,65,51
615,224,73,62,65
912,160,48,48,51
257,468,104,93,66
839,286,46,46,50
727,194,240,238,255
368,68,29,27,26
981,164,44,48,52
413,78,44,37,41
669,211,240,235,254
549,75,43,43,47
327,460,83,81,66
653,5,49,49,52
457,158,43,43,47
1181,419,236,238,251
1126,145,231,227,245
661,458,76,60,51
741,489,116,110,84
232,378,42,44,46
1063,71,65,61,60
496,418,40,41,44
547,6,90,76,56
98,284,35,31,34
382,159,42,41,42
232,151,34,26,29
134,390,45,43,46
