x,y,R,G,B
248,422,47,44,46
890,435,46,48,51
147,51,132,116,132
50,282,36,28,30
212,381,39,44,47
104,296,36,32,34
564,160,43,43,48
559,206,228,227,249
492,364,43,43,47
745,140,47,46,50
713,131,40,44,50
530,467,160,162,177
130,84,153,135,157
797,92,46,47,51
1054,135,50,49,54
1113,255,228,229,245
214,6,182,165,189
530,147,43,45,45
1022,85,91,80,70
655,40,49,47,51
1022,119,48,51,54
612,205,206,207,207
1010,391,45,47,51
101,481,47,46,52
907,151,45,45,50
422,349,42,43,44
520,18,38,37,41
157,353,41,40,44
1037,195,48,48,53
299,266,187,188,217
213,40,195,176,195
1127,190,229,228,243
1100,378,241,237,255
801,163,45,47,50
528,275,49,47,48
222,173,189,181,202
430,74,38,38,41
93,249,217,214,238
590,92,42,46,47
232,60,117,121,139
819,438,45,45,50
67,393,44,43,48
1082,97,241,241,255
991,223,52,48,51
1020,10,104,80,64
453,239,226,228,248
327,182,191,188,208
655,173,52,50,52
219,41,197,185,202
831,314,46,47,50
224,138,34,29,31
365,450,107,101,101
625,363,46,45,47
1072,197,51,50,57
263,154,33,30,31
808,315,45,45,47
311,11,49,49,52
853,385,42,45,50
731,481,155,146,161
175,138,36,41,44
471,466,177,182,195
328,467,125,118,134
83,214,176,174,200
1119,52,228,225,245
1047,261,46,47,53
570,91,44,45,47
583,491,130,121,105
540,319,44,42,47
538,219,229,227,252
68,388,44,41,46
110,364,41,38,41
740,462,140,137,150
23,449,50,52,52
807,221,243,240,255
560,179,223,228,246
824,148,44,47,49
315,214,191,191,211
149,416,42,45,47
614,181,54,54,58
1082,361,239,237,254
347,186,195,193,212
547,438,145,142,155
794,312,45,45,48
1091,220,243,236,245
38,163,171,30,36
426,398,46,50,49
378,112,33,34,38
1153,323,235,235,251
694,258,46,45,49
739,87,46,46,46
1039,145,45,49,51
109,263,55,47,73
162,174,200,197,218
860,313,46,48,49
768,381,47,46,50
861,241,237,240,255
211,2,183,161,178
98,220,214,211,237
891,298,46,44,50
705,103,44,48,48
1077,453,56,57,61
332,443,70,69,54
1100,47,236,234,253
1170,221,237,234,252
159,176,202,200,223
1107,242,233,233,250
637,9,53,49,54
160,30,164,148,171
455,50,39,39,39
652,296,41,43,46
26,14,225,224,249
1199,331,235,236,251
391,426,43,44,46
1070,197,47,52,56
150,449,48,48,52
163,225,196,194,214
386,301,43,43,45
926,65,82,76,69
575,324,45,44,46
719,450,47,46,49
666,171,49,48,51
491,359,44,42,44
591,87,44,44,48
127,216,200,198,219
136,148,137,144,162
760,232,235,239,255
489,89,42,43,44
241,159,46,42,47
249,42,100,98,114
395,77,32,31,31
828,77,46,47,50
137,286,39,38,40
1098,43,238,235,255
259,438,54,54,50
1118,428,232,229,245
1015,92,50,51,54
668,301,45,44,51
1054,401,45,48,55
1199,102,241,239,255
1093,241,240,240,255
545,55,43,43,45
858,165,47,48,51
1007,349,47,49,52
766,92,46,47,50
447,331,45,47,49
996,216,50,47,53
693,22,54,51,54
289,430,77,73,54
210,438,48,46,48
1072,452,52,56,56
953,251,48,46,51
478,143,43,45,46
773,174,49,45,51
387,161,42,42,42
775,206,237,238,255
864,84,46,47,49
126,450,48,47,50
1082,466,251,250,255
460,487,170,170,186
915,289,50,48,55
717,276,45,45,51
424,131,37,40,43
230,56,195,190,215
462,241,67,58,77
721,200,240,238,255
389,162,41,43,46
907,118,48,49,52
534,9,80,59,45
239,331,40,43,47
384,407,46,43,46
1034,19,110,85,63
819,92,49,45,51
841,252,239,238,254
298,490,47,47,49
1050,277,233,235,254
532,300,47,45,50
21,44,67,62,68
180,78,42,31,44
552,268,199,200,235
609,223,67,58,61
946,217,48,47,52
41,336,36,38,39
409,284,45,46,47
1176,158,242,236,254
1031,435,45,47,49
339,107,34,28,29
152,149,180,177,204
33,362,45,42,47
914,447,143,142,191
641,40,48,45,48
1092,63,226,221,252
349,488,59,57,50
781,237,237,241,255
810,248,245,243,255
526,468,160,157,166
1165,325,239,237,253
17,255,34,31,31
800,458,46,48,47
395,242,214,216,239
419,77,34,36,35
30,21,225,225,245
942,241,47,46,51
370,301,46,44,46
784,12,51,50,53
681,439,43,44,49
17,399,43,44,48
263,417,42,46,44
564,265,230,231,252
685,370,42,43,46
297,34,52,52,59
905,76,47,48,50
987,459,158,154,152
924,104,46,49,53
829,354,49,47,52
85,349,37,39,37
34,141,161,30,37
368,438,88,85,86
459,304,62,59,55
880,432,44,46,52
290,184,190,187,204
561,129,46,46,49
1129,453,226,222,242
799,348,48,47,51
1122,332,229,227,244
528,128,46,44,45
301,445,63,62,51
938,414,46,44,52
539,449,140,138,149
466,373,44,51,53
218,311,41,43,45
720,132,47,47,51
477,326,46,50,50
449,104,44,39,47
848,8,98,91,88
1168,392,235,233,249
588,437,44,44,49
89,369,36,38,44
268,496,96,79,58
218,398,45,43,49
52,369,46,44,47
293,422,45,45,46
389,187,204,203,226
207,30,167,86,100
919,108,44,48,51
153,74,157,142,163
356,299,42,46,45
1195,213,239,239,255
788,391,44,44,49
964,420,48,44,49
977,277,48,47,50
596,113,45,45,47
730,17,50,50,48
441,485,171,167,181
149,257,211,209,233
554,226,130,125,113
559,175,48,49,50
424,75,37,36,38
785,197,47,50,48
605,141,41,46,48
680,455,105,79,59
1054,75,79,68,62
754,40,55,51,55
638,320,44,44,46
200,30,162,35,44
390,321,44,44,48
839,123,46,47,51
1152,460,232,230,246
474,71,44,41,45
145,140,141,145,163
8,370,45,44,47
83,291,35,35,35
614,210,236,234,255
897,259,238,238,255
628,33,48,45,49
1171,482,236,231,250
561,149,41,45,46
676,312,48,46,48
675,306,40,46,45
571,415,41,41,46
1022,462,47,47,51
111,310,33,33,34
840,287,47,47,50
1144,79,236,231,248
776,193,47,48,52
665,237,159,163,195
453,13,83,61,46
169,119,133,138,152
470,127,42,43,46
868,472,48,47,51
973,470,45,47,50
816,186,49,48,53
1143,366,232,230,244
953,100,49,48,53
929,305,46,46,48
885,56,105,104,98
872,453,48,47,51
402,499,91,75,61
973,426,46,46,47
773,126,43,46,50
454,9,48,35,38
287,355,41,44,46
153,202,52,43,52
154,448,46,47,45
796,226,241,237,255
515,178,194,191,205
1072,104,54,53,55
643,28,48,49,53
678,291,43,44,47
799,241,243,238,255
874,196,48,44,49
1163,320,237,236,249
6,358,43,43,47
428,193,224,220,243
868,109,48,48,51
671,241,51,50,54
32,45,97,84,108
578,211,230,231,254
88,226,209,207,230
845,329,47,46,49
389,465,83,76,71
72,19,36,32,34
81,169,204,193,218
174,37,178,158,184
287,311,45,42,47
268,245,171,167,178
303,389,40,44,43
178,364,42,44,47
830,40,76,68,60
624,51,44,44,48
1071,327,55,55,54
955,65,55,51,56
1002,457,44,47,53
391,90,29,33,36
169,141,43,44,49
324,454,70,67,57
740,215,240,239,255
132,406,45,45,46
483,5,50,47,44
1199,128,239,238,254
1026,152,49,48,54
10,233,33,30,34
386,176,44,45,49
823,86,45,47,52
602,319,44,42,46
997,448,68,69,41
809,319,45,44,48
1128,304,228,227,241
150,160,45,45,50
791,423,50,48,51
144,169,106,101,127
599,296,43,43,47
430,435,50,47,53
697,181,70,65,77
390,316,46,46,47
1103,332,238,234,255
187,28,188,168,192
656,372,39,41,48
946,351,49,45,52
706,355,43,46,47
1075,181,134,129,86
544,447,145,143,153
941,160,42,46,50
264,208,174,172,188
38,80,111,95,105
350,417,43,44,47
470,474,177,182,202
725,313,47,45,50
572,194,172,169,214
80,181,206,199,220
577,77,42,43,46
807,166,50,45,53
1184,242,239,236,252
1017,97,49,47,51
200,276,211,206,230
973,156,44,47,52
424,311,46,45,50
1087,167,62,60,62
428,5,35,28,27
643,154,48,45,47
800,181,50,46,50
255,49,172,176,197
80,352,39,39,42
777,124,43,48,49
1125,206,230,228,242
133,444,47,48,51
810,457,44,48,50
156,450,46,49,53
1161,2,237,236,254
972,282,44,46,49
646,37,46,46,49
824,289,47,46,52
1009,344,43,46,48
843,108,46,46,50
1038,28,107,82,63
1075,315,243,241,255
235,368,46,45,45
1031,415,46,47,51
76,159,164,31,39
831,27,76,74,66
871,206,46,47,51
181,21,156,29,38
287,460,98,96,63
524,335,44,41,45
650,10,52,51,53
512,70,37,31,30
763,13,46,50,54
402,204,110,96,121
387,373,45,44,47
1197,117,239,236,252
328,353,43,43,46
469,389,46,46,47
1035,53,135,121,102
1080,194,81,79,89
1118,490,229,225,243
173,119,125,123,141
266,174,187,183,203
323,153,34,33,36
302,18,48,47,54
243,448,48,51,51
711,382,42,44,47
916,321,46,45,50
5,152,169,28,36
994,51,100,77,60
876,480,63,56,46
9,151,166,28,38
892,79,51,49,51
872,195,48,48,50
56,482,54,48,50
1157,304,236,234,247
515,15,84,62,52
971,463,48,48,51
1007,92,48,48,53
329,232,58,57,67
532,491,141,135,141
398,361,48,42,47
228,231,57,46,64
792,358,45,48,50
1156,471,235,232,245
988,127,49,47,52
287,290,41,43,44
765,443,43,46,47
737,117,47,46,48
531,392,41,42,43
383,122,38,32,40
1039,226,50,50,54
758,47,52,51,53
1040,16,105,87,65
441,227,227,226,249
76,404,45,45,46
359,267,215,214,237
62,311,31,33,34
891,342,43,43,48
416,450,111,101,107
1000,318,48,45,52
977,365,51,45,51
303,194,188,187,209
550,36,41,43,46
921,403,43,46,49
381,300,43,43,46
163,115,37,32,34
886,272,56,54,55
307,310,43,43,46
1167,368,235,233,251
812,83,46,48,50
962,304,46,47,49
841,485,174,159,121
208,433,45,48,51
138,285,39,41,42
424,349,43,43,45
1122,494,227,224,243
623,82,42,43,47
992,401,46,48,51
142,33,139,121,143
975,189,49,48,51
381,328,42,44,46
618,372,43,42,48
361,397,42,44,45
580,71,42,44,47
782,447,44,48,50
355,1,46,39,36
707,208,242,237,255
275,55,45,48,54
75,479,93,80,79
122,27,29,27,30
180,376,44,45,46
1177,355,238,234,249
22,455,51,49,55
623,198,236,236,255
918,431,52,51,57
559,187,233,229,253
1075,353,245,241,254
37,419,57,55,54
1124,243,228,228,242
1024,228,48,46,53
227,113,37,33,38
1153,282,236,230,249
610,207,221,230,231
898,244,242,238,255
40,33,232,228,252
1081,292,240,240,255
656,253,45,46,51
841,384,48,45,51
584,399,43,42,45
565,8,94,83,60
933,464,49,48,52
620,106,46,44,48
705,390,44,46,48
551,283,44,42,48
645,151,43,43,46
683,274,48,44,49
816,221,240,239,255
228,218,191,187,210
1036,314,50,48,51
592,427,46,45,47
865,300,43,44,49
1083,323,253,250,255
957,59,58,54,55
481,289,52,52,55
464,152,44,45,47
771,396,45,43,48
1164,200,236,234,252
673,474,107,79,58
1,484,50,47,51
1127,148,233,228,247
494,208,148,148,161
88,368,38,41,41
36,417,60,58,55
586,171,48,47,49
849,241,238,237,255
1048,356,47,49,52
446,4,39,30,32
866,53,106,89,72
762,92,47,47,50
505,136,41,42,42
121,332,33,35,35
497,281,46,47,45
98,305,33,32,33
267,109,31,28,28
241,496,72,70,55
904,37,88,82,75
370,201,184,195,202
212,70,39,32,38
733,163,46,46,49
1100,499,234,231,252
146,498,46,47,51
1026,262,50,47,52
975,66,90,79,69
623,194,239,236,255
713,3,90,54,60
49,444,52,48,53
380,114,38,34,36
598,352,45,43,48
971,357,48,47,49
547,432,45,45,47
707,105,48,49,53
346,8,46,39,40
367,171,51,46,52
687,139,44,47,51
1164,65,239,235,250
1118,7,233,231,248
788,58,48,50,49
211,320,44,42,46
952,96,46,49,53
710,149,50,45,52
1056,448,50,50,55
274,300,42,45,47
275,187,189,186,204
1199,78,239,236,253
836,454,46,47,50
286,256,198,199,217
258,320,45,42,44
362,410,45,41,46
110,35,195,192,215
192,253,203,199,218
252,484,67,62,52
336,498,131,131,146
297,24,46,49,52
715,403,54,46,66
148,114,33,27,31
509,456,157,155,167
907,340,45,45,50
34,162,168,28,36
181,291,37,38,39
602,460,158,161,163
577,249,236,234,255
576,427,44,41,46
156,135,116,122,137
1165,364,233,234,250
647,318,45,44,48
882,446,48,46,51
798,353,47,46,51
719,284,43,45,47
724,279,44,47,50
924,71,73,69,62
1126,208,228,227,243
371,90,32,27,31
899,307,46,45,49
384,237,213,211,235
279,91,37,28,31
943,296,47,47,48
742,119,48,46,49
169,314,42,36,44
506,335,41,42,44
249,35,163,162,176
576,59,43,45,46
406,213,210,210,233
480,480,94,89,62
972,365,46,47,50
730,27,49,49,52
586,135,43,46,49
308,58,36,29,31
481,428,46,45,51
121,355,38,40,41
485,393,40,41,46
1061,324,47,49,53
822,294,49,46,52
409,7,36,26,29
171,246,201,200,223
28,231,37,26,29
799,31,48,50,56
50,355,41,42,41
563,61,43,44,48
496,299,46,44,49
1171,49,238,237,251
1003,41,113,86,64
466,427,47,45,49
996,161,48,47,52
87,24,110,102,111
1069,446,51,49,54
97,246,215,215,237
688,257,45,45,48
682,216,235,237,255
775,96,45,46,49
161,412,45,45,47
396,428,45,44,45
302,246,200,198,220
923,134,46,45,50
389,109,37,34,35
140,194,203,204,223
880,374,43,46,49
699,353,43,45,47
152,252,207,204,229
1131,410,232,229,245
938,35,93,73,58
501,201,58,58,65
122,363,41,40,43
436,95,39,40,43
713,398,105,105,69
879,116,51,50,52
144,399,42,44,43
540,448,144,139,149
274,201,185,183,201
1033,94,50,49,52
42,248,42,30,33
862,150,49,47,51
997,401,52,48,51
502,499,104,95,59
866,66,47,47,50
435,174,46,46,47
755,279,47,49,49
239,361,39,43,44
77,369,39,40,42
760,181,47,45,48
886,477,47,49,50
313,168,44,41,42
1083,247,248,248,254
945,388,44,45,50
1124,429,229,227,243
417,421,46,46,47
1064,131,47,50,52
633,97,45,44,49
1089,201,143,138,98
392,150,42,40,45
408,310,43,44,48
539,133,44,44,49
1197,304,238,237,253
690,368,47,46,50
703,296,41,45,49
502,242,130,129,167
611,280,43,42,48
301,307,46,44,48
251,347,39,45,47
793,337,46,45,51
750,19,46,50,53
392,69,27,28,29
701,401,59,60,111
889,190,46,46,51
677,60,46,47,49
574,177,52,51,56
813,130,40,47,51
775,180,46,46,53
380,418,43,42,48
1080,364,65,57,74
1049,432,45,49,50
330,23,39,37,40
244,349,43,43,46
1105,228,239,235,254
595,212,70,54,84
854,341,44,49,53
996,291,46,48,51
453,114,43,42,44
520,118,44,44,48
1168,250,239,236,251
330,0,76,65,68
220,160,35,29,33
1047,222,51,49,53
383,2,43,32,32
105,79,151,135,155
504,465,167,167,177
659,28,49,49,52
1192,257,238,235,251
1074,372,47,52,55
629,333,43,44,47
561,80,45,42,45
1153,62,234,232,248
52,398,46,45,51
376,95,31,32,36
145,354,40,40,43
509,380,41,42,45
250,438,69,70,53
370,8,42,35,33
664,243,45,48,51
532,302,42,45,47
983,123,44,48,52
1041,479,50,49,56
813,348,48,47,49
627,98,47,43,49
69,105,152,24,34
1044,26,108,87,65
206,155,31,30,30
651,499,99,73,58
25,467,47,48,48
534,25,80,62,49
85,311,36,34,36
677,52,42,46,48
939,494,172,156,84
990,454,67,55,51
239,271,206,203,227
854,212,52,51,52
178,426,48,52,53
529,44,40,41,45
548,345,40,42,42
579,187,234,234,255
218,403,38,44,46
1072,225,55,54,56
165,138,131,134,151
262,8,38,28,31
392,112,33,36,35
1148,229,235,231,249
472,341,50,49,53
213,275,205,205,226
180,327,40,40,40
736,338,41,46,47
319,409,42,43,47
428,151,46,43,49
13,61,29,24,34
962,252,43,47,48
303,333,44,44,46
1103,7,241,239,255
143,435,49,46,52
639,464,148,152,171
260,414,47,45,45
326,389,40,44,45
804,265,238,237,255
893,482,52,53,50
419,446,144,135,126
756,139,45,46,47
1047,461,48,48,54
293,232,54,49,53
642,87,47,45,47
606,312,42,42,46
509,25,92,68,50
1126,439,226,226,242
344,184,192,193,214
264,419,41,42,44
787,129,43,48,50
295,173,189,184,205
342,473,102,98,106
1117,253,230,230,247
757,246,240,242,255
245,238,190,192,207
548,113,45,44,47
338,262,211,209,230
109,459,51,48,49
777,224,233,238,255
1134,73,231,227,243
1140,199,236,232,249
234,225,190,185,205
1154,5,235,233,252
870,127,45,47,52
875,192,47,48,52
699,216,241,236,255
1005,455,46,47,52
298,181,186,184,206
389,228,180,178,206
273,391,45,45,46
221,409,46,43,48
601,326,45,42,48
987,289,50,47,53
81,434,48,48,52
135,283,53,43,67
1043,433,48,50,52
555,464,149,146,156
405,240,217,220,241
701,330,47,46,50
519,352,38,42,45
857,366,45,46,49
160,223,194,194,214
439,299,46,45,49
31,131,153,24,30
266,127,32,28,32
313,276,42,45,48
884,263,242,241,255
432,319,44,44,46
667,468,95,72,56
275,379,39,43,46
792,10,52,52,55
33,289,41,31,33
679,10,49,49,52
681,303,42,45,49
1035,103,52,50,54
762,222,105,96,125
911,421,50,44,49
1177,78,240,237,253
1094,451,239,239,255
45,27,65,64,70
800,136,46,44,51
497,38,88,65,49
1081,126,245,244,255
759,189,49,46,52
1110,171,236,235,254
470,440,176,182,203
486,384,46,41,47
950,117,46,47,49
381,493,94,79,67
1015,329,46,49,53
947,108,50,48,53
418,46,28,30,32
649,229,240,237,255
933,52,115,110,101
111,339,36,33,40
460,179,44,45,48
978,448,48,48,49
234,409,46,45,48
743,83,44,44,50
631,189,240,236,255
31,369,44,41,45
891,82,46,49,52
1135,417,230,226,243
449,306,42,45,48
775,323,43,48,48
272,9,138,128,145
495,102,43,43,46
31,255,35,31,35
802,335,44,47,49
576,210,232,231,254
1101,473,235,229,248
1014,286,51,47,52
27,353,42,41,44
190,313,40,41,42
310,121,33,28,30
297,112,25,26,24
189,375,41,42,44
7,421,50,49,54
146,490,45,46,47
56,83,188,188,203
659,67,50,46,49
398,63,33,30,31
970,299,45,48,48
903,418,44,48,48
301,492,45,45,49
956,240,46,48,52
259,228,191,186,208
894,275,53,50,52
616,391,40,43,43
806,435,50,46,53
408,417,42,43,46
516,266,216,219,244
521,15,28,26,31
115,471,49,47,48
525,200,60,59,63
1008,14,114,88,65
718,440,42,45,45
987,34,110,84,63
556,170,42,45,47
531,246,176,163,173
436,486,144,145,146
673,496,110,82,60
1096,281,242,239,255
839,343,45,47,49
509,429,44,46,47
1063,447,52,51,54
890,471,50,49,52
240,401,48,43,48
819,267,47,50,52
1073,105,54,51,54
1128,25,228,228,241
723,86,48,46,49
1040,158,49,49,54
440,295,44,44,46
62,220,116,113,119
958,21,107,78,63
215,262,199,199,220
516,107,46,46,49
430,465,95,91,99
28,405,44,44,48
687,237,237,236,255
668,478,102,76,56
1102,282,236,236,253
70,304,38,35,38
54,478,48,46,51
418,390,45,43,48
295,311,44,43,47
45,293,35,32,33
183,329,40,39,41
474,399,44,44,46
1193,282,240,236,251
1055,98,50,50,53
974,319,41,49,50
744,33,50,50,51
266,492,91,79,55
1076,141,50,51,53
1174,481,234,231,247
394,128,38,40,43
84,313,35,33,35
719,351,44,43,48
61,1,212,216,236
479,103,40,43,42
12,261,36,30,32
231,492,52,52,51
615,23,49,49,51
258,124,29,26,32
213,219,187,186,203
356,245,60,59,61
1195,356,240,236,255
979,149,49,50,51
1137,18,234,228,246
317,405,41,41,49
574,394,44,44,44
651,122,44,46,47
379,424,45,44,49
76,434,45,49,53
783,160,46,48,49
380,267,216,217,239
729,52,45,45,48
779,287,46,47,49
984,469,47,47,50
1068,397,54,51,55
216,100,47,46,55
985,317,46,45,53
467,69,40,40,43
247,73,42,42,49
1165,112,239,233,252
1013,240,46,47,53
517,465,165,165,179
266,342,43,45,48
1023,201,48,48,54
408,303,45,44,46
357,281,45,45,46
737,115,44,44,52
153,378,40,44,46
1175,485,234,233,249
865,295,48,45,50
1167,397,237,234,254
379,195,203,200,224
1166,10,238,237,252
848,275,49,47,52
576,469,136,131,129
1165,70,237,235,252
679,388,49,47,51
116,188,212,215,240
939,172,46,46,50
168,221,193,192,209
443,315,42,46,48
298,22,47,47,52
780,19,51,49,53
816,171,46,46,49
888,350,43,47,50
638,326,42,44,45
269,52,49,49,57
521,319,43,43,47
908,499,177,161,105
170,309,38,40,44
610,20,53,51,53
224,136,37,29,31
259,97,37,32,33
947,139,48,47,50
914,209,47,50,51
1032,236,46,47,53
417,443,113,101,91
1141,267,231,228,244
15,237,33,29,29
542,488,127,124,107
316,478,115,108,106
484,308,45,44,48
908,142,47,49,51
110,322,36,35,37
1144,181,232,231,247
911,277,53,51,55
1068,142,49,50,53
692,130,45,47,50
1031,34,104,79,64
858,130,50,46,53
275,222,189,186,208
272,92,34,31,29
285,408,45,42,47
466,345,53,54,61
152,407,41,42,45
258,281,45,44,47
342,330,43,44,47
1006,13,116,89,64
116,263,207,208,234
65,321,35,34,38
965,129,50,46,51
737,244,241,238,255
143,70,162,145,160
696,465,120,98,68
324,63,31,24,25
770,493,167,161,175
837,113,48,47,50
93,149,160,34,39
749,335,44,45,50
1176,26,237,236,253
157,144,192,192,215
219,253,198,199,216
1060,406,49,48,54
921,133,50,46,52
622,312,38,45,45
599,491,176,177,182
1024,358,47,49,51
892,343,45,44,46
925,435,132,124,160
520,2,79,67,63
349,239,62,54,61
1187,214,240,237,254
210,346,41,42,45
699,355,43,44,48
17,320,40,37,44
431,496,32,33,33
1039,162,49,49,53
340,32,39,33,32
918,491,176,164,124
987,383,46,45,50
1168,37,241,236,254
592,206,234,233,255
182,165,37,33,39
814,50,49,50,52
254,479,52,47,51
786,170,45,45,49
51,343,37,37,41
1127,145,231,226,245
292,383,42,44,44
452,30,58,47,42
712,281,48,45,49
875,312,45,45,48
954,397,44,45,50
68,26,150,146,162
209,232,190,187,208
710,291,43,43,49
226,438,48,46,49
1176,402,235,235,250
470,79,44,45,44
500,492,126,115,67
1147,343,231,228,246
841,150,47,47,52
531,465,160,160,175
893,72,48,48,51
957,293,45,45,49
54,198,110,108,121
382,9,40,31,30
114,406,45,45,45
345,263,208,210,232
146,154,117,119,140
927,392,45,43,51
105,397,44,42,44
157,101,197,186,208
11,112,145,23,28
880,219,59,51,57
449,378,37,39,44
274,202,185,184,201
794,158,45,49,54
336,150,38,34,37
459,260,238,236,255
379,68,34,26,28
750,196,53,51,57
1128,122,229,228,243
708,349,40,44,46
1154,491,229,230,241
102,242,217,214,237
1144,329,229,229,244
203,363,41,44,47
1049,309,51,48,53
594,45,43,47,46
1178,108,240,237,253
753,476,161,157,160
652,242,41,47,50
869,298,48,47,50
946,312,42,49,50
324,23,38,39,40
268,463,104,97,69
1170,163,241,234,252
356,339,44,43,49
999,401,46,47,50
927,419,49,47,49
93,244,223,218,242
261,69,47,48,52
520,293,45,44,49
102,42,179,183,201
136,160,176,184,200
30,120,149,21,33
976,220,44,47,49
233,79,71,66,87
950,138,47,46,50
1037,325,47,47,52
187,153,33,37,39
156,295,37,36,38
973,453,70,52,64
484,246,195,190,204
538,74,44,44,47
390,94,35,35,36
1120,378,233,232,244
1101,244,236,235,253
872,57,98,88,70
322,419,43,43,47
204,281,206,206,229
806,146,48,47,51
930,240,49,50,55
633,473,184,184,195
732,73,46,45,49
1124,300,230,227,245
803,155,47,46,51
332,368,40,44,46
1198,420,237,233,253
596,195,234,232,254
676,212,105,101,89
172,56,163,150,171
832,17,87,84,77
599,86,47,45,49
700,201,241,235,255
13,38,84,66,77
659,466,77,61,53
687,16,49,49,54
1062,228,50,49,52
640,97,48,45,49
861,266,190,190,219
227,59,156,145,171
390,20,65,49,43
418,270,222,223,247
867,16,100,96,91
1007,94,50,49,50
1105,191,241,239,255
454,483,181,182,199
1097,461,239,232,253
0,337,40,41,45
1115,494,228,225,244
1010,115,47,47,54
1002,17,127,93,72
181,345,41,43,41
222,300,45,42,45
634,160,48,46,50
83,179,209,202,225
1121,192,232,231,247
1195,166,240,236,253
781,106,41,46,48
358,286,45,43,44
248,41,106,108,122
864,303,46,47,47
313,293,42,43,45
834,150,45,47,50
605,362,40,43,45
681,164,38,47,48
1196,332,239,238,252
1082,163,62,58,66
1141,447,231,228,244
886,239,235,238,255
68,390,45,43,46
1143,384,230,229,243
84,152,162,32,38
757,443,46,46,49
674,198,236,236,255
673,308,46,42,46
812,241,100,90,81
1036,376,45,46,50
686,481,116,90,66
852,181,48,47,53
588,29,48,45,50
1172,11,239,238,252
111,286,37,35,37
893,203,47,46,51
875,301,47,46,52
545,318,40,45,47
674,112,45,46,47
1085,138,54,56,58
1191,444,237,235,250
913,373,48,47,52
513,272,49,48,50
510,477,105,98,69
571,326,44,41,45
326,458,75,69,55
476,146,45,44,47
682,417,42,44,46
852,302,49,48,52
907,335,45,46,49
439,381,44,44,52
714,37,60,55,53
898,20,97,89,82
291,404,43,45,46
339,271,49,47,53
802,19,51,48,53
559,284,44,45,47
263,280,45,43,46
558,393,36,44,46
794,386,42,45,48
126,143,37,30,30
386,406,44,44,46
86,498,44,47,50
968,44,93,66,60
839,173,41,48,50
619,165,43,46,50
154,164,41,45,48
770,481,154,148,156
521,391,40,43,43
489,323,46,44,47
1109,112,235,232,249
1019,157,54,48,53
1062,32,115,103,100
703,445,44,45,47
425,126,41,43,43
143,316,39,37,37
44,55,106,97,108
1070,417,62,58,55
118,180,149,149,169
528,464,157,156,164
548,190,229,229,252
1168,66,237,235,253
1071,43,111,100,109
1060,140,48,49,52
434,155,41,43,44
830,270,50,48,52
599,319,41,43,48
396,209,57,49,62
747,110,45,45,48
7,186,84,79,90
879,47,102,99,100
386,396,40,44,48
1033,464,44,47,52
635,275,44,44,49
695,252,46,47,47
19,228,35,29,29
894,171,47,46,50
717,168,43,45,49
696,325,43,45,47
94,152,55,31,50
174,172,191,187,210
494,425,46,41,46
189,334,40,41,44
432,353,42,44,44
377,455,149,137,147
664,231,240,237,255
829,158,46,47,49
765,475,157,151,167
269,10,38,33,36
397,379,43,45,42
599,393,41,40,47
701,10,46,51,52
579,491,155,149,134
1189,70,239,237,253
552,288,45,44,48
830,459,47,48,51
714,66,43,46,49
418,409,44,42,46
391,83,35,31,31
1026,343,45,49,49
310,120,32,27,30
207,486,49,47,50
141,259,210,208,229
0,387,46,45,49
120,383,44,43,45
223,283,204,205,230
378,436,195,188,197
1012,346,47,47,50
785,221,241,240,255
1154,316,234,230,249
17,72,107,99,108
550,448,156,154,163
529,42,43,43,45
605,326,45,42,45
526,469,162,160,167
399,299,46,43,46
660,487,96,75,56
469,482,178,180,194
312,486,100,102,108
185,395,41,43,46
858,259,243,240,255
1131,41,230,228,243
563,40,47,42,47
291,53,41,40,43
384,263,214,215,236
136,269,217,212,232
281,359,44,41,46
405,235,197,197,222
739,389,49,46,48
388,393,44,44,47
295,200,186,186,205
586,427,42,43,46
603,1,63,56,59
572,263,234,235,255
468,366,50,47,52
1049,105,51,49,53
1150,276,235,233,247
899,220,52,52,54
421,419,40,45,47
1188,460,234,235,251
901,89,49,47,51
781,351,49,46,52
214,28,180,169,191
253,391,44,42,48
853,413,46,48,49
620,472,183,180,193
578,233,232,233,254
234,318,46,43,45
707,202,240,236,255
93,417,55,54,52
203,300,41,40,46
426,219,225,222,245
429,137,44,42,45
1174,48,239,235,252
1100,461,235,232,254
120,494,45,47,50
1131,286,224,226,241
334,219,201,200,220
685,387,43,47,47
814,326,44,46,50
777,112,47,46,49
913,394,42,46,47
964,3,105,83,64
21,476,48,49,46
269,352,41,42,46
428,491,18,23,25
115,354,34,37,41
911,346,42,47,48
123,180,195,193,223
881,28,112,109,110
568,123,45,43,43
1138,178,230,229,244
576,358,43,42,44
827,287,42,47,51
927,448,85,68,57
686,7,49,48,53
830,426,43,47,51
296,363,43,44,46
1121,198,230,230,249
804,181,45,45,49
6,283,33,30,31
761,493,156,153,159
423,253,217,220,240
1119,380,236,232,247
134,484,45,44,47
491,50,43,43,44
480,121,40,40,47
1099,421,241,240,255
83,132,189,156,173
956,5,112,83,66
599,464,169,165,166
302,125,29,28,32
513,333,42,42,48
452,369,19,20,22
769,25,50,50,55
934,18,124,80,61
828,81,46,46,48
774,257,241,240,255
1183,362,238,236,250
536,393,42,43,45
1051,317,50,49,54
219,295,42,41,45
768,168,45,47,49
399,248,104,102,102
305,466,130,119,91
203,396,46,42,46
893,101,46,46,51
1003,491,48,49,54
1199,105,241,238,255
376,495,73,67,54
147,352,38,41,42
894,307,49,47,52
44,239,35,30,36
312,497,45,45,47
745,296,43,44,48
922,396,45,45,51
389,210,59,50,61
675,320,47,46,49
664,58,46,45,47
59,474,46,48,49
820,263,56,51,58
626,16,51,52,52
1152,377,235,232,247
1047,456,51,48,53
644,427,43,43,46
686,82,45,46,49
563,392,44,45,46
267,454,55,55,47
723,117,47,47,48
880,282,46,45,52
863,258,241,239,255
696,94,44,45,49
325,389,42,42,45
199,304,43,39,45
582,369,40,44,45
961,457,46,46,52
1191,300,240,236,254
846,457,49,47,50
836,37,77,72,66
110,328,38,31,36
712,288,47,46,51
504,33,90,68,52
1098,302,242,237,254
200,273,206,206,225
1135,281,228,225,239
1109,39,237,233,252
172,364,41,43,46
120,380,40,43,44
736,191,236,237,255
260,177,188,186,205
563,301,45,46,45
534,305,44,43,49
842,445,46,45,49
323,251,204,202,220
105,456,50,47,50
494,160,16,19,22
306,313,43,41,46
659,163,47,47,49
223,146,33,28,30
907,359,48,49,53
616,73,48,42,48
812,336,45,46,53
383,322,43,43,49
962,105,46,45,51
489,20,70,54,47
26,455,48,50,50
16,136,158,25,31
873,267,235,243,255
41,368,41,42,48
420,127,41,44,45
399,393,42,42,48
427,4,37,29,29
417,264,224,225,247
765,19,53,52,55
648,222,241,239,255
275,78,32,34,33
371,162,38,41,43
1183,426,236,234,251
144,23,153,132,156
762,91,47,47,51
1012,188,46,49,49
7,494,51,49,50
257,205,54,51,57
100,162,37,29,32
896,158,47,47,49
450,413,48,46,54
817,272,46,49,53
755,14,49,48,49
1146,136,233,231,245
892,383,45,44,49
644,463,176,180,193
647,199,241,237,255
403,141,40,41,44
152,57,133,119,139
1132,79,225,226,240
1152,406,235,233,248
83,99,154,22,32
231,202,183,180,199
883,436,47,47,51
5,371,42,43,47
839,142,45,47,50
545,52,46,44,44
781,172,49,48,51
394,347,42,41,46
415,427,40,44,46
179,440,46,46,49
1195,225,237,237,253
375,167,39,42,47
294,98,34,26,26
1090,189,255,254,254
321,179,193,187,208
1113,1,236,235,251
280,226,190,186,205
1172,18,239,234,254
415,324,47,43,47
360,160,37,40,39
704,70,46,47,51
343,161,34,37,38
410,359,47,42,43
917,359,47,45,52
31,104,33,28,30
1195,463,239,235,253
130,181,218,219,247
272,220,189,189,207
909,153,45,47,52
88,65,193,190,209
312,63,35,25,29
856,373,46,44,51
283,184,185,182,201
789,357,47,46,47
1084,282,253,251,255
672,270,44,44,50
395,30,48,36,33
1029,47,101,77,60
309,51,37,30,35
1143,293,233,230,248
1020,225,45,50,52
576,473,111,106,98
132,48,135,118,138
299,195,188,185,205
1063,82,98,89,77
974,173,46,47,51
264,436,61,61,52
325,192,194,191,210
841,266,57,52,59
21,262,32,32,30
537,437,168,167,183
847,380,45,45,49
881,192,48,48,51
276,470,92,81,59
1182,62,241,238,255
459,290,51,47,53
1171,286,238,237,254
241,76,47,50,54
920,328,51,47,51
313,377,47,45,45
183,389,48,45,47
800,197,47,47,50
1149,37,236,232,249
908,115,44,48,51
360,415,43,44,42
755,461,55,50,52
370,21,39,30,31
1030,138,50,47,52
230,377,45,45,47
1135,344,232,228,243
615,342,44,46,47
159,182,200,197,216
636,396,44,45,46
54,473,49,44,51
1192,455,237,234,250
1160,444,233,231,247
1025,28,99,76,62
674,239,79,68,90
659,84,48,44,48
40,401,42,44,46
1136,342,230,229,243
717,156,48,48,48
1039,196,48,50,53
158,476,51,47,51
1116,282,227,228,245
801,301,45,48,50
840,49,89,70,57
959,472,45,47,51
1134,43,232,228,245
1139,362,232,231,245
789,280,179,182,235
714,436,45,45,44
693,148,45,46,49
288,39,44,47,52
281,121,32,26,30
169,80,166,157,177
784,270,239,236,255
221,438,46,46,50
728,1,51,49,49
662,129,44,46,47
982,23,105,77,62
1048,334,46,48,51
36,463,50,52,53
848,395,43,46,49
479,7,58,48,43
407,265,230,228,250
912,251,237,235,255
1016,151,47,48,53
774,208,241,239,255
470,344,53,52,56
867,10,98,94,90
237,218,189,186,205
1180,313,238,236,251
476,444,173,180,201
247,105,37,33,35
311,138,33,28,33
493,164,22,18,22
321,451,82,73,52
961,14,107,77,62
793,244,243,240,255
917,146,47,48,50
1047,79,67,62,60
128,290,36,35,35
781,70,48,47,50
1041,437,50,47,50
153,477,48,50,50
1100,2,247,243,255
666,475,96,73,52
706,37,56,53,53
197,140,32,33,38
421,410,47,43,46
612,337,43,44,47
279,141,34,28,31
585,186,236,236,255
879,201,49,52,54
732,289,48,47,50
467,488,122,115,81
946,200,50,47,50
532,272,48,46,51
529,457,159,156,166
589,299,43,42,48
1114,421,236,232,249
649,442,44,44,49
197,424,48,48,51
464,72,39,41,45
515,182,221,219,241
64,347,38,38,38
856,255,239,238,255
1085,84,62,63,77
412,243,59,59,62
571,150,39,43,48
632,141,44,48,48
587,287,45,44,45
1125,440,230,226,244
15,218,34,28,31
86,233,210,210,231
498,171,45,44,47
66,103,150,26,33
740,300,44,44,47
1054,248,45,50,52
1049,316,49,49,53
242,214,190,185,203
1058,47,114,108,108
653,178,234,234,254
61,102,148,24,32
99,338,37,32,37
1026,134,48,49,52
697,253,46,47,50
806,459,47,47,51
1192,77,240,236,254
405,141,40,41,44
217,395,45,45,46
80,347,43,38,40
519,368,39,43,43
782,181,46,45,52
641,146,43,44,46
424,252,116,94,116
1051,289,55,53,61
597,24,49,49,49
449,15,62,49,42
386,122,42,36,39
837,262,206,206,235
1184,317,238,235,255
896,269,234,234,255
326,90,31,25,29
406,39,35,29,26
176,40,181,162,186
96,450,49,46,51
661,47,48,45,50
520,342,42,44,43
353,228,149,141,154
1031,4,107,78,65
397,424,46,45,46
846,424,63,53,82
384,215,194,192,210
960,332,48,44,50
904,243,242,237,255
683,138,47,47,48
285,21,196,197,215
378,90,36,30,34
300,262,203,202,223
117,367,39,38,43
987,274,48,46,50
1102,238,236,234,254
483,346,45,45,46
643,224,236,236,255
310,195,190,189,209
842,462,46,47,51
278,87,34,31,32
281,342,44,45,44
1010,339,47,46,51
917,36,117,112,108
526,442,140,138,154
138,393,43,43,46
554,433,48,42,48
947,107,48,47,52
695,229,232,235,255
984,130,47,48,52
653,373,44,43,50
591,58,45,46,47
282,32,152,150,160
969,398,44,46,47
1195,217,241,237,253
469,86,44,43,47
670,40,44,45,49
288,219,189,191,211
668,225,235,235,255
983,60,110,89,71
726,486,152,147,159
969,318,49,44,51
783,448,47,46,51
748,450,44,46,53
7,12,226,229,242
262,381,45,42,45
1154,25,236,233,252
479,379,44,41,46
134,178,122,124,132
822,383,47,48,52
296,212,198,191,211
230,53,208,198,221
918,208,45,47,53
705,384,43,46,50
977,86,49,48,52
1086,226,239,241,255
904,228,244,237,255
556,420,42,40,42
910,110,46,47,49
557,414,42,42,42
996,351,49,45,50
48,43,156,149,165
233,150,34,26,27
950,280,42,47,49
506,30,90,67,53
84,170,203,195,211
712,295,45,45,48
741,396,42,44,47
583,54,43,43,47
456,196,227,226,251
496,392,42,44,44
1123,273,230,227,245
590,186,230,231,255
698,176,46,46,51
122,45,164,144,166
885,284,46,46,51
714,275,46,46,50
1174,201,238,236,253
372,101,33,32,33
473,173,45,45,52
484,392,40,42,44
598,342,45,45,50
243,470,98,94,64
786,303,43,47,49
744,182,46,48,53
242,128,29,27,26
1135,164,233,229,244
629,23,48,48,52
1189,14,239,235,252
1082,275,54,53,59
278,311,40,43,48
340,364,45,42,47
741,254,239,238,255
502,148,34,36,39
175,258,203,200,223
869,237,234,237,255
237,95,43,40,43
1128,404,232,230,246
654,346,46,43,48
743,84,48,45,50
679,94,45,45,49
1103,314,233,232,250
187,63,188,175,198
270,192,186,185,203
1018,342,44,45,51
88,315,34,33,38
137,381,45,41,45
1191,485,236,234,249
880,62,92,84,73
967,308,47,47,49
127,168,226,226,252
563,25,51,46,50
929,328,46,47,47
140,402,45,43,48
786,265,240,240,255
42,238,32,32,31
67,181,44,31,34
488,132,45,44,45
531,89,45,45,46
663,434,43,43,48
191,85,44,35,39
162,82,165,150,174
329,217,195,195,216
845,237,218,222,224
607,155,41,45,47
118,490,49,44,51
487,125,42,44,46
1174,279,236,235,249
971,154,47,48,50
660,242,48,49,53
1190,56,236,238,254
668,445,46,44,46
874,60,94,83,68
1020,436,46,47,48
191,286,42,42,46
433,113,40,42,44
886,169,44,48,48
561,14,91,79,61
661,433,47,42,47
160,284,43,39,49
278,180,189,185,204
599,223,236,237,255
1013,128,46,49,52
448,37,48,43,39
953,493,89,80,60
601,214,232,233,255
521,279,44,45,48
233,78,146,142,153
306,101,31,26,28
667,277,45,44,49
699,18,50,49,54
664,209,66,60,79
650,124,45,45,46
983,70,90,75,66
10,310,40,37,42
440,116,39,42,43
583,104,44,44,49
553,232,229,230,250
942,372,45,45,49
669,424,39,43,44
713,27,77,59,56
410,27,34,28,31
941,372,47,45,49
704,481,125,108,81
617,27,49,50,51
24,460,48,48,54
123,298,36,31,37
488,30,76,57,49
956,434,85,86,142
540,352,40,42,45
834,205,48,50,51
237,253,197,197,217
572,393,45,45,45
850,363,46,46,47
688,258,47,45,49
48,348,40,40,45
504,384,43,43,47
810,3,55,57,56
1042,247,47,50,50
1124,279,229,227,243
668,222,235,239,255
210,3,167,97,115
73,400,43,45,48
810,146,43,47,49
454,274,235,234,255
532,382,39,41,42
701,121,49,45,50
554,79,44,44,48
257,48,140,143,167
794,80,47,45,51
266,198,189,184,204
187,424,44,49,50
1079,434,234,236,255
992,440,136,140,162
891,229,243,241,255
343,436,83,76,54
765,298,46,44,49
370,23,40,26,30
774,491,159,156,166
1006,463,49,49,53
144,242,51,41,52
311,335,45,44,45
445,195,225,224,247
959,128,44,48,52
1019,165,51,49,52
95,395,49,44,48
464,35,70,54,45
300,295,43,43,48
977,263,48,48,50
1082,64,250,248,255
669,274,49,46,50
397,226,211,213,236
502,222,220,215,237
248,429,61,61,50
183,285,44,45,46
1162,453,236,233,248
557,35,46,43,47
718,384,43,45,48
765,176,44,50,50
691,161,45,47,51
992,54,98,77,58
907,456,45,49,50
213,315,42,43,45
73,399,42,43,47
1134,477,230,229,243
132,24,29,32,32
432,377,47,42,49
998,429,48,48,50
507,340,40,42,44
175,347,42,42,46
210,437,50,47,48
307,263,207,205,226
1179,43,240,239,255
727,409,42,43,49
370,45,32,25,29
128,370,39,43,42
1101,330,242,238,255
144,395,43,42,43
66,359,41,40,42
719,345,44,45,48
195,180,190,184,206
1150,210,235,232,249
37,226,31,32,30
470,275,29,30,35
220,488,64,59,51
867,206,44,48,51
20,79,117,104,114
1140,135,230,229,245
738,17,49,48,51
877,147,46,46,54
940,368,42,46,48
987,223,46,47,52
905,438,48,48,52
169,48,160,148,169
681,131,49,47,48
275,494,92,83,59
219,52,201,191,212
88,1,98,114,107
331,346,42,43,46
752,182,49,47,53
584,470,125,119,120
793,12,51,50,54
935,340,47,46,50
339,418,46,42,46
1030,20,103,81,63
73,287,39,31,32
629,489,129,123,111
591,69,38,44,47
1196,348,239,235,250
876,217,54,51,56
306,81,35,25,31
314,34,45,38,46
907,39,89,80,72
915,245,168,167,237
386,456,163,165,180
633,432,43,44,46
504,4,103,80,60
728,364,43,44,50
731,276,45,48,50
250,228,192,187,206
381,344,40,43,43
341,262,210,212,235
328,119,34,30,32
531,453,133,126,133
898,466,49,47,51
917,487,76,70,56
17,393,41,45,45
863,140,46,47,50
834,164,48,47,47
47,241,37,32,34
666,253,49,44,47
309,312,43,43,46
762,8,51,49,52
773,31,48,49,51
81,285,37,34,34
12,461,49,49,53
534,93,45,44,47
1119,305,231,231,244
138,260,214,211,233
734,341,42,44,49
1089,370,245,244,255
24,466,48,46,48
1089,123,254,255,255
352,225,208,208,226
397,60,32,28,30
513,182,219,218,238
448,230,230,228,252
1076,346,153,142,145
330,284,43,46,48
707,174,48,47,51
650,49,44,48,48
554,274,45,48,49
1025,365,48,47,52
938,295,46,47,50
324,244,58,55,60
245,366,43,43,45
457,166,42,44,48
118,385,43,42,43
504,88,61,58,60
578,174,47,47,47
1014,242,49,46,51
1025,252,48,48,51
864,0,93,91,85
81,416,54,56,55
53,265,36,31,34
673,298,44,44,46
890,352,46,45,49
685,174,50,47,53
898,193,48,47,53
1185,461,237,233,248
242,379,47,46,48
715,255,236,237,255
1147,449,231,230,246
496,0,93,81,79
777,338,45,48,50
362,484,72,68,57
1193,242,240,235,252
769,105,47,47,50
1073,146,54,55,56
722,140,48,47,50
288,270,47,43,47
253,232,185,187,204
1017,393,45,47,51
1139,166,231,228,248
745,268,47,48,52
829,240,54,55,61
975,427,46,46,51
295,167,186,184,199
543,314,42,45,46
419,190,219,217,238
140,346,37,37,37
1031,220,48,47,52
223,315,40,42,46
671,203,238,236,255
1012,135,50,48,51
824,154,45,46,51
1189,433,235,232,252
498,214,212,210,231
942,376,44,45,50
467,282,70,70,80
279,403,44,45,47
795,112,47,46,51
670,351,45,44,49
634,210,59,58,63
1056,1,113,101,132
985,285,47,48,51
57,466,45,47,49
799,473,166,161,157
950,304,45,46,49
260,87,40,36,41
341,3,42,41,44
437,237,228,225,250
374,61,33,26,29
142,71,160,147,167
43,484,50,49,51
396,262,220,220,242
65,347,39,40,41
395,283,46,49,50
189,341,40,40,41
487,199,29,28,27
731,199,241,239,255
105,291,33,29,34
287,427,86,87,60
564,152,42,45,47
714,288,44,46,48
846,157,47,48,55
1156,220,238,234,250
134,118,199,184,209
501,493,121,112,63
891,256,238,238,255
271,254,196,194,216
760,106,47,45,50
55,292,40,33,36
726,266,52,53,55
943,4,138,91,70
405,331,46,44,49
1069,410,50,49,54
789,390,43,45,47
1074,296,50,52,56
559,117,44,46,46
112,283,45,37,42
295,14,162,167,188
748,4,49,49,48
519,130,42,44,48
721,144,48,45,49
454,459,185,186,204
318,209,48,48,55
407,481,74,66,59
262,404,42,41,46
1047,266,50,46,51
56,442,47,47,48
559,261,234,230,255
237,187,186,182,205
456,94,42,40,46
551,255,233,228,253
253,179,188,183,202
341,363,42,42,46
513,19,87,65,52
868,452,49,48,49
109,10,117,109,120
76,177,203,198,220
1191,112,239,236,251
1019,267,43,46,51
57,327,37,39,38
396,289,42,44,46
248,70,42,42,47
120,242,74,67,72
153,130,131,131,154
867,333,45,47,46
771,170,47,46,50
841,64,47,47,52
678,273,41,45,47
249,235,48,49,48
113,358,36,41,40
971,477,46,46,52
745,163,45,47,51
293,176,189,185,207
654,52,46,45,49
702,132,47,45,51
75,305,37,32,30
475,189,79,74,86
899,129,49,48,55
412,492,77,67,61
955,8,115,79,64
301,275,44,44,46
217,335,41,42,44
1150,40,233,232,250
904,23,108,102,91
583,18,94,83,68
1088,233,111,103,76
861,302,47,49,50
1158,386,235,232,248
1176,103,237,236,253
168,211,175,175,188
451,263,236,234,255
786,428,45,46,49
957,57,62,57,56
157,221,198,193,216
832,462,48,45,50
551,88,41,43,47
948,153,48,46,50
191,403,42,46,45
931,379,44,46,50
466,300,18,17,17
1077,216,246,243,255
679,482,112,85,63
923,464,53,48,52
625,331,40,44,47
619,208,230,234,254
569,270,119,124,149
1065,347,49,50,54
122,159,154,149,177
311,465,129,121,95
838,165,47,48,52
500,401,45,44,44
1073,255,79,67,61
461,261,235,235,255
32,224,31,29,34
143,177,211,209,234
141,214,199,193,214
226,326,45,42,46
90,113,155,27,35
354,90,30,28,32
195,127,39,38,45
552,424,46,43,42
477,359,39,45,44
334,187,193,191,212
170,323,43,42,40
441,420,31,25,32
979,57,90,70,58
884,161,46,46,52
448,140,45,44,47
641,85,47,44,47
701,318,41,44,45
966,178,52,48,53
718,291,46,46,49
408,196,209,209,229
629,365,45,44,47
1054,112,48,49,54
1164,256,239,234,251
964,26,91,73,60
324,357,43,44,46
962,308,45,45,49
1163,4,237,236,252
60,497,44,47,48
678,85,45,46,49
1041,378,47,49,49
824,421,48,49,49
89,262,66,56,86
11,384,46,47,49
898,443,151,151,123
706,300,43,45,48
964,348,49,47,50
1083,378,57,56,59
1030,436,47,48,52
209,302,43,41,43
494,490,123,107,62
514,32,59,52,49
915,155,46,47,50
434,137,41,42,43
761,151,49,46,49
845,139,46,46,51
622,138,42,45,50
549,291,44,42,50
981,58,100,80,65
1112,137,233,230,248
357,240,140,136,146
911,2,118,73,61
1150,312,234,233,251
298,16,151,152,170
304,460,86,79,54
334,341,43,44,44
811,320,46,45,52
694,484,127,99,70
466,100,44,42,46
771,421,46,45,50
1119,427,233,228,244
1161,454,236,233,250
876,337,45,46,50
8,464,51,50,50
957,80,49,47,51
533,413,42,43,46
638,110,44,44,47
630,107,44,47,49
988,493,52,48,51
780,189,47,48,51
756,249,239,239,255
927,33,142,100,71
451,250,101,98,125
941,43,107,79,61
796,3,49,52,52
1053,385,50,49,54
1045,2,92,75,61
541,2,81,70,52
413,464,93,81,84
790,13,49,50,54
75,74,30,29,33
674,110,47,45,51
204,343,42,42,43
78,452,49,47,53
721,230,235,235,255
1097,102,238,235,254
611,471,168,165,166
1141,329,232,230,247
964,426,46,45,50
897,61,104,103,99
817,413,170,170,196
465,315,17,23,21
67,266,30,30,29
209,364,42,42,46
984,350,40,45,49
875,475,51,47,54
747,172,46,47,51
623,302,44,43,47
366,432,54,50,53
708,388,47,46,50
307,344,45,43,46
51,296,36,30,35
1012,363,45,48,52
629,201,237,234,255
813,115,45,47,49
618,359,42,43,45
1180,341,238,236,251
140,469,44,46,50
562,70,42,44,46
652,492,97,73,59
295,198,189,185,203
890,132,44,47,50
120,454,45,47,47
1195,121,240,239,255
935,100,47,48,52
1175,266,239,237,251
81,203,240,242,255
615,343,41,44,47
922,243,49,47,56
943,218,44,47,50
1184,155,239,238,255
1114,37,232,231,249
1023,314,46,47,51
596,388,44,42,48
821,272,45,47,52
152,25,163,145,171
546,349,39,43,44
66,93,150,25,32
828,166,43,46,49
294,185,183,186,207
1076,357,245,245,255
1007,315,48,46,51
446,403,26,24,25
1081,227,68,64,78
1049,45,115,102,97
1074,479,53,53,58
872,170,49,49,50
524,24,65,42,31
1129,385,229,228,244
635,213,61,58,62
363,459,106,104,96
274,0,206,193,216
1173,345,239,237,253
1016,85,102,88,73
285,482,59,58,50
1100,80,234,232,254
101,121,160,28,33
1084,191,249,245,255
1188,444,235,234,252
447,79,43,41,47
48,397,44,44,46
180,164,39,34,37
985,265,46,47,49
580,173,47,46,49
331,414,42,44,45
463,95,40,42,45
288,154,32,29,32
495,178,45,43,42
674,29,47,48,53
719,470,151,145,161
342,375,41,45,45
946,48,115,79,62
53,452,47,47,52
328,206,71,67,82
76,202,89,89,107
894,73,46,47,54
517,461,155,157,168
1159,356,235,233,251
235,308,43,45,49
9,424,52,51,53
747,189,58,52,70
85,295,40,34,36
432,110,40,39,41
425,173,46,44,46
134,363,40,40,44
359,77,27,26,28
88,219,213,214,242
26,244,33,29,30
1064,183,50,51,56
370,192,199,200,222
558,15,81,70,58
505,53,41,45,43
854,279,44,46,49
503,208,204,200,211
23,244,32,27,31
746,399,52,48,47
199,272,206,204,226
188,252,201,199,221
358,427,45,42,45
1085,233,56,55,61
884,9,91,88,77
328,79,33,27,28
1060,411,50,51,50
611,441,64,55,50
1003,133,48,46,52
800,140,45,46,49
393,245,211,214,237
146,139,136,139,157
470,238,220,222,244
470,360,46,48,51
555,378,40,42,44
781,33,49,47,55
99,262,100,101,133
164,463,49,50,51
609,56,46,45,48
512,288,47,44,51
960,164,45,49,48
690,394,80,82,98
315,208,178,174,195
91,63,190,188,207
501,450,163,163,174
305,268,50,43,59
950,259,44,47,51
1105,124,240,236,255
779,258,241,236,255
643,461,167,174,198
18,145,163,30,38
937,16,141,96,76
123,183,219,219,248
426,375,43,42,45
1045,467,44,49,53
140,401,44,43,46
110,145,200,188,208
563,47,44,42,47
591,447,110,105,104
361,434,71,68,55
1105,82,233,233,251
964,266,41,47,51
807,339,48,45,52
194,17,163,79,98
790,211,239,238,255
396,150,42,42,43
340,450,63,63,53
606,206,69,55,82
1041,424,50,48,53
1051,64,104,90,78
1188,307,239,237,254
906,325,46,47,51
416,191,215,212,238
187,407,46,46,46
704,79,44,46,48
678,123,44,46,47
78,458,50,51,49
544,490,127,126,113
679,297,46,46,48
206,404,42,45,48
945,104,47,49,51
369,241,94,80,108
436,155,44,42,46
116,132,54,27,27
44,330,38,37,40
854,44,97,88,71
805,216,242,240,255
1107,296,235,232,251
953,407,45,46,49
107,220,209,206,230
590,301,45,45,45
198,236,194,192,211
470,219,63,59,70
1096,483,240,232,252
792,353,48,44,47
589,187,236,234,254
253,481,69,60,52
541,461,138,138,148
694,218,240,238,255
1123,150,229,228,248
778,330,46,46,51
970,130,44,47,51
1173,151,238,234,251
1119,319,228,229,248
491,5,62,53,44
302,241,198,196,216
110,143,195,181,204
433,73,40,37,41
295,295,39,42,44
590,118,45,43,46
225,259,201,199,220
875,215,49,49,55
422,127,44,42,45
938,319,44,45,50
360,2,38,34,37
124,127,67,42,75
398,187,206,205,227
1179,198,236,235,254
105,425,117,90,110
2,317,43,39,44
1027,11,112,81,63
940,11,238,235,255
86,487,44,49,51
883,80,49,48,53
203,221,189,188,207
246,237,162,163,177
107,170,125,129,148
740,354,46,45,49
959,76,74,67,67
130,190,110,111,134
248,168,191,185,206
600,447,178,184,210
1024,105,47,48,52
258,116,30,24,26
114,429,82,77,103
505,269,50,52,55
696,0,50,50,50
479,328,45,47,46
658,196,240,234,255
1149,59,232,232,249
699,491,132,104,70
513,238,216,218,238
761,126,47,48,50
1049,357,46,47,54
210,86,126,126,138
942,141,46,47,52
336,261,210,210,230
496,261,219,219,241
45,393,42,45,45
663,306,46,47,49
46,388,45,44,48
744,149,42,46,49
148,91,143,132,148
781,458,49,46,51
627,492,129,125,114
25,461,48,48,51
413,89,37,35,38
1018,22,102,78,62
1070,37,112,99,108
477,196,218,217,238
420,386,45,41,45
313,416,45,43,47
73,213,234,232,254
930,85,48,48,51
382,277,47,46,49
836,266,51,50,54
858,236,235,239,255
842,228,241,242,255
594,384,40,43,47
865,109,50,46,51
78,254,184,184,206
440,83,43,40,43
1164,208,238,235,250
870,467,46,49,50
1021,14,104,82,63
488,368,42,43,45
444,393,87,84,90
997,298,46,47,49
333,227,200,198,221
54,308,36,32,37
60,103,148,22,31
1115,155,236,232,251
433,167,44,44,47
1154,260,237,232,250
297,169,187,183,205
264,394,43,43,46
1047,452,50,49,54
641,421,47,44,44
1017,170,49,49,53
567,89,46,44,48
56,446,51,48,49
912,161,48,48,51
20,17,227,222,248
781,465,56,51,50
1119,252,226,225,243
465,123,43,42,45
239,141,33,31,31
860,255,242,238,255
870,408,48,45,48
21,328,40,40,42
777,268,239,236,255
996,165,46,49,53
187,459,45,47,53
274,276,43,43,47
1044,381,51,47,52
423,456,164,161,163
233,329,43,45,46
42,325,33,36,41
794,15,49,49,52
353,157,35,39,40
72,475,85,73,72
39,486,58,56,52
40,422,57,55,54
260,110,30,26,30
956,18,103,73,59
1124,389,229,229,246
219,457,50,45,50
811,229,238,240,255
489,148,42,44,47
968,11,106,77,63
217,279,207,208,229
887,359,46,45,49
488,108,46,44,46
1090,329,240,240,255
548,422,37,40,44
824,262,55,54,57
1148,139,231,229,247
505,40,88,66,49
442,20,49,43,39
813,162,48,45,54
102,412,45,44,43
203,88,120,123,139
461,16,111,84,61
458,51,41,40,41
1049,203,49,50,56
1069,478,52,52,57
9,197,24,14,25
383,85,26,29,29
844,261,238,236,254
210,44,170,55,71
794,466,49,49,54
281,198,190,189,206
131,116,166,32,61
297,382,42,44,46
36,138,157,23,34
387,465,89,81,71
394,255,212,217,234
136,215,197,194,216
50,274,35,30,33
582,209,58,57,62
86,181,211,204,224
77,226,48,50,58
101,329,37,35,38
1177,262,235,235,252
415,142,37,41,43
921,256,48,47,53
629,455,190,189,209
569,350,44,45,48
113,243,211,211,229
934,315,45,45,49
649,67,48,50,55
817,111,49,45,51
606,403,40,44,46
542,375,44,42,41
232,10,180,167,191
1108,19,239,237,254
252,261,195,193,217
481,427,47,45,49
516,335,37,44,43
968,125,47,48,50
835,326,46,45,48
522,191,219,222,242
504,119,34,33,35
18,467,51,49,51
64,115,151,21,32
309,115,34,27,31
622,37,44,47,49
1145,410,229,230,242
164,126,132,133,152
79,44,118,112,117
632,422,47,43,45
297,268,51,45,49
586,40,44,46,49
260,52,148,155,167
353,74,32,26,26
820,230,234,237,255
284,474,127,119,96
1075,130,56,56,60
890,299,46,45,51
947,317,46,46,49
756,132,43,47,51
753,380,45,44,48
850,375,45,47,50
824,409,50,46,49
358,19,42,33,33
900,192,47,47,51
1062,463,52,50,53
451,165,45,44,48
166,143,49,49,55
161,54,143,128,147
430,313,44,46,48
294,196,188,184,204
1061,165,52,50,55
623,213,71,59,56
1103,132,242,237,255
138,366,44,42,44
873,188,46,46,51
183,6,155,26,35
276,136,30,26,29
990,110,51,48,52
19,322,41,39,41
935,494,172,159,81
589,306,35,44,47
123,70,155,136,158
533,161,42,46,49
406,133,43,40,42
493,390,43,42,45
894,102,45,48,51
1054,268,53,52,52
817,104,45,49,51
537,77,43,43,45
237,150,30,27,28
880,470,50,47,50
917,301,45,47,48
63,435,51,50,51
156,160,41,45,53
375,191,204,205,225
199,419,45,44,46
87,438,45,46,50
982,148,48,47,51
866,495,93,99,65
176,399,46,44,46
18,194,91,84,90
506,219,216,214,234
982,439,84,95,112
283,329,39,43,44
379,275,46,46,49
369,113,35,31,34
337,190,193,192,213
41,488,78,70,59
11,128,153,23,34
698,360,45,44,48
29,221,33,30,33
70,186,36,29,31
382,112,34,36,37
601,352,43,43,48
320,328,43,43,46
1151,39,234,232,249
870,46,100,98,92
1076,320,246,245,254
1101,150,241,241,255
561,254,234,233,255
774,53,50,44,52
693,91,48,45,47
1198,463,238,237,252
791,74,49,47,51
620,435,43,44,47
822,347,40,46,49
1154,234,233,231,247
1136,221,231,230,242
741,238,243,240,255
87,133,159,49,61
32,450,48,50,52
660,86,45,46,47
113,473,43,47,48
584,183,235,234,254
407,110,39,38,42
331,488,138,140,153
579,462,139,129,131
548,331,41,41,45
465,248,203,209,225
382,17,38,24,32
821,12,82,76,72
524,466,135,131,139
727,12,52,49,52
237,390,43,41,46
45,417,56,53,56
134,42,127,111,127
326,466,119,111,122
369,217,204,203,223
1030,327,47,46,53
384,54,33,25,28
21,115,147,20,31
940,235,45,47,50
437,383,42,45,49
860,364,44,47,48
440,176,43,46,49
438,124,41,43,45
961,313,49,47,49
668,38,47,48,50
611,445,186,198,222
75,342,42,35,42
81,151,161,29,37
958,267,44,46,49
438,238,141,136,169
672,384,46,45,47
41,15,137,124,137
171,159,38,38,41
755,423,47,46,49
520,110,42,43,47
609,198,235,233,255
303,267,94,103,127
1159,137,236,236,249
372,453,154,142,142
1163,164,235,236,251
753,14,52,48,53
168,46,161,147,171
720,5,77,54,54
877,281,44,45,51
427,153,43,42,45
103,332,36,36,39
192,35,189,173,197
628,389,45,43,46
177,93,42,30,34
513,215,221,218,241
981,66,96,85,71
230,175,189,183,202
675,58,48,47,49
592,418,42,42,46
564,197,227,227,251
146,372,40,42,44
170,277,212,210,231
604,128,47,46,49
525,387,41,43,47
563,455,122,118,117
75,286,37,30,33
562,180,229,227,254
386,237,210,213,235
933,49,116,112,106
913,252,236,237,255
388,1,41,30,29
431,72,39,36,41
948,215,50,47,50
705,60,47,46,48
1010,222,47,46,52
777,365,45,45,48
490,306,46,44,48
97,109,157,28,38
273,325,43,45,45
99,229,201,199,221
159,31,170,149,173
292,109,35,25,26
455,382,37,35,38
895,376,45,45,49
594,209,232,232,255
952,283,45,46,51
965,53,74,62,57
961,341,45,46,51
765,124,43,47,48
286,423,44,44,48
155,430,52,50,50
25,339,41,39,42
147,3,30,30,31
871,273,47,48,52
853,67,50,48,52
714,477,152,145,155
387,185,199,197,219
1057,52,112,106,107
1,122,152,22,31
736,380,43,43,45
645,434,43,44,48
426,383,46,43,47
272,305,41,43,45
116,155,200,193,213
995,129,47,49,54
310,479,110,99,90
343,390,46,43,47
1038,190,50,49,52
1087,394,254,253,255
704,71,45,48,48
360,242,195,198,212
679,309,45,46,49
29,474,50,50,53
148,175,209,208,229
741,404,49,49,49
865,1,89,87,83
866,215,52,52,56
272,445,75,71,55
532,402,39,42,44
228,480,52,52,50
1104,146,238,238,254
899,94,46,49,51
1052,248,48,50,52
407,199,209,208,233
847,94,48,49,49
781,241,141,129,145
451,424,55,55,57
19,301,37,34,37
748,369,43,45,47
900,358,47,45,49
386,97,33,33,32
931,36,192,146,98
368,234,66,53,74
585,36,40,46,48
268,199,105,94,122
184,118,209,205,228
287,327,42,45,45
167,491,47,47,47
1162,192,236,235,252
349,159,38,36,42
171,372,42,42,43
518,262,224,224,245
268,465,104,96,65
347,397,43,43,44
1090,92,248,247,255
348,4,48,41,43
1045,173,49,52,54
1185,226,236,237,250
2,249,35,28,31
377,428,44,45,46
230,128,33,28,29
1102,172,243,239,255
101,443,46,47,49
956,311,47,47,51
144,354,42,38,41
546,323,40,43,46
296,15,177,182,196
475,475,179,181,196
673,62,41,46,46
581,7,94,81,60
323,25,39,39,39
814,499,169,164,163
461,64,42,41,44
133,235,193,188,210
807,156,49,47,50
709,410,45,42,47
323,31,40,37,40
315,206,192,188,209
387,336,43,44,46
107,335,38,36,39
309,463,127,118,92
947,289,42,45,47
634,274,42,44,47
652,322,45,45,51
526,24,66,48,35
709,477,140,126,115
674,432,44,44,46
482,49,38,41,43
984,310,45,45,48
278,181,187,186,203
567,484,145,135,127
292,47,41,46,51
176,6,155,65,93
233,397,41,43,46
936,210,48,47,52
736,135,42,46,46
181,140,37,38,42
203,359,41,43,46
1179,131,241,237,254
11,57,33,28,32
694,26,51,51,53
1094,430,237,240,255
380,315,43,44,44
419,289,42,44,45
445,138,41,42,44
254,204,185,180,201
26,29,227,227,249
665,97,45,46,50
280,291,43,43,47
188,266,205,203,225
673,476,103,79,57
48,138,154,28,34
210,136,31,32,34
321,222,195,193,213
1102,74,237,233,254
1058,210,49,50,56
400,403,44,43,43
504,414,44,41,49
943,255,46,47,49
683,475,108,81,61
891,314,43,45,49
949,417,44,45,48
1074,462,247,246,255
411,246,62,60,63
275,214,189,185,206
193,354,40,42,47
805,236,240,238,255
120,343,35,35,38
125,405,43,42,47
1068,190,50,51,56
702,477,125,106,73
85,98,152,25,35
1060,234,50,50,55
69,381,45,43,47
1145,33,234,232,246
233,263,200,199,220
928,355,44,46,51
1052,14,72,66,60
609,320,42,44,47
313,104,32,28,27
237,13,183,168,192
129,413,42,43,47
991,105,47,49,53
63,431,69,64,55
691,287,46,45,49
1011,94,49,50,50
425,375,44,43,48
1135,257,229,229,244
591,98,46,45,47
353,373,44,43,45
300,260,203,202,223
752,53,51,47,50
74,168,185,128,149
19,229,34,28,31
92,220,214,215,239
1151,47,238,233,249
203,41,193,177,196
98,204,214,211,241
152,371,43,41,44
972,264,47,48,50
780,491,151,151,165
410,477,82,77,69
946,253,48,46,50
210,388,40,43,44
695,300,43,46,47
904,316,48,47,50
752,195,47,48,53
1090,461,242,238,255
1056,181,47,49,55
93,488,49,46,52
579,450,150,144,156
1136,236,230,228,245
934,438,57,45,67
844,385,43,44,48
32,6,225,224,249
429,241,224,223,249
554,75,42,44,46
1199,464,237,235,252
892,107,49,47,52
1111,437,235,232,248
488,87,44,42,43
704,339,45,46,50
972,351,48,46,50
1127,34,229,226,243
215,154,30,30,26
1023,274,49,48,53
249,439,60,63,55
664,399,41,43,46
1129,94,225,226,244
712,144,46,46,50
644,323,40,44,46
1037,297,232,237,246
578,11,91,79,61
1059,455,49,50,54
428,376,42,41,45
594,125,43,43,49
432,97,38,39,41
719,230,238,240,250
518,477,114,109,88
54,435,55,54,52
1012,162,51,50,54
1005,98,49,48,53
1008,77,99,83,68
1153,393,231,230,247
363,337,49,47,47
26,270,37,30,33
205,295,39,39,45
144,138,129,135,150
125,133,35,29,30
0,440,53,47,49
705,18,52,50,52
1111,444,231,229,247
1134,25,232,229,243
431,227,227,225,247
191,423,82,84,81
213,14,188,169,194
849,451,48,45,49
500,283,43,45,49
178,309,35,36,43
627,376,47,44,46
763,294,45,44,47
87,88,155,25,35
738,349,42,45,48
534,100,48,44,46
175,370,38,43,43
988,190,50,47,51
349,38,38,29,31
93,393,40,43,45
260,185,187,183,202
1002,296,49,49,50
196,370,45,44,48
897,135,44,47,50
1062,123,52,49,55
991,213,52,47,50
756,327,46,45,50
529,216,227,226,248
260,136,35,27,28
211,363,43,44,47
232,1,172,158,182
664,131,46,47,47
8,268,35,34,36
441,390,48,50,53
1033,245,45,48,52
161,342,41,40,42
164,30,170,152,177
1126,293,223,224,239
994,395,47,45,53
698,196,239,236,255
125,406,44,44,47
363,339,44,45,46
794,330,47,47,47
151,382,38,43,45
1141,107,230,230,244
1104,456,236,232,249
719,455,49,50,49
734,72,47,45,48
688,183,237,234,254
1049,257,46,51,51
216,218,188,184,203
409,207,212,214,230
228,333,45,43,46
597,7,78,70,68
360,300,42,44,48
631,317,43,45,47
661,268,45,46,49
1054,146,48,46,53
720,20,183,122,78
54,97,149,31,48
419,347,39,40,45
1093,411,243,241,255
411,36,34,29,28
444,141,45,42,43
1155,117,237,234,249
540,321,44,44,46
285,54,44,45,50
381,284,45,43,49
888,40,107,105,98
191,305,41,40,43
279,213,75,66,72
823,268,51,49,50
1000,118,48,48,52
898,64,101,101,95
777,329,47,46,54
505,495,111,101,58
483,457,174,176,197
654,442,44,44,45
502,16,81,59,50
401,439,198,201,222
674,282,45,44,50
293,241,53,54,59
331,256,205,205,228
643,161,44,45,49
20,464,48,48,50
813,104,46,47,50
599,87,44,43,46
1019,176,45,50,51
986,20,112,82,65
2,309,41,38,41
134,163,162,164,185
791,136,44,46,49
238,227,43,47,47
427,135,41,42,46
765,130,41,45,50
607,399,44,42,46
393,440,202,207,229
592,139,41,46,47
163,371,41,43,43
96,322,36,32,34
484,59,40,41,45
235,251,194,191,212
823,271,42,49,53
1161,283,235,234,250
160,368,41,42,46
1056,396,53,49,53
1157,7,234,235,252
524,236,101,92,129
117,497,48,49,51
936,124,47,46,51
20,75,113,103,109
1198,318,239,236,253
469,96,43,41,45
61,491,45,49,49
144,471,49,45,48
987,493,49,46,52
32,177,175,36,44
152,221,193,191,211
1142,356,232,229,247
195,282,213,212,233
28,456,52,51,55
534,486,151,146,154
1185,160,236,237,254
560,436,90,86,74
862,290,45,46,47
709,406,43,45,47
510,496,105,91,56
1027,356,43,47,51
157,185,201,197,217
549,243,230,230,253
243,230,67,57,75
821,482,172,170,182
519,175,50,51,55
924,282,43,46,51
392,307,43,45,47
1174,340,238,235,252
390,281,44,47,50
894,206,45,46,50
491,173,19,18,22
750,469,137,137,119
421,226,228,225,245
834,466,48,48,50
483,13,82,61,46
916,48,86,81,72
623,424,46,43,47
1064,50,105,100,99
166,33,172,154,180
756,490,157,151,156
701,279,47,45,52
1044,440,48,47,53
496,73,43,43,45
365,108,34,33,30
1161,118,238,235,249
762,217,226,227,255
497,17,77,60,49
1033,397,50,46,51
3,176,73,72,76
707,453,44,47,47
515,452,153,148,159
304,387,41,43,44
829,372,49,44,51
938,164,49,45,49
583,41,40,44,48
633,376,46,44,48
505,43,46,43,44
721,42,112,83,64
945,299,44,45,49
418,464,144,133,123
357,420,41,45,46
879,212,42,48,54
696,332,45,44,49
1026,68,101,87,75
817,332,46,46,50
713,240,240,237,255
64,412,43,45,49
155,246,206,203,227
1141,63,227,229,245
733,234,200,195,211
1168,52,237,236,250
114,7,119,109,117
489,333,47,45,50
200,137,37,36,38
828,337,47,45,51
795,375,49,44,50
504,273,46,46,47
9,126,153,20,30
218,164,33,30,31
567,54,45,45,47
373,202,54,47,61
655,366,42,43,45
400,324,42,44,45
983,74,76,64,58
697,209,241,236,255
1097,436,236,237,254
473,138,42,41,45
761,333,48,48,51
292,204,49,45,52
619,137,44,45,45
69,452,52,48,51
66,426,85,91,83
532,89,45,46,47
500,382,42,40,46
553,235,230,229,254
1154,258,238,231,248
872,399,49,46,49
1123,146,230,227,245
974,2,111,81,65
844,78,46,47,51
636,389,45,47,48
41,39,129,115,125
763,497,162,159,169
688,485,119,89,66
834,13,86,85,82
665,222,230,232,238
68,474,59,55,52
1111,64,235,231,247
1127,79,229,226,243
271,222,190,187,206
569,409,40,44,44
458,86,40,42,47
143,209,79,73,75
477,477,136,138,156
897,294,48,48,50
1079,6,202,192,161
1056,188,48,49,54
846,246,231,232,237
764,314,44,43,43
77,227,49,52,58
470,465,176,179,193
836,8,92,92,90
690,411,43,44,47
1037,412,43,48,51
923,79,43,48,51
577,351,42,41,47
742,401,45,45,51
953,128,46,47,50
1147,41,234,233,248
924,61,77,77,69
693,390,42,43,47
13,321,44,39,42
220,333,42,44,46
916,185,48,47,51
139,458,51,50,53
816,152,49,48,53
1175,167,239,238,255
659,372,43,44,47
644,84,43,46,48
8,274,34,30,33
48,407,45,45,46
573,390,41,41,46
917,144,49,47,50
719,254,242,237,255
436,46,35,33,36
995,0,129,96,74
228,461,81,79,52
925,364,48,45,50
1143,29,231,231,247
690,88,46,48,47
713,207,239,238,255
386,392,42,42,46
396,38,38,31,30
221,7,173,155,180
466,362,53,54,58
1082,94,249,248,255
702,453,47,46,45
560,37,44,44,45
187,110,117,122,134
857,59,75,64,57
890,128,48,49,54
319,338,42,43,43
253,244,193,190,208
100,491,45,47,48
994,13,126,93,72
450,114,41,41,44
17,448,51,50,53
119,280,215,211,235
569,51,42,44,47
276,353,43,42,47
415,359,40,43,47
1171,435,238,234,249
339,192,197,195,213
413,349,43,44,45
298,363,46,43,46
308,47,37,35,37
1155,313,237,232,249
184,362,41,44,42
665,111,45,45,49
280,461,108,105,76
213,113,33,38,42
545,287,43,43,46
740,103,48,44,49
894,85,44,48,51
778,46,51,47,53
1090,352,250,247,255
621,374,40,44,45
942,194,46,48,49
483,14,80,61,46
744,301,44,45,45
387,233,211,212,235
56,84,190,186,206
0,61,23,23,22
492,275,45,49,52
845,402,40,47,49
925,353,48,46,52
888,489,181,163,112
143,36,132,115,133
581,20,74,66,60
230,409,44,45,47
996,284,47,48,51
47,252,31,30,31
316,302,42,45,47
877,259,240,239,255
1103,28,240,238,255
182,311,41,38,39
815,140,44,47,49
741,327,44,45,49
541,296,46,42,48
995,251,51,46,52
644,275,45,45,47
914,321,42,47,51
914,119,46,48,52
1136,17,231,229,246
1178,451,237,234,253
986,359,45,47,49
144,251,210,207,232
614,365,44,42,46
216,5,171,156,179
39,460,51,49,53
517,74,36,31,31
1017,387,44,48,51
1123,309,228,227,243
280,280,40,44,46
266,438,60,60,53
805,200,48,47,50
909,116,42,48,51
526,248,226,224,246
622,97,48,46,48
661,200,241,236,255
443,65,39,38,43
681,222,232,235,255
126,356,40,39,41
392,362,42,43,47
199,261,202,202,221
506,81,35,38,40
914,241,238,237,255
166,230,65,60,63
740,181,48,49,51
644,351,41,43,46
1038,275,232,237,234
12,340,48,41,46
204,488,46,48,51
1048,258,48,51,53
473,457,182,185,201
477,421,43,44,48
255,415,44,44,45
191,157,37,33,37
347,227,205,204,226
588,318,49,46,46
999,100,49,47,52
750,461,68,64,55
14,209,28,30,30
1183,297,239,237,254
525,185,222,223,245
436,87,40,40,41
355,259,211,211,232
796,267,237,238,255
1100,217,243,242,255
594,438,43,44,47
926,227,50,50,52
518,436,158,158,176
628,194,236,234,255
280,110,33,27,28
439,444,25,22,23
196,259,201,199,224
584,292,48,45,51
194,35,196,176,200
1031,95,46,50,52
434,77,38,40,40
90,92,154,24,33
923,295,50,44,51
434,125,41,41,46
1071,399,52,53,58
1164,436,234,233,249
684,492,117,88,62
389,115,36,33,35
25,256,37,29,31
1041,375,50,49,53
581,94,44,44,48
358,221,207,205,222
264,372,41,44,44
783,200,49,48,53
99,498,49,47,50
986,82,61,56,58
539,71,45,44,47
761,202,133,124,140
759,84,49,48,49
183,150,38,36,41
135,490,51,48,56
491,302,48,44,49
934,288,49,46,50
813,171,49,46,49
800,204,49,52,56
799,188,45,47,51
885,292,45,46,50
1137,363,232,230,247
824,79,49,47,54
131,21,37,32,38
162,84,160,150,172
38,432,50,48,52
1169,323,236,232,249
446,311,41,44,49
84,431,44,49,48
982,165,45,48,53
902,305,44,47,50
344,399,45,44,45
1142,428,230,227,245
638,331,43,44,44
1192,189,238,238,253
717,5,104,65,61
408,334,43,44,46
555,217,231,229,255
437,444,24,22,25
450,6,34,31,35
396,420,44,44,46
737,159,45,45,51
668,77,46,47,50
794,301,47,47,49
156,470,125,119,104
35,238,32,28,31
841,274,45,49,51
586,327,41,43,46
655,394,56,49,81
540,377,43,40,45
616,348,45,43,46
476,221,141,142,154
610,163,45,45,46
719,307,46,42,50
126,64,160,142,165
658,337,43,43,47
921,48,99,94,88
574,382,38,42,44
12,306,38,38,41
466,430,132,132,121
914,476,44,52,54
165,185,193,191,212
216,205,184,180,195
182,451,52,49,52
964,376,47,47,52
166,459,53,50,52
690,28,48,50,52
368,334,43,43,45
305,276,41,42,47
91,174,205,196,216
707,28,92,68,56
884,321,47,46,47
1092,383,250,250,255
434,203,216,220,242
1084,23,61,61,68
92,134,158,30,36
1165,110,237,234,254
1002,348,48,48,51
530,319,39,43,45
908,307,47,46,49
879,390,46,47,51
471,421,45,44,48
227,80,115,115,131
665,59,45,46,49
1092,386,250,249,255
344,158,35,38,34
201,89,133,141,157
23,471,49,46,48
200,446,44,48,49
574,7,94,81,60
159,58,133,119,137
632,239,46,49,53
762,339,45,44,47
301,240,198,196,217
1024,351,48,47,52
265,63,46,48,53
206,89,109,113,127
630,260,43,45,48
950,326,44,47,48
463,271,228,228,249
837,266,51,50,58
289,358,44,44,47
537,41,43,43,46
918,7,126,81,64
189,238,195,194,216
948,461,48,48,53
846,27,88,87,81
737,305,44,47,47
559,172,45,45,49
568,286,44,42,48
50,287,32,29,32
133,294,38,34,35
970,212,44,48,51
796,202,47,49,51
839,184,44,47,50
694,72,50,45,48
603,190,235,232,255
870,61,99,82,63
507,202,213,212,234
1172,491,235,232,250
996,411,48,47,50
460,263,238,238,255
1157,468,233,231,248
30,127,152,27,35
797,372,44,46,48
12,459,48,48,49
79,76,146,24,36
1020,309,48,47,53
1103,68,236,235,253
701,34,51,51,52
647,128,44,45,48
15,24,223,223,247
752,57,47,46,51
1072,464,242,240,255
648,109,46,47,48
753,332,44,45,49
371,13,41,33,32
141,269,213,210,233
909,109,45,46,51
152,387,42,42,46
702,295,46,45,49
429,271,233,230,253
145,134,159,157,180
428,251,60,55,63
488,259,215,212,233
427,246,215,220,235
362,322,42,43,45
154,101,194,187,204
521,265,223,223,243
388,311,45,44,47
528,306,44,42,46
803,60,48,46,51
583,63,41,43,48
47,451,48,48,51
1022,420,47,48,49
313,333,40,44,45
350,483,59,62,54
337,306,41,45,46
622,17,50,49,52
462,58,39,41,43
436,278,49,51,54
878,38,103,96,93
830,449,47,45,49
1188,488,236,235,251
470,239,222,221,243
257,17,36,32,34
355,33,39,31,31
975,63,93,77,65
631,133,46,46,48
1163,492,233,232,250
247,81,49,48,53
981,15,108,81,62
324,472,129,122,129
873,287,49,48,51
225,71,109,109,124
995,155,45,48,52
131,67,158,141,164
1073,455,205,199,206
661,55,46,44,46
317,486,104,108,115
999,395,47,47,50
1039,89,63,62,59
1166,154,237,234,250
1081,389,250,249,255
954,457,50,43,58
82,339,38,37,39
686,385,45,44,45
471,472,181,183,198
146,468,49,47,50
457,200,228,226,246
734,408,47,46,47
801,232,238,238,255
852,200,45,49,52
311,84,29,25,27
469,26,90,68,50
736,264,54,54,58
588,452,132,121,129
1085,311,59,59,64
616,377,42,43,46
914,236,238,237,255
547,285,49,45,50
52,161,167,28,38
307,395,42,42,45
482,1,50,42,41
154,136,125,126,143
1153,301,233,230,247
1014,279,48,45,51
212,435,49,47,49
835,182,49,47,51
313,23,45,44,49
581,116,43,45,47
1182,154,238,237,254
1187,230,238,234,253
440,247,222,221,246
1090,36,254,255,255
399,156,47,41,45
1141,287,231,228,244
879,464,49,46,50
386,322,42,46,47
978,107,47,48,50
1127,226,228,227,242
481,325,48,45,51
1116,426,232,231,248
1090,286,235,232,221
350,215,189,192,206
61,432,90,81,62
140,212,196,191,216
464,281,59,59,67
470,176,44,46,48
1162,402,234,232,247
800,215,242,239,255
978,98,46,47,53
453,271,234,233,255
796,464,50,47,55
924,456,52,48,53
988,416,44,46,50
753,446,44,46,50
227,300,40,40,47
335,136,33,32,33
386,494,84,75,57
955,174,43,48,50
243,137,33,26,29
274,200,187,182,204
1079,435,214,216,248
1089,348,250,251,225
358,157,38,38,42
379,74,31,27,31
215,444,49,50,55
1178,346,237,234,253
446,175,43,45,49
951,3,122,85,66
805,268,233,236,255
937,140,48,47,49
867,493,99,95,65
735,7,50,49,50
79,304,37,29,33
413,293,44,41,46
296,357,47,41,46
579,19,93,77,64
823,362,45,46,47
145,237,198,192,207
264,293,43,42,46
897,417,50,48,51
560,244,230,233,255
481,170,42,45,49
397,333,43,42,47
656,489,97,74,56
816,74,46,48,50
573,467,116,110,96
533,11,81,59,47
1132,66,231,227,243
1133,201,232,228,241
606,346,46,42,47
166,420,46,46,49
547,462,149,147,156
164,457,48,48,52
918,330,47,46,50
342,427,45,43,46
406,196,210,209,231
1127,147,234,228,248
890,431,49,43,58
1032,399,50,48,53
456,368,27,23,23
714,135,45,46,48
508,121,40,38,41
662,31,49,49,50
280,241,52,51,54
306,485,96,93,98
924,177,47,45,48
429,400,47,44,46
304,269,50,47,51
611,281,46,43,49
59,84,171,172,180
957,201,42,48,48
596,122,47,47,50
696,135,45,48,49
646,290,45,43,48
1167,376,239,234,250
752,413,46,46,50
362,23,42,32,32
719,185,188,183,203
836,447,49,46,51
414,32,34,32,29
634,102,45,46,49
878,334,47,47,53
925,419,45,45,48
1142,450,228,228,244
996,186,43,49,50
373,428,46,44,46
650,466,66,59,57
108,144,197,182,204
703,479,125,106,75
1036,418,52,48,54
212,52,196,187,209
986,214,46,46,49
939,133,47,47,50
783,468,168,163,165
308,489,51,49,55
795,451,45,47,52
315,376,41,44,44
451,218,166,163,181
106,237,204,200,224
1054,20,94,75,60
726,430,43,44,47
159,319,36,37,40
254,337,46,45,48
733,436,50,44,49
765,266,182,183,215
204,66,37,29,30
578,491,158,154,139
532,415,42,43,46
239,484,65,62,51
648,22,48,49,52
344,37,40,29,28
1118,198,234,230,249
213,77,112,112,130
31,12,225,222,246
70,225,186,191,209
431,39,36,35,37
406,209,213,211,233
81,190,41,29,38
438,333,42,46,48
158,377,41,43,45
783,163,47,46,50
479,480,95,91,68
1006,313,49,49,53
76,184,75,54,96
975,121,47,48,53
85,374,37,40,42
15,164,174,31,36
695,76,45,45,47
869,365,43,48,48
949,434,49,46,60
292,191,190,185,206
582,122,42,44,46
903,185,45,49,51
126,405,43,44,48
724,24,54,52,54
866,452,47,49,49
422,299,43,45,46
201,431,45,48,49
812,126,46,47,49
601,153,45,43,48
819,226,241,239,255
693,224,238,237,255
1094,150,249,250,253
676,3,50,51,53
877,420,49,48,53
98,110,158,56,86
663,359,44,44,47
668,241,47,49,53
960,200,47,48,52
860,17,93,92,89
1143,341,232,229,247
941,412,45,46,50
240,392,42,42,44
783,286,48,49,54
11,176,109,104,114
1040,362,48,50,53
705,312,45,45,49
541,164,39,45,48
774,125,46,46,50
1100,405,243,242,255
451,352,64,64,65
778,341,44,45,48
630,197,239,235,255
662,85,44,44,47
939,45,100,74,62
426,352,46,44,48
274,359,40,44,44
380,399,43,42,46
606,356,44,44,45
822,202,49,49,53
795,304,46,46,50
654,309,46,48,49
975,87,43,49,51
1011,437,47,45,51
1041,97,47,49,53
195,476,45,46,47
814,20,54,54,54
20,335,42,41,45
250,163,155,149,162
490,348,43,42,47
608,465,110,105,99
1073,497,248,246,255
311,492,46,46,50
239,382,45,43,47
905,51,98,98,94
1159,114,237,232,248
714,33,178,122,73
784,36,52,49,53
492,332,45,42,46
1150,37,235,233,250
748,350,42,43,46
694,241,157,161,191
806,266,212,214,252
240,73,48,36,60
931,362,48,46,52
504,160,45,48,49
480,330,43,45,49
110,483,51,49,51
931,303,44,44,50
944,480,48,47,49
671,206,243,238,255
651,266,45,43,48
229,32,44,32,39
623,251,79,68,106
583,161,43,44,48
659,308,46,47,49
326,480,118,115,126
672,404,44,44,44
61,156,164,35,42
1132,135,227,228,243
595,196,236,232,255
90,384,41,44,43
468,327,52,48,54
71,76,31,29,32
726,183,55,54,56
213,319,45,42,45
13,319,42,37,39
490,89,44,43,45
233,372,40,41,47
578,308,46,43,46
497,305,46,45,49
849,460,46,47,52
207,420,44,43,48
345,476,77,73,66
664,52,49,44,49
764,127,46,46,51
716,68,45,46,51
1181,244,240,237,252
193,101,115,115,130
85,137,160,32,37
870,292,48,46,50
1081,79,54,57,61
417,365,42,41,46
714,229,70,66,81
768,310,42,46,48
510,309,42,44,45
568,363,39,44,47
890,425,140,159,142
452,52,36,37,39
987,408,43,46,49
729,33,55,51,51
473,95,44,42,45
418,415,44,45,46
586,311,39,44,47
751,341,46,45,48
1020,497,53,47,55
113,405,42,44,47
678,62,45,45,49
1142,327,227,229,244
100,350,36,37,39
38,311,36,35,37
462,449,178,183,202
967,364,47,47,50
257,411,49,42,49
414,289,46,44,50
742,150,43,48,49
733,94,44,44,49
224,234,170,171,186
78,475,94,81,79
353,114,33,32,31
139,149,225,223,242
641,497,146,143,154
806,176,46,46,51
231,130,32,26,32
345,248,184,179,196
52,233,31,31,32
955,234,47,46,50
1199,134,239,236,254
692,489,123,95,70
405,293,41,45,48
1197,139,239,236,255
970,461,51,49,52
966,87,51,48,52
1015,330,46,48,51
680,458,108,78,54
337,395,45,41,45
998,65,64,58,56
545,417,36,42,45
438,484,164,163,171
582,343,44,44,48
416,470,136,127,129
405,499,81,71,64
383,364,43,43,47
257,106,35,29,31
14,39,64,63,68
321,301,42,44,42
1182,291,239,237,253
1047,272,54,51,53
630,283,40,44,46
750,242,244,239,255
1001,295,48,46,51
464,252,60,59,70
1036,125,46,48,53
790,132,44,49,50
866,234,242,239,255
942,257,47,48,51
410,140,41,42,45
1047,283,100,84,115
225,123,33,31,32
1011,245,47,47,52
581,390,46,44,47
634,195,237,234,255
1103,171,240,239,255
416,298,44,46,48
424,74,37,36,37
739,444,49,44,51
1160,315,237,234,248
1047,364,46,49,52
468,306,25,24,26
563,225,207,205,214
1020,362,45,46,49
259,146,32,27,32
209,36,164,35,43
186,4,154,28,37
1158,388,233,231,248
1197,122,240,237,253
363,384,43,43,44
652,398,43,43,45
811,168,43,46,50
766,54,48,47,53
6,133,160,24,34
697,198,241,238,255
43,157,166,30,38
799,77,45,47,52
1008,168,51,48,53
1157,27,236,235,250
654,411,46,45,51
1125,249,232,227,245
1160,213,236,235,249
958,249,49,48,49
1127,449,228,225,244
994,338,46,43,50
1139,494,231,226,243
920,414,47,45,51
713,453,45,45,48
556,240,232,229,253
622,393,42,43,44
198,228,190,188,208
506,365,41,42,44
546,73,40,43,47
718,483,159,147,161
254,415,44,46,46
268,258,195,193,213
227,75,106,112,127
992,104,44,47,54
698,372,42,47,48
788,290,49,45,51
35,15,225,223,246
933,163,48,49,50
417,403,44,45,50
789,262,241,240,255
626,261,44,46,47
896,148,49,47,51
300,202,50,45,52
201,325,42,42,46
376,103,30,32,31
1107,456,230,229,246
463,38,65,52,45
826,168,48,48,51
188,163,33,33,36
1130,499,227,225,239
55,135,155,27,33
596,417,45,45,46
162,325,37,37,43
997,230,46,49,50
933,67,91,88,81
815,197,53,48,52
708,411,44,44,47
272,6,199,189,211
504,226,216,217,239
386,14,34,27,30
653,112,44,45,47
30,420,59,62,56
706,168,45,47,48
784,47,50,50,54
300,456,87,84,59
511,9,80,61,51
344,87,27,25,29
1120,140,232,229,243
789,331,46,46,51
160,347,39,39,43
288,120,28,26,28
804,54,49,49,51
617,429,41,44,44
128,193,169,180,200
124,463,44,47,48
1111,149,235,233,251
809,132,44,47,48
1166,83,239,235,251
1062,176,50,51,53
744,169,41,47,50
907,102,49,46,51
870,257,79,65,135
295,128,37,27,31
946,458,47,47,51
429,283,47,46,49
798,255,239,237,255
450,409,37,36,40
375,329,41,46,46
893,50,101,96,92
593,229,234,235,255
63,50,116,108,112
1090,53,67,66,71
254,357,39,43,45
420,372,41,44,48
511,170,47,45,47
1118,202,233,229,249
541,433,51,45,45
613,3,50,49,51
598,209,59,57,61
421,237,96,92,115
412,414,38,43,44
1034,5,106,80,65
440,253,122,116,132
1003,460,48,49,52
625,334,46,43,49
343,279,47,45,47
844,438,42,47,48
1141,220,231,228,243
685,78,42,47,49
36,347,41,39,42
279,123,30,23,29
189,484,47,49,51
355,114,35,30,32
545,199,227,225,247
881,43,102,97,95
595,206,223,221,250
551,33,41,42,47
908,313,47,44,49
623,365,42,45,45
401,483,94,92,92
881,384,43,45,45
2,325,41,40,43
393,346,45,44,46
1059,378,48,48,52
13,340,44,41,46
28,24,231,225,248
70,434,47,50,53
1115,368,235,233,248
403,97,40,37,37
294,231,69,54,83
674,493,108,83,57
1106,470,233,233,249
976,383,46,47,51
830,418,163,166,137
426,346,40,41,46
726,320,45,44,50
853,324,43,48,49
1010,337,44,47,51
1011,225,49,46,53
425,496,71,70,81
792,451,48,47,49
1172,128,239,234,252
815,81,45,49,50
321,408,41,43,47
692,207,238,238,255
511,55,65,64,66
412,130,40,40,45
1020,189,47,50,52
1026,105,51,49,52
1153,343,236,234,250
1133,313,232,228,245
78,80,148,25,31
312,18,44,44,46
286,265,202,205,227
366,261,212,212,233
153,228,196,196,216
10,277,34,31,31
653,392,125,129,96
45,499,92,86,84
22,91,117,94,81
642,256,45,47,52
228,384,44,43,47
129,81,147,132,152
494,232,59,61,63
699,367,44,45,46
902,57,105,98,96
69,220,201,198,222
1106,10,240,238,255
6,477,47,48,51
579,34,42,45,47
929,402,49,44,49
473,324,51,54,56
895,43,108,106,103
388,442,195,199,219
18,202,25,23,25
736,496,115,109,97
429,110,39,40,42
692,198,240,238,255
521,71,45,44,46
989,80,62,59,57
1005,101,48,49,53
1166,407,237,233,252
294,441,55,55,51
405,190,212,208,232
422,373,45,44,46
517,235,60,57,61
431,341,45,46,45
7,489,52,51,50
1130,204,230,228,244
535,59,49,43,48
494,378,45,43,41
859,365,46,47,50
1132,233,230,230,244
22,233,34,25,28
776,305,43,46,47
746,337,44,45,49
79,211,209,207,232
411,203,102,114,134
823,469,51,49,54
196,251,202,198,218
501,83,47,42,45
786,414,51,48,54
883,202,48,46,51
543,5,86,74,54
112,420,54,49,51
481,448,175,181,199
747,374,48,46,46
531,295,46,46,46
1163,11,238,235,251
613,87,43,44,46
915,144,49,48,53
447,401,27,25,29
1034,327,48,47,51
81,275,35,34,37
661,370,44,44,49
227,449,49,47,49
820,180,56,51,54
161,309,37,37,40
547,425,43,42,45
320,470,114,110,115
1069,122,50,51,56
620,163,49,48,49
939,377,47,44,48
781,414,47,44,57
583,76,43,44,48
328,459,85,83,63
1005,410,48,48,53
404,13,32,26,24
140,268,213,210,234
859,364,47,47,50
602,284,44,43,46
87,449,49,47,51
1177,416,237,234,247
705,165,45,46,51
51,4,227,224,248
396,339,41,42,48
544,204,216,216,238
1115,100,229,231,247
665,88,50,44,50
1191,311,242,236,254
589,230,235,235,255
639,446,153,153,147
27,28,228,224,250
709,65,43,45,48
869,39,99,93,91
44,80,184,180,203
587,117,47,44,47
344,213,197,195,215
409,94,37,38,40
619,479,177,174,184
298,204,106,96,111
697,146,46,45,47
778,43,50,49,50
790,487,165,157,172
750,66,47,46,50
916,370,48,44,50
479,421,43,41,43
951,391,45,45,49
1084,30,249,251,255
513,155,47,46,51
1177,345,240,235,253
523,68,47,42,47
328,403,43,43,44
1158,107,234,233,249
939,228,50,47,53
65,196,42,34,33
207,450,45,47,52
212,413,44,45,47
321,12,43,42,50
1018,30,92,76,62
1009,351,43,48,51
1118,307,227,227,246
787,271,240,240,255
163,346,41,40,45
550,234,225,227,251
231,414,43,43,48
716,73,48,46,49
902,293,45,44,51
365,332,45,43,46
835,267,48,48,51
1072,411,53,52,55
1048,143,51,49,52
1096,472,235,232,249
30,333,43,41,41
924,45,110,104,99
94,236,210,210,235
1155,440,233,230,247
468,357,48,48,51
56,204,73,70,82
110,40,194,193,215
843,120,48,48,51
1027,254,49,49,53
906,242,241,237,255
482,116,45,43,46
919,283,45,45,50
787,21,52,51,52
82,297,35,31,35
1034,123,52,48,55
3,484,50,46,49
739,299,44,44,48
704,295,45,47,48
76,47,120,110,119
812,84,46,49,49
296,185,186,183,204
847,68,47,47,52
333,97,31,24,27
775,389,44,46,48
53,21,61,59,65
845,241,95,84,72
620,419,44,44,46
66,428,67,67,58
0,198,31,29,31
603,457,160,164,184
499,231,59,58,67
55,470,50,47,51
91,380,41,42,44
725,278,48,46,50
667,32,48,47,52
554,455,141,138,142
347,75,34,26,28
311,52,34,30,30
74,377,41,42,43
280,354,45,43,46
496,1,71,61,57
432,221,221,220,245
875,71,49,49,53
166,126,115,120,134
447,423,40,43,46
93,423,61,61,55
472,394,44,43,46
189,21,157,30,40
675,366,42,45,46
80,118,156,20,31
702,158,47,46,52
653,291,43,42,47
545,30,45,43,47
416,293,42,43,49
770,92,49,46,47
1031,363,49,48,53
540,222,229,226,249
1120,470,231,230,244
154,20,153,135,160
319,383,41,44,45
291,65,38,31,34
594,290,43,44,49
1003,83,74,67,60
85,13,96,91,105
399,115,36,38,40
302,366,43,43,47
609,314,40,44,44
560,193,227,229,254
994,455,57,40,86
22,351,43,39,46
332,236,199,199,221
836,214,206,205,221
345,484,61,58,56
530,338,40,43,47
879,273,52,49,53
1080,24,132,142,155
17,435,52,49,54
182,256,204,200,221
1018,23,99,78,61
710,186,237,235,254
986,235,48,47,51
721,237,241,241,255
961,478,46,48,50
1113,91,231,230,248
376,5,43,32,26
904,311,49,47,52
870,96,45,46,51
265,272,45,44,46
874,387,48,45,48
30,100,30,30,25
55,286,33,31,33
1114,387,234,230,249
134,324,36,34,37
250,29,204,194,218
981,444,138,142,163
245,464,72,67,53
598,96,45,45,48
1,463,51,51,53
683,463,107,81,59
980,94,46,50,52
434,423,51,52,53
985,74,75,67,59
671,387,69,62,46
438,437,30,33,35
176,38,171,158,181
367,160,38,40,42
1095,137,243,238,255
538,344,46,40,46
1057,118,51,52,49
479,267,192,192,207
1156,29,236,235,252
391,287,44,43,46
876,292,49,49,51
599,187,237,232,254
65,483,59,56,51
804,14,52,51,53
48,156,164,30,36
147,265,213,209,233
152,62,141,125,144
670,21,48,50,50
297,69,32,28,30
945,204,47,49,50
990,338,45,47,50
437,195,223,220,244
892,26,75,70,71
248,466,73,69,55
739,434,44,45,47
388,67,28,28,28
1027,125,48,47,53
1167,497,234,231,249
670,409,43,44,47
514,160,48,45,49
394,366,45,43,44
467,296,20,20,18
716,136,48,45,48
1149,492,229,229,243
397,76,31,29,34
730,393,47,46,52
608,320,42,45,46
30,77,115,107,117
813,156,46,47,50
1046,374,45,48,55
778,15,52,49,53
61,282,40,33,35
612,177,48,47,52
183,241,62,53,77
429,132,39,42,47
748,217,237,236,254
51,77,35,32,34
883,271,54,51,63
920,63,81,73,64
744,111,45,46,48
137,288,38,34,36
867,307,47,46,50
912,481,48,48,53
1121,407,233,229,246
759,272,48,47,52
1133,404,231,229,244
813,275,47,48,52
1160,316,238,232,249
426,16,37,29,32
526,134,48,44,51
1016,275,45,48,49
426,205,222,223,246
766,318,45,46,50
667,209,233,234,250
1094,265,236,235,255
882,483,163,158,123
573,3,52,49,51
810,50,49,52,53
394,68,35,28,30
692,292,44,48,51
107,390,44,42,45
322,90,31,26,27
1116,55,231,229,244
370,150,39,38,40
494,161,15,15,20
591,161,45,45,47
643,119,44,45,45
1150,339,228,229,244
436,98,42,40,40
548,346,44,42,44
435,456,23,23,23
486,148,45,45,49
1111,51,232,231,247
435,370,40,45,47
524,157,47,46,47
403,104,37,37,40
1183,119,240,238,254
880,489,175,160,113
441,304,44,44,47
357,210,199,199,219
774,490,151,146,154
1064,401,49,50,55
1073,496,247,244,255
353,226,177,176,199
445,288,47,52,55
173,440,48,50,44
449,270,236,234,255
443,343,45,45,49
617,435,43,45,46
216,320,40,42,45
1127,483,230,226,245
1172,111,239,235,254
599,14,50,48,50
347,447,71,69,53
381,108,31,33,34
113,479,45,47,50
587,188,235,232,255
99,275,39,34,36
677,314,44,46,49
336,237,202,202,221
450,70,39,41,44
15,235,37,28,31
1113,81,234,228,247
737,387,46,46,46
566,176,54,50,54
1125,28,230,229,246
1046,11,74,65,59
674,100,44,47,49
657,476,91,66,56
501,138,34,34,36
620,324,44,46,50
1166,299,237,233,250
952,115,49,47,51
925,214,47,47,51
457,292,48,49,53
1108,456,230,230,247
719,423,45,44,46
457,373,41,39,43
907,147,48,45,50
476,302,55,54,58
921,252,49,51,53
70,158,163,30,40
902,433,49,48,52
828,200,52,49,55
876,279,46,48,50
253,79,44,47,51
657,420,47,45,46
614,5,51,49,51
820,344,43,46,50
664,291,43,42,49
153,121,41,32,37
872,334,48,44,49
399,260,223,221,244
922,410,45,46,50
179,242,123,105,120
608,206,63,57,61
77,94,152,26,32
147,136,124,126,149
116,287,40,34,40
1141,6,226,223,238
731,476,155,149,164
163,355,42,40,45
682,101,45,46,50
108,179,241,242,255
97,455,47,48,49
1029,267,50,50,54
212,353,40,42,45
703,194,237,234,255
749,173,42,46,50
1095,6,220,223,254
216,333,41,42,45
840,316,45,46,52
168,257,210,204,226
726,9,49,50,52
860,479,146,138,85
735,140,49,46,51
440,36,40,37,36
820,457,51,48,49
217,455,47,47,50
1176,78,238,236,252
105,293,40,32,37
797,470,163,161,159
539,184,228,225,249
342,0,89,82,91
1038,280,236,239,244
122,386,44,41,44
680,354,41,42,45
1168,117,241,236,254
611,118,44,43,47
942,129,48,48,50
291,237,191,189,209
28,423,50,51,51
733,247,240,237,255
90,141,159,29,35
1181,87,241,237,252
280,346,45,42,48
731,149,41,47,49
747,251,240,239,255
941,77,48,48,50
499,200,174,172,201
293,295,41,45,47
377,11,39,34,28
733,50,46,47,51
19,192,103,101,104
248,112,31,31,35
891,212,48,49,55
548,445,148,141,146
633,293,43,43,48
1042,440,47,49,50
249,109,35,32,32
738,196,241,240,255
555,455,145,137,142
527,75,44,45,44
503,315,43,46,46
935,57,109,103,97
813,483,163,161,177
741,310,43,45,47
678,68,43,46,47
222,197,178,171,192
361,456,61,53,52
796,403,48,47,50
344,466,89,83,74
352,398,46,43,45
387,112,34,35,37
1181,97,238,235,251
1086,379,72,81,76
78,294,36,32,34
1148,123,240,233,247
797,61,47,47,51
115,287,37,35,38
487,328,45,44,46
804,282,45,46,48
152,32,165,146,168
178,39,179,161,185
560,12,93,79,59
266,449,53,58,53
1092,437,237,237,254
647,2,49,48,52
862,486,159,145,96
284,59,40,40,44
652,433,45,43,46
513,204,68,63,87
732,15,50,49,50
673,249,45,46,49
1123,376,232,231,247
1056,185,46,49,53
517,454,129,121,133
905,299,50,48,50
343,455,78,73,54
26,292,38,34,37
1010,380,47,47,51
1124,237,230,229,244
940,392,44,45,51
300,410,41,42,46
121,411,46,44,47
374,272,47,48,54
823,330,45,47,51
806,234,127,124,184
72,327,38,35,36
220,56,198,189,211
979,392,48,46,53
243,319,43,42,45
895,437,64,71,64
586,398,42,45,46
585,397,43,42,48
154,314,34,35,37
37,188,127,121,131
1144,395,235,230,247
1102,321,238,235,255
848,299,44,46,50
126,471,46,47,49
318,51,32,28,29
1047,232,50,49,52
403,295,46,43,50
1143,318,231,229,246
246,191,190,186,204
260,412,40,44,46
1147,389,230,230,246
1075,190,146,141,97
720,157,46,44,50
628,202,235,233,255
799,146,47,47,49
670,204,238,233,255
400,238,54,55,58
947,14,121,82,67
84,262,51,43,70
1122,477,227,223,243
746,125,45,45,49
508,140,45,46,51
573,410,45,42,43
309,428,62,63,52
422,20,37,29,34
774,258,242,240,255
32,488,63,57,53
147,64,150,137,158
696,227,237,236,255
887,412,46,44,48
541,377,42,44,44
490,452,149,150,164
1127,316,232,229,245
119,196,218,219,248
89,329,38,34,34
856,155,45,47,49
33,71,112,100,110
110,344,37,36,39
103,126,162,28,38
473,336,46,50,53
148,52,127,113,130
1078,91,228,227,210
1131,205,229,225,246
180,167,41,37,44
538,52,43,43,47
670,174,48,50,52
860,377,53,52,57
296,17,149,151,171
179,19,154,29,45
504,186,213,212,234
1031,202,47,50,51
753,9,49,50,52
1025,192,48,47,51
291,290,43,43,48
995,353,47,47,50
656,200,242,238,255
772,342,47,47,51
817,200,46,48,52
521,334,45,42,43
881,493,177,162,117
1127,170,231,228,245
255,290,40,42,46
355,366,44,44,47
45,294,37,31,33
305,366,45,41,48
166,442,49,48,51
926,455,51,48,53
788,147,39,48,49
803,130,45,46,49
760,204,239,237,254
922,150,46,48,51
564,139,45,43,45
361,74,26,24,27
58,428,71,62,51
604,98,44,46,48
804,247,242,238,255
549,117,47,44,49
954,42,105,80,62
9,135,162,23,35
889,86,47,48,51
869,91,47,47,49
448,244,225,226,244
1194,72,242,236,251
1068,480,47,53,56
372,406,43,45,45
951,51,69,61,60
445,261,233,232,255
328,90,31,27,28
74,259,44,37,43
95,399,45,46,47
1149,340,239,234,250
718,449,48,45,49
760,179,46,47,49
724,481,153,147,161
550,184,227,226,248
714,167,47,48,50
901,398,48,44,49
133,324,35,34,34
613,284,41,44,47
590,463,120,112,97
148,273,214,211,236
356,37,39,33,27
100,457,50,48,52
247,334,35,44,49
1135,113,229,228,247
665,160,45,46,48
276,81,38,31,36
568,271,54,49,58
379,83,31,29,29
253,320,40,42,45
547,424,47,42,45
142,326,32,34,40
411,13,37,28,27
745,48,45,47,51
168,201,190,188,203
517,398,40,43,45
769,474,158,155,172
365,39,33,25,28
912,60,80,76,71
443,417,18,13,13
244,250,197,195,215
373,151,37,39,42
841,13,96,94,89
442,134,41,43,44
107,405,45,43,48
839,248,58,54,71
55,155,177,102,134
226,436,48,46,49
32,97,34,27,31
156,168,70,68,81
873,98,48,48,51
177,426,55,59,53
804,112,44,49,50
1012,397,47,48,51
1033,165,51,49,55
125,493,50,47,50
430,179,50,45,51
1099,281,240,236,255
759,169,48,45,50
754,462,80,76,56
1197,158,237,235,253
623,193,241,236,255
236,438,52,52,52
660,292,46,45,47
764,232,58,61,61
813,74,47,46,50
25,291,30,32,35
1029,128,49,48,52
1031,183,52,46,53
925,285,49,46,49
273,32,183,188,202
250,99,39,32,38
97,243,220,216,240
723,24,60,54,55
339,141,31,31,34
770,469,160,158,161
723,193,240,237,255
480,341,42,42,47
1148,155,234,231,246
636,168,48,47,50
14,481,49,49,51
573,389,43,41,46
666,306,42,46,50
202,435,48,46,48
63,135,154,30,40
304,467,129,120,98
656,425,43,44,47
1021,327,45,45,50
5,376,45,44,48
203,379,41,43,44
613,85,43,44,48
930,222,42,49,50
1000,345,49,48,51
417,237,220,221,244
556,80,44,42,45
1191,97,239,236,252
487,95,40,43,46
698,72,46,46,46
381,470,71,60,53
362,21,40,32,32
628,117,49,46,49
676,377,44,43,48
741,395,42,47,48
33,106,41,31,36
823,218,240,239,255
330,213,73,61,75
1126,20,227,227,245
1061,201,51,51,55
290,337,38,44,47
1060,443,47,49,53
670,359,44,46,47
486,168,48,47,51
266,171,189,186,205
8,22,224,222,247
141,337,32,37,39
589,123,46,45,49
27,192,81,85,87
230,66,173,173,195
871,346,46,46,50
638,106,47,45,48
331,222,201,200,218
694,49,44,44,48
369,403,40,45,47
1048,66,109,95,76
681,290,45,46,48
132,152,142,139,162
1170,422,237,235,251
634,374,41,45,44
325,80,32,24,28
1176,469,233,233,248
184,117,209,214,232
939,67,97,91,85
1110,126,234,231,251
237,444,49,49,49
428,456,150,134,95
1192,248,238,235,253
92,337,36,35,39
900,377,45,46,48
106,269,40,37,36
1015,108,48,48,50
258,292,39,45,47
855,17,95,90,85
25,115,149,21,29
1020,171,49,49,53
885,0,93,85,71
30,191,70,64,67
781,413,57,55,82
84,116,156,26,40
1135,38,230,226,245
125,482,48,50,52
825,306,46,46,49
484,117,38,44,45
839,313,47,47,53
500,367,41,42,44
125,391,40,42,45
1157,33,238,235,251
1163,228,236,236,253
61,365,42,42,44
141,297,35,33,34
282,286,43,43,47
971,280,50,49,53
594,205,235,234,255
482,311,50,46,49
979,270,46,46,51
985,136,47,47,52
364,126,33,35,36
452,125,48,40,48
47,353,42,40,40
1071,28,107,101,99
749,101,47,48,47
623,375,44,44,48
251,381,44,42,47
292,314,42,42,45
877,385,43,49,52
454,71,42,41,43
257,234,109,97,127
688,246,47,49,51
560,147,43,44,47
957,257,44,47,51
1094,66,238,239,255
344,334,39,43,45
748,0,49,50,53
113,136,40,25,32
328,142,34,32,32
852,228,244,240,255
328,50,34,25,28
569,387,46,44,44
565,57,44,45,46
477,38,83,62,49
1185,139,239,238,253
871,205,42,46,49
10,207,32,28,29
469,76,42,41,46
974,371,46,47,52
881,332,46,45,49
999,73,71,62,61
596,117,46,44,49
7,369,44,45,48
1187,21,238,236,252
605,389,42,41,43
641,435,43,46,45
277,175,182,179,202
665,60,45,45,50
675,347,45,44,46
148,257,210,208,231
1184,496,236,234,253
1086,99,218,220,231
846,94,49,46,52
971,133,47,46,52
1191,437,237,235,253
276,209,48,45,46
71,60,187,185,198
614,312,41,42,45
356,173,198,195,210
987,354,49,49,53
431,243,147,142,179
1067,169,49,51,54
1031,335,43,48,52
318,320,44,43,47
19,150,162,27,35
696,285,44,44,48
1182,128,237,236,251
684,116,46,45,49
231,378,42,43,44
881,221,215,216,236
12,163,173,33,38
1117,170,234,233,249
667,457,84,67,51
139,447,47,48,47
840,378,44,44,47
770,499,160,154,168
1005,51,110,81,66
612,365,42,43,46
628,220,237,235,255
556,30,42,43,44
1097,154,245,245,255
163,451,49,48,48
662,294,44,46,47
1122,37,228,229,248
309,374,44,43,44
387,181,54,50,51
586,425,45,43,46
280,357,40,44,44
698,331,47,47,48
1017,112,50,47,53
118,357,36,40,40
393,343,45,43,48
471,170,45,44,46
1168,181,237,236,252
111,413,47,45,47
260,186,188,185,204
641,138,45,46,49
915,113,47,47,51
1112,43,231,232,246
279,399,44,43,45
686,401,44,45,47
872,136,44,46,51
1060,271,57,54,56
905,316,46,46,49
448,276,206,205,239
501,340,42,42,42
823,120,47,47,49
600,94,46,45,47
1192,101,243,236,253
597,36,43,44,47
785,236,228,239,255
1076,486,52,53,58
56,164,167,30,37
804,204,54,50,55
545,315,43,44,47
566,245,234,230,255
740,69,48,45,49
876,368,45,45,49
15,300,37,37,37
146,479,48,49,51
313,152,37,34,33
569,190,232,231,253
812,352,48,46,51
651,418,41,42,45
423,224,229,224,247
1035,76,93,81,69
70,52,120,112,122
331,42,60,48,50
453,65,40,40,44
368,214,200,202,222
396,145,40,42,43
422,400,42,43,46
783,367,44,47,46
1163,127,234,235,250
1079,338,52,51,55
206,254,201,199,221
527,145,43,45,47
991,364,46,47,53
1196,113,241,237,254
396,463,139,143,155
731,133,44,46,48
913,175,47,49,49
1138,475,232,230,242
1109,229,236,232,248
740,34,50,50,52
365,53,33,27,26
777,442,46,47,50
1008,420,46,48,51
900,110,45,48,51
68,281,35,28,29
171,346,42,41,46
200,115,37,37,44
939,126,46,46,52
227,205,40,41,44
974,275,46,46,51
551,481,145,138,141
664,38,44,47,51
768,131,41,45,50
946,46,128,96,70
395,349,46,44,44
963,421,46,46,52
566,81,48,47,51
83,55,108,95,106
145,250,210,206,228
564,421,38,42,46
1162,262,236,237,251
765,325,42,46,50
836,432,45,46,49
731,196,241,237,255
684,3,49,46,51
946,60,93,93,96
43,277,37,28,32
1056,162,48,49,52
376,218,207,205,228
1054,365,51,50,53
1191,100,239,237,253
430,157,45,42,45
439,349,42,43,45
1124,406,235,232,248
1001,112,47,49,50
93,30,114,107,117
600,327,41,42,45
738,103,47,47,48
927,136,50,47,50
699,96,45,47,50
149,372,43,42,45
564,4,89,74,58
996,23,123,93,69
637,71,46,44,49
1008,97,50,49,52
25,45,64,63,67
45,89,194,189,213
108,32,189,186,207
607,125,45,45,48
195,335,40,43,42
62,416,72,70,59
910,159,47,47,51
1013,77,98,82,69
928,37,220,181,101
357,163,40,39,42
469,160,42,43,45
36,18,206,209,215
716,17,204,146,96
728,42,50,50,51
627,37,46,46,47
192,215,189,184,205
854,32,94,88,84
270,18,58,54,68
509,103,33,29,32
969,96,47,46,49
154,205,184,186,201
492,423,44,43,48
1094,312,238,238,255
1059,467,49,49,53
482,115,42,42,44
120,465,44,48,52
1063,0,102,79,63
1008,246,43,48,50
832,127,46,48,50
1102,341,239,238,254
349,153,34,37,38
354,352,43,45,48
674,279,47,46,51
602,113,43,45,49
324,169,43,39,43
1152,0,239,234,252
952,385,46,45,52
5,130,158,26,32
959,285,48,47,51
993,129,47,47,52
398,237,89,86,108
71,106,153,25,30
1006,122,46,48,50
979,388,51,45,50
956,456,96,99,73
416,414,40,42,47
666,387,48,45,50
300,215,190,188,208
281,224,188,189,207
751,16,48,50,52
485,323,43,44,47
183,459,50,49,49
923,499,179,161,121
332,354,44,44,49
1050,238,44,48,52
421,394,46,43,45
864,138,45,48,50
630,183,238,234,255
96,468,76,63,62
1065,70,68,60,60
904,287,48,47,49
1021,332,47,49,54
288,420,40,42,47
236,449,48,48,48
843,264,86,76,99
377,193,202,204,225
1149,217,236,233,250
1108,116,236,233,249
612,327,40,44,46
439,174,45,43,45
1030,497,50,47,53
677,101,44,44,47
705,471,134,114,93
95,346,36,36,39
1156,55,236,234,251
995,160,45,49,52
1109,203,237,235,252
1018,309,48,48,52
781,417,50,47,51
758,174,47,48,51
1156,310,234,232,251
691,360,45,45,49
22,121,149,24,30
511,5,92,69,52
720,245,240,238,255
649,387,142,154,183
1166,472,234,232,248
961,296,41,47,49
135,149,140,143,161
501,115,42,40,46
774,262,242,239,255
472,295,44,42,45
477,225,50,49,57
788,99,48,47,48
68,344,38,37,43
307,347,41,44,45
354,244,85,75,102
540,297,47,45,49
163,134,104,110,129
997,274,50,49,51
80,322,37,33,34
860,357,44,48,49
181,59,168,157,177
611,365,43,45,45
939,259,45,46,50
618,437,45,44,45
543,8,88,76,55
792,433,50,47,52
160,468,152,134,123
694,129,46,45,52
3,488,51,51,55
371,223,207,209,225
1078,110,55,56,60
679,187,238,236,255
276,49,41,44,45
909,9,185,129,80
141,361,39,42,43
439,262,232,233,255
920,202,47,47,49
303,329,44,45,47
1149,173,236,233,249
103,398,43,44,46
531,386,42,43,47
189,245,202,197,218
899,390,46,45,48
33,52,119,105,120
531,471,118,112,121
984,180,50,47,52
866,220,240,236,255
709,158,49,45,50
927,384,46,45,47
1022,66,104,93,82
920,154,46,49,51
691,363,45,42,46
417,449,128,117,125
770,84,48,45,51
620,494,108,104,90
802,346,44,45,48
237,71,190,196,214
163,463,53,48,51
236,278,203,202,227
1176,184,239,236,253
871,125,51,49,52
921,235,48,50,53
582,442,167,164,178
759,72,48,46,50
294,124,34,27,30
110,468,47,48,51
172,114,118,120,138
1063,467,49,50,56
1022,476,51,48,53
825,420,78,91,82
689,63,46,47,49
496,319,40,43,46
953,345,46,45,50
616,394,44,43,46
871,375,47,47,50
15,242,32,27,27
890,225,240,238,255
292,326,41,45,46
489,105,45,42,47
850,33,88,86,80
743,32,45,48,53
1174,135,239,237,255
553,308,43,45,50
581,409,42,41,43
495,253,213,214,236
295,189,190,184,204
391,44,33,26,29
284,330,43,42,45
559,16,66,57,52
763,367,46,45,50
1050,168,52,49,54
901,308,46,44,49
997,38,116,92,70
524,308,41,43,47
33,470,53,51,51
79,116,155,28,32
1128,343,232,228,244
745,149,47,45,48
177,231,153,152,167
714,157,44,47,51
333,447,59,60,52
972,298,46,48,52
927,16,126,81,63
463,13,124,97,69
434,327,42,43,47
345,358,43,42,51
493,178,51,52,53
441,491,175,176,193
323,75,32,25,25
1018,4,104,80,62
966,377,49,45,51
875,282,47,48,51
655,393,64,53,91
846,315,45,46,50
473,352,49,48,52
1048,330,49,47,52
889,440,46,48,51
299,191,191,187,207
107,219,213,206,231
1117,397,232,229,250
848,24,89,88,82
32,444,48,49,50
235,333,42,45,48
752,160,43,46,52
370,260,215,214,235
961,102,50,49,52
898,108,46,49,52
39,474,45,47,48
437,350,42,44,46
360,448,72,61,54
362,427,43,43,47
284,443,61,61,53
15,194,112,114,114
1053,65,100,86,74
272,178,186,184,203
184,424,50,48,50
880,459,43,46,48
793,282,46,47,52
643,181,240,235,255
842,426,42,47,47
208,199,184,181,202
710,4,119,57,81
551,185,228,228,253
473,25,60,50,45
546,249,227,227,250
1042,214,50,49,53
594,194,235,231,255
143,257,210,210,232
775,101,44,46,50
1182,50,237,237,254
798,374,40,45,49
108,41,196,190,214
21,27,223,225,247
68,440,51,46,52
1099,366,244,240,255
242,184,185,182,200
1039,95,50,49,52
132,157,229,232,254
544,497,123,114,86
1186,15,238,236,254
861,163,51,47,51
1196,455,236,235,253
880,41,105,98,92
406,417,42,44,48
823,83,46,50,51
405,413,44,43,46
1048,146,48,49,52
585,367,38,41,44
745,77,44,45,49
375,354,44,43,46
234,390,44,42,48
688,273,45,46,48
758,427,46,46,49
1090,97,251,250,254
296,492,50,45,48
1022,335,48,47,53
506,198,73,56,75
569,355,43,45,48
380,179,67,67,82
301,391,44,44,46
396,192,210,208,229
321,175,188,184,205
917,62,74,71,65
566,40,44,44,45
620,322,43,43,45
1097,204,241,240,255
356,324,44,44,46
111,155,196,190,211
314,361,41,43,43
973,343,45,47,50
304,174,189,185,203
25,325,37,41,42
514,27,74,57,49
1169,341,237,236,250
709,173,47,47,49
761,479,158,150,156
981,261,45,47,51
1148,314,235,230,243
554,373,42,43,44
195,396,45,43,47
198,40,194,178,203
354,387,42,44,45
677,353,45,45,45
402,148,42,41,44
996,40,114,87,64
1058,162,52,50,55
1029,158,51,49,53
775,66,47,45,53
304,276,44,43,47
937,309,42,46,47
727,198,240,238,255
842,242,69,58,69
27,199,91,89,91
429,257,230,229,250
522,82,40,44,47
1133,40,231,227,243
1158,129,237,233,252
55,214,115,118,122
1189,330,238,236,253
259,455,88,79,54
533,1,76,59,44
622,200,236,234,255
564,183,229,229,255
1098,13,242,239,249
439,17,42,35,35
549,143,47,44,50
225,211,145,138,149
857,91,49,48,51
494,305,42,45,47
810,43,53,51,52
955,30,83,66,60
826,277,47,46,52
1124,33,230,228,244
857,72,49,49,50
213,257,203,199,219
1114,22,235,232,249
116,318,36,35,37
1045,157,46,50,52
76,54,185,182,200
642,102,44,45,48
171,97,206,191,212
990,377,51,48,54
725,116,47,45,52
1039,445,46,48,52
543,121,43,45,48
589,38,44,44,49
686,203,239,237,255
90,157,37,25,28
763,207,241,239,255
931,71,84,78,72
1118,223,235,230,248
863,307,48,47,49
113,171,185,179,208
931,341,48,44,48
801,88,44,46,49
941,419,44,46,51
795,106,45,46,50
1137,149,228,228,245
691,175,47,48,49
175,45,169,153,176
130,300,33,33,32
239,43,36,30,32
1185,191,238,238,254
700,497,135,112,75
998,106,47,48,51
965,425,43,45,50
790,386,45,47,50
926,187,49,47,51
336,359,42,45,45
35,372,43,44,48
233,62,165,161,187
723,399,64,64,71
23,57,96,92,101
760,29,49,49,54
928,416,47,44,51
529,266,224,230,252
405,384,42,43,45
699,23,51,50,53
912,54,81,75,69
19,19,224,223,248
655,436,44,44,46
573,420,39,42,45
299,394,41,42,45
1153,211,233,232,246
1085,50,56,57,60
1065,8,98,77,65
860,470,49,49,52
729,351,43,43,49
387,148,39,41,40
93,404,41,45,45
1061,408,48,47,53
62,325,39,38,38
215,315,40,41,44
281,12,106,117,128
318,419,43,42,44
1171,259,237,235,252
1127,383,233,230,243
1184,329,238,236,254
237,10,177,165,189
911,37,102,95,87
201,259,203,200,224
442,435,21,20,25
118,485,49,48,48
99,448,47,48,53
203,100,146,152,164
473,248,82,80,90
1008,296,48,47,50
318,464,113,104,97
362,440,48,51,48
437,268,235,233,255
583,349,40,44,46
49,151,161,31,37
1114,9,236,232,251
98,309,34,32,33
942,292,43,45,48
1128,393,231,229,244
538,187,228,225,248
950,120,49,46,52
1033,251,49,49,55
153,492,48,45,48
818,97,45,46,50
826,191,45,47,50
636,76,46,45,49
206,465,45,45,47
1114,352,234,233,249
101,363,41,38,40
722,427,49,48,49
1123,475,225,221,242
443,40,44,41,38
1135,426,227,227,242
1169,400,236,234,251
326,9,45,43,48
1165,250,238,236,252
260,53,108,104,122
1062,23,90,74,64
1139,97,229,229,242
211,171,183,181,195
1000,295,47,48,52
1192,65,236,237,253
915,323,45,44,48
149,438,48,50,51
492,141,52,48,46
568,397,37,44,44
888,169,45,48,50
1172,401,235,233,250
1160,405,237,234,252
612,488,160,157,174
772,279,58,50,58
815,60,44,46,51
769,204,223,223,244
921,243,52,48,53
387,277,48,46,50
377,140,38,37,45
279,369,44,44,46
406,241,219,222,241
989,98,48,49,50
1076,472,219,222,255
74,33,113,104,110
103,205,231,229,255
530,329,44,43,45
720,162,43,46,48
1145,380,229,228,246
204,482,50,47,52
1198,240,239,234,253
659,292,46,47,49
126,123,192,176,192
255,313,40,44,45
726,450,46,47,47
330,9,77,70,81
133,316,37,33,40
439,47,39,36,37
1196,164,239,238,254
645,99,42,46,49
994,387,44,46,47
245,408,39,43,45
488,107,46,43,46
316,422,43,43,46
1136,161,227,227,245
377,28,35,28,26
265,10,37,31,34
220,402,45,45,47
1164,49,241,236,253
833,457,47,48,50
929,316,49,47,49
140,217,194,190,212
1133,7,229,227,244
384,125,35,36,38
854,86,43,48,50
477,371,41,42,46
242,205,43,37,53
273,273,44,43,46
502,292,43,44,46
743,71,48,49,53
951,350,44,49,49
367,133,34,34,38
148,325,35,36,37
939,321,46,45,48
20,35,227,224,249
172,378,39,41,44
998,207,44,48,51
599,22,50,46,49
239,248,193,191,210
893,384,45,46,48
234,122,32,29,32
1065,258,46,49,55
323,91,33,23,27
551,458,153,152,160
11,190,94,83,85
970,209,47,48,49
799,358,47,45,49
584,311,46,45,46
630,112,48,43,48
59,202,96,88,96
952,42,108,82,64
7,499,60,56,52
688,272,43,45,50
737,307,46,43,46
236,181,189,183,203
1185,256,237,235,251
802,342,42,45,47
719,187,239,234,254
967,310,45,45,48
365,330,43,41,47
1066,197,49,51,55
1059,144,50,50,52
146,172,215,213,237
332,19,35,36,37
685,376,44,42,45
584,280,48,45,49
809,160,47,47,51
1165,217,238,235,249
854,448,47,47,50
661,439,42,42,47
1136,292,228,227,239
678,433,45,45,48
328,237,140,134,146
51,288,37,32,35
903,149,49,47,50
790,374,46,44,48
3,2,185,188,196
66,220,137,133,138
900,93,50,47,52
1023,318,45,47,53
706,6,58,52,56
1037,314,49,50,52
479,163,43,44,47
631,104,45,43,51
615,485,123,119,123
934,8,240,238,255
1173,430,237,237,250
900,51,103,99,97
309,278,42,45,46
771,217,241,239,255
980,415,48,47,49
992,312,47,46,48
588,24,44,47,49
388,499,82,77,54
497,86,44,41,47
143,447,47,48,51
937,237,46,45,52
173,278,212,210,232
1031,20,103,81,64
1092,429,243,240,255
177,99,202,194,216
997,410,45,47,50
220,219,190,187,207
946,285,48,47,49
210,366,44,44,47
1031,115,48,49,50
352,255,212,210,234
1186,26,241,236,253
649,195,239,237,255
87,23,109,104,111
408,176,47,43,47
882,460,48,48,52
889,303,42,48,50
325,262,208,210,230
444,357,45,46,50
21,198,89,92,101
358,83,31,27,27
7,491,55,54,54
43,272,35,30,31
745,473,114,115,95
589,446,130,124,132
170,263,208,205,228
285,121,34,28,29
485,2,51,46,41
225,420,43,43,46
410,281,48,46,47
501,155,37,38,40
1143,312,231,232,245
749,498,168,160,138
136,78,158,148,170
970,360,48,48,50
850,41,91,82,72
802,96,44,47,51
1053,344,50,49,50
325,327,49,42,47
212,274,207,204,229
233,139,28,29,31
277,243,168,166,185
663,207,232,235,255
1106,184,240,239,254
1024,31,100,77,62
557,227,137,133,167
451,292,44,43,47
123,412,45,42,46
480,244,54,50,51
1062,371,51,51,56
508,108,28,29,30
657,166,46,47,51
203,224,189,190,208
62,84,53,34,44
224,344,44,42,46
187,191,189,185,207
10,34,227,224,245
691,309,43,44,50
799,172,49,46,52
1075,74,69,61,64
622,104,44,45,46
35,453,52,50,53
378,265,216,215,238
1187,158,237,236,250
162,391,42,43,42
83,471,99,82,78
1124,357,232,230,245
593,219,232,233,255
893,471,46,48,49
839,243,216,218,238
663,443,39,43,47
97,40,173,177,188
397,26,46,34,31
185,443,57,49,52
89,90,154,27,36
1094,479,239,237,253
164,433,50,50,51
745,79,48,46,51
138,314,37,35,36
18,138,159,23,33
187,210,118,121,143
543,227,225,226,250
902,245,245,239,255
1158,234,237,236,253
520,32,57,51,49
61,182,39,23,26
653,449,50,50,53
635,441,47,44,49
1069,145,52,53,55
789,295,45,45,52
1016,8,102,79,61
995,218,54,48,52
869,296,46,46,49
444,481,140,137,141
577,460,115,110,100
562,116,45,45,47
224,254,201,200,219
746,287,47,47,47
468,370,48,47,49
173,199,48,42,47
488,343,47,41,48
263,441,60,58,54
1080,78,54,55,61
323,300,43,42,47
411,490,72,66,60
524,105,44,43,46
364,498,66,59,52
1078,164,54,55,58
147,18,159,145,169
710,450,43,46,47
774,121,41,45,50
1197,197,239,236,253
155,472,72,67,78
115,333,38,35,40
891,160,49,48,51
393,378,42,42,44
1081,348,241,248,255
559,314,43,43,50
639,21,52,49,52
155,181,203,201,222
97,423,140,141,148
608,272,45,44,49
958,12,111,79,64
502,53,41,44,45
515,80,35,27,30
596,97,43,45,47
1095,305,241,237,255
662,23,53,49,53
853,14,98,92,86
310,377,45,42,45
91,170,41,34,37
358,30,37,31,27
788,425,44,47,50
578,477,108,98,78
314,118,31,28,29
1061,174,51,51,53
801,320,48,47,52
628,381,44,44,45
301,324,43,43,45
1027,441,44,50,52
537,130,44,44,45
564,482,158,152,147
52,130,152,23,33
691,1,49,50,50
428,31,35,33,31
606,144,45,44,47
1121,18,232,228,247
290,357,43,43,48
634,24,49,50,52
1154,197,237,232,246
613,25,49,47,51
937,91,49,47,52
930,249,45,47,52
808,278,46,48,49
776,342,47,45,47
459,316,77,76,83
304,427,65,63,51
1161,207,237,234,251
981,52,88,69,60
1125,286,226,225,242
1020,249,46,47,53
106,112,161,55,69
836,145,50,48,53
246,387,43,42,47
1076,329,61,58,61
356,320,44,44,45
90,142,158,30,34
178,218,190,187,208
71,58,183,182,202
266,37,214,215,236
1057,369,51,51,54
232,427,66,59,52
94,43,31,30,30
1101,50,236,232,253
418,307,43,43,45
101,51,30,30,31
44,273,35,27,31
124,267,211,211,234
629,218,239,233,255
149,95,150,139,157
924,52,97,93,88
1150,125,235,233,248
513,339,43,42,46
553,212,74,63,72
476,440,179,183,206
596,33,45,44,47
888,8,82,77,68
421,391,42,45,46
576,392,43,41,44
461,301,64,59,62
62,228,34,35,35
810,337,47,47,50
18,268,33,27,29
316,292,43,41,46
647,139,45,48,49
679,88,47,46,49
882,277,49,51,52
1197,479,235,234,246
1113,216,234,230,250
1041,335,46,47,49
1108,151,240,236,254
778,424,48,46,50
1062,447,47,49,55
484,183,58,55,59
636,164,48,48,49
347,219,202,201,224
334,222,199,196,218
1107,446,233,232,247
832,145,50,46,50
588,148,43,43,49
426,277,50,52,54
873,321,45,46,50
804,231,220,222,251
726,265,54,49,53
1104,355,242,238,255
1134,61,231,226,244
134,416,42,42,50
627,377,45,45,47
905,373,46,45,51
34,494,67,60,57
311,464,128,120,96
365,268,214,210,237
683,486,115,86,63
746,25,53,51,51
361,186,194,194,213
880,21,104,103,100
595,160,43,43,52
244,27,198,189,213
1162,375,232,233,248
850,481,172,158,110
1181,76,241,236,254
974,16,104,78,62
1022,74,102,87,72
1063,27,83,73,65
550,495,127,124,107
1058,481,50,48,52
1146,277,236,231,246
38,412,49,44,47
363,448,78,59,57
485,47,45,41,43
318,443,65,65,54
785,490,155,150,164
667,353,40,42,46
962,63,51,51,55
1015,8,101,78,61
1112,94,234,231,247
9,1,221,222,247
630,94,45,44,50
362,397,42,44,47
446,336,47,49,60
454,414,58,60,60
160,88,158,146,167
42,385,44,45,47
789,244,240,237,255
297,159,34,31,35
483,451,152,156,177
1064,234,51,50,52
239,97,43,40,44
759,344,44,46,49
969,428,47,48,50
299,483,77,76,66
773,120,46,47,49
520,191,223,221,244
235,52,211,210,232
251,149,29,26,30
740,366,42,44,46
709,130,46,45,48
91,463,83,81,77
525,358,40,41,47
0,414,51,51,51
26,73,111,101,110
773,74,45,47,52
503,49,45,42,47
907,429,54,51,57
384,114,37,36,39
744,53,48,46,47
1150,238,232,230,246
101,464,73,66,59
872,337,48,44,49
820,54,54,51,53
104,121,160,28,38
512,285,46,46,45
75,365,41,40,43
841,113,48,47,49
1019,412,49,49,53
217,219,189,187,206
961,381,41,47,49
1143,431,229,228,243
752,234,81,70,67
1150,72,235,233,249
584,108,42,43,46
903,169,46,47,51
37,11,228,225,247
94,423,61,63,59
135,312,35,32,36
345,209,200,195,218
143,124,202,194,214
1026,11,112,83,65
751,497,168,161,157
1189,410,235,234,247
630,263,46,44,47
84,58,189,184,205
675,204,236,236,255
41,358,45,45,45
455,260,235,234,255
831,322,45,46,49
68,234,39,37,41
514,257,222,220,242
645,4,50,49,50
196,119,37,38,43
373,415,46,44,50
860,319,48,48,52
135,444,49,48,52
152,315,36,32,36
1103,76,238,233,253
467,183,46,48,49
184,161,36,34,38
1178,288,237,235,252
522,232,220,220,245
1121,211,229,228,246
1057,474,53,49,50
837,12,92,87,86
610,249,236,237,255
872,357,45,45,50
438,348,42,43,45
749,241,236,236,255
306,410,46,41,48
428,169,44,43,48
289,306,48,43,46
575,24,49,49,52
473,315,53,55,58
659,419,43,45,47
503,273,50,46,48
57,120,150,22,32
800,143,47,48,52
679,214,232,232,255
480,87,41,42,45
965,398,44,45,51
532,356,43,42,45
779,95,47,47,48
389,382,40,43,45
1025,450,48,48,53
839,283,49,50,54
553,59,45,44,46
1173,168,240,235,252
347,57,29,25,24
391,272,85,85,110
625,169,45,46,49
897,359,47,46,51
894,288,47,47,52
538,445,154,147,162
945,131,48,47,49
421,360,46,44,45
851,99,44,46,51
433,71,41,40,41
939,477,48,46,48
492,210,88,79,80
1103,130,239,236,255
503,175,51,50,55
399,414,42,46,48
594,433,39,42,47
628,454,183,184,196
210,378,44,43,46
35,180,176,35,46
131,396,42,42,47
1079,113,58,58,62
400,414,43,42,47
963,447,48,48,51
109,314,35,35,36
812,34,50,51,55
359,162,39,38,43
1054,126,46,50,52
1102,248,234,234,253
502,487,123,106,60
657,103,48,45,50
44,342,44,41,41
727,300,44,47,46
501,139,33,35,37
658,149,45,48,49
1114,317,231,229,247
943,226,49,48,53
215,244,191,192,211
203,341,43,43,47
667,319,42,44,46
28,162,170,32,38
1159,14,237,233,250
654,43,44,47,49
906,312,43,46,49
1124,403,228,228,243
744,264,73,60,82
141,304,34,33,34
138,23,118,117,135
469,402,42,44,48
228,475,55,57,53
22,51,68,62,67
489,281,47,46,50
1184,378,237,235,250
95,246,220,216,239
172,54,160,146,169
797,330,44,46,48
267,23,166,164,181
833,64,47,48,48
1050,229,47,50,53
428,129,42,41,44
752,109,47,46,48
156,63,137,121,141
954,140,47,48,51
1070,471,168,166,134
569,273,48,49,54
1078,5,141,124,87
263,401,42,45,44
513,152,43,46,49
121,427,47,49,53
604,460,162,162,173
210,429,45,46,49
523,278,44,46,47
168,203,134,133,147
113,256,212,212,236
830,379,46,47,51
194,496,49,46,50
1058,484,49,49,56
1175,179,239,237,253
247,93,42,40,48
242,411,42,44,43
535,315,42,42,46
328,120,37,33,36
389,37,36,32,29
534,482,145,141,156
211,438,45,46,49
903,197,49,49,51
117,130,100,31,34
1119,195,233,234,247
186,38,161,35,47
1009,231,47,48,51
447,44,37,38,38
339,499,64,59,56
547,338,44,41,46
603,348,44,44,46
1080,44,59,57,63
1186,474,239,235,250
215,308,45,46,48
358,426,46,43,46
744,68,47,47,51
649,19,50,48,53
1053,185,51,49,54
212,151,32,25,29
198,339,42,44,46
733,417,42,44,48
711,143,46,48,50
1045,26,106,84,64
612,217,133,124,134
915,335,45,45,49
851,195,47,46,50
773,97,49,46,51
1124,489,228,225,243
1082,271,54,51,56
430,337,47,43,45
1064,255,49,49,55
205,129,36,35,37
990,81,53,56,54
1106,240,236,232,250
22,318,43,37,39
886,485,171,156,107
109,125,164,31,40
180,168,41,36,44
1087,99,227,229,243
447,319,45,45,50
933,195,45,48,52
1123,262,226,226,243
382,279,49,45,48
412,275,55,53,57
1155,31,237,233,251
990,43,110,83,67
61,201,123,127,125
166,371,41,41,46
867,122,48,45,50
124,251,214,211,234
307,436,60,59,52
1108,266,233,231,249
391,466,78,69,60
205,110,41,40,45
641,388,146,150,126
792,100,48,47,51
174,154,38,35,40
411,457,104,98,90
971,249,43,45,50
796,478,170,164,174
1079,103,56,58,62
1128,376,233,230,246
288,97,32,27,29
314,333,45,43,45
445,401,35,38,42
765,11,52,49,51
987,163,48,48,51
633,9,51,49,51
571,263,233,233,255
95,397,43,43,46
705,304,39,43,49
900,264,236,240,255
570,378,41,43,47
270,66,42,43,48
1069,55,66,64,65
455,248,142,131,141
936,334,45,45,50
577,469,120,114,105
381,69,25,25,26
566,450,136,131,132
918,495,176,161,127
158,83,157,145,166
1166,164,235,234,250
193,66,184,177,192
53,200,99,98,105
1036,306,49,51,55
1112,485,231,227,244
356,18,40,34,31
697,91,44,45,48
1162,483,234,230,249
1092,482,237,235,253
