x,y,R,G,B
380,173,163,164,178
440,490,170,172,184
397,401,44,43,44
784,378,42,45,48
758,397,46,46,48
942,347,49,44,51
1030,65,100,87,74
122,283,42,35,50
1114,73,234,234,248
1021,173,49,48,52
838,79,49,47,50
337,341,41,44,48
753,367,41,45,49
382,49,27,26,27
94,225,207,207,233
804,102,45,47,50
1048,324,49,48,54
1093,390,247,245,255
138,287,38,38,38
646,418,43,42,46
344,354,44,44,50
19,225,36,29,33
248,321,46,44,46
612,208,235,232,255
1197,397,238,236,250
236,138,33,25,25
898,188,47,49,52
785,224,235,237,255
1199,377,238,235,255
1098,387,244,242,255
598,487,181,179,190
754,187,49,46,50
18,289,34,32,33
924,337,49,43,48
1005,324,48,47,48
1046,306,175,176,218
684,343,41,45,48
1046,476,50,48,52
954,44,107,82,64
950,299,48,46,50
860,333,45,49,48
775,162,48,44,50
993,445,106,108,73
882,336,48,44,49
476,162,44,45,47
7,217,34,29,30
793,80,45,45,51
46,438,51,50,51
569,394,40,43,47
1173,276,240,236,251
778,331,45,46,49
839,121,48,47,53
1005,186,46,48,52
397,351,40,43,45
654,234,236,235,255
722,256,242,238,255
467,141,45,46,47
973,366,43,46,51
727,303,47,45,51
906,470,50,50,51
561,161,40,44,46
419,49,33,29,33
594,419,39,43,44
741,219,240,237,255
438,220,102,99,105
782,80,44,45,49
658,158,48,48,48
765,244,242,241,255
349,88,33,26,27
752,97,44,44,48
202,163,36,28,31
877,109,47,49,51
975,210,47,46,51
229,276,206,205,227
752,222,66,63,69
170,400,40,44,46
1089,341,243,241,222
684,193,243,238,255
85,357,37,40,41
1022,141,47,47,52
1082,252,251,251,255
766,359,43,44,47
42,300,35,34,34
583,273,52,52,53
92,74,152,74,90
900,419,48,48,51
710,372,49,44,50
343,277,44,44,48
421,310,40,45,46
197,364,40,43,46
74,260,39,32,39
396,231,211,212,236
886,132,46,47,53
824,108,44,46,50
1078,53,87,81,77
386,336,43,43,48
558,466,144,143,155
632,358,47,44,45
57,495,44,49,48
401,142,42,41,43
251,415,45,46,46
464,66,40,42,43
236,352,43,43,46
266,106,37,27,32
667,359,45,45,47
745,485,147,145,130
1047,399,47,47,53
635,424,43,43,43
200,73,205,198,216
907,0,162,110,81
803,320,46,47,49
957,35,93,71,59
467,325,45,42,47
359,141,36,33,37
951,228,45,47,52
292,381,45,43,45
207,410,44,44,45
359,76,28,25,29
841,273,42,48,49
643,88,48,44,50
716,387,44,45,48
955,333,44,45,49
772,58,45,48,50
1081,121,249,247,255
30,250,36,27,33
673,269,43,46,49
782,435,47,47,52
35,149,160,28,35
1043,492,51,51,53
500,139,39,40,40
644,482,145,145,153
525,189,223,223,244
602,410,41,44,47
773,345,39,47,52
140,410,45,45,51
699,474,129,107,77
135,399,39,42,45
1165,146,238,234,250
610,315,43,46,46
61,192,35,29,32
517,357,40,43,45
405,372,42,42,45
612,76,46,44,48
511,352,43,44,45
77,129,163,72,99
862,218,201,198,217
314,43,33,33,35
184,36,161,35,45
898,470,50,49,52
587,387,44,42,45
121,470,44,50,51
11,261,35,31,33
448,413,16,17,12
30,288,40,30,33
546,356,42,41,46
174,267,205,203,224
83,167,84,57,73
523,163,49,44,47
300,163,108,106,111
497,224,208,208,220
1174,299,236,237,251
252,499,86,77,56
1072,147,51,51,52
422,220,225,224,247
62,455,51,51,53
69,315,39,32,40
991,175,48,48,50
541,171,46,46,49
1157,493,235,232,245
149,420,47,46,50
474,166,44,45,44
363,269,208,209,232
947,231,47,48,51
520,192,220,221,243
561,420,40,44,47
272,382,44,44,46
1086,67,242,243,255
1045,358,48,46,51
251,472,101,91,63
407,340,43,44,44
828,79,49,46,51
1177,159,237,236,253
303,76,33,24,28
759,136,47,45,51
630,196,238,234,255
289,163,115,112,119
656,353,47,43,49
943,273,45,45,50
375,345,48,43,45
800,449,48,47,50
180,56,168,157,180
128,146,43,33,36
851,79,45,46,50
245,393,45,42,45
1042,24,105,87,67
1045,247,46,46,52
356,360,43,43,45
1091,389,251,248,255
358,48,34,23,28
330,427,48,44,46
456,376,44,46,57
273,416,43,45,47
1171,492,236,233,250
823,324,47,47,48
759,153,47,46,49
97,364,42,41,41
975,245,47,47,51
473,11,78,61,45
486,171,60,53,56
260,381,50,42,48
697,344,41,46,48
938,154,44,44,50
1111,119,232,232,249
210,205,99,94,106
355,493,68,62,53
894,457,48,47,51
193,457,47,47,50
957,296,45,48,50
217,272,206,204,227
297,373,43,43,43
534,229,157,157,189
747,332,42,47,49
718,328,43,45,50
6,213,32,30,34
1100,205,240,241,255
332,333,41,44,47
977,243,48,48,52
903,178,47,48,48
892,136,45,47,51
1077,351,244,244,255
35,156,166,30,36
846,165,46,48,52
16,472,50,49,48
543,193,230,225,250
240,212,42,38,48
686,406,46,46,49
718,285,49,47,46
1182,281,239,237,254
482,85,44,42,45
917,445,51,51,57
1019,238,52,48,52
103,499,45,44,46
197,220,193,189,208
368,86,33,29,32
1018,228,47,47,53
739,144,48,46,50
49,405,45,45,46
38,101,31,27,29
710,135,44,45,50
205,351,43,43,45
69,368,39,43,44
39,4,225,223,247
530,36,40,44,44
339,152,34,35,37
298,327,47,43,47
548,270,55,52,54
719,447,44,46,49
884,265,241,237,255
362,496,71,60,51
305,329,45,42,46
491,114,43,42,47
566,381,43,44,47
327,354,44,43,45
957,49,89,67,62
24,451,53,49,52
1052,25,97,77,62
938,406,47,44,47
876,434,46,45,47
386,222,212,210,233
417,112,42,39,42
869,412,43,48,49
921,476,42,50,51
121,3,115,111,117
532,13,77,57,42
860,463,49,49,50
696,312,43,44,47
741,439,45,45,48
179,400,45,43,45
1169,47,240,237,255
277,168,188,185,204
281,119,33,27,29
577,365,41,44,46
1137,105,229,226,244
815,73,46,47,50
783,248,238,238,255
1191,123,241,236,253
1046,385,50,51,53
757,278,46,47,52
665,226,235,237,255
623,190,237,234,255
595,189,235,233,255
1161,16,236,234,251
134,26,37,31,41
780,23,48,51,52
560,426,39,41,43
167,446,47,49,51
921,23,214,149,90
97,198,250,251,254
986,347,48,48,49
569,446,125,121,121
848,263,238,243,255
967,229,46,48,50
973,299,44,47,50
8,167,113,65,68
798,191,43,46,49
684,294,46,45,50
614,499,114,111,100
889,459,47,47,49
251,19,180,173,188
1145,320,234,230,246
65,386,41,44,44
960,318,43,45,49
564,57,42,45,46
78,376,40,43,43
14,336,46,43,44
162,489,44,46,50
398,495,88,72,57
887,304,46,46,50
253,15,39,29,35
1055,388,49,49,53
1188,106,238,237,254
993,4,133,100,73
636,140,40,46,48
244,414,44,43,46
934,365,46,45,51
147,367,38,41,45
120,367,39,41,42
1069,415,52,52,54
385,462,154,152,174
856,141,44,46,50
100,1,60,51,64
120,22,28,25,29
4,117,148,21,30
183,96,39,32,38
123,270,212,211,236
461,318,34,32,38
933,48,114,109,106
728,355,44,46,46
718,73,41,47,47
823,121,46,47,48
1005,6,126,90,70
1166,8,239,237,253
473,358,43,46,47
290,309,44,43,46
1059,438,50,47,54
1043,475,46,48,53
813,462,49,49,49
406,268,227,225,252
866,41,101,95,93
1141,104,233,229,245
952,55,66,55,57
906,9,204,149,85
1084,452,77,77,75
419,98,43,39,41
580,91,44,44,47
207,302,44,42,42
898,92,49,47,51
784,473,165,159,174
1028,354,49,47,53
431,30,33,32,32
366,16,42,29,31
1046,308,54,52,53
291,478,103,102,76
726,304,41,45,48
325,384,43,42,44
1185,45,239,236,255
673,418,43,46,46
723,77,46,46,49
648,58,47,47,50
539,300,42,45,45
593,386,45,43,47
1153,308,234,234,250
414,350,41,45,45
40,251,35,27,31
386,147,37,39,40
25,73,109,99,109
569,414,40,45,45
190,416,42,43,49
353,261,211,209,235
541,86,47,44,46
772,130,45,46,50
417,392,44,45,46
387,71,30,27,28
1171,313,237,237,253
295,54,37,37,43
1080,102,59,58,61
1186,194,237,236,252
341,379,47,43,45
953,271,46,46,52
1127,262,228,226,243
634,42,46,45,51
567,428,43,43,46
511,251,223,222,241
555,438,142,137,155
671,17,47,47,50
1132,112,227,227,241
352,40,41,29,26
585,414,46,45,42
845,470,49,48,50
339,157,37,34,38
246,412,42,43,45
378,185,202,202,224
1135,92,230,227,244
1135,158,232,229,246
242,133,36,27,28
238,418,47,44,47
840,90,47,48,51
559,127,47,47,49
759,297,44,45,46
895,492,172,153,85
630,424,46,44,49
763,335,47,46,48
976,179,42,48,51
1053,301,88,62,66
293,306,42,43,46
193,120,39,42,46
418,22,36,28,29
1195,43,240,238,255
301,305,43,43,46
63,240,35,32,35
366,320,44,43,46
656,47,47,45,48
598,210,60,58,63
357,425,42,45,45
857,70,49,49,52
413,81,38,35,37
247,419,45,45,45
967,444,49,46,52
873,208,51,49,51
244,266,196,197,220
1065,294,207,212,226
341,30,41,34,32
151,235,43,40,41
557,349,44,44,45
418,199,219,216,235
470,429,64,54,50
560,200,99,78,113
567,24,48,48,47
250,489,66,61,52
562,466,139,132,136
462,335,18,24,23
106,188,213,211,238
944,101,48,48,51
717,421,39,45,44
966,458,137,132,167
725,337,43,45,48
469,313,41,42,44
641,139,43,45,48
82,175,210,202,221
422,162,45,43,44
120,262,214,212,234
481,269,67,60,81
43,136,153,24,36
770,138,44,47,49
607,442,169,174,180
986,463,46,48,49
278,126,33,27,29
480,19,64,50,47
899,365,47,44,49
597,274,43,45,49
642,222,236,236,255
180,102,208,205,228
246,123,29,28,32
1079,53,80,81,90
241,318,41,44,45
332,167,36,39,41
698,267,45,48,50
541,429,43,42,47
701,112,46,45,49
412,110,35,38,43
178,133,44,43,50
1177,97,240,236,253
263,188,187,186,203
847,156,48,49,53
471,21,77,57,44
432,465,38,34,38
757,208,245,240,255
275,12,53,36,58
156,165,43,43,49
283,364,44,44,46
693,455,115,93,60
1138,87,230,228,242
33,418,64,63,55
1040,240,50,49,55
1074,243,96,91,65
222,445,49,45,48
1077,82,66,64,77
1093,345,244,244,255
711,468,139,126,116
319,140,37,30,32
1149,220,234,231,245
308,107,33,27,27
693,343,46,44,46
368,417,44,43,47
773,382,44,46,49
191,89,39,33,34
371,458,79,54,52
713,370,47,43,49
1067,339,53,51,54
16,23,224,225,248
463,20,101,78,56
1192,456,238,235,252
231,8,174,162,188
867,354,44,44,50
388,381,44,44,48
36,467,52,48,54
887,438,48,47,50
17,420,54,51,54
55,249,33,28,31
75,368,42,39,43
653,183,238,235,255
970,351,44,45,49
614,279,48,43,49
258,78,44,42,50
614,316,43,46,47
572,406,42,43,48
534,181,221,221,245
1170,202,237,235,254
605,116,44,45,47
828,175,47,47,50
558,7,92,81,60
265,230,85,82,104
77,323,37,33,36
1006,248,47,49,51
618,271,44,43,47
183,137,41,38,45
631,260,45,45,49
1013,434,48,48,51
53,250,35,30,33
243,451,56,54,54
528,446,133,128,136
980,335,48,47,51
993,27,121,94,73
178,372,44,43,46
584,121,45,44,46
333,287,42,43,46
977,42,99,75,59
543,51,45,42,49
336,83,36,25,30
355,349,45,44,45
1010,478,48,47,53
795,238,243,237,255
759,32,49,51,52
253,338,46,44,49
577,120,40,43,47
455,107,42,42,46
789,42,47,49,52
863,287,46,48,53
454,219,195,195,218
1092,152,152,142,121
1000,325,46,47,52
641,216,65,57,60
966,350,46,45,45
211,186,188,183,204
1040,451,46,48,51
1173,389,235,234,251
957,240,46,48,52
727,390,42,44,45
942,180,47,46,52
1016,259,46,47,52
526,483,116,109,97
727,240,241,240,255
313,7,51,48,48
26,427,51,49,52
792,393,47,43,50
762,70,46,46,49
18,180,112,106,112
304,219,194,191,211
864,258,242,241,255
929,431,75,92,137
888,287,43,45,50
930,437,55,48,56
971,493,48,46,48
974,400,43,48,51
541,122,44,45,45
1149,88,233,233,247
369,248,199,203,214
340,230,200,201,223
842,467,48,46,52
195,257,202,201,222
72,253,39,34,36
1049,353,45,49,53
410,91,39,36,40
273,294,42,43,46
1140,32,233,230,245
649,207,161,167,174
1026,351,44,47,52
597,473,147,141,133
881,85,45,46,53
832,133,46,45,53
358,256,210,212,234
382,408,45,44,48
243,442,52,55,53
726,162,48,47,49
478,406,42,43,45
522,78,46,44,47
859,391,48,45,49
1118,30,233,231,248
328,22,41,36,41
542,121,45,43,44
796,32,51,50,53
543,197,227,224,246
1198,347,241,236,252
20,457,51,49,53
1172,458,238,233,247
134,313,34,33,36
136,480,48,49,46
528,262,226,226,248
749,89,46,46,50
783,236,236,234,255
1107,127,233,232,251
958,37,92,70,59
1047,204,51,50,52
1048,158,46,51,51
411,134,40,41,41
289,165,186,182,201
252,229,188,187,208
228,102,35,36,40
328,391,44,42,46
862,134,49,47,52
104,125,161,28,37
684,269,44,44,50
370,444,176,181,188
923,106,46,50,52
65,122,152,26,32
166,430,58,57,53
747,226,238,237,254
1140,194,232,230,247
126,421,47,47,49
37,83,165,160,178
69,206,47,46,63
193,228,196,190,210
693,337,47,46,49
658,81,42,43,47
11,202,30,28,29
216,409,45,42,47
1089,103,79,75,78
635,244,46,47,48
713,475,145,136,137
709,325,44,44,49
720,86,43,46,48
309,231,194,193,214
942,47,103,79,59
1034,151,49,47,51
54,149,173,83,103
476,48,42,42,42
739,117,46,44,50
670,33,46,50,52
239,39,39,28,30
337,119,31,28,30
736,33,48,48,51
1148,94,233,231,246
743,437,40,45,47
173,396,41,44,48
1130,495,228,228,244
84,470,96,82,77
423,124,41,41,45
167,291,38,36,39
787,24,49,49,50
567,170,44,45,47
510,183,215,216,233
738,126,43,46,46
1000,192,48,46,50
1045,194,48,49,53
190,155,34,34,36
944,462,48,49,51
401,122,39,39,41
42,21,63,61,65
1172,327,240,237,251
1069,50,65,63,64
553,228,83,73,72
1172,342,238,235,250
679,302,48,45,49
725,329,48,46,49
322,170,40,37,43
308,412,44,44,45
906,1,198,146,96
858,497,115,112,70
611,82,44,44,46
341,187,194,193,215
210,296,43,40,44
127,285,42,40,45
54,427,53,53,54
1034,441,48,48,51
610,97,44,46,46
1068,152,51,53,54
983,16,112,84,62
781,370,46,43,47
1012,367,47,47,50
507,246,218,218,239
980,269,46,48,50
220,383,42,43,46
475,443,178,182,201
850,171,48,48,53
124,391,41,41,45
867,7,94,88,87
1092,238,242,241,249
56,210,46,43,43
1148,280,234,231,245
53,282,36,30,30
1165,106,237,235,249
201,301,46,40,45
686,165,45,47,48
348,376,41,42,44
483,18,67,54,47
764,461,49,50,51
437,88,40,39,42
712,211,238,238,255
681,177,49,53,55
1110,405,234,234,254
153,107,35,27,33
285,204,169,168,189
1134,187,228,228,244
516,223,207,207,232
142,464,47,49,49
274,242,189,192,205
202,441,50,48,51
550,174,44,48,51
1008,200,50,47,52
626,281,40,44,47
129,390,42,44,45
375,351,43,42,44
902,490,177,157,85
1195,234,237,236,253
466,278,116,116,138
1044,267,47,50,51
1002,340,45,49,51
471,219,57,57,61
280,310,44,44,46
729,400,159,148,168
260,296,41,42,46
687,473,116,88,63
136,494,49,47,51
40,225,27,31,32
729,295,45,44,48
179,261,207,204,226
1165,192,240,236,251
334,150,29,33,35
1079,409,53,51,58
43,6,225,226,247
307,95,30,26,30
416,335,41,45,46
793,224,237,236,255
390,79,30,28,33
645,22,48,48,52
556,445,140,133,137
1040,153,47,47,53
706,233,237,237,254
75,67,186,182,199
1050,327,50,50,54
379,224,211,212,232
931,211,45,47,50
287,216,190,191,210
704,221,133,133,183
362,446,73,57,52
1110,255,232,230,249
498,488,119,102,59
151,306,31,32,35
1168,375,237,235,248
442,280,46,47,51
1184,340,240,237,253
1142,55,233,230,247
1181,296,240,237,254
474,173,47,47,51
516,94,47,43,44
16,375,42,42,47
522,352,45,42,43
829,233,230,235,255
655,53,42,43,47
1023,114,47,48,51
329,428,55,54,47
829,83,49,45,51
266,481,62,53,51
559,147,44,45,47
673,339,43,46,49
401,303,44,42,47
542,184,224,225,245
312,432,53,56,51
800,336,44,45,46
567,253,233,231,252
988,369,50,49,52
472,255,79,81,88
539,280,43,45,48
1024,327,47,48,50
616,390,39,42,44
489,252,209,208,226
707,128,45,48,50
882,392,42,46,47
631,287,44,43,49
636,51,45,46,47
1119,235,235,229,244
1178,408,238,238,253
936,167,45,46,50
482,272,57,59,62
984,384,49,45,52
134,159,233,232,254
1009,275,43,47,49
522,322,45,44,47
254,112,36,27,30
24,481,48,49,51
1019,227,47,48,54
229,146,30,28,32
986,155,47,48,53
1100,98,236,235,255
448,57,39,38,42
538,132,42,47,49
33,0,208,208,227
139,91,148,137,157
1123,415,231,231,246
524,453,122,115,117
790,307,45,45,49
397,172,46,42,45
1008,197,51,48,53
863,327,45,47,50
942,330,44,47,49
923,158,45,47,51
106,340,34,36,35
785,63,49,46,51
955,395,46,44,49
521,493,102,96,69
467,87,39,43,44
558,474,141,137,136
956,147,48,45,49
171,379,40,41,46
585,371,41,42,45
425,405,44,43,45
823,217,241,239,255
553,120,43,44,46
256,1,183,172,190
499,44,42,42,44
966,49,89,66,58
135,26,47,41,61
211,173,189,184,205
52,458,45,46,51
319,497,43,44,49
303,252,205,200,222
66,462,46,46,51
918,370,48,50,53
932,26,83,66,60
410,10,37,27,31
758,484,163,154,150
169,330,42,40,42
443,306,48,46,51
268,341,45,43,47
864,489,137,129,86
1104,441,236,233,251
802,85,49,48,50
932,249,46,46,49
852,486,174,162,114
492,399,41,40,44
84,334,39,37,39
255,491,86,75,57
1077,113,56,57,59
853,22,90,88,83
994,113,45,47,51
942,80,49,48,51
793,363,44,45,48
780,394,46,47,49
109,41,194,192,213
359,283,44,43,48
457,443,176,180,199
539,63,40,44,46
192,24,159,34,44
707,132,47,47,50
1037,107,44,49,52
391,412,43,44,46
404,190,211,208,232
79,164,90,32,38
333,258,209,208,232
1164,59,237,234,253
198,194,189,185,205
146,289,38,36,38
1121,258,228,227,242
957,379,48,46,48
375,199,205,204,225
895,350,41,46,51
150,255,210,207,228
781,205,134,127,139
756,69,44,46,51
35,440,51,49,51
944,99,46,48,52
98,330,33,35,35
526,215,222,223,243
830,218,237,237,255
283,19,212,211,232
103,43,183,186,203
932,282,43,45,49
260,470,107,99,71
858,98,50,47,51
612,194,238,235,255
224,107,36,35,41
1105,435,234,233,249
1192,321,236,234,252
360,400,42,42,45
43,30,206,211,230
845,194,41,48,49
842,403,44,44,49
699,210,239,238,255
352,39,39,28,27
146,199,87,78,107
589,310,44,43,47
55,410,46,45,47
369,75,28,25,27
322,435,65,61,53
1092,273,243,240,255
268,404,43,43,47
93,212,219,218,248
1176,156,241,238,254
791,129,47,46,53
926,133,48,47,52
689,423,44,43,47
327,141,35,32,35
27,270,36,32,33
357,463,58,54,50
829,119,48,48,52
858,405,49,45,51
1139,64,232,229,246
152,390,45,44,45
146,184,207,207,231
872,383,47,44,49
68,198,40,35,34
229,237,189,187,209
180,403,44,42,47
708,132,49,45,48
214,51,198,189,209
646,398,43,44,47
414,97,34,38,40
226,354,44,42,44
11,188,89,86,94
443,309,42,47,47
57,78,32,26,28
957,135,46,47,50
943,423,46,45,49
382,221,207,209,227
1030,368,47,48,52
440,169,48,43,47
770,11,49,48,52
762,132,46,46,51
679,54,49,47,48
915,235,217,222,255
712,7,62,52,55
26,218,36,31,32
447,93,39,42,43
66,492,47,48,52
743,237,238,238,255
195,293,42,41,43
677,424,41,43,45
239,485,58,60,52
861,277,49,47,49
1073,460,245,243,254
1018,27,94,71,62
609,270,46,46,50
77,211,238,240,255
6,234,30,28,25
479,106,43,45,45
970,389,46,46,50
498,289,41,46,49
14,255,32,27,27
123,244,209,209,232
183,106,129,126,143
790,402,49,47,48
931,378,43,46,50
116,302,31,31,33
465,211,155,145,153
1122,3,232,230,245
617,447,175,183,208
592,417,45,41,46
85,24,110,102,111
826,211,60,52,58
1011,51,104,80,64
902,216,50,49,52
1177,101,239,235,251
641,381,43,45,49
170,0,166,143,168
1073,152,56,53,58
300,444,61,60,55
1174,480,235,230,247
1070,305,53,51,58
982,89,51,49,55
733,451,48,49,50
994,76,67,61,61
464,404,45,44,48
446,470,143,132,137
118,134,36,25,30
130,48,138,120,139
495,94,47,42,44
560,140,43,44,46
1111,330,235,231,249
842,127,41,47,49
484,338,47,42,50
703,111,47,45,47
391,286,40,46,47
760,421,45,47,51
577,229,232,234,255
590,455,132,120,115
1057,161,50,51,52
758,475,158,151,155
536,342,41,39,46
77,100,150,25,35
911,498,176,162,116
271,451,64,60,53
188,80,191,187,205
944,438,51,50,51
3,482,47,52,52
475,41,62,50,42
1180,320,236,235,252
1060,223,52,50,55
1179,280,237,237,251
1010,159,46,49,52
819,487,160,158,165
566,415,43,44,46
312,10,54,49,55
499,364,40,43,45
706,62,47,46,50
13,464,54,49,54
1021,289,48,48,50
616,60,44,42,46
275,335,43,42,46
664,225,236,238,255
640,344,44,43,46
813,247,239,239,255
21,209,31,30,31
1085,150,245,247,254
937,322,44,46,48
350,149,33,36,40
172,290,41,37,40
829,280,47,47,51
1113,254,231,229,246
1039,103,49,48,54
570,489,129,118,105
1038,276,233,238,236
222,2,169,155,179
1183,27,242,237,253
960,392,46,46,50
1040,208,50,50,53
908,393,44,46,52
754,408,78,74,57
396,7,39,29,28
1088,367,241,245,246
794,277,48,51,53
145,352,41,41,43
100,428,50,49,51
504,418,44,43,47
122,397,42,43,45
1115,111,230,229,245
1015,301,52,48,56
343,340,45,43,42
498,7,98,74,56
18,276,36,34,34
913,88,47,47,50
429,161,40,45,44
257,207,47,45,49
895,78,48,46,51
207,385,44,43,45
1098,371,242,239,255
678,392,55,48,48
562,380,45,43,45
439,122,40,44,45
754,337,48,45,49
575,494,168,163,169
575,497,171,170,166
446,267,235,231,255
805,353,47,48,49
443,148,44,44,46
439,408,111,118,140
903,499,170,157,86
82,373,42,42,45
782,288,52,48,52
534,152,46,45,46
85,80,151,25,32
1052,201,50,49,52
397,269,223,223,248
391,217,96,94,96
561,123,44,43,46
314,282,44,44,44
910,455,48,48,53
613,38,47,43,49
1175,123,240,237,253
471,250,148,147,170
358,183,197,196,217
1168,8,241,235,252
835,137,52,49,53
193,499,46,46,50
117,280,214,211,235
981,116,44,47,54
1185,307,240,238,254
801,81,45,46,47
1001,212,45,48,51
488,320,49,45,47
408,315,44,45,45
442,307,44,45,45
309,406,44,43,44
637,29,47,49,50
276,102,30,29,28
745,364,47,47,51
1199,248,238,234,253
488,415,44,42,46
692,285,44,45,50
585,39,46,44,48
508,485,132,95,71
791,92,48,48,51
622,461,97,98,101
26,227,33,30,31
691,390,45,46,48
957,359,48,45,48
446,379,86,88,96
183,14,156,53,72
1181,333,237,234,251
298,26,48,50,54
821,196,46,47,50
659,257,44,43,49
706,211,237,236,255
104,119,162,30,38
316,136,31,30,32
289,144,31,28,30
25,456,49,50,50
185,202,189,185,204
696,142,42,45,49
568,18,77,66,56
390,164,42,41,46
260,423,46,45,46
193,37,191,175,198
133,424,52,48,51
502,115,25,22,26
478,403,42,42,46
49,227,35,32,35
755,123,47,46,50
720,348,43,45,47
984,142,47,48,53
292,234,164,168,173
429,128,39,41,43
845,351,46,45,53
918,182,47,49,52
969,276,43,47,50
1001,325,48,48,50
1197,180,237,236,252
577,75,45,45,48
752,473,146,148,146
112,235,148,145,157
1079,241,53,54,60
791,116,46,47,50
244,457,73,70,53
1185,31,241,238,254
881,38,105,101,97
957,13,112,78,63
550,257,229,229,252
772,314,45,47,51
62,437,50,47,52
479,37,80,62,50
788,207,231,231,250
1032,448,48,44,53
1114,290,232,232,247
348,493,67,61,52
326,282,44,42,46
325,214,69,63,67
831,255,239,239,255
469,63,41,41,43
966,331,45,48,53
1126,349,229,227,243
626,233,80,56,96
386,207,202,199,219
732,203,239,237,255
1059,29,67,62,61
814,172,47,46,51
1176,284,237,236,251
972,247,49,48,54
459,399,54,54,56
544,192,227,228,250
452,462,183,182,199
1115,395,235,233,252
349,389,40,40,46
880,99,48,48,50
936,300,47,46,50
725,106,43,47,46
584,46,44,43,47
5,86,128,118,128
627,420,45,41,45
930,386,46,45,48
238,402,43,43,47
679,274,43,45,47
464,214,62,53,61
56,59,115,108,115
27,325,37,36,39
266,414,42,44,45
715,259,148,153,183
29,493,65,60,52
534,270,48,50,54
246,350,41,44,45
140,150,228,226,249
59,118,151,25,32
605,431,41,45,49
1005,326,45,46,50
114,66,145,127,152
395,426,42,43,48
541,407,43,42,46
758,414,46,44,51
1096,119,244,240,255
501,152,40,39,39
779,39,50,49,50
600,88,44,44,45
649,72,45,44,47
173,96,197,192,209
493,180,63,58,68
777,414,45,43,55
359,5,41,37,32
139,306,33,34,36
264,446,56,54,50
576,190,231,234,255
1113,38,233,231,251
673,256,45,45,50
294,212,190,188,208
547,478,157,156,165
476,414,45,46,46
480,153,41,45,47
288,146,34,27,31
101,362,40,39,42
127,190,183,184,209
637,397,41,46,45
805,282,44,48,50
979,50,89,68,58
815,334,46,47,50
1190,354,237,235,251
391,473,66,59,53
1142,490,232,228,247
1138,153,233,229,247
910,401,47,46,51
1150,55,236,236,247
426,5,36,27,32
894,308,48,49,50
394,444,203,205,225
1135,13,228,229,243
397,465,60,59,58
44,461,51,47,52
503,108,28,24,30
829,130,46,46,49
377,394,46,45,47
57,428,61,54,52
1150,49,234,233,247
1084,410,69,62,58
757,133,45,47,49
346,207,197,195,217
694,149,46,46,50
23,426,51,48,52
86,196,169,172,201
642,242,52,49,50
910,490,175,161,105
375,183,200,200,221
1059,161,49,49,57
1150,307,233,230,249
756,314,46,45,48
475,25,58,47,45
440,447,27,26,27
797,132,44,47,49
168,154,37,39,42
478,192,211,211,229
925,434,65,55,80
1187,268,239,234,253
115,60,157,139,162
1198,443,233,232,251
501,299,45,44,49
930,50,110,107,100
83,5,109,128,119
441,366,44,46,46
874,237,239,238,255
912,75,46,47,51
1149,316,232,231,245
883,382,43,48,48
655,208,237,238,255
1046,417,50,48,53
709,177,48,50,52
339,59,35,25,26
1037,216,48,48,53
543,460,121,115,120
236,386,42,42,45
339,266,209,209,230
51,25,61,60,66
484,229,88,84,89
861,89,43,48,50
550,310,41,45,47
1058,291,52,53,56
42,359,43,41,45
448,2,44,34,34
779,487,163,159,168
168,355,36,41,45
966,271,47,47,51
283,305,44,43,44
611,163,47,46,48
309,302,46,44,44
752,446,44,46,49
183,177,194,188,210
1085,156,251,250,255
887,167,44,48,49
709,11,56,53,54
819,284,44,49,51
72,365,41,41,43
1115,459,231,230,248
992,291,46,46,50
26,118,148,19,29
799,374,42,45,48
542,181,223,224,247
688,452,62,55,48
224,440,47,47,48
1193,163,242,238,253
39,159,168,30,40
822,415,65,49,106
21,46,60,62,67
846,202,48,48,49
1172,302,237,235,254
734,250,242,237,255
663,51,48,45,48
766,208,241,241,255
638,257,43,44,48
3,200,29,31,29
1062,143,50,51,56
338,291,46,47,47
556,388,42,44,45
521,201,222,219,242
1188,461,237,232,251
72,110,154,22,33
54,387,47,43,46
761,450,49,47,51
563,326,43,41,45
456,107,41,42,43
841,218,240,239,255
1023,83,91,80,66
450,20,73,53,39
772,482,156,152,161
18,221,33,31,34
170,184,193,193,213
343,36,35,28,29
722,163,46,46,50
804,342,45,43,49
1047,197,45,47,51
1093,391,247,246,255
230,150,31,27,29
44,185,174,35,42
67,366,37,40,42
615,87,45,44,46
875,317,43,46,47
1038,422,51,47,53
781,478,155,152,168
295,247,194,195,217
761,467,139,136,125
944,414,42,46,50
1023,395,50,47,47
343,51,31,22,27
275,344,44,41,47
393,135,39,40,42
221,20,175,161,183
69,324,38,36,37
103,112,159,36,44
676,493,111,83,63
192,380,35,44,49
29,403,44,42,48
602,177,46,47,50
127,380,42,43,47
507,277,46,46,46
534,349,41,43,45
774,2,52,51,52
1067,105,51,50,53
369,455,88,77,81
582,294,47,45,51
286,442,55,55,49
335,163,37,36,41
550,247,226,229,251
1139,368,228,229,245
210,254,200,198,220
329,191,190,189,211
475,291,54,52,55
1158,354,233,234,248
96,441,46,48,51
1150,165,232,231,249
547,16,47,47,45
1156,229,234,233,249
416,272,220,223,248
919,117,47,47,51
1047,253,49,51,53
159,271,212,210,232
311,105,36,26,32
257,107,35,27,30
186,214,195,190,206
480,248,110,105,105
724,212,239,237,255
855,280,45,47,52
511,245,222,218,242
56,416,59,56,55
516,252,222,222,244
361,141,37,36,38
938,426,47,46,51
485,372,41,44,48
191,61,171,87,111
921,246,48,49,54
761,313,44,45,48
997,238,47,49,50
431,332,44,44,48
1157,436,231,231,249
454,86,43,42,44
722,429,43,42,47
578,71,45,44,46
221,42,192,184,199
868,70,46,48,54
576,381,42,44,45
1174,459,236,234,250
44,209,115,109,112
973,227,44,46,49
452,175,46,45,51
1095,184,247,248,255
513,449,154,155,171
581,118,43,45,49
347,74,31,29,27
1079,163,59,58,59
257,8,42,32,34
626,268,47,46,48
1182,5,240,235,253
783,94,45,44,48
446,105,41,41,45
454,37,57,46,41
192,224,195,191,211
55,272,34,31,30
144,38,129,114,133
259,323,43,41,45
5,284,34,32,36
998,21,123,93,68
220,104,35,42,43
709,470,137,125,113
1190,322,241,236,253
671,449,44,44,44
408,369,43,43,45
895,126,47,47,53
1164,122,238,236,250
116,198,221,221,249
702,255,47,47,49
362,399,44,44,49
478,457,171,179,200
958,153,46,48,51
636,234,74,65,86
880,158,43,47,49
23,282,36,31,36
327,274,44,45,47
552,390,42,41,45
497,192,200,198,214
613,406,40,44,46
1088,431,245,241,255
622,224,235,234,253
828,324,46,45,49
972,327,41,44,50
348,131,36,34,36
324,191,191,189,210
270,13,34,31,33
1075,12,106,82,66
592,275,48,45,47
176,497,54,57,55
1080,174,55,54,59
1197,424,239,234,252
180,88,38,30,31
1194,60,241,237,255
358,130,39,34,37
1002,161,50,49,53
1125,9,230,229,246
854,305,45,48,50
766,17,47,46,53
842,158,44,46,49
489,53,44,43,46
475,410,43,44,47
592,358,43,42,44
847,1,99,97,93
789,276,227,230,255
174,411,44,44,47
898,128,46,47,50
898,460,49,51,51
286,171,187,182,200
838,102,49,48,49
743,395,46,46,48
249,115,29,28,30
271,60,50,48,55
1148,347,229,228,242
588,468,123,112,102
712,52,42,45,49
821,312,43,46,52
184,417,42,44,47
84,181,210,201,223
782,204,57,49,54
836,401,45,45,50
825,358,45,47,51
283,195,187,184,204
616,414,47,45,47
232,474,56,55,48
1150,346,234,231,244
822,460,47,49,50
236,306,46,43,47
1155,134,235,232,249
68,451,47,47,50
911,112,47,46,51
101,53,37,33,33
303,186,187,186,204
25,202,88,81,84
406,269,225,226,247
1098,418,243,243,255
1117,363,230,230,242
11,480,47,49,51
463,186,48,52,56
541,453,126,121,121
193,142,35,35,42
141,403,43,43,47
1091,37,251,251,254
410,100,41,38,41
694,439,44,44,49
871,42,93,94,90
476,310,54,54,58
373,273,46,49,49
459,495,120,116,65
601,83,45,45,47
959,173,46,46,51
147,388,44,42,44
766,181,46,45,52
1016,237,47,47,52
797,481,156,152,166
427,456,153,138,112
905,310,43,46,50
842,223,239,238,255
965,461,48,49,49
750,334,49,43,48
531,64,41,43,46
446,270,233,233,254
1089,286,168,162,184
83,451,44,47,49
995,257,48,47,53
775,176,44,44,52
29,298,38,37,37
1046,291,196,196,213
296,164,187,183,199
1141,166,231,228,243
932,197,47,50,51
807,88,49,47,54
942,374,45,45,49
152,340,39,38,39
367,22,39,29,28
162,358,43,41,47
970,36,96,72,61
792,366,49,45,48
1001,20,128,92,70
352,408,45,43,48
478,48,41,41,45
952,438,48,48,51
990,356,47,46,52
1168,466,233,233,247
330,48,35,28,26
896,246,241,239,255
981,342,45,46,49
978,369,41,46,49
253,229,191,187,208
681,243,52,49,54
626,293,44,44,47
1133,50,230,228,244
410,238,72,62,77
111,201,224,227,252
46,142,159,25,35
1003,153,48,48,52
152,253,208,204,228
279,50,47,45,52
778,149,49,44,50
133,65,160,141,167
496,103,41,43,44
221,474,57,61,52
820,178,47,47,49
859,134,45,45,50
937,113,49,46,50
0,78,117,111,121
852,199,45,49,53
681,2,48,49,52
769,479,154,151,153
248,44,107,106,123
660,429,46,43,49
848,478,164,156,105
1175,408,235,235,253
30,161,168,31,38
666,200,239,237,255
1178,374,238,236,251
612,42,43,44,48
986,303,44,46,49
645,435,39,44,48
183,53,173,157,182
939,207,48,48,50
476,309,50,51,55
399,326,42,44,46
571,277,47,45,50
416,468,142,133,131
45,427,53,50,49
724,349,43,46,47
231,190,189,183,204
150,185,205,201,227
614,379,43,44,46
168,170,192,192,208
163,28,169,151,175
352,115,30,29,30
147,100,142,130,148
912,259,239,235,254
1016,357,48,45,51
675,198,241,238,255
1183,427,240,236,251
337,417,44,45,50
64,131,154,29,37
548,101,45,43,49
823,164,44,48,50
400,371,42,42,44
819,293,46,46,51
976,462,48,48,52
1095,329,240,240,255
1074,293,67,61,71
132,230,164,161,188
311,75,33,26,30
320,446,78,75,52
378,76,29,29,28
116,365,40,41,44
972,257,46,48,51
1092,286,240,241,255
1074,29,103,101,99
221,325,44,43,47
260,124,34,28,28
966,197,45,47,51
1181,213,241,237,255
722,120,42,44,50
889,187,47,48,53
52,416,54,52,53
981,465,47,48,53
806,222,240,238,255
857,388,47,44,49
1044,108,47,50,53
863,99,46,48,52
545,382,42,42,45
747,449,47,47,50
1015,341,47,47,53
936,480,46,49,52
925,350,44,46,49
691,225,239,236,255
784,458,50,48,51
523,74,44,44,45
713,478,150,141,155
353,134,29,34,35
19,236,36,29,31
158,465,63,52,45
1039,328,48,47,50
53,332,38,35,39
233,312,45,45,45
55,308,34,33,33
162,212,160,147,160
1154,426,234,231,249
983,35,105,78,62
39,22,62,63,69
483,483,120,113,68
937,244,49,47,51
1035,464,48,51,53
785,11,48,50,54
11,342,42,40,47
533,442,157,150,164
1009,110,44,48,51
99,398,45,42,44
119,26,28,28,31
1021,352,47,49,50
777,428,47,45,53
371,311,47,44,46
717,201,243,237,255
975,199,46,46,51
680,159,50,47,50
212,248,199,195,218
842,65,48,48,53
537,192,227,227,249
537,470,161,158,175
927,248,47,48,52
878,243,147,146,212
612,396,41,44,46
618,177,46,49,50
495,338,39,42,46
79,487,51,49,48
601,447,174,181,206
1146,325,232,231,244
1148,44,234,231,248
380,317,47,42,46
592,15,54,54,53
921,195,53,47,52
503,95,66,64,64
451,128,43,44,47
715,132,43,47,49
1140,484,229,229,243
540,24,58,51,52
590,84,42,45,46
17,321,42,39,39
968,17,101,76,64
1160,3,239,236,252
217,153,35,26,31
690,51,46,46,51
275,448,69,66,51
72,136,159,46,66
1143,485,228,225,243
792,18,53,48,53
505,383,37,44,45
1197,445,235,233,251
448,49,38,36,41
526,294,44,45,45
1068,260,51,50,55
258,30,211,206,228
834,41,90,77,64
1171,344,240,236,251
959,149,45,49,50
311,363,42,44,48
584,170,44,47,50
1,273,33,32,34
1046,31,107,81,64
957,408,43,46,50
1093,79,107,104,79
1187,172,240,235,253
412,34,36,30,30
364,418,40,43,45
481,76,41,41,43
168,81,167,158,178
339,25,40,33,34
1023,454,49,47,50
1142,416,231,230,246
669,245,48,47,50
12,401,46,46,50
802,141,49,47,51
633,233,134,142,168
713,452,45,45,48
98,219,212,211,237
1071,413,51,53,56
154,29,167,150,175
630,160,47,46,48
703,329,47,44,49
518,192,223,222,244
434,485,30,29,25
424,161,40,44,44
883,411,45,46,51
523,123,44,45,49
56,261,37,31,33
522,486,103,97,70
872,455,48,49,51
1053,355,48,49,51
556,95,44,43,47
872,25,104,101,99
305,130,28,29,27
800,161,47,47,51
164,179,198,196,217
438,98,42,40,44
1114,207,234,233,250
985,408,44,45,50
892,110,46,47,51
888,48,101,98,96
812,332,45,47,49
872,477,48,50,52
650,359,45,44,47
927,427,69,61,52
1025,288,51,47,51
708,13,64,54,55
721,278,44,44,48
157,279,213,211,232
959,318,44,44,50
657,3,57,55,53
204,214,187,183,203
17,80,114,107,111
677,242,53,49,55
543,172,52,49,51
832,7,92,90,87
728,168,45,45,49
79,477,80,64,63
855,26,97,92,89
320,98,32,26,31
948,221,44,46,48
233,331,45,42,45
838,161,46,46,49
2,216,37,31,32
986,131,45,47,52
1036,85,70,63,59
361,363,42,44,46
1120,236,232,229,246
539,295,41,45,48
1137,189,233,229,248
246,319,40,44,44
281,405,44,44,50
198,322,46,42,45
1175,463,238,233,253
548,52,44,44,45
215,223,191,187,205
384,298,44,44,49
23,245,32,27,29
1086,422,182,179,246
504,280,46,44,46
579,153,47,42,46
488,268,71,64,89
303,316,40,43,44
965,369,44,46,48
686,361,44,44,49
299,372,43,43,45
55,130,149,23,33
806,93,45,46,49
837,31,79,77,70
1010,124,51,48,55
593,239,236,233,255
163,462,54,48,50
472,101,43,44,46
1052,453,44,48,52
977,230,48,46,51
970,135,49,47,54
10,188,73,73,80
946,327,45,47,49
1185,209,240,235,250
224,315,41,42,46
848,138,48,49,52
639,25,53,48,53
819,348,44,46,49
1184,88,238,236,253
404,402,41,44,47
485,477,116,112,86
435,394,44,48,48
1199,129,240,238,255
320,81,38,27,26
792,387,46,45,49
4,33,227,224,247
516,476,107,106,85
35,275,39,30,36
274,287,43,43,45
574,310,45,45,49
913,54,79,75,68
1036,208,48,49,49
127,382,41,40,45
22,118,147,18,32
964,404,47,45,50
34,107,48,30,39
1178,174,238,235,255
206,157,37,28,31
196,179,187,183,202
850,400,48,44,51
208,387,44,43,45
171,322,41,39,39
614,395,39,45,45
887,44,104,99,94
1070,112,49,52,55
1132,147,231,226,244
1198,317,243,238,254
868,127,48,49,53
834,110,48,46,51
257,192,188,184,204
7,390,49,44,48
713,165,48,47,50
133,218,194,194,215
283,472,95,85,56
31,43,72,64,72
956,35,93,71,60
479,426,43,44,46
335,424,42,44,48
594,29,49,49,50
433,340,43,42,47
980,238,46,49,52
173,381,40,43,47
548,219,232,229,253
414,310,41,43,46
1090,478,236,234,252
715,54,44,48,52
530,12,74,53,39
437,387,49,46,51
759,499,156,154,159
570,351,40,43,45
1097,85,235,237,255
301,151,34,29,33
215,28,178,166,188
1062,96,48,50,54
110,129,161,31,38
1025,362,48,48,52
397,453,199,201,220
1186,103,239,235,252
928,307,44,49,48
717,76,48,45,46
557,228,185,190,215
486,270,54,54,59
893,350,44,47,49
877,162,45,48,52
809,126,48,47,50
314,194,193,190,212
732,247,238,237,255
1014,222,51,49,51
858,198,46,47,48
919,86,47,47,52
468,272,88,85,102
503,294,42,44,48
375,461,142,129,144
178,0,177,153,176
732,96,45,43,52
612,487,169,165,184
499,81,44,44,47
185,284,58,45,69
183,229,47,42,51
554,112,45,47,45
1071,298,56,53,59
294,201,188,187,207
562,309,42,43,44
633,198,235,232,255
817,211,191,191,209
1063,89,65,62,61
229,202,101,92,117
231,407,46,43,45
521,248,223,222,244
731,327,45,46,51
579,422,42,44,49
938,206,49,47,52
689,59,44,44,49
437,78,37,39,41
3,339,41,40,45
314,98,33,26,30
1172,488,239,234,253
1010,262,49,47,49
433,208,216,219,234
753,470,136,133,122
516,178,198,196,208
603,29,47,47,53
144,216,198,191,214
172,401,47,44,49
869,314,45,48,49
273,235,47,47,51
700,219,239,238,255
961,451,49,48,50
178,237,198,195,212
336,473,138,138,148
511,82,31,37,37
604,322,44,44,48
99,340,34,34,41
46,424,53,51,52
38,321,36,36,37
824,279,45,46,51
225,129,34,26,31
453,374,21,19,24
325,138,34,30,35
281,463,103,100,71
716,469,150,141,150
1082,36,245,241,254
133,109,162,35,42
1119,253,227,225,244
931,483,47,50,51
997,117,49,47,56
66,391,44,44,47
176,52,168,158,180
6,490,55,55,54
621,479,174,173,181
123,48,161,143,165
302,388,40,42,46
165,144,47,47,56
890,140,48,50,51
266,471,111,103,80
72,45,113,102,113
935,276,47,46,49
790,233,232,239,255
702,171,44,46,51
725,121,48,48,49
957,278,44,47,50
427,264,231,230,252
156,4,32,32,34
780,227,112,109,95
58,487,88,84,77
488,377,41,43,47
897,311,43,46,49
440,220,105,96,106
98,281,33,31,32
1135,172,227,228,243
876,189,49,45,50
994,21,124,93,67
1045,214,49,48,54
1029,53,114,98,74
1048,404,43,47,51
239,318,44,44,45
282,425,61,59,48
187,112,124,124,143
1061,416,47,48,52
1151,215,234,232,248
206,294,42,41,44
1033,204,48,47,51
1146,276,235,231,247
652,214,236,235,255
858,114,47,47,52
755,201,108,105,119
391,125,40,38,38
642,426,43,42,44
858,383,45,48,51
392,372,44,42,45
122,282,96,106,137
295,91,38,28,31
796,329,42,46,49
326,358,42,43,46
930,334,44,45,52
836,333,44,47,51
551,2,92,74,55
252,43,132,126,155
426,99,42,38,43
205,26,188,171,189
526,130,40,46,48
1138,50,233,231,246
823,138,46,44,52
1023,215,48,49,52
660,149,41,48,49
637,127,43,46,47
809,239,70,56,91
544,77,43,44,47
1013,304,48,47,49
1082,82,58,59,62
682,108,43,45,51
143,394,44,42,46
1110,472,228,228,244
1176,137,242,238,251
779,67,48,47,52
653,408,43,45,47
152,186,204,201,223
819,444,48,46,53
814,104,46,47,50
345,109,34,31,32
76,280,35,30,32
1145,235,233,233,246
230,469,98,95,64
1130,418,230,228,244
93,420,60,59,53
334,35,50,44,45
580,229,234,233,255
279,196,191,186,204
804,101,44,47,49
106,343,41,33,36
400,83,35,34,33
943,93,48,47,51
799,174,44,46,49
707,430,45,44,49
982,312,47,46,48
473,51,36,41,43
484,129,43,42,46
964,479,49,47,52
748,174,44,47,50
304,192,186,187,205
965,114,46,49,53
1064,219,47,51,54
1198,232,236,236,253
734,166,45,45,48
963,157,48,48,52
932,487,49,52,53
31,307,31,31,34
352,29,40,30,31
262,400,43,44,47
188,270,207,205,224
820,340,43,44,50
1154,80,235,235,250
229,21,174,164,186
433,349,43,45,47
1175,443,234,234,250
71,208,116,117,134
914,464,46,47,51
786,43,52,49,55
799,428,47,49,46
587,271,205,206,240
87,340,38,35,39
1059,114,49,49,55
210,174,188,183,204
592,146,46,45,47
486,197,28,27,28
1190,304,244,237,253
952,191,44,47,51
427,288,46,45,49
659,375,46,45,49
795,12,49,48,53
1093,488,240,235,255
835,120,46,47,50
990,371,47,47,50
67,172,169,37,47
158,6,41,27,48
879,398,46,48,48
588,457,117,108,102
341,20,43,35,37
776,240,222,230,250
751,321,49,44,48
77,393,46,43,47
41,223,29,31,31
474,83,40,43,42
30,277,37,29,34
167,366,39,44,42
24,430,50,48,52
872,119,44,47,52
750,492,163,154,153
110,266,41,39,41
573,282,43,44,47
564,187,233,230,253
335,27,39,32,31
632,156,43,46,47
460,278,198,199,229
619,488,104,98,83
1169,347,233,228,245
520,68,44,42,45
267,244,65,53,61
297,68,34,29,30
829,438,44,46,51
184,415,45,44,46
179,441,52,50,54
296,21,45,36,58
598,28,51,48,49
836,227,241,242,255
152,243,205,200,226
292,62,35,33,35
1100,484,239,234,253
455,350,32,28,36
632,317,43,46,48
864,132,49,47,49
736,127,47,45,50
690,206,240,240,255
684,100,44,47,49
412,425,42,43,45
1018,284,50,48,51
457,285,49,47,51
255,20,88,70,97
652,102,46,44,48
295,150,32,30,31
95,459,53,53,54
529,238,134,133,123
106,295,34,33,36
819,425,52,48,51
454,264,233,234,255
740,169,48,48,51
67,231,38,37,44
19,272,34,33,34
145,158,161,155,170
241,341,42,46,46
1123,403,230,228,243
682,380,47,45,50
680,363,45,44,49
545,495,112,102,72
866,45,104,96,93
722,198,239,237,255
8,349,43,44,45
979,295,45,47,49
788,39,47,51,53
483,29,72,55,48
197,260,203,202,223
346,28,43,31,35
196,406,43,44,47
1161,155,237,232,250
200,245,199,193,214
436,339,48,42,47
166,97,203,192,210
785,142,47,46,50
200,279,207,210,231
889,366,46,47,49
88,236,218,217,241
852,219,235,236,255
521,460,159,156,170
1141,92,230,230,243
1163,86,236,236,252
946,375,48,48,48
566,410,41,43,44
1056,298,163,169,219
1101,437,236,235,253
542,180,221,224,246
1192,454,240,235,250
322,382,48,44,46
173,13,162,145,166
1091,198,236,236,251
1142,346,230,228,245
137,466,47,48,50
1160,174,237,235,249
85,139,160,28,35
734,103,44,46,49
1045,361,52,48,53
860,306,46,47,52
940,312,44,47,49
600,497,177,179,186
787,181,42,48,48
1141,181,235,233,244
1167,488,235,232,249
867,374,51,44,48
1,196,28,25,27
457,487,182,184,201
101,274,37,36,38
761,32,53,48,54
448,322,44,47,48
636,315,43,44,47
884,372,48,46,51
892,426,70,61,103
562,22,49,47,47
815,39,50,51,56
676,42,45,46,50
249,306,42,43,48
796,214,239,240,255
900,430,182,189,202
275,223,190,187,208
330,1,74,66,67
964,156,47,46,49
622,400,45,42,49
196,51,196,185,207
614,267,44,45,45
172,268,206,207,231
867,281,47,46,52
388,118,36,37,37
378,91,33,29,33
932,441,50,47,51
347,22,37,28,29
843,346,48,48,50
584,97,42,44,48
377,257,214,212,234
784,414,45,48,49
854,337,46,44,49
402,401,42,43,45
235,359,46,44,44
1080,94,250,247,255
755,21,49,49,50
1114,17,234,233,250
1014,44,103,84,60
674,372,41,44,44
257,262,199,198,218
619,177,48,50,53
861,412,46,47,52
668,321,48,44,49
604,66,43,43,49
1092,92,116,105,176
751,454,46,46,48
1,93,129,22,25
384,447,183,196,213
501,421,44,40,46
991,355,48,48,52
342,37,33,32,28
1138,179,231,228,246
170,115,111,104,128
756,122,46,47,50
909,64,105,98,97
639,30,47,49,50
1101,436,235,235,255
744,416,46,44,52
453,396,107,109,108
1100,464,236,236,251
741,7,50,49,52
940,100,48,48,50
141,422,46,47,51
407,30,35,30,33
1186,455,238,236,254
812,59,47,49,50
971,37,98,73,61
1172,13,243,238,254
345,344,44,44,46
244,337,41,45,45
862,120,46,47,53
220,324,42,43,46
152,23,158,139,163
135,85,154,137,161
212,205,45,39,43
1184,460,234,235,246
911,38,96,88,82
622,85,41,43,47
693,162,44,45,49
724,305,42,42,48
14,490,48,51,49
1194,403,241,236,254
735,174,45,47,49
143,497,48,45,51
716,369,45,46,49
458,163,42,43,46
468,0,66,54,40
168,225,197,193,212
196,490,47,47,46
1000,67,59,55,56
1023,437,47,46,50
623,137,44,46,48
718,174,47,47,49
249,302,43,44,46
842,278,47,47,48
826,389,45,44,47
908,219,46,50,52
188,264,205,204,224
945,294,44,43,49
1050,360,46,50,54
1119,28,230,229,247
588,144,42,45,48
995,315,46,47,50
723,312,45,46,49
353,126,32,34,34
267,139,31,27,29
1014,466,48,47,53
818,91,48,47,51
6,480,49,49,52
1042,201,48,47,52
135,476,49,45,51
782,424,44,47,49
670,460,90,72,55
483,50,37,42,45
542,98,48,44,46
450,223,231,229,252
116,23,30,30,30
357,11,45,37,36
930,24,91,67,60
606,46,47,46,47
720,265,48,49,53
212,173,187,184,205
219,33,189,173,200
1199,386,238,237,254
1088,219,254,255,255
141,45,130,114,133
460,415,50,48,51
767,378,38,45,47
521,341,46,42,45
887,466,49,49,52
45,329,36,38,39
178,110,126,130,145
814,324,47,45,49
972,18,102,76,62
303,285,43,42,49
283,73,37,32,32
1184,304,239,236,253
935,219,48,46,51
521,463,152,149,162
782,95,40,47,48
347,87,33,25,26
1154,488,233,229,243
1036,339,47,47,53
566,162,44,45,48
175,463,49,49,49
671,339,47,46,48
364,37,34,26,25
738,284,44,41,48
210,492,49,46,46
198,308,43,42,46
1171,319,236,236,252
555,52,44,43,46
574,481,146,131,124
143,87,144,130,148
212,304,40,40,46
45,156,163,28,36
429,201,224,223,243
596,239,234,237,255
930,106,44,47,50
751,364,45,42,48
93,372,42,38,42
903,452,49,47,52
487,443,169,174,190
1104,11,243,237,255
342,390,45,43,46
165,483,44,45,46
446,317,47,48,53
589,476,111,104,93
886,439,48,46,50
520,470,125,119,131
1094,221,246,248,255
955,482,47,47,51
295,48,37,42,48
267,321,42,43,45
853,287,46,47,49
787,456,47,48,49
81,473,105,88,87
929,297,46,46,49
26,493,67,63,54
290,425,59,56,44
968,1,102,82,74
479,238,26,22,27
150,396,42,44,46
194,38,194,177,201
109,26,34,34,31
228,77,104,108,125
602,339,45,44,46
661,12,48,49,49
212,41,197,181,204
1155,214,237,233,250
204,267,203,201,228
905,32,100,91,81
749,36,50,51,50
372,280,44,42,49
1055,89,65,58,60
384,323,44,43,46
661,144,47,49,53
732,354,43,44,46
1078,237,55,53,55
854,167,42,46,50
828,4,92,90,86
303,498,49,46,47
778,470,167,161,171
772,397,43,45,47
1164,310,238,234,253
470,320,54,52,54
680,453,103,78,55
1060,487,45,51,55
1092,472,238,234,252
146,141,131,130,148
318,74,31,25,29
943,39,101,75,62
757,2,48,49,52
1187,210,240,237,253
696,406,45,46,48
905,473,51,51,49
972,355,44,48,49
83,442,45,48,49
187,470,93,94,89
469,45,41,41,42
52,0,227,227,248
890,20,74,70,64
432,357,44,42,44
32,3,223,223,244
676,114,44,46,50
1119,32,233,230,248
180,335,41,42,44
673,494,109,80,58
1179,399,240,235,253
489,499,106,96,58
983,151,46,48,50
821,70,49,46,51
19,148,165,30,34
711,305,44,45,48
996,143,50,48,52
1061,116,50,51,53
979,112,46,46,50
538,68,39,44,47
424,499,73,75,85
859,129,42,47,50
231,401,44,44,47
688,422,42,43,49
555,497,129,122,104
787,267,241,239,255
149,362,39,40,43
69,437,46,50,52
621,483,177,172,181
789,412,64,65,83
1099,300,237,236,254
642,32,51,51,53
825,272,48,49,51
376,468,57,55,51
199,117,35,37,41
793,189,46,46,52
266,343,44,43,48
780,448,46,46,50
396,104,39,38,41
940,490,55,52,49
187,371,42,45,47
1058,499,43,50,54
854,415,52,47,65
542,120,46,46,50
892,257,242,239,255
410,446,63,60,63
1030,449,47,48,49
697,465,121,98,69
1179,80,237,235,252
585,326,41,45,45
903,327,46,46,50
444,288,44,45,49
94,263,41,36,47
170,105,204,196,217
570,116,46,44,47
538,211,85,70,73
444,493,182,182,202
569,357,41,41,46
467,75,41,40,45
470,94,43,43,45
135,35,137,117,139
726,13,50,49,52
489,87,44,44,45
225,105,33,35,43
559,43,44,41,48
369,176,197,193,214
1131,432,227,224,241
536,56,45,44,46
1196,75,239,234,254
728,362,43,43,47
302,175,188,186,206
360,480,77,72,63
1080,199,55,53,60
647,97,47,46,49
466,233,233,229,253
498,326,41,41,46
599,42,45,43,49
63,354,37,40,42
284,429,80,77,56
501,50,40,44,46
641,107,45,46,48
667,212,237,233,254
122,39,163,147,169
1143,330,233,230,246
842,474,54,51,52
535,334,41,42,44
702,422,44,44,45
1097,225,241,240,255
1044,482,48,50,54
66,458,50,49,49
1124,64,229,225,242
1149,145,233,233,246
456,10,80,63,50
1097,475,235,235,250
383,198,207,206,225
321,476,110,105,110
900,184,47,46,53
712,178,47,48,53
1031,338,48,50,53
645,219,238,237,255
174,421,63,63,55
895,352,43,46,49
869,160,45,48,52
1128,296,229,226,245
610,468,140,136,124
815,208,55,53,56
965,282,49,49,49
96,272,34,32,33
969,15,104,80,63
307,437,69,68,54
701,12,49,49,51
949,138,46,46,49
671,267,49,47,50
956,479,48,51,50
1007,180,48,49,53
144,267,212,211,233
750,171,47,46,51
1137,347,233,230,245
1116,261,233,229,248
656,203,240,236,255
473,171,45,45,46
396,410,44,41,47
348,430,94,88,60
871,282,49,45,50
980,256,44,46,51
157,415,40,45,47
226,351,44,44,42
256,240,57,53,59
513,442,160,159,174
1007,453,48,48,55
77,301,37,29,33
1037,42,101,80,64
883,11,81,70,64
217,225,187,184,206
101,10,117,106,115
646,428,41,43,43
526,363,38,42,44
167,465,54,52,53
1178,238,236,235,252
303,403,43,45,44
38,116,148,24,34
634,434,44,44,46
973,109,44,46,51
1086,424,184,181,248
1074,299,51,50,57
1000,306,43,47,50
827,467,49,48,50
995,45,113,83,62
128,184,218,221,247
187,133,39,41,46
145,454,49,49,51
1089,69,201,201,213
4,495,46,49,51
312,296,43,42,47
435,397,47,48,48
116,304,34,33,34
189,346,43,42,45
297,132,28,28,29
879,118,48,48,50
919,62,75,71,65
1106,246,236,233,251
1166,373,238,234,251
629,351,45,46,48
190,458,50,47,49
336,206,176,175,191
637,254,46,47,49
662,123,47,45,47
585,309,44,44,45
678,189,238,239,255
310,176,189,186,204
424,353,46,43,46
616,493,133,128,121
901,319,43,43,51
467,2,63,51,39
892,131,47,48,52
598,396,40,43,47
1172,194,240,235,252
490,38,84,63,52
835,495,151,148,124
667,180,235,233,254
466,31,93,70,52
651,163,46,48,51
784,339,46,44,47
238,446,45,48,49
661,158,49,45,49
16,37,70,64,74
750,235,66,58,80
396,17,34,27,29
1019,365,46,45,51
620,445,190,199,223
943,134,50,45,52
272,436,68,67,53
5,299,37,36,39
146,17,190,188,205
645,9,51,49,53
592,35,44,43,46
632,40,46,46,49
20,180,100,97,102
1109,97,230,232,249
588,37,45,45,47
32,169,173,32,42
936,291,48,44,49
63,9,231,228,254
536,346,42,44,47
1078,434,234,237,255
496,70,42,43,46
988,301,48,43,53
200,307,42,42,43
939,326,48,44,50
1085,390,252,255,255
106,491,49,46,50
205,225,192,188,207
166,142,52,44,59
1136,471,229,223,240
502,46,44,43,44
349,381,44,44,46
105,394,46,41,46
1179,365,237,235,251
1074,331,52,53,55
866,248,239,238,254
551,86,46,45,50
82,454,47,47,48
472,416,40,43,46
819,379,46,46,47
399,108,38,34,40
365,34,36,23,29
72,421,56,59,54
1038,229,50,46,52
274,123,35,27,28
1134,19,232,231,243
289,99,33,23,27
824,303,45,48,49
447,31,50,41,39
12,344,42,42,46
78,87,151,22,33
890,168,51,49,49
418,284,43,44,46
483,99,41,42,46
273,153,37,31,32
295,274,40,44,45
865,497,99,102,64
1067,327,52,49,54
243,130,33,24,29
708,355,41,45,48
923,256,49,49,52
576,207,230,233,250
382,85,30,29,31
860,311,48,46,51
707,50,47,45,49
500,12,77,58,47
269,413,45,45,46
611,480,179,174,179
532,18,73,57,44
818,190,48,46,52
149,473,48,46,50
799,50,51,49,53
433,97,38,39,40
120,387,40,42,45
694,310,44,45,46
640,421,45,44,46
1185,94,237,235,255
672,24,49,47,51
975,136,46,46,52
631,465,118,116,120
561,125,43,42,43
933,455,51,51,55
888,493,176,162,113
649,269,45,45,47
213,207,82,79,97
1190,16,237,238,255
1071,42,111,101,110
388,75,30,27,30
120,12,119,113,125
548,438,157,155,165
789,333,46,45,50
88,189,172,161,184
76,99,151,25,32
1057,278,54,53,57
280,312,47,42,46
678,168,49,45,50
150,70,158,147,170
951,255,45,48,49
379,377,41,42,45
892,423,52,48,55
805,320,41,44,50
338,61,30,25,29
409,383,43,43,46
976,221,44,47,51
1062,484,50,52,57
1095,256,241,238,255
762,454,48,46,51
1130,474,226,224,240
44,153,166,27,33
233,138,30,28,31
159,62,136,121,139
1006,383,46,48,51
670,313,44,47,49
258,109,29,28,33
464,272,221,218,243
850,234,242,239,255
536,61,51,51,52
312,468,129,123,101
1033,15,107,83,67
1076,61,99,81,66
919,280,49,47,51
445,259,234,230,250
158,243,165,157,162
911,336,47,47,50
729,491,150,147,160
198,31,184,138,147
1130,486,229,224,238
737,389,46,44,47
1016,246,46,47,51
1061,362,53,50,52
682,432,42,45,48
1005,393,48,47,48
710,411,39,46,48
766,315,46,44,49
254,202,182,180,201
373,161,42,41,44
57,249,35,35,34
741,347,42,44,47
59,193,43,34,34
246,304,44,42,46
959,143,45,46,51
1155,326,237,232,249
863,305,48,47,50
487,434,187,192,212
768,308,43,46,49
75,240,47,44,51
538,254,228,228,249
990,89,49,48,52
929,213,48,50,49
767,110,46,47,48
1042,488,49,47,52
1122,344,231,229,245
871,223,239,238,255
59,444,50,48,52
1031,403,46,47,51
335,155,34,36,35
162,208,50,45,48
963,457,67,64,51
61,221,100,98,106
227,7,174,162,185
1038,10,101,83,64
21,407,44,46,48
300,276,44,43,46
976,71,78,67,59
350,224,202,200,223
937,212,45,48,52
303,163,107,105,112
101,120,158,29,34
973,478,47,48,53
865,60,95,79,60
674,233,239,236,255
985,46,103,73,63
998,350,45,46,52
151,204,50,47,53
395,339,44,44,46
879,17,99,94,90
746,0,48,48,53
821,492,154,146,141
480,358,46,44,48
906,352,46,45,47
179,136,38,42,47
1107,286,233,229,247
989,260,47,45,51
397,125,40,40,39
33,444,49,49,50
863,487,155,142,91
1002,368,46,47,53
857,360,45,46,48
825,40,63,59,57
781,274,240,238,255
902,361,47,47,48
47,9,226,224,247
236,434,55,58,55
521,221,222,219,245
184,383,45,44,47
784,252,243,240,255
433,251,228,227,249
403,272,193,191,224
243,335,45,45,49
1128,482,226,223,243
1122,293,230,226,242
389,128,37,38,39
661,5,50,48,52
615,84,43,45,47
661,389,136,128,142
1137,145,230,228,245
4,358,39,42,46
937,437,87,100,146
544,119,44,45,48
973,138,49,49,53
390,199,208,207,232
254,235,186,185,204
227,260,202,201,224
1136,455,228,226,239
1020,237,52,48,53
1096,90,244,243,255
275,127,30,30,28
1134,51,228,226,243
949,397,48,44,50
1154,252,237,235,251
551,19,46,47,51
330,72,30,27,28
606,357,45,44,46
993,396,45,47,50
395,75,32,30,30
752,425,46,46,50
559,410,45,43,47
38,237,35,29,33
833,191,48,48,50
467,411,45,46,47
211,288,45,41,46
897,151,47,47,50
78,323,35,34,35
405,214,212,211,235
729,209,238,235,254
325,417,43,42,45
503,344,46,42,44
653,490,96,74,56
958,93,47,46,51
1173,1,240,237,253
203,118,33,37,40
559,139,45,43,47
937,131,47,47,50
27,489,64,61,52
67,300,33,32,33
877,256,237,237,254
601,108,49,43,47
255,121,28,24,28
527,91,43,44,49
324,295,44,42,45
621,106,46,44,44
1038,42,98,79,63
202,110,43,45,50
292,49,44,43,50
635,499,144,140,152
857,369,46,48,50
499,342,47,42,48
1097,376,242,243,255
304,374,42,46,43
663,216,58,58,64
761,39,49,50,56
749,37,47,50,51
882,437,47,46,51
975,106,46,48,53
1155,201,238,235,251
959,92,46,48,51
495,173,37,36,38
47,162,167,32,39
1002,108,48,48,51
1023,11,107,82,64
879,144,46,48,50
1193,18,241,237,255
671,27,49,49,50
525,401,41,42,44
770,490,161,154,165
517,142,42,43,48
195,108,102,106,123
18,56,140,143,143
595,264,52,49,56
91,66,144,121,144
728,409,44,43,48
671,144,49,45,50
1191,448,236,234,251
448,58,41,39,40
219,275,207,205,228
739,378,45,46,49
510,368,43,41,50
32,463,48,48,50
854,164,46,47,51
705,6,55,52,53
56,359,45,42,44
946,258,45,46,51
640,231,237,235,255
1085,202,53,55,58
70,7,231,228,255
1103,105,233,233,252
1058,318,48,51,52
727,465,150,145,156
884,414,44,48,48
1083,351,251,248,255
398,462,116,123,132
285,46,50,47,53
539,409,42,42,45
449,22,66,48,41
684,478,112,87,67
845,90,47,46,50
728,124,47,47,51
706,139,45,46,50
12,222,35,27,28
1055,175,48,50,52
556,444,138,129,134
378,229,210,210,231
54,11,229,230,253
1172,355,238,238,254
771,1,50,50,53
244,406,43,41,45
557,465,141,140,150
527,336,41,43,47
1011,288,49,47,52
716,81,46,46,47
685,445,44,44,47
108,188,182,184,208
667,362,48,45,49
36,30,230,229,251
290,33,52,52,57
238,497,77,72,54
460,174,48,46,48
1099,170,242,240,255
52,167,170,29,39
584,278,47,45,50
817,391,41,44,50
120,3,119,113,121
1189,457,237,234,253
276,214,186,188,205
11,309,38,35,41
684,56,43,47,50
934,33,90,67,58
669,140,45,47,46
447,470,143,135,141
344,125,31,30,32
274,172,188,182,203
990,173,44,50,52
315,177,192,187,207
1002,99,46,47,50
594,126,45,44,48
1008,491,53,48,49
950,191,46,49,52
1159,194,236,234,251
805,227,242,243,255
785,120,48,48,50
644,311,45,47,50
507,493,116,104,62
154,341,37,39,43
597,450,177,171,184
47,298,36,31,33
443,210,222,224,248
1185,452,235,234,249
828,315,48,52,59
754,52,44,45,51
223,209,71,56,80
391,237,95,91,95
532,423,40,41,46
122,367,38,43,43
907,409,46,45,49
929,472,50,50,52
306,328,42,41,46
973,127,44,49,51
958,450,47,45,52
1030,117,49,49,52
1165,439,232,233,253
1196,309,237,236,252
559,380,41,41,45
1014,357,45,48,52
1010,456,47,47,52
320,19,39,42,42
768,105,49,47,50
1078,441,56,52,56
528,84,45,45,48
55,264,35,29,32
880,227,243,237,255
817,63,43,46,49
287,351,43,44,47
146,421,49,48,50
712,343,42,46,49
235,152,34,26,31
1103,279,236,232,249
805,255,242,238,255
547,50,45,42,47
974,264,44,47,52
585,447,142,132,140
135,135,39,31,40
791,300,43,47,50
349,26,38,34,32
371,380,42,44,47
824,354,47,45,49
784,298,44,46,51
776,97,47,47,49
639,79,45,45,45
271,10,47,33,50
950,92,48,49,52
863,265,240,237,255
678,210,98,94,116
21,490,62,62,53
895,379,45,46,47
1190,156,238,237,253
411,325,41,42,47
634,315,44,43,46
93,219,212,214,237
868,396,46,44,50
1005,82,91,79,68
306,190,191,189,210
1082,47,58,58,62
170,75,160,145,165
89,38,120,111,119
551,364,41,41,46
1171,183,237,235,251
944,157,46,49,50
746,284,44,45,49
406,454,64,58,53
759,340,47,46,50
195,306,38,37,43
161,465,58,51,49
717,286,44,44,49
287,99,32,27,29
1020,73,100,86,72
1176,160,238,236,254
1013,483,48,48,53
972,213,46,47,51
649,97,46,46,50
265,134,33,27,26
1175,470,234,231,249
666,285,43,45,49
89,60,187,188,202
454,22,81,56,44
85,241,220,219,242
1193,133,239,237,253
1182,91,238,237,252
51,104,151,22,33
230,296,44,44,48
212,335,42,43,46
261,259,199,196,219
711,26,62,56,55
823,301,46,46,49
635,344,44,42,46
764,343,45,45,49
203,373,47,43,47
399,261,221,223,244
888,46,101,97,94
863,375,42,46,49
1177,117,238,237,254
984,123,44,47,51
49,211,106,104,106
960,146,48,48,53
22,426,56,51,54
780,316,44,48,51
263,485,84,71,53
122,1,116,107,120
525,302,39,44,43
530,150,41,44,47
708,494,116,100,77
408,201,211,211,234
662,214,64,59,86
773,164,46,47,51
437,266,231,231,255
779,392,49,46,50
628,12,48,50,51
831,462,46,46,51
874,222,241,238,254
131,470,49,47,48
443,197,229,224,246
472,251,92,89,102
181,72,147,133,156
437,154,43,41,45
929,0,134,88,67
510,468,123,115,120
1140,306,230,228,244
20,346,41,42,43
211,282,205,207,228
827,439,45,45,50
249,15,45,35,41
682,453,104,81,59
581,319,39,46,45
84,6,41,26,27
1137,435,228,226,243
145,97,143,132,150
151,137,130,133,152
352,459,66,65,52
840,112,45,48,50
785,380,46,47,51
197,261,203,200,223
808,136,46,45,50
470,35,76,59,47
88,166,34,28,30
38,147,163,26,37
383,267,220,217,241
637,30,46,49,53
567,422,42,45,43
437,112,43,41,45
311,85,28,25,28
1158,400,238,234,247
902,453,46,47,51
1073,27,104,97,97
743,9,53,50,51
576,266,233,234,255
97,284,36,32,34
122,214,203,201,225
82,31,123,111,121
950,492,64,54,49
1119,14,234,229,248
941,377,47,48,50
43,305,38,34,34
450,479,179,183,200
384,305,41,45,48
824,466,43,48,50
848,367,45,46,47
399,107,37,36,38
554,339,45,42,47
34,118,148,21,31
712,80,48,46,51
991,473,44,50,49
521,469,135,134,144
154,442,46,50,49
1079,275,57,56,60
11,280,34,30,29
632,233,116,122,147
658,493,100,73,56
870,450,48,48,51
871,130,47,46,52
919,116,46,47,51
580,168,48,45,48
102,215,216,217,241
1125,336,231,228,244
548,355,35,42,44
1003,369,50,48,54
453,22,81,55,42
945,300,47,46,49
1045,155,51,49,54
231,103,37,36,40
698,232,239,236,255
269,165,187,183,202
411,81,38,35,36
864,248,243,240,255
488,269,57,55,57
619,116,46,45,46
1033,377,45,48,53
1162,491,237,234,250
908,101,46,47,51
465,59,41,39,44
400,374,46,41,47
397,129,39,38,40
550,456,154,152,158
1133,29,230,227,242
127,489,49,47,50
433,80,39,38,42
455,174,44,45,49
350,357,47,42,44
1138,228,230,230,244
1154,157,233,233,249
92,475,82,75,74
974,282,48,46,49
367,361,44,46,45
115,256,215,210,234
1036,24,109,82,62
733,99,46,46,49
569,40,45,44,48
594,193,235,233,255
233,297,46,41,47
913,293,45,45,49
604,111,43,45,47
333,293,46,43,48
21,272,33,31,33
896,54,104,100,96
96,360,36,37,40
58,481,56,51,47
940,189,46,47,46
981,331,42,46,48
626,468,166,166,168
722,286,43,47,48
539,306,38,45,48
691,17,49,49,52
565,63,41,44,46
1012,41,104,83,63
889,317,47,46,51
493,101,36,43,43
177,291,39,38,41
849,212,51,51,58
968,344,46,45,48
748,227,232,238,255
443,406,26,28,35
1035,451,46,45,49
460,407,49,47,49
189,462,46,47,49
280,379,43,43,47
731,362,44,45,46
328,167,35,39,39
889,177,47,49,51
457,8,59,46,40
625,2,53,49,50
904,251,240,238,255
1009,96,48,49,53
531,4,71,56,36
1140,108,231,229,245
1103,424,238,238,255
904,36,87,81,75
356,382,45,44,46
683,256,44,47,51
251,410,40,43,47
277,469,84,76,50
1113,82,234,229,245
627,409,46,42,47
719,107,50,45,49
655,28,51,48,49
491,349,42,43,46
1085,493,204,201,152
927,117,53,47,51
803,253,240,241,255
43,295,36,34,34
837,232,237,237,255
307,197,193,190,210
90,386,44,43,46
651,92,45,47,46
602,206,233,230,254
835,345,44,46,50
818,177,47,46,53
1165,282,239,237,251
540,431,44,41,49
381,290,44,44,47
254,9,53,33,57
394,342,44,44,45
1071,438,55,52,56
1108,196,238,236,251
725,178,48,47,49
73,150,161,30,38
703,254,49,48,49
22,328,37,37,40
433,415,52,50,52
649,194,238,238,255
1116,129,232,231,248
721,469,153,146,162
1100,406,244,241,255
570,206,183,183,224
566,428,45,43,45
456,11,94,74,59
794,84,48,45,52
304,120,36,29,30
571,318,47,44,46
1117,256,231,228,245
48,122,150,24,29
363,252,212,212,236
42,196,80,80,89
1141,227,230,230,247
556,426,41,43,46
1062,110,51,50,54
674,402,40,44,45
1092,295,241,237,254
997,41,114,88,62
545,387,37,45,43
277,178,185,181,202
901,238,242,237,255
398,228,214,214,236
582,29,48,45,49
30,315,40,36,37
1056,385,49,50,53
26,275,40,32,35
860,53,105,88,65
726,315,45,45,49
326,233,45,50,52
394,38,42,33,33
1183,127,237,235,252
1139,41,228,230,246
947,308,42,46,49
971,51,79,65,58
371,310,43,44,44
745,22,46,50,52
550,462,153,154,158
443,311,41,43,48
973,176,48,46,50
991,7,130,99,69
416,7,42,37,35
153,306,36,35,36
1175,310,236,233,249
397,142,39,41,42
1011,365,47,47,52
387,182,52,49,53
815,455,48,49,52
246,129,35,27,28
1136,134,231,225,241
1018,186,49,49,55
947,275,48,47,48
486,321,42,44,47
556,178,170,165,176
907,332,46,46,46
917,263,49,50,58
293,106,28,26,28
1175,247,235,233,249
411,398,45,42,45
949,140,48,47,51
445,392,75,75,81
1155,299,237,234,250
639,240,46,48,51
45,361,42,42,46
610,460,156,158,170
500,334,43,42,45
85,173,204,199,221
1178,284,239,236,251
652,63,43,45,48
343,360,43,45,46
1163,197,237,234,251
960,3,110,81,65
512,391,39,43,44
360,404,46,42,46
514,180,215,215,234
609,9,48,48,54
470,464,177,180,199
794,270,224,225,253
987,221,46,46,48
866,300,45,46,50
833,60,43,46,53
159,1,34,33,33
10,215,34,28,32
345,26,40,35,32
287,137,33,27,28
966,209,45,45,52
197,334,40,41,45
652,251,50,47,50
82,287,37,33,34
394,226,210,211,235
7,197,23,24,23
954,221,46,48,50
1130,348,228,225,243
281,293,38,43,44
766,87,46,46,49
988,48,100,74,62
1100,349,245,242,255
703,141,40,46,49
554,328,42,42,47
1177,193,240,238,253
1067,484,51,52,58
663,274,49,43,48
1195,152,241,237,252
806,257,240,238,255
1063,298,215,204,167
629,350,44,45,48
741,474,107,105,100
23,474,50,48,52
1128,89,230,227,243
45,232,31,32,31
372,23,32,28,27
871,428,50,47,60
1176,32,240,238,252
204,491,44,48,50
767,239,191,182,198
120,43,162,143,167
1141,5,226,223,240
318,457,114,111,80
204,152,35,29,32
1040,192,49,50,53
351,360,43,43,45
892,177,47,47,51
967,72,75,64,58
21,433,49,51,50
97,339,34,34,39
424,143,42,42,44
121,495,45,48,48
234,160,183,180,201
2,491,56,54,50
911,315,43,45,49
89,394,45,43,44
1025,131,48,49,55
1015,474,48,48,53
257,5,112,99,116
214,432,50,48,49
3,492,55,53,53
1051,474,49,48,52
186,198,79,74,97
957,84,48,48,52
1141,381,232,228,245
1005,367,48,48,53
497,481,123,112,67
382,404,43,42,46
1110,177,238,236,254
945,332,48,46,48
391,284,38,44,49
1024,370,45,47,51
975,89,47,49,53
150,43,144,129,150
128,80,147,131,153
774,91,45,47,49
329,413,42,42,46
695,268,47,44,49
958,406,50,46,50
618,400,44,42,49
160,119,41,35,46
1170,30,233,235,253
1066,94,63,59,60
966,16,102,75,61
130,458,48,48,50
1023,61,141,127,108
677,308,44,46,49
1146,457,228,226,244
383,43,36,27,29
875,469,49,46,51
820,157,46,47,49
13,246,32,31,31
225,361,40,42,44
1063,310,70,57,69
434,270,232,230,253
442,320,44,46,48
821,105,49,47,52
220,111,36,36,39
374,412,44,42,46
610,447,175,182,201
71,463,50,50,50
843,272,48,46,51
724,58,47,47,50
57,57,113,106,115
498,454,164,164,179
42,193,104,100,108
405,166,40,42,44
1046,28,107,85,66
786,262,242,240,255
759,348,45,47,47
770,373,45,44,49
703,495,131,111,81
61,157,163,37,41
832,297,47,45,49
16,317,40,39,40
673,127,48,46,49
3,394,49,47,48
533,373,40,43,45
41,185,137,51,56
443,247,58,59,62
937,228,46,46,51
314,459,131,127,105
1156,446,235,231,248
531,142,45,44,45
1159,405,238,234,251
276,489,88,77,55
518,424,44,43,47
244,8,182,169,191
285,458,76,73,51
830,429,47,47,51
526,35,38,34,38
1133,267,233,229,246
807,188,46,45,50
190,46,190,175,199
523,259,225,222,248
19,39,68,67,71
8,453,51,50,52
873,122,50,48,53
573,318,42,43,47
449,20,70,50,39
92,128,157,28,36
339,251,209,209,232
619,163,46,47,48
854,270,49,51,55
889,485,170,160,101
1122,116,230,228,243
1121,396,229,231,243
72,27,156,150,165
379,115,36,34,33
479,15,87,65,51
67,486,63,58,56
303,146,28,29,30
1027,211,46,48,51
205,236,64,57,73
275,155,35,30,33
680,175,49,47,54
1172,65,238,237,252
1031,150,49,48,53
481,384,41,41,46
1122,41,228,229,245
297,464,76,70,49
650,483,88,68,54
540,244,139,123,128
254,90,38,37,42
409,143,39,41,44
453,296,44,44,49
590,459,118,106,103
220,326,45,43,46
367,50,29,22,28
393,178,45,44,49
656,356,43,44,47
995,384,49,47,54
1114,354,234,232,247
612,62,47,44,47
699,26,49,48,53
947,12,125,88,69
907,54,98,93,91
877,132,46,46,52
490,409,38,43,46
544,476,138,132,135
871,186,45,46,50
586,269,233,234,254
332,146,34,31,35
530,276,45,45,49
332,20,37,36,37
107,150,197,189,210
119,369,43,40,43
343,148,36,34,36
1189,192,240,237,253
33,184,115,104,106
889,181,50,47,53
793,76,49,47,51
981,271,46,48,51
215,421,45,42,47
1118,488,230,228,242
266,5,174,170,182
1021,241,51,46,49
658,198,242,237,255
81,389,46,43,44
558,211,59,54,64
705,237,235,235,255
414,66,35,32,35
354,434,95,90,59
122,51,157,141,163
27,364,45,43,46
406,416,41,43,46
1130,380,231,228,243
1164,356,236,232,250
161,0,34,32,36
122,208,207,207,230
43,59,110,102,110
604,253,95,92,115
499,410,43,44,43
359,240,65,53,65
437,168,42,44,46
1199,74,237,238,253
738,282,49,46,54
414,468,118,105,111
935,138,48,49,51
1196,134,240,237,255
263,362,42,45,47
800,418,48,47,55
68,214,139,136,144
484,223,159,158,162
934,286,49,47,51
331,160,37,36,38
664,215,70,61,59
894,81,50,50,55
89,175,209,200,221
1111,74,233,231,248
253,443,58,53,52
879,123,50,49,52
298,115,30,27,28
114,149,205,191,212
323,356,44,42,47
444,86,40,39,43
1061,123,50,49,52
256,328,41,45,43
919,66,77,73,64
872,169,51,48,53
264,61,48,49,54
264,12,39,34,33
3,377,41,43,49
190,97,105,103,118
169,458,52,52,52
73,331,39,38,39
347,368,43,43,45
114,329,39,35,37
730,361,43,43,49
394,176,44,45,46
1078,364,57,55,59
1127,227,228,226,243
244,345,47,44,45
794,335,42,46,50
199,431,46,47,50
569,250,230,231,255
652,323,41,44,48
166,287,40,37,41
216,247,197,193,217
593,262,84,82,119
990,398,47,46,50
1029,18,103,83,64
297,138,33,28,33
706,2,54,50,56
446,209,220,225,244
1061,270,52,51,53
198,201,187,182,201
1116,42,231,229,248
618,210,235,230,254
492,38,81,63,50
406,425,45,41,46
25,477,47,48,49
1189,67,238,234,250
377,381,40,42,45
447,232,198,194,219
908,386,47,45,51
918,152,45,46,50
104,129,159,28,36
834,92,48,48,51
1118,422,230,231,248
857,282,44,47,51
1147,14,235,231,246
62,288,33,29,30
1191,441,236,233,249
59,290,33,29,26
219,216,188,182,205
205,431,45,47,49
538,356,40,42,45
112,30,73,58,80
115,242,193,195,211
1122,401,230,228,245
1165,21,235,235,252
343,132,34,33,36
67,445,45,46,51
1054,358,42,49,53
562,434,42,45,51
507,253,221,219,242
556,295,42,45,48
812,381,46,45,51
309,334,42,42,46
415,44,33,29,30
167,456,50,52,53
69,217,191,192,211
273,59,44,48,54
1052,66,101,86,73
1156,85,235,233,251
573,238,231,233,254
306,152,33,29,33
700,96,43,47,48
234,8,177,164,188
969,366,44,47,49
682,455,107,83,60
1034,291,54,50,55
788,497,156,155,169
846,105,46,47,51
1118,214,231,231,247
684,248,46,46,52
599,84,44,42,49
978,217,46,46,50
916,150,43,48,47
927,265,52,46,54
548,216,230,228,252
29,56,119,107,124
1186,287,242,236,253
845,117,44,46,49
130,425,49,50,52
838,135,45,47,50
971,310,46,47,50
541,354,42,42,45
487,184,57,60,65
743,416,45,45,50
894,20,90,81,75
1057,364,49,48,52
686,354,43,47,50
1147,455,236,234,248
432,423,45,49,50
26,341,41,41,45
453,297,44,46,50
913,418,44,44,47
28,482,50,49,52
1156,414,236,233,250
1026,55,161,142,97
835,66,48,48,51
381,8,42,35,32
923,129,44,47,51
903,175,48,47,51
834,60,44,49,50
851,420,112,116,65
997,66,63,57,57
722,213,242,236,255
126,237,176,173,185
489,304,45,45,49
218,191,179,179,197
715,128,48,47,49
846,312,44,47,47
784,316,43,44,49
752,68,45,46,51
439,492,167,170,184
659,482,96,74,55
708,139,42,46,48
5,374,40,46,47
413,274,63,56,80
68,151,162,27,35
585,401,43,41,48
1177,330,234,234,250
219,82,107,106,125
431,191,220,220,242
69,371,40,42,41
320,10,62,56,58
706,100,41,45,49
334,55,34,25,28
772,120,48,47,49
1135,148,230,228,244
1053,75,77,69,62
276,194,189,186,208
986,130,49,47,51
339,343,44,45,44
348,327,39,44,46
1021,127,46,49,53
907,226,238,238,255
1158,62,236,235,253
516,349,44,43,44
557,282,46,44,48
5,368,44,45,45
497,163,35,35,37
576,376,40,44,46
699,344,49,45,46
204,473,49,46,48
746,149,46,45,50
64,42,114,102,115
757,486,155,150,147
1101,326,241,239,254
310,21,45,47,51
457,106,42,42,46
493,251,215,213,234
396,247,78,72,92
836,407,43,45,52
196,71,203,191,210
53,152,197,156,156
638,292,45,45,47
662,267,44,46,49
721,345,44,44,50
579,453,148,143,146
606,156,48,46,47
121,262,213,212,234
500,465,164,161,171
785,180,44,47,49
470,40,71,54,45
114,1,114,107,114
39,171,174,29,40
23,153,167,25,36
394,299,44,45,46
696,53,44,49,49
425,453,165,157,163
345,412,45,43,45
804,280,48,48,51
136,185,211,211,236
397,162,41,41,44
1099,270,236,236,253
123,172,189,181,218
42,261,32,29,29
826,144,47,46,48
548,384,40,41,42
895,58,106,101,100
378,409,46,42,45
818,7,80,76,69
472,376,41,44,46
1134,284,229,224,240
417,450,127,118,119
488,101,44,43,47
498,237,213,213,232
641,304,44,45,49
357,180,195,195,214
976,208,43,47,52
265,178,191,186,208
380,481,86,81,78
880,268,236,240,255
1057,419,47,50,53
920,166,50,47,52
142,349,41,41,41
373,54,30,22,23
539,473,168,164,178
161,484,43,47,50
608,400,44,44,48
459,410,51,49,56
1099,0,248,244,255
514,460,165,166,182
629,493,154,150,159
258,192,188,183,202
889,379,42,46,48
883,441,49,46,51
174,329,43,42,42
1034,496,46,50,52
754,239,240,235,255
22,105,143,23,32
979,322,46,46,48
504,224,221,216,237
700,214,240,235,255
222,184,190,185,205
695,328,46,45,48
968,432,47,48,53
1189,221,238,237,254
318,216,193,194,214
344,84,31,25,30
134,418,46,47,49
1084,174,52,55,56
475,452,149,151,164
933,473,45,48,51
9,245,35,29,30
1134,464,227,225,241
924,191,46,46,51
948,321,51,45,49
778,31,49,53,53
833,11,93,88,85
217,296,40,40,42
753,236,201,199,196
744,268,50,48,54
78,284,37,33,33
1198,438,234,231,250
736,178,52,48,52
287,474,121,112,88
900,463,44,47,49
828,142,45,47,51
9,189,95,88,88
1191,139,240,237,252
752,337,48,44,47
578,160,44,45,48
455,251,224,230,247
1029,181,49,49,53
251,238,155,155,167
285,91,32,27,30
1099,107,233,232,250
796,7,52,50,53
584,257,238,234,255
379,146,42,37,44
239,396,43,44,46
691,427,45,43,47
1114,386,234,229,248
12,349,41,42,44
80,448,46,48,50
900,314,48,45,49
181,352,41,42,42
1042,348,48,51,55
750,336,44,47,50
1018,483,51,51,52
478,75,44,39,46
355,157,40,36,42
156,437,48,49,50
1003,12,122,92,66
354,286,46,41,48
627,239,50,52,54
1039,85,68,62,59
465,108,41,43,45
849,258,239,237,255
627,231,235,236,255
543,216,230,230,249
670,20,49,50,49
643,264,44,46,48
555,481,115,109,101
271,150,37,29,33
955,73,97,91,89
407,494,88,81,72
196,303,40,40,41
442,103,43,42,45
576,322,39,43,44
371,175,195,194,218
225,65,90,95,111
3,342,41,43,44
67,315,35,30,37
715,25,65,54,56
36,108,42,33,39
109,12,118,111,119
793,90,46,46,51
1146,320,231,228,246
620,274,44,40,48
41,34,228,228,252
442,81,40,41,42
1190,349,240,239,252
464,49,40,38,41
504,147,42,44,44
70,470,58,53,49
703,328,47,44,48
203,67,38,33,33
469,498,108,97,62
383,360,41,42,47
112,418,53,52,52
838,402,47,46,52
303,320,42,40,47
229,62,107,106,121
276,373,45,41,49
576,320,47,44,47
1189,89,237,237,252
78,154,162,30,36
5,31,224,222,246
82,396,45,43,45
248,51,213,212,233
677,383,45,48,53
1154,225,235,235,251
1105,251,236,236,254
457,220,76,77,98
397,147,38,40,44
1061,154,50,48,53
963,331,44,45,52
277,167,189,186,205
133,429,50,48,49
590,121,47,45,49
307,373,45,45,45
312,410,42,43,45
707,207,241,238,255
960,444,44,47,50
521,402,42,41,44
1067,183,51,50,57
1134,398,231,229,246
370,367,41,41,46
8,156,172,31,39
43,395,44,45,46
656,430,44,43,45
968,72,75,64,58
1105,202,241,236,255
709,168,46,48,48
30,47,85,96,93
281,438,80,79,55
310,128,38,27,31
633,87,46,45,46
938,73,85,83,74
264,228,189,186,206
23,101,42,33,34
1117,313,231,229,244
1149,86,238,233,249
712,362,45,45,46
364,359,45,43,46
958,209,46,48,50
593,257,164,166,211
363,263,213,213,236
688,242,49,52,55
223,430,51,48,50
531,271,48,47,51
177,97,134,122,135
763,288,49,47,49
1132,356,230,228,244
527,308,42,44,46
84,464,74,64,57
1064,81,100,93,86
838,324,47,45,49
1033,64,98,86,67
6,16,224,223,240
293,405,43,44,45
716,433,44,44,47
659,229,237,236,255
1194,10,239,235,253
827,161,46,46,50
171,306,34,37,38
344,351,44,42,44
908,81,47,47,52
553,127,45,45,50
129,126,193,182,205
488,146,47,45,49
23,197,92,85,89
498,279,47,45,48
749,486,153,148,144
670,85,47,45,48
107,23,123,116,120
1141,494,228,226,245
547,481,130,124,120
1024,7,114,87,70
960,39,92,71,60
585,358,42,44,46
435,59,40,36,40
361,345,42,43,45
471,7,82,58,46
1013,182,50,48,51
476,428,44,48,48
661,112,45,46,50
81,52,35,33,36
294,397,42,45,48
975,313,42,47,49
869,390,45,45,50
220,178,190,182,204
1180,472,234,235,249
289,200,56,41,62
50,117,152,23,30
1023,300,49,46,53
742,225,239,236,255
773,59,47,47,49
194,307,36,40,44
427,218,221,221,242
631,112,45,46,47
171,462,49,49,51
732,358,42,45,48
223,107,34,35,39
1009,139,48,48,51
848,393,47,44,49
809,206,52,51,56
893,484,132,127,72
308,8,137,140,145
1176,70,236,237,254
77,305,33,30,29
490,331,46,42,47
109,39,194,190,213
96,96,157,26,34
1120,444,231,229,243
833,62,50,47,51
103,209,223,223,250
830,185,47,51,50
548,213,228,231,253
421,355,43,44,46
115,378,43,41,42
81,51,31,33,33
776,399,44,48,53
397,366,43,42,47
1127,447,228,226,241
562,490,152,147,128
748,494,148,138,120
643,145,44,46,49
908,419,46,46,49
441,493,178,175,190
696,110,46,46,48
1176,368,237,237,252
1090,402,246,242,255
799,76,48,48,51
930,150,50,48,52
405,398,44,41,45
592,452,129,121,116
563,388,43,44,44
796,46,49,51,53
944,297,45,46,48
12,94,125,94,82
687,372,43,45,47
1137,248,230,227,245
748,24,47,48,51
289,53,43,41,46
1196,314,235,235,253
364,314,45,44,47
210,39,196,180,201
7,305,39,39,40
706,46,52,46,51
254,470,108,93,63
289,190,185,184,204
395,485,81,78,70
376,71,30,27,28
1056,293,51,52,58
760,321,49,47,49
1099,36,246,242,255
426,443,150,147,150
96,105,157,27,36
701,213,241,237,255
201,426,48,47,52
386,134,37,39,38
1035,114,45,47,53
1186,363,236,236,252
176,175,196,191,215
231,322,46,44,47
923,64,78,75,64
565,107,37,45,46
434,411,46,46,53
135,106,163,44,60
168,432,110,108,105
140,297,38,36,34
466,64,42,42,45
100,487,48,47,52
493,443,162,166,185
378,273,54,51,54
47,466,48,48,49
12,177,103,97,105
1069,418,54,53,59
1126,280,228,226,242
451,188,215,215,232
208,407,46,43,48
382,178,47,48,52
824,119,50,49,50
585,50,44,45,48
86,453,47,49,48
96,437,47,50,52
1132,431,232,226,244
1183,300,239,237,254
554,161,45,45,48
665,21,47,46,53
844,42,100,88,68
83,45,62,54,60
881,273,50,50,53
1053,114,46,50,53
38,2,228,224,248
437,277,52,52,54
737,109,45,44,50
740,292,47,44,48
718,378,44,45,46
165,97,203,195,213
271,257,195,194,216
88,474,85,74,71
646,148,44,44,50
97,234,205,203,227
254,455,75,69,51
52,26,62,62,66
317,165,37,34,38
267,154,33,28,32
166,220,194,192,212
1120,327,230,229,243
63,392,45,44,46
719,290,44,45,47
1084,197,61,59,64
660,373,42,44,45
750,27,51,51,53
560,245,229,231,255
907,56,102,98,94
367,152,39,39,41
630,63,45,45,47
354,464,55,54,50
511,176,49,52,50
528,357,41,40,47
847,491,158,147,102
792,297,45,45,51
364,43,31,26,28
724,39,59,50,58
468,277,75,74,80
336,136,36,30,33
1035,208,49,50,49
576,257,235,236,255
1194,396,240,237,253
561,358,40,41,44
271,458,77,71,57
934,185,47,48,52
1014,370,49,47,52
1051,302,53,56,57
356,164,38,38,40
703,347,47,46,49
253,489,78,72,54
969,120,48,48,51
363,79,33,23,29
493,353,42,43,48
239,42,37,29,33
571,118,45,43,48
737,185,53,53,55
890,10,88,82,73
225,84,148,152,165
976,97,47,47,52
225,436,46,46,50
1062,376,49,50,53
18,98,107,82,65
38,357,40,44,44
395,84,33,33,34
652,495,97,73,58
91,190,162,158,179
411,471,83,72,65
1152,354,234,231,248
338,412,43,42,44
720,257,238,238,255
497,91,45,44,45
615,455,185,189,206
396,324,43,45,47
851,361,48,45,48
633,475,197,190,208
748,281,42,47,51
312,485,102,104,109
363,210,93,90,106
124,192,215,216,237
702,31,53,51,51
186,201,182,182,196
1089,271,109,98,80
550,323,45,42,45
719,460,147,137,147
1148,6,235,233,249
308,201,189,189,210
896,115,45,46,50
814,220,239,239,255
825,146,45,47,50
818,368,43,44,48
127,305,34,32,37
44,181,175,35,42
1177,442,236,232,249
276,113,32,28,32
1083,388,252,249,255
461,152,45,43,47
386,56,32,25,29
1148,161,232,230,248
97,214,219,216,246
966,203,48,48,53
743,305,42,48,47
1037,402,49,46,51
834,236,219,222,233
838,488,163,152,118
349,360,41,44,44
375,146,40,39,42
592,132,42,45,47
360,499,65,59,53
530,402,39,42,43
1026,81,91,79,67
924,35,198,167,105
1154,131,233,233,248
1031,208,48,49,53
436,495,168,167,183
658,391,120,153,155
82,456,47,46,49
479,127,43,43,47
579,124,48,45,46
799,107,45,48,50
216,220,187,188,210
1108,406,238,237,253
351,390,43,42,45
625,460,98,92,95
1169,27,234,235,253
908,194,48,49,53
886,225,239,239,255
971,92,49,49,49
1152,319,236,233,247
1078,318,248,247,255
143,399,41,42,46
469,417,46,43,47
534,341,44,43,47
102,433,117,102,117
914,465,48,48,51
958,228,43,44,51
175,92,38,30,33
1040,250,49,47,52
845,84,48,45,51
422,386,39,43,47
66,0,66,66,70
727,296,45,46,48
1089,336,243,239,245
684,29,49,50,54
847,231,239,239,255
1131,55,228,226,244
166,109,166,162,182
444,305,44,44,46
612,307,46,46,48
21,65,148,142,155
542,242,135,117,119
230,72,140,147,159
278,428,71,68,52
885,178,49,49,51
759,394,41,44,49
881,107,44,48,49
188,47,191,165,178
662,87,50,44,50
315,116,30,26,28
1057,370,49,49,52
28,365,37,41,46
67,48,119,108,120
905,282,46,47,47
325,14,67,64,75
812,232,241,238,255
1128,211,233,230,247
732,302,44,43,47
270,490,92,78,55
770,148,46,47,50
282,302,43,43,47
375,469,52,49,50
960,6,112,79,63
854,246,89,81,68
37,282,35,30,34
977,432,47,47,48
104,332,40,38,40
827,141,46,48,54
503,62,45,46,48
1194,73,243,236,253
558,483,124,118,106
110,330,36,30,34
293,385,40,45,44
348,197,197,197,218
661,374,45,41,47
39,499,65,60,57
328,121,31,32,33
891,480,51,50,52
536,288,43,44,48
378,215,57,49,59
513,343,44,41,45
189,114,155,157,179
576,353,46,43,47
335,482,142,137,151
1129,113,228,224,243
433,361,41,43,47
802,466,51,49,53
632,445,153,154,152
241,364,47,43,46
137,208,201,197,221
866,119,44,48,53
623,481,179,175,186
315,124,35,30,32
890,486,172,158,99
1026,282,47,48,53
198,369,44,44,47
405,94,40,35,39
379,333,42,46,46
1120,14,234,227,248
845,497,162,152,102
228,19,176,165,186
812,436,47,45,48
551,1,99,66,54
673,291,44,47,49
1116,338,237,234,249
458,402,59,57,63
366,457,89,74,66
1160,135,235,235,250
638,390,46,45,49
628,362,41,43,43
45,75,105,96,96
72,231,50,54,55
688,267,44,44,49
947,323,47,48,52
697,341,40,44,50
402,374,43,45,46
247,106,35,32,36
411,296,44,46,48
84,489,46,49,54
1028,24,107,83,65
302,15,64,57,75
613,166,46,46,47
442,60,42,37,39
556,203,231,227,253
83,461,52,51,49
878,306,44,44,51
1054,343,50,51,53
129,96,160,126,140
300,370,46,47,49
16,272,32,32,34
546,105,46,42,49
1022,457,51,46,51
430,284,46,46,49
206,379,38,42,45
371,4,40,30,30
1019,327,46,48,49
1110,201,236,235,250
314,164,38,35,39
1130,14,234,227,245
1017,283,45,46,49
629,193,239,236,255
529,480,114,107,101
117,211,210,207,233
39,154,165,31,40
845,41,91,81,69
987,73,80,66,61
835,400,47,48,51
860,23,94,93,86
798,258,242,239,255
678,256,45,46,51
481,195,168,167,183
69,91,152,25,36
518,5,92,74,59
656,428,44,45,48
157,131,125,129,147
177,135,41,42,43
611,19,48,49,49
770,433,44,47,51
708,70,46,46,49
868,431,48,47,50
418,110,38,40,40
296,221,192,191,210
122,66,156,142,166
140,275,216,213,236
1055,67,92,76,66
113,492,49,48,49
361,11,41,34,34
513,90,36,30,32
696,305,42,46,49
810,356,45,44,50
1179,322,236,234,248
171,208,186,184,202
111,389,42,40,44
747,464,129,125,110
1046,467,47,47,52
716,84,46,44,49
615,347,42,41,47
1082,70,64,61,67
777,397,49,46,46
352,273,45,44,50
959,367,47,48,49
113,229,193,193,208
397,294,45,46,46
644,225,238,236,255
810,87,45,47,48
1111,451,230,230,244
1165,160,238,235,252
1199,415,236,237,255
1079,270,50,53,56
313,146,34,28,32
46,458,50,49,52
392,73,32,31,33
758,171,45,48,49
525,160,43,45,47
1063,462,53,52,56
88,44,28,26,26
507,102,34,31,37
40,125,152,25,32
415,10,33,27,30
333,395,43,42,46
171,64,143,129,148
439,2,36,29,30
754,45,48,49,54
1054,417,50,48,52
606,308,44,44,49
684,459,107,84,58
1117,499,224,224,240
247,24,202,194,216
183,127,50,50,59
970,458,101,105,96
366,462,69,61,63
1164,100,238,236,251
1124,73,229,226,244
61,348,42,40,43
512,304,45,44,46
923,161,49,47,49
260,387,43,44,45
764,355,44,46,51
90,414,48,45,47
870,252,127,130,194
953,449,53,53,57
1101,293,236,232,249
846,150,46,47,51
869,58,99,84,63
537,321,41,41,45
1007,300,48,50,50
856,103,47,47,51
1072,313,87,71,58
389,100,34,35,38
793,26,50,50,53
1004,361,45,45,50
583,159,45,45,48
23,120,153,22,35
78,208,239,238,255
386,485,86,76,68
65,390,46,46,48
875,110,50,47,51
951,235,46,47,53
69,491,50,46,51
237,54,114,116,137
235,409,42,43,47
902,282,50,46,50
637,437,40,42,48
281,162,47,39,46
1014,63,58,56,58
23,253,35,31,37
563,51,41,43,46
1100,465,236,235,251
337,22,36,32,33
1065,177,50,49,54
342,457,94,86,63
371,427,45,42,46
1114,208,235,234,248
604,355,42,42,48
983,428,46,46,53
810,4,54,56,55
129,463,46,47,50
927,307,45,46,49
127,470,49,46,48
710,212,236,235,254
769,80,46,48,50
33,422,60,58,55
869,486,165,150,86
1062,414,50,51,51
195,222,195,189,210
14,430,53,48,52
249,166,190,184,205
312,255,204,202,225
672,113,44,48,49
170,92,71,44,67
1152,279,235,234,249
793,286,47,48,52
355,235,203,201,223
114,369,39,39,41
697,246,45,49,50
654,189,238,236,255
1139,305,233,227,245
852,179,47,49,49
84,199,219,224,245
1042,419,48,50,53
136,7,189,187,207
500,232,169,165,166
857,368,46,46,51
22,178,109,104,106
447,303,46,41,50
435,412,51,48,54
426,177,47,45,48
434,243,65,59,65
1073,74,70,62,60
263,109,30,29,27
208,249,198,197,217
194,86,51,35,54
1116,33,234,232,249
21,389,43,46,47
673,214,61,57,67
363,247,69,68,90
795,90,44,46,48
133,481,46,46,49
1022,271,45,48,53
11,377,45,46,52
885,339,43,47,51
741,185,53,51,56
158,435,51,45,49
432,354,42,43,45
203,242,75,61,71
865,489,133,130,89
110,343,35,37,40
687,344,44,46,51
348,182,196,196,214
47,61,117,106,117
38,433,53,50,50
338,132,30,31,32
1090,454,243,241,255
941,295,45,46,50
1134,421,227,228,244
1157,188,233,235,251
815,473,164,165,171
186,33,189,174,193
28,53,98,95,103
620,299,40,42,48
336,305,45,45,45
839,346,44,47,50
948,358,48,47,50
246,354,44,43,48
320,428,58,57,52
860,21,91,87,85
621,375,45,44,46
415,214,213,219,237
1040,219,48,47,54
1160,233,242,236,252
822,87,46,47,51
663,318,44,42,48
619,18,52,49,53
425,498,46,45,57
845,48,101,84,60
76,138,166,78,93
561,71,45,44,45
789,370,42,43,47
332,126,33,31,34
1033,325,49,46,51
1185,261,238,236,252
605,293,39,44,45
16,406,46,45,51
119,211,208,207,230
152,383,41,41,43
687,281,46,44,47
615,191,236,233,255
1000,245,49,47,54
159,136,122,124,142
921,72,55,55,55
363,422,41,43,46
861,18,96,92,87
942,7,192,175,195
1175,51,240,236,251
237,458,68,64,52
497,476,107,103,67
674,72,44,47,48
860,352,46,47,51
931,449,53,54,58
239,366,43,44,45
882,23,104,97,98
459,350,20,24,25
642,305,40,45,46
1170,167,240,236,253
974,125,48,47,53
645,103,40,45,48
101,86,155,37,57
202,490,48,45,48
546,455,147,144,151
687,337,46,42,48
1001,382,48,49,51
777,215,238,238,255
1014,407,50,48,51
761,474,158,153,164
526,450,146,141,151
898,151,48,48,49
410,355,43,44,45
1184,8,240,236,254
1112,120,234,231,247
1040,150,47,50,52
414,366,45,44,48
833,414,46,49,50
1100,32,243,242,255
295,438,61,61,55
916,484,51,50,51
593,169,45,47,49
1016,384,50,48,51
77,97,151,28,37
420,315,44,45,49
775,489,150,147,157
809,207,53,54,59
24,308,36,34,35
205,135,34,32,39
366,110,45,42,40
400,482,94,93,84
620,393,39,42,48
479,67,46,42,46
1026,411,47,47,52
222,420,45,44,48
620,442,60,51,48
615,127,47,44,48
698,69,43,47,48
510,214,219,217,241
732,279,46,46,51
929,181,46,49,51
656,434,44,45,48
286,77,34,28,34
929,324,45,45,50
1027,283,49,49,51
601,400,44,43,48
389,380,44,43,47
145,435,47,46,51
515,301,45,45,45
168,315,38,38,43
449,231,235,231,252
991,446,127,134,157
679,410,45,45,46
751,93,47,45,46
149,337,39,39,38
925,169,44,48,52
1047,212,52,50,52
98,333,40,36,43
1069,0,105,82,63
711,2,149,55,97
887,92,47,47,51
1021,51,90,77,60
435,382,40,46,45
785,426,48,46,50
62,150,162,29,52
457,6,40,35,37
638,142,46,45,48
744,486,145,146,132
102,376,41,43,43
888,389,44,47,49
49,275,36,28,33
82,265,39,35,35
297,274,44,43,46
1175,182,238,237,253
507,104,31,32,35
34,312,36,35,37
471,208,228,229,255
164,173,200,198,220
364,376,43,42,45
135,110,164,32,40
568,78,43,44,46
872,219,145,136,152
354,190,195,197,218
363,4,39,34,31
344,467,85,80,74
245,108,36,31,36
233,123,34,28,30
26,340,45,41,42
1083,22,62,59,64
604,254,49,49,56
372,385,39,43,48
189,17,156,29,41
722,44,48,47,51
284,171,187,183,204
213,466,48,45,51
179,262,208,205,225
212,301,36,41,43
853,406,45,46,49
1189,264,241,237,254
988,281,46,46,51
1073,194,56,53,58
915,342,51,46,48
1168,398,238,236,250
740,38,50,52,52
600,98,42,44,46
647,334,46,45,47
475,378,42,43,46
696,72,45,47,48
1171,349,234,234,251
39,201,62,78,60
1164,315,235,234,252
92,125,160,31,39
1163,126,235,233,250
319,128,33,30,33
1108,308,234,232,249
126,74,158,142,166
267,397,41,43,44
49,130,154,23,36
171,440,52,51,53
303,282,41,44,46
110,314,36,35,36
928,335,44,45,49
181,289,43,35,40
489,31,78,59,50
11,259,38,33,33
958,245,47,46,51
1108,382,239,234,252
81,352,41,36,41
306,28,51,50,56
684,77,47,48,50
915,71,61,60,60
352,69,32,24,25
173,478,49,44,47
606,439,48,47,51
821,474,161,163,172
767,330,47,46,50
645,384,156,150,170
1160,378,237,234,250
355,90,26,28,30
10,418,57,58,56
815,478,167,166,181
516,131,43,47,49
596,293,47,44,46
285,3,206,195,217
253,145,29,25,27
1099,221,243,242,255
926,401,48,44,50
346,372,47,44,50
235,436,52,54,51
922,55,90,87,76
947,476,43,48,51
153,56,128,115,133
618,189,237,235,255
729,384,47,46,48
965,232,45,47,50
929,448,102,118,170
51,337,35,37,38
166,482,45,46,48
456,208,92,93,93
616,203,60,53,64
365,455,96,93,87
784,217,238,239,255
287,286,44,45,46
954,469,49,47,51
744,459,47,48,51
836,446,45,49,48
418,240,220,219,245
586,298,44,42,45
644,40,43,46,48
881,391,48,46,48
410,130,39,41,42
933,58,99,97,90
788,211,239,239,255
806,343,43,44,49
89,134,160,29,34
964,39,95,71,61
849,201,46,46,50
587,260,234,234,255
933,174,51,46,52
1010,61,70,65,60
447,250,225,225,247
294,361,45,43,48
832,387,43,46,50
1194,99,239,238,254
1172,200,239,235,252
411,77,39,33,38
295,25,48,48,54
1096,403,245,242,255
134,414,43,47,47
1127,92,228,227,240
773,354,44,44,49
1148,40,236,232,247
839,387,48,45,50
466,30,97,73,54
753,0,51,50,52
463,237,234,232,255
171,196,189,189,206
375,397,47,47,49
1128,247,227,227,241
939,116,47,46,50
295,134,31,26,28
11,199,21,24,24
811,270,46,48,51
514,475,104,107,82
240,467,88,84,57
135,155,230,230,252
509,204,212,216,237
762,149,46,46,51
621,207,65,60,79
284,182,187,184,204
777,360,44,43,47
1146,464,233,230,245
262,406,44,44,45
894,242,241,240,255
1003,200,48,49,50
214,30,185,171,194
464,409,46,46,47
252,488,75,68,51
869,93,48,47,49
273,20,102,102,123
875,470,49,47,51
1190,496,234,236,250
1155,406,234,231,249
480,497,110,98,58
137,348,39,37,40
48,10,227,223,250
373,165,43,41,43
784,154,48,47,53
637,398,42,45,44
224,89,47,48,54
43,439,50,48,53
970,176,49,46,52
97,494,50,49,52
896,71,45,48,51
993,9,130,97,73
813,397,46,47,49
321,23,36,41,44
350,447,78,78,55
379,60,33,26,28
532,420,43,43,43
1067,81,95,83,91
510,465,169,170,183
1107,235,233,232,249
1043,461,49,49,52
289,166,188,184,204
221,26,173,164,186
978,18,105,76,61
58,374,41,41,45
772,197,48,49,52
799,209,241,242,255
270,345,42,44,47
168,439,77,77,76
387,398,40,42,43
85,305,32,32,31
714,456,82,70,53
27,494,68,61,52
982,182,46,49,50
1099,216,246,244,255
141,424,50,48,49
1160,407,236,233,251
650,193,238,237,255
546,344,43,42,45
711,215,65,58,73
464,77,41,40,46
100,126,161,27,34
446,212,108,99,134
1131,464,225,223,241
226,64,88,93,110
613,86,44,45,49
165,257,210,205,227
926,338,40,43,49
964,236,46,45,52
250,331,44,42,46
223,277,211,205,228
593,265,67,61,86
386,412,43,44,46
757,350,43,44,50
195,465,51,47,50
1199,335,236,236,254
1071,234,52,52,57
837,67,45,48,53
150,475,46,46,49
119,382,41,44,42
1048,223,47,49,52
159,70,144,133,148
1061,46,113,107,113
631,28,48,47,51
293,100,33,28,29
454,352,50,49,57
1150,15,235,233,248
663,26,51,48,51
642,72,45,46,50
88,241,216,214,238
819,456,47,47,49
394,185,201,202,223
340,162,38,37,40
872,212,51,50,54
1066,234,53,50,56
1186,13,237,235,253
294,351,43,43,44
694,372,44,43,48
483,441,166,173,190
301,306,45,42,46
1075,277,211,208,206
341,440,79,78,57
412,343,46,43,45
895,11,99,90,83
1192,266,238,234,253
151,397,43,43,45
732,43,51,50,51
604,433,42,43,47
693,284,40,44,48
125,74,153,138,162
574,248,235,234,255
875,280,45,49,50
18,303,40,33,36
173,88,41,32,34
26,349,43,40,45
662,376,43,46,47
1183,424,237,235,253
1166,322,237,233,252
627,340,44,46,48
1176,390,239,237,251
47,449,49,49,51
366,188,204,198,220
944,135,45,49,50
994,394,45,44,52
157,471,120,119,128
523,376,40,41,42
225,325,45,42,46
44,346,36,41,40
797,246,238,237,255
1042,29,107,83,64
1180,18,237,236,251
363,37,33,27,25
327,319,47,40,45
634,232,233,236,255
65,161,167,28,36
1114,381,233,231,247
335,412,42,42,45
1178,262,238,237,252
614,435,45,44,49
402,400,40,43,44
668,36,47,46,51
1174,113,241,236,253
259,387,45,46,48
147,373,41,42,46
614,243,237,234,255
460,56,38,41,42
290,154,30,32,31
560,396,39,41,45
828,340,44,46,49
61,406,42,46,51
610,337,40,42,46
290,363,42,45,47
344,228,204,201,223
430,104,38,40,43
319,182,191,188,207
749,159,45,45,52
681,493,112,86,63
821,91,47,46,51
746,457,48,46,49
875,37,99,96,92
143,405,45,44,46
976,141,45,47,52
981,447,48,50,52
959,373,48,48,50
790,201,52,49,52
982,237,48,47,51
926,96,48,50,52
585,377,41,43,45
478,267,187,185,199
989,77,63,59,55
882,266,238,237,255
369,48,32,24,26
112,379,41,42,42
706,25,54,53,55
982,406,46,46,50
342,199,192,195,214
1176,145,237,235,252
816,296,47,48,53
308,105,31,26,25
1144,199,233,229,246
728,302,44,47,51
253,200,181,181,198
415,3,38,31,29
747,92,46,44,50
53,143,158,29,36
871,101,49,47,50
283,289,44,44,49
340,346,45,44,46
553,340,43,42,48
303,10,127,128,147
1118,449,229,228,243
1183,293,240,237,254
569,499,172,168,170
590,203,235,237,255
823,266,48,48,53
478,111,43,42,45
385,134,38,38,39
646,107,47,45,49
543,397,41,42,45
714,220,156,161,213
277,254,197,196,217
661,50,44,45,47
284,37,43,45,48
697,47,48,45,52
112,247,214,212,234
127,144,35,31,28
1017,208,47,49,51
244,234,189,187,211
570,390,43,43,43
91,478,62,58,59
834,136,48,47,49
85,167,47,33,37
581,235,231,232,255
446,184,48,49,54
652,199,242,237,255
1151,477,230,228,247
735,33,48,50,49
513,380,40,44,45
300,224,194,192,211
631,145,43,45,48
293,319,43,43,45
456,56,41,38,41
349,346,41,44,47
38,164,171,29,38
496,159,34,33,34
347,471,68,65,57
1091,75,154,152,118
251,105,32,31,34
874,294,46,48,51
262,296,42,44,47
57,359,44,42,45
522,462,146,146,160
110,74,142,125,146
716,432,44,45,46
123,96,188,170,192
830,367,43,48,51
1175,373,236,233,249
100,303,37,34,34
786,83,42,46,50
536,27,78,62,52
347,402,43,41,47
457,144,42,45,47
896,170,50,49,51
117,71,149,131,153
447,249,227,227,248
89,303,36,33,39
479,311,49,49,53
382,322,42,43,49
1169,459,236,232,251
255,30,208,198,219
616,451,180,187,202
13,269,34,32,32
613,7,51,49,53
513,178,188,186,199
479,251,161,155,158
722,401,53,49,51
685,59,45,46,51
632,191,237,234,255
723,84,45,46,45
1097,277,242,238,255
746,365,48,46,50
352,77,32,26,29
468,74,42,42,44
47,349,38,40,38
1020,158,48,49,53
600,262,50,46,51
676,7,52,48,53
637,300,43,44,46
853,162,45,46,51
1152,197,235,233,249
875,67,48,50,53
21,183,100,97,102
643,479,154,150,157
481,199,146,147,164
659,477,92,69,54
645,59,42,46,49
22,138,159,24,36
79,358,40,42,45
149,439,46,48,52
885,328,44,43,48
628,68,45,46,48
442,289,45,45,47
571,230,233,232,255
554,182,228,227,253
732,303,44,44,47
184,171,190,190,210
1069,320,55,51,58
1034,150,44,48,52
1100,275,234,231,253
284,30,135,142,153
1193,277,239,238,253
483,242,87,79,73
650,238,51,50,57
1024,446,47,48,50
751,77,46,46,49
97,395,45,43,45
757,101,46,48,51
525,481,119,113,102
640,258,47,44,52
1161,133,237,235,252
660,120,47,46,49
58,272,34,28,29
966,281,46,45,49
780,170,45,47,49
1132,473,230,228,245
1056,282,51,51,56
34,225,32,31,32
1013,171,44,51,51
165,50,154,137,160
374,308,41,43,45
577,34,44,45,47
60,26,44,44,54
265,130,29,27,27
132,357,41,41,43
1123,381,228,228,246
344,107,31,28,31
818,410,53,47,55
952,112,49,48,49
535,440,151,154,171
76,252,46,41,43
470,162,45,42,48
721,59,48,46,50
403,490,65,60,57
1128,172,230,229,248
308,468,130,119,91
672,443,43,43,47
689,453,95,79,57
151,217,192,190,212
977,128,47,48,50
8,266,33,27,30
3,415,57,54,57
354,33,39,34,34
1012,120,47,46,53
274,102,35,30,32
786,473,168,161,171
664,462,90,67,54
135,122,202,190,212
403,478,58,55,53
468,490,113,102,59
827,384,46,44,48
639,313,44,45,48
675,27,49,47,50
416,136,40,41,44
510,14,82,62,49
730,492,151,147,161
417,491,155,147,152
708,353,41,45,50
1021,71,99,86,70
725,124,44,45,48
1090,475,233,234,251
959,357,44,46,50
779,1,49,49,50
1043,133,48,49,53
957,261,47,48,49
206,279,211,207,230
1167,118,239,236,254
930,258,47,46,52
957,181,45,46,52
448,10,41,32,33
470,279,20,22,24
270,86,33,32,32
209,168,40,32,37
484,314,46,44,50
124,260,216,212,235
728,155,44,47,49
390,366,42,44,47
335,425,44,43,47
906,240,241,238,255
662,264,48,45,48
981,34,98,76,62
438,311,42,45,49
1060,328,48,50,54
14,296,36,35,37
201,494,47,47,50
413,350,46,44,45
849,370,47,46,51
546,446,157,150,161
166,62,143,125,148
750,254,237,238,255
70,494,47,47,52
164,429,49,48,51
1166,263,240,236,253
745,44,50,49,53
846,220,241,240,255
62,69,27,26,27
1046,451,48,47,53
171,125,117,118,134
80,476,86,69,71
303,193,189,188,208
650,121,47,44,48
370,356,44,43,46
179,33,161,75,96
215,52,197,187,209
16,247,38,30,31
362,291,46,43,47
1151,30,237,235,252
747,473,115,114,88
89,62,194,189,211
1021,403,46,48,50
567,105,40,44,46
167,312,41,39,42
1112,417,235,234,251
314,443,69,65,54
859,91,44,48,50
960,367,42,46,49
944,232,50,46,49
464,283,60,58,61
64,423,83,85,76
64,83,36,31,33
241,133,34,28,26
575,202,116,113,95
221,123,36,34,38
794,269,237,237,255
499,372,45,42,45
708,277,42,46,48
515,493,110,104,73
481,441,167,172,190
898,481,52,51,55
399,465,52,55,55
221,11,184,168,188
1123,456,228,226,241
52,452,47,46,51
703,280,44,45,49
232,215,186,184,203
282,84,34,27,32
372,317,45,43,46
349,234,58,55,61
31,265,36,25,29
519,459,166,163,177
943,246,45,46,49
849,186,46,47,53
1157,9,238,235,252
870,211,47,48,51
308,75,37,25,32
967,33,96,74,59
1114,412,232,230,247
346,409,45,43,46
7,207,31,30,29
1164,240,240,238,253
257,371,46,43,45
572,306,45,44,43
870,454,46,46,50
151,182,205,204,225
970,260,45,46,51
148,64,152,137,157
273,147,32,27,29
1056,122,48,50,53
368,363,44,42,48
864,366,44,46,49
772,356,45,45,46
303,362,44,43,46
885,217,50,49,54
630,496,144,139,153
1109,300,234,232,246
1153,29,236,235,251
954,35,99,73,59
795,93,42,47,53
234,448,55,51,53
593,457,133,123,128
81,471,96,80,75
446,473,134,124,131
341,274,43,44,48
571,274,45,47,50
652,412,43,43,49
881,254,240,238,255
425,311,47,44,50
458,314,66,65,69
777,292,47,47,49
161,239,191,195,214
226,280,209,205,227
61,330,38,36,39
1195,119,239,237,255
341,348,42,44,49
1148,270,236,234,248
833,425,47,46,51
1096,368,243,241,255
547,175,53,52,54
928,357,46,46,50
85,44,48,31,39
1156,242,234,234,249
153,331,41,40,41
684,30,49,49,54
493,388,44,41,42
1006,372,44,47,48
754,164,45,45,48
936,226,49,48,51
510,176,50,52,52
912,410,44,46,51
1178,407,235,237,248
355,232,205,204,225
545,5,85,74,58
728,95,45,46,50
962,91,50,49,54
344,297,43,41,47
147,213,194,192,211
1076,322,245,242,254
108,324,30,34,36
924,432,75,84,132
475,31,71,54,49
212,319,43,41,45
524,265,223,222,245
766,84,48,48,52
852,77,47,47,51
156,191,193,194,214
356,256,211,209,233
1009,25,107,82,65
859,260,240,239,255
139,168,50,48,56
689,403,42,44,48
131,392,42,42,47
306,150,31,31,32
161,105,190,185,204
309,186,190,187,205
94,315,36,35,33
62,424,65,64,57
424,372,45,43,45
498,476,101,99,65
814,276,46,45,52
286,267,56,50,72
330,478,110,108,114
999,141,46,48,51
693,25,50,50,53
676,217,63,56,64
882,404,45,46,50
469,356,47,51,52
1077,306,50,51,57
506,368,40,42,44
1113,431,236,230,248
558,306,44,45,48
1073,76,68,63,61
706,365,44,45,46
321,281,37,44,47
718,34,157,99,69
1179,51,242,238,255
1175,224,240,236,249
570,49,44,42,50
673,447,43,44,46
147,92,142,132,149
1109,457,231,228,245
462,196,229,228,248
937,174,49,46,51
57,330,36,36,41
654,31,50,49,52
461,485,179,180,197
193,473,47,47,49
991,132,48,47,50
493,73,42,46,47
713,196,239,237,255
1138,374,229,227,241
339,37,41,32,30
925,43,116,109,103
1105,323,240,234,254
927,161,45,47,53
271,61,52,49,55
483,481,117,112,69
90,309,31,31,34
46,186,177,40,42
141,385,41,42,44
1170,46,238,238,252
820,199,48,48,48
278,328,45,45,48
987,424,47,47,52
80,14,41,31,42
909,414,46,48,49
1041,48,115,104,93
1158,407,235,232,247
1143,469,231,230,244
143,370,43,41,44
991,204,46,47,52
83,145,159,26,36
22,495,69,62,53
480,71,43,42,44
325,147,33,32,34
1004,231,44,48,52
1192,187,239,236,251
736,64,46,46,48
531,412,42,44,45
887,138,43,48,51
563,292,46,43,47
76,58,186,184,205
153,421,48,50,52
101,423,145,124,136
1126,450,231,226,242
721,453,44,46,47
1083,64,250,248,255
200,471,46,47,48
698,376,44,45,46
652,313,45,45,47
766,396,42,44,49
1046,83,67,63,60
703,240,235,233,254
1094,76,218,216,222
731,50,49,46,50
309,49,33,31,32
583,291,43,46,47
264,224,189,187,205
433,58,40,36,38
375,374,42,43,47
116,11,120,112,122
60,416,69,70,58
622,122,43,44,46
906,334,46,46,48
216,462,44,46,48
526,446,130,127,133
1071,340,50,50,53
25,378,43,44,46
1055,457,49,49,54
510,138,50,47,53
904,139,46,47,50
294,444,58,59,53
521,197,219,217,241
167,193,195,189,209
1120,186,231,230,244
111,478,47,46,50
1088,287,250,251,255
431,271,233,233,254
598,499,166,166,175
326,14,90,92,98
507,8,73,56,44
431,35,31,34,32
805,427,46,47,49
606,364,45,44,48
407,133,42,40,43
505,80,29,32,36
219,326,44,43,45
1083,408,55,54,56
163,410,39,46,47
642,384,189,192,209
728,59,49,47,52
646,256,45,44,48
1161,93,235,236,252
181,103,190,194,213
548,302,41,44,48
1065,287,234,239,255
662,488,102,77,55
464,64,42,42,42
910,68,100,97,94
760,420,47,46,50
906,79,49,47,51
193,313,41,40,44
613,148,47,45,47
254,182,187,183,203
1046,317,48,48,54
442,129,40,41,47
542,399,44,41,43
969,106,48,48,52
674,266,43,44,48
1108,169,239,235,255
588,421,42,42,44
1178,300,239,236,252
513,307,44,44,46
654,171,46,48,53
720,463,151,142,158
448,289,46,46,48
54,273,38,28,29
327,237,63,56,64
738,214,239,238,255
926,167,46,45,50
685,309,47,45,48
53,56,112,105,116
568,427,41,41,44
557,92,45,42,49
1110,69,234,229,250
787,398,44,46,49
268,357,46,44,49
466,103,41,42,46
224,418,46,44,48
188,368,45,42,47
30,369,47,46,45
733,431,44,45,46
542,449,134,129,142
463,357,55,51,56
1057,45,116,108,108
98,434,48,49,52
347,60,34,23,26
300,427,76,74,53
815,384,40,45,50
1047,430,47,47,51
346,243,62,59,70
405,161,42,42,43
653,479,89,69,56
1141,128,231,229,244
1180,400,239,236,251
23,319,43,40,41
1123,292,228,225,241
923,167,47,46,52
568,310,41,43,46
423,24,32,29,31
87,331,33,35,35
408,182,52,48,52
402,379,45,45,46
1061,238,49,50,55
821,279,46,47,52
333,428,54,49,45
876,284,46,46,50
476,254,30,30,29
1177,175,239,234,254
134,404,41,43,47
688,194,237,236,255
542,409,42,42,46
924,496,178,163,120
548,48,46,41,47
1019,34,92,71,58
490,132,42,43,46
792,215,243,242,255
336,404,43,41,46
12,489,47,48,51
189,494,46,46,49
935,18,121,81,63
513,498,108,99,64
227,179,190,185,206
384,214,165,158,181
1040,133,49,46,52
50,255,34,29,30
911,77,46,48,54
510,155,47,45,48
748,32,50,49,51
405,149,40,43,43
857,445,49,47,50
878,347,43,46,48
60,345,42,39,42
984,374,46,44,48
800,281,45,47,51
1032,469,44,47,52
512,3,116,92,71
333,362,42,43,44
660,387,45,44,48
532,450,156,156,162
127,88,153,136,160
454,14,90,63,47
653,8,53,49,52
869,189,43,47,48
1179,206,242,236,253
546,403,38,41,42
422,252,222,221,245
806,108,47,46,52
487,23,70,53,48
554,390,41,41,43
308,470,127,117,96
695,94,44,45,48
142,352,36,37,43
643,123,42,44,48
25,276,34,30,34
189,214,190,186,206
632,363,48,42,47
366,483,97,94,89
1112,67,231,230,248
875,113,46,48,50
256,8,45,30,40
497,314,44,45,46
296,347,39,43,46
148,457,47,46,54
1144,153,233,230,246
81,429,46,48,52
508,9,76,59,46
717,266,47,47,51
1149,143,234,231,249
239,200,49,36,57
652,179,238,236,255
1071,102,52,52,56
279,114,32,25,30
806,229,98,95,120
654,58,47,45,46
59,332,32,34,37
759,162,48,45,51
494,279,47,48,48
416,150,46,43,47
21,49,62,63,67
803,193,48,48,53
879,168,49,47,52
932,90,51,49,52
1006,242,48,48,52
234,24,176,167,191
597,402,42,42,45
633,327,42,43,47
432,193,219,220,243
36,74,119,110,117
126,379,40,44,43
989,20,119,88,67
537,313,43,44,44
809,268,56,52,60
605,399,44,41,45
497,234,212,218,229
1007,393,48,49,54
988,298,44,47,50
951,456,114,126,149
661,138,44,45,50
73,439,46,49,49
102,279,37,34,36
239,14,186,173,194
691,150,50,45,51
454,365,17,18,19
390,207,180,181,198
1067,357,52,50,59
305,479,100,95,76
389,157,40,41,44
350,255,211,209,231
1173,439,239,236,253
976,114,46,48,50
727,349,42,44,48
701,155,45,46,50
1145,359,230,227,243
855,47,103,87,70
555,285,45,44,48
1006,460,44,47,48
868,268,84,78,96
507,209,212,210,235
321,204,88,78,93
1089,343,246,243,222
1132,308,233,229,243
724,204,241,236,255
110,165,100,94,111
288,85,36,28,29
952,335,46,45,50
4,332,42,42,45
1074,394,241,241,255
331,433,79,79,60
503,281,47,44,49
976,421,48,47,51
1154,206,235,235,248
913,442,48,47,51
178,43,172,156,180
627,72,44,45,49
908,167,45,46,51
998,477,50,49,53
116,220,200,196,215
282,24,161,160,185
1066,415,53,51,54
90,54,30,30,30
361,371,42,46,43
517,397,39,42,41
73,497,48,48,51
819,247,242,237,255
521,208,187,185,218
478,69,43,43,45
419,17,40,30,30
1178,271,238,235,251
269,169,188,184,204
169,75,159,145,163
682,454,106,83,62
631,411,44,44,47
52,164,166,29,35
342,173,190,192,212
275,360,39,44,42
101,461,86,79,73
309,163,98,95,106
800,469,98,91,77
1057,337,48,49,54
822,111,48,47,50
995,104,48,46,51
749,410,51,52,62
677,447,42,45,47
473,253,65,69,76
735,240,244,240,255
203,61,37,26,29
77,12,51,36,41
14,145,164,30,36
602,147,41,44,48
911,389,44,45,48
853,392,46,45,51
130,317,39,37,39
24,413,86,75,59
110,349,41,37,40
990,181,43,47,51
1063,123,48,51,54
762,431,47,46,51
1132,420,229,228,242
170,483,48,45,49
94,63,136,111,135
664,10,51,50,53
379,346,41,42,46
688,227,239,236,255
387,142,41,41,41
507,258,224,220,245
253,364,44,44,48
847,53,82,66,58
1114,355,232,232,246
135,16,192,190,211
395,268,217,217,240
634,261,42,44,48
697,161,48,47,50
105,359,43,41,41
981,341,47,48,50
335,318,46,44,47
58,0,227,226,249
149,380,43,40,47
788,260,242,239,255
808,482,168,162,176
256,124,30,25,27
1153,126,234,234,250
377,60,30,25,26
497,194,201,201,218
947,463,49,47,53
830,468,48,49,52
874,291,46,46,46
830,416,150,155,105
518,279,42,44,47
944,460,47,46,49
641,351,42,43,47
1035,242,46,46,50
902,206,46,46,52
830,273,49,48,53
927,211,49,47,53
177,6,152,39,64
859,212,49,49,54
812,269,48,49,49
42,245,38,30,30
629,119,44,46,48
290,464,103,97,65
865,412,44,47,52
679,398,102,121,162
725,478,152,146,163
736,208,244,239,255
276,229,192,187,207
1172,195,239,235,253
882,478,50,50,50
1197,423,238,236,252
901,40,91,83,77
182,339,43,41,43
790,477,166,164,179
1045,133,47,49,50
1191,182,239,236,253
566,19,51,51,50
590,247,234,234,255
752,127,46,48,51
1055,34,92,78,70
1177,265,239,235,255
1182,65,237,236,255
593,4,93,84,63
458,178,47,46,49
569,452,131,129,132
708,261,47,47,51
722,12,56,54,53
979,41,100,79,58
155,149,166,158,181
82,467,84,74,65
561,408,43,42,47
1115,203,233,231,248
285,178,187,185,203
445,122,41,43,46
361,302,44,46,48
730,446,47,45,51
428,271,231,230,251
93,496,48,46,49
612,317,44,43,50
567,486,154,149,146
319,343,43,43,46
535,308,45,44,46
271,143,32,26,29
1079,159,237,239,254
470,391,40,44,46
686,12,51,48,51
994,14,129,94,68
749,258,239,239,255
1120,63,229,230,245
468,495,113,101,60
911,258,239,237,255
83,285,37,33,36
694,55,45,45,51
1021,145,47,50,52
653,491,95,72,53
753,4,49,50,52
501,354,42,41,48
1168,123,239,236,254
975,383,47,47,48
947,398,44,47,50
344,155,37,36,38
868,153,46,45,49
887,303,51,45,51
580,148,46,45,48
572,206,60,60,66
1052,199,45,47,52
94,441,46,48,49
515,264,224,222,245
381,48,32,24,26
738,302,43,46,50
1097,497,240,235,253
340,1,50,44,51
859,5,95,92,88
1183,459,235,231,252
902,124,45,48,50
712,361,43,45,47
860,34,97,93,88
280,251,198,197,215
1041,341,48,50,51
1192,171,239,239,253
949,310,44,46,49
341,57,35,24,28
49,181,178,31,42
542,67,43,43,47
96,481,50,46,50
1090,325,241,242,255
248,25,204,193,216
1144,463,228,226,244
125,143,39,30,31
121,418,47,46,49
807,431,45,47,52
51,424,54,52,51
325,82,32,25,28
574,338,42,43,45
827,491,164,162,168
228,151,29,26,26
1125,273,228,226,240
1156,86,236,233,249
44,475,47,47,52
986,409,42,47,48
395,370,43,43,46
952,297,45,48,51
780,414,51,45,59
656,182,239,236,255
227,10,175,163,188
710,390,43,44,47
803,250,242,238,255
349,176,192,189,210
256,226,191,190,208
1084,48,59,59,59
443,488,173,175,188
93,239,218,217,239
322,33,42,37,37
945,298,45,47,51
680,99,46,47,48
699,475,129,106,75
406,450,56,58,54
184,2,155,26,39
373,449,163,63,66
626,455,136,135,135
818,412,72,65,95
461,353,41,39,42
840,489,156,148,107
540,455,159,159,163
1088,445,238,238,254
988,51,102,75,61
823,191,46,49,51
507,439,163,166,188
740,241,239,239,255
635,129,45,43,47
190,469,47,45,50
654,151,42,45,47
766,16,47,49,54
179,168,40,36,42
880,393,44,45,49
1196,342,236,238,251
1144,314,233,227,245
644,23,48,51,51
266,325,44,42,47
714,218,145,146,183
641,208,235,234,254
282,42,38,40,47
954,288,47,47,51
721,215,238,236,255
1007,262,48,48,51
662,104,46,45,48
1026,249,47,46,52
1130,396,229,225,242
221,329,42,43,44
1077,21,59,58,61
316,87,29,26,30
33,19,223,222,244
418,33,35,30,32
669,294,43,46,51
105,126,160,28,38
516,434,161,162,182
185,480,42,45,47
228,299,43,45,49
57,167,170,29,36
683,30,51,50,55
594,474,121,111,97
907,427,53,52,53
243,210,152,151,171
205,339,42,43,46
114,455,47,47,49
1141,53,233,230,248
749,143,45,45,52
878,450,49,47,53
400,199,211,210,231
1197,217,240,237,252
24,148,168,25,39
889,13,90,81,75
125,171,227,225,251
74,13,117,97,112
182,276,212,208,231
291,81,32,29,33
653,318,43,43,48
1183,457,237,235,252
23,221,31,32,32
624,220,232,235,246
999,110,48,48,53
124,480,48,46,51
636,488,163,161,176
242,444,51,51,48
1120,208,229,229,247
290,200,68,51,77
33,286,34,28,33
957,256,44,48,52
604,445,188,197,216
711,69,46,46,51
251,134,33,27,32
740,369,44,46,47
39,168,172,31,39
692,29,51,51,53
1109,397,237,237,253
395,238,215,212,237
420,352,45,43,46
511,333,42,42,42
700,347,46,43,48
483,195,93,90,104
1085,33,253,250,255
903,226,240,236,254
566,427,42,41,46
646,434,44,43,47
149,291,37,34,37
576,204,223,227,238
401,406,44,43,48
552,104,39,43,47
1144,139,230,231,244
395,297,45,45,48
346,191,197,197,217
136,104,186,154,172
1062,471,48,50,54
1042,496,48,49,51
869,295,46,47,49
802,448,46,48,49
869,483,166,153,87
1099,344,245,241,255
972,94,48,49,54
99,352,36,37,38
701,184,241,235,255
5,383,44,43,46
430,407,46,43,48
916,294,47,46,50
134,268,213,211,234
619,298,45,43,50
619,149,44,44,50
1030,0,108,81,63
37,58,116,107,114
730,199,240,239,255
1103,38,241,237,255
65,357,42,43,42
10,130,158,20,30
548,47,43,42,43
240,355,45,42,46
764,34,50,50,52
747,53,49,45,50
847,430,48,47,51
659,281,45,44,45
750,97,48,46,49
1103,143,237,238,255
254,169,190,185,206
878,316,49,49,54
233,134,32,27,27
805,354,45,46,48
327,424,47,44,48
1168,371,235,232,250
660,98,47,46,50
365,409,43,43,44
818,106,46,45,51
1100,454,237,235,252
776,65,47,46,51
522,215,224,221,240
259,331,40,44,44
674,235,239,235,255
491,371,40,42,44
867,456,48,46,52
15,29,225,223,248
1091,331,238,237,255
1053,55,109,96,88
1177,347,239,236,255
561,282,41,44,47
951,322,46,46,48
595,47,45,42,46
658,188,240,239,255
832,128,46,47,51
732,252,239,238,255
781,155,48,45,49
835,417,95,104,152
379,10,44,36,31
797,273,54,54,58
1111,270,233,231,247
1085,111,59,58,62
1027,215,49,48,50
1152,52,235,233,249
604,353,45,43,47
387,221,207,209,233
805,477,168,166,171
1103,120,237,237,253
15,179,98,95,100
294,380,44,42,46
58,112,151,26,37
536,284,43,44,45
296,448,64,65,53
390,10,32,29,24
874,410,48,46,51
744,205,241,238,255
736,462,148,142,154
268,246,190,193,212
408,332,45,46,50
249,163,157,151,164
914,343,43,45,47
499,305,47,44,48
451,498,142,140,132
554,271,52,50,55
1019,334,47,46,50
172,30,173,154,179
1199,448,235,235,249
259,115,31,26,28
971,56,75,62,55
35,419,60,59,54
771,15,53,50,53
496,312,46,45,47
202,312,42,41,45
12,224,33,28,28
231,133,32,28,31
8,186,95,99,104
445,430,26,18,23
759,138,48,46,50
1137,147,233,228,245
373,118,33,33,35
58,210,57,53,53
1078,454,61,57,59
1050,489,50,49,51
1003,180,51,49,51
984,430,48,44,51
1008,260,48,49,53
1009,218,47,47,51
345,57,33,21,28
78,86,152,22,33
165,358,41,44,44
777,249,239,240,255
619,164,45,47,49
640,131,48,45,48
82,319,38,32,38
1141,298,231,230,246
309,87,31,25,26
357,351,44,43,47
339,292,43,43,48
1129,454,224,223,241
472,126,41,44,44
859,181,45,48,51
1075,439,54,51,54
1063,201,49,52,55
1182,40,240,237,252
791,217,243,241,255
1143,448,233,229,242
86,401,43,44,45
350,182,192,193,213
1053,406,48,48,52
745,247,241,237,255
467,457,178,183,202
431,240,225,225,246
1087,201,63,61,62
480,109,40,44,44
775,277,233,235,255
211,252,201,199,222
307,450,80,79,53
738,280,47,46,49
182,274,210,209,231
408,311,43,43,46
512,377,39,42,45
358,368,43,45,47
755,443,50,44,51
939,59,114,110,109
937,171,44,47,51
638,409,42,43,47
1070,80,97,87,99
967,232,46,48,51
320,49,38,28,33
847,253,243,239,255
947,260,48,46,48
421,211,224,221,241
551,153,45,43,47
25,337,40,42,43
986,360,47,46,51
369,275,46,46,47
39,202,67,77,64
946,424,48,44,47
336,336,43,42,44
671,410,45,42,50
640,354,43,44,50
1154,137,233,234,249
896,169,51,46,52
371,386,42,44,46
774,475,165,159,172
1072,110,50,52,56
90,439,48,49,49
91,248,219,219,240
841,197,47,47,50
101,469,49,47,49
7,38,223,221,244
1100,291,240,234,255
1156,192,238,237,250
534,243,159,168,201
675,78,44,46,47
995,186,46,47,50
934,442,48,48,51
587,497,109,103,92
814,102,46,45,51
1126,33,231,227,242
1073,282,114,102,68
242,62,201,206,224
1092,60,128,134,208
653,16,51,50,50
1153,429,236,233,248
33,321,39,39,41
719,38,60,54,54
521,21,30,30,23
1197,327,240,237,253
763,350,44,43,50
24,38,218,223,243
