x,y,R,G,B
1082,167,54,54,58
646,133,46,45,51
37,64,109,100,111
420,322,45,45,47
71,101,153,25,33
605,152,46,46,51
268,52,43,49,54
353,153,39,36,40
658,157,45,48,48
1074,336,51,50,56
174,116,123,121,140
447,216,60,60,62
1159,230,238,233,250
572,187,229,232,251
994,195,47,47,51
314,41,40,35,37
1075,293,80,71,86
1138,260,232,227,243
513,236,219,220,243
763,111,44,47,52
1124,3,231,228,243
260,278,41,44,48
783,50,45,50,51
1055,60,100,84,77
4,148,169,26,37
380,361,40,44,45
312,284,44,43,50
55,25,64,61,66
1055,471,53,49,53
404,372,42,42,45
1108,126,234,234,251
310,6,142,143,150
827,403,50,46,52
298,261,204,201,222
1022,226,50,51,52
100,441,43,46,47
382,299,44,44,48
147,484,45,47,51
486,161,43,42,46
830,390,43,45,48
10,83,121,113,120
157,304,41,36,38
407,412,43,44,47
1088,440,239,236,255
639,95,45,46,50
197,445,47,49,50
322,231,154,152,180
303,180,192,188,206
671,390,155,156,138
160,233,50,47,49
1135,391,228,226,243
1146,313,234,230,243
812,188,49,46,50
664,35,47,49,51
22,367,45,44,49
618,328,44,42,48
854,93,50,47,52
1073,54,81,67,63
364,15,40,30,27
61,188,39,30,33
810,417,140,144,165
410,302,44,45,47
909,268,240,237,255
996,24,125,90,67
76,493,49,49,52
76,62,189,188,209
374,90,34,31,31
220,43,202,186,211
552,296,42,44,44
475,166,47,43,47
976,225,46,48,51
52,201,100,98,106
913,260,232,235,255
712,474,146,133,140
726,7,47,50,52
994,289,47,47,51
920,7,134,82,65
585,197,235,234,255
350,172,153,149,161
948,298,45,45,49
958,479,49,46,51
1120,205,231,228,248
700,315,48,44,49
1086,86,211,213,238
1185,214,240,237,252
102,295,39,35,37
656,98,46,45,49
408,2,39,26,29
516,446,161,158,173
879,497,173,160,116
1090,327,238,239,255
600,159,41,45,45
646,278,46,45,47
1071,393,125,113,61
1048,385,49,49,51
136,195,81,75,96
549,282,45,42,49
959,247,45,47,50
595,481,176,174,181
606,485,186,187,198
1120,312,231,229,244
30,356,42,45,46
122,374,43,40,44
1119,129,228,228,246
224,322,40,44,46
235,418,46,44,46
1019,322,44,47,51
114,268,187,189,212
587,409,43,43,47
1199,139,237,235,254
89,382,40,42,43
77,86,151,24,33
1050,358,48,47,52
743,106,46,45,50
715,232,235,238,255
243,207,177,174,190
1102,433,239,236,255
279,53,50,48,54
195,493,45,47,48
30,168,173,31,41
572,351,43,43,47
770,407,172,173,157
344,147,34,34,34
519,138,43,47,47
141,405,45,45,48
257,252,194,192,212
795,388,45,47,52
84,197,148,155,176
463,440,175,181,201
1193,359,236,237,251
150,165,46,44,52
883,456,49,49,49
944,316,45,45,49
691,259,42,44,50
850,37,87,84,77
167,235,76,73,99
556,315,41,42,43
1125,491,227,223,242
987,246,49,47,51
78,333,40,37,43
82,413,46,44,48
860,438,48,48,48
365,357,44,43,46
7,410,50,47,51
534,326,42,42,48
1018,389,50,45,52
151,253,206,207,228
415,344,46,43,46
430,246,78,61,94
1125,465,229,227,243
1172,479,232,233,252
70,383,41,42,44
1,7,225,224,242
1086,309,81,81,67
656,193,236,236,255
178,487,43,47,48
1198,179,239,236,253
1151,458,230,231,247
675,453,98,74,56
366,499,63,59,53
1039,242,50,47,54
151,60,132,119,141
229,401,44,44,46
869,82,47,49,50
582,58,48,45,46
1143,276,228,226,244
154,459,48,49,55
394,2,40,31,29
228,286,49,48,49
1006,324,50,45,49
779,132,47,46,47
538,88,43,44,46
1010,286,46,48,53
746,455,49,48,48
576,80,45,45,47
376,494,77,69,54
944,296,47,44,50
992,476,46,49,53
844,349,49,46,47
718,72,41,47,50
610,359,44,43,46
48,424,54,53,55
156,65,151,136,153
484,238,103,96,89
938,255,47,45,53
146,456,46,43,50
892,365,47,48,52
880,475,49,51,51
998,373,47,49,48
1162,321,238,236,250
181,214,191,186,207
262,308,47,43,44
918,203,48,47,52
851,153,46,46,53
554,255,229,230,254
263,223,191,187,208
1012,24,103,79,63
1072,206,50,52,56
844,167,45,47,48
1194,12,238,235,254
742,328,44,47,50
860,402,44,45,51
401,479,55,54,53
426,59,37,36,37
743,1,46,50,52
798,135,44,45,48
654,211,237,237,255
945,304,46,45,52
265,487,83,75,51
164,412,41,44,46
1115,269,232,229,245
579,247,233,234,255
104,228,203,201,225
1092,335,241,242,255
1014,237,50,49,53
1022,261,46,47,49
554,115,44,43,47
1115,134,231,231,247
1183,437,240,237,253
301,83,31,27,28
692,116,45,45,47
919,233,53,52,58
140,499,47,45,50
162,181,199,194,216
780,247,237,238,255
731,402,79,71,61
793,488,158,155,172
137,17,196,191,213
169,496,45,48,50
194,118,39,44,44
909,173,47,46,52
254,121,28,26,30
1144,62,230,230,246
475,329,49,51,53
610,96,46,44,47
387,174,43,43,46
890,41,109,105,102
38,9,227,226,247
138,34,131,113,133
758,312,45,46,50
63,2,225,230,244
257,49,132,143,160
2,189,66,58,61
936,248,45,46,51
848,179,42,48,48
1187,83,238,236,253
129,421,45,49,49
811,67,48,49,52
949,442,48,44,49
119,471,45,45,48
1027,373,52,50,56
1058,428,51,48,51
940,147,46,47,49
150,254,209,206,229
1101,181,243,242,255
783,204,58,51,56
78,137,181,127,139
747,461,86,79,65
735,97,50,50,53
255,99,35,32,34
933,109,49,47,51
420,328,46,45,47
98,389,45,44,47
1113,400,232,230,248
342,185,196,192,215
919,35,122,119,111
798,72,50,47,51
53,99,148,30,35
1081,10,74,71,73
790,39,51,50,52
197,44,197,182,204
830,372,50,45,51
1055,182,48,48,54
786,472,161,159,170
879,44,101,99,96
949,21,113,78,63
71,360,38,41,44
586,424,42,44,46
228,331,37,43,46
1193,460,236,233,252
1079,325,241,239,255
478,92,43,43,47
967,67,77,66,59
822,177,46,48,49
517,285,45,44,45
1123,410,231,229,247
1156,486,235,229,247
653,113,45,45,47
385,390,43,44,48
396,143,41,41,42
575,184,233,231,254
466,69,45,41,43
804,464,49,49,49
180,280,210,209,231
1133,310,229,227,243
474,27,63,52,47
709,41,88,65,58
427,204,225,223,245
1113,285,233,230,250
582,169,48,45,48
347,8,43,41,38
1032,235,49,49,52
715,408,41,42,46
685,354,41,45,50
394,219,210,211,239
1117,77,232,228,246
860,188,45,47,49
1069,83,88,82,81
830,124,47,48,53
335,402,41,43,47
943,330,43,48,49
999,180,47,48,53
1011,75,98,85,78
915,437,47,48,51
701,275,43,43,50
940,465,50,49,54
646,310,43,45,47
1,323,41,39,47
681,414,40,42,42
664,192,238,236,255
254,318,42,44,48
187,290,42,39,40
54,363,43,41,45
525,97,43,43,46
669,158,46,47,49
1030,73,98,85,72
1057,54,108,102,98
998,351,46,45,50
936,260,50,47,51
968,497,54,52,54
750,368,40,45,45
279,303,46,43,49
605,203,231,230,255
179,244,197,198,214
195,455,47,48,50
1063,31,112,104,101
611,459,156,156,170
630,417,41,44,44
695,60,45,45,50
263,9,38,29,32
703,278,45,44,47
996,21,128,94,68
469,48,40,39,39
1013,460,49,49,55
748,287,46,45,52
656,202,242,236,255
1019,195,47,47,53
43,227,33,33,35
137,374,43,41,44
930,365,47,46,51
589,249,238,237,255
433,178,45,44,48
60,246,38,31,35
17,224,33,31,35
513,493,108,102,73
815,275,43,45,52
1110,453,232,230,246
1041,109,48,49,53
540,216,228,229,251
153,475,46,46,51
520,69,44,42,42
528,451,147,141,155
941,286,40,46,51
505,420,46,43,44
486,107,42,43,47
682,68,47,49,49
607,422,42,44,45
348,162,39,36,41
590,59,44,45,47
456,213,75,72,93
1092,339,241,240,255
929,243,48,49,53
305,257,205,204,222
742,267,46,49,55
758,421,48,45,50
1138,484,229,226,242
787,69,43,48,50
708,245,55,57,59
1196,200,239,238,254
271,405,43,42,46
689,252,47,47,48
392,180,46,47,49
631,84,48,44,49
1099,468,236,234,252
455,401,60,59,66
320,173,191,189,208
604,298,41,42,46
586,257,236,234,255
244,395,41,42,45
719,217,231,236,248
213,153,33,25,34
591,262,231,234,255
823,340,46,47,51
121,112,164,30,36
594,222,237,235,255
528,389,41,42,49
236,338,44,44,47
1056,362,47,49,53
800,172,46,47,50
495,144,56,53,59
826,372,45,44,49
320,100,32,24,28
1,106,138,20,29
17,120,150,21,32
658,248,46,46,49
76,411,51,46,49
572,386,42,41,44
722,462,143,136,153
496,87,46,47,51
116,391,42,44,46
372,478,54,53,51
132,285,41,38,43
674,254,46,46,51
635,306,43,43,50
343,46,30,25,27
827,235,200,208,242
1166,410,232,232,248
998,199,47,47,53
1189,60,241,236,254
754,201,132,125,139
853,444,45,47,48
654,165,45,47,51
1111,491,231,229,247
601,230,235,236,255
873,54,99,91,86
563,170,46,45,51
223,86,147,151,166
526,463,147,143,156
774,301,46,44,49
210,230,190,188,206
466,261,221,220,242
493,349,43,43,47
34,46,37,32,32
678,81,46,46,48
879,29,108,104,108
43,129,152,20,33
1023,184,45,49,52
695,262,43,46,49
896,127,44,46,50
1071,272,51,51,53
792,299,44,45,51
178,420,46,48,50
242,4,178,166,190
990,360,44,46,50
1082,196,61,57,62
571,463,150,144,150
837,217,239,236,255
1123,50,232,230,245
451,336,46,46,50
342,381,42,44,45
434,469,20,21,23
728,318,44,45,49
696,174,48,48,51
544,475,141,136,142
157,302,38,34,38
206,275,207,205,225
570,148,44,44,47
948,391,44,44,49
306,386,43,44,45
777,114,44,45,50
986,212,45,50,51
890,464,45,50,49
736,211,240,238,255
1090,181,121,133,199
555,204,230,226,252
774,228,211,209,251
896,180,48,47,51
452,28,68,51,43
147,285,46,39,43
455,354,22,20,20
430,498,33,32,32
1023,470,49,49,53
335,371,42,43,46
1053,10,75,67,61
917,21,178,124,82
1174,410,237,234,254
585,271,184,184,222
766,122,47,44,51
1094,245,245,239,255
177,499,46,48,48
1168,487,236,232,248
1020,383,46,47,52
376,18,43,31,32
255,356,39,44,50
758,368,45,46,48
502,35,89,69,52
918,335,46,46,51
74,314,32,32,33
422,106,41,41,42
129,318,37,35,38
1169,209,237,236,252
164,1,45,27,52
751,5,48,49,52
32,4,226,224,248
872,373,44,46,51
1170,39,241,236,254
700,58,46,44,48
993,400,44,45,50
878,46,105,101,98
859,259,242,239,255
1107,423,235,234,253
110,123,159,30,36
1083,387,254,249,255
751,56,47,46,49
894,11,96,89,83
192,495,48,46,48
693,52,49,45,49
663,424,43,46,44
46,313,34,37,37
625,219,237,233,255
382,153,42,39,45
657,387,44,45,46
913,377,44,44,49
113,208,209,214,240
156,286,42,39,41
369,293,44,43,45
413,355,43,44,46
1123,465,225,225,242
429,289,44,46,49
976,411,46,48,51
1191,453,236,233,249
710,383,41,43,49
55,87,190,188,209
71,246,40,34,37
242,14,186,174,196
406,152,44,41,45
233,125,31,29,30
712,41,117,88,63
871,231,238,237,255
813,388,47,46,49
104,415,44,44,47
589,122,44,44,48
850,279,48,46,49
16,320,36,39,41
557,363,40,44,45
329,415,47,42,47
477,216,172,174,193
50,58,114,103,114
384,108,35,33,34
304,483,86,84,79
603,490,179,176,187
1182,163,242,236,253
153,288,37,37,39
62,171,168,30,37
16,490,53,52,52
888,53,105,102,99
438,173,47,44,47
756,450,48,45,50
184,394,43,44,46
780,213,242,239,255
427,61,34,35,38
919,451,78,89,121
911,199,47,50,52
106,142,194,180,196
817,26,56,54,57
3,230,35,28,26
969,139,46,48,50
1160,363,238,237,251
630,179,236,232,255
871,452,48,47,51
966,432,60,51,50
785,59,48,46,48
14,479,48,50,53
779,470,167,162,171
1088,293,255,255,255
320,461,113,106,101
787,440,47,47,50
1088,81,61,62,62
355,50,29,23,27
326,274,42,44,46
805,214,242,240,255
19,37,134,135,158
675,205,236,235,255
608,354,46,43,49
35,188,97,93,103
927,467,47,48,52
1106,456,233,232,249
487,491,112,98,61
1015,377,45,47,49
591,397,41,43,42
195,196,189,182,205
596,238,232,235,255
465,497,108,102,58
1155,323,234,234,249
628,408,42,44,46
315,471,130,124,122
381,105,38,34,37
1109,415,236,234,253
1068,432,56,54,56
586,432,42,43,44
495,80,43,42,47
391,180,48,47,49
1172,288,236,233,249
231,475,54,54,52
20,192,90,97,89
196,411,43,43,47
343,17,36,34,35
491,227,171,167,199
85,193,141,143,162
256,397,40,45,45
1181,415,238,237,255
384,85,31,30,29
1031,493,48,43,52
340,81,33,26,30
307,214,190,189,207
308,34,46,46,48
737,280,46,45,49
205,98,167,174,189
101,95,158,27,36
241,266,201,202,222
18,256,36,30,33
1157,51,236,234,252
909,156,46,46,50
843,214,77,68,79
844,32,85,84,78
40,260,33,29,30
332,39,70,60,59
3,108,138,19,28
753,224,73,63,62
213,225,192,187,207
991,243,46,46,51
627,113,43,44,51
310,444,74,71,55
1005,188,47,50,52
1070,6,102,81,64
1110,10,235,235,249
827,48,64,57,58
729,125,44,46,52
1135,461,228,225,242
656,371,44,40,48
798,281,46,47,52
729,156,47,46,50
356,470,61,57,50
597,230,233,235,255
364,151,38,37,39
1049,375,48,49,51
172,190,193,188,213
789,457,46,47,52
745,157,47,49,51
659,343,43,45,46
806,271,161,166,225
579,176,53,48,53
370,417,40,43,47
785,57,50,46,50
671,419,43,44,48
151,195,200,195,220
597,250,236,236,255
322,486,119,117,131
935,247,47,47,50
900,306,42,46,48
1114,448,232,229,246
570,83,47,43,46
565,45,46,44,47
749,228,165,162,226
739,219,239,239,254
1012,166,49,46,52
947,124,47,49,48
765,417,46,51,54
911,352,44,46,47
958,220,45,46,52
1010,177,46,48,52
965,456,139,136,119
906,239,243,239,255
684,194,241,238,255
1083,206,51,54,59
317,76,36,27,33
667,371,43,43,48
869,206,51,48,54
911,114,48,48,49
1165,280,237,236,253
1103,149,239,239,255
260,115,32,27,25
331,9,85,78,88
464,448,174,180,201
453,385,24,22,24
670,370,42,43,48
296,376,46,46,48
1057,220,49,48,53
1040,40,104,81,65
84,101,154,24,32
445,74,43,42,41
847,200,46,46,54
237,472,85,85,59
427,181,46,47,51
541,331,41,41,45
126,492,51,49,53
857,376,48,47,53
173,215,191,188,209
1119,114,230,227,242
733,28,52,49,51
315,370,42,42,47
996,476,45,49,51
80,19,106,102,107
550,49,40,44,45
964,309,47,46,50
1089,444,238,237,254
1014,215,49,47,52
598,383,41,44,47
907,246,239,235,255
184,263,207,204,226
1054,188,43,51,53
629,277,45,44,45
519,67,42,41,44
1083,469,247,245,255
1118,269,233,230,248
92,218,215,215,240
228,116,31,33,38
670,24,47,48,52
962,287,43,47,49
757,126,48,46,50
324,291,46,42,47
263,350,40,42,45
1192,45,240,238,253
559,472,143,137,149
1086,407,132,118,96
1061,422,51,51,51
189,224,187,186,204
186,479,47,45,50
171,345,42,42,41
829,367,47,48,48
250,340,42,43,45
1087,393,253,254,254
603,344,45,46,49
1056,465,49,49,55
936,63,94,92,86
889,85,44,48,50
450,387,19,20,19
72,420,54,58,56
312,343,44,45,45
857,169,48,47,52
336,241,203,203,225
170,131,103,103,120
1129,408,231,227,244
174,351,42,43,43
1005,221,51,46,53
21,212,30,27,32
503,396,41,45,46
231,5,177,162,187
800,191,51,47,52
305,290,45,44,48
404,39,37,27,29
567,255,233,230,255
423,394,49,44,46
498,110,52,50,53
1086,250,252,252,255
580,356,42,42,43
609,496,165,166,156
654,344,43,46,46
129,499,48,50,50
1161,33,236,234,248
866,389,43,46,48
368,462,85,76,86
423,12,39,31,33
324,475,108,103,109
717,360,44,45,49
342,169,45,43,46
111,394,41,44,47
177,433,50,47,50
275,420,48,45,48
342,245,205,200,223
621,195,239,236,255
1097,391,241,241,255
310,256,201,201,222
473,215,122,121,114
843,367,46,46,50
668,184,236,235,255
605,244,238,234,255
738,299,47,45,50
788,172,48,47,52
466,234,229,228,251
478,10,53,44,43
935,206,48,47,51
811,496,151,143,147
166,435,81,77,71
572,181,231,228,254
1195,179,239,236,254
1091,373,242,245,254
310,54,36,27,33
656,178,238,236,255
1133,498,228,224,240
379,410,42,41,46
1165,420,234,233,252
809,379,45,46,48
150,273,210,208,233
206,53,45,33,40
709,206,238,236,255
887,343,46,46,48
916,155,47,47,50
1162,224,238,237,252
339,71,31,27,27
909,124,46,49,52
411,155,41,41,46
1103,205,240,238,255
825,424,50,48,53
5,204,28,30,27
830,1,93,92,86
288,286,47,44,47
333,465,131,127,133
1131,355,228,230,241
237,206,105,104,103
989,51,101,76,60
2,276,36,31,30
546,332,43,43,43
733,221,219,227,243
1192,356,236,235,248
573,427,41,43,46
1064,37,112,102,104
293,115,27,26,29
343,237,200,200,222
348,140,36,33,35
364,373,42,42,46
294,406,46,44,47
796,380,46,47,49
498,474,115,114,93
763,352,48,46,49
555,329,43,42,45
51,219,106,99,112
1006,208,48,49,52
330,334,49,45,46
329,332,39,44,46
195,428,46,49,51
703,124,43,45,49
250,210,177,176,189
1075,412,52,53,55
169,59,155,141,161
109,3,114,101,116
786,369,45,45,48
863,456,45,46,50
283,149,34,28,32
995,358,45,46,49
758,394,42,46,51
385,100,34,32,35
23,294,33,31,35
518,220,219,217,241
718,216,230,239,248
794,374,43,45,48
367,319,45,45,49
1081,160,241,243,255
1070,19,83,70,61
47,68,114,105,112
363,28,37,27,31
208,375,42,43,45
769,314,42,45,47
481,142,41,44,48
453,380,27,25,23
918,247,51,52,57
385,309,42,44,47
1117,265,229,228,245
698,325,46,45,47
953,59,56,54,53
688,26,49,50,53
869,29,101,100,97
188,438,47,46,49
1063,4,103,80,65
658,128,43,43,47
199,424,47,48,48
225,457,64,64,55
703,428,38,45,48
777,274,234,236,255
504,159,43,48,49
872,150,49,48,52
824,348,47,46,49
217,312,39,41,43
37,31,229,227,252
678,249,49,47,51
1052,249,46,49,52
298,175,184,185,202
1018,90,50,50,55
983,390,48,46,49
612,361,37,43,46
231,472,84,88,68
833,23,84,82,77
852,473,48,48,51
538,203,59,58,63
189,183,190,188,205
689,340,49,45,48
317,482,98,94,97
193,34,194,175,199
402,98,38,36,37
361,278,46,42,47
423,203,224,223,246
649,382,44,45,47
882,241,88,71,92
137,244,205,203,221
694,391,44,46,49
426,478,122,101,104
179,113,112,115,130
155,429,51,49,49
903,180,50,47,51
1014,9,101,79,62
726,463,148,140,147
970,249,47,48,52
628,132,43,46,49
817,298,48,46,51
1189,468,237,236,251
740,461,136,136,141
595,202,68,59,68
314,434,74,72,53
462,455,182,189,205
621,132,43,45,46
675,209,224,221,249
554,206,226,224,248
719,8,118,75,64
905,355,46,48,50
114,367,42,40,41
260,168,191,187,206
794,196,47,47,51
826,323,45,48,52
505,128,36,34,39
196,88,98,97,108
1162,465,232,233,248
1189,299,240,238,253
797,444,49,46,51
1170,183,236,236,251
908,434,46,44,58
686,179,53,50,57
824,389,45,45,49
1182,265,237,236,252
1017,88,51,52,54
765,358,46,43,46
675,69,45,45,48
58,239,32,31,33
708,45,45,47,49
1048,168,53,50,54
464,360,60,57,58
922,463,46,50,51
580,34,45,45,48
649,312,48,46,48
1182,27,239,237,252
504,240,132,131,168
988,117,45,47,51
502,280,45,46,47
1132,413,230,227,240
1,298,37,34,39
774,95,45,46,49
1068,358,54,52,54
175,324,38,41,46
112,0,116,104,112
413,169,44,42,45
787,321,45,48,50
751,215,95,80,136
940,366,48,47,49
57,148,175,123,125
1123,48,232,229,248
557,484,126,119,104
1052,65,104,89,77
684,446,43,44,47
176,320,39,40,42
1010,114,48,47,51
1059,112,51,49,55
909,66,99,100,94
788,421,46,46,53
156,487,44,45,50
420,32,34,33,32
720,355,45,44,50
702,204,239,236,255
607,345,41,43,45
131,253,213,211,233
849,270,49,50,53
157,108,37,30,32
168,105,200,190,214
809,339,45,46,48
289,199,114,107,135
980,117,46,47,52
849,17,92,91,87
165,190,189,189,210
699,379,45,42,48
872,88,46,48,49
915,468,46,46,51
242,7,181,167,192
848,112,50,47,49
278,448,72,68,54
730,145,46,46,48
878,200,45,45,49
172,111,134,130,154
251,499,84,74,55
534,224,229,225,250
769,382,45,46,50
965,422,49,46,49
169,149,35,39,43
148,102,111,105,114
159,467,145,125,96
145,347,39,38,42
330,293,42,45,45
335,498,136,133,150
44,5,231,227,251
294,97,33,25,26
969,71,76,68,58
395,93,37,34,34
1093,109,159,153,113
222,251,194,195,216
804,28,51,52,54
133,303,37,35,38
944,416,45,46,51
849,68,49,49,54
747,421,45,44,49
415,238,200,202,218
997,420,46,47,51
731,317,48,45,49
282,493,93,85,78
1004,367,45,47,49
199,60,43,34,34
720,227,237,236,255
276,237,184,186,208
554,251,229,230,255
771,117,46,47,49
944,408,45,43,49
118,441,54,54,54
688,4,50,50,53
695,375,44,45,47
1015,140,46,48,54
151,308,37,34,34
626,224,237,236,255
504,59,46,44,45
1155,342,234,233,250
1178,342,240,235,251
739,125,45,45,49
972,337,44,44,51
450,385,26,18,17
1140,365,229,229,244
1012,197,44,49,49
759,449,46,48,54
853,172,43,46,51
951,193,46,48,50
858,316,46,48,49
1197,310,238,236,255
580,134,46,42,47
925,168,45,46,53
553,43,43,41,46
1152,495,230,228,244
540,416,42,41,46
409,231,218,219,242
2,52,113,108,137
493,217,211,208,228
1039,123,49,49,54
995,468,47,48,52
925,332,45,46,52
934,335,47,47,51
213,188,188,183,203
1064,175,48,50,56
466,252,59,58,57
129,4,119,114,126
183,355,43,44,47
151,310,34,32,36
1119,356,233,230,247
381,112,36,36,36
289,115,28,23,27
256,466,103,92,61
1060,71,61,57,60
614,498,114,110,100
26,362,44,43,46
46,89,195,190,213
451,427,68,66,71
50,293,34,32,33
317,436,78,76,55
777,421,45,45,52
489,392,41,44,47
401,88,33,32,36
854,200,44,47,53
749,211,240,237,255
587,38,44,46,47
296,269,51,46,50
893,172,45,49,53
695,381,41,44,48
694,369,47,45,47
1187,336,237,236,252
1122,339,230,228,243
1072,54,76,66,62
1174,378,241,236,253
285,337,42,43,45
221,405,43,42,45
891,42,109,104,103
584,265,233,234,255
1150,308,234,232,248
309,457,119,113,88
224,222,191,188,205
842,5,98,95,91
518,241,163,157,153
266,88,36,31,36
423,414,41,44,45
887,177,46,46,53
155,329,41,39,39
1128,125,231,228,244
409,384,44,44,46
26,342,39,40,44
643,499,125,116,134
914,277,48,47,52
762,407,48,42,59
231,196,184,182,202
836,284,48,46,49
901,198,46,48,54
1069,319,54,52,58
899,376,43,47,46
1153,235,231,231,247
193,82,192,184,205
418,336,41,44,48
657,399,42,44,47
150,321,38,39,37
1045,472,46,46,52
428,69,33,36,39
533,312,44,44,46
1153,102,235,232,248
922,30,97,71,61
113,430,96,62,81
165,258,209,204,227
84,119,153,30,34
536,146,44,44,47
45,217,34,33,43
1141,219,233,229,244
393,361,40,46,45
325,140,33,29,33
572,157,44,46,48
615,50,45,44,50
731,314,44,46,50
503,276,47,45,50
399,168,45,42,48
597,238,236,235,255
732,282,44,43,48
110,151,200,191,210
216,78,114,116,133
437,108,40,42,42
9,380,46,45,48
148,13,194,190,213
837,458,50,47,54
536,55,43,42,46
57,50,114,105,116
1125,173,228,228,246
603,243,239,235,255
1098,20,239,238,250
724,87,44,45,48
973,352,46,47,52
150,463,49,48,50
572,246,233,234,255
1142,77,230,230,244
1195,177,240,237,254
41,379,44,45,45
954,129,47,48,51
35,330,41,37,39
736,289,43,45,49
814,360,44,46,49
1181,309,238,237,252
1000,436,51,48,50
1177,106,237,234,254
1167,63,238,234,250
419,72,40,35,37
230,108,36,36,37
45,283,36,30,30
982,111,45,48,51
691,149,45,46,49
649,297,45,46,49
104,431,81,57,59
205,11,179,136,141
551,435,89,84,65
1001,385,47,47,54
47,442,54,47,56
99,336,42,38,36
415,339,44,45,48
804,10,50,53,52
428,4,36,28,29
387,378,44,42,47
695,137,42,45,48
918,414,45,46,50
405,80,32,33,34
838,73,45,49,50
164,486,48,48,51
1074,241,51,54,54
883,193,46,47,51
701,260,47,44,47
851,400,49,46,51
49,375,46,42,45
483,291,50,50,55
52,234,37,32,35
149,5,31,29,28
557,211,60,56,75
254,126,34,26,28
679,142,47,47,51
167,115,107,116,127
1156,74,240,236,252
802,76,43,46,51
239,121,32,26,29
550,214,227,227,250
881,54,106,101,98
1050,91,65,58,60
963,439,52,50,55
976,28,95,70,61
1017,202,47,47,53
1099,345,247,244,255
481,461,172,174,193
253,209,187,187,203
215,69,46,38,51
1032,63,99,87,71
553,242,230,228,253
662,483,103,79,59
978,140,45,47,52
132,88,155,139,163
613,346,43,41,46
384,244,212,214,236
144,486,48,46,48
954,339,42,46,49
480,496,115,103,61
166,22,164,145,167
556,283,43,44,48
470,257,130,130,152
297,409,43,43,45
594,73,46,44,47
1162,336,236,234,249
443,178,46,46,46
392,167,42,43,41
477,241,26,23,27
439,25,38,36,38
306,209,63,48,72
65,34,129,122,132
20,466,48,49,52
910,354,43,47,50
1160,85,239,236,250
699,78,48,47,48
790,315,44,42,48
1195,420,241,238,252
603,399,43,43,45
1084,208,55,56,58
405,295,45,45,51
1144,127,236,232,246
302,310,40,43,48
66,452,47,46,52
112,277,209,211,235
949,312,45,46,50
633,400,40,43,46
1033,449,47,47,53
1157,69,236,234,249
969,21,102,77,61
399,13,36,25,27
509,243,218,218,239
128,219,198,194,217
78,368,41,41,44
779,56,47,48,51
737,15,46,48,53
1002,53,98,74,62
164,21,159,144,167
677,97,48,45,51
933,380,43,45,50
1195,165,238,238,255
39,150,162,31,37
62,43,110,101,112
1160,120,236,233,251
850,306,45,45,50
705,222,56,52,71
75,314,34,33,36
689,42,44,47,49
976,226,42,48,50
244,181,190,188,205
931,57,100,96,90
866,202,46,48,47
442,186,91,87,93
102,308,33,35,36
1059,339,49,50,52
195,21,191,169,189
193,261,205,199,223
837,18,89,87,80
1118,493,229,227,242
69,50,123,111,120
337,429,68,64,49
356,41,41,27,30
242,60,210,213,233
773,37,52,49,53
419,50,29,29,30
1083,422,246,249,254
40,346,39,41,43
1149,298,235,229,245
465,292,71,68,77
119,193,217,219,246
411,359,41,44,44
946,434,115,115,86
503,399,37,42,43
885,236,239,238,255
646,223,239,237,255
433,135,40,41,45
326,328,46,43,47
321,423,44,44,47
745,146,48,47,50
701,341,46,43,49
241,358,40,46,45
904,145,47,47,52
516,191,217,218,240
665,180,233,234,254
936,439,46,50,50
1032,19,109,83,63
1173,191,234,236,250
30,135,158,24,36
390,488,72,66,56
793,28,47,52,52
1196,51,241,237,254
723,32,176,111,71
238,430,80,79,53
460,252,232,230,254
572,152,43,45,46
679,321,46,45,48
303,220,194,192,213
38,328,41,40,41
306,52,32,30,34
554,217,232,230,254
580,255,235,235,255
1126,431,231,228,245
672,190,238,239,255
371,7,39,30,32
988,58,112,88,74
79,347,43,41,42
15,53,65,65,69
633,194,237,233,255
13,271,31,30,35
1004,166,46,47,54
1082,14,59,57,63
84,424,54,55,53
1114,142,236,234,248
777,342,47,46,49
924,414,45,45,51
904,283,47,49,51
1144,183,233,232,247
748,479,143,144,138
1143,368,231,230,245
803,92,43,48,50
636,73,43,45,48
872,459,45,48,51
821,286,52,48,52
625,65,47,45,49
388,82,31,31,30
344,355,42,45,47
323,369,47,41,47
291,356,45,42,47
332,101,33,28,30
512,84,35,33,33
988,107,47,47,52
1145,498,230,227,243
812,421,53,47,51
1025,388,49,49,51
896,160,46,47,50
638,173,60,51,59
1032,13,107,82,62
364,453,101,92,89
1009,378,46,46,51
217,7,179,165,188
323,404,41,44,44
535,410,45,44,46
69,19,42,34,37
408,42,32,25,27
1087,498,242,243,255
1000,359,48,45,51
854,288,46,48,50
1053,292,56,55,61
537,168,46,46,50
180,10,166,140,164
167,227,201,196,218
896,311,44,46,49
267,394,46,43,46
1063,234,48,48,55
706,263,45,45,51
201,136,37,32,38
492,27,77,60,49
1139,94,229,229,245
155,228,200,198,219
229,313,43,42,46
940,62,103,99,93
1142,328,228,228,244
904,403,45,45,51
167,35,173,157,180
31,428,48,48,49
534,338,45,43,46
598,435,44,46,50
931,422,45,44,47
1052,427,48,48,52
146,73,163,150,168
110,230,197,194,215
659,82,47,45,48
535,305,41,43,48
1004,194,49,46,52
763,425,46,45,50
644,456,194,201,222
779,417,47,48,44
491,289,47,44,48
344,166,42,39,41
925,402,45,46,50
768,221,230,235,242
1050,321,44,49,53
260,393,43,43,47
557,101,44,43,47
1121,167,230,228,245
605,172,49,48,53
982,219,48,49,52
1181,124,239,233,253
739,98,48,45,50
824,192,45,47,51
181,38,171,112,135
733,114,47,44,49
18,185,77,79,81
929,165,47,46,50
611,125,42,46,48
659,186,239,238,255
827,90,47,45,52
687,20,49,49,52
317,310,45,44,46
608,163,44,45,48
233,115,31,30,35
59,393,41,43,47
126,486,50,48,50
203,82,186,183,207
385,153,42,41,43
905,273,169,169,200
339,356,44,44,43
560,137,41,44,47
407,335,43,42,48
914,299,42,48,49
46,357,47,40,46
1013,311,46,48,51
795,286,51,49,53
1171,425,235,232,251
611,444,191,198,222
864,67,51,47,53
119,208,211,208,233
953,496,169,159,131
210,358,42,42,44
864,275,50,50,57
1110,475,232,230,245
71,13,228,226,250
1115,490,232,227,247
409,361,45,43,47
311,477,124,116,101
351,21,39,30,30
25,442,51,50,50
491,447,151,156,170
573,436,44,42,45
639,62,44,46,48
719,243,241,237,255
1076,491,59,54,62
702,143,48,47,48
738,92,47,46,50
1139,473,227,227,241
740,86,46,47,49
494,264,216,218,237
14,113,146,21,30
545,412,40,41,43
628,15,45,49,50
487,180,71,70,70
263,111,36,30,32
1037,161,49,49,55
1156,278,236,235,251
715,21,100,73,61
976,1,112,84,64
994,42,112,86,63
1115,474,233,226,247
488,45,43,42,46
616,120,45,46,48
447,192,225,225,245
1037,137,48,49,51
602,418,46,42,47
305,474,125,116,98
869,208,46,48,53
510,485,124,99,73
878,178,46,48,49
676,161,48,46,50
927,376,45,46,47
692,341,48,48,49
212,283,194,193,223
129,145,41,30,36
160,106,115,101,130
397,419,45,43,48
122,182,207,208,237
413,459,115,104,118
988,463,46,49,57
167,481,47,48,51
707,381,43,45,46
925,482,51,52,53
648,361,42,46,45
795,98,47,47,50
1132,68,231,227,243
506,113,35,32,36
525,204,59,56,61
735,285,48,46,50
502,448,162,159,174
791,445,49,46,52
725,490,154,149,161
966,75,64,60,57
708,81,46,47,50
1097,285,241,236,255
84,444,47,48,49
474,491,124,112,65
900,90,49,47,50
1115,194,232,233,250
154,260,208,209,232
858,223,239,238,255
168,119,133,139,154
72,196,43,33,34
1096,292,239,237,253
72,154,163,35,39
970,75,65,58,56
430,421,43,46,49
36,216,29,30,31
1140,15,232,229,247
276,137,31,27,29
428,404,43,45,47
1095,408,243,242,255
497,184,196,191,211
140,481,55,54,52
366,481,75,74,62
679,218,61,55,60
162,184,196,193,215
252,351,47,42,45
167,410,44,45,46
428,320,45,43,46
469,251,199,200,222
223,387,44,44,48
1024,313,47,46,52
840,17,91,86,79
579,104,43,44,46
1024,46,99,77,60
98,122,159,31,37
249,273,200,200,222
1031,9,111,84,66
243,431,78,78,48
284,31,93,93,110
576,497,172,164,166
26,460,51,54,54
429,286,43,43,47
552,383,43,41,44
938,14,172,139,103
305,472,123,117,98
426,133,44,40,46
640,388,64,55,52
638,493,155,151,159
576,155,41,43,45
720,212,240,238,255
58,175,169,32,37
685,312,41,46,49
985,365,48,49,53
355,432,100,96,63
753,484,160,157,157
541,44,43,44,47
580,62,48,43,46
1120,138,230,227,246
206,193,186,183,201
9,176,101,94,102
1146,200,234,230,245
1098,466,235,235,253
1131,234,226,226,244
1022,280,47,46,51
1,342,40,40,43
817,261,54,56,57
750,385,43,44,45
14,175,119,120,124
817,492,159,153,147
719,456,58,52,48
446,402,32,28,33
960,21,103,75,61
995,20,127,96,70
1110,8,240,235,254
1065,101,50,51,54
901,64,107,105,100
180,284,57,43,66
324,37,39,32,35
209,406,42,43,45
899,332,44,45,49
763,316,43,46,52
903,93,51,48,54
353,375,42,45,46
920,301,45,45,47
1188,448,236,235,250
10,45,62,62,66
313,65,31,27,33
956,280,46,47,53
1076,276,72,69,70
258,498,92,79,56
1180,362,242,237,252
1053,228,47,50,53
804,76,43,47,49
921,236,47,49,53
255,78,45,46,53
515,197,116,105,129
1129,124,229,227,243
340,363,41,42,47
159,248,204,200,226
398,75,36,30,36
337,438,83,79,56
980,24,102,77,60
537,57,47,44,47
303,209,107,107,120
666,385,44,46,46
1193,75,241,236,254
673,357,43,44,46
1130,239,229,227,241
1167,303,236,234,251
812,47,53,52,56
1183,319,237,236,255
416,195,216,214,237
1132,67,231,227,241
570,261,237,231,255
466,395,42,45,49
603,352,44,44,45
35,276,35,27,34
326,462,90,86,82
649,365,44,44,47
1103,341,237,239,255
257,462,106,93,64
688,260,43,46,47
560,53,44,44,47
470,180,46,45,49
262,111,37,26,32
483,260,206,201,222
93,490,48,45,50
275,209,55,51,53
376,120,35,34,38
652,451,56,51,54
1191,303,241,236,255
887,311,50,46,49
1050,434,49,48,51
688,384,42,43,48
344,153,34,35,40
376,25,38,25,30
1174,195,238,237,254
424,144,40,42,45
1070,362,52,51,56
762,235,92,74,126
808,196,48,44,52
165,299,42,38,42
237,365,43,41,46
1187,229,238,237,253
161,55,140,127,146
287,463,111,110,79
254,254,198,196,215
463,459,179,185,206
620,380,45,45,48
190,306,41,40,39
987,316,45,42,51
965,317,49,48,54
1110,66,232,232,251
6,360,45,44,46
173,295,39,38,42
137,290,38,35,37
1040,382,51,47,53
249,108,33,31,32
15,129,156,24,32
214,445,50,47,51
473,334,49,48,55
93,206,187,195,218
834,465,48,49,51
614,169,46,46,47
1023,21,100,79,60
413,390,45,43,45
139,305,32,35,37
515,174,44,49,47
128,189,213,214,235
44,268,35,27,28
792,99,48,46,52
711,299,43,44,50
389,290,43,46,46
34,15,224,224,247
710,66,41,45,48
911,235,239,237,255
6,481,49,48,51
646,197,235,236,255
194,124,41,40,45
440,105,42,40,44
876,339,45,47,50
579,232,239,235,255
1144,0,234,231,247
654,337,43,45,47
626,313,45,45,48
368,205,84,74,84
88,254,219,215,241
379,402,40,44,45
555,118,45,42,44
1115,282,228,228,244
400,359,40,44,44
1111,432,233,231,251
433,354,44,43,45
771,448,41,47,48
715,108,47,46,50
36,47,84,76,93
872,321,46,45,51
424,395,40,44,47
32,168,172,31,39
967,329,44,46,50
39,103,34,28,29
163,227,201,196,218
175,407,42,43,45
174,333,40,40,44
9,242,33,29,33
517,419,40,42,45
463,492,108,101,59
1038,363,49,48,51
981,468,51,49,51
482,330,43,44,46
980,277,46,50,51
410,327,44,43,47
887,56,106,105,99
542,126,39,43,47
146,158,155,171,174
1029,46,101,78,60
542,336,43,43,44
691,487,122,95,70
497,465,160,157,164
439,152,43,42,46
639,369,43,43,46
665,0,52,50,52
675,196,241,236,255
408,319,45,44,48
673,116,45,44,49
509,106,34,29,31
706,290,45,48,50
786,138,49,47,51
524,445,141,136,144
805,198,49,48,52
689,317,45,45,47
550,163,44,44,48
828,209,50,51,53
76,356,39,39,43
610,271,45,43,50
123,402,42,42,47
199,386,44,42,47
492,255,212,214,234
135,433,49,48,49
344,301,42,43,47
451,71,44,41,46
199,355,43,44,47
120,263,215,213,236
1161,417,233,230,248
752,0,51,50,53
56,33,139,135,145
1143,425,232,229,243
76,211,241,238,255
119,63,156,140,163
285,229,188,186,207
731,242,243,238,255
740,57,47,46,50
1109,291,232,230,250
241,62,214,215,233
1175,164,239,236,252
1048,400,46,48,50
334,399,40,44,46
716,34,144,89,63
4,76,112,105,115
1046,255,48,48,54
1,137,162,28,37
1138,287,231,226,241
55,463,49,47,52
793,47,48,50,54
908,100,48,48,50
716,322,46,45,47
388,207,185,181,200
203,296,39,38,45
35,172,174,33,38
650,161,44,45,49
33,206,50,46,55
245,22,206,190,214
16,337,41,40,41
1049,453,45,48,52
450,198,226,225,250
194,291,38,39,43
418,99,39,38,41
768,305,44,43,50
740,195,240,239,255
694,4,50,51,53
28,116,148,20,32
763,64,49,48,51
982,107,45,47,51
145,330,35,39,40
934,359,47,46,51
1029,133,48,48,54
1190,62,238,236,253
248,79,49,48,52
1018,294,45,49,50
572,342,46,43,45
1145,478,231,230,243
397,113,37,35,38
212,398,46,44,47
516,445,157,153,168
1053,493,46,48,51
1050,0,107,86,100
695,305,44,46,48
899,472,47,48,51
859,380,43,45,49
769,241,241,237,254
16,294,35,34,38
567,385,42,42,45
539,297,44,45,47
212,416,41,44,48
140,378,43,42,46
204,167,40,30,32
177,184,191,188,210
463,151,42,44,45
62,358,42,44,43
1146,51,235,233,248
255,294,42,44,45
503,456,168,169,185
352,178,194,192,213
416,343,44,44,49
687,459,112,85,57
197,174,186,184,205
90,165,36,25,28
1025,218,52,48,52
1108,397,235,237,252
887,361,44,46,47
468,298,16,20,23
665,475,99,74,56
512,140,44,46,49
47,375,44,44,47
778,497,163,158,174
306,364,44,46,47
528,102,42,43,47
829,369,46,45,50
55,132,152,25,32
732,397,47,45,49
32,107,96,63,67
354,291,41,45,45
1032,362,48,49,51
200,127,35,36,39
838,69,50,47,53
401,497,91,72,53
653,173,52,51,57
911,414,43,47,50
204,283,185,182,216
100,42,157,165,176
942,130,47,47,51
700,382,45,44,48
16,76,114,102,111
92,170,39,29,34
429,408,46,43,49
71,447,49,49,52
885,6,79,71,65
312,336,45,43,44
692,456,116,95,64
558,405,44,42,49
298,414,47,44,48
286,426,89,85,59
356,420,40,44,45
183,452,50,49,51
969,466,47,47,50
265,463,109,100,69
1003,198,48,47,51
956,467,43,46,53
396,68,35,26,30
1110,124,235,234,251
1110,83,232,230,250
205,38,164,33,45
140,416,43,45,46
828,85,48,46,49
133,383,45,40,44
589,203,236,239,255
964,148,41,46,49
824,353,46,45,48
741,203,239,239,255
406,47,28,27,26
657,63,43,46,46
351,210,56,55,64
96,228,201,203,227
1130,283,230,228,239
366,449,103,103,102
984,272,45,46,51
953,198,45,48,52
999,310,44,50,50
50,431,50,49,53
800,284,47,46,49
65,58,109,99,105
252,187,188,183,204
1184,462,234,236,248
444,184,53,49,52
188,332,40,41,44
764,251,242,239,255
417,53,31,30,34
115,308,35,35,32
1087,254,253,253,255
1000,13,127,94,69
796,140,48,46,52
189,309,41,40,46
275,141,30,27,31
525,201,59,59,61
1049,132,45,49,54
103,435,73,77,93
973,159,46,48,52
122,265,215,213,235
294,293,42,43,45
823,359,46,47,49
925,463,50,47,50
793,195,47,48,53
14,282,36,31,33
946,495,174,158,96
1021,7,106,82,65
28,64,114,103,116
939,251,45,48,50
331,281,43,44,46
807,86,48,46,49
96,359,38,38,43
618,182,57,53,59
296,444,55,58,52
52,493,86,81,74
217,403,41,44,46
653,167,48,46,50
40,307,34,34,36
1029,317,46,48,52
396,233,212,215,236
662,144,45,46,49
855,347,50,49,51
43,27,64,64,69
243,239,194,190,208
500,425,48,43,50
1096,387,247,245,255
464,117,42,43,44
249,412,41,43,45
361,374,42,44,45
259,178,188,184,204
901,180,44,47,50
359,357,44,43,47
919,287,45,44,50
1031,496,52,50,52
88,36,121,112,123
818,311,46,47,51
158,496,51,45,51
572,468,120,110,101
115,293,35,36,37
78,298,38,27,32
492,17,71,58,47
234,388,42,46,45
794,93,43,45,53
560,370,42,40,43
693,199,236,237,255
308,198,188,186,209
1085,358,254,250,255
222,219,193,186,200
280,427,76,73,53
832,131,46,46,50
822,309,47,45,48
906,145,45,48,49
666,313,45,45,47
809,426,43,46,50
723,58,42,46,49
144,305,34,35,37
609,285,48,44,48
1141,318,229,228,242
129,416,43,44,49
422,139,42,42,46
1030,470,45,46,50
459,100,42,43,42
191,392,44,44,45
319,411,47,44,46
159,5,37,30,43
580,159,41,45,46
416,310,45,44,48
865,340,45,46,52
1123,121,230,228,243
1090,337,241,242,253
618,496,111,109,104
529,379,44,42,48
323,362,42,43,48
243,298,40,43,47
824,175,46,46,51
135,428,45,48,47
443,42,37,34,37
798,426,47,46,48
676,43,44,46,46
250,96,38,36,40
448,180,46,47,51
485,440,180,185,204
581,404,41,43,44
418,38,34,29,33
1160,273,238,236,246
26,473,46,49,50
586,250,237,235,255
512,258,218,221,242
251,80,47,46,53
1173,20,239,236,252
586,390,41,43,46
555,220,229,230,252
950,212,48,46,50
758,86,46,46,50
116,480,47,46,48
198,189,193,188,208
696,365,48,46,47
1058,321,50,51,53
1085,296,65,60,60
796,334,48,45,48
1117,453,228,228,245
337,72,32,25,27
452,329,45,47,49
603,239,237,234,255
891,15,77,70,67
1136,362,231,229,245
851,290,47,45,54
690,404,44,44,50
186,206,167,157,168
867,9,95,93,90
192,203,119,117,129
126,171,233,238,255
208,112,39,39,41
620,483,173,169,180
206,418,47,45,46
1060,236,51,50,54
272,338,40,43,47
259,82,41,36,44
922,5,148,95,70
701,138,44,48,49
561,343,44,44,47
756,125,46,44,50
549,47,45,42,43
318,228,109,99,109
1084,473,179,172,228
505,21,77,59,47
218,209,184,182,201
36,262,39,31,33
9,191,106,103,110
285,331,43,45,45
1020,482,47,49,54
666,58,45,48,50
865,464,49,49,54
863,125,49,50,54
45,107,149,23,33
306,12,39,37,50
755,26,49,49,53
923,218,48,46,51
209,263,202,201,220
1039,490,49,47,51
742,291,46,46,48
1128,441,226,224,245
364,129,32,32,36
799,206,55,54,58
879,439,50,48,50
21,339,41,37,41
330,346,39,44,45
985,56,95,72,62
218,104,43,43,47
963,452,55,50,51
766,218,77,59,73
456,360,21,24,19
880,229,241,238,255
1078,236,55,53,54
122,446,48,46,49
109,375,44,39,43
922,253,48,49,53
379,229,212,209,233
727,429,42,45,50
1171,6,239,237,252
266,408,42,45,47
477,244,19,23,27
920,153,46,47,51
581,184,234,234,255
591,167,43,46,49
1191,382,240,237,254
73,174,207,194,217
944,86,48,48,51
1037,125,47,49,53
728,123,46,45,49
612,401,43,44,46
577,309,40,43,46
998,131,49,48,50
237,115,35,31,34
978,374,50,45,50
978,412,45,46,52
808,169,49,46,50
724,434,44,44,45
414,408,41,44,45
304,299,41,44,45
122,165,234,239,255
49,414,52,52,54
300,499,46,45,46
43,323,38,39,40
235,473,61,61,53
401,312,47,44,46
126,429,51,49,52
942,29,81,63,60
1105,115,235,233,253
626,336,47,44,47
447,313,49,45,47
942,451,54,53,56
167,393,44,44,48
111,5,115,109,115
758,323,47,46,51
1162,234,236,235,252
693,352,44,46,47
28,63,107,99,113
270,315,46,41,45
934,53,117,111,101
532,65,40,43,46
532,431,45,44,47
403,124,39,41,40
1164,393,235,234,251
220,420,43,43,45
910,356,48,46,50
299,106,29,25,29
1015,32,95,75,60
817,17,61,59,58
336,166,37,37,40
516,487,107,102,72
587,201,64,56,61
548,9,91,76,57
714,176,46,47,51
556,474,132,130,133
611,90,44,46,48
801,339,46,43,48
189,205,65,58,64
402,125,36,40,41
1112,466,233,232,244
475,262,34,27,27
648,360,47,45,45
703,77,48,47,48
813,172,46,46,50
146,420,46,49,49
245,473,74,73,53
651,348,44,46,47
597,153,42,45,48
605,137,43,45,46
151,485,46,46,48
419,103,41,39,41
251,443,49,51,49
155,253,206,204,227
1163,277,241,236,254
998,127,47,49,50
234,351,47,43,48
807,458,48,47,52
342,126,34,30,33
116,143,54,29,40
906,488,171,158,93
1101,133,240,238,255
946,12,131,94,76
928,358,46,46,51
263,211,183,180,197
279,435,73,74,54
793,19,53,50,53
1153,49,234,234,249
374,148,39,37,42
1026,32,99,77,59
484,137,44,44,47
38,467,45,47,47
516,95,43,42,43
913,117,44,49,49
316,493,43,45,48
287,260,201,199,219
1164,94,237,234,250
309,487,88,92,101
453,5,38,32,34
95,157,39,26,30
417,125,35,41,44
468,5,78,59,45
65,235,40,37,35
676,92,46,47,48
1124,215,230,229,243
685,255,45,46,47
1064,59,74,65,62
33,208,96,92,96
953,222,50,47,53
222,462,58,54,52
634,145,43,44,48
976,185,47,47,51
604,473,162,153,152
420,376,44,43,46
999,333,46,49,52
812,127,43,47,50
240,121,35,28,29
218,433,43,47,49
774,46,51,47,52
60,267,38,27,35
214,402,45,44,48
810,71,46,48,51
1189,163,236,236,254
47,57,116,108,116
453,106,41,41,43
441,32,38,35,38
581,36,42,45,47
1101,251,235,236,252
316,450,74,64,50
1031,63,101,88,75
989,189,49,47,52
559,177,57,53,57
726,196,240,236,255
824,492,153,148,148
1182,153,238,237,253
919,49,98,91,83
626,465,145,143,154
167,124,117,120,135
979,411,48,46,52
892,479,48,50,54
710,214,133,133,161
276,235,186,185,203
784,20,51,50,53
506,474,102,102,73
1162,327,234,234,249
495,240,209,208,226
1173,22,244,237,251
1116,184,230,231,246
1186,196,238,238,254
12,380,43,43,48
701,281,46,45,50
703,180,53,51,54
714,149,45,46,51
919,281,45,45,48
121,230,140,137,146
735,287,46,45,48
311,14,45,45,49
410,443,129,129,131
241,235,191,190,208
612,187,236,233,255
860,69,44,48,48
460,31,78,57,44
175,310,33,37,41
476,480,114,115,110
107,164,36,30,33
114,4,113,109,117
203,93,118,117,130
324,309,40,44,45
972,211,46,47,51
640,278,41,43,45
224,230,191,189,209
1002,3,127,95,72
808,449,46,47,50
153,272,211,208,234
1027,150,46,49,53
307,142,35,29,33
676,119,46,47,50
19,401,44,44,48
414,120,40,38,42
764,453,46,48,49
440,196,224,222,246
434,9,33,30,32
365,177,196,194,216
1021,273,46,49,51
867,464,48,48,53
436,458,21,20,21
715,125,48,47,50
464,306,26,23,29
1062,15,94,74,62
865,93,50,47,51
959,374,47,48,52
1140,151,232,229,246
140,56,148,131,151
497,131,65,61,63
553,51,45,44,46
923,138,46,48,52
668,377,44,43,47
1121,4,236,230,247
539,207,68,62,62
569,163,44,43,47
957,1,105,83,68
1073,82,92,89,103
639,291,42,43,50
156,404,41,44,48
248,48,169,169,191
659,56,45,45,49
448,449,131,121,123
773,210,241,239,255
1146,479,233,230,247
775,136,48,46,47
6,453,50,51,52
1074,464,246,244,255
599,170,45,46,53
80,271,39,34,37
652,447,47,46,49
507,444,167,167,179
776,67,48,47,51
557,415,41,41,44
828,132,48,46,49
867,438,47,50,52
579,173,49,48,49
376,225,211,210,232
591,427,47,44,44
886,257,236,238,255
907,432,129,113,122
24,321,41,38,39
540,239,205,205,215
442,2,37,27,31
1067,59,80,70,64
688,345,41,45,47
1174,274,238,236,254
1086,101,66,66,69
1095,474,235,233,251
603,200,236,232,255
291,232,65,62,62
547,124,42,43,47
445,78,44,39,43
912,391,46,44,50
60,164,167,26,34
590,48,45,44,48
657,313,43,45,49
1133,69,230,229,245
191,292,41,39,39
427,448,161,145,147
950,436,47,46,54
380,104,33,31,34
773,135,46,47,50
1145,283,234,230,246
438,223,230,228,251
92,389,41,42,44
412,223,224,222,244
1189,381,240,237,253
151,9,34,35,38
17,327,38,39,41
927,287,42,47,49
1046,222,52,49,55
203,0,158,49,60
438,324,47,43,48
203,328,41,44,43
348,83,32,24,28
1098,499,235,233,253
840,282,48,50,55
1190,314,240,237,253
195,471,46,46,47
123,348,33,36,40
693,63,48,45,49
450,472,185,185,205
495,438,162,165,182
484,336,42,45,48
102,185,246,245,255
548,257,229,228,251
833,251,239,239,255
417,93,40,38,40
294,129,33,27,31
784,77,47,46,50
954,420,49,46,51
174,76,154,143,164
1120,258,228,225,242
1007,448,45,48,52
1006,177,44,44,52
18,74,111,102,109
32,29,232,228,254
872,237,240,237,255
797,174,43,47,50
811,362,46,46,50
549,437,149,149,162
488,0,47,45,44
207,150,33,28,30
901,17,109,101,100
15,182,52,48,56
903,328,45,45,49
306,267,108,114,141
560,249,228,228,254
484,192,78,78,86
1131,39,233,229,246
91,168,35,31,27
32,491,60,58,52
137,465,49,48,52
984,316,48,46,51
1190,491,236,236,251
431,118,40,41,43
284,281,43,44,46
618,48,41,44,48
767,206,238,238,255
593,481,176,173,179
455,338,82,82,84
95,361,41,40,42
956,271,48,47,51
1188,374,236,237,251
31,42,121,112,130
435,49,39,34,35
1109,356,237,234,251
1087,232,71,67,65
104,351,36,35,38
1109,56,232,230,246
368,437,92,93,95
954,211,48,47,52
1008,7,111,83,66
402,483,95,93,88
50,20,62,62,65
1044,382,48,50,53
535,72,46,44,49
871,180,51,48,53
412,7,35,26,27
1065,315,54,51,53
1153,185,237,235,252
961,133,48,49,52
667,447,42,47,48
1155,410,236,232,249
1049,480,50,47,54
780,209,238,238,255
598,266,46,45,47
624,478,183,179,192
648,116,45,45,50
777,234,223,216,243
45,160,167,25,38
543,40,42,45,47
666,367,39,44,47
1142,164,231,228,244
283,365,42,43,48
643,468,101,98,102
135,226,197,196,216
1171,160,238,236,251
498,106,44,44,48
766,40,54,48,51
618,184,233,233,254
1106,260,236,232,252
1020,221,47,47,51
382,247,208,212,234
889,497,177,163,106
2,277,35,33,31
1077,330,58,56,61
1101,362,240,238,255
1147,448,231,229,245
515,449,163,159,175
811,216,242,239,255
493,58,42,41,47
615,252,234,235,255
198,475,47,46,47
943,434,60,37,100
526,57,40,42,44
652,388,141,139,152
1003,233,46,47,51
660,300,45,44,48
963,54,69,60,56
313,12,46,49,52
480,360,44,42,43
23,386,44,47,44
624,454,128,126,154
1050,116,51,49,52
348,90,32,27,29
64,392,42,45,50
855,264,241,243,255
746,68,48,49,50
377,367,41,42,47
805,373,45,45,50
436,335,42,43,47
418,365,46,41,45
523,231,224,224,245
483,256,200,198,218
868,208,47,47,52
111,306,30,29,31
846,110,46,47,49
922,434,83,78,56
893,464,46,47,50
427,99,41,39,42
584,404,38,42,45
451,279,56,54,56
207,17,162,38,65
521,363,39,43,45
139,489,47,47,49
758,22,52,49,52
974,93,49,46,53
1035,470,48,48,54
772,246,239,238,255
434,399,45,46,50
336,490,138,141,141
919,150,44,49,52
1041,295,87,68,153
970,71,78,67,58
62,21,98,87,110
929,447,101,123,168
1075,30,105,101,106
472,395,42,43,45
298,394,43,44,48
831,392,44,46,48
932,72,84,82,76
1064,4,103,82,65
564,147,46,44,47
1156,146,237,233,249
246,473,79,75,55
585,235,233,233,255
545,112,42,45,47
512,385,41,43,46
224,477,100,94,75
30,76,115,107,113
263,112,35,26,28
1179,14,240,236,251
24,490,63,58,55
998,475,49,47,51
637,21,48,49,50
237,123,34,25,34
324,120,33,30,31
855,145,48,46,51
453,456,181,182,200
57,463,47,47,51
13,359,44,43,44
423,108,42,40,42
335,348,40,42,46
310,272,42,45,47
573,396,44,44,46
811,456,45,46,51
48,252,34,27,35
1125,163,231,229,244
5,90,129,116,116
11,84,122,115,123
601,87,43,44,46
1189,364,237,235,250
49,16,62,63,68
889,230,236,236,255
711,375,45,46,50
1018,78,97,83,70
764,93,48,46,47
654,321,47,43,50
1128,332,227,226,243
1077,245,243,242,255
460,180,46,45,49
216,21,172,159,184
187,220,191,187,208
899,115,46,47,51
392,275,44,49,52
630,497,146,141,154
738,245,241,239,255
388,478,59,56,52
872,117,47,47,50
755,406,168,167,151
1174,352,240,234,252
436,497,164,169,183
582,288,44,44,45
856,356,43,47,50
299,400,42,43,45
818,25,60,57,56
147,0,34,28,31
438,55,41,36,37
98,263,45,37,49
485,257,206,205,224
578,235,234,234,255
1073,8,107,82,63
517,379,39,41,41
932,139,49,46,53
1108,142,239,234,253
1053,225,46,49,51
765,141,48,46,49
28,44,65,65,67
833,270,47,50,52
765,147,48,46,48
282,142,31,27,27
1035,216,51,48,52
884,222,240,241,255
1008,359,46,46,48
786,395,39,47,49
1110,156,237,237,252
1037,489,42,49,52
892,266,236,237,255
14,476,47,47,48
204,477,46,46,47
691,482,116,93,67
618,453,194,197,213
1015,405,49,47,49
907,377,48,47,50
888,244,240,236,255
453,175,45,46,49
917,2,118,78,62
924,74,50,48,52
1157,130,236,234,249
612,363,43,43,47
290,254,198,196,220
955,61,54,53,58
151,268,211,209,230
448,452,130,112,116
888,427,52,52,57
149,264,212,210,234
369,14,43,31,30
1005,241,47,48,52
863,480,160,148,94
1009,262,46,48,51
817,132,46,45,49
78,341,38,36,40
9,12,137,122,143
2,290,36,34,36
778,5,51,48,53
774,317,42,45,50
982,71,84,70,61
508,445,166,166,180
714,179,47,48,53
719,283,43,46,46
1199,351,242,236,252
950,444,50,48,53
1104,364,242,239,255
336,443,77,76,60
377,89,31,29,27
52,13,188,191,211
424,322,46,45,47
472,68,43,43,44
459,270,238,236,255
381,468,63,56,52
989,73,74,65,59
945,210,48,46,52
121,303,37,33,36
2,278,38,32,32
647,285,42,44,46
882,59,94,91,86
942,329,45,45,49
27,240,35,30,31
401,36,41,29,31
865,244,238,238,255
362,92,31,28,29
571,36,44,44,46
184,159,36,32,38
175,320,41,39,44
0,124,154,19,30
934,12,213,198,178
1078,15,92,76,66
231,164,188,185,205
903,367,44,46,51
1183,30,236,237,253
1067,385,54,50,57
1199,206,239,238,255
1189,224,238,235,249
839,152,47,48,51
979,262,47,45,50
948,36,104,80,61
597,49,43,43,47
1102,131,242,238,255
890,475,48,49,49
899,72,49,47,53
147,67,154,143,165
76,458,50,46,52
597,359,46,42,45
650,390,53,41,73
404,14,33,28,28
101,471,48,47,50
721,154,47,47,49
440,274,232,231,255
512,368,41,43,45
121,239,201,199,218
316,438,84,80,57
228,272,200,204,225
591,241,236,235,255
244,488,62,57,54
627,43,44,46,47
153,267,213,209,230
664,174,50,49,54
678,311,44,47,46
689,345,43,47,45
273,95,29,26,26
484,167,47,45,51
261,341,45,42,47
298,60,38,32,35
659,357,46,45,50
390,61,34,28,27
748,2,47,50,48
1174,57,240,235,254
1143,193,232,231,247
588,300,43,44,46
663,487,103,78,59
455,392,45,43,49
918,381,46,45,49
667,339,42,43,46
1102,300,236,235,255
909,308,50,47,47
174,464,51,49,50
1068,108,46,49,53
609,136,44,45,48
588,489,95,91,68
224,2,170,156,179
1177,245,236,237,250
775,376,47,44,49
833,319,47,47,50
73,328,35,36,38
920,495,175,162,131
127,192,76,63,92
87,491,49,45,51
1184,418,237,233,251
427,444,155,142,142
238,243,189,187,208
693,435,46,44,46
716,95,46,45,48
74,31,111,106,113
608,67,45,43,47
755,447,48,46,48
727,169,47,46,49
615,115,46,45,47
780,406,142,137,113
469,137,42,45,46
486,480,117,113,74
1059,241,49,47,52
95,233,204,203,223
443,16,31,33,32
941,424,47,46,48
405,54,34,28,30
273,21,108,106,126
470,412,44,43,47
662,482,101,78,57
837,244,232,236,255
341,381,42,44,45
153,71,156,144,161
858,93,45,47,49
901,246,244,239,255
781,473,169,160,169
196,453,47,48,51
668,318,46,45,49
1050,114,51,50,55
706,31,90,69,59
448,274,230,233,255
1000,168,50,49,53
329,368,43,44,45
366,101,31,32,30
286,244,196,194,212
797,74,43,48,50
120,444,48,48,51
1119,311,232,226,244
32,152,166,28,40
339,365,46,42,47
492,406,40,42,44
700,140,43,47,50
525,330,41,43,44
800,185,49,46,53
962,373,48,47,48
221,252,195,196,218
703,399,49,41,66
815,459,46,47,49
863,49,100,91,78
681,286,47,46,47
899,56,104,102,95
583,499,127,119,125
605,62,46,45,47
644,268,45,44,48
126,337,39,36,39
1115,348,236,231,247
594,399,41,44,47
1105,153,243,239,255
506,487,125,90,60
764,101,44,45,49
644,402,43,44,47
1100,314,236,236,254
1049,25,98,78,64
1131,169,228,229,245
5,478,48,50,53
825,265,49,50,54
777,50,49,50,51
803,14,51,51,53
314,378,40,45,45
1165,291,237,235,250
47,70,113,104,108
1066,270,49,51,55
706,311,47,45,48
472,104,44,42,46
877,471,50,48,51
391,245,211,211,231
954,407,45,45,48
463,392,50,45,51
223,429,49,46,50
122,131,39,28,32
563,465,153,147,161
462,220,99,84,92
587,406,42,44,44
1056,225,48,51,52
864,399,49,45,51
0,230,29,25,29
956,122,45,49,50
657,137,49,46,48
536,475,162,160,174
13,216,29,31,32
137,257,212,210,233
316,341,40,43,46
759,466,123,123,100
103,497,46,45,51
291,192,189,186,207
585,380,41,42,46
768,318,46,45,47
564,21,51,47,49
210,460,44,47,47
734,482,150,144,159
1158,114,239,234,250
637,328,47,46,48
879,39,105,98,95
150,295,32,34,35
971,424,46,46,51
1158,243,236,233,253
943,427,44,47,48
502,200,55,58,58
600,40,47,44,47
321,396,41,43,45
193,179,189,183,204
382,351,45,44,46
945,241,45,47,50
553,445,139,135,135
1127,138,229,229,246
956,31,85,66,58
97,120,174,115,129
467,389,45,44,49
291,456,82,78,55
118,73,144,127,150
422,166,45,42,46
1167,400,236,235,249
503,144,43,39,41
1050,65,104,89,76
268,405,40,42,46
1017,490,48,49,53
993,234,48,46,50
674,284,44,45,48
563,320,43,44,47
608,144,42,45,49
520,98,42,44,45
371,286,44,43,49
24,445,45,48,51
897,316,47,46,48
864,71,47,49,51
854,180,48,48,52
678,381,46,43,49
666,51,46,45,51
68,122,152,27,35
1009,27,106,81,63
831,272,46,49,52
740,416,45,43,47
884,45,100,96,91
481,365,40,43,46
360,78,33,26,28
803,127,54,47,52
238,238,183,179,197
249,240,55,49,55
57,375,43,44,45
441,378,46,48,47
909,496,178,160,100
1131,338,234,229,243
720,341,42,45,48
870,180,47,47,51
1041,55,127,119,105
927,313,45,49,47
855,382,47,50,48
974,95,49,48,50
1039,374,48,48,52
267,489,85,76,53
542,269,49,48,61
804,58,45,46,52
389,22,70,58,44
331,68,30,25,29
959,161,46,48,50
142,237,200,198,211
1191,272,238,235,252
772,485,161,159,168
619,101,44,45,48
798,398,44,45,48
859,309,44,46,51
935,268,47,47,49
619,485,139,138,149
355,438,101,92,63
919,421,46,46,49
508,163,49,47,50
315,390,43,42,48
735,422,44,44,44
227,73,110,114,130
671,198,237,238,255
686,61,45,47,47
431,499,31,29,29
1066,242,50,51,56
720,232,238,237,255
845,92,51,47,51
175,170,185,180,194
7,245,35,30,31
327,378,46,44,48
550,409,40,43,46
719,169,43,46,49
985,238,46,48,52
560,38,44,43,46
691,284,47,44,47
310,30,51,45,52
733,364,46,41,49
223,127,33,30,31
851,69,47,49,50
45,213,65,61,69
543,83,41,44,47
907,361,43,45,50
919,321,49,46,51
659,222,215,211,252
601,173,46,46,50
9,106,141,19,31
311,114,29,26,27
179,338,40,42,43
847,403,48,45,50
9,115,147,22,33
766,327,44,44,49
782,443,46,46,49
584,238,233,234,255
507,261,223,221,241
159,471,108,108,108
437,276,77,70,94
1001,78,69,65,63
206,227,190,187,208
199,85,139,131,152
57,56,111,105,115
935,0,126,86,67
621,91,44,45,47
1188,172,239,235,253
533,499,143,138,132
158,443,49,47,52
1170,430,239,238,250
1,345,45,44,46
281,36,38,41,44
1007,170,48,48,53
797,443,48,47,50
1145,2,233,232,245
1029,456,49,47,51
787,234,67,58,68
486,237,189,190,201
649,274,43,44,49
818,135,42,48,51
361,109,30,30,34
24,367,43,45,47
278,38,43,34,46
1102,320,236,235,254
846,104,49,48,51
403,433,49,50,52
183,238,103,97,114
551,141,46,44,48
232,107,33,34,39
923,198,50,48,51
317,68,35,29,30
872,70,49,47,49
327,393,43,43,48
265,307,44,43,48
947,26,91,64,59
757,293,43,43,48
981,161,49,49,49
640,146,46,44,47
924,133,48,47,49
101,277,42,33,35
698,412,46,44,48
9,382,47,45,48
367,147,41,39,39
706,485,126,109,88
641,53,46,46,49
59,140,157,30,37
1167,268,237,233,254
699,337,44,44,47
1051,87,66,64,61
793,372,46,46,48
574,372,44,42,44
1144,134,234,232,245
984,223,44,46,50
1178,193,240,237,251
225,289,44,43,49
1048,262,48,48,53
1127,412,231,229,245
607,262,46,45,49
1053,171,47,50,52
387,467,84,75,71
1193,179,240,238,253
74,170,202,193,212
903,52,106,102,95
215,375,42,43,50
165,94,200,186,208
474,428,46,46,50
429,441,130,80,77
787,485,152,151,166
71,438,50,48,50
251,112,34,30,32
607,314,47,46,52
789,141,46,48,50
760,473,157,153,167
134,431,45,46,51
281,86,30,28,31
863,382,46,46,50
990,237,47,48,50
1193,181,240,239,253
830,98,47,49,50
525,334,46,43,44
696,92,44,46,48
817,453,46,48,50
76,86,151,24,33
423,72,37,33,38
648,359,40,43,47
316,497,42,46,49
1007,466,49,47,52
769,49,51,49,51
834,47,87,72,63
526,217,225,223,245
76,357,42,40,45
585,25,50,49,48
1035,335,41,47,53
290,119,34,28,30
60,59,120,111,114
680,312,47,47,47
733,92,47,45,51
371,31,32,28,27
733,90,44,46,46
283,63,40,38,42
171,224,199,193,212
738,225,237,238,255
262,86,39,36,38
489,249,209,208,228
1153,223,235,232,247
492,20,72,58,49
547,125,45,43,47
543,43,42,44,44
350,188,195,192,214
354,144,40,35,38
1114,249,233,228,248
481,134,44,44,48
1148,59,233,232,250
161,480,44,48,50
885,493,175,165,113
603,332,41,43,44
766,296,46,44,48
578,453,143,138,144
576,339,40,44,47
769,45,50,50,55
407,461,64,64,59
619,449,182,190,209
418,444,129,119,104
544,142,45,44,45
401,133,40,41,43
209,284,82,82,107
509,212,218,214,237
858,448,47,49,48
1040,416,47,50,54
385,289,44,44,47
711,226,231,231,254
673,22,50,50,51
1163,225,238,237,252
845,31,87,87,80
322,2,66,56,52
928,195,48,47,52
1197,448,236,231,248
642,350,43,45,47
510,41,79,59,51
552,66,47,42,47
103,1,105,96,110
923,159,47,47,52
1083,385,247,244,254
323,171,83,80,88
578,189,234,233,254
281,258,197,197,219
122,136,37,28,34
392,6,36,27,26
847,467,46,47,49
54,86,189,189,208
351,269,152,155,189
955,480,46,47,49
457,370,51,49,55
602,225,235,234,255
531,21,73,55,43
113,196,224,223,249
764,104,44,45,49
584,390,41,41,43
465,85,43,40,45
10,322,41,40,41
229,208,178,179,194
256,323,43,44,45
746,94,49,47,49
274,421,44,44,46
306,31,51,49,53
570,128,45,44,47
1066,258,49,49,55
185,434,45,47,50
466,181,45,47,49
1156,372,237,234,252
269,118,28,26,29
406,394,41,42,45
604,72,42,45,46
56,347,42,40,40
1052,96,46,50,53
1088,496,238,239,255
65,416,76,75,61
813,225,243,241,255
410,110,40,39,41
185,55,171,160,183
1176,107,237,234,253
231,385,42,44,44
636,303,42,40,47
854,12,96,92,91
145,350,38,42,42
34,13,227,223,247
1118,59,231,227,246
1172,257,241,235,253
86,388,44,44,46
630,370,46,43,48
173,337,40,41,44
1003,410,42,46,50
323,292,47,44,45
594,262,54,55,63
735,184,52,53,55
4,84,126,115,121
1035,334,47,48,55
688,335,46,46,50
47,444,46,51,51
906,372,44,43,49
60,354,40,40,42
692,226,238,237,255
70,346,36,40,39
1172,448,238,234,250
906,121,45,48,51
407,105,43,38,42
611,456,176,185,201
1012,360,46,46,49
174,214,190,189,210
763,163,48,46,50
143,269,214,211,231
981,140,49,48,53
419,259,224,224,247
632,414,45,42,47
1042,170,49,50,52
998,88,48,49,54
349,69,34,25,26
54,390,45,44,51
1094,301,236,236,255
1194,164,241,236,255
780,112,45,47,51
254,375,42,44,45
719,80,47,45,50
411,377,47,43,44
1024,499,49,50,54
218,289,46,40,43
775,148,47,46,50
8,413,56,52,55
459,377,50,50,55
1184,302,241,237,253
1070,297,55,53,60
1182,81,241,238,254
385,166,44,42,45
1124,343,233,229,245
1060,35,112,100,95
864,455,48,46,49
407,483,96,91,87
939,2,137,92,71
766,249,237,237,255
1076,98,72,67,63
451,267,235,234,255
1050,227,49,50,52
233,446,51,51,53
871,330,40,46,48
228,476,51,49,51
687,119,46,47,47
761,343,45,47,47
76,478,94,78,79
860,201,47,46,51
1134,198,232,228,242
1018,497,46,48,54
490,153,56,57,58
19,464,51,48,52
410,151,45,41,46
1015,20,104,80,62
933,402,43,48,48
564,109,42,43,45
75,153,161,32,34
878,430,49,48,54
1109,110,235,231,250
136,394,42,41,46
389,439,196,203,227
909,366,44,45,49
254,238,183,185,202
906,246,239,235,255
437,249,230,228,250
684,79,47,46,48
159,437,47,47,47
473,3,57,45,41
1039,347,48,47,52
737,446,49,47,51
113,45,187,179,199
784,150,46,46,50
837,313,48,48,52
838,174,44,47,47
1167,339,238,236,253
318,256,201,203,226
1162,496,232,231,248
199,62,40,29,33
925,19,100,69,61
1014,417,49,47,49
1047,225,45,50,51
268,68,45,44,51
228,63,102,102,120
789,282,49,49,52
1183,226,240,236,248
543,19,46,46,49
476,33,73,56,43
335,18,35,36,37
878,48,104,99,95
796,111,45,48,50
94,235,208,209,230
49,361,45,42,44
1106,236,234,233,252
1135,35,229,228,242
464,330,39,36,40
1181,63,240,238,253
582,105,47,44,47
791,194,48,46,51
1157,263,239,234,249
904,336,41,45,49
580,285,44,44,45
995,311,47,45,52
1011,241,51,47,52
671,317,41,45,49
1142,141,232,230,244
565,166,42,44,48
670,279,44,44,50
1049,312,48,50,54
863,390,39,45,47
615,236,238,235,255
485,338,46,42,47
814,230,239,238,255
1160,249,237,235,253
46,135,156,25,35
1066,339,49,49,53
1057,212,49,48,54
90,25,110,103,111
308,436,62,64,53
632,339,43,45,48
921,254,51,47,53
329,392,43,44,45
1124,341,228,226,244
645,394,46,45,48
1166,398,237,234,251
268,148,33,28,26
376,348,45,43,46
306,361,39,44,46
896,498,173,158,91
174,358,40,42,44
680,466,108,83,58
934,199,48,46,53
82,45,97,96,97
65,308,34,31,33
808,450,47,47,51
1063,271,50,52,56
27,452,47,47,52
825,224,242,240,255
1109,259,236,231,249
117,286,42,37,37
120,487,43,46,51
167,234,178,177,202
1031,475,51,48,51
833,283,46,44,51
623,344,45,42,46
1131,306,226,224,243
681,392,81,83,120
288,202,138,136,147
1090,255,249,248,254
668,185,237,237,255
991,194,50,49,53
684,232,237,238,255
245,182,191,186,209
145,197,44,45,53
568,118,43,44,49
917,190,49,50,50
225,449,47,48,49
732,463,146,140,151
577,131,47,44,49
830,350,46,45,49
782,69,46,47,50
605,304,44,44,45
1038,115,48,48,52
634,280,46,45,49
763,431,46,44,50
112,36,193,191,211
690,300,41,46,46
176,191,158,154,177
367,373,43,44,45
213,477,46,46,48
579,298,42,42,46
1090,409,245,244,254
1164,459,233,232,249
872,137,44,46,52
621,312,40,44,48
973,236,46,47,49
142,35,130,114,134
195,74,207,195,216
712,43,47,47,47
468,395,45,44,46
974,377,43,46,50
311,485,98,101,105
453,379,26,25,25
633,394,44,45,46
208,231,189,186,204
113,498,47,48,49
46,451,50,47,51
462,155,46,44,49
875,148,43,46,51
741,134,47,47,52
225,426,45,46,50
282,447,56,54,50
801,225,239,240,255
891,367,46,46,52
969,280,47,46,51
335,212,198,195,215
773,409,130,139,93
45,138,158,24,33
534,98,45,44,48
869,115,48,47,50
95,71,155,133,156
193,33,191,173,195
525,434,152,151,154
1131,64,227,228,243
574,189,229,231,254
687,109,44,46,49
574,434,43,43,45
583,403,37,41,45
560,24,48,47,48
723,243,240,237,255
596,390,40,43,45
1025,94,53,49,53
1151,48,237,234,247
628,102,42,45,46
876,22,98,96,93
394,25,50,38,32
1186,68,238,237,253
882,248,236,234,254
618,379,42,43,47
511,283,47,44,48
654,208,239,237,255
67,278,37,30,29
201,129,32,39,38
854,183,45,46,51
975,486,49,48,51
450,329,51,49,52
1175,392,237,235,253
1098,14,243,239,249
756,133,45,46,50
968,196,46,46,51
80,469,84,76,67
7,10,225,224,249
1097,4,234,230,233
153,268,211,210,229
774,266,239,238,255
388,77,32,27,29
517,422,44,41,43
356,264,212,211,232
1120,193,231,230,249
500,296,45,44,48
153,499,48,48,49
1194,38,239,236,254
775,478,150,148,162
93,209,212,215,242
1160,482,233,233,250
546,86,46,44,47
205,219,189,184,205
684,122,44,45,48
897,455,48,48,50
477,117,41,42,46
812,414,47,48,51
959,82,50,47,54
498,18,78,60,47
256,81,44,42,47
844,463,45,48,50
1164,154,238,234,251
1107,196,238,236,254
503,170,48,50,50
887,279,46,49,55
927,481,52,48,55
1046,259,50,49,53
529,488,118,109,85
675,390,79,68,90
1093,481,235,233,250
1042,494,45,49,54
454,233,231,231,254
671,145,49,50,50
1185,314,241,238,250
864,8,98,94,92
991,437,51,49,51
167,225,193,194,214
493,17,70,58,46
128,133,33,28,29
969,391,48,46,50
639,221,134,118,112
772,169,48,47,49
681,170,47,49,51
906,273,188,189,221
13,217,31,31,30
299,326,47,40,46
688,366,45,43,48
187,193,187,185,204
511,499,106,96,59
315,342,42,41,44
398,109,40,37,39
742,410,44,45,47
876,307,47,45,51
1160,318,235,232,250
292,273,43,45,48
1146,188,232,231,247
768,337,46,45,47
866,328,44,45,47
1050,105,51,49,53
720,31,199,136,70
460,3,61,48,40
889,243,240,237,255
22,79,115,105,112
945,225,46,47,50
76,258,111,104,133
789,33,50,50,55
198,434,48,47,50
990,387,45,48,50
284,194,188,186,206
53,37,121,111,132
146,44,131,116,135
374,350,42,42,47
758,73,48,46,49
102,382,40,43,47
406,473,59,56,53
272,320,40,43,46
407,174,46,42,46
1185,264,236,234,253
322,270,51,47,53
190,274,211,208,227
331,258,205,205,228
1065,146,51,49,56
269,381,45,43,45
472,70,45,40,45
1015,293,48,46,50
69,463,45,47,47
239,1,175,163,187
1018,38,93,76,63
1087,459,246,248,244
494,275,44,47,47
94,11,108,100,111
830,447,48,46,51
720,91,45,46,51
453,18,84,58,43
368,311,45,43,47
880,80,48,47,54
1197,57,242,236,253
286,334,39,43,47
262,140,28,26,29
147,350,39,40,41
806,358,43,45,49
196,290,42,40,41
649,3,50,49,50
940,393,46,44,50
80,75,148,27,41
889,398,41,45,48
873,331,42,43,50
754,279,46,46,48
826,405,47,45,50
529,123,44,45,48
1134,10,229,228,243
188,203,154,150,175
594,217,232,229,254
962,404,47,49,53
435,109,43,40,43
877,110,46,48,52
1100,52,237,234,254
327,384,42,43,46
925,195,46,47,50
989,181,46,47,52
769,247,241,238,255
128,415,42,45,46
904,166,50,47,51
169,72,139,128,148
740,428,46,47,49
128,191,80,65,99
306,422,44,43,46
1081,415,54,52,58
2,259,31,29,31
340,410,46,43,49
887,416,51,48,51
230,155,38,31,34
1115,349,235,232,250
173,328,42,40,42
870,40,97,91,88
334,298,42,45,45
1182,319,238,234,253
502,209,146,144,139
15,347,43,42,44
293,246,180,178,186
226,201,41,42,44
1176,138,237,236,253
1109,386,234,232,252
981,154,49,47,50
474,353,46,44,51
977,335,43,48,49
202,107,119,121,135
521,276,45,44,49
642,274,45,43,48
556,14,88,77,60
924,126,47,46,52
245,251,197,195,216
487,259,214,212,233
597,125,45,43,49
1179,323,236,233,249
539,228,230,226,253
891,106,47,49,52
1014,492,53,48,54
875,161,47,46,49
853,296,47,47,52
282,457,77,73,52
52,216,90,89,98
829,412,56,56,71
113,110,160,31,42
1023,357,48,48,52
260,382,42,43,48
1021,187,47,49,54
897,302,45,44,52
800,260,240,239,255
425,283,43,46,48
960,2,105,83,68
1029,344,45,47,51
765,197,47,49,53
534,464,119,116,126
313,284,45,42,47
1136,464,230,227,240
998,154,50,48,51
672,226,236,239,255
386,126,36,39,40
149,287,41,37,40
122,317,32,36,36
279,285,42,43,48
523,248,222,221,245
666,309,43,45,50
667,356,48,45,47
1126,471,226,225,240
866,111,47,48,51
470,120,40,41,45
156,396,44,44,44
793,73,44,47,51
1079,222,244,244,255
1007,58,101,87,74
1046,336,48,50,55
501,52,44,43,44
239,35,34,31,28
571,116,43,44,45
462,264,235,233,255
750,395,43,46,48
1139,31,231,230,246
586,370,43,44,48
487,277,47,49,52
140,433,50,46,51
705,178,47,49,52
1030,249,48,50,51
285,252,197,196,217
642,299,45,46,47
235,109,38,31,39
629,2,48,50,52
614,47,44,46,51
269,402,43,42,46
49,101,144,30,42
928,330,44,47,48
175,127,121,125,144
930,377,48,45,51
513,107,45,41,45
251,260,200,198,220
465,172,40,45,45
447,205,229,227,250
835,225,238,240,255
553,113,41,44,46
794,160,45,46,49
81,340,37,35,35
561,313,45,46,50
762,14,47,51,52
553,136,44,45,45
1185,119,240,238,254
583,115,42,46,49
749,51,46,47,51
857,482,175,161,110
939,152,45,49,51
571,389,43,43,43
527,320,45,43,49
382,202,203,201,221
824,29,71,69,61
957,495,64,63,68
479,56,38,42,45
497,394,39,41,47
1183,19,238,237,252
1105,106,233,231,250
1143,365,231,232,245
67,395,43,45,47
809,456,48,48,49
332,43,38,30,35
179,175,195,191,215
1155,211,239,235,251
896,276,48,50,52
325,213,60,54,71
740,324,40,46,48
395,266,218,219,245
1005,0,123,94,69
515,193,219,216,239
647,58,50,45,51
923,276,45,44,49
252,489,78,69,52
940,168,52,47,54
56,369,43,43,45
917,112,44,49,51
414,300,46,43,48
829,174,47,47,49
271,190,186,186,205
613,31,44,45,47
1097,46,237,235,253
19,149,162,28,31
617,223,59,57,65
543,499,116,100,73
970,185,48,48,53
928,198,49,49,51
453,300,46,45,51
1109,400,236,234,249
682,206,236,234,255
852,360,47,45,48
509,124,45,44,47
1178,185,242,236,254
448,351,47,47,51
136,259,214,211,235
938,358,47,46,49
1067,94,64,63,59
469,120,44,41,47
323,168,37,36,40
871,318,44,48,52
870,251,92,86,147
1044,278,55,55,59
1149,486,229,226,242
956,23,101,75,60
938,200,45,48,51
37,118,148,23,32
666,431,44,44,49
1050,188,50,49,54
309,116,34,26,30
262,367,43,43,44
258,17,36,29,32
182,129,46,50,55
299,196,192,188,205
254,274,79,74,84
363,455,85,76,70
592,265,132,139,182
1112,240,232,233,247
1099,65,239,238,255
67,378,39,41,47
718,223,98,94,78
551,219,227,229,249
371,461,106,81,78
278,97,31,28,29
238,63,217,213,236
72,486,83,82,85
839,137,44,47,50
549,447,151,145,154
501,273,47,46,53
621,69,44,44,49
127,260,216,213,234
854,469,47,49,50
356,461,57,52,51
1115,347,233,231,247
299,371,42,43,45
396,279,50,49,51
874,441,41,48,49
260,332,41,45,44
887,144,47,46,51
450,42,39,37,39
301,198,187,187,208
229,352,46,43,47
351,403,41,41,44
798,262,239,238,255
573,69,45,45,48
742,448,45,45,48
59,42,109,100,112
377,83,31,30,30
678,46,45,44,50
361,272,49,50,56
943,220,48,46,52
939,16,132,94,70
546,406,41,41,45
242,161,39,31,39
25,87,107,89,92
251,33,199,192,214
746,245,243,239,255
733,200,238,235,255
1195,423,238,237,250
489,384,49,45,49
189,281,210,206,232
1071,416,51,51,54
820,21,65,65,58
685,143,45,47,50
805,363,41,44,47
641,268,45,45,47
893,174,45,46,53
786,388,44,45,47
110,444,58,57,54
748,84,49,46,49
528,188,224,223,244
525,183,224,222,243
255,369,43,42,46
397,4,37,29,32
924,50,95,95,88
711,140,46,45,48
711,76,44,45,48
421,476,167,147,148
836,496,163,156,132
96,47,28,27,29
54,331,34,36,37
1192,445,237,236,249
540,116,41,42,47
338,176,189,188,209
105,10,117,106,114
987,213,49,47,52
938,328,45,47,49
709,36,60,55,55
295,288,41,42,45
516,67,32,29,33
433,370,44,42,46
812,73,44,45,52
153,333,35,36,41
883,116,47,47,48
658,257,45,44,51
962,437,56,43,98
1173,331,237,236,252
488,204,154,148,152
732,166,46,44,49
945,287,47,45,48
1014,64,58,55,56
727,356,48,44,49
716,360,43,45,48
425,33,33,28,31
635,470,155,152,161
344,239,202,201,224
241,67,186,191,209
637,405,43,43,46
168,53,152,139,159
344,304,44,42,47
223,410,40,45,48
927,101,50,49,51
479,276,55,54,58
764,458,46,47,49
899,336,45,47,51
1055,253,49,48,53
690,317,44,46,49
802,257,240,237,255
251,179,189,184,204
36,397,44,46,45
966,483,47,46,52
437,0,40,32,29
221,4,172,154,182
921,124,48,47,50
492,315,45,44,49
538,78,45,44,47
487,215,157,156,155
368,139,38,38,39
568,261,232,232,255
220,177,189,182,204
1009,472,49,46,51
315,412,39,42,47
461,75,44,39,47
289,332,45,43,48
447,455,133,110,109
339,232,200,202,223
788,100,49,48,50
1007,243,51,46,52
564,99,46,43,46
611,492,174,177,186
881,437,46,47,51
529,218,228,225,250
113,105,160,29,37
257,101,32,30,32
284,310,42,42,45
524,282,45,45,48
1136,112,231,229,244
793,347,43,45,50
944,382,44,46,48
1093,251,246,241,254
274,159,37,31,33
463,419,45,49,48
574,363,39,43,46
955,398,43,46,50
794,142,49,47,50
403,354,40,44,41
242,47,117,124,138
570,391,39,43,41
970,77,62,57,57
493,204,183,182,191
992,222,50,48,49
1,441,52,50,51
770,310,45,44,48
57,104,150,26,32
941,69,95,93,86
684,146,46,45,48
1031,84,78,66,60
1032,369,47,47,53
848,325,43,45,46
1025,16,108,84,63
629,246,46,49,49
212,44,180,138,159
185,68,157,149,173
479,105,46,42,45
670,126,45,46,49
260,391,46,42,48
1046,270,51,52,54
799,441,47,47,52
1177,120,238,237,255
854,160,47,47,49
388,378,42,43,44
972,187,50,48,52
467,319,51,54,61
888,407,48,44,50
515,405,40,42,44
939,50,90,69,63
456,182,46,44,52
603,462,176,173,185
972,111,49,48,51
404,251,225,224,244
869,87,50,48,52
815,33,47,53,52
454,481,178,183,202
546,370,43,44,47
471,313,47,53,54
894,446,48,48,53
880,345,46,47,49
115,205,214,217,243
423,423,44,45,47
488,76,43,43,44
899,418,44,47,49
75,89,151,27,32
987,144,49,51,53
696,400,56,46,79
519,177,97,98,101
119,366,39,38,40
228,137,31,28,31
1050,429,46,47,51
1105,345,240,236,254
901,60,100,97,92
899,296,48,47,52
786,248,242,239,255
1195,325,238,238,253
684,145,47,44,49
19,412,51,50,50
912,342,45,46,51
259,338,46,41,48
389,78,30,28,30
484,441,170,175,194
598,382,42,44,48
532,59,44,43,48
351,420,45,43,45
262,288,42,43,46
789,76,48,45,48
954,246,43,46,48
615,435,44,45,49
701,262,46,46,51
578,449,153,151,159
718,151,41,46,48
550,169,45,45,48
517,414,41,43,45
483,464,182,185,203
924,270,46,48,51
77,448,49,48,51
217,351,39,41,47
850,43,99,86,67
700,335,41,44,49
941,167,49,45,53
491,318,45,45,44
148,312,33,35,40
358,25,39,30,31
467,204,233,229,251
276,257,202,199,222
70,302,32,33,31
835,483,175,165,148
98,113,161,71,94
0,68,25,23,25
671,313,49,47,50
666,330,45,46,46
946,159,47,46,53
449,97,46,41,44
722,70,45,48,51
275,154,32,29,34
216,128,37,31,39
1056,376,54,50,56
260,229,187,185,206
763,6,47,48,53
1151,306,233,233,248
271,456,69,64,55
198,223,194,189,209
1093,187,254,253,254
636,248,41,44,47
367,399,45,41,47
609,441,75,69,58
403,369,44,43,46
9,196,38,32,47
949,299,47,45,47
879,227,241,234,255
520,320,39,42,45
970,371,47,45,49
142,344,41,37,42
59,341,38,37,43
1160,243,241,236,253
953,458,49,51,51
359,199,196,201,219
497,492,126,113,63
710,306,45,45,46
115,473,47,49,50
928,115,47,48,49
827,453,47,47,51
861,218,217,215,236
612,63,47,46,48
1073,224,56,57,56
606,372,45,41,45
755,448,46,45,50
547,83,42,44,47
250,422,47,44,45
369,284,42,43,48
290,462,97,92,64
960,428,48,46,49
513,326,41,42,48
1130,77,226,227,243
326,443,66,63,53
821,422,49,45,52
617,181,55,53,56
166,357,38,44,43
256,351,43,43,45
37,166,170,29,39
602,170,44,47,48
357,399,41,43,45
488,379,40,44,44
47,93,189,189,208
136,54,151,135,155
531,113,45,43,47
482,329,44,44,48
438,5,31,29,29
981,93,48,48,53
1174,415,236,235,251
417,74,42,38,39
946,486,49,47,49
1049,404,49,48,53
1020,107,47,48,51
1176,314,237,238,251
524,294,44,44,48
963,192,49,45,50
21,254,38,30,33
833,224,241,240,255
930,214,46,50,52
124,38,156,135,160
147,61,148,136,156
778,34,49,49,51
725,202,244,237,255
1158,433,232,231,247
751,192,48,52,53
76,84,150,23,30
880,78,50,48,50
895,176,47,46,50
112,161,171,168,190
471,405,42,45,50
537,449,148,145,153
1067,11,101,80,64
924,457,46,46,51
113,330,35,34,39
429,389,45,41,47
590,451,125,115,119
774,306,44,46,54
186,381,42,43,48
722,107,44,46,51
1110,100,235,232,248
850,238,226,230,255
935,127,52,47,51
997,495,49,49,56
1144,298,231,231,247
436,82,44,37,43
1017,321,47,47,49
807,353,48,47,50
875,68,47,48,53
835,250,213,208,230
7,154,171,29,37
943,239,51,47,50
498,411,43,43,46
806,294,45,46,50
97,427,54,51,51
849,496,171,162,117
613,427,44,46,48
707,131,46,47,51
310,151,33,31,30
54,216,111,110,116
482,38,84,61,48
846,31,87,87,83
514,495,102,95,64
20,57,60,48,62
919,497,176,158,122
303,405,44,44,43
1162,450,237,233,248
87,293,36,29,33
477,374,43,43,45
915,197,49,48,51
159,462,51,49,49
756,446,49,45,50
757,318,44,45,50
945,157,43,48,48
188,13,172,119,128
665,410,48,43,49
1174,142,240,236,254
1119,182,232,230,246
175,309,37,38,41
388,318,45,43,45
579,435,44,45,44
467,47,43,41,43
152,461,49,47,48
496,451,147,149,167
221,208,187,184,201
33,240,33,28,29
1101,235,238,239,255
172,20,167,145,169
941,221,48,46,52
833,168,42,46,50
2,398,46,45,48
830,299,45,47,50
64,137,157,26,41
1084,444,69,71,62
1115,414,233,231,246
1067,125,51,51,57
747,295,50,48,50
394,323,43,44,48
1162,11,236,236,253
241,234,189,188,207
1165,446,233,231,247
868,253,237,235,254
130,353,40,39,42
1173,277,240,236,252
1196,471,236,235,250
100,29,125,112,127
547,485,121,113,113
163,266,211,207,228
1042,397,47,47,50
1107,258,235,233,250
1043,95,50,50,52
267,320,45,43,45
478,308,51,48,51
92,471,81,69,63
802,74,47,46,52
375,93,33,30,33
806,241,241,236,254
488,446,156,161,180
710,101,46,46,48
1175,20,243,237,253
1140,53,232,231,246
284,321,46,43,44
195,280,210,208,230
789,190,46,48,50
287,153,27,30,33
700,175,45,47,51
1194,404,239,235,254
335,205,87,85,93
957,271,45,45,49
654,401,45,44,45
209,492,46,45,49
645,138,46,46,51
278,251,198,197,218
85,370,37,41,41
47,158,166,29,37
667,121,46,45,49
379,250,213,213,236
135,271,214,212,236
985,467,48,45,50
236,186,189,186,206
532,399,42,42,46
1117,325,232,229,246
550,262,232,230,254
1153,249,235,235,251
1041,197,47,48,55
554,118,40,42,48
940,190,47,48,51
43,125,151,21,31
195,13,179,158,179
658,475,91,67,54
1190,405,235,236,253
494,466,162,161,170
1193,451,233,234,249
783,414,47,48,50
1154,499,234,231,247
395,416,46,45,47
183,487,43,43,47
1077,383,242,245,255
826,279,47,48,52
1198,304,239,236,254
984,207,47,48,54
866,411,46,46,51
511,404,42,42,42
660,439,42,43,47
1098,318,239,238,255
54,469,42,46,49
468,424,46,43,48
971,112,45,48,51
324,340,41,42,48
435,360,44,44,47
810,174,45,48,52
929,384,49,46,51
1085,154,251,251,255
543,468,138,139,148
734,490,149,145,153
162,498,47,45,48
461,132,42,41,44
434,333,45,42,45
908,169,45,47,52
157,297,34,38,40
326,258,208,206,227
105,78,149,133,156
234,482,47,49,47
1080,332,51,53,57
338,53,30,27,29
788,156,47,46,49
908,39,90,81,74
92,211,219,217,243
1154,149,237,232,249
256,57,90,91,107
456,461,186,186,198
556,156,43,44,46
877,232,237,235,255
662,310,43,44,48
445,372,46,46,54
1195,142,239,238,251
525,400,40,40,45
707,149,41,44,51
302,82,35,29,31
1163,203,235,234,249
404,167,43,43,48
647,475,81,70,79
1127,154,231,228,246
1009,24,107,82,64
495,472,123,120,102
171,292,38,37,38
642,218,214,219,217
1028,12,109,82,65
684,295,44,44,49
465,183,41,45,49
416,480,130,115,113
63,460,49,47,49
716,325,45,45,49
274,303,44,46,46
587,347,39,45,45
1114,162,235,231,250
1182,246,240,236,251
645,168,48,47,49
471,66,43,42,44
47,184,176,35,45
736,59,43,46,50
1029,8,117,86,67
915,80,49,46,49
364,303,44,44,46
148,239,138,132,154
166,257,210,206,227
244,287,45,46,49
252,353,43,42,44
812,247,239,240,255
954,302,46,45,49
737,379,42,45,47
714,217,77,64,93
275,292,41,42,44
380,456,164,156,172
437,317,47,48,49
436,286,44,47,50
448,26,58,43,39
874,121,47,48,52
738,487,103,100,106
657,49,49,45,50
182,474,46,46,48
141,196,185,184,195
439,325,45,45,48
306,426,51,51,44
1019,324,48,48,54
845,305,46,48,52
414,463,107,95,97
1057,379,53,49,53
754,316,48,45,49
69,32,117,106,115
1157,492,238,234,249
732,355,43,44,48
1192,358,242,236,252
628,176,230,229,254
167,463,51,49,51
383,31,37,27,28
763,70,46,46,49
196,289,42,41,42
340,365,44,43,48
931,3,191,167,155
314,208,190,189,209
813,467,49,48,50
986,104,48,48,51
800,398,44,44,48
414,321,45,47,47
552,253,232,230,254
563,58,47,41,49
274,437,75,73,55
455,395,50,52,53
362,114,31,31,33
1160,63,238,234,253
967,438,63,54,115
401,486,83,79,70
1040,128,50,47,53
806,286,50,48,52
1068,469,56,55,58
952,260,46,44,49
1005,109,48,47,51
130,315,38,35,32
571,34,44,44,45
253,230,189,185,206
869,297,47,45,51
302,373,42,40,48
525,409,41,42,46
1147,473,227,226,243
757,93,47,46,51
555,447,140,138,143
748,280,45,47,49
1121,398,232,230,247
920,358,44,45,50
399,210,61,60,68
1087,153,252,251,255
350,363,42,44,45
543,28,48,47,50
347,393,39,42,43
545,455,140,138,144
833,271,48,50,53
8,91,125,109,105
867,55,101,85,69
831,484,167,164,171
162,491,43,44,48
1057,327,48,50,53
857,140,45,47,50
992,386,50,46,50
662,47,45,46,49
1061,167,50,48,55
1105,330,233,233,252
944,66,102,100,98
1006,227,51,48,51
598,362,43,42,46
982,461,49,47,58
223,473,63,64,57
328,325,44,44,45
774,131,45,47,50
325,125,32,28,30
854,299,49,47,49
520,384,40,43,42
349,164,39,40,40
597,53,45,46,48
537,78,44,43,47
899,133,46,48,52
442,482,151,148,146
811,194,51,49,54
524,58,46,43,45
1018,2,96,75,62
327,337,43,44,45
139,445,47,48,49
421,317,47,42,48
555,59,41,44,46
46,489,88,78,66
460,267,238,237,255
811,187,44,48,51
417,144,38,43,44
943,328,47,44,48
613,297,45,43,49
830,427,42,48,52
299,261,205,200,222
109,164,41,31,38
177,385,44,42,47
463,118,44,42,45
1157,283,239,236,250
993,315,47,45,52
339,121,31,28,29
465,328,36,40,39
1103,176,242,240,255
149,113,36,26,29
579,479,138,126,112
179,405,45,45,48
1170,227,237,234,251
852,149,44,49,53
529,496,113,105,86
642,64,42,46,47
1169,134,239,236,251
508,382,41,43,45
802,414,52,51,52
1072,412,54,52,56
682,424,48,45,51
420,225,220,224,242
491,490,124,111,63
14,198,68,60,67
490,460,161,167,181
851,8,101,94,91
676,429,44,44,45
33,349,41,42,44
311,66,33,23,28
613,298,44,44,48
327,112,31,24,28
691,227,234,237,255
0,64,22,20,23
951,362,46,46,50
405,71,35,34,35
671,13,47,49,51
1154,68,237,234,252
543,331,42,44,45
624,8,49,49,52
795,39,47,51,51
164,171,200,193,219
693,124,44,46,51
1193,21,242,238,252
1121,88,229,228,245
929,104,50,48,53
533,213,228,223,247
381,427,41,44,47
151,148,186,192,210
1087,279,210,218,233
10,209,30,28,30
1022,61,133,118,101
659,88,48,47,50
15,325,40,38,42
753,109,48,45,49
347,487,61,54,50
127,118,164,37,44
132,225,195,192,214
485,296,49,48,51
588,255,234,237,254
656,341,43,44,46
907,112,48,46,52
788,419,46,46,49
1197,365,239,235,255
588,75,46,43,49
306,7,125,122,141
721,422,46,45,49
19,446,48,49,52
839,158,45,49,49
974,378,45,45,50
578,258,235,235,255
608,194,236,233,255
737,408,45,46,46
955,418,44,48,48
536,16,72,59,48
936,494,171,157,81
228,423,49,45,47
325,50,36,24,30
1146,21,235,231,247
693,207,241,238,255
965,154,47,46,50
685,57,46,44,50
1156,273,236,235,250
745,121,47,48,52
430,194,221,223,243
710,486,140,132,129
697,67,47,46,49
770,133,43,47,48
302,215,195,193,208
291,173,192,184,206
902,191,51,47,52
974,106,46,48,52
899,212,47,47,51
9,212,29,30,29
880,258,244,239,255
766,112,45,46,53
1129,54,225,228,243
150,316,29,34,36
1006,213,49,50,49
326,408,41,43,45
626,259,46,46,48
366,301,44,43,46
1199,14,239,235,252
369,236,62,57,65
662,395,148,151,166
1061,303,110,84,149
965,5,111,79,65
1074,19,67,60,61
114,90,186,167,192
414,368,41,44,45
7,206,29,33,30
667,119,47,44,52
927,240,47,49,52
36,429,47,47,54
942,453,79,63,52
967,413,47,45,51
177,469,54,55,51
710,425,42,44,46
167,401,43,44,45
255,394,49,45,49
989,228,48,47,50
1010,77,100,84,68
1197,207,239,235,254
420,423,42,45,48
461,141,40,43,44
937,4,161,131,118
251,430,67,65,54
571,295,48,43,48
928,346,44,47,50
602,42,48,45,50
326,116,33,28,33
506,310,43,43,47
713,180,49,50,53
388,8,39,30,30
5,313,37,36,43
77,38,115,107,115
81,496,46,48,49
135,430,47,48,49
278,343,42,42,45
971,107,49,46,53
613,21,50,50,50
567,208,228,228,249
1090,457,244,240,255
447,175,44,45,48
1193,352,241,236,251
1110,261,235,234,252
1024,405,44,46,51
576,45,42,46,48
920,169,50,48,53
569,372,38,42,46
467,18,109,86,61
139,296,39,38,39
1147,65,233,230,249
901,409,39,44,45
366,362,44,43,46
531,276,47,45,49
942,301,46,45,50
630,315,40,43,47
433,108,43,42,44
727,290,44,45,47
939,359,48,46,52
253,226,190,186,205
192,186,190,184,204
480,198,180,181,201
86,365,40,42,44
59,128,151,26,31
48,178,173,36,40
502,136,35,32,37
410,5,37,27,27
297,498,43,45,46
394,343,44,44,47
1157,350,237,233,247
238,153,35,29,30
1171,171,240,236,252
231,87,39,41,44
126,149,63,46,60
932,350,46,46,51
840,202,46,51,50
769,493,164,160,171
234,382,48,44,47
67,476,62,55,53
282,482,62,54,53
1102,190,240,240,255
912,36,103,100,95
1152,284,233,231,249
1117,401,229,231,246
140,192,207,205,226
33,143,161,26,36
122,166,237,235,255
28,287,35,33,35
209,474,48,48,49
220,384,41,44,46
1168,497,234,230,247
857,191,45,45,51
669,38,45,46,49
391,440,196,205,227
694,123,48,45,49
130,62,156,139,161
710,339,41,46,44
807,264,120,126,189
234,158,191,184,202
65,234,40,37,39
193,399,48,45,45
712,323,47,47,47
1184,343,239,235,252
130,319,33,34,34
221,468,63,64,50
864,292,43,45,49
299,63,36,31,34
44,12,195,196,197
49,443,50,49,51
192,164,34,31,34
1131,14,230,227,246
785,470,166,160,171
371,262,213,214,236
795,169,48,45,51
641,118,45,45,49
540,139,45,43,48
108,69,132,116,137
1134,91,230,228,244
774,371,47,44,49
611,363,43,44,46
588,21,47,50,52
790,58,48,49,49
683,370,42,47,48
559,211,64,57,60
84,143,160,27,35
537,359,41,42,45
487,265,211,209,230
1116,148,234,230,248
230,102,32,35,42
676,73,44,45,50
1111,392,236,235,255
845,223,242,239,255
649,357,43,43,46
737,41,48,50,55
312,346,45,42,44
793,166,46,45,48
138,280,211,207,233
237,382,44,43,46
143,76,160,147,170
290,106,34,25,29
730,423,44,44,49
948,262,45,46,49
1198,21,241,237,254
409,128,39,40,42
1018,132,48,48,53
1187,139,237,235,251
33,464,47,48,49
561,366,45,43,47
663,214,60,61,66
952,436,48,48,51
309,448,70,67,53
50,209,88,90,87
885,271,59,53,70
918,20,130,85,67
1067,322,51,52,56
379,316,43,44,43
1075,99,58,54,59
784,249,241,239,255
1171,484,236,235,248
77,185,59,34,69
1126,146,231,228,244
919,301,45,46,49
902,296,46,46,51
939,171,47,48,51
173,14,163,145,167
525,287,47,43,48
1152,217,233,231,248
123,283,42,36,51
1113,418,233,233,248
488,60,42,43,44
425,325,46,45,48
78,251,86,75,109
116,79,143,128,149
1139,464,229,225,242
517,243,97,90,84
1138,13,230,231,245
225,393,43,43,46
1154,196,234,232,249
813,498,165,158,152
787,449,46,48,53
990,198,47,46,52
1177,411,237,235,252
1137,234,231,228,243
935,55,113,107,102
1190,134,239,239,255
1134,104,230,227,243
804,17,51,52,52
125,259,218,211,235
126,228,54,45,66
71,17,43,37,41
235,3,176,164,188
720,180,45,51,51
996,298,46,45,53
1067,239,50,51,53
500,456,151,149,163
1188,328,237,237,252
115,229,70,64,70
869,460,47,48,54
255,75,45,47,54
32,355,45,42,46
760,99,46,45,48
235,6,176,163,188
254,243,194,193,211
5,94,133,23,37
1107,431,234,234,251
1022,492,51,51,53
1090,418,248,247,255
381,57,28,26,30
751,407,176,174,182
127,267,214,211,233
546,273,45,47,50
428,121,40,41,42
316,360,45,43,46
917,291,50,47,51
899,371,46,43,50
1100,305,235,234,254
683,218,103,91,113
197,24,173,112,126
1165,401,237,232,249
851,9,100,95,92
1143,409,233,231,247
918,483,53,50,54
808,110,49,46,50
542,237,59,54,59
443,273,234,232,255
1193,449,236,234,251
15,293,38,34,35
789,483,162,159,176
1020,200,47,47,52
1109,57,234,231,248
583,96,42,47,47
55,6,229,228,253
326,173,190,190,208
442,97,43,41,46
882,401,46,48,49
458,329,62,62,71
869,355,41,46,47
791,98,46,47,52
1175,81,241,236,251
1164,330,237,234,249
53,336,36,36,38
1016,10,98,78,60
403,275,55,50,57
1123,374,233,228,246
292,369,48,41,46
293,133,30,29,29
140,384,42,43,45
274,449,73,72,55
170,24,167,147,171
408,228,220,219,240
150,280,212,211,234
1147,469,229,226,246
748,257,243,239,255
633,471,171,169,175
661,360,42,43,48
76,60,186,185,205
834,79,45,48,51
663,199,239,237,254
1075,244,224,229,205
925,452,92,111,131
755,488,161,157,162
930,185,47,47,52
493,215,204,204,224
612,416,44,44,46
576,218,233,232,255
942,270,44,46,50
242,56,212,212,234
235,352,43,43,47
365,182,195,196,214
395,87,33,32,37
1033,188,47,48,54
324,141,30,29,32
1035,417,48,47,52
449,174,49,44,49
420,200,222,220,239
848,183,47,45,52
562,194,228,227,252
728,153,45,47,50
410,64,33,34,35
768,492,166,162,174
529,48,45,44,47
674,263,42,46,45
682,4,53,49,53
690,429,41,44,45
598,194,235,235,255
934,36,112,76,65
981,237,44,47,50
556,488,125,118,104
332,251,203,205,224
67,362,40,42,44
240,235,186,187,204
520,56,45,39,41
433,463,24,24,26
1146,339,231,232,247
291,412,43,42,47
821,288,44,44,50
404,376,43,44,42
576,154,41,43,47
299,58,35,30,37
701,469,125,105,73
1059,207,50,49,54
383,29,35,27,30
475,472,185,183,199
751,67,49,46,51
1011,384,44,47,50
1061,263,49,50,55
888,337,43,46,47
152,467,125,117,79
187,176,192,186,209
654,300,44,44,48
551,127,49,42,47
476,17,92,69,55
136,314,39,36,38
1145,271,236,231,245
993,98,50,47,53
885,431,51,50,51
534,148,42,45,47
197,32,186,152,167
1019,270,48,47,49
1068,28,108,100,98
1084,256,245,248,255
827,44,66,60,58
509,213,218,215,236
1109,184,241,234,255
288,6,124,121,144
326,170,44,39,43
1018,25,92,76,61
656,370,46,43,48
254,217,187,185,206
135,431,48,48,50
936,488,48,51,50
863,27,99,96,92
142,212,196,194,212
709,365,42,48,47
1087,162,214,217,233
818,452,45,47,50
1179,337,237,234,251
1010,51,105,80,64
339,389,46,43,44
421,42,33,30,34
8,362,43,44,47
148,78,161,149,168
457,303,51,51,52
1019,353,47,46,53
807,316,45,47,50
14,8,221,218,235
81,324,36,35,38
1120,110,227,225,243
1077,198,54,54,58
1006,261,48,50,55
394,497,92,79,56
5,8,224,223,246
824,112,49,49,52
659,359,43,46,46
486,494,122,115,66
901,477,52,50,54
887,375,46,44,48
1019,395,48,50,50
623,128,47,45,50
1041,26,110,86,68
158,101,197,187,210
1132,491,229,226,244
905,100,49,48,53
864,54,107,88,67
601,270,42,44,50
1055,139,50,48,54
46,66,112,102,105
728,208,238,237,255
192,260,205,201,222
1019,466,44,46,51
139,227,194,194,214
366,44,33,23,27
496,264,218,218,238
879,274,49,50,55
982,444,134,125,138
1001,340,47,50,53
1019,423,51,48,50
1157,71,238,234,251
28,213,33,27,30
647,269,45,45,49
1118,91,230,227,245
571,335,39,44,43
769,87,49,47,48
922,110,47,45,52
315,400,42,41,44
261,86,35,37,41
866,65,45,48,50
831,252,241,236,255
944,256,45,47,50
905,461,49,47,50
771,148,46,48,50
664,305,45,45,47
168,363,41,44,43
111,74,142,125,145
802,32,51,52,54
265,34,212,212,233
1042,486,50,49,55
49,458,51,49,53
1164,492,232,231,249
803,312,44,46,46
978,115,50,47,52
720,193,238,237,255
180,230,45,36,51
1082,208,54,54,59
315,367,43,42,44
845,492,165,152,105
966,372,45,48,48
503,67,54,52,56
416,10,36,28,30
897,454,45,47,50
953,289,43,47,49
923,199,49,48,50
593,138,43,44,48
338,243,204,205,224
676,51,40,46,49
532,430,44,44,47
372,273,46,50,52
288,213,158,155,165
594,121,46,44,45
10,333,43,42,44
624,124,41,46,47
776,29,51,51,54
95,177,212,203,225
915,111,43,48,50
406,409,41,43,49
973,8,108,79,63
364,57,32,25,30
626,275,41,42,46
387,407,46,44,45
321,390,42,43,45
208,327,40,42,43
881,243,66,61,64
972,295,44,47,50
35,115,148,25,30
192,1,154,35,43
564,202,66,55,61
220,325,44,44,48
621,175,49,48,51
569,442,132,131,132
1192,287,241,236,253
885,464,51,49,51
133,279,212,210,234
700,433,43,43,47
930,190,46,48,51
28,338,38,39,43
232,242,113,107,120
629,359,45,44,44
126,195,65,64,73
590,452,130,119,120
1026,280,47,49,53
1016,149,46,49,52
377,463,76,67,63
768,329,45,44,49
661,418,43,43,47
968,278,50,46,51
809,151,47,48,52
507,248,221,219,242
630,202,238,235,255
417,274,83,82,106
573,210,69,58,63
146,136,141,141,159
929,374,45,46,50
125,491,47,49,50
953,105,47,49,53
418,77,36,37,39
652,320,40,45,50
477,47,42,38,44
82,74,147,27,39
125,233,197,192,214
800,202,52,51,51
407,63,32,29,34
172,386,45,44,47
676,239,101,97,120
68,30,149,141,161
915,426,49,46,48
138,30,138,119,140
229,64,123,127,145
89,127,160,47,61
174,65,143,132,150
1170,303,238,235,253
479,135,41,45,46
48,434,50,51,52
68,215,151,148,155
752,201,178,168,186
390,83,35,30,31
1122,351,234,231,245
339,277,43,44,47
277,149,32,28,33
1114,464,232,230,244
213,354,42,41,45
320,206,50,48,49
6,189,111,109,115
600,225,235,236,255
784,71,46,48,52
549,374,41,41,44
132,291,34,32,33
750,285,46,45,49
74,412,47,43,50
800,463,46,47,49
968,284,48,45,51
1019,225,46,49,50
646,234,215,212,243
128,391,40,43,47
891,351,46,47,50
274,211,160,156,168
201,178,187,185,204
573,164,45,43,47
239,150,36,26,27
1062,419,50,51,56
639,230,238,237,255
825,427,46,46,50
779,242,242,241,255
129,120,194,173,185
916,145,49,47,53
326,421,44,41,44
164,122,153,152,168
747,342,48,47,50
490,243,66,61,69
1179,69,239,238,255
861,145,48,47,50
987,23,111,83,63
532,282,47,43,50
675,394,70,57,66
448,124,40,42,45
597,410,43,43,46
311,265,204,202,224
819,354,48,47,50
515,468,135,134,143
792,257,241,239,255
189,95,109,116,127
786,440,48,47,48
23,366,45,44,46
82,192,68,75,77
102,327,38,34,38
266,117,36,25,30
543,85,46,43,47
362,237,200,207,223
984,163,47,47,51
400,447,197,199,218
472,269,26,28,30
162,92,195,183,206
982,51,87,70,57
386,2,44,29,31
635,174,195,190,209
796,471,168,164,158
542,82,43,44,47
793,78,47,47,51
941,223,51,48,51
860,141,43,48,49
333,341,41,43,45
28,182,100,97,104
1024,174,47,47,51
13,290,34,31,33
475,429,60,52,50
304,104,29,27,26
731,277,45,45,50
1190,106,239,237,255
723,363,43,45,49
1041,431,49,49,52
220,90,156,146,162
670,311,42,46,47
204,125,36,35,39
1021,418,46,46,49
737,178,47,49,52
1093,88,123,115,112
355,47,34,28,31
1057,6,97,77,63
477,393,41,43,45
285,440,70,66,55
408,37,33,28,30
503,293,45,45,52
488,374,42,42,45
1057,346,49,49,52
902,147,46,45,49
273,371,43,41,49
1131,318,230,225,241
670,169,48,47,50
536,265,224,227,250
178,344,43,39,46
926,94,46,47,51
151,436,50,47,49
894,280,49,48,53
189,8,164,78,97
996,33,118,93,67
1015,426,47,47,49
710,199,241,236,255
333,37,63,59,59
592,74,45,45,49
921,76,50,47,54
1109,444,236,232,252
109,406,42,43,48
793,325,48,47,48
864,180,51,48,52
48,227,30,32,34
639,476,154,155,175
833,252,242,240,255
1035,108,45,51,51
565,364,45,43,46
375,364,42,44,47
280,448,64,62,53
843,377,46,45,49
52,227,33,35,34
316,216,195,192,213
888,339,46,43,50
604,1,52,50,55
96,158,32,25,25
1141,426,231,227,243
468,204,233,231,253
99,105,155,32,34
1187,122,240,238,254
269,155,31,30,28
461,29,84,62,46
947,448,47,51,51
3,313,40,40,43
1107,426,236,232,251
530,278,42,46,49
744,194,234,235,255
392,368,44,41,45
673,424,45,42,50
1107,333,234,234,250
918,413,46,46,50
245,427,91,88,59
831,243,224,227,224
1042,219,46,49,51
212,447,48,47,51
449,473,183,183,199
297,38,53,52,57
940,303,46,46,49
306,232,196,195,214
436,229,229,228,249
1007,21,117,89,68
941,239,46,45,51
526,417,40,41,44
31,371,43,43,46
167,64,142,131,150
433,187,219,219,239
536,231,65,58,63
359,433,74,71,53
1164,263,240,235,254
1092,314,245,245,254
960,300,44,46,50
938,399,41,45,47
1178,112,237,235,252
335,453,64,60,52
573,448,121,120,120
786,295,46,48,50
288,130,30,31,32
501,388,40,42,48
673,206,234,236,255
151,258,207,207,232
456,328,79,81,82
1097,177,243,240,255
596,28,47,49,49
1123,135,227,228,243
105,273,38,33,36
1019,281,48,47,51
276,407,42,43,45
50,262,34,31,33
283,473,114,106,79
258,136,36,27,29
938,78,47,47,52
287,369,43,43,46
474,24,56,49,46
1102,259,237,234,252
372,371,41,43,48
882,15,82,74,72
1001,109,47,48,51
348,115,34,29,32
330,52,34,25,27
394,108,34,36,40
889,409,48,45,49
942,341,47,46,51
979,325,44,43,46
428,1,40,30,31
908,236,240,237,255
17,86,125,115,121
758,479,158,155,150
571,315,43,43,46
448,390,16,18,20
438,17,44,38,34
88,257,216,214,239
149,482,49,47,52
197,331,42,43,44
499,479,103,94,56
257,496,89,76,52
593,74,45,45,49
41,100,30,27,28
73,341,37,34,39
1137,86,232,228,242
593,38,45,44,48
404,295,44,42,50
1196,49,240,236,251
318,181,190,187,208
854,267,55,54,58
608,452,172,176,196
787,427,49,48,52
216,19,176,162,186
61,411,48,43,48
846,385,46,44,50
710,131,44,45,49
791,383,43,46,50
544,171,46,46,50
560,36,47,43,46
435,275,151,158,192
313,414,44,42,44
1061,115,53,50,55
214,452,49,47,50
234,470,91,88,60
1123,148,232,227,245
1067,111,55,49,58
1187,255,236,236,253
1171,243,235,234,251
137,350,42,38,42
972,107,50,48,52
650,386,72,58,100
902,67,103,98,94
1198,105,238,236,253
42,126,151,24,31
1096,172,242,240,255
517,119,47,44,48
34,381,45,44,48
1027,349,48,46,49
6,328,40,38,41
608,228,232,233,255
821,485,163,160,174
87,255,218,214,240
690,314,42,46,47
748,341,46,46,49
549,113,46,44,46
1039,179,49,48,55
769,478,151,151,146
987,192,42,49,51
1002,443,45,46,49
164,347,40,39,41
376,36,28,28,26
1143,172,233,230,245
123,123,162,31,62
125,0,118,108,108
681,431,43,41,45
239,430,84,82,54
388,186,204,202,223
696,383,47,45,48
1170,36,239,237,255
498,339,44,44,45
107,430,54,54,51
9,276,37,30,35
1023,253,48,46,54
167,429,68,67,58
713,156,44,44,48
932,264,44,46,51
772,263,240,238,255
157,404,42,44,46
564,352,42,43,45
31,414,66,63,55
187,24,157,35,51
728,7,51,50,53
219,38,151,50,55
906,87,48,47,51
471,333,56,56,58
280,338,45,41,46
902,254,240,236,255
446,447,142,122,131
1080,347,193,187,199
225,128,33,29,33
234,433,49,51,55
488,245,146,146,167
710,448,44,43,48
959,195,49,48,53
411,139,41,42,45
986,205,46,48,53
157,277,210,210,236
1118,376,232,231,245
579,485,169,164,170
895,494,177,161,89
544,76,44,43,46
750,93,45,46,48
528,439,142,145,151
1036,170,51,50,52
586,431,44,43,46
932,113,47,48,51
211,254,198,196,218
254,475,105,98,74
935,257,47,46,49
318,485,110,111,118
1199,397,240,239,254
444,195,225,226,248
597,108,43,44,47
834,207,49,48,52
850,457,52,47,51
846,24,92,86,81
1107,308,237,233,250
964,395,45,46,48
451,77,40,42,44
986,198,44,48,50
664,272,44,45,48
999,464,49,49,67
51,203,76,73,78
88,451,47,49,50
1187,460,234,234,250
408,56,28,32,31
1108,139,237,235,255
1070,135,50,52,57
1178,321,235,236,252
381,279,47,44,47
1040,110,48,50,51
835,365,47,47,49
1010,379,47,47,51
464,115,44,44,41
1138,305,231,227,244
1075,351,246,246,255
1066,412,52,49,53
811,311,45,45,51
216,314,43,41,45
93,217,212,213,242
737,271,50,48,52
32,453,51,50,54
939,156,46,48,50
441,236,228,228,249
15,390,48,46,48
358,319,40,44,46
1047,213,50,49,52
388,165,44,42,47
257,105,37,29,32
24,27,227,224,249
533,132,46,45,46
689,94,48,46,51
416,397,40,42,48
203,135,33,34,38
342,150,30,35,35
591,365,42,42,44
827,137,46,48,51
63,31,112,100,114
1071,244,57,54,57
746,174,46,47,53
589,375,42,44,46
657,252,45,45,49
1009,217,46,47,54
556,65,40,42,46
653,271,46,45,49
297,129,31,28,28
664,341,42,44,47
934,460,45,49,52
440,453,25,24,20
185,62,186,173,196
630,467,145,143,148
1195,77,238,237,253
1030,219,49,48,52
1140,131,230,228,245
919,178,44,48,49
1096,418,243,241,255
71,72,33,29,28
405,115,38,39,40
701,308,49,46,47
1070,140,50,50,54
690,93,45,45,49
1099,21,238,237,255
642,459,190,198,218
987,174,47,45,50
743,294,48,47,50
983,304,45,44,52
761,438,43,46,49
335,431,66,64,53
436,358,45,42,48
466,280,86,85,98
835,74,47,48,49
1107,53,232,232,251
60,143,157,29,41
908,23,131,120,111
390,40,36,26,26
1168,18,239,238,253
1067,193,51,54,53
429,288,46,47,49
422,100,38,39,44
833,142,46,47,49
885,80,47,50,52
1078,464,251,247,255
193,410,40,42,47
601,452,176,180,200
41,295,35,34,36
272,484,88,74,52
175,60,158,146,168
500,92,37,43,45
608,431,44,43,46
539,79,43,44,48
192,209,51,37,52
591,265,224,228,255
427,290,47,47,50
925,423,49,47,51
1141,454,231,226,245
465,250,67,46,69
629,121,46,44,48
705,118,48,47,52
682,18,51,49,54
1173,159,237,234,251
943,203,48,48,50
977,258,45,46,50
336,369,44,43,46
1046,128,49,50,56
439,472,120,67,61
942,388,47,47,50
877,430,46,47,52
962,234,45,49,50
214,151,33,28,28
184,103,122,121,141
381,199,205,201,222
383,142,39,41,42
370,14,43,31,31
283,130,28,27,26
337,62,30,25,26
851,100,46,47,51
17,362,50,42,48
994,272,46,47,52
159,410,41,43,46
816,341,44,44,50
763,27,49,51,52
67,286,33,29,32
1013,227,47,49,52
481,57,40,42,45
322,397,41,44,46
901,231,240,236,255
922,250,47,48,53
519,44,34,30,32
704,434,43,44,48
478,175,47,47,49
912,188,49,45,50
1189,124,237,236,252
64,441,47,47,49
1042,168,49,49,53
700,308,46,46,47
598,38,43,46,44
185,216,193,188,206
851,389,48,45,48
527,264,227,227,248
862,364,45,45,52
698,216,240,236,255
1160,122,238,234,251
790,356,45,44,49
988,199,50,49,50
577,301,40,42,48
868,485,163,148,84
755,91,46,47,47
401,425,46,44,50
1158,154,236,232,250
983,350,41,46,49
542,404,41,43,44
532,4,77,62,43
874,447,46,47,50
191,200,104,95,101
450,204,230,226,247
358,198,195,196,213
305,434,56,54,52
222,218,191,185,206
238,393,42,43,47
433,51,37,34,36
594,354,40,45,45
1171,29,235,235,250
547,119,44,42,46
1033,95,48,51,52
464,307,18,23,24
130,387,42,43,47
952,310,44,47,48
285,432,66,63,50
901,142,45,48,50
29,419,63,62,54
256,209,52,49,54
891,54,108,102,100
1019,226,48,49,52
711,202,237,236,255
49,306,38,36,35
105,113,158,31,42
246,402,45,45,46
1181,77,243,238,254
518,232,60,55,57
163,100,201,191,213
442,470,139,94,90
1151,121,235,232,250
285,66,37,35,39
675,171,51,48,51
70,418,63,63,53
671,361,48,45,49
696,488,124,100,73
281,410,47,44,46
607,320,41,43,46
988,132,47,46,54
615,454,186,188,204
332,293,45,43,46
445,176,43,44,50
770,324,48,46,50
1157,236,235,234,252
324,389,42,41,45
249,499,64,60,52
88,286,37,33,34
681,255,47,47,50
632,321,48,46,49
701,17,52,49,52
447,172,47,47,51
452,480,184,188,207
681,471,108,83,61
1145,43,233,231,248
1070,438,53,51,56
1091,225,244,246,255
626,89,44,44,46
755,292,43,45,49
47,428,53,50,56
370,271,66,58,86
654,493,97,73,55
152,274,214,211,236
406,50,33,28,31
922,206,44,46,53
1028,421,49,46,50
1156,460,233,230,245
511,222,219,216,239
1039,22,114,88,65
501,459,144,146,158
875,154,45,47,51
324,467,121,117,118
853,170,45,47,48
164,356,42,41,44
281,329,39,42,44
296,104,31,25,26
406,12,34,26,28
16,253,34,27,28
49,241,36,30,33
1064,222,50,49,53
147,133,180,179,203
335,267,209,216,236
47,147,161,27,37
820,217,239,240,255
508,274,44,46,50
380,67,32,24,27
245,432,78,82,56
1090,151,176,186,248
925,28,103,72,62
741,129,44,45,50
302,201,163,162,179
582,408,43,43,44
1176,108,238,235,252
959,342,48,46,50
137,468,48,46,49
33,6,227,225,248
691,328,47,45,50
21,50,65,63,68
1027,315,48,49,53
771,307,46,45,50
109,432,67,55,56
516,209,185,181,187
1067,245,52,52,53
560,429,40,41,45
316,477,117,112,109
686,497,116,89,64
1193,386,239,236,253
703,326,44,47,52
202,173,188,184,205
314,472,129,121,112
360,290,43,41,46
1022,418,49,48,53
361,51,33,25,27
475,382,43,43,45
935,320,42,46,47
329,420,40,42,43
1133,10,231,226,245
919,389,46,46,50
65,65,56,44,70
504,139,40,38,39
491,254,213,213,236
93,90,153,23,35
936,332,41,46,49
268,308,47,41,44
24,347,39,41,45
804,297,44,47,51
24,419,53,54,56
1184,78,241,235,252
412,422,45,45,44
484,249,196,195,212
1090,90,244,245,255
210,286,46,47,47
973,323,43,44,48
415,410,43,43,45
918,223,49,48,53
336,176,191,187,207
18,63,115,101,114
1171,216,240,236,253
924,262,44,46,51
656,175,63,50,56
463,71,43,40,45
673,18,48,48,50
1010,163,48,49,53
4,368,43,45,47
548,195,229,224,250
1196,358,237,236,254
805,449,49,47,52
711,233,239,236,254
495,33,85,61,51
352,62,29,25,26
437,491,166,165,177
1189,245,238,238,254
978,495,50,47,53
461,192,224,223,245
197,132,35,34,40
681,88,43,47,49
970,83,46,45,52
292,262,201,200,220
1040,318,49,47,53
903,42,85,84,76
808,301,48,46,50
514,314,43,43,45
965,233,46,47,51
1140,452,228,227,240
529,33,43,45,44
185,176,192,188,208
67,352,38,37,41
1127,172,231,228,243
613,278,46,44,46
360,179,197,194,215
845,389,47,45,50
11,94,128,96,84
270,12,37,30,33
282,335,44,43,46
1117,465,230,228,240
1013,61,70,63,61
1156,166,234,235,247
798,36,52,50,54
270,362,45,43,46
119,488,46,47,50
601,362,41,43,44
664,179,230,234,255
1102,71,235,233,250
316,430,58,56,53
256,221,190,186,207
214,20,176,162,182
70,331,34,36,37
747,272,47,49,52
119,236,198,195,218
723,317,42,46,49
323,218,197,194,214
689,76,45,48,49
707,252,50,47,50
542,403,43,41,42
283,56,43,43,47
31,184,111,105,113
976,276,46,47,50
575,232,229,232,255
1020,187,47,47,52
702,367,42,45,47
885,426,82,95,128
376,1,39,30,30
286,291,44,43,46
1146,411,230,229,244
869,423,91,88,60
816,487,161,162,172
137,447,44,45,49
158,341,41,38,43
122,160,151,147,172
772,6,48,49,51
863,490,114,106,68
921,428,74,64,55
1009,136,48,48,52
804,97,45,46,50
37,278,34,31,29
1039,222,47,48,53
706,437,43,45,46
134,487,52,49,52
47,49,117,107,118
549,342,42,43,49
377,7,40,32,29
984,206,47,47,51
1032,313,46,47,54
517,206,208,209,223
1117,246,232,230,247
816,413,106,106,76
616,135,47,46,49
805,387,47,45,49
604,187,233,230,255
175,296,37,38,41
634,181,239,238,255
223,306,46,42,44
883,385,46,45,51
233,337,41,41,46
384,137,40,41,42
734,356,45,44,49
740,136,43,45,49
133,480,43,45,50
491,83,44,43,46
1178,292,239,235,251
69,110,153,23,29
288,245,195,195,215
564,206,62,55,59
486,459,174,178,194
1009,370,47,48,52
704,271,42,47,50
583,92,43,45,47
459,245,230,232,254
359,46,35,26,30
223,380,39,43,46
491,168,25,28,34
1046,365,52,48,54
1012,93,48,48,54
660,478,93,72,54
234,306,40,42,45
521,349,41,42,47
931,13,163,120,83
850,138,49,49,52
774,195,50,48,51
62,301,34,33,34
689,72,44,45,48
138,254,214,210,233
456,62,40,41,42
1010,162,51,48,51
137,169,53,52,60
861,136,44,48,49
796,193,47,47,53
724,495,155,149,158
853,380,42,45,50
409,478,84,76,68
1036,128,49,48,52
1185,342,237,236,253
119,101,160,32,37
352,361,40,42,46
119,364,42,40,46
344,89,30,24,28
655,39,50,47,51
803,498,169,167,186
1127,312,230,228,242
701,90,46,47,47
930,287,48,46,52
295,24,48,47,51
139,118,195,187,209
425,100,40,41,44
252,208,180,177,198
742,99,45,46,49
1090,469,240,236,255
664,221,130,130,102
215,196,42,38,44
872,206,44,47,51
1134,333,231,229,242
540,499,147,135,104
438,198,222,220,244
73,15,58,37,43
886,490,177,164,114
960,445,49,49,53
649,474,67,58,52
479,307,49,50,52
1156,375,236,234,253
1110,28,237,233,251
83,413,47,43,46
44,196,98,99,105
1163,433,237,235,252
253,137,32,27,29
605,69,45,42,47
71,41,112,103,113
205,132,33,35,36
1069,158,51,52,55
1078,3,139,122,87
1049,398,49,48,52
542,194,228,226,248
806,476,170,164,173
93,379,41,42,46
10,219,35,28,30
999,256,47,47,51
587,273,49,50,53
679,233,235,234,255
554,425,41,42,45
822,283,48,46,51
907,122,46,47,53
1029,437,49,48,51
906,86,45,46,51
156,354,41,43,44
1124,382,229,226,244
559,167,45,46,48
205,72,104,88,108
288,40,49,48,52
1016,11,97,79,63
704,16,53,49,54
274,10,145,137,154
775,121,44,47,50
969,413,44,47,50
968,142,45,49,51
662,71,46,45,49
327,276,45,44,45
1154,332,236,233,249
854,360,45,47,48
884,193,46,48,51
595,114,45,43,47
42,252,38,29,31
708,255,53,53,54
500,380,42,41,44
639,85,46,44,49
792,169,46,47,48
62,491,43,49,48
1089,245,94,101,145
1128,390,232,232,245
1010,199,43,48,51
75,134,168,86,103
594,129,49,44,48
207,2,160,53,67
125,354,39,37,41
563,121,43,42,48
7,187,86,75,85
1131,378,228,229,245
92,392,41,42,46
1192,26,239,235,255
334,322,43,45,47
679,123,43,44,48
1195,274,243,239,255
1127,91,227,227,242
397,63,33,30,30
245,233,188,191,204
1118,83,230,227,247
275,367,41,44,47
506,411,39,42,44
435,271,232,231,254
1189,63,240,234,250
70,410,44,45,48
960,304,46,46,50
1071,422,203,189,131
715,159,46,45,51
642,431,43,44,49
920,336,48,46,47
746,359,44,45,49
194,415,45,43,46
147,196,179,177,202
1199,264,240,235,254
377,131,38,37,41
1134,211,230,227,243
447,92,41,42,43
77,257,182,179,205
948,289,42,44,48
197,233,191,189,208
728,120,46,44,50
392,280,44,45,49
2,128,155,26,30
673,448,44,45,46
92,188,149,145,166
599,100,46,46,47
985,198,45,47,50
440,222,227,227,249
131,422,55,47,51
1116,497,227,224,244
847,351,46,45,50
74,393,45,45,44
1162,112,235,233,246
216,366,43,42,46
695,291,45,46,49
1110,134,231,234,251
825,210,55,56,59
1164,467,234,234,247
1116,182,233,229,247
70,424,73,68,56
429,190,220,220,240
923,316,47,47,46
426,107,39,41,42
568,42,43,43,45
486,14,73,57,46
907,211,52,48,52
424,228,224,224,246
1103,147,239,238,255
169,129,106,106,123
632,295,45,46,50
1193,74,242,236,253
897,477,51,48,52
734,311,47,45,48
297,85,31,26,31
678,467,106,81,58
480,30,70,55,47
885,441,46,47,50
819,306,43,48,52
389,75,27,29,31
420,261,222,221,243
221,417,44,44,46
705,39,53,52,53
266,470,106,99,77
1048,24,103,81,63
2,138,163,24,35
1054,445,52,49,53
480,4,51,46,40
869,309,44,48,51
506,471,105,106,88
1080,183,246,246,255
450,68,41,39,43
518,160,47,44,47
206,188,188,185,203
483,122,42,43,44
1167,46,243,236,253
229,10,181,164,186
191,279,211,210,231
552,370,37,44,43
921,466,50,46,49
243,35,37,32,33
248,175,191,186,204
766,435,46,47,53
966,273,41,47,49
749,114,47,48,48
74,77,44,33,42
135,264,217,212,238
1147,156,231,230,246
392,144,41,40,44
36,329,39,36,40
506,281,46,43,48
461,423,49,48,49
840,117,47,48,50
316,42,38,33,35
533,480,152,151,165
820,78,43,47,49
411,247,61,61,61
925,405,49,46,49
1006,178,46,47,52
996,345,43,47,49
153,60,138,122,144
1175,10,242,236,254
12,371,44,45,49
775,364,44,45,49
257,72,48,45,52
1040,142,49,50,51
784,235,197,198,218
474,111,44,44,47
396,310,47,46,46
718,51,47,47,49
60,185,33,27,26
178,197,182,184,197
682,471,109,82,58
796,215,239,239,255
996,431,49,46,53
1050,477,49,48,54
1147,165,230,230,246
787,124,50,46,52
312,464,128,120,99
967,354,43,47,51
264,345,44,44,47
435,305,43,44,47
893,432,48,48,50
1140,2,234,231,246
345,149,38,36,39
368,93,34,29,29
86,400,44,44,46
267,32,213,217,233
1061,317,48,50,55
286,462,114,109,82
778,175,46,45,48
766,210,241,239,255
980,303,48,45,51
870,341,45,47,50
566,8,92,79,61
228,424,49,45,49
35,95,31,28,29
1173,351,241,236,252
176,429,62,58,55
547,348,44,42,45
670,62,41,45,48
872,253,59,57,72
120,445,45,47,51
372,70,31,26,30
1015,494,49,49,53
18,110,146,25,31
73,283,39,30,33
369,484,73,70,62
692,266,46,48,48
850,486,173,158,111
353,151,37,35,38
389,316,46,46,47
204,383,43,43,45
493,428,42,46,48
1145,157,232,229,246
272,278,40,43,45
782,305,45,46,50
1057,130,48,49,52
253,450,73,72,53
3,431,51,51,52
531,360,39,41,46
680,369,38,45,46
137,345,39,35,39
1171,391,236,234,254
1190,52,240,236,254
61,426,67,65,58
195,129,36,37,40
552,498,130,123,108
189,237,196,193,216
133,441,54,50,50
1153,456,234,233,249
563,45,46,43,45
983,436,41,49,53
1132,156,229,230,244
513,24,86,65,52
812,323,45,47,50
1081,142,50,51,58
729,458,71,67,59
1150,430,233,231,249
878,151,46,48,51
102,104,158,28,37
19,296,35,33,35
294,449,62,61,51
683,152,46,46,48
819,225,242,241,255
1024,223,47,46,53
370,292,45,44,48
286,470,116,111,79
76,4,63,63,68
1027,289,51,48,53
1101,213,247,243,255
745,226,240,237,255
260,83,40,38,42
905,455,45,48,49
127,179,221,226,245
608,193,235,233,255
593,402,40,43,44
804,400,46,44,49
359,464,62,55,51
366,416,40,44,44
998,294,47,47,51
42,9,226,224,250
209,319,40,39,46
129,335,36,35,38
235,303,41,42,43
142,50,132,115,135
1129,260,228,228,245
1026,96,51,49,54
116,414,46,45,48
683,145,50,47,51
268,127,31,24,26
76,26,116,106,107
767,31,48,50,53
307,79,33,29,31
96,23,114,108,120
617,115,44,43,46
41,204,97,101,94
85,180,211,202,221
135,228,199,196,217
189,97,98,103,114
1060,479,48,49,55
425,264,231,232,255
157,89,158,146,166
812,319,46,46,50
963,406,48,47,48
739,90,43,46,48
53,113,147,25,30
1098,89,243,241,255
812,95,47,45,50
954,179,48,48,52
1194,39,240,238,253
1039,468,45,47,51
673,317,47,45,48
70,433,50,52,52
375,273,49,48,53
722,5,52,50,53
176,287,37,34,41
472,290,40,43,42
682,184,236,237,255
757,46,48,49,52
709,52,46,46,48
330,343,45,43,46
182,449,68,67,58
70,378,43,42,44
29,355,41,42,43
377,274,47,48,54
199,63,38,32,33
500,350,44,41,43
1000,63,67,61,58
374,448,152,69,70
371,460,108,82,77
709,434,46,44,47
69,204,118,119,136
1016,323,48,48,51
150,279,213,212,236
811,108,48,48,50
694,208,240,240,255
59,327,34,33,39
682,123,45,45,48
708,336,48,44,50
901,372,46,47,51
741,445,46,46,47
63,174,171,29,37
722,82,44,46,48
1198,297,240,235,253
951,177,48,47,52
571,210,61,62,79
980,164,45,46,51
138,474,47,47,47
350,98,27,26,26
717,183,55,52,56
996,22,121,92,68
528,44,41,41,43
134,274,216,213,237
783,379,46,43,48
423,234,224,225,247
849,479,167,155,108
565,157,45,42,48
528,417,42,42,45
1153,43,236,234,248
888,428,64,52,50
819,98,44,45,51
664,205,118,111,122
309,80,32,27,27
710,404,49,45,49
400,126,39,38,41
147,291,36,39,40
899,315,49,46,49
889,486,170,158,100
701,55,48,44,50
1003,244,48,46,51
57,179,172,37,49
348,0,44,40,44
807,470,92,86,71
920,329,47,49,51
1077,115,164,165,147
538,233,146,145,168
76,382,45,43,47
249,446,70,69,52
187,137,40,37,42
611,417,41,44,45
166,400,45,44,47
1095,444,239,236,252
754,320,47,48,50
965,96,48,48,54
185,413,40,46,44
1132,181,228,227,244
472,484,147,150,140
516,348,40,42,43
573,218,233,233,255
14,127,155,25,34
689,167,48,47,53
44,474,49,48,52
832,27,78,76,66
108,390,44,44,46
328,109,29,28,28
810,137,47,47,52
342,388,39,44,46
1132,128,226,226,244
1031,452,46,49,52
77,152,162,31,37
697,225,237,235,255
1166,459,237,235,250
413,391,43,43,45
1048,285,238,240,255
73,149,162,28,38
598,406,40,45,45
789,157,46,47,49
1076,224,244,246,247
762,170,45,47,49
146,118,42,35,38
733,345,45,45,48
261,89,32,33,40
225,286,48,48,50
313,434,75,74,54
110,47,173,174,190
1183,29,238,238,254
371,444,185,187,198
925,407,47,46,49
763,175,51,47,49
407,127,41,40,43
184,68,157,146,169
1180,292,241,238,252
940,17,121,83,65
1186,369,239,235,252
820,442,48,47,51
639,457,196,199,220
441,251,80,74,92
631,160,47,46,50
233,56,183,188,203
680,364,42,43,49
1055,353,48,47,52
274,338,42,45,45
800,226,240,238,255
6,416,50,49,52
1128,438,226,224,241
67,314,33,32,35
767,315,46,46,49
46,200,71,69,68
728,417,45,44,47
475,146,41,45,46
768,132,46,46,50
713,268,45,48,51
1109,49,234,232,249
246,140,35,28,31
345,262,208,208,233
939,256,49,46,52
839,284,46,47,49
941,14,147,112,95
801,254,242,240,255
578,336,43,43,47
816,37,51,51,53
752,138,45,47,49
336,483,138,134,144
109,48,92,86,104
662,462,80,65,51
989,446,70,63,73
230,32,40,31,32
1007,240,48,50,55
474,237,99,102,124
1098,189,247,243,255
946,3,124,83,67
960,11,108,79,62
122,423,51,48,52
619,158,43,45,47
66,478,62,55,51
272,16,57,50,65
605,403,43,44,45
500,230,72,64,88
492,335,43,42,46
1138,16,231,229,245
