x,y,R,G,B
157,129,130,133,149
428,92,41,38,43
1098,327,241,239,255
224,267,203,201,217
214,460,45,48,50
418,228,224,226,248
946,292,47,46,51
721,192,241,240,255
537,231,62,53,60
71,355,37,37,42
325,40,41,35,38
353,58,31,20,23
131,452,52,47,50
644,34,44,45,49
456,355,20,21,19
139,104,177,166,189
611,186,234,232,255
317,404,43,42,48
582,276,49,46,48
495,100,44,43,45
919,413,48,43,50
468,278,69,68,75
679,476,111,81,60
674,19,52,50,51
827,8,93,90,84
73,88,150,24,35
88,203,188,188,214
1191,43,243,237,255
42,431,51,49,55
1035,29,102,80,64
471,197,229,228,251
148,473,47,47,48
83,102,154,25,32
942,37,99,74,61
1063,498,52,51,56
449,258,231,232,254
660,81,45,44,47
223,204,185,179,199
1166,14,234,235,253
1176,117,239,236,253
90,31,116,107,117
897,462,46,48,51
448,136,42,41,45
779,59,47,46,52
437,422,105,107,128
1079,365,56,57,65
131,148,164,174,189
122,5,119,109,124
222,357,42,43,44
732,428,42,48,48
511,214,218,216,239
145,245,204,201,223
702,167,49,47,54
74,449,46,47,50
284,127,32,29,30
300,372,42,44,46
1163,345,240,235,253
130,374,42,44,46
732,24,50,49,51
1084,271,51,52,58
845,291,42,47,48
207,248,199,197,215
705,338,46,46,47
928,277,47,49,51
1016,283,47,48,51
1142,445,229,228,243
178,77,52,36,47
1144,176,232,232,246
629,242,48,50,51
500,466,164,158,170
503,213,215,211,230
602,280,46,44,48
322,472,120,116,125
1041,46,113,102,85
47,436,47,46,50
850,214,52,53,58
393,391,43,41,46
592,226,237,234,255
404,410,46,44,47
185,247,201,200,221
1083,166,56,54,59
124,426,49,51,51
291,327,40,44,44
190,412,43,44,48
269,356,47,42,47
488,321,47,44,48
473,312,54,54,58
109,321,33,32,35
647,13,53,50,51
565,495,172,165,171
259,256,194,191,214
212,96,153,156,172
937,162,49,47,52
206,326,41,42,45
417,448,129,119,123
71,163,165,32,39
413,282,44,45,47
418,222,222,222,244
277,68,42,38,44
1141,412,233,227,246
664,241,48,48,51
685,176,49,48,56
419,349,40,42,47
717,179,47,48,52
547,423,42,42,46
351,56,35,23,25
125,241,55,45,55
665,228,238,237,255
330,36,36,29,34
1084,183,249,250,255
1173,352,242,236,252
974,63,88,74,62
204,207,191,186,206
648,448,182,194,206
638,361,48,43,50
851,366,44,46,47
1006,210,45,49,52
900,191,46,46,50
778,469,165,161,171
923,482,48,49,51
1113,131,233,230,250
859,233,239,239,255
695,191,240,237,255
354,175,191,191,210
1021,100,45,50,53
742,92,48,44,48
715,149,44,45,48
1017,193,46,49,52
463,2,65,51,39
1058,89,62,59,61
622,77,44,45,47
70,142,168,80,85
903,485,95,84,51
1190,466,234,236,249
1055,315,46,50,53
509,441,161,161,176
928,286,50,48,53
523,408,39,41,43
227,382,43,43,49
378,458,121,111,104
189,228,187,186,204
59,485,85,78,68
517,326,41,43,46
838,316,47,44,51
161,299,39,38,41
313,444,64,61,54
901,33,92,82,76
466,40,61,52,44
800,40,47,49,53
548,405,43,43,45
263,65,46,48,54
456,367,23,24,24
836,332,45,46,51
770,295,43,45,51
355,332,47,44,45
1065,308,235,237,255
664,415,40,43,46
955,19,106,76,60
1024,173,51,46,55
47,17,65,61,65
1156,330,240,235,253
868,350,44,45,49
1088,307,101,87,90
983,112,50,49,53
14,448,48,50,51
299,140,33,30,33
894,250,239,240,255
1108,200,241,237,255
997,476,48,47,51
930,304,43,47,48
224,436,47,46,49
957,172,44,48,50
100,427,49,49,50
551,72,42,44,47
1181,362,238,238,252
355,425,43,43,45
819,402,46,45,48
795,38,47,51,54
100,314,37,32,35
920,144,46,48,50
296,476,122,115,89
88,382,42,42,45
839,189,48,48,51
172,453,51,51,52
380,96,29,33,34
399,444,195,199,218
875,261,240,239,255
137,117,196,182,204
1052,151,50,48,55
505,99,22,19,26
605,223,214,222,241
827,165,45,45,50
193,391,43,43,46
128,441,47,48,49
310,439,72,71,53
1067,472,52,53,57
923,326,45,49,51
183,446,112,111,112
263,195,151,150,162
688,229,241,237,255
67,474,53,55,50
569,319,41,45,44
608,207,72,61,60
808,342,47,45,47
470,439,177,181,199
188,340,39,42,42
690,419,44,44,48
586,61,44,43,47
479,479,98,98,79
658,268,48,43,50
183,289,44,39,42
1171,388,236,235,248
1042,49,115,107,97
392,361,40,46,46
11,497,71,64,58
689,216,239,238,255
656,462,67,58,57
654,213,236,236,255
284,81,34,30,31
969,369,46,46,51
810,2,59,58,56
231,161,186,183,202
638,222,104,87,83
516,167,47,46,49
640,321,44,46,48
1160,59,237,235,252
815,412,60,47,53
697,264,47,43,49
601,448,162,171,191
1075,337,51,50,55
1142,60,231,230,246
1048,410,47,48,53
647,67,42,44,48
1032,239,44,49,48
96,235,208,208,228
1101,52,237,235,253
251,130,36,27,30
687,285,49,47,50
693,221,238,237,255
973,77,59,57,57
517,257,224,223,246
1031,141,47,49,52
94,129,159,26,36
112,251,214,215,238
391,379,43,42,47
112,22,41,30,39
829,323,47,45,55
791,106,44,48,51
641,54,46,46,50
315,236,60,51,57
195,498,49,45,49
576,197,133,132,116
407,493,87,82,73
704,286,41,44,48
1036,201,50,48,52
590,154,45,46,47
458,492,122,119,85
778,52,45,47,53
969,411,48,45,51
271,4,204,189,210
603,351,43,44,46
173,121,110,110,130
1021,357,46,48,52
630,366,43,43,46
958,183,44,48,52
990,142,48,50,51
1070,242,53,50,54
444,417,10,14,15
36,469,47,48,51
232,52,208,203,219
702,125,46,45,51
559,423,41,41,44
67,59,180,179,194
509,176,52,51,56
133,61,155,138,160
283,311,43,42,44
1001,118,49,49,53
1123,101,230,227,241
403,424,45,43,44
41,332,37,37,42
972,76,65,57,57
880,443,49,46,51
483,54,42,41,43
983,181,49,48,51
60,355,42,40,42
1192,173,243,238,254
872,496,112,105,61
361,108,34,31,32
569,27,46,47,51
237,114,38,32,36
571,120,45,43,47
269,495,95,80,60
366,25,36,28,27
42,76,101,92,93
358,107,32,28,32
75,398,46,43,45
566,385,41,43,45
495,150,20,22,28
188,275,212,210,231
317,369,45,45,48
458,242,104,107,100
262,0,190,178,204
819,421,47,45,50
689,491,119,91,63
922,294,47,45,50
351,13,44,37,36
188,192,191,187,207
1101,121,239,237,255
911,251,240,236,255
685,236,237,236,255
165,456,50,51,52
841,368,46,44,49
961,85,47,49,52
674,420,40,42,45
323,126,31,28,29
1092,322,243,240,255
157,254,208,206,229
1149,54,233,233,247
768,163,46,48,51
915,188,44,46,52
464,385,48,48,51
1026,381,45,47,53
509,406,42,43,44
321,108,31,27,30
1129,168,232,228,245
769,442,45,47,51
1094,441,238,237,255
488,424,44,43,46
862,302,49,47,50
595,106,43,46,47
436,456,21,21,23
805,384,44,47,48
1002,136,45,49,51
671,183,239,237,255
282,60,43,42,45
865,318,48,48,52
1193,0,238,234,254
839,23,86,86,80
385,397,39,42,45
520,325,44,42,45
730,250,237,236,255
388,131,41,38,42
249,66,47,46,50
750,398,49,47,50
971,448,52,51,51
870,10,96,94,89
1042,125,47,49,51
328,445,71,71,57
365,140,39,37,39
530,492,123,117,98
738,31,46,51,51
431,297,46,46,46
1160,438,234,234,246
576,35,44,45,47
543,95,44,44,47
909,376,45,45,47
516,128,45,46,50
639,337,49,45,50
156,403,44,44,46
1134,298,230,226,243
1070,15,104,81,65
638,157,44,46,47
1111,474,233,231,246
555,208,226,225,248
745,216,239,242,255
973,351,47,47,52
887,399,45,45,48
99,51,29,32,33
5,38,225,223,246
495,310,46,46,49
1118,369,234,232,246
1105,352,240,238,255
994,116,48,48,52
743,227,237,237,255
1058,183,49,48,55
767,321,43,45,50
381,418,44,44,47
744,15,51,49,55
479,296,54,55,59
913,428,95,92,68
994,421,49,48,51
1020,270,44,46,51
1008,288,46,45,51
451,155,44,44,47
698,403,46,47,50
472,374,45,44,47
819,463,50,49,49
529,345,42,44,44
532,5,73,59,41
1090,343,248,247,255
912,282,45,46,52
560,266,229,229,255
1005,231,48,48,51
212,42,196,183,207
178,36,164,92,115
7,9,226,225,247
31,217,30,31,30
1091,193,250,247,255
31,98,33,29,31
669,265,40,46,48
1079,171,54,52,60
764,324,45,45,49
450,457,161,155,168
286,382,43,44,45
795,416,51,47,58
337,193,192,193,215
1003,52,104,78,63
956,245,46,46,50
488,53,44,43,43
526,12,65,42,31
739,198,239,236,255
79,346,40,37,40
680,476,109,83,60
781,312,45,45,49
351,80,27,25,24
783,479,155,153,164
1178,131,240,235,255
116,186,199,199,225
160,229,195,195,211
952,1,115,85,65
371,281,44,44,46
1166,413,233,235,249
454,140,43,43,44
471,81,39,42,45
1159,245,235,235,252
38,67,109,101,109
719,499,155,147,162
1049,387,50,48,55
7,77,115,104,116
300,401,42,42,47
769,36,46,49,51
142,140,142,144,161
1044,443,48,48,53
833,181,44,46,49
54,412,42,44,48
408,372,43,44,46
825,233,238,238,249
200,206,187,183,202
492,390,41,42,45
951,127,49,46,53
131,257,216,213,234
937,446,96,84,55
1120,410,233,229,247
21,386,47,43,49
936,155,44,48,49
1101,470,234,234,250
905,419,47,47,49
843,239,63,61,68
767,106,42,46,46
996,191,44,47,51
1097,132,244,237,255
965,183,45,48,51
251,488,68,61,50
1192,295,236,234,249
745,63,47,45,51
738,75,46,43,50
438,445,21,19,23
80,151,160,29,38
280,296,43,43,43
711,170,47,47,50
347,475,66,63,57
387,318,44,43,47
1196,357,239,237,255
703,412,43,46,46
448,341,42,46,50
137,82,162,150,174
501,161,48,45,46
465,214,121,114,116
240,406,44,45,45
938,472,47,48,50
3,314,42,39,44
265,232,117,117,115
723,410,46,43,47
84,245,217,217,241
752,286,47,44,48
538,170,47,46,49
61,469,45,44,48
780,361,45,46,48
900,81,49,47,52
930,462,50,47,50
37,198,83,89,84
119,449,48,47,50
385,375,42,43,44
1045,104,52,49,54
48,177,173,34,38
637,187,238,236,255
117,55,155,138,155
410,452,78,72,63
726,392,43,43,52
162,136,174,163,192
970,409,45,46,50
239,22,193,183,206
47,352,40,38,40
805,283,49,48,53
760,456,49,48,50
778,173,46,48,48
359,472,64,58,56
1107,92,238,231,252
772,234,239,237,255
436,169,42,44,49
331,195,192,192,211
597,177,50,48,56
20,153,166,28,38
552,340,46,43,47
324,9,53,47,51
220,214,187,186,202
139,85,147,132,155
7,114,145,22,29
461,355,41,38,43
1189,335,240,237,251
978,361,44,47,48
588,284,42,48,48
509,371,44,42,47
511,225,223,220,242
17,364,45,43,46
142,138,116,122,137
460,76,40,43,44
494,388,46,41,44
480,465,173,176,194
714,121,50,48,48
1141,475,230,229,244
577,170,46,48,50
42,67,114,109,114
1166,119,238,235,251
617,46,47,45,49
363,361,42,42,45
64,254,40,29,35
1142,476,234,227,245
91,492,45,46,49
406,354,40,45,47
329,161,36,36,40
1164,475,232,232,247
905,106,46,48,52
836,344,46,46,48
911,419,46,49,50
1113,46,230,231,250
982,486,46,50,51
339,254,208,208,230
1029,390,46,47,52
881,293,48,46,50
706,28,72,56,52
1143,95,233,232,247
670,348,43,45,49
478,7,60,47,42
606,76,46,47,46
928,300,45,46,51
332,365,40,43,44
6,188,107,103,106
441,54,36,35,39
1170,170,238,236,252
636,299,43,44,51
713,24,59,56,52
683,142,42,46,50
557,361,39,40,44
383,185,201,200,221
641,376,46,44,48
865,446,48,48,52
774,471,165,161,170
241,96,39,41,46
501,73,49,49,53
455,95,41,42,44
1192,420,240,238,253
467,425,45,46,51
202,279,210,206,228
668,423,41,44,44
1169,319,240,236,252
990,137,49,48,52
737,390,46,45,47
241,17,185,173,199
795,69,50,47,49
587,241,237,234,255
88,155,132,34,40
234,275,207,204,228
929,7,242,239,255
1151,444,231,231,248
719,233,239,237,255
590,398,42,41,44
752,248,240,239,255
903,319,44,44,52
392,37,38,32,31
143,85,148,133,155
169,395,45,42,47
1020,418,50,47,53
936,12,234,226,220
804,258,243,242,255
347,489,71,66,57
521,400,39,42,46
243,101,38,36,44
600,180,50,51,55
1010,224,50,48,52
1133,302,232,230,246
23,402,46,48,47
275,356,40,45,43
119,377,38,42,41
724,461,145,137,147
306,199,192,188,209
923,52,96,93,90
359,460,64,54,54
662,291,44,44,44
113,78,147,127,150
575,398,42,44,45
1042,358,48,49,51
660,169,50,50,54
93,478,50,46,52
864,272,51,50,50
935,269,47,47,51
779,2,50,48,51
1092,214,251,252,240
1086,206,56,57,59
124,213,202,203,225
1085,42,59,60,63
48,189,132,60,61
623,77,46,46,48
939,469,45,48,49
640,33,45,47,51
1009,479,48,48,51
378,412,42,43,48
1156,35,237,234,251
752,200,68,60,69
557,236,231,230,255
697,414,41,42,43
837,340,47,50,51
1177,334,236,234,251
1129,289,227,226,241
53,484,58,51,48
61,307,35,32,35
714,306,42,45,47
170,360,40,42,44
948,64,108,103,100
543,2,84,73,57
374,377,42,42,44
180,3,154,30,42
582,130,46,44,47
696,134,48,46,48
475,482,134,136,129
239,113,34,30,32
552,286,38,45,47
19,85,119,110,120
688,126,44,48,47
980,155,49,49,50
476,9,53,45,41
453,353,70,68,75
661,339,45,43,48
399,441,200,206,226
858,227,240,239,255
1040,244,46,48,51
597,189,233,231,255
627,34,46,45,48
633,119,45,44,49
446,29,52,40,41
121,208,209,208,233
1177,340,237,235,250
1106,139,239,237,253
161,99,204,190,214
791,326,48,45,48
647,305,45,45,47
119,77,146,129,151
785,466,62,58,57
53,261,35,28,31
561,315,44,44,47
328,226,169,169,195
626,94,46,43,49
58,367,43,43,44
525,295,41,42,47
119,142,36,28,31
474,224,154,155,166
803,296,50,47,51
26,385,47,44,50
384,191,202,203,224
612,313,44,44,48
637,259,44,44,48
139,20,188,189,209
857,90,47,47,51
1188,353,236,235,253
836,295,46,47,51
1103,117,238,234,253
550,90,44,43,46
153,419,45,45,46
241,467,84,78,57
916,478,50,49,53
28,371,46,43,45
563,469,144,138,139
682,433,43,43,49
573,323,43,43,45
225,14,171,161,182
1195,339,236,236,253
159,220,197,192,213
728,231,73,51,77
733,107,50,46,51
742,259,238,235,255
896,69,50,51,54
988,106,47,46,51
117,331,34,34,34
787,61,47,48,51
967,61,58,53,54
1118,72,229,228,242
407,315,41,45,44
262,167,190,186,206
952,233,41,47,52
435,250,231,228,252
195,221,190,187,207
202,351,47,44,46
1040,34,105,87,65
1170,369,233,234,251
562,403,42,43,46
403,317,44,44,49
934,351,49,48,51
385,42,33,25,27
1123,326,226,227,245
702,352,44,45,51
1139,365,229,229,245
636,15,47,49,51
22,430,49,49,52
716,206,239,237,255
572,68,44,44,49
667,1,47,50,52
696,318,45,47,46
350,7,45,38,38
395,74,33,29,33
780,78,48,46,51
467,22,97,68,51
1148,339,235,232,247
1127,99,229,225,242
583,148,43,47,49
575,356,42,46,46
697,41,47,47,52
18,174,115,106,106
938,137,44,48,49
590,93,44,47,49
846,318,49,46,50
720,484,152,147,162
318,11,56,55,57
42,353,43,40,45
969,390,49,47,49
611,315,44,45,47
961,188,52,46,52
1173,429,236,236,249
897,351,44,45,50
941,112,48,48,53
374,210,202,202,223
1081,350,250,248,255
356,154,39,38,39
320,477,113,111,117
359,431,89,83,57
118,333,36,33,36
320,57,32,26,26
670,466,96,74,56
196,476,46,46,47
966,460,48,48,51
855,170,48,49,50
654,433,44,42,48
386,22,66,50,39
608,237,233,234,255
636,340,42,43,45
517,252,223,222,244
316,451,81,72,52
671,73,45,45,48
404,213,210,209,234
657,475,91,66,55
758,268,53,50,54
1159,216,235,234,249
1044,454,49,49,53
794,292,49,48,52
790,375,49,47,47
781,291,48,47,52
490,46,41,42,44
113,409,44,44,47
1070,230,52,54,56
1002,208,48,50,53
294,416,42,44,47
459,119,44,42,46
1178,80,239,236,254
1160,389,234,232,247
443,305,45,45,49
444,398,69,74,91
681,190,241,238,255
728,476,155,149,163
937,337,44,46,48
846,412,47,49,51
436,483,89,79,72
736,223,234,235,254
727,344,46,46,49
381,433,161,158,158
212,441,47,48,49
1183,167,240,235,253
644,176,237,240,255
393,160,38,41,46
1103,159,241,239,255
777,345,47,47,50
144,158,140,137,158
404,301,45,46,44
1132,167,231,228,244
745,98,49,46,50
1056,284,52,55,59
64,260,37,31,32
920,29,92,72,61
642,399,44,47,47
91,363,40,39,39
756,365,50,45,51
72,224,159,166,186
804,269,235,233,254
578,37,44,44,47
645,238,52,47,53
855,348,49,47,50
453,236,228,226,247
453,493,161,162,168
248,144,31,27,27
392,190,207,205,227
919,124,48,50,53
1186,164,240,236,252
546,31,44,43,47
668,483,107,80,58
949,419,43,45,50
341,344,45,42,49
1165,360,236,235,252
109,280,65,56,69
921,472,48,49,52
483,295,49,48,52
626,410,38,41,45
910,206,43,48,50
375,302,43,47,45
309,263,202,204,225
1188,294,239,235,251
162,357,43,40,46
899,309,42,46,49
1013,373,43,47,52
798,151,47,47,51
285,319,45,44,46
502,156,43,42,45
230,172,187,183,202
122,489,47,46,47
388,148,40,42,41
1083,25,188,189,219
389,431,49,47,51
287,464,98,96,67
564,362,42,43,48
878,397,43,47,51
118,149,201,191,211
322,166,41,36,41
48,316,41,34,37
53,112,151,23,37
486,345,42,44,46
398,47,33,28,27
87,361,40,39,40
681,476,110,85,61
993,135,44,47,51
753,8,51,51,53
64,253,37,28,34
803,164,44,47,51
1142,195,232,230,245
1078,491,59,56,61
235,20,177,168,190
390,284,42,45,47
43,266,27,27,23
736,346,42,43,47
1084,337,52,56,56
611,194,234,232,255
834,380,45,47,51
1054,347,51,49,52
320,299,44,42,44
362,221,206,203,224
1127,167,227,229,244
383,310,44,45,47
160,381,43,43,47
547,13,72,61,51
693,306,44,43,47
654,330,44,46,48
611,253,197,197,230
648,159,46,46,49
91,48,26,26,27
660,497,106,79,59
1075,52,74,66,63
677,153,44,45,49
623,496,108,100,93
129,358,38,40,41
1190,6,239,234,253
786,219,241,239,255
213,388,44,43,47
1061,219,45,48,54
838,360,47,47,49
143,113,38,25,30
944,268,46,47,50
1098,54,241,235,255
845,405,43,45,50
1076,212,238,244,236
1091,290,243,242,255
1016,312,46,47,54
650,82,45,46,49
147,87,152,138,158
35,438,53,46,52
956,207,47,47,51
931,475,49,50,51
472,277,19,24,24
274,398,42,44,45
524,12,62,45,40
946,50,77,60,57
1010,219,49,48,52
1024,198,47,48,55
1196,67,240,235,253
1021,47,102,79,63
142,478,46,46,49
1047,363,44,48,50
624,136,45,46,47
106,398,43,43,48
1068,363,51,50,54
669,161,46,46,50
266,183,186,183,204
1168,369,237,234,251
187,419,45,44,45
261,255,196,194,217
474,177,45,45,47
808,83,46,46,51
449,109,42,40,44
950,53,70,61,55
434,170,43,45,49
139,321,35,35,37
529,429,47,43,48
891,244,240,238,255
251,35,191,185,199
608,89,45,44,49
680,358,42,44,48
281,430,71,70,52
185,383,44,45,45
416,318,45,43,48
823,4,85,85,79
436,345,41,44,46
447,340,44,45,50
1023,441,48,47,52
986,192,47,47,49
176,152,34,35,43
1078,129,183,187,188
207,344,42,43,47
668,192,236,236,255
466,469,183,184,205
92,339,39,34,37
938,315,44,44,52
672,216,113,88,139
913,199,48,48,52
164,192,110,97,127
590,172,41,47,51
858,28,95,93,88
88,420,60,61,54
131,12,187,187,208
1083,42,59,58,63
233,488,57,53,52
921,54,87,84,75
154,261,211,208,232
1099,238,240,235,255
503,37,89,66,50
5,264,30,29,30
37,61,106,100,110
1147,112,233,231,247
532,332,44,41,45
45,234,34,30,32
882,337,44,46,49
536,207,90,86,114
966,12,105,76,62
927,14,137,91,68
1085,39,160,160,167
605,485,190,190,203
1132,326,231,228,245
640,103,45,47,48
381,490,131,126,118
868,251,235,236,255
313,254,204,201,224
980,50,87,67,57
1079,266,56,51,57
820,408,50,49,52
261,211,187,185,204
1044,215,48,50,52
1024,60,158,145,117
209,461,47,45,47
947,15,117,80,65
400,239,55,56,59
1027,425,46,47,52
386,475,60,54,50
789,271,236,241,255
678,235,238,239,255
291,74,33,29,32
972,53,77,63,57
1089,38,243,239,255
847,441,45,49,51
1023,497,50,48,53
304,466,130,123,95
131,430,47,46,48
86,192,132,132,152
154,110,32,28,29
88,13,109,99,110
374,286,44,43,49
1088,253,247,247,255
706,217,77,60,69
269,207,109,104,116
136,45,128,111,130
415,104,38,37,42
1126,127,231,226,246
1128,183,230,227,244
745,128,43,48,50
1007,85,89,79,68
613,259,50,47,51
1071,386,117,102,64
231,258,200,198,219
1160,354,237,234,250
588,44,46,46,48
862,336,46,46,51
970,286,44,47,48
809,51,52,50,53
354,47,31,25,29
752,11,51,50,52
15,213,30,31,31
12,283,37,32,34
1153,16,237,233,249
602,173,44,45,49
757,97,47,47,49
835,407,48,46,50
602,404,42,43,45
10,105,138,18,35
457,153,41,44,44
974,309,44,45,51
1166,130,239,238,254
381,196,202,203,225
702,362,45,45,46
791,5,56,50,55
169,157,35,36,44
441,306,43,45,48
161,370,38,43,46
62,480,54,50,51
200,492,44,47,47
998,201,46,48,51
370,181,198,198,218
432,249,207,213,214
166,286,35,36,41
660,281,47,43,47
825,318,47,47,48
790,84,46,46,49
1147,217,236,232,248
1028,106,50,47,54
236,379,43,43,48
702,51,46,47,51
709,219,235,235,255
66,437,51,48,50
15,271,35,30,32
1064,46,111,107,113
217,430,46,44,49
884,109,50,47,52
1,99,133,17,28
599,172,44,45,52
605,294,43,45,45
600,242,235,235,255
108,51,154,137,159
38,148,163,28,36
310,324,43,41,45
55,245,33,28,29
959,140,44,47,51
841,217,242,240,254
959,362,43,48,51
1118,184,231,231,249
44,21,62,62,64
58,286,34,29,32
672,430,43,42,48
146,75,165,149,172
256,33,182,183,205
1074,310,75,62,61
971,113,45,48,51
334,15,39,37,39
978,258,40,48,51
123,300,33,30,31
1177,160,236,235,252
332,98,29,26,31
210,347,44,41,47
620,304,41,44,47
1185,53,240,236,255
926,147,47,47,52
1111,193,238,234,253
841,310,44,46,49
996,62,92,76,63
15,292,37,35,36
48,284,33,30,35
520,131,41,45,48
971,315,46,48,49
864,282,45,46,49
308,342,44,43,44
408,79,33,35,36
625,223,238,236,255
6,103,135,20,29
1123,8,230,228,243
498,223,210,212,232
1190,57,238,237,253
650,38,44,46,49
17,442,51,51,54
999,8,129,96,73
130,322,41,31,40
608,111,43,43,46
756,482,163,155,148
163,340,41,39,43
248,141,33,28,31
207,103,80,76,91
968,131,49,47,53
777,487,161,159,171
340,145,31,34,37
961,340,46,47,53
336,333,49,41,46
606,112,43,44,47
1173,63,237,236,251
297,261,203,203,223
647,278,45,46,46
1100,441,231,231,251
635,103,44,46,49
906,135,46,47,51
398,315,43,45,47
612,456,184,187,204
716,125,49,45,49
1144,26,231,232,247
1069,2,101,80,64
980,282,44,48,49
114,285,35,34,38
159,154,49,49,55
433,298,48,46,49
498,5,100,81,63
89,455,48,47,50
411,242,77,72,89
28,386,46,45,48
957,352,44,47,48
363,424,43,41,44
583,22,48,48,50
1144,383,232,230,244
293,3,120,119,138
1189,133,239,236,253
233,347,42,44,46
541,36,43,41,47
630,113,46,44,47
947,175,42,47,48
1129,363,230,229,248
824,319,44,46,47
266,184,187,185,202
582,94,44,43,49
152,490,50,46,48
22,422,53,51,51
346,29,41,32,32
1107,212,238,237,255
1168,449,236,236,249
229,269,203,200,224
886,468,50,46,50
46,497,77,67,63
192,367,46,42,49
124,50,154,132,152
248,448,60,60,52
881,409,45,45,50
1162,54,239,237,253
972,192,47,48,52
864,448,50,47,51
79,415,55,53,47
755,183,45,47,52
342,304,42,43,44
32,457,52,50,52
275,306,42,42,47
1026,140,48,50,53
1143,453,230,228,244
1093,374,245,242,255
197,496,46,47,50
303,442,64,63,50
477,355,42,43,45
410,373,45,42,46
1003,259,46,48,52
307,296,41,44,45
1030,267,48,50,50
944,34,95,74,60
568,31,44,44,47
649,451,151,158,201
559,215,229,224,252
339,275,45,45,45
675,494,108,81,59
944,471,46,47,49
290,488,49,47,48
1055,465,50,50,54
971,426,47,45,51
454,48,40,36,41
529,102,44,42,48
1158,54,236,236,251
315,291,45,45,46
52,251,37,30,29
14,460,50,51,51
729,485,149,147,159
63,366,42,40,42
57,282,35,32,34
609,166,44,45,47
94,257,217,213,238
731,480,154,147,162
396,439,203,207,229
1066,108,48,52,57
270,140,29,27,27
963,159,46,47,52
848,92,47,47,52
1157,79,233,233,250
323,459,85,78,60
129,256,216,212,237
196,271,210,204,228
637,277,46,46,47
353,40,40,30,27
448,359,49,53,55
1025,455,47,48,52
691,0,50,50,47
784,97,49,46,51
709,274,45,45,47
365,372,43,44,45
638,274,44,45,48
1036,180,49,49,55
292,147,34,27,29
562,202,67,64,82
352,41,41,31,32
503,439,171,172,191
215,376,41,43,50
510,267,108,115,138
1108,104,235,232,247
1056,234,47,50,54
1164,76,236,235,252
550,198,103,94,132
1158,120,237,235,249
486,470,149,156,172
404,83,36,32,35
227,288,48,44,49
935,451,70,78,139
299,69,33,29,30
327,151,33,32,35
723,206,240,238,255
730,331,47,45,48
499,176,53,51,56
1143,313,233,229,245
479,352,46,46,45
309,416,43,43,49
834,194,45,47,52
433,148,42,41,45
838,76,48,47,53
923,437,50,50,54
996,209,47,48,53
972,397,47,48,51
998,346,49,46,51
1149,491,231,229,242
1033,321,46,47,50
593,228,233,234,255
914,495,177,162,124
308,138,32,26,32
820,103,46,48,50
696,446,44,43,49
1035,441,46,49,50
765,387,42,48,48
541,468,154,154,170
430,372,40,43,45
761,317,43,43,50
492,203,80,64,75
1100,19,238,238,255
1103,355,239,238,255
695,203,239,237,255
136,206,200,197,219
881,1,73,68,60
1077,168,53,52,57
467,455,182,187,205
778,299,43,46,49
1005,202,46,48,51
104,336,37,35,38
988,287,49,45,50
576,275,50,50,53
473,355,49,46,48
387,312,42,44,49
607,482,183,178,185
380,297,44,45,48
661,1,51,49,51
185,451,50,49,52
767,297,45,46,50
1001,381,44,48,50
494,206,201,200,215
394,352,42,43,45
690,133,45,46,50
1041,398,45,47,51
140,186,208,208,233
779,328,45,44,51
89,29,109,103,112
388,170,43,43,48
809,133,46,46,51
512,328,42,43,46
1002,431,50,47,50
470,243,211,211,233
651,10,48,48,52
819,77,51,47,50
823,260,184,186,218
498,8,91,68,50
499,40,89,66,51
520,197,222,219,242
837,107,49,48,51
292,144,37,27,34
1026,437,51,49,54
905,371,47,45,50
653,336,40,45,47
1154,347,239,235,248
689,436,41,44,45
932,49,115,112,106
784,275,239,237,255
663,115,44,46,49
185,454,44,47,51
204,432,46,48,49
1174,455,237,234,252
866,173,47,47,49
838,109,46,48,51
103,349,31,36,37
462,221,192,194,196
1184,68,240,236,253
183,16,156,29,41
502,253,220,218,241
630,475,188,187,200
613,480,178,175,182
584,99,46,44,44
3,123,156,19,32
211,57,42,32,34
437,290,46,42,47
1003,457,47,47,50
1185,302,241,239,255
389,394,45,44,46
419,116,39,41,41
1053,303,57,53,59
1053,329,49,48,51
860,293,47,45,49
267,408,41,43,47
176,441,50,49,50
443,495,177,179,195
269,62,45,49,56
330,243,206,208,229
361,475,80,70,62
1160,265,236,235,251
717,417,46,46,47
190,490,46,47,49
398,475,49,52,52
905,309,47,47,50
1045,316,47,49,51
668,456,87,67,51
656,298,45,47,48
670,222,105,87,135
1129,307,226,224,241
592,438,42,45,48
953,481,45,48,50
1122,415,229,230,247
999,145,49,47,51
1125,484,227,225,241
980,255,47,48,52
375,480,80,77,65
104,175,150,150,172
520,388,44,41,45
584,488,156,153,156
560,75,43,42,46
191,416,45,46,49
867,304,45,48,50
1102,196,239,239,255
272,33,184,189,205
1107,175,240,237,255
65,206,48,48,53
511,261,221,221,244
1057,160,52,51,54
8,120,153,26,37
114,99,158,27,39
455,37,55,45,42
190,322,38,40,45
468,11,120,95,72
954,171,49,49,50
1042,198,47,49,53
1110,335,235,232,251
948,276,45,47,52
1162,489,235,232,248
1028,91,52,50,54
977,109,49,48,51
921,415,46,45,46
126,244,206,202,222
282,272,46,43,46
1077,88,154,146,109
625,77,45,44,48
745,168,46,49,51
846,223,238,237,255
276,259,200,197,219
1111,85,232,229,247
1135,203,230,227,244
1190,34,239,236,253
214,114,33,34,42
245,367,46,44,48
1106,43,236,235,252
1177,406,236,234,250
337,286,43,42,48
17,184,77,71,74
503,57,44,42,45
579,158,44,44,50
375,320,42,44,48
699,187,240,236,255
225,168,186,181,202
887,129,46,48,51
476,49,40,38,44
713,384,47,45,49
220,426,45,48,50
833,72,47,50,52
35,140,162,29,38
772,230,237,238,255
267,147,34,26,31
107,207,221,224,252
364,2,44,34,30
326,209,194,193,212
127,221,197,194,215
425,391,43,42,47
533,53,42,43,48
82,478,84,74,72
378,452,199,195,210
832,159,46,47,51
1135,334,230,230,244
30,125,151,23,30
705,281,46,42,49
816,3,80,78,72
1059,430,50,51,54
538,4,83,70,50
1127,275,228,226,244
1052,380,50,51,54
1086,365,125,101,95
1030,202,47,48,52
991,237,50,50,52
407,16,38,28,33
820,383,46,45,48
684,274,45,44,49
131,161,237,237,255
490,288,48,45,49
333,291,44,42,48
138,80,159,146,167
612,413,46,43,46
262,326,42,44,43
878,201,47,48,51
863,419,56,54,56
758,89,42,47,48
401,131,39,40,42
593,40,46,45,46
492,348,42,41,45
109,215,212,209,235
198,4,158,28,38
599,333,42,44,49
1166,377,235,231,249
991,470,49,49,51
674,14,50,50,52
947,255,50,46,50
1009,427,49,47,51
1186,307,240,238,254
1175,98,239,235,254
624,348,44,43,46
421,263,225,225,248
766,138,45,45,50
169,346,40,39,46
986,48,99,72,61
593,337,42,44,46
127,35,141,126,147
1154,148,236,233,249
266,284,46,42,46
757,105,43,46,46
477,243,24,23,27
629,49,42,45,47
377,106,34,31,34
697,0,51,49,51
804,38,48,51,54
503,248,219,218,237
859,73,47,46,50
1008,427,48,47,51
512,218,220,215,233
592,46,42,44,47
648,376,43,45,47
1084,172,55,54,57
246,63,139,144,160
203,393,45,42,47
1011,56,102,80,64
829,209,51,52,54
767,188,48,46,51
7,109,142,21,28
908,209,47,48,50
430,168,42,45,47
951,132,48,48,51
1148,487,231,229,241
778,437,45,46,50
20,170,175,35,42
704,184,241,238,255
693,108,47,48,47
113,338,35,34,37
1149,92,235,231,248
1023,472,49,48,53
496,493,125,110,61
618,438,44,45,49
1045,313,46,48,52
128,299,38,34,35
79,188,43,36,38
1127,67,228,226,242
1046,333,46,48,53
1102,191,240,240,255
309,32,47,45,52
251,333,46,44,49
862,494,109,108,68
228,146,35,28,33
983,409,43,47,48
457,311,48,47,50
938,347,46,46,49
81,87,151,22,31
137,485,48,49,52
884,51,103,101,99
657,340,43,44,47
787,291,43,46,49
593,58,41,43,47
1082,152,252,247,255
683,126,46,45,49
218,111,35,36,40
751,43,50,50,52
241,415,43,46,46
406,310,40,43,46
461,245,230,229,254
706,286,44,44,48
676,123,45,46,50
550,344,42,43,45
438,13,39,32,30
501,397,40,42,44
1029,241,47,48,52
845,400,47,46,49
324,71,31,25,29
1085,458,219,211,253
846,308,45,48,50
316,84,33,25,29
136,489,51,52,52
695,481,122,103,76
113,399,42,43,49
913,89,48,46,49
207,413,44,46,44
68,471,57,52,52
544,361,39,42,46
895,387,44,43,47
38,58,111,102,112
1165,386,236,235,251
1134,289,231,229,243
863,488,142,133,87
357,316,45,44,47
255,464,99,85,62
379,290,38,45,45
919,191,47,48,49
419,286,46,44,47
745,423,42,46,47
908,157,42,48,51
265,124,31,27,28
719,12,62,56,56
443,367,44,45,48
414,424,44,45,46
1080,422,245,246,255
718,392,48,50,48
101,323,36,33,34
638,174,157,150,162
490,337,42,43,45
988,234,45,47,48
1087,169,60,60,62
192,264,204,203,225
573,456,117,113,116
557,494,126,117,101
801,487,158,152,171
140,229,163,160,182
1180,77,241,236,252
286,393,44,45,47
143,294,34,34,37
802,106,47,46,51
278,112,34,27,30
746,443,47,45,49
1031,343,47,48,50
230,35,35,29,34
100,450,50,49,46
381,125,38,36,39
28,14,228,224,247
227,368,43,43,44
474,275,33,35,33
959,348,47,48,49
1027,14,107,84,64
629,39,45,46,48
804,266,240,237,255
557,303,45,42,49
1085,229,60,61,62
716,116,48,45,50
668,140,45,46,49
290,250,196,198,219
563,125,42,44,47
696,26,49,50,54
934,93,49,47,50
204,455,47,47,49
295,365,43,43,45
665,285,44,45,48
347,399,45,45,45
441,8,33,29,31
675,270,45,46,47
460,300,53,51,55
52,254,35,28,31
1120,373,232,231,248
353,326,45,42,45
281,286,44,42,45
830,8,91,91,86
272,399,44,46,47
772,98,44,47,51
882,362,49,47,53
99,394,42,42,48
993,366,46,46,51
349,190,197,196,213
913,322,43,46,49
1048,170,51,50,55
479,257,187,184,194
723,349,43,44,47
78,318,32,32,32
402,260,228,227,247
809,6,57,53,56
1016,174,48,47,51
443,463,142,108,96
389,153,45,42,45
878,152,46,47,50
832,19,86,81,79
842,361,48,47,49
866,468,49,47,51
975,165,44,49,53
381,253,218,215,239
763,406,62,64,99
464,144,48,45,47
700,268,45,44,50
350,379,43,44,47
701,71,46,47,52
338,477,144,139,151
179,250,202,200,221
1075,57,102,78,67
397,317,45,44,46
1022,303,47,48,53
189,91,40,33,38
322,430,64,64,54
1172,85,236,235,251
48,18,62,61,66
852,212,49,49,54
910,447,173,174,158
1078,271,50,53,55
573,267,231,232,255
988,375,46,45,50
1056,109,48,50,53
791,393,48,44,52
641,459,190,197,216
561,489,130,123,105
554,35,44,44,47
950,279,40,48,50
1174,237,239,235,251
244,156,35,27,32
717,449,48,46,49
40,27,71,63,70
351,387,40,41,48
461,60,37,40,42
1001,104,46,48,54
666,189,237,236,255
9,63,27,24,28
911,437,46,46,50
7,18,99,89,112
61,160,167,30,36
409,77,33,32,35
1108,350,240,237,254
587,175,48,47,51
262,287,42,44,46
1068,307,64,48,110
776,55,46,47,49
1141,111,231,230,244
1000,362,46,45,50
674,242,51,51,52
331,385,43,43,45
774,85,48,47,48
684,319,43,46,48
544,112,45,45,47
1125,341,228,227,242
1165,481,233,233,247
980,287,47,46,49
1170,230,237,236,251
567,99,43,45,46
282,153,34,31,34
1085,221,252,251,255
411,237,61,54,60
1090,56,196,201,224
982,366,48,48,51
616,64,44,45,48
396,268,219,220,243
1045,470,47,48,53
59,20,62,62,67
690,361,44,44,47
5,277,36,30,31
497,443,172,174,189
56,252,28,31,31
540,118,44,45,45
841,51,74,64,57
643,410,44,43,46
582,173,46,47,53
444,104,38,41,45
1018,89,49,50,55
405,369,40,43,46
934,249,47,47,53
79,454,45,48,51
269,403,40,43,48
145,193,52,49,62
705,464,127,111,80
665,351,46,44,48
252,269,201,200,222
636,424,43,44,44
133,367,40,42,44
972,205,45,47,50
298,320,41,44,47
476,235,33,34,36
283,213,59,52,59
291,347,39,43,46
518,96,42,45,47
1,200,30,30,26
643,97,43,46,46
892,49,97,96,91
1015,368,45,48,48
706,373,43,43,48
195,68,204,193,206
1085,222,249,250,255
696,402,45,44,50
717,310,42,47,47
154,184,201,199,222
122,440,51,49,52
451,489,179,186,204
329,453,72,70,54
1179,439,237,233,249
1077,133,53,53,59
835,343,44,45,49
759,317,46,47,52
384,481,89,84,78
412,33,36,30,30
1060,154,49,48,54
591,335,41,42,44
777,343,44,46,48
878,4,100,90,86
289,239,193,189,210
260,458,100,92,60
948,151,50,47,52
378,377,40,45,45
152,281,209,209,232
603,220,206,199,237
823,223,243,238,255
317,262,205,205,224
577,261,233,234,255
616,314,41,45,46
784,31,52,49,53
336,119,29,29,32
376,429,45,43,43
768,486,164,159,174
295,251,201,195,216
894,59,102,99,99
406,143,41,43,42
249,335,42,44,45
635,66,46,44,45
80,24,112,107,115
695,459,123,99,63
267,13,37,30,31
960,242,47,47,52
309,447,64,60,53
676,188,235,235,255
539,350,41,41,44
697,72,44,47,48
334,30,40,33,38
8,110,144,21,31
725,257,238,235,255
1020,465,47,46,52
1087,206,60,61,62
486,418,44,43,46
516,119,48,45,49
668,180,231,231,254
366,382,42,43,47
433,260,234,229,252
114,158,193,187,210
1135,425,228,228,241
118,496,47,48,49
1088,258,254,254,254
837,472,50,50,52
1136,190,231,230,246
20,289,32,31,33
753,351,47,46,46
1054,454,46,50,54
982,123,50,48,52
1089,461,236,239,255
1000,111,47,47,51
1041,235,48,48,53
888,11,88,80,73
1153,372,233,234,249
203,253,198,197,219
1150,230,231,229,245
1115,138,233,229,247
213,360,43,43,46
592,202,161,157,169
185,187,185,183,202
1014,62,58,56,58
353,26,41,31,32
555,434,46,44,48
323,346,42,43,46
315,457,102,95,62
579,39,43,45,45
1166,120,237,234,252
118,272,217,215,238
524,447,140,135,147
1183,73,241,236,255
334,481,141,140,151
858,158,47,47,51
565,277,49,46,47
210,377,43,43,46
312,375,43,44,45
1131,424,229,227,245
209,157,35,29,27
1038,124,50,47,52
1076,88,84,77,66
333,274,41,45,46
822,151,49,47,51
709,51,47,45,49
210,92,186,189,208
99,65,130,112,133
1078,124,244,243,247
1135,207,228,229,246
152,13,170,162,178
958,100,48,46,50
138,140,97,93,107
192,279,209,210,231
376,199,200,203,221
971,31,96,74,59
815,333,46,46,49
774,233,241,244,255
600,203,219,226,233
1107,436,234,233,252
295,445,58,59,53
1,17,211,209,227
310,142,31,28,30
1060,165,52,50,55
327,372,41,43,48
477,133,45,43,46
219,420,45,43,47
956,399,43,45,50
278,375,44,41,48
234,369,41,44,47
111,232,195,192,212
181,322,39,42,44
235,275,209,206,230
301,105,31,23,27
803,261,240,238,255
905,80,46,46,53
577,178,57,50,54
1092,16,157,156,136
1021,121,47,47,51
183,468,53,51,50
836,64,46,47,55
89,72,151,90,102
427,191,217,217,239
693,308,44,47,45
706,468,137,120,98
551,307,44,41,46
941,281,45,45,50
740,207,242,240,255
1004,285,49,45,50
397,463,126,131,148
289,154,27,31,30
138,404,43,43,46
1073,268,53,51,53
273,497,97,85,61
115,376,37,43,43
362,169,46,43,47
676,383,45,45,47
1080,61,246,247,255
367,63,34,28,28
428,223,217,219,243
365,422,39,42,45
223,378,43,45,43
792,178,45,48,50
457,479,183,187,209
511,372,43,45,45
53,437,50,48,50
373,291,45,44,48
991,406,50,48,52
865,225,240,238,255
164,249,202,200,224
472,28,79,58,45
166,240,201,201,220
1022,265,50,47,51
610,202,122,117,160
889,468,50,48,51
1101,160,241,241,255
913,195,51,46,50
30,154,164,29,38
1190,347,238,236,251
1119,468,227,228,241
132,433,46,47,50
508,32,94,65,53
276,19,119,123,142
458,440,184,184,206
631,230,235,234,254
528,25,72,52,40
478,485,105,99,59
289,322,49,42,44
1034,192,46,49,54
20,330,37,39,43
730,12,50,49,53
880,372,50,46,51
653,168,48,46,49
229,199,180,182,200
487,240,198,194,213
150,480,47,47,53
1049,330,49,48,50
677,256,43,46,48
110,321,36,34,38
277,310,44,43,45
988,183,45,47,51
573,476,120,112,103
717,188,238,239,255
279,226,193,188,208
875,196,48,46,50
58,277,36,27,31
1045,73,79,69,61
205,130,34,35,38
586,220,235,236,255
834,374,43,45,48
306,445,64,60,51
338,490,128,122,140
33,392,45,43,48
102,208,225,225,253
123,128,44,33,32
1039,233,48,48,52
463,349,43,44,46
602,202,232,231,255
182,14,163,101,117
625,170,46,47,49
225,148,32,29,28
312,7,46,42,45
875,294,47,48,52
1036,416,46,46,53
12,145,165,29,38
1080,410,52,53,56
763,0,47,50,54
388,166,42,41,44
484,326,46,44,50
479,349,41,45,47
449,0,72,58,43
736,404,50,47,51
1142,113,232,230,247
217,305,45,44,48
552,493,132,127,109
76,445,46,49,52
967,153,49,48,53
436,17,47,41,33
129,340,36,34,38
405,356,45,44,47
804,315,44,47,48
276,272,43,45,44
295,316,46,42,46
812,103,47,48,50
930,326,44,46,47
538,305,44,43,46
873,341,46,48,52
383,436,196,201,221
655,431,43,45,46
758,340,47,47,50
942,188,48,46,50
1195,358,240,236,254
841,395,45,46,48
290,219,192,190,207
503,91,59,58,64
233,366,44,42,46
1177,429,237,235,248
91,125,164,45,52
492,58,41,42,46
723,449,45,46,50
154,197,113,105,127
802,72,47,47,49
422,37,35,30,32
997,36,122,95,70
1040,51,122,112,99
178,350,43,42,44
466,437,184,189,208
147,233,195,196,218
769,169,45,48,51
882,156,46,47,49
697,111,48,45,48
377,65,26,27,27
593,96,42,45,48
247,70,44,43,49
736,396,43,46,48
274,389,43,43,45
305,386,48,42,46
715,372,46,45,46
499,332,43,42,46
804,78,46,48,52
89,66,177,166,187
510,292,44,43,48
40,213,71,74,75
566,414,43,42,47
17,439,51,52,51
1129,343,231,228,244
732,236,238,237,254
752,19,50,49,54
981,104,48,48,53
457,339,32,34,39
52,373,44,43,45
1188,321,238,235,249
851,263,238,237,255
207,259,201,201,222
884,69,48,49,51
1165,76,236,234,252
148,413,44,44,49
601,446,184,194,218
943,148,45,49,50
800,110,46,47,50
553,116,43,43,48
815,281,46,49,54
372,291,47,44,48
721,317,47,45,50
958,98,48,48,51
1087,282,242,248,255
682,85,42,47,49
238,257,200,197,219
953,408,46,46,52
290,306,43,43,46
929,429,52,53,73
257,324,45,43,48
752,320,43,44,48
975,153,43,47,52
899,378,49,47,49
634,293,44,44,47
561,115,43,43,45
101,438,45,47,50
947,172,47,46,52
44,359,43,42,46
1159,313,235,232,249
203,312,43,43,44
824,432,48,47,48
237,496,76,70,55
161,363,44,42,45
754,56,46,47,50
1004,72,63,57,59
1189,304,240,235,252
1162,241,236,236,251
1023,232,47,51,53
85,255,217,214,237
237,77,45,48,55
521,136,42,46,46
829,324,46,46,51
88,273,35,34,39
399,162,46,42,47
1078,48,63,60,61
1056,226,50,51,51
297,193,187,184,206
1166,181,238,236,251
720,26,64,55,58
1039,146,48,50,52
1127,231,227,227,243
209,137,33,32,35
1086,394,255,255,255
481,118,40,43,44
306,24,48,48,50
66,24,44,36,47
616,279,45,45,48
225,132,33,28,31
846,269,49,49,54
714,41,120,86,62
490,13,75,56,45
1136,466,234,228,242
1146,449,233,230,246
1020,293,50,47,50
1091,294,240,237,255
329,65,30,26,28
552,196,222,222,248
409,351,44,45,45
1005,184,48,46,49
771,477,152,149,156
653,33,48,49,51
486,373,38,44,45
205,8,158,34,62
575,119,45,42,47
24,223,33,26,32
282,342,46,43,49
554,47,44,43,47
119,67,153,138,159
564,95,48,44,50
77,205,155,142,176
372,232,208,209,230
659,439,41,45,44
84,196,154,160,179
362,152,38,38,39
149,318,36,38,43
254,382,42,43,49
1053,105,48,50,53
931,159,46,46,52
897,201,49,47,52
636,57,47,45,51
931,381,44,48,49
254,199,187,184,203
985,463,48,46,50
345,305,43,43,45
552,129,43,45,49
596,359,47,41,45
788,376,46,45,50
1019,189,46,49,53
991,43,110,83,66
495,26,78,58,50
749,452,48,45,49
1076,193,99,98,98
894,139,50,47,51
410,277,45,49,49
444,112,39,42,42
546,157,42,44,48
828,286,47,46,49
1051,489,51,49,52
555,186,232,228,252
610,61,43,45,46
181,445,118,115,110
1121,234,228,228,245
902,86,46,48,52
91,335,38,38,38
1142,234,230,230,248
51,380,44,44,47
450,168,46,44,46
166,129,127,130,143
139,44,133,115,133
755,377,41,45,48
895,414,46,47,51
740,71,48,47,48
154,50,134,118,139
1088,0,253,252,255
50,319,38,35,36
168,172,197,192,217
165,361,44,42,42
1092,187,239,233,229
761,101,46,46,49
508,83,16,18,14
512,23,87,65,51
519,481,108,104,77
736,234,236,234,255
577,457,114,113,106
423,113,44,39,42
1125,42,230,229,244
1154,165,232,232,248
801,255,242,239,255
32,40,225,224,250
826,129,47,48,52
130,67,160,144,163
1128,4,229,227,246
340,493,64,62,58
23,163,171,30,38
1116,134,235,231,248
735,177,48,47,51
804,481,162,159,169
687,162,48,47,51
1052,428,49,49,56
109,428,57,54,57
931,403,46,46,50
90,162,36,24,26
9,147,165,27,36
848,191,46,46,54
1,209,32,26,31
396,326,38,44,47
530,66,40,43,44
1196,138,240,236,253
925,269,46,46,50
567,350,44,40,44
240,259,200,198,216
710,457,126,108,84
17,229,36,24,28
316,423,44,43,45
582,177,49,51,54
994,164,50,49,53
257,288,44,43,47
347,458,61,60,50
652,154,42,46,46
152,496,48,47,49
423,262,222,225,247
494,460,158,158,178
542,454,131,127,128
941,340,45,45,49
948,405,45,44,47
667,392,45,44,49
417,440,101,90,78
1057,105,53,52,57
1164,29,239,236,251
123,117,162,32,39
588,163,44,45,48
1029,160,45,47,51
781,448,47,48,52
386,105,35,34,38
221,87,138,141,157
899,304,41,46,50
1113,89,231,230,246
1038,104,49,51,54
1002,459,50,49,53
77,397,42,43,47
340,78,30,26,24
1051,346,49,47,52
860,35,97,93,89
669,114,47,44,48
56,367,41,42,43
560,201,179,176,204
683,158,47,46,50
216,162,31,27,28
975,426,46,49,53
81,32,116,105,114
888,236,239,239,255
1033,166,51,49,55
901,68,83,81,77
52,480,46,46,48
1151,78,235,233,249
865,142,44,48,52
612,243,236,235,255
68,251,38,33,35
245,345,44,44,47
544,27,49,48,48
696,423,39,43,45
370,336,42,42,44
449,329,47,47,49
419,197,221,218,239
338,274,37,46,46
1155,494,230,229,245
761,267,54,51,57
1116,9,238,232,248
1056,223,49,50,53
332,378,44,42,45
562,137,45,46,48
886,369,44,45,50
180,345,41,41,45
116,402,43,43,46
429,87,39,37,41
122,416,46,43,50
658,93,48,46,49
543,136,46,45,47
1144,193,233,232,246
61,266,35,28,33
552,377,40,43,42
483,192,103,102,115
130,176,58,59,67
134,477,47,48,51
197,79,209,197,218
975,316,44,46,51
586,475,120,112,91
8,145,167,27,36
695,231,234,234,255
122,127,47,29,36
865,405,44,45,49
855,475,52,50,52
1176,97,239,235,251
1010,82,104,89,72
827,224,240,240,255
191,141,35,34,40
1102,369,241,239,254
995,492,48,49,53
648,146,47,46,47
209,329,41,44,44
633,406,41,41,47
364,166,38,41,44
939,48,78,66,59
23,36,225,226,249
139,300,38,36,37
910,245,245,238,255
21,185,51,50,55
905,163,44,46,51
880,16,96,89,88
716,179,48,47,52
1118,256,230,228,244
410,377,46,42,44
850,446,46,47,51
424,213,222,220,242
1163,371,235,232,251
51,156,163,30,39
256,159,34,31,31
619,235,237,234,255
1177,372,237,235,252
194,318,41,38,42
992,105,50,49,53
1181,229,234,235,253
500,402,44,44,49
876,343,48,46,52
384,161,44,40,46
310,164,175,178,190
516,440,148,145,161
946,278,43,46,48
768,366,46,44,48
951,357,48,48,50
514,433,153,158,165
929,78,45,47,50
474,450,169,178,197
211,136,35,32,34
805,293,47,48,49
950,270,43,44,51
774,489,148,144,155
977,328,50,46,49
30,437,49,48,53
894,341,46,44,48
483,409,42,43,45
332,346,39,42,46
1194,223,240,237,252
571,62,43,44,47
773,67,47,47,52
279,272,45,44,49
192,484,48,48,50
683,75,47,46,49
392,409,41,44,47
170,284,49,40,60
669,168,43,47,49
911,276,53,53,55
6,304,40,37,40
500,347,40,43,46
574,168,44,46,48
1048,169,52,50,54
918,487,72,63,54
1037,224,47,48,52
971,266,44,47,52
57,233,37,33,33
921,276,46,46,47
1055,414,50,48,53
194,263,203,199,222
184,26,158,37,51
847,292,49,48,51
499,13,75,58,47
404,482,84,83,72
549,163,46,43,48
1031,113,51,48,55
361,171,54,51,56
676,449,49,48,49
767,465,142,143,123
614,238,234,236,255
852,429,44,47,51
502,414,45,44,46
379,455,156,147,165
439,120,39,43,43
1028,489,47,48,52
772,369,46,44,48
988,261,46,47,53
336,209,192,193,214
826,10,90,86,79
688,369,45,44,46
498,324,42,42,46
1106,253,236,233,250
688,276,54,50,55
866,364,45,47,50
348,445,81,79,53
762,159,48,47,50
540,201,72,66,67
92,476,83,76,76
534,336,43,43,44
886,482,78,68,54
45,404,45,44,48
702,322,45,45,47
549,365,49,42,46
797,91,47,47,50
389,345,43,43,46
1176,196,239,235,252
1136,399,231,230,243
1090,218,126,107,160
10,76,110,102,112
557,390,46,41,47
770,126,46,47,48
819,403,45,47,49
723,2,49,50,52
583,480,109,95,78
774,220,240,237,255
670,143,43,45,48
857,130,48,46,54
746,480,131,129,117
536,153,42,44,49
438,452,24,26,24
690,443,45,44,45
895,338,46,46,50
740,64,47,46,49
595,39,47,45,50
989,40,109,84,62
863,5,95,90,86
53,449,48,48,50
232,139,31,28,29
195,410,45,46,46
1180,489,239,232,254
1105,453,235,233,247
1100,419,241,240,255
991,14,125,92,67
967,327,45,47,48
127,474,50,47,52
580,342,46,42,47
676,175,49,51,52
718,394,114,116,109
558,310,47,44,47
1146,470,226,226,242
917,130,45,46,52
823,481,169,169,184
1004,301,49,47,49
287,224,190,190,208
846,252,241,242,255
763,80,49,45,48
320,329,43,43,48
1155,144,237,233,250
1074,72,71,62,64
1174,50,237,236,253
1191,248,239,237,253
138,89,147,132,154
435,154,43,44,46
723,304,39,45,47
857,102,45,46,51
387,435,196,203,226
1151,186,235,232,248
339,198,194,196,215
87,193,154,154,173
783,130,46,46,51
156,69,146,132,146
862,247,242,239,255
366,1,42,33,33
238,302,40,43,45
84,175,207,200,223
642,91,47,44,47
161,410,43,43,51
7,344,42,41,48
1045,462,49,49,49
422,5,34,23,28
346,398,44,45,46
890,134,47,48,52
434,331,44,44,49
779,168,46,47,55
868,186,47,47,51
287,470,119,112,84
1041,164,51,49,53
936,455,45,49,53
685,3,48,50,51
101,141,162,33,42
617,340,41,44,45
1156,373,232,231,250
113,55,151,133,155
1041,184,51,48,53
810,453,44,47,50
528,487,107,99,72
1148,290,233,230,248
582,44,42,45,48
774,374,43,47,47
732,148,46,46,49
198,120,30,37,40
984,38,107,81,62
524,357,42,42,44
1183,182,241,238,255
63,422,72,74,63
262,206,189,186,205
1162,328,238,235,251
734,162,48,47,52
533,424,40,43,47
1071,462,238,243,229
441,19,55,46,38
564,284,44,44,45
292,421,45,43,48
730,267,47,46,52
344,493,65,61,51
889,111,46,46,52
733,119,47,47,49
327,409,41,42,49
552,290,44,44,45
1181,40,243,236,250
530,368,40,42,47
1052,155,48,50,54
136,438,49,48,50
213,218,186,185,205
777,418,44,46,50
909,13,213,157,85
236,178,189,184,205
47,201,76,74,75
797,230,239,237,255
229,180,190,184,206
573,384,40,41,47
731,26,47,49,52
1166,111,236,234,253
536,13,78,62,49
241,176,192,187,205
161,201,83,76,82
180,26,173,123,141
1163,472,237,232,247
833,308,49,49,53
982,358,46,46,51
822,123,49,47,51
627,224,235,235,255
175,208,190,185,207
614,320,40,43,46
638,367,41,43,44
1068,129,49,50,55
861,147,46,47,51
23,425,51,51,54
614,276,44,43,47
1055,421,53,50,54
580,301,44,44,47
229,397,44,45,47
97,195,217,225,243
1165,412,234,233,249
90,403,46,44,48
102,217,213,215,240
55,221,130,127,134
598,349,45,44,46
424,459,164,155,166
173,465,51,48,49
910,171,47,49,52
233,358,44,44,46
440,380,43,48,50
1057,47,114,107,106
700,321,40,45,48
786,129,44,46,47
1100,422,243,240,255
324,447,63,61,54
788,203,47,50,54
233,407,44,45,47
1016,353,49,46,52
61,119,149,21,33
502,196,62,57,64
558,335,42,43,50
413,185,186,182,196
202,399,43,42,46
300,366,41,43,46
955,186,45,46,51
1110,488,230,229,246
868,367,42,46,50
512,115,48,46,48
277,446,70,69,52
358,433,79,75,55
785,282,51,53,57
308,276,42,45,44
750,119,45,46,51
1122,23,231,228,245
246,333,39,43,48
597,310,42,44,46
350,2,46,41,41
526,36,39,34,37
237,441,48,50,53
89,425,61,59,55
835,460,49,45,50
284,480,57,54,53
432,3,36,29,30
178,482,49,46,48
20,227,33,29,29
363,180,198,198,217
359,61,32,23,26
86,297,36,32,35
109,349,39,37,39
822,169,44,48,50
909,145,48,49,50
713,49,46,45,49
770,440,48,47,50
117,48,158,143,167
452,236,230,230,250
1183,48,240,237,255
762,109,47,46,48
718,334,42,43,46
1189,179,240,237,255
195,341,40,41,46
681,367,41,44,47
1093,70,243,245,255
644,142,47,44,51
274,34,117,117,135
922,138,44,47,50
769,37,46,49,52
160,332,38,41,43
187,134,39,41,44
374,293,43,44,48
1131,452,228,227,238
249,303,43,44,45
680,172,46,49,53
1051,337,47,50,52
332,15,38,37,41
70,29,111,103,115
222,309,38,43,46
1098,271,238,235,254
96,129,157,30,36
1066,454,52,55,54
444,117,42,43,46
948,33,92,72,59
990,465,46,47,52
223,222,186,184,202
251,21,202,193,213
698,332,46,48,50
789,347,46,45,50
194,151,37,31,37
991,267,48,49,49
834,311,47,47,51
910,80,43,49,50
407,220,217,216,238
209,148,35,29,32
879,371,47,47,51
292,271,43,45,48
39,24,63,63,67
920,404,47,46,49
1089,205,72,72,79
547,322,41,43,44
1143,77,231,230,246
522,120,43,43,46
193,469,47,45,48
185,134,40,42,46
93,394,40,42,45
891,344,47,48,48
332,158,33,35,35
543,451,127,123,129
807,497,166,164,177
1061,187,52,51,55
276,157,37,29,31
508,357,43,41,49
739,190,235,235,254
906,219,49,49,51
315,274,41,44,49
580,476,105,95,76
1085,398,234,236,255
632,292,41,44,48
448,473,170,167,178
892,420,47,48,51
148,470,47,50,51
994,43,113,89,65
193,258,201,200,222
1018,290,45,46,52
538,304,46,42,45
393,6,37,28,29
55,291,38,33,35
1009,460,50,48,52
463,139,44,43,46
38,456,55,50,52
92,106,155,27,31
393,302,46,44,49
316,374,42,42,45
71,435,50,47,51
962,313,48,47,49
653,197,238,236,255
437,306,45,45,47
671,330,42,42,47
438,270,233,234,255
1085,136,52,53,59
441,406,32,33,33
864,107,47,46,50
36,412,44,47,48
670,297,43,45,48
1137,448,228,224,240
972,476,45,48,49
178,496,43,45,48
643,129,43,44,47
651,462,57,54,54
163,224,196,192,214
376,88,29,29,29
1057,265,53,50,52
889,118,45,47,50
545,460,132,126,132
758,458,46,48,48
74,302,33,31,33
494,81,44,42,46
612,146,47,46,49
64,126,156,28,33
681,278,43,45,46
537,481,170,169,185
434,319,43,46,47
160,69,141,128,145
462,11,133,107,84
250,59,118,120,141
686,112,47,46,46
444,289,43,48,49
660,434,45,45,46
1129,32,228,227,243
414,139,40,42,44
847,159,48,48,49
460,219,69,58,80
152,165,45,45,50
219,293,41,44,43
27,218,32,30,31
511,232,221,219,240
967,107,45,49,51
841,452,45,46,51
459,139,41,42,44
933,253,45,45,48
1013,126,45,48,50
282,158,34,31,35
621,327,41,43,47
1138,467,228,225,244
292,375,42,41,44
9,94,126,98,87
1002,211,49,48,54
863,62,87,69,56
920,443,52,50,51
15,64,107,98,117
840,390,48,46,49
922,213,45,47,51
49,466,50,49,53
672,335,42,42,48
151,450,48,45,50
210,193,188,185,203
802,10,48,50,54
366,303,44,43,44
1167,444,239,233,250
637,333,43,42,47
253,63,43,46,50
135,220,196,194,217
367,498,69,63,53
982,128,46,46,52
438,87,43,41,42
827,335,44,46,49
769,203,107,100,113
863,65,48,49,52
1186,489,238,234,251
1146,272,232,229,244
716,448,45,45,50
910,368,45,43,48
176,281,209,211,233
796,217,240,237,255
375,181,200,200,221
98,164,34,24,27
449,447,129,119,124
829,288,48,46,51
514,164,44,45,49
650,8,51,50,53
42,462,49,49,50
517,226,78,72,97
574,489,131,120,116
943,129,47,48,51
803,65,49,47,50
825,76,49,46,50
692,190,241,236,255
309,254,206,202,223
891,426,152,162,196
453,472,181,182,197
745,211,240,241,255
680,103,46,46,49
1088,288,253,255,255
849,211,48,49,54
132,158,235,232,255
505,416,41,43,44
121,300,36,32,38
1101,89,239,237,255
369,194,156,151,186
695,418,42,44,47
1194,200,239,237,251
536,30,50,45,45
238,212,51,43,49
269,425,60,67,54
21,207,28,29,33
996,167,45,48,53
615,300,43,44,44
338,361,45,42,46
643,11,47,49,54
366,365,40,43,45
932,443,48,49,52
133,172,61,50,67
759,274,49,46,54
799,356,46,47,48
184,0,154,30,36
1110,240,233,231,250
184,406,43,42,47
639,220,83,64,66
391,275,43,49,50
389,351,43,44,48
882,165,46,48,48
527,234,55,58,62
180,14,170,146,168
331,92,29,27,28
252,223,189,184,206
141,58,153,134,153
142,321,34,39,38
670,218,238,239,255
391,489,63,54,51
818,35,54,53,56
641,370,44,44,48
1104,310,238,236,253
673,288,44,46,50
1013,456,48,49,53
558,292,43,44,47
527,69,41,44,46
533,18,73,56,45
1116,381,235,232,249
412,411,45,45,46
40,194,99,99,103
247,177,189,186,207
857,139,44,46,52
4,236,31,26,30
1012,176,47,48,51
231,186,189,184,205
247,113,33,30,34
692,388,45,44,47
89,250,220,217,241
1050,301,54,53,56
951,398,44,47,52
629,411,45,43,47
302,30,49,52,57
1125,483,225,224,241
558,371,40,41,43
413,458,124,115,127
262,115,31,26,23
604,112,46,45,48
498,185,201,198,215
1051,335,49,49,55
126,69,157,142,163
1044,249,46,49,53
76,454,45,47,50
810,290,48,48,51
1041,285,131,126,147
494,468,162,160,167
807,238,187,187,234
171,295,35,37,40
709,32,170,123,71
7,319,41,39,45
38,167,171,28,38
433,77,39,40,41
1094,14,223,224,244
922,232,46,51,50
364,139,37,35,39
285,105,33,23,26
796,477,168,162,168
67,289,37,29,35
1187,361,239,240,252
1183,223,241,237,251
198,169,51,43,52
981,244,49,46,55
177,21,157,34,45
758,154,45,46,50
563,176,53,51,56
683,20,52,49,54
664,152,47,45,50
722,334,43,43,46
123,224,195,192,214
1124,76,229,225,241
754,463,111,109,76
253,299,44,43,46
358,10,42,35,36
93,200,204,192,230
156,451,49,49,52
950,368,46,46,51
629,140,44,44,45
955,202,45,45,49
1080,482,50,55,59
606,197,235,231,255
778,216,244,241,255
597,307,43,45,47
728,187,237,238,255
573,27,48,47,53
313,207,191,189,209
191,485,44,47,49
425,274,163,165,204
651,386,50,44,48
567,110,41,41,44
1016,7,103,81,60
772,152,44,48,47
156,49,139,123,145
615,289,41,43,46
127,193,83,83,115
711,404,45,43,46
519,52,27,27,28
943,173,49,48,54
313,4,106,102,117
3,10,225,224,249
20,151,165,29,37
69,453,51,48,51
12,304,40,35,37
298,84,34,24,26
776,304,44,47,50
1046,43,114,99,84
160,116,41,29,34
614,183,193,190,209
419,229,223,224,246
166,94,202,187,210
25,488,64,61,52
1120,137,228,226,244
82,496,47,45,49
995,112,47,47,54
907,201,48,49,53
948,476,45,47,50
862,276,50,49,51
203,238,55,50,51
394,54,32,27,30
229,214,189,184,205
596,191,238,234,255
117,106,160,28,37
355,263,216,211,234
290,178,191,186,206
254,320,40,43,45
369,255,217,215,236
369,317,41,42,45
1109,392,237,235,250
724,17,59,51,52
329,475,103,98,109
880,442,48,46,50
1088,92,255,253,255
190,105,109,114,126
952,207,51,49,52
331,45,38,26,29
289,28,36,36,47
1009,310,46,49,51
895,300,53,51,55
536,60,45,44,46
670,454,91,69,53
115,30,35,36,37
1038,359,47,47,53
69,476,77,65,61
655,254,46,44,48
706,435,41,43,47
1035,183,48,49,54
894,128,46,46,52
699,284,45,47,50
737,394,46,45,50
375,12,42,32,28
133,92,157,141,161
920,391,46,48,49
94,16,118,108,121
783,302,47,45,51
317,493,49,44,47
807,39,52,51,56
559,143,44,44,47
895,423,47,46,50
312,392,46,43,46
638,369,43,43,45
46,461,49,47,51
93,370,40,39,41
556,294,43,43,46
358,299,44,43,46
508,166,46,48,50
287,30,38,35,43
186,122,111,112,124
46,115,146,20,33
499,355,41,40,47
378,354,43,43,46
622,21,50,51,51
354,405,41,44,47
290,260,202,199,222
997,444,52,50,57
839,482,175,158,123
983,312,47,46,50
1186,195,236,237,252
843,452,45,46,51
894,353,45,45,47
264,313,39,42,46
265,452,55,52,51
588,498,107,99,85
902,445,56,50,48
930,260,46,47,53
967,100,47,48,52
498,490,134,122,75
480,493,114,103,52
144,14,192,193,214
349,282,44,44,46
1051,424,48,48,50
1166,389,238,236,252
746,451,49,48,52
712,199,239,235,255
238,87,43,45,52
86,485,48,45,52
680,142,43,46,48
981,105,51,47,51
520,427,41,41,49
221,131,36,30,32
484,89,43,41,46
469,302,26,28,28
1142,127,234,229,245
1009,173,49,47,54
129,385,45,43,48
1122,236,231,227,245
877,235,241,238,255
248,306,45,42,47
17,35,225,227,247
442,274,232,230,255
1006,461,46,47,51
617,297,44,45,48
1136,128,230,227,243
1146,498,229,228,245
960,319,46,47,49
1052,433,50,47,51
239,403,40,44,43
370,318,43,46,47
1153,79,239,236,248
466,486,137,130,125
337,84,31,26,28
218,131,36,29,33
566,430,45,44,47
752,136,47,48,51
928,324,46,45,47
755,198,52,52,56
317,198,191,191,210
382,119,37,34,41
386,399,42,42,47
1125,111,230,227,245
752,178,47,48,46
1060,144,50,52,54
402,198,208,206,231
483,369,43,42,47
766,118,47,47,49
47,423,54,55,53
617,482,178,175,185
567,333,42,41,48
1068,473,55,53,59
350,412,39,44,46
718,75,45,46,48
738,23,50,49,52
1024,28,95,76,61
908,232,241,236,255
1187,428,237,234,252
43,444,48,50,53
464,369,53,56,58
880,433,50,45,51
1160,448,235,232,250
183,379,45,43,45
1155,23,240,233,252
208,295,36,42,44
547,308,45,43,48
148,458,47,47,50
273,100,35,28,31
285,339,43,44,46
1044,180,48,50,55
918,181,46,46,54
920,281,46,44,49
423,219,224,221,242
767,103,45,45,51
1095,266,238,235,255
1107,291,232,231,249
1182,324,235,237,251
45,64,110,105,116
470,122,43,45,46
56,22,61,62,65
239,446,51,49,49
22,395,46,46,46
463,390,46,47,53
560,205,225,223,248
424,66,42,34,39
663,200,240,239,255
466,436,187,192,212
1055,147,55,47,53
747,439,46,45,47
976,214,47,47,52
173,274,208,207,229
555,48,41,46,45
575,294,44,45,46
990,366,46,44,51
817,178,47,46,53
1114,124,232,228,246
1089,464,243,239,255
1133,451,228,227,242
948,237,48,46,49
524,439,143,144,158
800,190,49,46,52
1085,489,168,154,79
1153,215,235,234,246
899,4,122,83,63
956,177,46,44,52
341,231,202,203,224
1102,484,233,231,248
1055,410,48,49,52
481,415,42,41,48
1059,277,125,118,141
148,66,157,143,164
347,94,34,27,27
1041,263,48,49,53
711,84,45,46,48
1014,405,50,49,51
429,227,222,222,246
449,373,72,72,81
629,261,47,47,47
955,115,47,50,49
527,177,114,108,114
234,340,44,43,49
749,284,48,49,51
1182,353,237,236,254
551,452,141,142,154
528,137,44,43,50
284,472,103,92,62
925,309,44,46,49
774,305,45,47,51
197,222,191,187,207
18,403,48,48,50
292,31,53,53,59
350,345,43,45,48
50,108,149,25,31
569,103,43,44,48
27,357,44,43,45
885,57,103,101,94
1068,291,54,53,61
798,301,45,47,47
724,321,47,45,52
185,329,41,40,46
675,80,43,45,49
356,14,43,35,34
452,9,37,31,34
234,228,190,186,205
842,217,237,237,254
824,408,51,48,53
835,264,55,54,56
952,246,49,44,52
261,301,43,44,47
1167,281,237,236,255
389,480,66,59,52
678,427,45,45,46
974,131,47,48,51
123,400,44,44,47
466,304,17,19,18
533,481,147,143,155
299,214,188,187,205
709,121,42,45,52
234,494,68,69,53
688,386,42,43,47
153,317,38,36,40
435,191,219,216,238
53,383,40,44,45
307,270,44,46,49
388,264,220,220,242
710,376,41,45,47
491,103,45,42,45
462,204,229,226,248
148,385,44,41,46
996,420,45,46,49
419,90,38,37,39
891,173,48,49,49
776,81,48,49,52
406,273,96,101,123
925,389,47,45,48
914,390,46,46,46
733,361,46,46,50
751,126,46,48,48
304,495,44,44,47
896,376,43,44,50
1127,11,231,228,246
98,401,45,43,49
870,69,48,46,52
62,351,41,38,45
576,148,43,43,48
1018,15,102,80,64
385,68,29,27,29
290,416,45,43,47
648,19,50,49,51
207,354,43,44,44
281,68,36,35,40
180,141,33,38,41
1187,53,240,235,255
698,390,44,44,47
391,472,69,60,54
221,99,38,38,46
501,103,66,68,68
454,75,44,40,44
96,464,94,88,82
135,15,192,192,211
332,382,40,43,43
339,70,32,25,26
434,86,37,40,41
667,278,49,49,51
324,360,45,43,44
502,463,164,162,174
458,172,42,44,49
1128,321,231,230,245
1038,428,51,48,52
563,164,44,44,45
882,179,48,49,52
612,215,75,66,83
1079,105,61,55,62
261,18,37,28,30
99,251,218,214,238
837,105,42,49,50
115,485,48,50,50
417,153,42,41,47
547,20,47,47,47
518,116,43,43,46
535,447,154,150,158
244,415,44,44,46
174,446,49,49,52
1141,108,231,228,246
1081,231,52,51,57
969,211,44,46,50
1004,311,48,47,52
446,249,221,224,239
904,109,46,47,52
868,387,46,44,47
43,275,36,27,29
350,57,32,22,25
385,258,214,215,238
761,171,47,48,46
744,490,126,121,105
623,397,40,43,47
197,164,36,30,31
129,149,209,217,232
187,429,47,46,51
1058,288,100,90,60
617,119,49,46,48
866,359,46,50,52
154,127,205,210,229
1105,315,237,235,252
582,345,43,43,44
403,46,33,26,26
509,29,87,67,52
110,327,36,33,37
165,155,39,40,44
580,406,42,43,45
56,15,135,138,161
317,48,35,26,31
1114,278,232,228,245
905,318,47,47,50
963,60,54,54,54
684,266,46,44,49
684,485,114,86,64
307,307,44,43,48
286,235,189,191,199
812,458,44,48,50
282,125,36,25,33
920,480,48,52,53
1033,154,49,50,53
621,453,187,192,212
917,255,54,54,61
854,354,43,44,49
443,18,43,41,37
238,444,46,49,49
1118,309,231,228,247
296,420,44,43,47
161,194,46,44,48
322,464,109,107,106
792,300,46,48,50
1169,252,238,234,252
348,402,42,42,47
946,465,47,48,52
948,42,115,83,63
998,398,45,47,48
915,375,43,46,51
947,265,47,45,50
1158,179,237,234,250
424,366,43,46,48
528,297,46,44,47
1160,113,235,234,249
163,423,47,49,49
196,343,42,43,46
718,263,53,50,54
747,337,45,45,50
792,142,43,47,48
460,432,181,187,205
44,38,55,33,44
158,227,199,197,218
871,281,49,46,52
227,331,41,43,45
873,378,40,46,48
868,376,45,46,52
240,66,207,206,228
1059,224,52,48,51
887,114,49,48,52
207,247,200,197,217
600,171,44,46,50
771,306,49,44,49
932,168,47,48,52
980,25,100,76,61
833,138,46,47,51
454,436,173,177,192
368,115,31,31,34
1125,366,232,232,245
671,355,45,46,48
230,370,41,42,45
666,398,42,44,48
731,33,47,49,51
231,320,44,42,46
95,214,215,216,242
805,308,43,45,49
612,133,46,46,46
58,258,33,30,30
916,485,51,52,51
347,239,63,58,71
82,166,59,36,50
36,236,37,28,30
361,442,55,52,52
644,487,139,139,148
535,40,44,43,45
352,265,211,211,234
1141,496,232,227,245
1107,174,242,238,255
352,140,37,35,37
938,245,49,47,54
574,192,81,63,92
1106,52,233,233,252
527,6,63,42,30
804,146,45,47,49
1037,414,42,48,49
891,315,47,46,51
110,139,45,30,34
378,295,44,45,48
326,400,44,43,43
645,301,48,46,52
622,118,45,44,47
327,15,74,75,83
309,106,27,27,27
1072,254,59,57,59
260,172,189,186,205
1051,76,66,66,58
64,302,37,31,31
306,367,46,43,46
462,478,183,184,204
761,498,156,152,156
1172,206,240,238,250
306,418,42,44,46
963,31,94,72,62
1176,4,241,236,253
1163,411,239,235,252
1097,10,234,227,235
1035,61,110,97,77
467,289,40,41,45
734,94,44,46,48
909,42,86,80,73
349,95,32,29,26
40,206,89,85,91
159,330,41,39,39
1095,364,242,242,255
57,100,151,21,33
68,384,45,42,45
202,59,36,30,33
685,492,118,89,64
699,336,47,44,49
872,222,240,237,255
280,124,29,27,26
585,144,47,45,45
154,112,34,27,32
595,200,144,139,164
833,456,46,45,49
720,345,42,45,48
208,408,43,44,47
485,401,43,43,44
612,79,45,46,45
192,458,49,46,51
512,173,49,46,50
232,68,140,138,159
196,479,48,46,44
1076,240,54,52,56
746,259,243,239,255
1145,431,229,227,243
164,376,43,41,45
555,287,44,44,46
286,448,68,64,52
501,410,37,41,45
794,203,47,49,51
358,240,86,70,89
305,465,129,118,91
1057,374,47,50,52
305,389,43,43,46
1149,104,233,234,248
829,430,46,47,48
844,54,68,60,56
945,170,50,47,51
1147,465,235,230,245
461,147,43,46,46
878,272,52,52,55
69,153,163,26,35
343,11,41,39,42
606,243,234,237,255
507,86,26,28,31
661,353,45,44,48
916,106,46,49,52
451,423,52,53,54
1067,140,48,51,56
1004,39,111,84,65
248,16,87,71,97
424,410,40,44,46
98,78,154,137,162
467,202,228,227,250
1104,58,235,235,253
1195,442,235,235,248
1044,51,118,111,96
279,157,33,30,34
1126,454,229,228,241
915,460,48,48,52
968,359,47,45,50
519,207,222,216,239
1044,206,48,48,50
1084,168,54,56,57
1111,476,226,226,244
484,11,95,69,51
511,303,47,45,46
339,492,85,83,86
364,148,36,36,38
1147,273,235,233,249
739,356,43,45,47
265,206,145,146,160
13,164,173,33,38
38,475,49,45,50
1043,220,49,48,52
139,132,197,187,208
629,82,44,45,46
242,369,42,44,45
886,40,101,96,94
451,135,45,43,45
48,146,162,28,35
148,464,48,49,51
928,134,47,48,53
936,375,46,46,51
1075,286,245,245,250
261,265,163,162,193
1019,74,98,83,71
898,140,45,47,51
811,447,46,47,50
471,16,114,89,70
847,146,48,48,52
157,95,186,177,197
554,7,91,81,57
157,487,44,46,50
461,120,44,46,45
209,496,43,46,47
192,301,40,38,42
350,36,34,30,27
213,31,185,168,193
866,449,44,46,51
1148,269,235,233,245
779,38,52,48,51
441,460,132,92,85
221,98,39,39,47
380,161,43,42,45
340,106,33,26,29
1139,357,227,227,244
587,196,234,233,255
90,441,49,47,53
786,418,45,47,51
695,169,46,46,51
317,323,42,43,46
826,96,47,47,52
178,380,40,44,45
1124,216,232,228,243
961,458,48,49,52
204,94,112,114,128
745,404,73,64,54
258,293,41,44,46
243,268,202,201,224
365,395,44,43,46
1059,346,47,49,51
823,261,75,65,86
79,52,52,37,54
960,337,44,46,49
921,87,48,48,53
768,373,47,44,50
977,161,45,47,50
73,407,42,41,44
1189,1,239,237,253
696,10,50,49,51
8,499,67,62,53
204,463,46,46,48
860,269,52,51,54
950,302,43,44,48
177,141,36,40,42
617,59,41,43,48
1010,356,46,47,50
397,57,30,28,31
1168,364,234,232,249
574,153,42,44,47
474,498,105,94,58
1021,204,47,50,52
896,394,48,43,46
239,340,45,43,47
30,138,158,25,37
768,317,45,45,47
747,200,144,130,146
1049,239,47,48,55
104,334,33,37,39
507,312,42,45,50
536,4,79,68,51
445,164,39,45,46
95,200,215,220,239
549,262,230,228,253
602,39,47,45,50
1024,356,52,47,52
363,460,108,104,96
873,284,47,47,54
1033,261,49,47,54
90,282,35,28,34
1167,378,234,233,252
971,453,163,171,191
264,161,40,33,37
828,284,45,46,49
837,167,45,47,49
1041,336,49,48,50
390,71,33,28,30
888,474,47,50,50
1045,376,49,49,51
284,215,193,189,204
89,458,51,46,51
520,464,154,151,165
324,242,57,55,57
781,29,49,49,53
95,166,34,25,31
1147,73,236,232,248
934,106,44,48,54
27,374,44,43,48
776,124,47,47,50
309,104,31,24,27
698,353,41,43,47
936,86,48,49,51
910,483,50,48,50
48,263,34,27,28
1041,10,86,73,62
508,90,11,19,16
946,275,50,48,51
832,232,235,235,255
559,465,140,139,153
696,268,48,43,50
254,419,45,45,47
69,364,41,39,46
858,470,49,47,51
501,19,80,60,48
699,181,59,53,62
573,95,44,45,48
580,424,43,41,45
375,203,92,90,96
968,248,46,46,49
837,278,50,48,51
426,305,43,43,46
718,441,42,46,47
690,142,46,45,50
452,70,44,40,44
154,378,39,43,43
45,198,68,63,74
352,146,37,36,38
45,360,42,43,46
10,421,53,52,54
718,117,45,45,53
536,429,44,43,46
479,384,43,44,46
846,441,49,49,50
1093,208,247,245,255
699,408,49,44,47
995,419,46,48,49
591,81,45,45,46
120,183,194,196,224
1026,316,47,49,51
427,361,43,44,45
629,402,46,42,44
217,92,157,158,166
1063,497,52,51,53
184,59,166,157,177
877,457,45,46,48
474,87,47,42,45
443,202,223,224,246
1035,264,51,50,53
974,60,71,58,57
60,129,150,28,32
431,159,42,43,45
1051,20,98,77,63
1178,254,237,237,251
631,240,52,47,53
901,481,51,50,52
300,46,42,39,45
827,349,45,46,49
689,349,44,44,47
647,230,237,235,255
987,177,48,48,50
675,274,48,45,50
961,10,108,80,63
891,455,47,46,51
467,348,55,55,58
804,312,48,47,49
1191,17,239,236,253
409,354,42,45,47
983,419,47,44,52
283,436,81,76,52
777,459,48,46,52
470,403,47,44,46
172,34,175,159,183
678,375,43,44,47
415,320,40,46,46
255,11,37,29,29
354,197,63,53,71
670,388,55,50,44
1122,80,231,227,242
1058,121,50,51,54
413,196,213,213,233
715,367,46,44,48
1058,160,50,48,55
663,499,107,79,57
33,405,46,44,48
436,204,81,78,99
237,412,43,44,46
914,258,183,182,242
223,60,184,180,193
261,395,43,46,46
38,170,174,27,37
94,297,40,33,36
660,285,45,41,51
91,78,151,31,47
522,98,45,45,48
697,76,45,45,46
902,176,45,46,48
936,133,49,48,52
183,412,43,44,47
1040,184,47,49,51
576,107,41,45,48
638,427,46,43,47
1183,129,241,238,252
379,183,145,145,159
845,479,168,156,95
1136,434,228,224,242
241,137,34,26,31
585,198,234,234,255
1078,231,54,52,56
450,292,44,43,49
182,85,39,29,29
439,428,31,31,38
351,128,31,33,33
977,459,96,80,112
831,175,47,47,51
59,258,35,29,32
1046,261,47,49,52
136,460,47,49,48
577,212,232,233,254
1062,421,51,53,54
919,43,105,101,95
930,308,45,44,48
895,442,52,51,53
85,71,151,44,53
1159,206,238,234,251
534,132,45,45,49
594,149,43,44,46
198,143,37,34,39
793,204,52,50,54
798,363,43,44,49
655,143,45,46,48
222,270,204,202,224
1029,406,51,48,54
541,241,101,94,121
979,407,46,46,52
697,78,45,44,49
1013,294,46,46,50
334,50,31,23,22
541,394,37,42,45
950,262,46,44,49
865,107,49,48,51
539,370,42,42,44
895,6,109,103,83
629,148,43,45,47
377,437,200,190,196
971,290,48,47,51
347,411,38,43,44
987,167,46,50,51
472,369,45,46,50
621,449,181,188,205
434,268,234,232,253
184,121,162,162,185
1021,9,108,83,63
24,0,145,151,147
531,369,42,41,44
931,199,49,47,52
1199,144,240,237,254
316,158,35,33,37
386,497,82,75,55
1159,316,237,231,246
986,290,46,46,50
350,134,36,33,35
290,495,46,45,48
530,197,90,81,111
379,389,41,42,46
377,244,210,212,234
1006,95,49,48,52
941,251,48,46,55
808,441,43,47,47
820,70,45,46,49
538,309,42,44,46
59,481,59,55,49
616,115,45,45,46
4,326,42,42,42
341,62,33,23,28
564,92,46,43,47
720,211,238,236,255
625,416,45,43,45
509,132,40,45,49
773,81,45,46,49
1198,246,240,237,253
883,15,79,71,69
203,322,41,42,43
1056,5,96,78,65
163,55,141,128,147
1032,322,48,46,49
692,174,47,47,51
452,203,227,227,248
749,138,45,47,48
271,486,84,75,55
1038,147,51,50,54
66,306,40,32,36
859,244,236,239,255
270,408,44,41,45
358,354,41,45,45
638,481,141,138,134
524,51,42,39,42
342,226,202,202,224
947,352,46,45,48
29,131,154,21,29
1130,160,227,226,244
671,373,44,44,47
1084,117,244,244,255
1179,242,239,235,253
1173,413,237,234,248
509,336,43,41,48
774,12,50,50,53
999,484,48,49,53
510,389,41,44,45
653,105,46,44,47
66,179,44,23,44
290,170,189,185,205
759,276,48,48,50
244,170,190,185,205
1178,243,237,236,250
444,238,203,204,235
950,361,46,47,51
377,388,42,42,47
512,33,79,59,49
1142,465,230,229,248
651,109,46,44,48
204,331,42,41,45
812,257,244,243,255
398,205,162,160,173
642,139,43,46,49
881,210,51,47,52
599,19,50,50,49
960,422,47,46,49
721,166,47,47,51
558,487,126,119,103
1144,152,234,229,245
395,445,203,207,227
1039,137,52,47,54
213,6,180,164,188
1008,148,49,49,53
603,119,47,44,48
924,320,48,48,50
396,89,35,34,37
94,378,43,41,43
245,165,185,181,203
735,398,48,48,47
860,162,48,48,54
867,35,98,95,89
1121,489,228,225,242
149,244,204,200,224
793,330,44,47,47
662,194,239,237,255
1035,308,49,49,53
437,66,36,37,41
454,494,144,144,133
779,112,47,47,51
870,185,46,47,51
711,277,46,44,47
226,337,40,44,47
284,353,42,43,46
355,434,98,92,62
775,465,88,81,68
127,414,43,45,47
701,93,45,45,49
618,295,41,43,46
503,180,206,206,225
1138,377,229,228,242
658,460,70,59,53
972,288,47,47,50
502,402,42,43,44
93,267,42,35,37
911,285,46,48,50
416,217,66,52,74
864,152,46,47,51
969,361,50,47,51
298,83,33,25,28
559,229,137,130,152
579,47,43,44,48
1129,468,231,227,245
330,399,44,45,46
805,429,45,47,50
232,118,35,31,36
498,159,36,37,38
429,39,35,31,32
1120,440,229,230,247
512,448,152,156,169
949,177,46,47,49
785,269,239,239,255
1188,157,240,236,254
1191,161,240,237,252
944,108,49,47,49
877,22,97,97,96
526,32,35,32,31
617,329,43,41,45
1067,172,52,51,54
502,92,61,59,62
705,309,41,47,50
1051,192,54,51,55
129,443,47,49,52
350,261,209,211,235
996,142,50,49,53
644,135,45,45,48
920,363,49,47,49
943,182,47,47,52
78,223,57,52,62
984,29,101,78,61
1196,394,241,238,255
413,383,43,42,45
1121,102,229,226,244
78,489,48,48,49
1014,347,47,48,52
19,46,62,63,66
1065,52,71,66,69
56,279,33,29,30
938,423,50,47,50
613,151,43,45,48
447,54,43,37,43
827,484,170,162,175
1045,373,46,50,52
1056,54,105,99,95
591,421,43,44,47
47,429,47,48,51
690,267,44,48,51
982,350,43,45,49
861,452,47,49,49
802,391,43,45,47
943,23,97,69,60
1172,396,238,234,250
400,70,33,30,32
1143,225,230,228,246
10,444,59,57,57
1075,87,71,66,65
31,200,72,75,84
683,261,50,42,50
403,186,205,202,229
60,170,168,32,38
186,460,48,47,50
1015,278,48,47,50
387,389,45,44,46
191,99,120,125,144
1002,280,44,47,50
1183,360,239,236,254
59,15,225,227,245
929,296,46,45,49
30,197,71,78,65
250,91,39,40,45
763,241,239,238,255
17,388,46,43,47
757,162,45,47,49
783,176,47,47,52
881,228,242,238,255
58,294,36,32,34
595,237,234,234,254
1015,61,62,56,58
1096,356,243,240,255
459,411,47,49,55
609,68,45,45,48
735,310,48,50,52
1148,124,236,232,247
478,90,43,44,43
455,69,41,39,45
422,126,43,43,46
520,224,74,65,69
944,284,49,47,50
8,192,48,46,55
699,248,49,49,49
1084,341,57,55,58
295,102,33,26,29
988,465,46,48,50
6,86,128,120,126
865,96,44,49,49
971,28,96,72,60
283,471,93,87,58
332,27,39,33,36
747,173,47,46,50
646,301,47,42,48
401,226,215,215,237
1131,404,228,227,242
159,36,163,145,169
597,56,46,44,48
13,85,124,115,122
1151,493,230,229,242
428,381,40,43,46
533,234,225,224,247
1149,241,232,230,245
1185,371,239,236,251
999,258,47,50,52
1098,255,238,236,254
571,90,43,44,48
141,225,193,195,215
1149,290,235,230,248
604,105,46,46,47
624,12,51,49,53
808,338,47,46,50
595,468,118,107,89
27,291,37,33,35
755,482,159,156,148
23,98,30,31,30
860,167,47,48,51
175,202,187,183,201
1081,438,63,59,60
782,469,166,159,169
699,352,41,43,47
408,384,40,42,43
383,101,31,33,35
775,203,54,51,55
448,189,218,218,240
959,494,51,49,49
191,158,38,32,35
50,182,174,39,44
1030,493,47,49,51
690,190,238,235,255
573,314,43,43,46
288,132,34,31,30
917,43,100,97,89
431,158,42,43,46
1171,334,238,235,251
261,100,36,30,31
778,84,48,46,50
625,101,45,45,49
755,124,46,46,49
290,73,30,30,34
293,333,44,44,46
758,181,44,45,50
467,321,41,44,53
1000,353,47,46,50
526,447,131,127,135
680,101,43,44,47
1196,218,242,236,253
960,229,47,47,51
276,192,191,185,206
931,313,43,47,50
676,70,49,45,46
960,312,49,47,49
474,468,178,178,195
1108,124,235,233,249
795,336,47,46,50
660,396,74,74,91
138,40,133,112,132
117,49,159,142,163
728,314,43,46,46
550,176,54,52,54
214,198,45,38,42
836,173,43,46,49
915,187,46,47,52
1025,436,50,47,52
1056,335,49,50,56
785,352,42,44,46
830,425,46,46,51
987,79,60,58,55
797,324,45,45,49
198,23,188,167,189
279,217,191,188,211
56,447,51,48,50
926,341,47,48,52
700,291,46,43,47
927,216,49,45,50
1077,253,246,244,254
362,408,44,42,44
257,476,101,93,76
1065,143,51,48,54
1151,71,235,233,249
753,384,43,44,49
1095,200,242,240,255
717,9,84,64,55
646,279,46,46,48
623,419,47,44,48
1091,39,201,199,219
665,128,48,45,50
1089,68,240,242,255
422,449,162,154,147
356,306,44,41,46
164,392,41,41,47
854,83,47,48,51
124,96,192,174,191
839,417,108,114,119
369,346,44,43,45
617,499,122,119,107
210,352,42,41,46
425,230,223,222,246
83,435,46,46,49
1109,271,234,232,249
509,315,46,43,46
41,293,37,34,33
787,59,45,48,48
694,358,43,45,48
994,40,113,86,64
786,256,238,238,255
308,232,194,192,213
221,139,34,25,26
450,263,233,232,254
923,67,78,72,64
528,466,162,164,174
949,447,45,46,54
495,264,217,219,238
410,8,42,25,31
65,251,32,31,33
238,279,209,207,228
600,414,42,43,45
951,389,41,45,46
891,429,82,80,143
802,149,49,45,51
231,406,45,43,47
368,257,207,211,230
555,3,91,73,56
1024,168,48,49,52
332,127,34,30,32
822,285,50,49,49
594,99,40,44,48
768,410,84,83,62
36,29,229,227,251
1191,193,240,235,255
402,84,34,36,35
689,389,44,46,47
921,288,44,50,50
234,330,45,43,48
113,339,37,36,37
638,482,148,148,148
809,482,167,163,177
680,344,44,44,48
1189,376,237,237,253
506,306,42,43,45
963,402,42,45,51
641,294,44,45,48
487,372,44,42,46
37,407,44,48,47
780,216,242,239,255
98,180,158,167,186
326,121,35,30,30
432,263,234,229,255
289,61,38,37,41
1070,41,113,102,110
426,241,218,219,240
651,372,42,44,46
891,482,55,51,49
942,293,45,46,48
237,23,188,178,203
367,234,60,52,66
1002,392,47,48,51
545,361,40,42,47
418,132,42,41,45
330,156,34,32,37
1106,167,239,237,255
501,265,218,218,240
237,429,80,77,53
770,288,45,46,52
494,136,62,56,58
989,57,103,82,64
711,138,46,46,49
163,10,156,139,162
750,241,241,239,255
78,221,141,136,153
251,282,154,157,174
725,453,43,46,48
248,179,192,186,204
848,84,47,47,49
121,469,49,50,51
957,55,65,57,56
166,172,201,196,220
881,61,96,87,81
114,374,41,43,44
937,308,41,47,47
178,32,180,159,175
362,381,42,43,47
618,217,211,214,235
183,175,191,188,209
891,185,47,46,56
928,296,46,47,51
541,483,117,113,116
240,17,187,174,198
1178,432,242,233,251
446,369,47,50,53
581,208,60,59,64
670,306,44,43,45
61,309,36,31,33
776,199,46,49,51
1039,489,48,49,53
210,430,46,46,49
910,296,47,43,49
851,92,48,47,50
347,93,34,27,27
780,244,238,237,255
64,318,38,38,35
1113,149,236,232,251
636,200,238,236,255
1078,41,70,66,78
758,273,47,48,52
135,146,138,136,156
690,462,115,93,60
1016,497,45,49,53
146,310,34,35,36
674,185,242,238,255
171,417,45,44,49
104,210,221,221,249
29,246,34,25,31
433,94,41,40,45
881,126,48,46,51
496,53,42,41,45
958,63,54,53,56
946,475,45,47,52
191,350,43,41,44
952,175,48,47,50
379,170,47,45,50
670,310,44,45,49
322,317,45,41,46
829,118,47,48,50
1116,97,233,230,243
1078,176,57,56,62
1159,485,234,230,244
1104,85,234,234,252
693,76,46,47,48
33,238,38,27,29
866,74,49,47,52
900,238,245,238,255
800,459,45,48,52
155,349,38,41,46
419,489,167,158,173
111,244,211,208,233
244,1,176,165,188
954,116,45,48,51
1037,274,187,177,130
61,218,117,114,119
812,301,49,47,51
567,73,45,42,48
446,264,233,234,255
526,61,42,44,47
1027,384,47,47,54
1063,21,94,74,66
201,134,40,34,39
867,279,47,48,50
1020,434,46,46,52
379,241,214,212,234
244,78,49,49,56
492,204,168,159,167
129,273,214,214,237
818,317,47,46,48
400,134,38,39,41
512,472,105,100,89
663,85,43,44,48
610,269,43,45,49
464,6,87,66,54
384,431,50,48,51
1141,161,233,229,244
186,293,37,39,42
754,310,47,47,49
318,196,190,191,210
953,321,44,44,49
1004,283,47,47,50
156,369,46,42,47
705,57,47,44,50
400,120,36,36,41
72,303,37,33,34
287,178,194,187,205
463,236,233,232,255
332,118,34,29,29
165,172,201,194,221
210,184,186,183,202
896,316,47,45,49
537,47,45,43,46
320,364,42,45,43
1006,338,47,47,51
248,427,80,76,57
473,65,43,41,47
1079,87,243,241,248
900,347,49,44,51
631,58,46,47,50
272,125,36,26,31
1055,402,51,48,54
152,17,156,137,160
380,373,42,43,48
1000,91,48,49,52
156,424,58,55,59
739,482,106,104,104
720,95,47,47,48
917,109,46,46,47
872,401,43,44,50
515,199,62,57,64
62,86,184,188,200
1182,337,236,235,248
622,213,56,57,58
289,440,77,78,52
105,344,39,35,37
615,249,235,234,255
996,197,48,47,53
489,423,43,43,45
816,83,48,46,50
326,315,41,44,45
300,408,40,42,46
1173,386,242,236,251
860,330,45,47,51
294,101,33,26,29
76,128,156,31,40
334,3,81,75,86
206,267,204,203,225
1178,440,241,234,249
360,275,46,45,49
77,352,37,39,43
582,35,44,46,46
617,5,49,50,49
1120,125,228,225,242
1009,429,50,47,51
567,234,233,232,255
696,20,50,50,54
128,454,46,47,49
620,367,47,43,47
988,137,50,47,53
406,130,40,40,44
89,101,153,24,34
297,212,196,190,211
226,58,197,190,213
66,468,48,46,47
553,467,163,159,171
1048,128,46,49,53
624,18,47,49,50
76,373,41,40,45
402,89,34,34,37
721,255,242,240,255
19,38,71,62,79
591,32,44,45,48
38,232,28,27,31
700,411,43,43,46
267,396,40,42,45
382,283,47,43,47
904,427,173,176,163
116,232,51,43,51
297,466,113,106,79
843,51,83,66,59
509,299,43,46,49
991,157,49,49,54
696,393,49,48,53
78,104,153,22,33
493,329,40,43,46
120,51,162,142,164
860,4,98,94,87
995,157,46,47,51
1145,417,233,228,244
41,264,38,31,32
606,209,60,57,62
1034,423,47,47,49
275,85,37,34,31
1120,154,232,228,243
40,377,43,44,46
172,177,195,192,215
105,221,207,206,230
1186,426,236,234,253
25,239,33,27,30
378,37,35,26,27
1111,352,234,234,252
1058,274,235,240,255
926,289,47,46,52
1088,389,250,239,234
1131,428,228,227,243
218,441,44,47,51
1036,360,47,50,52
719,299,46,45,52
449,55,41,40,39
713,217,128,120,141
929,151,46,47,51
344,204,191,194,213
2,176,80,79,81
656,96,42,44,49
144,325,35,37,41
541,93,44,44,47
732,393,44,44,49
891,392,49,45,48
242,174,189,183,205
1038,71,98,85,68
669,414,41,41,45
264,381,41,42,45
1113,320,234,232,248
459,229,233,231,252
699,414,44,46,49
571,494,172,172,173
813,472,152,152,154
1141,474,227,224,242
598,183,226,228,252
531,266,228,230,254
490,99,40,44,45
24,245,35,24,28
901,474,47,50,49
924,84,49,48,50
436,379,45,44,50
307,391,43,43,46
839,388,48,47,52
920,172,50,47,49
626,248,45,49,54
766,364,45,46,50
974,314,45,45,49
563,456,133,128,129
262,136,26,28,28
259,306,44,44,45
440,127,40,42,46
1107,29,241,237,255
891,150,44,48,51
469,266,97,96,108
1067,126,54,50,54
909,485,59,52,51
200,198,186,183,204
1156,433,236,232,246
541,291,44,46,48
672,58,45,46,49
478,341,44,44,46
296,168,184,181,201
113,326,37,33,40
260,294,45,43,48
527,217,226,224,248
872,468,45,48,52
336,12,36,38,42
16,323,38,38,42
203,170,133,125,134
939,403,42,45,48
132,271,214,213,237
559,340,40,41,43
1021,267,48,47,51
1083,162,142,139,156
633,247,46,48,49
1167,373,237,234,251
62,217,132,130,135
1071,406,54,50,56
69,249,38,34,38
875,206,47,46,49
676,60,47,48,50
502,166,52,49,55
974,136,49,49,53
350,87,33,26,26
602,153,45,43,49
374,222,209,207,231
1035,247,48,47,53
347,238,71,64,80
953,268,46,46,51
9,118,150,22,32
1175,309,234,234,251
403,84,32,34,35
460,107,43,41,43
1102,476,233,232,252
867,317,44,45,48
851,31,92,88,80
289,134,30,30,32
751,362,44,46,47
1037,246,48,50,55
615,51,43,45,50
1193,431,237,233,252
469,104,41,43,44
150,301,38,36,42
838,32,82,78,70
380,494,82,72,53
377,125,40,32,38
639,82,45,44,48
462,229,230,228,250
516,188,219,218,238
36,94,36,31,35
804,206,52,54,56
1171,147,238,236,252
591,38,44,45,48
858,220,239,237,255
811,99,49,48,48
884,34,107,105,106
1118,357,236,232,248
350,93,35,28,29
516,497,98,94,69
1182,11,239,236,253
744,254,239,236,255
861,98,44,45,50
52,249,35,29,31
358,424,40,44,45
649,199,238,236,255
308,378,43,41,47
434,466,18,21,18
588,236,231,233,255
691,121,43,46,50
970,224,47,46,51
956,227,48,47,51
804,219,244,238,255
1024,127,48,48,53
769,125,44,48,50
139,479,48,46,50
379,488,61,57,51
841,373,41,46,47
800,299,45,49,51
600,444,192,197,217
741,323,48,44,50
563,286,45,45,47
1137,438,230,226,242
815,398,46,45,49
1092,150,150,137,116
885,490,177,164,116
285,163,119,116,125
53,498,47,47,48
161,13,161,143,165
202,258,204,201,224
998,218,48,49,51
1103,311,239,236,251
964,429,47,48,51
1171,420,233,232,249
681,285,48,46,47
477,411,38,44,45
490,261,215,213,233
682,319,44,43,52
114,291,33,34,36
940,118,48,48,51
812,31,53,51,54
899,353,46,45,48
810,28,48,51,52
303,143,35,25,33
730,136,46,46,51
1100,301,238,235,255
310,206,61,46,64
1088,245,161,165,188
787,391,46,47,51
751,115,46,46,49
53,13,215,220,240
232,109,36,33,39
1038,472,48,48,51
909,231,239,237,255
1003,112,45,49,54
1009,318,48,49,52
8,352,45,43,47
890,264,241,238,255
166,403,46,43,47
1179,53,240,239,251
356,274,44,46,46
160,392,43,42,47
187,494,47,46,49
563,127,39,44,48
523,449,140,138,148
852,94,48,46,50
74,374,42,41,44
652,219,237,237,255
1134,102,228,226,244
543,463,122,122,131
390,30,46,33,31
193,4,158,27,38
78,419,59,59,53
941,418,48,45,50
820,281,49,46,51
583,101,44,44,47
468,233,228,226,247
1159,180,236,234,251
907,224,97,96,106
352,98,29,25,29
309,264,202,202,222
980,138,47,48,52
448,92,41,41,42
251,445,56,56,53
629,478,190,188,204
1093,444,236,236,254
618,289,44,45,47
500,51,42,42,47
199,362,43,43,42
363,226,207,208,230
380,262,218,215,237
1029,58,186,174,142
925,172,47,48,52
111,108,161,40,49
339,87,36,25,29
579,320,45,42,46
306,484,96,97,97
807,419,49,47,52
21,297,37,29,36
311,215,193,191,212
9,303,39,35,39
759,113,43,47,49
1006,353,44,46,51
1195,290,239,235,253
708,414,44,44,50
1125,473,225,224,242
43,78,158,156,174
280,78,40,32,32
825,260,212,217,244
831,404,45,47,51
821,79,50,46,51
773,78,45,46,50
779,482,160,155,166
642,429,39,44,46
1097,317,242,240,255
1002,89,50,49,52
560,267,230,227,254
475,158,46,44,46
305,343,43,44,44
586,263,233,233,255
242,401,42,43,46
1135,411,229,228,241
1064,338,49,49,55
1149,324,231,232,246
670,393,88,90,62
725,31,94,64,57
1100,304,235,234,253
411,330,43,43,49
400,139,41,40,44
437,33,37,32,38
1168,433,235,232,249
409,10,35,27,28
815,104,45,46,50
630,320,44,43,47
320,453,78,70,53
838,486,175,163,124
634,20,51,51,52
716,424,41,46,50
1168,456,231,233,249
99,291,34,30,30
105,19,121,112,118
1028,66,101,90,75
686,126,44,46,49
1034,432,47,47,53
568,359,45,44,47
192,455,51,49,49
969,217,46,48,51
585,164,44,46,48
921,110,47,48,49
623,376,43,44,44
83,168,170,162,167
712,204,242,238,255
626,388,42,43,48
265,108,36,23,28
601,124,43,46,47
404,6,34,27,27
210,445,47,47,50
128,279,216,212,237
646,145,46,46,51
468,18,107,83,61
1034,120,50,50,53
950,353,47,45,48
782,310,47,47,49
509,300,42,44,46
18,171,169,40,46
1087,63,255,253,255
177,281,211,208,232
649,225,239,237,255
411,188,210,209,234
435,20,39,31,33
132,264,217,212,234
952,317,46,47,51
564,194,229,228,254
263,36,212,213,231
212,316,43,41,47
1027,485,49,48,53
701,340,45,44,50
291,227,194,190,211
997,258,49,48,52
583,485,150,146,143
660,346,43,44,48
1053,219,50,51,54
897,456,49,50,51
744,171,47,48,51
37,257,32,30,30
841,427,49,47,53
1025,320,47,45,52
132,150,134,138,158
500,485,122,107,67
415,167,43,47,49
328,326,44,45,43
571,208,73,65,93
546,133,44,42,48
1179,401,239,237,252
658,55,44,44,46
552,343,43,45,46
958,143,50,47,52
198,146,31,32,38
913,239,237,236,255
418,188,216,215,235
1073,217,58,58,59
1176,373,236,234,250
327,300,45,45,44
1161,90,235,233,253
648,430,42,45,48
385,190,203,202,223
397,276,44,48,51
944,49,84,65,57
357,330,42,43,45
1092,461,243,238,255
1062,195,49,49,55
728,307,45,47,47
1026,495,48,48,52
797,187,48,48,51
454,369,17,21,21
337,356,41,45,44
307,72,34,26,31
660,386,49,44,49
633,164,45,46,49
1175,275,242,236,254
1126,246,230,228,243
9,358,48,45,50
945,149,46,45,52
779,41,50,48,52
190,175,187,185,205
759,120,46,47,50
209,3,162,62,78
865,404,46,44,49
420,487,145,137,149
218,353,42,43,43
112,313,36,32,34
1130,193,229,229,245
239,232,50,37,53
308,256,201,200,223
649,314,47,47,48
162,324,35,37,45
873,207,49,48,52
1023,259,47,47,51
968,59,67,56,57
1118,71,228,225,244
633,7,49,49,49
271,271,42,45,45
126,122,181,133,149
588,388,42,42,45
349,154,40,35,37
436,385,46,43,49
271,253,196,196,216
621,39,45,44,49
434,293,44,45,48
238,155,36,30,32
114,64,152,137,159
515,265,221,219,241
243,417,45,43,47
511,13,80,61,52
370,126,35,34,38
1079,179,227,226,247
1043,104,49,50,55
559,388,42,43,47
182,260,205,202,225
864,391,41,45,47
917,8,124,79,66
494,181,166,166,173
22,70,110,102,111
615,251,235,235,255
918,297,45,47,50
868,303,44,46,52
891,304,47,44,49
897,140,43,47,50
901,452,49,49,51
1001,466,49,49,54
594,389,42,42,46
688,326,45,44,50
99,372,39,39,43
179,129,86,81,101
19,262,37,28,32
813,151,47,46,51
1010,148,49,51,53
271,404,42,42,42
771,466,151,149,151
887,51,104,99,98
412,494,176,173,172
819,451,45,46,52
528,475,141,143,153
438,271,232,233,254
134,471,47,47,50
359,33,37,31,31
126,498,43,45,48
337,354,40,43,48
418,179,47,46,49
1116,44,233,231,249
1089,67,247,247,254
510,252,222,222,243
584,91,43,45,47
907,29,108,103,95
1144,300,233,229,247
365,146,41,36,39
547,381,41,43,42
312,142,31,29,32
1081,345,58,57,60
486,132,42,42,47
835,103,49,48,51
577,60,40,44,45
857,413,48,46,51
525,418,41,43,45
908,2,167,107,76
554,235,231,229,254
1191,487,239,234,252
463,293,75,75,80
681,474,108,82,62
441,432,19,17,18
454,278,77,67,93
55,251,34,31,32
1091,3,245,248,255
865,135,48,48,53
720,175,46,47,52
470,452,147,149,162
376,420,46,43,50
473,152,43,44,48
1116,21,235,232,248
861,83,47,48,53
931,183,49,48,52
802,138,46,44,51
833,387,45,47,50
139,368,43,43,43
495,257,219,216,238
285,241,195,193,215
342,220,200,199,221
578,77,44,44,46
688,49,49,45,50
774,431,48,47,49
979,86,48,48,51
1151,384,232,230,247
947,224,48,47,53
376,76,25,28,28
308,362,43,44,45
695,90,43,49,50
1061,470,49,50,56
297,9,207,209,227
1044,124,48,49,53
845,180,47,47,49
1175,151,240,237,254
583,228,232,234,255
759,373,42,44,45
957,308,45,44,49
134,197,60,55,66
933,435,66,55,85
1011,175,48,49,51
44,241,35,32,29
590,486,131,128,114
207,480,47,46,50
986,61,115,92,75
694,326,50,45,48
323,358,42,43,46
2,281,35,31,38
286,178,190,186,206
60,168,169,29,41
738,102,49,45,49
602,20,46,47,49
1172,8,239,236,253
854,175,46,49,49
471,24,73,54,46
1103,321,237,235,255
477,79,41,44,46
481,139,42,43,45
833,468,50,49,53
445,173,46,45,47
184,275,209,207,231
594,491,182,185,199
587,290,41,43,45
776,235,95,78,101
321,283,44,44,46
660,447,43,45,44
874,327,47,46,52
519,252,223,222,245
552,374,40,40,43
676,246,47,48,51
752,110,45,45,51
229,178,189,187,205
759,341,46,45,49
1013,272,44,47,50
84,376,40,43,43
1007,75,102,89,86
452,141,43,43,47
459,293,50,47,52
670,11,46,48,52
1069,205,54,51,55
762,48,50,47,52
701,449,47,44,47
1054,186,51,50,54
402,51,31,28,27
285,322,45,43,46
974,440,71,50,48
691,361,44,46,47
116,205,217,216,242
787,468,153,151,157
944,31,84,65,57
397,431,47,47,50
233,285,60,48,75
4,24,227,224,247
437,433,80,80,88
520,11,63,62,66
293,267,66,61,87
157,75,155,144,166
244,128,33,26,27
1183,276,236,235,251
381,410,43,42,47
1014,434,47,49,50
1013,368,44,49,51
359,47,34,24,30
24,150,165,28,36
741,204,241,238,255
1124,226,231,228,245
382,50,29,25,25
571,262,234,232,255
952,255,50,48,51
782,112,49,49,51
456,450,175,182,204
968,212,47,48,55
523,281,40,47,49
785,54,51,46,53
912,310,47,47,49
378,345,40,45,45
838,258,245,239,255
421,58,34,35,33
433,261,233,230,253
1007,280,47,48,52
469,46,44,41,42
1163,249,235,233,252
1053,61,108,93,86
86,448,48,47,49
58,496,49,49,52
528,144,46,44,46
650,470,65,57,54
439,52,42,37,37
351,82,28,25,24
780,286,46,48,51
587,350,42,42,44
1186,479,237,236,253
481,123,41,43,46
433,396,45,45,48
1000,233,48,47,51
313,473,122,115,99
955,409,46,46,52
24,296,32,36,35
50,492,87,79,71
225,15,171,162,182
291,425,60,54,43
449,281,49,49,52
678,29,45,48,49
928,440,49,49,51
1071,27,106,101,97
731,473,153,146,165
471,268,40,36,47
851,4,100,98,90
761,481,154,148,142
1071,160,53,51,56
823,186,45,46,51
630,289,47,44,46
1128,143,224,224,240
216,269,204,205,223
843,54,67,59,55
1050,72,93,85,68
927,102,51,49,51
689,364,47,44,51
1043,130,47,48,52
498,290,45,47,50
147,406,45,45,47
287,343,42,44,44
67,387,39,45,47
1146,434,230,227,242
789,464,48,47,51
972,1,106,83,69
642,133,46,43,47
725,70,45,47,49
178,87,31,29,30
992,250,50,47,53
467,32,93,69,51
1106,34,241,238,255
670,368,41,43,46
1056,170,49,51,54
1188,206,239,237,254
319,144,31,31,29
568,128,47,45,46
770,150,51,46,50
946,494,172,156,97
128,345,37,40,43
603,51,48,44,48
595,362,45,46,46
435,441,86,84,91
1041,254,51,48,53
906,103,42,47,50
785,320,45,47,49
1114,308,233,230,244
412,478,92,78,71
433,383,45,44,46
845,238,182,175,161
858,360,46,46,47
524,433,114,107,103
1068,331,46,50,52
1148,486,230,228,241
337,136,37,30,33
162,328,41,39,42
646,45,47,46,50
302,40,43,45,49
382,265,218,217,241
1140,139,230,230,244
49,350,40,37,42
113,231,164,164,176
47,232,38,33,33
769,377,44,46,49
416,431,45,45,46
979,9,112,81,61
1191,200,237,237,253
1137,33,234,230,244
35,162,170,29,36
208,68,32,30,32
348,63,36,23,27
635,230,239,236,255
878,17,97,95,92
393,312,46,43,49
20,59,97,90,103
323,411,41,43,45
891,221,62,56,62
256,360,41,44,45
992,279,49,47,51
346,408,43,42,45
592,148,47,45,48
705,163,47,46,49
119,250,214,213,236
577,69,42,42,46
93,414,42,43,48
329,379,44,45,47
928,268,46,48,52
717,22,78,60,55
610,95,45,44,48
830,240,54,53,59
112,32,187,189,207
1120,165,235,232,249
476,31,67,55,47
244,64,170,170,189
505,381,41,40,44
1091,374,244,243,255
918,494,177,159,127
165,33,173,154,181
1131,283,229,227,240
1082,76,56,57,59
1091,120,131,137,214
129,367,42,41,43
773,136,44,48,48
393,380,38,43,43
759,208,242,237,255
911,499,175,160,114
660,378,46,45,48
880,53,105,100,98
309,272,44,45,48
266,110,31,26,26
382,383,38,43,44
194,338,44,41,46
354,493,65,62,53
733,120,47,48,49
500,160,41,41,40
631,485,150,143,164
805,472,165,162,164
1056,281,50,50,57
49,274,34,31,34
503,447,165,162,178
955,184,48,46,49
0,454,51,49,52
351,174,189,188,208
263,327,44,43,45
821,81,48,46,50
59,466,48,48,50
418,105,38,38,42
567,293,45,43,49
454,271,240,235,255
794,343,44,46,47
552,391,41,41,44
734,11,47,49,52
29,196,61,74,59
424,330,41,44,46
841,97,44,46,51
98,148,193,175,193
14,487,47,50,52
223,155,37,27,29
435,343,45,44,46
634,475,195,188,205
624,207,74,64,63
685,102,44,47,49
872,116,47,47,50
651,28,54,49,52
606,160,47,47,49
2,260,38,32,35
540,432,42,44,48
601,439,51,46,51
925,314,47,48,50
409,64,31,34,33
1154,243,237,236,251
444,402,38,40,45
1094,122,240,237,229
172,434,116,111,104
884,100,49,47,51
1128,182,229,227,245
838,160,45,47,50
793,184,44,50,51
1020,235,48,48,50
968,110,46,48,51
587,428,43,43,45
532,31,44,44,45
926,253,47,47,51
694,239,236,236,254
984,378,46,46,48
89,13,108,98,111
1130,237,231,228,246
767,27,48,52,52
267,270,44,42,47
287,360,42,43,44
907,25,120,111,106
15,260,35,31,35
55,147,162,36,54
356,25,35,32,28
168,69,130,122,139
975,495,44,46,49
805,117,48,51,49
136,374,41,42,44
1081,198,54,55,58
121,34,44,33,41
1078,312,221,225,241
1037,413,44,48,52
1015,27,97,76,61
197,332,40,43,42
837,137,48,45,52
835,437,47,49,51
800,349,45,46,48
563,65,46,45,46
10,334,42,41,45
1018,192,46,49,50
244,13,184,173,199
78,77,147,23,32
257,263,198,196,218
720,401,47,44,48
619,379,39,43,45
228,141,33,27,29
547,464,151,150,159
435,373,44,43,49
1093,421,247,247,255
62,382,42,41,45
256,416,38,45,45
241,113,36,30,35
445,208,224,224,240
1119,429,233,227,244
1020,203,50,48,52
1139,15,230,230,244
284,391,40,44,44
1156,69,236,234,249
1120,265,232,232,245
50,397,45,44,48
479,12,78,61,49
306,363,44,44,47
400,65,34,29,32
723,271,50,46,49
176,285,41,44,43
751,489,163,158,161
95,198,202,210,235
628,200,240,234,255
674,180,239,239,255
942,294,46,46,48
799,4,49,52,54
377,122,35,35,38
438,344,41,44,49
278,41,47,45,48
783,69,45,48,52
141,44,131,116,136
339,175,192,188,210
784,425,43,47,53
54,250,34,29,30
869,26,103,99,97
272,354,43,43,48
80,226,51,49,56
1179,333,238,235,252
642,47,49,44,49
643,315,46,44,47
933,478,47,49,52
43,282,36,30,32
617,432,40,43,47
893,191,47,45,52
612,207,235,231,254
364,174,195,192,213
337,143,35,32,33
649,68,44,49,53
78,193,38,31,36
974,70,83,73,62
658,317,47,46,45
545,201,219,223,244
684,484,116,89,66
1008,379,47,48,51
793,188,47,46,52
179,413,41,45,47
462,448,180,186,206
1011,159,47,49,52
131,391,39,41,46
977,184,50,47,51
850,473,48,47,51
172,325,40,38,43
533,362,42,43,43
5,75,114,102,113
853,50,103,85,64
753,52,45,46,53
244,248,195,191,211
978,174,50,46,50
939,122,45,48,53
330,465,109,105,111
152,417,42,44,45
344,369,39,42,47
148,321,35,36,37
169,432,125,125,122
934,253,47,46,50
214,256,202,200,221
268,165,187,181,203
169,126,116,114,131
1181,18,238,236,253
721,350,46,43,46
144,394,42,41,44
455,66,43,40,42
1163,76,235,234,250
183,148,34,36,39
984,263,45,46,49
784,419,43,47,50
118,65,156,139,162
793,302,44,47,48
363,256,214,212,237
303,300,40,44,45
103,409,45,45,46
337,493,132,132,146
1064,114,52,51,53
279,351,40,44,46
378,251,213,214,236
383,317,47,43,45
1052,234,47,50,53
243,277,208,204,228
187,448,61,58,50
944,302,44,46,50
873,292,48,48,50
262,100,33,31,32
1109,149,237,234,255
305,82,33,26,29
689,259,42,44,48
965,208,48,48,51
729,249,239,239,255
449,312,47,49,50
563,344,44,43,46
1197,297,238,235,254
703,455,97,80,59
843,291,51,47,51
945,288,42,46,49
93,140,161,30,36
960,267,45,45,49
903,15,129,111,97
752,423,47,46,50
202,489,50,47,48
292,241,78,73,86
1029,285,51,49,51
738,193,238,237,255
686,486,114,86,61
565,410,38,40,46
242,40,37,27,32
780,311,47,47,50
476,276,40,41,45
169,24,164,145,169
1184,5,241,237,254
750,121,44,48,48
1127,306,229,226,242
477,438,184,186,203
454,26,75,55,42
129,370,39,40,41
730,414,43,45,48
329,114,33,29,32
112,491,50,48,51
646,259,47,44,50
83,462,53,52,51
1152,17,232,233,250
435,83,43,39,42
1012,128,44,47,51
277,404,40,44,43
578,488,166,162,169
1079,81,57,58,62
11,101,140,21,31
895,355,49,43,51
200,25,188,160,170
541,103,44,46,46
91,369,39,41,40
23,148,166,28,39
456,72,41,43,44
1121,24,232,229,245
200,294,43,40,42
1076,260,53,54,59
844,473,48,51,50
770,4,42,49,50
700,300,43,44,47
190,494,44,45,49
888,186,49,50,52
777,45,51,48,53
90,363,40,40,41
409,390,46,46,49
684,370,43,46,48
579,55,40,45,47
1187,177,236,235,251
44,100,38,29,30
948,12,121,84,67
345,468,68,66,59
431,461,89,87,97
351,132,34,34,37
780,440,44,47,49
66,240,34,34,37
375,28,35,29,28
690,319,49,47,48
573,462,123,118,115
729,350,40,42,45
373,293,44,43,47
1144,386,233,228,248
1028,60,172,156,137
11,117,149,22,33
399,466,51,51,52
815,325,44,45,50
242,433,72,71,54
1042,217,50,47,52
960,255,50,48,56
380,157,39,40,42
997,297,48,49,52
1199,436,236,235,251
287,358,44,43,46
836,290,45,46,51
526,262,226,226,249
307,73,32,27,31
872,172,44,45,51
1029,213,47,47,49
166,485,47,47,52
932,357,48,48,49
970,355,46,47,51
59,139,157,32,35
136,444,50,46,49
1077,273,50,52,56
385,286,42,44,50
444,198,227,224,247
1117,323,234,233,250
1125,20,230,228,245
106,208,223,223,249
1101,134,239,237,255
498,30,84,63,50
943,227,44,48,51
496,421,42,43,43
996,288,47,47,50
1070,57,82,72,64
841,240,124,123,166
842,39,85,77,69
6,154,171,33,38
663,426,41,43,46
550,222,227,231,255
288,295,43,45,45
1079,132,56,55,62
1094,45,228,228,244
165,205,149,147,164
631,56,47,45,49
955,433,143,156,187
201,163,29,27,32
877,98,45,47,52
1189,160,240,236,250
1151,271,232,233,249
1082,239,54,56,57
282,410,46,43,45
424,81,37,39,40
316,48,34,26,30
150,216,198,192,216
192,391,40,44,46
1087,17,58,59,60
382,476,61,54,49
969,125,47,47,51
768,363,42,44,49
352,124,31,31,33
727,103,48,45,49
968,177,46,47,51
371,301,46,45,47
414,57,32,29,34
553,391,38,42,45
842,330,46,45,49
163,47,152,137,162
567,470,141,137,139
143,141,155,151,171
785,311,47,46,48
403,150,35,43,44
1141,40,231,229,246
202,419,42,45,46
603,106,45,45,46
196,346,44,43,46
1110,417,237,234,246
415,423,45,43,46
150,144,169,165,180
396,23,44,36,32
133,208,200,199,220
492,497,101,93,58
529,295,42,44,45
993,18,126,95,70
1131,489,228,225,241
1153,344,236,233,249
750,103,47,46,49
606,108,42,45,46
478,17,81,62,52
1099,50,236,233,253
277,343,42,43,44
358,395,40,45,43
810,20,54,51,54
771,44,51,49,54
774,424,47,49,50
786,167,44,45,50
847,126,47,48,49
281,191,184,184,204
26,238,33,30,30
293,16,184,187,209
249,68,44,46,47
1155,278,234,234,248
63,413,41,46,47
195,9,156,27,39
548,144,40,44,45
677,429,45,45,45
353,41,41,32,30
761,166,48,47,51
1087,218,255,252,255
1126,0,230,226,244
58,408,46,48,49
346,127,32,31,36
96,208,220,220,249
557,269,111,121,149
180,48,167,104,109
53,349,40,41,42
379,328,43,44,45
358,140,38,35,38
453,470,180,182,202
664,51,48,45,49
217,435,49,45,49
129,359,39,40,42
792,414,105,106,88
296,413,42,42,45
85,279,34,32,32
473,492,116,106,62
262,49,145,151,173
101,138,159,32,40
738,423,44,45,47
1006,80,95,81,64
932,335,44,43,50
584,220,232,235,255
939,166,47,46,49
162,50,149,135,158
83,181,210,201,222
229,228,190,187,207
679,82,46,45,47
1066,359,51,50,54
654,69,48,43,50
87,45,31,26,27
1032,143,47,50,55
699,215,241,237,255
846,154,47,46,53
995,252,50,48,49
1182,347,239,237,254
1064,456,53,51,52
199,100,103,109,124
306,219,192,188,209
635,381,41,43,46
297,260,204,202,224
156,343,37,40,41
270,236,79,84,94
716,409,47,47,50
1112,291,229,229,246
632,354,44,43,46
47,109,149,21,29
425,470,141,78,72
930,390,44,46,49
914,329,44,46,50
96,57,34,35,36
604,226,237,235,255
113,244,211,206,232
370,149,40,36,42
425,483,110,98,99
523,475,120,118,106
8,374,46,45,47
553,330,39,42,43
965,475,45,46,51
116,97,159,28,40
17,443,53,51,55
377,351,40,43,46
117,185,200,202,220
1180,316,236,237,251
539,435,165,169,167
530,474,117,114,114
1198,222,240,235,254
459,404,51,52,53
837,79,50,46,52
322,122,31,28,33
504,322,43,43,45
160,201,161,159,167
503,184,208,209,228
1072,439,54,50,60
4,41,225,220,245
18,290,36,35,35
986,410,44,48,50
758,224,179,181,213
38,254,39,30,32
1132,288,230,230,244
735,383,44,45,48
860,345,46,48,52
1025,191,49,47,53
323,188,189,188,209
543,492,121,110,86
1171,214,236,234,252
354,283,45,45,48
839,399,44,46,47
375,208,204,208,225
111,223,201,200,224
1005,244,45,48,51
685,26,51,49,53
204,272,205,204,224
342,419,42,44,45
105,322,36,30,34
795,174,47,45,49
549,330,40,40,46
1125,317,230,227,242
901,200,49,45,49
686,218,231,237,253
1171,389,237,237,251
781,292,44,46,52
995,402,47,49,50
1087,265,104,86,83
1073,110,50,52,56
1159,324,234,232,249
949,39,108,82,61
938,478,50,48,52
84,29,115,105,112
853,442,47,46,49
760,458,48,47,51
174,177,197,190,212
57,173,170,34,42
1036,448,46,49,52
848,142,43,47,52
307,295,46,42,44
352,268,214,216,236
239,72,142,146,159
806,128,48,46,52
853,240,59,59,62
212,206,44,38,43
686,178,51,53,57
762,155,43,46,48
346,202,200,199,220
1141,215,229,231,244
672,486,106,80,58
188,294,36,39,40
978,452,73,65,96
517,284,48,44,46
142,139,138,145,158
273,364,43,42,47
1101,80,234,232,251
933,66,90,88,81
334,395,40,43,45
0,457,51,48,51
582,83,44,45,46
334,252,209,207,228
1108,184,240,235,255
1103,260,237,234,253
51,164,167,27,35
165,371,40,44,42
396,381,39,42,44
101,310,36,31,35
544,118,41,44,47
282,477,112,109,86
649,432,41,44,49
672,199,237,237,255
266,239,188,191,203
496,371,42,41,44
1096,201,239,242,255
632,227,208,204,226
1070,186,51,53,57
927,34,195,149,94
365,189,199,198,220
818,65,46,46,51
115,302,34,32,35
645,251,43,45,48
729,474,155,147,161
1017,55,95,76,62
34,16,225,224,242
320,46,32,27,29
1049,419,46,49,52
312,407,41,45,47
242,105,37,37,39
987,57,105,78,67
257,198,174,173,189
894,326,44,46,50
691,73,47,46,48
959,157,45,48,52
1045,126,47,47,54
378,164,43,41,45
986,116,48,48,54
969,18,101,76,61
177,366,42,42,48
947,114,46,47,52
1186,133,237,237,254
478,442,178,183,200
365,445,89,84,72
989,438,50,46,48
23,5,118,110,128
1142,185,233,231,248
166,130,118,118,135
154,70,161,147,168
313,169,43,43,47
466,402,44,46,50
274,154,35,28,34
916,368,44,46,49
855,275,48,48,53
701,334,41,45,49
483,35,75,61,48
193,286,46,42,48
985,430,47,47,49
720,163,46,46,48
682,445,45,43,44
240,210,171,173,192
335,398,46,43,46
397,264,216,220,241
159,479,48,44,46
126,192,101,89,115
877,123,51,47,49
535,11,81,61,48
78,141,159,28,40
634,212,58,61,66
33,54,147,139,153
565,47,45,43,47
125,104,160,30,36
1135,333,231,229,244
1143,231,231,229,246
31,237,34,28,29
588,222,237,237,255
855,93,51,47,51
786,444,49,48,51
1125,360,228,226,244
84,195,138,145,164
33,237,36,28,28
181,82,34,28,31
988,170,46,48,49
639,3,49,49,53
383,52,32,26,27
342,448,72,68,54
304,279,44,43,49
788,312,45,44,49
224,339,42,44,44
644,496,110,93,99
1092,110,80,78,65
695,185,239,236,255
1134,315,230,226,240
932,163,49,50,51
683,375,43,43,47
1177,69,238,236,253
655,46,45,45,50
792,490,167,162,180
884,192,47,49,51
884,384,48,47,52
106,360,43,38,43
567,306,44,44,44
386,48,28,24,28
920,455,50,49,52
540,310,40,41,45
669,178,169,165,179
893,195,47,46,51
1119,442,237,230,246
770,269,59,58,58
956,80,49,48,51
304,491,45,45,50
119,129,59,25,29
1124,384,232,229,248
833,46,88,75,66
618,70,43,43,45
800,14,50,52,55
1174,368,238,235,251
39,235,36,33,31
594,100,41,42,48
278,261,202,200,221
358,89,30,25,28
907,13,202,143,80
150,27,164,145,170
449,465,164,159,173
146,54,137,123,143
1016,366,49,47,53
758,110,50,45,50
944,487,49,47,50
914,435,50,46,52
804,191,50,46,49
677,142,46,46,50
892,293,47,46,51
669,128,47,45,49
1147,54,234,231,248
2,371,44,44,46
631,291,44,46,49
607,179,49,49,54
1138,421,229,227,241
510,0,119,101,97
899,299,46,46,50
965,483,49,48,53
1090,437,240,239,255
988,141,48,49,51
630,116,45,45,47
1055,428,47,47,53
438,394,45,46,48
31,45,71,68,77
853,467,46,49,50
883,83,47,47,51
576,216,236,235,255
1074,300,51,51,55
751,352,44,46,48
411,166,45,44,46
1113,260,233,229,249
906,120,46,48,51
167,430,77,71,62
837,93,46,47,50
593,483,180,178,185
549,192,228,228,253
395,20,40,32,29
744,340,44,47,50
1071,230,51,52,56
150,25,160,143,168
307,165,190,185,206
235,296,44,42,46
1167,41,237,235,252
858,196,47,48,50
234,422,59,59,47
1166,484,230,231,249
496,128,65,63,65
38,140,157,28,38
1011,171,48,48,51
791,55,46,47,51
540,128,49,44,49
979,171,49,48,52
448,496,174,177,198
881,135,45,47,49
492,160,50,47,53
728,198,236,235,255
1193,50,238,235,253
799,130,43,46,51
33,181,114,60,64
435,27,41,33,34
1145,343,230,230,247
122,444,45,48,52
997,250,44,49,49
1038,154,48,47,52
516,85,38,36,35
1157,66,236,234,249
663,343,44,44,49
71,200,81,74,90
847,127,45,48,49
1179,302,237,234,255
924,344,48,44,49
544,202,226,228,249
714,479,150,143,157
603,132,40,45,48
779,460,43,47,50
10,325,41,39,44
816,456,46,47,50
352,94,29,26,29
1087,133,63,59,63
739,370,41,46,46
378,351,41,44,44
356,356,43,44,47
986,416,46,47,51
489,166,68,65,68
1094,95,241,240,255
992,464,46,46,52
136,368,44,42,45
91,454,49,47,50
345,104,30,28,29
1007,207,43,48,50
320,11,51,53,53
389,267,222,218,244
102,132,159,33,39
900,162,47,48,49
1115,266,230,227,245
1094,184,249,248,255
40,121,147,25,33
232,45,41,35,36
184,19,155,27,36
973,429,46,45,51
616,77,46,45,45
262,435,64,62,53
1100,170,241,239,255
1018,196,48,47,53
456,70,44,41,44
693,369,45,44,46
981,390,49,47,51
806,155,47,47,50
139,397,40,43,46
94,114,168,90,103
499,26,80,61,50
261,44,188,192,214
1110,111,236,232,247
392,210,76,76,79
519,336,42,42,46
317,368,44,45,46
35,434,50,50,49
393,83,33,28,34
101,311,34,33,34
1123,97,227,224,242
1198,305,239,237,255
466,459,181,188,204
138,58,149,134,150
686,267,49,47,50
938,412,48,46,50
911,280,48,49,51
242,148,34,24,31
1096,259,237,236,255
1178,256,240,235,253
12,384,46,46,50
567,347,41,43,45
1160,49,237,237,254
940,201,50,50,50
1106,318,237,232,254
383,262,217,215,238
1065,436,46,52,56
1160,348,236,233,250
1144,244,234,230,247
898,335,48,45,49
384,17,36,28,26
44,96,42,29,43
172,383,42,45,48
25,40,90,74,95
1191,75,240,237,253
1002,480,51,48,53
833,381,47,46,51
133,266,216,212,236
1141,379,228,227,242
970,30,96,74,59
537,409,45,43,46
380,78,31,30,30
932,204,46,46,53
721,362,45,46,48
274,165,185,182,201
802,86,50,47,49
269,449,57,59,50
1051,151,52,48,55
1166,12,238,235,255
155,207,193,191,213
463,103,43,45,45
79,3,58,60,64
775,491,159,159,168
1175,417,237,236,252
493,29,79,59,47
739,399,155,152,165
728,12,52,50,53
116,95,159,37,55
203,106,129,125,137
1019,254,49,47,53
680,398,79,85,129
1022,116,49,47,52
843,153,47,47,49
188,465,50,49,48
154,247,205,202,225
349,485,57,58,55
472,227,209,206,225
932,237,46,47,49
302,346,45,44,48
796,120,45,49,51
665,451,74,59,53
1135,292,230,228,240
1174,460,237,233,249
914,459,46,49,49
573,217,234,231,255
374,100,31,32,34
1136,227,228,228,242
1070,241,52,49,54
108,194,192,193,222
302,174,191,186,208
856,127,49,47,52
1041,232,52,48,55
715,346,42,43,47
584,130,43,46,47
733,454,48,48,49
683,328,43,46,47
881,195,47,46,51
558,146,42,44,46
840,180,45,48,51
938,172,49,46,51
181,63,160,148,172
1138,239,231,232,246
47,496,76,71,65
527,92,42,45,50
1067,53,91,87,82
820,306,44,47,51
310,365,43,41,44
345,490,66,63,53
101,30,159,152,174
586,73,43,45,46
925,140,46,48,53
726,286,44,46,48
498,218,216,213,234
853,389,42,45,49
115,390,42,43,45
751,269,51,50,52
855,259,241,240,255
436,389,46,44,50
710,280,48,45,48
1153,67,234,233,250
718,402,43,48,51
745,453,43,46,52
710,443,46,46,47
1197,296,236,234,254
893,291,45,46,47
27,51,46,30,41
44,61,113,105,114
731,232,65,60,63
442,71,42,39,43
149,332,34,40,41
1166,9,238,236,253
128,478,43,47,51
496,98,45,43,47
771,471,167,164,177
803,282,48,47,47
329,333,42,45,46
247,76,47,48,51
641,229,238,237,255
313,279,45,42,44
970,372,47,48,49
485,170,56,48,53
126,255,218,214,237
875,425,89,104,149
766,158,46,47,49
263,224,191,186,208
928,180,47,48,52
756,346,45,49,52
532,133,47,45,46
1184,442,234,234,249
1124,295,227,224,242
623,191,236,236,255
277,213,135,127,134
731,246,242,239,255
339,40,56,41,34
1014,368,44,49,49
10,446,59,59,58
790,281,57,59,82
813,126,46,46,47
689,316,43,46,48
1012,229,44,48,52
464,190,223,223,246
198,376,40,44,45
787,492,158,152,166
995,29,121,94,71
306,369,43,42,44
1084,480,104,95,101
221,172,189,181,206
594,368,42,40,44
1043,463,49,47,52
120,33,42,36,40
526,308,42,46,48
760,92,44,46,46
779,305,45,46,48
622,434,45,45,47
1181,493,236,233,251
861,193,48,45,51
1193,249,238,236,253
471,454,181,184,202
921,311,44,43,48
22,174,152,47,59
117,468,49,48,53
703,467,132,112,88
853,291,44,46,49
564,453,131,128,135
741,106,44,46,49
1112,483,233,230,243
428,123,42,43,44
371,351,43,44,44
1011,224,48,48,54
1179,102,238,235,253
984,253,48,48,52
749,6,53,50,52
1121,353,229,229,246
562,86,43,45,45
53,262,31,30,34
814,78,52,50,54
206,185,189,182,204
548,17,49,46,49
1003,121,51,48,53
787,350,47,46,50
209,425,49,48,50
507,372,45,40,46
767,33,50,51,56
204,188,190,185,207
772,115,49,46,52
579,194,232,230,254
85,496,47,46,50
447,85,42,41,43
159,328,42,38,45
1018,324,47,49,52
1105,225,239,237,253
73,78,47,41,40
15,354,47,42,46
824,419,58,49,49
810,254,241,241,255
1186,2,238,237,252
26,32,231,228,254
879,99,49,51,51
785,49,48,51,53
532,315,43,42,46
268,371,42,44,45
882,482,120,113,74
765,352,46,44,48
990,415,45,46,51
951,369,46,46,50
818,239,64,58,61
682,369,44,45,50
1147,143,233,231,250
533,425,39,44,44
775,341,45,45,50
34,196,80,87,87
909,427,93,94,59
621,196,238,235,255
566,370,45,42,47
734,38,51,48,50
910,344,48,45,48
350,257,212,211,233
306,471,125,117,96
537,309,45,44,47
1191,165,239,237,255
1193,308,240,235,251
191,272,209,207,228
80,316,37,33,36
751,227,60,62,69
767,369,46,45,46
961,213,46,47,50
806,150,49,48,50
644,320,42,44,47
139,236,83,79,88
285,172,184,182,202
952,351,44,47,50
383,113,33,35,38
105,321,36,32,34
612,48,44,44,50
569,79,47,46,48
638,476,178,179,198
965,147,46,49,54
567,298,44,44,49
421,200,222,219,239
245,25,200,192,213
490,129,39,45,47
1193,90,238,237,252
979,384,44,46,49
887,65,84,80,75
580,170,45,45,50
342,128,37,31,31
1127,135,229,226,241
266,221,192,190,208
510,69,20,23,24
916,194,51,48,53
706,389,44,45,47
540,459,154,151,164
134,249,209,207,229
1005,174,46,47,53
651,346,46,44,46
1175,287,239,237,252
732,438,47,45,47
1179,345,241,235,252
484,169,42,46,47
816,334,45,48,51
593,422,43,45,44
484,332,40,45,44
333,53,30,26,26
1018,379,44,46,48
532,241,221,222,244
682,172,48,49,51
1051,291,59,54,62
544,404,42,42,47
1096,429,241,239,255
335,13,41,37,41
805,378,46,45,50
295,64,37,30,35
185,425,50,48,49
516,353,43,42,46
111,228,198,195,219
1096,199,243,241,255
589,473,108,99,81
317,492,49,46,48
817,317,47,45,49
209,45,167,43,48
1131,457,226,226,240
336,146,35,32,35
94,303,39,33,34
639,287,46,45,48
250,462,88,81,52
209,365,43,42,45
513,76,37,31,38
266,280,45,44,46
414,246,159,154,156
203,490,45,47,48
278,78,36,33,35
260,119,35,25,29
388,60,32,26,30
1067,399,48,51,54
1042,420,49,50,53
661,309,40,45,47
696,408,45,44,47
29,235,36,28,28
310,108,34,24,29
1164,333,236,236,250
166,312,41,39,43
391,436,198,200,220
1155,105,235,233,249
1085,34,250,251,255
1028,295,46,47,51
149,303,34,36,37
853,131,46,46,51
1122,452,228,228,245
522,88,41,46,46
150,448,48,49,52
465,196,225,226,247
1165,328,237,234,251
674,55,41,45,49
602,213,229,231,254
1019,302,50,45,52
771,135,49,46,51
443,167,44,45,47
328,444,65,65,53
1169,28,236,235,251
361,310,42,44,46
39,210,52,48,51
1182,244,240,236,251
861,446,48,47,50
1040,296,98,84,179
682,91,44,48,50
246,246,192,190,210
7,371,45,47,49
387,434,186,193,204
852,24,92,87,84
165,148,40,44,47
598,391,45,42,47
484,28,71,56,48
1099,318,237,236,255
190,40,193,172,183
1038,258,49,49,53
182,105,113,116,132
0,459,49,48,53
971,395,47,47,50
976,498,52,52,52
216,297,40,40,44
309,445,63,62,55
655,313,46,45,49
45,47,112,103,122
171,390,42,43,45
452,79,42,39,46
287,111,33,25,28
180,409,41,43,45
118,265,213,212,236
484,274,52,52,58
441,344,45,45,45
698,243,52,49,57
277,88,34,28,30
776,476,157,156,168
820,269,47,48,53
581,422,43,42,44
688,184,237,235,255
668,471,99,75,57
723,424,45,44,47
1018,31,95,76,60
637,413,45,44,45
33,187,100,95,102
845,203,45,46,50
242,183,185,183,201
470,324,56,56,58
824,323,44,48,49
168,300,36,36,37
1097,363,244,241,255
677,64,49,46,50
148,326,31,38,41
703,498,125,104,74
806,227,242,242,255
1016,480,46,49,49
28,396,47,44,46
799,13,51,50,54
928,403,45,45,48
133,261,211,210,233
832,286,47,43,52
11,459,49,49,52
923,384,48,46,50
566,182,230,229,254
153,478,45,48,49
689,318,45,48,47
