x,y,R,G,B
2,78,119,107,115
749,262,237,235,254
1082,427,250,251,255
1169,173,237,236,251
904,232,237,235,255
197,357,42,42,44
514,443,164,160,174
991,287,47,46,52
444,138,40,44,44
1158,467,235,232,245
439,357,47,46,49
273,196,171,167,183
656,443,48,42,47
478,150,44,44,47
306,494,43,46,46
454,76,43,39,42
974,29,94,71,60
29,377,41,44,44
1177,191,240,235,251
219,287,46,43,49
848,373,45,44,49
1180,450,236,234,249
1080,495,240,243,255
1146,253,234,232,246
1042,102,49,48,53
198,267,206,204,224
954,351,44,42,48
565,255,231,230,253
809,125,48,47,48
18,11,221,219,241
1094,92,224,210,195
843,129,48,45,52
981,403,48,45,50
653,374,43,44,47
527,362,42,40,44
1113,144,233,230,251
841,107,45,48,48
46,436,49,48,48
967,263,44,47,50
999,142,46,47,51
478,194,208,206,227
519,104,44,45,45
885,420,41,47,50
591,399,41,42,46
282,432,74,71,55
623,386,44,45,47
891,71,49,49,50
94,28,118,110,120
354,486,59,58,53
439,109,40,41,45
1032,410,48,50,52
392,276,47,47,50
1095,498,235,233,253
887,182,49,47,52
274,332,45,44,45
1140,36,232,229,246
1049,301,54,52,58
189,312,42,42,41
1149,319,236,234,247
439,397,67,58,64
992,221,44,48,51
1193,428,234,234,251
637,460,176,178,202
847,259,241,237,255
357,182,198,195,217
993,285,47,47,51
83,328,40,36,37
950,218,48,48,51
287,65,34,36,39
1101,464,234,231,249
415,165,40,45,44
851,477,110,100,62
1108,107,231,230,248
702,23,53,49,52
1154,205,238,234,247
69,104,150,24,32
428,47,35,33,32
983,427,49,46,53
646,152,46,45,49
1000,370,49,46,50
412,437,114,114,116
1003,274,44,48,52
467,284,62,62,70
507,98,32,29,26
26,119,148,21,27
240,361,44,46,47
191,445,50,46,51
943,350,51,46,50
423,254,224,223,248
1084,406,70,67,64
20,432,49,50,51
822,270,49,49,54
344,271,52,51,49
509,33,89,63,52
116,370,41,38,44
533,55,47,43,47
1188,250,237,235,253
259,357,43,43,47
17,200,56,59,66
1036,269,49,51,54
465,448,176,180,198
555,138,41,45,45
394,186,198,200,221
910,252,241,240,255
124,485,52,49,52
52,72,35,27,28
836,94,46,47,49
55,296,32,32,31
124,89,159,145,165
6,478,47,46,49
931,161,50,47,53
827,387,47,47,49
190,291,42,41,44
365,48,27,23,27
612,397,43,44,48
9,489,55,54,54
390,174,44,45,46
859,291,47,45,48
32,479,47,48,50
233,189,191,187,207
1163,230,235,235,252
162,454,48,51,49
408,497,99,94,86
278,170,188,185,204
1058,388,48,50,54
562,475,129,121,111
314,198,197,193,213
65,29,136,128,146
122,146,45,32,39
1062,281,60,58,61
563,262,233,234,255
28,147,160,27,36
704,496,120,101,76
643,247,45,45,51
712,160,49,46,49
622,53,45,44,47
793,298,46,45,52
89,367,42,41,43
966,231,46,47,51
134,461,47,46,52
369,326,45,43,46
1145,446,234,229,245
748,270,45,50,49
1016,205,47,48,52
343,497,66,60,52
244,131,29,24,28
665,404,44,45,47
487,108,43,43,46
958,286,44,47,51
614,217,120,119,120
256,471,107,97,65
1047,157,47,47,52
386,83,32,28,30
395,70,31,30,32
589,238,234,234,255
257,219,184,185,205
1039,247,48,49,52
225,125,36,31,35
353,415,41,42,46
1011,415,48,46,52
1011,300,49,50,52
552,145,48,44,49
76,242,45,47,54
91,39,46,40,40
254,245,193,192,212
378,94,30,29,31
1152,478,229,226,246
862,477,51,51,52
470,39,73,57,47
524,25,67,45,35
957,56,64,57,56
63,61,126,116,139
1124,125,229,227,242
352,378,45,43,46
742,171,50,49,51
60,90,188,173,174
144,287,39,34,40
285,338,40,43,45
934,470,49,50,50
215,226,192,189,208
1002,388,49,47,50
11,316,44,42,46
1154,380,235,234,250
179,32,172,134,153
1031,135,51,50,52
171,402,47,43,49
31,271,35,26,32
846,479,169,157,96
365,232,193,196,221
19,71,109,100,107
600,9,53,49,52
506,432,162,163,166
221,346,45,43,47
109,38,193,190,210
95,335,39,38,38
1026,193,46,48,52
888,52,103,100,97
940,475,47,48,51
82,182,202,197,219
885,31,112,108,107
48,17,64,60,66
902,444,57,50,53
674,298,44,46,48
104,182,242,243,255
750,286,46,45,49
494,446,168,169,185
274,490,89,76,57
677,306,46,46,52
1143,242,232,231,246
686,245,48,48,51
648,313,44,47,47
705,454,58,49,46
595,166,46,47,48
836,47,97,81,65
152,197,194,193,211
580,433,42,45,45
758,103,45,46,48
243,477,69,69,57
356,188,194,194,214
856,435,49,48,51
847,138,47,49,50
513,441,160,161,179
247,378,44,40,45
737,25,49,49,52
921,165,48,46,51
726,277,46,45,48
472,362,45,45,47
348,432,93,89,60
85,25,111,102,111
71,130,156,27,37
939,40,96,74,58
1089,318,217,200,184
831,229,241,239,255
351,348,40,43,44
982,30,102,81,62
81,165,51,31,41
514,496,100,91,58
82,13,44,37,52
71,100,153,25,31
1145,179,234,231,249
291,242,131,132,149
93,105,155,26,32
743,135,47,46,50
469,221,191,192,214
970,401,44,45,47
485,469,177,185,202
605,226,236,234,255
400,80,29,31,31
730,82,45,46,48
419,62,35,33,37
645,228,238,236,255
1107,63,236,234,250
1125,43,231,229,244
1055,318,53,48,53
112,319,34,33,35
129,40,156,138,161
335,471,141,137,151
236,476,52,50,48
108,98,156,28,38
622,369,43,44,48
842,406,47,46,51
921,265,42,49,51
555,494,130,123,110
966,17,100,73,60
946,225,47,47,52
1039,195,48,48,52
324,342,44,43,47
711,141,47,45,48
858,431,48,47,50
1099,62,240,239,255
207,449,46,47,51
54,116,149,23,29
528,324,41,42,47
834,140,45,46,50
406,347,44,44,44
1090,135,147,138,105
696,297,44,45,46
630,85,50,45,49
323,186,192,189,210
747,328,46,47,47
104,252,220,215,237
1072,74,72,63,61
630,454,191,192,213
888,263,238,238,255
746,34,47,48,51
399,377,43,44,44
1033,22,102,80,62
298,51,37,38,43
45,485,58,53,51
1180,200,237,238,253
941,351,45,46,50
1022,437,43,46,50
1139,186,231,230,247
1040,3,101,78,64
859,361,48,47,49
8,64,28,20,29
867,114,46,47,52
287,457,71,65,51
1076,59,103,82,68
1162,189,240,235,252
1042,230,46,48,53
421,365,40,44,45
517,32,49,46,44
1021,350,50,47,51
25,260,35,28,29
143,30,143,122,144
72,419,62,59,54
830,150,51,48,53
210,253,201,198,221
140,63,151,136,158
96,25,113,107,119
1087,423,234,211,222
612,173,52,50,52
1124,415,231,230,245
297,52,36,39,42
1154,224,235,236,249
956,386,42,47,50
1096,274,237,236,255
70,290,35,29,29
1058,267,52,49,54
1159,489,228,230,248
1115,218,232,230,248
414,387,43,43,47
603,189,232,229,254
1006,162,46,48,51
216,163,37,27,30
344,50,34,22,26
91,193,243,241,255
369,228,213,208,232
1031,268,47,48,51
366,289,44,44,47
905,238,241,237,255
355,193,198,196,218
653,189,239,237,255
853,477,86,79,50
931,452,124,114,105
988,487,50,47,51
189,376,43,43,45
674,419,41,44,47
347,220,201,199,222
96,193,250,248,255
331,253,207,205,228
718,200,237,236,255
1139,211,228,229,243
366,206,53,52,54
421,403,44,45,46
1146,24,233,232,249
850,199,46,47,51
12,205,29,29,31
443,122,42,43,44
738,187,96,91,107
529,391,44,43,40
323,347,43,43,45
1053,81,65,63,60
798,434,50,48,49
1117,27,232,231,246
921,226,52,48,52
238,156,50,43,52
811,198,48,48,51
86,320,34,33,34
519,127,46,43,49
572,410,42,43,45
508,360,43,41,45
249,285,80,84,105
1167,279,238,236,250
77,306,40,30,32
423,347,45,40,45
1194,315,238,235,253
1174,110,236,235,253
83,240,212,214,238
92,325,37,31,37
1165,367,232,234,247
630,227,233,230,255
621,46,44,45,48
228,205,48,40,53
777,489,153,147,159
514,4,108,83,62
852,394,48,45,50
433,207,128,125,130
793,97,50,47,49
1147,7,234,234,247
598,207,64,59,63
285,190,181,181,202
1160,46,238,236,253
1189,461,236,233,250
532,25,79,60,50
1013,291,44,48,49
916,408,46,46,49
297,16,148,150,168
506,404,39,41,46
722,386,44,44,49
937,444,65,59,47
437,247,229,227,249
770,246,240,238,255
133,233,185,181,205
664,89,48,47,50
664,30,47,48,54
981,470,48,46,51
666,289,46,47,50
938,127,44,46,50
500,428,43,44,48
298,360,43,41,47
964,157,48,47,51
1096,43,234,235,254
811,329,46,48,51
74,379,41,41,44
230,90,38,38,44
1160,27,236,235,252
1149,367,233,232,247
964,130,50,47,51
997,202,48,49,53
976,57,78,64,56
449,232,225,222,244
612,350,42,43,44
873,492,135,123,84
389,387,39,44,48
838,26,86,83,77
42,496,89,82,77
705,91,46,47,50
362,375,43,44,44
402,432,48,47,50
1164,108,238,234,250
91,81,152,27,39
791,107,44,47,50
731,145,44,47,50
1157,35,236,232,251
457,109,42,40,44
571,404,46,44,45
700,468,125,104,73
805,121,45,46,49
657,77,45,45,49
914,356,45,45,51
122,253,217,214,233
1006,116,44,48,53
437,228,228,227,252
874,186,46,45,51
66,284,37,31,31
102,31,186,182,203
1000,248,47,47,50
861,239,69,62,68
1191,342,239,237,252
85,252,218,217,237
865,218,150,143,150
854,124,45,48,51
552,131,44,45,49
109,73,141,125,144
1004,23,116,86,66
1107,24,238,237,254
364,420,40,42,44
812,496,156,146,146
710,16,129,85,62
906,38,87,80,73
375,59,36,28,29
405,374,43,42,45
269,475,107,99,80
1043,302,184,180,211
795,195,48,46,52
678,7,48,50,52
680,196,237,237,255
861,325,47,48,51
1013,367,45,47,50
356,287,43,43,45
439,476,114,99,77
49,134,156,23,31
31,196,63,82,65
1086,257,245,246,255
368,364,43,43,47
1060,413,49,48,53
411,151,47,41,45
1140,203,230,227,244
1095,155,248,246,255
228,474,56,56,50
776,198,46,49,52
407,320,42,46,48
54,242,36,29,31
141,126,205,195,216
930,221,45,47,51
555,18,49,47,49
1165,419,232,232,249
1026,144,51,49,53
215,310,42,41,44
114,177,246,245,254
659,341,51,46,50
601,356,45,43,45
262,361,41,44,45
856,381,46,48,50
436,92,40,41,43
671,78,48,48,50
270,135,30,29,30
1049,82,65,62,59
1172,306,239,235,254
692,50,49,47,49
509,490,122,112,76
867,332,42,49,48
655,423,43,43,47
219,449,47,46,47
668,208,235,234,255
1148,73,232,231,248
27,127,153,24,31
994,428,47,46,50
84,457,49,50,49
587,338,43,43,46
738,414,40,44,47
256,319,45,43,47
54,128,151,23,33
638,28,50,49,51
479,159,42,44,47
974,155,47,47,50
730,194,242,238,255
9,386,43,45,47
165,286,39,40,44
1007,432,49,47,51
447,334,47,47,51
682,306,44,45,50
445,216,164,161,196
42,397,43,44,46
520,381,42,39,45
970,132,47,47,52
230,201,180,180,199
816,33,53,53,54
12,189,81,74,81
617,201,231,234,255
1172,367,238,234,250
222,489,69,65,50
511,393,44,41,45
80,328,35,35,37
394,166,43,42,46
211,281,206,204,228
474,139,47,42,48
1014,300,53,49,54
74,159,164,33,38
159,299,38,33,38
281,136,32,25,27
615,495,130,130,122
611,149,45,41,49
876,115,49,48,54
897,419,46,45,52
906,110,45,46,47
439,119,41,44,44
639,304,45,45,46
1066,89,81,70,64
43,7,224,226,247
1002,91,50,51,55
612,158,41,45,49
905,47,89,85,81
85,152,163,31,39
105,230,198,196,220
77,186,43,34,43
183,75,194,185,208
921,219,50,46,54
834,325,46,49,49
185,235,184,182,201
1117,71,230,227,245
1071,446,49,52,56
1170,193,238,237,252
432,294,45,43,49
666,230,238,236,255
844,389,45,46,49
610,416,42,45,49
711,113,47,48,49
620,229,235,235,255
265,368,42,43,47
1147,421,233,231,251
483,63,41,42,43
962,422,41,47,52
373,477,66,60,52
174,445,46,49,51
1058,460,47,49,52
1008,26,102,81,63
26,302,38,35,36
692,131,46,45,48
242,194,187,185,205
733,142,47,46,51
641,314,43,47,46
383,23,44,35,29
280,150,35,28,31
709,83,47,46,49
426,302,43,44,46
246,430,78,73,51
635,20,55,50,51
173,235,194,196,214
207,152,32,30,29
1043,442,49,48,54
210,179,194,184,200
450,287,43,44,49
987,165,44,48,52
517,83,42,42,41
995,162,49,48,54
24,450,50,52,54
227,443,50,49,50
487,409,45,44,46
240,79,52,51,59
195,411,47,46,48
1163,379,233,232,246
67,294,39,31,35
556,158,43,45,46
1146,137,232,230,246
513,332,42,40,47
257,169,188,187,202
357,288,42,43,49
702,12,51,50,51
151,347,41,40,42
1037,62,104,93,73
1064,163,51,50,57
107,85,183,162,184
299,435,55,56,51
681,457,104,78,56
979,495,49,47,53
510,400,41,40,46
209,356,42,44,46
394,489,59,57,53
802,383,48,44,48
303,13,118,120,131
456,87,43,41,42
1186,237,240,237,250
432,438,53,52,51
459,489,129,128,127
293,262,198,199,221
52,471,45,46,49
963,265,43,47,51
745,315,44,44,48
1136,131,231,228,242
499,451,152,156,173
188,490,45,46,48
1110,324,234,234,251
834,97,48,49,50
33,233,34,31,34
781,322,48,46,50
768,474,154,154,172
777,476,156,154,168
794,396,44,46,48
571,376,43,44,47
67,493,47,48,50
295,285,45,42,47
1175,345,237,236,254
275,295,41,42,45
774,365,42,46,50
214,50,197,188,211
552,76,43,43,48
264,27,164,168,186
741,380,47,45,48
494,494,118,109,59
894,270,238,242,255
367,436,96,92,88
526,277,46,46,46
888,465,47,48,50
1161,19,235,236,252
573,400,41,44,46
724,228,238,237,255
1115,146,236,230,249
335,344,46,43,45
217,343,38,44,43
984,13,110,83,66
619,301,43,43,46
822,183,45,47,49
754,130,45,46,48
441,111,42,41,44
1031,436,46,46,51
716,272,44,45,50
753,490,161,157,164
151,67,154,140,161
316,45,37,33,36
167,391,45,44,46
728,126,44,45,52
374,175,195,195,216
66,199,88,82,80
484,293,49,46,50
908,5,127,74,64
329,462,108,107,111
1167,465,231,232,248
997,424,47,50,53
974,406,44,47,51
279,286,45,43,48
423,457,163,161,165
1189,4,239,235,252
316,277,47,41,47
1083,433,241,239,255
510,282,47,45,49
250,453,69,65,53
897,448,47,50,53
721,434,44,46,48
755,331,49,43,46
841,33,81,77,70
1085,151,248,250,255
412,332,41,42,44
312,17,42,44,47
161,166,42,44,48
555,37,43,45,46
1116,375,234,230,245
816,375,43,46,48
812,256,241,239,254
880,193,46,46,52
610,425,45,44,47
468,128,42,42,45
798,487,156,151,171
742,301,45,45,47
1052,312,50,50,55
707,320,49,45,51
751,273,46,47,50
947,443,49,49,57
571,2,55,50,51
1013,325,46,46,50
750,447,44,46,47
954,236,45,48,49
54,164,168,30,37
1187,327,239,237,249
393,131,41,39,45
713,376,45,43,48
1008,498,47,47,52
737,161,48,46,48
521,139,46,42,49
736,4,48,50,51
786,160,45,46,49
1005,73,93,82,75
372,323,45,43,50
600,131,46,45,49
385,167,43,40,48
265,136,36,30,30
852,452,50,46,51
472,442,179,182,202
89,460,56,49,52
979,291,47,47,48
79,484,82,72,72
397,490,57,52,52
758,200,52,52,57
92,469,85,74,68
769,199,47,50,53
1056,433,50,48,52
1174,296,238,238,253
1051,220,48,48,53
133,468,41,47,53
292,310,43,42,47
834,199,49,48,55
852,281,45,46,50
1138,75,230,228,245
1089,455,243,242,254
1067,114,49,51,54
519,1,100,82,69
111,178,248,245,255
1197,382,236,235,254
166,116,107,114,124
183,414,46,44,46
783,64,47,47,53
1018,115,49,47,51
38,400,45,46,50
685,332,44,47,50
235,339,43,44,45
186,103,125,124,142
895,65,92,91,87
329,66,35,24,28
772,88,47,47,47
913,137,48,47,51
80,395,44,44,48
1014,5,102,80,62
322,290,47,43,45
631,69,45,45,51
57,269,36,30,34
12,127,154,27,37
1180,462,237,237,249
1028,454,50,49,53
570,369,41,43,47
1166,309,236,233,251
997,92,47,49,54
294,279,43,44,44
961,249,48,47,52
815,78,48,46,54
1063,488,47,51,54
706,40,55,51,53
279,319,47,43,47
983,192,46,48,51
1037,313,48,49,54
327,160,36,34,37
1091,2,245,247,255
291,157,34,31,31
576,297,43,43,47
791,379,44,47,47
306,348,41,45,45
49,238,36,29,31
335,247,203,205,226
386,163,41,42,44
913,143,45,48,52
893,301,48,44,49
1132,37,230,228,245
111,21,102,95,99
941,434,180,181,153
596,457,138,133,142
696,409,42,43,46
1090,16,74,73,76
53,499,47,49,49
47,37,39,36,40
317,430,57,58,51
404,202,208,209,231
925,219,48,46,51
96,86,156,23,35
343,385,41,43,46
135,291,36,32,35
1036,438,50,47,51
414,44,32,28,29
1030,450,48,48,48
971,43,96,69,59
686,89,47,44,50
481,67,39,41,43
936,190,50,49,52
425,448,165,158,158
267,456,78,71,52
930,148,49,47,50
41,22,64,62,66
218,152,32,27,29
517,314,43,42,48
657,83,48,46,52
514,462,161,164,182
663,196,238,234,255
278,18,144,143,158
663,33,49,49,50
455,482,182,186,205
875,489,174,158,97
414,121,39,42,44
851,372,45,45,48
303,79,38,25,30
987,494,50,46,56
1038,334,48,47,53
449,31,48,43,41
779,312,46,44,48
419,385,43,45,48
819,120,47,45,51
319,243,203,200,219
617,129,45,43,47
590,62,45,44,47
1102,256,237,236,251
1036,266,46,49,55
321,98,30,25,30
716,63,48,47,48
1185,248,234,236,252
601,11,48,50,51
800,241,242,238,255
797,338,42,46,49
70,414,50,45,46
745,490,131,126,105
474,68,42,42,45
926,302,50,47,51
749,182,47,47,50
1093,228,237,240,255
583,368,40,42,47
1003,379,47,47,49
458,79,42,43,44
718,65,47,46,47
512,15,88,65,53
1059,487,49,50,54
1072,141,52,52,53
676,127,49,44,49
998,112,50,49,52
230,489,60,59,52
617,123,41,46,50
40,127,155,23,34
81,371,42,41,43
815,396,48,47,50
471,473,179,182,200
245,72,44,47,51
89,374,42,41,44
706,298,45,45,48
195,361,42,43,47
1059,280,55,54,57
478,295,54,56,59
947,274,47,47,50
973,22,103,76,60
529,101,39,44,45
583,466,154,146,143
996,200,49,48,52
163,385,43,46,42
881,441,50,48,54
172,397,41,43,49
753,311,47,46,51
243,396,44,43,46
115,211,211,208,235
668,417,45,44,48
291,419,41,46,47
1084,10,97,98,102
1083,228,60,58,64
1196,284,240,236,252
434,85,40,40,42
16,318,41,40,41
591,431,44,43,48
987,71,86,73,64
71,411,46,44,48
1162,285,238,236,251
167,308,37,35,39
879,352,48,44,50
554,37,42,43,48
202,22,191,175,196
42,322,39,35,37
1099,290,237,238,255
178,59,165,154,174
339,376,42,41,48
949,137,42,48,50
1145,140,230,231,247
697,460,121,98,67
306,482,82,73,60
984,203,45,48,49
21,106,141,22,30
619,1,50,49,52
472,408,41,43,47
1033,111,48,49,52
27,134,158,25,35
491,277,47,48,46
732,55,46,46,50
285,50,47,47,54
985,180,47,49,50
1079,301,50,50,58
255,26,206,196,217
344,289,47,43,47
660,477,94,73,56
412,351,47,44,45
434,1,36,29,31
1015,113,47,48,52
108,228,201,198,220
846,236,238,237,255
257,284,42,43,48
742,248,242,239,255
1150,496,233,228,243
287,353,43,43,47
1042,428,48,48,51
250,235,48,43,47
949,16,112,76,66
556,481,113,105,98
543,244,224,226,247
788,118,46,48,51
886,111,47,49,50
6,24,225,223,246
1128,116,228,226,242
630,346,44,46,49
944,216,46,47,49
579,300,45,43,47
246,300,43,41,45
1118,378,233,230,243
1173,131,239,237,255
45,286,36,28,29
1139,1,234,228,244
554,215,230,227,251
418,272,220,223,246
1005,78,75,66,58
396,50,34,28,28
1020,296,44,47,52
957,89,48,48,50
895,204,48,47,50
537,376,39,40,42
590,334,40,46,46
37,390,42,43,46
260,45,180,183,204
91,377,39,43,45
74,179,203,197,220
274,167,188,185,204
571,14,91,81,61
1065,31,111,101,106
737,478,142,137,146
145,337,39,36,41
541,271,50,48,51
36,358,46,42,45
841,60,48,48,53
570,146,45,42,50
1094,244,240,239,255
801,313,47,46,50
452,298,42,45,48
825,89,47,49,49
266,347,40,44,46
540,89,45,47,48
937,326,45,45,48
89,220,211,212,240
1072,301,49,52,55
713,380,43,46,49
1114,112,236,230,248
890,64,86,87,78
588,426,43,44,47
41,281,39,31,35
339,322,43,45,42
732,167,46,45,51
351,288,43,45,46
249,17,120,104,129
17,150,167,33,39
928,118,50,47,53
915,205,47,47,52
231,94,38,37,41
91,354,40,37,39
973,276,45,46,50
420,432,48,44,51
323,0,64,56,55
201,171,193,185,202
989,129,47,49,53
948,320,45,45,51
72,72,31,28,29
491,460,165,168,180
485,336,42,44,49
1004,390,50,47,51
565,46,48,44,47
667,156,42,44,48
957,157,50,50,54
778,473,164,162,173
539,262,229,228,251
889,147,46,48,52
649,364,46,43,45
613,8,50,51,53
148,302,34,33,35
630,117,48,44,49
816,67,48,47,50
941,59,111,107,108
208,269,206,203,226
1010,427,49,46,49
972,479,43,47,50
350,328,43,43,46
887,409,46,45,47
217,426,48,46,49
581,197,234,233,255
1174,28,238,236,251
1020,71,97,86,71
443,419,13,14,17
251,368,40,44,48
593,286,46,45,47
942,369,48,46,50
295,423,43,42,47
557,283,44,44,51
807,366,41,46,48
548,388,44,41,44
793,457,45,49,48
774,430,47,45,49
429,230,223,223,247
390,25,67,49,37
444,30,48,38,43
756,369,45,45,47
175,219,193,190,213
1083,172,49,52,59
1126,177,232,228,244
1148,75,235,232,248
467,12,124,98,77
310,475,126,117,104
892,186,47,44,52
70,258,39,34,37
570,96,48,44,48
106,354,35,37,37
14,313,40,38,41
565,444,129,125,127
700,279,43,46,49
1095,67,237,238,255
719,279,46,46,48
426,28,26,29,29
1099,132,237,237,255
440,369,42,46,47
953,247,45,47,50
777,36,49,49,52
512,273,48,46,48
1103,226,241,237,254
235,90,38,40,46
188,58,163,57,75
676,356,45,44,46
1199,200,242,237,252
431,298,44,46,50
737,353,44,44,48
498,83,44,44,44
255,191,186,181,199
549,459,142,138,148
417,271,221,222,245
840,442,48,45,52
651,296,42,44,47
127,304,33,31,34
400,400,40,43,46
1091,356,247,246,255
1194,220,240,237,253
559,205,228,226,248
660,209,235,237,255
551,431,45,42,47
111,144,199,186,210
1157,320,237,233,251
1021,189,46,49,51
41,84,187,185,204
895,285,46,47,51
1074,444,51,54,56
785,376,44,45,47
1169,315,236,234,251
126,78,151,133,157
109,239,206,203,226
185,460,49,46,50
434,339,40,43,47
34,276,34,28,32
277,349,40,44,45
337,226,202,202,222
102,480,50,48,51
469,420,45,44,46
383,158,44,43,43
775,19,48,48,52
281,4,207,198,219
152,174,205,206,231
633,429,42,44,47
937,82,52,46,54
294,54,37,37,42
501,222,218,215,234
376,125,36,33,38
1005,108,46,48,53
314,478,123,118,111
310,219,195,192,213
97,147,166,77,102
1079,471,234,233,254
1036,481,45,48,52
903,75,46,49,52
844,207,43,49,51
977,254,43,46,51
897,199,46,46,51
863,175,49,48,52
99,389,41,42,45
355,20,38,30,33
261,134,28,26,28
901,464,43,48,49
1122,478,229,223,241
937,68,87,86,79
99,222,206,208,234
1047,158,46,51,51
114,365,38,41,40
308,113,30,27,29
584,441,188,186,204
7,80,117,108,116
778,434,46,45,51
846,468,45,46,51
519,94,47,46,51
771,394,43,46,48
522,184,221,221,240
928,288,46,43,50
917,250,53,55,63
547,34,46,42,47
521,233,220,220,241
670,341,38,45,52
404,407,42,45,45
279,261,201,199,221
155,436,50,48,50
43,274,37,26,31
1187,463,237,235,251
389,85,32,33,33
636,55,45,45,47
891,458,47,47,51
515,436,158,162,179
169,360,42,42,45
703,6,48,51,52
316,331,40,44,43
868,454,48,46,53
867,78,45,47,53
1000,151,45,48,53
628,70,44,44,48
1040,218,48,46,53
679,484,110,84,63
574,223,236,233,255
604,456,170,175,190
441,229,226,227,247
482,314,45,45,49
79,387,41,42,44
1014,346,48,47,51
212,314,46,44,48
517,466,163,162,179
275,441,75,72,55
453,122,41,43,43
352,293,39,44,46
555,349,44,44,47
248,294,43,44,48
436,110,43,42,44
551,336,40,41,45
1098,461,237,234,250
221,422,48,45,50
857,486,170,156,119
80,182,204,198,224
1115,384,233,231,248
83,141,159,25,37
25,35,230,227,252
1018,200,46,48,51
403,411,43,45,48
263,379,45,43,44
771,176,48,47,50
127,318,38,34,36
1148,24,234,230,248
219,439,44,47,50
53,277,37,31,30
179,357,44,42,44
269,237,46,41,49
680,57,46,46,49
752,297,42,46,46
1188,316,240,236,251
374,70,31,25,28
265,416,44,44,47
1114,108,231,231,246
1199,385,235,237,253
1141,240,230,229,243
839,13,93,92,88
765,381,44,44,48
475,172,59,60,63
683,359,44,45,48
1177,295,235,238,252
28,375,45,40,48
1043,403,47,48,52
1057,457,49,50,52
754,123,42,47,49
588,402,44,42,46
1043,446,48,50,51
2,96,132,22,29
662,433,50,43,46
1041,425,49,48,52
901,322,46,46,50
994,390,51,45,50
363,155,37,38,40
900,388,45,47,49
753,396,47,44,50
816,66,50,46,49
1109,466,232,229,247
701,256,46,43,53
1172,149,239,236,253
416,286,42,46,46
377,191,203,199,224
45,0,227,227,248
571,229,235,234,255
1130,263,226,224,241
806,371,48,46,46
673,334,42,45,48
87,245,216,215,238
137,368,43,41,43
329,262,210,210,230
498,194,204,202,223
1153,446,232,231,247
482,407,42,42,44
8,259,34,29,31
187,329,39,39,44
885,169,46,49,50
598,84,44,42,46
1072,90,76,68,65
1009,229,50,48,54
282,373,43,41,46
674,192,241,237,255
985,235,46,45,49
1164,225,238,237,253
495,81,43,42,45
1050,304,50,51,57
31,228,32,29,31
1167,44,241,239,253
756,262,238,235,255
176,185,192,189,208
283,494,85,78,80
724,315,47,44,49
1071,90,87,78,71
1062,315,52,51,54
183,211,43,34,47
92,412,44,43,49
371,317,42,44,45
910,403,47,44,50
805,222,239,237,255
824,117,48,47,50
748,408,72,73,106
859,36,97,93,88
884,203,46,48,50
11,437,51,51,53
864,85,46,48,52
1037,90,62,59,59
1011,148,47,49,53
739,151,47,46,51
289,185,188,185,203
812,440,46,45,50
1156,173,236,235,252
914,246,227,234,255
153,159,44,46,51
975,33,103,75,59
131,4,126,114,135
446,211,148,139,176
1139,320,231,228,241
366,271,55,50,69
878,249,77,58,60
293,48,40,43,51
614,17,50,48,52
1120,223,235,231,248
209,67,32,28,30
1157,194,236,233,251
1106,394,238,238,254
635,289,41,43,45
848,232,242,242,255
152,326,42,37,42
862,80,49,48,50
881,164,47,47,53
717,356,45,44,50
151,128,205,205,226
732,169,47,45,49
1049,37,67,62,59
1060,250,50,49,54
770,26,48,50,54
678,55,45,45,48
42,293,38,34,36
360,439,57,52,53
170,366,43,40,44
1106,438,236,234,251
449,466,169,167,179
623,495,105,102,93
1164,343,239,235,253
326,3,74,68,67
1107,190,239,236,254
836,368,47,47,47
745,407,61,47,47
242,282,207,206,226
175,278,210,208,231
13,377,46,45,45
248,202,56,51,53
105,450,46,47,49
771,175,46,47,51
631,165,47,45,48
514,374,40,41,44
821,266,50,48,52
449,338,46,46,50
144,329,31,35,39
845,456,49,47,51
601,154,45,46,51
14,261,38,31,34
465,106,42,41,46
574,479,130,119,105
278,324,46,43,46
1193,450,235,236,251
601,481,174,172,178
296,429,93,89,61
367,331,41,45,46
729,339,47,45,49
709,359,42,42,47
442,75,41,39,40
565,391,47,43,46
907,196,50,46,51
368,260,214,213,234
348,300,44,44,45
519,314,43,44,46
1104,419,239,238,255
394,134,38,39,43
547,261,230,228,252
458,451,165,164,185
985,306,46,47,48
507,200,216,218,230
182,32,186,154,168
779,60,48,47,50
246,281,206,203,227
675,243,49,47,48
1056,314,50,47,55
257,429,60,57,48
294,188,187,185,206
115,129,161,29,41
501,373,39,40,44
255,16,33,30,35
866,7,93,92,90
611,462,136,134,157
825,375,43,47,49
112,213,211,209,233
112,403,44,43,46
473,93,42,42,48
1194,25,239,237,253
268,214,189,184,199
641,350,44,43,46
357,465,65,56,53
108,461,51,50,54
977,451,145,148,164
43,21,64,60,64
273,444,68,69,54
314,169,43,41,44
649,476,73,62,53
614,43,43,45,48
1103,445,234,234,249
345,167,44,40,44
807,247,242,239,255
520,308,44,45,47
368,386,43,44,47
162,188,196,191,215
733,215,239,237,253
652,393,57,49,44
207,297,41,40,41
1183,355,240,238,252
202,354,45,42,44
68,482,82,71,66
841,76,44,47,50
237,266,198,197,220
727,177,47,47,52
966,410,46,46,49
863,485,168,155,102
728,230,65,62,66
861,162,48,47,52
821,308,48,46,50
1115,460,230,228,246
510,472,104,104,82
538,439,160,162,170
825,39,65,60,58
1177,386,239,236,254
879,438,49,47,52
897,164,49,46,52
1187,59,241,238,254
368,319,43,44,46
1084,17,58,55,65
876,268,223,222,247
465,118,44,45,49
998,441,52,50,53
300,285,45,43,47
241,211,80,82,101
843,359,46,46,49
758,333,49,47,48
965,235,44,46,51
1162,138,236,235,250
229,6,176,163,185
541,496,180,168,146
859,482,172,159,105
382,226,212,211,234
1167,37,240,235,253
260,417,47,44,47
295,367,43,45,44
860,329,48,46,49
230,280,206,204,227
876,361,46,47,49
568,262,235,234,255
252,356,44,44,46
632,391,42,43,49
605,370,44,44,46
969,44,95,66,60
927,316,47,46,48
923,425,50,48,50
655,483,91,69,55
931,441,50,47,51
176,299,36,38,39
875,431,47,47,53
449,225,229,228,250
369,158,40,39,42
832,355,41,46,48
389,252,217,216,239
12,441,51,50,52
623,400,45,43,47
100,273,39,31,36
659,427,42,43,47
1005,295,45,46,49
860,342,45,50,52
725,205,239,238,255
671,306,41,44,48
309,479,108,98,86
312,167,51,45,53
75,174,210,195,220
74,392,43,45,47
1108,7,238,237,254
1032,391,50,48,53
973,56,77,61,60
312,138,32,29,34
735,141,47,47,51
1029,131,48,50,53
206,111,38,40,45
679,483,109,85,63
207,463,45,48,46
767,343,43,48,48
736,137,39,45,48
584,62,40,43,47
424,238,157,149,159
663,415,43,43,47
98,154,69,45,81
131,276,215,213,236
1094,1,91,86,121
997,499,47,49,53
943,278,45,46,50
210,359,42,43,43
236,221,189,183,204
469,333,55,57,60
399,389,40,44,48
1134,493,225,222,239
1167,218,235,236,250
439,422,67,67,73
823,308,44,46,47
801,116,45,48,50
445,379,89,91,93
94,96,153,24,35
1056,313,51,48,53
372,257,213,212,233
884,235,240,238,255
281,348,39,44,45
1075,429,245,246,255
610,305,45,46,48
900,187,42,47,53
222,63,68,61,74
900,212,50,49,53
1032,49,72,63,58
1029,448,49,47,51
1172,467,239,233,249
555,35,42,43,45
1060,415,51,50,53
1039,339,47,49,52
284,101,35,24,30
1105,93,238,234,254
294,405,46,44,46
406,42,29,29,30
608,8,48,49,50
977,455,48,51,55
1132,360,231,227,242
202,451,46,48,51
814,9,62,61,59
604,190,238,233,255
604,296,37,45,46
808,488,164,164,177
407,273,103,111,132
618,53,46,43,50
658,135,46,47,49
912,185,47,48,51
575,297,41,46,47
854,375,44,47,48
419,399,43,45,48
504,361,44,43,45
236,189,189,185,205
551,345,48,42,47
828,62,47,47,52
49,446,52,50,53
106,333,39,37,39
1024,427,51,46,51
96,30,120,111,118
611,227,234,232,254
290,312,45,44,47
177,299,39,38,41
69,441,50,49,51
927,365,45,45,51
945,426,46,46,51
908,25,125,119,109
1158,44,238,235,249
38,238,34,31,34
372,411,43,45,46
252,50,210,216,232
399,24,40,34,31
1077,77,67,60,63
471,360,47,47,50
912,313,43,46,49
1030,143,48,46,55
622,347,40,43,49
224,309,40,41,44
386,69,28,27,27
437,464,28,27,24
215,347,47,42,47
558,349,42,41,46
14,30,227,223,247
877,445,48,49,54
1153,230,236,233,251
751,367,45,45,48
1024,226,50,48,54
962,380,45,45,51
328,257,209,205,227
782,242,227,225,243
869,315,44,47,50
161,324,34,38,39
1107,269,231,232,248
108,304,38,33,32
506,208,214,212,231
455,275,235,233,254
276,8,198,190,215
492,13,72,57,46
953,357,45,48,52
247,476,68,68,52
581,348,41,44,44
200,231,181,180,195
233,376,42,42,46
804,197,47,46,51
477,478,123,126,137
1004,354,44,46,51
936,340,45,46,50
307,59,35,29,31
772,453,45,46,49
593,244,236,238,255
541,94,44,44,47
1071,478,50,53,54
369,70,32,27,30
794,39,53,53,53
588,179,57,49,58
805,148,43,47,48
375,110,34,31,35
235,213,172,175,188
519,135,41,46,47
756,332,51,45,46
85,338,29,35,35
576,434,41,43,44
777,252,242,240,255
298,326,43,43,47
50,304,31,30,33
1058,111,52,48,54
601,484,184,182,196
1069,348,54,52,55
191,79,197,188,212
492,155,68,63,68
151,184,204,203,224
249,257,200,198,219
176,428,66,63,56
281,79,31,31,33
1064,352,49,51,54
614,336,42,43,43
707,291,45,45,48
356,83,29,26,28
709,81,45,46,48
276,491,89,78,59
635,14,52,50,51
697,412,46,47,47
281,60,42,41,45
650,42,45,44,49
819,399,49,46,50
236,302,43,41,46
255,190,187,182,202
292,135,30,29,34
1158,279,236,233,252
563,119,42,41,48
1098,85,234,236,255
1110,302,232,230,250
171,471,47,49,50
941,373,45,44,50
108,107,189,137,154
217,465,45,44,49
60,346,43,38,41
950,341,49,47,50
12,24,226,222,247
68,418,62,62,58
272,366,43,42,46
661,467,82,65,51
843,324,44,45,49
693,75,47,47,49
885,430,55,46,54
454,448,178,181,196
73,401,42,43,48
483,202,71,70,77
476,156,42,44,45
927,355,43,45,51
124,396,44,43,46
1112,77,231,231,246
431,470,46,42,46
761,183,48,50,53
294,462,72,67,53
1060,420,46,50,53
934,31,83,66,60
338,138,30,30,31
230,310,40,42,44
981,159,48,49,53
336,134,35,30,33
20,325,43,38,40
1138,424,232,230,244
226,162,184,179,201
148,138,132,134,151
735,297,44,44,48
654,204,240,237,255
466,319,56,58,56
288,360,40,42,44
454,453,174,174,187
454,110,44,40,45
109,129,161,31,37
463,234,233,231,254
638,465,110,106,118
327,315,43,43,47
28,146,162,30,38
677,278,47,45,49
362,270,106,112,138
543,329,43,43,47
999,374,47,49,48
38,292,39,32,33
12,26,224,227,248
768,188,49,46,51
353,393,41,45,45
1113,59,231,230,247
1036,371,51,49,53
4,174,102,100,107
545,457,144,142,147
438,323,45,45,51
925,475,46,48,50
104,63,138,118,140
721,499,155,149,160
458,175,43,47,48
449,145,44,43,48
888,135,45,47,53
103,303,34,33,32
1141,286,231,230,246
974,198,47,46,52
115,454,47,47,48
123,18,32,30,32
366,439,82,72,64
76,318,36,33,32
866,363,45,48,50
1063,493,53,52,57
971,109,46,48,52
514,216,219,217,241
1185,364,237,234,250
482,278,52,53,56
501,231,73,64,65
222,274,209,206,228
299,477,123,120,92
1055,16,77,69,61
789,72,43,45,50
873,391,44,44,47
187,232,179,175,187
219,106,37,38,46
701,196,238,237,255
718,229,184,177,162
269,431,68,64,55
64,98,150,25,32
154,153,52,48,62
395,17,41,27,29
476,169,45,45,48
194,315,44,41,42
51,229,36,31,37
1155,322,234,234,251
128,65,158,140,163
810,154,46,47,49
285,406,45,45,47
888,362,47,46,51
1170,435,233,234,249
1065,238,50,51,54
70,325,36,37,36
413,201,67,64,78
1068,355,49,52,55
536,35,42,44,48
716,131,45,47,47
882,109,50,48,51
665,367,41,43,45
212,282,206,208,230
402,57,32,27,31
727,284,45,44,51
504,96,55,55,60
1041,244,46,49,50
408,109,34,39,41
242,346,44,44,46
682,385,39,42,48
580,256,235,236,255
1022,245,45,51,53
586,446,144,141,152
1025,4,107,83,63
985,197,45,48,49
1105,154,239,239,255
895,34,94,92,93
614,216,57,53,57
395,330,40,44,46
107,3,115,104,117
1146,111,236,233,249
475,5,64,49,43
65,77,30,26,28
459,241,58,52,59
770,316,47,43,50
1184,66,240,235,251
992,136,48,49,52
67,156,165,31,37
924,499,176,160,114
774,343,44,46,48
411,89,37,36,37
264,239,191,189,206
492,324,43,46,48
1144,401,233,232,248
575,469,143,137,134
1002,273,49,45,51
602,90,41,45,48
1125,188,232,230,247
503,178,113,107,112
480,394,44,44,44
250,187,188,186,205
827,182,43,45,50
331,212,62,50,59
472,281,25,23,24
398,201,201,201,223
158,463,49,49,48
161,289,36,35,39
115,227,111,110,116
740,15,53,52,52
718,32,217,151,77
698,155,46,45,49
1181,339,236,235,250
604,475,164,158,165
947,191,49,48,50
606,120,41,44,48
272,286,42,43,44
1049,252,44,48,53
608,335,42,43,45
1195,438,238,234,251
592,135,46,46,47
1120,290,230,228,244
461,418,44,45,52
522,146,45,44,48
776,214,242,239,255
668,101,43,45,49
775,50,50,48,52
1149,169,236,231,251
167,181,196,191,214
480,281,55,56,59
287,396,37,42,45
1128,110,230,227,243
512,246,222,221,242
850,405,44,47,52
134,238,181,177,187
853,107,48,47,51
653,435,43,44,47
1131,460,228,225,241
404,134,35,40,45
675,485,109,84,59
961,456,46,48,54
1187,243,239,235,251
273,165,186,181,200
471,179,46,46,52
1127,58,228,225,244
876,413,49,46,51
240,14,187,171,194
1097,303,239,236,254
311,96,30,24,29
49,378,49,44,48
532,52,42,44,44
86,86,154,24,33
27,60,149,144,153
590,353,45,44,46
1030,456,47,48,52
502,340,44,41,43
1017,236,46,49,52
229,436,49,49,53
601,253,74,61,86
461,429,63,53,50
628,49,44,46,49
421,169,43,46,45
873,118,43,47,50
995,266,46,47,50
301,249,201,200,222
168,457,50,52,53
197,177,191,186,206
1069,480,49,52,53
317,471,109,104,99
0,481,49,48,51
1018,260,46,47,49
1096,80,234,234,249
493,398,42,44,47
944,164,47,45,52
712,422,42,44,46
862,0,96,94,90
655,123,47,46,48
43,238,28,32,33
359,186,195,193,215
555,172,47,47,50
229,368,42,45,48
731,303,43,43,46
785,121,47,47,48
257,477,87,82,72
971,337,42,47,48
132,327,33,34,39
33,436,51,51,52
33,478,50,48,51
601,19,50,48,51
645,195,241,236,255
517,9,78,63,54
1106,149,240,238,255
865,220,241,236,255
208,336,42,42,45
1072,334,50,48,57
642,482,153,150,160
837,444,49,46,53
120,478,51,49,49
616,83,44,46,47
895,44,110,106,102
729,475,158,151,168
1176,423,234,234,248
1033,65,96,84,67
932,222,48,46,52
1107,219,237,237,253
218,132,32,30,34
766,108,48,48,51
715,409,46,45,51
826,148,49,48,51
415,382,41,44,46
39,130,154,24,34
170,461,48,48,52
934,1,137,91,70
108,70,136,120,139
196,20,187,166,189
898,7,139,103,76
398,236,114,99,129
569,494,172,170,177
665,164,50,46,49
29,223,34,32,34
190,148,33,35,41
871,308,44,45,50
805,244,244,240,255
863,285,44,47,49
556,48,45,45,44
937,401,45,45,50
458,165,40,44,48
196,301,42,42,42
470,195,227,226,245
770,192,48,48,54
828,188,48,47,50
344,229,201,200,221
841,436,41,45,47
1180,71,237,235,254
912,308,49,47,50
833,485,171,166,155
745,472,109,111,82
350,450,76,74,55
12,274,31,29,35
385,0,40,29,30
695,31,49,51,53
279,377,40,43,45
541,250,225,229,254
463,113,43,43,46
441,88,41,39,43
658,293,44,42,44
1114,203,238,234,253
26,176,158,45,50
848,110,50,46,51
783,117,40,46,50
90,163,36,25,28
1116,490,229,226,243
652,327,45,47,47
600,189,232,230,254
974,231,46,47,52
1121,127,230,226,245
350,129,33,33,34
92,411,44,44,48
736,315,46,46,49
869,270,53,53,56
171,216,194,189,209
124,482,48,52,52
565,223,232,232,254
271,157,32,30,34
117,360,39,39,42
332,194,195,195,215
896,2,176,132,79
96,418,54,55,50
387,464,85,77,71
780,80,47,47,50
797,337,45,47,50
413,448,98,89,85
344,209,201,198,218
469,154,43,43,45
456,184,50,48,53
649,338,37,44,47
1190,36,244,240,255
959,269,47,47,48
77,377,40,42,46
1063,381,46,50,54
794,345,46,45,47
1194,330,237,235,254
112,51,155,136,158
213,467,49,44,50
337,452,63,62,53
538,217,231,227,250
87,357,37,39,41
133,288,36,32,36
1038,136,53,48,54
630,156,43,46,48
1045,156,46,51,51
706,371,47,44,49
918,343,48,45,49
150,122,90,70,87
670,490,105,80,61
277,221,189,187,207
1031,37,105,79,63
640,343,40,42,47
57,125,152,25,34
1031,298,49,50,51
667,324,47,45,46
293,51,39,39,45
792,38,49,51,52
412,165,41,44,46
494,482,121,109,68
850,130,44,46,53
1021,436,44,49,51
1069,430,57,55,56
254,114,32,25,28
815,101,48,47,50
52,298,37,32,30
658,438,43,45,46
271,70,42,39,46
1145,327,229,228,244
335,305,46,43,45
1136,271,230,228,242
684,19,50,49,51
98,92,155,27,35
534,127,45,44,47
396,59,32,26,32
282,196,186,183,204
367,125,36,34,37
194,419,44,44,48
56,179,171,30,39
373,436,173,162,159
305,398,46,44,49
650,301,44,46,46
54,495,52,50,53
307,334,39,44,46
574,448,118,113,115
853,414,49,51,55
865,89,46,47,50
505,52,40,44,44
75,223,178,191,196
766,196,44,48,51
838,238,233,235,253
291,154,32,32,33
252,115,35,27,32
185,467,53,52,54
890,483,99,88,54
123,162,191,191,216
1127,241,229,227,245
164,338,36,38,42
1161,307,236,234,247
868,393,46,46,48
1130,327,234,233,247
1190,462,238,236,250
986,302,44,46,47
398,15,36,26,33
220,414,41,45,46
1130,288,228,226,240
945,284,51,47,50
1067,381,53,52,54
319,33,37,38,38
217,424,45,47,50
950,94,51,47,51
999,18,127,93,68
274,485,87,77,58
1047,220,46,47,53
999,249,48,48,52
874,249,202,217,238
992,101,48,47,51
325,401,43,43,43
814,336,45,45,50
1127,47,228,229,244
116,378,41,42,42
418,139,45,41,45
569,104,43,44,47
377,208,92,90,109
1149,338,233,232,247
55,462,47,47,49
112,99,159,31,39
822,486,154,153,162
686,98,45,45,51
646,261,42,44,49
793,53,45,46,51
163,434,48,49,52
73,259,37,35,38
710,147,45,48,50
296,83,35,27,30
362,30,37,27,30
81,86,152,25,34
93,402,45,43,49
982,296,49,47,51
241,247,197,196,215
206,32,162,32,44
564,268,230,233,255
223,366,45,44,47
261,10,37,27,30
231,76,121,133,148
634,400,42,42,47
666,131,43,45,46
893,128,46,46,50
1036,60,121,105,83
739,453,48,48,48
695,72,47,45,49
224,157,56,47,63
703,253,47,48,52
162,410,40,44,51
461,250,148,140,151
599,474,156,145,137
431,171,45,45,46
595,11,57,51,53
83,216,196,199,222
444,94,40,41,43
748,57,48,44,48
766,329,48,45,47
384,87,30,30,33
248,100,37,36,41
789,106,46,46,52
1004,105,47,48,51
933,361,43,45,50
437,262,231,229,252
1190,297,240,235,255
493,399,43,43,48
1152,314,236,231,248
512,486,120,108,76
512,199,94,82,105
1008,297,45,46,52
571,99,46,45,47
1133,188,231,227,242
1051,68,108,97,82
595,48,46,44,45
151,285,44,41,44
1147,132,236,230,247
1003,311,50,48,52
690,482,116,92,65
256,489,82,73,52
507,181,208,208,228
820,37,54,56,57
559,54,42,42,45
1106,320,233,232,250
550,404,43,43,45
398,449,195,199,217
726,461,139,135,144
981,233,46,46,49
711,41,115,86,64
1027,343,47,45,53
879,239,243,238,255
677,442,43,43,47
171,12,161,142,166
945,14,124,85,70
972,422,44,46,49
45,115,148,21,31
290,234,191,194,211
378,8,40,31,31
501,64,40,45,45
1062,481,52,52,56
963,392,46,47,49
124,145,35,29,28
21,332,37,39,40
928,427,122,119,108
530,446,149,149,159
810,381,48,46,50
856,277,47,49,50
466,216,222,222,240
1146,171,230,231,247
1149,435,231,231,245
803,53,53,52,55
2,336,40,42,41
141,328,37,38,40
2,292,37,37,41
1,125,154,22,32
692,487,122,95,72
878,439,48,46,50
1031,187,46,48,53
358,360,40,44,45
665,418,41,43,46
789,335,45,46,48
80,51,35,33,36
853,289,47,47,51
254,253,199,195,214
1167,136,235,235,250
497,1,81,68,67
198,490,43,45,49
395,16,40,26,28
567,133,44,45,47
197,368,44,43,45
233,170,189,184,204
105,28,184,181,195
464,446,181,189,207
841,34,82,75,69
453,91,39,43,45
793,293,47,47,50
422,392,43,44,46
395,359,41,43,47
156,337,41,41,42
848,251,244,238,254
681,415,43,44,45
702,84,44,44,52
271,276,45,41,46
602,489,176,180,189
817,338,43,44,49
684,229,239,237,255
1192,280,238,235,252
306,226,195,193,213
948,385,45,44,49
275,103,35,30,28
1021,423,50,45,52
612,40,47,45,47
513,385,41,44,46
178,152,35,37,38
497,356,45,43,47
34,274,36,30,32
58,457,51,47,48
1059,174,50,49,55
620,135,44,44,48
510,108,35,34,38
909,86,46,47,50
282,239,68,65,75
193,70,204,193,214
831,382,45,45,48
402,362,42,44,45
73,179,202,194,217
343,35,34,28,29
1105,480,234,229,249
496,230,198,204,215
189,352,43,42,44
921,461,47,47,53
9,406,45,48,51
513,243,166,160,199
442,235,229,230,252
375,326,44,45,46
409,44,33,25,30
517,444,150,146,157
815,40,50,52,55
495,367,44,42,46
508,306,41,44,48
40,393,44,43,46
259,234,52,46,53
669,473,102,75,55
1085,85,129,126,157
1088,31,252,252,255
777,31,51,52,54
455,122,45,41,45
990,392,49,47,53
920,485,58,50,55
715,393,79,68,56
198,153,30,29,33
208,155,33,28,28
479,208,155,160,176
390,489,64,55,52
649,479,79,65,55
72,113,155,26,35
701,61,44,47,49
847,371,44,48,50
1048,44,116,104,95
753,465,125,124,95
655,415,42,44,43
880,245,68,57,65
269,498,100,89,65
579,206,199,198,239
255,74,46,46,53
995,75,67,62,59
664,314,48,43,49
137,364,42,39,44
324,6,75,69,64
482,239,53,56,58
760,178,47,47,49
467,452,155,158,169
1060,214,51,50,55
334,482,145,140,151
614,105,43,45,47
934,150,49,46,50
806,67,43,47,52
737,365,47,47,48
211,283,191,190,220
138,481,67,67,53
1110,214,234,233,251
433,193,220,219,242
559,287,45,45,49
266,33,212,214,234
718,248,238,236,255
254,367,44,43,47
794,398,43,46,52
1142,92,231,230,245
1177,178,237,236,254
552,323,42,41,43
20,419,52,52,51
195,50,195,179,202
268,204,47,43,48
881,122,49,48,52
162,166,45,43,47
1098,290,240,237,254
802,92,47,47,48
1072,107,51,52,57
382,363,46,44,45
443,482,160,156,157
1128,242,227,226,240
867,460,47,47,50
800,466,47,46,52
1002,344,48,47,52
874,47,104,101,96
857,461,44,47,50
135,98,160,146,166
229,66,156,156,175
562,407,41,41,49
825,388,44,44,48
574,155,44,45,46
477,84,43,43,44
554,483,117,109,97
491,164,53,53,59
510,258,223,222,242
113,127,161,30,37
183,33,181,134,145
846,365,45,45,48
392,143,40,41,43
243,128,32,25,24
557,330,42,44,47
287,317,46,41,44
880,168,44,47,51
139,485,48,47,49
1061,39,108,98,104
65,313,40,38,40
858,314,47,47,51
396,18,36,28,30
326,56,31,29,25
592,320,43,44,46
1086,267,68,70,63
743,268,49,47,54
1046,337,49,51,54
859,13,97,93,91
947,49,94,69,59
540,425,43,44,45
889,58,100,98,97
737,343,43,43,47
879,443,46,47,53
838,117,47,48,50
489,434,183,182,204
1065,130,46,52,55
857,80,50,47,50
697,98,47,46,50
855,128,47,46,48
542,248,225,227,251
1186,464,241,236,250
1052,384,50,47,53
742,229,239,237,255
570,54,42,44,44
408,77,36,33,36
219,292,41,44,46
260,453,79,80,58
143,73,162,147,167
134,145,109,116,132
1130,337,231,228,243
629,320,45,44,47
1164,67,237,234,250
181,167,38,34,42
1000,398,47,48,52
884,279,46,47,50
457,445,183,183,201
26,263,33,29,31
117,97,161,34,41
781,214,243,240,255
113,470,48,47,53
1135,27,235,231,247
1113,463,232,228,247
266,305,46,45,47
1107,144,241,236,255
863,74,44,46,52
119,322,40,35,38
442,356,46,44,50
103,334,34,38,37
399,224,212,210,234
306,257,205,203,223
168,10,157,139,159
920,492,172,157,118
908,138,48,48,51
395,13,35,28,31
930,74,50,50,51
598,230,237,236,255
1031,152,47,49,53
745,495,150,143,113
713,23,63,55,52
859,353,50,47,51
564,356,43,42,46
129,476,45,46,51
157,424,76,73,77
996,287,49,47,52
1199,7,237,235,250
762,3,51,49,53
1072,67,79,67,62
299,173,190,187,206
120,201,216,215,240
95,29,121,113,123
1170,387,236,235,250
278,260,200,199,222
889,478,54,51,52
510,342,42,42,44
798,420,47,46,52
810,175,48,47,51
276,287,44,44,45
380,334,42,44,47
952,294,43,44,49
901,149,49,46,52
621,193,235,234,255
723,52,45,44,49
545,62,47,43,48
680,62,46,45,48
422,334,48,44,47
180,359,43,42,46
380,82,34,30,31
1052,197,48,48,52
439,338,42,45,50
1174,211,239,236,251
22,298,35,35,37
168,435,123,123,118
26,248,34,29,29
331,311,42,44,44
779,343,44,43,47
215,467,46,45,49
29,348,39,41,43
945,387,45,45,48
383,151,45,40,44
896,470,50,50,52
211,181,191,184,204
384,136,41,40,39
696,473,126,100,73
279,363,41,46,46
850,366,45,44,47
589,339,42,43,44
490,216,197,194,209
276,481,57,53,51
915,148,46,47,51
1188,436,237,235,249
656,50,44,44,49
357,123,37,30,33
291,408,37,45,44
533,27,80,59,49
222,369,40,44,49
615,76,43,47,48
555,401,40,42,45
840,261,242,238,254
791,202,46,48,52
990,92,52,49,50
609,34,45,45,49
277,334,46,41,47
1119,93,229,227,244
671,431,42,45,48
803,405,44,47,47
507,141,45,46,48
903,39,91,83,76
26,206,42,32,53
275,279,42,42,44
1145,400,231,230,248
1039,358,51,49,54
13,358,47,42,46
201,338,41,42,47
864,117,47,47,51
9,131,158,21,32
1053,275,238,237,255
209,218,188,186,206
841,355,46,47,50
614,291,46,44,47
943,274,44,45,50
124,303,35,33,32
329,426,42,44,45
846,390,46,48,49
877,190,44,46,49
173,492,47,46,49
741,345,44,45,47
205,471,56,55,56
29,215,35,29,31
452,347,61,64,66
177,60,161,150,172
265,70,46,47,49
815,476,169,164,179
523,453,118,114,117
378,234,212,211,235
1190,173,237,236,254
288,269,49,47,50
337,189,193,191,210
985,2,117,86,67
1006,432,50,45,51
974,256,52,48,52
287,257,203,199,222
241,63,210,212,229
194,454,50,51,53
822,441,47,48,51
195,184,192,184,203
257,143,35,27,27
1085,292,236,238,254
805,154,46,47,49
648,332,45,44,44
933,321,46,46,48
1048,332,47,49,51
464,16,121,93,69
868,52,95,86,81
685,338,42,44,50
665,427,45,43,47
395,200,207,207,231
483,366,44,42,45
592,54,44,46,50
553,99,45,43,50
483,368,43,42,45
287,386,40,42,45
241,224,107,107,128
395,412,42,43,46
554,5,93,80,57
1107,195,240,237,255
406,77,31,36,36
1199,472,236,236,248
868,37,98,95,89
1131,483,229,226,240
394,374,43,42,45
556,476,144,139,143
767,146,47,47,51
245,399,45,42,44
890,304,43,45,49
259,271,43,45,45
456,187,76,74,80
1193,233,240,236,251
931,180,48,48,54
327,417,41,42,45
814,41,52,51,53
871,335,40,44,45
670,434,44,43,48
158,68,142,128,146
168,364,40,44,42
258,36,122,127,144
111,183,167,166,190
242,140,32,27,32
81,124,156,29,40
138,169,51,51,55
26,217,35,32,31
655,449,54,52,53
44,373,42,44,46
368,270,147,152,186
1024,280,52,49,54
210,330,42,43,45
47,289,36,33,35
1007,324,48,45,49
1070,267,48,52,55
344,211,200,199,219
273,98,32,25,33
1101,97,236,235,255
23,411,45,45,47
1040,354,46,48,52
193,392,40,45,43
962,178,49,47,51
607,466,109,104,88
832,350,43,46,47
772,225,224,220,223
781,31,49,49,52
645,299,48,43,48
997,452,51,49,53
623,36,44,46,45
651,282,42,44,48
913,348,45,46,48
561,167,44,43,48
822,140,47,46,52
65,389,48,46,47
1173,307,241,236,251
970,104,48,49,53
446,197,226,225,244
319,485,111,112,120
44,438,48,48,49
1147,498,228,226,244
897,295,50,49,50
754,340,48,46,52
240,496,73,70,53
280,254,198,195,217
323,34,39,35,38
883,167,47,48,52
32,431,48,47,53
194,347,43,42,44
892,214,51,47,53
878,36,105,102,100
405,318,46,44,47
783,76,43,46,50
1074,255,168,160,106
22,149,163,29,34
718,28,89,62,55
1102,314,239,235,253
285,209,186,183,205
1104,20,238,237,255
441,423,25,25,25
701,381,45,45,44
133,301,37,34,35
889,322,47,46,50
289,156,35,31,28
440,100,42,42,43
500,186,206,205,223
785,338,44,44,47
1003,310,46,48,53
1060,269,52,50,56
1036,1,105,81,64
933,302,49,45,50
565,259,232,230,255
58,46,114,100,113
551,480,156,152,152
583,451,155,149,154
837,120,48,48,51
787,277,238,237,255
179,234,194,193,212
642,136,46,45,46
769,79,46,48,51
1178,171,236,235,251
952,225,49,46,48
665,192,240,237,255
5,23,226,224,245
550,452,143,143,156
42,123,149,24,32
1056,156,45,49,52
1126,345,229,225,245
773,216,241,238,255
635,94,46,47,46
354,478,82,73,60
561,261,232,232,255
239,405,46,43,45
775,166,46,46,51
658,245,49,46,53
142,411,43,44,47
575,100,47,44,49
749,118,46,48,49
680,442,42,43,46
47,179,175,37,41
1074,145,53,52,56
1034,184,46,48,52
14,197,72,64,76
333,238,199,200,220
927,460,44,49,52
429,291,45,45,49
385,12,38,27,30
183,209,161,165,184
214,100,46,47,53
1030,261,47,50,49
837,72,47,48,52
101,227,203,202,225
292,293,40,43,47
80,25,116,108,117
1020,75,96,83,69
960,22,104,77,62
496,135,68,66,68
614,106,46,45,49
22,335,39,40,40
587,123,48,44,48
671,210,237,238,255
972,406,44,45,50
288,259,203,200,222
326,195,193,193,212
521,347,38,42,42
639,113,46,44,49
887,336,42,47,48
675,436,43,46,45
635,254,48,45,48
447,161,41,45,47
966,108,46,49,55
954,395,46,46,50
977,448,50,50,50
291,86,31,27,32
1067,309,98,113,197
44,368,42,44,46
561,56,42,45,48
580,455,151,152,157
272,377,41,45,45
875,116,47,48,51
265,380,41,44,45
315,495,46,46,47
93,186,137,133,160
447,89,40,40,44
1024,131,48,48,52
32,484,50,47,52
1089,419,249,244,255
209,143,26,29,29
862,284,47,46,49
551,152,46,46,44
682,142,42,47,48
451,180,48,46,48
165,75,147,132,154
1119,397,233,229,248
498,195,203,204,221
898,206,48,48,51
1190,404,237,236,251
1109,456,231,231,247
102,144,191,171,187
1079,319,249,246,255
604,287,44,46,47
913,192,46,48,50
314,6,57,50,47
942,249,50,47,51
919,149,48,48,52
920,81,49,48,53
812,235,237,239,251
677,75,42,46,49
1130,70,227,225,243
339,286,44,45,49
560,55,45,43,47
443,484,177,176,188
645,304,43,45,47
636,160,46,44,50
774,484,155,151,163
679,132,44,45,49
229,255,197,196,216
330,3,72,65,72
585,224,236,235,255
638,268,47,44,50
1051,65,106,89,76
724,460,140,134,146
361,450,59,51,51
595,74,44,44,47
3,248,32,31,33
102,367,41,38,44
803,277,51,49,53
733,263,54,51,59
215,493,68,64,49
51,120,151,24,35
258,432,77,78,58
1023,359,45,46,54
529,41,43,42,44
268,289,44,42,45
897,59,103,100,100
164,324,41,39,45
392,488,69,66,60
633,24,54,48,52
1160,186,237,234,252
95,278,40,35,37
684,280,45,45,48
508,29,89,69,53
56,492,63,57,56
754,122,41,46,50
1165,483,231,231,247
957,31,90,68,59
526,399,42,41,43
649,310,45,45,46
246,385,44,43,46
316,130,34,34,36
352,68,29,26,25
235,7,179,165,188
216,40,170,70,97
782,276,235,234,255
412,57,35,32,33
370,487,61,56,52
337,357,42,45,46
293,461,91,90,68
1081,116,230,227,252
598,191,234,231,255
978,488,47,47,49
212,383,44,42,46
41,442,52,47,52
721,11,58,52,53
1084,457,225,228,227
1175,492,236,233,252
498,368,39,42,42
640,265,48,47,49
581,112,41,45,46
372,462,85,66,69
485,205,31,25,29
867,388,44,47,49
146,107,39,31,31
886,143,47,48,50
879,117,50,50,51
480,354,43,43,44
1008,96,48,47,51
737,167,43,45,51
571,133,44,43,49
525,474,129,126,126
40,219,32,30,32
1007,171,46,46,52
667,400,45,43,45
1086,428,252,253,255
301,135,27,28,29
781,53,49,46,51
1028,294,47,49,53
573,263,233,234,255
243,357,39,42,45
587,85,44,46,47
626,276,43,43,46
64,193,39,31,35
864,135,49,46,52
104,89,156,30,39
586,34,47,43,48
744,150,44,47,47
338,67,36,35,36
1191,368,241,237,255
522,260,225,225,247
1094,366,242,241,255
33,487,58,56,52
848,420,192,184,189
907,180,49,48,51
739,185,53,54,54
327,76,35,27,30
611,483,187,185,190
69,115,153,25,34
656,169,46,45,53
474,342,49,48,49
42,198,74,73,77
1187,443,236,236,250
356,359,42,44,46
606,241,236,237,255
1095,65,238,238,255
101,87,156,29,40
249,481,121,113,99
212,56,47,33,48
1109,147,237,234,252
602,288,43,44,49
531,307,43,43,46
546,148,44,44,46
1127,333,226,225,240
910,151,45,46,49
421,430,45,45,45
1041,393,47,47,51
942,0,120,86,66
1014,323,50,48,52
425,246,70,66,73
966,257,46,47,49
233,215,188,181,202
645,52,43,46,50
389,103,40,35,38
779,135,45,46,52
347,433,89,84,55
879,203,48,48,51
444,299,46,46,46
627,216,236,235,255
886,92,47,47,52
153,379,41,43,44
1196,126,241,237,254
638,333,46,42,48
656,157,44,47,48
177,301,47,41,44
1144,75,232,230,245
134,97,160,146,164
215,427,44,46,51
899,167,47,47,53
1196,473,237,233,251
242,8,183,169,194
1058,243,49,49,52
271,320,42,43,47
994,379,45,48,50
1108,86,234,231,249
976,234,45,45,51
473,442,179,180,199
506,169,48,47,50
518,196,219,219,238
763,160,46,48,50
1132,176,233,228,243
303,482,82,80,65
625,325,39,43,44
4,97,133,18,28
442,459,139,111,95
1014,177,44,49,51
182,229,70,66,81
1128,341,228,228,238
846,158,50,47,51
683,417,45,45,50
713,157,45,44,51
286,119,30,27,31
819,41,51,52,55
1024,38,100,76,63
563,217,235,230,255
1010,149,53,48,53
1085,184,253,252,255
466,102,43,41,44
1139,191,230,228,244
660,164,43,46,48
781,311,46,47,50
914,433,160,143,161
677,303,49,47,51
706,359,43,44,50
803,186,46,46,49
239,210,157,161,180
897,357,44,45,51
960,220,44,47,50
713,119,43,46,47
656,418,43,44,45
588,110,44,44,47
880,117,49,48,49
1056,460,50,50,52
898,15,105,99,94
696,45,45,47,49
728,289,43,46,48
392,133,42,37,42
1072,365,50,52,58
52,314,38,37,37
671,207,239,234,255
1015,133,45,48,50
43,210,109,109,116
896,328,44,46,50
233,274,206,203,225
867,330,44,44,48
1005,131,46,49,54
1081,19,58,57,63
794,366,46,46,50
1017,184,43,48,50
799,277,47,49,52
446,453,135,106,107
526,159,46,45,46
104,379,42,42,43
471,91,46,43,45
563,431,44,44,44
551,128,45,45,49
1021,340,41,46,50
869,181,44,48,52
334,428,52,48,48
745,373,45,44,48
71,92,149,22,33
332,492,135,135,151
1010,190,50,49,55
801,291,49,47,51
405,347,44,43,43
1073,313,184,175,120
313,95,31,25,25
959,31,93,72,58
1136,326,230,225,244
435,178,47,46,51
250,423,57,54,47
332,234,96,91,89
160,259,209,207,230
396,90,37,32,36
969,269,48,47,54
1006,61,74,62,58
69,192,36,29,33
137,256,215,211,236
635,286,41,45,48
407,51,33,28,32
295,287,41,44,47
905,405,43,47,50
194,344,43,41,46
291,477,117,109,86
1005,107,46,48,51
329,179,192,186,205
1037,152,50,49,54
747,498,161,154,133
124,87,157,141,161
721,308,44,44,47
222,121,33,32,37
612,23,48,50,49
72,148,162,31,39
765,295,44,43,49
898,473,51,51,52
1126,389,229,227,243
532,498,140,134,130
1090,133,156,149,116
808,79,43,47,50
1120,419,231,230,248
106,345,43,37,39
1178,477,236,234,250
528,194,222,221,246
383,224,207,207,227
481,148,42,44,46
890,212,47,48,51
1169,254,238,235,252
451,324,47,47,51
839,453,50,47,51
68,155,162,28,35
394,229,189,193,212
1002,356,48,48,53
702,450,46,45,48
377,374,42,45,47
862,54,107,88,66
832,292,47,45,51
897,66,91,91,85
916,134,46,47,52
669,184,237,236,255
441,255,231,232,249
1083,93,250,251,255
955,163,48,48,52
1183,343,237,236,253
633,367,44,43,45
827,339,49,44,51
995,1,130,100,73
330,323,43,43,47
454,163,46,42,47
775,462,48,47,51
1047,82,70,64,59
1162,68,235,234,249
929,337,42,44,47
982,298,46,46,51
489,165,67,65,66
429,319,45,44,47
1136,196,233,230,249
768,260,238,237,255
549,165,45,47,49
128,145,37,28,35
867,19,98,94,91
1148,223,232,232,250
102,269,41,35,38
203,44,172,87,108
794,176,44,46,51
998,486,49,48,52
790,484,159,156,173
1114,196,234,232,251
914,458,46,48,53
139,200,201,198,221
852,227,241,240,255
966,287,45,46,47
1115,87,232,229,245
1024,211,45,48,53
320,37,40,33,38
461,218,80,70,96
264,100,36,29,32
468,3,65,51,39
878,67,49,50,51
758,193,50,48,51
879,356,49,48,53
462,406,46,46,49
750,41,49,48,51
891,225,241,237,255
837,160,45,47,53
993,101,49,48,51
1055,186,48,49,54
945,347,47,47,52
910,195,48,46,49
1025,396,46,47,49
553,254,231,229,254
774,169,47,49,48
305,344,43,43,47
574,359,45,42,46
879,49,106,99,95
33,433,46,50,51
1069,53,82,81,79
997,426,46,47,50
662,193,238,238,255
839,473,51,50,54
764,348,44,46,49
812,211,236,238,255
299,324,42,41,45
806,306,46,47,48
332,242,202,198,223
617,434,45,45,47
609,381,41,45,49
241,335,42,43,46
156,206,192,188,209
364,72,33,24,25
97,117,160,34,57
751,427,49,47,49
35,167,171,29,40
35,458,49,52,51
890,306,44,46,49
776,247,242,238,255
322,318,40,43,45
824,287,48,49,53
226,343,46,44,44
573,283,46,44,49
948,160,48,46,53
830,44,74,65,56
553,46,44,42,47
887,148,49,49,53
962,460,47,49,49
5,373,41,46,48
326,460,83,79,60
586,67,45,41,47
63,344,35,40,42
213,277,208,205,229
242,224,179,175,194
216,360,45,40,46
854,194,42,47,48
702,360,49,42,47
308,334,41,42,45
242,456,77,70,51
610,396,43,44,46
448,336,47,45,50
578,134,42,43,49
348,138,34,33,34
397,284,45,46,49
492,29,80,59,48
266,314,45,43,44
323,287,45,45,45
606,285,43,46,47
768,209,243,239,255
400,320,44,45,46
753,45,47,47,52
999,482,48,51,51
384,16,35,28,26
47,483,49,46,48
611,97,42,45,47
834,334,46,47,50
840,462,48,48,52
825,426,49,47,51
254,155,34,28,29
901,423,130,128,147
1068,423,55,54,56
637,346,45,42,44
1119,471,227,228,243
1137,217,230,230,246
815,170,42,45,51
437,438,53,49,57
132,383,45,45,49
708,423,42,42,48
1179,41,240,238,254
1082,40,67,64,68
690,13,47,49,50
103,324,35,35,35
471,173,46,48,51
24,100,35,31,32
1049,465,48,48,54
825,70,47,47,50
1167,49,241,237,255
1057,365,49,49,51
943,375,50,47,53
326,416,42,44,44
791,197,47,48,50
659,103,45,45,49
671,394,167,165,190
897,84,53,46,51
768,124,50,47,50
852,369,44,44,48
771,132,47,46,49
738,392,46,46,48
550,162,45,42,50
567,295,42,48,44
492,6,88,70,53
780,2,51,49,53
869,278,45,47,51
600,485,190,185,196
192,156,38,33,36
34,38,233,229,252
442,314,40,46,47
1007,308,44,48,51
747,26,47,50,50
494,127,45,41,46
636,123,45,43,48
273,158,28,31,35
628,453,182,185,201
208,241,49,41,49
871,7,88,83,80
616,337,46,42,45
186,237,192,194,213
59,368,42,42,42
1199,355,240,237,252
669,62,49,45,50
1070,215,52,51,57
487,185,54,54,60
422,107,42,39,42
995,43,112,89,67
510,386,45,43,44
964,161,48,47,53
21,270,38,34,35
291,19,210,212,231
209,433,48,45,49
342,382,43,43,44
419,59,38,33,35
128,263,218,215,237
840,211,49,51,51
765,410,151,155,180
472,67,43,42,43
1082,219,249,250,255
904,331,44,46,50
863,405,43,46,50
275,341,41,42,44
356,156,38,36,41
1085,469,252,255,255
1172,176,240,237,249
854,302,48,47,51
346,353,44,43,46
515,100,45,43,45
707,419,41,44,46
592,30,41,47,46
344,136,31,31,33
237,161,188,185,203
709,71,48,44,50
634,464,105,101,110
1156,48,239,235,248
636,169,49,48,49
1089,477,237,234,254
1043,189,48,48,52
433,451,90,87,94
775,492,164,161,172
283,335,43,44,47
1074,465,247,244,255
45,489,87,80,70
904,312,47,47,50
1122,450,229,228,243
534,282,45,43,48
932,436,136,148,143
342,439,81,79,54
799,430,50,43,52
860,145,48,46,51
236,484,55,57,52
134,321,37,34,33
396,0,40,29,25
577,303,42,42,44
784,101,43,46,48
1003,125,50,48,51
397,77,35,30,33
338,57,32,25,27
124,436,51,50,51
760,461,52,51,55
358,467,63,55,53
880,25,108,103,102
954,148,46,44,50
985,159,49,46,52
486,87,41,42,46
736,291,46,42,49
372,223,206,208,229
1187,220,240,236,253
1188,210,239,236,253
911,325,49,46,50
985,329,46,46,50
173,208,193,188,209
882,18,95,92,89
1020,70,99,87,74
232,289,48,49,50
1015,62,56,55,57
591,409,43,44,47
310,342,39,44,45
904,150,49,48,51
919,273,43,47,54
1063,227,51,51,55
770,185,48,47,48
1068,92,80,71,62
110,269,43,41,41
365,47,31,22,25
833,298,48,46,49
947,294,42,45,47
491,310,47,45,47
543,36,41,44,45
637,63,45,46,47
1150,7,235,233,247
805,17,53,51,52
1192,480,238,233,253
191,102,107,110,125
1072,271,51,50,55
579,41,44,45,47
927,66,82,78,72
1148,35,232,232,250
702,393,42,45,46
1178,483,236,233,252
314,80,31,26,27
473,264,33,31,31
1076,207,51,53,55
529,211,224,220,241
1082,256,249,245,255
1169,289,237,234,252
1075,80,77,75,86
409,55,32,31,32
1141,171,234,229,246
1064,346,51,49,53
1055,9,85,72,61
237,166,189,185,205
420,381,41,44,45
1196,266,239,237,252
1128,27,232,227,242
1062,475,48,51,55
592,491,177,176,178
1105,360,240,237,252
970,39,96,72,61
630,58,48,45,50
684,327,42,45,47
1095,148,248,246,255
393,478,63,57,55
881,116,48,48,51
720,115,47,47,51
89,312,36,33,36
88,443,46,47,48
134,280,213,209,231
439,60,41,38,40
579,244,235,232,255
1075,466,247,245,255
862,175,47,48,50
439,317,39,46,44
38,202,86,92,82
841,102,47,48,51
865,273,51,49,55
872,279,45,46,50
839,138,45,48,51
1052,156,46,49,53
394,380,39,43,44
641,157,46,44,48
217,12,188,173,197
39,372,39,43,45
371,307,46,44,46
713,104,45,47,49
368,159,37,38,41
7,316,38,37,40
1042,129,45,49,50
216,340,42,41,45
828,498,168,165,165
201,276,211,206,228
122,337,31,36,38
820,319,44,47,50
139,350,38,39,41
457,196,229,225,249
658,175,51,51,57
861,23,92,90,83
651,203,242,237,255
165,302,37,35,40
96,340,35,35,39
449,133,42,43,44
335,329,42,44,46
404,152,38,42,42
1026,452,46,49,52
1030,238,49,48,50
18,369,47,42,44
68,389,47,41,45
375,85,33,28,32
438,393,46,46,50
952,482,42,47,51
683,422,44,46,48
138,324,31,36,36
889,342,43,45,45
570,214,210,209,229
955,344,49,46,50
643,265,44,45,48
271,339,45,44,45
338,124,33,31,33
1027,109,49,49,52
389,1,42,30,30
1065,241,51,48,54
588,467,122,113,101
38,53,147,143,155
634,317,44,45,47
1055,214,48,48,54
1076,455,144,139,124
939,296,45,45,50
1171,495,236,233,250
245,138,31,25,28
281,462,105,103,70
30,171,174,33,42
1067,235,49,51,53
194,392,43,43,46
426,474,141,115,95
417,83,34,36,36
720,4,62,50,53
1182,346,239,236,254
747,346,47,45,48
658,160,47,47,51
1102,47,235,232,253
295,76,35,29,32
302,171,191,185,207
248,85,46,48,52
129,387,40,40,44
735,93,45,45,48
662,7,48,50,52
716,115,46,45,51
88,59,191,191,205
609,177,49,48,52
594,442,150,152,164
954,97,46,47,52
118,467,44,49,49
52,317,36,36,39
596,319,42,42,46
41,160,168,28,35
153,254,210,207,228
1111,343,237,234,251
742,340,43,42,46
73,212,232,229,252
1162,458,235,230,250
1141,423,228,228,241
535,117,45,44,47
932,30,85,65,60
114,35,195,193,213
207,177,191,184,205
515,2,123,99,77
578,96,43,44,46
322,339,41,43,45
1047,241,51,47,55
908,0,142,93,70
61,298,34,29,33
1022,464,51,48,53
586,195,234,236,255
780,303,45,45,49
649,437,42,45,47
364,44,32,25,27
1174,355,238,235,252
524,347,39,43,46
941,113,49,48,50
1003,76,101,91,75
709,124,45,44,49
438,202,60,61,66
602,63,45,42,48
743,60,48,45,49
477,485,102,97,57
1117,390,235,232,249
445,49,39,36,39
462,112,41,42,45
444,434,59,51,34
542,29,48,45,49
262,416,43,44,46
491,180,35,29,31
182,420,47,47,48
1118,430,232,229,245
820,307,42,47,49
184,358,42,44,45
1101,180,244,242,255
504,69,69,66,76
721,107,46,44,52
441,209,225,225,241
785,4,49,51,52
1088,15,65,59,61
1047,372,47,49,51
595,347,47,43,48
593,76,41,44,46
382,105,39,35,34
728,446,45,45,46
212,123,36,36,38
1019,43,102,75,63
972,268,46,47,51
474,60,43,39,43
685,498,114,85,63
809,343,49,46,52
190,496,46,45,49
446,439,136,120,118
417,137,42,40,45
582,394,42,42,44
604,58,47,43,49
998,212,45,48,52
516,139,45,46,49
692,369,44,44,46
664,21,49,48,52
572,61,47,43,50
458,204,227,225,250
874,340,44,48,48
619,7,51,50,53
1093,118,175,168,134
537,94,44,45,48
86,374,39,41,45
677,235,236,237,255
146,483,48,45,50
728,463,148,142,152
175,421,62,60,53
693,443,44,45,48
432,188,219,218,243
637,47,43,44,47
696,355,41,43,44
719,136,43,45,49
1034,404,46,50,53
207,5,159,35,45
178,444,61,59,55
633,420,44,44,50
105,4,111,100,112
329,137,30,32,36
978,162,43,47,47
236,118,32,28,33
835,382,45,47,47
892,179,50,46,50
820,210,56,51,59
37,295,39,33,38
331,179,189,187,206
686,316,41,47,49
193,128,38,39,44
11,270,36,32,33
987,432,46,46,55
386,140,38,39,43
618,172,41,48,49
340,196,194,193,215
111,27,37,34,37
37,336,37,38,44
352,83,36,26,24
1020,76,96,83,67
858,49,105,87,68
931,258,48,46,51
548,414,39,41,43
962,325,46,46,50
310,481,85,80,64
930,297,46,44,47
5,430,54,54,56
267,111,32,29,27
1005,227,52,49,51
349,97,32,28,33
1072,295,53,51,57
638,3,47,49,51
1160,125,237,235,250
842,442,44,48,51
463,158,42,45,47
540,101,46,43,47
788,385,42,45,48
595,150,45,47,45
211,488,49,47,49
738,39,52,48,52
183,205,65,62,67
827,47,64,57,59
1165,355,237,233,251
717,394,142,137,139
572,415,43,43,45
789,381,42,45,47
900,278,47,50,51
693,361,44,43,48
499,349,44,43,44
850,64,46,48,50
961,20,103,73,63
840,353,47,47,51
1051,492,51,51,53
1026,131,48,48,53
52,304,34,32,34
336,38,66,52,43
129,250,210,208,231
509,135,48,46,50
794,297,45,46,49
283,325,44,45,47
1028,135,51,50,53
267,144,33,27,30
1087,416,228,215,164
100,351,37,37,39
425,318,42,44,48
1146,66,232,231,246
583,412,39,43,46
313,179,188,185,207
694,280,44,45,45
917,411,47,45,49
606,479,176,172,181
522,128,44,44,48
460,48,42,39,40
177,349,41,41,44
299,269,49,47,51
514,382,42,42,45
277,93,32,28,32
606,468,128,121,106
1027,275,50,48,53
1193,404,238,234,251
731,188,239,237,255
630,256,47,43,48
870,178,44,47,53
701,23,48,49,51
1047,164,52,49,53
371,248,212,211,233
912,444,59,46,57
528,374,42,42,45
267,436,67,64,56
921,187,47,48,51
831,240,54,48,55
343,326,44,44,46
226,140,30,29,30
729,27,49,50,53
1032,347,51,48,54
7,1,214,222,242
308,27,49,51,53
771,348,45,46,50
247,241,56,49,52
255,193,187,184,205
159,239,68,44,79
819,167,47,48,50
586,353,46,44,46
533,341,43,44,47
1153,489,232,227,242
934,51,121,113,107
366,319,43,44,49
1135,101,231,229,245
364,291,43,44,47
41,107,137,50,50
769,477,150,146,157
1053,289,55,54,67
611,177,48,48,53
313,366,42,43,47
838,93,47,46,50
830,373,46,47,48
459,263,237,236,255
198,332,43,43,44
240,478,53,50,51
493,296,47,45,50
1073,380,60,53,51
987,200,49,48,51
1182,329,238,238,251
288,159,33,32,34
865,428,47,46,49
994,28,122,93,73
130,157,225,228,248
173,116,123,121,139
560,120,45,43,46
756,432,41,46,48
86,470,93,81,73
411,44,28,27,26
819,60,44,46,51
515,238,69,65,89
230,213,186,181,200
1024,152,45,48,51
363,330,42,43,47
237,145,30,29,30
727,267,47,50,50
837,403,46,48,48
275,149,33,27,33
51,495,80,72,68
910,438,45,46,51
1133,13,230,228,243
769,40,51,50,52
98,216,216,218,245
512,18,89,64,52
596,98,45,44,47
927,452,64,55,64
430,192,221,220,241
1181,330,239,235,250
1100,389,244,240,255
1039,118,52,51,53
585,60,43,43,47
118,372,36,39,44
249,326,43,42,46
1058,239,50,48,54
825,320,41,46,48
774,178,43,46,50
215,334,43,44,47
794,461,47,48,51
434,117,40,41,43
993,329,47,48,51
887,24,99,95,93
457,125,43,42,47
581,292,47,43,49
77,218,188,189,212
935,291,46,45,49
724,31,118,75,60
1019,492,48,48,53
471,404,44,44,45
1069,490,55,55,59
142,0,28,29,31
1111,339,232,232,248
627,464,135,133,139
656,88,46,43,47
524,344,41,40,42
601,119,44,44,48
69,10,229,229,252
844,479,169,157,98
705,372,45,45,48
969,26,96,72,60
466,359,58,55,58
475,101,45,43,48
170,144,32,39,42
433,121,41,43,44
356,352,45,42,49
740,196,239,237,255
53,331,37,37,39
1181,395,239,235,252
147,246,205,202,225
1095,431,237,237,255
474,219,194,203,213
200,76,205,197,218
566,204,178,175,173
1108,306,231,231,249
267,440,66,68,52
101,465,69,67,60
153,215,196,192,214
651,474,70,62,53
600,280,44,45,49
318,336,42,44,45
623,440,49,46,48
896,490,174,155,82
52,8,227,228,251
900,467,48,48,50
277,422,41,42,44
94,1,27,24,29
630,432,43,42,48
682,246,51,48,52
962,379,42,47,47
799,480,162,158,172
260,211,186,183,202
764,432,46,45,49
628,396,43,46,46
589,389,41,43,43
6,383,45,46,47
377,486,66,60,55
277,483,76,71,53
944,112,45,46,51
559,444,135,130,136
700,281,46,46,50
486,496,117,109,60
372,311,45,44,45
138,414,42,43,46
2,121,152,22,30
805,480,168,164,176
831,26,77,74,68
492,432,166,171,187
154,1,31,28,30
276,427,72,68,55
818,297,46,43,49
678,196,235,236,255
370,60,33,25,28
969,94,51,47,54
625,105,44,46,47
255,219,190,188,206
1051,51,115,106,106
761,1,47,50,52
1102,447,237,234,254
709,360,43,43,46
353,397,44,42,44
86,324,35,35,38
744,55,44,46,48
1098,380,240,242,255
265,347,38,42,47
1066,278,194,199,241
49,343,38,41,42
932,428,45,46,52
235,440,51,53,53
904,451,49,46,51
113,61,157,141,163
263,303,43,43,45
7,108,142,19,31
1023,353,47,48,53
878,349,49,46,47
679,86,47,45,49
577,326,40,39,47
638,134,47,44,46
818,85,49,45,50
308,144,34,29,32
863,152,47,48,52
1008,313,48,47,52
104,113,161,35,49
666,360,44,46,47
71,247,40,32,38
975,488,52,47,52
838,244,237,237,255
1180,487,234,236,253
170,261,206,205,226
530,155,40,47,46
1007,246,42,47,50
764,151,44,46,49
1015,146,49,48,52
888,224,241,237,254
794,100,45,48,49
103,194,246,245,255
312,425,43,43,47
1095,125,241,243,255
723,97,48,47,47
327,419,43,44,46
125,211,203,202,226
743,422,43,45,47
490,64,42,42,43
1118,124,228,227,244
876,78,49,50,51
996,152,47,48,51
1032,293,47,48,52
1007,346,45,47,50
709,479,142,125,115
676,357,43,43,48
751,82,43,47,49
996,405,44,46,48
14,35,219,220,241
801,250,239,238,255
1150,411,230,228,246
795,234,239,240,255
765,366,45,43,48
1146,311,233,231,245
411,12,36,29,24
1061,20,96,75,64
52,269,38,27,33
1001,178,48,46,53
798,58,43,47,50
53,312,35,36,39
147,178,211,210,231
485,481,120,114,73
278,478,73,69,58
1028,267,48,48,55
377,111,31,32,36
75,14,46,38,44
675,286,48,47,50
550,21,48,46,50
869,219,200,201,218
1113,303,232,228,248
1082,386,250,247,255
803,438,49,45,52
390,491,78,72,53
494,67,44,43,47
928,320,47,46,51
564,259,232,230,255
72,35,117,105,115
341,496,61,60,54
1109,341,235,234,252
177,271,209,206,230
282,48,47,45,51
245,173,187,181,203
442,217,223,224,246
185,318,40,40,43
923,405,43,45,49
928,191,45,49,51
107,191,187,196,216
683,151,47,47,47
362,4,41,34,32
1047,211,51,48,51
726,168,43,44,49
372,35,34,27,27
412,184,87,85,91
321,57,32,25,28
498,482,127,114,72
976,237,45,49,50
427,283,45,44,48
507,229,217,219,238
414,287,46,47,47
1124,213,229,228,244
725,196,239,235,255
1188,249,239,236,254
978,297,42,47,50
458,289,47,49,50
669,119,48,47,49
62,405,47,46,48
696,428,42,44,47
1170,258,238,235,250
420,457,159,148,135
389,427,41,45,48
162,382,42,43,47
386,464,84,79,72
1043,93,49,49,54
477,404,45,43,48
832,405,46,46,50
374,464,74,63,58
1079,18,61,61,59
724,23,62,54,55
57,452,51,50,52
21,368,44,45,46
631,173,123,120,132
723,299,42,44,47
724,230,236,237,255
221,415,44,45,44
84,79,151,21,34
725,343,45,45,47
1184,69,239,236,255
1189,80,238,238,252
553,364,39,40,44
764,212,245,242,255
573,82,44,45,49
664,492,106,79,58
872,165,44,46,50
878,63,96,82,68
1182,38,240,237,253
301,372,43,43,45
380,29,36,27,30
1146,32,233,231,248
810,321,44,47,48
232,492,56,57,51
963,454,49,48,51
1149,272,236,230,248
349,379,43,44,48
397,62,34,31,31
238,237,173,170,186
837,467,49,48,51
768,242,239,237,255
845,69,47,47,50
497,120,48,47,46
548,359,41,42,44
865,353,48,47,51
406,149,40,42,44
318,143,37,33,33
95,45,27,26,31
769,371,45,46,52
1088,439,239,235,255
221,177,189,184,202
503,458,155,158,173
351,118,34,31,35
266,365,39,42,48
471,345,51,50,57
22,421,53,49,53
759,260,242,238,255
1011,99,45,49,53
603,177,48,48,50
361,59,32,25,25
404,331,47,44,50
263,354,47,44,48
431,349,43,41,46
113,347,36,38,38
10,159,173,33,39
998,400,48,48,52
323,467,109,107,108
811,164,47,47,52
884,149,47,46,54
1187,372,241,238,254
158,491,46,45,49
839,77,44,45,50
1064,418,55,52,55
689,282,46,45,52
149,126,202,195,214
857,21,92,89,84
99,417,48,50,50
1110,204,233,234,250
219,393,43,43,47
899,22,100,91,85
867,139,47,45,51
615,492,135,133,116
371,27,34,27,29
331,201,51,48,57
1169,229,237,236,249
204,53,94,77,91
334,191,193,189,212
847,110,46,46,50
1159,234,238,235,251
1192,139,241,238,254
123,371,37,40,42
164,13,164,146,169
93,494,44,44,48
392,63,28,29,30
692,52,45,47,47
1123,482,227,225,245
113,187,180,189,208
381,153,41,39,44
141,271,213,208,231
837,301,48,47,52
705,238,235,235,255
699,498,132,107,75
305,328,43,42,49
608,310,38,45,46
182,337,43,40,45
463,208,158,158,176
635,110,45,47,47
1027,348,49,48,52
588,494,107,106,85
141,88,145,132,153
1119,415,232,231,248
766,387,42,48,47
921,120,51,47,54
441,3,33,28,31
545,183,228,227,249
621,47,43,46,49
975,462,51,47,52
812,115,43,47,48
651,0,48,51,50
761,368,45,43,47
721,299,44,45,49
355,171,57,53,60
491,100,43,43,44
177,367,42,43,46
833,27,80,77,68
858,315,46,47,50
116,420,53,50,52
1163,362,237,234,250
325,286,46,42,47
219,278,208,205,228
1065,263,48,49,54
338,103,32,27,30
131,317,37,37,39
95,303,36,31,33
624,336,45,44,47
657,195,242,239,255
886,166,44,47,51
246,305,44,42,46
1007,420,49,47,50
305,312,44,42,47
193,174,190,184,205
743,361,44,45,48
596,308,47,44,49
7,250,35,31,35
516,203,85,77,75
115,264,166,164,190
137,28,138,118,141
524,17,64,43,38
363,199,195,197,216
471,117,42,43,45
157,148,159,168,173
56,253,32,32,32
418,462,138,128,115
78,33,117,109,118
223,82,105,110,128
303,122,31,27,27
233,70,183,177,206
335,275,42,44,48
11,452,49,48,50
1118,480,230,227,243
137,315,35,35,36
1113,398,234,229,251
849,265,80,66,88
113,303,35,31,33
629,101,43,44,48
174,224,196,192,214
1007,390,49,50,54
175,434,49,52,50
1121,213,229,227,243
362,376,44,42,46
1094,486,235,232,253
807,447,45,47,50
733,209,239,237,255
134,290,36,33,36
985,1,119,87,66
1154,167,236,234,250
649,494,95,70,57
1134,294,230,226,242
791,308,46,46,48
134,451,52,48,50
554,419,46,43,48
640,336,43,42,46
992,6,129,97,72
819,159,48,47,52
72,193,38,29,32
773,51,47,48,49
395,281,48,44,50
691,110,46,47,47
122,52,156,139,160
786,406,46,49,52
680,192,236,236,255
223,261,205,202,224
740,147,42,45,48
683,289,44,47,49
1144,194,230,229,245
258,139,32,25,31
201,392,44,42,47
116,464,47,47,53
408,11,37,29,30
196,418,44,43,46
1134,306,229,228,244
125,460,50,49,49
1199,41,242,237,255
778,14,49,50,53
906,148,44,49,48
621,269,45,44,47
586,285,42,45,47
29,87,107,87,80
1164,446,235,233,247
1199,437,237,234,253
303,396,46,44,45
195,358,41,42,44
199,219,190,184,207
421,449,153,146,138
991,5,127,95,68
821,0,90,93,85
804,60,44,47,49
444,291,45,45,49
1029,41,105,80,61
597,86,45,42,49
502,474,104,102,72
131,372,35,40,43
603,455,166,169,177
566,453,137,130,136
304,464,132,119,96
634,373,40,44,47
110,237,200,199,219
1088,202,70,69,68
451,252,78,61,76
550,341,44,41,48
475,331,50,48,54
448,125,40,42,44
847,55,69,61,58
422,41,39,32,34
1108,128,237,235,253
192,445,50,48,50
1089,279,131,115,132
883,394,46,45,50
394,280,49,45,50
590,258,232,232,255
97,139,160,28,39
533,22,73,56,49
1139,339,231,229,245
1082,398,239,242,255
785,33,50,48,55
135,422,47,48,50
106,163,40,30,34
658,370,44,44,47
120,221,114,103,140
187,398,43,42,48
850,76,47,49,50
905,446,69,63,103
605,181,72,66,76
380,357,42,42,46
221,350,37,44,44
961,116,50,48,51
422,35,34,31,32
729,35,51,48,52
103,2,108,98,110
475,375,38,43,46
1051,9,75,66,61
330,359,44,44,44
11,0,224,224,245
847,254,244,241,255
900,307,43,47,48
130,218,195,194,217
933,494,172,159,86
469,335,55,56,56
595,247,240,239,255
704,83,46,45,50
422,268,226,227,248
891,107,47,48,52
731,245,241,239,255
572,197,117,122,157
163,419,46,46,48
691,141,45,45,48
203,27,182,143,150
444,139,44,44,44
614,72,49,45,47
917,102,49,48,50
405,186,206,204,225
722,449,44,46,48
390,490,64,60,50
573,23,52,50,50
1124,37,230,227,248
327,268,106,114,143
612,258,49,48,50
426,464,157,136,113
582,337,42,43,45
333,401,44,45,46
239,51,149,152,172
1171,442,236,235,249
980,424,44,48,49
886,185,49,48,52
1151,246,235,232,246
424,60,34,32,34
301,311,42,44,45
144,448,50,48,52
600,211,201,201,200
270,404,42,42,46
207,3,159,35,47
1088,5,253,252,255
184,355,41,42,46
1174,93,237,235,252
786,367,48,45,51
827,482,175,170,182
992,424,44,46,49
376,28,36,29,28
748,476,136,134,126
269,129,31,28,29
776,195,47,47,51
435,7,33,28,30
667,194,237,236,255
1008,106,48,48,52
609,246,237,236,255
1076,118,121,112,82
1058,317,48,48,51
692,96,45,45,51
1073,68,75,65,64
1112,333,235,230,246
1123,211,230,228,245
919,401,47,49,52
884,106,49,47,51
1142,225,230,228,244
564,470,146,141,140
564,101,44,42,46
1093,68,247,247,255
98,446,47,47,50
491,106,45,43,47
403,392,39,44,44
515,292,43,44,48
202,297,38,40,42
827,290,46,46,50
688,113,47,46,49
404,425,40,43,46
905,218,44,49,54
843,303,52,48,54
756,168,50,47,51
730,437,45,45,47
1142,329,233,229,246
329,252,206,203,227
78,453,46,45,48
516,430,47,46,49
20,41,67,64,66
885,289,49,46,51
1139,197,230,230,245
149,24,159,139,164
1079,28,229,222,206
66,235,36,37,35
100,280,35,34,35
1063,85,77,71,62
164,354,42,42,44
387,314,43,45,47
353,431,102,98,58
1169,410,232,234,250
1131,353,230,228,244
914,138,47,47,50
333,38,66,59,60
43,93,186,191,208
571,334,42,44,46
1051,382,48,51,53
8,425,54,52,55
640,170,50,48,53
497,257,218,217,238
822,256,240,240,255
1013,454,49,46,49
149,65,153,138,154
13,103,140,21,28
431,55,33,33,36
460,465,180,184,200
266,469,110,100,78
210,229,193,189,208
796,444,50,46,50
978,420,45,49,48
673,489,109,82,62
49,329,36,38,40
404,344,42,44,43
930,117,45,46,52
1004,89,48,50,51
916,160,48,48,52
799,455,45,47,49
167,493,44,47,48
210,74,103,92,117
493,386,41,43,46
585,196,234,233,255
505,365,41,44,44
913,110,47,47,51
933,146,45,47,51
278,166,185,184,204
694,356,44,44,50
850,235,240,237,255
946,332,41,45,49
476,179,48,46,49
741,43,49,49,51
702,309,51,48,50
361,279,45,42,46
1192,166,239,235,255
68,194,37,32,34
1132,453,228,228,244
1152,175,232,231,251
781,90,43,45,48
641,363,44,44,49
1093,161,247,243,255
184,409,42,45,47
545,23,46,47,46
528,266,223,228,250
764,323,41,47,49
467,38,70,56,46
825,359,43,45,49
387,51,31,26,24
446,66,38,39,42
179,419,46,46,49
1174,202,240,237,253
334,328,47,44,48
790,255,245,240,255
61,32,151,148,161
1028,114,47,45,51
463,205,230,225,248
227,17,177,166,188
296,165,186,182,202
122,467,47,47,50
1017,464,48,49,52
569,89,47,42,46
750,391,43,44,51
896,59,105,99,99
223,498,52,55,53
787,295,45,45,50
1100,295,236,234,254
865,426,61,76,117
360,310,45,43,46
272,99,31,26,30
374,367,40,43,47
91,35,126,114,124
866,200,49,47,53
528,337,42,42,44
396,19,35,29,31
1133,214,230,227,244
1102,240,235,234,253
161,260,210,206,230
162,12,161,142,162
81,255,214,214,238
1085,64,253,251,255
369,208,200,201,222
286,243,196,190,208
959,427,44,47,50
971,99,47,48,50
975,207,41,46,50
33,483,45,48,52
827,420,56,50,76
240,40,34,28,34
1078,468,243,243,255
645,170,46,47,53
725,214,237,234,253
1003,281,45,46,53
87,142,161,28,31
621,461,99,99,102
1099,182,247,244,255
192,389,42,43,46
726,91,48,47,49
370,286,44,44,48
74,270,34,30,29
56,11,231,228,253
137,50,138,122,142
882,87,47,48,52
217,259,200,199,220
386,170,44,42,44
481,42,46,43,44
905,418,47,47,50
110,97,157,27,35
981,30,98,78,63
623,301,44,46,49
756,475,155,147,152
1070,412,50,51,55
84,278,35,33,35
170,161,39,39,41
732,448,45,47,51
1148,141,232,231,247
655,119,44,45,46
903,417,47,47,53
309,354,42,43,43
391,181,50,47,50
109,110,173,104,117
759,226,238,237,255
721,272,48,46,51
466,307,22,20,19
1080,193,194,196,210
375,9,42,34,30
249,125,36,26,30
470,446,174,181,200
939,312,44,46,49
1069,361,51,53,56
273,5,199,190,213
1146,103,234,232,246
66,304,36,32,36
496,309,40,44,48
990,52,102,75,59
208,488,46,44,50
1126,151,231,227,245
745,381,41,46,49
995,444,132,149,196
702,365,45,45,51
299,29,54,52,56
1164,387,235,234,251
172,206,185,185,200
631,292,42,44,48
1017,310,47,47,51
1100,306,239,234,254
719,469,152,147,159
63,275,30,30,33
97,391,43,41,45
402,410,43,45,46
584,217,233,232,254
4,105,137,18,28
540,115,45,43,48
363,163,40,42,41
1119,499,229,226,245
74,117,152,25,34
545,271,50,49,51
334,459,77,69,55
1062,322,54,49,55
57,29,81,74,79
1174,335,237,234,251
315,85,34,29,31
907,330,47,47,50
321,437,85,82,55
39,293,37,32,34
1191,490,236,234,247
261,457,95,88,58
778,166,45,46,50
1135,226,229,231,248
1036,283,100,92,64
50,237,31,29,32
1007,468,46,46,51
116,118,160,31,37
407,349,43,43,46
989,348,46,48,48
435,43,36,34,37
433,173,44,43,49
860,219,237,235,255
289,68,39,31,34
0,266,39,32,36
50,247,32,28,29
176,144,35,36,41
359,411,46,46,46
879,463,49,47,50
685,90,46,46,50
773,200,47,50,54
800,495,163,160,173
152,91,151,139,160
797,441,46,48,47
495,146,42,36,44
109,98,158,27,36
9,470,50,50,53
817,33,60,52,54
395,381,41,40,47
90,431,49,48,51
933,437,99,106,119
460,323,35,31,39
462,282,53,50,55
24,302,39,34,37
7,96,135,19,31
621,161,44,44,49
11,29,224,224,247
92,358,36,39,43
647,321,42,43,48
561,60,44,44,45
68,72,31,27,31
1074,308,55,54,56
394,92,38,33,34
722,284,46,46,49
478,396,44,42,50
98,107,156,31,36
956,491,46,49,48
92,472,80,70,62
1061,139,48,50,55
45,96,58,39,61
262,314,45,40,48
42,342,40,40,43
294,19,160,163,182
1046,490,48,48,53
587,426,42,43,46
423,421,48,44,47
1181,268,242,237,254
594,51,46,45,48
1197,317,242,237,253
847,59,60,56,56
463,350,45,45,49
1105,424,234,236,255
1187,396,239,236,254
243,143,33,28,31
34,140,161,29,36
984,286,45,46,52
447,278,51,52,53
1014,366,51,48,51
73,195,41,32,33
230,277,208,204,226
1102,277,236,233,251
358,78,30,26,30
981,463,44,49,52
785,73,48,49,51
111,191,200,202,228
430,387,41,43,45
1005,447,44,47,50
824,377,48,47,50
866,383,46,45,49
412,337,39,44,45
148,124,202,193,212
950,303,46,45,49
1029,432,47,48,52
901,95,46,48,52
8,211,35,29,34
937,21,101,70,60
586,369,44,44,46
1176,221,238,236,254
727,74,48,45,48
746,215,240,240,255
1091,266,245,241,255
806,311,44,45,48
692,459,121,98,64
777,362,47,45,49
1156,289,235,234,251
372,52,30,24,25
805,27,50,49,51
516,263,225,222,245
39,234,36,32,35
1132,47,229,230,246
194,459,46,47,49
515,119,48,46,49
668,393,44,48,49
1068,154,55,49,57
411,92,39,35,41
1167,102,238,234,253
352,315,43,42,45
237,264,204,201,221
775,252,240,239,255
664,138,48,45,49
729,403,173,175,205
416,216,127,129,152
148,309,34,35,39
699,270,44,44,49
1097,209,242,243,255
1033,387,47,48,53
10,149,166,28,37
767,198,46,49,52
1165,230,242,236,254
604,90,44,46,49
961,379,45,46,50
470,181,46,48,49
540,168,46,45,50
359,337,45,42,45
136,353,38,38,41
708,377,45,45,48
1031,174,48,48,52
423,214,223,222,244
919,432,72,72,61
382,21,45,34,31
948,261,44,45,49
494,415,42,43,47
511,187,219,217,239
183,80,45,32,44
198,211,185,183,203
38,256,37,29,32
1114,19,236,231,250
1167,156,235,234,250
235,63,213,212,234
570,227,234,233,255
579,483,168,159,160
338,432,80,78,53
1149,255,233,231,245
321,316,46,43,45
1055,326,49,51,53
988,310,46,47,51
377,241,212,210,233
996,309,49,50,49
535,267,194,192,229
50,364,46,43,45
619,372,42,42,48
1061,11,93,77,63
903,54,100,99,92
387,219,207,209,232
779,220,240,238,255
13,373,42,46,47
829,86,52,47,51
93,54,29,29,29
30,400,43,44,47
816,142,47,48,51
1097,316,239,240,255
2,286,42,32,38
499,408,44,44,50
878,172,48,48,52
298,403,44,42,48
233,354,43,42,47
6,395,42,45,47
1154,183,237,234,250
962,87,49,47,52
579,144,42,43,46
913,86,45,47,53
724,351,46,47,50
853,404,47,46,52
55,436,60,57,56
768,3,51,50,51
719,383,44,44,47
373,469,52,52,52
901,399,47,45,49
926,386,43,44,49
60,308,34,33,33
333,36,56,48,48
637,475,187,186,202
334,384,42,43,44
73,262,37,32,37
412,393,42,42,46
805,306,48,48,50
481,74,40,41,45
972,89,48,47,52
543,99,44,44,48
849,70,44,49,52
339,366,44,42,48
908,411,43,46,52
946,255,48,46,49
127,31,35,34,35
1188,241,242,236,252
684,210,235,236,254
133,300,34,36,37
623,399,45,42,45
275,124,33,26,24
437,133,43,42,45
438,122,37,40,43
906,491,174,160,93
1189,406,240,237,255
309,40,43,40,43
918,386,44,44,48
1134,139,229,229,244
403,322,43,42,50
269,327,41,44,46
469,355,48,49,52
286,158,34,32,31
520,201,219,218,241
837,364,47,47,50
605,466,111,104,90
875,203,47,46,50
672,73,44,45,49
351,468,60,57,52
743,14,53,49,55
1030,250,46,49,52
629,454,189,188,205
249,80,48,48,53
124,413,46,43,47
617,285,45,43,50
1067,467,56,55,57
1043,16,95,79,65
398,448,193,197,218
247,72,41,43,51
321,294,45,42,45
1120,272,231,230,246
392,324,47,44,45
875,488,172,159,98
175,159,36,35,41
799,48,51,51,52
269,184,184,183,200
391,157,41,41,43
500,76,48,46,49
460,350,28,29,32
430,399,44,43,46
210,196,185,184,203
1145,385,232,231,246
1194,118,237,236,254
864,416,48,49,50
377,76,28,30,28
714,184,145,142,153
11,278,36,31,33
1031,56,179,166,142
1140,410,226,228,243
954,266,46,49,51
986,188,50,48,51
361,150,37,38,40
992,244,47,48,51
347,213,197,198,218
1136,21,230,228,245
1161,184,233,232,248
100,105,156,29,36
835,43,96,85,69
991,84,50,48,53
140,439,45,48,47
707,389,45,47,48
298,377,41,42,45
261,179,188,186,203
911,98,50,49,51
278,287,44,43,44
736,334,47,45,49
1026,77,99,84,70
1058,353,52,48,51
959,423,46,46,49
116,322,35,35,32
614,39,47,43,47
230,371,44,41,45
319,232,195,196,215
290,434,76,76,51
686,443,48,43,48
269,158,34,33,36
143,112,38,24,28
853,473,52,48,53
538,43,45,42,47
712,461,130,115,96
76,392,45,42,47
1113,212,232,232,249
1093,184,250,253,251
1143,445,230,226,243
238,166,188,182,205
382,35,32,25,30
564,115,44,43,46
1149,499,231,229,243
826,61,49,49,53
587,363,45,40,45
314,146,34,29,33
945,4,127,85,69
46,161,167,26,38
332,358,39,42,44
923,471,46,47,51
884,291,47,46,51
1111,280,231,231,249
37,422,60,55,55
791,23,45,51,50
717,275,49,48,51
107,464,48,47,50
648,225,239,235,255
87,343,37,36,37
909,386,45,46,48
106,172,141,148,164
110,297,36,30,33
1178,450,236,235,251
931,351,44,45,51
688,397,78,57,71
765,78,47,46,50
331,356,44,45,44
1043,418,51,53,57
671,468,101,73,55
203,208,188,184,204
955,260,47,47,50
765,322,42,48,49
496,359,42,44,46
1104,316,237,238,251
225,335,42,43,46
875,434,48,46,50
96,98,156,25,36
895,259,240,240,255
217,143,41,35,37
507,331,43,45,46
599,213,219,225,228
784,294,47,47,52
802,485,162,158,174
333,394,43,44,47
191,181,187,183,201
200,95,114,117,132
253,387,40,42,45
846,321,46,47,51
33,304,35,34,38
6,105,140,18,29
268,159,35,32,31
143,222,200,197,217
791,61,51,47,52
1063,241,50,50,57
66,455,47,47,50
993,162,47,48,52
391,205,76,68,78
417,269,224,223,248
208,283,188,188,218
140,45,130,112,131
1130,243,233,231,244
448,457,132,118,128
1021,132,47,47,51
603,364,43,43,47
418,364,44,42,45
98,212,216,219,245
950,406,49,44,51
597,467,124,114,96
268,28,129,126,148
612,470,158,156,153
929,1,147,99,72
848,46,111,95,68
363,402,42,43,43
361,432,87,85,60
29,426,52,50,51
618,272,42,44,50
822,14,79,77,71
922,362,48,48,50
513,168,47,46,49
823,278,49,46,51
421,432,45,45,49
916,298,44,47,52
417,265,224,224,246
980,305,48,48,51
653,212,239,236,255
819,263,56,51,54
986,352,49,49,51
72,358,41,41,44
991,451,47,48,52
724,103,43,46,50
436,305,46,45,48
953,212,46,43,47
1055,418,49,48,55
124,432,49,52,51
133,362,41,41,41
152,142,116,117,130
169,283,116,120,151
1013,150,48,49,52
78,163,160,38,47
190,195,182,178,199
18,14,224,223,246
931,17,126,82,65
893,37,114,105,105
582,234,235,232,255
963,274,47,47,50
199,399,45,43,47
159,4,36,34,34
1128,414,231,229,242
1028,416,46,48,51
35,220,33,29,32
488,255,211,209,229
317,65,31,28,28
457,496,110,107,62
631,323,44,44,49
771,162,45,48,50
930,127,46,47,51
1192,318,238,237,253
186,272,209,207,230
692,53,45,45,49
623,357,44,43,44
963,315,43,46,50
100,183,183,180,209
887,351,42,46,52
410,135,41,42,42
1056,25,95,79,64
385,428,45,44,46
197,423,45,45,50
114,6,118,110,118
535,1,81,66,50
937,274,46,47,50
490,230,198,196,217
451,116,43,43,47
615,233,232,233,255
902,230,239,235,255
0,477,49,48,50
513,60,45,43,45
691,132,45,46,47
932,54,101,98,91
504,462,145,144,157
454,97,44,41,44
1023,262,47,47,51
1194,344,237,234,251
959,257,45,46,51
368,463,65,61,56
929,12,172,131,101
1071,370,51,52,53
493,153,51,52,58
241,312,44,43,45
21,430,51,52,52
190,48,194,173,186
165,165,41,40,44
101,147,194,181,203
762,410,44,50,51
281,238,49,48,54
714,276,46,45,49
1197,159,238,237,252
308,423,41,42,46
1142,249,229,228,248
236,334,44,43,45
452,41,45,38,44
1092,247,243,243,255
1084,144,55,54,61
366,150,36,36,43
161,62,139,125,144
1193,251,242,236,253
1058,474,53,50,55
902,70,50,50,55
330,21,42,34,39
604,200,236,233,255
399,275,51,48,52
1057,329,51,49,52
578,398,40,46,45
332,309,44,42,45
1105,423,235,235,254
1162,173,238,232,251
974,191,45,47,50
727,164,49,47,51
674,77,47,46,47
1084,105,58,57,62
848,273,49,51,52
672,327,42,44,45
311,328,39,44,45
173,42,172,157,178
1044,309,53,49,56
843,224,238,238,255
783,307,50,46,50
1128,18,229,227,243
477,20,60,48,44
530,50,46,43,48
531,345,40,41,44
1029,129,48,49,52
316,308,44,43,46
642,469,90,85,82
812,0,70,66,62
945,56,102,77,70
1000,244,47,48,50
330,435,79,77,53
268,179,188,185,205
550,211,68,57,63
622,243,234,237,253
756,265,134,143,170
909,183,47,49,52
646,100,40,45,48
1023,449,45,48,50
971,307,47,47,51
334,433,73,68,53
301,127,32,27,27
411,142,40,40,42
759,224,146,129,157
835,202,49,48,52
832,407,48,47,50
1007,293,46,47,50
592,343,44,42,46
347,79,34,27,30
466,183,43,47,48
771,188,44,47,50
718,296,43,45,47
1051,299,78,55,63
731,163,42,47,48
49,265,33,29,29
1023,313,48,46,52
494,11,78,58,48
738,318,43,45,49
377,447,191,179,201
1133,483,229,227,242
568,199,230,227,253
149,112,35,29,30
328,394,44,44,45
276,457,70,63,55
113,379,42,41,44
432,358,44,42,46
863,249,238,237,255
537,20,53,45,50
1089,331,241,238,255
284,274,44,43,48
824,329,48,46,49
1154,204,238,233,248
197,307,42,40,45
836,19,90,86,80
425,144,44,42,44
263,399,42,42,48
856,180,44,47,53
330,165,35,35,37
333,114,31,30,27
632,367,45,43,46
346,403,43,43,46
819,212,236,238,255
440,19,49,39,39
934,493,171,158,86
580,275,47,45,52
22,199,78,73,85
970,187,48,47,51
1116,451,232,229,247
708,199,237,236,255
673,205,239,236,255
361,348,42,43,44
238,144,34,27,27
365,415,42,43,45
1111,169,235,233,249
9,282,35,31,33
1175,187,240,237,253
602,185,236,230,254
123,379,41,43,45
134,192,91,83,106
509,344,41,40,45
98,99,157,24,34
393,316,42,44,48
941,265,46,47,50
188,314,40,41,40
687,292,42,46,46
1123,60,230,228,241
779,393,47,44,49
682,252,45,47,49
291,60,38,36,40
68,35,119,107,119
827,464,51,46,51
1003,13,121,91,64
557,276,45,43,50
89,221,207,210,235
963,476,49,46,51
421,440,121,112,91
221,353,42,43,44
1154,232,233,230,248
326,407,46,43,46
651,196,237,238,255
1000,473,48,47,50
811,148,42,48,52
314,224,196,194,214
328,221,198,195,217
1149,98,235,233,246
682,170,46,46,49
335,92,30,25,27
59,183,46,25,27
559,31,45,43,46
464,297,69,68,75
232,202,186,181,200
258,351,41,44,44
634,257,45,44,50
486,60,41,42,46
983,69,92,78,66
161,435,49,46,50
991,98,48,47,52
661,315,45,46,48
903,258,240,239,255
1038,470,49,49,53
870,399,45,47,49
1047,289,55,59,62
233,489,54,55,51
909,162,46,49,50
315,127,31,28,31
998,459,56,46,105
35,462,57,58,55
1094,63,222,220,237
201,68,44,36,40
624,322,43,43,47
254,481,64,56,50
208,306,42,42,46
728,171,48,48,50
917,183,49,49,52
1029,286,49,48,51
844,457,46,47,50
1025,260,47,49,51
560,182,231,230,254
547,370,40,42,46
274,27,210,208,230
17,347,38,44,45
931,48,117,114,109
1095,50,217,211,190
912,386,48,46,50
873,62,97,80,66
733,373,44,44,47
141,294,35,34,38
794,470,163,156,156
177,420,47,48,50
949,66,109,101,101
376,359,46,43,49
595,167,45,46,48
1096,279,241,239,255
558,421,41,42,44
669,438,42,43,46
34,387,45,42,46
96,345,41,37,39
722,179,48,48,53
309,60,38,29,31
498,363,42,44,44
624,210,102,99,81
592,251,235,234,255
578,209,233,234,255
1060,333,48,50,52
875,150,45,47,52
828,322,46,47,51
503,149,42,42,44
564,223,232,230,253
369,447,151,153,166
722,472,151,148,162
431,287,45,45,49
473,434,183,191,207
132,174,54,57,62
634,58,42,44,48
850,283,45,47,51
193,271,208,207,229
1050,255,47,49,52
382,131,40,38,40
466,115,43,42,45
530,75,46,42,48
955,307,44,45,49
475,476,173,177,189
921,184,52,47,54
1027,251,48,49,53
869,162,44,48,52
573,378,41,42,46
702,213,235,234,255
548,222,228,228,250
857,51,103,85,63
1059,337,49,47,51
578,471,108,99,89
783,182,47,45,50
91,367,45,41,44
959,495,55,53,53
525,285,48,43,48
805,486,170,166,175
63,381,41,44,45
195,19,180,145,164
619,442,61,53,49
824,73,45,46,51
725,314,44,45,50
354,140,38,34,39
129,275,218,215,236
733,433,43,48,47
160,357,42,43,42
33,467,49,47,50
136,83,154,139,161
579,461,140,131,134
656,156,44,46,47
220,224,187,185,205
185,53,175,155,176
350,337,44,44,47
414,31,37,30,34
585,402,39,43,45
298,53,37,35,40
817,45,52,52,54
578,427,40,43,43
888,60,99,96,94
306,264,206,205,225
465,98,40,42,45
630,306,44,43,49
108,443,44,45,48
606,16,45,51,49
234,205,47,44,44
735,462,147,141,153
503,300,45,44,46
790,122,46,47,52
88,364,42,41,43
972,63,75,61,57
251,378,40,45,48
48,361,43,42,44
493,183,175,170,183
362,143,39,37,39
749,203,240,238,254
159,447,49,45,50
549,12,86,74,56
773,373,43,46,48
191,164,32,31,36
8,396,47,44,49
1075,174,52,53,54
375,488,60,55,54
395,120,40,38,39
837,116,46,45,54
290,85,32,29,32
355,301,46,44,43
103,338,37,37,40
467,51,41,39,43
152,199,165,166,178
14,284,32,34,34
542,287,46,45,47
73,85,148,24,35
169,348,44,38,45
223,318,44,44,46
301,156,37,32,35
490,148,43,45,47
734,460,137,135,138
271,361,42,44,44
856,246,239,240,246
482,461,175,178,193
716,69,44,47,49
654,320,45,44,47
280,298,44,43,45
555,327,47,42,47
42,347,39,39,43
1042,146,49,48,54
171,358,41,41,44
337,498,110,112,127
691,220,237,237,255
762,160,49,48,51
1129,480,225,227,241
934,428,48,47,49
282,160,32,33,32
754,489,161,158,162
495,479,115,106,68
809,289,47,48,51
936,473,47,47,50
995,7,127,93,71
426,412,44,43,47
866,302,46,47,49
810,379,43,46,49
947,484,48,47,51
53,387,48,44,48
942,172,47,46,52
425,443,159,157,157
482,328,44,44,47
934,363,49,46,51
983,222,44,46,50
883,164,46,46,50
179,118,120,115,136
1197,467,237,234,253
648,102,44,46,50
647,380,46,45,51
631,412,42,43,47
243,371,44,44,45
1073,221,61,58,58
548,2,91,75,54
492,253,216,214,236
663,490,109,79,61
212,438,46,45,47
917,274,46,47,52
354,345,45,43,45
359,359,45,48,51
737,243,241,238,255
992,108,49,48,52
808,412,89,102,146
681,43,47,45,53
765,68,45,46,51
855,241,79,62,58
909,277,47,50,53
225,332,41,42,44
82,133,161,47,72
437,411,64,62,62
579,87,45,44,48
1066,418,51,51,55
595,79,45,44,46
522,445,137,134,140
228,425,49,47,52
273,452,69,66,54
584,51,44,44,48
801,188,46,46,50
70,277,35,32,32
81,384,43,41,43
115,379,42,41,44
1020,233,45,47,52
1146,44,231,229,246
1192,66,240,237,254
731,396,44,45,51
264,44,214,213,233
216,156,33,28,30
714,54,45,47,51
74,342,38,37,39
797,208,203,203,221
853,337,50,46,50
524,38,37,29,29
154,64,149,133,156
866,421,120,115,142
91,348,36,37,39
719,277,43,47,48
345,424,44,42,45
1054,406,49,49,52
1049,343,52,49,55
1108,195,238,235,253
1089,268,159,155,155
1010,243,47,49,51
451,377,16,17,18
752,186,46,48,52
742,366,41,45,46
516,193,220,218,242
510,162,46,45,49
428,78,39,36,41
280,101,31,26,28
660,352,42,45,46
509,196,138,137,168
792,360,44,45,52
137,55,153,135,156
194,362,43,44,46
722,367,40,44,46
1101,441,232,232,250
325,15,68,66,74
98,49,30,26,30
198,88,107,109,123
810,275,45,49,50
120,318,38,34,37
116,142,39,32,35
45,391,45,43,49
189,68,198,184,208
244,52,177,179,200
681,388,45,53,50
251,371,44,45,45
447,157,45,44,47
789,209,242,238,254
1133,148,231,227,246
1183,309,240,237,252
941,278,48,47,50
40,425,56,55,55
424,201,222,222,245
391,15,33,26,29
472,170,43,43,49
148,402,42,41,46
164,350,41,42,43
551,281,45,48,49
353,183,197,194,214
1133,277,230,227,244
124,451,48,46,52
521,305,45,43,47
620,405,42,43,47
233,55,202,208,224
378,168,45,42,46
894,464,50,48,51
712,483,148,137,145
525,444,137,133,145
354,337,41,46,49
157,368,44,42,46
252,430,67,64,54
798,226,240,239,255
772,27,45,49,51
264,289,45,42,46
765,221,55,57,60
125,155,176,175,198
63,274,32,28,31
978,358,49,45,52
543,467,138,136,149
834,269,48,48,51
239,256,198,198,219
1150,281,236,233,249
503,304,43,44,50
856,224,242,240,255
505,361,43,42,46
1024,442,52,49,52
110,442,53,49,51
188,391,42,44,46
970,276,46,45,47
319,209,58,51,56
606,113,45,44,45
940,353,44,45,51
41,57,108,97,107
424,9,34,26,29
936,51,119,108,97
733,483,152,146,157
128,11,188,187,207
617,114,44,43,46
761,449,47,47,50
1118,44,227,229,245
472,203,232,231,255
1052,86,68,63,61
40,92,153,158,179
904,108,48,47,52
510,128,50,48,49
472,11,89,67,51
756,153,48,48,51
182,494,46,46,47
190,204,59,56,73
325,235,70,68,70
473,81,43,44,43
1188,18,237,236,253
612,392,45,46,50
728,293,44,46,49
1050,63,106,92,82
1155,467,232,230,251
405,412,45,43,48
403,159,45,42,46
268,369,44,42,46
919,296,48,45,48
874,173,45,47,50
81,414,45,45,47
144,2,32,31,29
1035,79,83,73,62
812,152,49,47,50
657,267,47,47,48
798,134,44,45,50
860,373,48,46,51
167,354,40,44,47
1102,215,241,240,255
47,294,40,32,37
55,232,31,32,35
886,129,49,48,53
279,271,46,43,48
1148,328,236,230,246
563,9,96,82,61
20,60,107,95,107
140,20,191,190,208
1003,490,50,49,52
528,208,221,218,242
119,334,39,35,37
924,248,47,47,52
725,19,69,55,54
746,88,47,46,50
735,345,45,46,46
1069,455,71,60,51
873,371,46,43,49
55,352,41,40,45
482,173,62,65,63
444,203,226,223,245
627,59,46,46,48
102,71,145,126,145
514,218,223,218,240
804,251,244,240,255
655,484,92,71,56
760,431,48,46,49
1028,246,49,48,52
644,156,50,47,49
515,1,124,105,84
231,259,199,197,220
1199,17,240,237,251
1043,74,84,72,61
319,395,43,42,46
743,24,50,49,51
255,249,196,191,213
538,462,151,148,156
1112,396,237,234,252
445,369,48,48,52
1174,1,238,236,252
986,320,45,46,50
143,14,192,192,214
24,285,36,30,34
379,41,32,23,29
799,230,242,239,255
1163,87,235,237,251
415,160,45,43,48
957,136,47,47,51
1140,161,229,227,244
305,104,32,26,28
609,372,45,44,45
951,139,46,47,52
917,271,50,47,55
157,317,40,34,38
865,112,50,47,51
16,78,113,103,111
736,377,43,45,48
105,252,218,213,239
854,309,43,48,47
312,482,88,85,70
852,407,45,46,50
1133,138,229,227,244
366,291,43,42,49
263,240,189,187,210
1131,213,227,224,244
858,285,45,48,50
1179,496,234,233,249
1055,104,54,51,54
438,2,36,28,31
52,382,44,45,44
1050,249,46,49,51
406,371,43,44,46
455,311,46,48,52
1002,228,46,48,50
1154,451,231,230,246
440,296,44,45,49
989,330,49,47,52
693,365,46,46,47
46,195,93,95,98
484,149,46,46,46
609,44,47,44,49
389,256,216,216,239
130,178,147,146,157
881,316,47,45,50
227,22,176,163,188
390,154,43,40,45
231,62,127,133,145
883,387,45,45,49
57,244,35,28,27
558,308,44,44,47
618,276,44,45,49
333,158,38,35,38
700,320,41,44,48
556,2,101,76,57
39,206,95,89,93
153,193,198,196,215
695,473,127,99,69
994,35,122,96,69
991,118,49,48,54
951,303,47,44,50
514,93,40,40,40
76,438,48,48,51
630,86,45,44,47
1074,326,230,240,242
238,349,43,46,42
1067,320,50,53,55
961,472,45,49,51
308,398,43,43,46
621,356,42,45,45
317,441,66,65,54
356,59,29,25,23
727,467,148,141,154
327,328,42,44,47
519,305,44,43,48
383,325,43,44,42
988,29,109,81,63
942,477,46,45,52
566,26,48,46,52
220,42,197,182,204
357,15,43,34,36
877,174,42,48,52
383,180,47,45,48
1182,242,235,233,249
455,451,161,164,188
455,167,46,47,43
524,6,35,31,27
217,216,184,181,201
475,489,112,106,63
27,399,42,45,47
123,2,114,107,116
43,236,37,31,30
758,199,48,51,55
585,257,236,233,255
426,402,42,44,46
543,436,178,181,196
798,366,43,46,50
900,18,105,98,95
945,32,86,66,61
79,490,47,47,52
827,167,47,47,50
326,200,65,59,79
467,200,228,226,248
1151,277,238,230,247
542,58,48,42,47
535,295,42,45,47
591,248,233,235,255
7,493,52,51,50
1031,177,47,48,52
512,367,39,43,43
148,117,37,30,31
598,106,44,43,48
1071,248,54,55,57
1031,345,47,47,49
739,441,45,46,47
776,485,161,154,162
112,432,121,63,73
1116,102,232,227,244
1046,283,133,124,146
677,170,44,47,48
150,366,42,40,42
675,423,43,43,46
336,101,31,26,30
945,165,46,48,51
242,332,44,43,46
437,283,48,45,48
382,429,44,44,48
201,496,46,46,48
599,374,44,43,45
782,313,45,45,50
1029,352,48,48,50
594,454,146,137,136
517,258,223,222,246
1084,429,247,249,255
1127,371,230,228,245
162,205,51,46,48
679,368,44,42,48
425,373,43,44,48
218,339,39,44,44
843,489,162,154,104
1128,59,228,228,242
1088,199,77,72,67
1085,251,253,253,255
491,470,123,126,118
1052,422,49,48,53
606,158,44,47,46
1012,453,46,47,49
866,189,45,46,48
694,89,44,47,48
104,271,33,34,37
457,237,232,233,250
1117,308,229,227,244
1158,381,235,235,247
535,335,39,42,45
507,192,214,213,236
517,412,42,43,45
742,358,44,43,50
980,420,45,46,48
273,451,68,69,56
1171,88,238,235,255
601,24,45,46,53
951,440,51,47,52
480,236,24,25,25
390,32,39,34,31
240,8,181,167,191
724,82,44,45,49
1188,88,239,236,253
581,40,46,43,50
974,143,49,48,51
409,179,46,44,48
949,87,48,46,53
168,58,149,136,154
701,186,238,237,255
766,298,46,46,50
211,344,44,44,47
186,243,125,116,135
939,350,44,45,49
40,180,175,34,41
956,314,46,46,50
228,82,143,153,163
587,140,45,44,51
350,166,42,39,44
748,477,139,142,135
1148,181,231,229,244
66,120,153,23,34
964,322,45,48,51
766,192,50,46,51
573,246,234,234,255
13,314,45,42,47
15,104,141,20,29
558,48,42,45,46
831,371,47,47,49
212,399,41,43,47
44,39,49,43,53
452,100,43,40,44
336,189,190,187,209
286,217,191,192,211
454,108,42,42,47
1060,114,50,49,53
596,129,44,45,48
1017,303,47,46,52
180,448,85,83,88
1149,302,234,229,246
804,254,240,240,255
678,391,52,47,49
524,245,220,222,247
714,242,239,237,255
144,184,210,208,233
41,179,174,34,38
532,404,47,42,47
764,295,41,42,49
1097,165,242,239,255
987,288,48,45,51
833,117,46,47,52
1033,412,44,47,52
755,36,54,50,53
727,224,74,65,106
858,244,235,238,254
217,256,204,198,220
264,421,42,43,43
865,247,240,237,255
716,452,45,46,47
1013,167,50,46,53
1,350,42,45,46
922,192,45,48,51
862,258,241,239,255
158,338,36,38,41
627,289,42,43,46
236,242,128,124,137
109,445,49,51,49
415,1,41,36,33
949,295,46,46,50
827,494,154,152,146
338,366,42,43,46
466,85,43,40,45
803,289,50,47,51
592,437,42,45,47
33,160,167,33,37
303,218,192,190,210
839,253,240,238,255
1087,370,218,201,165
1063,445,49,50,54
921,30,93,73,61
520,145,45,45,46
395,464,97,91,97
1139,290,231,228,243
55,217,108,107,113
714,494,148,142,154
412,397,47,45,48
1179,357,239,237,253
151,407,43,42,45
300,278,42,43,45
169,162,39,39,44
296,116,35,30,27
678,67,48,47,49
654,191,237,236,255
791,431,46,46,49
255,53,117,118,136
772,31,47,49,50
1086,60,254,252,255
690,44,43,46,50
804,121,48,45,50
891,348,46,44,49
1094,91,222,211,186
878,474,47,50,49
1096,182,249,248,255
544,381,42,42,44
664,410,45,43,48
781,261,239,240,255
954,73,102,93,91
1064,327,49,49,52
492,345,45,42,46
1104,180,245,240,255
772,188,42,48,50
1062,294,95,84,62
353,313,43,44,46
298,382,45,44,49
30,334,45,42,42
68,185,38,27,34
484,307,47,45,47
1193,410,237,235,251
336,352,39,43,47
1057,447,47,49,53
776,151,47,45,50
793,132,44,47,49
260,272,44,45,47
53,58,108,103,112
1116,372,235,233,250
349,33,40,30,29
906,324,44,46,51
793,310,47,48,48
925,420,48,47,49
490,135,42,43,47
458,348,21,21,17
359,152,39,37,40
574,317,47,45,48
299,39,50,46,55
790,63,51,44,50
832,260,235,239,255
1184,168,239,237,253
10,116,150,22,30
429,296,43,47,46
521,479,112,108,83
114,331,36,31,39
795,82,44,47,51
587,56,39,46,48
388,126,40,39,39
1078,170,52,53,54
321,14,44,42,44
605,255,53,52,56
444,44,37,35,38
844,424,55,49,65
442,449,61,52,37
926,270,44,46,51
513,337,42,42,45
336,220,200,197,218
524,425,44,42,46
548,269,67,56,79
738,273,42,50,50
936,345,45,45,46
555,470,133,132,136
1158,383,234,232,250
1100,262,237,236,254
410,148,40,40,43
239,197,189,186,207
276,485,85,74,53
329,120,32,30,33
81,392,43,43,48
169,103,205,194,215
660,168,46,47,51
54,148,163,26,47
913,264,223,228,255
210,276,209,206,230
949,450,136,138,155
821,321,47,45,53
11,86,125,115,122
1027,339,49,48,53
115,13,122,110,122
773,429,46,45,51
1095,134,240,237,255
1124,235,231,230,246
936,304,43,46,49
59,134,156,29,38
258,46,195,197,217
491,117,45,44,46
669,190,238,236,255
178,111,123,131,146
269,488,87,76,47
216,46,203,188,211
554,471,135,135,142
257,453,72,71,53
1109,316,237,232,250
863,267,105,104,123
445,181,46,47,50
461,307,80,76,85
948,146,48,48,50
197,267,207,205,226
1060,383,50,48,52
35,182,117,63,64
773,270,124,123,87
489,322,45,42,48
498,125,68,62,66
121,277,215,213,238
897,439,90,84,130
1095,171,242,240,255
944,422,44,44,47
1028,195,46,46,54
930,360,45,47,50
891,260,244,237,255
443,435,25,21,21
625,63,46,46,49
86,213,197,204,224
516,237,63,59,64
954,212,48,46,49
240,441,53,54,50
68,153,163,29,37
501,386,40,42,43
59,415,64,64,53
978,435,46,50,57
480,59,38,42,46
588,259,234,234,255
818,118,45,48,52
1063,84,82,77,63
181,384,41,43,43
1121,414,233,231,248
456,274,237,235,255
796,21,51,51,55
202,325,43,44,45
867,14,97,96,92
404,287,44,45,49
483,130,44,42,45
793,333,47,44,49
1000,468,44,48,51
808,167,47,48,52
998,105,52,47,52
1078,105,59,55,62
585,340,44,41,48
353,258,214,212,235
1051,207,43,49,51
244,353,41,42,48
499,404,39,42,44
714,238,242,238,255
837,177,44,45,49
593,25,49,49,51
978,340,45,48,51
1152,300,236,234,247
1192,278,244,238,254
330,216,196,195,218
946,97,46,46,52
955,451,49,44,77
310,127,38,31,31
100,498,46,45,50
1012,227,45,47,52
991,471,47,47,50
251,366,43,42,44
80,6,74,62,78
571,87,45,45,47
149,63,151,137,158
457,102,43,44,45
23,371,50,44,47
100,496,50,49,52
1186,215,241,236,253
1097,361,243,242,255
524,303,40,45,48
421,323,44,43,46
337,216,197,195,219
203,407,46,43,46
424,272,229,227,251
41,359,46,41,44
226,373,43,43,44
697,133,48,44,50
1177,481,237,234,251
80,349,35,38,37
659,299,44,45,49
722,407,47,44,52
545,450,141,135,142
330,25,36,35,38
716,98,43,46,48
1044,239,51,47,53
108,437,59,60,62
876,232,238,235,255
410,419,42,44,46
42,375,46,46,46
304,235,194,193,213
980,126,46,48,50
602,335,40,43,48
794,71,48,48,50
755,17,50,49,52
949,96,49,47,52
240,159,85,84,93
282,465,92,79,55
493,412,41,41,46
745,235,240,237,255
204,404,46,44,48
367,420,41,42,46
106,19,119,109,118
1152,461,233,231,251
387,388,40,44,48
833,479,175,168,167
336,198,193,192,214
632,226,86,86,115
571,129,48,44,48
1,178,74,86,77
1149,28,235,234,250
537,403,42,41,44
1169,241,237,235,252
350,313,40,42,46
43,336,38,37,40
1072,154,53,53,56
363,213,64,60,73
339,272,49,45,50
1151,272,232,233,250
612,270,48,44,49
44,178,173,32,39
772,63,49,47,53
741,127,46,44,47
1096,26,222,221,213
724,404,152,136,166
355,17,43,34,32
1114,116,231,230,247
273,127,30,26,33
369,352,48,44,47
35,490,78,72,68
533,93,41,43,48
414,2,43,34,31
762,422,46,45,51
105,483,47,47,50
1149,457,233,230,244
474,246,66,69,76
1151,116,235,232,248
324,491,67,64,64
499,354,37,42,44
458,142,46,44,48
30,449,50,50,50
597,111,43,45,49
800,416,59,49,89
450,167,43,44,47
418,469,149,137,127
1059,459,51,49,52
459,223,232,232,252
874,466,48,48,51
763,285,48,46,51
145,471,48,47,50
427,65,40,36,41
962,436,70,73,138
677,229,238,237,254
854,82,45,47,49
549,55,43,42,49
668,349,43,44,46
988,67,99,82,77
928,4,223,210,205
876,383,43,47,50
521,266,223,225,245
379,237,211,210,233
568,235,233,234,255
344,299,42,44,47
1047,305,91,107,189
748,379,47,46,49
234,140,36,29,31
282,222,195,190,209
54,423,52,57,53
502,43,43,44,44
142,30,141,121,143
735,471,155,150,166
274,223,190,186,208
952,394,46,46,51
823,376,48,46,50
721,143,45,47,50
230,490,60,59,52
1092,143,129,121,81
837,279,49,48,51
648,293,42,44,48
114,480,44,47,49
369,269,212,215,238
1007,138,51,49,54
290,171,187,184,204
880,24,106,102,102
480,10,58,46,46
751,214,138,131,179
179,451,54,48,52
369,81,33,27,30
279,321,41,43,44
997,98,48,49,52
870,430,45,46,50
722,197,238,235,255
795,2,51,52,53
1046,79,69,61,61
900,274,54,55,56
1156,142,234,233,248
58,265,32,29,29
79,424,51,52,54
1060,327,48,50,54
293,273,43,45,47
227,21,177,163,188
791,282,49,48,54
1014,167,48,48,50
764,414,43,47,52
478,304,49,51,55
63,11,230,230,253
185,170,164,158,169
944,264,46,46,47
169,427,91,89,76
1144,167,234,230,246
171,367,43,42,43
480,298,48,51,55
1153,199,236,235,249
886,120,48,48,52
908,399,45,46,47
333,283,44,44,45
918,30,113,105,89
777,54,50,47,52
684,443,43,43,47
491,336,44,43,45
1173,371,237,233,249
915,160,50,48,52
279,166,185,185,204
578,0,74,62,54
1156,87,233,233,249
576,423,49,43,49
373,73,33,26,26
81,97,151,26,31
562,5,91,78,61
936,442,47,47,53
565,273,43,47,53
1150,188,237,232,249
452,56,43,38,42
232,172,189,184,205
417,70,31,36,40
242,324,43,43,45
607,58,46,45,47
754,100,45,46,51
1159,442,232,233,252
634,39,46,45,45
597,225,234,235,255
1094,241,240,238,255
717,171,44,46,48
48,448,47,49,51
275,102,36,30,28
865,469,51,47,53
584,283,43,45,50
711,464,140,127,105
146,326,41,38,39
9,58,20,25,26
283,208,190,186,202
528,35,40,36,44
627,312,44,44,47
394,53,35,25,28
222,127,33,29,33
785,140,44,48,51
498,213,206,208,222
189,335,39,40,44
262,263,197,193,216
1073,250,73,65,58
594,373,39,42,47
1151,154,232,232,247
310,267,126,134,164
38,63,112,104,109
451,358,81,80,85
811,114,43,47,52
939,405,49,45,51
286,96,34,29,27
734,228,241,239,255
863,137,48,46,51
40,266,34,30,33
943,445,47,48,51
87,73,151,30,39
799,41,50,51,53
629,26,50,47,52
743,160,48,46,49
196,50,195,181,201
1189,434,236,232,249
181,84,35,28,32
228,283,206,209,232
683,325,46,49,46
828,339,43,46,49
505,380,44,41,47
464,38,66,52,45
353,488,55,56,48
452,12,63,48,42
1012,215,48,46,54
535,314,44,45,48
880,236,241,237,255
790,41,53,49,52
751,289,47,48,49
1169,176,239,236,251
122,333,32,35,35
775,440,47,46,50
324,2,69,61,60
709,76,45,45,47
95,330,33,32,33
266,302,45,46,50
108,221,205,203,227
1031,12,107,80,62
1035,129,46,47,52
668,283,43,45,49
818,137,46,49,52
644,372,43,43,46
79,51,39,33,38
371,402,43,41,48
886,444,49,47,53
517,496,98,93,67
1150,157,232,230,246
548,254,231,229,252
286,182,188,185,207
1192,207,240,238,253
96,75,150,128,150
323,122,33,29,33
323,60,33,26,27
1159,376,237,233,251
1092,493,242,236,255
257,85,39,39,44
382,381,42,44,45
1164,140,237,235,251
751,245,242,240,255
102,469,45,48,49
1139,101,234,230,246
525,10,65,46,40
1100,48,235,233,251
705,256,49,48,54
121,405,41,43,45
129,159,235,235,255
362,139,37,36,41
337,213,201,200,219
1060,204,52,50,54
48,488,88,75,73
1069,273,54,50,55
734,120,42,45,50
530,260,226,226,248
255,158,36,29,32
669,254,45,46,48
55,267,40,31,34
532,469,114,111,115
886,242,239,238,255
871,388,48,47,49
349,165,40,41,46
330,217,194,195,216
714,316,42,45,48
952,272,44,47,51
956,327,48,46,51
800,257,242,238,255
1078,343,54,54,58
147,454,47,45,50
821,219,239,239,255
561,204,170,166,201
478,307,50,47,51
767,183,45,48,53
221,151,35,25,31
919,360,45,48,50
61,245,35,33,34
874,489,166,151,96
882,169,43,47,51
979,250,48,46,53
584,246,230,235,250
4,499,50,47,49
1160,251,235,232,249
742,77,43,47,50
145,234,110,109,140
64,46,120,108,115
504,453,165,164,175
921,208,45,46,53
350,91,34,28,30
310,33,43,46,48
339,57,30,26,28
1147,15,234,230,246
858,476,51,50,50
1021,407,49,49,54
89,158,37,24,27
1045,352,45,45,52
871,67,49,45,52
406,28,37,31,33
462,46,43,40,43
169,5,158,138,160
850,200,47,48,51
477,68,41,43,45
1126,413,228,229,244
573,36,46,43,47
467,10,126,100,81
888,147,45,46,50
279,122,35,25,30
956,388,42,48,47
264,480,55,49,49
576,30,46,45,47
1148,435,230,229,245
978,329,46,48,49
764,70,47,46,50
98,273,37,32,33
1004,289,47,44,52
175,42,174,159,182
913,23,199,155,97
62,266,37,30,32
87,228,202,205,228
892,333,41,47,51
56,309,35,33,37
133,342,40,37,38
509,108,33,32,32
291,191,191,189,209
824,182,44,47,52
270,279,42,43,47
1022,160,50,49,52
991,89,50,47,52
870,216,51,53,57
93,489,49,47,52
307,170,187,188,208
940,334,49,47,49
144,430,51,49,49
191,306,40,40,41
221,272,205,205,225
151,3,33,28,31
984,28,101,79,60
229,490,57,57,51
423,491,158,153,174
227,469,100,97,75
570,241,232,231,251
111,321,37,33,41
567,217,233,233,255
1002,470,48,48,52
374,393,47,41,46
1195,276,240,239,251
410,34,33,29,29
413,438,95,89,83
651,244,46,47,50
1183,456,238,234,250
392,97,36,33,38
1026,130,47,48,53
1022,267,49,48,49
942,413,44,46,47
740,25,51,51,54
255,449,80,76,55
61,428,72,70,57
242,371,45,44,45
872,96,48,46,48
1140,386,230,229,246
423,147,43,43,45
878,448,47,49,51
550,411,40,44,45
319,472,114,108,106
242,476,86,84,66
588,57,39,46,47
1090,64,255,254,255
569,430,43,43,45
1100,426,240,239,255
1061,396,51,51,55
1001,270,48,47,52
169,82,166,160,176
446,120,40,42,45
50,121,150,21,32
