x,y,R,G,B
700,123,45,44,51
1167,138,239,236,252
98,350,36,34,39
664,342,43,45,45
1134,263,229,228,241
1133,222,229,228,242
842,180,47,45,48
837,66,48,50,51
350,162,36,37,40
147,332,37,33,40
1073,137,52,51,55
1040,145,48,49,52
435,161,42,45,47
421,21,30,29,32
517,489,109,104,79
90,86,153,24,33
696,480,125,101,74
253,101,37,30,38
963,137,47,47,49
469,80,42,41,45
621,166,43,45,49
801,267,239,234,255
461,344,34,29,26
175,72,137,123,144
66,338,38,36,41
680,201,240,237,255
1007,392,51,49,49
928,126,44,49,51
621,182,54,52,56
941,144,47,46,49
1185,125,240,236,253
784,230,234,238,255
349,342,42,43,46
387,475,56,56,52
313,231,170,167,183
204,408,44,45,45
288,250,193,191,211
668,132,47,45,48
635,356,46,45,48
453,26,74,51,43
319,466,117,112,111
697,385,43,47,49
852,266,54,51,65
130,378,40,40,44
809,87,49,48,49
641,374,41,43,45
801,286,47,47,49
1057,48,115,109,107
471,198,234,230,252
230,246,194,192,213
154,413,45,43,49
484,139,47,44,47
13,158,171,30,37
361,106,32,28,32
520,253,225,225,247
1136,24,232,230,246
237,73,168,160,181
1006,207,46,48,51
569,248,235,234,255
371,486,58,54,53
874,261,237,239,254
63,417,62,59,57
379,217,203,203,219
21,347,41,41,46
287,295,45,45,45
172,292,38,35,36
455,48,38,37,40
1059,490,49,50,55
608,139,45,45,45
859,469,46,45,50
798,187,45,47,49
973,50,80,66,57
1143,483,233,229,245
411,191,213,211,232
795,209,240,237,255
947,92,47,48,52
1083,267,52,52,57
975,454,105,118,177
612,453,177,179,196
1176,329,237,235,251
1114,183,235,233,249
995,64,75,63,61
899,223,132,126,137
1015,241,52,49,51
670,103,45,47,47
1138,193,229,230,244
27,347,45,40,44
751,194,50,48,52
775,318,43,45,48
479,137,42,41,45
472,186,54,47,53
764,385,45,45,49
157,168,64,63,76
0,262,33,33,31
707,127,42,47,50
1099,394,243,241,255
1150,331,235,232,249
1136,209,230,231,245
212,28,183,170,193
240,155,35,27,31
780,95,46,47,51
22,413,75,69,56
263,287,45,44,44
712,426,46,43,50
157,463,44,48,51
652,178,232,232,254
413,301,43,43,45
716,489,152,145,155
1133,459,228,225,240
818,251,238,239,255
1007,60,84,72,62
440,51,40,36,37
792,14,50,49,52
14,340,39,40,45
463,152,45,43,44
1125,420,227,227,242
1076,196,51,52,57
375,90,32,31,33
290,330,42,44,47
434,449,79,76,84
225,452,47,47,50
1027,79,97,83,69
264,136,35,29,27
167,30,171,153,177
59,177,171,34,38
128,93,160,148,169
295,129,31,27,33
202,162,32,28,31
753,95,47,47,46
161,149,50,48,53
483,68,44,41,45
786,249,244,239,255
700,389,42,44,48
801,329,46,46,49
570,426,43,42,45
499,417,39,43,44
116,175,244,245,255
125,159,152,158,177
165,61,138,124,144
1029,305,47,48,53
866,81,50,48,53
722,498,152,151,161
388,481,88,83,73
1148,113,233,231,245
528,125,43,45,46
473,67,42,43,44
312,297,44,42,45
445,84,41,40,42
684,425,42,45,48
518,310,44,43,47
554,11,87,77,58
4,303,37,38,40
396,6,38,26,29
968,130,50,48,50
702,160,45,45,50
921,387,44,47,48
87,92,155,24,34
736,492,123,116,121
362,335,43,43,45
60,394,43,43,48
846,178,46,48,51
1083,173,52,53,60
218,390,42,43,48
618,155,43,46,50
860,277,50,46,51
407,241,220,221,242
789,272,232,237,255
460,228,235,231,255
715,253,240,236,255
941,158,49,47,52
840,157,45,47,53
119,20,28,29,28
273,486,83,74,52
318,12,48,49,54
137,333,40,38,40
1076,82,69,72,86
96,97,156,26,35
26,141,160,27,37
645,278,47,43,48
210,251,196,195,216
1051,366,51,50,53
641,27,48,49,51
384,97,36,33,35
813,64,48,46,49
1110,205,235,233,250
130,182,220,222,246
428,367,43,43,45
1178,230,240,236,252
200,376,43,44,46
519,353,42,44,49
478,191,202,203,218
966,55,72,61,56
473,17,105,84,64
466,68,41,41,43
382,11,42,32,29
338,5,48,43,49
1009,165,50,49,54
32,464,48,48,50
1172,77,237,237,253
806,345,47,47,49
145,349,38,40,42
1115,281,231,229,247
215,418,43,44,47
600,438,46,48,48
833,222,238,237,255
345,136,27,34,34
375,36,29,26,23
632,215,233,236,255
889,403,47,44,50
881,474,48,47,52
311,108,34,23,30
1070,299,54,54,58
62,290,36,31,32
722,79,47,48,49
526,177,111,108,113
720,447,42,44,48
274,11,70,58,79
268,418,40,44,45
110,470,49,48,49
136,114,117,86,100
464,196,229,227,248
811,360,45,46,48
25,25,224,225,247
293,234,87,85,88
459,244,227,227,252
694,213,241,239,255
349,171,64,58,65
1087,484,241,238,252
694,194,240,236,255
1150,298,235,230,247
166,206,135,130,146
868,77,45,47,51
1144,85,235,233,246
975,494,44,47,51
688,153,48,45,50
795,122,45,45,50
820,279,48,48,52
588,448,144,136,141
36,223,36,30,32
570,270,128,136,164
114,175,247,244,255
623,361,43,42,46
662,179,235,235,255
825,69,42,46,49
796,339,45,45,48
262,183,189,184,205
1140,76,234,231,246
174,441,46,49,50
484,118,44,42,44
232,413,43,45,47
384,235,216,211,238
598,481,178,174,181
943,480,46,48,51
99,215,219,220,246
506,485,137,94,68
1005,280,46,48,49
139,8,187,189,207
1092,167,233,231,252
617,410,42,44,45
617,489,113,110,95
952,285,47,47,51
399,119,41,38,40
309,327,41,45,47
433,101,41,41,43
362,89,28,28,29
568,457,142,140,148
483,370,43,42,47
134,16,190,188,211
193,383,42,43,47
640,60,46,45,49
90,30,109,103,113
7,182,68,85,69
1042,54,119,111,99
421,494,195,193,218
791,58,48,48,50
1056,438,51,50,54
733,13,48,51,54
798,106,42,49,49
165,216,192,188,211
437,392,45,46,50
711,37,63,56,54
732,299,49,47,49
138,59,150,136,158
622,469,178,173,186
739,148,46,48,49
227,420,40,46,46
991,441,65,41,84
911,244,238,234,255
602,253,80,70,95
207,388,41,42,46
1033,426,45,49,53
1174,449,233,235,247
402,41,37,31,28
1034,426,48,49,54
143,39,131,115,136
1012,395,46,48,50
822,365,41,46,48
248,155,30,30,32
586,339,44,44,46
127,453,46,46,50
442,183,48,48,52
1089,479,237,235,254
1142,288,231,227,247
789,97,49,45,52
412,369,41,42,43
392,346,44,44,45
201,11,157,33,39
215,283,201,201,228
689,134,46,47,51
1148,277,236,232,248
1181,474,235,232,249
518,16,68,62,58
976,439,133,146,201
1001,230,50,48,52
60,326,37,36,39
630,434,44,43,51
686,132,43,44,48
907,401,49,47,49
1196,140,238,239,252
265,461,103,96,67
633,427,45,45,49
152,377,40,42,46
529,450,147,144,158
107,159,93,76,111
478,274,49,48,54
319,51,32,29,28
693,478,122,96,71
900,409,44,46,50
242,201,170,170,185
951,7,123,81,61
410,415,45,42,45
175,21,156,54,77
229,103,38,34,42
718,479,151,147,156
639,50,46,47,49
541,413,43,42,45
157,179,205,202,223
558,1,148,109,92
391,91,36,34,34
973,422,46,46,50
897,5,112,96,75
81,119,155,26,29
1035,177,51,47,51
883,401,49,45,51
672,350,41,44,49
629,480,190,189,202
242,460,68,66,51
193,150,35,34,39
117,446,50,51,53
718,132,44,45,49
445,150,41,44,45
366,309,44,43,47
614,230,237,234,255
107,181,245,245,255
1108,437,232,230,248
1137,216,231,230,242
705,300,50,47,53
35,331,37,40,41
953,355,43,47,49
935,156,41,49,48
1151,68,235,232,250
1011,63,61,56,59
177,79,42,31,34
838,189,45,46,51
923,282,45,47,52
78,422,54,56,52
142,87,147,134,152
725,307,43,46,48
486,398,43,42,45
521,496,112,105,85
735,13,50,48,54
504,152,49,48,51
1112,95,234,231,247
444,186,70,71,79
320,429,65,64,53
661,388,56,52,51
44,74,100,90,88
550,100,41,43,46
892,304,45,43,49
1136,498,224,224,238
933,228,48,48,49
209,140,34,31,35
631,25,49,49,51
851,203,46,47,48
170,306,38,37,42
472,54,42,38,44
676,84,45,46,50
175,267,208,206,228
721,488,152,148,159
1174,337,238,237,250
280,58,46,44,49
1145,355,233,230,247
742,251,241,238,255
1156,321,233,233,250
997,146,48,48,53
1188,493,237,234,250
263,30,109,109,128
444,81,42,41,39
832,293,45,45,51
1180,141,241,236,254
991,54,97,76,60
456,159,48,45,46
434,259,231,231,251
533,84,43,44,46
12,294,40,35,38
252,161,39,31,37
770,208,243,240,255
907,222,52,53,56
802,440,47,47,50
457,216,228,229,244
348,344,43,43,45
499,367,38,42,43
822,193,46,49,53
988,268,49,46,54
661,77,46,46,48
123,391,41,42,44
136,93,150,137,160
1149,102,235,231,249
141,484,46,48,48
543,162,42,45,46
749,333,44,45,48
55,93,195,193,208
452,228,234,231,254
526,398,43,43,47
751,180,43,47,49
821,59,44,47,48
845,261,239,238,255
537,235,223,222,247
1113,164,233,231,248
782,100,44,46,50
64,331,32,33,36
187,444,51,50,50
336,158,37,35,37
459,144,44,43,46
985,383,47,45,51
150,411,44,44,47
975,104,47,49,51
917,376,46,45,49
860,177,46,47,49
106,268,36,36,34
906,482,53,50,53
656,244,47,46,49
621,116,46,43,47
1012,273,44,46,50
430,152,44,44,45
259,284,43,43,48
720,485,149,143,156
68,36,113,105,116
320,170,41,39,43
795,383,45,46,49
144,416,45,43,47
982,226,46,48,52
166,453,50,47,52
801,485,162,159,178
1127,436,225,221,240
924,305,44,45,47
649,309,48,47,50
327,334,42,43,45
165,326,36,38,40
820,183,48,45,55
360,392,43,43,47
712,56,44,45,49
19,16,226,223,246
994,210,44,47,50
1078,403,53,51,56
12,330,40,39,41
500,181,199,200,216
13,323,38,41,42
1192,195,239,237,253
551,220,228,226,250
1005,10,121,91,68
461,181,45,47,50
664,212,62,56,61
590,160,43,46,46
274,166,188,184,202
836,170,43,44,53
23,316,41,42,41
139,7,187,188,207
403,261,226,226,248
815,285,47,50,56
753,405,51,46,79
838,261,240,241,255
145,204,43,40,48
123,14,159,165,174
1190,145,242,237,253
10,39,165,159,164
1061,210,53,51,54
26,437,53,50,52
918,288,45,45,50
971,245,45,47,49
1083,150,247,248,255
1145,189,231,230,246
507,116,36,31,32
39,0,229,226,251
309,259,205,205,224
961,333,45,47,51
275,259,201,197,219
340,30,46,35,36
459,450,180,181,202
993,116,48,48,52
961,496,54,51,55
571,212,66,62,65
239,330,41,42,47
144,43,129,113,135
1182,365,239,237,255
934,250,46,48,54
554,155,43,44,49
1086,184,255,254,255
140,164,152,128,149
1153,26,235,233,250
677,396,122,123,132
998,259,46,47,50
251,394,44,43,46
640,307,43,46,49
874,371,49,44,50
91,405,44,44,46
400,74,31,30,31
916,475,47,49,48
387,415,40,42,48
313,224,197,194,212
59,301,33,31,34
496,498,103,97,56
523,363,43,44,45
933,26,85,66,61
716,11,61,54,55
600,141,49,45,45
685,340,45,46,46
840,327,45,47,49
778,241,224,227,249
1002,436,49,48,52
828,251,240,238,255
379,271,101,107,131
134,333,39,37,41
959,191,53,48,48
661,79,46,45,47
33,110,147,24,31
1066,236,48,49,53
829,91,46,48,49
869,342,45,47,50
1149,193,235,232,249
394,165,44,41,43
390,250,214,213,235
1032,354,48,47,50
1085,212,183,180,199
207,73,91,74,97
704,152,42,46,49
783,465,55,48,53
932,434,81,89,140
107,38,194,193,213
667,132,43,45,47
597,44,46,44,47
437,490,166,165,176
915,467,46,48,53
31,302,34,31,34
225,8,174,162,185
1100,240,238,238,255
1162,293,240,234,251
988,454,77,104,160
208,374,41,42,45
246,269,203,204,224
717,165,47,47,49
354,72,34,27,29
3,124,153,21,30
836,277,48,46,51
820,371,47,45,49
252,120,30,28,27
342,440,75,72,53
598,19,51,51,48
536,343,41,42,46
603,474,165,158,160
657,165,44,45,50
81,129,156,44,60
147,110,35,27,28
208,480,43,47,50
746,340,44,47,46
1178,244,237,234,249
128,10,188,183,205
780,476,166,159,174
688,472,116,87,60
143,7,109,102,121
367,411,44,45,49
1127,10,231,227,246
736,246,240,239,255
111,217,208,206,230
345,14,45,37,38
95,455,47,47,53
996,112,47,48,53
641,493,150,148,157
1042,369,47,48,52
757,75,50,48,50
891,326,50,46,49
1025,37,99,75,62
783,183,47,46,49
673,374,40,43,45
97,347,37,35,38
636,206,234,236,255
729,36,53,49,53
330,218,194,195,218
639,252,44,45,47
901,445,48,53,60
386,271,158,159,195
938,483,48,46,48
993,241,48,47,53
900,481,52,51,53
58,301,36,33,35
724,273,46,44,49
256,117,32,24,28
67,61,181,180,199
192,125,41,42,46
300,3,213,212,230
233,84,42,43,45
30,29,230,228,249
446,40,45,43,40
922,238,48,47,52
368,369,43,44,44
1199,9,241,235,252
242,221,187,184,202
1006,16,116,88,65
665,458,84,65,58
224,141,36,28,36
178,264,207,204,224
597,134,46,44,47
748,446,47,46,48
1156,481,237,233,246
333,234,130,119,124
384,67,31,25,29
425,241,182,182,193
582,449,146,140,143
549,289,46,45,47
745,425,47,44,48
1062,19,96,75,63
802,80,45,50,50
291,388,44,46,47
1174,265,240,237,253
433,1,37,30,29
137,418,47,48,48
193,360,43,45,46
575,310,44,45,48
144,67,161,146,169
537,122,44,45,45
944,227,45,47,51
51,478,44,46,47
1097,153,248,245,255
256,253,193,192,213
206,301,42,42,42
1189,277,240,237,251
63,324,37,33,37
1154,179,233,233,248
537,30,46,45,46
607,102,42,46,48
1117,14,234,228,248
681,143,43,47,49
233,68,158,157,179
217,112,36,37,41
663,101,46,46,50
1021,337,47,47,49
584,308,42,42,44
14,95,122,93,76
41,170,174,32,43
630,104,47,46,49
161,115,40,27,34
256,421,42,45,46
1173,126,242,236,254
540,229,228,229,251
391,66,30,27,30
613,194,235,231,255
722,354,49,46,51
504,79,37,42,46
752,415,49,45,48
929,482,49,49,51
1009,461,46,46,52
702,134,46,46,49
177,28,181,164,188
360,39,42,28,30
895,198,45,49,49
527,357,39,41,45
689,452,58,50,48
377,181,197,197,218
298,95,32,26,27
857,392,49,48,50
261,300,47,44,46
1042,166,49,48,54
1062,85,74,67,61
54,64,118,110,114
715,71,48,46,48
103,122,160,29,34
854,215,55,52,56
1156,320,235,232,250
1119,294,230,227,246
306,366,45,40,47
734,239,243,240,255
490,374,43,42,46
1047,426,49,48,52
189,371,42,43,46
546,102,45,45,48
342,266,213,212,233
584,235,232,232,255
500,204,63,60,72
1188,159,238,234,251
531,260,227,227,249
912,236,242,238,255
944,494,174,157,95
851,194,45,46,51
813,343,45,47,48
931,324,42,46,49
198,197,188,183,205
883,415,46,48,50
237,174,187,184,203
35,127,153,23,33
409,455,79,72,66
795,16,50,49,53
632,434,38,44,47
180,474,51,49,48
639,333,45,43,46
795,447,47,46,50
1052,161,46,49,53
543,192,229,227,249
1141,233,228,229,246
303,104,31,24,26
1093,475,237,237,252
93,222,210,211,235
308,290,43,46,47
1116,343,232,230,249
15,15,227,226,248
832,194,46,46,50
655,350,44,46,48
201,160,36,30,28
856,439,46,46,51
153,31,167,149,173
473,223,110,114,119
238,61,210,212,233
911,376,44,46,48
63,231,37,37,40
236,78,48,49,54
435,495,168,173,183
911,138,48,48,52
847,390,48,46,49
1141,300,233,228,246
1018,491,47,50,55
436,99,43,40,42
222,195,188,183,203
338,44,34,23,24
1021,101,47,48,52
96,396,40,44,45
144,136,116,123,140
1098,96,240,236,255
431,325,42,43,48
156,6,38,36,36
135,253,212,209,233
188,348,43,44,44
813,43,51,50,51
1134,140,227,228,242
1029,49,99,77,64
1166,101,237,235,254
1050,110,52,50,56
860,239,77,65,70
1168,97,241,236,254
14,335,42,41,43
1154,335,235,233,251
406,391,45,44,49
314,76,33,30,33
844,109,47,45,49
833,267,46,49,54
953,17,108,77,61
1036,494,48,49,53
640,219,96,82,78
396,47,32,30,30
1077,43,60,59,65
458,90,40,42,42
132,16,187,185,206
544,22,45,48,49
200,63,40,30,34
334,225,202,201,222
1114,242,232,232,247
173,358,42,42,44
815,27,53,53,53
191,356,44,41,46
957,354,43,45,50
539,88,44,46,47
44,120,148,21,33
1179,444,237,233,250
269,269,41,45,48
843,405,47,47,49
631,194,241,239,255
1032,359,50,48,55
477,492,111,96,56
197,288,43,40,43
501,490,124,111,62
311,131,32,28,32
503,397,42,41,44
613,461,134,133,160
546,333,43,45,45
311,287,40,42,46
25,235,33,29,29
697,263,47,43,51
980,403,44,46,49
153,42,147,131,155
67,217,135,128,132
424,278,50,48,51
89,223,210,211,237
522,107,42,46,47
674,483,109,83,63
1093,386,247,247,255
771,384,44,46,51
123,35,44,37,41
359,83,34,29,30
1056,103,54,51,54
1028,488,49,50,52
203,345,41,40,44
700,118,45,45,49
1153,320,236,234,251
590,497,124,125,108
741,281,44,46,50
370,175,196,193,214
868,280,49,47,51
539,480,172,174,190
886,99,50,50,52
1099,307,241,238,255
121,6,114,106,116
357,279,43,46,46
1060,410,50,50,54
615,242,234,234,255
583,183,234,234,255
1148,66,233,232,246
224,337,46,43,47
863,275,49,48,54
1071,14,105,82,64
1094,329,240,237,255
707,95,46,45,48
659,249,46,48,50
412,63,33,34,33
1064,132,47,49,54
868,443,44,46,51
320,482,106,103,109
760,126,49,47,52
296,408,40,43,45
1135,16,228,229,243
582,455,136,133,139
95,411,46,45,48
813,242,93,89,113
156,27,168,148,175
1012,403,50,48,51
859,182,47,49,51
141,155,152,149,176
660,363,45,44,45
576,430,45,43,45
545,123,44,45,46
808,149,42,46,50
531,319,41,40,45
649,421,43,44,48
1141,443,228,226,243
339,96,31,26,28
1023,163,48,48,51
394,31,49,36,34
812,180,47,47,51
110,244,214,211,234
803,285,46,46,52
162,305,42,36,43
739,334,47,45,50
54,320,38,35,34
114,454,49,49,50
211,201,112,106,121
145,384,40,40,46
486,241,193,193,211
965,396,43,47,53
805,177,45,47,51
194,200,50,35,50
879,128,43,47,50
854,225,242,241,255
1021,3,105,79,63
325,255,208,204,231
742,306,47,46,53
138,300,41,36,38
34,335,42,41,40
807,171,45,45,51
752,96,45,46,47
149,69,155,143,167
730,8,52,49,53
342,174,195,190,211
411,345,40,42,45
713,87,49,46,49
146,207,58,52,65
4,202,32,28,31
673,57,43,46,51
38,56,109,98,112
1118,210,234,230,246
1090,333,240,239,255
872,223,240,238,255
452,374,19,16,17
108,392,42,42,46
465,151,45,43,47
9,53,162,159,170
23,31,224,226,247
128,232,94,90,89
1012,232,48,50,52
230,306,42,43,48
207,86,121,125,142
132,166,194,200,220
301,409,41,44,46
592,250,239,235,255
571,283,48,42,47
851,295,47,45,50
869,50,99,94,88
1151,371,234,230,246
398,311,45,46,50
1168,57,238,236,252
492,151,70,67,71
194,115,84,81,99
606,119,44,44,48
145,182,210,208,233
922,394,46,45,51
471,484,148,150,146
1038,99,50,49,55
701,263,48,48,53
363,409,44,44,46
1181,412,236,235,255
460,168,44,45,46
558,429,41,42,43
788,103,46,48,49
23,291,34,33,36
504,189,210,213,230
946,471,47,46,50
212,409,44,42,47
1129,316,228,226,243
841,480,172,157,111
859,223,241,240,255
546,341,39,42,41
575,279,45,45,48
81,428,48,49,52
144,154,119,119,139
1177,491,234,232,246
400,415,43,45,48
238,207,176,178,191
782,35,50,49,52
607,265,45,47,49
6,98,134,16,26
922,226,49,48,53
634,391,42,42,47
1020,41,102,78,63
291,443,69,67,51
1073,259,60,54,61
32,164,170,31,32
169,463,48,50,49
545,44,45,43,47
68,73,32,28,31
614,347,46,44,49
902,300,47,47,49
1111,246,237,234,251
768,284,47,46,51
1197,225,236,234,252
268,206,46,39,48
854,385,42,46,48
1198,256,241,236,254
769,70,48,47,52
981,70,86,72,64
310,93,37,26,29
997,114,48,48,53
754,147,46,47,52
880,208,45,50,53
624,197,238,236,255
1069,217,51,53,52
758,272,46,46,51
708,308,48,45,45
688,45,46,47,48
1161,194,237,233,251
1052,347,45,49,53
1197,422,235,235,252
635,134,43,45,49
51,332,38,36,40
229,82,107,108,123
642,378,47,45,48
1091,450,238,236,255
1038,498,47,49,56
219,311,41,43,47
918,387,46,46,50
446,315,42,45,50
94,97,155,26,37
87,354,40,38,43
1030,460,49,48,51
555,28,49,46,50
807,180,46,48,49
705,264,43,46,52
926,339,41,45,50
436,482,77,71,62
278,229,194,191,210
1045,251,45,47,51
235,295,45,40,46
1009,175,51,48,51
1061,356,52,49,54
594,42,45,44,48
1035,396,48,48,50
1072,416,54,51,54
1159,337,235,233,250
1145,30,233,233,247
923,475,47,48,50
803,21,51,52,52
538,113,45,44,47
213,308,41,42,45
1171,25,237,233,253
788,367,44,45,48
49,309,35,34,34
238,69,210,214,233
625,115,43,44,48
338,3,50,47,56
815,3,76,73,68
952,427,45,45,48
322,485,115,116,125
309,421,43,42,45
116,441,50,54,53
1121,484,230,227,246
809,285,47,47,52
999,120,48,48,52
840,86,46,45,50
982,152,43,48,49
1070,85,70,65,64
883,213,47,49,53
718,436,48,45,50
583,284,41,43,48
802,9,52,49,55
896,250,242,239,255
889,404,46,44,49
509,258,221,221,242
1021,112,47,48,51
943,103,49,49,51
549,161,43,44,48
636,402,43,43,44
1047,52,123,114,110
928,362,49,48,50
472,55,39,41,44
14,404,46,44,49
395,52,31,27,30
845,173,43,48,50
784,460,47,48,54
213,223,188,189,208
868,448,47,46,52
236,327,42,45,45
310,408,44,41,46
681,458,107,79,58
466,132,42,44,43
378,427,41,41,47
297,101,29,26,28
1060,108,51,52,54
1195,347,240,237,250
797,94,44,48,50
715,244,238,238,255
1034,485,50,48,53
322,295,44,45,45
1063,118,50,50,56
904,284,44,48,51
1064,469,53,50,53
519,398,44,41,45
484,217,75,67,66
462,110,42,40,45
691,381,48,45,50
289,467,111,104,78
488,104,45,41,46
994,214,45,48,49
60,285,37,30,32
855,333,45,45,50
369,97,32,28,34
315,408,43,45,44
1127,450,231,225,244
71,161,165,33,40
464,200,228,228,250
564,326,49,42,46
243,204,101,104,130
443,339,47,46,49
473,170,42,42,47
993,479,49,48,53
611,6,50,49,50
1147,247,234,229,246
828,308,48,46,50
296,362,43,44,43
88,213,198,210,233
1107,447,232,233,248
733,36,51,49,51
1108,444,236,233,249
338,19,38,30,34
493,339,45,42,47
1059,242,46,50,54
1111,436,232,231,248
282,21,211,215,237
950,18,112,76,64
986,184,46,49,51
275,272,44,43,45
1005,155,50,48,55
573,179,166,163,175
890,124,46,48,51
881,0,77,69,59
711,201,237,237,255
1115,192,236,233,250
462,338,27,24,19
679,76,46,46,48
189,36,193,161,173
738,454,48,46,47
109,35,188,187,208
141,437,49,50,48
942,313,51,48,49
1188,133,238,237,253
906,333,47,46,49
236,6,177,163,187
420,355,39,43,47
291,415,46,42,45
203,425,49,48,50
225,239,109,94,109
735,34,45,51,51
25,226,32,28,35
180,178,192,189,213
802,79,49,50,51
583,259,237,234,255
605,394,40,42,45
587,156,44,45,47
823,212,203,203,220
253,363,45,43,47
282,34,42,36,51
286,16,211,213,234
944,475,51,49,52
374,218,202,204,224
50,475,46,44,47
1183,225,241,236,251
110,5,113,106,114
40,416,56,57,54
525,68,44,44,46
1140,0,229,229,245
606,319,44,44,46
993,210,48,49,53
1024,220,50,48,54
896,33,84,84,80
925,0,131,87,65
102,196,215,217,243
395,236,216,214,236
645,40,45,46,49
768,158,46,45,51
581,3,90,81,63
897,250,243,239,255
633,262,45,46,51
938,227,48,46,51
462,482,183,185,204
449,445,129,121,128
449,131,45,42,42
1115,31,235,234,249
918,313,47,45,51
215,96,64,55,71
181,43,179,165,189
355,236,199,201,221
338,184,194,189,210
40,130,153,24,36
137,297,35,37,39
792,84,48,47,51
418,479,143,128,124
408,270,225,226,251
33,318,39,37,43
231,356,44,42,46
901,182,48,47,51
802,31,53,50,53
1113,60,230,230,246
1046,160,50,51,51
1063,418,53,51,55
256,459,90,78,53
1092,350,249,246,255
507,369,43,43,43
44,466,49,46,51
300,321,42,41,45
837,191,45,46,52
675,267,45,45,47
19,213,33,30,33
720,129,47,43,51
270,464,104,100,68
756,317,43,46,49
945,155,46,48,50
584,66,47,43,46
648,399,42,42,48
682,176,50,48,54
785,235,153,146,171
247,315,41,43,46
735,481,151,146,160
792,316,45,46,48
977,160,46,46,49
443,450,130,107,107
1066,25,84,75,66
72,17,36,36,36
778,261,239,238,255
656,273,43,44,48
1131,200,228,227,244
133,103,162,32,41
356,165,41,40,41
402,124,38,40,41
515,120,49,46,49
741,28,48,50,52
830,458,51,46,50
1036,76,93,82,69
187,439,45,48,48
670,269,45,46,50
1107,280,236,233,249
1051,274,229,231,229
468,161,40,43,47
784,216,239,240,255
858,193,45,45,49
408,467,69,61,57
621,146,47,45,49
966,308,47,47,49
646,75,46,45,49
29,249,32,27,31
1008,284,50,47,50
820,177,44,47,47
1003,29,113,88,63
516,467,150,152,159
1109,202,238,235,252
434,227,228,225,250
864,157,42,46,49
654,80,46,46,49
189,177,190,185,206
287,315,38,42,46
778,249,240,240,255
1061,338,54,50,51
251,491,70,68,52
909,487,154,147,101
1031,11,112,81,63
414,169,46,44,48
1015,333,46,49,50
979,101,47,48,52
465,282,73,71,77
65,242,33,31,34
38,233,27,29,29
1198,414,236,236,254
445,20,46,38,40
1033,183,42,49,52
551,78,45,44,46
443,276,128,135,166
343,460,75,66,51
960,70,55,52,53
450,308,48,45,49
745,70,45,46,50
769,157,46,47,49
184,257,206,202,224
1135,424,230,227,243
656,304,46,46,49
830,495,169,164,158
744,411,47,45,48
170,230,45,38,45
1046,2,115,97,75
602,439,49,46,50
903,118,45,47,51
139,392,44,43,47
1151,131,235,232,250
1141,209,233,231,243
464,258,231,229,255
824,191,47,48,52
882,400,45,48,50
988,54,100,75,60
1027,6,118,86,68
66,66,46,26,48
453,473,181,182,201
67,149,161,36,41
932,213,45,47,50
406,387,45,43,47
29,14,226,224,247
1198,182,239,237,253
337,399,48,43,48
600,230,235,234,255
365,483,78,72,64
705,194,240,237,255
77,207,236,238,255
419,462,144,136,117
415,292,43,45,47
752,81,45,45,50
637,256,44,46,48
1102,421,239,238,255
437,342,42,44,46
964,274,51,47,50
1003,65,61,58,59
47,251,37,28,32
1028,446,47,47,52
345,296,40,44,47
7,172,109,103,118
730,266,49,47,53
472,413,43,45,47
204,220,189,184,205
600,465,145,139,139
1063,107,48,50,56
429,69,36,36,37
1146,209,232,232,247
1009,368,46,45,52
307,402,41,43,45
924,174,46,47,50
965,139,49,47,50
193,434,50,47,51
917,477,53,48,54
863,165,46,48,49
585,29,45,45,48
466,449,181,187,203
59,255,36,31,32
50,200,98,96,101
334,22,38,33,36
804,457,48,47,51
785,144,44,46,49
1118,50,234,230,248
1100,436,239,237,255
174,95,115,100,116
539,494,184,175,161
358,168,41,42,46
1046,199,49,48,54
456,34,62,49,44
372,258,212,214,234
83,463,56,54,52
488,10,99,75,55
518,493,106,101,80
360,32,38,31,29
54,428,54,53,53
130,7,183,183,200
515,150,43,43,47
1050,34,84,71,64
285,486,70,67,57
362,236,187,194,200
747,480,144,141,131
1129,231,231,229,245
277,26,213,215,234
61,290,35,32,33
770,19,51,50,54
1037,104,48,50,54
817,155,49,46,49
857,402,47,45,55
14,432,52,50,53
479,293,51,51,58
716,336,48,44,47
1107,209,238,236,254
39,359,42,44,44
426,447,157,153,157
437,77,41,38,41
884,115,45,46,50
659,429,43,43,46
200,14,168,87,114
873,50,99,96,94
1015,482,48,49,54
542,407,41,42,43
236,182,189,185,204
310,298,43,44,47
940,103,47,47,49
1160,12,240,236,252
688,216,222,219,229
922,378,47,44,49
207,213,186,181,202
675,20,52,47,52
123,54,161,143,160
1113,101,231,230,247
770,54,49,48,50
1090,38,239,240,255
503,358,43,45,45
507,35,87,64,53
916,223,52,50,56
935,129,46,44,50
390,155,42,40,42
752,385,42,45,53
551,238,229,230,255
707,219,234,235,245
604,346,44,43,44
636,331,41,44,46
686,67,44,45,49
224,243,191,192,210
1015,251,44,46,50
638,180,234,234,255
1183,111,242,237,254
914,399,43,46,47
1144,133,235,232,247
921,175,48,48,51
475,147,42,44,45
971,217,43,47,49
400,306,43,45,49
732,17,50,50,51
935,472,45,48,50
75,339,35,38,40
1007,282,46,47,50
1004,141,47,48,50
119,116,162,30,37
314,483,89,86,78
678,488,111,85,57
882,154,43,48,51
516,127,45,44,47
764,369,46,45,53
1084,139,51,55,59
101,106,159,31,54
22,53,89,90,91
782,292,42,47,52
936,314,47,47,46
895,422,45,48,51
669,426,39,43,44
146,337,41,37,42
94,472,83,70,63
658,283,46,44,47
427,128,41,43,44
1184,451,241,237,251
190,131,35,40,45
319,445,77,76,53
53,194,93,93,103
593,207,233,232,254
287,170,187,184,203
1173,315,236,235,249
617,374,43,44,47
256,6,103,90,109
59,38,125,116,127
1180,259,239,236,251
604,245,236,235,255
84,373,42,40,44
498,52,42,44,44
1076,79,65,63,70
143,238,199,195,215
353,205,53,52,54
633,418,45,45,48
75,31,115,108,117
777,14,50,48,52
1146,417,236,228,245
1045,74,76,69,59
264,409,45,45,45
61,450,46,47,52
10,263,38,29,33
63,238,32,32,33
740,1,52,49,52
1008,367,47,47,50
796,142,47,47,51
1038,436,47,47,50
720,276,47,46,47
172,153,36,38,39
430,137,40,42,44
843,358,46,45,51
946,135,46,47,50
539,486,125,124,125
1079,123,246,245,255
160,214,194,190,213
271,268,45,45,49
66,39,111,99,111
650,389,74,74,120
740,49,45,46,50
94,107,158,31,37
564,138,44,41,46
610,336,39,44,49
910,340,46,45,50
593,396,41,43,44
1030,195,44,49,52
761,400,62,56,52
393,496,92,79,56
923,219,47,46,50
1052,1,109,88,83
1196,380,238,236,253
327,171,79,77,86
392,320,43,43,43
936,382,48,45,49
301,130,35,26,31
1018,193,46,51,52
354,471,60,53,52
1025,484,47,48,52
395,313,43,43,45
985,338,42,46,51
571,141,44,44,46
716,339,48,44,50
346,453,83,79,54
144,439,49,49,50
992,78,63,62,60
882,32,111,107,108
693,196,243,238,255
831,335,45,46,48
477,193,211,214,233
165,202,155,154,176
711,3,126,54,84
1148,494,232,228,245
410,316,44,45,47
210,173,188,186,204
546,82,45,43,47
1096,205,243,241,255
853,186,49,46,51
737,31,48,49,49
1057,345,49,48,53
1105,55,233,234,251
1139,242,230,228,245
544,186,224,225,246
970,292,44,45,50
778,402,46,43,50
991,420,44,47,51
40,40,108,89,101
255,66,37,42,47
509,425,42,44,44
603,224,236,234,255
29,178,148,49,56
105,68,139,121,141
421,8,35,26,28
197,349,46,40,48
263,61,43,48,53
828,221,239,240,255
401,313,45,44,45
922,405,43,44,49
68,137,183,157,171
824,81,51,48,51
132,127,193,182,206
884,380,43,45,48
893,63,96,94,88
451,49,38,37,40
429,297,45,47,48
721,6,77,57,56
929,262,50,49,52
790,213,240,240,255
534,407,43,42,46
698,401,54,47,48
760,290,49,48,50
1020,241,47,48,50
221,83,113,114,131
146,344,38,38,40
627,480,186,180,198
142,491,48,48,49
1121,208,230,228,244
277,81,36,30,32
899,192,46,49,49
253,361,43,43,45
256,415,44,43,43
687,276,47,46,48
1132,363,230,230,243
212,146,33,28,29
1140,389,229,228,247
516,276,44,44,47
434,352,45,44,45
552,324,42,41,47
1062,135,51,48,52
137,241,71,47,62
1079,461,247,247,255
841,239,139,147,210
542,286,49,45,48
1097,136,240,238,255
603,60,42,45,47
385,116,38,36,37
55,58,117,104,112
472,61,41,40,45
585,92,40,44,48
451,329,47,49,52
134,30,128,113,133
844,355,45,47,51
627,306,46,45,50
814,86,45,47,51
251,306,45,44,46
366,27,40,27,31
1171,251,238,234,250
612,21,48,47,49
320,468,108,106,108
319,217,195,194,215
997,118,49,46,54
99,409,43,43,46
82,77,151,23,36
881,448,46,47,50
118,167,200,198,225
752,3,50,49,52
1181,109,240,236,254
448,137,42,45,42
1062,413,48,50,51
509,481,107,102,67
19,329,42,37,41
1136,313,227,227,243
35,397,45,45,44
737,222,237,236,255
1025,368,44,49,49
1073,92,80,71,66
783,486,159,153,166
37,110,148,37,42
656,167,48,47,50
329,273,44,44,48
1189,383,242,236,254
803,288,49,46,50
334,291,46,43,48
1141,90,234,230,246
7,177,57,51,61
355,441,92,86,61
803,353,46,46,47
783,394,52,48,51
50,331,36,38,40
145,355,42,39,45
1154,84,238,234,252
550,115,43,44,46
111,455,47,46,50
822,153,48,47,49
1016,117,50,48,53
886,378,44,44,50
635,192,236,234,255
264,242,180,178,199
917,82,43,48,50
1078,213,243,243,253
158,183,198,198,220
1108,338,236,234,252
613,218,227,227,247
1093,453,244,240,255
641,8,49,48,52
667,346,40,44,49
948,390,45,44,49
1026,40,103,79,65
1036,331,50,52,53
218,68,91,94,106
804,111,45,48,49
205,23,192,173,196
1075,408,49,50,55
872,409,46,46,52
172,0,166,148,170
488,218,190,189,207
217,463,44,46,48
659,291,46,46,48
351,163,40,38,39
1003,474,49,48,56
1095,257,241,237,255
1004,431,48,47,53
1076,28,105,102,97
539,481,167,170,187
716,375,47,48,50
487,191,28,30,34
714,8,64,55,55
570,45,49,43,47
702,256,47,44,49
293,12,214,216,236
602,62,41,43,46
734,301,44,48,51
327,155,35,34,37
60,28,110,108,131
1110,371,237,237,252
309,265,205,202,222
957,480,45,47,51
1066,239,44,51,54
1015,174,49,47,54
1116,283,226,227,243
779,477,158,155,171
918,408,47,46,50
134,248,207,208,227
886,1,93,82,73
448,311,45,44,47
1175,280,238,234,250
817,52,52,49,53
63,63,132,130,149
414,43,34,28,29
177,295,39,39,41
614,333,42,42,48
24,281,37,30,34
737,111,45,44,50
946,449,52,49,58
176,15,161,143,165
471,168,45,44,47
130,490,49,45,50
460,318,63,63,71
852,29,88,85,84
921,499,176,162,118
1079,395,244,244,255
65,326,38,33,35
486,469,170,179,196
268,390,43,43,48
1134,396,234,231,246
1150,31,237,233,250
485,284,50,50,51
71,108,153,27,33
2,190,75,75,73
813,302,44,47,50
434,298,46,44,47
737,265,49,49,55
404,474,58,59,53
42,301,33,32,31
1196,306,238,234,250
587,121,41,44,47
218,399,43,42,47
787,294,47,47,52
906,15,113,76,70
1081,377,54,51,58
1077,220,246,243,255
1173,50,238,235,253
481,65,41,41,45
592,123,42,44,49
1059,93,61,59,58
840,78,50,45,52
566,269,212,211,243
514,138,46,45,51
1149,196,232,233,248
419,122,41,40,43
288,190,188,185,204
676,68,47,47,49
441,480,131,129,138
1001,465,48,51,51
162,175,201,198,218
870,171,48,47,50
1003,393,44,47,51
259,384,44,43,48
429,434,49,45,50
1164,385,237,234,252
643,369,42,44,46
998,225,45,48,52
1134,445,226,223,241
569,114,45,44,48
1151,155,231,230,247
982,70,88,73,65
1025,68,100,87,76
967,1,102,82,74
1162,69,236,235,249
1192,258,238,235,250
158,89,156,144,165
537,370,40,42,44
1136,174,233,232,244
342,82,34,26,30
194,378,45,43,45
929,31,90,67,61
959,212,51,48,50
675,133,41,43,47
204,345,45,43,45
242,430,85,87,56
983,36,105,77,62
898,354,47,46,51
1058,48,114,108,108
11,303,39,38,39
830,7,91,92,85
1143,349,233,233,247
1078,335,51,53,55
577,145,45,44,48
864,253,240,238,255
445,242,61,58,62
828,331,49,49,52
1173,444,237,235,254
529,421,40,43,46
527,190,224,222,245
818,392,44,45,50
250,116,36,27,29
20,341,39,42,45
912,473,50,50,54
564,195,232,228,252
920,275,48,49,50
968,391,48,46,51
796,95,47,47,51
1194,245,238,237,252
783,211,244,237,255
666,218,236,239,252
1116,165,231,231,247
478,176,46,45,47
189,480,47,44,48
705,326,44,47,47
441,392,49,49,53
782,321,43,45,50
638,15,52,50,50
99,124,158,28,32
463,352,52,48,49
641,96,46,45,49
1190,337,239,237,252
1031,279,52,51,55
387,480,70,65,55
1045,64,109,95,74
1057,284,51,53,56
118,213,205,204,227
1032,290,48,49,53
198,141,37,34,37
941,57,121,113,112
629,381,41,44,45
627,405,45,46,50
696,105,48,47,51
146,390,40,42,44
979,437,56,47,51
1182,274,236,235,253
889,154,50,49,52
1082,373,55,54,57
169,239,83,75,79
622,141,46,42,48
849,349,46,45,49
1105,417,236,235,250
328,129,32,31,32
776,339,42,45,49
213,98,61,48,73
179,141,37,38,42
680,268,48,46,50
442,17,37,35,32
899,272,179,181,214
96,324,34,33,33
686,45,48,43,50
176,496,47,47,48
388,356,44,45,47
28,210,31,30,30
557,445,142,135,138
102,152,190,183,205
1160,15,240,235,251
1086,165,57,58,63
187,400,44,43,47
571,104,44,43,47
590,210,234,230,254
600,222,235,234,255
376,195,206,203,227
1052,101,47,52,53
1054,470,47,48,52
94,34,123,109,125
987,483,50,47,54
506,309,47,44,49
653,72,47,47,50
199,195,188,185,205
64,298,41,31,36
773,166,48,46,51
1081,203,56,53,59
723,147,48,48,47
796,461,46,48,50
238,70,193,197,218
82,392,44,44,52
1179,35,240,236,253
585,398,40,41,45
895,153,46,46,50
903,51,105,102,95
423,415,44,46,46
800,118,46,49,53
1128,158,228,226,246
1172,476,235,233,252
458,54,43,40,42
40,296,37,30,31
106,477,47,48,53
926,180,46,46,48
711,487,144,136,144
842,350,44,48,51
1069,14,103,79,65
870,135,47,49,50
427,58,34,34,36
283,27,127,133,152
735,299,45,47,49
841,277,46,48,50
671,398,46,42,51
715,281,47,46,51
271,383,46,41,45
38,447,50,49,51
763,33,50,51,53
19,232,37,30,29
909,217,51,50,53
178,191,145,137,161
607,230,235,233,255
945,233,50,47,52
633,482,178,179,199
547,156,41,45,46
130,370,42,39,42
196,191,187,181,204
908,418,46,45,50
871,191,45,46,49
1090,232,231,232,237
690,367,45,45,47
1050,469,47,49,53
231,348,42,44,47
235,403,43,43,48
50,83,189,183,204
831,450,45,45,51
37,307,31,35,36
1116,412,231,230,248
962,307,43,43,48
981,199,49,50,50
1058,25,95,78,65
772,200,50,50,52
904,347,47,45,51
208,462,49,49,47
138,70,157,146,168
537,264,227,228,252
604,12,52,50,49
727,207,240,237,255
671,103,47,46,49
374,371,45,44,44
673,254,44,45,51
425,209,222,223,244
1047,121,51,47,54
90,160,35,24,22
302,128,33,25,27
86,259,216,211,237
889,263,239,237,255
980,438,128,121,87
574,406,46,42,48
280,193,186,184,204
109,216,211,210,235
444,411,13,17,19
129,176,59,59,68
1067,89,89,76,68
19,184,47,49,56
971,308,41,48,50
565,394,40,43,46
854,97,45,48,50
1022,36,93,74,62
853,278,48,46,51
726,402,92,109,116
730,480,153,146,160
156,290,36,34,39
348,408,45,43,45
1178,307,240,235,251
215,39,166,43,72
738,398,70,65,54
898,391,46,46,48
1071,380,56,52,57
700,368,45,44,47
972,487,46,46,52
281,420,44,43,47
1023,440,49,48,52
254,443,58,53,52
133,90,154,140,161
650,66,45,45,49
471,298,40,42,41
581,41,42,45,47
348,474,58,55,50
234,212,147,144,153
243,401,45,44,45
535,106,44,43,46
829,287,48,47,52
852,50,104,83,63
583,257,236,234,255
235,458,77,74,55
882,420,47,47,51
257,405,44,45,46
635,492,147,141,154
1114,267,231,227,247
266,274,44,40,46
277,489,89,77,55
737,428,47,44,50
1160,353,238,235,250
1175,72,238,236,252
942,467,44,45,51
146,156,140,132,156
383,491,178,171,180
97,190,247,244,255
1002,444,46,48,51
605,261,46,47,49
142,269,214,211,235
524,268,61,51,73
610,342,43,43,47
1115,0,238,233,250
128,332,36,36,41
339,346,45,44,46
33,155,165,29,36
763,142,46,47,50
1184,47,239,237,255
409,377,42,43,48
1159,239,239,235,251
1122,354,229,228,245
1152,221,234,234,247
730,33,52,50,52
236,265,206,201,223
355,164,39,40,41
1179,297,238,235,251
119,435,58,57,56
14,141,163,24,33
108,399,42,42,46
650,58,47,48,48
129,100,162,31,39
1101,497,233,232,249
672,364,44,43,48
1041,476,45,50,54
443,433,24,16,17
258,81,39,41,46
766,72,48,45,49
597,46,42,44,48
378,451,196,189,195
94,188,162,157,185
768,232,239,236,255
379,81,29,27,31
387,303,46,42,46
1019,299,50,44,52
494,329,41,44,46
1088,173,68,66,67
502,338,41,40,45
1073,73,71,62,62
1120,299,229,226,241
241,228,181,181,197
638,122,46,44,49
410,136,42,39,43
159,282,199,199,226
901,223,89,89,100
617,330,44,43,44
979,327,44,45,48
1178,207,242,236,254
233,275,206,201,224
230,380,45,43,46
101,188,253,248,255
871,59,97,86,61
555,20,47,48,49
971,2,105,82,65
1138,496,228,225,239
46,398,47,47,51
148,61,151,136,155
1126,288,225,226,242
685,56,47,46,52
933,264,47,45,49
474,172,51,49,53
291,0,179,180,195
1158,180,238,236,250
265,333,45,41,46
1014,82,95,86,72
33,279,34,28,31
322,348,43,43,43
438,190,219,218,242
1049,219,47,48,53
118,384,41,42,47
1114,486,228,227,242
108,229,201,199,222
272,152,34,28,31
442,157,41,43,47
1071,398,68,62,62
541,20,51,47,47
344,4,45,42,45
825,492,154,148,144
260,156,34,29,31
797,157,46,51,49
58,312,32,31,38
957,114,50,49,51
908,31,108,102,95
216,345,38,43,48
789,153,44,47,50
531,59,44,43,48
534,306,43,43,46
229,13,176,164,187
108,169,107,129,139
633,433,43,43,45
936,280,47,48,52
942,222,47,46,52
1153,161,234,233,249
602,254,52,51,55
703,69,45,45,50
627,123,46,45,47
1149,183,235,230,249
121,496,47,46,51
681,219,66,57,67
1185,154,241,237,255
185,104,131,129,148
211,148,34,29,32
76,79,147,25,32
364,408,46,46,50
956,211,46,47,50
560,228,67,62,73
1148,412,233,230,247
449,135,44,41,46
1032,452,46,48,52
969,258,48,49,50
983,426,47,46,51
1174,108,240,236,253
337,6,55,52,62
892,395,43,45,49
451,426,62,64,65
1162,159,234,235,248
1017,417,49,46,51
1155,375,234,235,253
41,237,34,27,31
1144,432,230,229,242
101,163,37,29,31
1000,110,46,48,51
445,92,44,39,44
750,88,46,44,49
578,64,42,44,47
577,189,234,231,252
919,28,98,75,63
993,498,49,47,52
818,111,45,46,51
877,392,44,45,49
681,399,44,46,50
174,34,177,159,182
173,254,204,201,225
170,69,137,124,139
415,95,35,36,42
311,146,35,29,32
842,136,47,47,52
557,102,46,44,47
117,69,150,131,154
878,386,42,47,49
561,448,152,148,155
551,237,229,229,252
1027,434,48,46,53
626,196,237,234,255
914,200,49,48,53
352,411,43,45,47
432,153,42,43,45
312,288,43,41,48
1024,494,48,47,53
228,262,200,200,223
477,43,40,42,45
205,148,35,29,31
597,381,38,43,46
390,469,77,64,56
790,0,51,51,52
1172,64,238,236,252
298,221,194,189,211
748,259,237,238,255
555,161,46,44,46
176,492,46,45,49
674,184,240,238,255
769,269,58,57,59
654,301,44,45,48
270,237,43,42,48
573,125,39,44,44
283,440,73,70,55
32,276,32,29,29
196,405,43,46,46
725,219,126,123,130
1051,219,50,48,54
249,313,42,42,45
256,99,38,34,31
652,86,45,44,48
867,361,44,47,50
245,208,178,176,197
1165,208,238,234,251
466,13,122,97,78
486,426,42,44,48
513,234,222,219,242
1155,224,235,234,250
752,391,42,44,46
40,5,228,225,248
400,287,44,44,49
282,54,47,46,52
501,301,42,45,46
869,333,46,45,47
850,59,59,57,56
18,246,32,29,30
444,142,44,43,42
1194,219,238,236,253
1179,197,237,236,253
238,258,200,199,220
557,333,43,43,44
418,138,51,47,52
668,401,41,44,44
1124,446,229,227,241
106,438,47,50,48
920,18,97,68,61
1025,381,43,47,52
46,37,42,36,39
303,173,185,184,204
566,6,92,79,61
651,187,238,238,255
656,495,99,75,56
245,370,40,43,47
1018,29,90,75,62
372,150,37,38,41
835,77,50,46,51
1135,367,231,228,243
957,251,47,45,51
379,449,192,190,211
576,388,41,43,49
722,405,51,45,48
561,177,58,50,57
603,476,170,167,171
969,330,47,48,54
1131,287,227,227,242
1139,450,230,230,242
161,59,130,116,133
11,135,160,25,33
203,418,44,44,49
284,11,116,115,131
773,129,46,46,48
647,173,55,53,57
41,24,61,61,65
842,108,49,47,50
1161,132,237,233,253
390,139,40,39,43
570,435,45,44,47
52,469,49,48,51
791,231,164,161,168
201,2,153,30,40
1159,364,236,234,251
518,276,44,45,49
16,45,63,63,66
1151,412,234,231,246
192,382,46,40,46
360,66,35,24,28
188,327,40,41,44
8,249,35,33,33
537,338,40,43,45
448,304,42,43,48
1052,276,233,238,255
812,364,42,45,48
803,64,50,47,51
988,260,52,46,53
521,53,37,32,32
252,456,77,71,53
280,159,37,31,33
183,112,110,109,125
976,256,47,47,51
1187,42,239,236,252
112,125,161,30,40
209,90,121,121,135
954,371,47,46,48
500,206,60,57,65
669,33,48,50,53
783,26,49,51,52
976,294,45,46,47
643,348,41,44,48
151,332,37,37,41
920,437,48,47,52
258,479,50,49,51
1138,465,231,226,243
122,314,35,34,37
317,73,32,27,30
1118,25,232,231,248
86,276,33,31,37
938,279,43,46,49
424,345,39,41,44
312,289,45,43,43
1144,91,234,232,248
746,166,46,48,50
924,62,79,76,68
449,343,45,47,49
1185,278,234,234,252
1157,342,237,233,250
277,23,209,213,233
794,291,50,48,51
327,208,160,157,168
114,104,161,30,36
314,120,32,28,29
815,306,47,51,52
365,170,48,49,49
907,71,49,48,54
671,270,44,45,48
607,151,44,45,52
200,119,35,36,42
347,199,194,194,214
1004,345,47,47,52
1008,351,47,48,49
131,493,47,46,51
338,473,140,138,151
60,115,151,26,34
781,186,44,48,50
773,68,43,46,53
488,423,43,43,44
975,61,83,64,58
469,410,44,44,46
953,340,44,46,50
366,156,39,38,40
1086,484,238,233,214
30,483,44,48,50
320,412,46,42,46
482,352,38,45,44
546,314,44,42,47
363,150,39,37,41
1132,432,229,225,242
1086,35,249,249,255
530,277,45,47,49
1081,483,55,54,56
827,409,46,47,51
733,315,47,46,49
440,10,37,27,31
1182,483,234,236,252
3,56,28,25,21
492,394,39,41,42
260,355,41,42,47
852,373,42,47,49
1024,492,48,49,53
269,418,38,45,44
845,232,241,239,255
431,23,36,29,32
364,440,58,52,49
508,162,50,46,50
833,207,48,49,53
966,195,45,46,50
721,347,45,44,49
599,495,174,174,179
122,396,43,42,45
1112,68,232,230,247
705,287,43,44,47
487,88,43,43,43
126,214,198,197,219
381,53,31,26,31
1069,345,50,51,57
466,248,226,227,244
819,434,48,46,51
201,107,143,156,164
843,457,48,46,48
617,23,51,50,50
420,59,36,32,35
721,238,239,239,255
353,318,44,42,48
546,199,224,228,245
806,121,43,46,49
523,308,43,42,46
67,28,107,101,112
475,363,45,44,47
646,332,44,46,47
345,35,36,30,27
924,198,48,49,50
1044,461,49,48,52
76,363,40,42,43
402,345,42,41,45
487,268,75,71,96
67,246,35,32,35
590,433,46,43,46
1040,20,108,83,65
1150,77,235,233,249
519,262,225,226,248
695,471,120,97,67
993,267,43,46,49
1116,231,236,232,247
152,52,131,115,131
327,388,40,43,44
615,357,43,44,44
447,253,232,229,252
142,90,146,133,151
973,115,48,49,51
356,377,44,43,46
238,244,190,186,207
597,77,43,43,48
383,103,34,31,36
603,8,53,49,52
69,325,38,36,38
647,485,92,70,60
326,252,201,202,223
50,120,149,22,33
476,43,40,41,43
1186,258,237,236,251
1094,362,246,243,255
860,84,46,47,49
187,263,205,205,225
745,102,44,45,49
1047,130,48,49,54
947,266,45,44,49
230,348,40,44,45
381,260,215,216,237
1102,356,243,239,255
1008,136,49,49,51
558,285,43,45,47
370,107,35,30,34
896,224,241,241,255
650,479,86,67,55
774,350,49,46,50
806,439,47,48,51
737,24,49,49,52
155,16,153,136,157
1171,153,236,237,249
870,406,43,47,50
1191,108,238,236,250
390,184,192,187,203
769,458,51,48,49
404,300,39,44,45
372,469,53,50,49
616,334,44,41,47
741,367,39,45,49
97,224,211,210,231
133,297,32,34,36
1047,281,125,118,81
342,172,163,158,169
497,313,44,45,46
1008,232,48,48,51
990,112,50,45,52
754,417,45,46,49
1113,207,233,232,249
886,172,48,48,54
318,206,50,48,55
496,233,116,99,100
150,192,199,196,219
24,375,43,46,48
790,184,49,46,48
1053,405,49,45,52
897,249,241,236,255
111,17,124,115,122
1043,191,51,49,54
1104,246,235,232,248
554,68,46,44,48
639,375,41,44,50
364,403,40,43,46
764,244,243,240,255
587,64,44,43,48
1164,366,239,233,254
266,56,52,51,59
394,249,201,199,229
48,76,42,30,38
1093,434,241,239,255
962,464,47,46,52
608,115,43,44,48
870,190,47,47,51
543,52,45,43,48
480,47,43,41,44
266,344,47,44,44
861,80,46,48,52
431,150,42,44,44
314,278,44,43,47
587,55,44,45,49
255,289,42,44,46
744,272,46,49,53
781,341,44,43,49
676,198,238,237,255
704,61,44,46,49
779,394,45,45,46
407,211,212,209,234
1080,268,53,54,55
50,497,75,72,63
1103,184,245,240,255
85,334,36,34,36
1174,52,238,237,252
956,436,167,173,184
312,280,44,44,44
485,420,42,42,46
506,426,43,44,43
364,387,42,43,45
867,167,50,48,52
397,165,42,43,46
417,366,45,44,48
10,192,87,87,99
819,330,44,47,49
910,136,46,48,52
318,387,43,45,46
237,492,78,74,52
931,111,48,46,52
271,80,39,35,39
589,254,234,236,254
1051,167,50,49,54
439,108,43,42,45
427,262,227,228,252
956,238,44,48,50
1189,103,241,238,254
100,414,47,43,47
870,64,64,58,55
497,438,164,164,177
1094,64,238,239,255
251,198,189,185,207
344,128,36,32,32
288,494,50,46,50
870,303,49,47,52
857,381,47,48,51
427,277,51,52,54
806,109,47,47,49
112,401,40,43,46
937,251,43,46,50
266,242,162,166,187
363,470,68,65,59
339,399,45,44,46
314,365,45,43,48
269,314,44,42,44
106,190,224,213,236
1134,246,230,226,242
968,204,47,46,50
28,8,226,223,247
902,93,50,48,52
660,54,44,46,46
1052,450,52,50,53
828,140,45,46,50
171,48,164,150,176
1071,358,78,65,55
963,27,94,73,61
5,71,107,97,107
723,249,239,239,255
235,133,32,27,31
1,60,21,22,24
1173,299,238,236,253
1037,245,46,49,52
226,298,43,41,47
360,98,31,30,30
856,39,89,87,81
306,370,42,41,43
1183,339,237,237,250
554,386,41,43,45
887,443,46,45,51
59,102,152,18,32
84,382,39,41,42
21,180,106,100,113
877,68,49,48,52
878,225,240,236,255
1112,54,235,229,246
687,218,237,234,255
130,478,47,48,50
392,416,42,43,47
891,397,47,46,51
1005,168,46,49,53
996,260,45,48,52
1154,498,234,232,249
868,106,42,46,51
224,175,187,181,201
644,195,240,238,255
935,498,174,157,84
534,105,42,44,47
735,134,46,45,49
716,485,155,147,160
623,303,44,42,47
76,172,209,196,218
395,66,33,28,29
442,11,39,28,36
836,84,49,49,51
248,328,44,43,46
272,496,93,81,57
846,227,237,238,255
803,141,50,46,51
414,285,44,46,48
851,392,47,46,48
328,341,47,43,47
866,360,41,47,49
740,79,46,45,51
699,399,145,146,154
131,28,36,36,37
79,282,38,30,33
222,388,44,43,45
408,399,42,42,45
668,121,47,46,49
859,106,47,47,52
552,100,48,43,44
610,487,191,190,203
197,211,188,186,205
472,493,112,102,57
854,422,48,51,57
689,157,45,47,49
114,27,30,28,35
385,476,61,54,49
343,42,34,27,31
537,307,46,44,46
933,360,43,45,49
186,136,36,37,42
896,96,45,49,51
373,216,203,204,226
998,414,45,47,49
198,469,48,48,48
439,251,223,227,249
1085,318,247,245,255
522,199,214,220,241
989,326,47,46,50
1021,301,48,46,51
273,430,71,72,54
282,164,186,184,200
442,402,45,44,48
56,412,41,44,48
983,298,45,47,51
264,410,42,44,44
405,218,216,215,237
305,486,89,94,100
950,499,175,162,124
967,243,45,46,53
504,161,47,48,52
861,166,47,47,51
352,54,26,23,22
1094,196,243,244,255
471,134,42,42,45
1159,220,238,235,250
497,499,109,101,60
265,260,203,197,220
1165,451,234,234,248
816,338,48,44,50
664,103,47,45,49
865,26,97,96,94
258,290,43,43,45
86,84,152,23,33
151,364,42,42,44
85,478,89,79,84
187,26,181,146,162
744,367,46,44,50
982,460,53,42,84
554,107,45,42,47
752,354,46,44,47
1145,248,233,230,245
242,231,58,50,62
916,206,46,46,51
1138,31,233,231,244
662,355,44,42,48
172,232,49,41,49
698,238,236,238,255
1108,429,237,236,252
633,176,233,230,254
203,150,32,29,33
1195,80,238,236,253
929,212,46,48,51
302,284,44,43,47
267,279,44,44,47
811,374,42,46,49
1139,37,234,229,244
64,177,111,42,68
856,78,47,46,52
315,337,43,43,48
917,414,44,43,48
558,441,148,143,151
398,294,43,45,49
296,366,42,44,44
283,372,41,43,45
13,334,40,41,43
992,293,49,48,51
504,250,221,219,240
266,311,38,44,45
119,383,40,44,44
1128,173,230,228,246
835,6,96,91,88
1088,289,255,255,255
687,312,47,45,47
518,345,40,42,45
209,164,37,26,30
827,67,44,48,51
1198,268,240,239,252
6,2,221,226,249
1084,154,252,251,255
674,443,42,42,46
255,242,164,163,173
947,125,48,47,52
1130,278,227,227,242
77,44,117,109,118
466,313,23,22,24
16,57,120,123,129
998,183,48,48,53
417,261,227,225,247
1181,259,239,237,251
251,64,47,45,51
140,199,199,198,221
680,499,112,83,63
27,496,65,59,54
580,127,44,45,48
546,40,42,44,46
502,436,172,174,196
827,446,45,46,51
213,348,40,44,43
1097,17,231,228,225
389,21,70,57,46
13,350,43,43,47
835,44,99,87,72
411,97,38,35,41
132,439,50,48,52
916,157,45,46,50
463,166,42,44,45
322,388,46,44,46
500,79,45,44,46
975,361,43,47,51
77,366,41,43,44
652,47,47,44,48
806,167,47,48,51
223,220,189,187,203
442,448,53,49,36
968,317,47,46,50
607,309,45,46,47
1049,385,51,51,55
40,461,52,50,54
561,184,231,229,254
176,172,197,192,212
553,230,165,154,151
39,40,186,192,199
1,33,225,224,246
455,396,60,59,64
79,124,155,29,34
971,116,47,48,52
338,204,196,195,213
284,111,31,25,30
1032,276,51,50,53
1091,326,239,239,255
945,99,45,48,53
404,163,41,42,45
513,202,82,80,103
75,140,173,109,115
172,17,161,145,163
539,438,164,163,181
1116,198,233,231,250
662,332,46,44,49
244,454,70,67,54
631,30,52,49,52
539,336,39,42,42
483,254,199,197,216
781,66,49,47,51
1075,79,70,68,79
639,408,43,43,44
16,297,37,34,37
1105,5,242,239,255
559,361,42,41,43
701,46,44,47,48
655,140,45,46,49
333,342,40,43,43
129,257,217,213,239
969,396,46,46,50
275,104,35,28,29
721,123,44,44,49
1074,240,50,53,55
813,310,45,47,49
517,346,44,42,46
312,72,34,26,28
910,384,45,45,49
951,237,45,46,52
753,142,43,45,45
731,52,48,46,50
993,338,44,43,48
1189,16,238,239,251
55,157,164,33,41
950,263,48,46,51
720,427,44,46,46
556,201,225,227,248
403,222,213,212,236
441,301,46,42,50
877,66,49,48,53
9,102,139,18,27
731,59,46,47,49
522,289,42,43,46
226,246,194,193,215
611,201,215,214,245
798,257,243,240,255
1038,193,47,51,55
217,34,192,174,192
202,42,193,178,200
349,315,48,43,48
1008,315,49,46,51
625,146,46,45,48
7,290,36,31,36
423,172,43,45,45
812,303,46,47,51
511,242,222,219,239
351,374,43,43,44
1125,453,229,226,241
1002,259,44,48,50
1139,274,233,229,245
283,405,44,43,45
464,493,106,101,59
1048,85,70,64,59
74,420,59,56,56
207,331,43,41,46
607,348,40,43,47
327,326,42,44,43
689,170,45,48,51
202,197,189,183,202
652,280,44,43,51
248,450,63,63,54
51,205,62,57,64
646,213,233,237,245
135,289,37,35,32
247,90,44,45,48
600,155,45,44,48
323,243,77,73,86
674,166,48,46,49
197,148,39,32,38
76,166,181,112,134
1028,202,48,46,53
272,212,189,186,205
786,5,48,50,51
107,459,51,52,54
1054,394,50,47,53
274,231,183,188,202
297,459,78,75,56
609,363,44,43,47
1146,492,229,229,244
905,478,47,49,53
328,476,107,103,110
326,354,43,43,46
1043,381,48,47,51
412,372,42,44,46
741,13,52,49,56
659,342,46,43,47
676,58,47,45,50
500,392,45,41,44
1044,307,56,50,67
398,128,40,39,43
162,161,42,41,46
937,341,42,47,49
725,459,134,131,138
865,435,48,48,52
748,304,49,48,51
120,288,34,32,35
437,13,38,31,31
1185,122,240,237,255
518,52,32,30,33
1116,350,230,229,249
713,455,55,48,50
188,378,43,44,44
6,141,165,29,36
548,311,45,44,46
558,66,39,44,46
707,148,41,44,49
187,172,189,186,208
543,409,43,43,46
283,186,187,184,202
1013,343,45,46,51
136,94,152,138,159
533,359,43,42,43
508,321,42,41,48
721,105,47,45,48
597,469,119,114,93
997,14,128,95,71
1085,93,252,248,255
155,456,48,50,50
1002,278,51,46,49
909,498,173,159,105
1147,161,231,231,248
259,486,81,73,53
406,379,44,44,43
258,414,46,45,46
638,133,44,44,46
1151,29,236,232,251
661,139,44,45,51
879,416,48,45,54
1124,190,232,231,246
1120,109,228,226,244
319,328,45,44,48
16,224,36,30,33
506,352,42,40,42
1109,60,232,230,248
1004,268,46,47,52
693,344,43,44,47
17,291,37,35,37
538,234,203,213,231
366,11,39,34,34
355,69,35,27,31
1190,69,238,237,252
1101,335,240,238,255
824,65,41,47,50
551,179,229,229,255
718,172,48,48,49
459,61,44,40,43
1085,408,80,72,79
439,118,41,43,45
926,440,50,48,50
695,155,42,47,51
671,474,102,76,57
795,59,48,48,52
358,253,212,211,233
283,269,47,46,47
302,224,191,191,210
544,215,230,229,254
69,316,38,32,39
1002,198,49,47,49
502,444,164,160,179
609,168,46,44,48
1180,1,239,236,253
248,132,33,26,29
1047,145,47,50,52
240,279,207,204,227
15,163,173,32,36
304,336,41,42,49
513,381,40,46,44
258,150,28,27,24
1098,298,237,234,255
1041,429,50,46,51
116,430,105,81,115
233,228,188,185,203
367,487,135,127,129
394,191,209,205,229
117,407,46,44,49
877,18,97,93,94
998,132,46,48,49
16,99,130,66,67
692,351,43,44,48
246,239,117,115,129
710,353,46,44,49
209,87,118,121,135
401,427,40,42,47
6,484,48,49,53
92,11,109,97,109
602,438,46,46,48
893,211,44,47,50
767,21,52,50,55
911,299,44,47,50
33,136,157,30,34
723,37,65,56,54
235,82,43,45,52
820,118,44,44,49
285,248,196,193,213
1010,183,46,47,51
1140,294,229,227,243
1037,460,46,48,51
756,206,241,241,255
929,389,46,43,50
667,167,43,48,47
132,493,50,47,51
735,246,240,239,255
551,28,46,46,48
240,62,214,215,233
697,188,235,236,255
1053,83,69,61,61
573,340,45,43,48
256,49,127,135,158
29,60,148,142,156
588,203,232,237,248
401,143,43,41,45
244,392,44,42,46
1009,67,56,55,57
43,193,93,86,98
53,205,57,59,64
881,299,48,48,52
794,73,44,47,50
265,256,199,196,218
980,173,47,49,51
512,51,66,64,66
554,249,228,228,254
419,32,36,29,33
435,341,43,43,49
238,272,206,205,224
797,479,165,163,180
199,75,206,198,220
846,75,48,47,51
851,11,97,94,92
960,341,47,46,50
559,411,41,44,47
466,442,173,184,202
2,98,132,22,27
1100,144,243,240,255
1186,141,239,237,253
24,7,209,202,218
142,116,45,32,39
197,54,193,183,201
294,396,46,43,48
1059,276,231,230,253
382,360,45,41,48
577,206,230,229,253
474,380,45,42,47
421,301,41,45,49
558,202,225,227,250
783,228,229,229,248
398,360,45,42,45
110,155,198,189,209
710,409,46,42,48
1041,463,44,47,51
778,421,47,46,52
163,473,47,47,51
484,267,194,196,220
130,31,93,86,106
1077,152,239,236,231
1170,4,239,236,253
1023,18,105,82,64
1013,134,44,46,52
910,145,45,48,50
448,228,231,230,254
1083,298,55,56,61
980,143,47,46,52
193,22,168,88,105
22,114,147,21,31
54,229,34,32,33
899,477,49,50,49
62,409,45,44,51
269,254,196,196,214
701,200,237,237,255
506,100,21,21,18
35,33,234,228,251
834,105,47,47,52
63,350,39,40,45
254,394,44,43,49
527,206,211,214,224
679,387,46,43,49
594,211,188,193,223
680,58,44,46,48
1199,260,244,238,253
999,169,48,47,52
320,148,31,33,32
102,149,194,180,202
1123,237,230,229,243
146,121,188,185,193
1040,338,48,47,50
709,147,44,48,49
369,209,203,200,224
45,322,39,38,38
192,363,42,40,45
821,439,48,45,51
986,51,97,71,58
540,370,39,42,46
172,360,43,43,44
1047,260,49,49,53
132,442,50,51,51
984,333,45,45,50
397,319,44,43,48
843,132,46,47,50
974,246,46,50,52
564,418,43,42,44
806,493,166,162,174
969,416,45,45,52
1102,328,238,237,255
943,196,46,47,50
886,321,40,45,51
542,87,44,45,45
1006,104,49,47,52
443,103,41,41,43
197,287,42,42,45
1188,132,238,237,252
436,375,42,45,46
591,188,234,231,255
934,405,49,46,48
703,65,45,48,50
404,296,45,44,51
982,95,52,48,52
30,332,39,37,40
344,61,33,25,23
868,18,99,97,92
89,464,64,58,54
493,186,180,175,189
340,282,41,42,46
212,428,46,47,48
1079,197,52,55,57
969,243,47,47,49
946,18,114,81,64
485,81,42,41,43
337,392,42,42,46
249,431,64,63,53
852,309,47,46,49
851,287,47,48,51
341,431,72,70,50
446,240,71,60,76
190,405,43,43,47
491,287,47,47,47
238,162,177,176,191
547,366,40,40,44
1000,87,49,51,51
8,489,52,52,51
73,258,43,36,37
224,225,190,186,205
333,124,30,30,32
615,438,44,45,49
181,378,44,43,45
1160,431,236,234,249
221,82,121,123,138
98,227,203,200,223
1064,9,100,78,65
600,496,178,181,189
700,444,42,46,47
1089,162,204,206,234
433,186,169,164,177
1199,150,242,236,252
1161,66,237,234,251
540,227,229,228,250
822,176,42,47,49
22,231,31,30,31
454,350,58,57,66
97,283,38,32,35
182,123,162,159,183
866,142,47,47,51
413,444,95,91,79
1143,116,229,230,246
648,467,80,73,94
1022,348,45,45,53
17,422,52,47,55
580,46,45,44,48
218,326,44,42,43
1111,32,238,234,250
362,437,73,73,56
1107,52,231,231,252
572,402,44,42,46
635,204,235,235,252
412,242,60,57,61
1174,452,237,233,248
334,378,47,42,47
292,348,43,44,47
174,304,34,38,39
124,160,162,162,181
1096,209,243,243,255
70,286,34,29,34
1089,316,213,194,169
414,281,43,46,48
260,258,197,194,215
372,162,37,42,44
256,434,63,64,53
175,203,188,183,204
1065,1,99,80,63
722,264,49,48,52
786,47,52,50,53
221,305,41,42,44
578,294,48,44,46
54,398,45,45,47
569,382,40,42,43
636,178,236,237,255
160,428,48,49,50
354,205,59,55,61
670,22,46,49,50
410,367,44,42,46
856,159,44,47,54
155,458,50,46,49
1144,220,234,231,247
220,290,43,43,42
207,416,45,47,49
15,201,24,18,25
1160,295,237,236,252
809,320,45,44,49
242,75,47,51,55
107,393,44,42,48
1032,368,47,46,53
874,274,45,47,53
340,131,32,32,37
973,291,50,46,52
991,384,42,45,51
535,379,40,43,45
218,220,188,186,205
320,210,95,94,106
1173,117,238,233,252
58,231,36,32,35
644,271,45,44,49
955,351,43,46,47
325,98,34,27,28
642,25,46,49,53
225,135,30,28,32
138,284,41,40,42
109,397,44,44,45
850,8,101,95,90
880,400,47,48,49
332,315,40,42,44
1191,372,238,236,252
1027,374,52,51,57
1163,321,238,237,249
602,27,52,50,50
810,372,45,47,49
100,190,252,251,255
554,371,42,40,44
1138,312,232,228,244
507,99,33,30,28
215,438,47,48,49
110,326,30,35,37
1015,447,48,49,52
1147,356,236,233,246
571,303,47,44,47
931,320,44,46,50
844,94,46,47,50
133,252,215,211,234
598,57,46,44,47
359,2,42,37,36
1152,475,230,230,242
667,343,44,46,46
94,83,154,30,40
115,99,160,27,36
842,313,43,49,53
345,369,42,42,46
1143,145,234,232,247
502,397,42,42,44
404,255,227,225,245
578,152,42,44,47
850,7,96,92,87
1017,40,97,76,61
333,153,33,33,37
999,97,51,47,51
465,278,176,179,200
966,360,47,47,51
812,37,53,51,56
919,156,48,48,49
1177,473,234,234,249
849,196,48,46,48
1138,213,231,229,244
1161,324,239,236,252
271,56,51,51,58
166,439,67,66,68
440,45,35,36,37
1074,261,56,53,55
653,365,42,47,47
246,353,43,45,48
333,25,33,32,36
225,106,35,35,41
1011,306,47,48,52
395,251,206,206,225
4,38,225,223,246
1193,102,239,236,255
591,27,51,48,50
519,235,155,149,144
792,329,41,47,50
390,229,78,60,88
962,191,49,50,50
857,372,46,46,49
1056,470,52,49,54
88,318,34,33,34
1146,123,232,230,247
378,79,35,29,29
432,333,41,45,47
639,29,49,49,51
274,481,60,51,50
1081,44,57,57,62
322,413,48,42,45
649,234,234,240,255
198,238,198,195,213
665,142,47,46,51
460,319,56,56,65
857,272,48,48,53
835,423,50,45,51
1084,207,52,54,59
906,24,115,110,103
541,215,226,226,248
118,2,116,108,119
232,112,34,32,37
534,272,46,47,48
4,454,49,49,51
505,354,40,42,45
1095,138,239,238,255
489,331,41,44,45
1130,84,233,226,243
1164,487,231,229,247
565,128,46,45,46
406,404,40,44,48
901,130,50,50,52
776,145,42,48,50
315,158,35,32,35
3,387,46,48,49
314,309,41,43,44
108,65,146,129,149
30,423,58,55,57
791,38,51,50,51
478,36,77,60,47
1079,200,50,52,58
715,473,153,146,156
1165,441,234,230,246
875,413,48,49,51
148,350,39,40,40
1133,52,227,226,243
371,253,211,211,235
46,205,61,78,59
602,93,44,45,46
787,382,46,48,50
332,253,205,206,227
971,88,49,48,51
850,118,48,46,50
639,483,150,149,157
241,42,35,29,31
584,177,50,49,53
47,92,182,183,204
985,100,48,48,53
396,259,216,217,241
841,299,47,46,50
1070,361,55,54,59
1195,467,238,234,252
650,422,44,43,46
259,450,60,61,53
749,18,44,52,52
844,159,47,50,48
280,423,45,45,46
1033,354,45,47,51
243,293,41,46,46
1019,41,99,79,62
830,409,48,46,51
397,283,43,47,49
378,346,40,44,46
632,361,47,44,46
854,404,44,45,49
1032,350,48,49,49
137,193,202,209,224
287,431,68,66,50
1143,42,230,231,246
1183,327,238,235,252
864,304,46,47,50
771,442,43,48,51
248,293,42,42,47
312,476,126,115,103
241,28,195,187,210
1186,188,241,236,255
654,365,44,44,47
777,222,238,237,255
1020,311,48,48,51
336,268,172,173,207
348,213,206,202,223
230,196,188,184,203
697,22,52,49,51
281,445,68,65,54
613,267,46,45,47
631,214,235,232,255
520,380,39,41,45
191,465,48,44,49
987,364,43,47,52
586,14,98,87,68
595,298,46,46,50
16,385,44,43,48
657,287,44,46,48
534,496,152,144,138
264,225,189,187,204
651,469,66,56,53
887,314,48,46,51
589,266,237,234,255
168,343,43,46,48
953,397,44,46,48
728,453,43,44,48
988,167,48,48,51
1053,325,45,49,53
452,270,231,236,255
1025,53,106,89,66
312,19,44,45,48
109,211,217,217,243
688,262,43,45,48
174,349,45,42,47
176,433,51,50,51
597,466,132,123,114
340,375,44,41,48
267,174,189,184,204
1140,98,232,231,247
1171,375,238,235,251
968,352,48,49,50
824,267,49,49,49
79,70,185,186,202
799,71,45,49,50
455,199,226,227,248
973,258,46,47,50
233,221,191,186,206
1027,258,46,48,52
738,281,48,46,52
225,292,47,42,47
273,141,32,26,26
64,476,51,49,51
984,242,45,47,50
846,386,46,45,51
617,488,104,102,83
1106,321,234,234,252
532,479,148,146,153
172,499,45,49,49
461,86,43,41,45
759,90,45,46,49
967,314,43,47,50
73,10,229,230,253
266,331,44,43,46
929,370,46,47,50
515,177,87,83,87
1151,206,233,231,248
221,490,70,68,52
235,108,34,32,35
940,64,101,96,90
508,472,105,104,82
1044,304,235,232,253
1030,15,101,80,62
179,473,49,47,51
484,437,187,190,211
932,40,95,75,60
721,418,42,41,45
954,141,46,46,54
1062,134,50,50,53
519,250,220,220,240
207,169,46,39,45
1066,450,51,51,53
644,356,42,43,47
97,178,224,226,250
120,209,208,207,229
1063,267,50,50,56
1182,90,241,236,252
156,438,47,47,52
700,275,43,42,48
124,193,206,209,227
70,37,115,104,115
115,324,34,35,35
1088,295,231,217,197
762,168,47,45,48
145,232,197,196,219
1014,236,50,48,50
570,82,47,43,46
541,25,51,47,50
940,434,85,72,59
1035,123,50,47,54
666,429,47,43,48
525,373,41,41,47
492,220,208,203,224
749,222,223,228,255
596,147,42,45,48
945,113,47,47,50
798,0,53,52,55
465,186,51,52,55
315,266,208,210,230
1069,69,74,66,65
293,190,191,185,205
813,187,45,48,50
982,379,45,49,51
500,147,31,31,32
316,339,42,44,47
606,35,44,46,48
112,106,161,29,38
348,235,63,60,68
328,470,116,116,127
835,109,46,45,49
564,372,42,44,44
724,450,42,46,51
970,60,68,57,57
169,148,35,39,44
1159,460,232,231,247
389,496,85,77,55
563,435,48,45,48
737,130,44,46,50
925,473,46,48,51
585,266,234,236,255
357,39,41,27,28
846,216,231,233,254
1098,92,240,240,255
617,193,237,234,255
274,80,35,34,35
698,433,48,45,48
781,294,46,43,50
429,375,43,45,45
1119,303,230,230,246
179,40,179,164,186
702,3,53,49,52
790,463,51,49,53
445,103,40,41,44
551,297,40,44,43
715,204,239,239,255
898,386,48,48,49
967,478,47,46,53
811,12,57,55,56
88,290,38,31,35
810,237,69,58,60
508,71,24,26,27
1177,146,240,235,254
61,473,49,48,49
707,124,48,46,51
2,406,47,47,50
957,372,43,45,50
1093,33,195,193,232
947,349,47,47,49
472,291,47,47,49
385,121,36,36,37
679,148,48,44,51
297,200,97,103,118
279,182,189,185,204
162,266,208,206,230
496,155,23,19,20
994,378,45,49,51
835,132,47,46,50
282,494,92,84,82
1024,290,48,46,54
800,137,46,47,53
885,354,49,48,52
624,404,43,43,44
340,397,42,41,44
461,25,97,72,52
285,101,33,24,29
149,66,157,142,162
725,464,151,144,154
881,447,43,48,50
718,271,44,46,48
954,278,47,45,48
1116,321,232,229,247
714,310,45,44,45
369,464,64,57,52
341,242,203,204,225
784,347,44,46,49
1026,146,46,46,54
342,228,204,203,225
323,491,54,51,53
314,104,32,25,27
437,453,23,22,21
885,179,48,47,51
889,68,54,48,54
61,349,42,39,45
606,401,43,43,43
295,202,188,185,202
34,228,32,30,31
212,99,58,46,70
627,456,171,168,176
160,217,200,192,215
671,275,45,46,51
129,237,51,46,46
1118,43,231,229,245
970,160,48,49,50
650,426,46,45,49
989,276,44,48,52
488,86,45,44,45
1071,46,81,74,84
961,295,45,47,48
1143,402,234,231,247
668,39,50,46,50
410,293,42,45,46
527,80,44,42,48
669,358,43,45,49
883,194,45,46,51
1167,437,235,233,250
636,189,235,235,255
979,478,49,47,52
872,327,48,47,48
448,0,70,57,43
1001,221,45,47,52
784,455,47,47,52
75,391,46,42,48
755,306,45,46,48
1158,82,237,234,253
555,350,39,43,46
508,128,40,42,44
269,26,124,126,145
723,376,44,45,47
1059,1,100,80,64
366,90,32,29,30
309,370,42,40,47
119,227,132,132,152
1031,277,50,49,52
582,237,234,234,255
382,413,42,41,47
668,251,41,45,48
1175,141,237,238,253
949,451,82,73,115
453,496,129,123,106
834,36,73,72,63
424,266,227,227,251
920,382,43,46,49
736,435,40,46,46
220,308,42,41,44
218,389,44,42,47
1128,406,228,228,242
740,414,44,46,46
664,440,42,44,46
278,475,109,101,77
60,248,41,34,37
283,217,190,188,205
530,335,42,43,48
195,477,44,46,49
1023,355,49,47,51
368,247,77,62,71
847,388,44,44,50
1092,388,247,249,255
550,244,230,231,254
420,324,44,45,47
599,427,45,43,46
920,4,130,84,64
1037,438,48,48,51
636,170,50,49,51
477,365,43,43,46
525,112,46,44,47
235,424,80,76,55
515,296,47,45,46
464,61,41,41,41
1026,273,47,48,51
222,466,73,72,56
101,350,40,33,38
382,382,42,43,41
694,11,54,52,52
92,53,34,30,33
239,351,43,42,45
13,475,49,49,50
1064,261,53,50,55
1055,197,47,50,52
1191,205,238,236,252
183,47,162,44,45
1020,48,101,80,63
407,490,77,74,66
1030,160,48,49,53
1139,134,234,231,246
728,378,46,46,52
267,15,35,30,31
873,169,49,46,54
192,421,51,49,50
40,429,53,52,55
1181,141,241,236,254
150,354,38,40,43
322,315,44,43,47
726,336,45,48,49
744,415,43,45,48
99,192,252,251,255
1010,499,49,50,52
362,329,43,44,45
619,350,45,44,44
743,222,237,238,255
1025,58,175,159,113
317,22,42,41,47
788,218,240,242,255
232,258,197,197,216
642,226,239,237,255
501,99,55,51,54
683,333,46,47,54
121,363,40,39,42
362,115,33,29,29
696,60,43,45,48
14,219,32,28,27
663,107,40,45,48
437,236,228,226,250
664,284,43,45,47
88,295,38,32,37
210,322,41,44,47
876,373,47,43,52
221,465,52,51,51
260,239,174,181,196
1033,103,52,48,52
535,187,224,224,249
707,72,42,45,49
44,377,44,44,44
836,38,77,73,65
496,212,206,208,227
307,167,187,184,204
641,87,47,44,48
384,337,40,43,45
822,10,82,79,73
118,294,35,32,36
840,394,44,46,49
393,0,37,29,27
335,324,45,43,45
90,110,155,26,35
468,246,127,119,125
930,233,47,48,50
524,462,128,125,133
762,186,45,49,52
100,200,201,207,227
845,131,48,45,51
115,360,40,41,41
812,110,44,47,49
548,420,44,38,43
1048,434,48,47,55
1075,254,238,238,224
1088,401,242,243,255
1173,201,238,236,253
134,306,36,32,34
887,181,49,46,50
1178,419,237,237,253
1199,138,238,237,255
278,371,45,42,45
495,448,163,168,187
192,451,72,70,69
525,47,40,39,43
721,473,151,147,161
527,127,43,44,46
54,337,38,38,44
108,264,46,43,45
889,325,46,45,49
715,162,48,46,50
598,328,42,43,44
346,288,48,44,47
258,337,42,44,47
986,392,44,46,49
328,282,41,43,45
681,79,47,44,50
1114,325,232,229,246
29,15,228,224,247
40,15,201,203,211
825,155,46,45,50
137,62,153,136,158
715,36,66,56,55
243,446,50,49,50
58,216,116,113,119
733,6,47,48,51
902,332,48,46,50
1131,149,228,228,243
1152,167,236,231,249
739,137,47,45,48
131,8,186,183,205
1172,330,236,236,251
691,458,116,96,61
132,494,49,48,51
49,144,159,26,38
125,321,37,36,40
683,87,50,45,50
642,331,41,44,44
32,91,36,28,32
472,400,40,44,48
1172,44,239,237,254
20,48,63,63,67
841,374,43,47,48
750,319,45,46,46
26,213,30,32,29
392,61,33,30,30
100,255,217,213,238
1038,415,50,48,51
519,361,42,43,45
499,269,51,55,53
218,175,190,184,205
336,55,29,25,25
222,117,37,35,39
937,111,48,49,51
599,488,180,179,189
214,187,186,182,201
528,234,72,62,69
135,235,140,135,148
642,96,45,44,48
15,122,152,26,31
16,352,43,44,46
1164,352,238,236,252
926,93,46,49,54
255,237,141,141,159
782,361,45,47,51
759,351,44,47,49
202,32,163,31,42
197,398,45,43,46
765,359,45,44,47
768,344,44,46,47
390,401,43,43,45
537,349,42,42,44
500,319,46,42,44
118,33,57,40,64
299,387,42,43,45
13,31,226,225,247
447,213,59,58,65
771,161,46,47,49
990,169,47,48,50
1136,242,233,229,245
1030,33,105,79,63
862,328,44,48,49
1035,277,56,54,55
683,373,41,44,45
834,307,47,47,50
1146,112,236,231,248
161,419,46,49,48
400,307,43,44,48
266,1,196,185,207
198,115,38,39,45
140,443,46,48,48
1022,276,44,47,51
814,45,47,49,53
496,161,36,37,33
1030,268,48,49,51
459,67,44,41,43
447,106,42,40,44
432,65,40,37,39
854,421,50,50,60
137,243,199,202,208
380,249,217,214,237
958,26,97,73,59
1002,129,48,47,53
628,107,44,45,46
1112,200,237,233,252
318,499,46,46,48
378,29,34,27,29
566,335,39,44,47
1196,34,237,236,253
953,230,47,47,50
161,305,39,36,40
379,444,197,200,219
413,410,44,44,46
587,149,45,45,50
704,193,240,236,255
1041,220,47,48,52
157,448,49,47,50
129,178,152,150,162
132,341,36,36,39
471,201,231,231,254
1125,164,233,229,246
499,450,168,169,188
897,121,49,49,54
382,154,41,40,45
1073,237,50,51,55
547,10,88,78,57
463,155,45,44,50
903,433,51,49,52
1063,120,50,49,53
383,444,184,199,220
901,96,45,47,53
977,300,46,46,51
1129,119,231,227,244
127,256,215,212,235
1011,347,46,47,55
625,498,107,104,90
1148,194,238,234,247
519,54,33,29,30
260,42,215,215,237
617,42,48,44,48
200,343,43,43,47
653,153,45,46,50
410,431,44,43,47
327,270,52,49,51
699,480,123,105,74
1042,203,48,50,52
1198,205,241,236,255
1162,225,238,235,251
1156,369,237,234,251
1004,385,49,46,53
154,405,46,44,48
293,80,33,27,32
589,57,46,46,46
676,22,52,48,53
1131,15,229,228,246
1072,155,51,53,57
1028,364,47,47,50
1011,134,48,48,54
1198,386,238,236,252
951,485,48,47,52
455,89,43,43,43
1060,475,50,50,53
745,277,45,48,50
587,135,44,45,48
216,140,33,29,32
251,90,41,39,44
995,351,42,46,49
747,203,239,238,255
821,23,68,65,58
347,260,213,210,234
302,389,41,44,45
1166,453,235,233,249
1188,285,240,236,254
577,109,43,46,46
870,496,97,97,66
462,412,44,46,50
332,35,40,31,33
397,58,31,28,31
583,158,47,46,49
454,306,46,48,49
629,419,42,44,48
986,9,122,90,64
515,99,42,44,44
569,19,62,58,51
1077,0,109,86,69
1171,405,239,235,250
761,278,46,47,50
232,86,38,40,46
149,208,51,39,53
582,38,42,45,46
294,440,60,60,53
664,332,43,45,47
494,488,119,104,61
22,41,63,64,68
469,173,47,47,52
693,54,45,45,50
988,3,122,90,69
384,104,35,33,36
651,436,43,42,47
678,404,45,45,47
982,0,117,83,64
369,419,43,43,45
859,300,43,46,49
1083,63,253,248,255
81,134,169,95,114
444,276,145,151,185
334,435,94,93,62
66,90,151,26,34
498,174,51,48,49
378,119,34,35,39
902,1,218,166,93
1048,349,47,49,54
836,475,137,123,104
675,49,48,45,48
975,157,50,47,54
863,129,46,46,51
1093,277,242,242,255
152,492,48,45,49
786,387,40,46,48
330,236,193,196,216
331,390,44,42,46
852,131,46,47,52
1042,297,59,53,62
674,130,44,44,50
358,110,31,28,30
780,97,49,44,48
747,478,140,142,142
509,17,83,63,50
170,401,43,44,47
503,87,47,47,52
357,25,38,31,30
538,230,93,83,106
1143,240,234,231,245
345,56,31,24,27
397,25,47,32,31
35,0,223,226,247
66,210,128,128,134
222,199,41,36,46
361,120,34,30,34
903,81,48,46,53
788,210,237,238,255
1143,203,236,232,247
182,171,191,189,208
160,203,168,164,175
682,475,108,82,62
272,56,47,49,57
209,81,116,114,129
949,474,48,48,51
493,213,203,202,221
917,179,44,47,51
542,238,90,79,77
443,456,137,110,99
106,372,40,41,44
154,151,156,146,162
392,367,42,43,45
1185,166,237,236,251
152,241,192,195,212
355,3,49,38,39
121,310,31,30,35
667,28,50,48,51
633,235,53,54,54
1063,471,48,50,54
1002,84,67,61,56
1091,134,227,221,206
673,389,167,162,209
783,368,44,46,48
768,277,47,48,51
1141,487,227,225,242
412,225,221,221,246
251,40,107,110,126
917,233,68,61,114
1066,177,52,50,52
513,316,44,43,48
236,234,46,44,48
255,36,122,129,145
984,443,88,72,58
701,463,120,99,68
786,104,44,46,49
347,461,64,63,50
642,150,43,44,47
67,410,44,45,48
959,150,47,49,50
974,418,46,44,51
176,146,35,36,41
961,494,47,47,50
1019,242,46,47,49
600,456,156,158,172
426,109,41,39,42
66,104,151,26,32
541,0,81,71,52
316,68,35,26,27
644,199,239,236,255
728,137,48,47,51
204,18,188,171,187
565,99,40,44,45
860,344,46,47,52
437,130,45,43,47
107,344,39,35,39
624,437,45,47,48
298,170,186,184,205
206,310,40,42,46
964,199,47,47,51
826,463,51,47,51
890,309,46,45,49
411,14,35,28,31
1165,333,236,234,250
261,408,46,43,46
1174,258,241,237,253
203,182,186,183,204
1017,435,48,47,49
235,17,181,168,192
863,248,239,240,255
358,173,195,193,210
7,204,31,28,31
571,493,171,169,174
652,435,42,43,47
773,208,241,239,255
54,313,33,33,36
639,266,42,45,47
720,7,116,72,66
1189,440,239,234,252
610,84,43,44,47
249,280,206,202,224
931,165,46,47,51
1,65,22,22,21
1164,423,233,232,248
437,462,33,26,27
155,200,64,44,69
613,289,45,45,47
247,249,198,195,218
355,77,34,26,30
322,163,35,34,35
503,306,44,44,48
1194,452,237,234,249
271,151,35,27,30
435,273,230,227,249
1065,125,54,50,56
637,185,239,237,255
238,58,197,198,217
86,193,141,141,161
693,151,44,46,50
928,265,49,46,54
911,154,43,47,52
638,164,44,48,50
257,223,191,187,207
380,313,43,45,46
1019,84,94,83,70
15,154,168,30,40
115,443,51,49,53
708,468,139,124,108
854,67,51,47,53
480,197,185,186,204
654,471,78,60,53
36,306,39,36,39
994,141,48,49,53
217,229,130,128,157
856,238,145,142,157
1047,136,48,50,53
1172,490,234,232,249
435,459,21,20,19
435,89,40,41,43
857,100,46,46,51
318,452,84,77,53
461,214,55,51,58
289,85,30,28,30
351,456,77,74,54
420,474,169,142,144
817,439,40,47,49
330,391,46,43,44
628,310,45,42,47
432,346,36,45,47
1174,435,236,234,251
695,404,40,43,45
192,369,43,42,45
245,409,40,44,46
698,473,127,105,74
888,133,50,47,51
992,449,51,49,55
53,322,38,36,38
115,68,146,130,150
408,386,44,41,47
462,172,44,43,45
132,204,205,200,223
804,139,49,47,48
229,295,43,42,45
447,133,43,43,43
539,107,47,43,47
459,16,107,81,57
256,355,42,45,49
172,437,81,80,67
413,309,46,44,47
746,283,47,48,51
1184,142,237,236,254
791,128,48,45,52
1029,329,46,45,52
489,70,42,42,44
442,451,88,68,63
883,109,48,46,51
406,208,210,210,234
952,38,108,81,63
457,36,59,48,46
211,357,43,43,47
500,386,40,41,45
1089,54,68,67,73
978,346,48,46,51
1048,351,47,48,51
455,284,48,49,53
199,481,47,45,48
782,6,48,51,54
234,15,179,169,188
391,312,42,44,48
140,230,79,65,88
1128,57,228,227,244
477,86,42,42,44
768,489,151,148,159
40,498,76,65,62
598,104,46,44,45
618,384,43,43,46
772,17,49,51,54
561,438,153,152,166
1149,121,236,234,249
1118,142,232,230,247
817,251,241,239,255
236,325,45,42,47
148,396,45,44,46
1049,75,72,66,59
382,225,209,208,231
1151,170,235,232,249
580,488,170,166,180
1045,151,47,50,53
601,243,236,237,255
1103,43,236,234,254
1092,73,221,217,204
512,473,104,101,82
1113,402,237,234,250
195,423,50,48,52
287,357,42,44,46
427,132,42,42,46
330,388,43,43,45
676,56,45,44,50
306,342,41,43,43
7,347,44,43,44
599,435,47,45,48
954,200,44,47,48
630,387,45,43,47
472,388,42,41,47
277,196,190,187,205
173,329,42,41,40
218,397,44,44,47
240,324,42,44,46
722,76,44,47,50
319,267,180,177,208
1056,287,54,57,70
177,154,36,36,40
1176,0,242,236,254
902,167,44,47,50
304,200,191,190,209
81,50,30,32,32
334,47,32,26,26
551,210,82,66,85
49,87,187,182,205
262,7,38,29,34
922,51,98,96,92
678,403,42,43,48
878,77,47,48,52
769,127,42,45,48
688,109,43,45,48
338,346,45,44,46
991,383,48,45,50
1091,18,69,69,75
522,246,224,225,245
1182,142,237,237,254
934,259,45,46,50
920,425,47,47,50
690,125,43,46,48
984,442,102,106,122
816,112,46,47,49
541,420,40,43,45
235,192,189,186,206
1086,403,164,154,84
184,154,36,35,38
704,370,47,46,49
167,249,202,199,222
391,74,25,29,30
253,457,78,72,53
78,123,156,26,38
812,102,48,48,49
876,87,48,49,51
284,123,29,27,27
729,419,45,47,48
787,154,47,45,51
479,218,81,81,87
825,186,45,46,51
286,32,44,45,48
156,52,138,122,141
540,434,98,95,72
1178,204,240,237,252
293,288,44,42,46
10,239,37,29,30
225,330,43,44,48
547,350,40,41,44
861,376,51,50,52
341,402,42,43,43
1148,172,235,230,247
327,204,189,190,214
1023,249,49,48,55
764,294,48,51,58
1174,236,241,234,253
1001,233,49,48,52
936,217,45,47,50
889,199,48,48,50
244,113,32,29,33
1185,27,241,237,255
841,320,45,46,50
76,103,152,22,33
717,32,217,151,80
496,134,70,65,71
335,288,44,43,49
29,406,41,44,48
942,318,49,46,52
376,170,43,47,47
961,68,53,52,56
1130,328,231,230,245
78,74,60,54,54
552,458,151,146,159
643,274,44,42,48
1162,236,238,236,252
203,158,32,27,28
749,308,49,44,49
695,153,46,45,50
438,321,47,45,48
784,42,49,50,53
287,136,32,27,29
844,53,71,63,56
577,8,93,81,59
556,92,45,43,49
841,451,43,47,51
1015,277,47,48,49
355,487,55,51,53
351,47,32,25,27
472,29,85,62,48
731,349,43,44,48
238,106,38,35,39
538,357,41,42,45
709,302,42,43,49
953,213,47,45,49
677,184,233,235,255
338,247,207,205,227
552,490,132,124,110
41,241,32,28,31
50,404,47,44,49
106,192,185,197,210
1045,215,49,48,53
628,3,48,49,51
698,310,42,46,48
546,202,94,83,126
371,420,44,42,45
662,298,49,46,50
473,460,177,183,201
19,476,49,47,49
271,41,144,144,162
257,117,30,24,26
78,257,214,213,238
198,101,105,108,123
579,306,44,44,43
231,194,188,183,202
486,25,66,55,49
86,122,182,134,141
195,185,191,183,205
1046,479,46,48,53
971,65,81,70,63
451,210,117,101,114
699,38,48,49,53
674,205,237,237,255
731,193,240,239,255
1119,21,230,232,249
539,18,48,45,49
914,88,48,49,51
334,373,41,44,45
12,158,172,33,36
120,174,170,177,199
1195,269,239,238,255
71,218,230,228,252
1187,349,237,237,252
1083,78,53,57,59
755,147,51,48,51
872,307,45,46,51
469,269,86,85,96
862,409,43,47,50
1120,187,230,230,245
497,247,213,218,236
737,485,130,129,138
145,130,203,193,215
316,470,118,112,106
750,59,46,47,48
854,242,60,57,60
790,179,43,47,51
1159,369,235,230,249
608,125,49,44,46
616,349,42,44,45
1115,2,236,233,249
1007,202,49,48,49
259,10,37,27,32
843,376,46,45,48
174,221,195,193,214
298,74,37,29,31
181,280,212,209,229
1009,493,48,50,52
712,153,45,45,52
679,146,45,44,48
933,186,48,48,51
40,478,46,48,48
19,160,168,30,38
1175,237,240,237,252
672,315,46,44,48
388,5,40,32,30
147,335,39,37,40
460,143,44,45,51
1124,376,229,227,244
737,497,111,104,79
814,389,48,45,48
872,438,49,47,48
1080,430,249,248,255
1165,313,239,235,250
123,457,46,48,54
378,423,44,42,48
1025,415,47,48,50
691,268,47,45,47
311,345,42,43,47
515,456,165,164,180
74,293,40,35,33
745,354,42,45,48
1095,290,235,237,255
912,65,91,87,84
767,65,48,46,52
910,131,48,49,51
826,133,45,45,52
486,11,95,69,50
471,107,45,43,47
1043,122,47,48,52
328,324,44,41,48
1126,257,228,226,244
706,400,45,46,48
377,188,199,199,221
1109,168,238,235,253
515,457,161,160,177
1191,176,240,236,253
712,25,63,57,56
191,433,46,47,53
11,317,38,39,41
539,117,43,43,46
1168,35,239,237,254
98,131,161,28,37
1176,134,238,237,253
688,353,47,44,48
988,446,53,48,57
744,420,44,44,48
390,188,207,205,224
731,467,149,146,159
764,497,166,163,176
648,142,46,45,48
450,113,42,43,45
754,232,231,231,232
175,265,205,204,228
940,386,44,48,48
804,138,50,47,48
807,394,48,46,49
112,353,33,38,41
957,168,50,46,53
308,408,44,42,45
842,273,45,46,50
460,93,41,43,43
901,402,43,46,50
850,192,45,47,49
158,133,111,116,131
64,408,45,46,46
90,391,40,40,45
152,220,193,191,212
73,482,97,87,83
868,11,94,91,88
928,254,45,47,51
1169,114,237,238,252
904,224,166,157,172
359,288,41,44,47
669,457,88,66,53
2,305,38,38,39
1033,490,50,49,53
741,234,240,238,255
543,175,51,51,55
745,274,48,51,53
985,426,48,48,50
248,428,72,69,55
360,111,33,33,34
151,445,49,50,52
51,345,40,40,41
1042,266,48,47,52
817,174,40,46,48
335,273,47,44,48
138,409,46,43,48
580,253,236,235,255
237,397,41,43,46
606,383,42,44,47
1000,17,126,94,69
223,120,36,33,37
1074,223,108,97,65
113,160,193,185,207
460,327,26,20,24
68,158,166,28,37
23,53,82,85,90
691,240,221,221,248
84,202,241,243,255
314,265,203,202,224
1014,147,48,46,52
658,471,86,66,52
713,99,46,46,49
267,460,92,85,59
180,298,39,38,41
656,25,46,49,51
929,415,48,45,50
80,454,43,48,49
99,238,210,209,231
793,422,44,46,49
489,432,178,183,202
1113,497,229,226,243
1174,39,239,235,254
325,30,41,34,41
174,486,47,46,48
365,326,42,43,45
831,185,47,49,51
211,391,46,44,48
88,83,151,24,34
580,54,46,46,45
1147,12,236,231,247
696,252,46,47,49
252,487,73,66,53
258,156,35,26,31
537,132,48,45,50
422,296,46,45,48
1092,5,251,252,255
270,373,42,47,46
1050,293,218,228,252
939,386,47,47,47
804,48,53,51,53
900,204,47,47,50
67,84,120,92,107
16,25,226,224,248
1154,304,234,231,247
266,86,40,35,39
1144,253,231,229,244
319,351,47,43,46
67,174,182,108,133
825,144,46,45,49
932,0,132,87,70
280,98,34,28,32
144,263,211,210,234
712,34,101,71,53
834,272,48,50,52
409,101,37,38,37
371,332,44,45,46
443,486,172,173,186
767,170,44,47,49
456,222,131,127,126
1166,495,233,231,246
1153,44,236,233,250
586,401,39,42,45
1135,192,230,228,243
385,237,212,209,235
460,80,42,42,45
676,373,46,44,47
794,26,52,51,52
957,497,64,60,67
408,55,34,31,31
1168,265,239,237,253
401,322,45,47,49
480,309,48,48,52
1118,194,232,232,248
1,478,53,46,52
39,327,36,38,38
815,128,48,45,52
234,136,31,28,34
506,166,47,46,54
603,77,45,44,46
537,317,42,43,47
396,82,35,29,32
902,352,47,45,51
358,305,42,45,46
686,449,41,43,44
777,187,42,48,49
999,498,47,47,51
1038,43,84,72,61
874,162,47,47,51
555,230,224,227,251
79,325,42,35,39
127,386,42,40,43
185,15,156,24,38
96,438,46,49,51
435,245,209,212,216
951,211,44,47,49
218,278,209,206,229
1117,70,231,227,245
854,48,103,88,66
287,362,43,42,44
1182,171,234,236,252
326,109,33,26,30
501,34,91,68,53
456,149,45,43,46
1113,245,231,231,249
173,46,162,150,173
1017,35,87,70,60
47,323,37,36,37
678,33,48,51,51
130,480,48,49,51
595,413,41,42,44
172,172,198,194,214
1030,395,48,47,50
786,427,44,45,50
475,401,42,44,47
868,79,44,48,52
241,350,38,44,45
129,259,214,212,235
704,414,47,44,48
382,63,33,25,29
490,124,43,43,47
452,477,180,183,203
1001,72,70,62,58
83,30,112,105,111
897,349,45,48,48
516,321,43,42,47
892,281,49,45,50
812,71,47,47,51
771,432,42,46,49
977,204,47,47,49
414,312,44,44,46
554,237,230,230,253
67,416,79,77,61
90,404,45,43,46
943,448,115,112,119
633,446,183,196,209
118,14,122,116,123
1176,496,235,233,251
979,378,44,46,49
647,179,236,235,255
966,347,45,45,50
1027,462,44,47,53
854,444,44,46,47
990,12,121,93,65
191,180,188,185,204
937,172,48,46,51
866,319,46,45,49
829,285,44,47,50
263,134,32,27,30
664,246,46,48,50
833,137,47,47,49
202,442,50,49,50
542,334,41,42,43
849,164,48,46,52
473,475,175,180,193
1159,334,237,233,250
815,41,51,51,54
1119,476,228,224,240
864,440,41,48,51
950,494,167,158,128
446,393,40,37,45
630,430,45,44,45
598,53,44,45,48
726,422,46,44,51
395,50,31,26,27
1044,450,46,48,51
576,258,234,236,255
666,143,46,45,48
1006,339,45,47,53
169,12,163,143,165
1153,394,235,228,244
880,182,46,46,51
155,491,47,44,49
844,44,108,93,67
640,180,236,233,255
1030,148,49,47,54
804,154,47,46,50
1067,123,52,52,56
1001,64,62,58,58
1143,373,234,231,246
1057,497,51,48,54
271,344,43,45,48
1011,170,49,48,52
231,488,56,54,52
8,236,34,25,29
1140,330,232,229,246
471,46,41,40,44
1054,382,49,51,53
164,34,173,154,178
688,407,44,46,48
972,489,49,48,52
290,150,32,26,34
411,79,38,36,39
772,99,46,46,49
1055,24,94,80,61
832,472,50,50,51
788,179,49,46,52
1102,468,231,231,250
1187,416,236,232,252
522,79,43,45,48
400,312,44,45,45
1159,36,239,236,250
755,222,223,222,223
1082,88,248,247,255
187,388,43,44,48
239,223,114,115,140
179,194,147,145,161
205,366,44,43,46
1184,20,241,237,254
355,11,45,36,34
1019,61,79,70,61
496,260,217,219,240
1149,216,235,231,248
1187,350,237,235,251
1050,305,52,51,58
579,431,41,42,42
284,85,37,27,32
659,338,44,43,47
525,56,42,41,45
950,101,46,47,50
628,232,187,188,219
658,300,42,45,48
913,349,45,47,48
816,143,43,46,49
670,492,109,80,61
710,99,44,46,51
1182,273,236,238,254
482,440,170,177,196
414,25,37,29,32
863,70,50,46,52
880,186,48,46,53
430,223,224,220,246
856,114,50,46,51
614,163,46,46,49
559,141,45,44,46
630,338,42,43,46
473,185,47,46,48
876,435,45,48,48
444,390,79,81,84
732,60,47,47,51
491,390,37,42,44
314,397,41,44,47
269,252,197,196,216
528,187,226,223,247
83,247,216,215,237
153,446,49,46,49
905,480,48,49,52
426,385,42,45,48
374,453,173,155,165
1128,440,228,226,245
913,395,41,45,46
943,204,48,49,53
918,64,78,72,67
1019,69,103,89,76
1046,446,46,50,50
960,320,46,47,49
21,224,35,31,32
441,345,45,45,46
364,344,43,43,46
1104,134,239,237,255
450,31,53,42,42
231,464,77,72,53
708,325,40,45,46
587,166,47,45,49
885,427,108,112,146
636,357,44,45,47
594,91,46,46,48
80,426,48,51,49
641,270,46,45,48
857,26,94,91,85
631,340,44,43,47
1003,239,48,47,49
670,190,237,236,255
265,181,190,186,206
271,250,194,193,212
269,272,40,42,45
846,314,42,45,51
669,403,39,43,47
9,416,55,50,54
1139,264,232,227,246
997,317,48,44,51
674,461,97,76,54
235,422,62,59,49
408,103,39,39,40
633,368,43,43,45
838,25,87,83,78
500,308,46,47,49
294,87,32,29,32
768,35,48,50,53
305,292,44,46,45
222,92,45,45,50
309,389,44,43,48
329,33,41,37,39
38,262,36,31,33
1129,75,228,227,245
945,201,50,46,49
728,372,42,46,50
940,126,47,47,51
1141,120,233,229,245
227,85,60,50,70
1165,411,235,233,251
48,116,148,21,30
1097,473,236,236,249
1122,171,230,230,245
621,395,42,42,46
73,472,73,59,57
903,179,47,49,48
946,296,40,47,45
176,262,207,206,227
832,211,55,54,57
928,278,45,46,50
925,296,44,46,50
965,489,45,45,50
907,296,46,48,49
531,474,133,134,134
80,306,33,35,37
428,289,41,44,46
688,1,48,49,51
1070,411,48,51,55
685,482,112,85,67
63,228,36,31,39
699,304,46,44,47
878,246,64,55,89
740,162,43,47,51
231,312,41,46,45
332,433,77,76,56
137,313,38,34,35
417,252,230,227,250
119,344,35,36,39
527,409,42,43,44
387,400,44,45,47
943,404,47,45,49
845,325,45,47,47
430,374,44,44,45
716,335,45,44,47
139,274,215,211,234
761,136,47,51,51
437,82,41,39,43
720,201,243,240,255
708,154,43,47,51
929,56,95,92,84
375,175,193,195,213
137,353,41,38,41
583,144,45,44,47
221,410,45,45,48
617,143,46,46,47
808,400,49,47,49
450,85,39,42,41
468,465,177,180,198
827,474,153,153,147
537,148,44,44,46
934,346,42,46,51
747,243,239,238,255
407,435,48,45,48
705,208,236,234,255
376,148,34,37,42
1180,66,241,237,254
396,241,188,187,213
283,361,43,43,47
1000,301,44,45,50
32,454,54,50,52
735,288,44,46,48
777,478,153,148,164
142,165,51,51,56
583,471,117,111,104
1152,434,233,226,247
495,385,43,42,46
0,40,226,224,247
160,154,42,47,52
1042,62,105,95,76
54,317,38,37,37
484,453,173,175,186
223,438,47,46,49
422,227,226,223,245
953,350,46,45,50
301,449,71,66,51
1082,286,250,249,255
1002,21,125,94,70
32,260,35,30,31
603,366,46,41,45
1077,375,52,53,58
794,247,241,240,255
1140,496,227,226,243
40,334,39,41,39
425,180,48,45,49
47,18,62,62,64
393,183,77,76,82
537,226,229,229,251
25,430,49,48,52
823,364,46,46,49
512,322,42,45,46
1128,178,230,227,245
858,116,46,46,51
1152,5,237,232,252
591,251,233,235,255
739,95,44,45,48
469,121,41,42,46
601,101,47,43,46
490,316,47,46,49
323,443,57,61,48
995,118,48,49,52
439,28,36,34,35
316,320,45,42,46
438,409,74,75,86
660,311,43,47,50
582,62,42,44,47
947,430,46,47,50
703,297,45,44,49
926,228,51,49,50
862,423,56,45,84
283,169,188,186,205
873,19,98,96,89
851,251,101,80,127
589,12,103,90,75
203,286,44,45,46
1047,367,45,49,50
1052,48,113,106,104
213,499,52,54,52
665,459,86,67,58
518,261,225,224,244
745,120,44,47,50
193,476,46,44,49
49,53,115,105,116
9,255,35,27,32
1122,77,230,226,243
425,335,40,45,46
890,294,45,47,48
244,300,41,43,43
263,317,45,42,45
146,240,168,171,192
420,266,223,224,246
1042,294,135,126,200
1191,456,236,233,249
949,287,46,46,48
1132,457,227,225,240
553,65,43,43,47
1087,411,216,198,141
287,103,32,26,26
545,236,227,227,248
1029,429,47,48,51
1125,398,230,226,245
390,153,38,40,46
948,47,131,95,71
124,402,41,43,47
845,80,48,48,51
193,221,191,190,209
699,448,44,44,50
118,480,47,47,50
1142,203,233,232,245
706,108,42,45,51
1087,224,246,247,255
695,219,236,237,255
38,191,98,98,104
992,311,47,47,48
1131,249,232,230,246
96,330,36,35,36
306,166,186,183,203
1191,171,241,236,254
1111,405,234,234,252
158,430,47,48,49
483,382,43,43,48
1104,243,237,235,253
123,254,211,213,238
129,297,36,30,34
20,169,175,35,42
255,31,205,196,218
409,194,210,211,234
766,469,154,150,147
789,91,50,45,51
197,169,54,46,53
956,293,44,45,50
203,420,43,46,48
667,254,45,45,49
355,362,41,44,46
323,388,44,43,44
379,2,42,30,29
747,442,47,46,49
894,386,45,45,49
593,235,234,236,255
13,376,46,44,48
1139,35,236,229,246
169,220,193,191,211
474,444,176,182,199
877,302,47,45,48
424,73,37,35,39
768,444,45,48,52
1196,135,241,237,254
798,416,147,155,157
791,454,42,47,48
1076,157,191,184,150
368,11,42,35,34
603,4,55,51,50
1026,321,49,47,52
159,89,156,146,166
950,257,46,48,51
1054,339,50,52,55
1128,30,229,225,244
730,149,44,46,50
863,32,95,94,87
1063,372,47,50,55
1080,464,247,247,255
759,98,46,45,49
374,408,44,41,46
289,318,44,42,45
1113,5,233,234,247
51,344,39,40,42
425,119,42,40,44
743,372,46,45,48
940,381,43,46,49
568,474,118,107,99
119,102,159,29,38
468,115,43,42,45
533,311,43,44,46
354,245,109,91,116
396,85,30,33,33
805,421,49,47,50
1195,115,242,237,254
598,291,45,45,49
501,28,84,64,50
363,161,39,40,43
58,460,50,46,51
697,20,49,51,53
514,316,44,45,47
419,362,41,43,44
369,154,40,36,40
884,465,48,49,51
852,250,67,62,73
688,128,43,47,48
576,65,46,45,48
146,450,47,49,50
683,108,48,45,49
406,81,36,31,35
954,301,44,45,49
1169,465,236,234,248
174,481,43,48,48
420,413,49,45,46
1113,435,231,230,246
1044,96,48,51,51
935,158,48,46,50
1060,55,81,77,79
1108,372,237,234,252
1010,457,47,46,50
464,250,61,58,64
57,96,148,29,38
136,105,182,149,162
989,44,109,84,65
567,268,229,233,255
46,214,77,83,82
438,339,47,43,48
674,54,42,46,49
888,274,51,50,55
601,160,42,44,45
288,472,112,103,73
39,388,44,45,46
525,227,224,225,247
656,16,49,51,51
407,311,45,43,48
551,389,39,40,46
112,52,154,134,156
725,385,43,45,47
557,45,46,43,48
264,188,187,183,202
325,412,42,43,44
658,429,43,45,45
289,35,48,50,54
439,30,40,34,39
404,363,45,41,48
442,36,48,42,38
704,63,44,47,50
866,172,48,45,51
900,322,45,45,50
817,472,130,124,115
217,402,40,43,46
750,484,160,158,158
799,269,237,237,254
791,262,242,240,255
464,261,231,230,253
825,434,46,45,53
117,157,200,192,214
469,85,41,42,45
508,264,221,222,245
522,363,41,44,45
5,184,101,98,102
602,261,45,45,52
374,57,33,24,27
624,219,228,230,237
980,394,46,46,48
282,279,44,43,47
182,169,76,69,80
153,292,39,35,41
217,47,204,191,210
32,451,51,51,54
386,299,44,42,48
83,401,42,43,45
868,351,45,46,47
310,237,201,199,217
1070,398,57,54,58
222,155,38,28,30
1012,216,48,48,53
715,290,42,44,47
878,484,170,158,104
467,207,229,228,253
267,351,44,44,46
46,488,88,76,68
694,281,46,45,46
889,415,46,47,51
10,471,48,48,51
510,45,44,42,45
366,157,39,39,40
1085,177,56,59,61
931,8,237,239,255
133,459,48,47,49
612,368,42,42,48
324,385,43,42,48
66,84,57,48,54
887,88,49,48,52
780,1,52,49,52
114,303,33,32,31
1157,28,236,234,250
164,364,40,41,45
806,33,54,50,56
660,79,45,45,50
578,54,44,46,42
197,212,187,186,206
516,12,82,61,52
386,306,42,44,43
130,298,36,33,34
916,166,49,47,52
1021,106,49,49,50
144,300,38,36,39
744,365,44,43,46
645,166,46,47,51
219,370,44,44,50
857,49,106,87,65
942,4,139,94,75
557,409,39,43,47
479,175,47,46,49
768,227,236,240,255
364,156,36,37,42
263,76,42,40,49
558,375,44,41,46
82,402,46,44,44
401,248,218,215,239
999,90,49,48,52
669,408,44,44,47
253,472,101,94,66
132,109,162,35,42
829,429,46,47,52
1118,404,227,229,246
1107,391,240,236,255
842,149,47,46,51
57,79,34,30,32
856,430,42,47,50
246,182,189,186,206
500,460,139,137,151
627,434,45,44,48
900,277,51,49,53
161,486,46,45,50
388,347,38,45,45
655,11,54,48,52
1005,7,126,91,68
420,276,49,51,53
766,462,46,49,50
534,423,43,42,46
24,228,35,26,33
1041,283,235,237,255
361,99,30,29,29
142,149,223,224,244
642,369,42,44,45
409,56,33,31,35
119,319,40,34,37
391,5,38,30,29
471,366,48,43,48
846,67,46,47,51
728,15,51,50,54
1087,375,125,111,85
1134,322,225,227,241
811,256,239,238,254
926,314,46,47,51
4,157,169,31,38
917,424,45,46,51
838,437,44,45,49
558,472,152,144,152
108,6,113,108,118
828,396,44,45,50
659,461,74,61,54
381,161,43,40,44
1075,285,241,245,249
450,61,43,38,42
689,15,51,48,50
95,448,49,46,52
387,13,35,28,30
687,335,43,45,49
1172,116,238,235,255
340,5,38,38,44
1171,190,238,233,255
1148,300,232,231,245
148,15,191,189,207
310,329,45,42,48
1074,459,245,245,255
454,430,93,90,72
33,185,110,102,108
888,401,45,45,49
45,28,63,66,70
349,321,43,43,47
853,167,45,47,49
77,6,91,84,105
41,347,39,40,43
76,119,153,24,33
707,16,61,54,56
985,126,47,48,50
56,275,31,26,30
656,82,49,47,48
213,265,203,200,224
989,107,46,47,53
8,403,46,44,48
647,149,43,44,46
1136,129,229,229,245
371,240,204,207,231
783,409,48,46,51
784,207,240,241,255
975,377,46,47,50
1096,396,243,241,255
244,25,199,192,212
808,309,47,45,48
320,276,46,42,48
456,315,47,47,53
918,214,47,48,52
1192,255,238,235,250
552,467,161,159,169
511,167,45,45,48
249,290,45,45,50
1109,438,234,231,248
326,393,44,43,49
487,387,46,42,46
158,319,37,35,39
817,2,84,82,74
105,184,247,246,255
733,489,152,147,158
634,163,46,47,49
1133,230,231,226,243
721,490,155,147,160
544,338,43,44,47
508,150,46,48,50
57,315,37,33,36
105,54,148,130,152
135,202,205,204,224
11,241,34,28,31
36,334,39,40,42
1004,219,46,48,50
762,88,46,47,49
1176,8,239,236,251
565,417,40,43,44
885,462,50,47,53
127,5,119,111,125
48,350,40,39,43
591,256,237,233,254
50,222,31,33,32
402,151,41,42,43
921,365,50,44,53
1085,308,60,57,60
727,285,45,45,49
1016,110,49,49,52
305,447,84,80,54
521,346,38,42,44
237,58,159,158,184
1114,90,232,230,248
300,314,44,42,49
241,38,38,28,28
299,386,43,42,46
828,462,52,49,51
66,409,45,45,49
270,62,47,49,56
723,139,45,46,49
506,178,144,139,145
869,173,46,49,52
11,64,74,64,74
112,485,52,50,61
1069,80,97,87,99
702,154,47,46,51
676,475,109,82,56
1184,17,239,236,254
236,458,74,71,54
685,399,99,108,131
378,236,212,213,232
97,113,158,40,60
1100,129,237,236,255
324,45,33,27,32
702,50,48,47,49
60,57,118,111,119
41,172,172,31,39
467,417,45,46,46
144,374,45,41,46
185,148,38,37,44
24,494,64,61,52
1170,18,241,235,252
355,475,60,57,52
740,218,239,237,255
663,79,45,45,48
548,463,151,149,160
773,186,49,47,50
1045,388,45,49,52
830,329,45,46,50
446,368,46,47,53
386,422,46,45,49
329,488,131,132,143
251,115,33,28,30
467,355,51,53,57
332,183,193,191,212
212,346,46,41,46
204,115,35,37,39
906,398,40,45,49
446,180,45,46,48
1037,387,47,48,51
1173,96,238,236,254
215,212,80,67,73
686,16,50,48,53
742,124,48,47,49
842,243,172,167,182
451,356,76,79,82
741,188,173,169,185
374,271,79,76,98
319,471,111,105,100
169,222,198,191,213
253,120,29,27,29
209,373,45,41,44
1063,360,47,51,55
607,116,47,45,50
504,289,43,46,46
673,110,45,46,51
498,56,42,43,45
609,6,52,48,50
1023,361,48,48,52
448,50,39,36,40
1007,310,48,48,51
499,51,44,42,46
1030,5,109,82,65
103,382,43,44,45
929,478,46,48,50
505,19,77,58,52
181,160,35,33,37
1045,119,48,49,51
67,324,36,36,39
747,193,56,56,64
896,70,49,50,54
1075,59,99,78,64
883,423,101,92,97
1199,453,236,236,251
345,74,36,25,29
831,477,172,164,170
837,326,44,46,48
682,240,87,83,106
99,87,154,31,36
18,315,39,38,36
856,308,46,45,52
440,375,45,46,50
1147,287,234,231,247
1116,422,233,231,249
149,67,161,146,163
196,30,189,165,181
265,442,56,58,55
1048,485,47,48,51
461,112,39,40,46
305,10,157,160,169
179,476,48,46,49
606,379,45,43,47
218,391,43,43,48
220,212,60,53,60
135,400,41,44,44
354,311,38,43,47
823,497,164,157,151
998,496,48,47,54
864,37,98,93,89
381,296,45,48,50
462,111,42,41,45
305,18,40,44,47
261,35,130,127,154
1162,7,238,236,251
228,110,33,37,35
931,288,47,44,52
364,149,41,37,40
128,407,45,44,45
341,48,30,26,24
233,173,188,183,204
757,167,47,48,49
1085,374,73,75,65
346,157,35,38,39
1108,85,235,231,249
468,412,40,44,46
148,359,41,39,42
1036,427,49,51,54
146,90,143,132,149
95,407,49,45,50
704,308,42,45,49
631,349,44,43,46
686,342,44,45,47
134,110,162,31,42
387,490,87,71,62
294,498,47,46,47
647,109,48,47,51
852,388,44,44,51
557,59,44,44,48
532,148,45,44,48
568,440,154,150,162
76,245,41,39,44
1046,356,49,48,53
401,354,46,45,48
267,458,92,88,62
530,5,70,47,32
97,387,43,44,47
874,110,48,46,52
683,381,43,43,46
11,470,45,49,50
666,11,53,48,52
252,364,42,43,46
253,199,188,182,201
986,412,49,49,50
921,439,45,48,50
302,484,85,84,82
1162,403,234,233,249
713,278,44,44,50
62,179,93,27,32
824,116,44,46,49
1046,243,48,49,53
653,92,51,47,50
627,375,45,43,47
629,44,44,44,47
931,342,50,47,49
499,42,55,48,44
218,208,183,179,199
1105,448,235,231,250
408,496,95,89,84
1011,271,51,47,53
90,49,21,23,26
299,188,185,187,199
871,342,45,46,50
1125,110,231,228,245
760,26,51,50,54
603,46,46,44,48
799,389,41,46,46
377,259,214,215,237
170,276,211,212,234
731,431,44,44,48
891,446,48,45,54
650,424,44,45,46
237,354,40,45,45
205,316,39,41,44
764,282,46,47,52
420,271,225,223,247
298,364,43,43,46
921,494,171,160,117
811,177,48,47,53
582,271,142,147,184
751,404,164,166,142
154,156,48,50,53
599,50,45,45,50
486,116,44,42,47
1087,138,55,55,60
132,314,33,35,37
1118,295,231,226,245
603,404,44,42,48
765,213,241,242,255
1128,74,228,227,244
116,161,135,121,155
91,150,159,34,39
1122,306,228,226,242
612,434,44,44,48
573,26,46,49,51
1046,104,50,50,53
222,142,34,27,29
1107,28,241,237,255
389,144,39,42,45
955,408,46,45,49
798,337,46,44,50
853,443,46,46,50
27,404,44,44,49
961,463,46,48,51
459,63,41,41,43
483,358,47,43,46
481,85,43,42,47
481,405,44,43,45
643,218,234,237,253
1021,308,46,45,49
1054,319,46,48,53
10,202,28,26,32
458,439,178,183,203
911,61,87,82,80
84,469,90,82,71
389,414,46,42,47
653,138,49,46,50
40,430,53,52,56
3,441,49,49,51
521,103,42,43,49
116,53,158,139,162
1003,71,63,60,57
155,372,44,42,47
295,138,31,27,30
13,129,156,25,31
764,326,45,48,50
966,244,41,49,51
235,397,47,42,46
1134,344,232,228,245
679,147,47,44,50
121,281,209,208,231
577,19,91,79,64
793,290,46,45,51
692,413,44,45,49
55,204,49,47,56
218,181,187,182,203
430,357,43,42,46
561,348,42,43,43
119,251,216,212,237
533,101,46,45,46
1102,416,241,239,255
459,358,64,58,71
255,63,39,42,50
134,4,186,183,203
770,332,40,44,50
711,446,44,46,50
1101,42,237,237,255
832,392,45,46,50
38,482,43,47,46
1175,464,237,233,251
99,77,148,132,155
951,472,46,46,50
1113,436,232,230,247
846,111,45,47,51
475,62,42,40,46
850,341,43,44,50
1003,498,48,48,50
1018,95,50,51,52
899,169,47,47,52
846,445,46,45,48
704,56,49,47,51
217,299,42,42,43
1037,440,47,48,51
435,322,43,42,49
612,50,44,46,47
653,348,45,44,45
803,194,49,47,51
971,469,46,47,49
1037,435,46,47,50
584,29,47,46,49
231,145,36,27,29
582,142,44,44,46
221,238,176,182,193
960,16,102,73,61
380,409,45,43,49
183,22,159,28,36
663,348,43,42,50
347,391,43,42,46
669,2,51,50,52
111,443,51,50,53
538,162,47,44,49
381,329,42,44,47
992,450,49,50,53
934,431,113,117,152
1102,78,235,233,252
1081,369,57,55,56
765,207,241,239,255
757,95,43,45,49
681,269,48,44,49
794,4,51,51,55
917,425,45,45,50
840,296,45,48,51
279,42,42,42,45
295,221,195,194,213
815,286,46,48,52
109,155,198,189,209
135,491,52,46,52
428,105,41,39,41
219,232,83,75,96
650,229,240,238,255
499,472,115,110,87
212,327,45,44,48
24,239,37,27,29
492,303,44,44,49
781,210,242,239,255
885,124,48,48,52
552,411,43,41,46
1135,340,231,230,244
167,27,163,149,171
1011,489,49,48,50
66,499,48,43,50
777,380,46,47,47
572,71,45,44,46
650,125,43,43,48
1185,433,233,233,252
1088,378,239,225,193
1006,305,52,47,51
999,88,50,47,51
863,331,45,46,51
563,123,42,45,47
38,451,45,50,52
716,287,44,45,50
1101,400,242,239,255
246,35,55,41,59
242,329,43,42,46
463,228,229,228,252
1170,279,240,236,252
1110,132,232,231,250
1067,151,52,50,56
580,227,233,233,255
804,444,45,44,48
20,352,43,45,44
527,322,42,43,45
656,48,46,47,47
670,470,103,77,59
252,328,47,42,46
1119,37,234,230,248
981,391,50,47,52
623,279,40,42,46
955,99,46,47,51
268,335,42,45,46
662,141,44,46,47
275,333,47,44,47
176,386,47,42,47
445,475,117,110,110
510,324,41,43,47
822,35,61,58,56
1154,384,234,233,249
140,387,41,43,44
405,417,39,42,46
50,335,41,37,40
354,468,64,54,55
684,158,49,46,49
396,292,46,44,47
26,88,108,89,88
57,9,233,229,254
340,34,40,30,29
915,345,47,48,50
78,352,35,40,40
1049,412,46,46,53
75,274,43,34,37
1157,297,237,235,248
235,189,185,181,203
1097,280,240,239,255
907,129,47,48,52
918,139,47,47,53
263,130,31,27,30
317,431,72,70,53
966,443,47,44,56
310,161,36,39,41
368,261,213,212,234
74,42,119,109,118
92,496,48,46,51
895,425,146,157,151
211,322,41,41,47
254,450,80,79,56
1012,55,98,76,63
1055,452,49,48,54
1045,286,140,138,159
732,40,51,49,50
144,28,148,129,150
502,491,122,109,65
80,187,53,29,58
400,410,45,42,46
1088,212,158,158,161
796,129,48,45,54
1175,407,237,234,253
305,271,42,44,49
495,117,40,43,45
24,67,151,143,152
1108,13,237,236,253
1111,69,234,229,249
661,417,42,43,47
89,125,184,141,144
244,111,36,28,33
669,485,108,82,61
573,209,63,58,62
582,328,41,46,47
664,145,44,48,51
149,497,48,49,49
812,338,45,47,51
456,365,27,24,21
262,376,40,43,47
334,1,88,83,91
996,415,45,49,52
0,394,47,45,50
266,351,43,43,46
1174,443,234,233,251
1090,381,251,248,255
291,76,31,31,32
850,466,47,51,52
447,286,45,47,47
194,383,43,44,46
297,160,38,34,37
1128,256,225,226,243
1130,223,229,230,243
777,133,48,46,52
662,181,236,235,255
1140,383,227,228,242
826,8,93,89,81
132,4,149,141,164
41,116,148,21,32
590,410,41,42,47
238,409,45,45,49
159,72,146,133,154
1136,124,234,229,243
65,430,66,62,57
521,198,221,218,241
340,461,83,76,58
639,306,44,45,46
441,47,37,35,40
134,391,42,44,47
517,198,202,202,218
1135,414,229,229,242
266,213,109,105,113
1015,37,97,77,60
1142,319,231,230,245
1156,343,237,233,249
1173,450,237,234,248
1196,271,240,238,253
974,348,46,46,50
742,273,47,46,50
756,377,41,43,47
942,220,48,45,48
334,112,33,30,31
1018,234,47,47,51
140,33,134,117,136
83,272,33,33,36
903,229,239,237,255
399,440,200,206,224
987,254,46,48,52
432,391,46,42,48
541,452,132,130,135
338,237,198,200,220
337,430,74,76,53
313,449,69,62,53
287,424,43,41,45
942,21,104,73,60
897,224,238,240,255
1182,466,238,235,251
561,256,231,232,255
410,178,45,45,46
335,397,45,42,46
174,370,40,43,45
971,336,46,45,52
237,212,56,47,56
440,495,175,173,192
687,496,115,88,65
881,314,45,46,49
33,213,30,29,29
58,271,37,31,33
319,42,36,27,33
851,14,95,92,87
634,292,46,45,45
701,33,51,51,53
278,458,75,76,54
766,50,42,46,49
529,206,223,223,243
299,318,44,43,47
529,165,45,45,48
810,318,46,45,46
627,74,45,44,48
127,391,42,43,45
203,482,49,45,49
837,360,48,48,49
1034,107,47,49,55
359,286,42,43,45
135,316,32,34,35
779,143,50,46,46
316,299,43,44,46
282,306,43,44,45
464,441,174,183,203
604,189,234,231,255
1175,221,239,237,252
891,208,45,48,49
789,202,51,50,50
507,195,214,214,233
391,348,39,43,46
1145,145,231,230,245
661,362,47,44,46
860,230,238,240,255
445,279,48,50,53
908,283,52,47,50
396,5,42,28,29
348,386,43,43,44
577,27,48,47,50
62,275,34,28,33
985,30,108,81,62
840,456,45,46,51
952,14,110,76,66
1021,181,45,48,52
150,305,35,33,38
345,102,30,27,27
1102,54,236,235,253
414,192,212,213,234
862,282,48,47,50
212,113,33,39,40
230,25,180,170,194
321,262,206,207,224
1051,186,49,50,57
643,179,237,237,255
407,116,38,38,39
625,175,65,56,55
302,305,42,43,46
788,81,49,47,50
79,264,43,36,38
320,211,62,51,70
313,297,45,42,46
376,353,42,43,44
1059,300,72,52,111
353,139,33,34,36
596,107,41,43,47
598,94,43,45,48
994,41,113,87,65
807,6,54,53,55
525,396,41,42,42
340,299,42,43,45
985,101,46,47,48
86,423,60,58,55
873,302,49,48,53
990,418,49,46,50
1197,342,236,237,251
827,463,44,47,50
687,420,40,43,47
438,178,47,44,50
465,392,46,45,51
229,311,44,41,45
533,260,229,228,252
497,390,42,42,45
546,177,95,89,95
1106,244,236,233,251
570,210,108,114,148
567,299,40,45,44
461,370,51,55,57
495,380,42,42,45
638,207,236,235,255
650,395,44,44,49
237,144,32,29,29
1099,140,240,239,255
300,80,34,28,28
688,263,47,47,49
519,238,200,197,208
177,235,196,195,215
849,486,173,158,110
222,228,189,187,207
361,75,29,25,30
80,207,242,243,255
200,150,37,28,35
266,70,43,44,48
891,187,49,46,53
723,8,58,52,53
24,336,44,40,44
876,97,49,48,50
1070,402,54,52,57
1063,83,90,82,67
912,392,46,43,48
496,275,43,47,50
121,414,46,45,47
579,275,45,46,48
947,320,47,46,49
192,436,46,47,49
1058,95,54,50,54
696,249,49,49,51
50,480,49,47,49
891,164,50,48,51
107,357,40,40,42
904,341,45,44,48
39,447,50,48,51
571,390,40,43,45
377,240,210,210,233
595,417,41,44,45
392,23,58,46,34
526,266,227,227,248
1195,375,239,236,251
174,166,39,37,41
432,464,41,39,46
725,20,77,58,57
529,215,226,223,244
1051,256,47,47,52
860,497,115,115,72
1069,270,51,50,55
221,413,45,47,48
1003,51,111,84,64
974,322,44,47,50
488,452,150,151,162
942,204,46,46,52
375,457,112,91,86
1094,225,241,241,255
674,366,40,44,46
38,50,153,147,163
336,80,35,25,29
888,119,47,47,51
329,450,62,58,52
1047,340,50,48,51
616,366,41,42,43
620,348,43,46,46
560,274,50,47,51
1004,214,46,47,54
96,368,38,41,45
762,40,53,49,56
187,81,90,71,100
1133,439,227,223,242
299,414,45,45,45
393,384,45,41,47
756,387,48,44,49
212,60,39,31,32
401,352,41,45,46
962,399,46,44,51
946,158,42,47,53
1121,224,229,228,245
223,200,69,59,68
1087,368,223,206,173
982,324,46,46,52
1118,97,231,229,242
1096,299,237,238,255
188,245,201,199,221
751,374,44,46,48
839,42,100,88,70
1124,461,231,229,242
1010,64,58,56,58
443,358,49,44,48
786,14,50,50,50
212,382,42,42,46
90,249,216,216,236
658,127,44,44,47
218,478,53,49,47
293,58,36,35,39
984,259,47,48,53
1196,69,238,237,255
444,109,42,44,45
486,246,200,200,216
922,489,154,148,113
666,377,40,44,46
380,417,45,42,47
609,271,47,45,50
1001,14,123,91,68
410,410,43,45,47
465,9,130,104,85
316,198,194,193,213
677,105,47,46,48
512,164,47,45,47
762,49,45,49,49
472,264,43,37,44
471,489,112,102,61
314,163,38,35,38
667,117,49,47,49
63,51,115,107,112
79,172,205,197,220
1100,302,238,235,253
437,426,85,85,94
932,401,45,46,48
25,179,115,108,110
880,206,45,49,50
1029,431,47,48,50
970,37,97,72,61
453,228,235,230,251
484,225,157,155,165
932,20,102,72,59
411,498,197,200,218
439,204,73,75,80
104,206,229,227,255
93,260,213,214,238
514,362,44,41,46
989,392,48,47,50
200,445,47,46,53
560,72,44,44,46
289,235,191,191,210
138,225,195,193,216
299,356,42,42,46
571,370,38,43,46
702,202,239,237,255
518,159,47,45,48
384,290,41,43,45
643,381,42,45,49
739,354,43,44,48
1138,423,231,230,242
700,199,238,236,255
853,111,47,47,51
80,243,56,52,74
741,125,49,48,53
242,97,41,39,45
1124,87,226,225,240
284,388,44,45,49
714,324,43,46,49
904,188,48,49,53
655,315,47,45,49
613,249,236,233,255
749,372,44,45,50
566,278,48,47,49
974,495,45,47,52
1189,386,237,236,250
620,237,236,235,255
834,481,175,167,159
796,258,240,239,255
275,90,36,27,27
657,227,233,236,255
1150,108,234,231,248
743,327,43,48,46
923,34,188,156,110
519,400,42,41,42
566,17,86,72,57
1014,435,46,47,49
979,398,46,44,51
385,136,41,38,40
664,491,104,77,59
1025,480,47,49,53
917,50,82,79,70
1018,50,97,78,63
1145,6,233,231,246
279,389,45,43,47
698,135,42,45,49
906,280,47,47,50
564,193,231,231,250
1127,477,231,224,239
503,165,49,50,55
369,273,47,47,54
8,393,45,46,46
921,172,49,47,48
890,214,47,48,54
404,315,54,49,59
214,4,169,151,175
419,473,168,138,138
446,475,124,117,123
476,317,54,52,56
836,185,47,46,50
533,44,42,43,44
316,475,117,112,108
1090,210,89,80,73
347,455,73,71,54
480,123,44,43,45
780,113,45,46,50
589,450,138,130,140
1014,144,50,47,53
371,382,44,42,46
364,375,40,42,45
159,450,43,46,49
224,499,54,56,54
397,32,43,31,29
1163,353,239,236,251
717,289,46,42,48
821,366,43,45,50
908,85,45,47,49
436,153,45,43,47
955,179,48,46,52
816,166,48,46,50
1014,485,51,48,53
262,55,51,45,53
419,86,37,38,38
660,444,49,47,49
822,189,45,48,51
472,9,78,56,45
589,423,46,44,45
754,185,46,48,50
82,405,44,44,46
1142,46,233,231,246
179,66,152,142,166
508,467,121,115,113
943,279,43,46,51
806,249,246,239,255
1110,311,234,231,248
162,126,132,130,149
339,296,40,43,45
857,443,51,48,50
174,299,42,36,42
127,454,47,46,51
493,238,100,100,87
600,381,39,44,44
310,197,192,189,209
672,72,47,46,50
921,242,51,48,52
1197,104,239,239,254
414,185,186,177,192
525,351,44,42,44
1152,168,238,234,253
463,157,41,44,45
1015,369,48,48,49
465,264,224,223,246
937,265,48,48,52
987,197,49,48,51
391,244,208,211,230
669,309,46,44,49
520,303,47,46,46
87,127,164,71,78
378,7,44,33,31
1115,193,236,234,251
143,496,49,48,51
864,58,101,80,60
743,174,48,47,50
926,330,46,46,50
1106,289,236,231,249
204,52,162,137,140
1108,362,238,236,253
531,463,167,166,182
232,349,45,42,47
890,103,45,48,51
120,192,217,219,245
693,358,45,46,45
539,416,44,40,45
197,183,189,182,204
136,466,44,50,52
1062,94,61,57,58
564,67,45,45,45
862,32,96,94,89
131,130,161,158,176
123,478,47,46,47
219,308,36,42,42
443,404,43,47,51
1085,444,91,83,65
1027,76,96,85,69
831,38,79,70,63
877,146,48,47,49
524,54,42,43,44
197,227,192,191,210
357,305,42,44,47
470,310,46,45,48
1020,144,48,48,52
377,219,206,204,228
25,105,141,19,35
864,226,239,238,255
271,217,186,184,202
863,92,45,48,51
1128,465,228,228,240
221,273,208,205,228
611,397,41,44,48
258,434,62,64,53
908,421,48,46,47
255,323,41,43,45
1145,172,235,231,249
882,197,43,49,51
1035,329,45,47,51
1088,331,241,244,231
714,160,47,46,51
1028,401,46,48,52
524,237,87,78,109
760,260,241,241,255
1193,126,241,238,255
205,9,163,73,100
852,198,47,47,51
923,11,142,92,70
630,210,232,234,255
643,252,48,45,49
834,84,47,46,51
582,390,42,42,44
622,82,41,44,47
735,162,46,46,50
124,393,41,42,47
838,209,49,48,53
125,167,242,241,255
1097,51,237,235,250
414,369,43,45,47
732,251,241,238,255
974,172,50,46,52
75,88,152,22,30
793,312,47,46,49
121,328,35,33,35
634,2,50,50,50
231,371,38,43,44
784,90,51,47,50
990,47,107,79,61
621,383,46,42,50
784,206,204,202,220
871,257,63,55,81
278,30,110,109,130
1100,169,237,239,255
73,193,35,29,30
708,361,46,45,45
1171,191,236,235,253
969,109,49,49,52
399,381,43,43,47
810,86,46,47,49
282,353,43,42,45
1002,134,46,48,51
241,64,183,187,208
672,454,92,72,56
840,329,44,46,47
340,473,142,139,149
289,323,44,45,43
271,117,33,27,31
8,497,54,53,54
259,190,182,179,196
1163,88,237,235,253
100,275,34,35,35
788,332,46,47,48
598,311,44,44,46
330,56,29,26,28
133,482,49,47,50
642,286,42,44,48
147,429,48,47,51
341,421,46,43,46
962,471,44,47,51
1160,404,238,233,249
976,298,44,45,48
691,235,235,236,255
240,35,36,30,32
94,18,118,109,120
1031,134,49,49,53
572,313,43,43,45
276,83,38,32,32
1141,73,234,230,242
456,17,89,65,44
575,492,173,168,170
1034,145,49,50,52
1019,198,47,49,51
690,214,239,234,254
931,247,48,43,50
840,59,55,52,54
275,389,41,44,45
373,98,34,31,32
660,450,63,58,54
842,307,43,47,50
454,194,227,225,249
502,202,58,54,57
1168,258,236,233,249
443,86,46,42,43
887,141,47,48,54
889,83,46,50,49
133,81,154,139,161
469,29,98,77,56
624,395,46,45,45
470,20,86,65,49
349,37,37,29,27
301,179,188,189,205
28,137,158,26,35
204,253,195,193,219
26,443,48,50,50
577,141,48,45,48
544,308,45,45,45
707,436,44,42,45
64,211,98,90,103
170,419,49,45,48
1031,221,49,49,54
1038,6,100,77,63
667,321,46,42,46
938,22,94,69,58
116,211,209,207,234
1077,63,127,114,83
996,363,43,45,52
834,344,44,45,50
342,20,42,33,34
1035,159,50,49,56
475,453,168,172,184
384,170,41,42,45
62,50,115,107,112
393,235,212,212,232
655,475,88,68,57
775,289,44,46,50
581,425,47,46,48
756,379,43,44,46
491,4,57,49,41
717,158,48,45,49
754,288,47,46,48
306,47,39,33,39
807,260,175,168,236
339,16,38,33,38
89,56,31,33,36
1012,417,50,48,49
583,343,42,42,46
1090,387,250,249,255
904,408,47,44,48
