x,y,R,G,B
567,82,42,42,49
312,227,194,191,212
676,286,49,44,50
1157,34,237,233,252
298,469,121,110,81
576,292,40,40,46
466,353,52,52,58
976,157,47,47,51
1102,17,237,237,253
850,327,48,46,50
1178,356,238,236,253
1165,36,239,235,254
951,425,42,48,47
428,175,45,45,49
766,284,47,47,50
915,296,47,45,51
776,231,135,122,166
986,478,47,46,51
66,320,37,35,38
651,190,238,237,255
1093,222,249,247,255
484,55,44,41,46
99,201,196,203,223
1143,190,235,232,246
486,192,40,40,48
726,324,43,43,48
715,90,46,46,50
498,434,172,173,193
1041,27,109,88,66
504,435,171,173,192
142,64,155,139,165
145,310,34,34,36
1085,211,73,67,82
349,300,41,44,47
1069,486,53,54,56
549,275,48,47,49
426,211,225,222,243
459,381,53,55,54
970,362,43,45,48
283,80,36,30,32
115,291,36,33,35
9,79,118,109,119
300,218,192,190,212
918,103,48,47,54
980,465,49,50,50
828,265,51,51,53
815,499,170,162,166
870,125,49,48,51
504,153,51,49,51
173,139,38,38,45
518,398,44,44,44
1182,269,236,236,253
766,368,46,46,45
214,305,43,42,44
60,270,37,32,34
951,332,51,46,48
543,208,226,221,242
361,224,205,205,228
495,75,40,42,46
358,115,34,34,34
277,260,198,197,220
161,125,128,130,148
747,233,240,237,255
718,126,44,44,49
601,237,236,236,255
475,428,44,45,50
308,220,193,189,210
391,6,39,27,27
789,147,46,48,51
87,260,218,215,237
399,175,44,44,46
793,461,49,47,52
429,94,40,40,43
528,256,226,225,249
264,473,112,104,80
471,341,53,51,53
1128,324,228,225,247
522,447,143,137,149
1001,424,50,50,53
398,231,214,214,237
283,50,46,50,52
1149,264,233,230,245
336,131,32,28,31
994,143,47,46,51
638,419,40,43,45
1107,397,238,238,252
555,81,45,41,48
1125,179,230,229,244
572,481,147,134,126
678,107,44,45,52
1059,24,95,79,65
880,3,81,73,73
453,245,67,64,68
1052,68,108,96,81
155,121,35,34,38
838,477,170,160,129
487,334,42,42,45
439,207,63,62,65
494,229,61,56,59
1138,257,232,228,243
852,298,46,46,49
969,98,50,46,52
101,68,134,114,135
431,440,108,65,58
255,77,48,45,54
1199,262,238,236,253
17,97,126,97,77
323,476,101,97,98
492,65,43,43,47
150,325,38,37,37
1076,5,110,83,69
896,419,48,47,50
214,113,31,37,41
161,112,35,29,29
1093,204,240,239,252
761,81,45,46,49
1085,78,56,58,61
422,98,42,39,43
1144,47,230,229,246
42,178,175,30,39
659,77,50,46,49
272,173,185,183,203
842,439,45,48,50
1011,298,48,48,51
1189,363,238,236,251
863,40,94,92,86
90,60,185,192,205
51,169,171,30,36
1034,391,49,50,51
321,47,32,27,28
443,498,157,161,181
965,440,140,146,82
1005,486,49,48,53
298,143,32,28,33
727,214,175,172,229
1078,169,53,50,57
47,419,59,57,57
482,266,200,199,217
784,337,48,47,51
234,412,43,45,48
37,30,232,229,253
558,8,94,82,59
1087,297,122,110,82
734,493,146,143,152
327,22,39,38,42
969,455,136,143,168
679,215,236,236,255
376,188,201,201,222
268,107,34,26,29
331,370,43,43,49
88,302,38,32,34
969,329,45,46,50
178,246,198,196,219
249,145,30,27,27
713,402,138,141,115
867,265,237,238,254
811,466,48,48,51
543,131,41,44,46
1004,6,127,91,70
858,111,50,47,51
989,328,45,45,48
1096,362,245,243,255
12,64,89,82,90
375,347,44,43,47
238,65,211,214,238
283,438,86,85,57
791,474,166,162,163
619,2,52,48,49
63,364,40,43,46
999,354,46,46,50
1186,485,239,234,250
632,44,46,45,47
534,209,220,222,243
128,215,196,193,216
947,182,48,47,51
977,466,49,46,50
1176,222,238,235,253
309,402,41,43,46
1054,436,49,48,52
97,84,154,29,51
1152,345,235,231,246
937,7,240,236,255
1142,432,229,228,243
572,128,42,44,49
413,9,35,29,28
487,98,43,42,44
503,265,221,219,240
235,445,50,50,51
144,384,44,40,48
1097,450,236,234,252
64,195,40,29,28
1165,249,240,237,255
1067,80,89,80,92
732,86,41,48,48
881,366,49,49,50
1112,419,234,231,251
838,487,166,155,116
1193,478,236,234,251
223,53,206,196,216
18,188,71,85,72
51,37,99,93,109
717,458,138,128,118
105,477,45,48,50
607,160,46,44,49
364,264,219,215,238
521,219,225,221,241
766,73,46,46,49
367,287,43,44,46
1116,7,233,232,246
904,200,47,46,52
1177,404,235,234,250
475,171,59,54,57
1047,9,71,66,60
30,167,171,31,38
453,182,47,45,51
1170,451,236,233,247
178,115,110,115,130
923,459,47,48,50
988,121,45,46,50
1043,36,103,87,65
84,263,44,41,46
381,154,39,40,45
745,194,155,155,212
91,418,59,58,55
272,295,44,41,45
156,412,45,44,49
302,299,40,44,44
268,482,71,63,53
311,296,40,42,46
166,457,49,52,51
645,43,48,48,51
776,423,47,46,49
963,8,111,77,62
191,298,41,38,42
373,237,196,196,213
999,28,120,95,65
953,387,46,47,50
28,70,110,103,113
163,219,198,193,211
887,313,48,45,51
896,322,42,46,49
355,458,66,60,53
57,115,151,25,30
1184,342,240,236,253
764,150,45,48,48
790,202,50,48,50
1090,83,67,66,70
852,222,240,239,255
631,405,42,44,46
265,287,40,43,47
571,115,46,42,44
30,0,140,138,167
818,415,71,71,119
470,178,43,47,48
852,390,46,46,49
1172,447,234,233,249
409,366,44,43,49
784,264,237,237,255
1020,346,43,47,49
815,265,51,49,52
9,323,42,40,40
931,318,47,47,50
746,35,50,50,51
1022,405,44,47,49
972,360,45,47,52
207,408,43,43,49
1043,82,67,63,59
967,299,47,47,50
223,37,52,31,50
825,223,243,240,255
468,175,46,46,50
646,52,45,46,50
802,333,49,47,53
160,303,34,37,40
866,131,45,46,51
569,356,41,43,47
451,496,160,160,167
678,339,42,43,47
136,235,69,59,66
1169,285,239,236,251
779,33,53,50,53
1073,87,67,61,65
846,160,45,48,51
1040,24,109,86,66
349,149,34,35,39
221,138,30,31,30
513,279,47,44,49
320,229,193,192,212
636,89,44,46,48
304,10,148,150,168
509,361,43,42,43
665,326,39,43,45
434,179,41,47,47
399,37,39,30,32
991,252,47,47,52
1165,311,238,235,251
1081,408,56,53,57
51,122,153,27,34
1095,225,240,240,255
24,335,38,39,41
567,25,48,47,51
539,162,43,46,50
365,380,44,43,45
1140,336,231,229,244
908,165,47,49,49
662,120,48,45,48
136,468,48,44,51
265,85,35,33,39
601,185,232,229,254
396,99,38,35,36
875,269,90,83,101
131,244,210,203,226
237,68,206,205,227
989,362,45,47,51
889,224,237,237,254
1114,1,237,235,249
916,410,45,45,49
30,240,35,28,28
637,149,44,46,47
754,264,226,225,250
330,39,70,57,57
368,60,31,25,27
959,225,47,48,52
355,85,31,25,26
154,256,212,207,231
1047,349,50,49,55
7,144,168,28,38
118,206,216,214,241
806,131,44,47,48
1033,117,48,50,53
414,260,229,226,249
329,458,93,88,67
1188,79,239,235,252
1181,48,240,236,254
519,378,40,42,45
959,214,49,49,53
169,110,194,188,203
300,350,43,43,45
790,370,45,48,48
654,168,46,46,50
1097,282,241,238,255
884,224,239,238,255
637,309,43,44,45
27,39,219,226,247
1168,277,232,234,249
543,365,41,44,45
503,201,70,64,65
65,237,33,36,37
1155,439,235,233,245
338,454,69,65,49
162,264,210,207,229
699,165,47,45,51
319,365,43,44,45
886,334,45,48,51
13,370,45,43,50
739,440,44,45,49
588,296,47,43,49
635,428,44,42,49
876,272,50,50,54
315,286,44,43,49
1006,71,70,59,59
1192,365,237,236,251
54,438,50,50,48
857,166,47,47,51
1079,476,56,57,63
415,110,35,38,41
282,452,73,70,50
976,486,48,49,51
826,231,240,239,255
401,174,49,44,49
488,239,201,204,219
543,312,44,44,48
940,117,46,47,51
135,470,45,45,47
99,199,212,208,240
440,158,43,43,46
245,200,70,67,71
997,183,50,48,53
906,427,50,44,78
621,167,46,45,48
118,479,47,46,49
835,37,74,71,65
17,128,154,26,33
481,41,64,54,47
158,411,44,41,48
1128,488,234,227,243
916,187,46,47,52
803,221,240,237,255
48,345,38,37,42
1101,146,240,238,255
224,137,38,30,31
870,315,45,46,48
885,136,48,49,51
225,402,44,46,46
931,113,44,48,52
1054,281,55,53,62
1179,187,239,235,254
621,241,234,233,255
1144,260,234,230,248
928,79,46,50,50
243,349,45,45,47
662,330,45,46,48
1188,163,236,236,253
559,367,40,42,45
363,142,41,37,39
789,14,51,48,53
1055,411,47,48,54
7,479,46,47,51
879,184,47,45,52
305,368,41,42,48
834,393,41,46,48
1197,189,238,236,254
903,408,46,46,50
789,65,43,46,51
486,318,45,45,45
536,19,53,49,49
123,186,219,219,247
1181,461,236,235,247
935,391,47,46,47
1047,218,51,47,53
941,0,120,84,64
949,475,46,47,51
219,205,187,181,200
89,204,163,164,189
989,315,45,47,50
42,349,37,41,42
811,71,47,48,50
302,141,25,26,33
134,389,44,43,47
24,483,50,49,53
784,120,46,47,52
1030,410,43,47,51
1061,492,50,52,57
473,303,53,53,55
225,454,56,57,51
682,26,48,49,50
239,303,45,41,45
751,397,45,47,49
242,413,46,44,45
184,210,108,108,134
571,449,110,105,98
14,496,73,65,55
813,76,47,48,52
203,429,45,47,47
392,90,31,33,33
800,41,50,50,54
734,213,239,234,255
213,16,175,106,121
50,63,115,105,113
540,181,224,225,248
398,345,41,45,46
547,123,45,45,48
164,368,42,42,45
178,72,137,127,144
271,352,44,41,45
285,274,46,43,50
423,25,37,30,32
1158,165,235,232,251
738,41,53,50,53
726,50,49,47,51
133,467,45,45,52
277,429,68,66,53
94,221,211,213,238
17,408,47,46,51
558,486,127,120,108
553,439,147,143,156
378,290,42,44,43
618,473,189,185,196
595,313,40,43,46
1043,40,75,65,58
722,14,55,51,54
112,421,56,51,52
343,117,33,29,29
633,484,132,124,137
376,111,34,34,36
313,85,31,24,25
547,404,41,42,45
1156,158,233,233,249
1158,314,237,234,251
1070,17,101,77,62
186,98,176,180,197
728,24,50,53,53
794,78,49,47,51
579,102,46,43,46
837,69,50,47,53
303,456,102,102,71
197,203,154,154,177
1039,266,47,48,52
84,450,44,47,48
1126,44,230,229,246
300,356,41,41,47
672,399,40,46,48
919,485,55,49,55
606,400,43,40,43
763,477,150,146,156
324,278,41,45,45
1047,327,48,46,53
825,68,45,46,50
1131,448,226,223,235
74,361,47,44,43
661,148,45,46,50
1136,457,228,224,240
993,392,47,48,51
573,392,41,39,43
529,54,44,44,46
641,5,47,51,51
136,149,138,143,161
405,35,38,28,32
206,132,35,35,39
284,245,192,190,210
454,440,181,182,197
226,62,110,112,127
4,466,53,54,54
81,204,243,237,255
919,27,126,84,63
663,394,126,125,125
370,293,45,45,49
957,159,48,49,50
561,168,43,44,50
10,195,55,61,66
514,159,51,46,51
503,162,47,47,51
739,174,49,46,50
701,214,239,235,255
957,429,45,46,51
713,356,47,46,48
810,69,46,49,47
1043,412,51,47,51
881,349,45,47,51
572,466,121,117,112
266,354,39,43,46
394,111,36,37,40
557,116,42,43,47
656,221,238,238,255
11,78,115,105,115
742,375,45,45,49
975,294,46,46,48
84,81,153,27,32
913,365,47,46,52
236,50,180,172,189
901,343,49,46,49
27,261,36,30,37
449,37,47,44,39
1178,336,235,234,250
622,376,47,43,47
415,161,43,43,45
815,227,242,239,255
624,307,47,45,49
990,29,114,87,65
511,62,47,46,52
215,498,60,57,53
82,204,242,239,255
8,239,37,30,31
450,300,48,46,49
446,410,11,15,17
902,6,118,76,62
194,482,46,46,49
588,134,43,43,47
451,189,217,220,243
555,322,40,42,46
330,321,42,42,45
552,437,159,160,181
76,256,57,47,75
1102,210,242,241,255
161,469,128,118,113
867,84,49,48,52
27,98,29,30,31
341,461,82,74,54
405,391,43,43,47
54,248,38,28,30
1079,189,246,245,255
557,206,231,226,250
30,107,137,40,51
81,484,59,52,57
817,382,45,45,50
1185,187,240,237,254
1035,487,47,50,51
664,123,46,45,51
51,194,62,59,68
1116,82,232,229,247
251,390,42,42,45
233,453,78,73,56
379,479,64,55,52
846,30,89,88,82
59,284,32,33,35
584,109,46,44,47
1064,2,101,78,64
464,418,45,47,49
918,354,48,46,50
207,290,40,44,47
903,381,47,46,50
71,120,153,25,35
339,361,45,42,47
524,198,84,75,106
622,131,46,46,50
718,470,152,146,157
159,126,124,125,146
217,151,32,27,30
1159,9,237,234,251
787,44,52,50,53
317,479,118,112,112
1032,252,49,48,54
735,232,220,215,221
54,411,48,44,49
1100,322,241,237,254
756,280,52,47,54
23,94,93,77,61
485,82,45,44,42
477,183,46,48,49
583,81,42,44,46
502,472,106,102,80
825,481,178,171,184
419,311,43,44,48
729,360,36,43,47
1154,102,239,234,250
135,364,40,41,42
667,464,93,73,54
163,391,43,42,46
191,131,41,39,45
305,12,69,65,80
660,220,141,141,192
200,458,48,48,48
427,213,221,222,244
980,458,98,83,51
1089,172,81,83,81
287,306,41,42,46
124,241,50,42,47
193,209,54,33,61
205,117,38,35,40
951,423,49,45,52
718,278,44,45,49
775,369,48,47,49
374,312,46,45,48
907,230,240,238,255
294,117,32,26,30
604,30,43,48,50
428,42,31,30,34
47,497,70,62,58
291,97,36,23,28
83,74,149,31,37
352,264,213,214,235
756,13,53,49,51
1098,17,239,238,250
677,457,99,76,56
545,331,42,41,43
184,305,41,40,45
592,406,40,44,46
314,316,43,43,45
760,184,49,51,50
969,32,99,73,60
1088,422,254,255,249
128,157,156,150,175
92,274,38,34,37
852,177,45,45,49
272,292,42,41,46
1127,153,231,227,247
613,476,168,169,175
65,185,32,25,29
654,56,44,47,48
14,325,39,41,44
662,13,51,48,53
136,135,41,28,47
58,369,39,42,46
910,219,48,50,53
620,470,178,177,184
11,158,172,34,35
666,438,40,45,46
1148,308,232,229,249
994,382,47,48,51
72,304,36,32,33
1134,490,229,224,242
928,181,46,47,51
513,319,44,42,46
284,104,30,25,27
624,488,104,99,87
92,241,219,218,243
602,34,44,45,48
499,488,117,103,60
708,463,130,114,91
462,86,42,41,43
1070,338,49,49,55
340,17,39,32,35
973,108,48,49,51
945,103,47,48,50
393,182,46,47,51
322,325,41,43,46
188,147,33,34,40
803,452,46,47,52
575,446,128,121,122
126,264,214,211,235
976,31,99,72,61
250,398,47,43,49
100,112,176,112,122
474,74,43,42,43
82,359,38,42,42
389,99,28,34,36
1072,59,89,73,63
290,379,41,44,45
779,189,49,50,51
199,301,39,40,42
182,74,196,185,206
291,257,205,200,223
307,68,37,29,27
453,230,232,230,253
780,56,45,47,51
288,167,189,185,203
41,346,39,40,41
1122,462,232,226,243
1040,277,230,234,255
45,63,111,105,117
150,337,35,38,39
1070,178,52,50,56
889,309,45,46,52
1128,308,227,227,244
133,205,200,199,223
799,69,46,48,49
147,340,41,38,41
1110,110,235,231,247
1072,402,53,53,55
389,475,55,52,51
471,263,72,69,77
720,63,47,45,50
440,265,235,232,255
404,43,32,25,27
1018,232,48,48,49
1030,76,100,85,70
1177,174,240,236,253
300,363,42,44,47
105,380,45,41,45
51,147,159,29,38
409,180,41,45,49
993,106,51,48,53
363,371,41,43,46
1020,45,100,75,64
1103,421,240,236,255
310,271,46,45,47
334,312,42,42,45
100,227,203,201,225
972,496,41,47,50
701,326,43,46,48
42,4,227,224,248
505,301,46,44,46
637,324,45,46,48
1050,50,118,109,111
309,269,53,48,49
633,145,45,44,48
1124,395,229,227,243
365,342,43,43,47
930,385,48,44,50
468,486,122,119,91
830,154,44,47,50
200,39,192,177,198
414,224,222,221,241
85,233,195,197,219
751,12,51,49,53
441,382,47,46,52
977,6,112,82,64
36,172,174,33,38
850,406,44,47,53
1196,254,238,235,253
929,492,169,158,99
787,421,48,46,50
533,148,42,45,47
850,280,47,45,48
898,458,48,50,52
689,48,48,46,48
1069,355,56,53,56
40,13,219,222,245
32,471,52,51,55
231,307,41,43,44
156,299,39,34,37
250,97,36,35,40
537,174,47,48,53
1149,215,237,232,248
259,86,38,35,40
696,194,239,237,255
1123,359,231,231,244
564,349,43,43,45
570,328,39,42,46
1171,266,241,238,250
820,308,45,49,50
309,58,32,29,30
251,442,47,50,49
671,187,236,237,255
772,205,236,239,255
894,211,47,48,50
51,198,105,104,105
351,292,41,45,49
770,271,51,53,55
445,395,54,55,60
178,233,195,195,215
349,314,45,42,48
207,479,48,47,50
675,330,45,44,47
949,0,111,85,66
625,231,234,235,255
1111,16,237,235,251
1042,350,47,48,51
928,96,51,46,53
518,258,224,223,247
116,170,238,243,255
1022,190,46,49,51
690,132,44,46,48
1060,15,91,74,59
803,68,47,47,50
809,345,47,46,49
171,24,172,154,179
230,138,30,26,30
223,154,31,27,29
706,427,42,41,42
826,395,44,46,46
1103,57,238,236,254
758,351,42,45,49
864,66,48,47,50
861,472,48,48,51
162,103,198,187,210
1160,157,235,233,249
224,438,47,47,50
1071,344,49,52,57
182,178,193,189,210
183,428,50,49,50
262,430,62,61,52
924,459,47,46,51
662,93,47,45,47
784,229,236,236,255
776,49,48,50,50
752,399,75,54,46
50,373,42,44,47
281,21,210,213,235
942,303,46,46,49
1025,162,50,49,53
521,33,40,29,31
187,233,197,194,213
960,12,111,78,62
259,80,42,40,48
62,475,48,47,49
844,377,44,44,50
48,197,102,101,105
260,2,161,154,177
200,379,45,44,46
622,215,59,55,58
829,157,49,47,51
949,31,84,65,59
374,168,44,43,45
760,112,45,45,47
960,472,46,50,52
569,78,46,45,45
997,150,45,47,52
19,181,104,97,107
1026,21,104,79,65
954,399,46,44,50
412,152,40,44,42
685,180,139,134,148
143,375,42,42,44
468,108,41,42,43
1082,405,54,55,60
473,484,149,150,133
819,89,45,47,50
344,381,44,43,44
834,187,41,46,50
1124,208,231,229,244
631,16,49,48,50
943,184,48,46,50
528,430,44,43,46
451,327,49,47,49
189,109,119,117,133
288,123,31,25,25
775,356,48,46,49
437,263,232,231,255
556,35,43,44,48
229,435,48,48,53
916,297,46,46,50
875,422,160,170,190
386,305,42,45,44
121,326,36,34,37
925,334,47,48,53
24,104,139,31,43
795,483,161,155,168
1160,270,236,233,250
353,194,198,197,219
661,341,46,44,48
1130,42,231,227,243
195,138,32,35,38
685,385,45,44,48
400,240,58,52,59
439,496,172,171,190
563,266,229,233,255
589,268,230,232,254
738,208,242,237,255
991,193,46,48,52
121,114,154,28,35
1165,393,236,232,251
118,66,153,137,160
776,182,46,48,51
281,332,40,42,47
446,438,137,122,118
447,462,134,125,131
1096,354,244,243,255
346,318,43,43,47
143,472,44,45,47
611,193,232,231,255
1130,320,228,227,243
878,37,104,99,96
939,245,46,46,52
271,20,115,113,128
406,14,38,27,29
302,148,34,30,33
190,328,42,40,45
351,25,42,32,30
610,192,235,232,255
313,170,43,41,45
912,256,240,237,254
948,14,118,79,67
196,426,47,49,50
813,308,45,48,48
545,380,41,43,43
1059,18,87,75,58
40,381,44,45,45
923,401,47,45,48
1178,480,238,235,251
188,383,42,42,45
872,436,45,46,49
259,304,41,43,47
235,264,202,199,220
722,150,44,47,51
357,110,33,28,28
597,267,42,46,52
443,140,44,42,43
804,33,51,50,53
915,223,52,49,56
1161,435,235,232,248
764,303,43,46,44
604,454,173,176,189
849,227,242,237,255
1160,232,238,235,251
985,363,42,46,52
610,1,50,50,50
1189,333,240,237,254
937,393,44,44,49
1171,279,241,237,253
308,306,41,42,47
151,220,197,193,214
172,271,210,207,231
1103,121,239,236,254
236,422,63,60,45
1023,188,46,48,51
843,410,50,46,53
967,19,97,75,61
18,447,50,51,51
355,248,203,210,221
600,46,49,46,47
436,349,43,43,47
769,132,45,45,50
616,88,43,45,49
834,139,43,47,51
410,489,82,76,66
597,74,42,45,48
949,25,93,67,58
1183,497,237,234,252
1055,88,69,59,60
580,282,43,46,49
995,183,48,48,52
302,353,40,43,47
785,268,238,237,255
581,205,66,59,84
347,209,200,198,219
775,258,243,240,255
367,275,46,47,48
705,132,42,46,48
46,248,33,32,31
116,438,63,63,60
985,406,50,48,53
446,383,82,82,90
207,125,37,33,41
861,332,45,46,52
530,130,44,44,47
604,134,46,43,48
162,83,161,149,172
177,57,169,155,177
304,207,183,182,202
195,295,39,42,43
45,180,174,32,44
546,288,44,45,47
547,222,228,226,249
491,350,41,45,47
1171,72,237,234,251
348,57,33,24,25
369,36,35,27,24
565,312,44,43,48
1197,147,236,236,251
534,40,42,44,45
967,404,43,47,49
79,114,155,26,31
1151,352,232,230,247
930,439,44,46,50
873,240,237,236,255
511,362,40,41,46
918,436,47,50,50
315,76,35,29,32
838,75,47,47,52
402,90,39,35,39
1160,73,239,234,251
230,265,206,201,220
559,394,42,42,41
486,300,47,45,49
891,79,49,51,51
651,431,42,45,47
1136,499,227,223,239
77,349,38,39,40
113,343,38,36,39
685,195,238,239,255
152,278,216,212,236
912,144,45,49,50
135,356,39,39,42
882,287,49,47,53
362,224,205,205,225
991,248,48,47,51
198,232,194,191,210
213,438,46,47,47
258,455,88,78,53
252,380,44,44,47
1117,357,234,231,246
114,244,209,207,230
312,423,42,43,46
1165,124,238,235,252
1075,375,51,51,56
1104,136,238,238,255
636,254,45,45,48
725,346,46,44,47
792,458,47,49,49
651,446,45,46,51
881,272,53,52,56
200,401,41,44,45
315,109,31,27,25
1152,112,233,232,247
1135,37,231,227,245
210,233,185,187,201
692,267,45,46,49
850,411,44,46,49
432,74,41,38,40
845,310,46,46,49
445,81,41,43,41
658,207,240,234,255
488,371,40,42,42
19,63,115,101,113
104,275,38,35,35
868,406,47,46,50
816,358,46,46,48
391,50,32,26,27
991,492,49,49,48
966,135,53,48,52
342,116,30,31,29
811,50,48,52,53
1022,95,53,47,52
882,40,100,96,91
1076,330,58,55,60
242,34,43,33,35
542,383,41,41,45
209,99,155,152,174
323,204,184,193,203
1127,277,223,224,239
473,425,44,44,47
936,478,43,48,51
425,79,40,38,41
409,18,35,27,29
25,255,37,29,34
927,95,47,48,51
969,410,50,47,50
730,75,43,47,50
54,190,39,31,33
1129,220,230,227,243
655,385,44,45,48
1184,31,240,237,253
786,389,49,45,49
446,225,230,229,252
132,266,217,212,236
428,10,37,28,32
710,192,239,237,255
506,434,175,176,194
146,386,43,43,46
448,306,46,45,49
1156,386,235,233,250
1042,468,50,50,52
320,498,45,47,51
1097,257,238,236,255
259,110,33,29,31
431,197,222,221,243
244,42,50,44,56
166,15,160,141,165
774,375,46,46,51
15,377,44,45,47
150,37,146,132,154
380,328,41,45,44
29,284,35,31,35
284,84,33,27,32
628,421,44,44,45
960,9,107,79,61
38,295,34,31,32
966,479,51,47,53
123,328,34,36,37
732,424,46,47,49
569,294,44,44,49
897,78,49,47,50
852,370,46,44,51
0,34,224,222,245
101,427,53,49,50
15,484,46,47,51
507,151,48,46,49
780,480,153,150,147
751,85,42,45,48
756,12,50,47,52
339,370,46,43,45
1183,193,240,236,253
807,401,45,46,48
879,452,48,51,53
909,472,52,50,50
1110,161,239,236,252
674,115,42,43,49
22,225,35,31,34
1009,359,47,48,51
661,27,48,49,51
223,290,45,42,44
791,392,49,46,50
83,44,106,102,105
210,23,177,163,184
243,82,49,50,55
1070,435,60,52,64
464,304,36,32,40
569,153,41,45,47
510,94,33,29,35
214,379,41,42,45
458,466,182,182,200
261,398,45,46,46
21,80,116,107,118
283,277,46,43,46
646,307,40,44,48
1160,69,236,234,249
460,116,45,43,46
406,427,44,45,49
61,396,42,46,49
687,358,46,45,49
822,152,46,48,49
470,98,42,42,44
1041,76,80,71,62
697,92,41,46,48
289,183,190,188,206
180,13,171,145,171
1004,325,45,45,50
87,232,207,205,227
1009,7,108,82,65
788,445,48,46,51
635,63,48,46,49
683,419,45,42,47
951,221,46,47,49
39,59,106,95,105
483,284,54,54,55
629,59,46,44,48
218,47,204,190,213
685,85,44,45,48
1189,456,236,234,252
64,395,46,45,48
123,296,36,35,35
944,348,47,45,48
423,302,44,44,47
611,259,47,47,49
638,458,189,196,215
128,44,164,148,167
227,273,209,203,225
933,171,50,45,54
906,486,125,116,66
463,387,51,47,53
615,471,175,174,177
1093,65,246,247,254
715,231,160,149,170
1030,346,48,49,53
1014,213,47,48,51
488,124,43,44,47
453,261,236,234,255
349,13,41,36,34
866,225,237,238,255
689,102,43,45,49
122,56,152,139,161
265,378,45,44,47
399,159,41,42,48
1055,409,49,50,52
504,259,223,220,244
765,248,240,241,255
15,251,34,28,28
481,317,47,47,51
649,69,41,43,47
737,227,239,240,255
83,255,217,214,236
85,258,215,215,237
438,327,42,46,46
568,277,47,44,51
580,340,44,44,49
993,60,104,89,75
290,459,83,77,53
530,257,230,227,249
304,271,42,45,46
76,337,37,36,37
1022,215,49,47,52
986,6,122,90,67
1100,331,240,239,255
186,159,35,34,36
1178,212,237,236,254
654,364,45,45,47
810,200,46,48,52
1183,315,238,235,254
698,112,45,46,51
179,496,43,44,50
106,285,38,31,38
330,262,206,208,230
518,73,39,34,34
580,363,44,44,46
341,399,40,42,45
9,319,35,40,39
202,467,47,45,47
322,218,194,193,213
1021,292,49,49,52
1122,45,231,225,244
583,434,42,43,46
661,264,46,47,50
442,297,44,45,46
439,438,13,19,19
115,312,31,33,33
699,152,42,44,48
1020,125,47,49,52
1063,138,50,50,53
1011,275,45,46,52
824,296,47,46,50
1167,75,238,234,253
312,358,45,43,45
258,330,42,43,45
917,143,43,47,50
894,276,50,48,49
797,389,44,44,49
1030,420,45,47,50
971,489,49,46,51
1103,478,234,231,248
153,450,47,46,52
327,496,130,131,149
135,36,140,121,141
1134,210,230,227,243
709,167,43,47,49
5,321,41,39,42
379,407,40,44,45
811,422,47,45,48
184,413,44,44,47
380,227,210,210,235
49,481,48,46,51
627,305,44,43,46
627,138,47,44,46
715,241,233,236,255
170,240,50,45,52
871,265,239,238,255
924,469,50,49,52
1013,433,47,45,52
472,418,42,42,49
29,452,50,48,53
603,124,42,47,46
141,392,44,44,45
342,158,35,38,38
474,280,45,50,52
41,171,174,33,42
1060,150,49,49,52
231,197,184,182,201
53,192,82,65,66
23,438,50,50,49
295,6,210,213,232
1190,118,240,237,254
760,185,48,49,51
759,355,47,45,50
881,3,75,66,66
1004,435,47,47,51
1190,133,240,235,254
628,331,46,43,47
991,278,46,45,53
511,78,33,31,31
908,430,64,50,47
567,222,231,233,255
108,74,145,129,148
168,73,145,134,156
618,195,234,235,254
49,184,176,34,42
512,290,45,44,47
330,280,41,43,45
473,364,46,44,46
953,447,49,47,52
820,42,53,52,56
570,476,112,103,84
637,477,180,181,200
1060,207,52,50,54
1173,301,238,235,253
181,411,40,46,45
188,239,196,192,212
953,29,85,65,58
212,285,44,42,51
1058,35,112,101,89
999,309,40,48,51
819,242,233,237,239
859,207,49,48,52
52,380,43,44,47
965,199,47,47,51
863,314,46,47,53
253,92,39,34,39
1083,269,49,52,59
689,339,46,45,48
275,121,31,26,28
112,499,44,47,46
1111,35,238,234,253
287,81,35,26,32
1063,167,51,50,55
497,268,57,51,67
995,245,42,49,50
594,204,224,233,249
458,379,49,48,48
967,385,46,47,47
587,203,216,218,220
340,134,33,31,33
570,400,42,40,45
1117,450,234,229,247
170,141,37,43,48
941,165,45,49,50
806,262,229,236,255
23,324,40,39,40
149,148,136,127,151
475,371,44,44,46
1066,91,77,66,61
912,113,50,47,51
118,12,120,115,120
1016,14,106,84,64
800,130,45,47,48
1134,215,232,228,244
984,362,45,47,53
162,249,205,202,226
697,419,46,42,46
1084,383,154,138,135
767,69,43,48,51
255,92,37,34,39
1016,343,50,47,50
327,57,34,25,26
1092,201,244,241,253
234,243,48,44,53
575,448,129,121,123
247,271,204,204,226
393,344,40,44,48
982,417,45,47,50
133,339,34,36,37
99,168,36,27,35
221,210,86,84,105
362,27,34,29,29
1154,487,233,229,244
389,313,41,44,47
423,19,40,33,32
672,136,45,46,50
873,14,100,94,90
304,265,205,202,221
759,418,48,46,46
518,367,39,41,43
1160,188,235,235,252
178,276,208,208,231
552,280,46,45,46
397,185,210,208,230
13,343,39,45,41
491,270,51,52,54
549,22,47,47,48
204,104,158,160,174
1100,235,239,237,255
1101,60,237,237,255
628,163,46,46,50
1108,51,233,231,250
1092,185,230,218,186
279,337,43,44,47
1105,340,237,236,255
239,127,34,28,26
291,3,120,118,140
890,31,110,107,107
598,115,44,44,49
802,2,54,52,55
390,111,38,36,37
672,435,44,42,46
1082,81,59,58,59
60,439,48,48,50
1069,119,53,52,54
416,424,45,44,45
257,56,89,89,109
132,224,193,190,213
919,295,46,47,49
194,336,42,44,46
122,135,36,28,33
203,171,189,184,201
434,126,41,40,47
1101,498,233,230,250
548,217,231,230,252
880,401,46,48,49
1151,372,236,233,246
992,284,50,46,50
986,66,97,84,76
396,149,43,41,43
533,337,46,43,48
148,331,37,37,44
247,170,190,184,204
434,330,41,43,47
598,374,43,44,46
1002,284,47,48,53
963,371,46,46,52
805,442,47,48,50
508,183,214,216,235
897,398,44,45,49
896,22,90,84,79
1135,453,227,226,241
829,312,42,45,49
266,230,77,75,95
621,349,44,44,48
899,105,46,46,52
1028,399,48,48,50
1041,19,110,83,66
1064,276,198,202,237
503,242,79,66,103
643,186,238,235,255
1117,41,232,230,247
949,51,73,60,56
635,269,45,44,46
259,289,46,42,44
309,41,45,39,44
221,322,44,44,47
795,406,76,65,93
986,77,63,57,58
322,203,91,80,94
811,215,241,238,255
296,287,43,44,49
1036,378,46,46,53
291,77,33,30,32
1077,169,53,51,57
127,316,32,33,34
1020,347,43,45,47
1024,49,100,80,62
42,287,35,32,33
1166,341,240,236,252
871,12,96,91,89
950,202,45,46,49
854,286,48,46,47
1025,193,49,48,54
567,235,233,231,255
709,329,48,44,49
210,69,39,30,33
774,106,45,45,49
958,147,47,47,52
1106,415,239,237,252
322,483,104,99,104
620,473,187,186,199
895,331,48,47,50
1099,327,240,240,255
249,110,33,31,32
75,183,111,100,137
297,353,43,43,45
113,195,221,219,246
178,341,39,40,44
1093,17,148,149,148
682,46,46,48,51
923,188,44,47,51
213,18,166,84,104
94,171,39,30,38
500,78,47,43,47
303,340,48,44,45
701,254,46,46,49
588,4,92,83,59
651,60,47,44,49
1149,214,239,232,249
289,461,95,95,65
677,112,45,44,48
516,402,36,40,43
427,299,42,45,49
1036,174,51,51,55
945,187,49,45,51
373,499,62,58,54
621,29,52,49,51
940,309,47,47,50
673,48,48,46,50
95,36,177,176,196
1146,203,231,230,247
535,20,59,52,48
71,388,44,44,45
78,432,46,48,48
124,152,211,202,225
629,94,46,43,49
693,421,44,45,46
218,91,163,158,174
830,304,42,45,51
1060,323,47,50,51
1148,219,236,233,251
990,53,99,74,59
894,118,45,48,52
1139,61,232,229,242
116,310,37,32,35
1030,93,48,50,52
290,285,41,44,46
353,306,43,45,43
395,264,217,217,240
188,418,43,44,47
1049,195,49,51,55
222,265,207,203,224
997,469,50,48,52
806,337,45,45,51
289,374,41,44,47
206,462,46,45,47
1074,197,50,52,57
1024,276,45,49,52
6,83,127,120,127
379,42,30,24,30
1054,78,64,58,59
1112,325,231,229,246
264,376,44,41,50
960,246,45,47,48
37,135,156,24,34
433,450,90,88,97
190,171,190,189,206
74,10,228,228,249
897,370,44,45,50
210,491,48,46,45
1122,124,227,227,244
961,309,49,47,47
881,393,44,45,48
809,373,44,46,50
4,67,27,21,25
1046,142,48,51,52
339,235,205,203,222
130,110,164,32,43
1093,404,244,241,255
56,112,152,21,29
763,354,43,44,49
167,65,139,126,147
176,258,206,201,224
1109,74,232,232,248
1126,268,229,226,241
1037,79,80,70,61
694,167,47,46,49
472,95,42,41,47
70,402,44,44,48
998,389,48,47,52
30,481,48,48,51
294,470,94,81,57
640,31,45,49,50
306,429,64,63,52
283,498,74,66,65
343,94,26,26,26
785,17,51,48,55
971,439,50,40,78
856,472,48,48,50
620,303,43,42,47
1070,462,176,167,88
1194,185,239,234,253
892,438,47,47,50
664,308,47,45,51
234,231,182,183,199
584,408,41,41,43
897,368,45,46,48
683,424,44,45,50
53,229,31,34,33
520,129,45,45,46
110,370,39,39,43
370,300,40,44,46
446,196,225,224,246
910,348,45,46,50
803,198,45,47,48
803,397,44,45,45
592,285,46,43,47
680,148,45,45,48
994,155,45,48,51
308,153,37,30,35
275,94,35,26,28
561,439,156,152,164
1031,446,50,48,53
0,3,230,227,250
213,289,45,39,47
996,179,45,48,53
977,322,43,47,46
197,490,48,46,47
239,346,43,44,47
899,377,43,47,47
1049,2,179,179,182
945,454,56,51,109
470,134,45,43,46
65,307,38,35,37
228,78,103,104,124
621,457,118,114,141
449,40,47,41,44
487,458,168,171,184
745,271,50,49,54
169,243,161,156,169
749,342,45,46,48
901,34,92,80,77
585,124,43,44,46
414,137,43,41,42
515,216,219,219,241
405,274,46,48,59
869,392,43,46,49
801,37,52,51,55
610,196,234,232,255
650,378,43,44,45
904,292,46,47,48
835,164,48,48,49
807,55,46,47,51
788,64,45,45,52
173,370,41,42,45
941,479,48,49,52
563,483,160,155,151
1015,498,48,51,55
316,55,32,29,28
703,417,44,45,44
340,7,43,38,42
367,132,33,35,37
206,160,37,29,32
700,110,46,47,46
66,200,113,113,114
21,436,45,49,49
723,91,43,47,48
208,64,33,27,29
748,101,47,47,48
130,289,41,35,38
357,276,41,45,47
526,495,104,99,72
84,112,152,28,33
53,278,34,28,29
572,473,116,110,93
988,349,43,46,50
1132,69,232,228,244
855,411,44,45,47
977,366,47,45,48
752,26,53,50,53
655,456,63,55,53
840,153,43,47,50
865,121,47,46,52
74,490,59,56,64
468,227,222,221,242
947,365,47,48,50
980,489,49,50,52
688,247,45,48,52
895,378,42,46,48
1190,141,240,238,253
106,246,216,215,237
862,492,104,102,65
117,330,36,33,39
338,181,193,188,208
1190,381,240,238,255
509,280,46,45,50
193,356,40,42,46
147,312,36,37,39
1044,42,87,75,62
172,209,189,185,208
1031,199,49,46,53
404,423,39,44,44
1149,397,233,229,242
543,90,45,42,49
456,344,30,32,41
1008,352,46,47,48
308,132,31,27,30
1003,245,47,47,51
15,30,227,222,248
417,288,44,44,49
877,93,46,47,53
439,434,24,21,27
749,10,49,49,54
369,214,202,202,224
393,68,28,27,32
141,212,198,194,215
57,447,52,48,52
765,494,159,154,167
291,402,40,41,47
8,477,50,49,49
859,1,97,92,89
341,384,41,43,45
903,113,44,46,52
267,63,46,48,52
153,29,165,148,172
559,126,43,43,47
322,381,43,44,45
1192,169,238,237,252
395,342,41,44,48
108,279,43,38,37
1143,496,228,224,244
544,205,209,207,236
1025,105,49,48,52
954,170,45,46,52
422,92,41,40,40
656,245,45,48,51
389,68,29,28,25
776,60,43,47,46
455,52,37,38,41
846,409,46,46,50
826,241,91,93,148
225,38,40,31,35
189,9,179,142,159
802,428,45,47,52
965,103,49,48,52
556,424,44,43,47
154,88,155,143,162
774,218,238,238,255
643,269,46,43,48
735,199,244,238,255
208,44,167,36,46
940,54,127,108,88
1134,205,230,230,246
1104,304,234,234,252
631,219,235,234,255
891,364,46,46,50
240,255,199,197,217
864,184,46,47,53
1097,213,248,245,255
280,209,183,183,201
647,432,45,46,48
372,427,45,44,46
793,55,46,46,50
1009,55,96,75,61
690,493,118,92,64
515,268,53,48,58
142,328,34,39,38
832,455,44,45,51
706,67,43,45,47
484,476,130,129,125
596,371,45,44,47
131,190,181,181,204
493,258,215,217,229
894,495,174,158,88
1018,429,47,46,50
674,79,48,46,51
988,46,104,77,62
877,264,238,235,255
565,82,43,45,46
1010,300,41,48,50
764,92,48,46,49
161,71,143,129,147
729,494,157,151,160
359,416,41,44,45
426,168,42,42,47
909,200,47,49,53
503,53,41,43,46
204,486,49,45,49
217,365,41,43,45
695,311,42,45,46
140,465,50,46,49
601,166,45,44,48
972,130,47,47,51
442,346,44,45,48
404,389,41,42,45
212,199,86,78,86
837,367,46,47,50
90,494,47,45,46
1199,240,239,235,254
61,273,31,32,31
329,337,41,43,45
856,236,228,230,240
185,306,40,41,42
446,355,43,49,49
312,107,34,24,27
938,476,46,45,51
927,94,49,47,51
306,114,27,29,24
107,35,194,191,211
517,479,111,105,79
1043,257,49,49,55
325,345,45,41,46
554,141,43,44,47
795,373,43,45,50
1048,437,51,46,53
936,146,46,49,51
481,140,43,45,48
769,52,47,48,50
401,400,42,42,46
286,485,66,66,55
359,314,43,45,48
386,162,41,42,45
226,197,186,183,203
704,346,46,47,52
604,400,43,44,46
333,84,32,28,28
496,277,45,44,48
1159,451,235,233,248
979,290,48,49,52
641,450,195,201,224
748,117,43,47,48
994,182,48,46,51
982,322,45,46,47
746,193,74,72,116
38,491,81,71,58
652,324,43,42,48
961,25,93,71,59
237,395,43,44,46
725,300,47,45,51
92,446,43,48,50
785,201,51,51,53
656,155,44,46,47
595,28,50,49,50
7,22,226,222,247
369,86,31,28,31
406,89,39,34,36
313,319,45,44,45
391,328,44,43,46
74,369,40,42,42
490,202,95,92,102
1198,456,236,234,249
933,290,46,44,49
435,421,61,58,59
943,370,48,45,49
1116,52,231,231,247
1052,480,49,49,51
557,61,44,44,46
87,456,46,48,51
364,317,42,44,43
851,324,47,45,49
769,190,50,47,53
27,80,115,106,113
891,80,48,49,51
1181,450,239,235,252
71,0,64,62,69
1069,86,70,66,62
906,178,47,46,53
845,414,46,46,50
127,463,50,47,52
556,325,45,44,46
433,356,44,44,43
464,417,48,46,49
0,94,131,17,27
1134,67,231,229,242
854,184,49,48,52
502,38,87,64,51
979,461,74,70,99
603,340,45,44,45
19,294,37,32,34
93,331,35,34,37
344,192,195,194,213
6,185,91,94,97
296,205,188,184,207
188,4,153,24,36
791,395,47,47,50
978,342,45,45,51
653,42,45,48,49
468,316,42,41,43
566,240,232,232,255
1173,157,239,235,254
486,461,178,181,201
570,490,150,144,133
13,316,38,39,38
366,444,100,95,87
504,107,15,18,19
15,278,37,34,36
453,307,47,48,50
928,446,114,120,107
433,363,46,46,46
564,161,47,43,49
675,429,42,45,48
285,438,82,80,52
890,104,43,47,50
546,168,47,46,49
919,12,146,95,68
347,217,202,199,221
480,131,44,44,45
455,313,47,48,54
605,110,43,45,49
1168,137,237,237,253
563,34,42,45,45
553,129,45,45,45
56,131,151,26,36
549,236,232,229,254
322,98,28,25,26
933,34,107,72,63
653,257,40,47,50
440,383,47,46,49
1163,25,234,236,251
1008,480,47,49,49
391,194,204,208,227
58,200,119,123,136
116,42,196,191,207
6,211,35,31,34
490,9,103,79,55
545,93,42,45,45
674,25,49,51,51
337,210,194,195,212
364,315,45,45,47
476,242,35,30,35
719,448,47,46,51
1185,200,241,236,250
769,46,49,48,54
283,278,45,43,49
1150,91,236,232,249
485,473,126,127,111
619,130,42,45,49
38,270,28,29,31
556,231,200,200,229
610,47,45,46,48
1187,179,236,237,254
432,282,48,48,51
177,293,37,40,43
512,161,49,46,49
17,487,51,53,54
796,481,156,152,165
989,423,46,47,49
115,391,43,44,47
1129,39,230,226,242
484,226,105,100,120
795,464,46,48,52
795,491,164,159,174
668,33,48,50,51
623,315,47,44,48
1199,194,239,237,252
591,125,46,44,49
643,460,187,194,219
47,319,38,32,35
319,400,43,42,46
935,271,48,48,47
593,359,42,45,47
899,444,169,179,216
1085,379,76,77,71
152,147,200,205,224
564,477,116,106,91
1138,128,230,227,244
790,19,49,49,52
124,35,50,34,58
377,474,59,54,54
13,45,64,63,66
624,273,43,44,49
1078,51,70,64,64
217,152,32,29,32
395,358,42,43,47
993,124,49,47,51
139,286,45,38,41
580,495,183,181,187
470,315,46,49,52
986,88,49,49,53
1016,465,44,48,51
967,39,95,70,59
491,204,157,150,160
905,449,71,69,83
1171,272,242,235,253
830,271,49,48,51
814,297,47,46,51
208,356,43,41,46
114,112,162,32,39
55,104,149,26,33
1083,1,251,249,255
1110,191,238,237,255
153,412,43,44,46
494,30,81,59,50
1049,223,47,49,53
1029,76,101,87,72
440,331,46,41,49
321,70,29,23,25
451,298,44,45,48
336,16,37,34,40
453,461,184,186,201
1194,343,237,237,252
771,326,45,44,49
1098,143,241,240,255
364,113,31,30,31
438,293,43,47,49
200,114,40,38,44
587,139,45,43,49
886,23,97,96,92
935,147,46,47,51
541,495,181,172,152
825,205,49,47,52
655,99,47,47,49
1101,31,244,241,255
3,410,45,45,49
903,360,46,45,49
623,43,43,44,48
1058,347,45,49,55
500,498,101,92,54
658,290,43,44,47
368,29,35,25,25
83,36,120,112,119
637,339,48,43,51
355,219,202,203,224
819,265,51,51,52
899,46,109,107,110
72,222,217,223,242
1156,226,236,233,250
1097,168,238,239,255
729,284,45,44,48
305,152,33,29,34
69,433,49,50,52
593,315,42,43,47
825,20,82,76,71
1196,195,242,238,255
1187,215,237,237,253
21,487,48,49,50
1174,87,237,238,251
189,260,202,202,221
705,480,121,106,76
80,479,87,73,71
216,87,177,175,194
115,285,40,37,42
690,349,46,47,48
879,35,105,102,100
722,39,62,53,53
156,351,37,41,43
341,36,37,27,27
1107,192,241,238,254
1101,79,236,233,252
837,196,49,47,51
790,353,45,47,49
151,132,141,141,163
907,140,50,47,52
273,160,38,33,34
1128,40,233,228,244
68,27,127,121,138
567,254,234,230,253
1068,15,100,78,64
627,389,43,42,43
1044,314,52,49,52
686,358,46,45,48
232,203,181,178,196
1143,282,235,231,248
203,160,33,26,30
331,426,42,45,46
220,150,36,28,29
442,83,41,40,43
149,82,160,147,169
827,292,49,48,51
616,174,44,49,49
649,23,50,48,52
1104,21,236,237,255
6,59,27,21,24
494,29,82,60,49
959,213,50,48,51
1098,210,243,243,255
584,379,40,44,46
168,372,44,41,44
237,289,45,41,48
151,312,37,36,41
204,177,191,185,206
907,17,105,82,79
226,3,171,156,179
433,43,34,33,32
199,434,46,47,48
327,294,43,41,45
1198,60,238,235,254
660,304,48,46,48
127,350,33,37,40
535,484,139,136,144
1127,391,230,230,243
388,80,36,27,28
969,195,46,47,52
79,236,54,53,61
1009,329,45,47,50
735,187,156,148,162
1126,258,229,226,244
133,108,163,32,42
879,265,239,240,255
589,165,42,46,48
1065,371,50,49,55
130,254,214,210,234
843,354,46,47,50
475,27,62,52,47
987,175,43,45,52
304,377,42,45,48
690,58,46,45,48
406,258,225,226,246
627,363,43,47,49
1005,13,117,88,65
895,47,104,96,93
772,136,44,46,48
520,347,41,44,45
381,323,42,43,44
213,184,190,185,204
72,103,153,25,31
531,473,130,129,127
1160,230,236,234,250
1134,232,231,227,245
296,486,74,75,64
756,152,50,48,53
881,204,46,47,49
477,294,55,56,62
372,179,197,197,218
25,450,52,50,53
498,251,218,217,237
961,118,45,49,53
869,259,76,58,117
513,179,218,219,237
748,100,47,46,48
31,493,65,60,56
77,221,171,185,193
578,267,233,233,254
301,53,38,35,36
1116,461,229,226,243
390,231,73,63,76
798,354,44,45,49
299,381,42,44,45
943,222,47,47,51
282,361,41,42,45
779,348,45,47,50
1046,172,46,49,51
1118,443,235,229,245
890,463,46,48,49
708,152,50,45,48
542,50,44,43,48
730,468,154,145,149
1099,224,239,241,255
665,342,42,45,45
1093,226,239,239,255
704,84,45,46,47
507,359,43,40,47
484,438,187,188,208
358,148,35,36,39
883,389,44,45,49
973,495,45,46,52
705,135,43,46,48
1185,145,240,238,253
1099,168,242,239,255
54,8,232,229,252
463,40,61,49,48
541,12,69,58,51
267,88,36,30,35
544,261,228,227,252
1120,282,232,226,244
921,88,44,48,50
1146,312,234,230,243
222,322,43,42,45
806,333,47,47,53
340,40,53,41,33
174,469,59,59,55
1041,196,45,47,52
794,77,50,46,50
837,450,49,46,53
301,145,30,30,31
716,483,154,145,156
1093,149,234,226,198
532,301,46,45,50
595,16,49,50,49
1066,32,115,105,106
1050,142,49,48,54
981,460,74,76,136
1064,287,236,235,255
831,208,50,52,55
149,259,208,207,230
175,459,58,50,53
271,230,132,129,157
416,36,33,32,32
1090,75,83,81,74
621,326,43,44,47
953,183,45,47,51
116,397,43,44,46
895,24,86,79,74
955,383,43,45,46
202,176,188,185,204
479,375,48,46,50
638,90,44,45,47
558,249,234,232,254
260,133,32,26,27
923,296,48,46,50
268,100,34,27,29
1125,146,227,228,241
974,214,49,48,51
806,92,46,47,52
280,233,137,138,153
58,419,58,56,53
485,155,44,46,49
885,358,47,45,51
539,400,38,42,43
694,231,239,237,255
421,98,40,40,43
171,157,41,34,43
730,344,47,46,52
1179,9,241,235,255
741,263,113,119,143
160,231,80,58,87
1041,125,50,49,53
1069,288,57,56,63
607,271,43,45,47
73,430,54,55,56
537,190,224,224,245
733,342,47,43,47
264,439,57,60,49
285,465,72,67,51
575,210,226,230,236
952,47,109,84,63
1157,135,236,234,250
902,54,101,99,96
349,308,45,43,46
825,106,46,46,51
387,114,39,36,39
1160,179,236,233,249
433,321,46,42,47
1068,253,50,50,53
1078,285,247,246,255
955,380,48,46,49
1193,344,239,237,252
26,424,50,52,51
577,175,48,49,52
450,314,40,44,49
1014,30,102,77,61
423,333,45,44,45
860,489,137,130,87
362,218,202,201,224
249,183,192,185,204
1098,264,241,237,255
59,454,47,48,49
910,186,46,48,52
58,9,233,227,255
777,144,43,47,48
196,241,195,192,213
806,196,50,47,52
1162,220,233,236,250
345,13,43,37,39
398,218,203,203,217
467,168,42,46,44
195,269,209,205,230
636,348,45,45,45
430,68,41,37,40
60,487,87,83,76
1026,83,86,75,63
458,158,43,43,46
272,299,43,42,46
732,274,46,47,52
101,452,50,46,51
358,193,199,198,220
45,369,44,41,47
1139,226,228,228,243
345,496,56,55,51
34,51,139,129,148
375,262,213,213,235
936,154,45,47,52
216,60,39,33,33
207,123,36,35,40
963,425,47,47,48
747,123,46,48,51
232,89,39,37,46
697,158,44,46,50
126,303,39,33,37
1133,318,228,227,241
301,326,41,42,45
673,195,238,237,255
338,110,30,29,28
651,441,41,44,45
368,324,43,43,45
454,46,39,38,39
741,157,45,47,51
569,397,40,46,47
72,79,55,49,52
813,437,45,46,50
215,206,179,177,198
848,74,44,48,52
597,164,44,45,46
712,492,149,143,144
352,80,31,25,28
893,86,47,48,51
192,27,176,118,143
825,484,168,164,176
558,410,46,42,46
64,80,35,27,29
354,279,45,45,49
180,415,45,46,48
211,491,44,46,46
357,493,69,64,52
900,270,240,236,254
937,498,177,159,87
821,108,44,49,48
791,16,50,50,53
517,161,48,45,49
500,57,43,42,46
756,285,47,47,49
433,22,34,31,33
321,150,36,29,37
598,267,47,46,48
518,459,161,159,171
203,243,98,79,94
1060,22,95,77,61
518,185,221,219,244
576,465,114,104,96
310,252,201,200,219
917,227,77,84,139
169,421,55,50,50
519,257,227,226,246
1177,325,234,234,253
1155,433,233,232,244
388,410,41,42,45
51,72,44,32,32
261,310,43,43,43
16,438,50,49,52
121,69,155,139,161
506,37,88,63,52
1072,174,49,51,57
1053,256,48,51,54
1163,17,238,235,251
838,364,48,47,51
495,225,76,68,68
684,325,44,46,49
887,377,47,46,48
287,24,181,184,201
531,455,154,151,158
996,140,48,48,50
984,35,108,80,63
1110,212,232,235,251
809,191,49,46,52
436,420,86,84,83
1076,295,54,54,59
752,149,43,46,47
1124,369,229,228,243
636,103,45,45,49
893,246,240,240,255
63,402,46,44,45
599,307,46,43,50
1028,219,51,48,53
609,485,191,188,201
217,129,38,33,35
602,236,236,235,255
916,335,46,46,51
829,299,43,48,49
442,372,47,45,55
1072,443,51,52,56
431,363,45,43,47
330,457,94,86,66
125,434,50,50,50
786,474,168,163,173
185,357,43,42,45
871,19,98,93,91
1106,343,241,236,255
1063,333,50,48,54
318,245,202,201,222
1105,343,243,236,255
669,130,46,47,50
1115,99,231,231,247
793,425,41,46,48
473,429,59,53,52
1164,427,232,233,248
1125,415,232,228,246
39,105,32,31,38
706,53,44,47,50
876,489,178,162,104
194,95,117,118,136
600,287,43,45,48
1066,139,49,50,54
331,348,45,43,45
1185,439,236,234,251
1011,397,48,47,50
753,232,141,139,103
828,326,48,46,51
321,477,107,104,110
558,326,43,42,44
703,221,175,176,222
799,405,45,45,49
301,153,34,35,36
1105,125,238,236,254
336,202,189,189,207
592,200,74,66,86
852,25,92,90,84
368,277,46,46,50
700,415,43,44,48
70,380,43,41,43
706,97,46,45,50
376,189,200,201,222
583,233,232,232,255
736,411,45,45,45
661,373,44,44,45
357,495,68,62,52
314,285,43,44,45
1072,144,50,51,54
128,22,33,30,32
369,161,38,38,43
933,359,50,47,53
290,23,151,152,174
294,413,44,45,46
83,152,162,31,37
38,445,53,48,50
124,117,161,33,37
1090,416,246,245,254
1160,126,236,234,250
420,285,48,47,49
15,70,110,98,108
124,286,37,32,37
922,380,44,47,50
656,95,43,44,49
736,449,50,47,50
16,295,33,34,38
692,286,47,47,51
454,129,39,43,42
1024,229,49,47,53
847,25,89,89,82
672,498,106,80,58
498,244,65,59,77
1187,406,236,236,254
43,183,175,35,44
1182,317,239,234,255
766,375,44,46,48
470,184,47,47,52
831,499,158,157,153
128,368,46,40,43
996,103,45,48,54
1138,247,230,226,240
1137,88,228,228,242
799,328,48,45,50
455,307,48,46,49
17,220,31,29,32
1149,48,237,232,247
846,29,90,86,81
1001,191,47,47,51
537,278,46,46,49
992,370,49,45,53
287,16,211,214,235
1067,224,52,50,55
612,367,42,42,47
107,338,34,33,37
564,446,139,135,142
788,289,47,45,50
1001,208,49,49,51
1110,226,232,233,249
755,308,45,45,50
951,68,103,100,98
873,361,46,48,49
495,446,172,173,191
871,13,95,92,91
30,82,108,99,104
872,289,48,47,49
836,127,42,47,52
1012,349,48,46,51
1157,0,237,235,252
408,470,67,63,55
174,83,36,30,33
438,264,233,233,254
53,308,36,30,31
935,358,44,48,48
947,132,46,47,50
751,230,60,63,65
868,461,49,49,52
1151,148,234,231,248
883,189,46,47,51
192,284,63,55,79
659,221,221,223,255
5,493,56,52,52
1142,434,230,225,243
196,60,95,37,43
660,31,48,48,51
656,123,46,47,48
162,275,211,210,233
1148,358,231,229,247
491,479,113,109,71
486,366,48,45,47
203,64,37,29,34
127,360,39,40,43
532,254,227,226,248
423,92,40,38,39
1132,6,231,229,245
289,286,40,43,45
224,151,32,28,30
298,58,36,30,37
1101,81,234,233,251
994,446,100,109,156
978,183,46,47,52
1151,337,237,231,249
418,29,35,31,31
726,401,118,116,101
1059,319,50,51,55
994,293,46,49,48
523,195,223,222,243
575,1,51,47,51
864,321,44,44,48
647,195,241,238,255
896,138,47,49,52
959,146,50,48,53
1084,184,251,250,255
42,365,42,42,43
167,405,43,44,47
531,327,43,42,48
342,291,45,44,47
1092,409,244,241,255
759,211,240,240,255
1062,47,110,107,111
714,155,44,45,50
986,432,47,46,51
542,361,45,43,47
760,320,45,48,47
1037,8,102,81,63
313,102,31,26,27
721,210,240,239,255
906,196,47,48,53
842,491,160,150,103
65,12,234,229,253
670,485,108,81,62
243,296,44,42,46
717,336,48,45,49
975,71,77,66,61
594,382,40,45,45
222,377,42,42,47
998,13,126,97,69
111,384,42,42,45
49,256,35,30,34
672,154,48,46,49
337,31,40,33,34
235,338,43,43,45
307,32,46,47,52
1000,208,50,47,50
1049,370,46,49,52
1090,230,236,241,246
1038,101,48,48,52
616,455,189,193,209
1137,271,231,229,245
21,66,146,146,162
141,23,151,136,159
969,181,47,46,52
1083,103,59,59,62
779,239,67,57,67
148,401,40,43,45
391,482,93,89,86
1123,58,229,226,243
900,396,44,45,50
321,228,194,192,215
179,288,42,40,44
64,256,34,35,37
1099,149,246,244,255
366,85,30,27,31
320,124,33,27,28
499,482,126,116,68
874,103,45,48,51
1116,486,227,227,243
553,448,144,138,145
158,364,38,42,43
1123,10,232,226,245
386,24,54,41,36
709,373,48,45,47
587,278,41,45,45
311,353,42,43,46
536,31,43,43,45
1124,424,230,227,242
1124,471,226,225,240
993,45,112,85,66
443,135,38,41,46
1126,306,230,226,244
1107,356,235,234,252
513,123,48,49,50
621,482,179,176,189
328,499,136,134,149
658,130,44,45,48
707,270,48,46,51
562,243,230,231,254
354,122,36,32,33
377,29,35,27,31
602,375,39,42,44
28,83,113,104,108
1035,283,51,55,53
1114,16,236,234,250
891,406,45,47,49
994,441,158,152,164
232,379,42,44,45
410,328,43,42,45
1051,393,47,49,51
972,370,48,46,49
477,409,41,43,43
898,288,45,47,51
810,36,51,52,55
299,232,191,189,209
424,309,45,45,47
371,352,43,42,44
536,463,134,128,139
424,268,227,228,250
740,165,46,48,51
50,260,34,32,34
806,115,44,48,49
1127,303,231,225,241
976,491,46,48,51
939,195,49,46,48
80,245,99,92,124
501,101,60,58,60
274,433,65,61,50
873,113,50,46,51
512,370,43,42,48
936,487,46,49,50
147,281,213,214,236
842,109,48,47,49
1063,448,52,50,55
870,487,158,147,84
1107,77,232,233,252
167,2,160,142,165
273,63,47,45,50
203,358,43,43,49
674,326,45,46,46
600,157,45,44,50
793,58,48,47,51
952,415,46,47,51
1055,126,48,51,53
353,334,44,41,45
447,240,165,159,169
809,129,50,50,50
775,65,47,46,52
679,153,46,45,50
79,351,37,38,42
829,383,44,46,49
503,102,54,52,59
59,65,47,40,42
1172,454,237,232,247
93,194,248,245,255
1003,21,124,93,69
171,142,39,40,46
110,306,36,32,33
36,344,40,38,39
405,346,44,44,43
546,64,45,44,47
577,426,44,43,44
82,272,39,32,36
103,246,218,214,239
980,375,50,46,49
963,262,50,46,53
381,465,88,78,66
308,243,197,197,219
896,257,240,237,255
263,138,28,24,25
62,286,34,33,36
800,304,43,44,49
72,205,111,116,134
764,424,50,44,51
1042,255,47,49,51
987,161,51,49,53
91,462,82,78,70
529,427,44,42,46
90,323,37,36,38
138,102,163,139,157
1197,292,238,235,251
940,241,47,49,52
316,315,43,42,46
696,387,48,44,49
790,439,48,47,48
64,422,84,88,74
635,284,44,45,48
230,282,204,204,228
666,119,44,46,49
342,410,42,46,50
180,425,51,50,53
574,176,52,48,54
1102,46,238,233,253
765,370,42,45,49
751,26,51,50,53
197,485,46,45,45
230,482,52,51,50
618,75,44,43,47
191,9,164,90,113
545,420,43,46,46
293,20,160,163,186
1171,231,236,235,250
778,184,47,47,50
399,457,90,84,95
1138,135,232,228,245
667,57,46,45,50
2,229,32,29,29
555,424,39,42,45
702,58,51,46,52
545,46,42,44,46
965,68,67,61,59
123,193,215,216,242
197,415,44,43,44
123,353,36,38,40
82,399,42,45,44
588,135,43,44,47
1139,218,231,229,245
155,1,32,29,30
439,92,43,40,45
158,213,194,191,211
194,469,46,45,50
375,23,35,27,28
658,455,64,57,53
1127,140,232,228,245
146,407,46,43,46
798,392,51,47,48
1036,145,49,48,52
1183,283,239,235,252
950,335,49,48,51
59,391,42,41,48
757,385,43,44,45
221,403,44,45,47
1049,452,49,45,53
404,220,214,214,236
327,420,43,44,46
250,153,33,27,26
430,53,36,34,37
600,493,178,177,190
1191,67,239,235,253
113,42,196,196,213
1040,293,237,236,255
108,9,115,111,119
698,221,237,236,255
883,342,48,46,51
14,482,53,49,50
984,78,66,58,59
88,369,37,40,41
1032,108,48,50,53
1198,11,236,235,252
18,344,37,40,43
671,152,47,45,52
141,468,47,48,51
898,307,48,46,45
1097,234,237,235,254
1086,164,59,60,63
577,113,46,44,46
395,438,199,204,221
344,102,32,28,29
255,67,38,41,45
311,423,39,41,45
609,43,44,45,48
208,337,41,43,46
31,355,41,42,46
930,415,50,47,50
77,290,37,29,31
234,61,165,161,187
642,1,53,52,53
228,209,171,172,185
414,254,227,226,249
680,388,49,54,51
379,498,77,71,55
212,143,35,28,30
726,169,47,47,51
926,88,52,48,54
989,180,45,48,50
565,287,41,46,45
292,228,190,189,211
959,226,49,45,52
285,263,203,201,225
481,391,40,40,46
1032,174,49,49,54
824,491,160,156,157
737,401,107,117,124
151,487,39,44,47
127,142,35,27,30
1116,322,234,230,248
741,405,47,49,50
558,439,150,146,157
513,197,61,52,72
80,34,117,109,117
827,475,159,164,171
682,89,47,47,51
235,216,190,186,209
142,251,211,209,231
292,462,77,71,54
637,377,40,44,44
729,148,49,48,51
567,157,46,43,47
33,428,46,51,51
592,335,41,41,45
1127,400,228,229,242
960,313,47,46,50
363,39,31,27,26
615,305,43,44,48
816,421,46,48,52
1153,376,234,233,247
558,83,43,42,47
992,38,113,87,64
444,213,226,226,249
438,304,43,43,48
893,189,47,47,45
1140,324,235,230,245
583,43,43,46,46
1144,116,232,232,247
677,43,45,46,48
151,174,208,206,232
891,430,52,42,80
1170,376,235,235,252
139,11,192,188,211
96,119,170,101,117
731,165,45,46,50
713,405,49,46,48
727,286,41,47,47
518,292,43,43,47
995,430,48,46,50
1151,420,232,230,249
579,16,94,83,63
414,301,44,43,47
285,443,59,57,52
553,218,230,230,251
332,341,40,44,46
1019,333,46,46,53
308,428,64,65,51
488,184,36,32,38
97,254,213,213,238
470,133,47,42,48
859,450,47,45,48
3,476,49,49,50
237,116,34,29,32
620,350,46,45,47
262,38,207,210,230
1155,92,236,232,251
133,285,43,37,42
889,210,47,47,53
299,485,78,77,70
140,467,46,48,51
330,394,45,45,48
64,463,47,49,49
335,383,41,44,48
901,271,240,240,255
624,73,42,46,51
1074,277,195,183,152
98,381,44,40,44
1060,227,51,50,54
1112,185,235,236,253
277,32,111,110,125
1033,337,49,48,56
232,42,34,28,31
614,162,45,45,47
1171,23,238,236,251
265,360,41,44,43
464,124,42,43,44
867,44,103,97,93
980,131,52,47,52
1062,328,49,49,52
230,479,48,49,49
1128,422,231,228,246
271,27,181,186,204
982,368,46,48,53
974,130,49,46,53
45,154,163,27,36
282,30,131,131,151
435,432,80,82,93
443,265,232,232,254
712,491,150,142,143
800,480,162,162,173
567,302,42,43,46
54,338,36,37,41
819,188,47,47,50
858,202,45,46,51
934,26,88,65,57
176,452,50,49,49
145,268,213,212,235
337,49,29,23,24
450,458,165,160,172
71,4,137,128,144
888,157,49,48,52
292,70,36,29,34
433,330,42,45,48
676,24,50,49,52
704,427,41,43,46
730,128,44,46,50
890,129,47,48,53
635,419,43,43,46
490,14,69,54,45
677,287,42,44,49
4,404,50,46,53
1140,177,231,229,247
679,467,107,83,58
696,219,237,238,255
953,85,49,48,51
886,389,46,46,49
751,123,47,47,51
6,139,166,24,33
553,304,45,41,45
747,128,45,47,49
898,242,241,236,255
1058,445,46,50,50
751,312,44,46,48
408,163,43,42,42
14,203,32,27,31
243,326,42,43,46
375,464,81,70,68
605,18,46,48,51
871,111,47,49,51
827,466,49,49,48
1010,30,99,78,60
61,240,30,31,35
770,395,47,46,50
687,143,44,45,47
605,122,42,44,46
114,45,183,171,192
873,337,47,45,48
552,345,45,42,46
471,469,182,181,196
31,250,36,30,32
1122,150,230,228,246
511,335,43,44,48
864,17,95,95,89
1143,307,234,232,246
95,466,89,84,81
801,172,48,48,50
120,232,192,194,208
0,88,135,119,123
363,228,206,205,227
734,105,44,46,48
85,225,54,54,62
554,327,41,44,47
852,191,43,46,48
262,411,45,46,49
1063,345,50,50,54
1106,21,235,235,255
46,314,40,35,37
308,366,42,44,44
104,257,214,214,236
487,103,42,42,43
1118,254,228,227,246
258,168,189,188,205
369,449,148,134,147
1018,409,48,46,52
949,479,45,47,49
1036,166,50,49,53
1161,186,238,234,253
462,164,41,43,46
505,193,160,158,153
370,492,71,60,51
717,66,48,45,49
687,62,50,46,47
994,197,45,49,54
784,30,49,49,52
1024,18,108,84,64
1186,357,238,236,254
141,309,31,33,34
450,395,25,26,26
569,175,51,46,52
769,441,46,47,50
240,108,34,33,34
963,333,47,47,50
620,73,48,48,50
932,79,48,49,52
986,234,45,48,51
391,271,196,197,231
282,226,187,186,205
854,276,50,47,53
9,98,136,24,31
984,279,49,46,53
137,346,37,37,42
684,312,42,47,50
697,212,240,237,255
748,409,97,113,135
980,268,49,48,50
1104,51,236,234,252
582,381,45,45,47
1190,149,243,237,254
56,77,35,32,33
99,318,32,34,34
771,64,48,46,50
1025,74,99,88,71
85,419,51,53,53
966,158,47,48,53
1193,146,239,238,253
230,484,53,54,50
894,36,107,102,104
389,31,40,31,29
992,70,85,71,62
1150,392,232,231,243
545,267,224,227,254
891,454,48,46,51
74,122,155,22,32
63,393,47,45,48
905,300,44,47,49
1133,390,225,227,244
702,33,51,52,54
406,173,44,44,47
772,424,47,48,50
52,266,39,31,33
353,418,42,42,44
711,183,71,69,82
894,198,45,48,51
457,481,187,189,209
178,14,166,145,169
602,162,41,45,50
1019,187,50,47,53
754,129,49,46,48
76,320,38,39,40
307,474,132,121,106
668,19,49,48,52
692,310,42,44,48
1041,261,47,48,53
361,234,60,51,67
522,354,45,41,48
892,15,81,73,68
859,78,48,48,51
832,364,46,45,50
214,129,37,34,39
357,181,196,195,218
336,292,43,44,46
729,201,238,236,255
784,352,44,44,49
251,76,46,46,53
172,67,143,132,151
849,333,44,46,49
461,69,43,40,44
1183,117,240,237,254
442,54,39,37,40
625,452,152,157,184
813,288,48,47,50
185,345,45,39,43
435,380,45,44,49
706,319,47,45,49
734,388,42,44,46
1110,176,239,235,255
95,130,158,30,34
130,109,165,29,44
928,348,43,47,50
439,411,70,71,83
701,28,49,50,54
1083,115,93,91,121
408,43,30,26,25
665,110,45,44,49
152,453,48,47,51
458,381,51,50,49
677,366,42,44,49
98,266,41,35,34
420,219,225,222,243
325,427,47,46,46
1141,422,232,228,241
836,187,48,48,52
616,87,43,45,49
620,11,47,49,49
201,142,34,31,38
966,120,48,47,50
1052,128,52,48,55
805,425,45,46,51
1159,439,233,230,248
124,421,50,48,52
679,464,108,80,59
1164,327,236,234,251
5,135,163,23,34
589,325,44,44,47
83,14,90,85,95
581,128,44,44,47
1108,44,234,234,250
1126,274,228,227,242
328,419,44,42,47
224,184,188,183,202
82,194,125,125,142
470,333,53,54,56
200,227,194,190,211
678,12,53,49,55
1060,291,51,50,57
5,119,150,22,34
945,470,41,47,48
872,114,51,47,52
54,27,75,85,88
138,441,48,48,50
926,230,46,47,52
255,389,42,43,46
73,406,43,42,46
712,172,42,46,52
36,177,177,33,43
43,158,166,28,34
491,464,165,165,179
920,302,43,44,47
167,180,199,192,215
223,294,42,42,44
213,431,50,46,47
654,491,95,71,53
636,464,112,111,124
797,384,46,46,49
1177,50,237,238,252
406,397,39,44,46
302,367,42,44,46
714,393,69,61,53
1139,300,230,228,243
266,377,44,42,46
2,447,54,52,54
112,43,195,193,211
981,243,48,44,55
1147,86,235,232,246
129,29,38,35,37
195,318,42,39,45
836,2,94,90,88
885,234,243,238,255
727,436,47,47,48
299,220,191,191,212
598,308,41,43,48
1005,35,113,84,68
44,206,101,103,105
842,101,48,47,51
341,161,37,38,40
175,338,38,41,43
710,335,46,44,48
1136,485,230,226,243
495,7,105,78,56
314,207,193,191,211
717,368,44,43,47
526,230,219,221,244
728,462,143,135,147
102,304,34,32,32
531,194,222,224,245
221,479,96,91,70
884,117,47,49,51
533,497,147,139,142
395,60,34,28,30
417,236,224,222,245
996,481,50,48,52
787,78,49,47,50
735,426,44,44,47
1126,132,230,228,243
752,6,48,50,51
615,436,43,45,46
19,443,50,50,51
151,18,153,139,159
818,327,48,46,50
1060,113,51,49,53
968,296,46,45,49
332,307,44,43,45
96,499,45,47,52
26,232,33,32,32
1121,299,230,229,243
547,171,48,46,50
471,111,45,44,45
613,481,180,180,190
760,67,44,47,51
28,90,84,67,61
966,217,48,47,50
119,133,34,25,25
458,110,36,44,43
777,374,40,45,47
265,110,32,27,30
667,355,46,43,45
1186,206,239,238,253
1019,26,94,74,60
22,175,113,63,69
16,84,123,113,120
1171,440,235,234,251
1124,62,230,229,245
1183,441,235,234,250
206,383,45,42,48
853,229,241,237,255
234,197,186,182,203
345,84,34,26,29
247,62,132,143,155
1058,365,50,49,53
714,445,42,46,48
569,365,42,43,45
283,199,91,87,111
1171,280,240,237,252
698,494,131,101,71
787,424,45,46,50
136,417,46,46,45
1007,322,46,47,46
353,111,34,32,35
642,78,42,44,47
541,200,170,166,169
538,34,42,43,44
456,285,46,48,51
484,259,207,202,223
898,275,51,52,54
428,249,69,60,74
845,148,47,48,51
357,90,31,27,26
371,201,164,163,183
884,145,44,47,52
159,284,41,38,50
322,379,44,43,48
1019,188,46,48,51
51,442,50,48,51
1092,269,239,236,255
320,257,205,205,226
695,256,45,47,47
939,311,45,47,52
928,98,45,47,53
720,477,148,146,156
431,432,49,50,52
602,378,44,45,47
854,455,44,46,51
520,418,44,42,46
461,430,131,126,106
496,177,45,40,42
1129,284,229,225,239
1120,40,230,228,246
1162,351,237,236,251
753,413,43,46,49
519,348,40,43,44
615,190,237,231,255
270,312,45,43,45
460,139,45,45,46
1114,109,231,231,245
720,9,85,61,57
62,338,38,39,39
8,83,122,114,123
684,481,111,85,64
291,163,118,114,122
761,23,50,49,55
32,14,225,226,245
630,220,238,236,255
630,339,44,43,49
625,58,46,46,49
759,123,46,47,51
99,187,244,243,255
47,256,35,33,37
314,122,34,29,31
1161,47,241,235,255
476,58,41,41,44
939,390,42,45,51
1126,163,232,229,244
255,463,96,85,62
597,338,45,45,47
890,3,97,90,78
552,139,44,45,48
121,415,44,46,45
841,52,73,60,58
127,73,154,138,161
608,338,43,42,44
745,292,44,44,50
595,248,235,237,255
438,127,42,43,45
759,484,164,154,152
438,400,177,181,193
122,60,164,143,169
1,300,36,35,35
897,457,45,50,51
577,462,117,110,105
989,492,46,49,55
910,161,43,47,51
299,307,42,42,47
1039,258,49,48,52
758,419,42,47,47
291,229,190,191,213
819,476,164,161,175
826,32,73,69,61
1061,443,49,49,53
738,415,41,45,48
1184,262,241,236,254
153,171,205,204,230
281,406,41,44,48
279,52,47,47,53
1042,400,49,47,52
458,384,50,51,54
272,208,191,189,206
768,351,47,46,49
189,131,38,40,47
561,362,43,44,47
1161,217,237,235,250
1140,162,229,228,245
288,476,117,110,84
408,71,37,33,36
931,282,48,46,52
756,343,43,48,47
537,166,46,46,49
852,268,50,53,55
514,116,47,48,48
907,309,46,47,48
438,109,40,41,42
498,379,42,41,46
929,319,46,44,47
581,419,42,43,45
595,110,45,44,50
739,109,46,46,50
419,13,40,30,30
582,438,80,78,57
74,433,47,47,51
1116,1,236,231,249
83,77,152,24,36
191,471,51,51,52
416,469,144,132,136
1110,449,232,228,250
924,438,54,49,52
1010,358,47,48,51
1077,11,103,76,67
1017,165,46,49,49
944,483,44,47,49
540,214,229,227,251
603,116,44,44,47
975,138,49,47,50
127,183,220,222,248
712,223,147,141,140
736,49,46,46,48
845,142,48,47,49
732,37,49,51,50
1052,165,49,49,53
1012,230,46,47,51
523,451,137,135,144
211,469,48,45,47
216,95,63,54,72
50,369,39,42,44
862,113,49,47,51
201,429,46,46,48
606,151,44,45,47
385,59,31,30,31
321,413,43,43,44
1089,28,247,245,254
752,168,48,48,51
395,364,40,43,44
491,65,35,43,46
136,289,37,35,33
326,12,51,46,59
1020,290,46,49,52
561,222,226,226,253
651,247,44,48,51
594,220,234,233,255
392,441,203,206,228
23,339,40,42,42
189,283,150,150,189
138,211,197,194,215
959,332,46,45,50
962,309,49,49,50
706,253,46,48,50
31,260,40,30,31
33,15,220,225,246
1021,365,49,48,52
318,456,97,94,64
887,256,239,239,255
0,1,227,224,246
1017,228,47,47,53
445,437,119,100,92
353,296,42,43,47
639,270,45,45,50
865,328,43,47,50
1148,19,236,232,248
801,408,50,47,65
104,382,45,46,46
180,176,196,191,211
1169,240,237,235,252
168,165,39,38,46
577,487,170,167,170
1156,309,237,232,249
135,151,147,152,176
1031,451,51,48,50
590,346,41,43,46
1102,294,238,235,250
841,19,89,87,82
1037,339,47,47,52
834,433,48,46,52
417,490,130,125,136
915,196,47,47,51
90,167,39,28,31
574,210,150,145,131
888,132,48,46,51
1085,284,251,252,255
794,154,44,47,51
1002,497,48,48,54
614,373,41,43,44
296,136,31,28,29
604,82,44,46,48
457,120,40,44,44
547,147,44,45,48
690,23,50,49,54
208,463,51,47,49
469,440,178,185,204
864,109,51,48,51
780,390,43,44,49
495,6,104,81,58
244,69,51,45,63
904,82,47,48,50
450,330,46,47,49
1067,393,53,53,58
898,277,43,49,50
706,49,48,46,49
790,160,47,46,49
347,82,32,25,30
820,222,239,240,255
98,365,40,42,43
1196,121,239,237,255
3,473,46,48,53
138,192,189,190,210
538,495,172,164,147
545,439,148,146,168
903,324,45,47,51
97,136,159,27,38
610,376,45,44,48
554,99,45,43,52
357,9,44,37,36
272,487,89,75,53
82,391,42,45,47
935,111,46,49,51
929,396,45,45,50
124,339,38,36,36
179,170,178,171,183
64,188,39,30,31
303,398,42,43,44
789,343,45,45,47
962,263,42,46,50
593,441,135,136,142
52,476,46,47,51
102,79,152,136,157
200,389,44,43,46
488,68,44,42,45
669,243,47,48,52
1047,351,49,48,53
805,314,47,46,50
232,4,177,162,184
259,167,188,185,204
66,226,79,81,92
618,52,47,44,50
604,398,42,43,42
439,405,110,115,142
708,192,238,237,255
748,262,240,238,255
978,428,46,45,49
375,277,46,45,50
1016,60,70,61,61
514,250,221,222,242
1128,233,227,226,241
184,494,46,46,44
1031,160,48,49,50
164,308,36,36,38
446,221,224,225,247
843,151,52,49,50
918,255,50,50,57
979,192,45,45,50
1089,465,242,239,255
1162,455,237,233,251
374,375,41,43,47
691,397,52,47,50
541,112,43,43,48
251,259,200,198,219
664,287,47,45,47
870,27,103,100,99
683,208,238,234,254
275,406,43,43,44
168,407,45,45,47
942,395,46,46,50
671,429,43,42,47
993,384,45,46,49
1059,412,46,50,54
884,131,47,48,51
122,449,46,47,50
933,45,89,79,76
466,444,172,178,195
922,160,41,45,50
494,300,47,44,48
20,315,35,34,37
524,484,112,104,88
551,171,50,47,48
699,50,48,46,49
1196,180,238,237,252
952,100,50,47,50
194,288,38,43,45
38,389,42,43,45
906,194,45,47,51
1197,360,238,235,255
478,326,46,47,52
379,319,43,44,44
290,109,33,25,28
1036,284,73,63,62
550,297,47,44,46
269,261,201,200,220
193,320,40,42,41
712,62,43,48,50
1083,371,58,55,59
331,114,32,25,30
934,141,46,47,48
454,93,42,41,44
635,334,44,43,45
668,214,239,234,254
646,314,40,47,47
577,176,49,48,53
175,424,104,107,96
101,259,216,214,237
697,283,44,47,52
982,260,45,46,51
1106,414,239,236,253
239,379,41,45,45
101,216,215,214,242
295,254,201,200,223
46,221,33,30,34
111,107,161,33,45
980,61,105,83,67
483,470,180,182,197
131,69,158,141,162
74,120,154,27,35
1060,358,48,50,52
1081,26,246,245,255
746,320,45,47,52
836,460,48,48,51
862,316,45,46,50
14,429,51,47,51
891,194,48,47,51
439,329,44,44,46
772,350,47,47,49
77,354,39,38,41
109,329,38,32,36
329,56,30,25,29
13,384,47,46,49
982,173,47,48,51
578,407,44,44,45
421,484,94,80,78
514,485,108,98,69
945,328,45,45,47
191,91,44,37,49
527,476,139,138,139
955,404,45,46,49
362,7,40,32,32
864,127,48,47,53
135,28,138,126,147
1147,99,234,229,244
1146,427,233,229,243
419,438,85,77,60
1069,88,82,77,68
1123,425,231,231,244
644,473,107,103,94
485,313,47,47,50
45,471,48,48,51
630,12,49,49,51
757,142,44,45,49
1124,345,231,231,244
94,20,115,107,120
452,425,58,62,61
182,143,32,37,39
879,193,42,48,52
864,433,50,48,51
897,277,46,48,51
1145,91,234,231,248
764,422,46,46,50
945,389,45,44,50
138,296,37,38,37
274,260,203,199,220
510,166,43,45,49
1198,366,241,235,252
863,433,47,46,49
439,77,43,39,41
119,224,63,53,76
25,140,160,29,38
852,1,93,92,90
1060,342,50,49,54
810,218,240,240,255
661,410,47,43,45
549,38,43,44,47
131,80,151,135,159
361,161,40,40,40
905,234,238,239,255
655,351,41,45,46
1051,148,48,50,51
279,421,48,44,47
1129,192,231,227,246
198,163,35,28,32
337,61,31,26,25
323,340,44,43,47
568,91,42,45,45
619,389,32,42,44
1093,332,243,238,255
496,144,27,30,35
60,359,40,43,44
1074,311,192,182,173
327,190,191,189,210
1180,274,241,237,253
108,320,36,33,37
174,188,192,186,208
52,32,62,53,78
747,401,166,173,169
919,436,45,49,51
703,262,43,47,50
204,258,204,201,224
707,347,42,47,46
27,430,53,49,50
155,297,37,36,38
732,179,49,47,52
1116,373,234,232,249
85,266,37,33,34
561,287,45,42,47
626,269,48,45,49
474,61,44,42,46
1111,92,235,232,249
863,460,46,49,51
531,337,40,42,46
244,376,40,43,46
346,118,26,30,33
295,45,46,43,50
133,181,222,219,246
341,226,204,203,224
1153,213,233,234,248
401,105,39,36,37
333,420,45,42,45
686,123,46,46,47
428,478,80,80,87
479,87,42,42,44
542,175,52,51,56
452,240,230,231,253
925,96,49,49,51
150,342,40,37,39
751,402,81,80,58
676,430,43,43,44
796,27,49,52,52
738,137,46,44,50
275,353,44,44,48
666,72,42,47,47
268,429,69,67,55
1014,415,46,47,52
384,324,43,43,47
855,72,44,47,51
869,223,240,239,255
419,282,46,47,48
898,230,238,238,255
848,433,47,47,50
192,14,179,159,178
136,115,182,171,185
112,471,48,49,51
676,227,237,240,255
202,16,185,152,172
1017,351,48,47,51
752,131,48,47,51
713,379,42,45,49
371,115,38,30,36
484,417,41,39,48
914,238,238,237,255
684,464,107,82,55
224,12,173,163,185
195,33,196,172,193
40,108,139,47,54
904,180,49,46,50
582,136,47,44,49
1198,52,241,238,253
1121,264,230,230,242
309,154,35,29,33
532,284,46,44,50
797,122,48,46,52
264,303,42,44,46
566,311,42,43,46
410,176,43,45,48
571,117,43,44,47
193,140,35,35,38
304,71,35,26,29
484,127,43,43,46
1130,127,232,227,245
254,486,81,70,54
166,218,195,192,212
302,214,155,145,151
0,186,100,102,108
849,320,46,45,48
94,293,39,33,34
158,172,202,203,225
568,385,44,44,46
200,427,47,47,51
518,36,23,24,23
34,105,36,30,31
575,402,39,41,47
787,133,46,47,51
424,85,35,38,40
772,160,47,46,48
609,358,43,44,48
580,464,144,137,133
623,37,43,45,46
838,264,53,52,56
1140,44,231,231,246
257,338,41,43,45
210,18,162,37,50
998,313,47,44,51
104,232,195,196,218
1052,36,88,75,68
605,125,47,45,47
506,289,44,44,46
1019,237,53,49,54
646,285,44,44,48
295,159,36,33,34
790,9,53,50,52
1051,136,49,49,53
285,126,32,28,29
445,39,47,41,40
579,163,46,46,49
346,269,113,119,149
255,481,62,55,50
123,477,45,44,46
439,243,223,226,245
576,83,45,44,47
425,137,41,41,46
1002,39,117,88,67
334,475,140,138,155
827,198,45,48,52
988,344,48,46,48
995,16,129,99,71
893,238,240,236,255
1120,467,230,231,243
232,382,43,45,45
302,385,47,43,43
113,25,28,33,31
320,111,29,27,30
108,237,203,201,222
819,63,44,47,50
150,136,139,139,159
734,342,44,46,46
216,339,45,40,45
22,200,80,74,79
967,85,47,48,52
1106,344,240,236,255
97,19,117,108,121
503,285,46,44,45
753,497,166,160,160
83,469,90,78,70
140,368,44,42,44
774,499,160,155,168
96,136,162,28,36
443,280,48,45,52
778,368,45,45,50
976,277,47,48,52
104,213,213,215,237
241,58,214,215,233
571,454,118,112,115
1089,285,144,127,154
1140,400,231,226,245
232,108,37,35,38
690,485,121,94,67
235,444,51,50,52
714,95,45,46,48
198,213,188,184,205
409,312,44,43,48
428,109,39,40,42
1168,7,239,234,255
1164,50,239,237,252
65,129,152,27,36
941,273,47,47,51
859,191,48,45,50
670,207,236,237,255
182,172,191,187,208
18,420,53,49,52
1043,345,45,49,53
402,242,213,214,229
917,193,45,48,49
39,386,41,44,46
1151,269,233,233,248
252,287,45,43,51
1112,422,233,229,246
639,352,45,42,48
1192,452,235,233,251
1197,459,234,233,250
73,82,149,27,36
481,401,44,45,45
1077,65,123,113,84
333,24,33,29,37
1160,17,239,234,252
1116,293,228,227,244
500,120,39,39,44
486,78,41,43,47
99,133,161,31,38
470,495,107,97,55
584,69,41,45,46
102,243,218,214,238
1069,379,54,52,57
222,85,114,114,135
739,292,49,47,50
250,58,111,111,131
98,170,40,29,34
1006,387,45,46,50
1044,28,109,85,66
1162,103,237,236,250
573,459,116,110,103
831,220,236,236,255
126,37,152,133,151
794,475,166,161,157
897,202,45,46,53
739,63,49,46,50
190,261,200,200,223
74,427,66,63,57
619,416,47,43,45
1143,53,234,229,246
255,478,58,55,50
148,214,193,189,212
640,234,111,116,140
260,400,44,43,45
1177,105,237,235,251
1065,416,51,50,55
226,387,41,44,48
1046,300,52,53,57
590,159,49,43,47
343,338,43,44,47
844,232,240,237,255
1037,57,166,156,141
373,95,32,28,35
700,251,47,46,51
124,150,200,194,205
961,354,48,45,47
3,38,224,222,245
1082,346,66,56,57
477,122,41,42,46
359,490,71,65,56
365,289,42,45,48
524,233,216,223,243
1006,17,119,90,66
1015,363,48,47,51
802,259,240,240,255
607,344,43,43,46
703,496,129,108,80
1093,138,219,216,214
161,291,35,37,40
9,324,40,39,41
875,168,48,46,51
256,380,44,43,44
838,97,43,45,51
711,253,213,208,205
11,97,133,31,38
426,144,45,43,46
840,277,47,48,51
358,189,197,196,217
818,101,48,45,51
626,338,43,43,48
1142,128,232,229,244
625,55,45,46,50
103,295,34,31,33
504,103,23,24,30
148,334,38,38,41
166,119,112,114,132
20,191,67,79,61
976,251,45,48,49
595,285,45,46,53
782,70,46,48,51
1121,374,228,228,244
142,497,48,48,49
164,14,163,146,168
854,59,66,58,56
810,105,44,47,50
927,7,238,233,237
778,486,161,156,164
84,393,46,44,47
1090,446,238,235,255
304,56,35,33,33
976,405,46,48,53
583,212,67,58,67
1045,334,47,46,52
736,237,243,240,255
541,128,47,44,46
127,412,41,44,48
858,235,239,239,254
1178,113,241,237,254
1159,244,238,234,253
1174,277,239,235,253
995,273,45,44,51
199,400,45,44,47
979,496,51,48,50
710,226,232,232,252
534,447,155,148,159
704,28,53,51,53
551,180,226,226,250
530,371,39,43,44
205,127,35,36,37
941,61,107,105,101
439,470,125,92,84
1061,243,51,48,54
163,480,46,47,51
27,180,112,109,110
524,496,121,117,86
1024,112,47,47,52
988,236,47,47,52
633,450,190,197,219
650,491,93,70,55
1054,24,96,80,62
473,246,87,85,99
864,367,44,45,48
553,3,89,75,56
755,414,47,46,50
1169,244,239,235,252
1193,114,238,237,254
46,145,160,26,34
735,168,47,46,50
783,443,47,45,50
1095,21,140,136,114
714,465,145,134,141
163,94,204,188,211
285,473,121,112,86
201,45,186,146,158
133,394,44,43,46
980,102,45,49,51
283,156,33,29,33
176,389,43,42,47
341,207,197,199,218
737,172,47,45,50
88,28,112,104,110
67,73,29,28,28
969,336,46,45,53
817,141,47,47,48
471,317,54,58,61
1077,158,238,238,234
1097,145,244,242,255
645,247,45,44,49
637,166,47,47,51
772,145,46,45,48
1121,415,230,228,245
611,431,46,43,46
924,382,46,47,49
919,426,51,49,54
1150,85,236,232,249
307,268,51,44,63
523,107,42,44,48
967,442,57,51,85
646,323,39,45,46
913,108,49,48,50
203,376,44,45,45
964,352,43,45,50
1170,115,238,234,254
1182,8,236,236,252
1088,14,63,58,62
217,451,49,47,51
1181,422,237,234,251
476,358,43,44,46
438,227,229,227,251
625,413,45,44,49
646,382,44,45,48
482,73,41,42,45
1123,496,226,224,241
1199,163,241,238,255
476,154,45,44,47
851,488,169,155,113
789,442,47,47,52
972,386,50,47,50
1198,201,240,234,252
193,377,44,43,43
656,266,43,46,47
575,278,45,46,50
855,64,45,50,52
572,79,43,45,48
1171,229,239,236,253
718,268,48,45,51
31,26,231,231,254
823,396,46,49,50
1185,43,239,237,254
845,391,45,47,50
536,494,168,163,155
336,415,44,40,44
435,351,43,42,46
90,112,156,24,34
1090,142,65,63,70
532,375,42,44,44
630,266,43,47,47
182,90,36,29,32
887,421,48,48,50
494,484,120,106,66
172,224,196,192,213
118,312,37,36,37
297,283,44,41,48
636,422,43,42,45
125,158,150,156,176
242,419,46,43,46
478,117,45,44,46
444,455,141,111,108
1028,44,103,79,65
129,300,36,35,34
432,437,52,49,54
445,182,48,47,53
806,80,48,48,52
314,499,47,45,48
340,263,211,212,235
922,35,156,131,101
260,24,176,172,187
981,61,108,86,67
996,175,44,50,51
613,24,49,48,51
445,252,209,210,220
524,478,123,116,101
1195,270,239,238,254
200,278,210,209,231
655,79,44,46,48
138,369,40,42,43
773,27,46,49,53
882,202,50,46,49
646,319,46,47,50
434,45,33,34,37
769,19,51,48,52
359,302,41,43,47
954,376,47,46,50
97,171,38,30,34
736,6,48,49,50
772,139,49,47,48
175,233,186,183,205
3,424,54,51,54
130,320,36,35,34
696,229,236,236,255
568,117,45,46,47
147,79,156,146,167
1090,240,141,132,86
997,432,47,47,51
691,174,49,48,49
1050,7,81,70,59
1161,494,234,235,251
781,44,50,47,52
506,366,40,42,42
403,196,210,211,233
570,383,40,42,46
1178,476,237,235,251
556,141,43,45,46
665,24,50,49,51
164,116,66,58,73
408,448,50,51,49
102,302,33,32,32
14,93,121,95,79
573,43,43,45,46
32,497,65,57,54
972,189,46,48,51
1162,98,238,234,251
1026,449,43,46,51
907,475,46,48,51
912,69,102,96,95
839,261,238,238,255
743,131,46,45,51
257,347,46,46,46
1113,330,232,229,246
1120,167,231,229,246
862,172,48,47,51
1145,341,235,230,249
1095,166,243,241,255
855,322,41,45,48
61,186,40,26,28
936,405,44,47,50
601,488,184,184,196
1094,458,239,236,255
653,344,43,44,45
379,499,74,67,52
447,270,235,232,255
436,77,40,38,43
462,3,58,49,38
913,281,48,44,52
573,83,42,47,45
424,384,43,45,47
768,485,167,156,168
974,180,46,48,51
292,364,46,43,45
645,48,49,45,48
1017,341,43,46,54
190,238,198,196,217
689,124,40,45,48
412,185,189,189,205
465,49,40,38,43
820,377,47,46,47
95,213,215,219,244
1040,119,48,47,53
690,170,44,45,49
1180,441,238,233,250
671,82,47,46,48
277,247,196,192,212
884,344,49,45,52
1150,153,232,230,247
206,51,143,80,84
331,0,69,61,66
1039,66,95,86,65
542,436,175,179,196
816,357,46,46,49
10,415,55,51,51
1059,185,51,49,55
1156,194,235,233,250
219,158,35,27,34
988,276,47,49,51
386,371,43,43,48
454,161,43,44,47
697,35,52,47,53
1094,24,94,86,78
942,470,44,45,50
1023,170,49,48,53
990,445,127,138,139
500,439,164,165,185
459,200,229,227,249
254,66,40,40,44
210,175,184,183,200
690,255,43,47,49
444,35,47,41,41
756,5,52,50,51
796,402,47,46,49
56,201,110,105,113
764,216,231,231,254
89,443,49,46,49
1149,12,233,231,248
461,84,40,40,46
999,99,49,47,55
865,329,42,48,50
900,224,221,223,245
258,71,49,46,54
488,340,39,45,44
462,327,20,20,20
71,122,155,28,36
827,316,43,47,49
223,358,42,43,46
1139,244,230,227,242
392,369,44,42,44
1186,470,236,236,251
1021,477,46,49,54
820,167,46,46,48
981,221,46,46,51
695,74,47,47,49
776,370,45,46,49
488,419,44,42,45
969,368,44,46,50
77,321,36,36,38
668,431,42,45,45
1128,209,226,227,244
723,47,45,47,49
584,40,44,45,48
278,446,71,68,53
994,424,46,47,52
983,102,46,47,51
130,338,36,37,40
652,468,67,58,55
1120,326,229,226,244
673,402,39,44,46
312,377,40,43,44
735,392,42,44,49
354,331,45,43,46
224,457,54,57,53
698,456,120,103,69
990,187,48,49,52
531,141,43,45,46
122,347,39,36,43
726,190,239,237,255
1162,473,235,233,246
775,388,43,45,48
397,41,36,28,32
1066,164,54,53,56
765,371,43,43,49
917,95,49,50,49
1089,410,248,243,255
686,282,42,47,49
1120,240,231,230,246
726,477,155,149,163
510,205,214,216,237
340,227,200,200,221
474,483,148,148,142
53,22,63,62,63
666,276,42,45,48
93,117,163,82,101
306,222,192,190,211
539,146,44,45,45
354,88,29,26,30
95,434,47,45,49
155,358,41,43,44
772,404,45,47,51
975,343,48,47,50
499,229,190,187,215
1081,398,239,242,255
862,343,45,46,51
953,146,46,47,51
1088,46,61,60,64
67,380,43,43,47
79,310,35,32,32
922,464,50,48,52
168,24,165,148,171
78,327,39,36,36
231,297,43,41,47
138,101,157,138,150
1135,45,231,229,246
456,351,19,20,14
1158,327,235,232,245
381,318,42,44,46
131,30,83,67,94
650,496,97,73,56
303,326,40,43,46
529,475,124,124,133
969,487,46,46,51
473,353,49,46,51
159,408,42,44,44
1010,189,49,48,56
66,175,185,117,142
648,190,238,235,255
125,383,44,41,46
69,28,111,102,113
233,422,56,55,48
471,258,85,86,95
375,358,44,42,47
884,487,174,160,118
282,186,186,184,203
924,222,49,48,53
557,51,42,45,42
211,370,41,42,47
185,213,165,155,167
63,89,151,40,63
213,21,175,161,184
729,267,48,50,56
251,498,80,72,54
565,494,173,165,171
1088,456,241,241,255
584,301,42,44,46
580,430,40,42,45
1131,346,233,230,247
22,246,34,28,31
563,175,49,49,54
493,119,39,43,47
693,155,48,46,50
556,208,225,223,247
1122,413,232,229,248
99,17,118,106,115
553,427,43,42,44
466,456,179,184,206
639,412,43,43,45
806,40,54,52,57
35,409,46,43,48
280,368,42,43,45
1177,127,238,235,253
675,16,48,49,53
849,396,46,45,49
364,46,33,23,26
502,36,92,68,50
77,158,165,33,39
753,488,161,157,164
1118,234,230,229,248
456,358,29,21,23
449,212,60,54,58
366,228,206,206,228
627,161,45,45,50
68,290,37,31,32
372,352,45,43,44
948,25,93,67,59
902,190,52,49,53
1091,370,243,242,255
330,282,43,44,48
1116,16,234,231,251
1102,279,238,233,251
767,275,48,47,51
145,107,43,32,38
1010,156,48,51,52
852,427,47,47,52
572,108,46,46,45
879,263,239,238,255
199,480,46,46,48
140,445,44,48,49
316,348,44,43,46
746,33,51,49,55
363,169,50,42,47
526,26,68,48,34
1157,423,234,231,250
519,75,44,42,45
124,355,40,40,39
687,393,129,134,156
168,68,130,119,137
920,184,45,47,53
664,306,44,47,48
94,147,160,34,40
228,248,193,192,213
313,108,32,24,29
371,184,196,197,219
1083,237,53,53,59
688,454,112,87,61
346,442,76,77,51
567,287,43,44,47
771,294,48,46,51
860,444,47,46,49
304,91,30,27,26
478,321,43,46,49
963,117,44,47,49
567,144,43,46,47
1029,243,50,48,52
952,350,46,46,51
1073,434,207,211,243
135,27,108,104,122
1179,71,240,237,254
58,51,112,105,115
1155,454,232,230,247
277,331,45,43,46
1160,217,236,234,251
0,216,32,29,30
75,280,37,31,34
1014,162,48,50,52
76,368,43,40,44
580,411,43,43,45
1066,78,79,71,84
1037,285,52,49,59
1100,65,238,238,255
697,95,41,44,48
253,18,49,34,52
769,488,147,143,159
621,219,65,60,63
313,2,155,159,172
335,492,137,136,151
812,77,45,45,51
937,20,108,73,62
125,215,200,197,220
900,4,129,83,63
901,79,51,49,53
1104,41,238,236,254
1163,78,235,233,249
513,138,44,44,48
740,250,238,237,255
1100,69,235,235,252
751,439,48,46,47
284,235,112,104,116
204,328,42,40,43
894,404,41,45,48
609,368,44,44,49
718,322,47,46,52
482,125,45,42,45
649,380,45,43,48
1091,385,249,246,255
23,331,39,40,44
366,169,45,43,46
750,389,46,45,48
436,328,47,44,48
182,285,44,44,47
292,317,42,44,48
631,119,45,45,47
93,468,81,71,65
1067,401,52,50,57
645,351,40,42,46
686,270,42,43,50
961,448,46,49,50
155,414,46,44,46
661,191,236,237,255
177,219,194,189,211
256,344,40,42,46
155,9,56,43,66
1004,262,46,49,52
337,33,40,29,31
719,355,45,46,48
806,188,50,48,52
681,148,48,46,50
885,389,48,46,50
1062,38,108,102,105
596,449,174,171,184
678,497,109,83,59
564,324,45,45,46
154,406,42,45,46
131,406,45,46,47
289,27,59,51,71
100,133,160,32,38
1039,400,47,50,50
27,289,33,33,33
266,312,42,42,45
406,187,209,205,226
912,131,46,48,52
193,138,35,35,41
830,127,45,48,49
15,346,43,41,47
549,339,44,44,45
329,469,114,114,128
1148,228,235,233,249
475,325,50,51,54
861,1,98,95,90
990,146,46,48,53
404,328,41,44,48
155,209,193,188,210
269,268,46,46,50
552,74,45,43,47
1169,162,235,234,252
861,185,48,47,51
537,386,40,40,46
67,438,47,48,49
181,246,198,196,218
735,397,41,48,49
664,96,45,46,50
449,437,133,119,121
301,155,34,33,33
67,146,185,147,153
818,339,46,47,51
901,125,46,48,51
1166,394,234,233,250
88,32,119,107,118
1164,136,236,237,250
635,312,42,42,46
318,238,199,198,218
1159,228,236,234,249
34,403,47,46,50
1039,414,49,49,54
548,173,47,49,51
468,300,21,24,20
960,207,49,47,51
446,23,55,43,38
433,83,39,40,44
726,465,151,146,156
618,12,47,49,48
761,194,47,47,50
509,4,99,78,55
790,265,239,236,255
848,280,48,47,51
66,2,128,121,144
895,483,62,56,49
1046,140,49,50,53
911,305,44,47,53
605,340,42,43,45
479,194,200,197,218
275,285,43,43,46
418,278,47,48,51
1050,370,46,51,51
93,170,39,29,33
145,447,50,47,49
637,77,43,44,50
205,104,143,138,152
965,179,45,48,52
1098,244,238,239,255
805,246,243,238,255
669,99,46,44,49
1147,252,231,231,247
603,221,226,225,251
94,477,53,52,52
1048,247,46,49,52
722,205,240,237,255
909,32,106,104,96
398,498,87,76,56
72,278,38,32,32
374,138,32,37,40
533,168,47,45,51
240,304,41,43,44
74,384,40,42,44
701,466,124,104,72
723,473,151,144,156
706,384,42,45,46
169,331,41,39,46
631,117,43,45,49
1109,241,233,234,249
690,149,43,46,49
1128,354,231,230,243
248,338,42,44,46
478,178,44,46,51
807,484,158,152,167
854,36,91,87,82
265,306,43,43,46
1002,97,46,49,52
1199,463,237,236,252
618,472,185,180,196
102,488,46,47,53
352,52,32,25,25
749,350,41,44,46
291,93,35,26,29
225,297,37,42,45
785,274,238,235,255
615,114,47,43,50
434,71,40,37,42
486,441,182,183,201
72,268,39,33,36
356,3,45,36,36
177,314,38,39,43
855,202,45,47,48
1137,117,235,228,244
877,311,46,46,49
234,331,45,43,45
310,287,41,44,46
1191,156,239,237,254
203,367,43,43,46
1066,235,49,50,53
781,305,45,46,50
429,306,45,46,46
722,303,47,46,48
70,403,42,44,47
78,147,160,30,38
166,236,48,41,44
1162,401,236,234,248
1069,253,51,51,55
894,219,51,53,55
645,101,43,46,50
1042,256,50,49,52
788,305,42,44,49
511,253,223,223,244
571,6,83,71,55
1042,92,49,50,54
949,353,48,46,50
522,453,121,115,123
1129,332,229,226,241
785,68,43,45,51
1099,472,234,232,251
617,436,44,46,46
456,164,45,43,46
505,308,45,45,47
772,430,46,46,49
1073,44,90,84,92
248,299,45,42,46
1198,488,234,234,250
19,136,158,28,38
350,390,43,41,47
554,406,42,43,44
794,254,242,238,255
1023,419,49,49,51
464,372,53,53,56
942,219,48,47,51
1188,453,235,232,250
693,34,51,49,51
151,409,49,42,47
321,486,117,116,129
644,83,42,43,48
1062,331,51,47,54
523,405,41,42,45
168,404,46,44,49
420,216,225,221,242
377,287,44,45,46
944,172,46,45,52
106,32,185,182,201
604,408,45,44,46
611,165,45,44,48
681,21,50,49,51
1081,352,251,248,255
52,140,156,28,37
211,159,33,29,31
388,386,42,43,49
982,316,45,45,49
821,197,46,48,51
329,125,29,27,29
125,166,244,240,255
1030,468,47,50,51
140,391,42,43,44
795,23,51,50,52
721,446,42,44,47
1190,96,239,234,254
796,122,47,45,53
548,106,43,43,45
947,374,48,46,50
628,304,44,45,50
980,360,48,47,49
226,53,206,197,218
463,393,47,47,52
410,184,97,96,102
349,43,32,26,26
858,166,47,47,50
42,494,84,80,75
138,428,48,47,54
821,174,48,46,46
1147,368,234,232,249
1024,58,170,153,102
460,7,75,61,47
153,157,44,48,54
1117,410,232,228,244
734,197,239,240,255
478,410,44,45,48
133,381,46,40,46
985,155,44,49,52
1021,422,50,47,50
747,418,44,44,49
1164,169,238,234,252
1057,495,48,49,55
513,247,221,223,244
350,12,43,37,37
134,11,186,187,210
571,181,232,230,254
1120,388,233,230,246
280,141,32,26,31
250,160,33,32,34
889,435,50,48,50
1024,71,101,87,72
639,300,41,44,46
1026,399,47,48,50
583,492,151,149,141
282,268,45,49,51
123,411,50,43,48
856,207,47,50,53
690,434,44,43,47
257,377,39,45,47
997,446,89,86,56
989,481,48,46,51
690,234,237,234,255
329,315,40,41,46
86,384,44,39,45
23,276,34,28,29
361,342,44,41,46
386,177,44,45,48
345,329,45,43,47
428,321,41,44,47
624,212,133,130,106
1061,52,110,103,103
484,297,48,46,51
496,259,220,219,239
228,448,49,49,49
632,39,43,46,49
757,245,241,241,255
1113,8,235,233,250
209,459,46,46,49
307,311,43,45,48
56,462,46,49,50
885,365,45,45,50
989,238,47,48,49
1053,201,51,50,54
767,392,44,43,48
511,473,106,103,82
588,317,42,41,46
1101,5,245,242,255
951,265,44,45,49
1094,264,238,236,255
862,353,46,45,50
725,403,48,58,82
127,278,215,213,236
721,161,46,46,49
110,23,57,48,53
695,472,122,97,68
509,347,42,43,47
994,385,48,44,51
481,412,41,42,47
245,46,95,98,113
1040,340,49,44,54
147,310,39,36,37
578,433,44,43,45
513,20,87,66,54
803,128,49,49,51
492,415,45,42,43
355,133,35,35,37
1185,387,236,234,250
613,119,47,46,46
257,443,51,53,53
160,278,214,211,233
1075,384,244,242,253
274,417,44,44,46
703,113,46,44,46
478,484,100,94,58
82,96,152,27,34
1042,181,49,50,55
241,442,51,51,51
889,98,48,49,52
590,388,42,42,45
492,129,43,43,43
388,371,38,44,46
892,353,45,45,50
786,323,43,45,48
980,243,46,45,53
168,114,106,117,125
610,281,45,44,45
401,455,64,61,60
1150,5,233,232,248
546,120,45,43,47
976,302,47,46,48
797,486,161,156,174
755,38,52,49,54
79,111,154,24,34
813,354,44,45,50
826,117,45,48,50
404,171,44,45,50
432,100,39,40,43
66,70,33,28,30
412,413,43,45,45
725,103,44,45,47
429,95,39,40,42
431,283,46,47,50
81,404,43,44,46
732,449,45,45,48
594,223,235,235,255
884,409,46,45,48
996,189,47,49,55
26,171,173,32,39
37,76,118,108,112
906,316,47,46,50
486,475,108,108,80
1125,209,231,228,242
1051,212,50,49,54
1155,118,236,235,251
1019,103,48,48,53
50,285,37,30,32
688,365,42,44,49
711,263,48,48,51
776,282,46,47,51
99,89,154,28,39
635,300,44,43,48
908,199,45,48,50
636,165,48,46,49
791,381,42,43,48
107,250,217,217,238
986,248,47,45,50
1082,400,84,75,102
920,107,48,46,49
1009,42,107,81,63
157,99,198,185,212
53,154,173,84,114
1173,207,238,236,252
1071,66,77,69,63
1182,487,236,233,252
219,445,46,45,50
89,467,90,84,73
952,231,45,47,50
585,129,45,46,50
270,480,54,52,55
1064,101,54,51,55
502,423,44,42,45
1100,97,239,236,255
578,219,231,232,255
306,90,32,25,29
904,35,87,80,75
851,367,43,46,47
226,394,41,45,46
1150,252,233,232,249
1090,349,250,251,255
67,55,125,115,123
450,54,41,37,39
1161,375,237,234,252
374,56,32,26,25
154,332,39,39,40
216,39,168,40,56
593,401,45,44,48
337,412,43,42,45
980,9,110,80,62
650,278,41,45,49
1065,350,51,50,55
801,12,50,50,54
604,70,42,44,46
358,174,191,192,211
688,144,47,47,49
1133,55,229,227,241
1090,466,238,236,255
768,34,51,50,53
194,359,45,43,44
188,286,43,43,48
947,75,85,85,79
693,209,241,239,255
944,324,45,46,47
546,308,42,45,47
942,123,49,48,52
455,376,26,25,27
589,458,120,110,104
902,289,46,47,50
799,47,54,50,53
2,383,43,46,46
863,308,49,47,48
147,188,203,203,226
46,491,89,79,68
18,232,34,29,24
1055,109,50,49,54
712,226,229,236,255
540,333,43,42,48
793,125,49,48,53
703,16,51,50,53
790,345,43,45,48
563,198,192,197,208
91,490,47,49,50
152,163,47,45,45
801,398,45,46,52
45,262,35,28,30
852,21,86,84,80
1141,170,233,230,246
101,488,49,47,52
22,290,36,30,33
610,70,45,45,48
595,0,92,81,60
234,461,73,70,53
1150,275,234,232,247
297,400,40,44,45
685,372,47,46,50
407,445,60,57,55
664,286,44,46,48
492,88,44,44,46
383,156,38,43,44
1046,453,50,50,54
1038,94,45,50,53
1000,429,49,47,52
634,443,47,48,52
1053,122,51,49,54
979,371,42,47,49
750,141,47,48,50
1092,159,248,246,255
352,108,34,28,30
701,404,45,45,49
978,152,45,49,53
1123,21,231,229,243
822,126,44,47,52
55,190,39,30,32
307,388,42,42,48
280,268,50,48,50
521,229,216,220,232
610,48,45,44,49
174,377,44,42,44
480,325,43,46,47
93,456,47,46,49
6,463,53,49,49
861,56,104,86,60
262,275,44,44,47
114,468,48,46,52
228,235,124,114,130
7,470,52,50,55
774,7,50,49,52
36,336,39,37,42
1143,340,233,231,247
978,230,46,48,50
909,497,176,159,103
1032,129,46,50,53
374,220,206,205,227
1082,181,245,247,254
1184,83,241,236,254
305,151,33,29,34
194,234,194,193,214
783,15,51,49,52
333,247,203,201,222
435,42,41,33,37
735,127,47,46,48
51,107,149,23,33
482,336,45,44,45
789,471,166,162,173
302,494,48,44,46
267,325,41,42,45
447,167,44,42,47
827,241,65,58,79
1056,412,49,50,56
521,361,42,42,45
1197,458,233,234,248
1129,486,226,221,238
1125,183,235,228,244
1166,325,236,237,253
803,499,162,159,177
90,493,47,47,47
582,406,45,42,47
671,122,44,46,49
438,438,29,29,29
920,350,46,45,49
654,169,50,48,51
904,454,51,47,49
797,382,43,45,50
800,345,48,48,47
870,175,45,47,49
349,448,71,71,51
1118,192,233,232,250
760,440,43,46,48
748,139,46,48,49
952,56,60,57,56
337,470,138,136,146
316,240,188,191,205
280,129,34,29,29
43,87,191,190,209
504,178,124,117,123
234,446,52,51,51
1191,474,233,233,250
700,184,237,234,255
67,68,33,35,37
1089,321,241,238,249
492,8,101,79,56
36,240,32,28,29
911,43,85,79,73
391,380,41,42,46
243,271,205,205,224
1187,76,241,237,251
1167,472,232,232,248
575,329,41,43,47
1127,161,232,229,246
745,125,48,45,51
1071,253,49,52,57
788,453,48,47,52
960,5,112,83,64
447,41,43,38,41
1179,82,239,235,253
149,341,37,37,38
922,389,43,46,49
843,107,44,46,50
1115,332,230,230,246
48,294,36,29,33
508,133,46,44,45
522,109,43,44,47
989,390,45,44,50
846,9,98,93,88
869,172,46,48,51
1122,291,231,229,246
631,293,43,44,49
563,400,46,44,46
1091,237,235,224,196
577,329,39,43,46
332,170,39,40,46
917,363,48,47,50
589,412,43,44,44
203,142,37,34,36
497,106,42,42,47
284,136,35,28,30
118,484,49,49,52
1058,200,50,49,53
490,227,204,201,218
916,400,43,44,48
986,284,47,47,50
442,305,44,42,51
287,462,114,110,79
1091,41,135,122,110
50,79,164,166,174
554,453,135,130,136
223,339,42,44,46
905,79,48,47,54
740,171,50,47,52
592,102,42,44,45
652,218,239,237,255
76,100,154,26,35
1033,209,46,46,51
54,63,119,108,113
743,286,44,43,49
204,445,47,47,49
273,380,43,45,46
311,259,204,204,223
1114,102,232,229,246
968,328,44,47,50
644,48,45,45,49
1067,12,100,79,63
823,253,241,238,255
69,198,40,34,36
446,218,138,126,155
1145,261,234,230,248
761,330,47,47,50
85,440,50,47,52
169,211,190,187,205
511,77,26,22,23
687,170,49,46,51
449,128,40,42,45
394,95,35,32,36
826,365,47,45,50
58,399,47,46,47
1199,337,241,238,252
900,3,164,110,67
345,458,66,62,50
175,35,178,158,180
692,434,41,44,48
149,18,154,135,159
642,115,43,47,46
820,392,44,43,48
981,268,47,49,52
138,86,146,132,150
635,166,48,47,50
548,188,226,227,250
162,56,137,127,145
1036,237,46,47,52
209,392,43,42,46
337,485,140,137,144
809,302,43,46,48
218,400,43,44,45
579,76,45,44,46
160,498,47,46,51
708,295,42,44,45
712,436,46,44,47
267,459,96,90,64
1013,204,46,47,49
1046,278,82,70,60
1004,292,44,47,52
1192,108,236,237,254
158,308,38,36,37
81,351,38,35,40
1039,317,48,49,52
497,233,175,173,170
688,178,48,52,59
617,101,45,46,47
16,205,34,30,31
886,171,51,47,53
1057,221,48,49,50
479,54,43,39,47
1059,162,48,49,56
411,135,38,41,41
492,254,215,215,237
366,497,71,62,49
413,97,34,39,39
1135,319,227,224,243
1130,63,228,227,245
1136,493,225,225,240
309,70,36,26,33
219,268,205,204,223
73,187,40,29,32
376,443,161,96,89
36,261,34,32,31
456,439,183,182,202
791,484,159,156,172
1183,277,238,238,253
24,498,71,65,52
350,143,35,35,37
520,298,49,45,47
743,182,47,48,53
930,205,46,48,55
76,135,171,103,114
935,13,189,164,129
1073,189,61,57,61
671,74,47,47,51
852,274,45,47,50
582,236,233,232,255
763,82,44,46,50
237,154,34,28,31
372,418,43,43,47
107,216,210,209,233
396,196,209,209,232
435,35,41,33,34
607,369,45,47,48
786,191,48,46,51
677,41,46,46,50
394,105,39,35,38
1123,232,230,229,242
595,179,48,51,53
100,107,158,30,42
664,245,43,48,50
338,75,34,25,27
116,27,26,26,33
1032,329,44,49,50
356,319,45,45,44
1129,328,231,229,242
776,149,46,45,50
269,291,42,43,48
511,173,48,46,49
1055,4,112,89,99
1137,284,228,227,244
547,131,44,45,46
438,341,41,46,47
1055,483,50,47,52
1133,84,229,228,242
632,203,235,234,255
77,16,37,32,37
317,417,45,43,46
339,76,31,26,27
1154,30,235,235,250
1133,396,231,230,248
84,206,212,215,236
649,299,47,44,48
742,162,48,47,50
746,317,47,48,48
1127,18,229,228,244
348,77,31,27,30
699,111,48,46,47
926,280,48,45,49
686,496,115,88,62
594,207,232,231,255
895,194,46,48,52
418,112,40,38,41
502,190,156,149,181
586,72,44,44,46
1107,392,239,236,254
712,139,44,44,50
72,241,40,42,46
1173,363,237,236,252
1172,42,240,238,255
577,165,43,47,48
713,473,148,137,143
340,304,44,43,46
345,379,46,41,49
711,129,46,45,50
170,176,198,194,216
840,281,46,48,51
1148,99,235,231,246
328,478,116,108,120
202,475,45,46,48
958,474,47,48,51
292,464,90,76,52
770,174,43,46,49
691,62,49,46,46
270,56,51,52,57
336,422,44,42,46
88,97,154,24,34
89,49,25,26,26
411,491,67,61,59
802,382,42,45,49
405,147,37,41,45
358,323,46,43,48
16,162,172,29,39
917,401,43,45,49
233,51,208,203,220
727,94,44,46,50
801,292,47,47,48
926,126,52,48,48
854,18,90,88,81
140,10,191,191,208
843,464,48,48,51
548,262,231,230,253
431,267,233,231,252
536,254,228,230,244
201,262,201,200,223
1031,441,49,50,54
268,411,43,44,50
255,51,126,128,145
991,260,47,48,49
165,396,48,43,49
686,260,44,45,49
219,215,188,182,204
182,317,39,38,43
233,478,46,47,48
1092,298,239,238,255
382,306,46,44,47
1141,401,233,231,246
991,258,45,45,53
297,278,42,44,49
1030,47,99,75,61
401,307,44,43,47
242,123,29,26,31
865,63,69,60,57
224,341,44,42,47
288,389,44,41,46
108,23,117,111,113
953,69,87,83,86
341,383,39,42,44
230,375,45,42,45
1000,142,46,49,53
848,310,48,46,50
652,210,237,235,255
320,183,188,184,205
976,41,99,74,62
789,428,48,45,48
678,121,45,45,47
556,259,233,231,255
1090,283,234,224,194
595,77,46,44,45
126,24,31,30,29
267,56,53,50,59
664,477,102,76,59
1055,435,50,50,55
223,43,193,183,196
1185,151,241,236,252
240,473,69,72,59
178,392,44,43,48
366,431,49,45,48
653,53,44,44,51
1115,225,234,230,247
694,44,47,44,50
104,171,122,119,131
861,224,241,236,255
491,53,41,41,44
464,59,42,39,44
206,380,41,43,47
910,338,48,47,50
595,243,234,235,254
1028,302,47,47,50
395,417,46,44,49
745,39,49,50,54
693,315,46,44,50
37,152,163,30,38
114,498,44,45,48
1137,239,232,231,247
1148,236,232,230,248
153,375,43,43,46
982,359,45,47,49
295,74,37,28,31
1067,179,49,51,55
701,258,50,44,52
9,153,168,27,36
306,467,128,118,91
848,289,47,46,52
1048,281,220,220,200
595,370,40,44,46
1114,407,232,231,247
21,26,226,225,249
526,264,227,225,247
379,475,58,50,51
695,466,120,99,71
895,148,45,46,50
1170,331,235,235,250
1070,459,163,153,74
724,344,42,44,47
884,330,47,46,50
906,115,46,49,51
176,331,39,40,43
288,319,45,41,47
308,400,46,44,47
921,174,49,46,52
1157,388,234,234,249
480,99,42,43,44
91,323,32,34,35
665,277,45,45,47
789,34,49,48,53
960,135,48,48,51
1,417,52,49,53
450,141,43,42,46
1072,274,54,52,57
780,450,46,46,48
641,259,43,44,47
1069,49,64,65,67
173,216,194,191,211
184,150,38,34,40
847,444,45,45,50
912,477,57,57,59
540,82,45,44,47
1080,189,247,248,255
1108,342,237,234,252
859,441,48,46,50
1113,27,236,234,250
353,324,41,45,48
832,307,49,46,50
699,211,238,237,255
701,146,44,46,49
156,2,38,34,37
324,194,194,190,213
80,295,36,28,30
898,102,45,47,51
145,147,197,199,218
19,274,31,30,35
316,280,42,44,45
522,13,27,21,26
1167,309,236,233,251
853,481,173,161,114
884,177,46,49,50
783,271,239,237,255
311,342,39,45,44
1145,232,235,230,245
1058,498,50,49,54
425,232,223,222,246
1122,257,229,225,242
359,388,43,43,45
372,409,42,43,45
649,265,45,46,51
718,221,85,77,68
554,87,45,44,47
752,102,43,44,49
925,456,48,48,52
877,1,90,85,84
592,99,41,46,48
369,136,36,37,41
9,413,55,53,54
1079,438,58,57,61
176,53,166,155,178
365,490,126,114,116
781,204,56,51,56
969,168,47,49,52
734,164,45,46,50
70,255,39,30,35
95,281,36,36,39
1193,235,239,237,251
611,181,53,50,56
583,62,40,43,46
538,497,156,147,120
925,136,43,48,50
1165,137,236,235,247
1117,164,231,229,246
1089,66,251,251,255
159,210,194,192,211
612,134,44,48,49
799,462,48,50,50
277,398,48,41,47
424,207,224,222,244
513,79,33,29,35
1195,52,239,237,254
745,471,108,108,81
10,146,164,29,34
544,411,38,40,42
829,3,96,92,86
264,465,112,99,70
192,323,43,40,43
410,120,37,38,40
143,457,50,48,53
487,27,74,56,47
957,45,97,73,60
473,409,45,44,47
270,499,103,87,63
705,481,124,106,82
997,89,47,49,54
136,352,36,40,42
93,418,59,57,53
762,338,47,45,48
880,242,70,54,101
564,456,138,133,135
1132,21,232,227,244
220,413,43,45,48
733,289,44,48,49
40,262,33,29,30
1156,430,237,234,249
1064,197,54,50,54
431,111,43,41,44
443,267,233,230,253
484,62,41,42,44
112,360,43,41,42
56,62,119,111,116
525,371,40,40,44
459,491,122,120,86
313,210,190,190,206
1069,376,51,52,54
1033,92,48,50,53
74,27,150,141,156
531,80,45,44,46
462,16,114,87,63
1176,209,238,236,254
90,317,40,32,34
444,362,44,46,49
742,333,44,47,50
81,485,48,46,48
615,145,42,43,49
761,146,42,45,48
658,145,43,47,50
528,205,219,220,241
642,143,44,45,48
890,23,76,70,70
1131,490,229,227,242
447,245,223,224,239
226,22,174,164,187
1159,276,236,232,248
532,79,47,44,46
545,306,46,45,46
222,152,29,24,29
870,324,50,45,52
841,103,46,49,49
592,222,239,235,255
873,210,46,49,50
657,247,44,46,49
1082,348,239,246,255
259,497,93,77,58
522,442,137,137,150
590,31,42,44,46
536,426,41,43,42
357,454,69,58,47
529,4,65,43,32
1147,184,233,231,247
951,287,46,44,50
476,134,46,42,47
403,130,39,40,40
424,359,43,44,48
85,145,162,31,39
534,483,140,136,145
943,78,46,48,51
157,308,40,36,38
24,338,39,40,43
1131,189,230,227,242
97,67,142,122,143
696,145,45,49,51
342,407,44,44,47
258,247,192,192,212
250,85,45,43,49
957,493,50,46,52
33,57,139,132,149
485,87,48,43,45
312,454,78,72,53
381,213,202,204,222
660,349,41,44,47
1075,334,52,50,55
312,76,30,26,32
153,125,184,175,195
964,304,47,46,50
506,21,80,60,48
612,410,41,46,47
318,249,199,199,219
1102,141,243,238,255
1161,425,234,231,249
170,225,192,192,210
942,156,47,48,50
616,473,186,182,190
153,365,42,41,46
353,197,105,97,120
806,309,48,44,48
172,300,34,39,40
881,189,48,46,51
212,5,176,159,183
1029,308,47,47,50
331,286,45,43,48
790,198,50,47,54
138,226,193,193,215
763,317,46,44,50
1026,219,48,47,53
293,130,30,29,29
571,394,44,43,47
155,105,43,30,39
1102,112,232,234,252
640,62,45,45,46
170,6,161,140,163
804,494,165,161,176
382,464,86,71,67
129,452,45,48,49
725,472,156,146,158
866,344,44,44,47
9,259,32,29,31
511,300,44,43,48
688,148,45,47,48
1166,49,240,238,254
1063,44,108,105,112
917,56,75,73,67
985,488,48,49,52
1059,472,49,49,54
854,201,46,48,52
437,395,51,48,53
284,438,84,85,57
703,21,53,48,52
895,80,45,48,52
833,497,167,162,158
293,111,31,24,27
487,475,105,102,72
273,171,188,184,203
1128,263,233,227,244
1054,271,55,53,55
642,454,193,200,225
25,411,46,45,49
1006,277,48,47,50
1110,485,228,227,242
722,92,46,46,48
1049,403,45,50,50
656,60,43,47,48
118,141,34,29,30
1191,213,239,236,252
564,239,235,232,255
394,400,41,46,45
818,438,45,45,50
527,29,67,49,38
694,53,44,46,47
930,348,42,47,47
435,299,46,43,47
1011,341,45,46,50
429,404,45,47,48
654,50,46,46,50
900,269,237,238,255
596,498,177,180,193
129,48,141,123,142
559,464,140,137,150
840,161,50,48,54
575,10,96,81,58
810,79,47,45,50
236,170,191,184,205
541,499,138,125,96
783,51,45,48,49
910,319,44,45,50
1113,354,237,234,249
132,365,43,40,45
907,360,48,47,52
851,479,165,151,92
1197,213,238,235,253
708,476,137,124,108
1044,356,50,48,54
581,429,43,42,47
250,413,43,42,47
162,273,213,210,231
1134,38,231,226,243
54,347,42,40,42
531,358,42,41,45
726,479,157,149,161
891,386,43,43,49
990,54,99,76,61
749,267,47,50,53
996,205,45,49,51
872,282,49,46,50
48,115,148,22,30
846,263,234,237,255
641,468,96,89,85
450,175,42,44,47
939,267,49,46,51
210,65,37,28,33
29,449,51,50,52
87,323,36,35,35
974,229,48,48,50
676,391,64,51,70
833,236,198,202,193
778,380,45,48,50
685,416,44,43,46
326,8,49,49,49
607,463,142,145,157
397,447,195,202,220
958,282,45,46,51
938,11,238,235,255
995,277,49,49,51
941,313,48,47,48
708,296,44,45,50
975,326,43,46,49
1119,351,232,228,247
281,100,27,25,27
681,194,243,239,255
566,423,44,44,49
602,298,46,44,46
632,298,44,43,48
429,27,35,31,31
284,75,35,31,33
952,408,47,47,52
366,17,41,31,32
1165,225,241,236,255
850,241,214,219,253
730,123,44,44,48
222,132,33,27,31
699,174,50,47,51
109,57,147,125,149
140,376,39,42,45
15,439,51,50,52
68,409,46,45,47
303,280,43,44,47
671,136,45,46,50
172,404,45,43,46
174,283,117,120,157
642,346,45,44,47
796,13,51,49,53
707,196,240,238,255
802,3,48,51,54
230,448,49,47,52
460,247,93,85,108
191,271,211,207,231
960,28,96,73,60
217,212,50,45,51
423,447,163,159,145
154,324,39,38,41
396,229,217,213,234
968,462,46,46,51
250,23,206,196,216
883,304,48,46,50
853,363,46,48,51
1153,307,232,234,248
781,124,47,48,49
398,66,31,31,31
503,244,70,61,66
1149,334,234,233,249
1002,13,123,90,67
498,196,203,204,225
32,395,45,45,46
175,271,210,209,231
860,198,47,48,52
419,145,40,42,45
944,159,46,46,52
351,461,63,61,52
1055,162,50,49,53
87,190,153,152,177
220,273,206,203,225
391,142,39,38,43
1138,93,233,229,246
567,257,234,231,254
115,325,36,33,37
69,97,152,25,34
259,474,107,98,76
788,157,46,46,49
965,188,48,47,51
965,450,159,169,161
1073,379,58,56,59
809,441,47,46,52
944,146,46,47,52
400,471,53,50,50
473,66,41,41,44
267,70,44,44,51
344,59,36,26,26
506,122,34,30,32
866,396,43,45,47
953,53,64,59,58
514,272,45,47,49
531,243,126,135,158
53,420,58,55,55
544,424,41,42,47
376,122,36,33,37
416,39,33,30,30
645,284,42,43,46
1012,23,106,80,62
135,211,201,196,219
864,498,110,113,74
272,247,194,194,211
117,6,115,108,116
875,42,99,95,92
240,376,44,42,46
630,18,52,48,50
112,397,47,44,49
418,25,36,27,29
1090,310,246,247,234
433,381,44,46,48
5,348,44,44,49
314,38,41,36,40
557,192,232,230,254
19,254,36,32,32
1128,417,232,228,245
645,32,51,50,51
674,479,109,83,61
831,164,48,47,50
708,422,42,42,49
21,52,65,62,64
83,1,62,60,63
461,491,118,118,77
653,222,242,238,255
667,428,43,42,48
1042,32,108,85,66
417,342,41,44,45
308,180,192,188,209
489,277,47,47,51
676,8,48,48,51
735,360,45,44,46
201,64,33,27,32
230,94,37,38,42
212,397,44,45,48
935,322,45,45,49
1198,324,238,237,253
565,291,43,44,46
712,122,45,47,47
485,389,39,44,42
751,112,47,46,50
59,22,62,58,65
1160,268,235,232,249
911,74,50,50,53
664,296,43,43,48
329,269,54,46,64
246,14,160,156,174
121,231,192,193,210
878,65,67,62,60
212,412,41,43,45
590,174,46,47,52
43,88,193,188,208
10,363,45,44,47
676,50,48,47,47
738,62,44,46,49
472,355,49,47,50
1148,115,232,231,246
652,268,47,44,49
1183,395,236,236,250
413,462,90,78,78
111,100,161,29,35
1035,139,48,48,53
668,59,46,46,48
1194,14,237,236,255
106,183,248,246,255
1152,305,232,231,247
161,387,41,43,45
413,449,101,92,87
669,398,42,47,45
732,275,43,47,50
226,375,41,43,48
951,450,109,114,144
849,85,46,48,49
835,249,94,88,98
296,452,81,73,57
291,455,76,73,54
622,339,43,44,48
512,171,49,44,50
776,243,240,240,255
926,36,212,180,106
638,260,45,44,50
899,327,48,46,51
668,82,47,44,50
180,354,45,39,45
1018,212,47,49,53
693,375,44,43,49
1170,288,237,236,254
1021,258,46,47,51
559,473,142,135,141
605,312,45,44,48
719,282,42,44,49
319,82,33,25,30
728,181,53,48,53
510,117,42,41,44
1135,353,232,230,246
303,219,193,191,210
1133,199,232,228,243
334,256,212,207,228
593,478,151,149,137
208,42,177,107,124
843,366,43,48,48
157,381,48,42,47
239,276,210,205,228
525,487,108,103,77
327,392,44,43,47
533,325,44,46,45
539,466,157,156,168
853,75,47,48,50
1165,468,236,235,251
126,459,50,46,49
566,238,231,231,255
132,385,39,44,46
724,75,42,45,50
797,248,244,240,255
893,346,44,47,49
747,188,55,49,59
861,161,43,49,54
1188,482,239,237,251
303,15,40,37,46
188,67,185,171,196
865,387,44,44,50
23,4,212,219,233
1014,333,45,46,49
580,426,43,42,44
918,219,50,51,54
1036,439,49,48,51
19,479,50,46,50
447,420,27,30,26
1046,91,67,59,62
39,229,30,29,32
765,425,49,45,50
816,359,46,44,48
1075,321,246,243,255
1071,474,59,57,60
188,130,44,43,50
797,485,165,160,177
585,443,181,176,187
800,400,47,47,52
213,443,46,46,50
846,234,239,237,255
1153,140,237,233,250
506,407,41,42,45
741,375,48,45,49
851,492,172,164,121
121,149,198,191,209
777,76,46,48,48
1184,172,237,237,252
102,277,39,33,35
598,68,40,43,46
567,96,41,43,48
1185,196,236,237,255
401,469,52,55,53
590,496,134,133,114
217,494,78,74,53
656,267,48,47,48
552,64,40,42,47
680,284,44,45,47
691,198,239,238,255
878,149,45,47,51
1191,473,234,235,250
915,273,48,54,68
1196,422,236,236,254
706,248,52,50,52
901,300,47,47,50
871,321,46,45,50
750,489,161,156,156
920,142,45,49,49
417,136,34,39,45
64,77,32,27,28
801,421,46,47,52
667,373,43,44,47
491,74,42,42,44
69,477,80,68,64
561,305,44,43,48
495,201,169,167,178
1162,135,236,233,249
1060,169,49,49,55
692,47,46,45,49
1145,24,238,233,249
16,158,168,31,38
123,344,35,35,38
219,319,43,43,44
505,467,145,144,153
1119,10,232,232,248
734,479,155,151,165
585,191,234,234,255
1179,120,238,238,255
1154,431,231,230,247
523,251,225,224,248
628,315,44,44,50
861,95,46,47,48
268,302,47,43,48
1171,239,238,236,254
63,282,38,29,32
771,254,240,236,255
424,172,46,46,47
908,474,51,48,52
361,170,46,46,48
817,324,46,49,48
1142,166,231,231,245
680,419,46,45,49
19,426,50,52,51
411,479,88,74,67
645,224,240,236,255
538,351,37,41,43
982,430,47,49,49
59,188,39,29,31
398,4,33,27,30
51,211,71,67,68
527,224,224,227,246
629,369,42,43,45
1111,459,236,232,249
917,223,49,50,54
911,324,48,45,47
531,107,45,45,47
976,427,44,45,51
15,189,91,93,86
754,208,240,239,255
1054,243,51,47,54
1046,420,46,48,52
913,461,48,49,52
154,120,38,31,36
537,389,37,40,42
316,141,32,30,33
282,338,42,44,46
263,218,190,185,204
766,486,159,155,167
115,481,47,47,52
229,162,185,181,200
983,342,44,46,49
976,352,49,47,52
917,278,46,48,51
814,342,47,47,51
158,61,136,123,139
957,87,47,46,52
867,463,47,47,52
391,469,72,62,55
921,414,46,46,49
1059,357,51,47,52
969,46,90,68,61
963,248,49,47,52
355,271,50,48,53
541,280,44,44,46
1035,252,47,48,55
1099,220,242,241,255
932,43,87,72,69
776,451,46,45,50
387,74,30,28,31
530,112,46,42,47
373,166,45,42,46
35,103,34,29,28
801,75,46,47,49
921,413,48,48,49
578,148,45,45,47
11,487,50,48,52
14,311,41,39,41
512,196,118,113,141
13,360,43,44,45
1099,52,237,236,255
465,238,230,229,254
381,304,43,43,46
524,89,45,46,44
849,216,207,205,224
660,222,109,110,152
408,93,37,38,38
878,384,44,48,52
528,496,106,101,79
445,82,43,41,43
616,192,240,234,255
662,246,48,47,52
424,429,47,45,47
1027,217,45,48,53
10,137,163,26,32
1139,461,226,226,241
1001,281,47,47,51
1095,68,240,237,255
668,300,47,46,51
225,31,174,164,185
52,442,52,50,53
312,419,45,43,46
781,265,238,239,255
348,19,34,30,32
1049,405,48,48,52
808,200,46,47,53
490,236,111,113,139
1106,443,232,230,247
578,439,168,171,181
845,165,47,46,49
519,323,40,42,43
605,349,42,43,48
583,489,152,150,158
979,230,41,48,50
1155,481,234,231,245
934,189,43,47,50
784,82,53,47,49
679,11,50,49,51
753,198,50,51,55
632,119,49,45,49
225,288,42,43,47
632,31,49,49,52
505,115,36,38,41
702,381,44,45,47
117,387,43,42,47
831,192,43,46,50
536,267,198,199,232
1042,131,46,48,52
1000,12,126,95,68
39,96,37,32,34
604,344,43,43,47
294,363,41,44,45
34,21,100,82,91
167,467,56,51,51
787,94,47,47,52
644,401,41,43,48
141,119,199,189,206
64,187,40,31,30
226,358,45,43,46
631,235,52,54,58
525,464,138,136,144
169,8,161,144,166
92,305,34,34,32
704,175,50,49,50
98,58,116,108,128
891,311,46,44,49
1151,300,234,233,246
70,490,49,47,52
931,476,50,51,51
102,248,218,215,238
542,158,46,43,46
1056,107,50,50,53
1024,480,45,49,52
702,166,49,46,48
644,63,46,44,49
559,304,46,44,45
724,283,44,46,51
356,113,36,30,32
311,404,47,42,45
434,5,38,27,30
386,159,39,42,42
725,102,45,45,49
615,428,40,44,46
794,452,46,46,53
26,372,44,44,46
21,42,63,63,67
939,269,46,43,47
357,26,39,30,30
246,43,111,105,124
32,475,46,49,50
636,305,44,43,46
1186,140,234,236,253
376,275,46,48,50
1013,206,49,49,55
459,346,26,23,22
912,318,45,47,50
329,62,31,21,24
496,424,44,44,45
685,360,42,44,44
276,14,100,100,113
334,165,39,36,41
718,481,155,149,160
1180,379,238,235,251
67,423,76,78,62
420,298,44,44,49
21,41,64,63,66
647,423,43,44,46
584,44,45,46,48
1191,160,240,236,253
282,252,196,194,216
180,485,48,48,50
1070,266,47,51,54
935,433,51,50,50
623,408,49,44,46
436,423,87,92,94
1141,305,231,228,244
1176,351,239,236,253
112,239,64,59,65
1008,127,45,48,53
1059,414,48,49,53
842,457,49,46,47
1134,193,231,228,245
77,477,86,73,71
1074,218,104,92,68
154,211,193,191,212
552,436,141,143,148
97,394,43,42,47
739,108,48,47,50
777,62,50,46,53
931,9,239,238,255
875,232,240,235,255
189,280,212,210,234
263,228,189,184,205
759,339,46,45,51
1144,221,232,232,245
1025,380,44,47,50
506,248,224,222,244
1052,51,116,108,108
196,410,44,44,47
751,335,44,47,49
262,251,196,195,215
120,397,43,42,45
1133,389,229,227,248
314,324,45,42,44
167,195,194,187,209
96,82,167,101,124
1040,46,103,90,73
436,431,88,86,97
690,258,47,45,51
429,488,21,20,20
86,225,70,62,90
728,264,51,51,53
645,86,43,45,47
624,428,44,44,49
673,9,49,50,50
176,431,56,53,54
478,146,41,42,47
250,386,46,45,47
771,90,47,45,49
1041,105,48,51,54
1175,125,238,235,252
404,397,44,43,44
492,459,163,162,176
612,497,141,142,150
534,253,229,228,249
932,289,44,45,49
1173,485,236,234,251
705,298,46,45,49
400,330,42,45,47
303,366,40,43,47
848,399,47,45,49
804,133,44,46,50
1149,419,228,228,243
632,327,41,44,47
1183,166,239,235,252
220,187,188,182,201
339,258,209,207,228
351,313,43,44,46
0,50,206,214,234
1068,394,52,54,58
512,483,111,103,75
707,264,44,45,50
373,194,201,201,221
1155,458,236,231,248
1006,257,49,46,51
536,215,227,225,247
38,402,44,47,49
998,418,50,46,50
54,490,89,84,71
1042,127,51,47,51
1059,65,104,90,79
961,281,47,46,50
696,57,44,46,48
1040,332,48,47,49
815,164,47,48,53
399,18,37,29,28
63,315,40,35,40
1006,199,43,46,48
105,197,192,206,228
769,447,44,46,50
399,492,76,67,54
609,388,40,44,45
521,499,145,140,131
353,16,41,33,34
540,380,41,41,44
637,202,234,233,255
932,427,46,44,51
302,107,35,25,28
36,160,168,32,38
35,268,36,30,35
476,435,185,188,210
516,468,146,145,151
636,220,63,60,75
485,212,32,30,32
113,217,207,204,227
1082,194,120,117,132
940,107,45,46,52
989,18,120,90,67
435,214,59,59,66
732,394,44,44,46
786,52,47,47,51
1014,216,49,50,53
502,330,41,43,45
375,106,31,33,32
849,379,43,45,48
399,237,60,57,67
576,22,54,50,52
517,394,42,41,44
101,174,181,181,201
1104,362,238,235,254
437,28,38,33,35
229,357,43,43,47
526,368,39,42,45
334,325,42,44,45
540,341,45,42,45
948,120,47,48,50
261,31,134,131,152
842,42,99,87,70
137,211,200,196,216
855,189,47,47,51
802,318,47,46,52
1177,240,235,234,250
89,251,219,215,241
543,212,230,228,251
208,162,36,31,30
630,129,43,43,44
412,424,39,42,46
856,466,46,47,51
629,413,43,44,45
853,340,48,46,49
412,95,38,37,37
435,234,230,229,252
224,416,43,45,45
106,129,161,27,38
508,436,173,175,192
967,451,52,43,69
213,409,44,45,49
921,106,46,48,50
1135,179,229,228,244
22,403,47,46,49
1071,378,54,52,58
949,52,73,59,56
12,269,32,34,34
1009,176,51,48,51
9,30,227,225,248
670,320,43,46,48
325,152,31,32,35
15,477,50,48,51
684,169,48,47,51
759,288,50,46,48
282,72,37,33,36
317,453,82,74,56
944,163,48,46,50
601,91,43,44,47
838,289,46,45,49
36,217,33,31,31
845,278,46,48,51
269,264,200,198,223
758,69,48,46,51
362,432,88,86,58
789,431,47,45,49
103,254,218,215,238
35,126,152,25,32
997,330,47,47,51
48,306,36,32,33
786,464,48,48,50
360,126,31,34,37
52,176,172,34,41
630,410,44,42,46
5,278,36,30,32
297,253,200,198,220
778,13,51,48,53
537,70,48,44,47
