x,y,R,G,B
975,439,147,161,123
949,323,46,46,50
120,303,36,32,36
1035,225,50,50,53
457,207,60,55,72
919,378,41,46,48
1171,300,235,236,253
785,200,50,48,52
507,492,120,107,70
364,480,79,77,70
970,456,49,40,77
633,143,43,46,48
332,300,43,43,48
670,160,48,46,50
860,61,86,70,56
80,458,51,50,52
439,447,28,25,25
824,41,59,57,57
384,48,35,28,27
427,127,41,42,44
765,133,47,46,48
219,238,49,44,54
257,276,49,45,48
152,55,130,117,136
1090,497,241,239,255
623,287,40,43,48
725,287,45,46,49
830,298,49,48,52
561,189,229,227,253
470,89,42,42,46
989,96,50,49,51
522,340,44,44,45
492,105,41,43,45
536,360,43,42,44
305,310,40,44,45
522,245,222,223,244
671,253,44,46,49
1168,247,236,232,251
625,43,46,46,48
1001,92,50,48,53
311,403,43,43,45
758,63,44,47,48
459,98,44,42,46
362,371,42,45,44
970,136,50,47,53
41,190,125,123,125
705,219,188,174,188
1037,69,95,84,64
1189,202,238,238,255
289,40,48,50,54
464,220,218,223,233
537,44,46,41,48
914,155,48,47,50
899,302,43,46,48
656,153,44,44,48
729,302,47,47,53
1076,275,54,54,58
957,325,46,46,50
1164,497,238,233,250
949,225,47,47,50
340,36,39,27,30
986,23,109,80,62
1046,303,173,177,205
68,381,42,43,47
76,186,40,32,36
622,221,115,99,94
1042,292,237,233,255
1107,0,240,237,255
155,110,33,27,29
554,380,40,42,46
75,103,152,22,36
1101,432,238,234,255
769,335,46,46,49
1030,486,49,49,53
512,381,45,42,45
643,464,188,193,212
848,385,43,47,47
245,279,208,206,229
261,57,43,47,52
321,25,41,40,43
597,261,47,51,52
383,129,40,37,40
809,487,167,167,178
956,228,46,48,49
899,440,56,49,62
109,156,192,183,205
1009,387,48,47,51
126,373,38,40,45
136,277,215,212,233
291,291,40,43,47
915,213,52,52,56
611,255,54,52,55
1170,434,233,234,248
1181,38,239,237,255
170,108,199,193,212
38,242,35,26,27
280,216,188,188,208
1138,254,232,229,245
912,460,47,49,53
11,326,42,39,45
1052,77,65,61,59
670,182,236,235,255
32,135,156,27,30
1155,68,234,234,250
1162,275,237,234,250
113,77,145,124,148
738,402,145,160,130
621,28,48,48,52
950,472,46,47,51
1125,68,228,227,243
671,62,43,45,47
70,207,67,65,81
398,117,41,38,39
391,48,32,27,28
1050,144,49,47,52
148,294,40,34,37
636,347,44,44,47
1129,402,230,229,242
828,10,88,88,81
166,19,160,143,169
376,230,209,211,233
911,497,178,162,110
896,66,90,89,85
589,253,234,238,255
412,189,213,211,236
814,214,239,237,255
443,350,48,46,48
723,168,45,44,52
505,217,214,213,234
3,285,35,32,35
1029,327,45,47,53
1176,430,239,234,251
240,201,133,132,139
361,362,44,44,45
821,456,51,47,53
327,335,43,44,46
690,494,120,94,64
893,302,49,48,52
105,38,187,185,204
299,334,45,43,47
650,286,42,44,46
850,172,43,47,53
718,284,48,46,46
432,49,35,33,37
735,202,244,238,255
989,68,99,83,75
403,413,44,43,45
348,341,40,42,46
119,461,48,49,46
837,75,48,48,52
982,29,99,79,61
697,299,47,44,51
79,425,52,52,54
1174,464,235,234,251
238,189,187,186,204
48,241,35,31,33
253,213,184,177,198
48,308,32,33,37
885,160,47,47,50
833,125,43,45,49
625,397,44,43,46
1195,286,239,236,252
1015,321,47,46,49
614,71,46,43,49
1067,7,101,77,65
96,14,114,106,117
34,346,41,41,43
246,340,43,44,48
788,281,93,89,110
893,187,45,47,53
939,294,47,46,49
236,466,96,95,64
940,28,85,64,60
683,398,93,79,91
588,367,43,43,46
439,498,171,174,188
447,153,45,42,47
83,453,46,47,48
97,18,118,110,120
395,160,45,42,45
614,431,48,44,46
662,32,49,49,52
837,297,46,47,52
634,97,45,46,50
974,499,53,52,54
358,164,37,40,43
236,161,189,182,204
1128,407,228,228,241
529,14,72,51,36
964,275,49,48,50
451,434,124,118,126
849,215,83,80,89
228,478,49,48,48
1066,302,219,227,255
448,158,42,46,47
138,394,44,43,46
519,76,44,42,46
1012,302,49,48,50
432,63,35,38,38
676,289,47,44,46
937,394,47,46,47
590,275,44,47,48
354,444,82,79,53
683,364,46,45,46
487,329,42,44,46
530,475,117,117,118
640,411,41,44,45
781,256,240,240,255
1191,376,237,235,253
19,50,65,62,68
537,243,73,64,98
672,428,45,44,49
54,450,48,46,50
103,342,39,39,39
522,341,46,42,45
1115,130,232,230,247
465,152,44,45,47
1119,67,228,226,243
1178,274,238,237,252
709,273,43,48,49
996,337,46,47,50
419,239,198,200,221
449,368,78,81,88
806,252,246,240,255
1162,161,236,234,252
1026,300,49,49,51
633,447,185,195,215
914,18,93,66,59
983,228,49,44,48
336,289,42,42,48
981,178,48,48,52
182,405,41,45,46
206,495,42,46,48
228,72,112,115,131
488,409,46,43,46
127,269,215,211,235
758,295,46,44,47
390,477,50,50,47
961,76,71,62,61
1176,88,239,236,252
30,214,30,31,29
1153,246,238,233,250
979,280,46,47,51
1041,413,50,46,53
1136,257,233,230,244
602,248,240,237,255
369,254,215,213,235
556,301,46,44,47
236,108,32,34,36
81,359,43,45,44
1183,58,237,237,252
980,317,46,47,47
1022,460,44,49,51
848,13,94,90,85
957,226,48,46,52
95,460,58,54,55
836,405,45,47,48
397,247,59,60,62
1098,377,244,240,255
65,404,45,46,49
444,24,49,43,35
896,318,46,45,47
421,4,38,26,28
619,258,48,49,52
16,336,43,40,42
965,84,46,47,52
862,204,54,45,53
447,163,43,42,48
527,439,138,140,146
724,410,45,44,48
41,312,34,35,36
1000,290,44,47,51
723,423,44,47,48
1173,238,239,234,252
458,93,42,40,43
48,356,42,42,45
644,497,108,92,94
722,392,46,45,48
787,288,50,46,52
961,194,46,47,52
520,78,43,44,45
353,451,86,83,54
239,316,43,44,46
947,19,120,79,64
444,413,17,16,16
849,254,239,238,255
782,256,239,239,255
179,172,191,187,210
1087,376,126,111,74
1062,299,108,95,64
63,153,166,29,39
757,255,239,237,255
195,273,203,205,225
560,54,44,41,45
38,301,33,31,34
263,363,39,45,46
292,434,75,66,52
454,121,46,43,46
401,438,195,202,221
133,110,163,35,44
221,181,189,183,205
9,100,135,19,31
245,490,66,63,50
530,85,45,44,47
207,292,42,42,45
832,290,46,46,50
761,197,50,50,53
179,389,45,44,50
22,402,45,48,47
542,243,201,203,201
1129,422,233,229,247
751,265,78,63,87
1084,400,110,113,139
742,297,47,44,50
1019,181,53,49,54
991,268,49,46,50
1013,170,45,50,50
403,163,40,43,47
779,187,46,47,54
1007,162,47,50,50
684,367,45,44,47
443,24,56,44,40
4,136,163,25,33
700,78,47,47,48
836,338,41,46,49
688,325,44,45,50
1067,22,70,61,62
22,183,99,93,104
854,81,48,47,49
920,430,82,81,113
581,472,114,106,92
567,74,43,44,47
871,311,48,47,51
769,402,43,46,49
308,431,67,68,53
604,278,43,42,47
627,397,42,44,47
192,411,43,45,47
115,191,219,220,247
344,255,204,204,226
372,74,34,26,32
931,425,43,47,48
1125,224,231,230,244
551,145,43,43,48
872,299,47,50,51
1001,32,114,88,64
529,2,67,46,31
83,314,39,35,34
602,386,42,41,43
295,402,41,42,45
795,173,45,46,47
1102,76,237,232,251
145,281,216,215,237
402,45,27,24,27
394,335,44,44,46
189,267,208,204,229
72,297,30,31,32
612,276,46,46,48
292,35,47,54,57
816,99,49,46,50
14,475,50,47,50
225,403,41,45,44
99,212,217,219,247
1120,429,235,229,245
23,71,114,103,111
788,494,169,164,181
496,372,44,43,46
446,118,41,42,47
892,125,47,48,51
758,281,40,46,49
753,7,50,51,52
1137,371,228,228,249
424,437,57,48,47
846,247,236,236,244
395,171,44,43,44
644,457,196,202,222
380,319,45,45,44
617,452,187,193,209
453,323,49,46,50
886,131,46,45,52
441,379,44,48,48
549,213,228,232,251
347,278,45,41,47
756,226,239,238,255
1091,457,241,239,255
329,340,42,42,46
1064,325,47,50,53
856,50,108,87,66
1159,169,238,236,251
451,406,52,51,57
503,323,43,42,45
968,96,48,48,53
682,186,241,239,255
1193,11,240,234,254
177,368,43,41,45
1042,302,220,226,251
497,293,43,45,48
867,140,48,47,52
1059,92,65,59,59
832,266,49,51,53
938,204,49,48,51
770,153,45,47,49
1100,253,239,239,255
23,297,35,33,33
818,12,71,69,66
455,345,58,58,65
998,114,49,48,54
496,496,106,96,58
1122,166,232,227,244
1172,345,240,236,252
903,61,101,98,93
556,378,37,43,43
529,311,46,45,47
893,353,46,44,50
1135,234,227,227,242
368,61,31,25,27
619,63,46,45,48
120,59,165,143,169
585,259,231,235,255
1001,400,41,47,50
1145,482,231,226,247
865,419,57,58,51
613,18,50,50,50
865,190,47,47,50
633,192,240,236,255
709,288,44,44,46
499,473,114,111,83
878,477,46,50,51
418,142,44,41,45
1003,445,47,48,51
418,263,218,221,244
591,133,45,45,49
211,246,199,193,217
912,276,54,50,53
619,267,44,44,50
753,97,50,45,49
30,440,53,49,51
661,476,94,74,58
1146,207,233,230,249
674,12,51,49,53
337,358,40,45,46
804,485,162,158,171
860,193,47,46,51
440,121,44,42,46
1022,12,105,82,62
1008,151,51,48,53
80,311,36,32,34
931,119,48,47,51
1006,73,104,94,87
282,224,186,187,206
300,188,189,187,203
1067,100,52,50,55
576,150,45,45,47
1144,333,234,229,247
1015,362,49,47,52
1011,130,50,49,51
1087,100,139,142,147
776,359,50,46,51
1089,426,249,246,255
65,246,30,30,31
581,122,43,45,48
517,107,47,43,50
248,39,68,67,82
896,491,173,153,84
521,135,42,44,46
1095,319,240,241,255
1097,133,241,236,255
34,478,51,51,53
926,142,46,48,50
387,365,44,45,47
787,283,47,50,56
540,452,129,128,135
503,290,45,44,52
651,430,42,44,46
417,391,46,44,47
489,41,70,58,50
944,396,48,44,50
794,268,239,235,255
1,250,30,31,29
76,265,38,34,37
814,271,48,48,54
412,360,42,47,47
733,87,47,46,49
1146,430,232,230,244
1023,250,48,47,53
301,478,120,113,87
253,390,42,42,48
98,208,221,224,253
567,127,43,46,46
346,125,33,31,32
426,97,42,41,43
22,334,44,40,42
322,259,206,205,225
759,400,95,101,83
277,161,39,36,38
417,139,42,40,46
772,46,47,50,53
308,244,199,198,219
696,54,48,49,50
609,302,43,42,47
930,219,44,47,52
239,296,43,42,45
569,21,51,47,50
348,256,210,208,232
1112,468,230,229,243
268,180,189,185,204
821,184,48,49,51
669,396,52,45,45
408,254,222,225,243
129,77,158,142,163
1132,115,227,227,244
780,330,48,46,52
1073,18,87,71,62
472,194,229,225,248
242,271,206,204,225
1019,85,94,84,69
553,425,39,43,45
911,87,46,46,52
319,79,33,25,25
788,83,46,46,45
923,54,95,94,87
1131,484,231,227,240
367,408,44,44,47
230,326,41,43,47
212,323,44,43,45
516,243,62,59,64
788,111,45,48,49
202,10,157,32,40
851,70,46,47,50
530,182,225,223,246
784,321,46,45,49
621,154,42,46,49
921,392,41,45,50
579,265,234,232,255
891,418,48,46,52
189,472,73,72,80
319,278,43,45,47
632,104,45,45,49
711,108,45,48,49
165,72,147,131,152
565,419,43,42,43
976,3,111,82,65
95,37,175,173,195
44,483,47,48,49
686,130,44,46,48
100,129,164,28,34
521,76,43,44,44
826,195,47,48,53
1051,476,49,48,54
837,4,95,93,88
622,219,74,61,62
173,157,33,37,39
401,227,214,214,238
432,334,44,45,48
9,263,36,30,32
896,374,48,46,49
12,11,154,148,172
202,353,42,41,46
168,214,191,188,209
593,82,42,46,47
578,40,44,44,47
1162,199,239,235,254
325,74,29,26,27
15,433,50,49,52
819,11,75,73,68
387,353,43,44,44
402,403,40,42,45
522,371,44,40,43
1068,334,49,49,56
844,239,73,59,63
1163,125,236,232,251
351,316,42,43,47
176,223,194,188,211
461,495,127,121,69
1039,18,105,85,65
113,482,50,48,49
1056,222,48,51,52
249,308,45,44,46
1066,431,47,52,56
432,205,84,75,105
151,324,37,36,38
353,135,32,34,35
762,83,45,46,49
658,190,239,238,255
737,239,239,239,255
856,21,92,89,82
310,66,35,23,28
913,287,46,48,51
266,179,190,182,208
206,286,44,45,48
809,150,50,46,53
748,132,46,46,49
806,78,48,46,52
174,229,185,191,209
385,496,79,73,54
497,104,41,43,45
399,121,40,37,39
309,482,89,82,64
550,59,43,44,45
776,418,48,47,50
948,389,47,44,50
674,249,49,48,52
502,296,44,45,49
822,172,45,49,51
619,312,43,43,49
498,6,102,79,58
492,5,67,56,47
433,213,182,181,211
135,33,132,113,134
119,157,210,201,224
274,71,39,37,42
754,419,44,43,49
786,75,45,47,52
1174,95,237,235,254
929,359,46,46,51
793,179,45,47,48
636,482,130,121,125
399,499,91,78,54
151,124,193,192,202
940,453,89,81,115
76,66,187,185,204
128,171,227,229,248
304,413,39,43,46
525,230,225,219,244
935,130,49,47,52
614,497,114,112,102
100,479,47,47,52
579,220,231,233,255
1071,140,48,50,54
241,87,48,47,55
557,371,41,39,44
1032,71,100,88,72
878,468,48,48,52
1108,216,237,236,253
6,450,53,53,53
499,285,44,44,51
83,430,48,48,49
286,466,81,74,54
66,62,177,176,196
584,133,45,43,50
658,141,44,47,50
869,171,45,47,50
374,166,42,42,44
12,8,228,227,247
534,193,222,224,245
1096,49,234,233,239
386,193,205,202,225
51,53,113,106,118
476,11,56,45,43
88,293,41,29,35
487,371,42,43,43
1117,259,232,230,247
750,150,45,44,49
590,127,45,45,49
735,131,45,45,50
273,209,174,170,191
160,453,47,47,53
24,88,114,94,93
455,83,41,44,42
1139,178,233,230,246
772,427,43,45,51
345,18,39,29,33
1038,18,108,84,64
329,182,193,190,215
1002,313,47,49,51
516,11,80,62,53
896,188,45,48,51
510,264,219,219,241
735,77,46,44,49
946,77,45,49,51
403,403,41,42,43
690,26,50,51,52
1018,135,46,48,50
810,234,138,127,109
636,346,43,42,43
628,175,227,227,251
658,363,44,45,46
822,40,61,56,56
462,100,39,41,46
190,66,200,187,210
222,224,188,185,205
359,409,42,43,49
1080,155,248,247,255
465,50,37,40,42
497,466,166,165,169
150,382,41,43,46
438,148,45,42,46
504,424,41,42,44
432,4,37,28,29
1163,285,238,237,252
271,160,37,33,35
577,434,41,42,44
110,283,40,34,40
386,65,31,26,29
13,483,51,49,53
349,226,164,160,189
1105,368,237,238,255
819,453,46,47,50
476,413,44,45,46
911,384,46,45,50
232,121,35,28,34
1105,103,237,233,251
1020,82,93,81,68
9,379,45,44,48
1113,455,230,231,247
691,349,46,46,47
30,438,49,47,53
595,21,50,49,51
910,400,47,47,49
351,49,36,21,23
428,214,219,219,241
166,57,138,128,150
411,212,60,60,64
559,436,103,95,84
637,366,45,42,47
990,77,66,60,57
276,234,186,185,204
311,331,43,43,46
80,191,39,30,36
359,179,198,196,215
342,218,200,198,221
263,32,126,124,143
103,234,199,197,220
13,337,39,42,45
194,221,191,189,209
729,240,239,238,255
1004,236,45,48,47
331,298,42,46,48
466,330,41,38,43
1044,212,48,49,53
990,51,102,76,61
8,69,104,94,108
909,303,45,47,50
95,241,217,215,242
734,65,46,45,49
801,128,46,49,49
313,463,130,120,103
604,43,42,46,47
999,266,48,47,51
533,397,41,42,48
398,312,46,46,50
1084,75,61,56,63
545,205,109,111,142
523,122,41,45,46
430,452,158,101,102
47,53,111,104,112
808,273,51,49,59
442,163,43,42,48
998,174,44,46,49
358,447,75,65,51
541,255,225,227,249
536,257,227,226,248
683,239,219,219,246
1180,61,240,237,251
869,434,43,45,48
555,399,47,46,51
1196,197,237,236,254
250,424,71,71,54
482,374,41,42,46
779,323,42,45,49
456,109,42,42,44
470,161,45,44,46
215,81,119,121,133
996,311,49,48,51
697,211,241,237,255
235,159,187,181,200
1068,449,47,51,55
440,339,44,45,47
657,211,237,236,255
145,244,199,198,213
867,11,94,91,89
931,305,45,45,48
159,175,201,202,223
4,476,51,52,53
387,165,43,40,45
1004,257,42,48,52
286,360,43,44,45
559,208,211,217,239
242,130,30,25,25
779,100,49,45,52
888,223,243,240,255
10,114,145,27,30
553,464,156,155,170
469,23,79,57,45
196,282,211,210,235
0,462,50,50,50
656,61,43,48,48
649,148,45,45,49
172,324,39,40,43
494,189,185,183,200
1053,191,48,52,56
537,392,43,43,44
224,404,41,44,48
1192,36,239,237,254
90,257,216,214,238
108,435,60,57,58
91,110,157,26,34
932,24,92,66,56
229,416,41,45,46
35,8,227,224,247
1144,498,232,226,244
568,311,41,43,46
436,346,40,42,46
372,206,201,199,221
553,187,230,230,252
74,324,35,36,37
331,460,90,88,77
119,421,47,52,52
499,356,40,41,45
473,214,84,76,76
543,476,133,125,131
465,224,232,227,250
336,318,44,43,46
807,325,45,46,51
818,363,44,46,49
255,267,148,147,168
70,275,32,33,32
1082,432,246,246,255
129,2,116,109,119
619,92,48,44,48
427,358,44,45,48
1061,475,48,50,53
79,397,42,43,46
640,46,46,46,48
214,300,44,40,45
724,255,242,238,255
600,57,44,45,49
900,349,46,47,50
578,127,44,45,44
895,359,47,48,52
61,415,68,68,53
886,108,47,49,53
179,320,44,38,41
1158,11,237,236,251
636,393,40,43,45
1006,53,102,76,61
790,398,47,46,49
439,143,41,44,46
561,341,43,42,46
263,285,47,43,44
568,422,41,44,43
683,499,114,85,65
94,159,33,24,29
316,236,121,115,125
399,134,40,40,42
355,211,194,200,216
15,231,34,27,28
265,1,196,186,211
1077,489,55,55,59
1008,53,101,77,60
370,96,32,30,31
1168,230,238,234,251
754,330,48,48,48
83,178,208,201,224
71,193,39,30,33
442,456,134,106,88
731,296,45,42,48
175,125,125,128,146
199,86,116,117,133
145,58,143,127,144
271,474,104,99,72
974,27,92,70,58
683,439,44,45,45
409,140,41,40,46
438,334,41,45,48
46,367,44,46,48
467,110,39,43,44
16,374,45,42,47
455,119,41,42,44
772,396,45,45,49
859,476,52,50,52
1141,402,234,230,245
1032,56,177,163,142
612,65,47,45,47
395,471,77,70,71
167,461,50,51,51
95,495,54,49,51
909,254,241,236,255
373,232,210,211,231
315,86,36,27,29
631,282,45,45,47
714,227,67,56,95
479,45,43,41,43
1022,40,103,78,64
661,69,47,45,48
250,40,115,118,129
722,437,45,45,50
794,51,51,51,52
596,95,40,44,46
605,222,138,130,161
646,44,50,45,49
659,389,129,129,128
819,23,64,59,58
0,320,42,38,42
1192,44,241,237,253
905,245,238,234,255
620,148,42,44,48
430,299,46,44,47
272,262,203,198,219
726,240,240,238,255
785,313,46,47,50
77,83,149,22,32
803,170,48,48,51
1163,403,237,233,249
748,142,45,45,49
1020,302,49,48,50
20,137,157,26,34
92,364,43,40,42
754,323,47,46,49
247,303,44,42,44
722,258,238,234,254
270,433,63,62,52
340,292,47,44,48
956,202,48,47,50
167,389,41,43,44
781,207,236,236,255
641,269,43,46,47
932,458,47,49,51
808,198,47,48,52
395,212,209,206,229
998,91,47,49,53
417,389,42,42,45
942,400,49,47,53
1093,106,221,226,236
10,201,25,25,29
714,389,45,44,49
408,458,67,64,57
1157,56,235,234,251
1050,223,48,50,51
316,421,43,42,45
854,253,237,236,255
464,347,49,52,53
916,372,42,45,47
778,332,43,46,48
283,90,37,31,32
1190,55,238,239,253
1054,266,48,49,52
894,373,46,46,49
768,64,46,48,51
307,209,56,48,56
184,398,43,43,45
813,298,48,49,51
0,430,52,52,57
629,268,45,43,48
1109,94,232,233,250
463,189,217,218,230
532,457,155,148,165
361,261,215,211,237
865,149,47,48,49
163,206,41,37,42
930,183,46,48,52
506,293,41,45,46
512,420,44,42,43
983,176,50,46,53
79,194,73,69,78
47,48,116,105,119
962,343,48,45,50
378,26,36,27,30
886,121,48,48,52
739,300,41,44,46
1053,437,46,48,54
186,161,33,33,35
705,83,47,45,49
390,16,31,28,26
1174,356,239,235,252
28,228,32,30,30
731,101,43,46,50
845,111,45,48,50
691,102,48,46,50
1099,336,240,238,255
945,39,105,76,60
464,91,42,41,45
717,402,43,49,50
894,332,46,46,48
133,262,215,211,235
628,356,45,44,46
41,53,119,109,120
553,388,41,45,46
1114,429,233,231,246
1183,274,238,235,252
1107,408,244,239,255
1112,265,232,228,247
1004,376,46,48,50
514,126,45,44,48
805,213,239,240,255
1088,278,99,92,108
72,376,42,43,44
1186,93,239,237,253
162,193,46,45,46
477,428,47,46,49
724,173,46,47,51
549,154,44,45,48
335,123,31,28,31
1186,266,240,238,254
108,60,150,132,154
895,39,99,97,95
354,12,43,34,35
771,290,41,46,49
782,429,44,46,50
815,391,46,45,50
1191,312,239,235,254
980,251,47,48,49
344,400,42,44,47
743,10,51,48,50
831,4,93,91,86
325,66,33,24,28
403,344,42,44,47
290,433,75,75,51
63,221,113,110,118
237,494,71,71,50
867,258,230,236,255
519,351,40,42,44
81,238,58,56,61
1095,49,217,210,189
857,476,51,50,47
602,266,46,46,46
707,368,44,44,48
312,220,193,192,211
1078,379,57,54,55
161,7,148,131,155
735,279,49,47,49
796,316,47,45,52
208,166,37,31,31
42,455,49,49,53
238,339,44,42,47
619,118,44,44,49
90,237,218,217,240
0,235,32,30,29
1006,366,41,47,48
1070,156,52,50,56
689,185,238,235,255
455,348,44,44,48
103,451,49,48,48
916,144,48,47,52
812,488,165,161,173
1094,418,246,246,255
1111,423,233,232,248
944,486,45,46,49
93,275,37,36,37
1062,129,52,50,54
709,8,62,52,57
1115,210,233,230,247
316,168,44,39,44
319,371,45,42,46
20,185,56,51,58
452,380,22,22,19
855,32,93,87,86
1043,263,49,48,54
1152,253,236,234,250
595,208,214,214,248
333,452,66,63,52
999,488,46,48,51
99,495,46,48,52
563,145,49,44,47
174,316,41,40,40
1054,116,50,49,55
1157,417,236,231,247
0,470,47,50,52
58,431,149,129,99
206,109,38,42,48
596,263,49,48,54
347,196,193,195,217
65,147,167,69,90
149,118,39,29,31
319,180,189,188,209
664,226,235,236,255
79,20,104,100,104
932,69,87,82,76
506,392,40,42,47
804,173,43,46,49
457,38,61,49,45
1031,499,48,48,52
306,274,45,46,47
646,246,45,45,49
605,245,236,235,255
604,64,47,45,46
211,11,189,172,194
586,156,44,44,46
1147,372,232,232,247
720,75,44,47,50
581,258,235,236,255
1156,211,237,234,250
84,331,35,33,37
43,148,162,25,35
522,291,41,43,45
689,456,113,89,62
142,339,36,41,38
110,193,212,214,240
120,128,63,28,30
830,90,48,49,50
295,310,46,44,47
955,130,44,47,50
590,326,43,41,46
913,171,51,48,51
160,388,44,42,47
800,203,53,54,56
72,235,49,47,53
650,43,48,44,48
216,397,41,43,46
1045,90,67,62,60
65,113,148,25,30
839,103,50,48,49
524,230,226,222,246
747,45,53,48,52
514,98,40,41,43
163,343,41,40,43
1123,291,228,227,244
1152,110,235,234,250
457,495,119,115,68
614,409,43,42,46
771,425,48,48,50
1174,282,238,236,253
835,94,46,46,47
1092,486,234,235,255
417,311,45,43,47
193,305,39,41,43
825,437,42,45,48
867,99,45,46,51
1118,228,234,230,249
569,132,44,45,45
340,206,198,195,216
659,258,48,45,51
658,279,43,44,46
1038,171,46,50,54
984,208,50,46,54
387,308,44,47,46
662,497,108,79,58
530,439,150,150,166
318,150,33,29,32
658,166,45,48,49
382,94,36,30,33
514,94,40,41,41
1046,273,54,49,56
49,252,35,27,33
670,134,44,45,47
938,216,50,48,51
485,129,42,44,46
328,39,58,47,45
404,209,206,208,227
666,235,237,236,254
767,235,214,223,226
290,214,187,188,209
260,492,88,75,53
614,133,46,47,47
447,174,42,45,48
1127,180,233,229,249
258,494,88,76,54
43,310,36,33,33
190,337,41,42,46
1024,221,49,46,53
670,91,48,45,48
549,124,43,43,45
1071,409,47,49,55
852,78,44,47,48
585,431,44,43,48
1175,133,241,238,253
519,20,50,47,51
676,32,49,48,51
619,212,200,202,232
1132,161,227,226,242
985,34,113,84,62
971,494,43,47,49
452,436,143,140,147
346,338,43,41,48
810,447,46,45,48
339,166,43,39,42
795,386,46,46,49
689,10,48,49,52
111,46,184,182,201
266,98,32,29,34
177,40,179,161,186
658,420,45,43,46
485,441,177,179,200
24,298,30,33,36
1067,52,75,72,67
333,15,38,38,40
98,54,31,27,34
1051,94,49,51,56
78,92,153,26,36
345,330,42,43,46
208,298,39,40,44
234,249,195,193,214
787,212,241,239,255
686,33,52,50,52
13,162,172,32,37
248,472,95,92,66
1164,417,233,234,246
1135,427,234,228,246
869,216,53,54,57
723,90,45,46,50
62,337,39,38,39
483,422,41,45,47
127,446,49,48,51
715,309,39,45,46
1193,412,238,233,253
1111,364,238,232,250
753,271,48,49,52
419,175,44,43,47
331,139,33,32,34
881,417,46,45,51
156,68,150,139,155
165,450,50,50,52
397,38,38,29,33
750,21,52,47,54
729,37,51,51,54
649,322,42,44,48
368,410,43,43,45
526,490,107,102,73
1168,411,237,233,250
163,209,46,39,43
355,153,41,37,39
1126,123,228,226,243
287,227,193,189,208
622,465,145,142,147
1024,298,47,47,53
190,462,46,48,49
829,393,47,48,50
301,413,42,44,44
783,55,47,46,50
60,303,39,35,36
464,103,39,43,46
290,444,66,69,57
565,395,41,43,45
478,492,112,99,59
784,239,120,136,164
688,149,43,46,49
1167,286,240,234,250
4,374,42,46,48
343,384,42,43,47
374,147,39,37,41
452,294,42,44,48
159,47,156,138,159
284,193,184,183,203
905,289,49,46,50
291,14,214,214,234
1060,373,52,50,53
1188,117,239,235,254
1101,303,239,237,254
336,29,44,37,37
516,231,79,76,102
913,259,234,234,255
198,352,42,42,45
304,143,37,28,33
1023,26,101,78,63
1119,313,231,227,247
429,248,67,53,76
259,367,42,44,46
625,79,43,45,49
23,134,157,25,32
1151,263,234,234,246
82,286,38,33,36
753,136,49,47,51
753,435,44,47,50
380,251,213,212,235
623,81,47,44,48
954,347,46,46,50
772,195,45,49,51
579,449,157,151,161
252,137,36,26,28
1007,373,52,45,50
136,175,56,54,60
177,106,198,201,225
922,127,46,46,49
502,171,45,51,53
228,465,71,70,54
211,401,44,42,50
53,42,129,121,140
263,483,71,64,50
919,473,49,49,51
942,103,45,49,51
994,376,45,48,53
1072,263,50,50,55
472,446,174,180,198
419,412,41,43,46
435,478,30,25,26
912,498,179,163,117
1072,8,107,80,63
254,107,35,31,31
557,326,43,45,45
351,249,209,209,230
878,146,46,47,49
61,260,34,31,33
541,424,42,41,44
653,196,236,235,255
332,232,93,92,114
501,196,77,72,92
922,292,44,46,47
158,261,213,208,230
248,272,203,202,223
882,456,49,47,49
430,105,38,40,44
554,357,34,44,45
480,15,83,62,47
1023,228,49,47,53
693,202,240,236,255
445,111,40,40,45
437,233,230,228,250
664,297,42,43,47
491,116,47,45,45
552,405,43,43,47
1194,424,233,234,252
998,357,44,48,51
1194,167,238,236,252
615,344,45,42,46
1003,248,47,46,51
279,311,43,42,48
729,2,48,50,52
469,178,45,46,48
166,446,49,50,53
565,329,42,45,47
407,175,42,45,46
155,348,36,39,41
325,13,55,48,60
458,364,47,46,48
37,167,170,31,38
536,329,43,42,46
565,39,45,44,48
1050,259,46,50,53
176,196,50,36,50
10,118,151,24,32
254,361,47,43,46
479,360,47,43,46
1077,16,100,79,67
1166,416,236,233,247
101,177,174,173,197
260,480,49,49,49
1084,170,54,53,60
328,144,31,33,34
526,99,47,44,47
240,447,52,50,50
461,397,50,49,51
282,271,49,46,48
382,498,82,73,53
120,418,49,47,49
680,251,46,45,50
68,278,31,29,33
1025,409,46,48,52
514,102,41,44,41
776,452,46,47,51
919,214,46,49,53
953,332,45,48,49
1123,117,225,225,242
997,78,57,54,57
568,28,45,45,50
818,141,48,47,50
596,404,40,43,45
10,72,105,95,107
865,417,45,48,53
259,258,200,196,217
1085,476,188,175,110
836,112,45,47,50
219,433,45,47,49
137,127,199,190,212
703,161,49,48,52
1128,129,231,226,243
212,30,183,169,194
976,371,48,47,51
723,64,45,45,47
443,215,228,223,247
747,81,48,46,49
415,54,30,32,32
59,189,37,31,33
1007,361,44,46,49
446,20,53,41,38
349,446,77,76,55
898,71,51,50,53
671,220,91,86,110
59,72,26,27,32
249,458,77,75,53
883,482,108,101,68
719,427,44,44,48
555,474,134,135,139
914,370,47,46,48
1180,129,239,236,255
121,431,51,48,50
794,361,45,46,48
420,465,157,145,143
180,99,157,146,157
353,0,45,38,41
123,143,34,27,28
84,72,151,34,44
581,452,146,141,147
788,23,49,49,51
209,295,40,40,43
793,358,47,47,52
323,35,39,36,36
341,320,45,43,45
859,286,47,45,49
1105,139,239,237,255
911,278,50,49,51
617,266,45,46,49
879,126,49,48,52
720,421,40,45,49
522,326,46,43,43
172,296,37,38,39
905,340,45,44,47
1086,216,253,251,255
486,330,42,43,45
807,106,48,49,51
675,400,43,44,47
678,163,45,47,52
624,385,44,45,45
886,289,44,47,49
1180,242,242,234,252
800,250,244,240,255
943,215,49,47,51
607,383,43,43,47
788,151,48,46,51
521,186,222,220,242
621,204,94,105,121
471,189,145,138,149
963,77,69,60,59
950,289,44,46,49
404,356,45,44,49
446,430,37,37,38
928,299,44,45,49
105,190,206,198,232
1176,451,237,234,250
163,56,138,128,146
503,348,41,42,43
973,78,62,57,56
809,409,147,148,149
944,128,44,47,47
1089,165,107,98,84
1070,454,94,86,64
735,65,43,46,49
235,375,44,42,45
464,15,120,95,69
400,446,200,199,218
12,415,57,53,53
573,114,44,42,47
672,50,45,46,47
1128,13,231,229,246
974,107,46,50,52
749,472,122,122,97
867,232,237,237,255
708,268,49,45,49
727,468,151,146,159
968,254,45,47,50
482,468,178,181,192
881,360,40,47,51
207,88,116,117,133
736,281,44,46,49
1161,373,235,232,251
908,443,127,133,154
157,156,47,51,55
105,451,46,45,49
346,444,77,76,54
79,274,35,30,33
544,295,44,43,47
1169,105,238,236,253
393,401,40,45,44
618,327,46,43,49
644,110,41,46,46
481,372,43,42,46
90,156,40,26,27
931,101,46,49,51
953,445,46,47,50
974,81,52,48,53
869,156,47,47,51
683,454,105,83,56
360,478,95,89,75
660,215,208,212,249
520,113,46,45,47
56,366,45,42,44
897,93,49,47,51
861,330,45,47,51
813,473,161,159,167
990,298,47,48,49
318,15,46,45,49
48,224,34,30,31
504,460,147,148,161
975,408,44,48,51
935,66,90,91,81
755,141,45,46,50
226,66,123,128,143
144,433,48,49,49
280,274,43,44,45
1139,192,230,230,247
943,38,98,73,59
473,493,110,100,57
435,38,37,34,37
370,465,60,53,51
114,249,216,212,236
31,409,47,45,51
287,267,55,52,73
223,301,42,42,47
249,379,43,43,48
916,399,45,45,49
428,442,133,95,85
242,59,214,216,234
676,144,43,46,47
614,367,42,45,46
742,27,49,49,54
782,114,47,45,51
602,442,188,199,216
835,270,50,47,49
1006,433,48,47,53
1102,257,235,234,253
716,118,45,46,49
458,232,231,230,254
62,271,37,30,36
1035,45,85,72,65
275,283,44,42,47
745,108,47,48,48
781,377,41,43,48
936,466,41,47,53
1019,71,98,85,71
153,47,135,119,138
102,268,39,33,36
790,27,48,50,52
828,408,44,47,49
231,397,48,42,47
297,226,193,190,213
361,87,31,28,30
339,463,89,80,60
790,290,44,46,49
1016,266,46,46,51
552,14,77,67,54
195,53,197,180,203
1035,260,46,48,53
989,11,121,90,65
581,27,49,48,48
733,499,141,141,140
1134,411,229,227,242
782,209,240,238,255
51,416,52,53,52
233,149,36,24,29
233,469,87,83,57
3,346,42,44,44
73,392,42,43,47
933,482,48,50,49
24,127,153,25,32
431,161,46,42,46
27,190,81,75,82
291,136,34,26,27
569,330,38,44,46
1113,25,235,232,250
836,412,46,47,50
1102,163,240,238,255
863,133,50,47,52
691,332,45,43,48
11,424,52,51,53
74,194,38,32,30
261,127,35,26,29
764,284,47,44,50
470,114,45,43,45
438,368,42,44,45
502,389,37,42,44
1075,165,53,52,56
977,338,42,46,51
1193,246,238,235,252
634,288,41,44,45
567,374,38,41,44
826,221,241,237,255
407,120,43,38,42
576,179,135,131,138
225,200,46,41,42
73,50,124,112,120
895,391,50,48,49
706,69,47,47,50
540,4,81,70,51
925,414,46,45,51
807,254,241,242,255
698,246,45,49,53
676,424,43,45,44
85,216,205,207,234
1027,170,52,47,54
653,111,42,45,47
674,160,46,46,52
278,425,71,68,53
74,413,47,45,50
834,387,45,45,51
718,173,50,49,51
20,239,30,31,31
1063,362,51,50,50
140,466,47,44,50
913,462,48,49,51
1080,299,51,52,57
49,298,36,30,35
283,293,45,43,46
1197,245,237,236,255
57,217,115,112,119
713,481,151,139,153
129,60,161,143,165
166,219,193,191,211
565,86,43,44,46
507,47,45,44,47
538,144,43,43,45
824,212,184,179,198
56,19,65,62,66
1045,391,49,48,53
4,364,44,42,47
582,341,46,43,50
218,94,51,47,55
569,337,43,42,47
381,131,42,37,40
687,261,42,46,49
117,231,53,41,51
494,365,43,44,43
851,446,48,49,51
1136,445,225,225,238
865,399,46,45,50
249,497,57,53,50
65,17,223,225,249
903,371,42,46,49
135,358,37,38,42
1078,109,56,56,59
537,448,156,151,162
867,189,47,46,50
736,161,46,45,49
905,390,45,45,50
907,269,236,238,255
1160,374,235,234,249
165,474,50,46,50
852,69,46,48,49
630,115,47,46,47
968,194,50,47,50
164,481,48,46,49
9,91,125,106,103
358,378,41,43,46
965,242,50,46,52
383,212,204,207,226
765,388,41,48,48
779,404,52,48,48
937,360,45,45,51
22,111,145,22,31
857,334,48,44,49
1140,455,230,229,247
1036,253,46,48,50
237,118,35,28,33
673,478,108,81,56
31,79,118,109,118
100,15,113,103,118
377,370,42,43,46
699,484,127,104,74
433,274,225,227,251
189,203,155,149,176
553,236,229,227,253
460,251,232,234,255
843,426,48,49,50
1174,369,239,236,251
656,219,239,235,255
315,205,193,189,210
320,171,86,83,90
1087,191,248,249,255
850,176,48,47,52
806,116,49,48,51
497,266,212,217,240
403,85,37,34,37
1041,395,46,46,52
906,419,48,49,52
1128,70,231,228,243
839,157,47,47,53
313,237,56,57,60
618,388,45,44,43
730,45,48,47,50
553,41,42,42,46
34,179,176,36,45
240,460,76,73,55
613,193,235,232,255
636,181,236,234,255
216,38,164,40,49
173,264,208,205,229
1124,95,231,226,244
88,101,152,24,36
430,78,40,35,40
347,435,96,91,60
374,62,33,24,27
336,108,30,28,28
280,212,50,45,57
802,263,242,237,255
637,8,53,48,54
574,304,41,45,47
875,339,45,47,50
883,468,46,47,52
205,484,50,47,50
775,179,47,45,52
586,107,43,44,50
1002,150,48,50,52
221,446,43,46,49
843,415,47,48,52
704,108,48,46,52
1067,112,51,50,55
641,384,154,166,150
1131,43,229,227,242
307,89,31,28,29
209,41,193,178,193
40,186,114,101,101
105,7,109,102,110
334,243,205,204,228
1157,2,236,235,251
568,393,40,43,45
1034,175,52,50,54
1005,297,48,47,51
412,457,125,116,115
485,114,43,42,47
504,219,218,214,236
516,409,39,43,45
817,37,51,55,53
255,450,83,79,56
1088,294,242,243,247
296,329,42,43,45
933,403,45,47,49
1049,78,61,58,59
97,162,31,26,28
206,169,43,38,48
342,306,41,45,47
72,8,232,230,253
175,339,37,41,45
230,423,47,46,50
371,214,202,201,223
126,408,45,43,46
1143,4,233,230,245
58,63,107,100,101
763,119,44,45,48
826,449,45,48,49
723,470,151,145,161
551,147,44,45,49
1062,192,49,50,52
965,65,54,53,57
908,143,48,48,51
386,44,36,28,30
195,446,52,50,50
619,325,48,46,48
99,86,155,30,38
849,327,47,47,48
680,425,48,44,50
632,429,42,44,48
839,5,94,92,90
1012,130,49,48,52
621,76,44,46,49
968,82,49,49,52
457,332,77,75,82
676,91,45,47,47
567,230,232,233,255
1182,33,237,237,254
542,494,156,148,122
1107,386,235,234,251
107,5,113,105,116
966,161,44,48,50
1043,90,67,60,59
1145,47,233,229,248
504,176,52,54,57
867,413,45,48,49
465,429,63,55,53
909,227,234,235,254
584,39,43,45,49
264,58,47,49,56
339,150,34,35,37
139,366,41,40,45
625,253,47,49,52
713,192,241,236,255
183,399,44,44,47
582,340,46,43,50
836,319,44,45,50
130,97,159,103,119
193,207,170,168,189
1197,387,237,235,252
466,225,228,225,248
357,257,210,210,234
84,42,114,111,118
820,186,49,47,52
264,483,70,63,51
1165,301,236,231,252
303,73,34,28,28
181,87,35,28,31
488,323,44,43,46
1078,47,69,64,66
1080,241,54,54,60
674,217,81,63,95
120,111,161,29,36
172,343,39,39,42
17,276,38,35,37
153,340,40,37,41
406,299,42,42,48
271,457,72,68,54
1136,463,228,225,239
111,273,57,47,68
631,209,141,140,185
7,179,80,81,84
496,206,205,204,223
716,151,47,45,50
391,422,43,44,47
1069,1,103,81,61
1069,471,78,67,60
576,281,42,46,49
8,29,226,224,248
892,441,45,46,51
553,72,44,43,45
467,381,47,46,50
1018,255,47,47,54
818,466,47,48,49
918,398,45,47,50
374,145,40,38,40
149,147,131,124,145
1073,11,110,81,67
341,398,42,43,44
538,166,44,45,47
866,62,97,78,62
1159,59,236,234,253
573,294,41,43,47
372,63,31,25,27
309,239,195,192,214
575,385,38,41,46
880,427,78,101,142
971,258,47,48,51
649,300,43,43,44
648,309,48,48,49
1010,307,48,46,53
896,210,45,47,54
609,94,43,44,47
784,69,46,47,52
1064,494,52,51,55
548,476,149,149,157
740,160,45,46,52
696,440,45,44,47
884,320,46,45,51
1182,378,236,236,251
986,19,114,83,64
25,328,42,38,43
55,256,37,30,32
728,58,46,46,47
588,8,95,82,61
215,135,31,27,37
697,164,49,46,51
1056,435,49,48,53
746,168,45,48,50
387,495,84,75,52
649,42,43,44,48
743,28,50,51,51
972,96,45,49,52
638,146,43,46,46
880,262,240,238,255
351,167,42,40,44
850,393,47,45,47
1150,219,236,232,251
535,50,43,43,48
149,345,36,38,40
217,448,47,45,50
405,410,45,43,48
1198,465,237,235,255
442,174,43,45,48
375,306,44,44,46
664,90,42,44,49
708,348,43,44,48
163,360,42,44,42
287,201,101,99,105
80,2,62,60,64
1149,45,234,233,248
526,418,41,41,44
277,37,124,123,133
421,327,45,43,45
810,203,47,48,54
593,27,49,49,50
510,80,23,19,21
881,458,45,47,52
1088,6,250,251,255
1035,213,50,48,54
799,298,48,47,49
997,338,44,46,47
113,317,40,39,39
743,399,47,46,47
1144,185,228,231,245
687,367,44,43,48
1075,310,68,60,60
990,42,110,82,65
597,161,46,44,49
1078,119,244,242,247
896,297,44,44,52
961,471,44,49,51
548,358,42,42,45
294,230,156,154,180
182,195,189,184,205
578,39,46,43,48
458,342,24,18,21
301,363,43,44,47
824,10,82,80,73
73,128,153,28,35
986,282,45,49,52
1175,143,238,235,252
377,158,43,44,46
816,419,46,45,58
939,304,47,45,52
828,376,46,45,48
810,320,44,45,48
413,236,193,199,215
101,344,35,35,38
1087,446,240,244,229
67,173,169,37,70
394,75,29,28,29
223,448,48,46,48
1112,3,237,234,253
112,16,122,115,126
282,118,32,25,29
865,477,51,50,50
1043,208,50,47,52
579,160,44,45,47
327,408,41,43,45
42,51,143,138,155
711,475,143,128,135
1040,422,47,50,51
1157,341,234,232,248
27,269,35,30,31
1053,382,49,49,52
507,285,45,42,49
1108,369,235,236,252
692,124,40,47,49
120,481,47,46,50
679,335,44,46,45
339,242,201,204,225
515,448,168,165,180
284,476,123,115,93
107,197,226,227,253
1133,328,229,228,242
649,311,46,45,45
597,407,44,42,45
199,309,41,42,43
571,204,101,104,140
344,29,41,34,32
462,291,54,53,58
648,333,48,45,45
870,186,48,47,49
511,271,49,47,53
389,44,30,25,23
1019,461,46,47,54
392,255,219,215,239
1118,180,232,232,249
1126,64,230,227,245
1027,407,46,47,52
635,406,44,44,47
1099,66,241,237,255
727,466,150,142,155
562,68,42,43,47
1066,191,50,51,54
171,314,40,39,42
481,281,54,55,59
233,328,42,44,45
862,334,51,48,50
359,164,38,39,42
1183,153,242,237,255
397,327,42,43,47
1055,56,107,95,85
999,372,46,47,52
43,273,36,26,30
498,122,68,64,65
717,240,237,234,255
1115,29,234,234,249
1110,70,234,229,250
134,184,221,220,244
105,63,136,118,138
1093,272,241,238,255
897,289,45,48,50
618,396,41,44,46
673,351,45,44,48
803,148,49,48,50
70,314,36,35,37
835,119,46,48,50
642,141,46,45,49
1011,138,49,50,53
222,454,45,48,50
318,64,34,28,29
564,42,43,44,46
1180,33,241,237,254
1052,275,239,234,255
1175,169,239,238,253
516,232,75,70,92
583,474,119,111,92
138,359,42,39,42
789,481,157,148,160
340,376,44,42,47
1178,138,237,235,249
430,113,41,41,42
888,209,51,47,56
696,108,46,47,51
595,329,43,42,46
99,70,146,126,146
41,326,42,36,41
772,238,238,237,255
650,418,40,44,46
261,104,36,27,28
658,217,235,235,254
1151,100,237,234,248
4,154,170,29,36
744,462,101,98,91
287,14,214,213,235
964,46,89,67,56
469,87,45,42,46
943,12,178,147,155
156,363,47,42,46
303,305,44,43,47
803,129,46,47,50
178,9,165,146,168
795,440,48,44,51
5,132,159,26,35
912,202,49,48,52
415,279,45,47,49
591,21,50,48,50
175,344,39,43,43
71,294,34,30,31
1002,223,43,47,52
141,13,193,191,212
195,88,70,62,76
75,83,149,22,32
894,239,243,240,255
894,76,47,47,51
434,365,46,45,45
115,206,215,217,242
586,190,236,234,255
144,477,42,47,47
94,54,29,28,27
335,225,200,199,219
1145,464,229,225,242
1178,39,243,236,252
594,348,42,43,47
734,90,46,45,50
120,189,217,216,245
354,370,41,42,44
1165,173,238,236,250
564,122,41,44,46
453,203,229,227,249
1119,189,234,230,248
1169,214,238,235,252
547,242,230,228,252
30,358,40,42,43
124,170,223,220,246
1097,98,238,235,255
946,269,45,46,49
1080,432,241,242,255
704,407,45,43,45
103,270,40,36,37
990,469,51,49,55
1070,498,237,231,209
1009,73,104,89,91
929,127,44,49,50
928,77,46,49,51
33,473,50,49,53
120,35,136,129,141
1109,90,234,232,251
930,280,42,47,47
80,388,44,43,46
967,240,43,48,50
1163,45,239,235,253
657,347,43,44,45
144,19,189,183,201
42,487,74,65,60
1179,420,238,235,250
549,287,42,43,48
567,481,137,127,112
600,52,45,45,46
940,454,121,124,145
773,482,158,153,166
757,8,50,49,52
355,454,87,82,58
48,133,154,24,33
591,387,43,42,48
400,8,37,28,27
139,70,161,148,171
526,121,48,44,49
95,438,48,49,50
828,373,46,45,51
954,178,45,47,53
802,191,44,48,52
57,491,65,60,58
1168,58,238,236,252
32,468,45,47,50
52,261,38,28,31
165,318,37,37,44
175,336,42,42,43
432,317,44,44,47
138,317,36,36,36
1168,332,237,233,248
678,275,49,43,48
160,68,142,126,145
601,144,46,44,47
1143,463,228,227,247
1171,205,238,235,249
720,221,236,239,251
204,145,34,32,35
488,55,41,42,44
681,298,46,44,51
995,196,47,49,55
333,43,36,28,33
1016,42,101,81,63
922,391,46,49,50
37,142,160,31,36
698,255,44,46,49
144,494,46,48,50
299,259,203,200,222
692,249,50,49,52
728,384,43,45,46
707,133,46,46,48
345,391,40,44,45
825,330,47,42,49
1065,472,51,52,55
938,100,47,49,50
216,75,120,123,139
97,454,48,47,51
687,85,50,45,50
528,240,169,172,168
686,53,48,45,48
673,243,48,50,49
868,468,47,49,53
160,418,45,46,47
436,250,229,229,249
1163,111,235,233,248
83,223,51,50,58
539,129,44,47,47
884,270,126,130,157
52,272,32,31,31
12,102,139,20,29
47,392,44,44,47
409,118,35,41,43
604,321,42,44,46
973,194,43,46,50
785,2,45,50,53
484,252,201,201,215
811,423,45,47,49
1106,449,233,232,249
745,371,47,45,49
721,177,48,46,50
776,362,45,46,49
872,419,48,47,52
43,405,45,45,47
286,486,70,66,57
1153,124,234,233,250
61,419,60,57,54
713,52,44,46,49
1155,215,237,234,250
249,366,44,45,48
326,237,54,52,55
972,27,96,72,61
805,322,49,44,49
171,53,160,145,166
1089,112,67,64,67
1074,86,67,63,64
1107,276,233,232,251
573,308,43,45,45
641,94,45,46,48
712,170,49,48,50
777,437,49,45,49
44,322,39,36,38
942,205,44,46,50
858,342,46,48,51
618,185,232,230,255
936,225,47,48,50
1119,404,229,228,245
83,329,38,36,37
221,36,180,173,186
834,251,242,239,255
247,288,45,45,49
18,54,62,62,66
193,436,46,48,49
808,248,243,237,255
88,258,217,214,236
1179,148,242,237,255
423,396,43,45,46
344,45,33,25,29
661,243,46,48,52
559,447,143,140,145
428,443,142,101,97
11,81,118,106,117
982,354,43,45,51
230,165,188,183,201
968,399,44,47,48
1023,128,47,47,50
843,268,51,49,51
916,138,47,47,51
647,377,43,44,47
569,338,42,46,49
402,210,90,87,90
615,484,158,157,172
1123,176,229,229,244
626,408,45,42,48
364,196,199,198,220
855,232,241,237,255
899,318,45,44,50
724,289,44,46,50
416,108,39,40,43
784,413,43,48,49
804,172,43,45,49
1131,372,232,229,243
1142,272,229,227,245
955,461,46,46,51
48,162,168,30,39
1014,13,108,83,64
36,452,51,50,52
43,130,153,25,34
372,457,71,56,52
982,129,48,46,54
1075,133,53,53,55
845,24,90,85,81
465,93,42,43,47
167,444,47,47,51
583,475,125,116,97
1041,203,50,48,53
1070,257,53,51,52
770,124,42,45,49
984,211,48,46,48
641,177,237,234,254
1122,414,231,229,249
376,384,41,43,48
58,466,48,47,53
1189,418,235,233,250
283,84,30,28,31
19,223,34,31,31
518,101,45,43,48
906,340,43,44,47
757,38,48,49,52
99,263,48,38,52
487,492,115,102,57
560,284,43,46,48
1131,252,230,226,244
212,145,33,26,31
758,217,239,237,255
395,250,130,130,146
93,373,42,40,43
423,248,75,68,86
1083,153,251,251,255
96,243,218,217,238
725,315,43,45,48
577,283,47,45,46
123,119,162,34,43
73,289,38,32,34
429,445,159,130,112
454,444,172,175,192
555,301,41,42,45
374,279,40,46,49
1099,385,242,242,255
399,66,32,30,32
681,485,108,85,61
320,384,45,43,47
277,433,63,65,48
1115,46,232,229,246
1020,212,49,46,52
1094,195,245,241,255
1014,284,51,47,53
733,325,42,44,46
45,336,41,38,39
794,344,44,44,47
43,98,36,33,34
292,323,46,42,48
55,238,31,31,34
122,256,217,211,236
921,14,123,81,64
394,402,42,42,45
102,230,201,201,222
1085,31,251,250,255
830,109,48,45,50
795,228,239,236,255
52,154,167,41,73
270,323,43,43,46
161,380,42,43,47
1046,318,49,48,54
1161,332,235,234,250
794,141,49,47,49
625,241,57,55,75
621,426,44,45,48
959,21,104,77,62
904,295,46,44,49
245,456,68,67,51
685,84,46,47,49
688,122,44,45,51
318,144,34,31,32
1050,458,49,50,54
715,446,40,44,49
1040,385,48,49,51
958,455,48,55,55
683,60,46,47,49
875,47,105,101,96
707,413,44,44,46
476,453,167,173,185
721,2,51,50,52
230,28,163,160,172
720,236,238,237,255
960,89,51,48,52
7,195,32,30,40
305,210,65,55,72
162,234,49,45,53
1089,137,81,76,72
24,455,51,53,52
74,62,187,186,205
680,144,45,47,48
736,243,243,239,255
262,398,40,46,45
347,422,40,44,44
179,296,37,40,43
792,159,44,46,47
114,286,35,35,34
508,455,160,157,167
630,318,42,44,48
495,278,43,46,47
361,184,192,193,214
34,300,42,33,38
1047,187,49,50,54
617,334,44,43,46
555,367,38,42,44
1005,431,48,49,53
98,402,47,43,47
736,79,43,45,50
728,132,46,47,49
1076,159,196,191,154
137,105,183,165,184
928,32,102,69,61
554,376,40,42,47
246,397,44,42,46
804,338,46,46,49
1099,237,239,236,255
409,371,43,42,44
122,369,39,40,44
811,367,43,45,48
597,102,45,43,47
251,153,35,28,30
195,215,187,184,206
1109,410,241,236,252
482,54,41,43,42
341,448,67,64,50
755,2,48,50,53
48,147,161,28,35
507,368,40,41,44
527,87,41,46,45
465,170,44,45,46
538,318,46,41,46
618,135,43,45,51
617,327,44,42,50
251,63,45,35,52
850,271,50,48,54
848,298,43,48,54
761,161,46,47,49
786,72,49,48,51
1069,244,52,53,56
8,277,37,34,35
458,182,46,44,50
259,296,48,42,47
746,378,42,44,48
680,329,43,44,48
839,257,242,239,255
889,26,101,98,99
916,282,43,48,51
783,494,160,159,176
728,142,47,46,49
601,249,236,236,255
0,334,42,41,45
1148,125,235,233,248
895,94,46,48,49
1156,476,233,232,247
683,159,48,46,50
641,286,45,42,46
426,262,232,230,254
207,175,189,183,202
531,481,136,134,135
409,40,34,30,30
124,302,34,32,35
54,377,45,45,46
560,135,42,44,47
1063,212,51,50,56
1159,390,233,231,247
765,274,49,49,51
456,27,80,59,45
317,16,43,43,47
587,231,233,236,255
97,456,43,48,47
255,485,80,69,54
960,76,71,63,62
9,48,63,62,67
1109,70,233,232,250
352,251,207,209,228
1011,323,47,47,52
342,270,46,47,51
843,199,47,49,51
375,335,43,42,48
1168,232,236,236,254
1172,129,237,235,253
285,302,46,42,48
1034,392,50,49,51
1095,282,244,241,255
960,287,44,44,51
184,336,40,41,44
1121,245,227,225,242
436,308,45,45,49
513,438,156,158,172
810,124,43,47,49
299,355,40,43,46
695,359,47,45,48
279,223,194,190,208
995,77,60,58,57
953,258,45,46,51
1058,108,52,51,56
68,453,48,47,52
149,253,208,205,228
443,302,47,45,49
1166,486,235,231,250
89,389,41,42,48
517,358,40,41,46
842,478,171,158,113
301,390,43,43,48
28,346,43,41,45
430,167,43,45,47
111,431,98,58,68
730,277,41,48,48
423,428,48,44,48
728,498,155,150,160
492,10,92,68,50
199,223,194,190,210
91,385,40,42,43
880,354,40,46,51
916,90,51,47,54
385,226,211,211,233
953,70,95,88,91
1190,278,241,239,252
173,106,207,197,221
575,472,118,113,109
677,243,49,48,53
368,150,42,36,43
349,340,45,44,46
748,29,50,48,51
606,419,41,44,48
935,236,49,48,53
143,27,149,132,151
14,205,32,29,27
164,438,56,49,52
742,188,152,146,163
477,426,47,44,48
253,1,181,170,193
1148,88,233,232,247
360,435,79,74,54
99,249,221,214,240
617,271,48,45,46
1013,98,48,51,54
312,70,33,28,28
321,125,34,30,31
498,401,42,45,46
362,100,30,28,32
742,4,46,48,52
1143,449,232,227,241
963,420,46,47,51
783,466,74,69,59
904,155,50,46,51
1088,382,246,235,212
24,276,34,29,32
999,405,50,47,52
1093,126,242,242,254
984,327,47,45,52
345,65,32,26,27
477,304,50,52,58
1131,374,229,228,243
561,247,228,231,254
159,193,48,44,50
750,375,44,48,48
499,273,49,46,48
793,349,48,45,49
12,231,36,29,30
353,433,99,93,63
17,257,34,30,33
542,485,110,101,90
719,485,150,146,156
571,480,144,132,124
1116,286,229,228,243
379,334,45,45,49
921,12,131,81,65
930,296,48,43,48
426,265,230,230,251
238,287,44,45,50
1177,354,237,234,249
751,420,47,48,50
736,201,240,240,255
294,331,41,43,46
251,119,33,26,27
502,250,218,218,239
431,56,32,33,38
893,91,48,47,52
1195,406,236,236,250
271,236,59,58,66
956,470,43,46,50
703,481,130,111,81
684,51,47,47,52
901,194,47,48,53
1014,277,47,49,50
905,274,70,57,77
336,391,41,42,45
623,286,44,42,50
333,333,42,43,45
232,238,188,186,202
1008,146,45,48,51
353,404,46,44,48
430,117,39,42,44
1072,346,123,114,69
276,76,34,34,40
1068,8,102,77,64
1055,493,51,51,54
353,39,38,29,28
1197,418,238,236,252
889,277,49,49,53
412,30,32,31,29
377,238,210,210,234
368,112,34,32,36
1075,326,238,243,255
630,164,42,46,48
335,484,142,137,149
350,360,41,44,44
502,215,213,210,228
352,213,52,54,60
257,221,187,185,205
1173,29,239,236,249
398,161,42,43,45
704,444,43,47,50
682,498,111,83,59
239,479,54,53,51
73,133,181,141,149
993,89,47,48,51
431,386,44,42,50
545,454,132,127,130
396,174,44,43,46
907,307,47,47,52
1113,498,224,227,244
816,184,45,46,51
742,181,45,48,51
1027,243,49,47,53
958,122,44,47,51
1050,82,68,63,60
486,194,35,34,39
726,207,243,238,255
609,417,40,44,47
1183,36,239,238,253
591,106,46,43,48
740,173,47,48,52
1013,283,49,48,53
671,229,237,236,255
1065,410,49,50,54
1123,286,232,228,243
933,355,46,49,52
180,449,64,62,60
252,192,186,185,201
349,271,51,50,51
839,218,240,239,255
48,432,50,47,50
1053,283,75,49,108
543,144,47,47,50
970,326,44,45,51
505,306,43,44,46
677,266,44,45,49
290,457,83,78,58
93,225,211,211,237
319,280,47,43,45
688,2,50,51,53
635,324,49,46,50
886,2,90,81,71
891,381,45,47,50
766,303,46,43,49
250,165,185,181,204
302,25,43,46,54
96,43,34,35,33
541,446,141,140,151
1164,237,238,234,253
109,237,202,201,222
455,366,22,24,21
1151,467,232,229,244
407,59,35,29,35
938,250,48,46,50
415,468,135,124,134
424,259,223,223,245
283,143,31,30,31
752,213,233,235,255
990,188,43,48,52
407,451,61,60,54
1116,38,231,230,248
111,148,197,186,205
674,382,42,42,48
562,155,43,45,47
112,373,43,42,45
605,162,43,46,49
1158,439,233,229,247
282,129,29,24,30
650,243,48,46,52
183,348,43,42,42
822,438,47,44,50
197,184,187,182,206
84,490,47,46,52
374,372,41,44,44
522,152,45,44,48
130,389,44,42,45
687,371,44,46,48
342,5,36,39,40
384,203,204,201,223
1150,434,228,231,245
187,14,157,36,51
532,400,37,42,46
1159,50,239,236,253
922,67,74,71,64
209,458,43,46,48
915,462,48,48,51
423,424,42,45,46
1103,142,239,239,255
44,264,36,28,32
776,256,238,237,255
380,263,216,215,240
978,343,45,45,51
482,198,103,103,117
918,202,51,48,52
352,105,32,28,30
479,206,175,176,193
1143,174,230,229,246
968,442,60,49,52
248,123,33,26,25
194,319,42,42,42
426,32,30,30,34
671,363,43,44,46
1120,20,233,230,247
598,388,42,44,47
9,120,150,26,33
275,65,39,42,47
1071,468,233,242,233
372,143,37,37,40
177,139,39,36,45
1197,312,237,240,253
789,109,45,51,47
532,203,226,224,246
999,352,47,47,51
746,136,42,46,50
1191,406,233,230,250
395,477,55,51,51
306,242,196,197,214
982,455,117,133,184
210,202,168,166,179
585,230,235,236,255
876,419,54,47,64
609,377,37,44,46
1022,444,44,46,51
656,382,43,42,46
591,483,162,159,154
1051,405,52,48,52
46,50,124,116,128
667,340,42,41,47
1005,50,109,82,66
333,14,42,38,42
965,330,47,47,49
287,156,36,29,31
950,65,91,84,90
1103,55,235,233,253
802,50,51,51,52
18,442,51,50,55
609,410,43,42,46
605,121,44,45,48
795,46,51,52,54
918,435,62,54,86
528,131,47,44,47
1086,302,71,74,62
695,250,43,46,51
1062,237,51,50,55
480,230,35,33,37
704,124,47,46,49
885,142,50,48,51
530,481,123,119,111
307,101,29,25,27
425,479,147,105,104
223,354,44,41,48
877,475,48,50,51
777,61,48,47,50
352,243,207,204,227
1021,76,96,84,70
362,260,211,211,231
77,312,38,33,35
236,426,80,76,57
886,233,238,236,255
535,487,143,139,142
554,414,44,42,43
1011,287,49,46,53
1018,44,98,76,61
1157,384,230,232,249
998,320,45,46,53
240,25,195,185,207
1180,192,238,237,253
799,95,49,49,50
93,93,154,25,35
869,381,43,45,49
64,171,170,34,41
57,374,43,42,43
946,177,45,45,50
1109,128,235,233,254
593,47,41,45,46
480,64,41,42,45
1000,129,49,48,52
104,329,35,33,32
981,284,48,45,49
24,363,45,43,46
462,499,127,118,78
253,176,190,185,205
154,250,204,206,226
413,114,38,40,41
969,484,46,45,51
527,301,45,45,46
1003,16,125,91,69
1099,160,244,243,255
1021,475,48,48,52
734,371,42,45,47
576,47,45,44,49
686,292,44,45,48
1073,47,65,61,63
99,92,154,30,36
571,497,169,168,173
946,467,48,46,49
812,468,51,50,52
1010,108,46,47,51
1014,116,48,50,53
331,157,36,33,36
1045,82,69,64,60
17,18,225,224,247
222,201,175,177,184
495,36,86,62,49
97,438,45,49,50
766,291,46,48,48
624,402,45,43,48
753,358,47,44,50
546,219,229,228,251
422,483,96,77,72
46,318,36,36,37
1143,327,227,229,242
871,369,45,44,49
437,486,167,164,175
934,496,173,159,82
891,365,48,48,50
673,413,46,42,48
1012,95,48,48,53
940,178,45,47,52
759,334,43,47,49
102,91,157,24,37
894,261,241,240,255
439,340,42,43,46
621,56,45,44,49
1177,129,239,236,252
396,70,32,30,32
312,277,49,43,47
547,223,230,225,249
429,9,35,30,30
445,183,51,48,54
1044,46,118,108,94
422,153,40,42,45
99,297,37,32,35
1147,318,231,230,247
374,240,207,209,231
1183,386,236,233,250
653,40,47,45,51
936,469,47,48,50
79,439,48,47,51
610,469,150,148,137
387,234,205,207,231
389,286,44,45,48
896,272,118,117,140
1144,15,232,227,243
259,240,93,92,109
635,385,44,45,46
1101,208,241,242,255
661,288,46,44,49
577,366,43,43,46
693,64,48,47,51
1191,283,238,236,252
808,192,47,48,54
74,307,35,33,33
1071,145,50,52,55
990,271,48,48,51
648,459,149,154,196
442,418,19,15,19
561,364,44,43,47
1118,103,230,230,243
756,430,46,45,47
815,264,48,51,52
1002,167,45,49,52
333,249,206,204,226
1139,143,231,228,245
225,43,114,98,119
540,386,43,41,46
1034,152,51,48,53
8,380,43,45,45
837,173,43,46,49
575,387,38,43,47
693,286,47,45,51
747,486,152,147,145
612,331,44,41,47
318,379,46,43,46
351,464,63,61,51
997,168,48,47,54
8,240,34,28,33
476,375,40,43,42
896,47,105,100,97
642,266,46,45,49
48,382,48,46,47
672,390,129,132,168
878,136,48,46,51
503,401,41,43,43
658,339,46,46,45
424,439,149,152,140
611,362,40,44,44
720,291,45,45,50
838,453,47,48,49
1188,420,238,235,253
899,173,52,47,51
193,76,206,196,219
475,76,48,42,45
1124,89,228,226,241
677,38,47,46,48
639,53,47,47,48
668,171,47,47,52
321,75,32,26,30
913,36,106,100,98
268,71,42,43,47
1095,476,236,233,252
1107,60,234,233,248
917,157,47,46,52
683,221,81,78,104
430,409,43,46,50
49,164,167,30,36
19,349,44,40,45
159,203,193,190,209
861,214,54,51,55
119,458,47,46,48
167,256,209,205,227
497,422,41,45,43
969,388,47,48,52
600,92,44,43,49
282,116,33,26,29
642,449,196,201,221
585,67,47,43,47
1064,143,48,49,54
970,25,94,72,59
525,176,53,49,53
897,266,241,239,255
297,137,30,28,30
226,184,189,186,205
723,85,46,47,47
28,476,48,49,50
446,261,235,234,255
73,454,48,46,50
692,447,45,43,49
649,169,47,46,52
557,243,232,232,255
527,330,46,43,46
612,235,236,238,255
175,388,42,43,47
930,424,50,45,49
694,268,48,48,51
181,81,37,30,30
339,64,36,24,31
1192,299,237,235,253
604,102,46,44,49
115,326,37,33,37
754,350,45,45,47
512,460,166,167,178
1103,15,241,237,255
640,456,197,199,222
138,112,75,30,34
1030,487,47,48,55
192,440,46,47,51
550,372,43,43,45
594,315,42,44,46
341,233,198,199,220
211,63,38,27,31
239,89,47,44,53
251,446,66,64,57
67,291,33,31,31
232,295,42,44,47
925,201,52,47,51
734,104,44,47,48
133,461,47,48,49
390,285,44,45,44
227,30,170,165,181
547,164,44,44,51
50,440,48,47,51
1195,258,239,238,253
317,27,43,42,45
432,191,218,219,243
811,21,51,51,54
854,402,47,47,52
67,361,42,41,46
460,147,45,46,44
429,207,222,220,243
717,83,50,47,52
958,273,46,46,49
323,92,28,24,27
573,131,45,45,48
1103,370,242,238,255
553,419,43,41,46
820,430,46,44,50
407,53,34,30,32
516,151,46,44,48
980,395,47,46,50
582,306,44,44,47
399,109,37,35,38
654,437,43,42,46
818,159,51,47,52
723,294,46,45,50
927,153,51,50,51
1081,61,247,248,254
568,396,42,41,45
110,456,48,47,50
812,205,49,49,50
581,46,46,43,48
182,443,52,50,52
1062,56,72,67,65
857,328,45,47,49
225,0,167,156,180
1027,28,105,78,61
1169,371,233,234,250
317,418,45,44,46
1069,37,111,99,107
276,377,45,44,44
22,459,50,49,52
189,225,189,187,207
1069,20,76,66,63
952,102,43,48,51
1009,409,48,47,51
594,376,45,45,45
721,429,48,42,48
472,37,76,58,49
564,80,46,45,48
1002,58,106,87,72
258,317,44,44,47
777,398,45,45,50
1019,392,46,48,51
936,194,44,47,52
1161,487,231,229,247
81,65,193,188,214
698,261,46,46,49
822,343,42,46,47
1081,417,54,58,62
236,272,203,205,225
665,189,237,236,255
847,63,48,48,52
160,48,152,134,156
272,275,42,43,46
666,499,105,76,55
41,362,40,43,45
1015,372,47,50,54
90,296,34,34,37
1192,338,241,238,254
704,139,43,48,49
24,243,31,26,25
989,391,47,47,51
105,224,203,204,227
1086,316,246,247,255
147,353,39,42,40
35,481,51,47,51
856,447,43,47,49
799,263,241,238,255
238,132,32,26,26
23,392,41,44,48
424,346,40,41,48
249,158,31,27,31
1097,109,235,233,252
1174,210,240,236,254
445,16,40,37,37
642,311,45,46,48
20,458,52,49,52
439,33,34,35,34
912,344,46,45,49
511,79,39,35,38
946,169,46,47,50
627,170,49,48,52
246,331,45,43,45
1171,298,236,234,251
1174,288,238,236,251
719,113,51,46,52
1097,16,231,228,229
470,191,222,222,244
994,414,48,46,49
287,345,39,42,46
719,91,46,46,52
28,170,174,35,42
854,381,48,46,49
460,230,233,230,254
758,165,47,46,50
541,340,41,45,44
373,74,33,26,30
357,319,41,45,43
643,1,50,51,52
110,274,46,37,46
316,498,43,47,49
599,150,45,46,47
1070,496,236,231,207
319,135,33,30,34
720,230,237,238,255
527,195,222,223,246
379,374,41,43,47
48,66,111,107,116
520,139,44,43,49
565,405,42,42,44
26,414,78,70,59
1180,243,243,235,252
318,1,50,44,48
1057,63,106,93,84
1155,139,236,234,249
310,302,46,44,46
1120,9,232,230,246
92,88,153,24,36
755,336,46,44,48
1085,415,78,76,78
1112,427,231,228,245
107,53,150,132,155
765,56,45,45,50
1178,38,241,238,253
213,88,133,129,153
270,254,199,197,217
436,283,46,44,50
939,192,44,45,49
147,29,157,140,163
539,237,57,49,58
42,115,148,22,32
1123,1,231,230,247
278,139,32,27,27
62,33,160,152,170
329,88,32,25,25
1098,152,246,246,255
813,31,53,52,53
264,441,61,59,55
158,145,165,161,186
1044,433,48,49,51
765,95,51,46,51
410,348,48,44,47
1092,207,243,242,227
1171,70,239,236,250
223,489,65,62,50
639,75,45,45,47
470,423,45,45,47
741,414,46,47,48
245,73,45,48,52
660,143,45,47,49
182,152,36,37,43
960,189,46,49,51
492,175,27,25,24
202,19,186,169,190
356,472,61,57,49
811,353,43,44,49
582,475,121,113,98
450,437,136,129,133
107,451,48,46,47
1015,285,50,47,53
667,48,45,46,50
708,473,139,125,104
991,117,50,49,52
1032,471,47,49,51
140,105,182,169,192
584,159,46,46,47
2,136,162,27,34
730,392,44,43,48
1001,392,45,48,49
598,361,44,41,46
1142,321,238,232,245
690,299,44,47,48
929,287,47,47,51
848,141,50,48,52
26,136,159,25,31
762,63,45,47,51
996,188,45,47,53
1071,250,54,52,57
31,207,105,108,108
1028,498,49,50,52
466,4,64,50,40
559,1,136,100,83
1175,318,242,239,255
272,231,88,73,103
590,117,45,42,47
960,440,57,48,109
24,236,31,25,28
813,109,49,47,52
1022,135,46,48,51
1089,70,111,114,118
481,101,42,43,44
430,252,210,220,226
970,123,48,47,52
972,28,95,72,61
426,367,46,44,48
120,243,182,175,186
832,463,47,47,50
1108,6,236,237,255
55,208,42,41,45
759,12,50,49,53
185,375,41,44,47
955,467,48,46,53
60,328,37,34,38
774,32,50,48,53
633,428,43,42,47
1176,286,240,237,249
1085,176,54,57,61
92,6,43,34,47
943,425,47,44,52
269,136,33,28,28
893,356,44,49,48
299,153,32,29,30
538,226,229,229,251
914,285,47,47,49
1197,22,237,238,254
387,17,41,27,30
877,209,47,50,53
191,203,153,156,170
679,143,48,46,53
535,217,230,227,250
1098,141,239,238,255
986,168,46,46,52
417,452,137,128,130
102,384,41,42,46
172,138,44,45,50
681,344,38,46,50
1094,206,244,242,255
594,150,44,44,45
1136,347,231,229,245
210,390,46,44,47
959,442,45,48,52
830,60,49,48,50
1021,84,91,78,66
1098,451,237,237,255
259,218,192,188,207
244,387,41,43,44
473,189,115,108,115
218,197,185,182,200
886,60,98,94,87
619,171,44,46,51
703,435,39,44,46
659,85,44,46,46
574,54,43,45,48
219,410,40,45,47
1020,254,49,47,53
275,337,39,42,48
104,281,38,36,38
236,407,47,43,47
834,40,84,74,62
830,104,48,47,52
1057,240,49,50,52
532,258,225,225,247
682,183,236,235,255
131,483,47,48,50
100,370,38,38,44
947,16,115,81,66
932,212,46,48,49
281,388,45,44,47
739,383,46,45,48
557,94,43,44,46
321,214,88,82,90
988,466,46,47,49
919,30,102,90,74
243,384,42,44,46
426,74,37,36,39
771,327,42,44,49
349,274,43,46,51
597,174,44,47,51
720,271,42,45,48
1019,455,47,46,53
538,293,45,46,48
846,295,42,48,50
968,89,51,48,53
114,262,179,175,210
756,220,237,236,255
514,265,217,219,241
137,450,48,46,51
369,74,31,26,28
686,148,46,46,51
480,492,108,96,51
557,353,44,41,46
1027,118,46,49,53
632,72,47,44,47
153,474,46,47,48
743,183,49,49,52
837,470,49,50,52
195,205,65,49,68
609,445,189,200,223
102,229,202,201,225
984,284,49,48,51
305,495,47,46,49
322,106,33,24,29
376,254,215,213,236
514,417,45,44,44
956,402,48,45,48
189,217,192,189,206
908,180,46,48,53
77,73,40,34,39
395,428,47,44,48
743,328,42,48,48
1193,486,235,235,249
422,417,48,45,49
570,55,44,45,48
83,459,54,50,51
157,64,137,123,142
769,227,239,241,255
347,11,46,39,36
678,341,44,44,46
772,207,240,239,255
47,78,181,183,197
1032,340,47,46,51
1084,25,167,168,203
1008,32,101,79,63
443,399,50,50,64
363,130,33,33,37
1074,190,73,66,61
579,317,45,42,46
958,99,46,46,52
1155,48,237,235,248
714,145,47,44,50
621,1,50,49,52
496,44,46,41,43
369,418,46,43,46
467,323,42,40,45
1064,45,110,106,115
478,57,38,42,46
268,218,189,187,206
510,210,212,211,236
1110,419,233,232,247
779,40,50,49,52
930,118,44,46,52
9,110,143,21,28
747,146,49,47,50
195,6,154,28,38
624,377,44,46,48
873,389,47,46,51
846,398,42,45,48
761,492,157,153,161
576,78,42,44,45
694,250,48,49,53
931,174,46,48,50
549,358,41,42,45
1137,316,228,227,240
377,234,210,210,232
1128,290,229,228,242
278,285,44,42,47
212,101,49,51,55
379,51,28,25,29
498,331,41,42,47
974,383,47,44,49
885,240,236,236,255
572,33,48,43,49
919,194,46,48,52
1042,430,47,46,51
1094,298,236,233,254
386,15,38,28,30
514,252,218,220,242
534,384,40,43,44
87,187,134,123,151
861,461,47,47,51
986,246,49,47,52
166,352,43,43,42
568,390,40,43,43
215,351,43,41,48
1011,356,49,49,48
71,176,203,194,215
1078,307,45,50,54
784,324,43,48,49
1022,251,46,46,53
957,233,44,46,49
65,311,34,34,37
451,440,140,131,136
383,405,41,43,45
249,107,33,30,31
1118,161,232,230,246
1096,314,240,239,254
513,464,172,173,188
1089,215,168,176,246
773,72,44,46,49
378,407,41,43,46
1083,204,53,55,55
544,20,46,46,48
1064,67,87,76,68
494,402,42,42,46
322,227,194,196,217
366,102,33,32,31
201,462,48,46,51
815,43,52,50,54
165,245,204,204,223
768,104,47,48,51
136,379,44,41,44
85,183,209,202,225
718,283,43,44,46
307,87,32,27,26
444,254,183,175,178
584,294,44,44,46
30,345,42,42,46
988,157,50,49,52
619,340,42,45,46
514,57,36,32,36
1066,497,54,54,58
637,449,191,198,217
803,19,52,48,53
979,490,47,47,50
874,432,46,48,52
374,207,204,203,224
1022,488,47,47,52
293,216,188,188,209
960,404,44,45,51
87,81,150,22,33
761,8,51,49,52
667,237,197,199,228
892,134,48,48,50
156,127,142,140,163
664,154,44,45,49
1009,408,46,47,51
70,276,32,33,31
80,120,153,30,34
110,382,42,42,46
463,452,154,160,173
379,413,43,43,46
109,440,53,52,53
309,344,42,43,45
273,397,40,43,47
1107,140,239,235,254
888,400,46,46,51
1104,463,233,232,247
398,67,33,29,33
270,368,45,43,48
632,197,236,236,255
862,369,43,47,50
717,472,150,145,154
836,354,45,46,50
595,467,122,113,96
764,428,47,45,49
610,480,180,174,181
587,286,45,44,47
735,188,235,237,255
56,452,50,48,52
141,11,191,191,214
308,432,62,61,52
498,205,182,180,211
1013,407,48,48,52
325,199,162,159,187
838,177,44,46,49
355,29,42,29,31
835,216,237,234,254
326,172,175,169,185
978,198,49,47,53
1159,290,239,233,248
506,493,118,104,63
372,168,43,44,43
386,318,43,43,47
361,451,61,53,50
785,428,46,45,51
1183,49,237,237,254
82,168,197,193,204
674,32,48,52,55
88,47,25,27,28
143,190,149,145,174
446,275,231,234,255
501,243,86,84,112
180,294,43,40,43
144,426,52,47,52
211,88,109,111,126
1098,345,244,243,255
228,61,127,122,141
921,89,47,49,49
546,329,44,42,44
812,129,43,46,48
926,229,44,48,51
397,69,28,29,30
1121,473,231,227,242
50,156,163,28,39
741,107,45,45,48
754,302,44,47,45
473,21,64,53,45
796,44,47,50,53
1177,327,236,233,254
1010,178,45,49,52
595,25,50,47,51
934,498,178,160,86
274,357,37,43,45
1171,441,238,235,249
1177,45,241,239,254
344,175,191,190,209
443,175,44,45,46
311,193,191,188,211
139,403,41,45,48
134,415,42,44,48
774,184,46,47,50
62,273,35,31,31
548,377,40,40,42
287,264,201,199,221
164,176,197,195,217
917,333,43,45,52
664,271,47,47,48
757,104,44,45,47
1193,134,239,237,254
328,173,190,188,205
373,445,166,149,129
56,335,37,35,37
1121,381,231,230,244
590,402,45,44,47
408,153,41,44,47
575,295,41,41,47
531,178,212,215,234
545,133,44,44,47
825,442,51,46,50
892,405,49,47,51
540,474,170,166,181
63,292,35,31,34
994,158,47,47,53
547,133,45,43,49
181,218,196,189,208
116,82,145,131,153
173,248,202,199,220
882,321,48,46,50
464,335,41,38,40
41,335,41,39,40
161,282,201,201,226
150,215,197,193,214
244,161,40,32,35
799,296,47,48,51
923,418,46,46,48
891,100,46,49,51
117,384,44,42,47
430,27,36,30,32
668,47,44,46,50
19,434,52,52,50
774,443,43,44,49
157,364,41,44,43
1158,193,236,234,250
1008,287,49,45,51
777,90,45,45,50
805,305,45,46,47
867,289,46,44,50
887,131,48,47,49
589,479,108,103,92
764,141,50,47,50
477,493,113,99,55
717,53,48,46,49
633,156,43,46,47
708,426,41,43,47
72,39,116,108,115
215,153,30,27,27
850,483,176,161,105
1189,486,236,234,249
599,429,40,45,46
710,408,46,43,50
950,274,48,47,50
988,417,47,47,49
1188,283,237,235,253
168,216,194,192,212
565,378,43,43,43
296,312,43,44,45
1007,222,48,48,49
703,74,45,46,50
979,153,46,46,52
128,402,45,44,47
569,113,45,44,48
188,213,180,177,191
945,72,93,92,86
213,9,188,170,193
488,111,45,42,46
347,29,42,34,35
640,392,83,79,63
962,354,48,48,49
558,237,231,228,253
30,285,33,30,30
546,48,44,44,44
609,374,41,41,47
729,243,240,237,255
953,275,47,46,52
1059,312,48,50,55
796,488,159,153,171
25,481,49,48,51
361,395,42,42,47
1182,442,240,238,254
605,284,46,45,48
334,130,34,28,31
789,285,47,49,51
1141,225,231,230,246
506,276,46,45,47
168,188,198,193,212
637,375,44,46,48
556,226,227,227,252
282,194,185,184,204
429,8,35,28,27
1028,264,48,48,50
396,226,215,215,237
17,480,50,50,51
393,196,210,208,232
215,175,188,185,206
1042,117,49,48,51
1041,372,48,47,53
997,88,46,48,53
309,207,54,45,60
1046,478,45,49,52
378,426,44,43,47
1196,22,240,237,253
899,237,241,239,255
1039,390,47,50,57
812,190,45,48,51
364,310,43,43,44
26,445,53,51,52
977,392,44,48,51
633,411,43,46,47
832,157,50,45,50
41,210,71,73,85
137,24,32,30,55
357,340,40,42,45
196,263,202,200,222
606,238,237,236,255
395,432,48,48,50
761,422,50,46,51
271,249,195,193,210
717,437,45,45,48
477,437,181,186,206
845,245,217,221,242
248,117,28,27,30
126,223,196,195,216
327,375,42,44,46
662,258,45,48,49
1096,181,248,247,255
834,458,49,46,52
796,366,45,44,47
1059,309,55,54,58
355,208,187,187,203
665,184,239,237,255
642,349,45,44,48
321,308,42,43,46
535,222,226,225,248
566,468,157,149,155
681,136,43,48,49
634,146,43,46,47
656,120,44,46,46
56,191,35,30,29
785,295,44,47,49
310,225,194,193,214
874,292,50,45,48
264,294,44,43,48
834,375,45,46,48
1048,326,44,48,51
511,259,221,219,245
903,297,45,46,50
279,457,82,79,60
699,110,46,45,47
1121,57,228,229,243
817,297,49,46,53
1079,485,53,54,57
806,323,46,47,49
395,98,39,37,40
238,426,81,74,54
628,66,44,45,48
214,425,45,47,49
451,174,42,45,46
80,136,160,54,72
570,198,232,229,252
1029,414,47,48,52
238,44,36,33,33
682,40,47,45,51
626,127,49,45,48
321,430,64,65,55
935,202,47,46,50
31,168,172,31,40
903,233,243,239,255
276,57,44,48,53
1139,136,231,232,245
779,415,46,48,53
677,48,47,47,48
930,494,177,159,86
744,333,44,45,48
584,31,42,44,48
446,207,225,223,246
38,142,160,28,37
710,83,49,45,49
72,406,43,44,46
52,274,36,29,31
459,284,49,49,54
573,240,236,233,255
171,290,41,39,41
636,405,43,43,45
485,279,52,49,53
1095,224,241,242,255
581,221,235,234,255
363,465,82,76,68
25,76,114,104,111
908,465,49,48,50
473,365,47,44,47
739,447,48,44,48
546,417,38,42,45
945,23,97,70,59
1043,419,49,50,55
804,18,50,50,49
76,314,38,35,36
316,172,178,172,184
551,363,40,41,46
127,370,41,43,45
736,370,42,44,47
584,464,135,124,114
868,7,91,86,83
398,157,39,41,44
451,354,80,81,84
473,370,42,45,50
418,6,37,28,29
496,281,47,47,49
810,344,47,47,50
507,30,94,69,54
1074,216,96,89,66
983,368,45,49,49
1059,373,56,50,53
3,391,44,46,48
824,211,68,63,72
402,187,208,207,228
865,374,47,47,48
927,482,48,49,53
99,0,36,26,31
952,114,47,47,53
971,255,45,47,49
947,376,49,45,51
684,63,46,44,51
1070,419,89,71,58
758,72,44,46,47
715,301,45,44,47
483,4,49,46,42
628,422,43,45,46
16,285,36,32,34
603,400,39,44,45
895,167,46,48,50
809,85,45,46,51
1001,319,47,47,49
772,117,45,47,49
187,280,211,208,232
346,38,40,30,30
679,231,236,236,255
1097,215,246,242,255
632,269,41,44,48
275,476,108,101,84
107,302,39,30,33
1001,357,46,47,52
133,499,43,45,46
878,294,48,46,51
466,391,43,45,47
582,37,41,46,46
1038,270,61,51,53
6,267,35,29,30
411,45,29,26,31
395,79,34,32,33
321,160,30,36,35
1048,467,47,48,55
1121,268,225,225,242
131,36,141,123,142
1046,433,46,50,51
636,373,38,43,48
1155,300,235,234,250
913,43,87,86,75
188,468,47,48,46
728,224,61,60,65
1098,198,244,243,255
345,232,201,202,222
815,485,150,147,161
876,16,99,96,92
426,263,231,231,255
1148,241,234,231,249
331,398,44,44,45
144,157,120,119,139
572,113,44,43,47
724,446,49,46,48
1179,55,237,237,253
522,308,42,44,47
936,255,47,46,51
383,131,39,38,40
875,100,46,49,51
85,259,215,212,239
270,338,60,64,68
384,209,207,206,229
474,267,28,27,24
367,179,196,196,216
306,123,32,26,28
1143,300,235,230,246
1013,458,48,47,52
582,439,159,160,150
273,208,170,166,186
355,381,45,41,46
637,24,51,48,53
457,413,49,51,52
883,74,50,48,52
837,351,48,47,48
660,365,40,43,48
73,379,43,41,44
190,385,43,44,48
997,86,48,50,51
386,244,95,91,112
1159,387,233,232,241
655,387,48,43,49
986,241,45,47,50
223,179,190,185,204
1041,343,49,48,51
466,177,44,46,48
1086,392,255,255,255
546,276,45,45,47
307,370,42,43,44
234,335,41,43,46
1141,404,232,230,244
852,38,90,87,83
8,235,33,26,28
338,229,200,201,220
237,385,45,43,46
363,156,37,38,38
165,466,63,55,52
460,55,37,40,42
714,321,51,48,48
1083,14,59,57,63
1149,442,234,230,245
849,236,241,236,254
351,459,70,66,52
486,493,125,117,66
897,48,103,98,96
1000,320,45,48,48
59,207,46,41,53
629,388,43,41,46
430,122,40,43,44
505,46,43,43,44
125,264,213,211,234
491,52,37,42,45
27,466,51,49,49
474,235,115,115,138
82,394,42,42,45
805,455,50,50,47
603,194,235,233,255
1101,48,234,233,252
1175,479,236,234,250
768,68,44,47,50
503,157,52,50,50
147,330,36,36,39
552,136,41,43,46
1005,237,46,44,50
1142,145,234,231,246
111,248,216,211,233
265,455,74,72,52
1149,384,230,230,246
945,85,47,48,50
649,98,43,46,48
227,395,46,44,43
411,382,41,43,45
36,400,46,47,50
541,151,44,45,49
1056,217,51,50,52
84,386,44,44,45
624,173,51,51,54
609,326,37,42,47
1030,377,47,47,51
1120,32,229,230,247
702,192,241,237,255
617,184,235,233,255
227,357,43,42,45
551,483,116,105,102
26,332,38,39,41
753,30,53,51,51
513,23,87,65,53
247,47,124,124,143
826,342,43,44,46
746,395,43,49,50
568,295,42,44,47
1104,44,233,233,249
191,486,48,45,49
706,344,45,46,48
609,426,43,44,46
160,4,36,26,42
301,182,186,186,205
522,351,44,43,46
324,59,34,25,29
791,427,50,45,48
166,282,207,207,232
773,427,44,45,51
248,478,91,84,58
722,262,54,53,56
0,469,53,54,54
548,57,40,44,48
854,177,51,51,52
802,453,44,47,50
950,476,51,45,52
420,50,34,36,36
57,465,48,47,49
610,49,47,45,49
1074,91,69,65,65
516,493,113,104,75
371,166,45,42,44
217,31,187,173,198
499,102,46,45,48
209,209,87,81,90
1142,402,234,230,247
55,252,33,31,29
580,196,234,232,254
927,433,108,105,63
241,347,42,43,46
933,454,51,46,61
109,487,49,51,52
236,236,44,43,47
112,309,39,35,40
576,113,42,43,47
605,217,233,236,255
1045,63,108,97,76
274,28,212,212,233
1117,28,232,231,245
978,322,43,46,47
635,45,48,45,48
723,57,45,47,49
260,365,43,44,47
263,248,193,193,214
553,312,39,43,46
121,56,155,141,164
981,399,46,47,47
504,255,219,218,239
978,319,42,46,51
532,461,161,158,168
724,197,241,236,255
634,435,43,45,48
520,140,50,48,50
676,372,43,45,46
515,27,65,53,48
1154,127,236,233,250
452,145,41,43,45
429,366,45,43,45
1129,259,230,228,246
215,340,43,41,47
824,322,42,48,49
4,438,50,50,50
937,310,43,47,48
302,80,32,29,28
609,364,45,42,47
310,255,201,200,222
576,485,169,163,164
304,300,39,43,46
391,303,42,44,47
635,336,45,44,48
375,368,43,44,44
1155,425,233,231,247
315,314,45,44,46
589,31,38,45,45
824,459,42,44,48
567,151,45,43,49
882,310,45,46,48
510,212,215,213,236
862,3,93,90,86
896,95,45,48,51
1050,244,47,48,53
60,82,38,33,34
758,353,44,46,50
165,320,40,37,43
287,450,73,72,55
477,480,102,102,97
452,370,15,19,21
1067,269,53,50,54
1024,212,45,48,53
19,343,43,42,45
249,334,45,43,46
195,115,53,45,63
910,440,48,47,52
19,486,50,47,50
32,358,41,44,47
551,375,41,42,46
578,184,236,233,255
846,141,43,46,47
1122,164,230,227,246
1162,226,240,236,250
727,249,241,238,255
647,443,50,47,50
1173,445,235,236,251
1075,215,201,190,147
53,402,42,42,47
1058,125,53,50,54
1137,125,232,228,245
482,110,42,42,44
736,46,43,45,51
117,122,163,33,37
912,53,81,76,70
548,177,81,83,90
382,192,201,201,221
1126,240,229,229,244
1031,33,105,79,63
449,149,41,45,47
260,289,43,43,45
686,262,44,45,49
115,243,205,203,226
462,148,46,42,48
522,282,44,45,51
836,139,46,48,49
364,470,61,57,51
352,481,61,59,51
321,323,43,42,46
349,63,33,23,26
36,456,50,48,52
737,223,241,239,255
573,50,47,44,46
220,126,37,34,35
264,433,61,56,50
777,429,48,47,52
691,181,162,157,177
350,312,43,43,48
249,188,190,185,205
246,13,182,174,196
599,268,48,45,50
1168,3,241,237,253
552,116,42,44,45
639,308,43,45,47
690,159,51,47,50
796,300,46,45,50
368,211,202,200,222
569,449,130,126,126
603,415,40,42,46
243,385,42,44,46
1164,378,237,233,249
194,453,51,50,52
527,113,46,45,48
597,65,47,43,48
706,146,46,45,51
607,338,43,43,44
1048,186,52,48,53
118,251,217,212,237
116,17,91,88,91
839,281,43,45,49
335,164,39,36,41
603,442,187,199,213
635,182,237,236,255
37,124,152,20,30
1068,252,49,51,56
483,325,43,47,48
211,200,138,134,147
249,182,190,184,206
990,309,48,47,52
1056,184,45,49,52
154,355,40,41,43
717,355,46,44,49
832,82,42,47,46
993,76,64,62,57
1059,456,51,51,54
974,12,109,80,65
754,193,47,48,53
1042,319,51,49,52
698,430,41,42,46
1100,74,231,232,253
337,437,90,88,59
1164,125,237,234,250
382,229,214,209,233
1032,396,46,46,50
807,370,45,46,52
632,171,49,52,56
752,394,46,47,47
1169,324,237,234,249
1098,32,246,243,255
31,276,35,28,30
547,204,58,58,64
173,30,175,156,181
907,3,177,119,81
204,442,50,48,50
964,493,46,47,51
1118,219,232,232,249
896,146,47,47,49
176,272,210,208,233
1059,219,47,50,53
455,109,40,42,46
576,17,93,80,58
543,174,51,48,51
1005,77,96,81,68
51,202,60,55,65
1192,389,236,236,253
234,458,78,74,58
438,424,80,80,89
292,338,44,43,47
28,241,37,32,34
747,46,50,46,50
381,195,200,202,227
644,317,39,43,45
74,139,178,107,115
2,399,50,45,50
1025,444,45,47,52
930,189,46,48,52
318,214,180,185,196
1130,273,227,226,241
904,490,171,155,81
52,400,44,46,47
233,250,196,195,219
663,360,46,43,48
235,161,188,183,204
111,299,37,31,34
858,174,45,46,51
1032,498,50,47,52
620,57,46,46,47
652,147,44,46,48
820,165,48,48,53
1148,258,232,230,248
407,44,29,24,28
463,348,45,46,43
597,436,40,43,46
618,335,43,42,45
898,63,105,102,97
646,138,44,45,49
692,442,43,45,45
580,399,40,44,45
267,475,106,100,78
316,400,42,44,44
364,8,42,34,29
63,154,166,28,38
382,155,42,42,44
780,162,45,46,50
222,210,60,49,69
618,213,207,213,239
956,347,43,46,48
289,320,43,43,45
682,166,48,47,49
312,412,47,41,45
378,61,31,25,25
799,127,45,46,51
621,176,47,48,51
686,459,114,89,59
136,473,46,46,48
1003,440,50,49,52
0,168,108,106,119
1085,388,251,252,255
154,100,196,186,206
958,9,109,79,61
267,327,40,44,45
1146,126,233,229,247
512,106,40,39,41
101,302,31,33,35
367,282,43,43,47
672,148,45,45,50
1085,313,207,205,222
72,187,39,30,35
71,240,42,38,43
93,74,156,112,123
444,34,46,38,40
1029,291,48,47,52
84,65,194,193,212
1188,175,238,234,251
874,143,45,45,50
862,242,239,238,255
415,4,36,30,26
84,154,163,33,38
945,96,44,48,48
55,107,153,22,32
134,317,33,34,39
605,270,44,46,48
542,101,46,44,46
109,464,50,48,53
503,338,40,41,46
33,451,48,49,51
22,379,45,43,48
833,204,46,49,53
724,346,43,44,48
533,90,40,44,46
187,258,204,200,222
288,129,32,30,33
901,78,53,55,58
898,258,243,240,255
380,254,216,213,237
1073,349,238,231,214
35,129,152,26,34
680,340,41,45,47
1019,1,101,76,62
946,172,44,48,49
606,475,164,161,161
1079,49,57,59,60
615,285,44,46,49
970,489,48,46,50
858,87,47,46,52
666,341,43,43,47
697,238,238,236,255
407,151,43,42,44
196,436,45,48,49
376,260,212,213,237
831,89,48,49,53
1011,480,45,50,51
327,170,42,41,41
121,468,54,50,52
454,106,42,42,44
196,78,206,197,217
728,89,45,46,50
52,245,33,27,31
267,28,131,131,146
937,267,47,48,53
253,70,41,42,46
507,435,174,178,196
853,129,48,46,49
1118,294,230,227,244
916,78,47,47,53
260,139,34,26,28
1143,479,229,228,242
812,177,50,46,53
193,12,179,157,181
667,151,45,46,48
586,418,41,42,43
205,128,37,36,39
1001,3,129,96,70
1127,186,231,230,243
466,200,227,226,249
441,384,45,48,51
505,449,169,172,187
120,283,44,37,51
309,369,41,42,46
478,469,181,181,199
252,431,66,69,52
1129,92,229,225,240
146,31,147,130,152
724,432,43,44,46
424,246,58,57,61
146,303,38,37,40
466,457,177,183,200
690,268,44,45,52
524,199,73,67,92
870,342,46,47,49
104,150,196,187,208
795,156,45,46,52
940,49,81,65,60
644,412,41,43,46
393,59,33,29,30
499,334,39,43,47
785,437,48,47,50
932,478,48,47,50
840,496,160,150,111
803,357,46,46,49
86,243,218,215,239
1001,331,45,48,50
1018,216,48,49,52
650,322,46,45,47
437,343,44,44,47
1196,308,238,236,250
963,296,44,45,49
808,371,44,46,49
896,157,49,48,48
969,467,49,47,50
872,63,95,80,63
813,386,50,47,49
1120,278,234,231,246
500,130,14,16,18
244,293,41,46,48
331,474,120,116,122
511,496,103,93,59
747,132,48,46,51
493,416,44,44,49
1050,239,47,49,53
274,362,41,42,45
868,252,234,234,254
730,55,45,45,47
123,339,38,38,36
103,487,46,47,50
523,397,43,40,43
674,248,48,47,49
438,448,19,22,19
1138,6,229,228,247
136,350,39,37,42
31,416,64,67,53
768,225,86,88,91
1088,79,62,58,63
426,408,47,44,49
596,89,47,45,49
949,270,44,44,50
52,323,38,35,37
997,222,45,48,52
1071,324,56,57,54
396,350,39,46,42
197,69,203,192,209
950,417,48,45,47
625,189,237,237,255
615,102,46,46,46
36,90,122,123,152
1029,485,51,48,54
390,235,85,76,99
663,8,51,50,51
1053,487,51,50,55
682,60,45,46,49
394,471,82,79,73
521,185,222,221,241
714,432,44,43,50
770,267,148,152,181
926,202,46,48,49
181,268,205,206,228
174,193,173,173,183
323,339,42,45,47
1105,382,236,238,255
912,402,48,46,52
1111,409,236,235,251
796,259,242,238,255
476,370,42,44,47
776,337,44,46,48
649,220,236,236,255
440,442,23,23,24
677,183,234,237,255
447,116,39,44,44
965,476,49,46,51
179,96,42,37,37
19,42,64,62,65
692,380,45,44,45
420,61,34,36,36
384,246,208,212,231
575,253,235,234,255
1117,87,232,228,247
114,135,42,28,31
73,96,153,29,33
970,475,47,46,51
326,189,192,190,211
733,236,238,236,254
538,393,41,42,46
1158,240,235,234,250
330,234,101,99,97
367,435,92,91,84
953,129,45,47,50
967,175,44,48,51
1165,143,234,233,249
46,342,40,38,40
313,456,88,82,57
1032,435,44,49,49
1030,214,48,47,51
465,102,42,43,45
583,238,230,233,255
440,452,23,25,24
806,433,46,47,50
1023,297,42,47,49
845,328,47,48,50
992,475,50,47,54
53,4,226,227,248
910,146,46,47,50
190,230,116,108,137
1152,107,235,233,248
916,355,44,45,51
1138,278,229,227,244
1178,412,236,234,251
372,167,40,42,43
360,276,46,43,45
1005,464,48,50,51
323,268,89,94,115
631,476,190,191,204
835,367,46,43,45
1074,244,133,136,82
929,293,42,47,50
523,27,59,41,32
717,414,45,45,50
686,222,75,67,67
240,59,210,212,233
105,420,58,52,51
50,408,43,45,48
939,198,45,48,51
1108,120,236,234,251
136,437,52,50,52
726,360,47,46,51
594,225,238,236,255
632,470,162,158,168
487,363,44,42,43
0,129,158,25,33
835,295,47,46,51
401,210,55,52,55
883,355,44,46,51
632,129,45,45,49
123,451,50,48,53
837,144,46,47,50
456,267,238,234,255
1086,64,252,251,255
606,196,235,234,255
971,461,48,48,50
247,312,47,42,47
859,100,46,47,50
271,269,47,44,49
960,369,46,46,52
589,370,46,42,46
762,488,150,148,159
364,488,141,133,134
1033,125,48,49,54
153,409,43,44,44
897,105,50,48,51
104,306,35,32,35
67,208,48,48,56
631,458,187,188,206
484,426,45,43,46
921,419,46,47,50
387,346,40,44,44
875,385,44,45,47
53,292,37,32,35
449,28,55,45,42
905,128,45,47,51
901,208,47,44,50
167,201,189,185,206
505,428,40,43,46
169,479,51,45,51
39,291,36,32,35
711,381,45,45,46
372,238,151,154,160
412,436,73,68,61
954,24,98,74,60
588,207,234,230,255
432,137,45,41,47
1059,295,54,56,59
764,339,45,47,49
306,105,33,26,27
725,240,236,238,255
692,258,44,47,50
229,469,102,101,69
377,452,197,188,200
204,386,42,43,47
278,11,163,160,176
751,295,47,45,52
922,482,50,50,52
202,358,43,45,46
335,358,43,42,45
33,63,108,98,106
1003,414,47,47,53
14,9,121,114,129
103,458,58,54,55
747,57,46,44,47
983,153,49,49,54
57,382,43,43,47
623,24,48,50,52
935,369,45,46,50
443,212,225,223,244
767,195,51,48,51
160,251,205,204,226
122,226,200,196,215
928,190,45,47,51
807,10,52,53,56
171,457,50,47,51
220,225,187,186,207
1169,74,235,235,252
277,266,101,108,133
805,310,51,48,52
231,118,35,31,35
1095,405,243,241,255
303,331,44,42,49
147,55,135,122,141
1053,198,46,51,51
728,215,72,66,109
508,219,216,215,236
326,208,162,158,170
137,155,232,230,253
697,261,50,48,51
31,482,48,49,51
1134,410,233,232,246
571,145,48,44,48
13,450,49,49,52
453,416,56,56,61
358,308,41,44,44
1136,324,225,226,241
348,429,57,51,44
998,149,45,48,54
1025,157,48,47,52
1183,173,236,234,250
547,93,48,42,47
399,157,45,43,45
983,389,50,47,49
209,489,49,46,51
54,402,42,43,46
1110,146,235,232,251
175,90,37,28,33
184,308,39,39,44
550,133,41,44,47
881,465,46,48,51
453,233,231,230,253
135,418,45,48,47
506,393,44,43,48
25,162,170,29,34
28,174,177,35,39
858,172,42,46,49
53,216,107,105,112
448,342,43,47,49
620,330,38,44,46
251,385,43,45,46
37,200,58,75,56
555,295,38,45,47
147,408,50,46,48
766,209,243,239,255
590,87,46,44,47
743,285,43,44,49
782,199,45,50,50
354,98,30,28,30
937,27,88,65,62
157,370,40,42,44
1155,160,232,232,250
650,385,72,65,97
551,0,101,60,52
792,247,243,240,255
342,29,39,37,34
702,347,40,42,48
939,268,51,46,48
171,321,44,42,40
1131,341,230,228,243
903,65,108,105,104
971,89,49,48,52
33,22,91,73,84
236,130,36,28,31
479,146,42,44,45
284,352,44,43,45
73,376,47,44,47
60,133,155,28,35
502,303,41,43,47
439,86,41,43,43
928,328,45,47,49
894,499,176,157,91
881,491,176,161,109
1094,41,238,239,255
71,313,38,33,36
714,152,47,46,49
1069,467,89,68,55
934,491,152,144,87
443,160,43,44,47
939,225,45,47,53
449,362,98,102,117
890,380,45,46,49
446,202,226,226,247
188,403,44,44,45
1119,49,230,227,247
76,194,39,28,32
826,476,166,164,176
516,33,61,59,63
741,262,230,231,255
139,424,49,50,52
691,426,44,46,49
666,43,48,44,48
819,467,48,48,50
565,167,46,46,48
617,318,46,44,47
530,364,43,42,45
1190,65,238,236,250
372,26,34,30,30
801,187,46,46,50
794,463,47,48,52
22,381,41,47,46
108,482,47,48,51
847,42,100,86,72
964,346,40,46,47
253,285,43,45,47
562,393,42,45,44
670,28,50,49,54
385,83,33,30,32
17,173,114,98,99
654,129,45,46,51
64,199,107,109,108
747,399,73,62,49
1189,250,240,235,255
285,77,34,29,33
439,343,42,45,47
109,489,43,50,48
247,324,40,43,46
367,33,37,26,27
998,143,48,48,51
1,234,32,27,30
802,356,50,44,52
877,161,45,47,51
637,497,145,142,157
409,291,45,46,48
287,141,32,24,28
688,265,46,47,48
246,84,47,49,54
460,195,228,227,247
796,125,46,45,52
413,51,33,30,31
18,395,44,44,49
1042,421,50,50,51
491,292,46,46,50
632,201,237,236,255
104,183,244,242,255
1054,206,46,49,54
564,400,41,40,45
864,73,48,48,51
459,202,229,225,248
829,166,50,47,49
991,378,47,48,53
1132,442,231,225,244
869,489,135,127,80
487,77,42,41,43
1002,432,50,45,52
1045,431,47,49,50
124,486,48,47,50
160,86,154,146,166
374,424,44,44,47
915,439,46,47,53
1028,122,53,48,54
849,461,47,46,51
520,405,43,40,44
428,361,43,43,46
807,58,49,47,51
915,295,42,45,49
382,423,45,44,47
374,297,42,43,46
594,76,44,43,46
381,353,39,43,45
1109,330,236,232,250
779,402,42,45,49
1041,177,47,50,52
685,15,45,48,51
473,363,43,44,46
1067,187,53,50,58
1197,26,239,236,253
665,246,49,46,50
160,110,35,30,34
37,218,33,30,31
336,356,40,44,45
188,386,45,44,45
790,97,48,45,50
797,154,46,46,50
614,317,43,44,47
538,349,46,42,46
643,17,50,50,54
1193,14,241,237,253
1146,20,231,231,247
243,115,31,27,32
1082,182,246,246,255
218,14,189,174,195
881,280,50,48,52
587,451,143,134,141
775,161,48,45,49
345,354,46,44,48
394,420,43,40,46
770,484,164,158,166
138,444,47,48,52
810,307,43,46,50
225,234,101,89,114
237,198,186,186,203
824,30,66,66,59
990,451,49,49,53
239,188,186,185,204
898,132,47,48,51
252,56,112,120,134
302,364,44,44,45
240,78,49,51,55
964,129,51,47,52
344,235,200,200,221
823,112,51,47,52
480,460,169,175,193
931,235,51,49,52
611,207,232,233,252
664,91,44,44,47
806,418,45,48,52
895,125,50,48,51
650,184,239,236,255
424,343,44,40,44
835,344,44,46,48
105,53,148,138,158
1173,279,239,238,253
714,397,171,170,184
992,187,47,47,51
978,144,47,48,53
36,416,57,56,52
573,417,43,42,47
590,370,43,42,44
1142,260,229,229,244
347,412,41,44,47
843,330,49,45,50
727,345,44,47,50
311,56,32,30,32
937,268,44,48,52
840,453,47,46,51
191,484,47,46,49
574,179,155,151,162
1088,337,154,143,100
508,21,89,65,50
199,357,40,43,45
714,401,140,145,191
1122,285,227,226,241
783,224,217,214,241
822,465,51,48,53
756,247,239,239,255
223,162,99,90,109
123,196,209,207,228
708,168,46,46,51
315,486,99,102,110
352,53,29,24,23
818,428,45,48,49
827,336,47,46,47
50,395,48,45,49
852,374,42,46,49
1170,200,237,235,252
581,473,113,106,94
209,377,44,44,47
1185,374,238,234,252
706,307,45,45,48
963,86,46,46,53
515,494,107,100,69
180,227,193,190,211
745,281,45,46,49
265,464,107,97,66
895,484,111,102,53
173,260,208,205,224
1129,93,228,224,242
582,13,92,82,60
763,73,50,46,47
704,457,113,92,60
780,224,200,197,237
1116,423,232,230,247
177,180,194,188,208
998,76,56,56,55
410,213,80,78,96
727,488,150,145,156
180,373,46,42,46
799,306,46,46,48
208,471,43,47,48
763,385,45,45,49
403,220,211,212,235
359,37,34,27,29
547,15,49,49,48
322,326,43,44,48
859,31,94,93,87
972,344,45,46,49
720,439,46,47,47
1172,61,239,236,251
261,8,37,29,31
386,361,40,44,46
336,249,209,205,226
779,243,240,237,254
565,43,42,44,47
858,273,48,47,51
812,341,44,46,49
529,301,44,44,45
311,302,42,45,43
299,162,40,41,43
442,154,44,44,46
766,109,47,47,50
576,387,40,42,45
603,465,122,114,107
429,372,42,45,46
1143,414,230,228,245
339,79,34,26,29
676,168,48,47,52
1097,222,248,242,255
405,330,47,45,48
428,149,46,42,47
769,187,46,49,51
690,217,237,237,255
72,166,168,33,42
263,171,189,185,206
823,439,45,45,47
1108,201,239,237,254
1133,127,227,227,243
203,77,209,198,219
766,250,240,237,255
501,475,103,103,74
1038,167,46,47,55
289,20,200,203,224
1132,241,232,228,246
323,375,45,43,48
488,19,66,54,47
125,221,197,195,219
143,10,191,189,209
1138,132,228,228,242
568,58,40,44,45
404,55,32,26,31
1024,149,51,48,56
1118,348,225,227,244
293,74,32,33,31
1197,303,240,238,252
1192,226,239,237,251
468,399,43,45,47
1048,353,47,50,54
335,134,35,30,33
562,217,232,229,254
578,124,45,43,46
1159,221,237,235,249
617,369,43,40,46
1187,446,237,234,251
963,62,56,51,55
848,47,109,91,65
739,207,242,240,255
924,316,44,48,47
1199,449,235,234,249
566,403,44,42,46
13,106,141,18,33
1120,307,229,228,244
707,351,46,44,48
898,360,46,45,49
506,457,167,166,179
472,128,40,45,46
453,35,50,46,45
898,497,173,157,89
1140,183,233,232,246
553,375,41,40,45
222,370,41,43,48
192,449,89,85,76
90,9,85,76,89
603,303,41,42,46
1170,118,240,236,255
200,313,43,42,48
293,471,95,82,57
505,463,127,121,130
891,396,48,45,52
452,404,64,68,82
386,92,36,31,32
125,16,95,90,106
815,51,50,53,53
1070,111,50,51,56
1109,261,231,231,249
1000,94,48,50,53
46,217,60,59,66
229,24,177,169,194
477,66,42,41,44
838,404,48,47,48
1076,348,244,242,255
48,258,41,31,35
342,449,68,61,50
67,145,167,92,105
76,472,82,70,67
27,363,43,44,47
329,110,32,28,31
127,459,48,46,50
1198,428,238,236,249
397,195,208,207,228
314,63,35,25,27
318,121,36,26,31
71,436,48,48,51
448,480,177,178,193
574,354,47,44,44
859,331,48,45,52
685,368,46,44,50
407,252,227,226,246
1128,375,230,229,245
769,320,45,46,53
565,374,38,41,45
789,419,45,45,51
375,5,40,34,28
252,340,46,44,49
670,135,45,43,47
642,330,44,44,46
505,437,172,177,190
384,80,31,29,33
754,104,44,44,47
1044,159,49,48,53
1086,350,236,248,254
120,86,155,142,164
352,233,180,179,194
1036,18,108,85,66
939,337,44,45,47
204,317,43,41,43
1031,78,92,81,69
107,237,204,201,224
839,353,44,47,49
176,215,195,191,212
507,457,167,167,180
33,178,175,36,44
677,272,44,45,49
600,283,45,46,49
596,413,42,43,46
761,53,46,47,49
742,321,45,48,49
675,179,189,187,207
153,259,211,209,229
653,472,74,61,55
54,43,143,134,146
888,127,48,48,51
546,56,44,44,46
979,343,47,46,49
357,471,60,55,49
118,137,37,27,30
21,263,34,29,30
229,238,189,189,210
473,482,172,173,179
896,450,47,45,51
379,337,41,45,47
316,388,45,43,46
727,295,42,46,47
41,475,44,47,48
760,151,48,46,47
569,336,45,43,48
687,195,239,237,255
991,203,50,47,52
1033,102,50,49,52
339,113,31,28,32
388,95,35,33,35
264,14,37,28,32
1029,311,47,47,52
291,251,200,200,223
738,268,50,48,54
499,256,218,218,240
405,462,53,50,53
896,426,65,52,105
691,425,43,44,49
747,56,47,44,49
178,19,153,36,56
174,374,40,44,48
684,216,207,207,230
1126,401,230,227,241
217,221,190,186,208
147,194,184,183,205
153,434,46,46,50
210,362,40,43,45
253,133,35,26,27
806,461,51,47,50
107,395,42,42,45
874,24,102,103,102
399,71,34,30,31
659,447,41,44,44
543,429,44,44,46
992,33,117,90,67
531,60,46,42,47
623,390,49,44,46
215,80,117,119,133
299,65,35,31,35
1056,265,50,49,56
263,426,60,60,54
192,93,109,110,122
218,27,180,168,188
1080,216,248,246,255
234,308,42,43,47
142,488,43,48,45
967,191,45,48,50
681,186,240,236,255
562,334,42,43,47
959,131,47,47,50
187,250,201,199,221
380,36,32,24,27
990,6,129,94,69
605,300,45,45,47
1012,250,51,46,53
1029,451,48,48,51
479,481,94,91,61
894,462,49,46,51
1039,152,48,47,52
873,333,49,46,50
883,160,49,48,49
179,192,70,53,84
164,317,36,37,40
1090,247,160,149,130
76,398,44,44,45
499,190,206,203,220
860,187,45,47,51
561,62,45,44,45
951,135,48,47,51
242,304,44,41,48
915,214,48,50,53
75,381,40,43,42
382,83,30,29,30
1005,260,50,51,51
1178,137,236,235,250
32,58,147,146,158
686,322,43,43,49
763,210,240,238,255
856,199,47,46,51
368,383,45,43,45
100,343,36,36,39
42,405,46,46,49
198,251,200,199,218
826,126,44,48,50
979,68,91,80,65
928,332,46,47,49
928,172,45,48,51
879,127,46,47,53
239,139,34,29,32
1167,302,237,236,249
937,232,47,48,52
364,141,42,35,40
605,52,44,43,49
382,370,47,43,47
928,301,45,47,51
706,488,122,106,77
66,138,161,62,93
648,464,103,106,130
76,30,119,108,119
381,476,58,54,47
827,220,244,239,255
193,90,69,64,80
123,380,44,40,47
966,412,46,44,49
468,249,217,219,239
12,0,226,225,246
946,396,46,45,49
934,354,45,48,51
297,479,87,85,67
1070,165,55,51,58
541,480,153,150,164
43,281,37,30,32
1150,143,232,230,248
646,205,227,228,254
336,298,40,43,46
380,270,212,213,238
153,209,193,189,211
753,152,49,46,52
707,211,239,235,255
317,103,28,25,29
873,26,107,102,99
1096,13,207,207,228
808,122,46,47,52
863,421,75,58,52
515,278,44,43,48
800,431,45,45,50
931,263,46,47,52
476,32,69,54,46
638,317,41,43,48
561,258,229,231,253
221,175,189,183,202
313,217,195,191,213
875,160,50,45,50
162,170,199,198,217
892,150,46,47,51
356,260,212,213,231
21,113,147,20,33
388,211,60,54,55
1001,29,121,90,68
120,251,217,214,233
921,38,121,115,112
130,492,48,46,50
609,78,42,44,47
1035,430,47,47,51
698,244,55,53,56
183,391,44,44,45
260,276,47,44,47
999,318,46,46,50
1052,348,46,50,54
819,268,48,48,51
1073,107,52,52,56
1151,254,237,233,250
857,111,45,47,51
313,113,31,28,25
164,408,42,45,49
714,156,46,47,48
484,410,38,43,45
1176,261,234,233,252
431,247,62,57,64
339,30,43,35,36
988,52,100,75,63
1037,428,49,45,50
637,260,45,43,48
262,29,162,161,182
494,341,44,42,47
760,433,45,45,50
859,196,48,49,51
818,163,48,46,50
918,25,198,137,85
279,428,70,67,51
176,494,45,45,47
758,164,46,48,50
288,247,200,195,215
59,108,149,23,29
694,400,127,133,154
79,466,68,56,49
305,174,189,186,205
701,114,45,45,50
965,228,46,49,50
898,221,50,53,56
1165,15,236,234,253
390,292,42,43,47
96,62,132,112,131
840,128,49,47,50
981,379,47,47,48
592,443,138,135,144
942,478,45,47,51
1164,439,233,233,249
589,484,100,96,76
115,223,197,196,212
1183,452,238,232,250
475,207,222,223,246
1190,250,239,235,254
128,208,206,202,225
762,237,205,208,236
771,181,47,47,52
1000,66,61,54,59
138,355,37,39,41
364,467,60,56,55
195,239,196,193,214
70,17,64,32,51
1199,29,239,238,254
422,422,47,44,47
416,213,220,219,241
781,298,41,45,47
1185,0,239,236,255
341,417,44,41,44
479,65,41,41,46
205,444,47,45,50
907,294,46,47,50
1083,104,57,58,62
461,217,182,180,212
94,251,220,216,237
858,478,104,96,57
108,222,203,201,226
14,314,37,40,43
758,119,43,47,49
1176,404,236,233,252
1199,149,241,237,254
1050,199,49,49,54
601,12,48,49,51
1107,405,235,235,253
474,465,180,180,196
623,307,45,45,48
1030,248,49,50,52
135,14,189,188,209
339,344,42,45,45
449,353,45,49,51
1118,208,238,232,249
968,151,49,47,52
813,466,49,46,49
799,204,51,51,52
1144,350,230,229,246
516,483,114,107,80
608,126,47,44,47
355,320,45,42,44
660,179,234,235,254
329,227,79,67,94
434,13,36,30,30
87,196,217,220,242
722,348,44,45,45
761,288,43,49,51
984,426,48,45,50
917,205,47,48,51
199,235,195,193,212
85,492,50,48,52
1076,27,106,101,96
932,243,50,48,51
1068,249,52,50,56
561,228,75,65,65
20,489,59,57,51
63,266,34,31,30
1151,196,232,233,247
287,109,37,26,26
1113,417,233,232,248
837,42,101,86,71
1128,408,229,229,242
789,487,162,156,171
341,136,32,34,34
151,160,43,46,48
957,388,44,46,48
1126,317,233,229,243
355,209,193,193,211
1179,74,239,238,254
783,419,44,46,50
1017,489,47,48,52
885,412,46,47,51
551,301,42,42,49
26,111,147,23,30
350,195,201,200,221
208,88,117,120,134
846,85,48,46,51
1096,207,242,241,255
676,99,47,46,49
1143,150,230,229,245
706,329,47,45,50
1116,433,228,229,246
990,240,46,49,53
1084,443,73,75,60
477,349,42,44,45
344,160,34,36,35
273,479,55,50,49
336,218,198,195,217
19,88,127,112,120
0,192,19,18,26
62,219,119,113,119
756,491,159,151,157
145,185,209,206,230
543,93,44,43,45
249,468,89,78,55
1105,138,237,236,254
831,300,47,45,51
667,10,49,47,48
479,262,191,187,201
356,105,37,29,33
469,170,46,43,47
47,297,36,33,29
1127,70,230,227,242
519,166,48,44,47
237,454,65,64,51
1152,18,233,232,250
158,134,117,122,136
719,99,44,44,49
752,426,45,48,50
462,34,74,54,47
922,484,50,50,50
141,318,38,38,43
629,481,188,187,200
1184,339,241,237,252
236,480,49,50,50
460,47,42,38,40
408,57,28,32,33
135,105,174,98,108
24,203,131,126,132
389,15,38,25,29
827,36,66,66,57
1147,263,235,233,246
482,293,51,53,55
113,480,44,47,49
107,83,156,136,159
566,28,49,47,51
395,202,88,90,112
759,74,48,49,49
655,241,42,49,49
760,475,155,148,158
12,392,44,43,48
1065,17,96,75,63
555,466,141,136,149
1046,455,47,49,53
851,452,48,46,53
379,72,35,26,28
28,164,172,31,37
951,464,48,47,51
1020,14,105,80,63
80,293,40,32,36
632,64,43,44,49
1077,486,51,52,55
736,175,46,49,51
1012,109,48,47,53
345,359,42,43,46
427,0,37,29,30
1114,223,233,232,249
304,27,48,51,55
382,91,33,30,34
1029,420,48,47,54
610,427,46,45,48
797,116,43,46,51
815,166,48,46,51
418,381,46,43,49
298,486,78,76,74
181,429,48,50,51
469,176,42,46,47
194,81,193,187,210
1022,180,48,47,53
991,49,104,76,62
694,328,47,42,47
344,214,196,197,217
515,0,128,110,94
291,160,39,33,36
896,137,49,47,52
478,498,95,86,52
137,362,42,40,43
1018,269,47,48,50
764,430,45,46,51
688,177,48,52,52
721,333,46,45,47
11,194,48,52,58
1000,173,48,49,51
752,307,46,44,47
860,417,135,141,84
256,437,66,66,55
540,289,46,44,48
1145,384,229,231,244
931,68,85,82,77
201,419,42,44,47
24,68,122,113,123
41,365,40,42,46
263,156,37,26,33
452,171,49,43,47
292,75,37,32,33
716,423,40,44,47
862,129,48,47,51
417,386,39,43,43
377,340,40,42,44
663,330,41,45,46
741,172,45,48,51
805,460,52,46,52
537,475,166,166,178
907,292,47,48,52
208,457,47,48,50
70,209,113,107,125
84,136,158,29,38
528,435,155,157,174
824,178,47,49,53
138,65,156,138,163
864,124,50,49,52
432,432,49,51,53
340,79,29,27,27
1143,198,231,230,244
362,356,44,42,46
979,139,49,48,52
222,47,205,194,217
853,151,48,47,52
515,460,153,150,168
70,90,153,24,32
92,340,33,32,36
494,158,14,15,22
367,191,196,196,218
566,413,41,42,46
582,385,42,42,46
109,191,193,187,213
900,374,45,45,50
1174,25,238,236,253
924,175,45,47,50
116,487,47,47,49
505,480,110,102,64
63,42,111,105,113
351,305,42,44,45
188,401,47,44,47
695,209,240,237,255
985,88,48,49,54
539,143,42,45,47
708,3,140,76,97
550,55,48,43,48
1183,38,244,237,252
205,1,157,48,63
1181,454,235,232,250
81,23,114,109,116
179,497,45,45,50
544,284,47,43,49
573,4,56,50,52
671,155,50,47,49
431,232,225,225,245
211,393,40,43,43
541,266,226,227,249
1102,499,230,228,247
495,168,50,39,41
604,409,53,51,60
108,402,43,42,44
1108,134,236,235,254
1006,445,46,47,51
144,235,50,37,53
867,135,47,45,53
1092,189,252,248,255
1134,409,232,230,243
995,187,48,46,52
231,392,45,46,47
559,342,43,43,50
335,410,42,41,47
703,102,45,45,50
123,484,46,46,48
417,485,142,136,142
264,7,39,32,37
992,369,46,46,52
1017,269,48,46,51
1131,278,232,229,242
1129,201,229,227,240
644,32,48,48,49
107,247,214,213,236
770,93,45,49,48
474,281,46,50,52
828,162,47,46,51
1061,430,52,49,51
993,187,44,50,52
995,449,49,49,54
60,327,36,33,38
562,145,46,44,49
1080,414,56,53,58
930,241,49,49,53
252,354,44,43,45
147,403,43,43,45
8,339,45,43,44
247,301,42,42,46
732,364,42,42,46
298,328,45,44,47
876,391,45,45,50
1122,399,231,228,246
909,176,44,48,49
671,499,110,80,60
1171,297,238,234,250
539,272,48,48,50
232,34,37,28,34
527,3,62,41,36
64,47,115,103,116
633,292,42,45,47
1181,467,237,235,250
985,200,49,49,49
949,261,48,47,47
139,121,200,189,210
217,429,47,46,48
92,207,199,201,223
233,165,188,183,201
796,62,46,46,52
1056,355,51,47,54
954,168,48,47,48
144,94,153,139,160
320,174,188,186,206
959,178,44,45,50
219,497,54,50,49
638,341,44,42,45
530,468,160,159,176
410,424,42,43,47
259,418,43,44,47
1065,271,52,51,54
493,144,65,63,68
591,253,236,234,255
663,364,43,44,48
1133,3,231,227,242
713,417,44,44,48
818,461,48,46,47
337,146,36,31,35
1134,430,226,225,242
367,437,96,91,87
219,368,45,44,49
1127,407,229,227,243
832,394,48,46,50
226,186,188,185,205
1157,363,232,233,248
965,160,46,47,52
449,30,50,43,42
275,313,41,45,49
716,59,43,46,51
904,241,241,239,255
276,363,39,42,44
502,417,38,42,43
471,19,91,72,52
134,207,200,196,219
1195,320,241,237,252
280,4,207,197,217
1106,92,236,233,253
962,292,46,48,49
960,362,43,45,50
118,190,216,215,244
218,113,32,35,39
476,412,41,43,48
1076,286,248,243,255
454,445,172,174,190
813,330,48,46,51
390,296,42,44,48
36,448,55,50,55
761,384,48,45,48
381,308,45,46,49
497,287,44,44,49
1048,333,48,48,53
185,122,154,165,172
180,275,209,209,234
717,413,45,44,49
1170,424,236,235,252
1190,174,242,238,253
461,213,77,79,98
26,131,155,25,32
962,203,45,48,52
102,419,49,51,50
110,264,46,44,46
485,243,193,191,209
163,211,62,51,56
538,122,41,46,44
1175,321,236,235,251
811,283,46,49,54
797,391,45,45,49
1001,449,45,47,52
782,358,47,46,48
308,118,35,29,31
640,489,149,145,156
380,208,62,56,61
945,305,46,45,50
1101,22,238,237,255
887,461,49,48,53
249,398,44,43,47
307,421,44,43,45
500,279,47,45,48
546,479,148,151,158
850,370,43,46,49
36,327,38,38,40
89,463,70,66,61
336,81,34,24,30
792,104,46,47,50
161,193,43,42,44
836,9,90,92,87
416,131,39,43,44
722,438,47,44,49
923,455,49,49,52
960,240,49,48,51
618,486,103,96,90
940,173,50,50,52
746,184,47,50,51
699,278,47,43,49
919,407,48,45,49
798,389,45,47,47
1101,346,240,240,255
973,265,46,48,49
563,271,54,52,54
1193,480,235,233,250
41,447,46,49,49
914,86,48,47,53
154,369,43,41,43
714,301,46,44,48
76,375,46,46,46
182,201,46,39,48
657,370,46,42,46
876,123,50,46,53
524,14,63,45,37
146,433,49,47,48
854,273,48,48,53
752,93,47,46,48
109,491,47,46,49
1074,83,84,83,94
1182,204,242,239,255
815,355,44,46,48
444,345,45,46,48
969,202,47,51,51
237,70,207,211,232
143,184,207,207,232
721,7,97,64,62
129,398,44,44,46
327,140,32,30,35
35,282,37,38,36
915,434,110,117,137
274,245,194,193,213
1152,321,236,234,250
564,359,43,45,46
601,324,41,43,49
336,393,42,43,45
9,70,102,96,107
288,257,202,200,220
992,377,47,47,50
453,248,213,222,235
804,6,55,52,54
487,366,45,44,47
919,250,51,50,52
843,190,46,48,49
141,115,41,32,35
1020,308,47,48,52
313,119,33,28,27
313,17,44,45,45
928,453,54,48,56
780,389,41,46,50
955,227,43,47,50
598,312,46,43,46
1076,423,247,246,255
1196,262,237,236,253
30,399,44,44,49
420,333,48,43,48
491,409,42,43,47
257,226,189,188,207
950,88,47,48,50
570,74,44,43,49
1137,208,233,232,246
1045,225,48,48,52
150,470,52,49,51
399,398,42,42,46
1055,350,47,49,54
113,434,104,59,67
335,152,36,35,36
213,448,45,47,50
1166,97,236,235,252
494,361,44,44,44
818,157,48,46,51
22,433,50,50,52
671,471,102,79,55
408,313,43,45,46
378,233,213,211,234
916,404,42,47,48
26,430,52,50,53
714,16,177,118,77
793,256,245,241,255
715,347,44,43,47
260,184,189,183,203
181,438,49,50,51
854,443,45,47,49
784,479,155,153,166
661,120,45,47,47
423,93,41,38,40
382,181,52,50,55
8,394,46,47,50
316,471,118,114,109
407,448,49,50,50
1006,2,120,92,69
1028,386,45,47,52
1140,14,231,231,246
175,419,44,44,48
34,255,34,30,31
778,468,163,157,171
882,261,238,239,255
119,443,49,49,49
1145,193,233,231,247
1002,201,49,48,50
785,401,42,45,47
487,208,135,131,129
412,122,39,39,43
1179,372,237,236,253
959,221,46,47,51
1180,401,238,236,251
416,155,41,43,46
1089,184,224,234,255
342,423,41,43,44
784,276,238,238,255
746,182,49,50,49
1117,458,232,227,244
59,288,38,31,33
451,254,161,157,173
1065,256,48,50,54
1146,163,234,230,247
509,271,48,49,50
902,280,51,48,52
25,93,65,50,41
351,452,82,77,57
992,338,45,46,48
701,280,46,46,50
881,350,47,48,49
366,131,33,34,36
197,254,199,199,220
815,387,44,44,48
807,496,159,154,165
962,324,44,45,48
4,487,52,50,52
225,72,111,112,127
1004,35,113,84,64
895,290,46,46,51
885,8,83,77,70
729,129,46,45,48
933,191,50,48,50
1082,62,253,250,255
1095,1,132,126,121
936,266,50,48,48
1144,146,233,232,247
768,19,50,49,50
869,9,98,93,91
592,284,44,44,47
211,449,46,46,52
1020,374,48,45,52
652,255,46,46,48
848,324,44,45,49
43,62,114,103,113
939,414,45,45,53
736,103,46,50,52
203,448,53,53,53
926,465,47,49,52
321,268,81,83,106
926,497,174,159,115
261,262,198,196,218
286,185,187,185,203
386,206,178,179,202
843,68,47,47,52
358,176,193,191,212
360,72,30,27,28
760,303,44,44,49
1044,348,47,47,53
1089,438,238,238,255
828,153,46,49,52
288,12,208,211,227
932,486,47,49,52
879,156,45,49,50
342,489,65,61,56
527,279,45,45,46
147,7,39,34,37
48,113,149,23,31
1125,325,230,229,247
11,154,169,31,35
5,202,33,29,30
205,22,192,173,195
639,341,40,41,44
528,289,46,43,48
218,227,191,188,209
1019,192,46,48,53
1153,11,235,232,251
922,387,43,45,49
98,352,37,37,38
586,68,46,41,47
121,258,210,209,233
195,45,193,180,204
761,347,44,46,47
56,34,142,142,156
405,444,88,85,88
808,8,55,54,55
844,398,44,46,51
606,126,45,45,47
904,237,243,237,255
675,251,46,46,52
939,456,50,49,54
1009,364,43,47,48
642,462,167,171,184
240,228,124,121,133
591,259,231,232,255
503,150,46,42,45
754,51,46,46,51
912,184,47,47,49
245,103,36,33,40
89,462,68,63,59
645,199,239,236,255
386,132,36,38,40
1015,452,49,46,53
858,332,45,44,48
978,111,49,46,50
924,479,49,48,50
22,146,164,26,35
344,422,43,44,46
875,142,46,47,51
739,462,144,142,156
451,161,44,44,48
740,132,47,44,50
1076,187,229,226,202
724,226,239,235,255
620,391,41,43,44
8,395,50,46,51
752,185,48,49,52
331,89,31,24,28
185,364,42,43,46
851,459,47,45,51
440,404,44,38,53
1134,217,231,228,245
63,425,78,81,75
1101,459,234,235,253
1127,211,231,227,243
1084,248,249,250,255
426,322,44,43,49
1182,278,243,240,252
990,296,45,46,50
1112,31,240,234,251
19,260,39,31,33
88,412,47,43,49
1046,408,48,48,51
1077,121,218,209,181
986,367,48,47,51
673,322,46,44,47
1098,309,239,237,254
847,393,47,45,49
518,323,40,42,42
620,169,47,44,50
1049,194,48,48,52
616,199,235,233,254
1056,450,49,48,53
357,92,28,27,27
745,107,46,47,49
1129,0,230,226,244
285,85,36,28,30
316,238,162,161,177
527,57,42,42,46
649,378,48,43,46
1032,103,49,50,52
794,399,43,46,49
636,352,42,43,45
733,164,46,48,49
114,216,207,206,229
521,75,45,45,45
51,310,32,31,30
94,101,154,24,34
680,287,47,47,48
561,143,44,44,47
901,86,48,47,52
267,336,42,43,47
64,355,41,42,46
176,302,42,39,43
90,420,64,64,54
700,196,237,237,255
1063,291,56,54,60
806,299,45,46,51
12,394,44,45,46
191,376,44,43,46
429,93,39,40,43
202,76,205,195,218
293,219,191,189,207
266,36,215,217,237
533,271,43,48,50
1074,130,52,55,57
385,179,45,45,50
1001,170,47,45,51
344,463,90,88,70
1032,465,45,47,53
103,129,159,27,34
320,366,43,45,45
1114,35,233,233,248
257,437,63,60,54
1082,391,248,248,255
120,0,117,106,117
0,75,111,101,115
228,198,185,181,202
428,277,50,50,54
847,291,48,48,53
452,335,48,48,49
343,331,40,44,45
222,27,170,162,186
378,134,35,37,39
121,152,206,196,215
982,437,58,51,50
496,203,203,203,215
1065,252,49,49,53
283,390,43,42,47
1112,105,231,230,245
173,346,40,41,44
126,468,45,48,50
414,99,41,38,41
211,231,190,192,207
8,293,36,40,41
29,436,47,49,52
838,417,59,52,75
514,45,56,53,58
609,398,46,43,48
610,247,238,236,255
51,397,42,45,49
1102,339,240,237,255
668,179,235,237,255
78,67,189,188,209
153,285,42,43,40
866,145,44,47,51
6,268,33,29,33
880,421,53,48,49
341,317,42,42,45
403,308,44,42,47
850,216,188,182,202
901,139,48,47,50
99,31,138,128,149
698,309,43,47,48
836,491,163,158,147
1105,388,239,238,254
202,236,86,78,84
952,29,84,64,60
654,231,238,237,255
623,0,50,50,52
777,399,44,47,52
1185,315,237,236,251
189,24,158,33,54
301,178,192,187,204
235,453,70,70,54
154,229,193,196,216
226,56,204,198,221
1012,71,102,88,80
170,171,196,193,215
57,473,46,48,49
100,26,116,110,119
148,263,210,208,232
404,371,41,41,44
908,135,50,50,51
1100,159,241,244,255
26,67,114,104,111
1013,155,50,48,52
976,397,46,46,50
69,227,157,162,175
1011,468,46,47,51
356,369,38,43,46
835,456,40,47,47
1138,30,234,231,247
292,136,33,28,33
53,169,169,33,38
312,43,37,32,32
578,251,235,237,255
964,158,49,47,51
161,251,202,202,224
216,74,108,109,128
1047,139,50,50,53
129,363,41,40,44
916,164,44,49,50
1148,216,235,232,248
29,376,44,42,47
106,219,210,206,231
23,151,165,29,36
169,491,47,47,48
340,75,28,26,25
574,156,43,45,46
984,72,81,70,60
147,296,38,33,36
1056,368,50,49,56
852,129,46,46,51
1175,401,237,237,250
384,422,45,44,45
495,300,47,44,49
783,139,48,49,52
1005,87,47,50,49
91,10,105,96,107
354,253,213,213,235
492,445,165,166,185
357,459,65,56,52
775,196,48,49,52
456,434,182,184,199
657,4,48,51,52
88,456,48,48,50
626,494,127,122,113
667,134,45,44,50
960,137,49,47,51
727,420,49,44,48
1019,153,51,50,53
898,320,42,45,50
187,406,43,44,44
58,290,38,32,28
508,210,218,214,236
397,145,43,40,44
597,430,43,43,45
26,180,110,104,110
1037,424,48,47,53
454,378,21,23,24
1174,386,238,235,249
867,373,49,47,51
299,375,40,44,47
1175,173,239,237,254
457,287,49,47,51
140,247,210,206,231
464,492,107,102,61
1170,225,241,237,254
16,244,35,31,31
416,88,38,35,38
222,211,49,36,46
676,465,105,80,55
1156,263,237,236,246
215,139,33,30,33
95,371,41,38,42
674,1,49,49,53
1187,18,238,238,253
845,28,86,86,79
108,209,220,221,244
81,81,152,22,33
666,91,49,46,48
651,186,239,238,255
882,408,47,46,48
164,222,197,191,212
258,362,44,43,47
149,101,112,103,116
362,378,42,45,44
1080,65,244,243,255
121,1,116,108,118
593,497,181,181,190
650,406,46,45,45
341,12,39,36,40
732,404,159,160,153
743,388,45,44,49
109,395,43,42,46
819,369,47,47,47
120,406,42,44,46
500,134,33,32,32
64,340,37,39,40
969,100,45,51,52
1094,452,244,240,255
837,459,51,48,57
869,16,99,95,93
627,227,236,236,255
1095,269,238,235,255
663,78,43,43,48
243,373,44,44,48
237,355,42,43,47
319,167,39,36,36
433,250,227,225,246
700,395,50,47,55
2,275,34,29,29
1166,266,239,238,252
1105,66,234,234,253
976,104,45,50,50
902,334,47,46,50
1159,136,237,234,249
674,218,187,183,205
474,214,169,169,169
724,394,44,45,50
878,226,240,236,255
805,12,52,50,55
1031,334,44,48,50
448,339,43,50,50
1033,157,47,48,53
842,78,46,46,50
747,120,44,47,48
128,155,139,146,164
45,204,63,83,61
9,17,223,226,241
517,471,130,126,130
1142,453,232,228,245
394,322,41,43,47
727,341,45,44,46
59,375,41,46,44
600,202,229,235,251
557,378,40,42,44
743,407,45,47,48
111,210,215,214,241
968,366,43,48,52
35,394,46,44,46
600,25,50,48,50
417,282,45,44,49
734,37,48,49,51
852,495,167,160,122
1179,391,238,235,253
619,311,42,44,50
87,72,152,41,56
534,202,224,224,243
271,113,33,28,29
988,163,46,47,52
152,256,208,209,230
234,21,180,168,192
76,106,151,22,33
1152,90,235,234,247
150,119,36,32,33
1148,120,235,232,246
244,179,187,183,205
388,63,33,29,31
457,251,224,226,251
83,297,35,30,35
118,457,44,47,48
1008,388,47,46,50
1049,485,51,50,51
955,245,47,47,49
996,447,52,49,51
605,451,179,184,199
383,312,43,45,45
256,453,66,65,54
794,74,46,47,51
654,369,43,43,48
154,447,45,46,49
361,98,30,28,29
618,446,179,191,220
333,225,201,201,221
89,319,37,35,36
965,426,43,46,50
902,91,50,46,50
686,277,48,45,49
475,63,42,40,43
38,114,147,21,33
297,424,45,42,48
579,86,45,45,49
365,284,46,43,46
323,477,106,104,110
602,314,43,44,45
982,58,103,81,67
624,326,42,43,46
1130,394,228,226,246
48,144,157,24,33
672,47,48,47,49
856,455,45,46,49
272,45,42,43,46
1140,343,232,231,246
220,457,49,46,50
161,391,41,42,45
733,380,43,44,48
89,102,153,23,33
1016,24,101,81,62
445,219,221,226,248
266,160,32,33,34
447,402,26,20,24
952,280,45,46,50
550,108,44,45,45
1005,100,50,50,53
847,312,45,46,50
55,75,30,27,28
666,356,46,44,46
923,453,51,47,56
132,342,37,37,36
303,410,40,41,45
793,221,238,238,255
363,45,39,21,28
248,302,42,41,44
795,49,54,48,52
312,35,43,41,45
269,229,181,177,202
1070,36,112,99,109
803,495,159,156,171
392,355,43,46,45
1189,177,237,237,253
3,87,130,121,126
175,357,46,42,45
306,220,191,189,209
1156,464,232,230,250
286,175,189,185,205
892,240,241,240,255
648,271,46,44,50
903,14,139,110,83
523,353,41,40,45
225,442,44,46,47
359,247,57,52,63
842,492,165,159,116
513,141,47,45,48
271,223,189,187,206
1076,56,105,81,66
878,278,44,50,49
687,3,48,49,50
1046,403,47,47,53
490,247,213,215,229
359,209,200,199,222
26,1,168,167,174
704,0,54,49,51
347,253,210,208,231
261,147,31,29,32
259,156,34,28,31
1122,223,232,230,244
561,394,41,42,44
423,231,226,227,246
871,250,58,60,69
107,106,163,61,69
16,75,110,100,111
855,396,47,48,50
597,438,48,47,51
756,170,45,46,49
811,61,44,48,48
231,359,45,43,46
265,264,201,200,221
866,186,44,48,49
802,175,47,47,51
733,282,45,43,49
657,61,47,46,47
13,395,49,45,46
1033,485,47,50,52
1063,330,48,48,54
223,110,37,35,39
575,76,44,45,47
456,317,51,49,48
115,218,201,202,225
1181,137,238,236,252
141,295,36,35,39
512,496,101,92,59
168,254,206,203,224
665,243,49,49,52
1077,478,56,54,59
1062,312,50,50,56
214,232,47,41,48
427,17,34,27,31
653,269,42,48,50
616,267,48,46,48
863,176,50,47,51
199,314,37,43,44
1181,212,242,237,254
502,325,41,43,44
556,128,45,44,45
372,220,206,204,225
173,476,45,47,47
407,364,41,44,44
271,179,190,185,206
917,437,50,48,54
504,125,30,29,33
588,260,234,234,255
332,495,137,134,149
699,464,120,97,66
269,197,180,176,190
602,345,44,46,50
1028,141,48,49,54
3,325,41,40,43
1116,471,227,227,243
819,301,48,47,51
897,17,95,89,85
100,75,148,129,151
1153,47,236,234,249
836,294,46,48,52
856,324,46,48,51
801,490,163,155,174
374,9,43,33,31
204,121,35,37,38
755,12,52,47,53
425,24,38,30,32
970,80,51,49,52
288,385,41,45,47
827,498,165,160,156
1122,61,230,228,244
136,32,132,114,133
254,491,85,73,55
566,161,44,45,48
508,410,43,42,46
118,31,35,34,35
620,285,42,45,46
1043,27,110,86,67
76,203,111,111,125
199,488,44,46,47
174,429,100,100,90
1119,91,229,229,242
514,385,41,43,45
46,138,157,23,35
222,86,132,134,153
166,2,157,143,163
1066,79,89,81,94
926,390,47,46,49
1087,112,58,58,59
863,394,47,46,50
855,284,46,46,49
841,63,47,47,52
300,64,35,30,32
107,113,161,27,39
112,437,65,67,60
763,1,52,49,53
291,190,191,190,208
