x,y,R,G,B
649,15,48,50,52
257,212,66,48,72
894,131,48,48,51
51,271,33,29,32
1022,365,47,46,52
702,128,46,47,50
48,395,44,43,46
729,462,147,138,148
676,80,49,47,50
525,114,45,43,47
903,90,48,48,51
720,443,47,45,49
327,4,78,71,69
301,36,48,51,55
485,202,33,27,32
541,145,43,44,46
507,362,43,44,46
563,107,46,45,48
43,360,45,41,45
97,276,38,33,32
759,354,46,47,45
985,448,51,48,51
1045,306,168,173,200
153,269,214,211,234
1147,122,233,232,248
984,41,103,78,61
436,444,43,40,47
514,397,39,43,43
614,494,126,124,113
1151,13,235,232,250
131,369,42,42,41
349,436,98,92,64
339,411,45,42,47
335,215,198,196,217
1095,253,241,239,255
753,322,44,47,48
1192,80,238,237,255
274,203,185,185,201
696,385,45,46,48
113,163,134,124,146
470,270,55,56,65
502,109,43,46,52
282,381,45,44,47
1085,319,250,247,255
995,451,49,51,53
625,360,46,44,45
996,111,49,47,52
557,299,45,45,46
56,26,118,112,130
678,159,46,48,51
780,482,156,156,168
15,151,168,28,37
178,6,152,31,47
232,16,180,167,192
1049,319,49,50,52
50,292,38,34,33
727,424,40,43,48
213,137,34,30,33
22,145,162,24,34
1195,13,237,236,255
122,329,38,33,38
420,277,48,48,53
720,293,43,44,49
197,239,196,193,213
1023,178,47,46,53
994,222,50,48,54
607,19,50,49,52
1057,397,50,47,54
304,319,39,41,47
253,462,92,81,55
241,270,206,204,227
1078,222,246,245,254
766,186,48,48,51
714,448,41,45,43
431,144,42,43,46
714,216,64,57,65
453,397,125,125,141
856,83,48,48,52
361,197,197,198,220
284,244,191,191,210
499,467,171,166,168
857,429,45,47,51
310,210,191,190,206
568,60,46,48,47
587,301,45,43,48
222,423,48,46,49
103,100,157,29,36
1049,27,103,81,64
20,359,44,41,46
960,250,46,46,53
762,32,50,49,55
407,477,68,58,59
926,337,45,43,50
183,264,206,204,227
129,201,210,205,227
402,1,41,28,35
586,442,187,184,202
439,420,73,70,78
141,494,44,48,50
980,310,47,46,49
299,190,187,186,205
1070,201,49,52,55
139,372,39,44,46
339,290,45,43,47
902,123,47,46,50
1117,151,232,230,249
975,213,47,46,52
120,155,203,197,218
1007,356,45,48,52
415,429,45,46,44
990,435,46,47,50
151,115,33,26,31
586,426,42,43,45
1164,349,236,233,251
203,16,177,118,140
1055,265,51,49,54
892,297,51,47,52
38,435,49,48,52
183,368,43,45,48
108,319,38,34,37
933,204,46,46,52
931,418,47,46,51
353,275,46,46,48
824,71,46,48,49
1004,135,46,47,52
330,424,45,44,46
925,351,47,48,50
217,119,37,36,38
232,56,201,202,221
398,397,42,44,47
343,346,41,45,48
560,116,43,42,46
1181,429,234,231,247
350,83,27,25,24
670,97,44,45,49
916,80,50,47,51
185,328,39,42,45
889,229,236,234,255
274,279,43,43,45
359,69,34,22,25
820,14,76,74,67
754,338,44,45,49
877,74,45,48,53
155,150,153,153,166
418,350,43,43,47
730,193,240,237,255
652,372,40,45,49
470,424,43,46,47
920,23,218,152,93
4,382,43,44,47
1140,476,229,228,243
163,171,197,193,219
43,174,171,29,36
1092,448,238,237,255
996,336,48,48,54
748,417,45,43,46
57,157,164,29,38
882,430,49,48,49
390,91,37,34,35
1124,70,227,226,238
758,254,241,239,255
455,205,226,225,248
1028,419,49,49,53
254,489,82,74,54
265,252,198,194,215
1004,99,49,48,51
580,249,234,234,255
1173,197,239,235,251
1183,477,239,234,248
214,247,200,195,216
691,32,52,51,53
50,396,43,46,45
1014,161,48,49,51
1152,271,230,232,247
536,489,124,120,119
572,109,42,45,47
208,172,187,182,203
678,268,48,47,51
179,241,85,76,89
414,470,118,108,109
234,198,182,179,199
1018,244,49,51,52
62,204,58,53,57
476,484,104,100,69
658,252,49,45,49
517,111,46,43,46
656,332,40,43,45
50,372,45,43,44
777,20,52,49,54
53,392,42,45,47
726,126,46,45,48
223,52,204,195,219
957,375,46,46,50
212,426,48,45,49
137,125,202,192,214
86,373,41,41,43
874,420,147,149,116
561,10,95,83,57
895,77,44,49,50
407,438,58,56,53
297,93,34,27,31
420,80,33,37,37
908,435,45,48,52
193,165,37,31,36
703,0,53,49,52
349,269,141,141,171
362,166,40,40,42
569,493,175,173,174
818,482,172,167,179
839,434,45,47,49
237,419,45,45,47
570,17,92,82,63
941,349,44,48,51
915,496,179,164,130
731,340,42,45,47
116,90,185,168,188
796,227,236,236,255
1134,220,229,229,247
981,374,47,45,49
483,321,47,46,49
42,346,43,41,44
92,258,215,213,238
955,63,56,53,57
87,0,57,54,63
1112,373,234,232,248
850,75,49,47,52
967,91,44,48,51
935,124,48,47,52
277,212,62,48,65
656,347,46,45,46
825,321,46,46,50
12,194,57,50,64
755,219,235,237,255
357,427,42,42,48
85,498,46,45,52
95,125,160,28,36
391,40,37,25,27
452,180,47,42,48
277,440,85,83,55
611,468,145,144,135
265,222,188,186,204
719,321,45,47,50
264,113,36,27,29
780,186,47,48,50
644,193,240,238,255
223,385,40,43,47
503,444,168,167,180
367,161,40,41,42
324,439,76,75,56
241,153,35,29,33
709,378,42,45,48
912,8,130,80,65
46,218,26,27,31
176,450,49,49,52
858,415,49,50,51
815,433,45,47,50
510,255,220,219,245
173,456,48,47,52
750,211,242,240,255
291,184,187,185,201
232,132,31,27,33
618,151,45,44,48
1069,141,52,49,53
204,245,200,197,213
250,28,205,194,217
88,365,41,40,43
642,281,43,46,44
564,440,141,139,144
546,123,43,44,46
848,21,94,89,82
668,203,236,235,250
720,191,236,235,255
690,331,45,46,48
90,326,33,34,38
706,171,43,47,49
155,360,42,40,42
1181,190,237,236,252
1122,281,225,226,243
374,58,34,27,29
262,334,40,44,45
743,353,42,48,48
242,10,182,171,195
414,205,55,54,56
693,312,43,45,49
51,386,43,46,48
1027,421,49,47,51
1037,375,47,48,52
717,59,45,45,50
1049,396,48,47,53
17,166,173,33,41
756,71,47,49,52
124,312,35,33,34
856,433,42,48,51
1127,309,231,228,243
517,236,60,56,60
670,480,103,77,59
958,373,47,47,50
383,24,42,33,29
773,420,45,46,52
221,454,47,46,47
21,221,35,28,33
703,283,43,43,48
495,103,41,43,48
1030,414,49,48,53
476,241,32,30,34
214,465,48,49,49
1000,232,47,48,50
404,380,43,43,47
1134,192,232,228,246
733,464,149,143,155
240,91,47,45,52
399,396,38,45,46
488,414,45,44,46
1096,321,239,237,255
1118,51,231,229,247
524,341,43,42,45
720,112,42,47,48
1109,372,239,235,255
392,491,79,69,53
1190,419,235,233,249
1133,348,230,228,246
501,210,80,70,72
1002,425,46,47,52
107,9,112,106,114
1110,402,236,237,252
577,56,45,45,48
158,378,41,43,44
743,362,45,44,47
401,291,43,43,49
716,305,47,45,49
594,411,41,41,46
291,118,34,28,28
734,380,45,44,47
68,313,39,34,36
531,40,43,44,46
758,262,236,238,255
209,225,193,189,208
607,486,190,189,201
962,212,49,46,51
778,372,42,46,49
419,70,40,34,39
145,128,204,195,217
578,234,232,234,254
33,242,34,27,30
587,479,109,99,84
1052,264,45,48,52
453,459,186,185,204
697,229,238,238,255
451,388,26,25,24
748,385,45,45,47
438,358,42,44,46
215,258,206,202,223
97,202,189,183,214
1144,318,231,231,247
666,49,45,46,52
764,155,46,49,50
872,295,45,46,50
389,104,40,34,38
841,338,47,46,50
858,50,105,87,67
631,352,42,42,47
1079,32,230,225,214
430,315,46,45,46
453,197,231,224,248
897,222,64,59,66
850,100,48,47,50
728,219,59,57,64
600,258,45,47,50
88,31,116,105,118
1128,473,225,223,240
1185,5,242,237,252
1197,205,241,238,254
151,125,208,198,215
324,487,118,122,131
890,320,41,46,50
445,422,20,21,18
751,96,45,46,49
356,497,68,61,50
327,78,32,25,28
991,323,46,45,49
374,459,135,119,108
453,373,19,20,19
1036,93,48,50,56
197,429,49,45,50
305,289,48,44,48
646,142,42,43,48
83,318,34,35,39
555,166,49,44,47
511,127,46,46,46
391,195,207,207,227
931,411,47,46,52
751,323,48,45,51
741,293,47,48,52
1181,1,242,237,254
745,92,44,44,49
733,350,45,46,49
108,478,47,46,46
798,199,48,48,54
158,136,126,128,144
431,269,230,230,253
159,359,45,41,44
1087,428,248,247,255
620,499,111,105,91
613,429,41,44,47
845,442,48,46,48
113,410,43,45,47
869,217,56,54,58
410,311,42,44,48
816,81,44,47,49
103,182,244,242,255
672,493,111,83,59
159,21,160,142,167
243,413,44,43,47
108,61,141,126,148
93,320,35,30,36
130,55,156,139,161
458,351,26,24,24
1180,38,240,236,253
716,23,68,54,55
1173,176,239,236,251
168,270,208,208,229
1180,240,237,236,252
998,302,46,48,50
418,322,44,45,47
205,464,49,45,48
1024,352,47,47,50
420,211,222,221,241
767,79,47,46,50
195,114,85,84,102
415,191,213,213,235
513,262,224,221,246
230,99,35,37,42
20,350,40,43,47
594,437,48,44,47
986,450,49,47,52
164,462,51,50,50
451,198,227,225,249
1118,111,231,229,244
323,123,35,28,33
458,222,151,142,146
1044,389,51,48,52
613,20,50,49,49
103,45,56,41,60
10,279,36,29,30
1000,319,49,47,47
704,178,49,49,53
172,288,43,38,38
554,293,44,45,47
796,387,46,45,49
713,463,137,125,114
1135,390,228,228,244
750,148,43,45,51
907,108,46,46,51
247,95,42,41,43
286,27,148,149,164
681,420,44,44,46
838,465,45,46,51
54,130,151,22,33
643,280,43,46,44
209,18,162,39,63
93,221,211,213,241
439,218,93,93,109
1110,13,236,234,253
430,390,41,44,45
248,177,190,187,207
464,189,210,211,224
253,241,193,190,211
478,35,78,60,50
544,53,50,43,45
245,113,30,28,32
739,116,45,45,49
152,344,39,39,43
870,373,44,46,49
502,304,42,45,47
1126,473,226,226,238
163,375,43,43,45
881,211,49,47,53
864,422,166,169,127
724,52,46,44,48
126,161,233,236,255
758,408,51,49,53
800,451,45,47,52
468,86,39,41,44
134,37,142,123,143
901,352,47,46,47
714,105,47,46,48
649,100,43,46,49
735,295,47,47,49
10,186,86,90,79
254,370,45,42,47
814,350,44,44,49
332,452,69,66,52
23,464,48,51,52
311,415,46,44,47
4,479,49,48,53
394,67,36,29,30
1095,90,243,240,243
168,460,49,49,50
264,466,106,99,72
835,228,242,238,255
370,51,33,23,28
1110,217,236,234,252
438,192,217,217,241
1180,276,237,234,250
419,421,46,43,46
314,234,58,54,60
56,285,31,32,31
795,292,44,45,51
70,436,49,51,52
887,261,240,240,255
1170,347,237,235,250
1098,19,239,238,250
811,120,44,46,50
601,18,48,49,50
309,320,44,43,47
6,415,51,51,55
1151,426,235,234,248
987,208,50,47,52
1123,285,229,227,241
875,410,44,46,50
967,94,47,48,54
539,274,44,46,48
641,272,47,44,48
262,456,86,79,56
921,200,49,46,52
499,185,205,202,219
324,13,45,41,50
814,444,45,45,52
140,80,156,142,166
1027,24,108,80,63
254,351,44,45,47
485,62,41,42,44
58,334,38,36,36
414,251,223,224,238
950,333,47,46,50
176,322,42,40,41
1005,475,48,49,53
1002,360,48,49,52
430,42,34,30,34
1019,449,47,46,51
142,268,213,210,235
767,75,44,49,52
827,330,46,48,51
831,393,43,47,50
54,104,151,23,32
1057,305,125,104,99
996,84,48,48,55
711,119,45,45,50
1089,284,141,130,158
729,62,48,46,51
121,184,216,219,249
114,169,163,167,187
41,389,43,44,45
118,452,48,48,51
515,136,46,46,50
1122,203,234,228,246
196,457,51,46,49
1094,9,239,240,255
595,412,42,42,44
1031,32,106,80,62
344,2,67,62,70
797,7,51,51,52
780,13,50,50,53
644,491,127,120,136
569,362,44,44,45
1118,165,233,230,245
884,29,111,111,112
505,14,76,59,49
929,438,47,48,52
1086,59,254,251,255
457,299,50,49,51
1081,258,241,243,255
654,408,42,44,46
418,160,44,43,46
996,388,47,45,52
689,414,43,43,49
155,106,38,29,33
1142,415,229,229,244
305,89,33,26,33
381,98,32,32,34
894,21,87,80,73
241,55,188,193,210
467,46,40,40,42
260,390,45,42,47
283,114,33,24,30
135,287,39,37,40
136,228,200,196,218
129,1,115,109,118
737,437,48,46,50
668,372,43,43,48
839,348,43,46,47
666,36,47,48,51
994,83,49,49,54
953,456,96,107,153
364,55,33,24,25
574,166,45,44,50
1112,496,233,228,245
154,352,39,40,44
1194,213,241,238,251
753,353,42,43,44
873,459,43,46,50
534,34,37,43,44
546,80,44,45,44
1118,63,229,229,247
449,458,146,136,146
685,6,46,49,50
612,375,40,43,46
559,114,42,43,48
237,91,42,44,49
830,450,47,45,51
132,353,35,36,39
820,348,43,46,49
703,245,50,50,53
524,415,40,44,46
121,291,32,31,38
167,356,45,42,44
219,250,197,193,212
983,286,48,46,50
380,234,209,210,233
686,456,110,87,62
619,399,41,41,47
1107,176,242,238,255
786,102,44,44,49
896,327,43,47,47
870,348,47,46,50
449,471,181,180,195
44,391,45,44,49
830,242,155,153,122
266,189,186,183,202
299,382,41,46,47
93,309,39,35,38
875,134,51,46,50
1164,190,238,238,250
431,276,52,49,59
276,79,33,32,33
29,415,71,69,57
331,200,85,80,103
28,225,35,34,35
175,154,38,34,40
515,472,109,105,95
187,324,42,39,42
613,190,238,235,255
703,93,47,46,48
1157,107,233,234,248
255,224,188,184,204
415,428,44,46,45
464,60,42,41,44
262,390,42,44,48
890,286,45,46,52
1113,489,231,228,245
1054,127,47,48,52
417,405,44,44,45
504,270,49,48,53
500,84,42,43,46
712,233,240,237,255
641,326,40,44,47
704,41,49,49,52
317,168,41,37,42
223,415,51,44,48
818,498,155,148,141
536,122,48,44,46
41,42,112,101,109
861,100,48,48,49
147,258,209,208,232
958,305,46,47,50
1018,479,46,51,51
701,236,235,237,255
1079,465,249,247,255
255,454,74,69,50
1097,470,234,233,251
559,83,44,43,47
885,159,47,47,48
356,404,42,43,45
52,432,54,50,54
862,260,244,240,255
213,278,206,203,227
1104,430,235,234,253
636,52,45,46,47
151,189,203,199,220
734,270,48,48,52
17,387,45,42,51
606,263,43,47,51
282,91,36,28,30
872,130,51,47,48
1141,172,232,229,248
550,20,47,46,48
282,374,42,40,45
1027,316,46,48,50
698,396,155,158,176
856,249,237,236,251
811,156,46,49,50
105,295,37,35,36
567,153,42,43,48
938,147,45,48,50
194,354,41,43,47
343,86,33,28,27
1186,306,241,236,254
487,438,186,188,209
649,483,88,67,54
940,182,49,48,50
804,23,53,51,53
1155,176,238,233,247
479,21,59,49,45
33,192,52,50,61
147,237,191,189,203
731,299,50,48,50
1074,433,233,236,254
43,284,36,30,32
1054,379,49,50,53
546,14,53,51,49
1054,388,47,50,54
1097,395,244,241,255
697,326,44,46,46
75,177,209,199,222
299,421,43,44,48
1050,186,45,50,54
990,57,106,83,67
475,314,52,55,59
778,293,48,46,48
710,254,112,109,76
88,332,39,35,36
372,384,38,43,47
777,51,49,48,51
342,120,35,30,32
458,235,232,231,254
704,446,44,43,46
598,240,236,233,255
443,443,58,41,34
859,267,62,53,70
854,483,173,157,118
238,467,93,89,59
949,165,48,46,52
266,391,45,42,46
328,340,45,40,44
171,445,49,47,50
214,408,42,46,47
1165,179,238,236,253
362,10,39,33,34
289,94,30,28,26
793,227,241,237,255
1114,189,235,232,252
1097,440,239,237,254
1079,134,49,53,56
163,345,41,39,45
1111,485,233,228,246
421,296,43,44,48
510,93,31,27,34
465,63,42,41,43
597,126,45,45,45
885,188,41,48,49
61,347,41,39,42
1144,347,231,230,245
650,192,234,234,255
1006,389,47,48,53
526,123,46,45,48
609,156,43,46,47
393,309,44,44,44
208,96,202,204,224
1109,382,237,234,253
811,417,119,109,123
841,223,238,237,255
1000,162,49,48,52
682,88,45,47,51
97,416,50,51,48
469,222,220,222,241
143,219,195,192,213
584,259,230,234,255
85,267,37,34,36
655,259,43,45,47
1108,438,231,230,248
439,481,126,122,128
653,130,48,45,49
294,392,45,44,46
100,439,47,46,48
1097,272,241,236,255
468,276,79,78,85
581,244,234,233,255
71,131,156,29,37
814,61,48,48,52
262,105,37,29,32
296,309,43,42,45
638,44,48,43,51
1180,442,237,235,249
41,65,116,107,115
1129,184,233,230,247
963,282,43,46,48
191,293,37,39,40
443,101,42,41,44
967,158,47,47,51
62,421,60,58,55
1091,95,251,251,255
758,288,52,45,50
843,240,62,60,68
903,62,102,100,96
660,208,237,234,255
946,256,47,46,49
10,57,35,30,30
1017,244,47,49,52
21,95,118,92,74
368,332,45,45,46
615,177,44,47,49
1091,32,234,236,255
14,245,33,29,31
303,414,39,44,47
588,462,117,107,100
248,250,193,191,210
64,337,37,39,42
584,206,129,130,113
624,432,45,45,47
930,272,45,46,49
1091,112,67,64,70
1163,160,235,234,247
492,265,217,214,237
1185,466,232,233,251
583,360,43,42,44
242,424,69,66,54
992,372,43,48,51
1,71,71,62,73
737,328,44,45,48
808,401,46,46,49
989,456,51,42,79
405,294,44,45,50
464,197,229,226,249
1155,246,235,233,252
122,171,236,243,255
731,224,213,208,206
1087,414,224,208,147
560,104,45,45,49
7,270,31,31,30
439,82,39,42,42
783,134,48,46,51
602,157,45,44,49
294,42,47,49,54
360,232,203,206,230
51,295,36,31,32
539,439,162,163,175
979,275,49,47,49
182,154,34,36,40
604,147,44,45,47
503,495,111,101,60
968,199,48,48,51
300,98,35,25,30
526,407,43,42,44
839,334,45,45,49
423,89,40,37,42
1069,460,82,63,55
959,432,49,47,51
633,356,46,45,49
267,155,35,28,30
644,167,46,45,49
597,352,43,42,49
332,437,84,80,52
1031,201,46,50,50
1178,414,238,232,253
1174,357,239,235,251
729,305,45,43,47
1191,325,237,238,253
131,459,50,48,51
24,499,76,66,54
993,256,46,45,51
896,265,237,239,255
601,268,44,44,48
337,316,42,44,44
408,127,42,39,44
844,494,166,155,110
861,360,48,46,49
1117,311,230,227,248
794,424,46,45,49
435,417,55,54,57
567,8,93,78,61
806,267,201,204,249
719,134,47,47,50
107,292,36,30,33
1025,306,51,46,53
511,120,44,44,48
1020,275,45,47,50
345,257,211,210,231
416,86,37,36,35
115,141,38,32,36
355,51,32,24,28
437,21,34,34,34
329,18,36,36,40
519,342,41,43,45
304,165,187,185,204
1034,84,70,64,61
56,476,42,46,48
952,493,103,91,65
0,443,52,53,53
735,376,44,45,46
111,267,44,42,43
236,295,46,39,48
865,333,44,47,50
1175,258,242,239,253
356,480,74,69,59
725,153,45,48,50
661,233,235,235,255
1014,115,45,50,53
4,153,167,28,35
1142,398,231,230,243
1116,369,236,233,251
307,396,42,44,45
146,62,152,133,150
545,250,230,228,252
148,425,54,49,56
1188,62,239,234,253
250,71,37,43,48
1092,338,242,243,255
631,482,193,188,206
795,459,44,46,52
852,195,48,47,54
169,118,129,133,147
127,437,48,48,49
647,265,47,47,49
309,337,42,43,46
937,14,168,134,94
715,152,46,45,48
95,107,158,26,36
320,455,73,69,52
277,38,65,56,74
323,454,73,73,56
193,161,33,32,35
5,149,167,29,34
500,264,221,219,241
889,352,47,48,50
439,20,42,32,39
131,378,40,42,44
447,495,178,179,198
491,274,49,47,53
30,53,103,95,110
79,329,38,37,37
302,133,32,27,30
780,237,232,242,255
684,324,43,46,49
666,459,86,67,53
489,406,42,42,48
918,27,122,85,68
284,77,37,30,33
200,248,200,195,220
388,226,210,211,235
281,190,186,185,203
371,488,57,52,52
1023,363,47,47,56
814,411,52,44,52
273,351,41,45,47
125,27,29,30,31
554,220,230,229,253
519,19,57,52,54
1157,315,235,231,248
1150,82,236,234,247
31,142,159,24,36
11,195,61,58,65
695,225,240,239,255
1111,361,237,233,252
861,420,114,127,171
255,470,107,96,66
84,423,54,53,51
349,130,35,33,37
245,197,185,182,200
685,283,45,43,50
341,180,191,190,211
606,483,188,187,199
31,421,61,60,55
539,69,41,44,46
538,31,46,42,46
492,159,54,53,60
5,495,50,50,51
748,138,45,48,49
129,20,37,32,38
208,290,40,44,44
752,159,43,45,51
1108,479,232,227,247
485,381,44,42,45
1024,179,48,48,55
1139,411,230,227,243
318,98,32,28,29
682,355,43,45,48
788,93,46,45,50
826,189,47,46,50
1059,351,50,50,54
541,18,46,46,49
99,333,39,37,39
726,345,44,46,50
681,254,47,46,50
169,462,50,48,50
1016,2,97,77,60
405,4,36,26,29
567,168,47,44,50
979,225,48,46,52
839,390,45,46,48
17,293,36,34,35
1080,119,243,246,254
905,0,193,145,95
1022,46,97,78,58
519,381,40,40,45
308,219,190,186,208
1185,366,238,237,252
71,328,36,34,36
738,442,41,47,46
782,121,48,47,50
212,310,36,41,45
276,32,109,108,127
468,16,118,95,70
1071,330,53,51,56
537,228,227,230,251
894,460,50,47,53
959,86,48,49,51
393,173,43,42,48
1195,210,242,238,255
1000,342,49,47,51
947,8,128,86,66
595,397,45,42,47
855,445,46,46,49
885,127,47,49,53
25,102,41,32,36
120,420,50,51,53
989,152,48,49,51
696,46,46,46,49
642,86,48,45,49
328,262,210,210,231
346,128,29,31,31
24,216,34,30,33
794,321,43,47,47
538,431,43,43,49
299,156,33,30,30
1078,280,248,245,255
363,383,45,44,49
240,485,60,61,55
822,316,50,47,52
676,117,46,45,49
565,440,143,140,146
1112,356,235,229,245
1067,102,55,52,55
780,161,45,47,49
983,483,46,45,51
534,340,44,42,42
614,57,45,44,48
67,144,158,42,60
1132,300,230,226,243
556,131,43,44,48
768,171,48,48,50
334,94,29,26,28
400,411,48,42,47
190,111,161,173,180
752,341,41,45,47
196,27,162,38,47
38,354,43,42,44
919,284,47,46,50
200,328,43,41,45
809,283,51,47,50
120,386,41,42,44
994,248,46,47,51
819,232,151,148,211
641,240,45,48,51
47,334,35,35,41
785,104,44,47,49
998,482,47,50,52
960,54,71,60,58
1057,49,113,109,108
364,9,42,36,28
84,233,112,107,137
476,383,42,45,48
70,172,199,166,183
253,167,189,185,205
775,86,47,46,50
948,416,46,46,51
1097,418,243,241,255
577,403,39,41,43
978,208,44,47,51
1155,173,237,234,251
56,109,150,19,33
949,124,49,47,51
807,396,44,46,49
383,209,203,204,226
813,455,47,48,49
1189,92,237,236,254
863,20,99,94,90
498,92,42,43,44
250,216,190,186,207
346,124,32,31,34
1160,155,237,235,249
1100,434,236,236,252
1135,462,227,225,242
392,20,53,42,34
735,68,46,46,48
938,270,46,44,50
1023,402,47,48,52
668,493,107,78,61
291,431,86,84,59
1165,347,235,235,251
307,440,58,57,50
222,153,33,28,31
875,153,48,46,51
696,67,47,45,51
1082,341,55,51,56
129,45,151,135,154
1056,35,104,92,81
501,178,88,83,88
146,325,38,38,40
69,400,42,45,47
25,261,36,29,33
751,58,46,46,49
1032,46,96,77,62
715,461,147,138,126
1152,492,231,229,245
646,303,42,44,45
96,65,132,114,134
806,177,47,46,51
1190,196,237,238,253
337,160,31,36,41
820,498,153,146,146
14,451,52,50,53
516,239,56,59,63
530,25,78,57,45
136,8,187,185,205
8,227,31,28,30
395,94,38,33,36
405,201,209,209,230
687,482,117,89,69
92,409,45,44,46
1016,324,45,47,51
168,484,43,48,49
832,244,235,243,250
336,91,34,29,30
814,141,50,46,50
411,102,42,38,42
1092,343,248,245,255
714,75,49,46,48
809,309,46,46,48
13,346,45,41,45
1029,375,50,48,51
671,392,172,169,178
1070,127,51,53,55
819,148,50,47,50
927,297,45,46,50
276,400,45,44,43
621,236,236,233,255
322,232,73,59,85
1011,187,49,47,51
1047,11,73,65,59
1099,214,244,242,255
203,152,37,28,33
920,408,47,45,50
180,273,210,207,229
228,364,42,42,45
72,192,33,28,30
742,434,48,46,52
4,283,30,30,33
1198,82,241,237,252
773,56,49,48,51
1062,175,48,51,53
787,83,42,44,48
910,494,175,158,101
1154,209,238,234,249
627,324,43,45,47
1170,270,236,236,252
439,412,57,60,70
632,274,47,43,49
143,381,41,41,45
278,329,42,44,49
281,435,72,69,53
378,197,205,202,224
761,41,57,55,62
70,442,44,49,52
1157,132,234,232,249
681,389,85,99,111
773,351,46,44,51
333,54,30,24,25
296,133,30,28,29
768,9,48,51,52
536,132,48,45,47
99,499,49,47,51
264,386,44,44,47
547,439,149,143,153
400,292,45,45,46
1096,491,237,235,253
8,142,166,29,36
840,335,48,46,48
829,201,47,48,51
996,450,49,48,51
121,117,162,32,41
516,379,43,42,44
1159,312,235,234,251
454,358,12,20,22
298,135,30,28,29
683,10,47,51,48
935,332,43,44,50
42,24,61,60,64
865,101,46,47,51
1079,193,170,172,189
222,123,39,34,39
140,223,196,191,213
114,450,49,47,51
917,160,46,48,52
1179,209,241,235,255
360,27,42,29,32
618,482,177,176,186
556,197,80,76,98
547,220,230,226,250
213,374,43,43,46
935,379,44,47,50
122,258,210,208,234
521,212,213,210,228
580,4,91,81,62
1136,108,230,228,241
971,306,47,47,51
1172,435,237,236,250
626,93,45,41,49
419,436,46,44,47
781,479,152,148,161
626,88,45,45,52
497,9,87,66,52
281,54,45,47,52
826,44,62,59,59
607,349,40,43,47
1084,112,56,59,62
983,424,44,45,50
10,61,30,22,24
205,445,46,47,50
538,284,45,45,49
990,94,50,47,52
662,25,48,48,52
527,133,45,45,48
219,327,44,42,44
57,144,160,28,35
320,12,44,45,49
203,450,49,47,52
109,258,217,214,237
169,77,157,146,168
52,293,35,34,34
423,320,44,44,49
923,216,44,47,51
639,319,42,43,47
262,353,46,45,45
681,137,46,47,49
1198,209,241,236,253
805,475,169,166,172
728,447,43,44,47
1068,113,50,51,55
1097,324,243,240,255
782,89,45,48,49
554,487,128,121,108
45,372,45,42,45
132,340,35,36,39
331,263,211,210,234
659,7,52,52,53
972,278,46,47,53
812,55,51,49,52
346,5,46,41,41
548,205,57,57,57
1067,480,54,53,56
482,254,193,193,210
854,265,172,175,207
168,249,204,198,221
422,370,40,41,45
188,292,40,37,43
1029,313,48,49,51
639,492,149,148,155
111,212,211,211,237
1097,460,236,234,254
1089,136,82,76,72
716,178,53,47,52
463,312,16,21,25
661,248,48,47,52
1045,363,48,48,53
763,171,48,48,51
288,205,79,82,95
1115,123,229,226,247
133,338,34,36,37
784,299,46,46,52
124,493,46,47,46
157,337,42,40,41
851,371,48,47,50
1055,200,49,49,55
559,69,46,42,48
957,75,86,81,82
701,366,45,44,48
874,314,50,46,52
1178,299,240,236,253
520,402,44,41,43
439,59,40,37,39
60,460,44,46,49
1155,359,235,233,251
869,47,102,98,94
702,269,48,46,50
252,97,38,34,38
391,129,38,39,40
11,49,60,62,66
103,217,211,214,238
7,20,227,225,250
102,228,200,201,224
193,272,209,207,230
999,210,47,49,52
775,223,235,236,255
713,127,45,44,48
668,259,47,44,49
919,19,104,71,59
12,87,128,118,123
1003,253,46,47,50
166,204,186,183,199
414,93,38,36,38
497,150,43,37,35
930,83,47,46,52
283,453,73,70,54
1167,335,238,235,252
26,334,43,40,43
1116,317,233,230,245
1136,57,230,228,241
1101,339,239,239,255
487,270,53,52,57
634,176,232,231,254
1082,322,249,248,255
895,480,50,50,52
782,376,42,44,50
134,345,41,37,40
843,34,83,79,71
133,410,46,43,47
1046,384,49,50,50
801,205,51,49,55
124,424,49,50,51
983,294,52,55,58
132,9,193,187,208
411,124,44,41,46
875,262,239,236,255
207,264,201,202,224
1011,79,99,85,66
396,16,35,28,27
525,343,44,42,46
1196,107,240,236,254
1022,475,46,47,49
536,453,125,119,127
837,295,43,46,51
1186,487,237,234,252
197,136,35,33,39
633,93,44,46,47
313,266,208,207,229
624,276,43,43,46
977,490,45,46,51
710,91,45,47,50
845,94,46,47,50
720,85,44,46,49
691,470,117,92,63
1019,182,49,48,52
76,358,43,38,44
364,130,38,34,37
669,55,42,47,46
644,130,44,45,46
387,1,39,28,27
1027,487,49,48,54
363,47,32,23,25
42,464,48,49,49
1132,334,231,228,243
286,327,43,44,47
48,202,77,76,78
367,44,31,20,28
865,118,46,46,50
215,367,42,43,45
732,197,243,238,255
764,58,47,47,49
863,142,47,47,51
1159,200,237,235,253
335,433,72,68,52
916,70,81,79,77
718,260,90,79,102
209,107,46,47,50
831,417,125,134,183
405,172,46,44,48
774,17,49,49,53
1091,447,240,237,255
17,227,38,29,30
793,416,52,43,69
1099,322,239,237,253
254,344,46,44,47
866,250,240,239,255
433,309,46,45,49
132,186,214,215,239
995,208,46,48,52
814,179,44,48,49
233,448,53,51,51
231,273,209,204,226
837,349,43,48,50
758,232,239,236,255
562,302,41,47,45
329,409,46,42,47
679,355,44,46,47
297,496,42,44,47
949,385,44,45,47
496,56,44,43,46
566,344,43,43,44
2,241,35,28,31
1095,212,248,246,255
211,351,42,42,46
820,101,45,48,48
445,415,14,14,16
1163,101,237,234,250
1159,260,236,234,250
216,36,165,46,61
3,359,47,43,49
1038,357,45,49,55
717,333,42,44,47
772,229,237,237,255
1022,370,46,48,53
461,47,38,40,39
844,234,241,237,255
798,463,46,49,53
137,284,42,42,43
360,459,64,53,50
680,412,45,43,47
760,373,39,43,45
402,494,84,70,55
1151,261,233,231,245
928,204,49,48,51
375,303,46,43,48
294,134,30,28,28
337,459,95,90,76
1048,218,50,48,55
698,110,46,45,48
484,451,151,153,176
194,293,40,40,42
746,226,240,237,255
519,161,46,45,47
277,255,197,195,214
1080,168,53,55,56
939,280,45,47,50
65,252,35,31,33
221,248,196,193,215
442,51,40,35,40
648,305,47,45,49
965,418,48,47,49
21,496,69,61,52
249,22,206,195,215
798,462,47,51,49
574,165,46,46,48
165,206,140,145,156
1038,333,49,47,52
1025,434,46,47,52
757,450,46,48,50
1110,123,233,234,250
951,465,48,48,49
86,456,45,48,50
283,456,72,72,56
450,226,227,229,251
929,103,49,48,52
793,98,47,46,49
189,204,58,56,75
1026,127,48,49,52
627,419,42,44,46
365,427,43,43,46
243,6,177,164,190
601,385,44,42,47
574,334,45,43,46
390,208,170,169,198
284,113,33,27,26
1096,83,237,237,253
200,478,42,45,50
81,448,45,48,47
1078,267,53,52,59
25,97,29,25,27
563,417,41,42,45
821,359,46,47,49
1068,107,48,50,53
93,332,33,34,39
469,343,56,55,60
698,265,48,47,49
1017,79,96,85,71
942,224,50,48,49
189,110,110,108,128
784,370,49,45,51
139,45,130,112,133
923,230,48,48,53
64,186,37,28,30
282,51,45,48,51
920,69,76,68,63
354,63,32,22,27
251,137,34,25,32
1026,246,48,50,51
440,96,41,42,46
123,132,41,25,32
618,264,47,46,47
130,345,38,36,39
585,434,44,43,46
32,149,164,31,40
390,468,77,62,59
416,93,39,37,39
217,361,43,41,46
1189,210,238,234,253
297,99,34,24,25
387,229,213,210,237
1187,170,236,236,252
273,0,207,193,217
1168,452,233,233,249
808,18,53,53,53
471,23,69,53,47
107,411,44,44,50
454,282,53,47,52
485,16,72,56,48
695,278,44,46,48
845,166,49,47,51
18,477,53,49,50
592,297,46,43,46
199,88,105,109,123
810,247,242,241,255
488,496,120,110,62
530,250,229,225,246
796,80,46,46,49
176,315,41,39,42
794,442,47,47,49
973,493,46,47,48
416,19,35,28,27
1141,97,231,230,244
731,21,46,48,53
455,222,131,126,128
501,297,44,45,49
778,199,47,49,53
953,348,46,46,49
15,284,30,31,33
793,391,44,44,50
394,100,37,35,36
439,391,46,47,51
819,454,45,47,51
536,14,77,61,47
433,226,229,225,248
456,3,56,44,38
798,271,184,184,218
882,444,46,46,50
229,431,43,47,46
1116,22,237,232,249
54,206,44,43,47
498,265,219,218,239
0,395,50,46,48
646,479,102,99,109
383,335,44,42,46
305,127,28,28,29
387,160,42,42,41
524,203,60,59,67
533,466,121,114,127
1012,450,49,48,51
879,13,88,80,78
268,119,33,23,27
996,360,45,47,53
841,112,45,50,48
1161,429,233,234,248
414,18,35,29,28
359,365,43,45,44
1100,83,236,235,252
1040,19,108,85,65
7,441,61,59,57
962,196,47,46,53
24,397,46,47,48
127,242,196,198,211
49,105,149,21,31
144,450,43,48,48
474,82,40,44,45
1013,299,46,46,49
488,473,105,107,79
310,137,29,29,34
958,36,91,70,58
1101,288,235,234,251
13,51,65,63,67
236,158,188,182,198
1051,258,47,48,53
295,252,199,196,218
367,442,99,92,90
955,34,90,69,59
382,307,45,44,47
327,197,191,190,212
845,484,174,162,102
872,211,48,49,51
648,331,44,45,46
21,243,32,30,29
534,457,149,145,152
914,128,48,47,52
431,192,220,222,245
349,377,43,41,45
427,413,42,44,45
1148,452,232,230,245
1020,78,94,83,67
1175,459,236,233,250
1160,359,234,235,250
816,8,71,66,63
580,217,232,235,255
602,499,175,171,180
365,290,43,43,47
954,267,45,48,51
392,410,40,42,47
858,176,48,47,52
978,27,96,73,58
65,405,43,44,48
33,300,38,31,35
1012,185,46,48,50
802,99,46,46,50
203,255,203,200,220
1116,188,235,233,249
277,444,73,70,51
1158,290,238,233,248
1035,382,50,48,51
18,427,53,50,50
913,382,43,43,49
105,465,46,50,49
937,466,44,47,52
617,63,40,47,47
934,342,44,46,50
1103,219,243,239,255
620,371,41,42,46
565,400,42,40,45
382,484,82,76,69
709,490,128,116,103
383,380,42,43,46
100,380,43,42,44
786,118,44,47,48
968,94,48,48,52
874,188,51,45,52
784,250,244,241,255
682,300,45,46,47
1110,84,232,229,248
546,143,44,43,48
947,314,42,46,51
406,295,45,47,50
1006,152,46,48,53
112,46,178,175,193
792,124,50,47,50
1073,315,190,178,125
585,497,110,104,96
719,141,41,45,49
1163,26,238,237,252
570,375,43,43,44
607,80,44,45,47
388,36,36,31,28
244,89,44,45,52
98,156,38,28,31
973,168,44,48,51
506,425,44,43,44
1041,410,52,49,54
531,408,42,42,44
686,344,43,44,46
634,61,42,46,50
579,136,43,44,46
1001,23,120,93,67
197,466,46,48,47
445,454,143,113,113
867,432,47,48,51
549,239,232,230,253
516,304,42,45,49
438,259,233,231,253
728,414,42,44,45
1016,326,47,48,52
824,206,48,50,52
519,362,40,42,46
720,429,42,44,46
456,137,42,43,46
969,339,44,45,50
1023,105,49,48,53
93,61,143,146,163
237,464,93,89,59
324,421,40,43,48
145,408,47,45,49
1060,428,50,49,54
1029,17,104,82,64
400,0,38,28,33
476,143,40,44,44
551,216,229,227,249
544,87,44,45,46
393,371,43,44,46
527,241,65,55,60
726,186,190,184,202
427,483,78,76,88
739,423,45,45,49
446,477,130,126,127
124,161,180,177,202
151,225,200,196,216
926,48,106,102,94
614,304,44,44,46
1053,208,49,47,52
587,480,105,97,82
75,113,153,23,32
571,12,94,81,59
904,73,49,47,50
1160,474,237,232,246
498,399,43,42,44
665,212,107,102,83
54,47,112,103,112
892,89,47,49,50
449,257,232,230,254
963,266,41,47,53
1057,144,47,48,53
1010,101,47,49,50
921,262,47,48,53
1156,213,234,233,252
424,32,34,31,29
547,53,42,43,44
508,236,55,57,61
626,430,45,45,47
770,10,48,49,52
67,129,153,26,33
561,44,48,43,48
1033,203,45,47,49
508,192,217,214,235
543,58,44,43,47
110,83,149,135,156
1057,61,104,90,78
1113,119,234,230,248
737,226,238,239,255
1077,471,230,234,254
390,230,69,61,69
862,135,45,49,52
824,51,53,53,54
941,189,46,47,47
254,209,167,166,181
882,120,47,47,51
523,468,140,138,146
256,369,44,43,45
917,229,74,73,133
598,105,44,43,48
753,321,45,46,48
1079,284,248,247,255
412,484,109,103,96
91,163,37,24,28
595,392,43,43,45
1192,461,235,233,249
202,228,192,190,209
607,50,44,44,48
17,141,162,28,37
44,57,109,103,109
692,103,43,45,49
396,372,43,43,44
597,269,46,47,48
527,232,96,78,122
1094,278,241,242,255
1145,411,233,230,244
1156,492,233,230,244
992,152,49,48,52
491,496,107,99,58
321,235,200,201,220
286,31,38,36,42
1093,181,248,251,247
903,351,47,45,51
306,162,42,36,42
365,81,27,28,24
350,212,77,71,82
966,369,45,49,48
983,429,42,46,49
655,67,46,46,49
1122,196,226,226,244
440,9,40,27,31
765,34,50,50,52
254,87,42,40,42
688,189,239,239,255
1076,418,143,134,127
822,311,44,48,51
865,327,46,47,49
393,134,40,39,44
514,135,44,43,51
212,293,40,40,44
689,226,238,240,255
48,289,35,33,33
322,133,30,29,34
426,477,135,119,119
107,418,53,50,52
759,7,48,50,50
761,421,48,44,49
1052,203,49,50,53
303,214,151,146,152
864,305,44,46,50
897,50,99,99,94
1029,75,99,87,72
916,490,171,160,127
381,391,45,42,44
539,55,41,42,46
745,109,46,48,50
423,331,41,44,46
451,154,44,43,45
63,271,37,27,31
36,388,47,47,48
672,438,42,44,47
308,249,202,199,221
1165,108,239,236,252
309,409,44,42,47
889,382,47,46,48
451,359,82,81,86
710,12,57,54,53
844,489,166,155,105
629,290,42,42,46
1120,476,230,226,239
950,276,45,43,51
253,367,45,42,48
912,296,46,46,50
559,422,43,41,44
866,441,46,49,50
587,234,236,235,254
106,232,197,195,218
588,189,234,234,255
575,444,134,132,133
514,292,44,45,48
305,348,42,44,45
469,34,83,60,46
700,1,56,49,53
598,60,45,45,49
458,441,186,186,206
653,239,49,52,54
306,208,90,77,105
668,402,40,43,44
65,193,36,28,34
300,161,36,34,40
306,27,49,48,55
505,369,42,42,43
1063,65,101,88,80
590,405,42,42,45
26,453,50,49,52
251,349,40,42,47
684,211,143,138,159
312,269,51,49,51
974,24,100,74,60
500,388,45,48,50
346,360,39,43,43
1142,119,234,227,246
934,91,48,49,53
1024,469,48,47,52
377,165,45,42,46
238,413,43,43,45
79,445,49,48,52
390,293,42,42,46
737,300,47,46,48
84,272,36,33,35
319,145,29,31,30
388,267,218,217,241
775,304,46,47,50
406,57,33,32,35
1145,309,232,231,245
501,294,45,44,47
1163,406,236,236,251
468,361,49,52,51
693,94,46,46,49
902,150,41,48,50
704,196,236,234,255
322,376,38,44,45
477,424,44,47,49
16,305,39,38,40
135,384,42,43,46
1015,222,51,50,52
677,399,45,49,48
538,282,45,43,48
135,248,211,210,227
145,71,162,148,169
786,38,50,51,53
97,463,79,72,63
684,240,110,116,138
346,169,44,43,44
213,318,43,45,44
907,227,236,236,254
1048,166,47,51,51
41,60,110,100,109
316,453,83,74,55
1195,97,240,236,254
393,477,57,54,50
433,70,41,40,40
161,225,201,197,217
180,187,190,184,207
469,70,44,40,45
66,243,36,34,37
97,215,217,218,245
643,135,42,46,48
834,132,49,47,51
447,199,225,223,248
988,50,101,73,60
69,199,42,35,39
0,305,38,38,39
673,35,51,48,51
878,363,48,46,49
756,46,48,48,52
829,74,43,47,52
954,115,46,48,48
714,187,236,236,255
717,432,42,43,46
1087,60,253,252,255
844,103,47,48,52
1130,104,226,225,243
130,450,47,48,48
686,288,46,45,48
734,310,47,47,50
49,456,46,48,51
1,92,130,20,35
48,216,83,85,87
279,266,113,117,144
1199,478,237,234,251
675,61,46,44,52
899,350,46,46,49
1178,456,236,234,248
927,377,44,47,48
688,54,45,48,47
6,443,55,56,57
295,472,117,109,81
884,467,48,46,50
106,91,156,33,39
896,181,49,49,52
866,412,46,47,51
71,474,72,63,59
520,436,162,162,181
1131,94,231,225,240
999,487,47,49,53
812,125,46,47,48
201,445,46,47,51
683,97,47,45,49
1132,342,229,229,243
75,349,36,38,41
148,208,46,43,52
477,410,42,44,43
637,429,45,44,47
735,455,47,46,50
1175,84,238,235,254
947,80,49,48,53
30,445,48,50,52
128,172,192,197,216
285,386,47,44,46
189,153,37,35,39
660,207,240,234,255
126,443,48,47,51
478,247,32,32,32
237,300,41,43,44
13,495,69,62,53
474,346,44,45,51
204,382,43,44,44
1080,116,238,237,255
94,126,159,28,39
716,187,238,235,254
198,51,195,181,205
1153,361,236,233,248
557,171,45,47,49
571,134,47,45,48
622,336,46,45,46
588,104,46,43,45
1008,294,45,45,52
760,210,240,236,255
570,171,43,45,49
586,42,45,45,46
956,340,45,45,50
468,170,45,44,48
98,43,34,30,40
161,199,75,75,76
307,476,126,118,97
108,90,160,42,63
75,173,211,194,218
104,181,240,243,255
569,406,41,42,47
543,211,229,226,250
1076,420,239,239,255
1114,282,230,228,244
41,173,173,32,37
693,320,44,46,50
319,222,199,197,219
26,80,114,110,115
625,38,47,44,50
574,6,86,76,56
597,248,238,236,255
173,322,33,38,42
350,377,41,42,46
808,238,92,82,132
97,465,96,89,84
723,392,50,48,50
214,192,107,96,126
602,447,173,181,205
515,404,40,44,45
1172,290,237,236,250
687,271,47,45,49
560,257,231,231,252
553,318,49,44,47
1024,428,49,47,51
762,103,44,45,49
120,495,47,48,49
226,222,188,182,205
721,80,43,48,49
1192,138,241,237,254
1112,153,236,233,251
951,93,48,49,50
700,448,46,45,47
391,120,35,37,40
205,277,206,204,227
1040,321,47,48,52
204,376,42,44,46
881,371,44,46,49
647,392,97,100,66
607,156,44,46,49
145,105,99,88,101
803,459,49,47,52
1127,308,228,227,242
985,458,50,48,53
1171,226,239,234,251
445,171,43,45,48
745,218,241,240,255
206,240,82,71,90
714,58,44,45,48
770,342,44,46,47
885,135,48,48,50
1002,6,126,94,69
846,294,44,48,49
1023,469,47,47,51
188,322,39,40,41
217,250,194,194,215
351,258,211,208,230
784,109,45,46,50
806,4,56,51,54
268,350,41,44,43
47,14,66,64,70
363,147,35,36,40
1077,292,229,230,252
840,395,45,45,47
488,266,215,214,236
507,354,41,40,46
207,72,47,35,48
345,260,211,212,233
184,48,164,39,49
1004,430,46,46,52
1042,432,51,48,52
1131,141,230,227,244
821,220,241,238,255
524,328,42,44,45
281,208,190,187,203
220,379,40,43,45
1092,173,191,183,138
737,124,41,46,50
503,403,44,44,45
731,222,192,187,177
180,62,160,149,170
993,97,49,48,53
870,19,101,95,94
400,344,41,45,45
1007,401,48,47,50
1126,347,226,227,245
663,44,49,45,49
582,141,45,45,47
826,22,84,80,71
796,149,46,48,50
286,314,43,42,47
1032,111,46,47,50
65,363,40,39,44
1139,50,232,231,246
279,342,43,43,46
148,122,181,174,184
336,331,45,45,44
160,94,200,186,210
523,40,35,28,30
1092,140,123,112,80
1176,271,234,237,253
586,244,236,235,255
977,297,47,47,49
853,108,46,47,51
798,333,44,46,49
949,497,176,160,115
1155,464,234,231,247
113,17,123,114,127
972,382,46,48,51
231,490,55,54,53
229,186,189,183,204
579,183,235,234,255
802,443,43,47,48
933,234,46,47,50
885,356,43,47,49
760,391,42,42,48
795,319,44,44,49
58,268,35,27,32
393,170,41,41,45
1011,281,49,47,51
250,75,43,45,50
698,498,133,106,75
118,236,194,191,212
1117,426,231,231,245
569,239,235,233,255
367,250,211,211,232
78,479,86,72,65
263,413,43,43,46
86,197,219,224,244
509,221,217,217,239
897,278,46,48,55
314,81,33,26,30
925,83,47,47,50
1002,372,46,46,51
1170,93,241,236,254
588,424,41,42,44
513,487,118,111,80
954,13,112,79,63
1103,131,242,236,255
405,465,64,61,56
1172,249,240,236,253
299,245,196,193,216
973,40,95,72,59
548,421,39,39,44
1119,328,235,229,246
606,100,45,44,46
155,155,49,50,57
3,365,46,44,48
498,384,44,43,48
876,33,105,102,97
887,50,102,99,95
970,333,50,45,52
913,413,46,45,52
726,147,43,44,51
701,188,236,235,255
981,441,134,134,167
753,131,47,47,52
184,54,170,159,181
512,320,42,42,44
39,36,227,228,250
973,378,45,45,50
99,79,164,147,169
288,29,38,36,43
945,74,91,88,81
617,426,43,45,46
660,100,44,47,50
1048,111,49,50,52
369,84,31,29,29
73,77,32,29,28
923,368,44,47,50
50,333,35,35,35
1070,0,105,81,65
633,313,44,45,47
432,384,42,43,44
1164,438,237,236,251
1135,408,232,228,242
580,419,44,42,45
822,139,48,48,50
919,114,45,47,49
840,224,236,236,255
985,81,62,56,58
1006,481,48,50,52
1196,17,236,236,252
740,214,241,238,255
1174,424,234,233,251
996,407,46,46,50
600,100,47,45,47
384,294,40,44,47
887,187,44,48,50
4,297,41,36,35
1127,200,226,227,245
935,381,47,46,49
959,469,44,47,48
204,190,187,185,205
683,361,41,43,49
1194,163,243,237,254
1148,359,231,229,246
21,289,31,29,33
1103,106,233,231,251
1103,392,242,240,255
304,321,38,42,46
1028,408,47,48,52
530,284,43,44,51
786,74,46,48,51
237,208,176,176,190
1033,66,95,85,66
1077,374,49,51,56
650,357,45,44,51
447,379,79,81,86
467,213,226,225,250
484,80,42,43,46
681,122,49,44,50
408,60,31,29,34
641,473,137,135,141
490,138,42,44,47
924,18,103,72,61
428,56,35,34,36
284,180,187,186,205
1005,160,49,50,52
656,119,45,45,47
1178,190,238,235,252
510,178,174,170,181
459,20,96,73,52
675,73,44,47,48
681,180,204,204,222
195,194,188,185,203
616,112,41,43,46
759,426,46,47,48
854,440,42,47,48
691,46,46,45,48
113,49,159,140,163
1090,118,209,220,253
708,156,47,46,49
26,434,48,51,54
568,265,233,234,255
712,494,144,136,134
410,264,228,226,246
737,134,47,46,48
319,289,40,44,46
90,255,216,215,237
943,460,42,48,48
972,190,51,49,52
944,277,49,45,50
798,101,47,47,48
1006,72,89,76,70
282,463,92,87,61
504,346,41,43,42
435,482,34,26,22
342,459,79,72,60
171,498,48,46,47
251,454,65,64,52
304,94,30,26,29
477,488,123,113,73
214,428,47,47,50
474,184,48,47,47
415,271,220,222,245
378,129,32,36,40
774,93,49,47,51
598,124,40,43,49
253,499,86,75,57
169,425,80,75,65
88,335,31,36,35
963,451,62,51,50
615,493,134,131,116
424,217,223,221,243
236,98,39,39,44
1114,169,236,231,252
840,257,240,237,255
246,174,190,185,205
285,1,208,198,218
1030,339,46,49,52
163,218,198,193,213
722,489,156,147,161
1143,329,231,229,243
813,83,47,45,51
813,35,51,52,54
1002,114,48,48,55
735,492,132,129,142
1073,13,106,82,66
1185,301,237,239,254
709,97,44,46,48
479,405,45,44,47
191,283,160,161,197
710,370,47,47,49
851,87,47,48,49
341,229,203,203,224
1091,279,244,249,250
738,53,46,46,50
62,431,80,72,58
142,223,200,196,217
534,54,44,43,48
215,370,42,44,48
42,79,164,162,179
39,191,91,88,96
267,171,189,185,203
955,145,48,48,51
196,320,39,40,47
972,490,51,47,51
495,280,45,45,50
153,223,202,196,219
969,187,47,46,50
562,11,97,82,59
1008,214,49,47,51
603,341,43,44,48
1135,341,228,230,245
889,22,84,78,77
380,177,94,95,113
176,490,48,45,48
704,435,38,44,46
267,473,106,100,79
1069,41,113,102,112
851,386,43,45,50
1053,58,103,87,80
184,452,49,49,45
35,183,110,95,94
723,405,56,46,55
1005,396,46,47,50
287,349,42,43,48
1063,434,51,51,55
346,16,40,35,35
468,413,42,44,51
0,267,39,33,32
932,159,46,46,52
297,302,46,42,46
759,204,235,237,254
514,392,43,42,45
779,263,238,239,255
1196,402,240,239,253
283,445,62,60,54
263,247,191,192,214
997,314,47,48,52
104,153,191,180,203
49,163,166,29,37
744,71,45,46,51
1089,255,253,253,254
655,364,43,44,47
909,71,48,49,53
843,215,193,188,206
59,157,163,31,42
107,254,218,213,236
695,132,46,46,48
843,200,46,48,52
928,86,51,48,52
192,181,186,182,203
1061,150,48,47,53
572,373,42,42,44
107,326,38,31,36
398,402,43,44,48
719,69,48,46,49
736,94,45,45,46
1159,425,239,233,251
450,375,27,26,34
584,190,233,232,255
1037,446,48,48,50
573,338,41,44,46
988,30,109,84,62
1121,35,231,228,247
1147,478,228,227,244
583,232,233,231,255
656,480,88,69,53
971,111,49,46,51
587,435,46,44,51
557,266,230,227,252
354,281,45,43,49
752,353,43,45,48
19,152,167,29,39
639,298,47,44,50
688,105,47,46,45
965,105,47,48,52
654,483,91,68,53
855,125,45,46,49
463,87,42,42,41
374,278,44,44,49
213,390,44,42,48
288,403,41,43,42
824,368,47,46,51
252,24,208,196,218
399,368,43,43,47
288,272,45,44,48
1149,305,231,228,246
708,393,47,46,48
127,96,157,68,91
157,432,50,49,51
73,280,33,31,32
749,399,112,110,130
77,71,115,113,139
914,186,47,48,51
831,289,50,46,51
745,403,67,54,49
402,296,44,44,45
346,178,187,188,208
1131,495,229,225,240
1053,397,47,48,52
586,9,95,84,63
392,164,39,41,44
953,417,45,48,52
592,7,98,85,67
23,466,48,47,53
169,81,166,155,176
1087,136,59,55,59
101,331,34,35,36
1175,374,236,233,250
175,183,191,186,210
243,205,43,38,55
904,426,130,130,127
1056,442,49,49,52
1184,349,237,237,254
17,370,46,45,44
660,39,49,45,49
522,293,48,45,49
851,133,45,46,52
181,57,167,154,178
603,212,234,234,255
808,24,50,51,54
1020,111,47,48,53
943,432,116,113,106
1101,1,248,244,255
314,18,44,44,48
98,323,34,33,35
541,31,41,44,46
25,1,197,202,205
677,259,44,46,49
949,145,47,48,51
392,135,36,40,42
531,3,73,57,37
446,52,40,36,42
1151,290,232,230,248
1185,75,237,237,255
344,252,205,208,232
494,396,43,43,48
59,144,160,27,39
1066,199,53,52,56
1024,412,48,47,51
1056,311,50,49,56
192,54,194,158,173
52,278,37,26,29
677,63,46,46,47
1137,115,229,227,244
173,103,206,195,217
521,176,52,47,53
875,456,50,48,52
1026,164,46,49,53
483,263,207,205,222
971,345,46,45,51
1125,234,230,229,243
558,400,45,42,47
1161,474,236,233,247
477,441,180,183,200
788,371,46,47,49
990,347,45,49,53
191,209,64,43,69
1010,176,49,47,52
628,119,46,45,46
1036,482,47,49,51
484,369,39,41,46
580,84,49,42,50
130,23,32,28,31
867,47,102,97,91
917,377,46,45,48
729,410,47,46,51
783,255,245,240,255
798,111,47,47,48
848,81,51,49,51
543,109,43,44,47
1121,437,227,226,240
479,359,46,43,45
1012,246,42,49,51
442,141,44,43,45
539,94,45,44,49
904,324,44,44,48
491,37,81,60,48
501,370,41,40,43
360,265,212,213,236
291,340,41,44,45
410,179,42,45,45
707,189,236,234,255
7,401,45,46,48
418,391,46,43,47
1023,467,46,50,53
139,373,40,45,46
404,126,42,37,40
752,373,43,47,47
787,82,44,45,49
261,368,43,43,45
232,39,33,24,30
981,24,101,78,59
941,364,47,46,47
962,262,45,47,52
468,348,54,55,59
977,481,47,48,50
547,395,40,41,45
284,139,35,28,31
1111,335,235,231,245
938,403,46,46,49
496,244,61,53,64
0,346,43,44,47
501,190,191,189,210
628,252,48,46,51
622,381,48,43,47
781,363,43,44,49
368,194,152,152,182
793,17,49,49,52
492,46,43,42,46
236,323,40,42,44
380,74,35,25,28
1151,45,238,234,249
613,397,40,41,46
734,196,238,240,255
180,470,54,55,55
364,336,42,44,44
372,128,38,36,39
586,198,234,236,255
1049,142,50,49,55
255,98,39,33,32
660,50,45,45,49
85,265,40,31,33
989,219,43,46,50
283,107,31,27,29
125,486,50,47,50
120,88,165,147,169
609,60,45,44,46
934,476,50,49,56
166,413,45,43,47
127,50,154,134,156
1087,116,124,119,151
74,226,57,45,67
924,220,47,48,51
417,459,123,110,114
222,1,168,152,177
791,340,45,46,50
245,159,38,31,35
1001,390,41,44,49
846,402,45,46,50
496,138,54,53,57
865,439,49,46,51
1148,451,233,228,243
274,317,48,42,47
790,206,86,82,95
1031,326,47,47,50
610,371,41,43,44
268,228,192,188,209
404,146,39,40,45
760,268,51,52,59
359,118,36,30,34
211,298,38,43,47
683,387,39,45,48
1128,415,233,228,243
367,124,35,34,37
481,465,176,178,197
1091,54,64,66,75
1039,174,50,49,54
810,37,52,52,55
851,84,48,47,50
366,260,215,213,237
456,126,40,43,45
940,90,44,49,51
275,282,44,41,46
401,292,42,43,45
334,20,38,33,37
1139,2,234,231,244
571,486,160,151,149
451,288,46,44,50
508,476,106,104,72
495,359,43,43,44
241,307,43,44,46
82,75,149,30,38
491,457,162,160,171
603,408,44,44,46
1196,73,239,238,252
301,476,128,118,95
125,348,37,37,37
126,12,182,183,203
913,188,47,46,51
968,158,47,48,52
1015,51,100,76,59
37,383,43,44,45
962,291,50,46,52
290,432,77,76,54
112,165,122,119,142
112,385,43,40,45
981,125,47,48,50
211,149,34,29,32
49,19,62,60,65
1124,35,233,229,246
554,96,44,42,48
1079,110,56,55,61
449,429,49,48,50
171,161,36,39,40
198,444,46,47,48
1185,257,239,235,251
26,277,38,29,29
97,194,248,245,255
543,316,46,43,47
707,143,43,47,50
270,168,190,185,204
887,451,50,48,50
686,347,45,46,48
685,10,48,51,53
363,485,76,70,59
391,228,156,158,187
332,51,32,22,25
243,221,190,185,204
814,59,47,47,49
409,436,56,54,52
181,233,87,89,95
92,423,62,61,52
100,447,50,47,50
988,92,48,47,52
989,204,48,48,51
121,400,45,43,46
576,237,235,234,255
994,432,47,49,52
951,165,47,49,53
918,412,44,47,52
593,487,182,180,190
509,230,216,220,237
328,229,54,55,53
632,487,149,143,135
322,204,159,164,173
618,341,41,46,47
664,289,43,46,50
845,388,46,44,50
323,447,65,61,53
662,249,47,48,52
379,279,45,45,48
839,421,128,132,107
258,199,80,76,87
491,109,39,43,44
32,373,43,44,50
847,365,42,46,48
601,355,45,43,48
424,133,43,41,44
37,12,226,223,247
48,220,28,30,30
674,314,44,45,49
264,47,143,147,170
1062,458,48,50,53
875,125,46,47,50
80,427,50,52,49
272,70,42,41,45
285,464,78,71,56
1095,131,240,235,255
633,40,47,45,48
835,459,50,44,49
114,213,204,205,228
578,38,45,44,48
585,411,46,45,44
762,175,49,46,51
1074,33,104,98,107
180,2,155,30,48
150,75,159,144,162
651,12,53,51,53
134,169,149,160,166
260,370,42,44,47
226,86,62,54,72
945,290,45,46,50
37,9,225,224,247
1193,39,240,237,252
941,82,49,46,52
503,169,50,50,53
472,490,114,108,63
587,106,42,44,47
842,160,42,49,50
378,442,168,138,145
577,140,46,45,49
103,343,36,35,39
70,366,44,42,44
689,132,48,46,49
351,63,26,23,25
286,82,33,30,30
901,255,241,237,255
940,26,86,65,60
434,167,45,43,47
489,129,39,43,47
797,172,44,47,50
561,124,42,43,46
776,354,45,48,49
893,93,48,49,53
77,495,47,44,49
1071,477,51,52,56
111,489,49,45,49
808,471,144,141,141
809,47,54,51,56
748,335,46,46,50
798,37,53,50,56
861,443,46,48,50
507,462,143,141,149
95,365,43,39,43
926,190,45,46,49
210,381,43,44,48
326,342,40,42,46
616,368,44,44,47
762,5,50,49,50
1098,295,239,235,252
509,493,117,109,73
1035,486,48,49,51
1186,372,239,237,250
410,131,40,40,42
1166,156,236,235,251
1199,455,234,236,252
779,342,44,45,46
641,29,51,49,52
336,57,31,23,29
242,43,43,29,39
1143,41,231,232,245
825,497,161,160,157
250,143,36,27,28
416,421,45,43,47
1044,256,46,50,51
989,21,117,87,68
663,256,45,45,50
1010,276,48,47,50
140,219,195,192,213
138,115,97,75,91
877,23,101,99,95
162,8,150,134,159
852,118,48,47,50
1034,53,141,124,104
570,305,45,42,46
1167,491,234,230,246
327,169,42,41,40
1157,348,234,230,250
620,71,45,44,47
383,337,41,45,45
720,18,174,114,76
1133,441,229,224,241
923,19,100,69,60
854,390,49,46,51
321,414,46,45,47
777,263,240,238,255
597,233,234,235,255
246,206,96,95,95
260,430,57,56,50
831,237,155,144,135
913,228,237,236,254
618,369,42,43,47
697,178,50,49,53
756,92,48,47,51
401,42,30,28,24
66,311,30,33,36
582,451,153,149,154
442,225,232,230,250
1073,161,51,54,56
652,74,45,46,48
777,7,49,48,51
968,64,57,55,58
251,168,190,186,203
991,107,45,48,53
1036,160,48,47,53
548,479,137,129,138
3,235,33,27,29
117,76,150,129,150
990,476,46,49,53
130,336,39,36,38
1069,85,70,65,63
790,459,48,50,51
527,100,45,46,45
389,38,35,29,31
249,219,189,185,207
821,342,44,46,52
520,306,42,43,46
477,89,42,42,43
760,236,240,240,255
112,56,151,134,155
445,347,42,45,47
763,221,87,92,136
630,404,42,45,45
202,344,42,43,42
1180,388,238,236,250
507,218,217,215,235
712,79,47,46,49
1102,35,241,240,255
378,235,210,212,233
878,50,103,99,94
112,212,213,210,235
1135,60,230,228,245
1165,59,237,233,252
196,33,187,148,164
106,27,103,95,109
1176,443,235,233,248
596,401,41,45,45
346,171,66,60,70
291,59,40,34,39
373,184,198,199,218
815,411,91,78,99
1069,370,53,52,55
56,350,40,40,43
755,246,237,238,255
261,21,36,34,35
582,484,152,144,138
623,263,42,45,46
933,155,43,48,49
253,107,34,29,32
1028,341,50,48,52
160,63,138,125,145
506,224,220,218,237
1129,199,229,227,242
178,210,120,108,117
1145,42,233,230,248
102,287,36,33,36
386,182,51,47,53
822,488,159,157,164
24,434,44,48,51
1180,408,238,235,254
468,155,47,43,48
171,200,73,56,75
595,288,43,47,48
41,323,35,38,40
1010,166,50,48,51
597,431,43,44,48
360,56,30,25,26
644,485,140,141,151
38,352,45,42,50
569,234,234,233,255
758,116,44,48,50
1162,360,234,234,249
519,419,41,45,45
796,357,43,43,49
883,377,45,44,48
743,40,51,50,52
227,112,36,33,40
480,306,48,47,52
744,138,48,48,52
392,171,41,42,46
929,169,44,46,52
629,447,191,197,217
29,145,162,26,34
58,389,46,46,46
1098,146,243,242,255
123,22,23,29,27
862,75,49,48,50
1117,154,234,232,247
732,0,48,50,53
260,20,38,33,35
535,451,157,152,163
358,455,89,70,57
951,47,117,91,67
287,333,43,45,45
980,121,50,48,52
439,263,232,234,255
259,365,44,45,47
758,28,50,49,52
411,61,35,31,32
1061,346,50,49,54
259,313,41,42,46
1123,66,227,227,242
577,23,53,50,53
802,73,46,47,50
393,206,208,212,227
316,187,191,189,209
411,133,41,42,43
1171,50,238,237,251
735,86,47,45,48
811,357,44,45,48
187,18,156,27,37
682,228,237,238,255
514,412,41,43,46
667,459,85,67,52
574,315,43,44,49
339,363,44,43,48
279,331,43,42,48
183,400,43,44,47
502,19,78,59,50
979,182,48,46,53
344,94,29,27,27
319,86,27,28,25
707,328,44,45,51
1064,176,49,50,56
1050,17,77,66,63
1020,329,50,48,53
697,134,46,46,46
916,477,52,48,55
751,128,51,46,49
911,440,52,47,53
293,97,30,27,24
1058,237,46,49,55
770,496,165,162,178
183,83,40,28,33
337,187,194,192,211
1081,484,56,54,58
131,172,150,145,160
71,402,45,43,48
153,330,39,39,42
912,199,47,50,50
900,468,45,47,50
170,14,161,142,165
700,370,43,44,47
256,488,81,71,52
290,4,120,117,141
594,485,188,182,189
782,36,48,51,53
106,384,43,42,46
326,384,43,42,44
1132,95,228,226,238
328,112,30,28,29
886,112,48,49,50
273,97,37,25,30
262,253,197,197,218
725,61,50,44,51
58,83,139,130,136
96,375,42,40,42
50,225,31,33,32
681,495,110,83,62
173,418,47,44,47
436,494,166,169,184
644,434,45,45,49
225,281,208,206,229
662,283,44,44,50
511,252,223,223,244
711,194,242,237,255
1141,453,231,228,245
373,425,45,43,45
10,340,45,42,46
39,342,39,38,40
845,333,48,48,52
711,238,242,239,255
835,189,46,45,53
400,66,33,29,33
831,374,46,46,51
476,472,184,184,199
320,418,40,43,45
10,9,222,221,248
1048,296,83,62,71
179,42,179,162,185
57,458,53,49,53
938,233,48,48,51
107,433,56,52,50
829,399,49,48,53
266,404,44,44,46
582,157,45,44,47
810,494,159,159,170
202,493,46,46,48
707,121,45,45,48
573,485,162,154,155
95,110,156,29,38
1108,421,236,235,249
959,190,47,47,53
707,359,47,45,50
137,74,164,146,168
108,167,115,102,125
226,462,64,63,51
710,28,127,89,64
138,391,41,42,45
1143,63,231,229,244
334,269,64,55,80
737,276,46,47,50
665,431,44,45,48
406,118,41,39,39
536,414,41,41,46
924,395,47,45,49
269,423,40,44,47
681,377,41,44,48
592,377,38,42,45
496,458,157,156,164
508,444,162,162,174
547,346,42,42,46
924,22,161,110,79
530,315,42,44,48
1096,127,237,236,255
334,491,139,138,150
213,445,48,49,49
1185,6,243,236,253
1146,113,233,229,247
946,400,44,44,48
775,378,45,46,50
156,214,197,191,214
724,215,241,243,255
83,90,155,25,33
125,284,44,37,41
20,30,224,223,248
787,156,47,46,51
775,232,232,236,255
178,11,166,145,171
223,414,44,44,46
781,334,43,44,46
617,75,43,44,48
459,47,42,39,44
718,138,46,45,49
189,211,51,37,49
1026,393,45,47,50
127,139,37,30,36
118,486,45,47,50
522,428,44,41,44
949,107,49,49,53
1101,273,236,233,251
719,445,48,45,49
1065,314,50,51,57
848,434,45,47,49
565,27,52,48,50
629,251,48,49,50
942,357,46,45,49
397,36,40,34,32
572,129,47,44,47
924,238,47,50,53
370,461,115,94,106
261,441,58,54,50
767,115,47,44,51
677,89,47,48,48
753,61,44,47,50
1091,390,247,247,255
902,151,46,48,53
462,136,42,44,43
758,371,45,43,49
1048,70,108,96,77
817,247,242,240,255
1094,270,238,237,255
811,175,47,47,52
1153,187,235,233,249
690,417,43,45,48
624,166,48,45,50
146,0,30,27,29
656,378,46,44,43
1059,235,44,49,55
269,439,64,61,52
432,277,55,51,54
375,178,199,198,220
18,30,225,222,248
651,143,46,45,49
804,299,46,47,51
994,215,48,48,51
109,269,41,39,40
946,399,44,44,50
321,429,62,62,51
502,78,43,44,44
206,63,36,28,30
1000,216,47,47,53
1179,368,238,235,252
388,433,102,100,77
811,305,46,45,49
1113,111,237,230,248
804,347,46,47,49
1097,483,240,235,253
896,456,48,48,49
1051,423,50,48,52
827,455,44,45,46
1155,491,234,232,244
822,331,47,47,52
602,302,43,44,49
86,488,46,50,48
384,77,31,30,28
904,441,50,49,69
971,485,45,47,51
700,343,43,44,47
226,389,43,43,49
367,465,63,56,51
932,114,50,46,50
284,499,55,50,48
450,444,133,128,137
11,6,226,224,247
77,84,151,23,32
1149,441,235,231,245
800,125,46,47,49
159,421,65,63,60
380,241,217,214,237
735,87,49,47,48
524,180,219,219,241
566,86,46,42,45
710,484,141,128,128
692,325,44,45,49
1144,239,233,232,246
307,100,29,25,26
717,470,150,144,150
356,295,44,44,46
677,212,129,131,120
386,13,36,28,31
505,377,40,43,45
760,451,46,47,49
112,140,41,31,35
1166,249,238,235,254
758,70,46,46,48
19,239,35,31,33
997,335,47,45,52
389,388,41,43,47
1103,456,235,233,250
761,371,44,44,48
1018,488,47,46,52
893,175,44,48,53
458,263,236,235,255
60,152,193,149,166
440,41,41,35,40
822,410,123,123,112
100,408,44,45,46
761,478,157,149,155
66,464,47,48,49
86,175,210,200,225
67,21,40,34,32
216,148,30,27,29
444,255,227,228,243
861,159,51,47,52
921,410,47,46,48
229,486,55,53,53
1089,217,170,176,249
360,497,64,58,53
33,191,81,83,93
449,283,49,49,54
447,301,42,45,47
255,423,45,49,46
800,12,49,50,54
230,433,52,47,51
542,219,229,227,247
305,233,194,191,211
686,475,114,86,62
1159,300,237,232,247
645,258,45,43,49
565,386,40,43,44
1092,45,195,195,169
258,154,30,28,27
218,425,49,46,48
1159,186,233,234,251
748,271,48,47,51
620,176,46,47,52
771,484,160,154,164
631,488,147,142,133
142,84,153,138,157
547,178,208,204,219
24,195,102,102,102
839,212,55,55,58
1048,132,45,49,54
629,107,42,47,50
286,484,63,64,58
1135,369,232,230,244
887,168,48,47,50
250,373,46,42,47
1076,352,245,245,255
1067,212,49,50,54
501,288,45,45,47
296,137,33,29,29
590,379,41,44,45
359,394,41,43,42
1050,1,104,84,115
365,24,38,26,30
418,125,40,41,45
1050,35,72,64,62
723,33,185,118,73
224,245,195,193,215
265,221,190,189,208
655,455,60,57,53
878,19,99,97,94
179,126,150,154,173
51,155,164,31,42
1011,165,50,47,52
756,414,48,43,50
388,167,43,42,44
908,183,48,46,53
1151,286,231,231,249
589,239,238,235,255
749,41,53,49,53
623,455,141,142,171
28,340,41,39,45
688,120,49,46,48
714,259,123,127,156
18,118,149,23,32
563,470,141,135,134
321,53,32,26,30
1047,300,50,52,57
203,371,42,42,45
405,124,44,41,42
108,497,44,47,50
361,372,42,43,47
304,456,111,110,77
1160,222,236,234,249
570,291,44,43,46
1031,388,46,48,53
375,63,31,28,27
717,58,45,46,52
920,171,47,47,49
127,34,126,119,139
527,483,112,105,92
113,325,40,35,38
180,111,122,122,136
1162,283,236,233,251
603,31,41,46,48
73,276,39,29,31
968,8,111,79,63
1108,405,239,237,254
1119,141,230,229,245
293,101,31,27,30
249,71,39,42,48
319,491,48,49,49
715,358,42,46,49
1024,414,49,50,53
1022,347,45,44,53
1007,186,48,47,52
285,207,142,138,148
1108,318,236,234,251
1098,393,246,245,255
133,382,45,40,46
580,254,233,234,255
1088,342,152,149,84
658,454,63,56,50
937,186,46,48,51
881,140,45,47,49
1091,110,65,66,70
340,471,138,136,149
190,497,48,47,49
65,449,46,48,50
90,429,48,49,51
748,323,46,47,49
455,255,75,63,73
861,413,50,49,53
473,188,52,50,55
674,478,107,81,59
959,490,47,49,52
535,174,49,48,50
1136,437,226,223,239
1163,455,235,234,251
66,285,34,29,32
596,11,53,49,50
601,370,42,45,46
934,313,46,45,49
376,10,37,33,29
157,50,138,122,143
38,267,39,30,33
1084,229,58,58,63
601,405,42,43,44
1137,165,232,229,246
228,189,186,183,202
593,371,42,41,45
453,140,41,44,44
986,319,44,44,48
814,208,54,55,59
1135,323,230,229,241
1019,88,54,55,55
505,357,41,45,46
1022,203,50,50,51
162,302,37,39,43
540,449,141,138,149
394,138,40,40,43
599,306,43,46,45
552,478,144,138,146
674,13,49,48,51
596,473,140,134,119
406,293,44,45,46
788,186,49,46,52
95,81,171,126,148
489,81,42,41,43
844,222,241,239,255
990,192,47,47,53
394,428,47,43,49
204,199,189,185,205
1010,139,48,51,53
528,431,46,44,46
782,352,45,45,50
316,472,118,114,106
956,332,48,45,50
795,226,240,238,255
433,403,44,47,48
388,255,218,218,241
666,273,49,43,48
500,476,104,97,70
995,337,49,46,52
169,364,41,41,45
1172,186,239,233,251
47,189,114,72,71
1181,90,240,237,252
256,129,31,26,25
233,284,146,146,180
815,55,50,48,50
910,93,46,50,52
1014,359,46,47,53
485,356,42,42,44
838,354,45,47,49
585,461,126,118,105
964,399,50,49,50
558,434,45,44,49
878,275,50,47,53
619,257,51,50,54
628,182,238,234,255
415,406,46,50,58
298,236,188,188,204
338,459,109,104,95
999,143,46,47,49
287,26,147,150,168
487,397,43,42,45
197,338,43,44,44
796,318,44,44,48
913,71,56,56,58
512,451,155,151,166
572,266,232,233,255
205,141,37,32,33
546,169,47,48,48
334,420,44,42,43
97,65,130,113,133
360,119,31,31,33
737,10,50,49,51
747,8,51,51,54
391,341,45,43,46
167,69,131,119,138
1154,360,237,233,249
207,187,191,185,203
504,110,17,19,16
209,366,41,43,45
230,427,49,46,46
233,142,31,30,30
174,8,165,144,166
477,40,80,60,50
392,35,43,36,34
165,424,46,49,49
858,354,45,49,52
977,484,47,46,53
620,333,44,43,47
690,321,45,45,48
463,250,64,57,72
1091,375,245,243,255
722,204,240,238,255
357,345,40,43,47
38,154,165,29,39
869,78,44,48,49
21,78,112,105,117
1129,253,227,228,244
1185,194,238,235,253
144,358,41,40,41
1191,289,239,237,253
1120,447,230,227,246
594,283,44,44,46
422,93,40,39,41
878,424,88,74,57
1122,122,229,226,243
756,165,46,46,51
303,162,39,37,40
556,194,228,226,251
1069,130,49,50,55
959,238,48,45,51
937,59,107,103,99
418,268,225,223,247
69,313,37,34,35
1112,431,232,227,245
621,492,113,108,95
216,281,206,204,227
975,473,46,46,50
152,237,190,187,197
323,40,38,31,29
94,157,37,25,31
617,456,189,197,212
480,110,40,45,45
289,442,75,73,54
1194,290,238,236,253
870,215,49,52,53
128,349,38,39,39
398,233,215,214,237
526,20,63,42,31
1143,285,230,228,244
670,18,42,48,51
277,150,28,29,31
1136,389,230,229,244
460,207,96,85,108
591,319,40,43,47
1069,181,52,51,54
506,51,46,43,45
106,422,126,88,95
115,373,39,42,42
474,329,51,52,56
391,477,53,52,49
1115,364,234,229,249
645,244,46,46,46
928,283,50,48,51
197,238,195,191,213
220,451,44,46,51
257,374,45,42,45
342,466,139,136,133
774,435,48,48,52
813,241,182,181,187
596,61,49,45,48
325,25,39,38,40
1013,320,47,48,50
477,320,48,49,52
1108,451,229,228,246
168,325,39,41,42
490,325,45,43,45
1195,379,240,236,253
603,365,41,42,45
213,220,188,184,203
359,266,213,214,235
630,53,47,47,51
762,345,42,44,47
950,16,110,76,64
118,469,46,47,49
693,118,48,43,50
984,409,47,47,51
870,405,43,46,50
243,212,55,47,53
625,99,42,45,47
23,198,111,108,117
294,334,45,42,48
1172,433,236,234,248
203,417,44,44,47
916,87,42,48,52
733,254,244,241,255
412,364,44,44,47
1132,17,233,229,243
1106,361,237,236,253
379,80,33,28,29
361,449,66,53,52
599,320,42,43,46
372,337,43,45,47
779,368,44,44,48
117,347,35,37,38
971,30,97,73,60
959,158,49,48,50
555,299,43,42,47
549,414,43,41,44
783,253,244,239,255
64,483,55,56,52
708,197,239,238,255
711,240,239,238,255
720,189,240,235,255
202,309,42,41,42
1059,44,110,110,115
694,471,120,96,67
54,213,118,112,118
1138,72,227,227,244
176,203,189,184,204
425,494,77,77,83
1094,376,244,244,255
1193,253,237,236,254
208,301,40,42,47
426,121,44,41,47
130,188,220,219,241
555,426,40,42,44
599,141,47,45,46
688,35,48,48,53
642,22,50,47,53
472,222,72,60,78
688,78,47,46,49
1007,145,50,48,51
70,88,151,24,33
672,336,43,45,46
955,91,48,48,50
612,381,43,42,44
1148,9,235,231,249
914,240,241,239,255
684,423,43,44,45
560,278,45,46,50
1159,288,235,234,251
1007,363,45,48,48
178,317,38,39,39
215,447,47,49,47
952,18,109,77,64
902,26,100,94,85
185,22,157,28,37
183,336,39,41,42
611,364,42,45,44
37,456,51,49,51
1197,429,236,234,249
1135,347,228,228,243
60,374,41,43,48
971,352,47,47,51
672,406,43,43,47
363,58,34,25,25
864,136,48,46,51
788,323,48,45,49
1,58,22,22,22
414,105,41,37,42
625,40,39,45,47
637,33,50,46,51
229,135,33,26,30
1145,398,232,232,243
475,244,48,49,55
473,174,44,45,51
274,35,115,116,133
1148,235,232,230,246
466,322,41,41,50
214,82,115,115,130
1063,320,50,50,53
431,187,219,220,238
243,151,28,26,27
1016,481,46,50,52
450,371,47,47,55
258,312,41,43,48
532,317,43,44,47
466,154,45,44,46
349,424,41,45,46
368,28,36,25,25
162,132,119,120,137
115,78,142,125,146
942,359,48,47,50
356,66,29,24,27
15,363,46,44,46
3,161,172,30,38
851,396,42,43,48
712,458,128,110,86
1177,360,238,236,249
755,185,47,49,52
235,140,33,28,33
426,215,226,223,243
790,473,165,161,161
1155,152,235,231,251
483,9,71,55,46
594,23,46,49,50
1156,56,236,235,251
1076,437,56,56,59
579,96,43,45,47
224,194,187,184,200
1069,380,53,53,57
988,16,119,89,66
226,183,187,184,204
153,48,137,120,138
65,379,45,42,50
807,21,50,51,54
280,331,42,43,46
991,62,106,87,74
370,141,39,36,40
346,411,40,43,43
882,447,48,48,50
893,19,85,76,69
352,21,37,29,30
892,276,49,49,52
1164,499,235,232,248
1040,130,48,49,52
45,455,48,50,52
734,89,47,46,50
848,287,49,45,51
13,98,135,31,38
605,189,236,232,255
279,330,42,43,46
188,352,45,42,43
934,203,48,47,50
857,15,91,91,86
226,220,182,186,205
99,252,218,214,237
143,338,35,37,39
55,459,49,47,51
474,146,41,44,44
1123,258,229,227,241
172,335,40,40,43
852,233,244,238,255
603,266,46,44,47
1147,191,233,232,245
541,327,43,45,45
1005,492,50,49,52
671,79,41,47,48
511,495,106,96,65
879,62,91,83,70
765,182,50,48,51
564,396,41,42,43
85,191,147,140,160
856,263,239,237,254
1087,74,58,58,64
173,432,105,104,96
736,336,47,44,46
245,463,72,67,52
488,350,40,43,47
739,341,41,43,47
143,488,43,47,48
433,410,50,48,49
817,19,61,61,59
644,133,48,47,44
606,224,228,233,254
471,281,24,22,23
1038,291,115,100,73
1013,94,46,48,54
404,448,64,60,71
922,176,46,46,50
772,242,241,238,255
57,87,194,187,211
218,429,48,45,49
590,320,44,41,47
101,339,34,36,38
647,222,242,237,255
901,127,48,49,51
1084,456,165,165,125
114,382,42,42,46
419,457,151,139,127
1025,357,47,46,52
343,415,46,42,44
153,279,211,210,235
54,120,153,24,34
518,475,109,108,90
235,342,42,44,48
592,32,42,46,47
314,243,94,92,101
248,46,125,125,144
147,395,43,45,45
171,453,51,49,51
316,435,71,71,53
677,412,41,43,45
820,265,49,50,50
58,141,159,29,36
1137,288,228,229,243
598,483,185,184,194
652,33,50,49,51
737,303,45,45,49
971,390,42,47,47
22,280,33,30,31
323,66,31,24,26
441,370,44,47,48
132,203,205,201,224
251,369,44,42,48
385,239,210,212,234
220,199,47,37,53
74,491,50,48,50
383,27,42,33,30
870,353,45,47,48
689,142,46,45,50
79,24,117,107,118
755,328,46,45,48
63,13,232,228,252
280,116,34,27,25
819,342,42,46,48
445,313,44,43,47
515,421,40,43,45
827,252,241,239,255
763,342,47,49,48
1187,44,241,237,252
101,64,129,113,131
62,363,40,43,41
255,418,44,43,46
641,400,46,44,49
1137,123,230,229,244
391,149,40,39,45
220,493,56,56,51
70,308,34,30,34
1078,17,74,67,60
332,264,209,209,231
853,65,50,49,53
40,363,41,42,47
1106,65,233,234,253
780,334,45,44,47
142,15,197,192,214
469,152,47,43,48
713,173,49,46,53
1090,499,240,238,255
709,35,61,54,54
1119,486,227,227,246
641,81,45,48,49
147,411,43,42,45
613,261,47,48,48
1090,184,120,131,213
551,306,44,43,48
986,414,49,46,53
908,65,100,98,95
439,309,44,44,46
901,274,51,53,56
570,414,43,44,46
265,42,201,204,226
856,477,66,59,49
108,46,187,191,203
1056,295,55,55,63
379,177,175,177,196
334,412,40,40,45
190,245,199,196,216
312,0,168,172,191
485,352,42,41,47
796,171,44,44,51
333,328,45,42,45
622,363,48,43,48
389,403,48,42,48
740,212,242,239,255
1197,299,239,236,253
506,382,41,43,42
901,24,101,93,85
161,179,199,198,221
172,445,50,48,53
608,104,41,46,46
258,443,49,50,49
448,47,37,37,39
1106,327,234,234,250
730,58,46,47,50
1160,189,235,234,249
388,69,30,25,27
384,441,195,201,223
405,105,41,37,40
280,184,195,188,209
507,128,44,41,43
926,342,50,48,53
1100,472,233,232,250
757,405,161,158,187
352,236,199,203,220
1102,108,239,235,252
62,58,119,112,123
371,119,33,33,36
606,109,42,44,45
452,89,43,42,43
400,462,54,54,55
247,329,42,45,46
40,196,48,45,56
972,435,49,45,49
884,152,44,49,49
573,412,45,41,46
893,253,242,239,255
1053,38,106,101,93
873,334,48,44,50
438,81,39,41,40
649,298,47,45,46
175,293,38,38,41
575,187,234,232,254
940,487,50,51,51
540,64,42,42,48
232,463,81,77,58
598,81,43,44,47
102,463,64,59,58
0,436,52,52,52
151,39,134,119,139
226,344,44,43,44
276,438,70,69,50
1187,423,237,234,252
711,373,46,44,46
390,8,37,30,28
1022,479,52,49,52
13,211,30,29,31
1009,469,51,48,52
1085,101,62,64,67
1175,31,239,237,253
1145,79,234,230,247
525,272,46,46,49
1148,499,231,227,243
857,303,45,46,52
529,251,226,227,249
2,345,42,43,46
495,19,76,58,48
792,319,46,42,49
770,95,47,45,49
844,143,49,49,52
1025,263,47,47,52
736,445,44,45,51
928,27,93,65,60
188,18,156,29,38
194,331,38,42,45
345,226,204,203,223
785,6,47,50,52
1120,18,230,227,247
926,9,196,172,141
1050,292,126,118,160
64,456,50,49,54
87,159,35,22,26
464,34,77,57,47
1158,100,237,233,249
135,331,36,36,40
879,297,45,47,51
145,44,128,114,134
596,161,42,45,48
1178,229,238,236,251
612,459,156,156,173
136,156,233,230,255
753,57,49,46,50
890,164,49,48,49
27,495,67,61,54
34,72,114,104,112
48,285,37,32,32
893,80,46,48,52
644,138,45,46,50
156,146,186,187,206
573,398,44,43,47
253,490,80,71,56
891,354,43,47,48
834,147,45,47,53
397,301,45,45,46
484,74,42,42,44
144,262,211,210,235
796,365,47,47,49
23,157,170,26,37
421,313,44,45,48
123,255,216,213,236
557,354,44,43,46
232,123,33,29,32
1042,283,231,235,255
223,393,42,43,47
1081,307,56,55,56
609,490,181,180,192
546,255,227,228,253
759,393,42,45,48
442,329,43,43,45
666,198,237,233,255
123,104,161,34,39
247,287,46,47,49
28,345,44,41,43
1070,3,106,81,65
508,267,107,114,136
1067,13,100,78,63
1071,314,58,56,57
744,325,48,48,53
137,337,39,34,38
708,368,46,46,48
677,282,45,47,47
27,351,39,45,44
628,376,45,44,45
433,272,229,230,251
13,182,85,75,84
1091,445,239,237,254
136,311,37,34,36
753,208,240,237,255
358,490,66,65,55
320,363,43,43,46
901,121,46,47,50
436,80,40,38,41
868,152,47,47,49
816,316,48,49,49
401,282,39,46,48
337,230,200,200,222
528,420,43,44,46
737,80,43,44,50
757,496,163,160,164
429,407,41,44,48
691,428,44,43,47
1092,61,128,130,207
1123,400,232,228,247
731,125,44,48,52
206,179,191,188,209
254,158,31,29,32
977,281,49,47,53
975,253,47,47,50
745,24,51,50,53
476,141,45,42,47
211,40,195,178,200
671,316,47,45,50
1058,149,48,50,54
392,359,45,43,46
860,426,58,53,79
538,359,44,43,45
467,378,48,45,51
984,201,45,47,50
544,177,102,100,104
1068,25,100,92,82
600,499,167,168,174
168,122,124,126,143
296,130,29,29,28
1174,121,239,236,254
884,371,48,45,49
318,193,191,190,212
962,153,47,50,53
1015,195,45,48,51
987,351,48,45,51
1196,133,239,237,255
874,349,45,46,50
127,339,38,36,40
591,229,238,235,255
905,341,47,42,50
441,153,48,44,46
388,252,212,214,236
792,250,244,240,255
381,89,34,30,35
1116,414,235,231,246
681,466,109,84,57
389,121,37,37,40
440,221,213,206,223
404,92,37,35,37
454,307,46,47,50
35,224,34,30,31
681,334,49,47,51
175,115,124,125,142
357,498,63,57,53
1174,280,237,233,251
819,269,49,48,50
810,73,49,48,53
1042,134,48,49,52
1194,13,238,236,254
989,226,48,46,50
426,202,222,222,243
477,219,134,134,154
967,204,43,46,52
859,33,93,92,86
1177,119,238,238,254
428,195,222,222,244
1190,182,238,236,255
1065,335,51,51,52
34,456,52,50,50
699,446,43,46,48
758,328,50,47,49
376,81,32,28,29
933,119,48,48,50
677,340,43,41,46
357,89,35,26,30
1034,190,54,50,55
136,411,45,43,47
261,328,39,46,45
34,384,47,43,47
1127,351,228,225,242
300,258,204,201,218
989,405,48,47,51
769,321,46,47,54
497,413,37,42,45
859,470,47,47,51
217,146,32,29,30
554,236,232,229,253
120,441,48,51,54
742,374,44,44,49
341,425,44,44,46
145,348,43,40,42
357,467,61,54,50
130,259,214,210,235
666,106,41,45,47
1187,333,240,240,252
423,269,228,226,251
409,264,228,227,247
385,225,211,210,232
304,55,33,33,35
314,296,40,43,48
281,164,186,184,198
290,79,37,27,31
663,91,47,44,47
7,83,126,119,127
175,118,118,120,135
498,268,54,50,64
116,407,45,43,46
718,74,43,46,47
1128,328,228,226,237
766,447,47,46,51
913,149,45,49,51
457,148,46,43,46
477,197,221,219,241
115,195,219,221,247
808,411,137,141,180
3,135,161,24,36
480,70,36,44,45
498,204,193,194,219
891,363,44,45,51
420,133,45,41,44
6,338,45,40,45
252,87,41,42,46
566,110,42,43,45
387,121,39,37,39
819,17,65,64,59
761,419,40,45,49
493,287,46,47,49
961,308,44,47,47
349,235,60,56,61
4,16,163,162,181
791,377,44,44,48
342,488,68,61,56
541,371,44,42,45
965,448,56,47,49
215,365,42,43,50
477,297,56,58,61
1055,354,52,48,52
390,105,39,35,40
541,114,45,44,48
475,320,56,52,53
1126,414,228,226,243
1047,499,51,51,55
791,386,41,43,47
1107,406,239,239,253
330,140,28,28,33
959,206,46,49,53
855,425,47,47,52
361,420,41,43,44
575,490,137,128,108
355,138,35,36,35
47,209,87,89,97
966,77,65,59,60
210,387,40,43,45
387,7,39,32,27
982,86,50,47,53
558,145,41,43,47
482,92,44,43,46
599,448,171,173,192
115,185,164,180,200
1110,56,234,230,249
407,329,44,44,44
95,485,46,47,51
1020,139,46,47,53
977,346,49,47,51
511,295,46,44,47
453,187,99,96,102
1010,67,58,55,56
507,132,47,43,46
1090,304,240,242,229
25,466,50,49,50
590,498,115,112,98
781,192,44,48,49
1115,431,230,228,244
415,284,46,45,51
356,108,29,33,31
1096,468,234,234,252
902,40,90,83,77
883,488,173,163,118
6,384,46,45,47
680,325,43,44,46
283,133,33,28,28
441,428,19,17,16
289,90,35,28,28
39,472,50,46,50
1168,170,240,236,253
12,381,46,43,49
435,222,224,224,249
724,357,43,46,47
51,83,189,187,207
1049,401,46,48,51
210,326,40,41,47
1032,218,48,49,52
370,419,47,44,46
1027,382,48,46,53
625,66,46,44,47
1147,101,236,233,247
332,453,70,68,53
235,179,191,186,207
279,461,105,104,77
772,231,241,237,255
1111,458,232,230,246
203,153,33,27,31
42,40,69,66,78
731,103,46,45,46
1030,383,46,47,50
380,332,43,44,45
406,171,45,44,45
1195,111,238,238,254
826,31,69,69,60
756,304,43,43,49
249,262,202,201,221
373,376,41,45,45
797,484,164,157,172
925,370,46,47,48
427,71,36,38,38
211,142,35,27,29
521,51,33,29,32
1095,132,238,237,255
1009,189,49,48,54
426,387,48,43,50
1151,94,235,233,252
335,435,92,87,57
190,139,37,37,39
285,227,190,189,208
218,372,44,44,44
554,242,230,232,252
1107,116,234,233,251
580,487,175,165,174
381,216,205,203,224
632,136,46,45,46
56,162,167,26,36
751,133,47,47,50
473,143,42,45,47
600,476,167,167,171
560,169,47,45,49
595,297,43,47,48
152,46,135,120,140
222,408,44,44,48
752,447,47,45,48
213,345,42,44,48
22,309,38,35,37
634,418,40,44,44
250,65,45,45,51
802,239,242,238,255
782,160,45,47,50
927,144,48,46,53
779,378,41,45,48
402,180,46,45,49
29,16,227,224,247
709,415,39,46,47
327,48,30,26,28
285,27,150,150,164
297,389,43,43,46
149,359,41,39,42
41,456,49,48,49
447,372,64,63,66
1002,354,47,46,52
719,76,48,46,48
754,473,154,155,161
170,87,41,32,33
1117,15,234,229,249
398,98,34,36,40
552,388,42,43,46
696,424,42,44,49
54,51,113,103,113
326,302,40,44,46
707,81,44,46,49
53,249,34,26,31
746,170,45,49,51
16,165,173,34,38
824,92,43,46,49
482,188,54,49,55
658,115,44,43,49
706,175,47,49,51
225,466,61,61,52
618,415,43,44,47
31,216,32,29,30
956,438,125,116,88
418,251,228,226,250
1116,401,230,230,246
1085,46,58,56,63
601,303,41,43,46
142,487,48,49,50
557,273,50,47,51
918,199,48,49,50
1032,389,48,47,52
1050,218,51,49,51
196,105,105,107,123
101,209,224,222,250
534,263,226,224,249
486,12,88,63,50
910,397,46,45,49
381,462,120,112,133
922,280,46,46,51
304,13,64,56,77
893,366,45,48,50
739,60,47,47,50
63,259,36,34,34
573,359,43,43,45
848,326,42,47,47
786,339,44,45,48
566,250,231,230,255
165,373,43,41,45
206,413,43,42,45
533,352,46,42,46
980,487,44,47,50
341,345,46,42,48
52,64,119,110,116
8,238,35,26,29
587,242,238,234,255
95,123,163,46,48
49,328,39,36,41
856,254,242,240,255
1,1,227,223,246
1096,51,236,233,239
1171,431,237,236,252
412,25,41,35,33
1177,385,238,234,251
537,35,46,42,47
542,465,138,135,144
652,29,51,49,51
569,70,45,44,49
999,347,46,48,53
4,451,50,50,51
16,466,51,51,52
652,375,37,45,41
14,271,34,31,35
1158,458,236,233,250
388,46,30,27,28
48,383,47,45,47
1196,408,242,238,255
222,217,190,187,205
422,346,43,41,45
1142,241,232,231,247
1043,436,50,46,51
381,478,54,53,53
885,465,48,48,52
98,341,36,35,35
189,385,45,43,47
680,378,36,45,45
393,431,48,48,47
889,108,48,47,50
851,81,46,46,52
642,35,48,47,50
715,284,41,44,49
532,348,42,41,46
952,97,45,49,52
106,187,216,223,250
637,164,46,49,49
136,220,195,192,215
1104,168,242,239,255
198,97,120,118,134
418,302,46,45,48
7,189,112,110,114
232,333,47,45,46
1139,162,230,228,245
587,466,126,119,110
130,5,132,119,142
83,31,117,108,113
890,34,110,104,102
268,455,65,60,48
427,212,222,223,241
592,233,234,236,255
1116,385,233,232,249
152,112,33,28,30
574,325,43,42,47
65,20,81,82,84
811,494,164,160,169
951,31,84,65,58
512,270,50,50,52
1022,192,46,47,50
336,346,43,43,46
215,429,48,45,48
222,290,42,44,46
514,486,113,103,72
302,206,74,70,85
289,206,54,46,53
701,467,125,106,76
806,295,49,47,51
1165,275,237,237,254
118,310,38,32,33
41,412,41,43,48
296,279,42,45,47
911,116,49,47,52
443,17,37,36,34
1153,475,232,229,244
1138,264,229,227,244
126,272,216,212,236
622,46,44,44,47
979,163,47,47,51
30,298,33,33,33
274,352,43,44,46
340,65,32,24,28
129,209,202,198,223
592,16,52,52,53
877,129,45,48,49
456,96,43,43,44
218,254,200,198,218
906,52,98,97,94
535,82,43,43,46
521,272,46,46,50
348,431,102,98,62
1043,234,46,49,55
728,320,50,51,50
39,319,40,36,41
50,359,44,43,46
942,336,44,45,49
691,302,47,46,49
1079,27,226,221,203
452,223,227,231,249
583,300,45,46,47
1052,61,109,93,89
425,499,39,40,48
559,118,42,45,47
851,284,43,46,48
967,492,48,48,51
893,427,111,115,69
634,314,42,43,46
15,282,34,31,32
638,258,44,44,49
226,482,54,52,53
654,96,49,48,47
594,50,42,45,49
199,200,190,183,203
385,7,43,31,29
852,126,45,46,50
1030,19,104,81,64
752,227,59,58,61
767,373,47,45,49
878,104,45,48,50
886,446,46,46,50
723,326,45,47,50
533,81,46,44,46
1017,211,51,49,52
233,205,71,60,75
199,127,31,37,42
1070,66,81,70,61
793,266,241,238,255
208,276,209,207,230
415,295,45,44,49
784,385,41,46,49
568,455,137,131,142
388,59,35,27,28
579,216,233,234,255
119,62,159,141,165
408,493,88,80,71
895,330,45,45,50
487,356,44,42,48
349,56,37,24,27
103,429,58,51,54
763,491,164,159,174
577,319,44,44,46
1016,322,46,48,49
440,67,38,37,41
837,314,47,47,52
181,106,116,115,135
568,151,46,42,47
740,298,47,47,51
875,403,46,49,49
1099,484,236,234,252
491,216,201,199,216
937,56,115,109,108
296,460,76,73,54
187,428,48,48,50
708,41,70,57,56
700,50,44,46,48
749,148,44,47,53
815,187,48,47,51
213,156,33,26,28
735,412,43,44,46
984,122,45,46,50
1132,184,230,228,243
907,262,239,239,255
688,112,46,45,48
740,127,47,44,47
611,42,44,43,46
1170,485,232,232,250
1146,422,232,232,247
757,276,48,45,50
110,390,46,43,43
777,172,53,47,51
59,383,43,42,49
1052,388,47,47,54
695,57,41,46,49
1035,219,49,48,54
377,433,145,66,68
1009,133,50,48,55
1025,254,44,48,52
326,492,125,124,141
103,486,48,47,50
188,212,93,88,90
97,92,153,25,35
459,401,52,50,56
942,198,49,48,52
1146,436,232,229,245
202,497,43,46,50
870,200,49,46,52
980,157,45,46,51
815,178,49,47,50
448,423,46,49,54
959,327,45,45,50
393,413,43,43,46
947,24,98,70,61
444,445,123,81,77
24,406,45,42,48
964,300,46,44,48
710,462,135,118,97
702,323,43,44,47
585,238,237,236,255
672,176,51,54,58
1172,389,236,237,254
883,272,56,55,61
563,36,41,44,45
138,240,47,43,47
1072,391,228,222,193
1180,287,239,235,252
57,265,34,26,30
1179,379,240,233,250
1122,36,232,229,246
682,472,109,81,58
984,236,48,48,51
859,421,78,65,54
198,278,207,207,227
133,104,162,33,42
26,432,50,52,52
739,308,43,43,45
386,12,38,28,30
161,436,45,46,52
634,179,237,235,255
387,29,42,35,29
490,27,76,57,48
675,261,47,44,47
663,57,43,46,50
1142,257,231,230,247
524,231,225,223,247
408,214,210,211,234
833,118,47,48,50
1061,413,49,48,52
218,3,171,155,180
735,95,42,46,46
230,475,52,52,50
150,210,175,174,192
465,131,42,42,43
858,141,49,47,50
456,209,205,204,218
862,361,48,47,49
621,206,64,57,68
59,382,44,44,49
691,314,46,45,46
320,459,103,97,71
492,272,48,50,48
54,147,160,34,45
285,57,42,40,48
1036,402,45,48,49
34,448,51,52,53
72,452,50,48,49
487,60,43,42,45
290,387,42,42,49
458,437,180,183,202
791,487,159,152,169
986,134,48,48,54
26,64,153,151,161
1056,485,49,49,55
620,63,44,44,50
1176,426,237,235,252
160,358,45,42,45
966,15,104,77,62
254,258,201,197,216
469,299,23,24,24
696,430,41,43,46
41,403,47,46,50
1085,455,136,121,100
1080,458,244,242,254
414,486,131,128,141
529,313,41,44,47
216,91,144,145,164
1132,469,233,225,242
723,291,44,45,50
767,4,50,50,52
309,28,47,48,52
675,219,227,231,253
949,104,45,48,52
172,37,173,159,180
666,258,46,46,49
1188,409,233,233,253
1174,14,242,236,253
252,196,187,184,203
300,13,133,136,154
841,208,48,50,54
1071,488,51,54,57
446,78,49,43,46
649,471,65,58,57
209,25,177,165,188
403,460,58,54,54
84,254,216,215,236
757,129,46,47,50
227,81,134,133,150
849,453,52,48,50
705,50,49,47,51
526,198,60,58,60
1003,72,60,56,58
92,221,212,213,239
111,208,216,218,246
997,16,128,95,72
181,435,51,49,51
771,238,234,236,244
2,368,47,44,48
1158,204,237,233,251
647,465,169,172,206
711,148,48,46,50
702,338,48,44,49
565,355,44,43,44
411,174,46,42,47
178,184,191,185,210
986,362,47,47,53
988,195,48,47,54
338,197,194,196,214
758,170,48,47,50
383,388,45,44,46
659,252,49,44,50
424,295,48,43,49
1007,271,46,48,52
970,169,47,48,50
36,141,158,26,35
1154,278,232,232,247
948,468,46,48,50
301,461,77,70,50
572,457,125,124,129
134,253,215,210,234
619,486,105,97,94
985,476,47,47,50
926,177,44,45,51
714,285,44,46,47
584,65,46,43,46
684,160,47,47,48
89,402,42,43,47
893,332,41,45,48
191,338,43,44,44
401,244,203,206,220
927,186,43,47,50
100,132,161,30,35
567,335,41,44,45
849,63,48,48,54
283,66,38,37,42
867,95,50,46,50
75,15,41,35,37
626,291,44,45,46
436,190,217,216,240
509,342,44,41,45
657,11,51,48,52
100,121,160,28,34
1049,270,55,51,53
955,49,85,64,60
161,493,45,46,48
90,180,213,206,225
431,81,36,38,40
11,263,42,30,34
747,182,48,48,50
962,328,42,45,47
641,299,42,46,47
800,275,49,49,56
1064,96,50,53,55
851,385,43,44,51
305,214,166,162,175
220,377,45,44,44
175,29,177,158,184
352,346,42,43,47
542,110,41,45,45
1069,184,52,53,54
950,461,45,47,52
763,272,47,50,51
835,210,48,51,55
134,225,195,192,211
216,41,189,151,170
651,250,47,48,49
85,164,41,24,30
1151,58,236,232,249
325,166,41,35,38
429,491,19,19,21
203,211,186,183,204
1158,412,236,233,249
447,276,195,195,230
638,474,175,176,188
93,139,161,30,36
241,419,45,44,47
1059,47,115,109,106
1086,391,247,247,255
387,267,217,215,239
123,269,214,210,236
217,397,40,42,47
397,205,196,199,213
808,304,47,46,48
594,164,44,46,46
15,0,227,225,248
1159,49,238,236,251
366,267,214,213,235
135,191,108,99,126
758,343,44,46,49
902,100,47,45,49
301,443,65,63,53
687,266,44,45,47
144,17,196,195,216
756,483,161,154,149
724,477,154,150,160
562,233,233,233,255
174,135,51,46,56
132,18,184,185,205
818,156,46,46,51
723,211,242,237,255
949,460,48,49,52
523,207,63,61,73
724,113,41,47,48
885,177,47,48,51
361,245,205,211,231
1089,366,245,242,255
696,185,238,237,255
247,112,30,29,33
176,264,208,204,227
1030,442,47,48,52
1164,204,239,235,250
1187,208,243,238,252
890,166,48,46,49
809,323,46,46,50
445,255,229,228,248
679,241,52,53,58
764,182,48,47,49
479,230,30,29,31
341,267,212,213,233
278,155,37,29,33
556,267,232,229,254
778,362,44,44,50
429,249,61,56,65
965,75,67,59,58
950,84,47,48,50
903,126,47,48,51
580,454,159,159,162
29,320,44,39,41
332,55,34,22,26
198,205,187,185,203
1165,253,237,235,250
894,312,47,45,49
708,151,47,45,47
1015,270,49,49,51
188,259,205,201,224
1049,351,45,47,51
55,424,61,57,53
248,498,52,48,49
897,204,50,47,50
619,286,46,43,46
146,332,35,39,39
1076,304,47,51,55
125,142,38,31,36
555,388,39,44,43
55,181,174,34,39
270,29,212,213,233
875,296,46,46,48
363,166,41,41,44
852,169,48,48,51
185,138,32,37,44
249,316,45,44,47
465,181,49,46,50
84,205,243,245,255
643,429,46,45,49
1166,187,237,236,254
261,90,36,32,37
368,96,32,29,33
718,57,43,47,49
405,224,216,215,240
692,244,50,49,52
1151,498,228,229,244
72,400,41,44,47
167,158,39,37,43
408,335,49,42,49
237,495,72,70,53
596,82,40,45,47
73,196,41,34,34
1190,256,237,236,254
452,231,234,231,255
1085,8,241,242,255
132,46,137,118,139
464,89,38,40,45
533,334,39,42,45
635,137,41,46,48
743,463,108,102,99
241,289,44,43,46
1078,435,196,196,238
63,410,46,45,48
354,97,31,27,28
749,357,44,43,50
529,482,106,101,88
756,401,190,196,197
859,43,100,90,84
1168,219,237,234,251
6,303,38,38,37
1087,491,244,238,255
1110,347,236,232,250
881,347,47,45,48
229,336,43,41,47
218,121,35,35,39
468,263,174,174,194
208,145,29,26,28
915,498,175,160,114
979,103,46,47,53
423,323,44,45,49
968,77,65,57,58
466,423,47,45,48
394,35,47,37,32
383,485,95,87,81
1160,71,238,235,247
719,197,242,236,255
494,311,44,45,47
1009,254,46,48,51
485,56,43,42,47
57,485,94,85,76
265,163,137,130,139
866,211,47,47,53
607,336,43,43,46
469,213,161,158,194
361,151,38,39,38
515,290,47,44,48
1066,10,101,78,64
212,496,43,47,47
879,295,45,46,49
286,222,191,190,209
628,262,49,47,49
722,37,65,57,55
967,99,46,48,52
442,481,129,124,130
351,330,43,44,50
943,186,45,48,49
1031,46,98,78,62
388,90,31,32,33
1053,375,50,48,53
196,21,186,167,192
844,425,48,48,50
917,395,43,45,46
675,304,42,44,46
255,378,41,43,45
504,353,44,41,48
950,460,46,49,51
1070,128,50,52,55
947,436,169,166,192
67,494,47,49,51
852,297,46,47,49
876,155,48,47,50
698,413,41,44,47
866,379,42,45,47
964,12,108,76,62
1194,341,238,237,252
537,29,62,54,49
580,321,44,44,45
692,306,43,44,48
297,333,41,45,48
1109,188,235,235,254
877,207,49,49,52
847,69,47,47,52
614,466,136,132,118
382,334,43,43,44
594,330,44,42,47
73,182,98,82,123
878,142,43,49,49
242,73,46,48,54
180,219,194,188,209
122,111,163,28,36
429,281,43,47,47
328,329,44,43,47
534,302,45,44,48
886,98,48,49,52
654,197,238,237,255
519,183,221,220,242
417,253,228,227,248
484,263,209,205,225
509,235,78,71,73
749,140,45,46,48
539,482,155,156,172
159,310,33,37,38
301,333,40,43,46
885,82,46,48,51
1169,278,241,237,251
243,45,95,99,107
439,100,43,42,44
829,90,47,47,49
839,125,46,48,52
235,249,192,191,212
556,364,46,44,46
617,468,170,167,164
532,246,165,157,164
390,334,41,44,45
57,325,34,33,37
917,133,47,47,50
586,189,237,234,255
79,171,202,196,217
133,24,34,30,32
388,241,55,57,63
837,208,49,50,54
857,40,93,88,84
140,492,45,45,48
403,96,39,36,39
909,288,47,46,50
55,128,152,26,33
489,104,43,41,47
228,250,201,198,219
1074,222,112,97,68
9,459,50,49,52
639,226,234,234,255
954,43,109,82,65
386,264,215,216,240
476,54,45,41,43
915,376,44,44,49
42,228,34,30,32
1054,70,109,94,83
893,185,47,46,51
647,388,67,56,49
593,427,44,44,48
1001,220,42,48,53
628,339,43,43,46
662,387,40,46,47
1157,302,237,234,252
390,356,44,44,48
1066,121,52,50,57
586,409,42,42,45
200,22,189,171,193
35,3,227,225,247
736,16,53,51,53
945,371,47,47,51
581,228,234,235,255
1153,391,233,232,247
687,442,47,44,45
78,358,39,41,42
675,367,45,44,47
1053,240,46,50,53
484,90,43,43,46
50,315,35,31,36
989,338,44,46,52
1079,112,57,59,61
1156,235,236,233,248
61,219,121,116,122
429,331,48,45,47
1128,490,227,226,243
1105,190,239,237,255
517,184,222,218,243
1095,309,238,239,255
987,196,46,47,52
788,408,65,60,63
150,349,37,39,41
235,490,66,63,50
924,47,101,96,89
10,291,39,34,38
585,165,43,45,46
310,234,197,194,216
802,248,244,239,255
918,207,46,49,53
689,119,50,46,49
1137,100,227,227,243
344,360,45,47,48
337,203,191,187,209
1052,440,46,46,51
277,99,31,25,26
697,172,48,46,51
757,154,48,47,51
519,179,217,218,239
536,23,72,57,50
816,402,46,45,48
307,2,122,123,149
1090,236,128,116,89
1059,338,48,50,51
697,282,46,45,49
1153,222,233,230,250
131,154,146,139,169
761,364,48,44,48
321,24,42,39,43
313,400,42,43,45
989,17,119,90,66
300,28,52,49,54
941,266,46,44,51
1033,99,49,48,53
548,418,39,42,43
278,153,32,30,33
14,221,33,32,33
529,489,118,111,86
184,252,203,198,218
880,295,49,48,49
670,293,46,47,49
898,55,100,100,95
271,109,30,27,26
714,82,48,48,49
252,477,85,80,64
390,106,35,34,38
481,471,179,180,194
398,88,33,35,33
619,228,237,237,255
184,157,37,36,38
254,130,31,28,29
304,330,45,42,49
1015,89,52,49,53
721,195,237,236,255
1118,9,232,232,249
533,171,47,46,50
502,352,42,42,47
853,332,48,48,51
223,413,42,44,45
425,278,50,50,52
558,27,51,48,51
991,495,47,48,51
664,8,51,53,52
1081,71,59,58,61
1171,5,238,236,252
1082,9,151,148,153
867,360,44,47,50
99,367,39,40,43
1133,171,230,229,247
535,353,42,43,45
852,175,47,46,51
332,292,46,43,45
41,433,56,55,55
519,266,220,223,245
66,279,44,35,39
501,256,219,217,240
697,391,45,43,49
729,20,49,51,53
467,486,128,122,103
1037,390,51,49,54
805,298,46,47,50
462,130,39,44,46
636,413,45,45,46
668,485,106,81,58
410,57,32,31,34
278,182,188,186,203
1139,245,228,229,243
624,63,47,45,49
966,452,54,50,74
453,125,44,41,47
127,428,51,50,53
265,393,42,45,46
587,458,117,107,97
204,29,163,42,65
676,37,49,47,49
1108,354,236,233,253
213,110,41,38,45
929,111,44,48,51
490,265,211,211,233
402,137,42,41,41
245,86,45,48,52
215,335,41,45,43
671,462,100,76,51
467,481,178,180,200
198,294,38,38,42
311,218,193,191,210
439,196,224,222,245
1038,143,46,49,52
597,166,44,44,49
1168,19,238,236,253
1143,489,231,229,248
263,450,54,54,53
76,310,36,35,37
650,480,89,68,55
650,405,46,44,46
38,476,49,48,49
406,135,38,39,44
234,370,44,43,44
160,423,90,89,90
849,43,101,86,69
506,340,42,42,46
671,377,45,41,45
663,336,45,44,47
460,271,237,237,255
887,473,48,49,51
153,473,47,48,49
1175,48,240,235,253
805,205,52,49,54
471,155,46,45,46
218,462,52,47,51
255,382,41,44,45
32,36,229,228,251
897,132,45,47,49
1022,486,47,49,53
879,194,45,47,52
485,351,44,44,46
975,49,86,66,59
607,65,46,46,49
59,57,120,112,119
713,204,243,239,255
1083,193,236,239,253
942,107,49,47,51
431,207,162,164,181
1155,471,232,230,245
931,26,86,66,59
210,56,39,31,36
303,379,43,41,46
344,332,43,42,47
221,496,50,50,49
1073,260,56,53,58
1054,41,113,105,102
534,322,40,44,45
1068,213,55,54,56
628,457,179,179,194
1198,446,234,232,248
454,463,183,187,208
266,39,214,215,235
386,337,43,43,49
27,339,42,40,45
42,136,154,25,36
922,473,43,48,51
1192,457,237,234,253
421,68,40,36,37
40,22,63,62,67
109,260,214,209,233
1195,471,236,234,252
93,452,48,46,51
413,258,227,227,247
132,121,197,184,206
480,422,45,43,45
769,172,45,48,48
171,476,45,47,51
468,330,54,52,54
362,112,32,30,33
200,242,191,186,207
1042,347,47,48,53
593,261,96,98,134
590,374,40,42,41
806,104,50,47,51
112,389,43,42,47
201,28,162,36,50
256,191,189,185,205
554,69,42,44,46
135,288,36,36,34
1181,26,237,236,253
424,458,162,156,169
1039,256,51,47,53
1120,215,230,231,246
224,311,48,44,46
529,299,44,44,48
814,407,49,45,49
282,333,42,43,47
942,444,45,48,52
12,443,54,53,54
881,91,48,47,52
1026,383,44,48,52
199,224,191,189,211
1078,357,246,244,255
979,16,110,81,63
882,81,50,47,51
767,304,44,42,48
68,361,39,39,42
803,398,45,44,48
866,233,242,240,255
463,454,182,190,208
664,485,103,80,57
813,432,45,47,49
693,336,46,45,49
560,279,46,47,51
564,8,95,82,57
11,26,223,225,247
870,330,44,47,49
654,94,47,46,51
265,161,33,34,37
604,178,48,48,52
126,112,161,31,41
558,263,229,229,255
258,183,188,183,204
6,175,104,102,106
205,435,46,47,51
257,185,187,183,202
724,44,49,47,49
758,125,42,46,50
91,59,72,59,76
370,119,31,32,34
117,310,36,31,35
779,456,47,48,52
1034,329,46,48,50
12,88,135,122,126
366,55,32,21,26
804,185,48,45,50
1089,100,144,151,172
1167,0,239,235,252
1070,24,88,83,77
798,190,45,47,50
185,285,44,43,42
113,47,161,142,166
1145,205,232,231,248
817,20,60,60,59
202,385,42,44,44
372,190,200,199,220
711,473,144,130,135
330,136,31,32,33
578,119,42,42,46
1156,187,234,231,249
187,89,37,32,32
891,5,94,88,76
399,185,205,205,225
636,414,43,43,44
149,269,211,209,232
8,160,171,30,39
991,239,47,47,49
5,101,134,21,29
1133,403,230,228,244
246,196,181,179,200
396,222,206,209,232
528,148,41,46,46
389,214,116,116,132
854,420,48,49,66
378,218,208,208,231
637,17,51,48,50
107,233,196,193,216
634,402,39,43,49
814,51,49,51,51
222,77,108,106,121
24,58,107,93,110
168,239,170,170,173
957,284,45,45,51
42,108,148,25,33
738,305,45,47,47
69,243,39,38,40
444,421,18,22,16
322,113,31,26,30
922,223,45,47,52
895,207,45,45,49
846,14,96,93,86
597,270,45,46,49
560,287,43,43,46
1133,297,230,227,242
516,475,107,106,87
182,125,151,162,168
412,47,36,31,34
545,257,228,228,252
898,125,45,47,51
292,295,39,44,46
459,340,13,20,17
673,114,42,46,49
953,252,43,45,51
495,282,43,47,50
594,423,43,46,46
1111,140,237,234,252
599,158,44,44,48
361,369,43,44,47
1090,407,246,244,254
941,432,143,147,123
1004,357,45,44,52
633,160,47,45,50
477,153,45,44,48
939,215,49,46,50
212,431,46,45,49
494,385,44,42,46
918,442,46,48,52
566,58,45,44,45
173,275,209,209,229
572,335,39,44,42
176,59,164,149,170
1119,53,230,229,247
987,296,48,47,49
885,322,45,47,50
113,22,32,31,33
162,258,209,204,229
1167,167,239,236,251
537,171,44,47,50
57,260,33,29,33
512,441,162,163,182
637,204,239,233,255
834,369,48,45,47
1091,339,240,240,255
806,68,45,49,51
616,102,43,45,46
272,251,196,194,214
1072,390,228,221,194
110,302,35,29,29
1083,480,71,79,60
154,183,206,202,225
882,2,77,68,60
276,356,43,45,46
2,140,161,26,37
194,276,210,206,228
551,474,151,151,157
1171,9,237,235,254
860,415,55,48,48
47,488,90,74,70
1129,293,229,225,243
914,289,48,46,52
904,381,49,46,50
975,447,48,49,53
791,63,48,47,51
1091,469,233,235,255
1022,374,44,48,53
923,21,134,87,65
460,40,57,50,44
156,421,49,50,51
565,180,230,229,254
514,61,58,54,61
619,204,74,63,77
1173,245,236,234,251
5,172,108,107,111
142,190,156,150,176
498,475,106,104,76
427,48,36,33,34
514,119,45,46,50
1152,409,232,232,246
34,267,32,30,33
223,174,193,185,207
1084,354,253,252,255
310,482,90,87,69
866,447,49,48,51
58,242,34,32,32
371,438,175,172,188
942,449,92,82,103
419,322,42,45,48
897,145,46,48,51
933,498,177,159,82
6,96,135,17,32
253,416,40,47,45
456,370,31,33,30
353,5,46,36,36
628,309,44,41,47
955,35,96,73,58
968,193,47,46,54
646,248,44,45,51
130,27,37,36,38
1129,130,225,226,244
136,103,170,91,114
580,203,212,215,245
486,272,53,52,55
85,108,154,26,32
319,157,34,32,35
834,259,242,238,255
409,272,221,224,244
689,385,45,44,49
649,202,241,237,255
898,190,51,47,50
290,440,73,71,56
160,160,38,42,45
361,212,197,196,216
429,343,42,43,45
1107,167,238,237,255
189,192,188,185,206
708,394,48,47,46
1070,285,57,56,68
466,411,44,43,47
502,39,89,63,53
478,417,43,42,45
1179,48,239,237,254
947,76,63,62,60
758,316,45,44,46
309,441,64,60,52
302,468,130,119,91
214,154,29,28,30
406,40,38,29,29
619,303,44,42,47
346,137,36,34,35
638,135,48,45,47
1189,130,239,237,254
410,16,34,27,30
1049,394,51,48,54
245,341,42,43,47
781,430,48,45,51
422,447,161,154,137
387,88,33,32,32
36,461,57,57,54
109,424,131,110,124
491,90,44,42,47
877,120,47,46,52
891,135,46,49,52
789,189,43,48,52
210,467,47,46,48
93,294,38,28,31
1016,374,46,46,52
525,152,45,44,46
799,282,45,47,52
562,107,48,45,50
857,36,97,92,86
926,127,49,47,49
858,35,95,92,85
591,350,42,42,48
469,107,40,43,46
289,244,195,196,216
1041,158,49,50,54
353,457,75,75,53
1028,140,49,48,52
834,356,45,48,51
613,339,44,45,45
246,103,37,33,39
875,449,45,48,50
617,32,46,45,48
1014,240,46,47,50
728,122,45,44,51
1121,98,229,228,243
823,494,153,144,136
587,294,44,44,48
803,157,46,47,49
410,116,35,40,42
165,496,44,45,48
1167,131,237,235,252
751,419,43,48,47
14,26,225,224,248
637,376,42,44,47
731,301,45,46,49
1022,330,45,47,55
317,279,42,44,46
269,342,45,43,47
818,152,48,47,50
826,56,52,54,55
770,345,45,47,49
449,297,43,42,48
185,178,195,188,210
801,93,45,46,52
795,230,237,237,255
207,352,42,43,46
1134,478,232,230,245
244,326,42,43,48
623,173,47,47,49
640,128,46,42,45
417,201,201,202,214
782,188,45,48,53
164,120,101,108,127
512,455,157,157,174
11,493,52,54,53
682,155,43,47,47
246,419,44,45,47
889,254,242,239,255
555,409,40,40,46
314,27,44,43,47
963,444,46,48,51
878,348,42,46,46
986,494,52,48,55
487,355,45,44,48
360,45,33,25,28
16,353,45,43,46
86,310,36,35,35
102,296,35,33,29
382,331,48,45,44
762,442,48,45,49
589,232,237,234,255
750,491,163,156,157
325,85,34,28,28
700,385,44,47,50
859,367,43,44,48
488,112,46,45,46
1138,294,231,228,243
1197,6,243,236,252
846,81,47,46,51
215,391,43,44,46
293,322,39,43,48
921,158,46,48,49
435,146,43,43,45
24,46,62,63,67
196,481,46,44,48
101,351,40,37,42
985,421,48,48,48
597,112,46,45,49
931,333,43,45,50
1103,265,241,236,254
602,318,46,45,46
682,269,46,44,46
577,183,233,231,254
579,379,39,42,46
202,28,161,44,61
1184,424,238,236,253
32,356,45,42,46
169,301,35,38,40
891,219,58,53,61
18,249,32,26,29
810,41,53,51,56
50,116,149,24,31
1044,131,50,48,53
369,229,212,208,232
657,225,240,238,255
1076,248,245,242,254
96,327,32,36,35
504,325,43,44,47
505,251,223,220,239
844,116,44,44,50
248,140,33,28,29
334,83,34,28,31
643,259,46,46,52
895,211,47,47,54
638,376,42,43,49
763,65,45,49,51
738,164,46,49,49
303,368,44,45,47
1028,11,114,82,64
1137,243,233,231,247
196,14,180,162,184
666,418,41,44,46
1161,326,236,235,252
989,335,51,48,53
607,288,44,45,49
844,345,44,45,49
564,73,42,44,47
527,293,45,43,47
1065,474,49,51,54
549,40,46,43,48
276,47,43,39,49
117,302,34,33,36
416,427,45,45,48
339,193,196,195,215
814,77,50,50,53
156,119,39,31,33
1067,174,54,50,55
213,28,182,169,195
348,149,37,34,36
965,285,51,46,51
370,299,41,42,46
712,481,150,139,150
261,143,26,26,28
1069,169,47,52,57
149,300,36,37,38
364,429,44,44,48
99,179,160,170,190
1157,113,238,234,250
997,287,45,45,50
464,334,41,38,39
760,156,45,45,49
110,417,50,47,53
1083,361,240,242,254
1189,476,237,233,251
575,450,129,124,132
1113,470,227,225,241
926,158,46,46,50
64,231,36,37,40
547,489,126,122,113
521,217,224,221,243
808,224,246,238,255
21,396,47,45,50
653,15,51,51,54
859,240,178,173,168
999,245,49,47,52
76,498,45,45,48
670,108,47,46,49
972,136,47,45,51
928,389,44,44,51
331,8,111,101,109
377,130,39,36,41
845,424,63,54,80
203,368,39,43,45
1136,43,232,229,248
22,127,154,23,30
659,197,241,236,255
294,358,41,45,47
128,258,215,213,234
313,250,202,200,221
748,79,43,46,49
1188,380,235,235,249
1051,312,46,49,55
637,150,45,47,49
865,170,45,47,51
342,443,77,75,53
772,320,45,45,49
832,214,235,239,255
886,381,44,47,51
1133,36,229,228,242
843,299,49,47,50
327,293,44,42,46
160,112,34,30,32
136,293,40,36,39
700,38,49,48,51
275,280,43,41,48
160,13,161,143,166
937,204,48,46,50
599,457,151,153,163
879,6,89,82,73
726,299,45,44,48
594,21,51,48,50
1187,276,239,236,251
478,497,99,92,55
416,75,38,34,38
10,208,32,27,30
1149,207,233,232,247
991,108,49,48,53
440,400,117,119,157
115,319,36,36,35
171,405,43,43,46
949,391,47,45,49
262,273,40,44,47
591,135,46,45,48
1027,67,101,89,75
992,135,48,47,52
189,198,56,51,69
64,309,35,32,37
83,184,204,199,221
274,91,35,29,29
738,65,47,47,50
523,159,48,44,51
561,158,44,43,46
50,469,48,47,49
903,142,49,46,50
482,2,50,44,42
730,496,150,145,156
553,189,230,228,252
233,384,46,44,49
1091,66,254,254,255
430,307,49,44,47
20,101,115,53,57
263,491,86,76,51
1167,20,236,235,253
751,306,45,45,47
519,189,221,221,242
448,447,121,112,113
1054,166,49,50,54
131,374,43,42,44
35,91,36,27,41
277,427,74,69,54
1061,374,50,50,55
515,137,45,45,49
461,63,43,40,44
681,352,44,44,45
86,44,39,28,31
612,28,50,47,52
787,415,50,48,51
64,313,37,35,38
235,191,189,185,206
773,335,45,46,52
722,457,79,72,64
975,36,94,70,58
1047,459,49,50,53
619,188,236,234,255
90,448,48,47,49
777,164,44,46,51
928,371,46,45,47
876,314,48,47,49
1051,128,48,47,52
920,490,170,160,123
933,301,45,45,49
61,328,39,37,38
162,93,198,186,211
973,383,48,45,52
1064,105,50,50,55
576,97,48,45,48
759,417,46,46,48
341,356,41,43,47
768,21,50,50,52
465,439,177,185,204
1024,491,44,48,53
22,2,174,175,177
455,18,87,62,43
632,131,44,46,48
621,282,46,44,46
273,10,99,89,111
785,250,240,239,255
178,435,52,50,51
964,412,44,46,52
1164,338,238,235,252
437,377,45,47,45
465,157,47,44,48
360,53,31,24,24
327,189,191,189,210
274,137,33,27,30
726,281,45,47,50
576,143,45,45,46
583,397,39,44,46
491,446,152,158,172
968,338,45,46,51
704,220,236,241,255
414,160,43,43,47
703,241,235,240,255
145,418,47,47,45
56,172,173,33,39
29,291,38,34,35
786,376,45,44,46
528,365,45,41,45
1059,189,45,50,54
731,235,241,238,255
904,442,68,59,57
692,387,44,44,46
163,417,43,45,47
916,82,43,47,52
1140,346,231,229,245
348,492,65,61,53
1059,411,47,50,51
944,91,45,48,51
340,361,44,42,45
32,178,176,37,43
154,374,41,41,45
658,430,42,44,45
594,123,44,44,47
1161,22,238,234,250
1007,341,46,46,50
44,41,147,144,157
114,41,197,193,214
1032,112,49,46,51
500,323,44,44,46
843,17,90,89,81
407,446,56,52,52
1096,32,240,237,242
509,13,80,60,52
1102,330,242,239,255
801,200,46,48,50
721,401,48,48,50
938,184,47,47,51
311,373,44,42,46
1129,212,230,227,245
579,459,135,128,124
881,279,48,47,50
466,443,176,183,202
287,76,36,28,34
361,284,46,42,48
661,284,47,47,49
772,446,50,47,52
638,499,144,141,152
361,12,42,32,33
674,200,241,238,255
1169,39,242,237,253
231,153,34,27,26
171,197,184,185,197
120,324,36,32,34
737,216,239,238,255
181,196,189,185,204
575,19,90,78,60
816,409,54,48,61
470,386,45,44,47
457,486,184,187,202
206,126,38,35,39
345,157,35,39,36
287,58,41,40,45
978,58,95,71,60
1064,240,54,49,54
699,5,51,51,52
393,2,42,31,30
107,414,47,45,51
761,208,243,240,255
269,99,33,29,31
286,289,42,46,47
179,27,185,161,183
1011,279,46,48,53
434,220,218,224,240
1089,159,255,255,255
713,236,240,238,255
908,444,71,54,78
36,19,129,114,122
694,160,45,46,47
1034,271,48,50,56
49,146,160,26,35
373,217,202,205,226
1137,56,229,229,244
561,163,42,44,46
1046,164,51,49,53
473,284,52,52,50
483,352,40,45,47
133,400,43,44,49
676,257,44,48,50
555,345,39,43,47
287,234,190,194,206
1177,252,240,237,254
968,249,46,46,49
1115,270,233,231,247
763,198,48,49,54
908,147,50,47,50
793,213,244,240,255
320,260,207,206,226
1142,98,233,231,246
919,246,48,50,56
203,462,44,48,48
243,289,46,43,47
0,149,169,29,37
76,413,45,47,48
194,432,49,48,52
211,194,185,180,199
701,29,49,49,55
113,216,208,206,230
1111,36,236,234,250
785,227,78,72,86
632,200,236,235,255
897,192,46,47,51
631,88,45,45,47
735,425,45,45,48
932,315,44,46,50
473,146,42,42,45
519,260,224,224,246
733,89,42,45,49
509,324,41,42,46
160,359,42,43,44
779,412,153,159,154
1186,222,239,238,253
68,447,48,49,52
165,56,142,129,147
684,142,45,45,50
1050,84,70,64,61
1157,279,236,234,253
726,457,58,51,48
164,92,197,185,209
525,267,151,153,185
636,151,47,46,50
813,18,58,53,57
919,36,118,113,109
127,438,49,48,50
267,285,44,43,46
598,135,42,45,47
1093,165,240,240,255
12,442,51,53,52
1027,115,45,49,51
298,413,48,42,45
241,476,85,84,65
479,350,41,46,47
428,467,137,121,121
227,213,188,184,203
175,185,192,188,211
991,200,44,46,51
298,10,159,161,183
894,31,99,94,98
200,46,186,141,154
931,228,48,47,53
512,430,43,44,47
1056,127,46,48,53
954,479,48,48,50
738,146,44,46,51
365,225,207,207,233
1142,12,232,229,246
587,150,40,45,50
247,184,189,183,201
477,329,49,48,50
946,202,50,47,50
166,76,153,141,158
380,56,35,25,28
367,499,62,57,51
419,6,36,27,29
1073,53,71,65,63
1058,26,89,75,66
1000,172,50,47,51
1194,384,237,236,252
1195,430,237,236,251
769,233,239,239,255
1073,392,242,245,251
981,4,111,79,65
294,81,32,25,28
265,171,188,182,200
933,126,48,47,50
743,112,45,47,50
253,279,66,60,70
1133,486,226,225,242
504,303,45,46,48
202,427,46,45,51
843,232,240,239,255
852,95,49,45,50
978,378,43,45,47
667,416,51,44,48
741,183,47,49,52
1054,169,50,50,54
80,59,193,189,208
681,277,42,44,48
573,234,233,233,255
361,315,46,45,47
302,110,27,27,29
371,84,24,27,31
947,421,46,46,51
192,319,41,41,43
871,220,238,240,255
322,305,44,41,48
512,282,45,43,48
584,212,69,57,67
700,170,46,45,50
1026,269,49,49,53
796,360,47,46,48
1119,81,228,227,243
1041,118,47,47,51
635,161,48,44,50
370,333,42,44,44
972,50,84,67,60
1086,43,60,58,65
164,401,43,42,46
1152,75,238,234,251
197,2,154,34,46
1106,432,235,232,251
133,211,200,197,219
356,103,31,29,32
141,273,209,212,224
482,66,42,42,47
245,97,38,39,42
609,266,42,45,49
317,349,43,44,44
867,276,46,50,51
723,43,78,61,58
747,213,242,239,255
161,259,210,206,227
817,0,88,82,73
94,317,36,32,34
174,305,35,38,41
435,6,32,30,33
1017,17,93,77,60
576,357,42,43,45
218,46,202,188,212
976,419,47,45,51
1008,239,45,51,52
141,3,38,33,34
142,467,46,48,51
607,284,44,44,49
433,128,42,41,44
889,257,241,240,255
706,419,43,43,46
785,46,50,48,51
428,475,95,91,103
550,442,152,143,151
613,376,38,44,46
214,124,36,35,39
1177,447,234,233,249
1093,209,246,246,255
48,425,52,52,53
1134,99,228,227,246
329,446,66,66,55
296,405,45,42,46
1028,155,45,47,51
907,372,45,44,47
482,286,49,51,53
17,495,71,61,56
743,438,42,45,47
966,240,47,48,49
1105,60,238,236,254
741,116,46,49,51
387,92,35,30,31
841,232,238,236,254
1088,239,78,78,73
1162,314,236,235,250
895,445,48,48,50
316,92,34,24,31
437,144,38,44,45
761,297,46,47,53
557,385,34,42,42
964,411,46,46,52
285,416,43,45,49
486,112,46,42,45
357,96,32,29,31
1107,19,238,235,254
21,298,37,34,36
709,463,133,117,95
602,204,231,229,254
34,413,52,52,47
1013,83,104,87,72
573,405,44,43,44
1050,190,49,51,54
821,251,240,239,255
966,83,48,48,50
1012,172,50,48,53
321,382,43,42,47
387,155,43,41,46
448,461,141,131,142
883,320,49,47,52
784,420,45,46,49
346,183,195,194,212
113,139,37,25,31
932,62,88,87,83
1047,94,51,52,52
636,323,43,44,47
837,336,45,47,49
265,216,186,185,204
1134,18,232,230,243
667,352,45,44,49
441,206,60,61,75
560,164,43,44,47
444,118,42,44,45
987,457,159,158,142
171,133,144,138,155
54,132,153,22,32
439,75,39,41,39
777,209,241,239,255
812,375,43,43,49
275,35,110,114,131
110,338,34,36,36
831,124,48,46,53
465,312,19,20,19
953,201,45,47,49
835,399,46,47,49
981,269,47,50,50
193,151,40,32,38
72,364,41,39,45
93,408,41,45,45
1123,175,228,227,244
1135,151,228,227,245
509,232,168,169,177
861,76,48,48,52
151,432,52,47,52
614,306,47,43,46
794,495,166,162,178
10,384,46,43,48
1149,41,235,231,248
1157,323,234,232,247
1135,145,230,231,247
132,485,46,46,49
744,290,45,45,50
404,98,38,36,38
1100,221,244,242,255
902,35,88,81,74
517,483,109,105,80
64,403,46,46,50
573,487,165,161,164
241,445,50,48,48
950,64,78,74,81
1013,180,48,47,50
508,231,146,147,161
304,465,131,120,94
1066,341,48,52,54
447,107,42,41,43
173,127,116,115,131
1009,320,49,49,52
977,135,47,49,49
856,210,46,50,50
238,270,204,202,226
1069,234,51,51,54
1115,316,232,229,248
539,395,43,41,45
529,133,46,43,48
735,24,51,51,50
825,457,47,45,50
420,143,44,42,44
1184,7,240,235,254
22,61,143,136,156
978,443,66,59,53
239,274,207,205,227
496,431,125,120,116
1014,411,46,48,52
199,77,206,197,218
310,391,43,42,47
58,66,43,36,36
452,69,44,40,42
196,212,188,186,204
644,461,174,180,205
150,49,136,119,137
1069,232,51,49,56
210,398,46,44,46
139,450,49,46,49
902,372,45,46,50
539,256,228,227,253
11,17,195,187,203
784,74,46,48,49
619,271,47,44,50
346,14,46,36,39
123,190,219,216,244
957,374,44,47,49
424,6,36,26,27
71,191,32,28,29
16,361,43,45,44
399,226,214,212,236
1190,407,236,233,251
205,380,39,43,45
288,325,45,43,45
387,456,162,166,183
98,459,74,68,63
87,205,150,156,174
466,484,170,171,187
913,258,234,235,255
820,237,86,68,62
1009,392,48,45,52
187,468,53,49,48
968,494,46,48,51
474,78,40,42,43
195,85,149,146,165
1171,110,239,235,253
597,388,44,43,48
718,109,46,46,50
903,450,52,48,54
699,479,127,107,74
425,384,46,45,48
767,344,39,47,46
459,69,41,39,44
564,271,49,51,54
904,134,42,47,53
741,211,242,240,255
1029,144,47,48,52
893,222,118,115,128
63,486,68,64,56
181,221,190,188,208
937,243,48,47,52
261,36,171,169,190
624,152,45,45,48
403,155,44,42,46
1166,339,236,235,250
973,180,45,48,49
223,359,41,42,46
384,260,218,214,238
894,283,48,47,52
547,241,230,227,253
870,414,47,46,51
333,330,44,43,47
542,253,229,227,252
126,236,196,197,211
50,271,32,28,31
134,100,159,61,85
330,476,101,94,101
392,100,36,36,35
383,47,31,28,26
991,21,120,91,67
1185,98,239,238,255
275,77,35,35,37
572,120,46,45,50
501,102,70,70,73
1158,475,232,231,248
176,62,159,149,170
668,387,44,45,48
1084,344,58,56,59
565,420,44,44,46
629,494,155,150,160
888,481,52,51,53
802,474,161,159,157
1057,372,49,50,53
1031,305,45,48,51
916,390,46,44,48
260,141,30,26,28
881,77,47,47,51
868,414,48,47,48
398,292,48,44,45
218,308,40,43,43
841,81,47,48,49
74,320,37,34,39
200,351,41,42,46
376,402,43,43,47
1099,246,237,239,255
92,149,160,33,37
441,128,43,44,45
1109,118,233,231,250
750,3,50,51,51
569,459,137,135,139
968,253,47,46,49
230,360,43,43,48
609,409,43,42,46
1022,108,48,49,52
441,106,46,41,43
905,174,43,46,49
183,491,44,44,48
861,462,48,46,50
962,156,47,47,50
990,232,46,49,49
385,248,101,98,118
1115,288,228,228,246
548,100,43,42,47
1183,408,236,235,252
430,129,40,41,43
775,85,50,47,46
895,274,53,52,57
173,89,39,31,35
289,88,33,27,29
205,207,186,180,201
153,371,43,41,45
212,246,199,193,216
84,18,106,99,109
252,284,52,50,56
976,484,48,46,54
245,144,28,26,28
965,19,96,72,60
768,342,46,47,48
1119,157,232,230,245
938,40,95,75,59
83,3,60,56,67
812,449,46,46,50
905,75,46,47,51
964,370,45,46,49
499,325,40,42,45
823,485,167,164,175
132,280,214,210,232
298,0,127,130,154
591,288,44,47,49
212,128,34,32,40
291,310,42,42,49
6,239,36,28,31
356,449,66,63,52
830,347,46,47,52
11,340,43,41,46
268,91,34,27,30
1198,482,236,235,251
657,341,43,45,45
236,443,50,49,50
361,354,42,44,47
398,473,51,53,53
501,420,44,43,48
431,329,42,45,46
801,296,48,47,50
689,399,87,92,132
128,319,38,35,34
816,270,51,51,52
1012,405,48,46,53
126,315,38,35,35
1121,23,228,228,245
226,409,45,46,47
511,358,42,42,45
525,394,42,41,43
579,321,42,43,46
598,36,43,46,47
1098,375,243,240,255
553,215,231,225,248
499,406,43,42,45
20,150,167,28,36
463,138,45,43,46
568,33,47,44,47
1038,301,232,239,244
511,258,220,221,241
798,422,45,48,49
790,88,48,45,51
853,367,47,47,48
908,249,239,236,255
757,238,241,239,255
401,183,62,54,63
411,119,40,39,42
827,218,240,239,255
343,150,32,36,36
741,45,46,48,48
416,145,40,43,45
681,317,48,47,50
348,353,43,43,46
27,352,42,41,44
466,41,52,46,44
775,402,41,44,45
782,357,47,43,50
752,419,43,46,47
670,132,44,45,45
836,382,45,47,50
1176,400,237,233,250
920,54,82,79,68
1123,323,231,230,244
1101,332,240,238,255
943,483,46,47,49
3,268,34,33,33
630,118,47,44,47
319,368,43,43,46
848,315,47,46,50
1168,177,240,235,253
844,151,50,48,52
556,383,40,42,45
1065,445,49,49,52
720,324,43,44,46
589,105,44,44,49
1099,402,242,240,255
705,274,42,47,48
293,396,45,44,48
211,371,43,42,48
98,62,130,113,131
12,448,52,48,51
447,464,140,128,136
757,175,47,49,53
444,167,42,45,47
721,167,44,48,51
975,450,63,48,48
1186,305,239,235,253
534,262,224,224,249
877,3,102,97,91
233,361,41,44,47
1108,422,236,234,252
451,444,144,139,149
1041,249,47,47,54
355,298,44,43,47
268,414,42,41,44
301,480,82,77,61
802,222,241,239,255
902,92,51,47,51
470,38,72,56,47
727,25,51,51,54
472,173,45,46,51
259,131,36,30,31
402,14,37,27,29
747,388,43,44,46
479,167,47,46,48
755,271,44,46,49
266,401,46,43,43
995,345,45,47,51
845,126,44,47,51
1106,378,237,235,251
1188,4,240,236,253
479,358,42,44,47
274,315,45,45,48
488,287,45,49,53
808,432,43,47,52
240,417,40,47,48
163,226,197,194,216
1180,178,238,237,254
780,496,157,153,167
51,399,43,45,48
106,10,119,107,111
697,349,42,44,47
819,408,49,48,50
511,331,42,44,44
824,223,242,237,255
897,312,44,48,47
71,450,44,47,51
342,235,203,201,225
1171,261,236,234,252
1028,372,51,47,56
1062,295,102,88,62
222,41,96,75,101
308,50,37,32,34
1155,387,231,230,250
1030,35,103,79,63
