x,y,R,G,B
721,494,151,147,159
738,407,55,63,85
764,76,45,47,50
198,436,47,47,47
174,151,31,36,39
979,422,47,47,52
5,462,49,48,52
715,271,43,45,51
98,181,137,140,164
133,111,162,34,42
680,283,45,44,48
233,88,39,40,46
1039,472,49,48,52
802,315,43,46,51
878,7,80,74,67
919,195,46,47,50
513,171,46,47,49
1039,322,51,49,54
212,26,176,161,183
63,214,98,94,104
269,419,40,45,47
278,395,43,43,44
1136,70,229,228,243
1121,145,232,229,247
731,150,43,47,50
516,391,39,42,44
242,104,37,35,40
66,487,57,56,52
1014,164,48,49,50
524,440,140,142,156
873,393,43,45,49
936,76,49,49,52
742,396,45,43,48
593,240,237,235,255
360,22,38,30,30
271,484,81,75,55
1177,29,242,236,253
939,17,123,83,65
820,401,43,46,49
1148,175,234,233,248
310,52,33,30,34
104,31,186,186,204
1063,64,105,93,84
593,142,44,45,48
625,224,236,233,255
276,66,40,39,45
1149,122,235,232,249
977,470,49,48,54
984,10,116,86,65
1068,349,53,53,56
556,67,44,43,43
413,308,47,44,46
1048,357,47,50,53
251,389,40,44,46
61,311,38,31,36
453,482,177,182,198
996,155,45,48,51
1170,52,237,236,253
307,349,46,43,47
402,172,41,42,44
786,100,45,47,51
986,447,47,49,52
259,105,28,29,29
316,129,30,31,32
665,384,43,43,45
635,474,187,182,196
573,70,44,44,48
517,14,73,63,56
544,268,129,134,162
606,45,46,44,49
443,366,46,46,48
313,478,121,116,108
477,185,51,48,49
554,63,45,43,45
1091,122,137,141,218
259,143,31,29,28
688,6,53,48,51
608,314,45,44,47
684,316,44,45,49
393,40,36,30,28
629,76,46,46,51
704,169,48,47,49
257,498,88,75,51
12,450,49,49,50
478,390,44,42,46
728,340,47,45,48
355,292,43,43,46
27,460,52,52,55
625,74,44,46,48
128,100,159,31,39
97,239,214,214,236
1179,57,241,237,253
62,407,49,44,48
640,93,46,45,48
97,166,37,27,29
1059,320,51,49,52
1039,314,47,47,51
753,166,49,48,48
779,251,241,240,255
494,231,68,63,64
39,26,62,66,69
15,141,162,25,33
409,200,209,211,233
561,369,44,42,45
316,224,196,196,218
867,218,106,102,114
941,20,108,75,64
459,152,45,44,47
1160,193,236,235,254
337,432,71,70,50
209,13,185,155,164
954,9,115,81,62
67,92,151,25,31
315,70,30,29,30
132,78,162,147,169
177,305,39,36,39
185,224,107,111,139
944,181,48,47,50
896,167,49,50,53
161,344,38,40,43
824,13,87,82,77
399,334,45,42,46
475,209,168,168,200
381,272,53,47,64
267,232,123,120,120
29,187,94,94,97
765,498,166,160,172
18,121,154,21,33
877,277,48,49,53
880,239,238,240,255
773,280,49,50,54
858,301,44,46,50
628,150,47,46,51
421,489,147,136,145
1146,425,232,229,244
11,185,69,83,66
685,281,41,47,48
1091,252,243,244,237
1011,238,46,48,52
155,285,39,40,44
59,45,114,102,116
1084,359,251,251,255
283,61,40,41,41
595,113,46,45,48
144,385,40,42,50
877,28,105,104,102
831,68,46,47,50
1133,216,229,227,242
851,109,49,49,49
193,339,44,41,47
1153,433,230,227,245
793,454,49,46,50
1136,146,230,228,248
947,269,46,46,46
1136,278,231,228,244
1056,175,48,51,51
921,443,51,51,52
174,382,42,44,47
112,362,44,41,41
76,25,107,103,100
524,411,41,43,44
561,6,94,80,61
988,467,47,46,53
271,364,44,43,44
1199,432,234,236,253
1004,132,49,49,53
388,48,28,25,26
134,136,36,31,36
888,179,46,48,52
845,396,49,47,51
339,336,44,44,48
1102,455,237,232,250
26,272,33,30,32
1096,260,236,235,255
1123,167,229,228,243
747,16,47,50,51
1087,152,253,253,255
76,192,37,32,36
542,422,40,42,43
511,24,89,67,49
165,182,198,193,214
166,35,172,154,180
902,135,51,46,54
381,298,41,44,48
375,491,63,57,51
1150,471,228,226,242
566,436,59,52,47
717,387,41,46,47
407,60,32,30,35
627,201,236,232,255
103,213,218,219,242
126,396,43,43,47
960,20,104,74,61
367,8,39,36,34
1034,126,47,49,50
1116,230,234,230,246
1186,239,239,236,253
561,219,231,231,254
330,249,204,203,225
293,285,42,43,44
66,126,154,26,38
1094,243,241,240,255
859,180,45,46,48
1052,204,50,49,54
561,17,57,54,49
405,248,222,221,242
164,108,150,145,167
1164,361,235,235,250
920,267,48,50,55
634,480,187,188,204
956,131,47,48,51
497,488,118,100,62
534,185,225,224,250
756,85,45,48,50
414,253,226,224,246
787,238,84,87,140
733,444,45,47,50
201,109,62,53,71
300,73,35,26,34
444,294,46,48,50
954,474,51,51,57
1018,45,99,78,62
900,445,67,57,118
615,397,44,43,47
554,241,231,230,252
758,246,240,240,255
818,391,45,45,49
232,337,43,43,48
190,130,40,41,47
398,396,35,45,47
1081,287,249,248,255
725,53,43,46,48
544,395,43,42,45
329,234,93,92,88
874,278,49,46,51
1098,488,234,233,250
117,39,193,191,210
70,36,112,102,109
274,273,43,42,46
639,73,43,44,47
37,8,223,225,246
196,250,198,197,218
173,261,208,205,227
1139,33,233,230,245
312,136,35,29,32
243,280,210,207,231
791,399,49,43,50
44,135,153,23,35
978,298,43,48,52
998,169,48,48,53
602,487,185,184,196
1086,8,243,242,255
1042,257,51,49,54
615,308,46,41,47
34,129,154,24,35
443,236,206,205,225
745,221,242,240,255
1067,299,132,136,223
112,298,36,27,33
917,14,181,130,76
566,224,232,230,254
973,304,43,48,47
306,8,138,140,156
1170,72,237,234,250
271,318,47,42,46
827,238,67,57,100
1092,351,249,248,255
944,337,46,45,49
946,209,43,46,51
228,140,32,25,29
829,140,47,47,51
969,472,48,46,50
14,201,27,21,25
1176,173,238,236,252
617,370,42,41,46
44,331,37,36,41
1015,259,49,47,52
287,87,32,26,31
598,471,137,131,111
17,192,75,77,84
1194,333,241,237,251
688,347,45,44,47
706,281,49,46,48
1127,117,225,226,243
363,187,196,197,215
198,252,200,198,219
534,49,44,43,48
989,140,45,50,52
1095,427,240,241,255
224,41,48,32,48
222,268,203,201,224
112,375,42,41,44
911,63,90,87,81
205,167,38,28,33
402,38,38,30,26
84,492,47,48,50
782,417,52,47,50
1051,409,46,48,53
1181,288,241,237,253
8,379,46,45,47
583,45,40,44,45
664,86,47,45,47
978,493,47,46,51
156,398,45,43,47
1103,273,234,232,250
99,218,212,214,239
967,286,46,47,51
255,354,45,43,45
875,474,51,49,50
639,247,46,47,52
0,448,51,53,52
170,159,40,36,40
231,270,201,203,223
411,475,88,75,68
238,123,31,27,31
1134,354,230,227,244
901,54,100,98,94
743,223,240,239,255
698,188,239,237,255
1033,211,49,48,51
621,407,43,44,48
637,60,46,45,49
1082,183,249,246,255
949,149,45,46,51
615,393,45,42,47
604,93,45,44,48
907,390,45,45,51
196,204,93,78,103
154,22,157,139,160
747,431,46,48,46
404,361,39,44,44
1057,142,48,52,57
873,12,92,89,85
1141,116,233,229,246
871,162,47,49,51
59,370,40,42,44
337,343,44,44,47
1156,384,234,231,249
1073,142,52,50,54
1054,199,48,52,53
1036,109,48,47,50
967,96,48,48,54
222,481,93,88,82
62,283,37,32,30
592,212,214,218,244
1131,231,231,227,244
462,340,48,50,52
283,131,30,26,29
592,208,234,232,255
866,439,47,47,52
951,203,50,47,53
1194,44,238,237,254
716,282,45,45,49
242,138,32,25,29
106,69,135,117,137
340,158,37,37,39
273,214,190,184,207
203,497,45,45,50
214,140,31,30,31
596,165,46,46,50
1135,471,226,225,242
898,420,46,46,49
708,35,62,53,54
669,302,47,45,51
717,84,45,46,48
1090,280,235,222,191
56,256,34,29,31
116,62,159,141,165
403,66,32,33,34
427,113,43,40,46
536,107,46,43,46
740,133,46,45,50
553,374,44,42,45
524,354,42,42,43
941,244,46,47,52
616,29,49,51,49
121,177,151,156,178
200,55,186,178,190
1068,151,54,52,57
646,439,45,44,48
304,289,46,43,47
955,211,49,47,50
970,498,53,51,54
122,86,153,139,160
611,1,51,48,50
766,121,44,44,50
405,432,43,46,47
516,490,109,103,76
1180,449,236,235,251
380,168,46,42,46
681,48,46,46,49
845,431,45,47,49
224,392,44,46,44
92,441,46,49,51
239,468,86,84,52
612,161,42,44,49
575,337,42,42,47
631,195,239,237,255
1148,110,234,231,246
778,105,45,47,51
877,253,180,176,149
1191,351,237,236,251
1129,326,228,226,241
200,395,40,44,46
597,173,42,45,49
928,196,49,48,53
1119,223,235,229,248
385,210,185,188,210
284,258,203,202,222
717,258,238,240,255
1082,308,52,55,62
755,356,47,46,50
404,42,28,28,26
994,440,92,72,97
511,416,43,43,45
326,343,45,41,46
966,5,109,80,66
1011,149,50,48,53
171,136,106,107,123
358,109,33,30,32
973,13,107,79,62
386,183,105,103,110
876,151,48,47,51
210,262,204,202,223
904,276,47,51,54
885,222,237,238,255
174,147,38,35,39
510,433,156,161,170
257,475,103,94,69
615,25,50,49,51
543,72,42,44,46
483,210,34,31,34
176,213,190,190,208
515,41,55,50,56
72,173,206,193,217
397,313,48,44,47
9,479,48,47,52
707,288,45,47,50
388,282,41,47,49
1118,311,229,225,246
109,227,200,199,224
1139,46,233,229,249
623,434,45,45,50
1023,425,47,49,52
1168,393,237,234,250
1147,303,232,230,248
477,483,93,92,64
516,129,47,45,48
93,56,30,32,32
1144,224,232,230,246
22,11,221,223,246
1089,76,67,65,67
805,105,45,46,50
1069,202,50,52,53
861,173,47,47,49
314,260,204,204,225
33,9,225,224,248
1085,122,252,250,255
950,455,113,114,129
13,208,32,28,30
863,306,47,46,50
1012,158,44,49,52
902,294,48,45,52
1196,453,235,234,253
25,46,63,61,65
804,369,44,48,51
1014,189,49,47,52
923,369,46,47,50
583,26,53,48,51
679,421,45,44,46
873,228,241,237,255
420,109,37,39,42
612,341,43,42,46
717,455,47,47,49
1030,111,47,48,52
505,342,42,41,47
9,445,62,60,58
655,338,45,44,47
644,440,42,44,47
1151,85,235,231,249
352,51,33,24,25
1188,218,237,239,255
375,401,42,44,43
612,211,237,235,255
786,147,48,47,50
498,139,19,15,17
696,35,54,50,54
745,43,49,50,53
1038,459,47,47,50
472,2,61,51,41
876,327,50,47,49
361,192,195,197,215
42,162,169,32,42
979,120,47,47,51
917,270,50,49,55
991,30,116,88,68
96,247,216,213,235
488,441,175,178,196
1034,56,171,157,143
816,494,167,159,156
12,70,109,99,111
476,207,218,217,239
822,453,47,48,48
932,483,49,48,52
698,217,240,237,255
893,371,46,48,49
132,141,34,28,30
798,204,53,51,53
946,349,47,46,50
546,155,46,44,46
308,66,37,22,27
501,307,46,45,48
848,137,46,48,51
348,382,42,44,47
245,148,31,30,31
16,153,168,30,35
294,284,47,43,46
104,96,155,27,36
934,455,49,50,54
726,466,146,141,150
80,330,39,33,37
662,227,237,236,255
604,461,168,169,186
1162,350,237,236,251
180,72,141,129,150
1069,413,48,52,57
423,405,47,45,47
1116,474,229,227,245
103,233,200,196,219
795,127,49,48,51
985,43,105,77,61
542,80,46,43,47
465,6,93,72,58
466,276,151,150,172
521,59,41,44,47
776,133,49,45,52
1024,77,99,83,71
225,339,41,42,45
590,221,237,233,255
1160,52,238,234,251
504,130,32,36,38
724,390,43,44,47
508,374,39,43,46
137,462,47,48,49
277,365,40,42,44
273,210,179,178,194
637,272,45,46,49
223,449,50,48,48
241,212,41,40,48
689,163,48,47,51
835,370,43,44,48
198,237,196,193,212
1036,432,46,48,49
259,229,189,186,207
1012,212,56,53,59
1049,458,52,51,55
652,21,51,49,50
935,64,91,87,82
411,167,46,42,46
753,167,50,47,50
104,66,133,113,133
473,440,186,187,203
545,448,141,136,147
243,75,47,51,55
664,428,44,44,45
720,383,43,45,45
400,84,33,33,34
667,190,237,238,255
713,117,48,47,46
415,336,43,43,47
817,84,47,48,51
283,55,44,44,46
471,413,43,46,47
89,260,217,217,239
1097,142,241,238,255
753,305,45,45,48
174,173,193,191,214
932,349,47,48,50
825,113,47,49,51
59,263,38,31,32
370,99,32,33,33
1066,185,51,52,52
831,347,42,47,51
549,139,44,44,46
571,420,42,43,43
738,223,239,238,255
359,446,79,68,55
652,67,41,44,48
939,81,51,46,51
708,109,46,46,50
203,128,35,37,39
1,466,50,55,53
1111,388,236,233,251
518,491,107,103,80
1036,342,47,47,52
1186,456,235,233,251
602,328,38,39,46
601,234,234,233,255
967,323,47,47,50
602,393,44,41,49
1097,320,237,237,255
205,146,33,28,31
467,465,179,181,200
801,374,46,45,48
1083,344,60,57,61
1196,230,239,238,255
914,63,81,77,71
105,461,52,49,52
450,32,53,44,42
708,489,126,112,97
352,407,40,43,46
1191,337,239,238,253
674,167,50,45,49
704,263,47,46,49
1069,366,52,51,54
88,354,34,40,40
107,469,48,49,53
104,250,217,215,238
858,31,94,92,87
758,87,52,46,51
735,303,42,44,47
783,251,239,239,255
26,150,164,28,33
775,371,46,45,49
171,89,41,31,33
653,285,44,45,47
1106,277,236,232,249
590,112,43,43,48
818,399,48,46,47
369,50,35,23,26
886,317,48,48,52
1047,483,50,48,53
194,84,169,169,186
868,247,119,115,179
180,154,34,38,41
550,328,38,43,43
867,389,42,45,48
101,92,155,26,35
103,151,195,186,208
1161,482,234,232,248
975,373,47,47,51
1133,231,229,228,245
537,102,44,45,46
381,307,49,46,45
1139,69,231,230,246
133,54,157,139,160
1004,274,46,49,53
188,214,188,185,207
160,311,42,36,39
21,0,222,221,245
824,219,237,240,255
356,478,79,71,59
708,351,46,44,50
576,160,47,43,48
830,79,46,47,51
764,173,46,48,49
574,456,114,112,110
33,312,38,36,37
776,209,241,240,255
346,257,213,210,233
736,361,45,47,48
0,104,137,21,29
1111,38,237,233,252
1154,85,238,235,251
1166,367,234,234,249
1158,221,238,235,250
300,22,46,46,50
307,187,191,191,211
1115,144,232,230,247
409,414,40,42,45
874,421,171,191,172
242,406,45,44,49
1008,349,46,48,49
755,363,45,46,50
427,410,43,43,47
1039,481,41,48,51
333,150,33,32,37
176,394,44,43,48
68,114,156,23,32
557,6,88,79,56
1085,32,253,249,255
469,287,20,25,25
676,299,45,46,48
341,469,138,137,146
856,427,48,47,51
509,447,157,158,174
238,205,44,35,47
435,420,55,52,55
141,310,32,34,33
188,306,43,37,44
95,374,37,41,43
591,300,43,44,44
333,378,47,43,46
1135,449,229,228,241
1181,322,238,236,249
221,124,39,35,37
661,37,46,46,48
374,214,200,201,224
298,158,34,30,32
539,275,41,47,49
1049,69,109,96,79
409,331,45,43,45
1143,125,232,230,245
65,366,44,41,44
919,391,48,47,49
1015,469,49,47,51
1094,215,251,247,254
522,166,45,45,48
505,266,212,213,239
695,3,50,53,51
276,206,43,44,47
1149,269,234,234,247
762,444,46,48,51
591,132,44,45,49
391,398,50,47,51
581,175,44,47,49
105,378,42,40,45
1147,488,234,231,244
233,114,34,32,36
142,262,214,211,233
485,224,176,178,191
699,302,46,47,48
706,48,48,46,49
375,1,40,31,31
288,312,40,44,46
272,468,109,103,73
45,472,44,47,50
107,65,145,126,146
85,218,214,214,243
287,416,43,43,47
861,13,100,94,93
124,363,39,42,41
315,362,41,42,45
1085,375,71,72,61
1126,185,233,228,242
69,362,42,39,42
921,473,45,48,51
774,188,48,49,53
777,400,44,47,47
933,471,45,47,51
132,37,143,124,143
878,382,44,47,49
474,49,41,41,45
1199,247,241,235,255
768,149,45,47,48
807,328,44,46,49
1169,200,241,237,253
657,220,238,237,255
1129,143,227,225,241
462,9,123,100,82
992,10,129,99,70
941,420,45,45,52
333,266,207,209,230
410,313,42,44,47
179,423,51,50,52
692,393,66,72,64
718,321,45,44,49
454,361,15,21,14
597,451,184,178,190
395,14,33,27,29
493,166,18,19,21
282,453,73,71,50
1066,73,76,66,61
343,317,42,43,46
649,259,44,46,50
900,160,49,47,54
875,204,49,49,52
855,334,49,45,51
1002,127,50,48,53
380,245,215,213,238
870,181,49,47,51
1042,259,48,48,52
1172,224,238,236,251
776,27,49,51,52
1003,66,60,55,57
927,479,50,54,53
400,48,32,21,26
690,283,45,45,49
390,205,57,55,57
37,458,53,51,51
99,159,36,27,26
577,486,168,160,164
1167,230,241,235,252
173,270,210,208,232
1126,301,227,228,244
642,63,43,46,49
798,407,119,122,90
36,312,38,36,38
553,354,43,43,45
512,317,44,41,47
117,103,160,30,40
256,241,69,58,65
384,433,140,135,125
319,342,44,43,46
1160,406,236,233,250
1028,0,107,81,65
612,316,45,43,50
797,284,50,48,52
1006,236,47,46,52
697,471,120,98,70
135,8,190,187,209
430,45,35,30,36
402,471,53,52,54
935,167,47,48,50
83,436,47,48,50
494,185,183,181,193
214,349,42,43,44
1148,442,232,228,242
1031,10,113,83,65
385,442,193,203,222
260,103,37,31,30
1026,257,50,50,51
327,432,59,56,54
326,370,43,42,44
513,164,44,45,50
1078,400,57,54,63
235,460,68,65,49
818,366,47,45,48
565,346,42,42,43
42,206,82,81,88
546,286,43,44,48
845,383,47,47,44
1058,42,113,105,109
807,248,244,237,255
1179,331,240,234,250
1051,26,98,78,63
374,153,38,36,40
1150,431,236,231,249
197,290,41,40,43
496,255,217,218,238
115,259,214,213,236
102,464,60,56,53
829,382,47,46,49
551,279,44,42,48
386,367,44,41,49
24,372,45,42,46
1142,254,233,229,246
1039,212,50,49,52
1151,307,233,229,248
757,437,40,46,47
209,408,48,44,47
862,314,45,46,53
148,252,206,207,225
84,129,152,32,52
828,293,48,47,48
954,304,45,45,51
860,182,50,47,49
566,206,203,198,204
810,452,42,48,51
986,408,42,47,49
405,145,43,42,47
649,354,45,44,46
977,454,50,52,56
511,59,60,58,63
384,194,204,203,224
273,227,189,189,209
406,420,44,42,46
632,380,43,45,48
593,379,39,42,45
155,4,32,32,32
705,270,45,46,50
731,202,237,234,255
888,96,47,49,52
1080,335,55,52,58
877,291,50,46,50
229,462,87,84,55
780,331,46,46,51
15,57,92,88,99
398,341,43,44,45
1112,237,236,230,247
885,273,52,52,56
511,43,55,45,46
1082,446,53,54,55
610,463,118,119,126
200,350,40,44,46
619,155,44,46,49
568,376,41,43,42
102,121,161,29,35
520,137,46,45,46
911,21,187,146,106
1046,360,46,48,51
359,154,40,37,40
54,388,44,43,46
1156,103,237,232,251
369,34,36,25,28
106,72,144,124,143
111,474,45,45,50
616,274,47,46,47
969,471,47,46,50
269,263,200,197,221
261,370,41,42,45
319,413,40,45,45
207,453,48,45,50
992,367,48,47,53
53,379,47,43,48
85,169,157,144,148
190,435,47,47,50
990,227,43,47,50
455,344,63,65,73
719,37,61,55,52
1036,288,51,50,54
951,98,47,49,52
888,402,44,47,50
1104,15,241,236,255
513,366,43,43,46
25,473,45,49,49
699,441,43,46,48
811,153,47,45,52
767,323,47,45,50
911,211,53,49,52
772,364,46,45,48
298,210,189,189,209
292,393,44,43,46
1193,498,234,235,251
938,330,45,43,49
264,133,34,27,25
658,21,49,52,52
1016,225,46,49,51
463,495,112,108,62
302,466,129,120,90
67,284,33,29,31
745,257,239,238,255
347,476,67,60,55
625,82,44,45,48
650,64,48,46,50
242,295,46,42,45
225,116,36,33,36
530,283,46,46,48
813,42,56,52,54
494,440,165,166,183
118,138,34,26,28
893,116,46,46,49
921,63,81,75,65
553,167,47,44,49
1187,140,239,237,251
743,320,44,44,48
592,477,115,101,80
178,171,193,189,209
839,1,97,94,90
14,416,53,51,52
1098,263,238,236,255
946,273,47,46,48
502,71,58,60,63
819,407,50,46,49
356,312,39,42,46
333,91,32,28,26
498,286,46,44,49
180,473,54,48,50
129,400,47,44,48
994,228,41,47,49
669,289,44,43,48
883,352,47,44,51
482,83,43,42,44
284,469,104,97,69
64,487,56,56,54
368,345,47,42,44
569,60,43,45,48
935,5,222,211,229
487,151,44,44,48
238,88,40,45,51
82,490,50,46,50
849,41,89,82,73
523,319,47,42,48
1116,413,233,231,248
761,86,45,46,49
683,156,46,46,49
554,298,45,43,46
211,185,186,181,203
1137,449,229,224,241
94,61,118,122,142
746,412,44,45,47
548,209,62,59,67
756,292,47,44,50
1023,460,43,49,52
154,499,50,46,51
574,251,234,235,255
1075,100,53,52,58
791,4,50,51,52
1004,158,50,48,51
459,255,58,53,69
1057,89,61,60,60
867,118,49,47,52
137,232,113,101,123
811,471,122,114,108
947,297,46,44,49
289,37,45,49,54
1002,257,48,48,49
928,78,45,48,52
119,158,195,194,215
740,90,41,45,47
919,16,108,74,59
141,123,207,196,218
469,362,47,49,52
1003,330,41,46,49
398,211,135,126,143
477,449,178,182,200
1020,277,44,47,51
787,482,163,156,169
92,497,49,48,52
777,223,238,236,254
514,226,220,218,243
1045,446,45,48,50
771,258,238,239,255
1017,214,51,48,50
859,235,240,238,255
1123,44,231,226,243
537,154,41,44,47
33,255,31,30,30
867,156,46,45,51
1118,197,232,229,248
1094,262,237,235,255
854,197,45,48,50
1018,355,49,49,52
559,267,228,227,252
295,383,42,43,43
730,72,47,46,51
560,40,43,44,45
880,305,47,45,49
571,467,137,133,133
390,103,38,34,38
462,191,225,224,245
144,373,43,43,45
123,465,51,49,54
610,41,43,45,47
275,212,149,146,157
573,430,44,43,48
991,399,47,47,52
175,54,168,154,175
191,240,196,196,217
43,286,35,30,34
483,341,42,44,46
686,204,243,237,255
483,406,41,43,46
704,399,48,48,51
48,134,155,24,33
795,291,43,46,51
1125,83,230,225,242
371,373,43,43,44
809,185,49,47,54
911,178,47,47,52
1018,348,47,46,50
1101,440,236,235,252
140,434,49,47,51
882,33,108,107,107
286,162,41,41,44
401,48,30,24,26
847,33,87,83,79
830,136,47,47,48
312,192,187,187,205
506,148,50,46,48
544,436,166,169,183
621,319,42,46,49
959,464,46,46,51
931,202,45,47,50
564,201,72,53,69
791,366,47,45,48
657,43,46,47,47
922,315,44,47,49
232,335,45,43,43
522,331,40,43,45
748,62,45,48,51
229,428,44,47,48
1082,323,250,247,255
779,124,45,47,49
766,58,48,46,49
233,60,123,127,145
992,39,109,87,65
957,324,47,47,53
305,27,52,51,54
652,312,44,46,48
1034,412,47,48,53
657,495,99,73,53
742,102,44,45,47
1053,253,47,48,52
1148,374,235,230,248
885,395,45,44,47
1150,341,234,228,248
130,265,214,211,234
861,409,44,46,50
868,395,45,44,49
510,224,220,219,242
635,163,47,48,49
1006,163,51,49,54
947,70,100,94,92
94,173,62,37,50
492,138,49,47,49
55,277,32,26,27
728,300,43,45,49
832,245,201,204,207
967,256,45,44,49
879,122,48,47,51
1065,318,52,51,53
922,431,107,100,60
55,260,38,33,35
138,24,64,75,105
510,497,104,93,58
1185,287,240,237,250
20,478,47,47,51
501,471,109,105,89
250,251,196,192,216
977,354,47,45,52
976,93,51,48,54
462,15,115,89,60
768,198,47,49,52
77,123,156,26,36
345,24,39,33,31
1117,340,231,229,248
620,382,45,44,48
948,449,77,71,53
876,258,238,237,255
320,99,32,24,31
684,462,107,82,59
1188,408,237,233,252
462,142,40,44,41
830,22,87,83,77
75,142,156,27,37
16,39,65,64,67
871,448,46,47,50
929,85,51,48,51
75,373,42,43,45
37,342,36,38,42
741,102,43,47,48
761,163,49,48,50
608,107,41,45,47
807,161,48,49,49
261,56,46,48,51
794,105,49,44,51
467,198,226,225,250
661,235,234,239,255
1102,305,233,232,252
199,70,198,190,203
688,362,44,44,47
49,147,161,28,36
581,442,169,161,175
87,366,38,39,41
390,359,47,43,46
960,388,48,45,53
357,457,84,70,55
504,247,219,217,238
920,28,101,73,61
710,286,45,46,51
971,380,45,47,51
810,331,46,48,48
571,35,45,44,45
731,160,45,47,48
1056,105,54,53,55
953,215,47,46,50
1037,77,91,81,67
915,309,45,47,49
135,242,206,205,221
445,4,37,29,32
772,165,46,47,52
8,128,157,27,33
981,292,46,48,47
1188,220,241,237,253
484,323,46,44,48
569,210,210,211,244
237,371,44,43,45
899,436,49,48,53
616,164,47,45,48
286,65,38,36,39
29,127,151,21,35
1042,88,66,62,59
737,247,240,239,255
410,55,35,30,32
520,3,71,62,60
267,430,57,57,48
851,376,45,45,50
1045,40,72,62,57
195,119,34,39,43
265,322,44,43,44
438,171,43,44,49
533,239,219,223,236
889,156,51,48,52
314,223,197,195,216
1036,280,99,87,64
593,368,43,41,45
605,165,45,47,48
1095,140,239,238,255
49,270,34,31,34
88,212,218,210,239
83,93,152,27,33
584,229,234,233,255
1003,97,47,49,52
565,314,39,44,45
847,79,47,45,51
350,82,28,24,26
1049,297,76,53,65
63,121,151,24,34
318,429,60,58,51
678,89,45,46,47
884,478,51,51,53
585,351,40,42,43
611,57,45,44,51
1177,382,236,235,251
860,62,67,61,57
700,13,52,48,51
390,43,31,25,28
174,232,90,82,106
1052,251,50,49,54
204,336,45,42,43
233,403,41,43,47
202,323,39,42,45
90,261,179,175,210
390,338,40,44,45
364,438,55,52,51
371,237,57,54,60
1100,325,241,238,254
1022,361,48,48,52
68,3,153,146,162
1025,163,46,49,53
64,170,168,33,39
624,112,45,44,46
659,381,41,45,45
280,391,40,44,48
76,32,116,107,117
213,264,203,201,223
589,30,40,45,47
808,63,51,48,51
12,164,174,34,39
990,498,49,46,51
538,61,44,43,46
699,1,52,50,53
547,388,45,42,43
481,366,42,43,47
25,248,32,28,32
1145,249,232,229,246
988,13,117,87,65
796,371,47,46,48
478,56,38,42,45
329,444,64,63,51
120,240,130,133,161
962,38,91,69,60
429,330,47,45,48
715,124,47,43,49
71,265,41,33,36
935,179,48,47,52
653,21,51,51,51
405,1,41,27,28
542,356,41,42,45
160,184,199,195,218
880,394,44,43,48
374,457,94,66,60
396,431,44,47,47
864,18,96,93,90
847,65,48,49,52
841,167,46,48,48
171,263,210,207,227
603,295,42,44,48
239,74,51,40,60
615,338,42,43,46
45,140,155,24,34
722,413,45,42,48
1006,393,48,49,53
896,304,45,45,47
1032,85,72,66,61
870,340,48,48,52
593,186,233,231,254
249,395,41,44,49
616,227,235,234,254
835,110,45,46,51
794,168,50,45,46
1043,26,110,87,66
74,316,32,33,34
861,442,48,49,50
16,346,43,42,48
676,172,49,48,52
321,453,77,69,54
534,400,40,42,42
585,433,44,43,46
15,388,46,45,49
759,283,49,47,48
668,466,95,74,52
941,16,126,87,69
1120,119,231,231,248
94,394,43,42,46
1034,97,52,49,53
468,119,44,44,45
290,208,183,187,201
690,188,239,238,255
765,311,48,47,49
941,491,84,75,50
611,133,43,46,46
1093,364,241,240,255
603,397,45,43,47
835,263,67,57,76
303,440,63,62,54
829,67,46,48,49
474,133,46,43,48
91,5,34,30,30
208,139,35,31,34
158,100,196,187,211
744,199,207,203,244
18,47,61,65,66
896,273,54,51,59
932,127,47,47,51
755,32,51,50,55
494,477,104,100,69
137,354,38,37,40
1072,257,58,55,56
859,411,45,44,51
722,183,53,54,56
484,432,187,190,210
1100,143,241,238,255
1188,191,241,237,254
755,78,47,48,49
1165,1,238,234,252
907,322,45,47,52
117,392,40,42,45
685,471,113,86,63
1003,39,112,85,65
852,186,47,45,51
763,446,48,47,49
333,467,135,135,146
321,389,46,42,46
1089,243,77,69,72
30,409,44,47,49
598,274,45,45,49
1098,428,241,239,255
434,20,37,31,31
606,464,120,115,123
661,332,48,43,51
808,349,42,45,48
605,178,50,50,53
381,324,43,43,44
836,339,43,46,50
655,101,45,46,46
557,7,91,80,58
633,79,45,44,49
558,111,40,45,47
315,157,34,29,36
501,140,37,32,36
747,269,48,47,50
1118,454,228,228,243
787,258,239,239,255
595,440,112,110,93
818,11,73,71,65
63,198,98,98,100
1054,115,49,51,56
453,262,237,235,255
453,8,44,33,36
365,314,42,42,46
1150,70,232,231,248
353,253,212,210,233
845,401,43,46,48
945,440,49,49,49
380,386,42,42,45
204,461,49,47,51
254,484,83,69,53
894,151,48,48,54
794,272,58,55,63
110,126,160,29,38
1018,489,48,47,53
546,213,228,228,251
53,224,31,34,34
146,351,44,39,44
108,339,37,34,39
348,189,198,194,217
977,163,44,49,50
855,250,223,215,208
790,291,47,45,50
345,371,45,43,48
594,256,83,79,111
363,316,45,44,45
523,82,46,45,49
308,381,44,43,46
606,344,44,45,48
148,254,206,204,227
697,5,50,49,55
1160,34,235,235,247
572,3,52,48,51
1060,278,77,60,70
989,308,45,46,50
430,463,102,95,104
1090,103,107,103,85
640,337,46,44,49
112,111,160,31,40
688,74,45,45,50
609,109,44,44,48
402,359,44,41,44
401,494,87,75,55
354,317,40,44,46
581,14,91,82,58
1167,81,237,234,253
390,240,72,67,73
773,320,45,45,50
1080,285,249,247,255
630,124,49,44,47
1001,177,49,48,51
1021,384,45,46,53
57,211,46,40,47
1091,459,240,239,255
1128,47,231,228,245
307,419,44,43,46
302,235,197,195,214
825,84,44,48,51
156,414,42,44,48
1039,475,50,48,53
251,278,205,204,226
866,196,50,47,51
975,60,77,62,56
210,21,183,166,187
682,209,238,240,255
380,22,41,26,30
274,340,41,43,48
231,175,191,184,205
1170,481,231,233,248
937,272,45,46,52
788,10,50,51,51
611,472,174,172,178
815,498,163,157,155
226,345,44,43,47
364,326,43,44,46
264,274,45,43,45
485,246,199,195,213
627,482,179,175,188
750,162,48,46,49
97,325,35,33,34
395,111,37,37,38
165,279,212,212,233
1074,182,68,64,59
987,478,45,46,51
99,322,37,33,31
866,494,96,97,68
808,335,47,48,47
1107,164,237,237,255
863,245,239,238,255
517,41,28,23,26
771,255,239,237,255
125,397,44,43,45
634,70,44,45,48
844,381,46,47,50
361,423,40,43,46
696,376,43,45,48
760,139,49,45,52
1067,246,51,53,52
843,11,92,91,88
92,85,154,24,33
1061,414,47,49,51
209,196,188,182,202
795,308,48,48,52
473,299,50,50,51
351,247,207,207,229
301,373,42,43,47
743,284,45,47,51
552,254,232,231,255
312,217,191,189,211
849,407,41,49,51
389,246,98,96,96
308,155,27,32,34
716,222,57,59,63
543,71,44,44,47
1197,30,240,238,254
562,0,137,85,70
718,127,40,46,48
1004,251,43,47,50
676,139,46,46,49
72,263,35,30,31
201,25,191,175,189
944,286,44,45,51
247,214,187,186,205
406,137,38,42,43
237,149,30,28,32
528,104,56,52,55
1185,453,238,235,251
381,82,32,30,32
825,489,166,163,174
662,471,90,69,53
52,334,41,35,38
263,237,52,44,48
1062,217,49,49,55
706,169,49,47,53
1077,379,56,54,56
58,59,116,113,115
635,76,43,45,47
289,406,42,43,47
290,381,46,44,44
831,321,45,47,50
1057,269,50,49,53
1002,397,47,48,51
76,39,112,106,112
734,13,50,49,52
118,466,48,48,48
1110,497,229,226,244
397,28,45,35,30
1137,0,234,230,246
131,425,49,48,50
266,288,45,45,46
1052,496,51,51,54
1172,245,236,234,251
920,378,46,46,47
998,311,48,48,50
253,258,203,198,218
177,356,45,43,43
715,430,43,45,49
596,67,44,45,47
568,266,233,234,255
279,195,189,184,204
880,170,50,47,50
408,122,42,41,44
851,421,114,119,70
116,371,42,39,45
227,261,201,200,222
876,198,44,48,50
441,146,43,45,45
487,375,43,43,45
764,389,45,46,51
824,337,45,45,49
49,317,38,36,36
709,48,46,44,48
35,258,28,27,32
686,157,46,48,50
87,206,157,160,178
463,360,56,56,57
493,198,187,189,205
463,269,232,229,251
458,184,50,47,50
178,20,154,30,44
786,124,47,47,49
341,59,29,25,24
1122,271,229,227,243
927,486,54,49,53
359,27,42,28,31
226,383,44,42,45
338,348,44,42,48
102,434,85,83,105
1138,119,230,228,241
972,157,48,49,53
205,372,41,43,46
1037,89,69,62,58
105,26,111,103,104
683,331,45,48,50
901,144,46,47,51
1195,402,238,235,251
366,285,47,45,48
314,32,45,40,45
201,224,194,189,210
703,233,233,236,255
139,74,163,147,170
74,91,151,27,40
1100,476,235,233,252
612,305,43,44,46
45,241,35,29,32
947,486,51,46,49
623,437,46,46,49
987,181,47,48,49
262,85,38,36,41
812,327,42,46,50
399,346,41,42,47
560,61,44,43,46
73,338,36,35,38
375,284,41,44,47
930,162,48,46,49
401,29,41,33,31
282,200,46,40,59
823,59,48,48,52
643,425,42,42,48
665,68,44,46,51
210,154,32,32,30
490,101,43,41,44
267,337,43,44,46
102,184,242,244,255
801,349,48,45,52
206,366,45,45,45
1057,17,83,71,62
862,332,46,43,52
856,70,51,48,53
115,74,147,128,151
402,145,41,39,44
487,485,117,109,61
1109,417,233,233,248
683,67,47,45,49
1192,478,238,236,250
75,497,48,48,49
839,418,58,55,57
1150,33,236,234,251
101,15,115,105,118
776,96,48,46,50
988,75,70,62,57
107,45,185,188,205
690,150,50,45,49
1193,130,239,237,254
654,446,45,41,46
1179,427,238,235,249
225,55,208,196,220
405,480,61,54,53
1198,284,239,237,252
511,53,61,60,62
10,156,169,30,34
458,405,56,56,60
538,140,43,45,46
640,359,42,45,46
754,272,46,46,50
762,383,45,45,48
798,26,51,49,53
65,493,45,47,52
417,76,37,34,39
1135,465,228,224,238
191,466,49,46,51
1024,338,48,48,53
937,281,45,44,50
525,65,42,45,42
395,389,41,42,45
202,438,47,48,49
1132,443,227,226,241
937,377,47,46,48
803,243,243,239,255
1173,84,235,237,253
854,466,50,49,50
669,407,44,45,50
988,444,146,148,125
392,46,32,25,27
595,290,43,44,49
391,226,207,209,233
1035,432,48,47,49
1056,427,49,50,54
91,62,191,188,206
853,425,47,47,60
1116,250,233,228,246
1061,105,52,51,54
38,100,30,28,28
360,405,48,45,45
946,190,48,46,50
652,196,236,236,255
285,321,43,44,44
467,418,43,43,47
579,362,45,46,49
767,432,52,45,51
853,156,46,47,53
44,69,116,107,115
1184,292,239,237,253
1128,279,226,226,244
1037,453,50,46,54
656,276,44,45,46
168,350,43,40,45
1116,380,233,230,247
209,477,49,46,49
1191,285,241,236,251
3,277,33,29,32
1047,462,47,48,51
343,256,209,207,227
574,361,41,44,47
86,162,32,26,25
293,254,199,198,218
935,316,42,47,49
278,472,96,89,62
453,438,172,170,185
544,47,46,44,45
198,65,39,33,34
431,157,45,42,46
891,38,108,106,106
8,117,148,21,32
565,376,42,44,44
1107,215,239,236,253
1104,322,235,235,254
631,170,52,50,54
1082,27,250,246,254
364,434,71,65,53
1007,464,51,49,53
1082,499,250,248,255
242,119,32,27,29
507,189,217,215,236
352,30,39,32,31
668,131,45,45,50
363,204,192,193,213
179,29,180,163,187
164,166,42,39,47
868,488,143,132,82
627,355,42,43,46
559,352,43,42,45
158,495,51,46,52
517,347,42,41,46
583,299,43,48,51
459,3,58,47,37
954,247,45,47,51
532,101,44,43,48
458,250,223,228,245
1137,477,224,226,242
1103,178,238,238,255
685,298,48,46,49
50,297,37,30,33
910,462,46,49,51
372,225,210,206,230
970,266,47,46,52
593,111,43,43,47
1038,439,42,47,51
373,383,40,41,43
798,166,48,47,51
378,282,49,45,51
759,232,237,235,254
1142,266,235,229,248
1193,164,242,237,255
471,452,147,152,162
1107,118,235,233,253
637,161,47,47,50
501,330,41,41,45
1161,246,241,234,251
331,377,44,43,44
295,158,36,33,37
1174,5,237,237,253
322,384,44,44,46
396,275,49,48,53
990,335,51,44,51
66,460,46,45,50
925,105,48,46,53
129,186,217,217,244
126,160,206,209,232
546,245,226,226,250
331,40,71,62,60
1179,39,239,237,253
459,327,42,39,47
992,242,47,46,50
1120,367,232,231,249
363,125,34,33,33
1136,339,228,229,244
389,400,46,46,49
657,85,46,46,48
1149,164,231,231,249
903,26,101,95,85
921,185,51,46,53
95,164,38,24,28
49,207,64,78,59
1048,35,89,78,64
68,266,35,29,32
520,24,22,22,21
137,289,37,34,36
881,215,50,48,51
703,395,104,100,104
1148,130,236,233,249
809,287,50,48,51
675,430,44,44,50
490,301,40,46,46
1181,266,238,235,252
89,431,49,48,53
75,106,152,21,34
333,480,139,138,151
1114,173,235,233,252
645,316,46,44,48
34,432,48,48,53
1080,92,246,245,255
466,155,43,44,48
146,220,199,193,215
85,65,193,191,210
851,403,44,46,48
559,46,45,44,46
13,52,66,66,69
46,18,64,61,64
1066,0,102,77,67
13,259,38,30,33
206,469,47,44,48
548,99,46,42,46
1147,467,235,230,247
305,433,63,63,56
1151,188,233,231,247
1185,367,237,235,253
1026,59,178,165,129
74,381,40,43,45
1144,344,231,228,245
539,176,46,49,54
1071,431,213,199,153
53,342,39,40,43
351,200,152,154,176
684,453,105,81,57
743,477,117,115,103
1084,365,64,56,68
927,373,46,47,51
657,79,45,44,47
660,217,187,184,234
475,272,53,54,58
914,78,48,48,49
91,55,31,31,34
793,450,46,47,48
143,78,167,152,173
1049,276,232,240,241
814,367,44,45,47
192,396,43,43,46
1119,148,233,230,249
1181,17,236,234,254
876,328,43,46,49
83,437,49,46,54
504,336,44,41,44
395,304,43,45,44
351,277,44,44,47
820,487,160,158,165
322,121,28,28,31
873,452,48,46,50
405,467,64,61,55
846,127,48,48,51
425,409,42,46,48
977,261,46,46,52
105,415,45,45,46
911,220,50,49,52
123,97,190,159,182
175,367,44,42,44
711,408,44,44,47
450,4,35,31,30
279,244,58,51,58
45,62,112,106,113
63,388,42,42,47
353,81,26,25,28
947,34,95,74,61
1159,25,238,235,252
925,166,44,49,51
498,391,41,42,44
708,224,227,232,244
527,428,45,42,48
1062,334,47,49,56
412,257,230,227,250
292,95,32,27,30
194,309,41,41,42
326,25,38,38,42
1038,217,48,48,53
110,484,51,47,51
1044,21,106,85,64
231,360,45,43,46
902,218,51,48,54
409,52,36,30,35
989,188,49,48,54
239,278,207,204,226
479,334,45,46,48
800,472,165,162,158
618,290,47,46,46
604,449,171,179,195
1113,454,231,230,245
274,386,46,43,47
164,138,132,132,150
1025,403,50,48,52
1118,321,231,231,247
831,464,43,48,50
185,324,43,40,43
450,264,234,233,255
750,208,243,241,255
710,138,46,46,52
185,41,182,154,173
315,271,43,45,48
808,413,81,95,130
623,146,45,44,46
516,108,45,43,46
335,297,40,44,47
803,195,47,47,50
332,282,44,44,48
940,207,48,47,50
288,204,174,169,187
143,15,197,194,213
249,470,95,88,58
511,400,39,41,45
1155,470,233,230,247
497,55,44,42,45
1056,258,48,49,55
1053,91,62,59,58
1019,50,97,80,63
468,169,45,44,46
65,227,110,106,107
318,145,34,31,33
381,68,29,25,28
801,335,46,45,48
1141,455,228,227,243
826,345,48,45,49
496,390,43,42,48
954,120,48,46,51
386,172,47,42,47
404,16,36,28,26
1172,120,239,237,254
753,303,45,48,48
504,26,86,63,49
199,391,42,42,46
407,33,35,31,29
944,484,46,46,49
481,241,57,58,65
845,62,50,48,52
492,492,125,112,68
286,90,30,27,30
721,168,45,48,51
1006,26,111,83,65
749,71,48,46,48
549,406,40,43,43
832,465,46,48,52
24,405,48,45,50
237,379,41,43,45
1005,421,43,50,50
291,252,197,197,219
834,470,51,49,52
400,256,224,222,242
558,358,48,44,47
295,17,165,166,188
187,309,39,40,43
80,158,162,37,38
677,67,48,47,49
15,75,110,100,109
366,456,82,72,66
344,146,35,35,36
844,318,44,45,49
902,449,51,48,53
62,13,232,230,251
1131,417,229,228,246
736,431,43,44,47
720,36,75,57,55
568,127,48,45,48
808,38,54,49,55
126,26,31,27,30
1106,142,239,237,252
736,323,49,48,51
9,166,167,45,51
512,27,84,64,49
334,142,34,30,36
1019,438,46,49,52
629,299,45,46,48
765,403,53,46,63
943,175,49,48,48
667,3,49,50,51
155,171,203,203,229
29,121,151,25,33
51,84,187,186,208
573,335,42,44,43
456,311,45,48,48
608,485,188,187,198
983,479,49,47,51
533,494,142,134,120
51,113,150,31,36
228,17,174,163,187
344,410,41,44,48
983,316,45,46,48
146,359,43,42,44
480,132,44,42,46
862,416,57,52,69
248,205,44,41,47
284,10,116,117,137
763,22,48,50,51
327,280,45,42,48
1153,411,235,233,250
1160,470,236,232,249
864,146,49,51,53
995,133,48,48,52
56,251,33,33,32
177,168,43,37,45
1049,197,47,49,54
148,327,36,38,39
742,104,46,46,48
1104,347,240,238,255
979,133,48,48,52
602,239,237,234,255
1157,418,232,231,249
590,425,41,43,47
1037,343,48,48,51
811,218,243,240,255
1150,406,233,231,247
1196,315,238,237,253
498,16,76,59,47
903,306,44,46,51
1166,404,239,235,254
371,320,43,44,46
1096,19,197,190,174
968,426,50,48,51
574,320,44,40,48
71,80,66,53,57
861,482,172,159,95
229,382,43,42,47
80,248,189,192,214
215,169,44,37,37
987,484,47,46,53
57,418,56,54,53
984,131,48,47,52
1155,466,232,229,249
726,356,46,43,52
646,367,46,44,47
11,109,144,22,28
820,10,78,77,73
1152,140,235,233,250
57,499,48,48,52
553,58,46,42,44
1155,423,236,232,248
244,10,185,172,195
367,164,40,41,42
225,50,206,197,216
876,64,90,78,67
212,482,50,48,48
935,427,46,48,50
81,47,46,40,45
311,378,40,43,46
3,487,51,50,52
222,401,40,45,48
307,82,28,27,27
436,366,42,41,45
558,191,229,229,252
786,288,50,46,52
987,138,49,49,51
115,154,202,192,212
498,306,42,45,49
1116,112,232,227,242
882,31,114,111,109
631,495,141,140,145
574,252,234,232,255
822,31,65,59,58
782,275,240,239,255
974,420,45,46,50
798,149,51,47,51
75,341,38,36,41
272,113,33,30,32
191,44,193,175,200
300,289,48,45,46
725,436,43,45,46
822,300,48,47,50
805,294,47,47,50
619,33,43,45,48
246,434,71,76,56
529,336,39,42,47
391,484,79,71,64
1061,355,50,48,54
218,168,42,32,38
1199,30,237,236,254
1144,201,233,231,247
413,487,92,79,83
266,491,90,77,52
291,207,131,127,137
282,496,94,88,88
624,203,155,152,181
200,19,191,174,192
1016,74,96,83,67
90,337,36,34,39
785,145,46,47,50
150,235,45,38,46
851,238,141,146,210
758,155,44,45,51
721,114,48,44,50
76,419,60,61,54
1053,282,64,52,78
482,253,193,191,207
1071,342,48,53,55
109,192,204,210,230
566,401,42,41,43
894,486,167,153,87
49,369,42,42,46
298,349,42,42,44
287,242,197,189,211
690,79,47,45,50
1121,328,232,230,246
1020,286,46,47,52
1081,429,249,248,255
1132,238,231,229,242
633,196,236,234,255
1185,72,239,237,254
813,457,45,46,49
36,167,170,29,39
104,180,216,215,238
463,243,98,78,103
206,52,68,40,57
978,200,49,48,52
196,388,40,43,45
1098,154,246,245,255
531,476,134,136,137
1136,38,230,227,243
571,231,233,231,255
368,127,34,33,35
383,334,44,42,47
1122,337,229,227,242
622,84,44,45,48
740,276,46,46,52
81,483,71,64,65
437,231,231,228,249
624,461,95,92,99
367,220,207,206,228
1088,352,190,170,168
981,185,49,47,48
69,459,51,47,49
484,296,49,46,52
409,204,56,50,67
751,276,48,46,51
757,355,43,44,48
221,57,197,191,213
958,224,43,48,51
811,484,154,149,165
813,123,47,48,51
741,101,44,44,50
981,120,46,48,53
745,151,45,47,48
1177,131,242,236,255
144,57,140,124,144
212,139,32,27,32
1056,79,72,66,61
219,304,42,41,47
92,198,247,248,255
16,173,115,107,110
721,109,45,47,48
433,137,42,42,44
234,362,44,43,45
125,168,239,240,255
306,421,44,45,47
754,76,46,45,49
768,330,44,44,49
651,395,45,45,47
701,456,113,95,59
269,335,44,44,45
538,405,42,43,47
1072,45,83,76,89
523,156,43,46,48
862,170,47,47,51
664,433,44,43,48
874,160,49,46,52
52,321,36,37,37
49,45,112,103,120
460,438,179,184,206
475,448,177,182,203
529,303,41,44,47
162,70,142,128,146
236,61,214,215,233
317,458,125,119,98
834,62,48,49,51
670,411,43,44,49
389,377,45,44,46
345,234,201,201,222
10,447,52,53,53
166,95,203,191,212
227,294,43,42,45
8,289,37,31,36
772,34,49,50,50
63,403,48,45,49
323,415,43,43,46
942,324,47,45,50
1015,380,45,47,51
1083,259,225,230,251
1040,476,50,48,53
117,28,27,30,31
14,108,142,19,32
274,190,186,183,202
210,31,178,140,152
579,386,39,43,44
46,222,33,31,33
705,42,49,47,53
931,173,44,48,51
111,62,155,137,160
411,164,41,44,47
248,489,58,57,53
737,411,44,45,47
174,12,162,145,167
1187,273,242,236,254
984,407,46,46,50
731,252,236,237,255
135,89,153,140,164
417,399,43,44,44
834,364,43,46,47
207,291,40,41,44
204,158,32,28,28
1059,450,50,49,54
477,218,149,147,169
518,418,42,43,47
1122,487,226,223,242
739,147,46,47,50
910,491,178,163,98
438,172,46,45,46
639,461,169,169,189
0,201,30,28,31
171,151,37,38,43
964,177,48,49,52
257,410,46,43,48
450,436,136,127,129
528,85,47,44,47
390,288,45,44,48
318,345,46,44,45
1097,355,244,240,255
883,458,50,47,52
301,250,201,198,222
20,451,49,50,52
1069,496,141,129,62
188,166,39,32,34
520,47,29,28,28
873,236,239,235,255
153,181,205,202,224
28,209,28,28,27
199,494,43,46,48
870,113,47,46,50
704,448,45,46,47
820,420,51,52,58
71,382,43,44,45
140,239,180,188,205
497,319,44,44,47
150,343,40,38,41
589,36,43,44,47
323,252,206,204,224
154,412,44,42,48
318,411,44,44,47
1139,81,229,228,244
730,95,50,46,46
731,369,46,44,47
353,127,32,33,34
400,176,43,43,47
564,454,130,125,132
155,496,51,48,51
161,101,200,189,213
1094,35,243,239,255
347,77,29,27,28
850,83,48,48,52
5,68,63,56,66
664,253,46,46,49
114,136,37,26,29
67,224,138,136,148
1190,12,239,235,250
1173,265,239,235,254
184,91,36,30,31
563,303,45,45,45
1124,412,230,228,245
504,70,86,87,91
775,72,48,46,52
225,5,171,157,178
992,267,45,49,50
1067,200,53,51,56
975,72,77,66,58
970,18,102,75,61
8,168,114,101,101
1023,69,99,88,75
13,322,42,40,42
643,2,51,50,52
825,407,46,48,49
1067,420,53,54,56
1137,192,230,228,243
356,221,200,198,222
283,219,190,188,208
770,450,50,47,48
421,193,221,220,241
283,20,213,213,235
639,479,130,123,115
721,253,235,235,255
559,375,42,43,45
1191,380,239,237,254
100,128,160,30,33
828,6,92,91,84
34,114,147,24,33
735,116,43,45,48
767,438,47,47,50
958,340,46,45,50
582,378,41,44,44
489,167,71,69,72
639,160,46,47,50
223,470,69,68,55
1117,104,231,227,245
216,155,29,30,29
1042,33,105,86,63
158,353,37,40,44
1057,307,56,57,59
365,291,44,42,49
568,324,42,45,45
1140,190,233,229,246
702,317,47,44,49
418,245,225,224,246
1029,66,102,90,76
628,325,39,45,46
1179,165,239,236,253
65,378,48,44,48
597,37,40,45,47
135,165,163,172,190
714,221,73,71,100
222,128,37,29,34
857,141,45,47,51
852,231,240,240,255
250,346,42,45,46
540,223,229,226,250
874,166,43,47,52
646,70,47,45,49
484,121,43,45,44
411,185,194,193,209
581,381,45,42,46
338,316,43,43,45
955,311,46,47,51
521,332,44,43,46
467,131,39,42,43
1172,416,236,233,249
274,443,71,71,50
527,32,39,34,36
638,216,112,113,141
155,193,196,195,213
70,392,40,46,45
466,465,182,183,201
786,17,51,50,52
1162,478,234,234,246
1086,180,209,207,228
671,19,49,48,52
727,498,154,151,159
349,133,33,32,35
664,94,47,46,49
614,492,130,125,106
128,348,40,37,39
1006,464,50,48,51
868,305,43,47,48
922,468,48,46,49
293,404,43,43,42
971,172,50,48,52
125,374,41,41,44
394,18,38,29,27
18,226,31,28,28
361,139,33,36,38
461,445,172,177,192
125,237,200,199,217
281,414,43,44,48
52,217,79,72,81
735,60,44,47,51
751,260,236,237,255
482,400,44,44,44
1130,46,228,228,244
565,56,44,43,47
877,122,52,45,50
356,17,38,32,33
463,298,77,79,82
130,195,197,197,224
105,408,43,45,46
305,432,74,73,54
53,315,38,34,38
436,241,72,54,69
262,242,162,166,187
134,405,43,44,45
215,437,44,46,48
783,140,44,49,51
95,314,34,31,35
415,465,137,126,136
901,332,45,45,49
553,455,142,138,138
829,293,48,46,50
44,199,72,71,72
781,37,47,50,53
850,329,43,45,52
986,81,62,58,56
1076,339,48,52,57
566,378,41,44,44
188,410,44,46,46
1181,328,239,235,252
558,61,44,44,47
963,355,47,48,50
1149,247,234,233,247
198,492,45,45,46
1190,340,238,235,252
305,126,34,27,30
461,393,50,51,54
877,438,47,46,50
1129,165,231,226,241
258,404,43,44,47
1152,496,234,228,244
577,39,45,45,47
809,388,46,46,50
506,216,216,213,234
116,481,44,48,50
416,250,227,225,247
488,325,41,44,47
979,73,77,65,58
7,225,26,25,30
161,341,37,38,41
19,146,163,26,34
367,376,42,43,46
831,127,48,47,51
627,101,44,44,44
711,14,69,56,51
933,440,50,48,53
1036,446,47,49,50
535,94,41,43,47
902,138,51,47,53
446,243,125,121,117
803,108,46,46,51
318,287,42,42,46
80,189,37,32,35
736,342,45,46,55
297,350,43,42,47
763,130,49,45,50
794,5,53,51,54
851,269,51,50,55
120,56,158,140,163
1009,169,49,49,54
723,300,44,46,47
181,26,163,80,106
98,292,37,33,34
689,116,46,47,49
286,85,34,28,30
501,228,217,219,236
89,205,148,155,177
24,147,165,23,39
68,275,32,30,31
572,207,59,58,65
175,184,191,186,210
540,261,228,229,251
606,284,42,45,47
206,234,163,162,182
851,137,48,47,52
214,204,108,102,117
826,407,46,48,51
389,303,46,43,47
474,22,59,49,45
1011,107,48,48,52
561,131,47,45,47
107,16,117,108,120
940,447,72,60,82
106,96,155,26,36
59,75,28,26,27
608,327,44,42,47
888,79,47,47,51
114,144,184,184,192
344,474,68,65,59
136,82,156,144,166
342,51,32,21,26
64,53,118,107,115
554,445,137,133,131
626,484,175,173,188
1098,334,242,240,255
220,243,62,50,51
240,15,189,174,195
572,221,232,233,255
1025,447,48,45,51
707,424,42,43,46
120,357,41,38,41
782,480,154,151,161
126,483,47,49,50
675,162,48,44,51
746,201,239,238,255
1027,390,42,47,51
170,428,121,117,108
257,171,191,186,209
176,345,41,41,45
1015,3,99,79,62
250,122,35,26,29
635,453,192,197,217
491,235,69,64,82
64,416,71,70,59
367,448,100,97,92
879,205,50,48,51
646,216,236,237,255
589,130,46,45,46
338,318,41,44,48
839,379,43,44,45
801,126,46,48,50
612,66,45,44,48
1060,359,48,50,54
725,283,45,44,51
108,103,159,29,38
834,123,48,48,52
497,400,37,42,47
754,134,46,48,50
502,268,54,49,61
479,107,43,43,45
813,453,44,46,48
801,35,53,52,53
927,304,42,44,48
465,92,42,43,46
41,250,33,28,30
393,427,44,43,44
355,121,36,32,34
288,279,42,41,49
778,55,47,46,51
400,202,168,168,192
576,200,193,188,189
906,409,46,47,50
946,133,47,46,51
431,346,41,43,46
317,455,84,82,54
576,172,44,45,48
834,332,47,47,51
1121,385,232,231,247
626,24,49,48,50
1186,463,235,234,249
826,93,45,45,48
76,73,32,32,32
212,469,47,46,48
623,477,180,178,193
269,12,37,31,34
80,461,56,51,51
205,355,44,41,46
188,244,201,198,220
943,349,53,46,51
788,153,45,46,50
605,74,41,45,45
728,107,46,46,47
739,78,45,46,49
62,316,35,33,36
31,121,149,23,32
782,246,242,240,255
102,340,38,37,39
1029,193,47,47,50
852,89,47,47,50
103,365,39,41,43
210,192,188,185,204
533,421,41,41,46
1050,363,50,47,52
811,211,241,241,255
385,233,210,212,235
590,79,41,44,47
249,430,61,63,51
414,59,34,32,33
962,25,95,73,60
756,445,47,46,52
489,371,40,43,44
498,147,32,31,33
13,210,29,29,31
755,257,235,237,255
489,170,67,65,71
64,49,114,105,113
1011,140,47,50,53
785,175,47,45,51
968,69,87,73,62
837,274,45,48,53
182,381,43,43,43
534,339,44,41,44
1123,43,230,226,243
422,312,43,44,47
734,235,240,241,255
149,108,35,27,27
323,228,197,197,220
1134,44,230,227,243
297,211,192,190,210
378,485,69,65,56
759,111,48,48,51
450,136,47,41,46
283,312,44,42,46
604,161,44,46,49
645,269,46,46,49
413,198,146,139,170
324,375,45,43,47
987,78,62,57,56
218,354,46,43,47
842,389,46,44,49
637,370,42,44,45
655,457,61,56,53
466,50,37,42,41
199,83,196,190,210
714,265,50,46,51
1057,486,52,50,55
318,0,75,67,83
526,155,44,45,46
242,134,29,26,28
1032,141,49,50,53
635,451,184,195,215
749,279,46,47,51
540,67,42,43,45
808,408,57,47,48
3,486,49,50,49
1046,393,48,47,52
61,243,32,31,34
245,471,99,94,61
1083,294,116,119,141
452,11,47,38,35
1042,1,98,75,64
1076,217,241,244,243
581,15,93,82,61
349,491,65,61,54
1183,247,240,236,253
1169,282,237,234,251
167,418,42,46,45
918,328,47,46,49
623,314,42,47,47
446,241,87,81,81
508,116,38,34,37
192,246,203,196,219
1168,55,236,237,251
522,286,46,42,47
783,103,49,48,49
470,83,44,41,44
339,151,33,34,38
1158,337,239,234,252
275,421,44,44,48
1118,29,235,229,246
23,424,51,50,52
30,137,159,24,35
76,330,35,35,38
667,191,237,238,255
890,15,76,72,67
897,136,48,48,50
925,99,49,47,52
485,244,192,192,207
1194,389,237,237,252
1012,257,46,48,51
114,223,199,198,221
55,246,33,29,27
708,170,41,46,49
1003,226,49,47,50
441,369,40,46,48
523,15,55,42,36
784,86,49,46,49
352,299,43,43,48
1144,429,231,228,245
918,83,44,47,52
706,425,44,44,44
36,122,151,25,32
99,418,50,52,53
1073,468,243,243,254
800,405,46,46,51
639,87,45,45,48
370,7,41,31,33
367,20,40,32,29
1071,231,51,51,56
797,264,242,240,255
425,489,98,97,109
280,161,37,36,37
800,462,51,48,50
645,297,44,44,46
1157,227,234,234,249
369,446,148,155,163
364,26,38,28,29
1152,467,231,229,244
382,227,212,211,234
239,487,57,58,53
561,318,41,43,46
795,359,44,44,48
580,309,40,44,46
1002,98,45,47,52
168,468,54,52,52
1094,2,96,84,125
271,156,31,29,29
526,438,142,142,152
589,46,47,44,50
819,346,45,47,49
801,23,52,49,52
1028,323,45,48,55
1064,422,52,49,55
106,337,36,35,40
926,382,43,45,48
653,445,46,43,46
986,298,44,45,50
967,50,83,64,60
190,491,47,48,49
93,498,47,48,51
760,492,156,152,157
1180,127,238,236,254
1093,203,239,239,253
874,218,54,50,56
1198,303,239,236,253
1061,32,116,104,98
153,370,42,41,44
179,204,51,42,50
155,484,45,46,49
1035,389,53,50,55
801,372,46,45,47
1103,325,237,235,254
70,44,114,104,115
288,67,34,33,34
460,133,42,43,44
756,410,51,43,70
537,434,112,107,93
337,451,62,58,50
777,432,47,45,50
658,275,43,44,47
677,171,48,47,50
663,74,40,45,48
192,381,44,45,46
340,259,211,209,230
330,195,190,191,212
619,40,46,45,49
1115,147,234,232,248
1125,165,232,228,246
388,285,47,45,49
1195,293,241,236,253
706,167,44,47,47
1029,212,48,48,54
375,228,210,212,233
841,203,48,46,52
1182,414,236,234,254
66,261,35,34,34
500,46,43,43,43
286,391,40,44,45
560,237,230,227,253
194,355,45,42,47
1040,80,69,63,59
205,352,39,42,46
209,330,38,43,43
291,473,117,109,73
848,99,49,47,49
121,142,34,27,27
330,333,40,43,44
143,17,196,195,215
644,459,192,201,222
944,27,86,64,58
113,245,214,209,233
262,227,192,188,209
285,71,35,30,34
24,175,155,49,51
133,36,141,123,137
1152,108,236,233,249
507,44,44,44,45
397,86,35,33,36
427,459,148,96,86
979,328,44,44,49
125,338,35,35,39
1,251,29,31,30
42,187,114,98,97
1180,220,237,235,254
476,437,184,190,208
407,300,43,45,46
769,282,48,48,48
773,19,51,50,51
878,39,101,97,95
1176,259,239,239,254
657,116,46,45,49
423,492,164,160,181
76,369,41,41,43
221,356,47,44,47
917,72,46,50,53
264,70,46,46,50
190,128,39,45,49
91,276,39,32,36
267,329,47,42,46
63,474,48,48,52
1125,275,227,226,241
518,203,217,219,236
266,210,49,47,51
742,81,44,48,47
1152,246,236,232,247
652,408,41,44,46
1144,16,232,230,244
348,393,40,42,44
370,116,32,33,34
946,293,44,47,47
162,351,39,39,44
293,124,31,27,30
721,367,44,45,47
1071,297,53,52,57
183,59,168,158,178
565,113,44,44,43
1135,177,231,230,244
57,190,39,29,32
131,251,210,208,231
880,129,55,48,51
136,341,37,37,38
665,45,48,46,49
360,373,43,43,47
721,83,44,46,48
370,364,45,42,47
865,146,46,48,51
867,299,45,48,52
58,85,190,187,207
937,181,44,47,48
875,36,101,98,94
109,160,108,97,129
409,61,38,31,33
1111,311,232,230,246
1164,400,235,234,251
922,101,44,48,52
890,403,47,45,49
922,216,49,47,50
525,177,108,108,115
93,285,36,32,34
146,150,140,134,156
81,498,53,46,51
847,230,243,239,255
570,150,43,44,47
595,343,38,41,44
376,97,29,30,32
328,163,41,36,39
833,199,49,47,53
622,121,44,42,46
661,306,45,46,49
934,125,46,47,50
917,163,44,49,47
892,231,242,238,255
790,364,43,44,48
730,417,43,44,49
1137,162,227,226,242
956,117,47,49,53
171,335,40,39,43
722,445,46,45,50
970,23,106,75,58
963,0,101,88,83
105,44,183,187,204
993,486,47,50,52
1145,4,234,231,248
333,454,66,61,54
208,133,30,35,36
367,83,30,26,31
488,304,44,45,48
1140,49,230,230,248
252,478,64,56,52
931,297,46,44,50
868,433,46,47,50
1045,28,108,85,64
169,32,174,154,177
396,382,41,44,43
208,221,192,189,207
771,317,43,45,49
855,298,48,47,50
872,283,47,47,51
359,344,45,44,45
106,130,162,29,38
1119,193,231,230,249
257,271,48,46,51
101,204,233,233,255
390,90,36,32,37
899,428,81,64,54
1160,101,236,235,250
205,43,167,48,73
463,215,94,89,93
883,169,45,49,53
80,112,156,23,35
897,29,89,84,78
600,244,238,236,255
733,432,43,46,47
878,124,48,49,49
878,455,46,48,50
821,320,45,48,51
755,333,45,42,49
674,60,46,46,49
125,365,41,39,42
384,76,31,28,31
538,22,52,48,48
54,23,63,61,63
952,442,49,48,52
914,485,54,52,54
862,443,46,49,52
564,340,44,43,46
27,427,50,50,51
282,402,40,43,48
1158,315,236,233,248
547,113,44,44,47
319,29,42,40,43
907,207,51,48,51
1148,376,232,229,245
494,464,153,155,166
969,307,45,47,49
902,247,242,237,255
552,419,42,41,45
319,306,45,41,45
614,419,44,42,44
868,462,45,50,51
544,344,38,42,45
94,140,161,27,35
1116,0,237,232,249
49,437,47,49,53
1004,366,46,47,51
223,260,205,203,224
217,67,47,37,48
298,70,32,30,29
1193,389,237,237,253
968,20,100,73,60
5,366,48,43,47
55,363,40,41,43
952,355,44,47,50
1157,50,236,233,249
180,153,36,37,40
966,207,44,46,49
1192,83,240,238,254
1166,482,231,232,248
510,444,162,162,176
286,212,51,43,55
1155,216,233,233,250
556,123,47,44,47
315,477,126,119,117
1044,128,48,49,54
1163,24,236,234,253
567,103,43,44,46
1062,87,62,59,59
110,467,48,49,51
1180,55,241,237,255
223,132,34,28,32
886,428,90,73,110
50,402,44,45,46
81,33,117,109,118
235,269,205,204,224
467,57,39,41,43
251,429,79,74,58
440,420,48,49,57
202,335,39,41,46
921,49,97,94,88
502,252,219,219,242
159,45,148,133,155
59,448,50,50,56
983,282,46,48,49
693,239,238,234,254
945,50,76,61,56
162,134,104,115,127
845,365,42,45,48
409,218,217,218,237
317,362,44,44,46
313,8,57,53,53
202,69,48,35,47
134,377,40,42,43
1021,80,94,82,66
930,270,47,46,49
1070,440,50,50,55
856,353,47,47,50
841,383,44,47,51
1090,217,117,102,158
1100,149,243,242,255
194,15,183,161,182
914,191,46,47,48
314,368,43,42,45
817,74,48,48,51
224,439,44,47,46
967,271,48,47,50
1124,436,230,229,245
923,271,43,47,49
1121,297,227,225,243
1194,346,241,237,251
641,451,194,199,221
223,191,188,184,204
307,176,186,185,205
241,124,35,26,31
518,15,66,60,60
387,419,45,43,46
396,449,199,205,223
454,357,14,25,25
1116,452,230,228,245
246,137,30,26,30
1182,411,237,235,252
876,94,47,48,51
542,382,36,41,44
745,245,244,241,255
204,124,38,35,39
253,341,43,43,47
1071,359,77,63,55
315,162,40,34,38
84,291,36,35,36
263,121,32,27,27
251,73,40,44,49
534,417,42,43,46
295,59,40,33,38
1169,138,236,235,253
88,87,154,26,35
507,414,43,41,45
234,87,42,40,46
405,283,46,46,48
262,150,35,26,30
355,443,87,81,54
284,153,35,28,32
662,225,236,239,255
597,353,43,40,46
486,448,169,174,193
796,24,55,50,52
100,298,35,32,32
496,292,47,45,51
442,388,49,52,54
1009,450,49,46,51
515,319,41,44,47
588,465,115,106,91
1041,304,223,230,235
584,114,44,44,46
896,196,46,46,52
572,325,45,42,46
628,187,238,234,255
445,271,231,232,254
807,405,52,47,52
319,155,34,33,36
368,283,39,42,46
213,393,41,44,46
1112,25,235,233,249
431,426,48,46,52
986,337,44,46,49
643,320,46,43,47
480,185,47,47,51
1056,215,52,49,52
305,332,43,42,47
176,73,136,126,144
607,432,41,44,47
550,265,231,229,254
977,396,47,46,49
486,144,46,44,45
877,294,46,45,48
836,312,47,46,53
639,44,50,44,49
976,99,48,50,49
815,202,48,48,52
304,257,203,203,223
1174,488,236,235,249
698,61,47,46,47
151,435,49,48,50
693,347,46,46,48
846,301,47,45,47
669,44,47,45,50
337,468,141,140,149
878,183,45,47,51
731,432,46,44,48
90,371,39,40,45
147,441,48,48,51
1044,488,49,49,53
578,65,43,44,45
313,110,29,26,26
674,49,45,47,48
404,493,85,78,66
837,128,48,47,52
638,380,42,44,47
923,291,45,47,51
952,250,45,47,51
321,431,67,65,51
632,377,41,46,46
1149,249,232,231,247
1045,122,51,49,53
295,53,42,38,42
425,419,41,42,45
181,105,126,123,148
619,252,233,234,254
538,354,42,42,43
736,86,47,45,48
755,274,48,47,53
328,284,44,42,46
275,168,187,182,202
1031,5,109,80,66
449,247,230,230,250
1076,383,245,246,255
439,362,45,45,48
731,192,239,236,255
219,131,35,31,36
188,72,198,185,209
428,463,150,109,94
555,442,147,143,154
276,311,41,42,44
550,393,46,43,48
266,159,31,32,33
167,353,43,42,41
2,9,223,223,246
911,369,44,44,48
425,132,42,42,46
1029,86,72,67,60
456,336,79,76,83
747,280,46,45,50
895,14,95,85,84
597,366,44,42,43
997,193,46,48,51
1075,220,211,199,163
263,409,42,44,49
489,465,175,176,193
53,418,55,55,55
1141,15,232,230,247
1135,59,230,228,243
1127,75,228,226,243
1173,358,237,234,252
1,322,41,40,47
1164,198,237,237,253
0,409,46,46,48
427,163,43,43,46
92,147,162,32,38
408,84,40,34,37
249,436,70,70,54
1131,434,225,226,243
15,116,148,22,30
415,383,39,42,47
692,173,47,50,51
128,134,29,28,30
366,298,42,44,48
955,338,45,47,51
299,68,34,27,33
409,84,37,33,36
917,118,50,49,51
280,148,35,27,33
950,128,46,45,52
99,46,30,28,29
153,6,35,35,33
539,497,163,152,121
503,422,39,42,43
302,403,47,43,48
856,333,44,44,50
92,251,216,212,239
860,452,45,46,49
1006,320,45,45,50
130,382,41,44,45
574,56,43,46,46
411,129,41,42,44
73,117,153,25,33
776,490,155,149,158
274,364,44,42,47
790,87,49,44,52
974,76,64,56,55
802,215,241,239,255
1166,205,239,236,252
976,229,47,49,51
494,301,44,44,48
333,68,28,24,30
739,11,49,50,51
737,94,48,45,48
201,228,193,190,210
615,133,44,45,48
831,452,44,45,48
987,476,43,47,50
719,212,236,236,255
228,460,87,84,56
420,469,159,151,151
1151,476,229,226,244
364,91,36,29,33
1093,415,243,241,255
861,168,47,47,51
997,493,47,49,52
302,179,188,189,206
525,337,38,40,44
247,91,43,43,48
655,100,47,46,50
697,456,124,103,73
400,285,43,45,48
543,226,227,226,250
674,293,44,44,49
80,493,52,47,51
78,472,87,75,73
564,384,41,41,44
12,184,79,87,83
141,436,50,50,49
712,291,43,46,48
424,230,224,224,247
794,339,44,46,48
280,458,86,82,56
380,408,44,44,45
367,321,40,43,47
889,246,242,240,255
315,143,32,29,33
47,473,46,47,51
738,200,240,237,255
477,247,26,30,33
848,473,56,50,53
484,450,167,174,195
896,300,44,47,49
95,168,40,26,32
932,7,239,238,255
1189,389,238,237,254
523,351,44,41,47
485,46,43,42,42
62,38,113,103,114
696,477,125,98,74
1023,130,48,49,51
146,305,37,35,38
62,328,39,36,34
762,296,46,45,48
961,396,44,45,50
214,220,192,187,209
499,226,217,215,234
1040,330,52,48,52
1066,498,55,54,56
411,391,43,41,47
698,152,43,46,50
917,122,47,48,52
286,67,39,34,37
789,225,235,236,255
832,86,47,49,51
829,394,46,47,50
1054,374,48,49,54
491,420,42,45,45
301,395,45,44,48
706,133,45,47,49
38,246,33,25,29
226,112,34,34,38
581,410,43,42,44
1084,82,58,58,64
281,89,36,26,31
633,274,42,45,47
356,344,44,42,46
1147,227,232,232,245
387,242,68,65,79
492,189,177,175,188
42,286,34,31,34
822,89,45,48,50
939,360,48,45,50
785,439,44,46,47
321,32,42,36,42
1094,216,251,246,254
580,94,45,44,48
426,343,46,43,47
1123,297,228,226,242
127,160,232,234,254
494,346,46,43,47
788,427,47,46,49
789,119,47,46,50
915,422,45,47,50
183,473,48,49,51
174,363,43,39,45
850,452,48,49,53
201,111,43,45,52
597,241,233,235,255
644,102,43,44,47
1094,341,244,242,255
1066,100,48,50,53
1118,160,232,230,246
480,295,53,51,58
493,145,66,63,67
701,287,42,43,46
160,313,34,35,39
700,174,49,46,50
845,421,65,41,88
900,350,46,46,48
478,461,172,175,193
241,142,29,28,28
964,140,42,49,50
400,425,47,43,48
893,256,238,240,255
395,4,39,31,30
120,238,202,197,222
1072,435,80,73,93
642,490,149,146,156
511,402,44,41,45
146,427,49,49,53
1056,48,112,108,105
1152,338,236,233,246
487,284,47,47,52
768,288,45,48,49
188,472,89,91,103
957,7,110,81,63
425,237,221,220,238
424,119,40,41,45
879,445,49,46,51
703,443,43,43,44
810,55,49,48,50
840,332,45,46,49
575,82,45,43,49
298,106,31,25,27
261,278,42,44,48
48,335,38,37,41
122,69,155,140,163
145,357,36,39,41
770,102,46,47,46
234,222,189,185,206
99,328,35,35,36
1159,398,235,234,250
965,231,45,48,50
600,281,43,45,46
492,182,141,141,141
396,376,42,41,46
122,481,46,46,47
467,470,179,182,201
1112,14,234,233,253
821,71,48,48,51
488,271,47,51,54
1163,110,236,234,247
1117,362,230,231,245
892,86,49,48,51
876,248,86,74,142
8,263,36,29,30
136,372,44,38,44
989,144,48,47,52
23,260,34,32,33
1154,227,232,232,249
738,262,193,194,223
500,119,41,43,48
954,444,46,48,50
1016,58,104,87,71
774,0,50,48,54
486,333,44,44,49
958,145,51,48,54
644,216,230,235,245
593,388,40,42,45
373,463,71,57,53
734,281,45,47,50
283,112,30,28,29
53,464,50,47,50
146,157,155,157,173
1127,108,228,226,241
157,249,205,204,225
577,293,47,45,48
44,380,45,43,45
770,386,44,46,49
804,334,41,46,48
698,338,44,44,49
451,42,41,37,41
746,483,127,122,102
618,480,176,171,181
678,395,102,81,112
762,62,45,47,49
342,170,41,44,46
555,486,125,117,108
55,343,40,37,40
823,141,47,45,50
54,138,158,25,34
661,285,46,45,48
1076,470,237,237,255
589,338,42,41,44
0,132,159,25,32
44,71,117,107,114
536,417,39,40,44
25,90,114,92,86
115,75,146,128,150
9,220,30,27,30
297,146,30,28,31
353,220,206,202,226
781,450,49,46,47
795,338,46,46,47
663,492,108,81,55
246,309,44,41,48
103,56,147,128,152
31,78,115,106,116
22,297,34,31,35
1110,346,234,231,251
658,261,41,46,46
294,73,33,26,30
971,124,46,49,51
1185,316,237,235,253
176,244,198,198,217
1134,240,229,226,241
824,298,46,48,50
737,350,40,45,45
477,334,48,45,51
108,42,189,189,209
55,230,36,35,37
340,428,47,44,45
202,410,46,44,46
219,230,108,88,121
774,331,43,45,49
589,493,111,107,84
1055,257,49,51,56
310,236,191,196,215
898,208,44,45,49
347,80,30,27,29
929,391,48,47,48
54,74,28,26,30
722,417,46,42,48
12,211,31,29,31
105,93,156,32,37
386,194,205,204,225
549,277,46,46,48
477,418,38,43,44
1179,263,239,236,254
238,30,70,54,80
802,235,240,238,255
916,449,71,64,76
459,204,227,225,250
270,379,42,44,43
914,301,44,47,47
572,339,42,42,45
1145,332,234,229,249
76,197,88,85,96
890,69,51,48,51
420,120,42,41,44
699,145,43,48,52
412,311,44,45,43
449,300,48,44,49
851,13,97,92,87
492,301,45,44,46
788,9,51,51,54
749,490,160,155,157
587,200,82,69,100
1108,470,234,228,247
961,268,42,48,49
1024,234,50,47,52
155,265,209,208,230
136,472,46,47,50
69,142,173,102,117
1141,343,233,229,246
1040,42,82,71,61
709,133,48,45,49
26,412,54,49,50
27,50,85,68,74
408,457,64,60,56
1126,325,230,227,244
785,31,53,50,53
278,116,34,27,28
569,421,43,45,43
1179,28,241,237,253
522,0,65,63,63
56,217,112,109,117
636,33,46,44,48
248,131,33,26,30
556,406,42,43,45
581,378,41,43,45
1101,429,239,234,255
230,18,177,166,190
510,419,42,43,44
398,29,43,34,31
665,292,43,44,48
29,9,224,223,244
1088,359,253,250,255
1034,156,49,50,52
863,114,48,47,51
733,210,238,235,255
1002,100,43,47,52
398,164,42,42,45
383,105,35,35,36
1145,74,233,230,250
147,272,211,210,234
665,210,90,78,71
597,390,39,43,47
1184,248,237,236,253
327,421,44,42,45
180,130,49,49,59
661,232,232,235,255
606,301,42,42,47
411,206,99,101,117
633,202,232,231,254
423,385,44,44,48
1033,91,51,49,53
134,196,59,58,64
742,285,42,46,46
1056,161,52,50,53
656,15,51,50,49
766,241,238,234,254
154,465,80,64,49
540,221,229,226,250
1166,182,239,236,251
164,318,38,39,40
509,133,44,46,49
199,428,45,47,52
536,410,44,43,43
844,21,94,88,86
973,488,48,46,51
1176,149,237,236,254
417,101,43,37,42
634,428,43,42,49
9,371,46,44,47
598,10,51,49,51
40,268,35,27,33
1048,14,72,66,59
528,477,130,129,140
855,197,47,49,54
1026,496,48,48,52
874,474,49,49,53
456,100,44,42,44
717,15,92,64,57
1172,369,238,236,252
178,217,193,187,209
269,470,106,101,74
458,3,58,47,36
202,428,49,46,48
282,489,81,73,62
692,117,45,46,48
991,208,49,47,51
878,345,45,45,52
720,98,50,44,47
199,69,155,144,157
1058,208,50,50,51
808,279,47,48,49
756,400,142,136,138
625,388,38,42,47
874,250,158,157,175
656,101,45,46,48
972,495,44,45,51
511,307,43,44,48
470,492,114,107,59
984,108,47,48,50
329,229,63,59,64
20,415,58,53,53
1168,235,234,235,252
9,71,105,96,107
515,312,41,43,46
359,297,42,44,48
1143,43,234,230,248
694,219,239,235,255
932,144,48,49,48
141,238,197,196,217
33,147,163,31,40
730,19,48,50,52
292,244,59,53,57
529,477,119,116,128
309,125,33,30,31
1097,245,240,238,255
819,312,42,46,51
809,74,47,46,51
45,39,50,40,53
1161,376,234,233,248
733,308,45,45,48
744,303,48,46,52
118,451,47,48,51
1128,84,229,226,244
380,394,43,46,45
345,298,40,43,48
16,464,45,46,48
772,252,241,242,255
693,77,47,45,48
94,31,123,114,124
721,229,237,234,254
1081,371,57,56,59
196,484,45,47,51
791,8,49,51,52
576,371,44,42,46
614,76,45,46,49
1024,150,48,49,56
1155,110,235,233,250
272,162,51,40,50
1122,21,232,226,243
907,480,53,48,49
201,123,37,36,41
553,190,234,228,252
502,146,35,35,39
265,118,36,27,27
826,265,50,49,56
71,290,35,29,27
195,93,113,112,130
412,233,223,220,242
213,42,198,184,210
1097,91,242,240,255
1199,329,239,236,253
1142,494,227,225,243
1096,187,250,248,255
41,435,51,49,51
444,280,51,47,54
790,11,52,50,54
709,13,63,54,56
510,366,41,44,42
115,188,193,203,224
713,388,46,45,49
1140,110,229,229,245
871,29,106,102,99
1005,296,44,49,51
171,315,40,40,41
590,34,45,46,48
249,241,65,58,69
181,492,45,44,50
950,55,69,55,57
835,385,47,44,49
544,394,45,42,45
1071,360,76,62,53
1130,464,225,223,242
832,376,44,46,48
696,30,51,52,53
351,23,37,30,29
1194,197,238,237,251
497,240,213,215,236
527,193,222,221,245
1136,294,227,226,243
311,140,30,26,33
289,311,45,43,46
784,197,43,48,50
1031,489,48,49,54
216,10,182,167,192
27,1,123,116,137
328,449,60,57,53
678,10,49,49,53
357,114,36,30,32
68,131,155,25,34
1045,30,107,81,64
673,490,110,83,61
991,138,48,48,52
437,18,41,35,35
207,282,210,210,232
410,88,34,36,37
1115,247,232,231,247
154,193,199,193,216
642,479,150,148,155
1014,66,87,78,70
1030,246,43,48,52
884,481,56,53,52
424,169,48,43,45
638,159,47,44,48
630,258,44,44,46
941,433,184,180,146
409,255,227,226,250
5,258,32,31,31
736,172,48,46,50
733,49,48,45,48
873,312,46,46,47
687,347,43,47,48
363,292,45,43,46
1018,144,47,49,55
1092,166,235,232,253
135,261,214,211,236
961,240,50,46,52
678,271,42,45,50
341,67,30,22,27
440,69,36,37,39
1024,396,43,47,49
1106,347,236,234,253
810,125,43,48,47
201,316,42,40,43
1022,406,49,46,49
983,352,48,47,50
657,282,45,45,49
117,271,215,212,236
483,140,45,43,47
9,107,143,19,30
240,286,49,48,48
472,156,43,45,44
161,82,162,149,172
451,457,178,175,193
314,427,55,51,45
277,415,45,43,49
715,350,43,43,48
1020,169,52,50,53
982,88,45,48,55
661,46,43,47,49
234,34,35,29,32
471,88,43,40,46
283,462,99,96,67
639,302,46,43,50
670,371,44,43,48
763,133,45,47,50
559,28,48,45,50
392,29,60,46,34
348,195,196,195,215
545,279,44,45,48
519,149,43,45,46
885,489,177,161,114
137,33,135,117,138
896,467,45,47,51
237,105,35,36,39
284,406,47,43,46
378,190,205,201,225
632,14,52,48,53
434,324,43,45,49
162,44,149,133,157
841,0,99,95,92
1172,160,238,234,253
507,389,44,43,43
379,56,36,25,27
743,406,46,48,49
383,30,38,28,30
1041,453,48,50,52
138,68,165,151,173
880,114,50,47,52
71,88,152,25,31
264,314,41,44,46
92,486,44,48,49
456,389,46,45,43
523,139,43,44,45
331,24,41,36,36
387,101,36,36,33
91,135,160,29,38
886,324,47,46,49
1024,82,91,77,63
658,409,43,42,43
724,437,44,44,47
1057,460,47,50,53
136,63,156,138,162
1099,371,242,237,255
189,313,42,40,42
503,461,152,150,161
918,291,47,46,51
791,162,46,46,49
318,423,41,44,46
135,118,198,183,207
4,256,34,29,32
1099,101,234,234,255
188,224,179,176,195
1104,27,240,236,255
326,126,26,28,29
578,104,45,44,47
337,138,32,31,34
637,498,144,140,154
393,406,43,44,46
860,146,47,44,52
616,327,45,42,49
1156,482,232,233,248
85,140,161,27,35
406,41,36,29,31
906,327,46,45,50
1155,114,239,238,252
255,124,33,24,32
507,460,142,143,155
644,112,44,46,48
104,328,33,33,34
808,298,47,46,51
927,338,42,45,47
370,49,36,24,29
625,463,124,120,123
519,366,40,40,42
175,2,170,147,169
261,240,184,185,208
576,383,40,42,45
930,430,54,47,63
1023,154,51,48,54
456,284,47,47,50
1054,416,51,49,53
859,71,48,48,53
580,291,45,43,45
460,320,52,53,63
643,58,45,46,48
771,465,118,113,98
782,325,42,45,51
244,316,43,40,47
392,494,90,80,57
735,137,41,46,51
508,335,41,42,46
864,492,104,101,68
466,35,75,57,47
330,384,44,43,48
1017,185,48,46,50
746,240,241,238,255
888,56,104,103,100
812,237,226,224,227
8,479,46,46,52
504,489,122,106,68
164,149,42,45,50
214,458,48,49,50
296,182,189,186,205
1044,143,47,48,52
812,11,56,56,55
848,158,47,47,50
1021,462,45,48,52
175,44,171,155,178
81,330,36,34,36
571,255,234,232,255
140,190,205,205,227
297,81,34,26,29
366,345,43,45,50
1078,90,228,226,207
428,330,43,44,47
261,15,33,27,30
238,111,32,34,34
915,414,46,46,50
1027,46,103,76,63
546,108,44,43,47
629,396,43,45,47
787,470,169,162,170
197,21,189,168,192
1141,31,233,231,248
911,423,40,48,51
682,333,47,45,52
226,302,44,42,46
639,386,44,48,49
706,304,45,44,47
54,405,45,44,48
777,99,47,46,49
77,14,35,31,34
1178,430,235,235,250
760,485,156,151,154
109,417,51,49,51
152,108,36,29,30
539,123,45,45,44
400,167,40,43,46
859,414,47,48,46
61,75,29,30,28
860,64,48,48,52
1047,341,49,50,53
615,54,42,45,48
38,253,34,28,31
198,335,41,43,43
82,420,57,55,55
335,159,39,38,37
410,333,43,43,45
954,283,45,46,50
588,359,44,43,47
738,348,43,44,49
862,395,46,45,47
1157,319,233,231,249
1035,142,49,50,54
1118,106,230,228,245
407,132,42,41,42
796,79,46,48,49
324,218,191,194,216
699,398,143,144,169
694,457,123,101,66
234,435,47,52,52
1037,145,50,51,53
963,279,43,47,48
356,317,44,43,48
568,62,44,43,48
23,61,141,138,151
747,109,45,46,49
716,338,41,43,46
31,224,35,28,31
1194,198,240,237,252
961,4,114,81,64
727,325,41,45,49
1085,245,194,189,206
824,4,86,86,80
965,451,156,164,179
1141,157,232,229,243
758,401,130,139,171
314,373,44,43,44
1170,403,236,234,250
655,341,42,43,47
261,26,201,194,215
1019,230,47,48,53
543,14,51,47,49
1000,454,51,49,52
857,121,45,47,51
773,369,45,44,50
1117,371,233,232,250
706,178,46,49,52
67,239,36,34,38
838,463,49,46,51
150,191,200,198,220
236,415,43,46,48
688,182,237,237,255
384,55,31,28,28
808,161,46,48,50
1093,85,119,111,89
113,292,34,31,33
1157,432,233,231,246
872,208,47,48,51
438,239,88,72,91
330,383,44,43,47
85,203,244,243,254
1101,47,235,233,255
141,156,121,115,140
472,336,49,53,55
357,293,43,42,49
644,116,45,44,48
963,334,50,47,53
692,156,49,46,49
582,242,235,233,255
482,6,55,46,44
771,196,48,48,51
470,380,49,45,49
968,364,46,46,50
852,41,91,86,77
980,283,45,46,49
1091,173,97,85,75
342,308,42,44,46
407,113,38,39,41
1032,485,49,50,53
28,87,107,87,84
1110,455,232,231,246
236,85,42,46,49
1057,426,52,49,55
423,77,35,38,37
511,38,82,62,51
1122,133,228,227,243
1131,411,232,229,243
778,93,48,48,49
29,327,38,37,41
370,475,61,56,54
466,196,226,226,248
327,487,118,120,130
358,315,42,44,46
349,393,39,41,45
1031,434,48,49,50
223,421,43,44,47
795,213,241,239,255
1170,108,238,233,251
232,449,51,51,50
215,414,41,44,47
473,438,183,186,207
626,225,241,237,255
893,463,52,47,52
923,466,50,48,51
1132,55,230,227,245
408,364,47,45,47
783,411,47,46,52
161,120,104,106,120
196,208,184,179,198
871,3,79,79,74
47,7,226,225,250
62,389,43,43,47
651,485,91,68,54
140,397,44,42,46
898,276,48,51,50
46,477,47,46,50
417,474,148,130,134
400,467,57,57,51
594,412,38,42,42
860,45,101,91,81
820,206,46,49,54
310,217,196,190,208
815,318,47,46,53
889,299,48,46,51
128,64,158,140,164
917,103,47,49,52
1173,269,238,236,255
411,378,43,41,45
280,284,44,44,48
872,41,97,95,92
1107,310,235,232,247
354,30,41,29,33
842,6,98,95,91
34,389,44,43,47
1039,469,49,47,52
855,153,45,46,53
1110,291,232,231,248
197,435,45,47,49
1112,453,232,229,245
1046,219,49,49,52
111,492,50,46,50
895,218,49,50,50
183,145,35,36,41
9,286,36,29,34
174,187,191,187,208
430,231,225,222,242
511,382,40,42,46
47,404,46,44,48
790,145,46,47,51
91,173,189,185,193
1195,81,239,236,253
1022,164,50,48,51
645,408,45,45,48
808,288,45,48,50
1142,459,233,229,246
388,310,46,46,48
337,181,192,190,212
414,17,35,28,27
202,113,39,38,43
1112,418,233,233,251
143,170,58,54,77
236,341,43,42,45
760,87,46,47,51
612,60,42,48,53
1060,248,47,50,53
248,397,45,42,49
828,28,78,74,67
769,107,45,50,49
572,472,116,108,91
205,69,39,31,33
664,327,43,43,46
908,230,239,237,255
29,454,51,52,53
761,75,47,49,51
678,489,113,83,58
1169,350,238,233,253
836,207,50,52,55
1085,128,240,241,254
322,395,41,43,45
568,44,38,45,45
1161,335,235,233,251
46,32,227,228,250
993,442,62,54,49
897,394,46,47,47
385,109,35,35,37
287,21,175,183,201
144,462,46,48,53
1063,143,49,52,55
451,291,45,44,48
505,131,32,33,38
133,436,49,51,50
606,342,46,45,47
75,28,146,139,152
300,223,192,192,211
1026,389,45,48,52
930,197,47,47,51
732,133,43,46,47
1115,439,229,228,244
704,67,47,45,48
858,408,45,44,49
448,363,65,73,71
1011,476,48,49,55
369,105,32,32,34
1113,227,232,230,248
176,361,45,42,44
1047,207,49,49,53
309,165,182,183,199
1157,395,233,232,250
650,347,43,46,48
930,113,47,47,53
996,7,127,94,70
539,359,42,42,45
333,127,31,31,32
177,442,51,51,50
1076,237,50,51,55
284,383,40,42,47
100,97,156,30,37
1009,12,112,89,66
544,321,43,42,45
34,402,45,45,51
1174,440,236,234,250
1152,187,232,233,249
405,309,42,41,46
951,198,49,48,51
654,348,44,46,47
599,56,42,43,50
735,192,240,238,255
793,41,51,51,53
519,90,45,45,47
45,42,136,129,148
982,205,47,48,50
341,61,31,24,28
712,76,48,46,49
158,362,43,43,46
1001,402,49,48,50
62,333,41,35,38
47,499,73,64,59
579,37,44,44,47
972,90,47,48,52
1026,132,47,49,54
14,324,45,41,45
279,235,168,168,185
786,53,50,47,52
480,373,42,42,49
904,362,47,45,51
996,95,49,48,51
257,30,202,196,217
244,101,40,37,41
716,276,46,45,51
767,412,62,51,77
243,445,54,53,51
424,243,64,58,63
119,10,121,114,121
544,196,229,224,248
425,352,45,44,45
653,335,44,46,47
951,309,43,46,49
369,189,201,200,221
284,206,56,48,58
1006,274,43,47,50
1030,430,47,47,51
746,495,149,142,119
1179,454,238,236,249
587,91,44,44,47
154,440,50,51,51
223,147,32,29,32
658,200,242,237,255
1076,364,58,58,59
975,312,38,45,49
1081,34,249,247,255
466,448,180,184,202
690,59,45,46,48
157,344,39,42,42
770,297,46,46,48
188,85,39,32,35
450,478,178,182,200
782,359,45,47,48
572,487,168,164,166
1131,235,229,226,244
1193,62,238,238,254
1134,351,231,228,245
1086,4,248,251,255
586,119,44,45,46
287,391,41,45,47
69,112,154,23,32
914,51,80,76,70
95,161,38,25,30
610,354,36,42,47
653,24,49,50,52
1055,22,96,79,66
97,42,46,33,49
427,353,43,44,46
803,272,152,158,190
262,348,44,43,45
534,463,129,128,139
363,385,42,41,46
287,465,88,81,55
326,134,35,31,32
70,69,37,30,39
294,336,45,41,47
1022,241,49,48,50
1099,383,244,242,255
90,51,26,24,29
1154,444,232,229,246
466,23,99,73,54
287,115,30,28,30
257,190,191,186,206
774,120,46,45,49
1155,70,236,232,250
712,363,49,44,47
943,209,45,46,50
193,456,49,49,51
1112,138,232,230,247
839,236,115,101,134
935,186,44,48,50
331,129,32,28,31
251,405,45,43,46
629,469,168,168,173
1094,28,115,110,110
1098,29,248,243,255
110,73,139,123,143
441,226,231,228,251
842,133,49,47,52
722,53,46,47,49
319,339,45,44,44
179,155,35,36,40
213,105,43,47,54
1040,76,85,75,64
1076,95,87,78,66
707,171,45,47,50
1197,226,237,235,253
356,117,32,33,32
1023,210,46,49,52
588,358,42,43,46
871,106,47,47,51
87,394,43,42,44
391,151,47,40,45
514,136,46,46,51
1129,12,229,228,244
402,73,38,29,35
625,395,43,46,47
539,448,148,143,155
692,83,51,46,49
255,110,35,28,29
187,67,165,153,179
551,412,40,41,43
972,338,44,46,48
935,344,42,46,48
234,251,197,195,217
1005,358,44,47,49
716,45,49,47,51
714,441,44,45,47
833,279,44,46,51
481,272,59,60,65
659,39,46,44,50
379,167,44,43,46
608,405,45,44,46
644,441,44,45,48
381,72,32,26,29
1149,465,235,234,249
1140,239,226,226,240
927,244,49,47,50
282,346,43,43,45
581,113,42,44,46
450,57,42,37,43
559,181,228,229,253
1186,221,240,238,254
463,257,216,211,227
857,174,47,47,52
114,172,240,244,255
1139,44,235,232,246
577,73,46,43,48
781,353,50,46,51
85,74,151,27,36
793,162,47,46,49
1042,279,74,63,129
1082,312,145,138,147
579,349,42,43,44
84,35,119,109,118
584,300,43,46,46
1189,390,240,237,252
412,234,223,221,241
243,493,62,59,53
33,77,117,108,115
394,396,46,44,48
1197,215,241,234,253
290,162,42,38,44
96,192,251,248,255
413,3,36,30,31
552,313,41,43,45
618,203,95,78,96
161,372,44,42,45
866,141,49,46,51
54,67,98,88,86
491,393,41,41,48
142,32,145,124,146
1120,421,233,229,248
383,387,44,42,48
19,267,35,28,31
337,126,33,31,34
786,491,153,152,163
527,85,45,44,48
416,425,45,42,46
130,140,34,27,32
654,202,238,236,255
118,183,189,192,213
600,60,42,44,47
672,260,47,45,49
665,207,241,242,255
296,229,191,189,209
1135,300,231,228,243
1137,348,232,231,246
761,316,45,44,47
265,19,34,29,33
82,417,54,54,51
1158,267,237,234,251
332,489,142,139,151
923,333,48,47,50
1189,285,238,237,253
1067,446,50,52,56
258,118,34,27,28
1173,322,238,238,249
1133,450,227,226,241
865,38,98,93,88
441,2,37,27,33
703,276,47,44,50
157,124,202,209,219
90,498,48,48,50
264,431,64,58,51
654,32,49,49,51
319,212,53,50,56
527,401,39,40,46
1060,232,54,50,54
673,53,47,46,51
297,236,128,121,135
500,67,51,51,51
983,348,48,47,52
402,85,36,34,34
62,42,112,101,112
644,55,48,46,48
559,223,224,227,254
223,469,74,73,57
73,209,172,167,193
731,298,46,47,52
134,408,44,42,46
623,288,43,44,46
304,176,187,184,203
334,483,143,138,152
147,334,40,36,39
46,84,192,189,210
1033,24,102,80,62
459,160,45,42,43
406,368,42,42,48
167,297,37,36,39
1045,380,45,48,54
588,387,44,44,49
1089,346,250,245,227
75,415,61,60,49
851,37,84,82,75
885,89,45,47,50
1111,76,232,231,247
995,87,51,48,52
977,97,46,49,54
523,334,50,52,52
1067,292,52,53,57
343,115,32,30,29
1016,5,105,79,63
245,221,191,186,207
187,231,79,76,73
361,140,38,37,39
1191,276,240,238,253
57,213,51,41,48
354,204,56,50,56
153,323,36,36,36
1002,41,115,86,64
918,427,59,55,54
679,370,42,44,46
662,240,47,50,51
119,337,39,36,39
806,89,47,47,51
287,354,42,43,48
1061,366,53,49,55
632,247,45,49,47
732,109,47,44,52
651,91,44,46,47
100,179,148,148,171
944,347,43,47,51
1030,229,49,47,52
1146,75,232,231,247
611,126,48,44,50
223,242,117,105,125
1188,350,239,236,253
79,476,84,68,68
889,371,49,46,49
99,359,43,37,41
498,226,211,209,230
500,254,218,216,236
1080,499,250,246,255
1038,277,232,239,238
1137,85,228,229,242
390,339,41,43,46
549,78,41,45,45
1163,422,234,231,250
1059,218,47,50,55
253,465,99,89,61
977,233,47,46,50
1076,38,112,100,108
229,453,60,56,53
18,130,155,23,33
164,241,165,165,190
301,356,42,42,46
878,85,48,46,51
850,462,46,46,51
576,369,38,45,43
712,241,239,237,255
585,282,44,44,48
707,447,43,45,48
950,36,106,78,65
63,103,150,22,32
211,345,46,43,46
1099,199,241,242,255
225,296,38,41,46
465,24,103,75,56
747,395,44,45,48
107,186,212,212,241
705,162,52,46,50
399,88,38,33,34
315,434,71,68,52
91,471,79,70,64
119,32,33,36,37
740,239,241,238,255
937,177,43,46,50
677,453,96,75,56
1089,235,117,108,110
420,63,37,35,36
773,187,46,48,50
794,172,37,48,49
786,305,41,45,46
105,62,136,118,137
284,21,211,213,228
1033,241,49,48,52
629,263,45,45,50
314,277,43,42,48
126,419,47,48,52
30,330,36,38,41
897,305,45,47,48
490,478,108,106,71
1013,168,50,48,51
22,102,112,58,63
1145,326,227,229,245
1135,416,233,230,244
1107,157,238,236,255
1065,313,50,51,58
149,11,166,170,183
466,354,52,55,58
745,223,238,238,255
843,477,162,154,106
637,142,45,45,50
892,190,48,47,50
1113,451,229,228,245
2,170,106,102,109
797,201,47,49,52
261,165,184,183,203
535,347,40,43,44
1181,185,239,236,252
116,45,159,138,163
199,317,43,43,45
278,327,45,43,47
883,410,48,48,52
665,318,49,45,48
1125,257,231,228,244
1140,405,234,231,247
194,238,199,193,215
435,25,37,33,34
825,319,42,48,49
804,144,44,45,52
684,80,49,47,49
200,332,41,43,44
537,383,38,43,44
492,111,42,44,46
134,424,48,48,50
956,72,64,59,65
446,316,49,49,55
533,192,224,222,244
1013,177,47,48,52
135,338,31,37,39
100,152,189,181,201
1139,383,230,228,246
167,224,195,192,214
220,430,46,46,48
555,332,43,44,44
468,193,230,227,248
678,406,42,45,47
544,327,42,42,47
364,267,211,210,236
233,10,175,165,188
182,59,167,156,177
649,422,40,43,44
88,342,36,39,40
478,393,40,43,46
900,315,47,45,48
480,419,42,41,46
917,106,46,49,51
828,435,49,47,51
830,320,46,46,51
844,173,46,47,51
123,425,53,50,52
715,126,46,45,47
98,50,26,30,31
40,454,50,50,50
156,370,43,41,45
164,206,55,53,71
19,492,69,61,53
177,179,193,188,208
235,466,94,92,62
73,127,156,24,37
443,390,65,66,69
593,352,43,43,47
96,159,35,27,27
92,487,51,49,52
962,184,46,46,53
690,86,48,45,48
494,72,49,46,49
1156,478,233,231,246
840,99,46,49,50
714,463,145,133,131
890,183,47,48,53
484,53,45,42,44
397,450,197,201,224
690,438,44,44,46
285,195,188,186,207
1137,447,228,225,241
1139,7,228,227,244
1143,157,232,232,246
1034,189,48,50,50
630,480,195,191,208
228,375,43,44,46
465,47,39,38,39
465,332,41,45,51
776,471,168,162,177
152,100,191,181,196
743,36,51,49,54
636,27,51,47,51
913,167,47,47,52
428,6,35,27,27
125,477,47,51,54
335,45,32,25,28
993,95,49,50,51
749,167,48,49,50
983,396,47,47,50
95,141,158,32,38
226,291,42,42,47
60,304,40,33,31
902,121,47,48,51
853,59,60,55,54
642,318,45,46,50
811,240,70,58,63
189,315,43,38,42
251,185,189,185,203
289,412,43,41,44
1186,125,239,238,251
482,33,74,56,49
53,354,44,43,50
751,135,44,45,49
1095,489,237,236,253
394,446,198,205,225
85,104,153,26,33
1131,132,228,226,243
155,179,204,202,224
1019,474,46,48,53
1025,132,47,49,56
1048,114,49,50,51
182,425,47,49,48
308,226,198,195,214
260,47,188,188,209
628,155,46,44,48
355,328,43,45,46
290,469,98,91,61
1001,206,47,47,51
1109,436,229,229,247
1178,334,238,235,252
731,128,43,46,49
516,314,43,43,47
524,306,43,45,47
646,242,46,46,49
1139,430,228,230,239
121,29,33,31,32
1053,340,47,49,51
460,314,78,79,83
200,360,43,44,48
838,150,46,46,51
978,145,49,49,53
185,248,200,197,220
176,266,209,205,226
993,32,119,93,68
1194,409,238,236,247
288,17,215,215,237
513,74,33,37,37
563,134,41,46,47
915,382,43,46,49
637,283,46,44,47
390,340,42,42,47
997,459,98,102,155
588,15,121,105,94
912,365,48,47,51
677,245,45,48,50
360,387,44,42,46
823,472,67,62,57
1132,481,226,227,239
523,58,45,45,47
19,422,49,50,51
518,471,128,126,129
413,124,43,40,44
803,98,48,48,52
1098,10,242,238,252
702,17,52,49,54
1185,107,239,237,255
681,452,94,73,56
244,105,40,33,40
1063,349,49,47,54
264,102,34,27,31
660,4,48,48,51
358,348,43,44,43
770,233,240,240,255
486,452,159,155,167
84,428,49,46,51
154,258,209,207,232
710,132,46,45,50
151,135,139,140,158
874,330,45,44,51
1164,118,239,235,252
790,317,46,47,52
157,365,44,42,44
568,209,230,230,254
1066,417,51,49,53
831,118,46,46,49
571,433,42,45,43
566,313,44,44,45
809,434,44,46,50
1033,441,47,49,53
356,10,43,36,34
591,37,46,45,48
549,267,230,231,253
1194,297,240,238,252
607,23,50,48,50
94,267,40,37,40
952,174,47,48,51
677,249,45,46,50
1174,243,238,235,249
313,280,45,45,46
116,451,46,48,51
313,330,44,42,47
268,264,200,198,224
843,206,45,47,50
865,203,50,47,55
829,370,45,45,50
901,381,42,45,50
234,294,45,42,45
744,234,242,238,255
913,307,48,46,48
563,414,46,43,43
492,100,40,44,45
1165,189,240,237,251
830,281,47,45,52
436,411,53,53,58
798,176,45,46,51
292,374,41,41,46
272,256,197,195,214
1139,52,233,231,247
5,163,176,32,39
328,276,45,42,46
603,279,46,45,48
661,175,51,53,58
1097,276,241,237,255
1085,258,241,237,254
25,405,43,45,48
201,15,176,123,144
991,92,50,49,52
1112,5,235,234,249
1014,256,49,47,52
44,445,44,49,49
1182,458,236,235,254
911,186,47,48,52
380,420,43,45,46
584,337,44,43,47
454,346,78,76,83
173,459,52,49,53
126,297,35,34,35
20,339,42,41,45
423,146,41,43,45
170,206,77,62,84
879,450,48,47,54
709,29,164,116,69
696,150,49,47,53
29,272,34,29,32
58,166,170,32,40
131,229,142,138,165
191,104,113,116,130
686,147,46,44,49
505,295,43,45,47
622,156,45,45,48
227,0,173,157,178
672,29,52,49,51
20,197,108,108,112
642,173,54,50,54
15,330,41,38,43
952,375,48,46,52
1011,34,98,78,59
1166,58,237,235,255
556,112,42,44,46
404,435,94,92,75
87,77,148,24,35
1029,416,47,47,54
614,153,46,46,47
411,59,34,30,31
1015,392,48,47,50
1163,418,234,232,246
894,374,48,49,51
1186,1,237,236,251
1143,275,231,229,245
1011,417,47,48,50
215,251,201,198,220
108,439,56,52,56
440,26,39,34,36
970,98,48,46,50
3,408,47,47,51
107,318,35,33,36
407,213,212,211,233
1140,480,228,229,242
1095,29,192,188,164
187,292,38,39,45
889,208,43,48,52
774,391,45,47,48
551,194,228,227,249
870,365,46,48,53
820,338,43,45,46
450,328,51,49,52
917,407,46,45,47
869,386,42,45,49
38,429,48,46,52
346,447,72,70,53
893,46,100,96,93
1099,177,242,242,255
977,162,43,47,50
643,212,63,62,70
107,313,36,33,30
1117,19,233,230,248
448,462,140,131,140
757,499,164,160,161
1101,466,234,230,248
353,119,31,32,33
777,131,44,45,50
497,113,49,47,51
1107,256,238,235,249
102,181,181,180,207
218,484,73,68,54
1169,481,231,233,249
162,470,90,80,79
1064,54,69,65,64
691,408,44,43,46
791,491,155,153,172
8,250,36,32,35
878,242,200,205,248
938,380,47,46,47
58,102,151,19,32
656,261,47,44,51
225,226,190,189,209
615,205,223,230,245
929,229,49,46,51
81,379,43,41,42
216,1,165,152,174
1187,99,237,236,252
347,28,44,33,36
942,207,48,46,52
1050,195,46,47,53
626,333,46,43,46
613,442,104,103,83
1083,280,247,244,254
288,363,44,44,46
538,256,227,227,251
295,193,189,187,206
736,252,233,235,255
942,266,50,45,50
237,125,33,25,31
956,463,48,47,52
511,298,44,41,44
201,355,46,43,47
815,469,50,49,54
1076,205,53,52,55
858,140,47,45,52
637,415,43,44,47
937,6,229,219,243
339,341,44,42,49
931,453,87,108,125
1014,491,49,47,54
6,159,172,31,38
172,128,113,115,129
79,268,36,33,34
967,346,41,46,51
612,109,44,45,47
833,67,46,47,49
1007,486,48,47,53
1154,186,236,231,249
798,48,51,50,53
301,91,34,26,30
128,143,36,27,30
666,371,38,42,46
125,228,52,45,61
460,280,51,52,57
377,273,51,49,55
60,277,39,30,30
221,265,207,202,223
635,173,75,69,81
853,123,47,45,49
439,324,45,44,47
449,252,202,201,225
824,415,69,48,70
378,169,47,43,45
913,308,49,47,50
606,145,43,42,47
563,162,46,45,46
26,465,49,49,54
274,97,33,25,30
527,157,41,47,45
72,378,40,43,43
869,134,47,44,51
883,476,49,49,51
361,119,31,29,33
1152,55,236,233,250
1110,251,235,231,250
774,396,45,47,48
567,44,43,43,46
157,22,160,141,167
472,102,41,42,47
631,463,103,99,105
15,277,34,34,33
1120,113,229,227,244
861,348,44,47,49
50,99,113,53,67
840,152,45,49,49
603,71,42,45,48
1177,403,235,234,249
495,137,71,69,67
842,468,46,47,53
127,129,64,33,67
321,428,54,54,49
1143,118,231,228,246
975,169,48,48,53
46,29,68,63,69
106,318,34,33,36
731,140,47,46,50
178,458,72,50,53
1110,391,237,237,252
249,119,32,26,29
487,134,41,44,46
335,158,33,35,39
342,31,38,34,33
90,8,56,45,60
868,366,50,47,55
810,116,47,48,49
143,404,43,43,47
1194,296,239,237,252
260,95,36,31,33
648,419,42,44,45
411,152,42,42,45
235,195,186,183,202
188,111,109,114,132
164,195,95,87,112
424,4,38,31,30
703,307,47,44,48
455,171,44,45,47
632,30,48,48,50
745,259,242,240,255
14,277,30,32,29
19,79,115,105,113
999,442,50,47,51
837,443,50,48,52
70,241,35,37,37
576,327,41,42,48
308,152,35,30,35
1152,80,237,236,250
28,18,224,224,247
147,405,43,44,47
27,256,32,29,32
651,136,45,45,47
738,313,45,45,48
450,256,232,230,255
919,446,160,162,113
271,332,43,43,50
749,24,46,48,51
613,498,123,120,114
567,7,95,77,62
596,439,56,49,48
975,268,45,46,50
70,187,36,29,31
247,345,43,44,46
394,273,50,49,60
692,324,44,46,46
515,29,66,57,54
913,439,48,49,52
340,472,138,135,148
702,293,45,44,49
570,471,128,123,117
1079,247,245,245,255
593,475,107,102,83
437,382,42,47,52
166,155,42,40,42
536,160,46,42,48
1177,436,232,234,251
803,101,47,47,51
567,360,45,43,51
1091,222,249,248,255
896,242,240,237,255
130,246,208,204,226
248,199,79,65,94
1149,188,235,232,249
131,213,200,195,218
1192,270,242,237,253
589,443,169,170,188
644,367,42,44,47
1000,427,46,45,51
1099,70,232,235,253
869,224,241,239,255
1126,98,229,227,243
111,118,162,29,35
562,83,43,43,48
1006,450,50,49,54
358,54,36,23,25
1185,401,238,236,252
1121,447,229,227,245
581,74,42,43,47
773,448,48,46,50
687,378,41,44,48
600,312,43,44,51
377,373,44,46,48
878,9,80,72,67
334,37,63,58,61
147,473,47,47,47
598,299,41,43,45
1162,270,234,234,250
742,488,121,119,94
275,370,45,43,48
814,113,45,46,51
384,382,41,45,46
512,492,116,107,77
637,193,234,234,255
1072,73,72,63,62
616,70,46,44,48
1166,5,238,234,251
194,64,49,33,44
332,494,138,137,151
480,300,51,51,56
380,240,212,214,237
832,337,48,51,52
487,376,40,43,45
736,224,237,238,255
1075,2,106,82,69
983,447,48,51,52
1092,24,64,64,74
1187,125,240,238,252
946,376,48,46,48
688,69,40,45,45
512,242,221,221,242
422,439,133,126,105
471,109,42,42,47
676,107,45,46,46
252,366,43,44,47
601,180,47,50,53
604,465,117,108,101
561,173,51,45,50
673,122,42,46,48
642,166,53,47,49
590,10,98,84,68
372,476,65,60,54
99,369,39,40,42
1192,269,239,238,251
734,333,47,45,49
625,3,47,51,51
866,229,239,238,255
861,33,96,94,90
985,298,44,48,51
535,437,168,165,183
591,40,42,47,47
157,479,46,46,53
237,176,188,186,204
599,310,38,44,48
37,350,39,41,43
377,282,46,43,51
799,109,44,47,49
952,366,45,45,49
386,129,35,39,41
755,99,47,48,52
242,248,193,193,212
1025,56,168,151,101
756,465,115,118,84
83,348,36,37,41
180,220,191,188,207
661,93,44,45,48
1063,414,52,49,53
731,368,43,44,44
1070,220,50,53,53
335,202,162,161,179
1012,73,99,87,76
1071,227,49,51,55
1137,464,226,227,244
702,80,44,44,48
23,448,50,50,51
610,431,48,44,49
561,422,43,44,46
1103,452,236,230,251
653,282,41,45,46
6,148,168,30,39
903,174,49,48,53
671,70,47,47,50
75,328,33,34,33
186,322,39,40,43
539,224,228,224,252
14,72,105,96,105
1062,7,99,78,63
670,206,239,238,255
30,415,69,68,57
878,134,46,47,51
639,100,44,46,50
61,299,37,29,31
480,29,69,56,46
365,149,39,38,40
107,245,216,213,237
1164,153,237,235,252
705,49,46,46,50
966,368,44,45,48
1196,487,237,234,253
172,344,40,41,44
594,162,48,45,50
605,396,43,42,46
162,459,48,46,47
181,234,72,69,72
237,265,201,197,219
78,53,167,170,178
598,176,50,47,52
816,106,44,48,47
1106,256,238,233,250
1148,361,231,230,244
71,493,52,47,51
87,349,38,38,43
861,52,102,88,66
262,211,183,183,202
716,376,46,45,47
992,479,49,48,53
12,300,35,36,38
482,140,46,45,49
811,24,52,52,55
500,394,44,41,46
454,426,59,60,63
521,313,45,44,47
489,486,116,108,66
815,105,46,47,51
130,341,35,36,39
21,238,33,30,29
13,114,147,21,30
185,215,190,188,207
1063,424,49,50,52
420,257,224,222,242
502,47,42,44,44
354,364,42,43,43
504,274,44,47,46
58,339,42,39,43
163,169,138,136,148
82,422,57,56,55
579,133,46,44,49
848,392,48,46,51
897,475,50,50,52
604,306,50,44,50
262,407,47,44,44
453,57,35,37,43
562,361,45,43,49
180,150,32,34,41
212,424,44,45,48
94,178,215,204,226
1114,417,236,233,251
51,246,35,27,31
869,163,47,47,54
657,262,50,47,49
358,181,195,194,216
370,352,43,44,46
797,66,51,47,49
493,187,180,177,191
490,384,39,44,48
697,380,46,46,47
88,294,41,31,36
769,295,42,44,49
302,270,45,45,47
320,155,35,32,36
332,327,43,44,46
356,235,175,178,201
780,426,44,46,49
26,144,162,26,34
16,120,149,23,31
1057,385,50,48,55
1066,155,52,50,57
599,272,44,45,47
660,64,47,46,48
64,469,45,46,50
899,181,44,49,51
941,406,40,47,50
863,383,45,45,48
836,99,45,46,51
793,341,45,45,52
46,311,37,35,34
2,235,35,27,28
795,316,46,44,50
1156,424,235,232,249
939,39,96,72,60
609,444,186,196,221
1110,203,232,233,250
650,415,44,43,47
1153,157,233,234,250
546,95,42,42,48
120,422,55,53,53
346,424,46,42,47
233,143,33,30,34
673,218,217,224,246
1000,230,49,46,51
864,474,48,49,50
20,50,63,62,68
128,180,221,221,250
106,478,47,49,50
306,177,189,185,206
955,109,47,47,51
701,25,50,50,53
90,412,44,45,48
1146,36,235,233,250
594,466,133,125,118
99,430,56,51,51
132,394,43,43,44
1069,406,48,50,53
402,102,38,37,40
301,9,114,118,134
598,355,41,46,47
445,384,86,84,91
690,178,56,50,56
894,290,48,49,52
1046,207,45,51,53
1089,212,120,125,160
314,150,35,31,34
657,222,235,235,255
1019,205,49,49,55
594,492,185,185,199
9,359,49,44,50
426,368,41,43,47
380,15,36,29,30
136,31,129,114,131
1147,272,234,232,246
698,22,52,49,55
475,175,46,46,50
219,10,183,169,193
34,426,52,54,56
961,346,45,45,53
939,440,47,47,50
404,273,84,81,105
1126,130,226,227,244
860,418,144,150,95
295,186,187,184,205
1029,373,45,47,52
746,392,46,48,48
549,108,41,43,46
494,390,45,44,44
465,445,174,181,200
204,101,125,132,151
272,34,157,160,180
184,306,40,41,43
291,311,40,45,46
411,293,44,46,48
173,464,48,49,50
533,465,126,122,135
974,427,47,45,50
512,470,106,102,99
320,51,33,28,28
845,255,239,241,255
1081,89,249,248,255
737,255,240,238,255
135,367,44,40,44
65,71,28,29,30
816,19,59,58,56
728,369,48,44,49
400,111,37,37,42
436,376,42,46,47
1113,96,232,229,247
708,171,43,47,50
316,6,58,58,56
939,25,89,65,59
891,87,47,47,51
432,45,34,34,34
603,422,42,43,47
891,366,47,46,48
190,63,190,176,200
215,386,44,42,47
576,298,46,43,52
934,0,128,86,68
769,94,48,47,49
218,41,200,178,199
968,405,49,45,51
579,58,44,43,44
715,459,140,126,115
726,384,42,46,46
974,364,45,46,49
1081,441,54,54,56
992,326,48,46,53
855,352,45,46,49
806,145,45,47,49
16,0,229,224,248
1013,68,105,93,79
68,399,45,44,44
355,59,33,25,25
595,353,43,44,46
79,257,217,214,238
735,450,49,46,48
645,320,41,44,47
864,357,41,43,50
275,196,189,184,205
125,79,150,135,155
1174,447,237,235,250
928,87,51,46,52
791,477,166,162,174
171,365,47,40,47
358,14,41,33,33
642,107,44,45,47
110,471,49,48,48
153,136,130,130,148
571,22,49,47,51
443,137,45,43,46
371,260,213,211,234
657,394,117,113,124
574,401,39,44,44
685,314,44,45,50
1072,117,54,51,55
125,132,34,28,28
791,295,45,46,48
846,338,49,46,48
901,76,45,48,49
472,89,40,42,42
1039,441,45,47,50
1052,70,107,98,82
1177,284,239,238,252
1003,471,53,45,51
550,11,88,76,57
1005,257,45,47,53
108,252,219,214,236
1152,288,233,232,249
532,362,41,42,43
504,291,44,45,48
1028,96,48,49,52
1022,489,46,48,55
511,15,87,63,50
759,36,51,50,53
337,220,201,199,220
828,215,239,240,254
261,378,42,44,47
422,32,35,32,30
472,103,46,42,46
672,483,108,81,58
694,242,64,57,73
32,482,48,47,51
834,366,44,45,48
1045,371,46,49,53
528,180,220,221,245
154,159,46,47,53
338,431,80,80,51
757,219,239,238,255
834,321,47,48,55
898,333,46,46,49
564,241,231,230,255
34,360,44,43,45
616,8,48,51,52
203,389,44,44,46
153,291,40,39,40
202,484,46,46,51
59,141,158,27,35
667,311,42,44,49
246,98,37,37,42
444,32,44,38,39
242,443,51,54,51
173,34,176,158,182
72,466,52,52,49
1032,59,172,161,136
1011,340,46,47,51
1108,486,230,229,247
91,272,36,32,35
391,428,50,45,48
277,269,44,47,49
672,82,45,46,47
289,141,30,27,30
206,180,189,186,206
539,286,42,45,49
796,53,52,48,52
77,480,92,77,73
430,170,41,45,46
468,160,44,45,47
404,114,42,39,41
40,210,49,48,59
431,454,117,98,100
527,126,44,44,47
1090,150,176,186,246
1004,139,48,48,52
829,292,48,46,51
711,437,46,44,48
319,98,31,26,27
35,293,37,32,34
808,117,44,45,51
479,233,25,26,26
740,240,240,238,255
832,54,63,58,58
393,175,42,44,48
295,98,36,25,27
923,386,44,45,47
1061,379,47,52,54
1192,307,244,236,253
785,278,235,235,254
734,284,49,45,52
944,254,51,46,50
181,266,207,204,227
62,468,46,47,51
870,384,47,47,50
658,256,43,45,48
285,87,35,28,32
1015,121,49,46,54
335,470,138,137,151
741,321,41,45,47
415,113,41,42,44
526,307,43,45,48
55,79,36,36,35
833,75,50,48,52
994,3,130,100,75
792,498,155,151,168
112,55,153,135,157
788,45,48,50,52
23,232,32,29,29
838,321,46,47,51
503,8,77,57,45
969,12,105,78,63
1073,215,57,56,58
509,210,221,215,238
845,317,42,46,49
719,199,237,236,255
1064,445,54,49,55
36,391,45,42,48
99,431,58,52,52
1199,296,241,237,252
400,422,48,43,50
943,316,46,46,50
1005,242,47,48,51
701,394,47,46,48
911,360,47,46,49
1101,447,233,231,251
611,389,41,45,48
837,309,42,46,49
342,60,32,24,27
5,350,41,42,46
533,32,46,43,45
1151,274,232,230,248
1084,355,252,250,255
421,45,32,29,32
1089,234,199,193,170
630,27,48,47,50
550,141,48,45,46
1143,89,232,230,246
9,395,45,45,49
1095,411,245,240,255
468,318,43,39,44
825,240,196,198,246
63,23,39,26,30
922,309,45,52,50
420,456,162,148,136
1064,486,51,52,55
992,231,46,46,52
6,494,47,49,51
550,461,151,150,157
200,410,42,44,46
1039,26,107,84,63
377,214,59,57,63
1050,345,51,49,54
468,291,21,20,17
148,95,149,137,156
432,166,42,42,45
347,211,200,198,218
352,48,32,21,26
1014,367,47,48,51
530,70,44,44,48
707,387,45,43,49
723,26,58,52,53
356,311,44,44,43
181,155,36,35,41
606,188,237,231,255
968,148,46,47,51
1171,55,238,238,252
162,251,206,204,223
205,182,190,183,205
975,476,49,49,51
1065,131,49,50,52
845,141,45,47,48
1165,475,233,231,249
56,156,173,71,85
132,338,36,38,39
847,289,47,46,51
414,245,134,130,126
417,471,139,127,123
319,53,28,30,26
876,355,47,46,52
611,379,46,44,44
120,384,43,42,46
256,386,45,42,45
320,96,35,28,28
572,93,43,46,46
22,126,154,22,31
517,469,157,154,165
761,471,153,150,164
1137,278,228,228,243
592,145,48,45,47
28,254,27,29,28
303,473,130,122,96
887,83,50,49,51
473,63,44,43,44
925,165,45,46,50
937,286,44,48,51
715,243,238,239,255
167,452,51,49,53
198,453,47,47,49
8,313,41,39,41
250,283,197,206,222
92,35,124,114,126
564,89,45,44,49
283,356,46,41,48
175,169,92,88,101
433,326,46,43,49
565,67,43,45,47
517,166,47,45,51
1091,359,244,242,255
333,268,152,153,190
123,293,34,32,33
858,106,49,47,52
539,127,47,45,46
1114,147,235,231,250
1199,365,239,237,253
140,485,48,48,50
515,140,43,45,46
74,152,161,27,35
1154,240,238,232,250
1123,184,228,229,246
130,239,153,154,170
432,394,44,45,47
1131,275,230,228,241
666,302,44,44,45
1124,49,232,229,244
86,104,155,30,36
83,203,245,242,255
127,349,37,40,40
226,340,40,44,47
941,486,46,49,51
279,10,167,163,181
341,98,33,26,30
735,242,242,238,255
1097,468,235,236,252
1187,288,237,233,251
816,172,45,46,49
1006,221,46,46,49
983,203,45,49,51
287,266,143,147,180
109,398,42,42,44
227,212,186,181,204
1114,200,233,233,249
1115,367,232,232,248
235,328,44,44,43
419,382,41,44,46
560,96,44,44,47
1053,177,50,49,53
911,50,79,76,68
320,177,194,189,208
307,246,200,198,219
865,67,47,48,51
1037,302,125,108,93
389,225,211,211,234
403,178,44,43,47
1087,160,239,243,254
1029,450,46,49,49
965,430,47,46,50
27,337,43,40,44
332,260,210,208,230
352,330,42,45,47
898,378,47,45,50
179,5,151,29,42
791,243,241,238,255
1021,13,103,82,62
508,0,114,96,92
1125,152,230,228,246
1079,252,250,246,255
226,304,44,43,43
969,234,47,46,50
655,115,47,44,51
97,59,121,116,131
784,15,51,49,51
689,120,50,47,49
780,483,159,156,167
1139,238,232,227,245
723,478,150,145,159
41,236,33,24,32
967,472,45,46,53
535,178,209,213,229
23,413,83,75,59
251,9,166,166,180
641,249,45,46,46
356,179,198,195,216
856,181,42,48,51
602,45,46,43,47
650,146,44,45,47
64,320,34,32,36
1080,357,251,249,255
7,336,43,41,44
124,460,52,51,48
765,39,51,48,52
176,408,39,43,46
555,353,41,41,44
1106,36,237,238,254
707,393,47,47,49
398,126,43,40,41
749,127,48,47,50
125,458,48,47,51
685,126,43,48,49
541,332,41,43,46
995,147,45,48,51
424,127,41,41,44
1155,437,234,232,248
608,176,48,47,52
223,426,52,46,51
1055,134,51,48,57
291,382,42,44,47
220,158,35,30,30
601,212,232,229,251
248,204,54,48,57
253,475,103,96,68
322,284,44,43,44
596,385,43,43,44
1080,69,72,70,75
482,430,105,105,84
905,495,177,161,90
1055,17,80,71,61
485,132,40,43,47
819,118,43,47,51
807,152,43,48,50
790,49,51,50,54
21,456,49,50,55
939,135,50,47,54
747,361,38,46,46
137,136,39,32,38
249,97,41,34,42
699,393,53,46,49
100,330,34,34,35
1050,307,47,50,55
504,413,43,43,43
601,104,45,45,48
1185,493,235,234,253
1106,25,240,238,255
741,109,44,46,50
428,139,42,43,45
450,79,37,40,44
489,177,31,35,40
57,215,123,118,121
505,147,47,47,47
684,198,240,239,255
1180,112,236,238,255
1063,93,65,58,61
922,105,43,48,51
715,127,46,45,47
157,3,33,32,34
271,346,42,45,44
1079,449,52,54,56
852,238,74,63,113
598,158,48,44,50
1153,145,231,231,250
1124,121,231,227,245
424,170,49,43,47
272,342,40,45,46
1034,195,46,50,51
1039,3,101,79,64
21,48,63,62,68
346,415,46,42,46
421,487,138,124,125
919,236,50,51,57
704,452,46,45,44
1031,230,51,49,53
498,460,150,151,163
503,351,43,42,45
1036,11,108,83,66
368,396,45,45,44
192,41,191,175,197
781,9,51,50,54
681,443,44,45,48
366,392,43,43,47
388,317,45,44,47
1016,13,105,83,64
47,216,72,67,75
369,167,44,43,47
986,10,119,89,65
1048,384,49,49,52
343,121,29,31,34
830,233,202,204,241
158,209,192,187,209
666,208,208,212,228
1191,141,239,236,253
817,146,46,49,51
41,294,34,32,34
1069,315,56,51,58
1106,153,242,238,255
678,172,45,46,51
1131,390,230,226,242
523,65,47,45,47
1100,23,241,238,255
523,127,46,44,47
646,117,43,45,47
87,11,83,75,90
1053,159,49,51,54
37,144,160,30,33
957,412,47,45,50
955,290,45,46,50
1144,166,233,230,246
271,23,110,111,129
789,197,47,50,53
1036,453,47,48,52
933,421,45,45,48
777,95,49,47,49
6,441,58,58,59
1027,276,48,47,53
738,498,122,116,81
162,308,43,39,44
178,306,36,38,41
592,142,46,43,49
685,292,43,46,47
658,354,39,44,47
991,26,123,94,71
692,389,44,42,48
69,257,35,33,34
513,169,47,44,49
281,196,186,183,203
720,19,194,131,82
698,435,45,43,45
462,33,79,57,46
573,381,45,44,49
18,237,35,32,33
179,190,189,186,204
1012,310,44,46,49
1187,410,239,236,253
1014,427,51,49,52
604,274,44,45,51
543,12,75,64,55
599,135,44,46,45
662,416,42,44,47
731,273,46,47,51
11,93,130,97,87
899,32,85,82,76
901,436,45,48,49
403,200,210,211,234
658,405,43,45,47
95,393,42,42,45
9,266,33,30,30
75,248,38,36,39
689,472,117,88,63
241,190,186,183,202
1079,126,247,243,255
493,324,45,43,48
297,287,42,44,48
885,371,47,47,50
1124,379,230,226,245
11,178,103,99,105
799,330,46,46,48
826,346,47,44,47
920,313,46,47,50
85,33,122,112,122
1177,66,240,235,254
999,250,44,48,51
905,68,104,102,97
292,178,188,186,202
1112,469,231,226,243
1086,9,214,216,221
433,203,215,217,241
266,100,35,28,31
20,33,224,224,247
386,185,199,199,220
598,461,162,159,165
889,414,45,46,50
556,62,42,44,46
572,85,45,45,46
503,314,40,44,49
2,306,39,39,42
1178,249,240,235,252
343,458,79,73,55
128,161,236,234,255
477,346,45,44,49
306,489,52,45,50
968,197,47,45,51
693,176,48,49,50
1145,438,232,231,246
639,208,236,237,255
6,34,223,224,247
1175,317,240,237,253
6,386,45,44,47
809,353,44,46,49
808,61,49,47,51
204,308,41,42,43
982,392,41,44,49
645,84,45,46,45
1152,134,235,234,249
261,480,52,49,48
190,344,43,41,46
735,322,46,44,48
1050,423,49,47,54
293,187,191,186,207
313,306,40,42,45
752,124,46,48,48
509,283,45,46,51
1155,257,237,234,250
11,338,41,42,45
853,266,60,55,70
360,185,198,192,214
708,120,46,44,52
518,195,222,220,243
23,329,37,37,43
861,252,242,239,255
711,20,112,76,59
310,71,36,26,31
215,420,45,42,47
671,296,42,46,50
779,475,162,160,171
546,343,44,42,43
115,11,122,113,122
1093,189,250,248,255
921,151,46,47,51
869,414,47,47,51
582,244,230,232,255
814,53,50,52,51
422,342,39,43,45
1194,2,239,235,251
307,108,32,27,31
566,435,49,46,47
631,171,50,51,55
1163,343,240,237,252
222,446,46,46,49
408,420,41,44,48
465,226,232,229,252
53,478,46,47,49
529,62,41,44,45
969,367,44,46,48
833,162,45,46,50
850,313,44,44,50
976,409,46,45,52
909,115,47,47,51
802,196,46,45,49
588,439,109,107,88
700,205,240,235,255
76,248,40,39,41
911,144,44,49,50
247,49,176,173,195
463,143,43,42,45
277,329,47,44,47
998,332,44,48,50
710,194,239,234,255
778,137,47,46,50
901,285,45,46,51
301,353,38,43,48
297,320,46,43,44
800,135,48,44,51
558,131,40,44,48
774,416,46,45,47
614,78,42,45,48
1080,402,54,56,61
1185,233,240,236,253
985,52,95,69,57
721,110,46,46,48
1159,65,238,235,251
1071,405,53,50,57
616,231,237,235,255
22,458,51,50,53
1005,270,49,46,50
1148,273,235,232,249
416,188,212,213,234
457,455,185,188,207
1151,485,229,227,243
291,87,34,28,35
392,495,89,78,54
564,374,40,42,46
950,157,48,47,51
161,94,199,186,210
237,396,41,43,45
42,70,120,106,119
69,89,152,22,33
240,283,205,210,230
34,368,45,42,46
391,206,140,134,147
562,274,44,46,49
666,109,44,45,47
1138,323,227,227,243
897,402,48,46,49
559,279,45,45,48
1130,261,230,228,245
292,69,37,31,35
437,24,33,34,37
80,96,151,24,34
525,265,226,221,245
570,52,40,43,48
461,331,18,17,22
138,499,44,46,50
644,226,240,237,255
287,251,195,196,216
1034,498,51,50,54
643,57,46,46,48
1129,126,231,224,242
14,162,171,32,39
344,42,34,30,30
508,24,94,67,51
774,498,161,158,173
222,115,33,35,40
735,147,48,47,51
546,126,47,45,47
402,463,55,52,52
368,499,60,57,51
655,469,71,60,52
955,6,112,81,63
614,389,43,43,44
52,356,43,45,42
621,242,234,235,255
603,230,236,236,255
1012,9,102,79,62
173,367,43,42,46
295,409,44,42,46
984,276,46,46,51
120,415,43,45,46
389,482,93,84,80
431,133,42,43,44
372,16,40,34,32
945,311,47,46,51
220,371,42,43,45
813,208,57,55,58
425,437,54,48,48
567,384,45,43,47
1068,382,52,53,56
722,281,40,47,48
325,399,43,44,43
481,330,45,45,49
442,321,44,46,47
999,390,46,47,50
835,80,48,47,50
304,222,192,191,211
363,232,189,194,219
1072,493,218,220,228
548,335,40,43,44
645,7,50,50,53
1182,228,238,235,251
1050,80,61,61,62
1176,487,237,235,249
1007,133,48,48,53
630,214,238,234,255
1167,54,237,236,253
1163,265,238,232,250
1129,317,229,229,245
840,381,46,45,49
42,406,42,45,47
1183,256,242,235,253
916,444,48,52,55
82,354,39,39,43
489,312,44,45,46
118,426,67,74,79
1056,278,55,54,60
366,124,35,33,36
678,464,108,80,60
1152,488,230,229,244
1177,187,241,236,254
762,436,47,44,52
1066,246,47,51,53
700,207,239,238,255
312,246,125,118,126
311,446,61,56,51
1107,162,240,237,255
350,192,195,194,215
89,144,161,29,35
1022,144,50,49,51
5,120,149,23,34
988,480,50,47,50
500,58,46,43,45
216,473,49,47,48
1038,145,48,51,54
827,244,86,65,121
650,487,93,70,57
481,174,48,48,53
74,52,142,133,154
367,26,35,27,22
445,165,42,45,49
641,114,43,43,48
870,119,48,47,52
1137,266,230,229,244
748,251,239,241,255
255,97,36,31,36
778,383,42,47,47
195,367,44,44,45
373,267,213,215,239
128,54,156,137,161
1184,382,238,235,252
80,116,154,28,31
607,237,233,233,255
342,18,37,34,32
513,27,81,61,50
818,362,46,46,48
849,443,48,46,50
1116,489,225,223,242
646,96,45,46,50
246,173,190,184,205
1041,212,46,47,53
282,290,41,43,46
413,364,44,43,45
116,297,32,33,36
916,198,47,49,53
836,147,44,48,50
244,212,64,59,68
452,324,50,46,51
759,48,50,47,51
385,125,36,38,38
944,191,45,47,49
443,330,42,44,48
433,78,39,39,42
588,19,54,49,51
725,108,41,46,48
839,451,48,47,52
688,106,46,46,45
253,294,43,43,43
148,158,62,50,69
997,280,50,48,52
215,265,202,201,222
457,97,40,42,46
749,27,51,50,53
644,69,41,45,48
831,451,41,46,48
1139,490,230,227,245
1163,356,231,230,250
690,76,43,46,49
276,134,34,27,28
389,384,42,44,47
18,105,142,21,30
174,72,135,120,144
683,284,41,45,47
488,345,46,43,47
142,96,154,143,163
1113,41,234,233,248
978,474,46,46,50
344,492,69,62,52
1032,403,47,47,51
619,339,43,44,48
570,332,43,41,45
621,251,231,237,255
176,101,206,198,217
28,494,66,59,49
908,74,46,48,53
259,473,110,101,78
780,498,165,164,179
941,170,48,47,50
248,32,194,187,209
125,95,186,168,189
15,78,114,106,112
1174,240,238,236,253
151,33,154,135,159
1141,303,231,229,245
474,373,43,46,44
612,167,43,45,48
443,481,135,133,137
840,321,47,47,53
1067,429,48,53,56
999,290,44,48,51
904,398,49,47,50
912,328,46,45,50
1024,385,50,48,51
94,148,162,33,44
961,161,49,50,52
249,450,62,63,52
1127,168,231,228,244
360,251,211,210,234
226,187,186,182,204
219,480,81,76,58
911,354,46,45,49
418,20,32,31,33
584,293,44,44,48
224,497,59,56,53
1147,174,233,233,247
418,377,40,43,46
174,369,43,42,45
323,207,72,67,68
221,482,75,68,56
373,264,211,213,236
594,41,44,44,46
1197,239,241,237,255
220,380,41,44,44
379,489,69,59,52
273,482,73,66,51
445,282,45,47,49
1147,297,234,232,249
25,269,33,27,32
692,395,134,138,126
747,133,45,45,49
1018,239,47,48,51
543,325,41,43,47
447,306,44,43,48
123,160,163,162,184
796,293,43,47,49
323,74,31,26,26
75,45,116,109,117
951,62,56,52,56
1110,82,232,231,249
685,237,240,237,255
525,432,55,51,49
385,208,208,208,229
227,239,192,190,207
1185,221,240,240,253
86,29,115,106,117
628,248,48,47,47
27,113,149,20,31
1116,444,227,229,243
386,236,216,215,236
1119,112,228,227,244
791,222,236,236,255
418,162,44,43,45
987,444,70,61,60
632,285,42,43,46
10,3,228,226,250
1192,238,242,235,253
370,217,207,205,227
994,22,124,94,65
1014,159,51,49,51
271,477,94,90,74
702,28,48,49,52
269,456,71,66,51
476,407,44,44,48
655,103,42,45,49
917,468,49,49,54
366,327,41,45,45
293,423,42,46,45
107,397,45,42,46
371,39,37,26,24
217,287,44,44,47
202,374,43,43,46
1198,394,240,236,254
240,248,196,194,215
710,387,46,45,47
1040,270,55,48,54
1164,47,241,238,253
671,497,106,78,58
72,50,123,113,118
1012,17,107,87,65
77,309,34,34,32
960,457,51,49,53
303,448,72,69,52
146,253,212,209,231
112,275,198,201,224
782,472,167,162,169
845,445,45,47,48
730,288,45,43,48
910,199,45,48,53
1139,358,230,229,246
1159,54,238,236,251
735,216,239,237,255
926,296,46,47,51
1078,166,56,52,56
17,37,82,67,85
996,130,47,48,52
1017,234,48,47,53
538,448,153,150,162
385,77,27,30,30
629,125,44,45,47
984,249,51,45,50
972,373,48,47,49
42,475,48,49,49
666,174,51,50,53
425,157,43,41,45
421,220,225,222,244
215,20,175,163,184
939,140,50,48,48
865,74,47,46,51
64,50,119,108,115
307,102,32,25,27
1188,430,238,236,254
890,186,46,47,53
1019,419,50,49,52
572,433,43,45,45
91,306,38,32,31
141,374,45,39,43
1010,86,76,67,63
445,105,40,43,44
714,114,45,46,50
248,454,67,66,50
357,262,208,211,233
575,458,109,106,102
45,91,188,188,209
837,448,49,46,52
755,112,48,47,49
547,314,44,41,47
1056,329,50,50,52
724,425,45,46,47
157,399,41,43,45
151,172,209,206,232
408,243,220,222,240
169,90,46,35,37
584,110,42,43,49
976,456,57,40,93
554,280,45,46,50
1125,280,228,228,244
115,178,205,206,228
563,335,39,45,48
627,254,45,48,50
1140,371,227,230,244
6,237,31,26,32
5,0,211,210,228
233,390,45,43,48
743,82,43,44,48
542,38,42,45,45
324,261,211,207,231
797,138,44,48,50
175,64,147,137,161
819,296,42,48,48
1161,73,236,235,251
137,282,155,154,194
189,142,36,35,40
1010,395,45,48,52
1096,158,245,243,255
960,479,47,48,51
1164,406,233,232,251
372,473,59,54,53
1190,99,239,235,252
1187,422,237,235,250
44,441,51,49,50
502,395,40,43,44
949,441,47,46,49
564,216,232,228,254
972,121,46,47,50
167,309,38,37,40
417,235,224,224,246
560,276,46,45,47
220,109,31,36,39
959,26,95,75,59
447,63,39,39,43
935,295,43,45,48
657,214,239,235,255
590,310,44,44,47
221,360,48,42,49
887,436,44,46,50
245,154,32,29,32
902,430,51,45,76
836,159,45,47,52
623,115,42,45,47
884,499,176,162,120
20,231,38,27,31
976,6,110,82,60
935,415,47,45,48
1041,267,49,49,53
18,235,35,30,31
238,297,45,44,47
313,90,36,25,32
993,475,47,47,52
532,313,44,42,44
289,267,59,50,78
956,488,52,51,51
191,436,49,48,51
923,288,46,45,50
304,393,44,42,46
119,56,160,141,163
585,200,129,123,166
218,330,42,43,44
1134,457,229,227,240
203,149,35,30,34
916,99,52,47,52
736,403,51,50,57
371,40,35,25,24
22,313,44,39,41
879,344,47,45,51
536,281,43,44,50
190,394,44,42,46
1017,49,103,80,64
167,273,211,211,231
489,297,45,46,47
71,89,151,26,29
1008,424,46,48,53
234,14,180,167,189
1186,42,240,238,252
147,400,45,43,46
670,107,46,44,50
1083,473,217,234,255
577,410,37,42,43
80,292,39,30,36
450,421,47,47,48
680,282,43,44,48
1135,255,231,228,244
669,77,45,44,50
1024,104,49,49,53
180,444,79,75,69
957,228,47,47,50
105,284,34,33,31
1172,117,240,235,255
440,346,40,44,46
906,437,47,48,51
903,122,45,47,51
54,315,38,35,39
739,427,43,45,50
648,41,47,46,48
874,293,46,48,52
1143,207,231,229,247
469,119,45,42,46
738,278,48,47,51
