x,y,R,G,B
541,367,43,42,47
1014,226,48,48,50
517,20,61,58,52
455,409,61,62,67
1129,334,230,227,242
1056,67,93,77,63
107,452,45,46,50
597,41,44,43,47
199,478,44,43,49
368,353,42,42,46
770,453,47,45,50
226,32,148,145,157
456,57,40,39,41
1064,347,53,49,54
214,135,34,29,36
124,412,46,44,47
478,84,39,44,45
728,405,104,103,122
981,11,110,80,60
408,361,43,44,49
458,240,104,109,133
846,32,86,84,80
1176,27,238,236,253
300,387,44,43,43
483,88,45,41,45
697,107,43,47,46
1109,212,238,237,253
588,40,47,45,45
507,32,94,67,55
1157,149,236,233,249
183,406,43,44,48
113,224,198,197,220
23,27,224,224,249
1001,444,46,49,52
1058,10,90,76,61
389,338,43,43,47
672,258,42,46,48
685,24,51,50,55
643,389,55,49,81
784,329,46,47,51
376,127,34,38,35
591,171,44,46,48
211,416,45,46,47
387,379,44,41,46
68,297,36,31,31
977,136,44,48,49
1008,418,49,47,52
410,134,42,41,44
706,441,46,45,47
275,314,46,44,47
494,259,219,218,237
1054,284,75,55,114
731,61,45,46,49
272,306,43,43,45
1102,230,238,237,254
1050,77,66,61,61
978,451,148,152,175
171,25,178,161,183
851,113,46,47,51
473,1,54,49,37
917,397,44,45,47
294,139,32,30,34
455,10,67,52,47
780,249,239,236,255
541,390,42,42,44
579,78,44,45,45
1099,48,237,234,251
252,252,195,195,214
107,212,216,214,241
586,24,47,48,50
126,67,155,140,163
171,190,193,188,210
833,375,42,47,49
90,418,56,56,56
830,135,48,46,50
612,354,39,42,45
715,3,73,54,59
36,132,155,26,30
1116,289,230,227,244
415,43,32,29,31
506,259,221,218,242
886,86,47,48,49
548,433,43,43,47
318,482,100,96,101
488,318,48,45,47
29,6,224,224,248
308,491,50,46,47
276,34,109,112,127
1149,479,228,226,243
1016,233,46,48,54
905,124,51,48,51
988,326,48,45,50
214,39,170,76,105
1008,329,45,49,49
871,418,48,49,51
546,318,41,43,46
82,228,52,52,57
426,497,36,33,39
957,20,108,76,62
581,177,48,50,54
347,398,46,44,45
971,366,45,48,50
1008,360,46,46,49
1156,252,237,234,250
1126,90,229,227,243
881,247,207,206,185
58,115,152,24,36
350,235,61,56,63
3,323,42,40,41
256,248,197,194,215
941,330,40,45,49
101,368,42,40,42
897,317,45,47,49
459,308,60,64,63
97,388,43,43,47
989,319,47,46,49
133,196,64,60,69
263,69,44,46,56
390,234,185,183,215
431,101,41,39,44
232,481,49,50,48
894,421,45,46,50
917,147,45,49,52
713,93,44,47,47
349,249,206,207,228
505,320,44,43,46
17,330,39,38,40
1187,257,237,236,251
61,393,44,44,45
536,458,150,144,159
523,189,226,222,245
270,467,108,101,66
786,237,212,227,255
1061,280,60,57,63
435,365,43,43,48
282,100,32,24,28
780,5,48,51,53
196,134,35,34,40
362,391,43,44,45
1,258,31,28,30
595,87,43,43,47
338,456,106,103,78
957,281,45,46,51
36,65,111,101,112
102,496,47,50,50
629,457,183,187,202
1163,288,238,234,252
1086,7,244,246,254
94,81,162,82,110
142,432,46,47,52
95,290,38,32,37
587,246,238,234,255
342,340,44,41,42
400,32,40,32,33
10,458,43,49,54
1074,404,51,51,55
854,101,44,48,49
915,33,115,110,112
583,344,43,42,47
499,315,42,43,46
30,371,45,45,47
942,306,45,47,47
631,459,177,181,204
40,119,147,23,31
1065,5,100,80,64
925,451,126,148,166
766,333,47,45,46
106,40,193,190,210
317,290,47,43,48
225,95,40,35,41
553,131,44,42,48
263,336,43,42,46
20,134,157,25,32
1148,439,235,232,243
168,426,68,66,55
179,231,89,84,83
464,394,44,46,52
77,177,206,198,221
809,80,46,47,51
342,183,193,190,212
306,2,153,155,175
257,448,62,60,52
168,27,165,151,173
133,80,159,144,167
246,47,116,117,134
1195,450,236,234,248
521,129,46,46,47
74,119,154,27,35
515,26,68,55,50
643,54,47,46,49
637,123,43,43,47
707,362,45,45,49
909,219,48,50,51
120,356,40,38,40
160,411,44,42,48
746,493,137,131,108
1024,227,53,47,53
461,3,60,49,41
992,435,47,47,50
1129,290,228,228,241
1133,163,234,228,244
225,440,47,48,46
175,262,207,207,228
805,309,47,45,49
400,233,211,212,233
256,491,83,74,55
720,94,47,48,51
1069,89,93,82,74
862,275,50,48,51
646,297,41,44,45
120,137,34,26,28
1191,275,240,238,253
373,476,67,59,53
895,2,161,128,85
221,165,40,32,43
752,5,49,49,51
212,290,41,41,46
127,250,213,209,232
194,255,200,199,220
258,131,32,30,29
718,244,239,237,255
337,153,35,33,38
169,45,160,148,171
1030,402,47,49,52
304,79,36,26,31
103,317,33,32,34
656,199,241,236,255
844,215,177,170,187
223,28,173,161,186
95,262,82,84,112
444,29,44,40,39
306,20,40,44,47
346,314,41,43,45
421,295,45,44,46
400,301,42,42,47
291,241,155,155,173
381,237,210,209,233
489,240,138,137,166
1138,304,230,229,244
727,78,49,44,49
377,139,40,38,41
868,478,54,52,52
181,263,205,204,224
199,3,154,31,39
389,102,38,34,38
980,96,45,46,52
290,229,195,194,211
685,194,238,239,255
730,479,153,146,160
199,157,33,29,31
718,82,45,45,51
253,49,215,215,234
8,40,207,210,217
173,263,209,205,228
764,113,50,45,49
571,499,171,169,173
209,153,33,29,31
1124,149,233,229,246
836,350,45,46,49
1056,398,50,48,56
177,67,140,131,151
458,337,22,25,28
613,9,48,49,50
814,150,50,46,51
157,70,144,131,148
347,338,47,42,51
589,179,56,49,57
874,475,49,49,52
348,29,42,35,33
679,165,47,48,51
415,419,43,44,47
1030,27,107,81,64
380,265,216,216,237
1095,117,243,239,254
306,250,200,198,219
557,225,171,168,209
1015,106,49,48,52
689,482,116,89,65
159,317,37,35,38
960,387,45,46,50
453,117,44,42,44
1076,120,124,114,83
592,179,53,49,52
1100,101,235,236,254
233,135,33,27,29
643,279,47,45,46
516,121,44,47,50
261,405,39,42,45
735,311,46,45,51
972,233,49,47,53
65,399,45,43,45
997,300,43,45,50
869,147,47,50,51
444,494,180,181,198
295,433,74,77,57
955,335,46,48,48
687,75,44,45,50
279,224,189,186,206
584,19,92,81,67
1077,460,248,247,255
161,181,199,197,216
249,384,43,44,45
881,71,50,48,52
828,329,47,49,50
654,431,45,45,46
338,292,43,42,47
781,103,45,46,47
173,32,173,157,182
400,303,45,42,47
224,354,44,44,46
1131,363,230,228,242
176,27,179,160,186
578,372,42,44,43
688,199,243,239,255
862,15,97,92,92
964,389,45,48,50
177,297,39,37,41
947,85,45,47,52
1125,151,229,227,246
1013,86,91,80,70
1103,110,236,235,252
1100,117,239,237,255
1159,434,232,231,247
453,420,57,58,62
784,246,242,241,255
353,116,28,31,30
1010,75,101,85,83
248,418,44,45,46
504,483,130,112,75
91,375,41,43,47
683,123,47,46,50
1080,397,235,238,254
32,446,49,49,52
293,441,52,54,49
275,434,62,62,50
943,401,43,42,50
987,339,48,47,52
648,208,147,131,126
14,305,38,37,37
965,178,47,47,52
528,226,227,227,249
260,432,78,78,56
30,217,31,30,31
989,465,51,48,51
691,139,47,47,48
909,392,46,46,49
494,188,185,184,197
805,76,48,47,49
972,67,88,75,64
852,315,47,46,52
199,228,191,189,209
165,457,50,51,51
322,460,104,99,86
661,286,43,44,48
211,257,202,199,221
135,351,41,38,40
641,482,156,154,164
562,167,47,44,48
95,185,149,144,170
67,354,39,40,43
181,333,42,42,43
1195,117,241,237,254
1114,150,234,231,248
562,401,42,43,45
969,197,47,46,52
849,96,46,45,52
392,141,39,39,40
74,231,57,56,62
1141,18,230,231,248
939,488,51,47,55
324,480,105,100,105
1044,493,52,52,55
726,118,44,46,48
735,378,45,44,49
876,424,55,45,85
438,92,44,40,47
143,461,51,48,52
861,326,49,47,51
367,178,196,194,216
1117,310,233,229,249
691,101,47,44,52
1176,391,237,234,252
379,320,46,43,48
856,165,47,44,50
1109,251,238,232,252
868,380,48,46,52
184,73,197,187,209
852,171,45,47,50
399,485,81,78,74
690,400,46,43,53
1138,368,231,228,246
739,22,49,49,49
121,189,218,216,243
1015,413,47,46,49
709,476,141,125,115
935,318,47,46,47
711,157,46,46,50
542,230,221,227,248
949,58,60,54,58
994,467,43,49,54
277,448,70,69,52
235,315,44,44,45
125,342,33,37,37
45,25,61,60,66
211,376,44,44,47
987,416,46,46,51
763,379,43,44,47
905,268,239,238,255
885,33,111,108,109
465,146,44,43,49
810,278,46,48,50
457,235,231,229,252
826,214,239,236,255
240,360,42,44,46
799,294,47,48,49
702,19,53,50,54
895,298,42,45,50
939,358,47,46,50
344,411,41,42,47
629,328,45,45,49
688,448,39,43,46
233,283,208,210,225
383,228,209,211,231
660,493,104,77,56
270,411,41,44,47
642,124,45,46,48
656,374,43,44,45
599,369,42,44,47
508,399,36,40,44
949,172,45,48,50
1056,108,49,51,54
37,440,49,48,49
285,269,46,46,47
929,164,48,47,52
1111,315,235,233,250
578,101,41,43,45
681,354,45,45,49
200,197,190,185,204
843,375,45,46,48
869,234,240,237,255
128,490,46,47,50
268,259,197,195,215
1178,364,236,236,250
50,258,40,34,35
916,149,49,47,51
176,230,193,191,212
75,405,42,45,47
1094,22,86,85,72
120,57,159,141,164
1051,354,49,48,54
514,255,220,221,243
146,362,39,40,42
984,347,47,44,50
1017,331,48,47,52
267,103,35,24,27
720,295,45,46,48
980,446,51,49,54
304,89,30,28,29
665,54,44,47,45
378,195,203,202,226
695,195,241,238,255
78,392,45,42,46
727,298,47,45,49
742,167,50,47,50
736,132,48,47,48
691,366,45,44,49
658,45,45,45,50
474,391,45,43,43
166,373,44,40,46
377,459,136,125,123
947,157,46,46,50
370,221,207,204,227
725,460,139,133,149
50,436,48,48,51
1199,174,242,236,253
683,45,47,48,48
596,499,172,175,188
331,393,41,43,49
1019,117,50,47,51
886,351,45,48,51
608,2,47,48,50
314,291,46,43,46
348,20,37,30,33
222,371,44,42,46
352,49,33,23,27
794,369,42,45,49
364,477,62,59,55
643,150,45,45,47
716,482,154,144,156
510,385,42,42,44
869,279,44,47,51
245,93,40,42,47
269,375,45,44,45
659,171,48,47,53
1028,182,49,48,53
389,77,31,29,29
292,447,58,58,51
83,251,216,214,238
1082,473,219,229,255
449,309,43,43,47
200,467,43,45,48
1151,480,230,227,246
30,366,41,44,46
868,283,51,47,52
609,97,46,44,48
676,428,44,44,46
1043,349,48,50,53
421,350,46,43,46
713,244,239,238,255
21,427,53,52,53
683,205,238,235,255
165,487,46,47,50
415,134,38,42,44
560,369,43,41,46
714,88,46,44,49
1134,201,233,232,243
68,103,152,25,33
545,139,40,43,47
176,92,38,30,33
178,453,48,48,52
297,165,192,183,202
749,230,134,138,199
147,420,46,47,46
898,169,47,46,51
949,367,50,45,52
80,171,203,196,214
959,44,96,72,60
651,277,47,46,48
224,140,38,28,33
136,196,86,77,99
477,94,49,41,46
802,292,45,47,48
691,299,45,45,50
843,340,45,45,51
165,80,168,154,178
621,225,237,232,255
752,54,47,47,49
109,295,38,34,38
62,323,35,34,38
504,278,46,46,51
141,364,41,41,44
922,208,46,47,51
1194,293,239,235,251
175,387,44,45,48
882,435,48,47,51
704,202,240,237,255
423,343,43,43,43
551,286,41,44,47
1169,439,237,235,248
1148,297,233,231,249
1180,348,239,237,254
969,224,46,45,49
1113,374,236,231,249
44,147,162,32,38
1130,424,233,227,246
1137,82,233,229,245
254,45,212,211,233
1174,327,239,236,250
1174,154,237,237,252
593,299,46,41,47
941,293,48,46,50
164,490,46,46,49
1134,76,228,228,242
394,145,38,42,41
430,269,231,231,253
1052,54,111,97,99
198,497,42,45,48
567,430,44,43,48
938,68,88,85,79
399,296,45,44,46
1181,334,236,235,252
619,62,47,45,49
369,206,194,197,211
367,76,31,27,27
1175,111,239,236,253
699,39,48,50,53
1194,230,234,236,251
747,422,47,45,49
961,312,47,50,52
23,344,39,42,46
400,424,46,45,48
1023,365,46,48,52
674,121,42,46,49
950,68,107,104,102
970,423,47,45,49
256,149,32,24,26
392,330,39,44,45
169,194,191,188,208
61,363,40,42,42
102,476,46,49,52
1041,33,106,87,63
203,50,168,61,90
72,311,39,34,36
194,135,33,36,41
92,73,156,124,138
302,307,45,44,46
856,137,48,46,49
1101,53,237,235,254
1055,100,49,49,54
573,356,42,43,44
635,157,45,46,50
924,256,46,49,55
1139,406,230,229,246
844,413,44,46,48
500,249,216,217,238
840,229,238,235,255
521,78,44,44,47
634,312,42,43,46
369,323,43,43,44
170,333,39,41,43
414,13,33,24,25
1022,414,49,47,53
1124,318,229,229,243
678,174,46,47,51
645,426,48,45,48
1055,343,48,50,54
234,343,44,45,47
1019,410,44,48,50
647,191,240,237,255
467,343,58,56,61
668,104,43,46,45
637,216,78,72,72
1089,462,238,239,255
603,65,45,44,46
283,88,32,29,30
955,494,116,113,106
202,460,48,47,51
938,321,45,46,49
267,176,193,185,204
879,207,45,46,50
1092,242,242,243,250
233,67,153,157,180
1012,416,46,47,52
707,324,46,44,47
530,449,145,140,149
4,429,52,50,52
202,301,38,41,40
708,83,43,46,50
1087,495,243,243,255
1049,462,51,49,55
222,457,49,46,49
770,63,44,45,49
483,104,44,43,47
632,182,234,235,255
217,205,185,181,200
551,160,44,45,47
121,443,49,49,55
841,101,51,48,49
1065,73,77,66,60
939,482,48,46,50
883,358,45,44,50
257,68,42,45,49
59,278,37,31,31
565,244,231,229,255
588,127,46,44,49
793,13,52,51,53
418,217,194,193,213
1023,332,46,48,51
156,394,45,41,47
486,175,62,59,64
25,240,35,26,29
847,73,48,47,53
552,398,40,41,44
100,31,165,159,176
939,96,48,46,52
748,359,43,44,47
742,109,44,46,52
976,306,43,46,48
80,220,134,146,177
832,332,46,46,51
596,315,43,42,46
988,419,49,47,48
1097,295,238,235,255
776,42,49,50,52
479,265,192,191,205
425,380,39,44,45
813,179,44,47,51
290,21,202,207,224
347,54,29,26,22
626,352,43,43,47
84,66,194,190,210
740,469,127,121,129
983,323,44,46,50
178,48,167,154,175
63,449,48,48,51
989,399,47,47,51
485,264,210,208,230
1039,413,48,48,53
418,150,48,43,45
145,168,99,105,114
1091,192,250,250,255
314,226,153,149,174
466,128,44,43,46
1187,304,238,236,253
4,124,153,26,35
1001,301,48,47,49
592,37,47,45,48
471,51,42,40,43
126,389,42,44,45
451,216,220,225,241
901,392,44,47,50
1097,53,238,237,255
725,193,238,237,255
931,25,88,67,59
941,1,124,85,66
704,9,48,50,51
946,191,50,47,52
1133,406,229,228,244
807,243,241,236,254
495,124,46,43,48
120,248,214,211,235
565,155,42,45,47
854,432,46,46,50
752,203,242,239,254
844,462,48,48,50
945,195,46,47,50
1137,260,231,227,243
318,300,43,42,47
1064,345,51,50,53
802,290,51,48,53
333,353,41,43,47
422,28,34,28,29
216,114,35,37,41
247,477,72,71,55
94,371,42,39,42
996,406,46,48,50
624,83,43,45,46
425,414,45,45,47
842,363,45,45,49
469,182,47,47,48
1061,170,51,50,55
598,329,44,43,45
874,94,49,46,52
62,254,34,29,32
742,487,120,119,91
1063,435,51,50,54
1001,240,47,48,51
740,180,45,46,52
126,467,48,48,50
147,464,47,48,50
159,353,39,40,42
510,82,25,28,27
1018,403,50,46,50
228,123,37,28,34
136,266,217,212,234
878,79,49,47,52
1052,20,91,75,60
990,7,129,96,68
508,434,172,175,191
1160,382,235,233,250
962,398,42,45,50
403,495,77,63,54
716,406,46,42,50
1103,125,239,237,255
516,199,87,69,83
226,11,175,161,186
304,369,46,42,46
1136,469,227,224,241
1116,435,231,231,245
592,448,118,112,114
1038,170,51,49,53
942,273,46,46,47
154,86,163,149,170
129,230,51,44,47
699,162,46,48,51
102,316,33,34,35
175,276,211,208,231
926,168,45,46,52
509,76,11,12,15
754,20,51,50,51
1195,98,240,237,254
54,351,40,40,42
646,172,52,49,54
655,301,44,44,48
60,22,69,67,79
985,47,101,71,63
131,360,38,41,42
691,114,48,46,48
1014,191,45,49,50
698,259,45,46,50
974,389,44,46,49
997,276,50,49,51
610,60,46,46,47
43,0,228,224,247
675,252,45,45,50
965,230,43,48,50
470,481,180,181,196
618,238,236,235,255
393,304,45,44,46
782,105,46,46,49
425,394,46,43,46
167,132,128,128,144
481,273,63,60,65
182,340,43,42,43
619,366,43,44,46
64,399,43,45,49
556,275,44,47,48
348,40,38,28,33
60,410,50,46,48
74,131,159,59,75
807,268,85,89,143
980,479,51,48,55
493,191,185,184,198
952,0,111,84,68
660,256,47,44,46
358,403,46,43,45
1143,492,231,229,245
720,428,42,44,45
613,221,234,237,255
377,368,44,44,45
961,347,44,44,52
1129,354,230,228,242
192,101,110,116,131
974,182,48,47,53
19,282,32,28,31
322,458,87,79,57
999,296,45,48,52
929,487,53,53,52
948,392,45,43,51
268,168,188,184,204
1028,173,50,50,52
391,145,44,41,43
192,428,48,48,49
1082,300,54,52,57
101,335,35,37,36
1184,160,240,240,255
696,77,46,47,46
482,494,116,109,60
130,184,219,220,245
465,462,181,184,202
364,169,49,44,47
107,375,42,40,44
338,78,34,27,30
621,490,111,109,97
294,161,40,36,40
1136,194,232,229,245
643,359,45,42,47
78,157,162,33,39
981,471,47,47,50
1044,147,44,52,53
279,55,49,47,53
695,288,46,46,51
582,140,46,44,47
505,210,219,215,235
541,375,42,41,42
993,143,48,47,53
369,290,42,43,47
568,50,42,43,45
109,217,208,211,234
1050,6,87,73,63
1073,83,92,85,99
520,35,35,32,35
875,242,243,237,255
935,34,98,72,60
196,264,203,202,223
540,135,42,44,47
974,160,47,48,50
709,73,47,45,48
786,393,43,47,47
361,491,71,62,49
350,197,196,199,220
1083,69,106,107,113
105,319,33,35,38
567,186,230,230,255
437,319,47,46,46
112,208,212,218,244
811,338,46,46,51
709,451,46,45,50
892,339,45,46,47
102,198,195,197,220
546,144,44,43,46
1038,284,149,156,169
774,27,47,48,53
619,166,45,45,50
536,129,47,45,46
940,443,46,47,50
259,409,42,44,46
544,238,207,204,215
75,56,186,185,204
544,418,44,42,43
682,29,61,64,72
834,464,47,49,50
142,60,148,133,154
266,235,180,180,200
817,153,47,47,54
282,177,187,183,202
851,231,240,240,255
1193,365,238,236,252
930,395,48,46,50
383,373,41,43,50
536,305,41,43,45
125,23,22,27,28
232,497,59,60,52
630,297,42,42,49
445,314,41,44,49
688,88,44,48,48
1130,208,231,229,245
888,374,42,45,48
400,442,201,202,222
151,284,41,37,47
522,113,44,45,47
1037,56,157,149,130
716,220,59,57,65
630,472,181,178,190
191,57,164,38,55
85,288,36,33,34
182,24,158,30,40
86,134,166,91,104
73,384,41,46,43
1142,224,230,228,247
1067,316,51,49,54
296,485,76,74,64
538,446,150,144,158
944,351,45,45,48
1030,99,49,50,53
16,118,151,23,33
284,282,47,43,45
1183,40,239,237,253
1093,307,242,238,255
313,172,176,172,188
1135,349,230,228,245
630,65,43,44,46
175,41,174,158,182
1110,86,231,229,246
933,189,50,48,50
338,465,108,100,86
128,393,43,43,44
826,443,46,46,51
1,487,53,49,53
326,469,127,124,138
636,150,49,47,49
915,283,45,47,51
543,110,44,45,46
774,57,46,47,51
109,49,128,124,141
480,189,57,53,56
851,319,46,48,50
868,418,45,47,52
43,233,35,29,33
681,364,45,44,48
113,144,197,191,205
481,152,44,44,49
678,493,113,87,62
1027,134,48,49,53
182,245,200,200,219
550,489,132,127,109
957,306,48,46,51
814,92,44,47,49
587,348,40,42,47
495,482,121,108,68
360,17,39,31,30
23,76,115,104,114
28,216,31,30,32
310,230,197,194,214
1058,199,50,49,54
682,274,46,45,48
303,266,196,197,222
462,404,49,45,47
1023,29,97,77,61
831,323,42,46,47
761,294,45,45,50
922,350,45,45,51
307,481,79,74,57
977,468,44,48,50
625,478,184,181,193
790,424,49,47,47
849,450,49,46,49
207,41,188,132,136
263,264,199,199,221
514,383,43,40,45
1175,88,238,236,252
1077,9,109,83,70
432,203,220,224,244
78,79,148,24,30
796,431,49,47,48
759,127,48,48,51
368,157,41,40,41
927,434,110,111,68
793,208,237,238,255
29,393,45,45,48
610,104,46,43,48
358,12,42,35,35
429,397,42,46,48
1003,69,68,60,58
1085,155,250,250,255
159,292,37,37,38
675,395,56,43,52
818,389,43,43,47
295,223,191,190,210
644,213,94,77,79
325,425,47,44,46
1123,477,223,221,241
683,169,48,48,51
603,343,42,45,48
661,187,240,237,255
1195,167,241,236,254
948,7,128,85,65
246,329,41,45,45
533,89,45,45,47
258,173,195,189,209
149,87,153,136,160
53,413,45,47,47
450,268,232,234,255
851,443,46,47,50
820,312,44,47,53
74,19,57,50,63
911,265,238,239,255
852,291,48,45,52
274,431,61,62,51
492,126,43,42,46
638,26,53,49,51
1017,358,49,50,51
446,224,229,228,250
763,40,51,49,54
185,418,41,46,47
168,9,156,141,162
150,34,150,131,155
612,304,46,45,48
262,23,49,39,55
1176,131,240,237,255
748,207,239,238,255
88,93,152,25,35
1010,320,47,47,52
347,96,30,26,28
125,263,213,210,236
84,297,37,32,37
337,219,199,198,219
287,94,36,27,30
752,357,49,45,48
633,497,148,146,153
109,117,161,26,37
1030,113,48,49,50
1056,328,44,50,52
533,39,46,41,45
668,72,46,45,49
954,75,103,96,92
76,220,164,153,185
994,332,47,48,51
385,400,37,43,46
403,10,36,27,25
237,443,50,49,48
1040,379,48,48,50
87,26,109,101,110
915,247,149,154,226
648,50,50,47,47
527,499,133,129,124
737,319,45,44,47
344,273,46,47,49
294,365,44,43,43
643,185,236,237,255
188,39,163,38,63
1144,82,234,229,245
793,180,47,47,48
137,448,49,45,51
970,428,45,46,49
137,304,34,34,37
1146,224,229,230,247
607,95,46,44,49
1114,171,233,231,248
975,318,46,47,49
998,488,44,48,53
644,152,45,45,47
1052,17,76,66,59
1031,383,45,46,51
408,487,86,78,69
1099,369,242,241,255
474,361,42,44,49
833,320,46,44,50
354,341,42,43,46
441,311,44,44,48
979,497,49,48,51
987,361,46,46,50
84,128,155,37,67
117,457,45,47,49
1022,236,50,48,54
678,408,42,44,49
184,293,42,39,44
787,151,46,47,51
625,344,39,44,47
496,268,56,51,66
985,75,67,63,57
306,207,144,142,161
34,358,44,42,44
579,2,92,81,61
353,328,44,43,46
985,146,49,47,50
1081,496,250,245,255
159,290,38,37,39
298,269,52,47,52
219,456,48,45,49
490,324,46,44,47
864,4,92,88,87
604,160,44,45,47
1189,12,236,236,252
438,405,152,160,178
385,468,72,63,58
520,390,43,42,43
288,483,67,63,55
303,416,43,42,48
13,55,195,198,216
480,424,45,44,47
604,60,44,43,46
143,162,85,85,100
142,45,131,116,135
1087,53,62,62,66
1119,79,228,224,243
701,317,43,45,49
211,477,49,48,47
1134,496,230,224,242
902,246,246,239,255
723,432,43,44,48
707,261,47,48,51
127,327,35,35,38
142,273,213,212,228
322,102,32,28,26
431,202,217,217,241
543,231,224,228,247
373,465,69,59,50
33,177,175,36,44
161,30,169,152,174
1100,496,229,229,249
875,283,48,47,50
202,414,46,45,47
453,322,47,46,49
563,492,162,156,152
671,234,238,239,255
763,465,128,128,96
285,431,70,69,54
776,103,48,46,50
589,74,47,44,49
279,106,37,26,29
812,406,47,48,51
975,496,44,46,50
1097,122,243,240,255
323,249,200,202,220
287,364,44,44,47
197,13,175,133,151
106,317,34,33,36
530,35,41,42,45
195,251,201,197,217
695,157,42,47,49
146,97,144,131,149
72,448,49,47,48
814,475,169,163,176
789,288,48,47,50
1085,145,59,57,63
1137,47,228,227,243
811,460,46,48,50
615,46,45,45,49
274,12,45,37,44
36,465,54,51,53
342,89,32,29,27
993,2,131,100,76
57,279,39,28,30
717,320,45,44,47
1175,421,234,232,250
129,480,51,48,48
769,117,47,47,49
236,237,46,42,49
353,302,47,45,46
800,286,48,48,51
213,389,42,43,46
1152,36,235,233,250
966,81,51,48,53
923,114,46,48,52
30,473,47,49,49
676,4,50,50,53
167,144,44,42,49
242,27,194,188,210
293,302,41,44,47
731,20,47,49,52
1086,125,253,250,255
91,300,32,30,32
1175,158,241,237,252
295,16,185,188,205
698,74,46,48,50
886,380,49,47,50
564,467,150,150,155
971,236,46,48,50
728,310,44,44,50
732,145,43,47,49
956,498,79,73,86
568,175,48,47,53
580,494,185,181,184
1101,413,242,239,255
853,127,49,46,51
905,247,241,240,255
724,376,43,46,47
2,496,52,49,54
1061,103,49,50,54
838,497,172,163,132
477,470,176,179,182
802,164,46,45,49
210,434,48,46,49
130,111,165,33,44
638,413,44,43,45
235,183,190,185,206
146,405,41,44,48
889,264,239,236,255
1014,429,48,48,51
1130,423,230,226,242
1037,378,48,48,52
340,446,67,68,52
498,65,41,43,46
360,485,73,66,58
133,209,200,196,219
74,416,76,77,59
403,480,61,56,54
831,106,47,47,50
266,292,43,43,45
1177,485,234,232,249
452,328,47,47,50
1016,87,74,68,66
253,114,35,27,27
4,118,149,18,30
270,176,185,183,202
648,105,41,45,49
478,379,44,42,47
273,3,205,195,216
227,204,43,40,42
809,69,44,49,52
1125,159,231,230,244
850,109,47,47,49
207,126,36,33,40
1000,56,97,78,62
895,97,45,48,52
1032,253,49,48,53
578,175,51,47,49
0,491,55,52,50
570,44,48,42,46
310,84,28,23,27
744,135,43,43,47
802,327,43,47,50
294,66,31,30,31
826,349,42,46,51
221,242,49,46,48
976,453,68,55,115
540,282,44,44,49
33,273,35,32,31
128,201,210,205,227
781,422,44,46,50
1018,372,48,49,52
993,138,45,47,49
452,161,45,46,47
260,188,185,182,196
31,345,43,43,44
500,33,91,66,50
176,276,210,209,232
42,256,37,35,38
769,242,238,237,255
1177,246,239,236,251
991,266,51,48,50
483,225,108,103,99
570,80,43,43,47
1135,231,231,226,246
78,120,151,24,35
220,423,46,47,49
913,181,49,46,49
582,489,158,152,165
720,52,44,48,49
423,157,43,44,46
878,125,47,48,49
996,187,47,47,50
912,393,48,44,46
1093,176,241,243,238
411,292,43,48,48
878,25,104,103,101
1120,115,230,229,245
224,409,46,42,47
236,259,202,200,221
570,317,48,43,47
968,280,47,47,50
194,13,181,161,186
285,31,46,40,55
389,13,37,26,28
522,376,41,42,45
377,318,43,45,47
644,445,51,49,46
785,231,234,236,255
223,364,43,44,47
53,167,169,32,37
752,361,44,45,50
1134,375,228,228,244
237,404,42,43,48
293,305,41,42,44
32,131,156,21,34
901,275,52,51,59
739,97,47,45,51
350,154,39,37,37
654,36,45,44,49
438,82,38,41,41
402,182,51,48,52
999,440,47,47,50
713,223,151,148,150
109,457,48,46,48
38,30,228,227,253
70,499,43,47,49
897,31,95,83,77
852,120,47,48,49
1056,144,47,48,53
427,431,45,48,51
967,324,46,48,50
538,252,227,227,250
242,156,34,28,31
597,456,148,146,155
1177,328,238,236,253
784,441,46,46,51
655,242,51,48,49
839,25,91,86,82
794,216,239,238,255
83,22,112,106,113
1164,3,238,235,254
1066,346,51,50,57
1,59,19,21,23
175,47,166,151,173
796,418,49,49,52
683,211,104,89,105
358,71,31,25,28
390,446,193,202,223
234,234,129,127,142
771,202,53,52,55
979,472,47,48,50
1095,210,246,244,255
1147,258,234,231,247
1172,60,239,235,252
980,40,98,78,60
727,209,236,237,255
103,123,162,28,37
1002,448,47,48,52
375,145,39,40,42
39,455,53,49,52
41,147,162,30,38
876,250,61,57,77
441,434,22,18,20
245,476,78,77,58
824,294,46,48,50
338,99,32,26,30
1168,414,236,234,248
261,64,43,44,48
57,116,152,22,33
976,82,49,49,50
311,106,31,25,30
1103,418,238,237,254
1149,116,235,231,243
272,451,62,62,55
713,343,45,45,49
1077,387,245,245,255
238,357,41,44,48
879,399,46,46,49
1167,317,235,232,249
563,399,46,44,47
415,64,33,33,35
622,13,51,51,50
20,456,51,50,53
473,396,42,43,47
1076,410,50,52,53
71,187,37,29,35
240,225,63,57,65
893,422,51,47,52
652,128,44,46,50
1140,398,230,227,245
446,239,114,108,139
444,140,46,44,46
741,118,45,46,46
779,34,51,49,53
831,259,238,237,254
521,105,45,43,46
1081,471,234,235,254
66,476,57,53,50
417,419,39,42,46
1128,222,232,228,244
706,84,45,47,49
277,395,43,43,45
539,121,43,43,48
411,404,42,43,45
519,263,226,224,247
398,46,37,27,28
927,143,44,50,53
391,338,40,44,46
587,185,234,232,255
160,455,47,48,50
907,298,45,47,49
246,203,186,184,191
933,230,46,49,53
143,137,109,117,132
1093,158,250,247,255
180,452,46,46,51
438,93,41,40,47
980,321,44,47,49
523,26,63,43,34
591,336,42,42,46
49,402,44,46,47
301,424,44,43,45
576,479,127,118,103
89,291,33,30,35
1002,319,45,45,52
218,214,188,184,199
372,114,30,31,33
366,29,37,26,32
335,210,187,187,205
1139,386,232,229,246
546,494,108,102,72
826,475,163,164,176
1196,383,240,236,254
1056,411,49,48,54
876,301,45,45,48
98,66,134,112,135
995,126,48,47,51
36,464,51,49,52
967,221,48,46,49
319,433,83,83,60
747,458,51,48,51
455,488,184,191,210
219,400,42,44,43
467,97,43,41,43
505,127,37,34,37
513,408,43,43,45
653,328,40,44,47
1061,269,49,49,55
588,476,115,108,96
759,225,234,237,255
303,28,48,51,55
352,159,38,37,42
1025,24,107,83,64
865,160,48,47,49
202,81,200,194,216
92,491,50,46,51
365,283,43,43,45
591,224,235,234,255
657,303,48,48,48
770,282,50,49,49
1127,81,227,223,243
319,118,27,30,31
1029,119,46,49,52
165,268,207,205,225
603,47,47,46,48
635,136,43,46,49
692,376,45,45,46
1043,274,56,51,74
899,132,46,48,51
91,90,153,26,36
512,141,46,44,50
851,33,89,87,81
751,246,242,239,255
1159,283,238,234,252
763,376,45,41,47
303,14,61,56,71
459,391,58,55,62
292,38,51,51,55
53,259,35,30,29
525,36,36,32,34
1150,76,235,233,251
660,10,53,48,52
186,492,46,46,50
165,60,133,119,138
779,163,47,47,49
1011,348,46,47,54
514,497,102,91,58
776,299,41,46,48
634,156,41,47,47
54,328,37,37,38
869,128,49,48,55
1134,313,228,227,246
379,459,152,144,142
1053,37,103,97,86
95,162,35,25,28
386,250,176,167,178
734,487,150,147,156
606,463,149,148,164
1041,281,143,144,226
7,162,173,33,41
206,470,46,44,49
1104,391,241,237,255
361,117,33,31,33
915,463,49,48,53
1124,239,232,227,245
516,309,48,45,47
131,232,52,41,54
637,487,155,153,163
556,387,40,43,44
875,372,45,46,45
425,162,43,44,46
142,56,143,126,145
610,380,39,44,46
556,117,49,45,49
113,321,33,33,36
50,160,166,28,36
582,235,234,233,255
414,279,44,46,49
458,2,62,51,38
1082,126,248,246,255
164,336,39,39,42
805,385,46,47,48
453,312,47,46,51
406,392,44,42,47
408,264,228,227,249
1182,227,240,234,249
369,479,76,72,61
181,259,206,202,223
801,413,60,47,93
318,312,43,44,45
677,497,107,82,59
224,36,54,34,53
646,201,238,235,255
411,480,84,73,65
784,281,57,48,70
660,437,44,42,45
7,408,47,47,47
862,189,47,48,49
175,24,180,156,173
588,78,42,42,45
423,62,35,35,38
448,433,143,124,123
469,439,180,185,203
883,51,104,100,99
1080,396,238,239,255
858,323,46,48,47
1085,298,56,55,60
929,320,46,45,47
114,266,130,124,149
830,415,127,131,96
258,442,51,52,51
639,424,43,42,48
891,266,237,236,255
400,296,42,44,45
172,253,203,202,224
417,376,46,42,48
516,452,144,140,153
163,311,35,38,38
308,42,38,37,43
509,79,20,11,14
591,465,121,114,94
685,317,44,45,47
85,359,40,37,42
450,176,42,46,49
1043,364,44,49,54
829,330,44,47,52
242,495,72,68,52
792,483,161,156,172
1134,49,231,229,244
542,136,43,46,47
1052,221,49,48,53
632,16,50,48,52
669,201,238,235,255
1077,446,49,52,55
771,201,50,51,55
566,51,44,43,47
756,25,49,50,53
269,84,35,33,37
118,62,157,139,164
46,71,113,102,107
538,216,229,226,249
1066,388,53,53,55
210,408,47,43,47
517,491,112,106,81
22,338,42,39,42
1141,258,236,230,247
877,269,116,121,144
784,52,47,48,48
1016,191,45,48,51
987,275,48,48,51
627,455,170,169,177
1011,461,45,48,50
747,261,239,235,254
45,479,48,46,48
29,305,29,34,34
415,389,45,42,45
404,406,44,43,45
832,102,45,46,50
807,357,45,46,50
543,255,230,228,251
1156,66,236,235,250
888,140,48,49,56
1153,208,236,235,249
492,498,95,90,59
636,395,40,42,44
1185,465,234,234,251
1104,361,240,237,254
585,383,45,43,46
765,414,45,47,50
17,241,36,30,30
1117,131,232,230,246
805,342,45,44,50
365,363,46,44,45
666,35,47,49,51
1034,382,47,47,51
868,486,163,150,87
454,329,56,57,66
363,171,52,49,54
180,426,48,50,52
445,24,51,44,36
674,183,240,238,255
201,35,162,35,44
128,333,33,36,37
59,203,88,83,88
658,439,42,44,46
168,398,46,45,46
270,212,186,181,202
852,263,238,236,254
964,22,106,75,60
1023,349,47,48,53
856,429,49,48,52
662,140,44,45,48
697,351,43,45,47
531,120,46,46,47
501,384,42,41,43
525,102,46,44,45
63,169,170,34,42
877,101,46,48,50
266,406,41,45,43
484,37,85,58,47
616,395,42,44,47
528,179,221,221,244
23,159,171,26,37
1146,67,231,230,246
914,408,43,46,48
721,455,50,47,51
206,105,52,46,61
58,159,164,27,32
640,7,47,50,48
608,277,43,44,46
350,70,30,26,26
134,281,210,215,235
474,142,40,43,45
1189,257,242,237,253
468,349,57,52,58
810,15,54,54,55
747,160,44,45,51
230,295,42,43,46
174,155,40,35,41
938,442,46,50,53
1115,432,232,229,244
922,316,45,46,49
633,251,45,44,50
364,12,41,34,33
74,97,153,28,34
1000,1,130,99,71
1192,335,239,237,251
1166,301,238,234,247
202,247,196,192,216
722,202,242,238,255
724,201,240,235,255
326,330,43,45,45
68,312,38,33,38
1119,280,224,227,243
701,88,48,45,49
808,382,47,45,49
1027,301,48,49,52
177,103,204,198,219
463,327,19,23,21
1046,175,45,49,53
643,240,52,48,54
530,21,71,55,42
68,113,152,22,34
356,36,39,32,28
40,107,121,87,84
73,352,39,40,43
354,481,66,64,56
1101,88,238,237,255
141,354,38,37,41
1120,452,232,228,244
949,142,47,47,54
673,52,48,46,48
73,203,141,143,159
197,448,53,47,50
716,230,68,56,60
166,272,207,208,229
336,459,82,74,58
1158,455,234,231,248
130,42,156,135,160
1006,160,50,49,51
374,126,37,36,36
696,29,51,50,52
406,222,219,216,240
971,71,77,67,61
177,187,192,186,208
954,276,44,45,50
947,331,46,46,48
861,468,50,48,53
786,151,47,47,49
685,441,43,45,47
1007,161,49,50,50
108,142,195,180,202
378,82,31,29,28
1146,170,230,232,248
600,339,45,44,46
724,224,238,238,254
743,358,45,45,51
608,135,43,46,48
234,449,52,48,50
302,189,190,186,204
980,73,79,66,56
940,193,47,48,51
853,182,48,48,55
938,273,45,47,51
670,185,240,237,255
868,44,99,94,93
588,106,42,44,48
174,24,179,162,183
1085,194,183,183,200
240,216,191,185,205
856,49,107,88,68
64,11,230,229,252
308,80,28,28,26
310,427,63,59,51
795,482,160,153,165
806,419,49,47,52
1174,152,240,236,253
635,207,183,176,171
1174,332,235,234,250
1038,306,53,50,53
1105,326,236,232,254
1070,52,84,80,78
825,141,49,50,50
66,386,45,46,47
991,293,48,46,51
600,28,47,49,50
336,141,36,33,36
1157,303,235,233,249
1119,185,232,230,245
1189,415,239,235,250
149,248,207,204,227
826,376,44,46,50
149,261,213,210,234
401,424,43,46,46
884,120,46,47,51
342,204,199,198,214
188,262,204,200,222
413,204,52,52,56
890,247,240,242,255
295,280,40,43,45
923,479,51,49,50
525,66,42,44,44
178,407,44,43,45
531,254,226,226,244
1140,82,229,229,244
132,317,32,35,36
541,337,44,42,45
372,129,39,35,38
195,234,196,192,214
443,277,55,50,66
165,58,136,125,144
41,266,35,30,30
886,57,107,103,95
377,217,201,200,214
911,82,51,47,53
740,403,62,47,95
1002,429,47,44,51
39,308,34,32,36
150,289,39,37,37
768,267,111,109,130
342,269,96,101,124
198,131,35,33,40
1028,314,48,49,53
574,73,46,44,48
714,483,151,138,151
715,354,48,45,47
231,453,69,63,51
808,226,245,241,255
968,291,43,46,48
1005,133,46,48,51
24,153,166,28,35
565,466,153,147,158
167,23,165,149,169
353,60,31,26,28
343,356,42,43,44
445,283,50,48,55
512,54,60,58,60
893,234,241,238,255
35,216,26,31,29
108,50,140,130,147
1157,301,236,235,251
681,216,233,235,255
102,151,191,183,203
196,202,83,73,97
405,339,47,43,44
3,278,34,29,31
527,290,43,44,49
265,72,46,44,49
327,370,44,41,46
131,206,204,201,223
138,443,51,48,52
577,409,41,41,47
80,124,156,29,35
481,389,44,42,45
14,345,40,41,45
394,330,42,43,46
427,403,43,42,45
881,442,48,47,52
1009,289,45,47,51
991,87,50,49,53
54,259,35,33,31
404,168,46,43,46
998,410,45,47,50
185,370,43,42,45
454,151,42,43,47
277,333,46,41,47
126,133,35,28,29
9,16,163,155,165
183,173,194,188,211
842,388,44,44,49
259,152,34,29,34
1151,10,232,232,249
873,256,62,56,63
247,231,52,45,47
583,437,49,45,46
63,293,36,31,35
440,230,230,228,251
1021,188,46,49,53
394,86,34,33,34
854,127,47,46,49
1085,338,66,62,60
414,247,179,174,182
387,198,207,206,229
643,312,46,44,46
338,499,75,70,80
272,198,182,183,202
51,14,69,64,78
1125,233,232,228,244
160,320,35,37,40
1132,359,227,225,242
577,414,39,43,45
428,394,40,44,45
368,301,42,44,44
364,437,61,59,53
343,205,192,193,213
955,56,61,57,57
892,87,48,47,52
150,213,194,191,211
861,14,96,94,93
81,486,48,47,50
734,159,46,47,47
601,158,45,44,50
922,413,47,47,51
246,92,42,43,49
58,486,88,81,74
1153,283,234,229,249
163,151,45,46,52
794,243,242,239,255
205,436,46,48,49
325,380,46,43,44
1101,452,238,234,254
112,480,50,46,49
1181,483,238,236,252
592,276,48,47,47
455,144,41,44,47
398,317,46,45,45
81,410,43,44,47
999,244,49,48,52
97,274,40,33,37
791,248,245,240,255
733,218,95,92,107
101,434,60,52,64
380,376,45,45,46
754,101,47,46,49
650,292,43,43,49
21,434,47,48,53
27,117,149,19,31
1089,198,146,145,99
810,363,48,44,53
976,249,43,49,49
604,419,47,45,48
198,440,45,48,48
427,438,61,55,53
539,137,46,43,46
500,197,134,134,163
945,228,50,45,51
188,305,42,37,42
1078,27,166,159,133
642,404,41,42,46
864,125,47,48,52
1037,2,105,82,62
325,10,43,41,48
971,42,95,70,60
576,451,139,135,139
575,489,129,121,116
127,17,103,99,119
1163,409,236,231,250
174,345,44,45,47
655,121,45,45,46
632,179,236,234,255
908,376,47,46,47
1145,448,231,229,243
960,150,48,48,49
19,117,148,20,32
458,301,49,49,53
16,440,50,49,51
680,236,236,236,255
890,251,239,239,255
423,9,33,27,25
1158,249,237,234,254
740,445,45,44,46
594,331,42,46,45
683,423,43,45,48
130,166,232,231,253
18,361,43,44,46
563,102,43,45,45
1070,21,63,57,63
83,354,40,42,43
536,399,43,43,44
784,429,46,45,50
971,254,47,45,51
1139,435,224,227,244
1178,197,236,235,252
290,140,32,27,30
999,404,46,45,49
484,248,194,194,210
681,20,48,50,53
1186,36,239,238,253
1116,124,231,226,245
377,421,43,42,47
577,478,117,107,91
344,120,33,29,35
739,58,47,48,49
1086,168,54,56,57
405,389,40,40,45
1152,357,233,231,247
653,439,42,44,45
510,288,43,46,47
382,385,40,43,47
668,221,232,238,255
686,425,41,43,46
74,4,69,60,69
246,65,149,161,173
145,498,43,45,49
796,336,46,45,49
43,199,78,76,79
663,23,52,49,51
772,220,239,240,255
127,404,45,45,46
236,65,215,214,237
187,93,36,31,35
667,379,44,44,47
204,140,38,30,38
88,19,110,103,110
289,398,45,43,46
1044,236,48,47,53
1009,103,48,48,51
21,431,48,51,52
248,178,192,187,207
683,446,42,43,47
1086,423,178,177,247
1086,87,245,246,255
342,322,42,42,46
598,387,44,45,47
739,397,56,64,65
218,250,192,194,215
587,99,45,45,47
938,33,91,68,59
1194,210,239,236,252
1047,365,47,48,52
132,210,203,200,221
308,178,191,188,208
262,274,46,44,48
1137,343,231,228,244
244,121,27,28,33
429,215,219,217,241
689,443,45,44,42
808,292,49,46,49
244,115,33,29,31
370,270,160,164,201
839,403,45,46,49
1027,130,47,49,51
98,231,202,200,220
974,415,45,47,50
335,325,43,43,47
1052,241,48,50,54
4,271,33,29,32
582,183,232,234,255
1115,208,230,230,246
1083,87,249,248,254
1042,300,66,44,89
823,15,82,79,72
934,329,47,46,48
240,489,64,62,54
1062,156,50,51,54
857,422,47,49,50
128,446,47,47,51
1049,369,49,48,50
735,453,50,49,48
635,158,44,46,50
145,363,42,42,43
1175,220,239,236,251
803,429,47,45,52
143,471,49,44,49
1161,30,236,233,252
665,250,45,46,49
265,406,43,45,45
70,319,37,32,36
617,281,46,43,45
278,354,40,44,45
1140,485,232,229,244
967,342,49,49,50
655,498,101,73,55
158,471,119,119,123
557,232,86,74,109
100,157,39,30,33
879,318,49,48,51
160,383,42,42,43
864,62,90,74,59
657,215,238,233,255
963,107,47,48,51
312,329,46,43,43
734,161,48,47,49
1016,355,50,46,51
449,410,22,22,18
55,306,33,33,33
1142,373,235,228,244
264,343,41,44,44
932,199,51,49,54
278,244,75,68,77
418,238,223,222,246
1059,418,49,48,55
760,328,42,48,46
453,317,45,47,50
428,389,42,43,47
1078,421,244,244,254
590,365,40,43,42
659,206,241,237,255
435,66,38,36,39
131,255,216,213,238
28,487,63,61,56
620,376,42,43,45
108,349,35,37,38
204,434,45,47,50
1132,319,229,227,243
188,356,41,41,47
1155,405,236,233,250
1019,471,52,48,50
958,216,47,47,50
381,101,32,32,33
418,239,222,222,245
239,107,34,35,36
204,131,31,34,41
683,377,45,44,48
673,311,44,45,47
1042,120,49,49,52
915,495,177,162,128
212,33,168,79,95
645,380,44,43,46
440,32,41,35,37
681,184,234,236,255
1122,382,227,227,245
125,65,160,142,164
368,337,41,44,46
24,30,226,225,247
696,64,43,47,53
997,409,49,47,51
119,110,160,30,38
503,130,33,33,35
963,377,42,46,49
550,307,48,43,44
1040,359,51,50,54
405,155,43,43,42
559,425,41,43,47
248,259,202,196,218
625,114,44,42,48
120,349,36,39,41
937,347,43,45,50
449,165,45,46,46
218,229,132,129,158
669,152,44,46,48
474,312,57,54,60
242,125,29,25,29
24,268,39,29,36
785,53,46,48,51
10,367,46,45,47
693,144,46,48,48
111,110,159,33,42
231,122,35,30,33
94,158,37,25,30
636,454,192,197,218
732,425,48,45,49
118,96,162,40,59
1081,325,241,243,255
464,411,46,44,50
681,76,46,47,48
721,369,40,46,48
323,135,35,30,30
634,393,44,42,48
104,53,111,107,128
1066,331,50,51,55
647,420,44,45,46
211,261,203,202,225
1073,19,71,63,62
274,469,100,91,64
1140,33,233,230,245
345,345,43,42,43
831,375,45,45,48
434,149,39,44,44
1069,28,106,99,97
276,183,187,183,204
625,211,221,221,228
1025,147,47,49,54
1054,427,48,49,53
836,326,48,46,50
105,491,48,47,51
1179,90,236,236,252
849,123,47,46,50
569,7,94,78,58
295,374,45,44,46
256,331,44,43,47
925,489,126,115,78
447,461,137,124,136
185,417,43,44,46
832,41,81,73,60
70,292,34,28,28
906,156,47,48,49
454,134,42,44,45
791,35,53,50,54
621,57,44,45,50
994,480,43,48,52
160,216,196,191,211
238,475,66,63,53
677,1,51,49,51
1141,291,231,228,247
1065,109,56,52,53
1012,371,46,48,53
85,336,38,38,42
929,221,48,47,51
209,296,42,41,47
82,189,43,35,42
1193,26,240,236,254
242,252,199,196,218
980,311,45,47,49
518,492,107,102,80
906,2,199,145,91
94,80,181,151,168
539,445,149,145,156
117,328,38,33,36
696,324,42,45,49
60,232,34,33,35
1173,86,241,235,252
217,215,185,182,200
768,156,44,44,50
1183,216,240,237,253
265,80,36,38,43
236,417,44,46,49
59,172,170,35,42
1157,223,235,233,247
580,379,38,42,45
717,175,46,49,50
25,414,69,64,54
481,404,44,42,47
1153,57,234,233,251
798,100,47,48,49
927,275,47,48,52
728,205,240,236,255
647,397,43,44,47
1029,121,50,49,54
905,207,44,46,50
287,372,41,44,46
994,261,49,47,51
630,20,48,49,51
1015,454,46,49,51
887,224,241,237,254
1164,289,239,236,254
1175,295,235,235,254
293,83,35,26,27
474,88,42,41,44
1066,138,50,48,53
1161,414,237,235,253
403,53,29,29,30
669,340,43,47,49
555,177,68,59,68
209,420,45,43,47
628,281,44,45,48
1189,220,240,235,254
38,223,31,31,34
824,355,45,45,50
800,38,52,52,53
956,178,48,46,53
1096,132,243,238,255
313,43,34,33,36
651,414,45,45,47
891,275,52,49,53
531,30,63,54,47
933,220,46,48,50
1156,408,236,234,246
336,167,40,38,41
270,343,45,44,46
189,119,131,123,139
318,373,40,42,45
963,273,47,46,47
202,412,46,43,48
940,159,45,47,50
896,397,42,43,48
624,163,43,46,49
665,85,51,45,52
770,67,46,46,50
316,409,45,43,46
946,361,49,47,53
781,17,47,50,53
641,427,44,44,49
967,371,42,47,50
1077,353,247,247,255
572,39,44,44,47
322,118,29,28,30
512,425,41,42,47
134,191,158,163,182
110,405,43,46,46
1182,462,237,235,248
722,245,239,238,255
528,353,44,43,43
864,359,47,45,45
1143,297,232,230,248
119,191,216,218,244
559,109,42,43,44
466,175,45,47,51
1117,74,232,229,246
172,154,33,37,42
1139,14,232,230,245
1067,96,52,52,56
787,405,48,48,53
384,247,202,202,222
308,319,44,42,45
1147,248,234,232,247
338,28,38,35,33
161,313,37,36,39
321,151,33,32,36
332,305,45,42,49
179,50,170,155,173
754,186,48,46,50
433,104,41,40,41
1093,183,252,253,250
379,77,33,30,33
991,189,46,47,52
532,168,50,47,51
69,393,43,45,47
280,392,42,44,47
571,393,43,43,47
595,50,44,45,48
400,162,43,42,46
1082,30,248,249,255
143,49,132,116,136
961,434,109,104,62
1129,279,226,227,245
1177,286,240,238,252
426,449,168,149,159
491,392,39,43,44
126,401,40,43,49
1162,94,238,235,252
257,155,31,26,29
196,234,191,190,210
89,239,220,219,241
89,372,39,42,41
258,40,210,212,232
966,357,45,47,51
313,20,45,45,50
1156,174,236,235,255
618,334,44,43,45
113,464,52,49,52
387,251,211,217,235
637,431,46,46,49
70,386,42,42,47
976,16,107,80,64
842,116,45,48,50
626,442,46,50,50
748,497,158,150,128
725,255,240,236,255
411,240,76,79,85
564,474,131,125,116
168,301,35,38,38
204,260,204,201,225
468,199,231,228,249
555,193,229,227,251
515,406,42,41,43
176,267,209,207,228
501,390,42,43,47
627,109,40,47,47
138,207,199,196,220
1106,205,241,238,255
1077,295,60,57,60
1137,27,231,229,246
625,302,47,45,47
357,53,30,23,29
1198,374,238,237,251
1089,62,253,253,255
246,223,188,184,205
673,49,47,46,51
943,236,47,49,52
549,368,43,42,48
681,228,238,239,255
538,498,145,136,104
272,151,33,30,31
696,388,42,44,48
550,435,91,86,73
1019,360,48,50,52
747,466,131,129,108
851,496,169,162,116
496,478,112,104,68
442,310,45,45,48
946,492,95,85,49
902,4,138,89,64
603,419,43,44,46
571,161,46,47,49
188,9,172,121,138
643,109,46,43,50
25,147,166,29,40
807,114,44,45,49
1106,448,233,230,250
1041,317,51,47,56
591,234,233,234,255
1189,294,238,236,253
1129,21,231,228,244
56,132,152,31,31
1163,145,236,235,252
410,325,40,44,45
63,4,231,227,251
936,17,130,88,68
864,236,241,239,255
1122,224,232,231,244
893,396,49,45,48
201,305,40,40,44
1035,445,53,47,51
809,92,49,46,47
1139,280,231,228,242
591,47,47,43,48
485,290,45,45,51
330,428,55,54,50
372,272,46,52,52
1061,128,47,51,53
732,18,51,49,52
420,36,35,30,31
867,183,49,47,52
97,450,46,45,48
58,427,64,57,58
385,393,42,42,47
170,292,36,37,38
151,301,42,35,39
16,277,35,31,31
763,152,44,46,51
481,264,198,196,212
103,241,215,212,236
416,234,225,225,244
304,135,27,29,30
843,356,49,46,50
437,187,213,218,235
736,158,47,45,48
918,67,78,73,67
1061,486,47,50,55
703,433,45,44,49
1005,411,47,49,53
769,24,49,48,51
607,279,45,45,48
798,495,164,160,180
539,116,43,44,48
484,73,42,42,43
487,234,194,189,207
289,38,47,48,54
1061,466,45,52,55
986,330,46,45,49
604,447,169,179,202
33,93,34,29,31
285,162,42,38,45
4,462,49,51,52
1103,425,238,237,255
607,184,233,229,255
602,30,49,45,51
70,267,35,34,36
969,140,47,49,52
621,290,43,43,46
1115,66,229,228,247
449,142,43,44,46
841,315,50,47,49
821,472,82,80,67
776,25,51,48,51
427,480,95,91,100
419,42,30,28,28
361,288,41,42,51
817,41,55,53,58
17,348,38,42,44
902,12,190,156,88
117,442,52,53,50
612,98,42,45,48
396,451,194,199,219
770,90,45,47,50
1194,244,236,236,251
778,118,46,47,49
647,460,185,191,213
878,145,46,48,51
979,40,97,77,58
1147,486,230,228,240
1152,42,237,232,251
1010,332,50,46,51
73,452,48,47,48
239,169,189,183,204
905,312,46,47,51
1137,224,226,228,244
885,193,45,47,50
267,497,95,82,58
722,229,237,234,255
727,101,46,45,48
1015,28,98,76,59
509,55,42,44,48
207,193,188,184,201
476,105,40,42,45
982,441,148,139,157
518,439,158,157,175
1163,14,238,235,250
1045,69,107,96,74
709,449,47,45,47
945,71,96,95,91
613,141,44,45,46
290,161,38,34,38
1168,38,239,236,252
113,197,223,223,251
161,175,199,199,220
1111,271,234,231,248
602,40,48,43,49
1106,81,233,235,249
1178,21,239,236,252
423,47,35,29,32
630,178,236,232,255
126,61,167,147,170
936,173,47,44,50
939,205,48,49,52
966,486,47,47,52
624,150,45,45,47
813,445,45,48,52
343,333,40,43,46
511,438,165,169,186
419,442,130,124,108
415,86,36,36,35
632,459,180,183,205
506,405,40,41,46
692,209,243,238,255
931,285,46,45,50
832,55,60,57,59
38,153,162,32,38
829,146,50,47,50
172,88,40,29,29
726,248,240,236,255
176,26,183,161,186
570,247,231,232,255
1033,279,53,51,54
106,243,215,213,236
926,263,47,48,52
603,402,41,42,45
240,416,43,46,48
545,302,42,43,47
566,43,47,44,47
993,471,47,47,53
853,433,45,46,50
238,67,210,210,231
912,383,43,48,52
1079,5,201,191,162
663,60,47,44,49
107,291,39,30,34
487,244,199,201,218
248,398,46,43,48
104,202,231,230,255
549,7,89,77,56
399,242,56,54,59
707,487,125,108,85
25,186,100,99,104
830,446,49,47,52
662,486,100,77,55
1181,430,236,233,251
1116,125,230,225,242
868,12,95,92,89
291,432,79,79,58
1005,195,52,48,53
119,87,160,146,167
1047,414,46,50,52
600,488,183,182,194
547,139,42,44,45
1161,53,237,235,252
578,452,147,145,152
560,126,44,43,46
10,319,41,39,42
1189,315,239,235,251
493,23,78,58,47
384,493,104,94,90
55,41,156,147,162
578,281,43,45,48
541,78,42,43,46
670,177,58,54,58
223,262,202,199,223
73,414,48,45,50
740,278,49,50,53
386,53,33,28,27
1157,197,235,232,247
1007,266,46,47,50
660,230,239,237,255
1001,246,48,46,51
1052,466,50,51,53
501,26,83,62,50
716,88,45,45,48
602,306,40,44,44
902,139,49,47,52
435,229,229,229,249
1161,125,236,233,251
672,424,45,44,47
176,64,154,144,166
691,420,43,43,48
0,370,42,43,49
260,299,45,45,46
262,213,193,191,209
900,357,48,46,51
374,88,29,31,27
781,35,52,48,52
208,83,121,122,140
963,102,49,49,52
1172,390,233,233,251
284,122,33,29,28
307,57,34,29,33
387,270,218,223,243
479,111,45,44,46
525,382,41,41,45
815,296,48,46,49
407,470,64,59,55
376,284,43,45,46
1064,324,50,49,55
473,112,43,42,44
1069,27,105,99,93
569,112,46,43,48
504,473,99,103,72
375,447,161,121,130
987,82,63,58,60
253,420,45,44,47
624,242,95,95,132
653,94,50,47,52
611,477,169,167,170
443,295,44,45,46
842,241,64,57,69
669,220,143,146,189
151,158,46,47,53
202,447,49,50,50
223,471,63,63,52
446,47,38,38,38
723,161,47,46,47
1136,64,231,228,245
1127,209,228,226,243
1030,176,48,48,50
1065,107,49,51,55
130,90,159,142,164
669,291,46,44,46
232,120,32,28,30
877,303,47,46,50
1149,35,231,232,248
399,149,40,41,46
952,382,45,45,47
381,17,38,25,28
215,123,39,36,39
801,464,47,48,51
482,450,162,172,192
105,8,112,103,113
711,293,43,44,47
747,83,48,47,51
92,433,49,48,50
566,499,171,165,176
542,90,44,43,47
982,6,118,89,67
945,246,46,48,52
922,457,48,48,49
63,162,166,30,40
667,161,46,46,51
868,320,49,46,52
672,246,48,47,51
434,277,53,54,54
85,112,154,28,33
186,27,186,152,170
673,47,50,48,49
859,72,47,48,53
650,335,38,43,46
929,241,45,48,53
52,255,35,31,33
710,196,239,238,255
30,109,147,21,31
106,216,212,211,236
175,40,175,157,183
1098,3,249,244,252
871,127,47,47,51
963,168,47,48,53
903,318,49,46,51
931,58,99,94,88
0,27,224,223,245
925,62,84,79,70
335,283,43,44,47
153,385,42,41,45
1133,369,231,226,242
970,137,49,47,51
316,18,42,41,46
262,312,44,42,47
400,360,43,43,45
110,14,121,113,122
965,442,74,83,82
194,48,196,182,203
44,50,147,144,159
96,398,45,49,47
1135,135,229,225,246
791,238,157,143,115
1021,349,48,48,52
190,201,186,186,198
93,120,167,86,105
117,278,216,214,236
704,387,42,44,47
1020,116,46,50,51
626,85,45,44,46
372,195,199,198,220
37,216,28,28,28
257,333,42,45,45
76,173,213,195,219
880,488,173,160,115
340,424,43,43,45
535,284,45,42,47
66,85,130,115,107
684,239,227,230,255
824,461,45,47,48
1198,86,237,236,253
1062,456,48,49,52
998,193,47,47,53
202,237,94,88,94
759,83,46,47,50
644,302,48,45,51
113,221,201,201,222
728,358,46,44,48
358,151,35,36,40
783,353,47,45,50
1021,404,45,49,50
797,190,46,47,51
388,127,35,40,39
1072,146,49,53,52
900,289,46,46,51
240,456,72,70,53
797,25,52,49,53
85,196,153,157,179
782,421,50,45,52
604,40,44,44,50
539,455,153,152,155
821,496,162,157,154
1017,233,46,50,53
1199,197,236,238,251
760,243,241,239,255
342,144,34,34,32
488,357,42,44,46
723,15,52,51,52
1153,12,240,232,253
140,215,195,194,213
436,462,27,24,25
276,290,44,44,46
1057,178,49,50,55
1167,141,237,236,250
803,182,46,44,50
257,497,90,77,55
212,59,35,29,32
158,419,54,53,54
284,412,46,43,46
613,108,42,46,49
849,253,239,237,255
495,156,15,18,16
1064,128,49,50,54
921,330,48,47,52
510,149,46,46,47
515,22,79,62,53
118,68,147,131,154
1014,145,51,49,52
64,159,165,33,36
1146,392,234,233,245
548,488,127,121,107
133,238,201,197,217
1007,159,49,48,53
805,245,240,239,255
737,48,44,45,49
703,267,48,46,50
3,95,133,20,30
941,37,100,76,58
101,252,217,218,240
113,251,216,215,235
233,296,47,44,48
382,453,191,192,210
506,440,164,166,186
496,435,161,165,179
908,269,237,237,255
504,252,221,220,240
407,171,41,43,45
15,412,52,50,52
1050,464,48,49,54
200,461,47,47,49
902,148,45,47,49
147,148,156,152,175
863,446,45,48,50
4,305,40,40,43
110,205,222,223,252
618,440,47,45,49
366,66,30,27,30
384,418,43,43,48
1022,455,46,46,50
512,157,46,45,47
421,74,36,36,37
197,425,48,48,49
1100,286,240,240,255
694,99,47,47,51
752,273,48,48,52
860,102,46,47,49
317,422,42,44,46
555,83,44,43,45
607,301,43,42,48
216,233,78,69,74
624,476,185,181,194
236,499,73,71,56
176,479,45,46,49
215,195,42,39,43
15,146,162,29,38
178,141,35,40,40
102,452,52,45,50
1161,14,237,235,248
1044,414,45,47,51
970,263,48,46,50
647,183,239,236,255
778,487,164,159,170
1024,383,44,49,51
863,102,48,47,50
413,294,45,43,46
801,430,45,47,50
236,390,44,43,48
345,457,75,70,55
69,293,34,30,36
506,453,158,160,169
689,421,42,44,48
830,368,44,47,52
455,410,62,63,69
1166,160,241,235,251
391,114,36,35,39
737,195,239,237,255
1111,439,233,231,250
579,285,44,46,46
948,216,47,47,50
74,85,147,23,33
925,147,47,48,52
1195,123,237,238,255
466,125,42,42,45
388,392,38,43,47
544,222,227,224,249
765,209,242,237,255
27,445,52,51,51
1088,348,175,162,137
95,133,159,28,34
892,236,238,236,255
1180,171,240,235,252
1036,225,46,49,51
590,215,79,76,78
592,255,236,235,255
873,117,44,46,50
308,30,47,49,53
35,427,52,49,51
739,201,239,237,255
305,259,204,201,223
1064,285,225,225,207
466,22,99,72,52
157,338,35,40,41
1081,306,56,53,55
152,118,34,29,29
150,363,39,41,44
643,440,41,44,48
59,168,171,29,41
407,280,47,46,47
577,95,44,45,48
212,225,194,188,208
729,392,43,44,49
700,102,46,46,48
598,20,50,49,53
278,456,81,77,56
774,221,238,236,255
419,118,44,42,43
554,135,43,44,49
582,290,45,47,50
1066,233,50,49,54
30,404,50,46,52
996,244,48,48,51
429,146,45,42,48
63,235,31,33,37
35,80,103,93,94
1152,130,237,233,250
1188,273,239,236,254
476,36,75,59,45
362,255,213,211,232
1111,247,232,231,249
384,167,43,41,47
618,241,238,235,255
1196,303,239,237,253
296,402,42,43,44
395,157,43,43,44
154,351,38,42,42
21,206,32,28,32
373,396,44,45,49
238,12,181,169,191
1027,311,48,48,53
820,87,48,47,50
1156,431,233,231,251
51,348,42,41,44
886,202,46,47,51
84,380,44,42,43
738,184,50,49,54
954,391,48,48,50
622,271,44,44,47
167,233,199,196,217
303,436,51,55,48
252,348,43,44,46
241,191,188,184,202
433,219,209,215,229
353,52,32,23,26
599,304,40,42,47
547,27,46,47,46
215,12,188,173,195
140,349,39,39,41
232,5,176,163,186
1013,243,48,48,52
395,493,88,74,54
1,5,193,186,215
121,171,241,242,255
481,469,177,177,192
185,301,39,38,43
1134,277,229,227,242
993,166,46,49,52
612,466,132,128,113
603,486,188,187,199
1022,27,95,73,59
377,383,45,44,48
553,124,44,44,47
711,390,43,46,48
474,387,41,43,45
699,389,43,45,49
1113,127,231,230,246
103,400,44,41,45
150,203,116,105,123
227,183,189,184,204
872,280,47,46,51
866,228,240,238,255
705,161,48,46,51
92,136,160,28,39
1093,122,192,177,151
513,70,41,40,42
1062,22,95,75,64
951,151,47,46,48
814,66,51,46,47
1028,203,49,47,52
525,50,43,40,44
1007,425,48,48,52
562,37,46,44,46
746,178,44,47,50
241,226,157,154,170
1111,381,236,233,251
582,109,46,43,47
1117,86,232,227,247
221,439,47,45,51
928,452,83,74,73
317,146,32,32,35
1137,200,229,229,244
668,440,44,42,47
482,316,47,44,48
198,99,102,108,121
663,366,45,43,44
759,117,42,46,48
324,468,126,123,130
164,147,44,44,50
1040,271,111,111,121
17,271,32,32,31
629,254,46,48,51
1040,131,47,49,53
350,253,210,210,233
782,135,45,46,51
248,108,35,30,31
857,370,45,46,49
527,334,40,42,46
454,68,41,41,44
681,58,47,47,48
117,197,219,221,246
1025,354,49,48,52
749,361,44,46,47
224,204,177,177,188
680,179,99,95,111
982,293,45,47,47
1148,107,233,232,247
654,387,51,45,47
37,452,48,50,51
800,158,49,50,50
1047,80,65,60,61
542,211,226,226,245
432,431,46,51,54
645,122,46,44,48
182,357,40,44,43
897,497,176,159,90
1002,460,50,49,51
995,233,49,47,52
267,48,42,35,52
153,227,199,196,217
572,434,41,43,44
186,219,191,187,208
367,59,31,24,28
305,454,79,75,52
1118,185,233,230,247
616,58,45,45,48
430,20,33,32,32
53,182,173,34,42
199,305,39,39,42
1019,199,49,48,52
272,39,128,131,152
509,40,81,60,50
1146,386,232,227,246
397,361,44,42,47
374,327,45,44,47
514,454,158,155,167
1017,468,46,48,51
882,22,103,97,99
959,312,43,44,49
624,25,48,48,51
1109,377,238,236,252
193,92,109,108,123
783,306,48,48,52
96,431,47,48,50
771,110,47,47,53
19,180,110,107,108
1018,315,46,50,52
853,178,46,48,49
565,317,41,43,48
873,415,50,46,49
651,340,44,45,47
798,300,44,45,48
709,162,44,47,49
36,314,37,36,39
725,369,40,43,47
299,272,42,44,49
662,209,100,83,132
21,404,44,47,49
210,165,33,26,28
521,465,161,162,173
893,348,48,44,51
148,319,40,36,37
388,103,38,36,40
209,405,44,42,44
920,338,45,46,50
1171,401,233,234,250
993,26,122,94,71
1077,225,200,205,225
148,145,200,203,220
687,382,44,47,46
851,209,47,48,53
1098,76,236,234,251
1135,377,227,229,242
904,78,48,50,53
746,270,52,51,52
375,428,47,44,45
839,41,95,84,68
181,422,49,49,51
703,416,43,44,45
708,335,43,44,47
526,182,224,222,245
419,443,138,130,115
274,294,42,43,46
468,297,19,21,21
651,62,48,45,49
1181,182,238,237,255
1077,127,217,215,191
814,18,57,54,55
618,296,43,45,50
993,170,49,47,53
822,178,47,46,50
422,458,166,162,165
400,205,59,57,65
734,40,52,49,53
42,77,109,93,104
434,112,42,42,44
1181,468,235,232,248
491,395,42,41,42
628,296,43,42,47
48,168,169,31,34
1173,472,240,237,254
721,112,42,47,47
168,223,195,190,210
109,1,109,100,110
486,143,43,44,45
239,16,187,176,196
1082,374,56,55,59
951,16,111,77,63
482,47,40,42,43
309,483,98,95,81
43,260,34,32,33
9,340,43,38,42
1025,299,49,46,51
378,166,44,42,46
1097,25,240,235,242
805,262,240,237,254
910,7,125,73,63
977,488,48,47,51
413,192,210,210,231
451,69,42,40,42
1169,80,239,236,254
262,491,89,77,54
445,27,50,42,37
393,483,83,80,76
957,295,46,47,50
1030,286,46,50,53
743,73,42,46,48
41,246,33,27,30
636,278,43,44,48
833,195,44,47,50
987,267,46,47,52
1023,242,46,47,51
379,156,42,40,44
529,183,225,223,244
463,294,87,88,101
1114,82,234,228,247
75,372,46,44,46
760,312,50,47,51
249,87,45,45,48
1043,25,106,88,65
310,244,115,110,133
558,212,90,86,85
236,224,185,184,199
1145,419,228,229,246
1173,452,235,233,251
1183,116,239,237,253
685,343,43,44,49
253,253,197,195,214
653,320,43,46,47
365,158,39,37,40
809,213,240,238,255
949,46,131,97,73
1176,441,237,234,249
519,186,224,220,243
866,218,130,124,133
795,25,54,51,52
133,78,158,145,167
166,419,45,45,47
999,304,44,48,51
1147,365,235,230,246
1192,203,240,238,253
1188,15,239,236,252
159,63,134,120,139
589,26,48,48,49
1175,427,236,234,251
943,387,43,46,47
879,471,45,48,51
1047,13,72,65,60
262,43,191,195,217
236,321,42,42,43
392,432,47,47,48
425,360,40,45,43
894,474,47,48,51
560,386,43,43,47
717,101,46,46,50
1194,0,242,236,251
9,391,44,45,49
211,461,46,47,51
1007,302,49,50,51
453,419,60,63,64
414,447,103,95,93
315,1,155,158,170
506,343,43,43,44
836,17,89,86,86
797,147,44,47,51
116,384,42,41,46
964,366,47,45,52
302,495,48,45,48
691,96,48,46,49
726,292,46,48,51
908,370,47,46,49
961,273,47,47,50
1051,133,49,48,53
222,432,46,45,51
1087,302,93,92,80
998,28,120,93,66
599,473,152,141,135
1121,291,232,230,244
923,49,98,95,89
1039,236,48,51,55
447,227,230,229,253
112,291,37,33,36
697,136,44,44,47
339,110,34,29,32
977,32,100,73,59
823,151,47,47,51
414,290,41,45,48
880,151,44,47,50
6,228,34,29,27
186,197,171,168,187
1177,369,233,234,251
562,117,46,44,47
744,132,46,46,50
1133,382,230,228,241
169,107,199,194,213
799,210,241,239,254
434,361,43,46,46
712,476,147,135,139
815,245,95,81,75
987,130,49,48,52
1013,448,47,50,52
246,231,56,47,49
549,420,44,39,43
196,249,198,196,217
855,360,44,46,48
800,436,44,47,47
38,126,151,24,31
849,366,43,44,48
935,371,42,48,49
735,85,45,45,47
348,239,58,54,59
587,18,85,78,70
549,180,226,226,249
105,41,186,188,208
517,350,42,42,44
1099,43,237,235,255
1149,97,235,231,246
648,471,67,58,60
951,481,50,48,53
1012,391,48,48,48
210,260,203,200,224
428,3,36,27,31
1160,288,236,234,250
815,418,89,100,146
254,215,188,185,206
202,2,155,29,39
126,311,35,32,35
121,186,212,214,244
568,372,42,40,44
795,35,52,52,54
900,215,52,52,51
402,385,43,44,46
117,241,70,51,63
605,168,52,47,49
1192,381,234,235,254
1140,488,230,228,243
229,137,31,27,32
77,33,116,108,119
1030,245,46,47,53
1158,130,236,233,250
1066,489,50,50,54
1110,26,238,235,252
26,134,154,28,35
141,247,210,207,230
405,30,36,31,34
466,104,42,42,46
995,18,127,94,69
121,100,158,31,40
554,136,47,44,47
308,337,42,42,46
202,432,47,47,49
1024,260,47,49,51
256,42,208,213,233
313,425,44,45,46
53,301,34,28,29
282,470,104,98,68
548,32,42,43,46
654,282,42,45,47
211,482,48,46,52
56,238,37,31,34
110,78,146,128,149
594,49,45,46,48
413,155,41,41,45
973,150,47,47,52
526,474,131,128,127
1014,305,47,48,50
511,490,114,105,76
663,43,46,46,49
154,392,42,42,46
312,363,42,43,45
234,47,50,35,50
184,460,48,47,50
1144,316,230,227,243
1084,418,81,73,62
1142,231,231,229,245
854,290,47,48,49
518,186,223,220,243
578,113,42,43,48
286,475,123,116,92
506,283,44,43,48
923,480,53,48,51
216,282,208,207,231
364,256,215,214,235
677,223,218,223,241
1041,128,49,47,51
1144,22,234,230,248
660,297,46,46,50
441,359,44,47,49
893,309,48,45,48
477,123,43,43,47
1068,186,51,49,57
141,440,45,48,49
492,70,41,40,47
204,361,44,41,46
748,386,41,43,46
378,187,200,198,221
133,435,47,49,49
846,326,45,46,49
1146,158,232,229,244
37,412,48,45,48
1009,141,46,48,49
114,399,45,45,45
407,46,33,29,30
211,174,190,182,208
270,347,45,43,47
165,249,203,202,225
940,328,45,46,49
539,323,44,41,45
890,149,44,47,52
205,267,205,203,227
540,37,45,43,45
710,421,46,44,50
104,172,124,118,142
729,278,42,45,48
43,240,35,31,33
381,375,44,43,46
1120,449,230,229,248
159,463,54,50,51
597,346,42,44,46
1104,298,235,232,251
1098,390,240,241,255
1008,164,49,46,53
793,163,49,45,50
1050,133,48,47,51
684,151,45,48,49
690,424,45,41,46
864,324,46,46,50
573,198,62,62,74
492,323,43,45,48
672,249,44,47,48
394,404,42,44,46
294,414,42,44,45
535,62,55,55,56
155,268,212,210,233
203,459,52,45,51
989,0,125,93,68
545,481,128,125,128
374,366,41,43,47
751,149,43,44,48
274,81,33,31,34
1174,69,238,237,252
1125,356,231,228,244
717,443,45,47,51
14,224,31,28,29
512,109,43,41,45
0,136,164,29,36
352,130,30,33,35
488,40,80,61,51
293,196,189,186,206
441,488,170,172,184
687,31,45,49,50
682,100,44,45,51
375,432,105,52,51
861,114,48,47,52
748,173,44,45,48
986,29,107,81,62
631,76,43,45,46
895,317,43,46,49
738,324,43,49,51
313,429,57,55,51
813,152,49,46,51
496,457,153,153,163
639,278,41,43,46
670,284,46,45,46
218,456,44,44,52
820,426,50,46,53
344,396,38,40,46
596,463,151,146,140
920,466,51,49,51
849,21,92,88,81
108,216,210,208,235
85,153,160,29,38
737,14,54,48,53
391,191,208,206,230
330,253,208,206,228
791,206,75,69,79
497,47,43,40,45
1188,150,238,236,255
901,84,47,48,52
553,456,151,146,154
614,483,175,176,186
667,158,49,46,50
728,127,45,44,51
759,388,42,45,48
38,99,33,29,33
992,147,45,49,50
76,433,46,48,54
62,183,37,27,24
1016,367,46,47,51
283,455,72,72,53
150,352,40,40,39
325,31,40,35,39
1021,58,102,88,64
619,255,71,61,87
215,85,110,114,125
1143,280,231,228,245
229,150,32,26,27
1067,344,49,52,56
329,210,185,185,204
453,309,46,46,47
1003,417,48,47,52
1010,333,49,47,50
88,158,40,23,26
129,82,145,132,152
1130,172,231,228,243
381,398,47,45,47
516,159,48,46,49
971,279,47,47,50
201,351,44,43,45
780,494,164,159,176
1110,207,240,234,253
266,146,32,28,30
340,499,65,60,53
190,251,201,199,220
1025,64,111,99,88
572,455,125,121,125
243,163,167,161,172
289,384,41,43,45
574,340,44,45,45
615,354,40,44,44
483,413,43,43,46
265,421,43,44,45
190,152,36,34,39
1010,180,45,48,50
592,112,40,44,45
608,140,43,45,46
330,265,209,208,231
743,247,242,237,255
897,125,50,47,52
1148,466,233,231,247
1192,400,239,236,251
232,383,46,45,44
1014,141,48,48,51
632,163,46,47,47
1140,184,229,231,247
119,232,184,188,199
723,38,60,53,54
158,407,41,43,44
773,44,47,50,51
802,84,44,49,49
826,350,42,45,50
401,262,227,225,246
968,369,46,48,50
92,167,33,28,26
1123,95,227,227,244
584,446,151,142,151
1135,143,230,228,245
907,374,43,45,49
316,1,124,124,135
869,328,47,46,49
61,77,30,26,29
486,105,42,43,44
605,392,41,43,43
627,269,48,44,48
9,209,32,29,30
706,376,44,43,49
647,170,49,50,52
204,315,41,43,44
1183,444,238,233,252
1101,161,242,240,255
33,308,38,35,35
549,13,77,68,54
111,425,78,64,75
713,339,45,44,49
341,10,36,36,41
103,333,38,37,39
710,249,73,60,58
678,144,50,44,48
147,206,138,139,153
124,174,206,207,234
123,0,118,110,120
1154,200,235,235,249
412,215,57,55,61
1092,156,245,244,255
273,48,44,43,50
760,255,240,238,255
551,317,39,43,47
559,407,43,45,47
675,142,44,47,49
342,179,194,191,210
501,438,170,173,189
624,95,47,45,49
1047,369,46,48,54
922,475,48,48,51
920,245,48,47,54
1098,494,238,234,254
554,230,223,227,238
40,494,84,74,71
623,11,51,49,51
840,461,45,48,51
17,275,36,29,34
1009,239,45,50,53
575,415,40,42,43
568,108,44,43,49
1057,328,49,51,53
981,324,48,46,50
487,402,39,43,43
27,297,36,32,35
126,451,47,45,49
431,78,40,37,40
414,313,44,44,47
490,466,168,167,177
485,455,179,176,199
178,305,37,39,39
1114,449,230,229,246
896,61,100,103,99
1174,318,241,238,253
248,278,207,203,227
581,42,43,46,47
949,238,47,47,49
41,421,55,54,53
327,407,44,42,44
1021,210,49,48,53
12,318,40,40,41
139,31,137,119,141
914,429,113,129,169
1,476,47,49,50
36,119,146,21,30
727,65,46,48,48
1052,239,48,50,52
97,480,47,47,48
1035,171,46,50,54
983,314,46,46,52
141,359,38,39,45
409,29,36,30,31
164,73,143,127,149
874,18,101,98,90
111,145,203,190,212
36,480,49,46,49
954,126,52,47,50
665,324,44,44,46
806,458,48,47,52
961,406,49,47,49
688,320,45,45,46
989,252,47,47,50
1193,339,239,235,254
845,226,240,238,255
987,121,46,48,53
498,127,59,56,61
1149,303,234,229,245
830,336,48,45,52
1112,375,235,234,252
988,338,45,47,49
415,285,46,46,49
1174,156,241,237,253
426,369,43,43,44
651,58,48,45,51
72,380,44,43,45
60,43,109,102,110
764,14,51,49,48
190,457,48,47,48
192,193,188,183,204
122,454,47,48,50
510,5,88,68,48
287,177,192,184,205
175,22,157,44,73
228,334,44,43,47
765,484,163,156,165
1172,489,236,234,250
829,41,73,67,60
826,339,49,46,50
919,269,47,51,52
1006,358,47,45,51
429,56,35,35,36
883,143,46,47,51
440,283,47,46,48
1015,178,48,49,51
93,248,219,215,240
354,287,44,41,46
666,473,98,74,55
156,488,46,48,50
67,127,154,26,33
445,497,174,177,196
973,233,47,47,52
264,156,33,27,32
539,431,43,40,50
736,73,43,47,47
71,15,155,141,155
491,171,17,20,25
316,34,40,37,43
1158,261,241,233,251
1171,202,239,235,252
891,496,171,156,93
1129,25,229,226,243
14,280,32,33,36
365,92,35,31,32
336,243,204,203,224
556,334,41,44,46
1032,206,51,48,53
49,220,24,24,29
516,187,219,217,239
917,253,52,53,60
477,205,209,213,234
366,360,44,44,45
99,29,125,115,125
176,439,47,51,52
1195,231,236,235,252
971,472,47,47,51
533,127,45,43,48
590,69,44,43,46
997,434,50,47,52
1081,261,60,55,61
781,373,44,45,48
785,109,43,46,48
48,347,41,42,42
326,449,60,59,50
997,294,51,47,52
71,184,37,31,33
775,310,47,46,50
519,208,221,216,239
1022,186,48,50,53
144,103,148,136,156
336,137,35,32,34
1048,155,49,49,53
836,16,91,85,82
380,367,45,44,48
583,383,42,42,46
618,208,233,229,254
747,266,52,52,57
1152,267,235,234,249
727,254,239,238,255
862,396,47,46,49
300,38,50,47,54
485,383,46,43,43
378,454,178,169,192
449,336,47,45,49
164,202,71,64,86
42,98,33,33,35
338,324,44,42,46
1122,349,229,229,245
17,450,50,49,50
548,215,231,228,252
666,212,215,209,210
829,404,49,45,50
1046,7,74,66,61
16,487,50,52,52
846,447,45,47,48
973,131,47,48,50
1041,190,48,48,54
852,74,47,48,51
426,285,44,47,48
120,350,37,38,42
166,290,42,39,40
1161,337,238,232,248
367,150,38,35,42
1064,140,51,49,54
807,189,48,49,52
764,206,240,237,255
853,432,46,45,49
1051,347,50,48,54
485,358,42,44,45
923,43,117,109,104
359,36,34,27,27
1148,377,229,227,244
597,2,97,85,70
1053,224,48,48,52
1111,196,237,236,253
1044,9,76,65,61
428,76,38,36,39
448,109,42,43,44
1059,31,98,87,75
64,56,120,112,116
872,61,98,84,65
868,489,131,124,78
613,5,52,52,50
837,41,96,82,68
933,449,105,97,56
361,134,35,35,38
395,455,186,189,216
135,179,209,210,228
1120,465,229,227,241
718,52,47,47,50
582,201,199,207,234
491,320,45,45,47
526,497,131,130,110
555,414,44,40,43
828,239,58,55,63
190,236,197,194,214
773,235,163,161,227
306,246,200,198,220
1042,78,73,65,59
254,162,59,49,61
1194,75,239,235,254
1035,89,67,61,60
446,469,138,123,127
950,146,43,46,51
227,474,54,52,49
365,250,216,216,233
593,147,42,44,46
443,438,31,25,22
20,237,32,26,24
441,167,46,43,47
627,190,236,236,255
128,72,158,141,164
541,108,43,43,46
893,310,45,44,47
408,149,37,42,45
722,94,46,45,50
402,279,46,46,50
54,140,155,29,32
748,150,45,46,49
1092,219,251,251,250
1117,111,236,229,245
699,19,51,50,53
698,414,46,46,46
596,6,121,113,98
496,207,205,204,220
536,335,39,44,43
380,62,33,28,29
663,69,43,47,49
529,351,42,44,44
566,228,231,232,249
1118,258,230,227,246
1102,498,228,228,249
1092,299,239,237,255
927,283,47,47,49
546,339,43,43,46
989,39,107,84,61
732,325,41,46,48
297,487,67,67,63
886,16,76,71,63
737,173,46,45,49
731,463,150,142,149
1100,469,235,233,248
335,306,44,42,46
1186,246,238,232,251
607,204,90,68,118
1115,239,232,230,246
467,288,40,41,46
498,255,221,216,237
566,57,45,45,48
381,293,44,44,45
324,346,43,43,46
670,64,41,45,50
439,186,109,111,119
582,377,41,44,45
733,274,40,46,51
529,161,42,45,48
848,441,46,46,52
210,499,43,45,49
880,177,48,48,49
292,196,188,186,204
811,397,48,46,50
883,413,46,47,49
549,17,50,47,49
761,480,154,147,150
72,158,164,30,39
50,419,58,56,56
875,44,102,97,93
825,452,46,47,50
988,82,63,57,58
288,150,32,29,32
872,375,44,46,45
971,433,44,47,52
255,202,187,185,204
924,91,51,49,52
592,412,44,43,48
1191,426,237,235,252
964,381,47,47,52
181,49,164,68,90
666,70,42,45,48
696,358,45,47,46
780,126,47,47,48
1000,0,130,98,69
216,96,50,45,55
908,289,43,44,50
913,416,45,44,50
769,290,45,45,52
240,301,45,43,46
815,449,46,46,51
812,394,44,47,50
464,101,42,43,44
475,129,40,43,46
160,238,171,169,198
858,381,45,47,51
406,124,43,41,43
782,415,44,47,52
341,371,44,44,46
193,163,38,31,32
282,223,191,189,207
706,193,236,236,255
178,190,194,188,209
508,174,49,47,52
445,2,35,32,29
48,232,33,31,33
809,413,52,47,70
576,239,236,233,255
201,79,205,197,219
31,435,48,48,50
799,81,46,46,49
837,249,79,68,74
184,105,132,127,148
805,261,237,236,254
1014,214,48,47,52
1119,275,227,228,244
503,200,58,56,61
48,442,51,49,53
106,235,201,197,222
1121,95,230,226,244
969,299,45,45,50
725,9,52,50,52
339,306,45,42,45
68,304,37,33,36
1149,345,231,229,246
814,397,46,48,50
1034,17,109,83,63
645,291,43,41,49
748,43,52,50,53
1058,254,44,51,53
677,293,48,46,51
576,378,44,43,48
1033,104,49,47,53
275,37,131,137,154
321,167,40,37,40
852,329,47,47,50
887,86,48,46,51
844,24,92,87,82
1054,40,115,104,101
1130,67,227,224,242
837,405,43,46,48
683,32,50,49,53
21,182,106,101,109
816,306,46,46,49
66,160,166,28,34
103,88,157,31,39
430,286,46,46,46
843,197,48,46,51
446,185,53,50,58
325,366,44,42,48
713,13,63,55,54
875,356,47,46,50
607,407,38,44,44
916,455,47,50,52
734,322,45,44,49
63,352,43,38,43
980,200,48,47,52
317,427,46,49,45
696,152,45,47,50
1012,454,46,47,48
148,107,34,28,27
767,197,45,49,52
920,441,51,48,49
897,443,68,57,56
460,52,43,39,45
676,15,49,50,53
84,52,33,32,32
367,456,88,74,68
841,139,43,45,49
583,17,93,84,68
436,10,34,27,33
729,253,241,239,255
1013,286,50,47,54
685,333,42,45,51
739,329,45,46,49
91,72,155,132,148
363,5,42,35,31
23,164,172,31,40
407,72,33,34,35
338,352,44,43,47
969,66,75,66,59
1114,316,235,230,249
452,65,43,41,44
736,95,47,45,46
78,440,49,50,52
368,48,33,24,29
967,167,45,47,51
669,116,43,44,49
1156,234,237,235,248
663,97,43,44,50
561,477,116,103,94
1158,30,237,233,251
886,332,45,46,51
306,379,42,44,44
1160,165,237,233,247
345,122,32,27,32
580,392,42,41,43
101,463,78,70,66
136,349,38,38,40
459,349,23,23,23
1,439,53,48,52
1031,16,104,81,63
713,95,47,48,51
1062,126,50,51,56
255,461,101,92,64
746,162,46,47,50
325,331,44,43,46
258,420,45,43,46
1196,334,240,236,253
677,227,228,230,248
193,102,116,118,132
469,115,44,43,46
901,242,243,238,255
857,109,49,47,51
962,288,46,48,51
963,385,48,44,48
1042,423,47,48,51
330,385,42,42,45
14,116,150,23,35
799,318,44,47,49
852,344,44,46,51
346,328,41,43,44
844,476,117,106,63
846,64,49,48,53
120,433,59,54,54
462,102,44,41,46
437,180,43,45,49
200,489,43,47,47
1159,82,238,232,251
518,414,39,43,45
729,317,46,45,48
369,495,68,61,51
125,481,50,51,50
1037,366,48,49,52
310,202,118,110,135
694,110,44,46,47
391,249,213,213,236
1037,83,68,64,58
278,10,187,183,201
300,332,43,43,46
586,295,46,44,47
395,110,38,35,39
603,429,42,42,44
863,183,48,48,51
20,27,226,224,250
141,146,162,165,189
706,470,134,120,99
155,69,153,139,159
650,52,48,44,50
19,490,61,60,53
0,314,45,39,43
987,86,49,49,52
337,275,43,45,47
700,113,46,47,50
1057,201,46,49,53
146,22,157,139,162
1115,382,231,230,244
294,238,52,53,53
435,121,45,39,44
271,379,43,43,45
161,277,214,210,233
610,243,233,234,255
575,378,43,42,48
1117,490,227,226,243
264,229,186,183,201
652,485,95,69,55
20,36,226,229,250
935,423,46,45,49
539,498,152,141,103
1072,374,53,52,57
848,155,48,50,50
566,360,44,42,48
942,264,49,46,47
96,447,49,47,49
622,153,43,45,46
1044,378,47,50,53
93,10,107,97,109
1082,496,249,245,255
274,259,201,199,221
507,14,81,63,48
1131,238,227,227,241
672,363,42,44,47
826,151,44,45,49
613,272,42,43,46
401,348,44,45,47
1023,427,43,48,52
817,176,50,47,53
36,418,60,59,55
829,217,240,237,255
971,325,50,47,50
36,237,34,28,30
712,357,45,45,48
539,177,105,104,110
980,435,46,46,53
886,6,79,72,65
825,128,44,48,53
423,448,163,159,146
419,306,44,46,47
311,444,70,68,55
607,54,48,43,49
799,212,244,239,255
1024,213,49,50,55
32,478,47,48,50
777,119,43,48,47
425,306,49,48,49
361,298,46,46,46
565,229,231,231,253
328,358,43,42,44
1191,463,238,234,251
776,379,42,44,48
460,416,49,47,50
214,139,32,30,33
273,485,87,77,56
1104,344,239,235,255
392,343,43,41,48
910,168,48,48,52
1004,102,49,49,53
954,181,44,47,52
782,304,48,46,48
122,41,162,143,165
627,128,43,45,46
993,151,47,47,52
115,7,113,106,115
523,220,223,219,243
457,483,185,189,209
45,466,49,47,51
332,398,42,43,46
449,398,31,30,29
489,253,212,209,230
527,453,138,129,141
577,458,114,112,103
48,435,48,48,51
818,258,244,242,255
570,63,43,44,45
665,15,53,50,51
125,447,49,48,52
158,478,46,48,51
759,428,45,45,51
579,48,44,45,48
353,221,203,202,223
315,199,166,161,188
360,299,43,44,47
367,340,43,41,47
292,25,44,36,49
1013,215,48,49,52
244,410,39,44,46
280,265,199,199,223
787,469,165,161,169
276,307,43,44,45
633,453,190,196,223
1097,381,242,242,255
529,440,144,143,155
706,440,43,45,49
457,75,42,41,46
621,71,45,43,48
781,176,44,46,50
228,45,136,124,140
231,156,60,52,60
114,143,116,101,112
328,232,49,49,55
434,476,27,28,29
1139,155,232,230,247
329,491,136,137,147
609,243,235,234,255
817,363,42,44,46
392,113,36,36,39
151,143,135,136,154
1004,272,50,47,51
90,280,34,34,33
715,296,45,47,48
126,307,36,32,36
698,201,242,236,255
323,374,44,43,46
699,424,42,43,43
720,349,45,43,46
627,12,48,50,52
902,368,46,45,51
1130,350,231,228,243
515,10,79,60,52
1018,272,45,46,51
253,160,39,29,34
954,264,42,46,50
308,104,29,27,27
758,3,49,49,52
1004,383,48,47,49
186,432,51,46,53
310,305,41,44,44
847,248,239,239,255
432,351,40,43,45
878,122,50,47,50
718,16,134,91,67
260,108,34,28,29
742,269,48,47,50
1189,171,238,237,254
372,91,33,29,33
1032,249,49,48,54
936,428,44,49,51
513,63,82,82,79
425,76,40,37,40
696,202,238,239,255
7,201,28,28,29
986,426,43,49,51
940,369,45,48,50
19,145,164,29,34
39,70,114,104,115
1152,61,235,235,249
735,350,45,46,48
654,258,46,45,48
797,290,50,47,52
39,367,45,41,46
945,314,43,45,48
948,125,49,47,51
639,207,238,236,255
1080,404,53,52,57
461,199,226,227,249
1166,190,241,237,252
816,383,45,46,50
808,405,50,46,53
373,119,38,31,37
940,215,47,45,49
1049,266,46,50,53
754,458,49,47,50
523,133,47,43,52
568,84,44,42,46
1120,454,229,228,243
1076,414,53,53,57
905,66,111,103,107
977,114,48,49,50
1089,428,247,244,255
1123,37,230,229,248
48,464,46,48,50
1021,343,48,47,50
61,280,37,28,34
154,38,148,131,152
1092,408,243,242,255
1170,177,240,235,249
376,144,38,38,40
674,57,44,45,49
927,425,44,48,51
954,349,50,43,51
621,336,47,44,47
437,302,43,44,47
1134,212,228,227,245
1057,190,47,51,55
987,342,45,48,51
961,211,50,47,51
424,363,43,43,47
224,19,176,162,184
801,220,243,241,255
188,474,49,48,51
1176,498,234,234,250
1023,411,48,47,50
13,264,31,32,31
855,327,47,46,49
980,279,46,47,50
1002,7,127,94,68
313,216,193,190,212
560,171,49,47,51
797,379,45,46,48
424,392,44,42,47
1121,149,233,228,245
1186,486,238,235,252
184,357,43,44,47
152,335,40,37,44
671,172,46,47,49
860,390,46,46,49
658,174,50,52,56
242,322,41,43,46
976,79,61,57,55
330,320,44,42,45
336,419,48,42,46
629,24,50,49,55
330,342,44,42,45
792,375,43,46,49
148,486,48,47,49
574,467,127,121,109
857,431,48,48,52
136,285,45,40,44
656,492,97,73,55
103,111,156,31,47
972,24,104,75,60
115,482,46,46,49
535,385,42,43,46
327,167,33,38,37
493,157,30,32,37
1198,194,240,236,253
521,453,122,116,121
775,6,48,48,50
108,486,48,47,49
531,8,70,51,39
556,130,43,45,48
1127,219,228,227,246
526,192,219,223,240
645,8,49,50,53
335,256,209,206,228
439,292,41,44,47
29,351,45,40,44
944,137,50,46,53
233,313,40,44,45
1031,379,48,49,53
192,178,190,183,206
467,313,30,29,25
317,212,111,97,116
700,41,47,44,50
517,359,45,42,46
1069,128,52,51,53
763,117,46,47,50
855,117,42,49,51
634,262,45,46,52
587,80,46,43,47
452,93,41,42,44
1009,420,45,48,51
42,339,40,38,40
1161,169,235,233,252
463,460,176,183,201
1008,441,45,48,51
663,353,44,44,44
124,233,198,192,214
8,364,44,44,47
1067,485,48,52,57
368,91,31,27,29
96,386,43,42,47
353,68,32,26,27
531,290,42,43,47
315,310,42,44,45
245,223,187,186,204
417,28,31,29,32
296,100,29,26,28
444,439,93,81,65
216,194,54,46,57
399,207,95,97,121
1080,47,58,57,62
665,276,44,44,48
384,277,43,47,49
554,312,41,44,46
249,147,31,27,27
1045,179,48,50,54
511,467,152,152,167
260,376,41,43,46
1014,310,45,47,50
354,113,32,32,34
622,83,46,44,48
1114,280,229,228,247
1158,443,234,233,249
834,193,46,47,51
962,132,44,47,51
517,230,58,60,66
257,267,54,51,56
237,213,138,129,136
572,314,46,44,46
805,329,49,45,49
687,224,211,208,207
711,38,63,57,56
1140,77,232,229,244
233,265,199,200,222
595,384,40,42,44
525,108,49,44,49
534,208,221,224,245
635,318,41,44,48
808,204,52,50,54
610,490,182,180,193
1184,408,237,235,251
651,259,47,46,50
1039,398,48,51,51
674,369,42,43,45
1082,282,251,247,255
544,3,85,71,54
151,353,38,41,41
739,256,239,237,255
652,279,44,45,50
977,205,44,47,48
734,150,47,47,50
322,235,197,199,215
834,138,47,47,52
504,464,161,158,167
119,131,37,25,29
521,333,42,41,46
151,478,46,46,48
1149,483,228,227,242
578,52,45,44,48
808,4,56,53,54
516,416,41,42,46
688,401,47,45,46
562,278,42,44,49
392,299,46,46,49
372,394,43,43,44
299,288,48,43,48
1172,32,240,235,254
589,176,49,48,50
547,187,227,225,252
597,123,47,46,48
953,250,48,46,49
1143,194,232,230,247
319,88,34,25,29
189,118,160,162,174
641,433,41,42,49
1189,237,239,237,253
1041,231,54,49,53
573,102,44,43,48
1138,428,227,227,246
903,337,45,47,51
1074,150,61,59,62
1005,271,46,46,51
846,209,50,48,56
1105,348,239,239,254
77,133,184,158,168
1045,417,48,49,54
241,369,41,41,44
715,332,44,45,49
600,209,134,126,110
720,61,47,48,50
561,290,41,43,47
366,234,57,49,59
701,293,44,45,51
1054,189,50,51,54
884,340,45,45,50
19,313,38,36,38
1133,224,232,229,242
844,28,87,86,80
881,124,46,48,50
1168,54,239,236,250
918,394,45,46,49
1098,235,238,237,254
286,128,26,29,27
296,141,30,31,29
896,383,46,45,50
312,333,46,43,45
553,401,39,41,46
221,198,87,84,109
649,406,43,45,47
537,90,45,42,46
423,430,46,44,45
763,322,47,47,50
277,360,43,43,46
831,284,46,47,50
122,438,50,51,52
409,25,37,31,31
198,67,59,37,59
959,383,43,43,49
787,125,47,48,51
679,364,48,44,47
105,274,39,32,35
766,326,43,45,49
167,306,38,38,40
250,417,44,45,47
79,130,178,138,152
53,251,34,31,33
145,104,138,132,143
690,66,42,46,47
525,194,222,220,241
1064,304,237,237,249
792,399,46,45,51
16,174,114,107,109
1111,393,235,233,253
784,437,42,46,50
348,101,34,25,31
1075,330,54,53,58
410,162,38,43,46
91,111,157,28,34
488,148,44,44,46
261,194,50,41,53
634,143,45,46,47
423,27,36,29,30
109,146,199,188,206
176,188,194,189,208
776,80,48,46,50
211,71,39,34,40
688,471,117,88,63
42,13,217,222,235
60,211,80,82,82
1069,452,46,54,54
739,415,44,43,48
1009,418,48,48,51
468,62,41,41,44
69,270,42,34,38
1110,185,241,235,252
134,426,49,48,50
66,379,42,42,46
1069,12,104,79,65
159,114,31,27,30
541,81,46,43,48
381,204,122,112,129
716,279,46,45,49
1088,4,254,251,255
399,319,45,44,46
449,468,176,173,187
99,293,35,31,35
677,417,42,42,46
79,117,154,28,34
814,302,47,45,50
72,321,36,33,35
853,45,103,90,69
490,440,167,169,187
1036,322,43,48,53
693,301,43,44,47
1090,77,69,68,70
46,155,164,29,37
1092,231,241,238,255
352,274,43,47,50
930,428,48,43,70
1010,345,48,46,51
853,211,50,49,54
1189,354,237,236,251
107,199,228,230,255
753,230,115,113,83
697,301,49,45,51
556,436,118,111,108
448,434,143,123,126
912,18,91,68,61
223,97,40,39,44
314,430,53,53,51
906,472,46,49,49
416,277,46,47,49
252,46,212,214,233
733,138,45,48,48
377,296,44,45,45
100,318,34,33,35
1008,281,46,47,51
105,343,41,32,39
751,119,44,45,49
689,228,239,238,255
324,5,72,67,62
295,348,42,45,46
357,414,44,42,45
716,377,44,45,47
396,44,31,25,28
564,186,230,230,251
707,118,45,46,51
161,50,143,128,150
861,493,108,105,70
861,389,46,45,51
347,68,34,26,29
376,154,41,38,44
381,243,211,213,235
467,100,43,42,45
155,168,74,69,84
759,414,46,47,50
990,273,44,48,52
156,116,37,26,29
586,8,95,84,62
236,137,36,27,26
104,471,47,44,46
1009,410,46,47,50
448,227,230,230,255
401,14,34,27,27
872,332,47,45,52
1194,149,237,236,253
904,96,44,49,51
405,8,30,27,25
439,415,45,45,51
810,316,47,45,52
1014,406,50,48,49
71,272,36,31,31
891,492,174,159,102
725,228,212,210,249
1007,284,47,48,48
1023,122,46,49,51
70,118,151,21,34
299,468,125,117,91
510,308,42,42,45
1097,304,240,237,254
1032,114,51,51,53
92,432,49,48,51
44,119,149,23,31
842,290,46,47,51
896,313,49,47,50
508,300,42,43,48
6,57,24,23,25
409,297,48,43,49
1131,136,227,227,241
560,259,231,231,252
1138,235,230,230,244
1093,95,242,239,255
53,178,174,31,42
1171,17,240,235,251
329,393,40,43,45
813,249,242,238,255
960,280,46,44,50
277,219,186,183,206
817,364,44,43,46
848,189,45,46,51
1122,299,230,226,242
23,499,72,64,53
68,353,37,39,41
541,181,223,224,248
703,426,45,44,45
249,92,42,39,44
1067,448,50,48,55
69,103,150,26,35
916,93,47,48,53
522,298,48,43,45
882,61,91,87,83
570,364,40,41,43
611,91,43,45,49
279,46,40,41,45
682,41,44,44,51
112,494,45,47,46
855,385,47,47,49
0,442,53,53,53
22,85,120,110,113
923,98,46,48,52
59,404,48,46,48
124,66,161,143,167
159,443,48,47,50
826,298,47,47,52
242,232,144,145,147
999,111,49,48,53
364,417,39,42,45
154,238,199,199,220
119,360,43,41,41
219,132,33,33,34
837,172,48,45,49
695,368,42,45,47
758,488,160,152,160
847,201,46,48,53
1000,486,51,49,53
443,190,221,221,239
887,295,48,46,48
787,448,46,49,50
19,317,38,38,40
180,82,34,31,34
1159,157,237,232,250
962,208,48,48,51
563,161,46,44,47
683,389,42,47,48
147,278,216,212,235
201,91,140,143,157
562,317,43,43,45
806,451,47,49,52
337,349,41,42,46
30,450,49,49,50
716,416,46,45,51
578,19,93,77,62
468,205,233,229,253
674,313,45,46,51
943,237,45,48,51
1115,129,235,231,247
1155,385,235,231,250
859,28,97,92,87
416,384,39,44,44
1132,71,230,228,243
994,481,47,47,52
88,464,68,58,52
392,344,42,43,47
42,374,48,44,46
159,48,149,133,155
786,134,46,47,52
334,161,38,37,40
537,19,51,46,51
875,163,44,48,48
1047,463,47,48,51
212,202,49,41,50
606,233,237,237,255
1154,45,235,234,249
243,310,42,42,47
512,343,40,42,43
250,93,42,39,44
492,461,164,161,179
511,177,70,70,72
206,208,189,184,202
404,307,44,42,49
686,266,47,46,46
708,273,45,47,48
249,323,40,43,45
220,407,47,43,48
689,410,43,42,45
796,65,49,46,51
664,454,75,61,54
292,37,50,52,57
651,218,237,236,255
650,439,45,44,49
822,24,67,66,58
473,296,48,49,51
251,193,187,184,204
394,495,90,79,52
698,73,46,46,49
1191,14,239,237,252
430,64,37,34,38
145,358,41,42,41
811,60,43,48,49
769,294,44,45,48
371,203,80,79,85
666,216,230,233,244
1005,355,50,49,53
238,191,188,183,204
1126,14,232,228,244
623,485,154,153,166
100,399,42,43,47
662,458,74,59,48
909,33,106,101,94
1023,301,47,48,52
1086,190,250,251,255
386,454,189,194,216
680,371,45,42,47
4,240,36,29,32
591,2,92,82,60
1153,229,235,232,249
194,327,40,41,44
579,445,151,146,159
466,206,231,229,250
1135,277,230,227,242
769,355,41,44,48
1198,181,239,237,252
615,134,45,46,47
10,67,105,94,107
1121,70,229,226,243
1061,42,109,105,112
1180,30,240,239,254
477,360,44,44,49
912,208,45,49,52
827,436,49,45,50
855,12,98,93,91
511,414,43,41,46
254,379,45,45,45
706,461,122,103,78
774,417,47,48,47
802,103,48,46,51
864,130,45,46,50
1144,290,234,230,246
994,92,47,49,52
300,230,191,189,210
749,469,132,130,105
313,166,43,37,43
11,246,38,32,33
946,116,48,47,51
1182,32,238,238,250
36,213,21,23,26
164,151,43,44,47
404,15,35,26,27
798,154,46,45,50
1187,159,239,236,251
1046,194,47,49,54
400,86,36,33,37
1003,303,48,49,55
5,407,48,45,49
205,396,45,44,46
1199,344,236,235,253
752,249,240,239,255
93,220,212,214,239
364,362,44,44,47
989,121,47,47,52
571,112,45,43,47
1042,295,60,43,102
845,386,46,46,50
1038,173,49,50,53
419,142,41,42,45
883,208,49,48,51
607,396,43,43,47
920,379,46,45,48
814,399,45,45,50
785,160,44,46,49
314,252,206,202,225
942,230,47,46,50
473,80,42,42,42
233,238,122,120,132
1094,317,244,240,255
261,47,204,203,223
1081,347,171,162,171
783,278,232,236,255
177,91,33,30,30
952,354,47,46,50
1146,57,232,229,245
87,387,43,42,45
1066,201,51,50,55
66,154,162,32,39
267,54,50,51,58
673,46,48,45,47
1144,20,233,232,248
1037,340,46,48,51
508,124,41,41,46
150,244,201,201,225
949,485,48,48,49
477,440,176,179,201
727,376,47,45,48
476,41,65,51,44
1010,40,104,82,63
703,242,191,191,222
648,57,46,47,50
398,181,46,47,50
1143,417,234,231,249
869,25,101,100,97
753,448,42,45,49
317,376,41,43,44
608,434,42,45,48
777,228,61,61,67
172,322,36,38,40
782,118,45,46,49
468,431,175,189,198
1130,95,228,225,242
1043,182,49,50,52
691,346,46,45,50
321,63,29,26,29
457,157,41,43,49
897,412,45,46,52
702,89,42,48,47
133,122,198,187,211
1043,215,48,49,52
206,498,51,45,48
869,186,50,46,50
399,442,198,204,222
18,279,31,30,32
1099,354,247,242,255
850,357,43,45,49
480,16,76,57,46
487,57,41,42,45
252,320,43,43,47
14,29,225,224,249
698,415,47,45,48
523,150,46,45,49
517,291,45,45,48
27,97,27,26,29
817,94,49,47,52
853,76,48,48,51
171,441,54,48,51
737,263,69,60,79
792,245,240,240,255
1153,324,232,233,249
715,288,39,44,47
493,451,150,149,167
713,80,48,44,49
510,427,47,44,50
832,420,57,45,80
1185,375,239,236,254
126,36,149,133,151
1148,121,234,232,247
900,190,46,46,51
182,269,205,205,228
256,96,37,30,37
202,70,89,71,96
1158,432,232,231,247
433,434,61,60,58
829,179,48,47,49
106,14,114,104,116
920,298,46,46,51
193,307,41,39,41
298,121,29,29,32
1169,55,238,236,250
454,148,45,43,45
615,100,46,46,47
731,365,41,44,47
1197,375,240,236,252
29,225,30,33,34
1119,218,233,230,249
588,294,42,44,49
300,143,32,28,29
713,424,45,43,48
984,380,47,48,49
173,249,198,197,218
896,112,46,46,51
364,235,115,115,114
369,144,37,38,40
760,346,43,45,49
508,418,40,42,44
609,40,44,44,47
1087,499,242,242,255
871,48,100,98,92
526,62,45,46,49
592,5,94,83,64
925,393,50,45,48
307,278,45,43,48
614,334,44,43,46
760,15,53,49,53
331,11,94,85,95
1054,349,45,53,57
71,216,230,227,253
1185,58,240,237,250
1014,325,47,48,51
224,115,33,37,39
427,94,40,38,43
848,129,45,48,51
1058,39,111,101,106
1089,229,224,212,175
724,282,41,48,49
248,18,197,187,205
749,323,47,45,50
904,133,44,46,54
426,291,41,45,49
424,438,94,88,70
1024,447,48,47,50
863,136,48,47,51
602,330,40,44,46
179,432,49,50,50
816,69,46,48,52
762,498,157,154,163
172,266,210,207,228
701,5,51,50,52
865,403,44,45,47
282,312,42,43,46
92,196,247,246,255
259,43,215,215,235
1042,474,48,48,55
452,156,43,44,47
616,63,44,46,48
1064,426,49,51,57
770,75,48,46,53
415,438,92,87,79
800,88,49,47,51
883,404,45,45,50
727,238,239,239,255
246,102,36,34,40
1065,351,52,51,54
510,413,42,41,45
290,54,40,39,44
1171,10,238,235,254
468,69,43,40,43
508,68,41,39,42
648,219,241,236,255
717,385,43,42,47
231,265,202,200,220
1050,41,116,103,96
221,163,34,31,35
1106,439,234,232,250
270,226,188,188,205
846,290,49,47,51
305,443,60,58,51
574,285,43,45,46
631,33,48,45,48
646,154,45,45,47
39,99,32,28,29
454,261,237,235,255
948,413,47,48,51
1148,55,233,231,247
1078,238,52,52,56
615,293,43,44,48
337,256,209,208,231
64,275,37,32,34
1032,168,48,47,52
1106,197,239,236,255
566,187,230,229,253
723,426,46,48,49
1075,239,52,52,55
696,15,50,50,52
815,492,159,153,152
1150,156,234,231,248
798,110,47,48,51
1024,431,44,47,52
636,202,235,232,255
145,294,34,37,38
636,130,45,44,48
664,430,44,45,45
1101,314,238,236,253
431,398,46,44,45
586,495,111,108,98
1166,28,239,234,254
375,311,42,44,49
581,38,44,45,45
513,230,221,219,241
170,321,40,41,43
968,24,100,76,60
822,355,43,43,51
781,392,43,46,48
113,246,216,213,236
1178,186,238,235,254
1086,110,59,59,61
624,357,41,44,45
865,208,50,47,53
184,156,38,36,39
331,247,200,201,216
608,305,45,46,46
1072,93,75,70,62
251,283,127,128,144
671,106,48,47,50
547,379,40,40,42
680,16,51,49,50
784,323,45,47,52
164,381,42,42,45
630,322,40,46,49
157,280,211,210,229
885,22,101,97,94
1117,224,232,232,247
1183,20,241,237,253
613,229,235,236,255
344,16,40,34,35
631,297,39,43,47
1154,455,235,231,250
1108,207,237,233,254
883,89,47,47,52
619,68,46,44,46
789,224,235,232,254
719,189,238,236,255
724,298,47,48,50
1086,202,55,57,59
397,312,49,42,48
950,318,43,45,47
354,325,43,46,47
128,427,49,49,51
780,79,48,47,51
44,110,147,21,30
752,163,49,48,51
37,164,170,28,39
490,242,64,63,72
210,124,38,35,42
949,291,44,45,49
429,153,43,45,44
472,82,41,42,42
1131,456,228,226,243
589,22,47,49,50
962,499,50,51,54
1006,97,49,49,52
1001,186,45,48,52
787,356,47,47,50
540,278,45,44,48
354,134,33,36,31
88,311,37,35,35
65,282,34,31,31
1150,123,234,231,250
754,355,41,45,48
237,408,42,41,47
393,234,211,212,236
633,417,40,43,47
175,261,208,207,226
1086,412,107,84,75
703,281,42,45,48
943,457,53,48,50
351,470,58,54,53
312,321,41,41,45
736,51,45,46,51
3,436,60,57,58
547,253,230,229,255
427,88,39,39,39
881,297,49,48,50
796,221,241,239,255
1142,184,234,231,245
1179,6,234,237,253
356,43,32,27,26
477,81,42,41,45
712,9,62,53,54
1072,482,55,54,57
550,192,229,228,249
193,197,177,178,197
308,197,190,189,209
1122,305,230,229,245
135,355,42,42,43
549,66,44,44,45
339,143,36,33,35
234,440,54,53,51
722,139,48,46,49
1036,212,45,47,52
847,31,89,86,82
1147,200,237,231,246
794,30,52,52,53
616,457,180,185,205
413,53,34,32,34
294,381,41,43,46
496,64,47,41,45
173,83,38,32,33
858,230,238,239,255
154,267,213,212,230
274,295,40,44,46
1198,313,240,236,252
660,225,238,239,255
30,111,148,26,36
9,292,37,36,37
288,379,40,41,46
607,409,43,42,47
81,236,58,57,63
16,425,50,50,54
387,133,37,38,42
598,109,45,44,47
303,137,27,26,26
29,435,50,49,51
356,350,43,44,46
741,143,46,47,51
972,57,74,61,57
630,362,43,43,44
933,199,50,47,53
888,468,45,48,51
633,232,231,233,255
161,41,152,137,159
475,188,51,50,54
737,486,127,123,134
133,442,52,50,51
21,443,48,49,50
451,273,236,235,255
371,329,43,42,48
115,56,155,135,157
718,239,237,236,254
1132,286,229,229,242
548,224,224,224,249
811,87,47,49,48
665,405,42,45,48
1110,276,233,233,250
742,455,48,47,49
732,9,50,51,52
752,263,236,239,255
593,310,41,43,45
1055,446,46,48,54
523,330,40,43,48
989,394,44,46,48
554,194,227,226,251
1040,283,237,238,255
346,222,204,202,221
1024,339,46,49,52
757,449,49,48,50
563,229,230,232,247
661,244,48,48,53
911,204,50,49,52
1186,328,240,236,254
102,461,82,78,69
807,164,44,50,48
985,124,48,47,50
1185,265,238,235,252
336,476,144,138,154
768,290,47,48,53
826,344,47,46,50
758,438,43,44,51
168,66,140,124,143
819,246,240,238,255
920,288,43,48,51
829,24,79,78,69
409,30,37,29,33
880,197,45,47,50
533,444,156,150,160
867,269,56,53,58
137,10,190,186,210
953,178,46,48,53
937,429,46,47,51
1009,341,47,49,50
753,339,49,45,46
680,374,42,44,46
497,334,41,44,47
589,328,43,41,47
558,495,133,124,109
500,60,42,41,46
753,444,46,46,51
1028,383,53,48,52
1023,124,49,48,54
9,478,49,49,53
1017,342,44,46,53
892,498,176,161,99
109,247,217,213,235
333,103,33,26,31
144,258,213,211,235
816,335,44,48,50
305,170,188,184,203
509,268,54,50,60
41,20,64,63,65
1008,309,44,48,49
996,65,67,60,57
195,166,41,31,36
320,62,31,24,29
513,206,61,61,68
399,217,99,96,100
650,71,45,43,48
841,311,49,46,51
59,304,34,32,35
960,496,56,53,53
521,330,37,42,46
125,128,55,31,53
437,272,229,230,250
690,121,43,45,50
1166,241,240,235,251
130,187,218,216,241
240,63,215,216,235
561,246,229,230,254
270,180,188,185,205
3,438,49,51,52
198,385,45,45,48
794,175,46,47,50
132,120,196,182,203
154,408,45,44,46
179,446,121,122,126
470,384,43,44,49
177,183,191,188,209
886,471,45,48,49
353,406,45,43,46
663,65,42,47,48
967,186,48,48,51
523,315,47,43,47
936,87,50,48,53
1121,256,228,223,242
166,364,43,43,46
720,329,43,45,46
1013,230,47,47,50
163,351,37,41,44
892,244,240,238,255
1130,105,227,225,243
901,74,48,48,52
693,95,46,45,49
73,370,43,41,43
186,66,160,150,174
80,60,192,191,209
1031,430,48,49,52
1124,484,228,226,245
426,220,223,222,244
1133,72,229,228,242
517,386,41,42,45
859,177,48,47,50
1127,390,230,229,242
1180,391,238,235,253
900,323,44,46,49
1140,216,231,231,247
235,97,37,38,44
1179,320,237,236,251
328,179,190,186,206
1036,139,48,48,52
492,143,60,58,59
527,340,41,43,44
44,363,42,42,46
1091,307,242,240,255
792,450,47,46,46
72,425,82,84,64
935,193,45,46,50
563,244,233,232,249
427,207,223,221,242
751,421,48,48,50
569,456,139,135,139
898,209,45,47,52
8,473,46,49,49
275,401,42,43,42
679,488,112,86,60
479,294,54,53,59
449,499,140,140,144
210,11,188,170,190
501,111,57,59,63
121,357,40,40,41
442,499,154,156,171
214,301,43,41,46
743,136,45,47,50
1188,278,238,236,252
722,274,47,45,50
1017,378,45,47,52
363,356,46,44,46
709,419,42,44,46
1067,405,50,51,54
764,64,48,47,51
478,77,42,41,47
1074,412,50,52,57
644,246,45,44,52
849,136,45,47,51
760,12,50,49,51
780,115,45,47,50
111,111,160,32,38
49,189,149,51,52
172,374,42,42,45
595,411,43,41,48
787,14,51,49,50
696,361,46,45,49
67,211,134,133,138
931,134,49,48,52
8,276,34,31,33
187,20,154,27,37
252,410,43,43,50
654,294,45,45,49
1127,462,227,226,241
935,195,48,47,51
34,121,149,22,32
1192,368,241,238,255
861,151,46,46,48
543,117,43,43,47
830,444,47,46,48
103,245,218,213,236
900,61,107,101,96
397,94,38,33,36
838,220,236,238,255
626,443,68,59,52
661,67,42,44,48
179,324,37,39,44
1129,497,229,226,239
894,378,47,46,49
1022,64,112,100,88
1139,232,230,229,246
389,326,44,45,46
646,262,43,45,50
464,98,41,43,46
75,63,187,188,207
1184,158,239,239,254
1084,374,56,58,60
633,305,46,44,46
577,318,45,43,48
675,229,235,237,255
159,481,46,46,52
991,433,48,47,50
719,158,44,47,48
400,157,40,43,45
1093,192,247,246,255
358,276,44,44,47
693,451,42,43,47
264,489,84,75,51
960,221,43,47,50
996,408,47,47,49
865,470,47,47,48
312,294,44,43,47
51,196,125,126,132
254,260,197,197,217
459,497,113,106,64
798,472,171,164,159
803,445,56,48,53
77,460,52,50,49
687,136,46,45,50
1036,82,70,63,58
698,24,48,50,50
617,19,48,49,50
513,125,43,44,44
888,229,237,235,255
716,240,239,236,255
812,342,46,44,47
241,386,43,43,48
614,235,241,236,255
765,81,46,46,50
980,149,47,49,52
426,120,45,40,46
1161,150,237,235,251
20,360,46,42,47
1084,151,247,247,255
1196,241,239,236,252
828,301,47,45,50
751,250,235,239,255
935,6,237,233,255
379,352,43,42,45
192,255,204,199,224
167,243,95,84,89
515,139,43,46,47
551,118,40,44,48
42,26,65,62,67
475,280,47,46,50
819,2,83,82,76
490,434,178,179,197
310,493,47,45,50
697,88,47,46,48
592,391,44,46,50
70,272,37,32,29
450,28,57,45,41
943,261,48,47,50
929,270,49,47,52
581,313,44,41,47
490,489,114,101,60
899,460,50,50,52
1115,408,230,229,247
231,416,41,44,48
879,279,45,48,51
533,207,223,220,244
65,95,150,23,34
1100,223,244,242,255
306,195,191,187,207
797,272,69,58,78
314,389,42,42,48
884,175,50,47,51
673,135,47,46,48
10,205,29,31,32
333,286,44,44,50
854,217,224,222,244
541,62,48,42,47
371,159,38,40,41
589,321,40,43,44
173,498,45,48,50
745,87,46,45,50
303,328,43,41,45
155,305,38,37,39
656,291,43,44,47
409,45,33,27,28
255,135,32,27,29
1181,264,239,237,253
474,194,226,226,249
525,367,38,42,44
504,62,44,47,48
1087,477,235,234,253
467,144,45,43,49
497,179,107,103,101
545,19,47,47,48
1032,221,48,49,50
269,173,186,182,200
547,128,40,44,47
515,165,46,46,49
1003,28,115,89,65
12,451,47,49,50
675,183,234,236,255
563,109,41,43,44
678,288,42,44,48
336,230,204,203,226
820,273,51,49,55
1167,151,234,234,250
383,327,44,46,48
931,482,47,47,50
72,269,39,33,34
882,14,78,70,68
447,348,42,46,48
318,284,43,42,46
813,351,48,46,51
1010,299,44,49,50
695,366,44,43,47
704,253,46,48,51
332,444,65,64,53
388,462,149,145,167
162,114,36,27,31
762,385,46,46,49
1035,393,50,49,50
1018,368,43,49,52
1059,188,46,49,54
353,310,44,43,47
303,286,38,43,47
324,184,190,189,210
874,21,100,97,98
159,297,39,34,38
362,223,204,205,225
582,298,40,44,47
702,432,46,47,53
515,90,39,39,41
31,438,49,49,53
346,115,32,31,31
896,193,46,46,50
565,448,132,131,134
852,135,45,46,50
250,139,31,28,30
996,4,132,98,72
1102,413,240,240,255
324,296,45,43,46
280,152,35,30,29
934,61,98,93,87
1160,191,239,234,255
694,48,47,44,50
131,486,44,45,48
172,223,197,193,216
755,221,225,225,231
882,176,45,48,51
63,227,62,59,72
1142,323,230,229,245
390,273,48,49,55
1001,337,42,46,49
649,49,48,44,48
1173,437,235,233,252
631,434,40,44,49
657,86,47,45,50
501,291,42,43,48
618,382,43,45,47
1077,381,73,62,62
168,272,205,205,229
962,209,45,49,49
591,353,42,43,47
73,339,38,36,39
516,66,37,33,38
169,68,130,119,138
461,66,44,40,44
582,462,140,130,129
927,443,51,49,51
101,152,193,186,205
87,177,210,201,223
614,137,45,46,49
552,247,230,229,252
529,434,150,153,156
6,449,52,56,56
1180,93,240,238,254
954,259,50,46,50
90,232,205,203,228
118,153,204,193,214
1058,322,48,47,51
759,24,47,49,53
153,295,33,36,37
506,95,16,17,23
726,322,47,43,49
577,474,106,101,93
1029,289,49,49,49
49,23,56,61,65
348,267,212,211,236
539,351,37,42,44
717,372,45,47,48
891,246,240,239,255
281,472,95,82,55
437,104,41,42,45
1040,258,47,47,53
341,124,31,29,31
728,267,48,52,51
1128,491,229,226,242
96,3,40,30,38
657,234,237,234,254
633,177,234,235,255
1197,190,236,237,255
686,377,45,45,46
971,405,46,47,50
409,214,145,144,175
945,447,51,47,53
1144,196,228,229,244
816,268,45,47,52
846,344,46,44,49
179,207,45,40,44
73,256,40,33,38
349,91,34,28,31
1119,247,230,229,248
508,308,41,43,47
45,133,154,25,31
888,341,48,46,49
564,112,42,45,44
910,26,133,124,112
558,286,44,46,51
125,386,42,43,45
75,303,38,33,34
666,88,46,45,47
547,469,168,166,179
166,394,44,45,47
398,484,80,75,74
919,93,51,47,53
389,14,36,27,26
735,226,239,238,255
1069,352,57,53,54
835,369,48,45,48
599,279,44,45,48
455,57,37,38,42
999,116,48,48,51
688,96,45,47,51
541,105,41,44,46
64,169,170,34,40
804,402,47,47,50
538,142,45,45,44
278,45,41,40,43
83,257,218,213,239
1110,152,237,236,254
883,347,46,46,51
191,205,62,55,62
867,337,49,48,51
14,53,65,65,68
144,375,42,41,47
700,55,47,46,52
952,165,50,49,53
373,224,208,207,232
509,375,46,43,47
858,91,49,46,51
306,444,62,58,53
742,110,46,47,51
183,36,160,37,46
791,49,51,50,55
806,61,47,45,51
588,302,43,42,46
21,248,29,28,33
184,249,201,196,220
751,72,48,47,50
406,267,229,226,250
700,345,42,45,45
121,9,120,113,125
1079,412,52,53,58
964,416,49,45,49
507,121,34,33,37
297,72,36,26,32
847,133,46,47,50
546,477,159,154,162
971,270,43,48,52
735,153,48,46,50
545,190,225,227,252
10,365,41,45,48
186,259,203,201,224
973,347,44,47,52
427,111,39,39,40
999,158,46,47,51
814,434,46,47,51
196,43,193,180,203
1096,338,241,241,255
987,224,49,49,51
200,174,185,181,199
318,240,195,195,217
901,329,45,48,46
1012,252,46,46,51
49,137,155,26,34
900,2,200,144,80
312,189,191,188,208
118,430,80,60,86
48,330,39,38,37
904,169,47,46,50
426,127,45,43,45
728,55,41,46,48
901,492,174,157,81
337,479,135,138,150
733,52,46,47,51
704,93,46,45,48
677,154,46,45,47
596,311,47,45,46
916,177,44,48,50
502,185,209,210,229
1011,355,48,48,49
897,8,123,104,82
355,103,32,29,29
714,89,49,44,49
540,328,45,42,45
378,304,45,44,43
972,23,104,77,61
88,42,36,26,34
749,433,45,43,49
88,183,212,204,227
348,265,212,210,233
998,331,42,48,51
901,206,50,46,52
1143,284,227,229,244
372,58,32,27,28
415,226,225,222,246
1089,127,254,254,255
325,290,41,44,46
1043,258,46,47,53
507,15,79,59,47
993,268,45,46,50
431,418,52,53,57
273,337,46,44,49
62,347,41,40,42
214,383,40,43,45
172,349,45,40,44
1178,424,235,236,251
467,180,46,46,50
580,158,41,46,47
453,243,70,60,75
1115,258,229,229,247
25,368,43,45,44
304,50,36,37,37
309,274,46,45,47
722,110,44,44,49
981,297,49,44,51
278,377,40,44,47
365,119,32,33,36
786,334,46,43,50
489,99,42,43,45
86,103,154,26,36
833,419,104,111,72
410,356,43,44,45
1133,234,227,225,240
1166,251,235,234,250
680,13,50,48,53
758,444,47,45,50
1139,200,232,230,246
1017,280,48,48,53
302,233,199,196,215
833,49,73,65,59
458,495,117,115,66
850,288,50,45,53
65,107,152,22,31
335,409,44,43,46
53,93,196,191,213
39,302,37,34,34
752,278,47,48,49
80,179,204,197,221
370,115,35,30,35
274,106,30,24,28
546,295,43,47,47
228,162,188,185,204
314,307,46,42,46
642,171,52,48,52
1162,484,232,229,246
168,379,44,40,45
942,386,47,46,50
179,311,40,38,45
1006,103,49,47,52
804,81,43,48,48
617,105,47,45,49
828,113,47,48,53
691,233,237,237,255
976,275,47,46,47
49,276,34,28,29
391,354,44,43,44
330,210,126,116,151
1017,480,44,48,51
693,431,46,44,47
507,467,117,111,109
1185,424,238,236,254
1109,328,237,232,250
54,115,150,22,31
290,344,43,40,48
555,146,47,44,48
130,392,42,44,47
627,244,51,48,52
1114,111,234,230,247
191,360,46,43,48
1197,64,241,236,252
560,155,44,47,48
924,398,44,46,51
713,336,44,45,49
145,298,35,35,35
247,379,43,42,46
388,206,86,78,95
54,371,45,41,46
593,189,236,232,255
501,362,41,43,46
671,496,110,79,60
808,220,240,238,255
594,267,54,52,56
854,203,47,48,52
805,126,45,46,51
780,177,44,45,51
646,86,45,45,47
3,212,30,28,31
39,124,147,25,33
662,318,45,43,48
1171,403,234,234,250
1170,499,232,231,250
860,88,48,47,51
35,94,32,31,33
370,139,40,38,38
1127,194,228,228,246
1076,230,49,53,55
1066,230,51,53,54
1032,237,49,48,51
959,196,47,46,52
377,346,41,42,48
1121,140,231,230,244
313,391,46,43,46
676,45,46,45,45
508,164,48,48,49
916,345,47,45,50
1157,103,237,233,251
450,115,43,42,47
265,343,43,42,45
521,367,40,43,45
1057,87,61,59,58
1034,4,106,80,64
442,370,47,47,47
804,431,44,45,50
60,201,125,127,134
889,262,239,238,255
11,23,228,225,248
608,90,43,45,46
241,123,33,25,31
872,462,49,47,53
965,293,46,49,50
462,249,64,56,62
843,396,45,47,50
1128,127,228,227,242
388,492,84,78,54
160,469,138,127,117
664,412,44,43,44
1007,474,46,49,54
437,469,27,23,21
67,249,37,31,39
467,217,222,224,247
1012,440,46,47,52
189,230,53,39,60
348,312,40,44,43
483,434,183,190,210
183,318,40,40,43
1130,420,230,228,242
63,295,36,32,30
1044,198,48,50,53
433,329,42,45,44
879,335,46,46,51
100,239,212,209,234
674,207,234,237,255
113,184,160,159,183
136,496,49,47,50
639,296,47,46,47
1158,483,233,232,245
247,108,34,31,33
1061,386,49,50,53
1105,467,233,232,248
516,277,47,45,49
1008,55,96,75,62
251,109,35,30,32
247,12,178,170,195
377,251,213,213,233
1013,439,50,46,52
448,185,49,51,55
893,64,92,89,84
571,344,43,44,50
90,34,120,111,124
675,302,46,45,48
1177,128,239,237,253
1123,277,230,228,244
1121,412,232,230,246
1161,174,236,234,250
599,444,192,197,219
174,115,129,127,145
261,423,49,45,44
997,201,50,50,53
708,66,47,46,50
599,388,41,43,45
94,450,48,45,47
633,187,235,234,255
481,253,191,186,201
1193,139,238,236,255
672,21,48,50,51
676,26,50,49,49
683,186,239,238,255
891,472,49,50,52
703,248,49,48,53
1153,48,236,235,248
987,479,45,48,51
136,286,43,36,40
258,162,57,46,57
468,243,205,211,227
165,241,155,156,181
1054,392,59,63,58
563,489,156,147,143
665,291,43,43,48
656,150,44,45,47
890,430,64,72,106
1045,41,88,74,62
982,127,49,48,52
188,415,43,42,48
514,125,44,44,46
519,91,46,45,47
921,29,94,71,60
912,238,237,235,255
1079,316,249,247,255
1054,252,47,47,54
1041,47,115,103,90
310,67,35,25,29
1078,331,52,52,58
628,404,43,42,49
532,138,42,45,48
10,129,157,25,34
1133,422,229,228,242
608,167,44,44,49
1044,152,48,49,51
808,274,51,48,53
570,240,228,229,250
1122,243,228,227,243
408,445,67,60,61
1136,456,230,225,241
930,281,47,48,50
620,175,46,47,52
1129,376,228,226,247
520,119,40,45,47
149,125,202,193,212
284,286,43,44,46
627,278,45,45,48
940,380,44,47,48
989,290,48,46,54
1007,452,49,48,51
966,119,48,48,51
782,369,47,46,47
1040,29,107,84,64
986,238,45,49,53
488,467,175,177,189
320,422,45,44,46
375,18,39,33,32
75,260,65,57,91
1011,213,48,49,52
1110,103,233,231,250
1054,100,50,48,53
175,87,38,30,28
677,189,239,237,255
17,20,227,225,250
260,165,184,183,203
434,135,37,41,45
35,422,55,58,52
1063,108,51,51,56
485,167,47,46,48
14,356,43,46,45
1181,30,242,240,255
171,81,153,146,157
1189,20,239,236,253
451,471,182,184,202
359,405,42,46,48
735,82,45,48,51
163,3,102,95,116
547,249,230,230,249
1133,266,231,230,243
822,482,173,168,184
12,478,52,49,51
947,343,43,46,50
129,286,42,38,39
89,424,63,62,56
129,219,193,194,215
507,136,45,45,46
277,490,91,78,57
414,173,43,44,49
625,480,182,180,191
244,401,46,44,46
256,260,199,196,217
1131,265,230,229,242
1179,275,237,233,252
747,485,152,145,136
359,323,43,44,44
805,462,48,46,49
217,140,38,29,34
823,400,43,46,48
1166,462,235,232,247
1183,207,240,237,255
815,353,47,44,47
648,474,69,58,56
458,101,39,42,44
353,273,45,46,51
1101,385,242,241,255
713,311,46,45,49
189,436,49,47,47
919,224,49,48,53
403,333,44,41,48
301,211,57,52,58
516,297,44,45,46
29,260,31,30,33
918,37,115,108,103
240,249,191,192,212
428,91,39,40,41
5,352,42,44,46
956,91,49,47,50
789,230,75,67,82
1160,296,237,235,251
60,107,150,22,34
1038,63,101,90,69
246,475,73,71,53
668,73,46,44,51
568,204,228,227,252
357,38,41,29,30
219,362,41,43,45
614,175,44,47,51
91,191,162,156,186
765,0,51,50,52
295,300,41,42,46
844,323,43,46,51
179,137,36,42,45
836,487,165,156,132
873,138,46,47,51
790,105,44,45,51
544,30,41,45,48
617,102,40,46,44
404,367,43,42,44
251,483,55,54,47
807,346,47,45,49
905,334,46,46,48
1175,242,238,236,251
449,94,39,43,43
1062,400,49,51,51
1129,421,231,229,244
911,159,47,48,52
1054,143,50,49,52
534,8,78,59,45
1043,117,51,49,53
1131,160,225,225,243
831,348,47,48,51
1078,149,247,242,255
391,135,35,39,41
865,382,44,44,49
1162,212,236,236,249
667,376,40,43,47
1,243,32,28,29
975,190,50,48,53
1115,227,236,233,248
25,165,173,38,43
839,202,46,50,53
880,382,46,45,50
349,150,33,36,39
331,150,32,33,34
68,248,37,36,36
736,401,78,75,96
224,367,41,43,45
851,96,47,47,51
685,148,45,46,50
48,229,34,33,33
35,197,72,87,80
15,372,45,45,47
76,123,153,28,36
451,369,33,31,39
134,231,197,193,215
510,415,40,41,43
935,364,44,44,54
1103,304,232,233,251
975,384,47,46,48
656,335,44,43,50
510,341,39,43,43
1186,184,242,237,253
1017,26,95,72,63
1119,48,231,228,246
271,277,46,42,46
223,444,47,47,49
1157,23,236,235,251
550,466,154,154,163
61,337,41,37,40
1049,273,71,53,55
751,70,48,45,51
603,37,44,47,49
1146,284,236,233,247
1193,372,237,236,254
996,182,47,48,51
67,418,60,61,59
708,68,45,47,49
519,210,220,215,238
766,499,161,156,170
932,404,44,47,50
977,182,44,48,52
43,101,35,27,32
175,98,202,193,215
855,440,44,47,50
256,485,80,70,56
605,301,44,43,45
238,336,46,44,46
183,288,40,38,45
331,471,107,106,117
847,498,169,161,110
1079,216,248,246,255
112,436,71,67,61
349,240,66,62,70
929,115,46,46,51
416,48,32,28,32
548,303,38,43,47
211,317,39,42,46
1132,59,230,227,242
680,32,53,48,53
676,27,51,48,49
11,287,35,29,34
44,449,50,51,53
1115,413,230,230,246
973,94,50,48,52
515,112,43,43,51
528,400,42,40,44
220,155,32,26,32
402,272,181,181,216
553,69,42,43,48
256,377,40,46,48
828,320,47,47,49
654,430,44,44,47
700,137,44,47,48
400,499,92,79,56
763,377,45,43,49
860,491,115,110,68
657,393,154,156,172
75,161,165,32,38
917,242,54,54,77
319,170,40,39,42
675,235,240,238,255
18,114,149,25,32
974,432,49,47,49
1126,426,231,228,240
843,476,127,116,75
412,89,37,36,37
764,484,160,156,167
281,464,98,91,64
929,247,45,49,51
727,441,48,45,46
182,66,162,146,169
722,62,44,47,50
521,395,42,42,44
741,412,41,44,48
850,60,56,53,54
510,110,36,34,36
1183,344,240,235,252
247,323,38,45,44
1149,286,232,229,245
592,199,175,175,205
215,415,44,42,48
318,207,48,47,52
515,470,116,110,112
905,271,237,236,254
263,132,36,27,30
730,457,50,48,51
412,386,46,46,50
936,6,233,225,250
363,207,153,153,178
398,224,212,211,235
398,241,58,59,65
86,241,219,219,241
1165,185,232,236,251
838,184,46,48,50
708,6,108,61,69
254,308,41,42,46
156,273,210,209,229
278,141,34,28,30
1189,374,235,236,252
955,392,47,46,51
715,252,240,236,255
786,290,46,45,52
838,436,46,47,48
183,272,210,209,232
774,488,155,150,163
816,4,77,77,69
1032,444,47,47,52
841,307,42,46,52
722,339,45,42,45
338,18,38,31,36
113,474,44,47,47
1036,92,49,51,54
102,329,35,34,38
981,296,48,46,51
1106,98,237,233,253
717,1,53,50,57
1171,473,236,233,249
145,442,51,49,50
828,292,49,46,48
510,222,220,216,239
51,174,172,29,38
239,199,93,87,113
360,416,42,44,44
855,77,47,49,52
643,255,42,46,50
276,302,43,41,46
744,79,47,45,51
1154,150,236,234,248
271,348,43,44,44
1144,294,232,230,249
948,397,45,46,50
244,461,69,66,51
1106,166,239,238,255
605,213,120,100,147
446,51,41,36,42
220,499,61,59,51
880,408,45,48,50
1193,380,234,235,251
348,198,199,197,216
302,303,43,41,47
551,112,45,43,47
1075,299,53,50,56
557,32,43,45,46
971,498,57,52,55
638,415,46,44,43
584,352,41,42,46
232,44,37,31,31
264,413,42,43,46
427,97,40,39,42
874,48,105,100,95
48,426,54,52,53
773,316,44,44,49
1147,202,235,231,247
297,167,187,186,207
454,132,42,42,45
1168,310,236,235,250
715,58,45,47,50
221,30,175,164,186
514,365,44,40,43
1,344,45,41,46
821,297,44,46,51
257,348,42,44,48
1064,302,239,239,247
80,159,164,32,36
64,335,37,35,37
55,287,37,32,33
761,36,50,48,53
918,298,46,47,49
798,247,242,236,255
855,230,243,242,255
319,61,33,25,32
702,124,44,46,48
1174,181,239,236,251
203,110,43,43,47
1073,305,51,52,57
690,231,234,235,255
803,213,242,240,255
481,385,43,42,46
192,76,205,194,216
692,498,127,97,68
775,248,239,239,255
862,68,49,48,50
97,473,50,48,50
1138,268,230,228,245
757,364,47,47,49
454,341,84,88,95
700,472,122,103,73
875,479,52,49,52
698,209,239,238,255
552,454,127,120,127
263,193,109,102,132
163,260,207,205,228
293,138,31,29,30
259,27,205,199,216
633,485,135,128,122
166,318,40,36,43
1182,356,239,237,253
914,488,164,155,129
296,91,34,28,31
705,191,239,235,255
343,222,198,200,219
569,226,234,232,255
95,267,38,33,38
651,415,44,44,47
341,225,201,201,222
669,432,43,43,46
1178,6,238,236,252
142,162,156,149,171
1,295,40,35,38
866,292,46,47,50
272,441,68,69,54
584,96,44,44,45
387,25,50,37,32
464,257,226,225,242
735,67,48,46,51
118,296,38,34,38
1001,338,45,45,49
397,74,32,30,33
493,458,167,167,184
132,437,52,51,54
571,349,44,43,46
889,465,47,48,48
363,201,202,200,221
130,269,216,213,235
889,48,101,96,94
578,23,52,49,52
999,381,45,47,51
362,65,29,27,26
927,222,47,45,51
623,421,48,44,49
253,141,35,26,29
583,15,98,85,66
70,167,169,33,43
405,169,45,44,45
939,137,46,47,50
1009,219,50,47,51
6,461,49,48,50
352,164,37,41,42
520,433,148,147,150
224,301,42,43,46
537,177,111,110,116
291,489,47,47,47
869,15,99,96,94
579,451,145,141,152
554,213,171,159,175
166,299,39,36,40
861,318,45,47,48
433,209,219,219,242
168,279,214,212,237
107,31,189,187,206
696,471,120,98,66
869,209,46,48,52
704,490,126,108,81
293,325,41,42,48
207,472,42,46,49
721,405,46,46,48
377,379,41,43,45
961,50,87,66,59
638,75,49,44,48
282,182,188,185,201
237,82,50,50,54
467,260,208,209,233
1135,358,231,226,242
532,172,48,47,51
907,499,176,161,101
570,193,232,227,253
561,196,228,230,252
1173,146,237,234,251
525,251,225,223,244
452,42,42,38,43
278,51,47,48,53
247,430,70,66,53
710,195,239,238,255
232,358,45,42,48
165,425,48,48,49
276,119,32,27,29
848,297,45,49,51
616,159,49,46,50
621,104,47,46,47
866,282,48,48,49
330,183,190,187,211
145,473,44,47,53
845,205,47,47,47
1183,64,237,236,254
13,112,144,22,29
89,242,221,218,242
791,196,45,48,53
689,375,44,43,47
171,474,46,46,52
857,250,241,239,255
1107,59,236,234,251
1,388,45,45,51
380,124,43,34,39
