x,y,R,G,B
951,225,49,49,50
996,131,48,50,52
723,319,46,47,49
1108,254,238,236,250
541,283,42,44,47
883,321,46,45,49
155,273,212,209,232
753,414,46,46,50
1140,301,233,229,246
809,137,47,45,51
1048,463,50,47,53
311,394,44,42,46
413,16,38,28,29
692,373,47,45,49
67,401,43,43,48
1166,304,237,234,249
3,157,172,32,40
451,343,53,55,56
948,462,49,47,51
424,407,43,42,46
933,419,45,45,50
988,95,47,47,53
227,286,49,50,53
827,38,71,66,60
1023,158,46,49,53
910,271,238,236,255
1064,364,53,51,55
131,497,48,47,50
341,385,41,44,47
509,377,44,43,43
965,305,49,48,48
1187,453,236,235,252
1159,332,235,233,250
1145,34,236,232,247
293,481,68,67,55
391,222,210,209,232
636,249,42,47,49
211,230,189,187,205
40,409,40,46,47
1176,161,239,238,253
664,443,43,44,48
540,279,46,46,46
125,283,46,35,57
383,313,44,44,48
76,343,39,37,40
892,90,48,49,52
986,118,46,48,52
1054,426,50,48,52
1189,482,235,236,252
288,103,29,27,28
251,487,65,58,55
361,295,41,44,47
1082,409,55,54,59
403,32,41,31,33
1117,497,229,228,245
116,392,38,43,47
614,215,95,97,117
856,485,168,156,111
310,308,45,44,46
586,486,92,84,66
376,484,69,62,53
42,195,102,99,102
48,61,115,106,115
539,491,160,158,153
663,308,46,44,49
648,492,96,70,58
247,358,47,44,46
795,179,43,46,51
128,483,46,46,50
451,34,50,43,42
470,66,45,41,43
293,421,45,42,47
522,74,42,44,42
765,313,47,45,49
934,201,46,47,51
559,146,41,44,48
687,202,237,238,255
403,463,54,51,53
681,355,41,47,48
165,66,132,120,140
1073,366,53,52,57
926,479,52,54,53
562,419,42,43,46
1094,426,243,241,255
688,449,44,44,47
1087,59,252,252,255
402,99,36,37,37
455,86,43,41,43
1124,391,230,228,244
549,214,228,228,253
893,402,48,44,50
466,387,47,45,49
675,148,46,46,48
551,302,44,41,47
697,300,47,45,51
75,456,49,47,48
794,12,48,49,54
214,436,49,44,49
899,448,71,69,82
722,470,148,144,161
841,477,168,158,112
116,416,48,47,47
1083,80,59,58,61
399,59,36,30,31
1029,492,49,51,51
9,128,157,27,31
812,344,45,46,50
527,394,40,41,43
177,387,42,44,46
239,445,47,47,49
50,199,98,93,101
885,182,46,47,52
383,183,113,112,120
996,233,50,48,54
172,55,164,151,172
47,272,30,27,29
1,150,169,34,41
767,143,46,46,50
382,293,42,43,46
1006,64,54,54,56
1101,152,245,242,255
615,234,236,236,255
1093,104,229,228,247
30,352,45,41,45
265,454,67,65,52
1106,136,237,235,253
593,222,237,235,255
1038,450,48,48,51
568,489,141,133,121
440,195,225,225,244
852,174,44,45,51
533,166,44,46,50
442,312,43,45,47
318,289,41,46,46
947,471,47,49,51
1186,468,237,233,249
381,21,40,29,28
369,298,44,44,47
247,164,189,188,206
644,203,238,237,255
1162,211,234,234,248
747,438,46,45,48
1060,461,49,50,54
1082,452,55,56,59
544,219,232,228,253
36,184,114,104,105
923,361,48,46,49
825,77,49,47,51
53,389,44,44,47
978,20,103,75,61
1031,88,71,64,59
101,317,37,35,35
277,394,44,43,46
796,218,240,237,255
154,36,146,130,152
973,35,93,70,60
97,80,181,158,184
853,124,46,45,49
1181,469,235,233,250
998,181,47,48,50
518,403,42,42,42
346,195,192,193,216
643,472,102,101,99
1006,142,48,48,53
799,133,51,47,51
769,5,49,49,54
319,48,33,29,32
954,485,47,49,52
971,382,43,46,49
445,440,135,125,115
777,189,47,48,52
1110,22,235,233,251
833,400,47,48,49
1068,130,47,50,54
747,28,51,49,52
167,0,141,128,142
292,312,38,44,47
11,368,41,46,49
1077,166,56,53,57
90,90,155,27,36
190,349,44,43,45
1038,485,46,49,52
1091,264,239,237,255
1040,346,49,49,53
976,359,46,46,51
319,143,37,35,33
450,90,42,42,41
521,4,69,64,66
31,396,46,44,47
1049,211,49,48,51
513,334,42,43,47
127,429,48,50,52
1060,251,50,47,55
535,28,78,63,49
17,247,34,27,30
201,157,32,28,33
879,31,111,106,106
297,189,194,190,208
167,80,169,157,179
1063,277,236,235,255
279,6,207,198,217
97,10,112,102,113
371,116,33,35,33
573,93,41,45,48
132,44,135,116,136
383,51,35,23,27
44,266,31,26,26
537,289,45,44,50
370,320,46,43,47
1068,367,52,53,57
930,15,142,96,71
634,128,40,45,48
560,32,43,42,48
806,8,49,52,55
314,110,27,27,26
618,266,43,45,53
1153,330,235,232,249
630,341,45,43,46
330,92,27,28,29
101,280,36,32,34
356,294,45,44,47
637,371,43,44,44
588,415,40,44,43
35,264,34,28,29
1003,374,49,48,50
299,422,45,41,46
1151,414,232,232,249
657,294,47,47,48
372,358,43,44,46
108,119,160,30,37
5,293,35,36,36
76,349,37,37,37
66,490,46,49,50
585,404,40,43,45
1108,127,235,234,251
1140,490,232,227,246
302,213,66,55,67
252,62,41,35,52
645,475,147,148,153
938,88,49,50,52
378,118,37,34,38
748,112,48,45,51
1169,205,237,236,254
122,428,45,46,48
943,333,46,45,48
62,181,39,26,25
841,191,48,45,50
116,153,197,189,208
239,315,43,42,44
736,148,47,46,49
312,335,43,44,43
600,370,42,44,45
1003,35,113,88,64
295,354,44,43,46
814,310,45,47,50
127,388,39,42,44
36,440,48,49,49
398,310,45,45,50
575,308,39,45,50
852,348,43,47,49
915,176,46,46,50
151,444,52,51,53
394,498,91,78,56
942,70,97,95,87
21,130,153,26,31
658,418,40,46,46
52,376,43,43,45
963,469,47,46,51
595,263,49,50,57
565,153,43,44,48
1119,42,232,228,249
1049,115,46,50,52
263,105,39,25,34
599,451,184,189,204
20,400,48,43,48
240,320,45,42,46
1084,89,254,249,255
538,269,49,49,54
368,146,39,39,41
1023,442,49,49,56
207,367,44,43,45
948,283,47,46,50
562,324,41,41,44
1130,406,230,230,244
181,128,60,46,67
129,493,49,47,52
725,449,45,43,48
978,134,46,49,51
660,435,44,44,48
1133,255,230,228,243
1161,278,239,236,250
3,419,52,52,55
1153,189,236,234,246
1118,233,231,230,249
1106,89,236,233,253
28,444,53,52,51
656,346,47,43,48
714,486,146,141,153
1164,5,239,235,255
794,285,45,49,52
1111,173,236,232,250
680,119,44,44,49
160,196,144,144,147
552,427,42,42,47
1048,73,79,74,58
609,386,42,43,45
296,400,42,42,44
11,325,43,40,45
662,455,73,58,52
540,243,76,54,67
1068,212,52,53,55
659,286,42,43,48
641,462,167,168,183
641,445,61,52,49
69,233,40,39,42
220,302,43,42,44
617,364,46,45,48
39,114,148,24,31
927,232,48,46,51
920,196,51,50,52
333,385,39,43,44
425,238,219,221,234
235,283,207,210,229
2,265,37,33,36
1109,43,233,231,250
802,134,47,45,51
783,201,50,48,54
813,367,42,44,51
557,421,42,41,46
212,31,184,168,190
1170,448,236,235,250
1071,209,51,51,54
1063,443,47,48,54
1183,387,237,235,252
1145,212,232,229,248
144,349,37,40,43
198,378,42,43,45
1121,446,231,229,243
5,388,48,43,49
1074,461,244,246,255
262,305,43,44,45
755,425,43,45,48
1171,278,240,236,251
428,340,43,45,48
743,281,46,45,50
275,72,38,37,41
192,490,47,48,48
849,221,237,239,255
1101,299,232,232,250
36,109,105,71,71
1104,119,239,236,252
907,213,48,47,52
115,336,38,34,39
517,416,40,42,46
875,227,241,240,255
258,489,86,75,56
739,45,44,47,52
14,132,159,23,35
142,66,157,143,164
793,245,243,240,255
916,377,47,44,46
304,485,86,87,91
740,202,240,236,255
925,442,46,48,56
1043,339,48,49,51
958,246,47,45,50
1022,114,48,49,52
488,199,66,66,60
337,98,29,24,30
754,227,196,190,176
257,231,184,183,202
230,363,43,43,47
1045,25,107,85,66
344,14,44,39,38
276,126,33,25,29
610,343,43,44,44
4,195,22,21,21
535,436,166,163,183
315,311,44,44,47
987,490,49,47,52
324,99,30,26,28
902,397,47,46,49
214,491,51,46,46
1115,370,232,233,247
894,245,237,239,255
243,288,48,45,49
63,113,149,21,30
944,169,47,47,51
122,483,48,48,47
84,421,56,53,53
793,160,48,46,50
609,73,42,44,48
719,352,43,45,46
946,242,49,46,52
1076,198,52,54,58
316,382,42,45,47
1139,448,230,226,241
212,232,105,99,119
955,258,48,46,49
165,261,209,207,231
1182,492,237,234,250
909,470,47,49,49
39,177,175,32,40
271,62,46,50,55
357,378,39,42,47
624,130,45,43,46
929,326,46,45,49
155,186,199,195,214
264,73,43,41,50
60,252,35,29,32
197,326,39,43,43
952,216,44,49,48
533,196,103,105,129
806,436,49,48,53
598,188,234,230,255
795,184,48,48,52
969,58,75,61,55
636,13,50,48,52
1012,199,48,49,54
1084,11,68,64,69
93,2,30,27,31
151,0,31,27,29
781,359,45,46,50
914,16,112,74,59
1110,74,234,231,248
815,220,237,237,255
679,219,103,97,115
931,95,46,48,50
1163,435,235,233,248
634,37,45,45,50
996,105,49,47,52
155,45,151,137,158
374,128,36,37,40
619,190,237,234,255
819,411,47,50,51
80,485,55,49,51
475,313,57,51,56
1058,363,51,49,53
884,186,42,49,51
597,115,45,45,50
977,189,45,47,54
840,284,44,46,50
710,476,142,128,125
167,118,106,109,130
863,23,96,91,86
649,306,45,45,49
928,422,47,45,50
1148,360,232,230,245
193,246,200,194,218
473,37,74,58,47
383,385,43,44,48
264,308,41,42,45
742,71,48,49,52
319,421,43,43,46
569,246,231,231,255
1036,238,48,47,53
1145,422,235,230,246
1073,351,236,234,216
212,362,45,44,46
231,120,33,28,31
1,334,42,38,46
259,373,44,45,46
962,149,48,47,49
709,197,238,237,255
802,229,239,237,255
914,42,98,96,85
229,480,50,49,50
761,340,44,46,49
356,262,211,211,233
357,300,46,46,46
514,387,41,40,44
573,139,46,45,50
508,416,38,41,47
792,224,238,234,255
133,333,37,37,40
386,280,43,45,46
666,293,35,45,43
740,244,242,239,255
241,351,39,43,45
236,350,44,42,44
1114,52,230,230,247
986,483,49,47,52
929,266,43,46,50
107,306,36,33,36
1108,109,234,232,251
166,156,44,41,45
600,292,42,42,48
926,295,46,48,51
473,257,46,47,53
91,497,47,48,50
17,216,32,29,31
1049,424,50,48,54
1065,270,53,51,53
1110,227,232,231,247
909,144,48,47,50
34,112,145,22,32
527,418,40,42,43
157,481,42,46,47
816,401,48,47,50
738,496,119,111,80
110,201,225,227,254
144,173,202,205,229
419,484,134,126,122
864,478,59,55,48
944,439,52,48,51
1101,40,242,240,255
363,304,42,41,45
140,494,45,49,48
1047,151,49,49,52
195,373,45,45,46
287,410,41,43,47
964,329,45,45,48
975,259,46,46,50
285,34,45,48,54
1068,303,62,53,115
338,418,46,44,46
744,499,162,155,117
644,187,241,235,255
275,118,35,26,29
34,25,81,70,85
569,490,158,152,140
863,233,242,239,255
1162,346,240,236,252
250,455,71,67,50
83,243,218,215,240
384,155,40,41,43
1053,235,46,49,53
1114,286,232,229,248
272,222,189,185,204
746,323,48,45,51
341,241,204,203,227
524,49,39,37,37
1028,101,43,48,52
685,20,53,48,53
63,32,120,109,126
909,193,49,49,52
966,296,46,45,50
73,300,34,32,30
712,117,45,48,48
1004,296,43,48,51
531,315,44,44,47
669,278,48,43,51
1177,125,240,237,253
737,352,44,44,50
263,324,44,43,46
820,136,47,48,47
1112,399,234,235,251
870,283,48,46,50
1166,334,239,235,252
882,86,47,47,50
922,137,46,47,49
211,245,199,194,216
704,466,131,113,84
988,182,47,48,52
648,446,63,52,50
1096,268,238,234,255
1160,468,232,233,246
922,435,62,53,49
646,220,240,237,255
1076,345,65,55,57
528,116,43,43,48
179,114,114,116,130
619,210,234,234,255
98,12,116,103,116
1052,112,51,48,54
765,391,43,46,50
499,394,43,41,46
552,70,45,44,44
176,310,41,40,42
213,158,35,26,31
800,208,152,146,156
212,224,192,189,209
151,197,194,189,211
630,229,233,234,255
73,52,117,107,121
1025,492,50,48,52
558,120,41,44,47
1096,206,244,242,255
1135,284,231,227,241
734,32,49,50,52
935,490,84,75,50
577,259,233,232,255
455,6,40,36,32
1039,407,45,48,52
776,390,42,45,51
688,256,47,46,47
659,59,45,45,47
561,63,44,42,47
770,421,46,46,51
702,308,49,45,47
967,63,53,52,56
995,198,49,47,52
95,442,49,46,52
622,27,48,48,51
392,334,42,43,47
188,390,41,43,46
278,298,40,43,45
1134,204,231,228,246
968,121,50,49,52
306,210,57,46,59
821,245,238,239,255
670,431,43,46,46
44,365,44,43,45
17,483,49,49,50
161,250,203,202,224
1136,180,231,230,243
1072,228,52,54,55
968,100,47,47,51
495,440,165,166,181
750,452,43,45,49
323,276,44,42,47
1087,263,91,80,80
381,451,180,191,216
518,231,58,56,58
360,358,42,43,47
944,454,103,111,164
9,60,26,25,26
158,392,44,44,46
637,32,53,49,50
1121,480,226,225,243
972,377,48,48,50
623,285,45,42,46
997,324,43,46,48
492,485,115,102,61
181,379,44,43,47
122,94,190,171,194
1051,195,46,49,50
1090,81,64,65,71
583,208,70,64,63
203,223,190,189,208
267,234,188,187,209
223,258,199,199,220
1174,371,240,236,251
655,397,45,44,47
582,379,38,41,45
730,360,41,45,48
660,393,70,57,79
1012,137,52,49,55
134,372,42,43,43
729,19,49,49,50
998,263,46,48,52
758,299,48,45,48
630,6,54,51,52
1153,65,236,234,250
891,98,48,48,51
933,135,47,48,50
220,385,45,43,47
355,155,41,36,43
180,264,208,203,224
905,321,46,46,49
922,498,179,163,124
950,393,44,45,50
4,370,43,43,48
284,0,204,193,214
21,444,49,50,54
910,34,106,101,97
7,473,49,50,51
1112,464,233,230,246
797,189,48,45,49
635,2,50,50,49
6,233,29,25,26
1021,69,100,90,72
892,255,241,241,255
244,59,197,197,218
665,280,47,44,48
197,319,40,41,44
171,46,160,149,172
373,143,35,39,39
234,375,40,44,44
767,452,47,49,51
1075,276,86,82,78
56,75,32,30,26
1095,53,220,215,198
905,264,238,237,255
724,251,239,238,255
647,457,192,201,223
677,11,53,48,52
1198,93,240,237,254
751,122,47,48,48
10,142,161,30,39
556,274,45,50,51
441,328,43,44,49
54,265,34,29,33
985,225,45,48,52
226,108,36,34,41
1046,24,106,84,66
1012,329,46,49,52
642,498,146,141,151
366,391,43,42,44
261,138,35,26,30
999,416,45,46,52
255,428,51,51,49
594,185,233,229,250
535,398,41,42,43
450,64,38,40,42
717,47,50,45,49
674,41,48,45,50
1042,38,99,84,66
405,261,226,227,243
842,21,93,87,81
142,355,38,40,43
459,33,67,50,43
190,425,60,62,65
1007,20,120,90,69
240,457,78,73,55
351,307,45,44,45
574,43,44,44,47
624,331,43,45,48
696,186,237,237,255
656,354,44,43,47
566,374,40,43,45
35,199,58,77,57
203,95,115,118,133
818,213,236,237,254
502,49,44,41,45
894,339,48,47,52
966,148,46,48,51
67,119,156,29,36
597,249,237,236,255
317,139,36,30,32
1132,5,230,228,243
94,230,207,204,228
95,451,48,47,50
906,34,94,88,80
69,448,44,48,51
90,256,217,213,238
609,195,237,233,255
375,492,66,62,53
1156,249,235,233,251
23,34,229,228,252
1190,228,242,236,253
755,434,45,44,49
57,246,33,30,32
320,435,68,63,53
524,395,40,41,44
610,270,46,44,51
750,408,87,83,67
807,351,44,44,51
875,179,49,48,51
542,123,41,44,46
963,399,46,47,47
303,55,32,33,37
1102,24,241,239,255
973,37,95,73,58
1136,183,231,229,245
926,374,48,46,47
130,358,41,39,40
790,208,242,241,255
359,492,70,65,52
416,26,29,32,29
564,299,43,45,47
423,117,41,40,46
745,1,50,49,52
43,352,42,42,44
1112,476,228,225,242
207,438,49,46,48
721,90,46,45,51
1123,110,229,227,242
418,420,44,45,47
450,127,43,43,45
1016,37,95,76,61
888,242,237,237,255
839,234,94,82,97
734,459,91,88,77
244,306,43,43,46
246,175,190,186,206
1111,358,233,230,249
344,54,30,23,21
415,0,39,31,31
418,143,42,43,45
323,331,45,46,47
845,254,242,240,255
851,352,47,46,48
756,257,236,240,255
784,124,50,47,52
537,342,40,41,44
257,431,82,79,57
287,122,34,27,31
400,210,51,54,58
219,415,42,44,47
579,117,41,43,46
1080,158,244,244,255
61,2,226,228,252
233,355,44,43,46
522,114,45,45,47
603,193,231,230,252
556,210,160,166,196
337,185,192,193,214
147,161,45,48,52
174,75,142,128,150
328,272,44,45,49
285,382,42,44,44
639,146,46,45,46
623,13,48,49,51
1133,332,227,227,242
802,276,49,50,55
805,46,54,49,55
124,283,43,36,53
686,273,48,46,50
162,54,142,129,147
953,56,60,56,55
568,10,95,79,60
956,144,50,46,53
694,209,237,238,255
623,61,48,43,49
563,441,138,133,139
230,161,188,183,201
331,403,40,44,45
7,112,144,20,25
563,488,149,140,137
699,75,47,46,49
787,416,50,47,52
813,252,246,241,255
796,245,244,240,255
833,306,46,47,54
805,488,157,152,169
687,392,73,84,63
1125,365,233,230,245
38,494,75,66,59
366,86,31,29,32
503,64,53,50,53
959,352,46,43,48
1109,416,234,232,250
557,218,231,232,255
700,341,48,43,51
1067,119,51,50,56
818,387,44,44,49
1084,68,219,220,228
713,98,49,46,50
255,420,44,45,46
1175,357,240,234,251
641,108,43,44,49
146,391,39,44,46
574,233,233,234,255
163,373,45,43,47
738,80,41,45,48
339,438,78,77,60
1130,253,229,228,244
1063,282,77,62,57
656,401,46,44,46
367,362,42,44,47
483,342,46,44,48
253,306,44,43,46
581,39,45,45,48
147,342,41,38,41
764,215,239,239,255
1094,476,235,235,252
822,435,45,49,50
240,232,65,57,73
432,496,33,28,28
804,224,243,240,255
909,117,45,47,50
1108,349,238,236,252
528,473,139,139,152
165,62,143,128,147
847,206,50,50,51
531,498,137,128,123
1188,496,235,235,250
33,203,100,96,102
359,124,32,33,35
1136,435,229,227,244
196,493,49,46,50
225,419,46,43,48
361,285,45,43,49
780,63,48,47,51
1194,234,238,237,251
554,82,47,43,47
1116,158,237,234,249
1174,417,235,235,250
831,376,45,45,49
790,193,44,47,51
1082,24,103,105,141
219,154,31,28,30
932,232,48,48,53
492,242,59,58,62
201,247,197,194,216
344,458,73,68,50
407,104,35,39,41
661,475,94,73,59
1175,73,243,237,253
370,191,205,202,225
863,262,244,238,255
366,207,55,50,55
615,44,45,46,50
98,3,78,70,83
1189,170,239,237,254
37,267,35,27,32
122,408,45,43,47
215,129,37,33,37
75,496,42,48,49
971,204,46,48,50
1030,411,47,47,50
845,218,237,237,255
541,405,42,43,43
909,276,50,54,53
1075,228,57,55,60
684,92,45,47,48
822,259,236,241,255
202,440,51,49,50
325,89,33,27,30
373,353,44,43,45
534,113,44,44,47
871,45,98,96,95
180,357,45,42,46
697,424,43,41,45
1174,336,239,236,250
1139,142,232,229,246
554,436,129,127,128
270,372,40,44,44
566,214,231,230,254
214,57,49,35,53
754,400,46,46,49
491,45,43,42,43
868,197,47,47,52
161,258,209,205,230
129,166,238,236,255
439,298,44,47,48
194,414,45,45,46
664,398,42,43,48
362,419,43,45,45
1173,115,240,236,253
696,47,46,45,51
50,28,62,61,68
406,465,66,61,58
79,430,54,47,51
964,60,54,55,56
840,337,45,45,51
1199,104,239,238,255
857,442,49,48,49
46,137,154,23,36
229,278,205,205,227
202,331,44,43,45
852,9,97,92,91
104,484,49,47,51
649,409,41,44,49
580,472,111,101,85
548,285,44,44,46
995,210,40,47,51
776,178,52,46,50
757,111,43,45,47
277,364,43,43,43
14,34,226,224,246
1148,348,233,233,248
318,29,41,40,44
830,241,97,96,80
513,91,38,33,34
956,344,48,48,49
1036,52,131,120,97
274,334,45,45,46
1013,314,44,47,54
628,114,43,43,50
3,80,121,113,120
594,140,42,42,47
343,372,45,43,45
471,137,45,44,46
1158,245,236,235,252
796,33,53,49,53
626,495,130,125,116
13,410,44,47,49
275,270,46,46,47
196,2,153,36,46
509,359,43,42,45
917,453,48,50,53
479,326,44,45,50
389,26,57,42,34
854,399,46,46,47
698,46,49,46,47
178,209,79,62,73
205,465,44,45,47
827,184,48,48,48
1153,383,232,231,247
89,287,38,34,32
586,405,45,43,45
127,154,147,144,166
648,367,42,45,47
501,425,47,41,47
624,424,44,43,45
979,123,50,48,52
536,287,41,44,47
1038,180,48,49,54
426,390,38,42,45
407,464,61,58,54
88,428,51,48,53
233,257,201,198,220
315,494,43,45,47
989,350,44,47,53
893,261,240,240,255
197,408,44,43,47
1155,85,237,234,250
165,266,209,207,230
106,319,37,35,37
566,5,91,78,59
131,2,121,111,122
836,353,46,46,50
711,307,45,44,47
1082,387,252,251,255
700,298,41,45,45
551,215,227,225,248
524,279,47,44,48
410,423,42,43,46
1113,492,230,226,243
72,429,60,60,54
1178,125,236,236,252
720,431,43,44,46
424,398,41,43,45
133,246,208,206,229
1117,356,233,231,247
580,67,43,43,46
531,492,125,119,107
1027,448,44,47,54
748,18,43,50,51
145,327,38,38,38
533,475,154,156,173
254,100,35,31,35
287,132,36,31,29
1130,453,227,222,239
967,410,46,47,49
511,75,23,21,22
205,201,189,184,205
769,277,48,51,52
944,224,48,46,49
127,302,38,34,39
288,354,41,44,47
549,73,44,43,47
989,369,44,49,50
689,268,44,45,50
681,426,44,44,50
805,482,160,158,167
160,186,201,197,219
1039,354,45,47,51
791,265,241,238,255
200,221,188,187,209
1030,328,47,47,52
1052,103,49,49,52
1107,85,239,233,251
261,327,41,44,46
342,115,31,30,30
772,39,50,49,54
978,235,47,47,49
1191,327,240,235,251
675,210,104,101,137
147,480,46,47,46
546,478,152,152,159
612,131,44,45,49
1008,275,45,48,50
446,322,45,45,47
729,246,238,237,255
753,441,46,45,50
1179,178,240,237,255
148,238,193,190,210
1095,353,246,245,255
930,45,121,116,109
745,239,239,236,255
834,247,103,95,107
907,493,175,158,94
11,490,54,51,52
362,43,32,23,26
1091,15,94,91,80
639,389,45,47,46
155,117,34,26,29
984,388,46,47,50
826,385,45,44,47
127,317,32,34,32
260,153,30,27,29
231,290,46,44,44
1079,419,202,195,204
645,53,42,45,49
430,418,46,47,49
690,53,48,45,49
492,226,96,98,121
2,489,51,49,53
1125,128,229,226,242
563,167,43,43,48
1007,331,45,48,49
142,197,109,103,109
509,474,105,104,79
723,464,151,145,159
501,128,22,23,21
1092,120,101,92,128
835,180,46,49,48
902,311,44,47,49
976,26,97,74,60
577,2,78,70,55
484,429,56,48,48
439,281,45,46,50
49,300,37,32,36
743,492,139,132,107
827,190,48,46,52
636,479,173,179,200
150,221,195,193,215
426,22,38,30,33
174,84,38,28,32
668,455,87,67,51
190,279,211,208,231
192,326,42,42,42
52,463,49,45,46
879,65,74,67,63
641,145,44,46,48
1020,484,46,48,53
726,351,45,45,47
783,452,46,46,49
956,76,102,97,93
804,249,241,236,255
925,180,43,47,50
878,483,169,158,109
824,96,44,46,50
279,253,196,194,215
10,261,35,32,33
858,372,44,45,50
658,144,43,45,50
587,491,89,82,59
1129,105,228,225,245
1182,475,238,233,251
532,305,40,41,44
1166,61,239,235,253
273,328,39,44,48
362,97,31,29,28
494,56,42,43,46
500,229,169,166,198
895,131,50,46,53
206,477,43,44,48
500,363,44,43,46
75,395,43,43,48
41,193,102,100,106
16,108,141,22,30
350,338,44,42,46
899,455,46,49,54
192,29,189,172,195
922,266,48,45,50
194,128,38,38,42
223,71,121,123,143
1120,35,231,229,248
186,361,44,43,44
65,467,48,46,49
414,83,37,38,40
220,173,188,183,203
356,69,32,27,27
98,168,36,27,33
694,306,44,45,47
595,187,234,232,255
416,84,39,36,38
338,256,208,208,228
1085,406,106,86,82
129,254,213,210,234
1171,340,234,233,251
969,449,117,117,114
1121,303,230,227,243
473,36,75,60,46
591,481,148,148,131
839,110,47,45,53
953,170,46,47,51
308,413,48,42,46
255,136,31,25,26
511,217,220,215,240
535,344,41,42,46
102,486,48,48,50
1179,328,233,235,251
1012,377,48,47,53
893,465,47,49,50
97,444,45,47,48
181,424,51,52,52
1030,298,46,47,50
814,82,49,47,50
1031,105,51,50,55
1138,321,226,226,240
346,66,31,24,28
1086,159,246,246,255
217,446,47,48,51
784,464,52,46,51
400,91,34,33,36
1178,351,240,236,252
793,405,80,88,74
713,456,89,76,59
914,275,50,51,69
435,151,41,44,44
1135,346,228,226,244
484,464,180,186,204
732,432,47,45,50
451,236,230,230,251
61,451,46,46,49
783,473,166,158,168
322,71,27,25,27
1009,177,48,48,53
368,240,143,142,172
892,356,45,47,47
372,113,29,34,32
940,442,44,48,51
1174,198,240,237,251
248,453,62,59,52
688,180,89,86,100
971,191,44,48,51
1044,175,50,49,55
1099,89,242,239,255
1193,321,236,235,251
859,301,39,46,49
368,164,43,40,44
995,264,45,47,52
203,499,45,47,47
609,108,41,43,50
762,163,47,48,52
864,70,46,49,51
700,149,47,46,50
1045,341,49,48,52
457,244,218,232,242
1156,434,234,231,248
827,320,48,48,50
489,391,43,43,47
816,471,77,70,59
541,434,91,85,65
269,206,83,76,90
450,217,147,145,149
902,498,173,156,87
1098,129,240,237,255
969,273,45,47,48
193,168,37,32,39
47,307,34,32,36
315,468,125,120,106
489,246,154,152,161
1092,361,244,241,255
171,63,141,127,149
874,457,51,50,53
603,293,46,44,46
920,70,79,71,64
1121,349,231,231,244
1019,260,47,46,51
305,41,40,40,46
1103,357,239,236,254
1116,28,231,231,247
180,360,44,41,47
309,460,123,113,90
607,32,44,45,48
417,431,42,45,46
286,288,42,45,47
452,177,41,45,49
579,423,42,44,46
398,468,56,54,55
606,389,42,43,44
895,25,86,79,73
323,494,59,55,56
420,425,43,44,48
874,450,49,45,50
945,105,48,48,54
647,309,44,47,46
142,356,39,41,44
350,293,44,42,47
242,92,47,45,50
447,59,40,39,39
1155,1,237,234,249
76,301,34,31,32
382,457,155,155,171
463,432,180,187,206
98,111,177,122,135
796,98,47,46,51
175,79,72,57,75
170,375,38,43,44
1191,427,236,236,252
729,187,232,234,253
392,356,43,44,45
1136,352,229,229,240
1183,488,235,234,251
688,344,42,44,48
362,118,30,28,33
321,95,29,25,27
316,145,30,30,34
1039,461,48,50,52
751,448,46,48,50
1035,369,51,50,53
618,330,45,43,46
611,184,233,231,255
751,456,46,48,50
186,472,103,104,118
523,357,42,42,44
152,350,39,41,42
546,305,42,44,46
260,113,33,28,30
618,118,49,45,50
154,461,48,48,50
1157,416,235,230,249
607,362,41,43,44
1034,173,50,49,52
44,379,41,42,47
139,253,211,208,232
122,121,162,31,39
1102,487,232,229,246
556,53,46,45,47
195,150,35,33,39
689,21,50,50,52
639,366,45,45,45
166,186,192,189,210
540,209,189,185,187
215,116,35,36,41
832,330,46,46,51
781,427,46,46,49
113,145,199,188,206
1031,161,50,49,51
733,11,49,48,52
735,413,44,47,48
1036,327,45,46,51
948,128,44,47,51
7,19,191,187,207
1127,292,227,226,242
713,307,44,43,46
373,359,43,45,47
955,33,86,66,56
729,374,42,41,47
167,323,39,38,44
60,428,72,68,56
625,320,45,45,49
646,349,43,45,48
27,354,40,43,48
430,118,41,41,43
1101,386,245,244,255
992,176,47,48,51
1181,380,239,236,252
154,175,205,205,230
15,241,36,27,29
988,231,47,48,54
563,349,41,42,45
912,334,45,47,50
958,62,55,52,55
343,285,45,44,47
1123,424,230,227,245
703,29,54,50,51
1131,222,229,229,246
964,409,44,47,48
461,368,56,54,58
404,408,42,44,46
1116,37,233,232,250
507,304,42,45,50
500,131,15,16,19
30,455,50,50,52
757,147,44,45,49
1111,17,238,234,251
190,136,38,35,43
901,270,240,236,254
428,155,44,41,46
416,3,37,32,31
691,34,50,50,48
540,6,84,69,54
1091,243,236,230,205
128,403,47,43,47
940,153,43,47,52
509,222,220,218,240
138,111,128,37,42
649,77,47,45,49
493,364,43,42,45
284,124,30,28,27
585,302,45,42,46
1037,261,49,46,54
186,488,48,42,46
233,153,39,29,29
337,71,32,26,28
576,334,45,43,47
668,288,47,44,47
9,230,33,27,30
609,207,148,140,123
607,38,44,43,49
668,79,43,46,48
573,208,58,55,60
27,412,54,48,48
382,256,215,214,237
905,88,48,49,52
1105,402,239,238,254
932,132,46,48,50
733,470,154,144,157
1171,221,241,236,252
1087,42,64,63,66
786,40,52,51,53
366,210,67,65,72
1082,319,246,248,255
281,72,32,34,38
690,46,49,44,50
1174,353,239,236,252
923,85,47,46,51
933,383,49,47,51
525,128,48,43,50
366,290,44,43,45
992,186,51,48,53
838,242,122,115,121
855,446,47,46,50
430,434,51,48,53
647,68,46,46,51
767,274,48,48,53
21,75,112,101,112
593,57,41,44,46
436,491,165,167,179
973,256,50,48,50
1001,435,45,48,49
700,192,238,238,255
20,232,34,28,29
385,405,39,44,44
917,309,44,45,51
1181,299,240,236,252
1102,189,242,241,255
551,293,47,44,48
1110,7,238,234,255
584,440,185,189,201
159,332,42,39,42
184,411,43,43,47
819,286,48,48,52
277,230,190,190,209
117,126,160,31,37
177,307,37,37,38
594,199,214,217,240
504,213,216,211,232
1041,451,53,50,53
831,351,48,46,51
604,270,40,44,47
917,4,120,78,63
751,398,45,45,48
1057,461,48,49,53
1053,476,52,50,51
1012,464,49,48,51
705,322,42,45,50
448,320,41,46,50
607,186,235,232,255
164,172,200,195,219
266,409,46,44,48
530,132,47,44,48
31,436,50,48,51
1037,95,49,49,53
951,377,42,47,48
624,133,46,46,49
210,79,108,107,130
938,62,100,99,90
1029,9,120,88,70
22,176,114,103,103
497,489,127,112,69
1118,75,230,230,247
1120,45,230,229,245
626,137,50,46,50
475,211,60,56,60
352,42,39,30,29
668,162,48,45,51
19,90,114,95,87
546,250,228,228,251
399,215,58,56,64
774,204,137,130,143
328,292,46,44,45
148,398,44,44,48
572,223,234,232,255
783,475,171,163,175
553,79,44,45,48
1092,390,248,245,255
448,303,45,43,49
166,158,39,37,45
555,104,43,43,47
357,346,40,43,44
213,8,186,168,193
315,378,40,44,43
290,224,194,190,208
38,353,44,43,45
901,385,48,45,50
986,133,45,47,51
822,273,46,46,51
1173,326,240,238,252
721,150,44,47,51
356,196,78,68,90
1116,404,232,230,248
880,171,49,47,50
956,447,48,46,51
992,431,47,46,50
658,146,45,48,49
242,280,209,206,230
972,318,46,47,48
1128,216,231,231,244
388,387,43,43,48
73,12,231,232,255
233,206,58,54,62
1099,25,241,240,255
1040,164,51,50,52
270,332,41,43,49
1190,77,240,236,254
892,484,141,134,78
1064,391,49,52,55
1038,68,96,86,66
743,48,45,49,50
425,260,228,228,252
34,36,230,228,252
544,23,48,49,48
1005,37,111,85,67
1018,116,50,49,52
962,431,55,47,50
396,298,45,42,46
1084,394,250,250,255
349,113,31,30,28
362,439,55,52,50
219,305,45,40,45
618,91,46,45,47
1183,312,241,237,253
153,455,49,47,48
582,16,93,83,65
1148,384,234,231,248
1068,41,115,102,111
298,282,43,42,48
156,360,43,42,42
587,105,42,43,46
109,24,51,39,46
151,171,210,207,232
116,405,46,45,45
1086,444,184,172,110
641,174,106,101,113
148,125,204,194,214
775,288,46,47,50
1139,486,231,227,242
964,220,42,47,48
556,27,46,47,49
54,447,45,48,52
666,303,45,45,47
855,124,45,47,52
653,387,57,52,48
390,4,39,32,29
330,245,91,78,100
262,481,58,53,46
35,319,39,35,40
782,240,62,52,64
910,258,239,239,255
670,34,46,49,53
619,445,187,199,222
513,263,222,219,245
1161,290,237,236,250
587,21,51,50,51
985,8,120,88,63
23,171,172,33,35
685,367,44,43,47
509,337,42,41,46
413,131,43,44,44
804,467,50,53,52
159,342,39,40,41
628,259,42,47,51
1165,215,236,235,251
484,235,70,62,62
1165,228,235,236,251
414,46,35,34,38
987,380,47,47,51
728,217,61,55,70
181,94,38,33,34
1096,323,240,239,255
993,461,86,105,131
580,265,234,234,255
656,109,44,44,48
929,146,48,48,51
1179,121,239,236,254
894,380,48,45,51
40,90,185,184,206
107,454,49,50,49
954,281,44,47,50
1105,112,237,236,253
1164,81,234,233,252
709,159,48,46,50
273,135,32,27,31
457,461,184,186,197
75,131,165,82,94
970,219,48,45,51
954,74,102,93,90
61,400,48,45,49
76,300,37,31,32
82,444,46,47,51
1007,498,46,49,51
1020,153,48,48,53
496,24,75,60,47
486,445,177,177,192
1081,29,248,246,255
1177,25,240,237,252
796,241,242,240,255
1166,362,237,234,249
72,167,169,38,45
243,270,205,204,224
144,320,37,37,37
180,204,43,36,41
113,267,66,56,81
268,102,34,29,33
958,11,108,80,62
135,25,33,31,37
238,280,209,206,228
88,261,166,164,201
821,295,40,47,50
544,188,228,226,246
573,148,45,44,46
110,140,70,45,61
579,114,42,45,46
605,230,233,235,255
968,422,50,46,51
63,1,154,145,158
764,51,44,46,50
994,365,49,49,53
41,493,86,78,73
146,492,48,46,50
501,343,43,44,47
856,58,76,65,56
506,143,48,49,51
471,443,177,182,200
693,381,47,45,50
415,276,50,48,54
1037,324,47,48,52
234,46,44,33,38
515,220,223,218,240
845,250,242,240,255
52,415,52,54,53
240,336,41,44,47
564,173,46,47,49
113,128,161,29,39
177,176,193,191,215
646,412,45,44,46
294,157,36,32,36
928,151,44,48,51
110,76,144,128,148
591,425,42,43,47
884,124,50,47,50
132,30,125,116,134
940,471,47,48,51
34,397,43,44,45
53,495,60,55,56
136,309,35,33,35
155,286,44,39,43
254,231,188,185,204
1152,322,237,233,251
480,203,157,157,175
103,139,160,36,41
994,393,46,44,51
260,251,196,195,218
941,306,44,45,48
78,424,52,53,55
1112,408,231,232,249
1062,422,52,50,53
131,463,50,47,51
68,391,43,45,48
65,67,31,30,33
408,178,49,45,49
133,440,49,49,50
963,465,45,46,52
795,87,40,46,48
284,217,188,186,206
798,277,47,49,52
593,426,41,43,45
1008,36,103,82,66
603,428,45,45,46
50,350,39,41,43
1009,207,47,49,53
395,139,39,40,43
15,149,166,31,37
323,245,110,98,119
906,48,87,82,77
734,433,46,48,49
688,226,237,238,255
694,473,128,100,72
484,143,44,45,45
93,443,44,46,49
1161,182,236,234,252
16,452,52,48,52
108,365,39,40,42
973,411,46,48,50
718,262,53,52,58
47,317,37,35,40
964,494,48,48,50
1054,431,47,47,52
716,497,153,148,161
1190,368,238,235,251
637,172,49,54,54
1154,271,236,234,250
1074,309,54,54,56
873,51,99,93,91
1029,466,48,50,53
161,236,106,93,95
1024,474,48,48,51
37,189,96,89,105
921,495,177,162,127
898,328,48,49,52
948,55,78,62,61
734,232,120,107,95
1066,253,50,48,54
1082,467,252,250,255
372,421,40,43,46
496,38,88,65,49
339,440,74,72,56
349,462,66,63,50
166,323,36,39,41
737,155,45,47,50
259,469,111,98,73
367,359,44,43,49
579,373,45,42,46
83,209,161,157,179
1158,324,234,232,251
79,88,151,24,36
1101,350,243,239,255
1140,66,229,229,244
13,146,166,29,42
393,264,213,215,240
867,234,240,238,255
993,320,47,45,50
312,462,129,119,98
936,275,45,47,48
795,231,239,236,255
907,212,48,46,51
1063,74,78,67,65
474,123,42,44,47
208,98,174,179,195
1094,271,240,236,255
267,366,42,42,47
118,349,35,37,39
1162,160,235,234,249
520,462,152,151,165
546,393,39,39,44
514,389,44,42,46
1135,233,228,226,242
512,194,216,217,238
150,318,36,36,41
215,412,45,44,48
131,187,215,215,239
1082,109,56,56,61
935,107,45,48,51
528,146,43,44,47
848,404,44,46,50
1137,277,231,229,243
374,439,156,89,89
730,168,47,46,49
1065,434,52,52,56
225,134,33,29,31
844,9,98,94,91
768,92,48,48,47
1093,9,247,248,255
1020,182,47,47,51
647,226,237,237,255
1112,40,236,233,248
871,132,46,48,51
770,87,47,48,48
548,28,43,47,48
574,120,41,44,48
292,82,35,29,32
575,314,41,44,45
1137,12,231,227,244
1172,348,236,233,252
1022,124,50,48,52
308,324,46,41,45
790,71,43,45,51
1184,180,237,235,253
947,318,45,46,49
205,257,206,201,226
360,413,46,45,48
524,367,39,41,42
416,422,44,44,46
821,313,44,46,49
391,257,215,214,240
570,110,45,44,44
355,19,39,31,32
843,234,239,239,255
197,284,68,63,85
1117,349,229,227,247
330,14,58,53,63
639,111,45,45,47
601,369,42,42,46
1,173,75,72,85
701,485,127,104,74
501,194,94,96,117
397,311,48,43,48
160,24,165,147,170
936,424,46,46,50
1145,229,230,232,246
281,145,34,30,32
415,222,226,223,243
33,364,43,44,47
953,255,45,46,47
785,340,47,47,49
289,377,42,42,44
821,121,45,48,48
335,132,31,33,31
283,419,46,44,44
991,361,45,46,49
337,47,30,24,25
339,482,135,131,146
763,304,44,45,47
578,357,42,41,47
244,142,32,28,33
723,4,51,51,51
188,55,175,158,174
613,191,239,233,255
992,264,44,48,48
21,345,43,42,44
1163,307,237,234,249
1074,213,97,86,63
967,97,46,48,53
1094,311,238,240,255
669,257,44,49,49
217,61,35,31,33
1171,277,242,238,254
389,48,28,25,27
237,416,46,44,47
131,212,201,196,220
644,392,47,45,49
400,105,41,37,40
618,6,49,50,51
105,18,120,109,114
814,452,50,47,52
176,414,41,42,46
1085,447,83,78,70
677,485,112,87,64
468,392,42,44,47
788,282,47,49,54
265,234,192,186,209
178,2,164,96,114
628,308,44,43,47
991,120,48,50,53
928,220,49,47,54
422,264,229,227,250
657,125,46,47,50
795,258,242,242,255
400,17,38,29,28
1080,201,54,54,57
1021,338,50,46,49
1014,86,95,83,71
18,321,39,37,39
278,333,48,43,45
345,144,33,35,33
900,155,42,48,50
375,346,44,44,46
237,356,43,44,46
529,138,43,44,49
85,383,42,41,45
1008,355,44,47,49
840,474,56,50,52
1123,448,229,228,242
284,348,45,42,46
469,492,119,109,62
152,85,160,147,167
91,2,28,30,29
708,339,45,45,50
385,119,40,32,40
1097,323,240,240,255
551,334,43,42,46
108,202,229,229,254
887,489,179,164,113
373,411,42,43,43
165,178,197,195,219
161,117,38,30,36
44,87,193,190,210
844,162,46,48,49
554,292,46,46,47
390,326,43,45,45
989,216,47,49,52
171,276,211,209,231
1147,171,231,231,246
75,360,45,41,45
737,13,55,48,53
746,445,47,46,51
217,15,188,173,194
909,322,44,46,49
1069,390,58,58,61
15,420,51,55,54
689,146,46,45,51
362,450,65,53,52
500,375,41,43,45
1142,23,233,232,246
1134,177,231,229,244
634,23,50,50,51
899,495,174,155,83
471,252,128,126,145
705,192,239,235,255
968,220,48,48,50
551,41,45,42,49
710,229,62,56,71
1123,151,231,230,244
10,250,39,33,34
888,317,47,46,50
825,441,47,46,50
1106,5,243,238,255
685,417,42,44,46
26,429,53,51,55
453,433,154,153,164
345,162,38,38,41
976,493,45,47,49
587,171,46,46,49
610,341,43,44,46
1074,199,53,51,56
1086,479,238,243,228
536,110,46,42,46
167,104,201,193,214
567,241,232,233,255
62,103,149,24,35
252,321,44,43,46
975,236,49,45,49
383,443,191,200,221
530,240,220,221,243
1034,252,50,47,54
524,442,142,137,149
476,448,179,181,199
847,362,44,46,51
387,163,38,41,44
572,81,45,45,47
760,175,45,47,52
1129,449,227,226,244
170,81,165,156,174
505,60,46,44,47
506,103,26,25,27
101,179,152,157,179
137,153,230,228,250
393,122,39,37,38
571,226,231,233,255
139,86,146,130,151
1016,418,46,47,49
1012,283,46,47,52
873,400,47,47,50
983,456,59,43,105
906,249,240,238,255
370,106,34,31,33
250,241,149,146,159
707,440,42,44,46
1043,1,96,75,62
763,361,44,47,49
736,410,45,45,47
1062,30,112,103,95
248,90,44,44,47
724,4,52,50,53
557,174,51,49,52
502,130,34,32,35
1087,183,252,251,255
24,40,70,61,76
327,195,190,191,215
967,372,44,47,49
1118,110,227,230,244
259,116,28,23,27
1100,414,239,238,255
30,493,65,59,53
147,40,134,118,136
966,485,47,45,52
665,406,42,43,49
186,208,189,182,204
156,153,52,52,57
718,153,48,46,52
432,184,49,50,52
874,297,47,46,51
664,299,44,45,47
574,262,231,232,255
470,375,42,44,46
853,336,50,45,51
76,59,184,183,204
554,62,43,44,45
1037,406,48,49,51
745,50,47,49,52
62,221,102,98,108
309,149,35,29,33
555,108,44,42,47
545,292,44,44,47
361,267,205,209,231
1085,300,59,55,59
39,182,175,36,40
298,291,45,42,47
1100,445,232,232,250
1172,431,237,233,250
804,307,50,47,50
946,101,45,47,50
469,126,39,44,48
263,299,44,42,45
97,74,149,129,151
976,72,75,66,58
830,326,47,48,52
270,448,57,54,54
809,461,48,45,52
642,99,43,45,51
1098,41,240,237,255
42,468,49,48,51
706,156,46,48,49
475,141,42,44,46
1073,164,52,52,56
33,393,45,44,49
54,307,35,31,37
1008,123,50,47,52
677,262,45,49,50
501,49,40,43,44
775,99,48,46,52
710,285,39,45,49
341,87,33,26,31
691,217,239,238,255
306,138,29,28,33
1077,346,124,116,118
27,69,107,97,112
607,342,45,44,50
441,427,23,17,17
907,300,46,46,50
978,211,47,46,51
369,407,41,43,48
696,389,43,45,48
1051,56,108,92,85
245,458,83,80,58
1125,44,231,228,243
319,204,57,49,62
112,78,145,128,149
444,281,50,47,51
161,302,33,34,39
973,251,47,47,50
468,89,41,41,45
525,16,66,44,31
218,101,45,44,48
679,329,44,45,48
1092,356,248,245,255
430,62,38,36,40
1097,306,240,237,255
708,16,71,58,54
478,195,211,208,229
1058,130,46,48,50
998,327,46,45,50
928,124,48,46,51
82,301,34,29,30
670,25,49,49,53
634,325,46,44,47
551,263,232,230,255
490,314,45,43,48
345,42,40,32,30
15,92,122,98,85
817,156,48,46,51
118,258,215,213,237
677,380,46,42,46
1132,44,229,229,244
633,2,53,49,51
631,46,43,47,47
103,414,46,45,48
1027,463,43,47,51
262,191,189,186,204
498,426,45,42,46
172,75,160,149,169
30,108,145,17,31
1141,460,228,230,247
609,122,45,44,47
1098,261,240,235,255
215,204,174,173,183
204,146,33,29,32
714,410,45,45,51
708,155,45,47,50
535,34,42,43,45
650,105,45,46,49
499,55,41,41,45
760,361,46,46,48
1135,279,229,228,243
783,325,43,46,52
704,241,238,239,255
1197,390,236,236,250
991,163,49,47,51
445,341,49,47,48
1192,301,240,236,253
762,4,49,48,54
596,148,46,45,50
611,350,48,42,47
1144,479,231,230,244
692,19,45,50,52
1110,368,235,232,251
15,143,161,28,34
868,341,45,46,52
968,153,46,46,51
493,263,216,218,236
398,256,219,219,242
285,316,44,44,48
870,458,48,46,46
570,10,95,79,58
970,311,46,45,49
340,46,31,22,25
498,177,53,51,55
734,149,44,45,52
317,106,31,24,27
1048,373,48,49,50
486,250,205,200,220
352,84,32,23,25
768,180,43,45,51
841,270,48,50,53
495,38,85,65,49
227,167,187,181,199
956,279,45,46,52
326,266,208,204,228
782,22,52,51,52
546,489,130,128,121
69,36,113,103,111
447,140,44,44,45
348,257,213,211,234
544,214,230,230,253
109,204,227,226,252
1003,472,49,46,53
901,123,46,47,47
109,477,47,46,48
13,461,47,49,51
1199,152,241,238,254
425,331,42,45,48
106,379,44,38,42
210,480,48,48,51
699,173,47,47,51
165,21,161,147,168
563,79,44,44,46
1118,259,232,228,248
894,92,43,47,51
449,160,44,44,47
797,198,50,49,54
671,44,47,46,46
773,221,237,239,255
821,110,48,48,50
922,240,44,49,51
1057,368,53,51,54
1124,151,230,228,246
683,189,241,237,255
31,457,56,50,57
1143,241,234,231,246
308,305,43,43,48
991,479,49,48,51
145,385,38,43,46
1079,496,244,244,254
927,291,48,46,53
241,483,61,58,52
1112,388,235,232,251
763,127,48,47,48
228,200,99,87,116
932,364,47,47,49
343,210,198,197,217
1007,89,51,48,53
553,76,40,43,47
919,54,79,76,67
998,34,121,92,67
926,195,47,49,52
200,263,204,203,222
500,195,170,168,197
183,458,49,47,48
607,384,42,42,46
575,98,42,46,46
1196,423,237,237,251
229,333,46,43,48
1148,482,229,226,245
224,453,47,45,47
273,263,201,197,218
36,169,172,29,35
879,130,48,48,52
1187,62,238,235,251
875,346,44,46,49
724,380,44,44,48
655,492,95,73,51
300,93,33,26,28
284,131,31,25,29
772,182,43,45,49
539,367,42,44,45
1189,385,235,237,251
947,149,45,46,49
177,384,43,43,46
141,213,197,193,214
45,390,45,43,48
1183,330,238,237,253
871,215,50,50,54
480,313,47,47,51
720,420,41,46,49
291,62,33,35,38
1036,383,47,48,52
889,292,43,47,50
861,268,53,54,58
682,1,49,48,52
84,472,101,87,81
278,381,39,41,47
608,362,39,44,45
692,417,44,43,46
108,293,40,31,34
297,151,35,30,34
26,490,63,61,56
102,43,161,166,182
603,93,46,45,47
169,89,43,33,31
1140,150,232,228,245
986,354,49,47,52
833,86,43,47,51
214,60,38,31,35
535,312,43,40,45
146,414,46,44,47
812,44,50,50,51
458,199,226,228,241
464,490,120,114,84
14,107,140,18,31
661,249,47,45,50
236,2,174,165,185
1143,130,227,230,244
1001,100,46,47,50
727,418,46,44,48
622,12,49,50,52
385,9,39,35,31
760,137,47,46,50
225,114,32,36,38
805,40,53,51,57
1050,289,59,55,61
438,23,34,35,35
1003,261,47,45,50
595,478,169,169,171
265,427,63,59,55
55,441,47,47,49
1037,463,47,48,53
779,252,244,239,255
267,18,32,30,33
197,313,38,42,46
689,446,42,42,45
145,93,143,132,152
375,235,210,208,230
640,81,45,47,48
638,105,48,45,49
870,179,47,48,55
227,193,186,182,202
73,293,36,30,34
945,485,44,47,50
408,280,51,47,53
833,350,44,47,48
67,472,56,52,50
759,495,162,155,167
109,131,159,29,36
477,99,46,44,43
1028,218,49,48,51
816,320,44,45,49
729,471,155,149,166
327,411,45,45,43
317,490,48,50,54
1056,124,51,51,53
257,200,135,134,149
516,149,46,43,49
304,357,44,44,46
803,143,48,49,52
863,361,48,47,49
841,347,45,46,49
139,262,212,210,234
1030,84,80,68,61
529,401,43,43,45
726,297,50,47,51
234,55,178,182,199
775,263,238,237,255
79,209,243,241,255
829,454,43,46,51
691,351,42,46,49
151,280,214,210,232
315,151,29,30,32
1105,148,241,239,255
919,393,42,43,48
860,50,104,91,72
1080,35,242,243,251
878,192,47,46,51
720,359,48,46,47
637,291,44,43,47
929,341,47,46,51
644,88,47,45,50
128,130,51,29,51
1195,50,241,238,252
920,158,45,48,49
244,283,206,210,232
0,169,103,102,110
339,311,42,42,45
808,355,45,46,49
690,42,45,45,49
1039,2,101,81,64
131,295,37,34,39
762,266,120,126,149
119,132,33,27,30
244,358,42,44,45
278,413,48,44,47
92,98,154,26,32
468,9,124,100,76
834,253,244,239,255
724,237,241,240,255
891,410,45,45,50
836,467,47,48,52
797,412,50,51,58
1137,380,226,226,240
965,443,43,44,52
801,77,48,47,50
633,373,39,44,45
4,398,47,43,48
483,386,42,44,47
28,322,40,37,39
423,380,43,44,45
389,442,196,202,219
1155,223,236,235,250
995,388,47,45,50
654,360,44,42,46
1038,11,100,83,64
811,47,51,54,55
652,483,90,67,55
658,121,47,45,51
1056,381,53,48,54
1006,425,46,48,53
281,212,56,53,67
24,253,32,31,34
470,51,41,41,43
867,338,44,45,49
11,98,133,20,28
296,401,41,43,45
808,247,241,237,255
771,56,48,47,51
178,47,172,160,180
510,237,181,173,178
1042,366,50,48,54
76,69,179,184,200
329,119,30,26,31
983,254,50,47,53
875,62,95,83,67
480,43,44,40,44
633,357,41,43,47
360,303,45,43,45
636,104,42,46,46
390,241,88,82,87
601,499,170,168,176
1179,415,238,235,251
965,464,51,47,49
206,395,45,44,44
640,58,44,43,49
651,179,236,237,255
637,425,44,45,46
524,295,42,44,49
706,331,45,45,50
794,402,46,47,50
278,271,46,43,50
294,206,180,178,197
360,129,34,33,35
350,481,62,59,54
1182,496,239,237,252
965,462,47,50,51
6,336,39,40,43
679,36,48,50,50
1194,80,242,236,255
774,115,48,47,50
260,230,185,187,206
464,338,43,40,42
731,76,44,47,49
519,396,40,42,43
1040,186,49,50,54
433,319,45,44,48
478,381,43,41,45
1062,336,49,49,53
262,32,113,117,131
738,285,46,45,48
474,475,177,182,193
628,472,182,179,194
709,155,46,48,51
626,323,45,45,46
301,426,56,54,45
979,207,47,49,51
1192,54,241,237,254
294,229,192,191,210
806,490,160,157,170
892,322,43,45,48
1141,105,232,229,245
41,209,108,110,114
1050,43,118,106,98
1171,161,237,235,248
930,204,47,47,51
836,433,46,46,49
140,61,152,135,158
575,71,43,44,46
894,301,46,45,50
270,270,48,43,46
1188,184,236,236,254
516,422,43,41,45
252,290,47,43,45
167,292,35,37,40
390,465,78,73,63
608,386,43,43,46
698,121,44,46,51
519,57,42,40,41
972,161,45,48,53
856,53,103,86,63
728,184,50,53,59
291,38,53,51,57
171,354,40,42,44
595,432,42,44,45
751,316,45,44,51
88,448,47,47,51
877,96,46,48,53
936,303,44,46,49
1129,331,226,225,240
835,360,45,45,49
250,53,198,206,218
11,103,139,20,29
868,346,50,48,50
1078,499,251,250,255
338,317,44,44,45
1194,420,239,234,249
61,208,90,89,102
546,461,144,139,145
626,29,49,49,53
1,276,34,32,31
1154,492,233,230,245
264,302,39,43,46
545,127,44,43,45
661,358,47,46,49
467,327,44,46,47
128,190,144,141,170
672,133,44,47,50
459,27,87,63,48
433,96,40,39,41
930,68,90,84,78
10,431,51,50,54
898,498,173,159,89
63,339,38,39,38
368,124,33,33,38
258,409,42,43,44
249,34,194,189,207
754,212,239,237,254
234,338,41,44,44
674,45,45,44,48
753,71,45,46,48
759,469,139,135,122
1074,217,101,90,67
510,396,39,45,41
685,100,45,46,50
93,304,34,32,34
565,310,44,42,47
179,430,45,50,52
604,259,48,47,49
218,301,44,42,45
678,239,132,136,162
489,446,157,156,172
407,82,35,34,39
1183,21,241,236,253
1162,90,239,234,251
1011,61,72,67,60
1129,258,230,227,245
45,52,116,106,113
958,438,87,73,88
305,367,43,43,47
972,221,43,46,50
375,434,158,71,76
392,191,205,207,226
679,65,44,45,47
1120,472,232,227,243
169,465,54,51,55
886,259,241,240,255
27,275,39,32,32
964,65,53,52,55
469,446,174,180,197
258,458,94,85,59
218,172,187,180,203
39,457,49,50,51
395,91,40,34,37
394,3,39,31,30
1195,499,236,235,249
1188,155,239,236,255
201,390,41,43,45
1151,330,232,230,248
1146,443,234,230,245
151,305,35,34,37
792,43,53,53,56
816,461,50,46,52
433,312,42,44,47
2,388,44,45,51
352,22,34,29,29
152,304,41,36,38
558,193,229,227,254
1029,435,44,46,51
779,372,45,45,49
998,63,76,67,57
931,28,88,65,59
229,115,31,35,34
988,451,47,47,50
487,105,40,41,46
53,146,161,31,39
816,153,47,47,50
1157,288,234,235,251
47,233,34,29,32
359,255,210,210,233
889,237,241,237,255
233,23,179,169,192
400,269,223,221,244
355,99,33,28,31
59,431,142,124,96
55,334,40,36,40
362,36,34,23,25
924,375,47,47,50
1057,177,51,51,56
671,4,49,49,52
477,276,46,49,50
195,294,40,41,43
568,4,69,61,54
1177,107,239,234,255
172,274,211,209,232
634,369,43,43,45
839,116,46,47,50
919,361,41,45,50
319,453,78,74,55
1162,215,237,235,253
938,320,43,46,49
865,494,102,102,69
1179,85,241,237,252
558,317,39,45,45
1127,394,233,229,245
1068,60,84,71,65
168,338,40,38,42
613,195,235,232,255
446,142,46,43,47
929,496,177,160,106
858,99,49,46,52
994,227,50,47,50
167,32,170,152,178
161,355,44,42,46
783,226,62,54,61
970,384,47,45,51
131,273,214,212,236
300,115,33,26,28
859,9,92,91,87
1145,466,233,229,246
1143,299,233,230,247
627,461,97,89,96
884,16,82,73,70
867,110,47,48,51
906,473,51,51,50
1084,54,89,85,121
331,389,40,42,44
473,187,54,50,53
872,36,100,100,92
946,246,44,46,51
916,68,78,77,71
681,434,43,42,46
381,439,195,196,218
811,491,157,154,161
726,177,48,48,51
852,299,48,45,49
56,85,190,189,208
635,469,146,140,145
382,203,203,203,220
274,486,84,75,54
204,13,161,36,45
1150,433,229,229,245
1175,12,239,236,253
401,393,42,45,49
110,65,146,129,152
692,274,45,46,47
720,449,48,45,50
207,498,50,47,46
340,483,105,102,110
37,299,39,35,37
833,152,44,47,50
334,93,31,26,28
1084,28,249,249,255
487,157,47,46,45
73,240,44,42,46
769,439,49,47,52
1002,455,47,48,54
428,315,44,43,48
320,133,33,30,30
912,283,45,47,53
39,445,51,47,48
958,116,49,48,51
630,402,44,45,45
230,184,189,184,205
203,205,187,183,204
695,443,44,44,48
361,313,44,43,45
413,105,43,37,41
922,275,47,48,51
819,356,45,48,51
664,120,43,45,48
981,439,90,96,123
991,414,45,45,50
351,152,39,35,42
408,284,43,46,47
214,471,48,47,49
901,347,47,45,50
264,64,47,49,53
247,416,42,45,44
726,492,154,147,156
877,216,53,51,56
96,161,37,24,29
215,327,43,44,47
956,298,45,47,52
1079,198,51,54,57
676,223,187,188,203
949,187,43,48,52
949,197,47,47,51
403,77,30,32,35
466,403,41,44,48
834,491,165,160,155
1162,406,235,234,250
9,50,65,66,67
545,216,231,230,255
309,411,44,43,46
405,439,130,130,139
893,239,241,238,255
976,407,47,48,50
1074,291,228,225,200
432,273,229,228,249
429,167,44,44,47
217,43,203,187,210
392,172,43,42,46
1170,54,241,238,251
892,447,50,45,50
465,335,41,40,44
897,340,46,46,50
688,197,238,237,255
74,489,80,78,86
1026,372,47,49,51
1195,45,238,237,254
571,59,45,44,45
1007,333,46,47,49
431,316,44,43,47
1012,38,102,81,63
49,21,65,60,66
506,20,78,60,48
1120,56,230,229,244
1168,245,236,235,250
805,295,47,47,51
491,430,70,69,53
1169,258,239,234,250
575,271,77,68,94
608,284,46,44,50
1117,264,231,227,244
1081,401,61,59,60
334,299,44,44,45
464,479,184,186,206
95,406,47,44,48
1081,257,243,240,254
242,310,41,44,47
698,108,45,46,48
423,73,40,33,40
754,116,47,49,48
598,317,41,43,46
1040,174,48,48,53
416,243,225,222,241
93,328,33,34,36
1149,203,235,232,247
512,228,222,223,244
1133,340,228,229,243
159,111,36,29,32
227,245,194,193,213
492,403,39,43,45
801,71,47,46,49
440,13,38,30,32
81,240,64,59,78
893,333,41,46,52
74,56,186,181,204
425,412,46,44,48
239,390,48,45,48
1034,28,104,79,63
42,243,32,30,31
850,79,47,47,51
130,471,48,48,48
70,449,46,49,51
41,30,230,229,251
246,226,189,187,206
41,474,45,46,49
1181,9,238,236,254
305,435,54,52,51
656,279,45,43,47
1052,136,46,50,50
478,388,44,42,46
277,107,32,25,28
131,24,31,29,32
143,43,129,114,136
183,344,43,41,44
318,394,41,44,43
1022,140,49,48,53
877,307,48,45,49
505,263,219,219,243
987,216,50,47,51
218,344,39,43,44
363,333,43,43,46
1160,281,237,235,250
1058,22,94,79,64
481,444,171,176,193
600,473,154,145,136
475,45,43,42,44
762,44,48,50,53
1013,312,45,47,51
1005,149,47,49,50
727,104,49,46,48
1061,18,95,75,64
378,247,213,211,236
41,205,89,88,97
560,160,40,44,47
1045,109,47,49,54
982,301,48,46,49
520,61,41,42,43
90,68,149,130,152
690,32,50,51,53
508,220,215,216,235
582,497,177,175,180
432,95,39,39,42
41,460,51,49,51
349,172,160,152,165
1108,488,230,228,247
800,159,46,48,52
312,411,44,42,46
10,357,43,43,47
766,224,58,56,62
309,498,46,43,47
2,157,175,32,41
286,253,200,198,218
158,15,158,137,161
1156,279,236,235,250
492,409,40,41,43
1104,9,239,239,255
101,460,81,75,71
970,444,49,47,52
764,367,46,48,49
822,322,45,45,50
392,274,51,51,55
1165,349,236,235,251
759,364,46,46,47
368,195,68,61,84
254,334,41,43,47
336,183,189,191,209
349,382,43,43,48
1079,148,245,244,255
932,64,92,88,81
1017,66,104,89,83
262,102,35,27,33
164,320,38,39,40
849,422,85,103,150
910,311,43,47,49
23,431,49,48,52
1130,210,229,227,242
272,183,185,184,202
759,17,49,49,53
570,219,233,233,255
139,314,36,33,38
253,41,130,125,148
785,308,45,44,50
196,298,42,41,42
719,441,44,44,48
43,491,88,75,68
836,215,241,241,255
923,77,45,46,52
406,290,45,44,48
95,0,28,26,30
433,448,103,94,104
903,436,46,49,51
1006,375,46,47,53
532,39,43,41,48
1020,201,49,50,55
380,318,42,43,45
934,84,46,47,53
173,423,116,121,121
1192,267,242,237,253
443,454,128,78,71
911,75,51,47,52
765,143,45,47,52
836,26,86,81,76
244,90,46,45,52
77,394,43,43,45
887,218,54,50,56
538,196,178,180,196
1034,483,48,49,52
410,190,206,206,227
756,323,42,44,51
907,96,49,47,51
1004,229,46,47,51
228,130,34,27,32
1067,10,99,79,64
643,314,48,45,47
494,31,78,61,49
735,208,242,238,255
319,34,36,36,39
475,37,80,60,47
844,30,90,85,80
341,103,31,29,28
402,488,83,77,69
803,103,48,46,51
862,213,51,48,54
794,294,47,45,52
983,171,51,47,51
653,396,38,43,46
465,389,47,44,49
346,263,212,210,234
719,211,239,235,255
294,0,121,126,147
618,95,47,44,45
313,295,43,42,46
1157,164,236,232,252
602,478,173,167,174
1064,180,49,50,53
301,28,49,50,54
1168,98,238,236,252
1169,442,235,233,247
81,390,45,45,46
697,30,50,50,53
255,166,186,184,204
678,337,45,45,46
993,130,49,49,54
677,444,45,44,48
380,233,209,211,233
1153,85,236,233,249
772,268,88,64,92
181,119,178,179,200
1084,385,239,237,255
1003,444,46,47,52
2,445,52,51,53
1023,456,51,49,51
152,14,154,137,161
1000,104,44,47,53
1033,33,103,78,60
725,99,44,45,49
165,330,38,38,42
276,331,41,43,44
366,180,197,196,214
53,237,32,29,32
581,307,41,40,46
759,254,241,237,255
315,10,62,55,58
1168,95,238,237,252
1140,257,229,229,245
42,395,45,44,47
1067,204,48,51,54
1009,353,44,48,52
816,398,46,46,50
535,200,216,227,236
177,254,206,200,224
432,56,35,36,39
588,396,42,42,49
811,252,243,240,255
602,196,233,230,255
1144,262,232,227,246
1147,36,233,233,248
1088,403,243,242,255
172,227,196,192,214
97,249,216,216,237
468,313,39,41,41
846,405,45,47,50
256,343,45,45,45
521,215,223,220,235
84,485,47,47,48
262,474,109,100,73
180,157,33,37,40
457,90,39,41,45
1065,340,48,52,55
1062,360,48,50,55
1009,106,45,48,50
735,458,55,48,49
52,122,153,24,35
607,45,45,44,49
762,192,47,46,53
793,366,45,47,48
1196,263,236,238,251
1131,260,231,226,244
1184,55,241,237,252
507,364,40,42,44
1021,316,48,49,51
1125,15,228,227,246
958,313,47,45,52
1187,305,239,237,254
949,461,45,46,51
791,1,52,51,55
150,107,35,26,28
835,184,44,47,51
201,350,45,43,47
40,65,110,104,112
956,268,43,45,50
250,393,40,43,47
919,383,47,46,49
929,16,130,85,65
140,312,37,36,38
1002,125,46,46,53
628,77,48,46,49
733,314,47,46,50
870,149,49,49,51
380,39,34,23,26
734,441,46,46,49
1118,427,233,229,245
805,331,46,48,49
702,286,42,43,44
616,439,47,47,48
95,431,46,49,50
728,33,60,55,54
231,487,54,54,51
809,13,52,53,56
577,30,46,43,47
1053,384,51,47,54
415,304,44,44,45
558,488,125,118,101
1035,462,45,47,53
679,196,235,237,255
958,187,47,50,50
444,456,139,117,114
27,313,39,34,37
461,428,52,49,51
1092,124,215,211,240
1058,220,48,48,52
322,57,33,26,30
292,32,54,53,59
1007,59,97,82,70
974,270,44,47,49
244,93,42,43,48
670,328,42,45,47
453,72,42,40,43
1006,251,45,48,53
855,315,48,48,51
1159,306,235,234,245
136,2,51,33,49
678,329,44,44,46
975,340,43,46,52
131,471,50,46,49
243,305,43,42,47
1,165,119,113,108
798,240,240,237,255
911,162,49,47,51
441,387,44,48,49
1006,330,44,49,49
999,113,49,46,54
1141,409,234,229,242
560,98,47,42,49
1062,89,67,61,63
329,321,42,41,45
892,75,46,50,50
954,201,47,46,46
712,238,241,238,255
439,392,47,48,53
544,410,44,42,45
874,254,58,57,60
31,410,48,45,49
320,296,42,43,43
752,386,44,44,48
375,418,41,43,45
931,127,48,47,50
468,476,177,181,197
845,411,48,46,52
525,94,48,45,47
355,268,214,216,239
642,159,47,48,49
760,45,51,49,53
1095,466,237,233,255
1096,97,239,240,255
1073,127,53,52,58
580,458,126,121,112
420,170,42,45,48
176,259,206,201,225
844,258,238,236,255
259,259,199,194,218
1011,445,45,47,52
847,368,42,44,50
388,227,211,212,236
768,151,45,46,49
234,499,74,72,52
530,91,47,44,47
376,167,42,41,46
479,343,45,45,49
497,416,44,42,44
384,102,30,31,34
138,466,49,47,48
813,347,44,44,49
207,156,38,27,33
593,491,183,180,191
396,397,42,45,47
421,300,41,46,48
251,412,46,44,47
957,97,47,48,50
1083,96,247,246,255
1056,283,52,54,57
83,373,42,41,44
357,249,204,209,223
382,460,152,146,156
344,298,41,44,48
232,293,43,42,45
380,8,44,33,33
266,277,48,43,48
854,324,48,47,50
277,351,42,43,48
988,409,50,48,52
312,140,31,28,31
678,105,47,46,48
196,355,42,40,45
870,143,45,49,50
660,467,83,62,52
407,383,44,42,45
1110,326,232,229,248
931,148,46,47,50
1124,129,228,225,244
499,64,40,42,43
541,432,43,44,46
73,476,94,79,77
1100,407,242,239,255
1073,88,66,62,61
14,213,32,32,34
480,352,48,47,48
261,456,93,85,58
919,463,47,48,53
677,5,51,49,49
1071,448,51,52,56
186,324,42,39,43
919,257,48,47,53
506,204,215,215,237
423,171,43,45,48
802,326,45,46,50
1122,336,231,228,245
24,304,39,31,37
849,382,42,46,48
981,211,49,45,50
941,93,46,46,49
836,472,49,50,53
533,394,39,44,45
860,469,47,48,51
355,32,41,31,29
497,3,73,63,52
542,155,44,44,48
880,19,100,96,92
661,393,74,70,87
885,382,46,46,49
925,177,46,46,49
556,384,40,40,45
634,282,43,46,50
332,93,28,23,25
27,309,38,35,40
150,395,42,43,45
1038,314,48,49,52
732,459,107,100,93
855,495,147,139,98
236,184,187,186,206
681,115,46,45,47
996,413,49,47,53
474,143,42,43,48
497,342,42,42,47
47,410,40,44,50
545,475,150,148,159
869,253,233,239,255
587,226,230,234,255
1074,32,107,99,110
484,176,56,54,58
1079,79,59,56,61
321,183,188,187,206
306,252,200,197,220
635,131,43,45,48
448,290,44,47,48
79,295,36,28,31
888,89,50,48,52
1008,89,49,49,53
417,8,50,42,35
58,198,75,66,73
233,332,43,44,46
249,173,190,185,205
846,39,84,79,73
954,37,101,79,62
443,44,39,35,38
457,10,95,76,56
90,177,211,203,225
1178,96,237,236,253
699,68,47,46,50
83,260,213,214,236
1115,451,232,231,244
242,180,187,185,204
739,35,50,49,49
59,96,150,28,34
259,193,137,131,153
1112,267,233,230,247
32,73,116,108,117
716,79,42,47,49
48,408,46,46,46
664,237,139,145,173
581,300,45,43,47
188,447,56,56,50
213,362,42,44,45
544,323,42,42,45
704,143,45,47,48
112,237,98,90,97
649,369,40,42,46
199,36,165,64,92
17,22,226,224,247
82,136,157,33,38
834,243,241,239,255
204,72,156,146,160
73,245,38,36,40
166,465,56,51,53
450,240,231,227,250
567,475,116,105,96
80,497,47,46,52
1136,193,231,230,243
29,343,40,41,45
237,232,46,43,46
331,310,44,45,44
195,37,194,175,199
873,481,143,132,84
140,205,199,196,217
122,22,28,29,30
325,156,35,33,35
579,112,43,44,48
856,468,47,46,53
411,58,33,32,32
83,312,33,32,32
381,137,35,38,40
299,36,51,51,55
74,203,106,108,126
1023,106,50,48,52
882,471,48,48,50
737,369,43,44,47
642,145,44,45,47
108,88,187,165,181
48,355,38,40,43
523,494,106,100,75
94,22,110,103,113
69,462,46,48,47
63,19,60,56,70
437,278,49,51,55
142,276,214,212,235
392,439,201,208,229
893,42,112,108,110
733,429,41,44,48
97,8,105,96,107
254,493,86,73,54
50,17,61,61,67
734,183,51,49,56
1,410,47,45,50
31,481,50,49,50
419,198,220,219,239
681,282,40,42,49
420,420,42,43,44
291,144,32,28,33
562,20,51,48,54
1036,71,96,85,69
463,60,40,41,43
956,82,46,47,51
780,419,45,47,47
543,84,44,44,48
127,220,200,196,217
587,194,234,233,254
482,477,118,118,103
281,38,44,48,50
285,287,46,43,48
977,236,47,47,49
35,205,111,109,111
1057,181,49,49,52
434,410,49,47,51
321,403,42,44,45
650,120,45,44,49
927,198,45,47,50
24,458,50,51,51
272,157,33,30,33
204,78,211,201,221
488,331,43,44,46
1037,309,47,49,51
1103,153,247,241,255
298,188,189,186,207
323,125,32,29,29
223,25,178,164,188
383,99,34,32,36
1167,260,237,234,250
1062,62,109,95,88
153,334,35,38,41
201,203,189,183,201
892,46,99,94,89
1069,180,50,52,54
915,430,52,44,74
30,336,44,41,42
781,19,49,48,53
769,453,48,46,50
142,430,49,48,48
1183,403,237,234,253
232,439,51,54,52
528,272,48,47,49
244,332,42,44,45
20,174,111,70,72
143,434,47,47,51
17,73,104,99,106
944,82,48,49,52
925,68,77,71,67
1129,440,226,224,244
708,167,46,48,51
560,81,41,44,44
1166,328,236,236,253
509,383,41,44,43
1191,282,242,238,253
877,242,231,237,255
918,432,66,54,46
797,5,53,52,52
446,152,41,44,48
366,97,31,30,33
807,96,43,48,50
719,168,41,45,47
979,46,90,70,59
741,338,47,49,56
1090,425,249,246,255
753,467,127,129,103
234,117,34,29,36
1044,396,49,49,52
373,462,93,72,77
1146,141,231,230,245
852,48,103,87,61
564,81,46,43,46
92,102,155,24,36
764,190,48,49,51
1021,348,46,49,52
1146,352,230,229,245
807,356,44,46,50
30,116,147,22,32
1192,192,240,237,252
173,399,43,45,48
722,224,235,236,255
1195,313,241,236,254
91,34,126,115,127
228,73,124,124,140
504,282,43,44,50
887,220,54,51,58
56,239,36,31,33
367,454,108,100,101
444,135,39,40,48
384,38,31,26,28
97,135,160,28,36
659,362,44,45,48
346,330,45,43,45
1088,39,210,213,221
367,283,42,43,47
738,154,49,46,49
783,149,47,44,52
228,239,193,192,210
1016,342,47,46,53
1199,440,236,233,248
872,30,107,102,100
1074,287,228,219,189
947,210,43,46,50
1158,263,238,234,251
352,312,43,43,44
925,25,166,119,85
1186,78,238,236,252
168,486,46,46,49
852,463,44,47,49
237,470,81,79,55
148,147,155,154,178
879,280,46,47,52
1061,158,48,51,54
596,461,152,149,147
121,52,159,140,160
205,411,48,46,49
500,445,174,174,193
299,290,41,43,46
146,188,204,203,227
811,375,46,43,50
881,470,51,47,51
272,374,44,44,50
703,282,44,47,49
865,252,239,238,255
31,321,40,36,41
927,345,46,45,50
760,230,240,237,255
423,342,41,43,46
246,131,31,27,26
854,54,95,76,57
1148,96,235,230,246
124,65,163,143,168
625,173,53,50,50
862,125,49,50,52
78,219,163,171,190
887,225,238,238,255
204,313,41,39,44
1146,40,232,232,245
867,380,46,47,49
513,38,58,52,48
27,257,34,30,30
697,105,45,45,50
33,288,37,32,32
900,344,44,46,50
1090,191,255,255,255
630,177,238,234,255
524,250,224,225,244
45,367,44,45,48
1000,418,47,47,49
777,394,47,45,48
394,450,199,203,224
944,383,44,47,49
411,446,78,72,67
626,449,182,189,206
354,269,178,177,211
1017,267,47,48,50
916,320,42,45,48
696,16,48,50,52
784,366,48,44,48
744,317,43,45,47
668,449,49,46,47
821,406,50,47,53
578,358,45,42,46
655,410,44,44,44
764,267,69,59,75
361,127,35,32,38
727,473,154,148,165
214,128,36,34,38
279,64,38,39,47
59,306,35,33,33
36,342,41,40,42
1165,392,235,232,250
943,120,50,47,51
514,487,117,108,80
218,362,42,43,46
1061,50,113,107,107
601,148,44,45,50
10,377,46,45,52
1066,59,77,67,64
802,23,50,50,54
844,390,47,46,50
693,310,44,43,48
1038,137,52,48,53
514,319,41,43,46
998,87,49,50,54
958,315,46,46,48
1028,16,107,83,63
564,325,48,42,46
901,497,175,154,88
218,146,33,28,31
594,377,45,45,45
251,462,94,84,56
412,383,42,44,48
134,463,51,48,51
615,387,47,42,46
538,240,216,219,247
957,288,46,46,53
837,431,45,46,48
24,295,36,33,37
765,442,48,46,48
60,117,150,24,32
82,99,153,24,31
937,464,46,49,52
237,197,189,184,205
54,90,191,191,209
832,493,165,159,158
849,317,47,46,50
76,191,35,29,31
15,88,130,116,121
585,394,41,40,44
451,17,78,57,42
1180,264,237,237,254
676,288,47,45,48
405,307,41,43,49
1166,488,234,233,250
955,45,103,78,62
34,271,35,29,28
209,326,43,42,46
1136,111,231,229,246
1046,20,102,82,66
49,114,152,24,33
829,147,47,45,50
463,247,204,207,233
396,219,209,209,231
22,107,143,25,32
186,160,34,34,34
563,210,136,119,126
18,125,152,23,33
1180,424,236,233,250
594,134,42,44,46
826,387,44,46,48
706,179,50,50,51
1103,252,238,234,254
222,233,190,185,206
444,189,220,223,244
256,212,59,44,58
1066,474,49,53,54
108,129,159,32,36
841,141,41,45,50
65,89,150,29,34
364,66,31,24,26
734,194,241,235,255
414,349,42,45,48
856,423,45,49,50
291,334,40,43,48
45,183,175,35,41
232,437,47,49,49
682,65,42,45,49
810,479,169,168,179
28,246,35,27,29
1068,459,59,56,61
49,278,36,24,29
862,173,50,47,50
232,14,182,166,191
1101,439,237,234,251
316,208,105,96,113
625,156,44,45,49
1169,490,236,232,249
1070,344,49,52,55
82,256,213,213,236
517,460,153,153,162
79,324,39,33,36
639,406,44,42,45
115,386,43,42,46
288,349,41,43,47
513,174,49,48,52
742,153,49,47,52
112,332,33,33,38
460,315,78,79,84
899,328,46,47,51
179,471,54,52,53
239,384,43,46,47
576,246,235,234,255
271,221,189,189,207
212,74,195,197,213
404,142,41,42,45
990,411,43,45,48
1084,158,249,246,255
663,173,48,50,53
465,383,45,45,48
547,362,39,44,43
286,445,61,60,55
775,214,243,240,255
124,130,35,27,31
1134,84,230,227,242
1162,65,234,234,253
913,433,97,86,92
181,272,211,206,230
294,342,44,41,46
932,328,45,47,51
833,229,242,237,255
853,201,47,48,50
506,99,19,17,18
621,438,47,45,47
789,196,51,51,53
386,239,194,194,218
15,54,73,63,69
738,361,45,45,46
293,389,42,43,45
764,328,47,46,48
534,44,45,42,47
691,433,45,43,46
529,57,42,44,47
354,273,47,47,51
1023,350,48,49,51
735,52,48,47,50
238,68,211,212,232
607,224,200,203,228
338,441,74,72,53
610,118,47,44,45
105,326,34,33,31
1018,206,51,48,53
267,380,45,44,48
730,315,44,45,47
546,499,116,106,81
560,145,46,42,48
69,18,54,33,45
768,119,46,47,50
155,283,83,84,111
692,26,50,49,55
1188,183,236,238,252
166,188,194,190,212
525,346,44,43,45
632,214,223,224,251
103,452,45,46,48
676,110,47,46,48
691,135,44,46,49
489,197,133,125,127
467,432,181,188,207
776,312,43,43,47
502,466,169,167,181
1086,271,69,67,62
92,123,165,84,104
380,350,45,43,48
497,199,204,206,224
1131,209,230,228,245
758,440,47,46,49
382,288,47,43,49
989,35,118,90,66
892,115,47,48,50
221,298,44,42,42
81,381,39,41,43
884,333,46,46,49
261,0,184,170,196
163,54,144,128,147
17,194,101,95,97
1002,168,46,48,49
905,374,46,45,50
1126,423,233,229,246
1196,344,241,236,253
364,152,41,39,39
440,324,44,43,48
335,154,37,35,36
538,407,43,44,44
720,430,43,44,46
212,423,45,46,50
835,426,50,49,52
252,352,47,44,46
488,157,43,44,44
551,322,42,42,46
904,49,97,94,92
901,56,102,98,94
362,488,97,88,77
538,117,45,46,49
586,364,42,42,45
184,467,49,50,50
599,27,48,49,50
166,187,194,189,211
189,32,189,171,193
1032,81,84,72,64
106,270,41,37,37
735,272,45,48,50
788,417,45,45,52
1039,109,51,49,52
179,336,43,42,44
978,122,48,48,54
952,144,47,47,54
980,259,44,47,52
672,482,108,83,59
1080,275,55,57,61
794,7,50,52,53
677,490,110,81,58
504,467,157,156,165
707,8,65,52,55
229,483,48,52,51
404,311,43,44,44
1015,279,46,46,52
976,331,44,50,50
968,403,47,46,52
478,155,45,42,45
726,120,41,46,50
1088,125,252,253,255
633,318,48,46,48
966,101,51,50,53
66,472,55,50,49
546,256,231,227,251
859,29,95,89,87
518,44,32,31,35
615,77,45,46,46
163,88,154,145,160
566,398,44,42,44
1045,325,45,48,51
899,416,49,48,51
338,118,32,30,32
506,315,44,44,44
785,456,50,48,52
283,17,212,213,232
365,200,123,122,144
203,398,46,43,46
689,331,43,47,48
600,177,48,47,52
1097,121,244,239,255
945,197,46,48,51
829,103,47,49,52
1051,477,51,51,53
759,182,47,46,52
763,451,47,46,46
839,305,46,46,53
465,134,44,41,45
737,37,52,47,53
986,197,45,47,49
836,203,50,48,52
274,241,183,183,205
489,44,44,41,46
1143,68,230,230,243
600,212,228,232,239
399,464,61,58,58
632,474,190,185,200
1193,467,235,235,252
466,28,101,77,55
214,472,45,47,49
257,216,189,188,205
768,130,46,46,49
393,492,86,71,54
773,350,48,44,49
52,6,228,227,246
40,142,158,31,37
1018,264,50,48,53
794,76,48,46,50
469,32,93,70,51
213,190,185,182,203
160,470,114,109,102
458,343,23,21,21
1050,143,47,46,53
950,166,49,49,51
237,306,44,41,46
196,133,35,36,41
308,347,43,43,44
712,453,47,47,49
72,243,40,39,41
263,339,42,43,47
1099,143,238,240,255
811,203,49,47,53
386,143,43,39,41
259,239,101,100,120
724,366,42,42,47
331,334,43,44,46
211,439,50,47,49
987,377,46,47,48
227,198,175,174,193
858,92,47,48,50
682,25,49,49,51
975,338,43,46,52
630,294,43,44,46
633,342,44,44,48
248,358,44,43,46
31,138,158,28,38
498,28,84,60,51
1113,24,236,231,250
424,279,47,47,51
236,129,32,27,30
367,232,205,207,227
329,192,191,189,210
289,489,47,48,48
815,284,48,50,56
488,166,57,56,59
221,152,32,24,28
133,272,217,214,236
310,418,40,43,45
742,131,45,45,49
728,218,59,57,64
263,467,103,97,72
693,378,45,45,47
693,36,50,49,50
541,398,43,42,44
782,208,239,237,254
44,259,37,32,34
824,106,50,48,49
339,388,42,44,45
887,99,56,53,57
256,325,43,42,47
892,375,47,47,48
352,250,207,207,230
476,126,41,42,46
492,94,48,41,46
1169,149,239,234,254
245,349,45,43,47
964,195,46,48,52
606,22,48,49,52
366,220,206,205,228
382,387,44,42,48
788,11,48,51,49
1145,370,232,231,246
427,400,44,43,47
697,155,47,45,49
283,193,190,185,203
187,313,40,37,43
230,120,34,27,31
316,370,42,42,48
106,150,198,190,210
811,200,48,47,49
1130,256,229,229,243
1031,313,48,46,53
444,260,233,231,254
236,448,48,50,49
1019,249,45,47,53
831,207,50,51,52
318,494,48,45,49
1173,242,236,234,251
1075,91,71,68,65
259,231,182,183,198
780,149,46,43,50
722,136,46,44,49
960,364,47,46,50
1025,177,47,50,52
565,22,47,48,51
331,441,68,63,56
689,354,45,44,49
68,62,185,184,205
565,393,39,42,46
774,304,43,44,49
1157,439,234,231,247
511,325,38,45,45
362,324,42,44,46
849,197,49,45,51
141,81,160,146,168
114,237,52,44,50
552,135,43,45,46
835,111,45,44,51
837,413,46,47,50
184,179,190,186,210
325,181,193,186,209
1044,355,50,48,54
1191,81,239,237,254
1165,153,234,236,249
460,246,204,204,229
1156,104,237,233,250
1052,337,46,50,53
785,47,52,49,54
822,369,44,45,46
510,187,219,215,239
1019,447,49,47,50
943,16,123,88,65
447,53,39,36,41
588,109,42,45,46
734,0,50,50,51
344,425,42,42,43
75,470,76,67,58
477,458,173,179,197
830,355,45,46,49
210,9,184,167,192
706,428,43,42,46
838,363,46,47,47
1008,295,45,47,50
244,28,197,187,211
862,271,48,49,52
253,407,47,44,47
603,13,47,48,52
709,61,44,46,50
752,123,47,49,49
64,315,39,33,38
897,161,47,47,52
1039,357,47,49,54
648,405,42,44,48
459,436,181,186,203
959,355,45,46,48
836,263,76,66,88
229,481,50,50,49
1170,117,238,236,255
48,166,169,32,38
376,118,40,35,36
48,14,66,66,69
828,107,45,48,51
855,394,43,46,50
397,123,41,36,41
242,321,39,43,45
53,471,46,45,49
1173,441,233,232,244
1018,208,46,48,52
704,311,46,45,51
540,487,123,119,108
1030,163,47,48,52
343,293,43,44,45
361,173,197,196,211
500,88,44,43,47
884,246,238,237,255
482,387,39,43,46
661,221,71,63,88
895,367,45,45,49
1170,389,238,235,249
293,328,43,42,45
277,160,38,34,37
993,172,47,47,54
986,436,48,48,53
1181,462,236,235,250
511,137,50,46,52
617,493,128,123,117
725,405,94,104,120
1023,90,48,49,54
604,130,45,45,48
460,35,64,52,45
27,181,98,94,105
362,461,82,75,65
572,464,134,129,129
295,107,26,25,29
644,377,43,44,46
74,167,168,51,78
982,172,46,47,52
325,221,197,198,211
497,28,81,61,50
854,342,46,47,49
763,298,47,47,51
379,46,32,25,26
815,215,242,238,255
809,349,45,46,50
288,285,44,43,47
358,57,32,25,27
358,416,41,43,44
842,408,46,46,52
517,99,42,43,44
603,45,44,44,46
500,361,43,44,48
557,320,42,42,44
1074,324,240,244,244
1180,60,241,238,254
1093,211,248,248,255
172,270,209,206,229
933,392,45,45,51
445,241,61,57,65
345,417,47,42,48
237,388,48,44,48
703,406,46,43,45
222,19,175,163,186
347,477,72,68,59
15,233,35,27,28
209,256,201,200,221
363,490,98,84,77
217,136,32,29,33
522,4,54,53,56
248,274,204,204,226
416,325,45,45,51
190,387,45,41,44
582,440,181,183,195
465,336,46,45,47
950,154,46,49,51
901,211,46,50,50
369,21,43,30,30
854,394,45,46,50
421,159,46,42,45
459,419,47,48,51
477,434,185,190,211
804,261,239,238,255
649,206,183,188,200
1129,457,229,225,240
379,199,204,201,224
994,366,47,47,51
504,272,51,46,51
907,316,45,45,51
946,350,48,47,52
904,439,63,72,114
281,174,188,184,204
1039,349,49,46,52
884,368,47,44,49
85,289,36,30,33
1131,140,229,227,242
220,99,39,40,46
292,101,32,26,29
326,184,191,191,210
318,184,191,187,206
110,38,195,189,210
658,498,104,77,57
283,429,75,74,55
755,243,243,238,255
215,487,49,47,46
96,167,37,26,30
1050,364,49,47,51
447,16,47,42,37
379,268,215,215,237
418,412,42,43,46
286,254,201,197,220
411,104,40,38,39
762,301,44,47,52
205,213,187,184,203
67,296,34,34,34
1055,400,50,48,52
105,156,191,184,207
201,55,143,132,145
1146,239,234,235,248
79,418,62,60,56
338,83,33,26,29
172,189,193,188,210
127,87,158,138,161
849,283,47,48,51
973,175,48,47,49
1067,34,115,108,108
526,184,225,224,244
273,159,36,32,34
1091,182,125,108,127
921,64,82,73,65
1016,229,44,47,49
462,297,74,72,78
1046,168,50,50,54
379,3,43,32,30
735,330,43,46,49
448,247,231,228,247
869,494,98,97,63
805,196,49,47,52
148,448,46,50,52
1198,30,242,237,254
315,74,30,27,29
206,464,45,45,47
799,161,46,48,51
481,233,32,25,28
558,280,45,45,47
62,71,30,25,29
899,244,242,240,255
1195,444,236,233,250
42,471,50,47,51
1192,146,237,236,249
425,298,43,47,48
350,333,44,43,49
405,31,37,33,33
1047,101,54,48,55
415,432,42,44,48
836,468,46,48,50
850,310,48,46,48
908,377,50,45,49
217,304,41,41,45
977,245,50,46,52
762,64,47,46,50
887,260,239,239,255
35,324,35,38,40
1150,104,234,233,249
495,425,44,43,49
1070,96,59,56,59
1148,249,231,230,246
259,68,47,46,50
735,165,48,48,48
665,494,107,81,60
0,85,129,119,126
616,66,42,44,46
701,169,45,46,51
863,329,47,45,50
711,132,48,46,51
794,153,47,46,51
635,251,45,46,46
954,243,46,47,50
159,84,163,149,169
1146,462,230,228,241
1165,158,238,233,250
873,410,48,48,51
311,339,45,44,47
779,369,48,46,50
658,368,47,43,47
1081,130,128,129,140
102,314,33,33,37
718,450,46,47,48
801,391,45,47,50
488,196,51,43,46
793,102,46,47,49
1089,437,237,239,255
432,197,218,219,239
419,300,45,45,48
1037,116,50,47,52
857,425,43,46,50
709,45,47,49,50
65,184,36,28,29
1117,182,231,231,245
1093,286,243,243,255
1107,151,241,238,253
719,414,44,42,47
28,391,43,43,47
874,154,48,45,49
147,60,149,134,153
698,97,42,45,50
977,252,45,48,52
1164,288,241,236,253
459,38,58,50,44
106,162,38,31,35
953,249,49,47,49
984,63,107,88,76
916,121,46,48,51
511,338,43,41,45
1086,483,238,236,215
239,82,47,47,54
89,140,161,30,32
580,193,230,230,253
264,248,192,192,210
448,297,43,44,48
1093,349,248,243,255
703,5,51,51,52
444,323,48,43,46
24,305,38,32,39
46,234,31,31,31
62,82,37,32,32
647,481,82,65,59
1194,103,236,237,254
345,3,49,45,47
85,447,45,49,48
409,177,45,45,48
32,35,230,229,251
467,247,215,213,234
4,94,133,18,32
1156,258,232,233,250
183,372,41,42,47
267,221,188,185,203
332,84,29,27,30
1074,176,51,52,58
227,462,72,69,53
842,170,48,46,49
118,468,44,47,49
331,39,71,60,60
644,164,48,47,48
949,37,108,80,63
115,294,30,33,35
480,84,43,42,46
1164,301,236,234,249
5,334,46,44,48
1153,20,235,234,250
672,157,46,45,48
1089,357,246,245,255
371,140,39,38,43
1095,151,246,247,255
931,70,86,80,75
1119,161,232,229,246
163,78,159,145,167
214,164,35,28,28
467,89,43,41,45
803,329,43,49,51
62,14,230,229,250
721,178,49,47,50
489,38,82,63,49
555,101,44,44,48
724,198,241,236,255
666,336,47,46,48
482,323,45,46,49
714,302,46,45,49
183,326,42,39,46
145,309,35,33,36
165,499,49,47,50
466,499,107,97,59
528,359,40,42,44
285,360,40,45,46
775,415,47,48,52
691,327,46,43,49
61,105,148,24,26
1105,346,240,238,255
9,401,48,44,47
230,113,35,33,40
137,409,44,43,48
559,443,138,132,138
183,15,157,32,51
921,444,56,55,51
1141,106,230,229,244
1082,206,50,54,56
534,370,46,44,45
749,119,47,47,51
68,58,178,173,189
296,457,81,73,51
673,307,45,44,48
469,450,170,178,197
133,357,38,40,44
341,401,39,43,45
730,439,49,47,48
890,450,49,47,50
195,220,190,188,207
1055,462,49,48,53
684,78,43,46,49
720,45,49,46,49
1070,472,88,84,91
311,153,32,33,33
181,61,167,154,176
941,386,44,47,51
302,407,48,43,44
545,229,228,229,252
407,323,44,44,48
989,378,48,46,51
1051,144,50,48,53
801,371,49,43,48
895,292,46,46,49
149,83,162,148,170
805,398,47,47,49
567,189,232,230,252
1056,256,49,50,55
783,314,42,45,45
843,98,48,47,50
22,96,52,35,35
484,38,85,59,49
634,233,148,152,184
916,128,47,48,50
748,72,47,47,49
514,129,43,46,50
202,352,42,43,47
82,468,81,72,69
1175,207,242,237,254
599,153,44,44,48
19,60,103,96,110
870,199,45,45,52
971,465,44,49,52
974,480,44,48,52
944,247,43,46,47
227,333,41,43,44
103,55,147,132,155
516,303,42,44,45
787,92,47,46,50
838,59,53,52,52
31,31,229,228,252
883,128,48,47,52
1068,263,49,48,56
702,270,47,44,48
117,152,200,191,212
33,432,50,47,54
109,304,35,32,34
277,449,64,66,53
621,51,46,44,48
736,486,139,136,149
179,449,58,56,56
1069,259,49,52,56
703,429,44,45,48
181,308,42,39,42
1072,496,245,244,255
144,261,212,209,233
1058,478,48,50,54
10,424,49,51,52
612,476,167,168,174
924,417,46,45,51
1187,106,239,238,255
821,355,48,43,52
925,450,54,66,110
471,339,53,52,57
656,115,47,44,51
1113,17,234,234,253
511,388,43,42,45
375,376,41,43,47
234,180,189,184,204
767,435,47,47,52
225,245,197,194,214
23,427,52,50,54
699,421,42,42,46
718,355,46,47,48
716,61,45,46,51
293,265,202,204,227
507,130,41,41,42
231,80,112,113,130
372,14,45,36,33
1017,325,43,46,52
729,379,46,44,50
957,294,45,45,50
1163,151,239,235,251
1032,381,52,46,52
220,498,53,53,47
807,57,51,45,51
800,440,46,47,52
1009,22,107,84,63
642,353,44,45,48
136,11,195,189,207
1163,63,238,237,252
32,112,146,21,34
815,386,43,45,49
274,416,46,45,48
323,144,32,30,34
671,140,48,45,51
1183,10,239,236,255
782,320,46,46,48
376,313,42,42,46
388,201,205,203,227
786,8,51,49,53
42,180,176,33,44
1025,212,48,48,51
467,79,45,41,44
273,280,43,43,48
973,419,46,47,49
674,316,44,45,48
974,329,49,44,49
71,467,53,50,49
354,58,34,21,25
1057,456,48,49,54
448,103,40,43,42
393,192,208,208,230
242,434,74,71,56
344,78,35,26,26
948,74,97,93,88
308,441,59,56,51
248,308,43,45,48
822,77,45,47,51
1199,1,240,236,251
594,145,42,44,47
616,89,44,44,47
246,403,46,44,46
132,334,37,38,42
942,497,171,154,84
878,431,46,49,53
1123,224,231,229,246
1087,269,86,80,88
261,280,45,41,46
403,138,39,41,42
790,396,48,46,50
1019,129,46,49,52
213,301,41,42,44
1181,403,236,234,251
52,434,48,48,52
1027,318,49,47,51
666,105,42,46,49
782,412,49,48,56
1080,308,54,51,56
245,177,191,185,204
364,493,78,68,54
836,469,50,49,52
759,416,45,44,47
597,113,45,45,46
529,378,43,44,46
507,388,45,42,44
670,131,45,45,49
16,16,225,223,247
772,353,44,47,48
119,358,41,38,42
314,68,28,26,27
60,98,151,24,33
516,86,37,37,40
640,409,46,43,46
454,47,40,37,41
78,454,46,46,49
26,476,47,47,50
505,200,151,146,147
317,117,29,28,32
494,24,77,58,49
91,230,207,206,228
827,191,47,45,51
750,111,46,45,50
171,282,206,209,231
87,426,52,52,55
166,26,162,146,170
235,168,189,184,206
934,167,49,47,50
1044,399,41,47,49
663,488,104,78,55
527,321,46,41,45
64,1,107,95,115
950,296,44,45,47
292,334,42,42,47
655,178,236,234,255
995,342,46,45,51
946,150,43,46,50
30,32,227,228,251
1114,330,235,231,248
973,288,45,48,51
222,3,172,155,179
1127,113,225,225,242
43,110,148,24,31
153,482,43,46,45
749,192,49,51,55
427,485,72,73,79
1007,96,50,48,52
196,231,191,191,210
824,285,44,47,50
433,192,218,218,240
312,21,49,47,51
1004,43,111,84,62
89,219,213,215,242
743,332,43,45,46
868,116,47,46,50
145,451,45,50,50
279,107,33,25,29
312,318,42,42,44
1104,176,242,239,255
270,374,42,43,46
631,430,48,43,46
863,113,48,46,51
1153,91,235,235,249
1118,52,229,228,246
308,302,45,45,44
267,391,46,41,46
15,493,71,64,57
955,447,45,46,48
982,492,51,46,52
764,487,154,146,160
424,202,224,221,246
919,359,46,50,47
246,307,45,42,46
952,179,48,46,51
1074,438,58,53,57
573,271,67,58,79
1135,455,232,227,243
1044,149,49,48,53
884,418,47,47,52
559,9,92,82,57
773,360,44,46,50
371,103,31,31,34
89,172,195,193,203
9,155,170,31,36
1050,385,46,51,54
858,189,45,46,50
93,475,90,81,77
642,39,44,45,49
594,214,67,58,61
919,148,50,46,51
90,39,79,70,75
46,269,31,30,31
625,5,50,51,50
1145,241,230,229,246
5,6,226,223,246
974,56,76,63,59
1001,300,46,48,49
1171,14,238,237,253
959,137,45,45,51
747,35,47,48,52
1037,232,47,49,53
888,17,78,71,65
682,198,240,237,255
615,395,40,43,46
878,299,47,47,50
612,261,49,46,49
1096,171,242,241,255
1134,326,226,225,241
1143,166,233,229,244
413,280,43,46,48
44,318,35,35,36
419,357,45,42,46
818,291,50,46,49
983,11,114,83,62
1183,440,236,233,250
602,104,46,45,48
87,120,178,120,131
242,228,184,182,201
778,237,116,99,99
306,204,190,189,208
113,484,51,48,50
1074,376,52,53,54
549,232,131,117,127
883,289,46,48,51
618,83,45,44,49
1001,56,99,79,61
353,427,44,43,45
811,217,241,239,255
153,182,203,199,221
279,364,40,44,47
646,18,50,49,50
191,80,196,187,210
426,298,42,46,49
114,338,34,35,37
1199,23,241,237,254
1194,175,240,237,253
356,35,39,31,29
767,164,48,48,51
486,451,147,148,169
102,347,38,37,40
1116,235,231,232,248
542,69,43,42,48
594,463,136,125,113
901,478,50,52,53
507,383,41,45,47
852,449,42,48,52
496,54,44,41,47
670,106,45,46,49
735,391,40,44,47
1187,364,239,234,251
472,73,42,41,47
311,68,34,25,28
194,407,42,44,47
712,166,47,47,52
625,243,56,57,65
18,32,224,222,248
292,72,34,29,33
1098,386,241,242,255
633,29,49,48,51
149,55,139,122,143
877,75,48,48,52
978,28,98,74,60
982,365,46,47,51
849,393,48,45,49
747,384,46,45,46
837,284,47,47,50
789,103,49,48,50
889,466,43,47,51
332,428,57,52,44
339,331,43,46,48
579,121,43,42,48
716,280,47,46,49
1141,490,231,228,243
900,266,240,238,255
848,489,170,161,115
361,439,56,53,51
521,352,44,41,42
198,173,191,185,208
169,400,44,44,47
692,222,236,238,255
455,374,29,27,24
290,319,42,43,43
98,358,43,37,42
776,33,49,51,54
505,305,43,44,46
1001,15,124,92,70
522,431,46,45,50
1009,108,45,48,52
949,131,45,48,53
864,328,44,43,50
372,118,34,33,37
725,368,40,43,49
647,227,239,238,255
510,111,35,35,39
999,225,44,46,52
277,393,43,45,46
234,9,176,162,187
1013,438,49,46,51
811,412,48,50,53
843,31,84,84,75
515,306,45,45,47
833,20,85,84,76
966,33,97,75,62
625,340,44,43,48
354,297,42,46,46
253,153,35,26,27
61,487,87,82,77
399,190,208,206,233
1163,227,235,234,250
6,174,96,95,103
233,124,33,28,30
336,411,42,41,46
1122,441,227,226,246
126,135,35,27,30
828,490,172,166,177
960,383,48,48,48
728,410,41,45,47
153,46,136,122,142
781,148,42,47,48
415,405,42,44,48
868,479,71,60,52
652,37,45,47,49
686,488,115,87,62
1015,450,44,47,51
838,144,47,47,51
935,441,48,47,50
1174,429,236,237,251
814,435,45,46,51
739,126,47,45,48
66,443,49,47,49
877,339,46,46,51
576,271,83,75,101
11,264,35,28,29
389,485,77,74,64
36,221,29,31,36
391,366,42,42,46
931,243,46,48,52
889,350,45,46,51
36,375,44,43,51
835,98,47,49,50
126,217,203,198,220
1168,78,237,237,252
554,422,42,41,43
28,2,198,216,224
94,60,41,38,57
1196,329,239,236,252
1076,328,72,60,81
420,52,37,32,34
548,253,231,229,250
420,6,34,29,30
1078,198,52,53,57
980,443,133,151,160
350,475,58,57,53
765,354,43,46,50
1181,447,236,234,250
682,405,48,44,51
949,114,48,48,49
201,164,34,28,33
1156,415,236,234,253
352,395,44,40,47
611,5,50,49,49
1012,29,103,79,64
746,258,240,238,255
820,153,45,45,51
606,3,51,49,52
1020,319,48,46,52
973,261,47,49,52
1182,280,239,238,253
372,316,45,44,47
343,59,34,22,25
457,253,214,212,232
1114,383,234,233,245
1167,114,237,234,251
1079,185,248,248,255
121,82,145,130,149
213,317,42,42,43
541,232,73,54,76
782,267,240,239,255
244,162,73,61,76
765,434,45,46,51
42,451,48,49,53
1098,122,240,240,255
426,132,46,40,46
21,175,113,86,87
619,360,43,44,48
537,156,42,45,45
1065,55,85,83,81
53,353,46,44,49
1103,328,238,237,254
65,468,48,46,48
428,324,44,45,47
1042,94,46,49,52
252,448,61,59,50
682,488,114,87,63
48,292,34,32,34
143,393,44,42,47
193,346,42,43,48
245,123,28,28,28
55,170,170,33,38
266,96,31,28,30
837,0,95,92,89
637,435,43,47,47
38,110,147,25,34
880,12,82,74,70
112,241,72,58,69
955,400,44,46,49
188,241,194,193,215
1088,198,81,73,71
793,129,48,47,50
312,110,31,26,25
742,105,46,47,48
30,447,48,51,51
433,156,39,44,45
454,95,43,39,45
735,213,239,237,255
1043,196,46,47,52
74,325,40,36,38
158,302,35,36,40
355,39,43,29,30
240,365,44,42,47
208,73,56,41,61
281,477,105,105,85
798,213,243,239,255
518,109,44,44,48
126,115,162,33,42
429,195,221,221,244
915,251,114,120,189
1077,114,78,78,77
790,494,167,161,173
672,34,49,49,52
639,471,150,144,144
982,131,47,47,51
1037,34,110,83,64
972,323,44,44,50
529,220,226,226,246
645,243,45,48,49
223,84,116,116,135
739,348,43,45,48
1024,392,46,48,50
150,224,198,194,216
446,252,225,224,246
219,372,42,41,47
362,300,47,44,47
155,415,47,45,48
493,250,214,213,233
838,77,46,45,51
1127,494,227,223,237
513,116,45,47,49
105,31,185,183,202
1110,410,242,237,253
54,302,38,31,33
623,396,45,44,48
360,465,65,59,50
1110,450,233,229,248
262,313,44,42,46
1162,381,237,235,251
955,298,48,48,50
1128,486,227,224,244
792,179,43,46,51
1043,113,50,49,51
610,30,47,46,48
1069,369,49,52,55
41,393,43,44,48
843,262,237,241,255
508,159,49,48,51
496,251,217,215,236
925,344,46,45,50
1052,371,50,50,55
678,138,43,44,47
922,115,46,49,52
153,399,44,44,45
719,424,47,45,48
605,56,45,43,47
515,47,24,23,29
220,75,108,110,126
961,142,47,49,51
706,495,113,99,72
1106,178,239,236,255
286,427,90,86,60
146,369,42,41,44
707,337,47,45,50
858,16,95,92,86
119,457,44,47,50
952,99,51,50,53
709,246,58,56,58
982,184,49,47,49
564,448,144,142,153
382,285,46,45,51
1119,30,232,229,245
909,150,49,47,51
749,254,237,239,255
11,237,34,27,26
671,216,193,193,225
163,310,35,37,37
1043,52,118,111,100
976,129,45,46,51
475,490,114,102,58
535,54,47,43,45
386,6,43,32,29
741,104,44,45,47
356,428,40,42,47
581,253,238,234,255
119,448,48,47,50
1097,202,242,239,255
576,449,141,135,141
779,194,50,47,51
833,385,46,48,50
1084,35,249,247,255
966,378,45,44,49
250,472,98,91,67
563,140,46,45,46
225,421,40,44,44
472,211,84,69,107
96,56,32,31,31
65,192,37,31,36
497,450,168,170,187
52,85,190,188,209
746,123,43,45,51
250,94,40,38,42
1025,251,50,49,53
290,80,35,29,33
178,54,164,154,177
477,256,52,49,42
184,451,51,50,49
975,224,50,46,51
756,244,240,240,255
984,416,47,47,51
91,242,217,216,240
1192,220,239,237,252
1126,282,228,226,241
50,227,38,32,38
779,158,49,47,49
259,385,43,42,48
496,379,43,42,46
68,224,172,171,193
596,471,124,111,93
633,472,180,181,184
382,170,45,43,45
840,201,49,50,50
1172,343,241,235,251
855,454,47,47,51
1099,16,242,238,255
1164,370,237,232,251
248,235,60,56,61
395,180,49,44,51
780,220,242,238,255
1048,294,237,236,255
961,470,40,47,50
18,494,68,63,52
714,147,47,47,49
277,15,127,128,141
451,432,131,124,125
443,124,42,41,47
102,72,143,123,145
963,431,55,48,49
802,336,46,46,49
719,324,44,45,48
134,260,213,210,233
583,358,41,42,46
262,62,43,45,51
837,20,90,88,83
86,76,150,25,33
186,245,202,199,218
817,128,46,48,52
210,150,32,29,30
859,133,48,47,50
458,129,45,43,42
909,400,43,46,49
802,408,49,49,50
266,479,51,50,50
412,3,36,27,29
463,248,99,84,113
444,204,228,226,246
62,83,40,37,38
994,220,46,47,50
785,32,50,49,53
384,228,210,209,233
182,100,156,156,181
486,488,111,99,61
29,201,107,103,103
859,305,45,46,52
993,217,46,47,49
431,87,39,39,41
65,427,82,84,75
26,484,49,49,49
794,440,47,46,50
1147,79,233,233,247
237,415,44,45,46
79,121,154,28,36
148,25,152,135,156
717,57,45,46,51
324,74,32,25,29
1176,334,236,234,252
974,247,48,47,52
412,65,29,30,36
485,353,44,42,45
1181,376,236,236,250
394,192,209,207,230
218,395,43,43,46
994,114,46,48,52
823,157,47,48,51
1074,434,221,224,254
313,489,51,51,59
284,411,42,43,47
227,477,49,47,50
1131,121,227,228,244
1040,144,48,48,54
649,415,43,44,45
395,499,87,76,54
643,275,44,46,48
250,278,202,204,228
1144,103,232,229,246
931,50,112,109,101
1076,439,55,51,55
495,358,42,43,44
717,485,153,146,159
775,69,47,45,51
337,56,37,24,27
443,234,194,192,223
1054,263,48,47,53
491,172,19,19,24
640,267,47,43,47
565,356,45,43,44
689,145,46,45,48
181,159,42,33,37
116,189,218,219,247
415,475,133,125,127
219,320,40,44,46
744,120,42,46,49
801,122,46,47,50
930,126,45,46,51
500,277,45,47,47
816,21,55,54,56
572,214,193,195,210
48,85,191,188,209
676,36,49,48,50
122,221,196,196,216
1089,223,255,255,255
1186,392,239,236,250
1132,187,231,231,244
753,475,156,154,159
466,205,231,229,250
868,126,48,48,50
1109,127,235,233,252
975,69,85,73,64
605,443,189,200,222
716,300,43,46,48
903,299,46,47,51
162,32,168,151,175
772,294,43,46,47
905,490,171,157,85
76,341,39,35,39
1157,38,240,234,251
711,79,49,46,49
720,169,44,46,49
987,465,46,47,51
925,167,45,46,52
308,130,34,28,31
98,317,36,33,36
430,186,195,191,208
982,74,73,64,60
1189,123,236,235,252
511,42,69,57,52
593,275,45,45,47
373,175,196,195,217
669,241,51,49,53
434,2,32,27,30
43,44,151,151,168
900,121,46,49,51
427,190,218,218,240
718,60,48,46,48
709,1,184,87,133
321,124,31,29,28
635,255,44,46,50
1144,204,226,232,248
842,166,46,47,51
54,73,30,26,29
440,278,53,51,55
571,452,112,109,104
875,147,46,46,53
862,39,98,92,86
890,437,46,48,53
880,367,46,46,49
1015,18,105,81,65
1167,483,233,235,247
356,338,45,44,47
513,209,60,62,66
508,320,44,42,48
1016,122,50,49,57
1046,188,47,49,54
497,452,141,144,155
126,412,40,44,48
980,67,91,81,68
319,67,31,27,27
39,198,82,78,84
722,177,47,47,50
1166,464,235,233,247
598,30,46,46,52
789,407,161,148,169
71,405,46,46,46
1130,162,227,227,242
964,456,94,81,50
394,129,41,39,43
709,432,44,45,46
1193,423,239,234,254
718,157,46,45,51
1055,61,104,90,82
1017,354,49,46,50
489,1,53,46,44
912,217,48,49,51
977,399,47,48,48
249,134,35,25,30
947,370,45,45,49
977,223,48,48,51
493,330,44,44,48
574,416,41,43,46
666,85,46,43,49
474,302,56,56,60
492,147,48,47,48
485,72,42,41,45
87,484,47,47,51
113,44,187,183,200
751,181,48,47,50
1079,291,239,238,254
598,366,46,43,47
673,266,45,46,49
795,14,51,49,53
677,156,48,45,50
81,264,44,39,43
1038,458,46,48,49
1029,323,48,48,53
564,34,45,45,47
369,381,38,44,45
542,25,52,47,49
539,166,47,45,48
334,43,35,28,28
140,309,36,33,38
30,63,113,102,115
709,385,46,48,53
1123,260,230,225,243
683,196,238,236,255
261,83,36,36,41
880,6,95,87,79
230,253,198,196,218
1147,89,234,232,248
1039,130,49,49,52
1038,290,63,50,51
546,381,40,42,43
836,236,218,222,237
583,116,40,45,47
771,155,43,46,50
1093,47,118,115,117
333,297,44,43,43
714,237,241,237,255
876,404,46,47,51
971,122,47,46,51
542,411,44,40,43
655,84,41,45,47
15,71,109,99,108
644,383,76,74,62
417,262,224,225,246
374,258,215,211,237
1122,13,230,227,248
540,420,41,43,46
711,64,47,47,48
0,21,222,223,248
673,220,143,137,149
76,325,37,36,35
482,495,120,110,60
227,65,117,122,137
286,205,78,79,97
755,332,48,42,49
801,98,48,46,51
914,105,47,49,51
209,436,49,45,48
201,413,44,44,46
678,245,44,49,51
1196,484,237,235,251
92,132,162,28,36
67,199,67,55,57
852,340,49,46,49
346,160,38,37,40
1057,137,47,48,55
627,171,52,51,51
227,42,42,33,38
986,445,50,49,74
929,225,47,47,51
384,496,78,73,56
377,196,208,204,225
538,396,43,41,44
1088,473,236,236,255
900,154,45,46,50
164,235,47,40,61
1097,289,239,236,255
382,4,42,33,32
208,335,41,42,47
337,125,31,29,34
1008,301,45,47,50
805,416,48,49,52
430,172,45,44,49
865,354,45,46,50
53,241,33,28,31
1059,449,50,51,55
813,5,67,62,59
240,226,76,69,84
165,46,158,142,164
509,61,59,56,59
21,428,51,51,54
342,258,211,210,230
1063,249,49,51,54
890,395,47,45,46
89,385,39,43,44
346,286,43,44,47
155,461,46,47,49
1085,190,250,250,255
97,309,32,33,34
1008,374,46,45,51
0,121,150,20,28
135,90,154,141,161
1167,163,237,236,254
1128,461,229,226,241
370,374,46,43,43
941,79,48,48,51
295,225,193,189,207
1144,29,235,232,247
1036,357,48,47,51
946,65,105,101,97
250,92,41,40,44
931,7,243,239,255
559,390,45,40,46
322,251,205,203,222
471,33,84,62,48
229,56,200,192,215
99,404,41,44,44
272,380,42,43,45
278,374,43,42,48
666,443,43,43,44
125,96,186,154,169
671,175,49,51,53
903,440,129,134,174
788,85,45,46,48
5,325,42,42,43
30,97,30,28,28
403,29,39,32,31
1122,177,230,229,246
1176,260,237,236,254
215,466,48,46,48
502,300,45,44,46
704,478,124,105,77
735,59,45,48,50
204,38,163,32,56
1197,229,236,236,251
236,77,48,42,57
711,419,43,44,47
1151,449,230,229,246
1003,62,70,63,59
91,365,43,39,45
104,186,249,248,255
597,424,43,44,46
902,11,211,176,90
797,243,244,240,255
692,247,45,47,51
841,198,48,49,52
761,488,150,148,155
1033,427,48,47,52
340,186,195,190,212
1015,165,47,49,54
961,54,71,60,58
218,25,174,164,187
928,426,45,48,53
680,193,239,236,255
437,305,42,43,47
264,106,36,27,32
1163,40,239,236,252
1082,394,247,248,255
992,395,46,47,52
483,447,174,178,198
285,427,88,87,57
89,116,155,28,36
347,116,36,31,30
169,333,38,42,42
545,323,40,42,45
701,320,45,45,48
278,364,42,44,46
87,475,92,81,83
42,151,162,28,36
1082,20,58,57,62
234,394,44,43,47
107,217,209,207,232
562,244,232,231,254
480,381,42,40,44
200,308,45,42,45
1112,279,230,231,248
358,27,43,27,31
792,197,48,50,50
689,418,45,44,49
544,471,146,148,150
757,260,240,237,255
860,302,47,49,52
341,96,31,25,28
1130,170,229,227,245
72,189,35,29,31
283,42,39,42,46
223,79,101,107,121
720,161,45,45,49
544,498,116,102,75
197,363,39,42,47
392,464,71,64,61
366,70,29,23,28
309,199,191,187,209
35,154,165,29,35
748,129,49,47,51
462,356,48,44,48
825,476,161,163,172
1173,120,239,236,254
479,428,49,47,49
1140,345,229,227,246
203,230,49,42,63
822,267,50,49,52
209,92,141,135,163
112,270,61,52,74
239,418,41,45,47
723,53,46,45,51
398,25,47,33,29
1145,424,231,230,245
46,298,34,34,34
1001,265,45,46,51
1130,338,232,228,244
976,401,50,47,55
131,274,213,213,236
642,403,42,42,47
188,164,35,34,38
463,241,80,69,92
284,142,37,26,31
139,27,141,123,147
1172,166,237,237,254
644,373,42,43,47
376,267,211,212,236
869,389,47,46,49
763,401,64,57,71
1198,332,240,237,254
77,85,152,23,34
780,295,43,45,50
138,18,193,192,212
536,37,47,41,46
137,439,50,47,50
1074,400,56,57,60
669,35,49,48,52
733,321,47,45,49
688,58,43,46,49
1046,6,78,69,60
372,425,47,44,46
748,299,48,47,49
997,494,52,51,55
1134,222,229,228,244
313,148,35,28,33
259,440,47,51,51
263,243,85,84,102
399,316,46,45,46
967,29,96,74,62
535,275,44,45,48
45,83,187,182,203
66,498,49,46,50
241,329,41,45,47
1055,417,52,49,52
659,247,43,44,49
568,120,41,45,48
364,191,197,194,216
1185,344,240,238,253
297,285,42,42,46
554,176,53,52,54
881,145,46,47,50
308,494,48,46,48
479,438,179,185,205
483,148,43,43,47
56,153,165,42,57
20,354,41,43,43
293,425,53,50,49
75,162,167,30,34
485,259,208,206,225
22,434,50,49,53
956,395,47,45,50
8,133,157,27,31
989,15,120,89,64
195,389,46,43,46
508,67,36,36,42
604,127,47,45,47
130,337,40,37,42
394,194,206,207,228
780,92,48,47,50
336,282,42,43,47
1061,61,94,83,76
562,38,46,44,46
742,498,155,151,107
176,118,109,116,130
293,199,184,185,206
86,283,36,30,31
262,238,132,126,126
1106,88,237,235,254
601,123,46,44,48
1086,358,255,255,255
416,490,89,83,85
1010,451,48,47,51
271,384,45,43,45
117,82,147,130,151
1105,381,235,237,255
106,416,48,46,50
474,135,43,43,45
751,392,42,45,49
477,180,44,49,51
1033,349,44,48,50
220,229,187,185,204
1036,350,43,47,52
1107,488,229,230,248
1077,35,123,116,111
654,93,48,49,53
675,280,45,46,48
565,488,155,146,142
739,152,46,47,51
622,415,40,44,46
643,168,48,47,48
294,343,43,42,48
34,224,36,30,31
1161,405,236,234,253
1090,345,247,247,255
1142,372,233,228,242
661,110,47,47,47
376,54,29,24,27
441,278,55,49,55
196,53,194,182,204
762,240,242,239,255
1147,416,234,230,248
117,93,189,169,188
1028,131,45,48,52
1127,86,229,228,240
451,13,65,53,44
1116,60,232,229,248
121,428,49,47,52
25,91,118,94,82
363,223,205,205,224
916,212,52,47,53
1195,150,241,236,252
1096,391,245,242,255
1109,393,238,236,254
519,206,221,217,239
959,447,46,49,50
351,62,27,24,25
12,379,39,45,44
335,294,43,44,47
895,377,42,44,46
96,109,157,27,36
722,476,143,143,152
618,423,44,44,48
730,170,44,43,48
1168,82,235,234,250
842,79,49,47,52
692,88,44,45,49
608,157,41,44,48
1128,372,233,229,242
738,279,49,46,52
1188,401,233,236,253
15,221,34,32,31
659,366,45,43,49
254,157,28,27,28
919,209,51,45,53
753,191,48,48,52
820,3,84,85,76
127,493,46,47,46
525,69,45,44,47
156,307,35,32,36
401,300,43,42,46
775,30,50,50,53
863,197,47,47,50
592,465,130,119,99
148,157,114,113,127
1152,283,235,232,250
1148,292,234,229,249
75,188,38,32,35
835,395,46,46,49
864,14,100,96,91
19,214,32,30,34
639,173,59,50,57
957,101,49,48,50
682,47,43,47,50
963,375,47,47,51
549,8,90,77,56
115,252,215,213,236
838,393,46,45,50
84,432,47,48,49
286,188,190,187,206
704,47,43,47,48
482,15,80,57,47
1010,421,45,48,52
1061,465,48,51,56
555,29,43,46,49
784,37,48,51,50
473,232,172,176,194
525,277,48,46,51
629,179,235,233,255
825,251,241,238,255
111,165,122,130,141
866,76,48,48,51
281,360,43,42,46
323,343,45,44,49
1095,481,235,233,250
275,418,41,43,48
1085,257,246,245,255
281,84,35,28,35
238,322,41,43,45
674,305,43,47,47
279,143,31,29,31
612,386,40,41,45
1021,368,48,48,49
333,408,41,42,46
455,78,40,41,44
506,481,113,103,72
98,119,184,139,147
990,114,46,48,52
440,443,24,25,23
1008,285,49,48,51
789,372,44,45,50
777,256,238,239,255
1020,483,47,49,55
447,37,46,42,41
634,401,44,44,50
234,18,178,167,192
109,425,103,87,104
1057,479,51,50,54
521,189,220,219,242
337,121,26,32,32
945,107,47,48,52
623,488,103,100,85
196,304,39,39,43
1189,156,237,235,251
509,443,160,160,175
1112,158,235,234,252
114,48,157,139,161
1145,393,233,229,244
0,374,46,44,49
276,265,194,196,221
160,125,126,127,147
143,376,47,42,45
82,414,46,46,48
578,406,41,43,43
165,251,208,204,226
103,6,111,105,114
1128,388,229,229,246
317,4,60,54,55
421,491,181,183,192
1183,205,239,237,254
1121,496,226,226,241
284,485,75,71,58
58,462,48,45,51
520,229,153,148,143
581,204,81,62,110
113,234,92,87,94
873,313,49,47,49
191,321,43,40,41
1161,302,238,235,250
419,402,48,45,49
801,492,160,162,177
255,72,45,45,51
1075,359,240,241,254
104,91,155,25,37
725,18,59,51,52
752,266,54,53,58
668,415,42,43,48
447,64,40,39,43
528,224,227,227,249
380,344,46,42,48
808,353,47,46,50
412,272,224,227,249
353,123,31,32,33
439,167,44,42,44
72,201,156,161,177
1191,407,235,231,249
885,311,48,47,50
1040,335,46,47,52
923,434,176,170,168
915,431,51,49,65
90,465,67,57,52
54,139,155,27,34
993,455,64,47,109
509,203,215,214,233
265,384,43,43,47
433,485,33,30,31
144,208,50,46,49
979,485,49,47,52
132,414,45,44,48
298,444,58,56,52
988,237,46,48,52
1187,436,238,233,250
36,332,37,39,39
250,119,33,27,30
954,414,45,46,49
324,492,74,71,71
754,494,166,161,164
664,449,55,50,47
711,227,221,231,254
168,491,46,46,48
947,202,49,47,50
225,175,192,185,205
438,204,57,54,59
428,402,41,42,48
280,441,67,65,53
6,152,168,29,34
724,294,47,50,53
116,46,157,141,163
712,173,47,45,53
1022,109,48,50,52
912,345,43,46,50
300,365,41,42,46
593,52,46,45,49
825,461,44,50,50
326,373,44,43,46
1090,1,253,253,255
655,30,50,48,52
77,488,61,53,58
699,171,45,47,50
527,398,41,41,46
724,26,55,51,53
47,242,34,29,29
874,338,45,47,49
1058,41,109,104,107
847,473,52,49,52
925,100,46,49,52
114,497,46,49,51
30,142,159,27,36
577,492,176,170,172
292,160,36,34,35
79,219,179,189,210
997,467,49,48,54
1170,143,238,235,253
71,105,151,26,30
645,153,44,47,48
191,81,194,187,207
65,382,47,43,48
61,73,29,27,29
250,348,43,44,44
81,499,52,48,53
959,397,46,47,48
504,175,50,49,55
914,23,208,159,96
200,336,39,42,44
399,339,41,43,46
464,202,231,227,250
167,266,208,206,228
1044,412,52,50,52
1107,87,234,232,249
356,443,77,71,52
1036,397,48,47,50
1032,140,46,49,53
175,230,188,185,208
706,252,52,47,51
191,186,187,183,202
684,25,51,47,52
978,2,115,81,64
378,43,31,25,26
735,125,46,47,51
655,325,46,46,50
995,90,48,48,54
1189,265,241,236,254
998,138,48,48,51
719,378,44,44,46
113,35,196,192,213
765,479,158,153,167
145,413,44,43,47
444,311,46,45,47
690,393,57,48,57
437,50,31,36,40
581,278,42,46,46
48,303,36,33,32
856,123,46,47,52
1007,372,46,47,47
316,235,95,90,99
979,376,46,46,47
1040,22,110,86,67
87,122,167,81,86
251,126,34,26,27
849,415,51,51,53
1182,382,235,236,253
653,290,44,45,50
859,93,48,47,50
171,223,197,192,212
913,472,52,48,52
3,29,225,225,248
988,211,46,48,52
490,249,208,207,226
502,400,34,43,42
435,221,225,226,247
826,97,47,46,50
345,291,42,43,47
382,99,32,33,34
246,261,199,197,219
164,185,196,193,213
734,133,42,47,49
212,54,163,158,171
665,484,103,81,56
118,114,160,27,37
440,301,45,43,48
612,299,43,43,47
807,104,48,45,52
707,365,44,44,48
532,26,76,60,50
794,206,58,51,60
933,319,46,45,49
282,329,39,44,47
408,152,39,44,47
1042,14,98,82,64
170,378,40,41,47
899,391,47,47,50
1120,252,229,227,242
830,360,46,45,52
1139,355,233,228,245
859,124,47,48,51
518,270,50,48,52
1178,79,240,236,252
1013,492,49,51,54
876,436,40,47,48
594,16,50,50,52
1159,457,234,231,248
393,101,41,33,37
702,130,46,46,50
1060,182,51,51,55
1163,386,235,235,249
486,183,70,71,74
1095,157,250,246,255
882,374,46,46,50
523,66,43,43,45
386,118,35,34,40
602,129,46,46,49
674,95,46,44,48
790,425,48,46,48
274,358,42,45,46
610,156,41,44,48
308,250,201,200,223
765,394,46,45,47
262,354,45,44,45
963,422,45,45,51
782,307,42,46,47
527,84,47,46,47
164,269,210,208,230
218,36,176,116,128
132,281,210,214,233
1124,192,229,230,247
49,344,40,39,44
743,90,45,45,48
553,138,42,43,48
931,460,52,49,50
807,347,45,46,48
171,128,113,118,132
849,141,45,46,50
23,118,148,19,33
469,318,46,49,49
1136,51,228,228,245
332,26,36,32,35
540,51,40,44,45
952,77,59,59,59
952,418,48,46,52
259,417,45,43,46
492,180,63,53,58
293,34,52,53,59
72,163,168,34,45
866,194,48,46,50
623,166,48,46,51
614,328,43,43,49
825,67,49,47,51
59,469,46,47,51
382,426,40,42,45
850,298,47,46,50
1117,462,226,226,245
223,411,40,45,46
968,223,45,46,50
196,25,161,35,52
1170,272,239,234,252
1019,51,94,76,64
532,47,42,43,45
92,449,52,47,51
1147,390,233,230,248
893,103,47,47,53
496,307,44,45,46
914,406,43,46,47
1001,422,49,47,53
455,208,90,92,90
144,293,35,36,38
968,141,50,49,53
390,403,44,42,47
144,406,42,45,50
377,349,44,43,45
861,270,54,52,55
153,225,198,198,219
481,337,44,43,47
113,183,157,160,181
260,183,189,183,205
513,213,220,222,244
977,87,49,48,52
180,285,48,44,45
838,162,46,47,49
787,341,45,46,49
839,321,45,47,52
535,482,153,155,164
839,293,47,46,50
1199,2,240,237,252
726,189,239,236,255
1038,497,46,49,55
1179,361,239,233,250
180,342,41,42,42
588,201,68,59,64
337,144,31,33,34
879,54,100,97,90
742,195,240,237,255
201,211,188,186,205
713,378,42,44,47
234,2,174,162,186
943,160,46,46,52
331,266,206,206,229
1192,488,234,235,247
461,204,230,226,250
520,339,42,41,43
874,282,45,47,50
1163,480,233,232,248
277,82,39,30,32
816,442,47,47,50
99,99,156,25,35
982,155,48,46,51
91,394,44,41,48
386,234,213,212,236
900,246,240,238,255
1183,185,238,237,254
606,163,41,45,45
624,142,45,46,48
526,338,40,40,46
646,190,238,233,255
878,445,47,46,49
476,282,49,44,48
796,498,154,152,172
567,310,37,44,43
75,421,60,56,54
394,464,86,77,80
1187,147,239,238,254
900,9,192,147,89
841,145,48,47,48
295,63,38,32,36
308,230,193,192,214
1099,450,234,234,252
139,53,140,127,147
846,329,47,46,49
576,10,95,80,59
839,66,43,50,50
433,491,37,30,24
534,434,130,125,122
280,121,34,25,32
974,20,99,77,60
15,491,55,53,51
709,444,45,45,48
1101,474,236,231,249
1167,427,235,233,250
640,10,52,48,49
734,118,45,46,49
288,41,47,47,51
410,31,30,30,30
1185,97,239,238,254
533,361,42,42,45
94,247,216,216,240
739,262,212,211,239
613,299,43,43,46
871,268,125,129,155
1060,39,110,100,106
334,430,65,62,52
706,203,242,236,255
168,443,47,48,49
445,292,47,47,53
289,209,101,98,125
458,352,23,24,23
593,188,234,230,255
676,149,45,44,51
365,437,65,59,51
1091,323,241,239,255
249,23,206,196,217
852,115,49,47,50
375,334,40,44,46
183,317,40,40,43
555,27,48,48,50
285,390,42,43,46
1037,278,200,191,149
1111,386,234,235,249
163,368,37,41,44
891,94,48,47,50
463,469,182,185,202
951,409,44,47,49
24,328,39,37,42
848,440,45,45,51
637,37,46,45,50
874,4,80,83,76
1127,32,231,226,243
1174,101,236,234,253
362,96,33,29,27
1165,198,235,236,253
991,69,89,75,68
580,236,234,232,255
351,133,36,33,34
314,342,43,42,46
149,478,49,48,48
936,386,46,45,50
1197,274,239,236,254
1082,475,62,55,71
189,359,43,45,47
446,220,224,226,245
969,458,123,119,116
584,370,42,42,44
659,354,46,44,48
786,337,45,48,49
366,273,45,48,52
545,337,43,43,46
1039,335,45,46,49
702,197,240,236,255
99,490,47,46,49
198,57,174,170,182
220,168,48,33,41
403,479,58,54,53
201,277,211,207,229
70,72,32,28,30
449,214,64,64,65
252,479,60,53,46
881,480,54,53,52
33,324,37,36,42
1069,408,51,50,54
822,52,53,53,55
228,399,46,42,46
200,175,187,182,201
859,52,102,86,65
47,325,35,36,40
528,67,44,44,46
575,116,41,44,46
616,372,42,42,46
433,106,40,41,42
168,430,103,98,86
839,72,48,48,51
638,309,42,45,46
828,23,82,77,71
34,125,151,22,31
1153,104,235,233,251
318,125,33,26,30
585,450,135,127,127
504,344,45,42,45
55,196,68,64,71
644,132,49,46,45
46,48,120,106,124
843,293,44,50,52
111,348,39,34,42
581,193,229,231,252
124,498,46,47,49
782,247,243,241,255
479,464,178,180,200
399,358,47,42,44
674,223,70,61,73
134,302,34,35,37
129,207,203,201,224
986,489,47,51,52
295,35,52,54,60
567,51,45,44,48
1139,114,230,228,245
218,421,44,44,47
1018,69,104,88,75
540,152,43,46,47
1108,141,238,236,251
332,207,61,55,61
520,173,47,48,50
962,414,45,48,49
306,411,44,41,47
966,2,103,82,64
998,267,47,47,51
136,303,34,36,37
135,229,200,196,219
367,385,45,43,46
216,259,202,199,221
351,433,87,84,60
698,104,46,45,49
449,406,43,44,43
120,138,34,27,27
683,440,43,44,46
255,494,83,71,52
36,182,142,50,55
80,255,216,215,238
796,203,52,48,52
269,459,85,80,55
852,362,48,47,48
709,278,42,46,47
1178,107,238,234,253
1059,407,49,52,56
560,131,48,44,48
59,439,51,49,51
642,118,45,47,47
1174,98,237,236,252
129,214,198,196,219
38,425,59,55,54
1100,156,245,243,255
1084,360,246,248,255
424,135,40,43,43
385,275,48,47,50
1048,344,47,46,51
1061,225,52,51,54
93,391,42,45,48
963,49,87,66,59
953,140,49,47,55
48,200,56,54,60
206,255,204,199,221
834,168,44,45,51
143,357,45,39,46
1167,125,241,235,253
831,217,238,238,255
1114,328,231,229,246
1045,132,47,50,50
334,208,146,140,146
13,311,37,39,38
226,256,197,197,218
1151,60,235,233,249
779,167,46,47,51
417,287,44,45,48
816,458,46,47,48
426,414,41,44,45
741,111,46,45,49
288,136,31,30,31
525,347,42,42,46
480,441,170,175,190
115,407,43,45,45
693,384,46,44,47
949,393,48,44,51
473,85,42,42,44
1109,329,237,232,251
720,144,49,47,49
221,190,187,183,203
847,184,49,47,53
997,40,115,89,65
827,155,49,46,51
1012,494,48,50,52
417,499,201,202,220
856,478,123,115,73
57,303,35,33,36
499,80,42,44,47
938,303,47,46,49
598,164,45,46,47
497,426,45,41,46
804,295,47,48,51
1028,373,48,47,53
935,235,44,48,54
965,412,46,45,47
986,429,45,47,49
902,489,173,156,86
61,196,79,71,71
115,349,37,37,40
871,487,162,149,85
16,140,162,25,36
575,428,48,43,45
375,413,47,43,46
1042,286,69,59,73
971,55,74,63,56
198,28,161,34,47
2,47,79,64,72
696,338,46,44,49
203,47,166,36,48
931,144,47,48,52
24,198,103,98,103
755,46,50,49,50
612,324,41,41,48
585,384,41,43,44
1007,103,50,49,53
912,132,47,47,49
1047,143,49,49,51
804,324,46,47,51
42,2,228,225,249
881,251,236,237,255
1063,444,50,49,56
389,247,122,120,119
288,2,204,204,222
799,21,52,50,52
216,43,202,186,210
1180,492,237,232,251
666,121,45,45,49
638,459,187,192,209
168,150,38,39,44
174,53,165,151,170
235,449,49,48,50
546,436,157,160,168
364,406,44,43,45
1111,473,232,230,243
153,145,185,191,211
406,357,45,44,44
93,261,190,189,221
129,148,140,144,159
215,364,42,43,46
224,15,172,160,178
1006,117,43,49,52
160,100,203,189,212
298,322,46,43,48
666,272,45,44,47
1191,110,236,235,251
748,145,47,47,49
613,394,40,42,48
1122,123,230,227,246
692,254,45,46,52
57,247,35,27,33
632,463,106,103,107
860,24,96,93,86
111,473,49,47,50
823,206,46,50,54
39,391,42,44,48
849,250,225,231,255
1070,375,53,62,62
308,387,43,43,46
964,343,46,46,48
1029,103,49,50,53
847,414,48,47,51
779,7,50,48,53
415,143,38,42,43
402,333,45,40,47
589,335,45,43,46
146,371,40,40,45
588,408,46,43,48
402,344,43,42,47
219,447,49,46,50
291,365,45,44,46
944,39,101,75,59
30,304,37,35,36
485,283,51,51,52
134,228,196,196,218
71,381,47,44,47
338,177,188,187,208
259,364,42,41,46
226,224,188,185,203
107,309,37,35,38
51,316,34,32,35
208,240,46,43,49
965,29,92,72,59
969,406,48,47,51
871,365,46,45,50
1092,50,64,65,69
799,104,44,48,49
317,280,39,43,48
154,167,48,47,54
411,117,38,40,45
255,4,182,171,192
433,412,43,46,51
805,181,43,46,50
171,18,167,147,168
544,226,228,226,250
279,388,46,44,48
587,342,42,43,45
1066,433,52,51,57
1143,146,233,232,248
696,240,236,238,255
155,236,199,195,214
469,125,41,45,44
438,275,197,194,233
331,66,27,26,26
345,72,31,25,28
390,436,201,202,224
671,117,46,46,50
465,491,113,109,69
171,312,40,41,42
1106,70,233,232,250
988,119,48,47,55
467,307,23,22,23
469,207,234,231,254
289,32,51,49,55
1102,445,235,232,248
144,348,41,39,41
75,219,214,224,236
480,364,46,42,44
357,344,44,43,48
462,367,57,58,62
313,498,45,46,49
802,161,49,45,51
228,50,209,199,219
642,473,115,115,120
179,88,38,30,32
832,35,75,72,65
1069,325,55,50,54
208,464,49,44,46
1070,78,91,82,87
277,71,38,38,42
779,280,70,59,81
845,350,44,44,49
481,116,40,43,44
438,378,42,46,50
266,369,43,42,47
20,477,47,46,49
1007,471,46,47,51
328,289,38,44,48
565,262,229,231,253
824,94,44,46,50
715,32,212,152,85
1031,368,41,46,52
867,309,50,47,51
402,75,31,32,31
188,441,46,49,51
1149,26,232,232,248
1009,458,49,46,50
633,365,44,42,46
973,172,46,47,51
394,391,43,44,47
486,119,44,41,46
1138,3,233,230,245
138,377,41,42,43
198,204,182,182,199
588,143,46,46,45
827,378,47,47,51
702,119,43,46,47
870,29,104,101,97
169,120,122,127,143
340,152,34,36,38
380,223,210,208,228
942,429,44,46,51
343,295,45,43,47
630,285,47,45,47
938,28,85,64,60
27,55,102,92,107
1154,114,235,234,249
246,466,66,63,52
162,362,45,44,45
753,201,155,144,161
531,135,44,44,48
1158,332,232,232,248
409,223,218,218,241
172,135,112,108,123
397,282,46,47,48
127,204,200,202,227
248,497,50,47,49
1080,212,242,243,255
377,221,207,207,228
378,210,56,55,60
326,21,37,38,42
548,306,44,44,46
407,177,49,44,48
644,476,148,144,145
199,395,41,42,45
752,206,242,240,255
671,291,42,46,49
981,32,104,78,63
598,137,48,43,47
698,322,47,46,46
1093,147,232,224,192
900,64,107,103,99
560,253,233,233,255
457,450,175,181,207
895,281,49,49,53
723,273,47,48,52
342,403,40,43,46
546,337,41,41,44
718,264,51,49,51
131,241,202,203,223
178,346,44,41,42
715,355,44,44,45
481,207,86,82,94
693,113,42,47,48
1051,421,48,48,53
82,70,186,183,204
882,379,48,47,51
215,78,120,127,142
40,162,168,31,39
820,196,48,47,52
32,480,50,49,52
662,373,41,44,46
875,378,48,47,50
128,468,47,48,48
1187,82,238,237,251
713,206,238,237,255
657,487,98,73,56
647,215,237,235,255
1191,188,237,234,253
842,36,80,77,69
349,369,41,44,46
161,188,199,192,215
1073,355,238,239,223
165,88,68,53,73
944,318,42,46,48
89,477,87,77,79
902,395,48,44,48
131,476,46,47,49
605,194,235,232,255
1186,149,236,237,250
14,337,43,43,46
1109,238,235,232,249
388,153,41,41,45
837,202,48,46,48
907,232,241,238,255
1040,291,215,213,202
215,218,188,185,204
972,285,46,48,51
612,268,41,48,50
143,126,199,191,212
1000,273,48,46,52
415,455,120,106,110
1072,188,56,55,58
1094,144,243,243,247
44,72,110,101,109
135,50,138,122,142
475,205,229,226,252
1110,339,234,234,251
1070,23,69,65,62
704,214,234,236,255
1060,311,49,52,54
93,357,38,37,42
988,178,46,48,51
105,369,39,40,45
213,433,49,47,52
479,42,44,42,44
1062,354,51,50,54
1002,61,83,69,59
753,306,46,46,48
744,189,218,228,247
349,40,42,28,32
838,442,43,47,48
951,407,48,47,52
36,64,111,100,112
963,184,48,46,51
189,30,187,170,194
173,165,38,37,42
462,314,29,30,37
776,349,44,48,49
999,202,45,48,51
298,193,187,185,204
634,69,43,45,49
1110,386,233,231,246
792,88,45,48,49
507,466,131,125,130
1161,269,233,233,249
83,480,100,94,100
395,382,44,42,44
170,270,209,207,228
658,72,44,45,48
171,349,40,43,43
556,248,229,231,254
537,450,149,145,152
993,441,113,115,115
641,175,220,219,238
249,231,52,38,55
1094,86,210,203,172
502,120,19,15,21
435,396,44,45,44
997,437,45,45,51
664,180,234,234,254
692,287,47,45,47
602,472,152,145,134
727,289,44,46,48
26,303,38,34,38
828,199,47,48,52
113,419,50,50,51
1078,263,56,53,57
742,52,42,46,46
976,83,51,48,50
370,399,41,46,45
462,350,37,39,44
549,389,44,41,47
247,385,41,44,47
1051,12,71,67,61
427,151,43,43,48
1158,313,235,233,250
161,102,199,187,209
709,108,45,46,49
591,446,109,103,109
319,493,46,45,51
907,470,48,48,51
412,432,40,43,48
467,251,127,117,133
875,370,45,46,52
3,390,48,47,50
1193,333,241,235,252
1130,277,228,228,242
682,226,113,108,100
263,298,47,43,45
1025,172,47,49,54
730,427,42,45,49
997,487,49,49,53
691,206,239,238,255
617,87,41,45,45
505,356,43,44,45
414,358,46,42,47
705,210,242,236,255
857,92,50,48,51
818,1,86,83,76
858,296,44,45,51
617,355,44,42,46
985,381,47,48,49
329,186,192,189,211
849,0,96,93,91
423,71,37,35,39
615,92,45,44,49
134,80,159,145,167
378,418,45,42,48
386,451,192,200,221
