x,y,R,G,B
782,88,44,47,51
315,421,43,44,45
1162,354,235,232,247
723,362,44,46,50
99,386,44,43,47
1150,494,231,230,244
549,244,230,230,253
1195,124,238,237,255
627,294,43,44,49
215,240,194,193,211
579,276,46,47,49
862,206,47,49,49
1168,463,234,233,247
805,109,44,48,51
505,113,38,38,42
615,405,45,43,46
867,362,44,48,47
32,184,106,98,101
181,426,49,50,52
543,127,41,44,50
1069,428,58,58,54
985,416,47,48,50
903,140,45,47,52
1083,195,63,60,72
457,31,70,53,44
115,150,200,190,208
154,444,48,49,50
27,330,39,38,40
381,458,139,135,139
570,300,44,45,48
160,415,42,44,46
953,192,46,46,51
489,93,45,42,48
150,167,49,49,55
849,220,237,239,255
730,206,239,236,255
858,404,47,46,49
596,267,46,45,51
1117,99,233,228,246
170,433,133,134,128
782,65,49,48,52
95,486,50,45,51
1185,313,240,239,252
1173,189,238,234,250
1027,187,44,50,54
36,57,129,121,129
457,270,239,235,255
748,355,45,43,48
549,61,47,43,46
837,161,45,46,50
313,378,45,44,46
312,295,44,43,46
687,199,240,237,255
167,421,49,49,51
621,24,51,49,51
713,363,41,46,46
729,283,46,45,46
875,220,211,210,229
251,300,43,42,49
170,440,53,52,53
738,470,145,140,155
1153,234,234,233,249
441,107,45,43,44
996,69,78,67,62
47,482,51,46,50
101,224,203,204,226
490,464,170,171,186
233,325,43,42,45
73,144,160,25,36
1178,78,240,237,253
151,365,41,41,44
910,78,51,49,53
101,392,41,42,44
830,287,45,49,51
46,428,50,50,53
223,235,187,189,204
441,421,27,24,25
598,258,43,48,52
305,300,39,45,44
562,497,151,146,135
109,31,190,186,210
233,83,40,43,50
17,427,54,57,56
1082,4,245,246,255
500,56,43,40,47
373,247,214,213,236
760,486,153,144,149
603,374,43,43,45
46,405,44,47,50
279,138,32,24,30
1069,442,52,49,55
146,45,130,116,134
766,492,156,154,171
518,303,42,45,48
255,329,47,44,44
570,156,43,44,47
151,293,37,37,40
754,410,48,46,53
132,75,159,143,165
1080,29,245,244,249
689,474,117,93,60
1130,130,228,226,243
892,378,45,47,50
256,165,188,184,205
23,383,44,44,48
449,459,153,143,151
993,233,46,49,49
1153,341,231,232,248
0,180,73,84,71
1189,117,238,236,250
826,291,46,49,49
765,107,48,46,49
1070,65,84,72,62
1155,266,235,233,248
535,445,148,147,155
285,397,41,43,44
83,363,44,41,43
529,97,44,43,48
1052,185,49,49,52
524,7,50,43,36
287,20,176,180,202
1169,480,233,231,250
825,9,89,83,78
385,130,37,37,39
518,94,42,44,48
1032,196,46,47,52
925,20,96,69,61
1011,88,47,50,52
970,364,50,48,51
946,299,43,44,50
853,338,47,48,50
722,129,46,46,51
1182,332,238,236,252
1004,227,47,49,51
245,320,44,43,48
491,54,42,42,45
560,6,91,79,57
386,218,209,209,229
740,176,46,48,50
944,6,136,97,85
416,398,42,43,44
895,123,46,48,51
1034,76,95,83,70
8,288,38,32,38
580,176,50,48,51
558,135,43,45,44
15,34,226,228,247
675,67,43,45,49
938,209,42,46,49
1193,188,239,237,255
1144,206,233,232,248
1194,76,240,235,253
291,417,46,44,48
86,152,161,32,40
65,194,40,26,32
903,79,49,52,55
292,155,31,31,32
845,123,45,48,49
1096,257,240,236,255
143,226,198,193,215
119,175,161,168,193
507,387,45,42,44
271,390,42,43,48
783,318,45,46,48
330,446,63,64,51
1151,354,236,233,249
774,212,240,239,255
938,149,48,47,51
99,481,49,47,51
626,117,45,46,48
753,323,48,46,48
921,480,48,51,52
670,477,100,77,57
815,393,44,44,49
539,151,40,45,49
791,490,163,160,178
659,168,50,47,52
317,350,46,44,46
122,295,34,34,37
1133,418,232,229,243
1090,82,63,66,72
30,155,167,29,38
278,109,32,27,25
204,197,186,181,201
321,329,43,42,51
863,243,238,239,255
1097,407,239,237,254
255,223,186,185,204
1014,408,47,48,54
970,254,46,46,50
904,211,47,46,51
50,479,47,46,48
1172,152,241,236,249
947,339,46,47,49
713,237,243,238,255
327,442,61,59,52
449,17,65,52,39
539,54,44,43,45
1118,224,232,229,246
498,154,30,33,35
715,435,44,44,46
856,206,50,50,53
142,379,45,43,46
737,375,44,44,50
963,281,45,46,50
446,255,230,230,244
73,393,44,45,47
1102,22,237,237,255
346,186,197,192,212
728,452,48,43,48
30,172,173,36,43
34,7,229,226,251
2,195,25,25,26
801,235,239,236,255
488,165,53,54,58
575,386,39,44,47
1190,398,237,237,252
224,328,39,43,45
158,281,214,211,230
332,369,40,42,45
897,382,45,46,48
232,264,202,199,217
377,86,32,27,30
247,478,86,80,58
79,391,41,43,45
418,85,36,37,38
416,18,34,28,28
542,450,134,128,141
810,286,49,47,50
446,228,229,230,252
24,50,64,61,65
749,1,45,50,51
48,472,45,47,49
68,94,152,23,29
859,171,47,45,50
1140,322,231,230,242
933,111,47,46,52
635,311,42,42,47
585,406,41,40,44
375,422,41,44,47
283,267,57,45,62
868,78,46,48,52
159,341,41,39,42
278,268,47,48,51
449,118,42,41,46
549,103,41,44,45
567,468,156,151,157
596,397,43,42,46
676,472,107,77,54
108,79,147,133,155
1059,278,59,53,62
915,479,52,50,54
727,425,42,45,49
93,415,42,45,50
1013,277,49,46,51
419,364,46,42,45
563,108,38,43,46
707,461,121,106,80
960,480,48,46,52
904,430,170,169,166
1149,330,235,232,249
586,44,43,45,47
1133,460,229,228,242
763,336,46,47,48
838,307,47,47,52
30,372,44,42,45
80,254,215,212,238
103,396,46,44,47
491,234,75,69,90
777,26,52,49,54
528,236,69,65,73
391,269,214,216,240
277,467,86,76,55
444,450,140,113,119
1005,495,51,48,53
99,134,159,31,37
352,27,41,31,31
791,466,53,51,53
720,254,238,236,255
442,316,41,45,45
849,260,241,241,255
955,479,49,49,49
135,480,49,49,50
151,215,194,192,215
194,226,191,188,207
1013,234,44,47,52
642,348,45,42,48
1100,397,240,237,255
1176,291,239,237,254
1035,158,50,50,54
990,494,49,47,55
671,180,237,235,255
577,134,44,43,47
121,67,158,143,165
738,495,117,110,82
999,480,47,48,52
301,394,46,43,47
585,51,45,44,47
1062,380,53,49,53
729,43,51,49,53
242,350,41,44,45
25,367,44,46,46
830,356,44,46,50
844,304,46,47,51
545,280,47,45,49
402,443,196,201,216
386,164,42,42,42
725,362,45,43,48
950,358,48,47,51
179,275,211,211,233
172,198,90,76,95
48,358,40,43,46
1149,69,232,231,246
688,192,238,237,255
221,1,166,150,174
897,408,45,46,51
1088,135,67,66,64
979,373,45,45,50
497,478,106,99,66
995,407,50,48,51
46,132,151,23,29
174,0,172,152,170
1155,175,238,234,251
667,280,42,46,49
326,166,40,37,40
1052,255,51,49,52
686,491,117,85,61
952,107,47,48,52
598,71,46,44,48
705,32,59,53,55
300,266,188,188,216
1117,495,229,227,245
838,319,46,48,51
205,68,39,32,36
1069,151,51,51,57
162,67,135,121,140
718,205,237,234,255
212,98,102,100,121
1007,276,47,47,52
1014,358,49,47,51
931,81,48,47,50
498,466,167,163,170
504,31,90,64,51
283,216,190,187,207
51,339,37,34,40
123,331,37,35,38
743,58,46,46,49
152,421,51,48,51
358,81,32,25,28
1043,402,48,48,50
724,69,45,48,51
11,33,230,224,246
365,162,39,39,43
115,106,160,28,36
93,360,42,40,40
607,435,45,44,47
868,58,100,83,64
149,93,146,135,153
200,391,43,43,47
822,81,48,46,51
1170,388,232,235,250
1078,230,54,53,58
545,213,227,229,251
293,70,36,28,33
201,448,48,50,51
403,216,206,209,229
44,450,49,49,52
90,262,66,61,89
346,79,32,27,26
584,49,43,43,46
339,90,34,27,29
266,356,43,44,47
384,175,45,44,51
394,315,41,43,47
1082,61,251,249,255
469,393,44,44,47
207,360,46,43,48
1119,118,231,230,245
1036,226,46,47,52
341,152,33,34,39
52,331,36,37,40
298,420,42,45,46
368,168,44,42,44
648,247,46,48,49
664,362,47,44,49
196,131,33,38,38
151,42,147,131,152
519,318,40,42,45
538,499,152,141,115
119,296,36,33,32
115,397,43,45,46
379,408,46,45,46
204,65,35,28,31
915,340,46,46,51
602,299,47,47,46
52,439,53,47,50
1116,40,233,230,248
741,34,50,50,53
571,476,117,109,93
789,215,240,239,255
625,53,43,45,49
479,176,49,45,50
623,478,176,177,189
1165,48,240,237,253
697,406,43,43,48
411,70,35,34,35
1175,32,237,238,252
721,430,45,44,49
111,438,65,65,64
1193,303,238,236,252
1145,414,234,231,243
457,360,25,24,26
19,1,228,225,250
620,298,47,43,50
633,397,43,43,48
1178,285,239,236,255
314,14,50,50,53
788,459,48,48,49
867,397,47,45,49
293,206,125,110,135
978,370,46,46,49
690,35,48,49,52
1076,359,242,243,255
1026,65,107,93,81
1041,148,49,48,54
328,492,134,137,151
667,218,236,233,255
125,185,218,219,245
403,299,41,44,46
649,111,43,47,47
1175,178,242,237,250
1037,115,48,48,50
1121,347,230,229,246
372,199,198,199,219
102,300,37,35,38
831,479,171,166,172
523,277,43,45,47
23,255,33,25,31
323,497,73,72,72
481,151,42,44,50
522,190,222,222,246
552,357,41,41,46
294,40,52,52,56
478,5,58,48,41
975,117,47,45,50
115,470,47,47,49
682,376,43,44,47
342,156,34,36,39
861,132,51,48,50
117,482,48,47,51
588,303,43,43,46
1129,194,229,227,243
158,269,211,207,228
299,366,42,43,48
31,430,50,50,54
813,205,46,49,50
876,494,164,154,105
997,496,48,48,54
227,211,183,184,198
1008,42,104,81,61
426,147,41,41,46
468,100,40,43,45
394,29,55,43,32
470,1,59,51,41
531,130,40,43,46
875,126,47,48,51
679,195,237,236,255
871,360,45,43,49
522,399,43,41,44
960,403,41,45,49
192,493,45,46,46
320,54,33,25,30
1150,350,231,232,246
1067,67,93,81,68
50,36,67,61,74
871,218,64,58,65
603,192,232,231,255
225,379,44,44,47
1187,228,239,237,253
1056,196,51,49,54
198,303,43,40,43
1096,340,243,240,255
673,310,48,44,51
768,406,69,60,81
162,74,151,138,158
240,101,45,35,42
1077,91,154,150,114
467,128,42,42,47
18,339,43,40,42
1052,491,53,49,53
466,158,43,43,47
351,458,71,66,52
1187,295,239,236,254
258,302,43,43,46
554,377,41,43,44
20,88,123,110,113
877,12,90,84,81
110,110,161,49,64
929,71,78,77,69
691,313,45,44,49
1196,401,242,238,252
938,261,46,48,50
867,15,101,97,92
1145,197,234,231,246
104,69,137,120,142
451,281,46,47,51
167,460,50,50,50
571,148,48,42,48
293,327,43,44,48
1133,358,231,228,245
982,158,44,46,52
13,130,158,25,33
513,32,70,55,49
999,32,119,90,70
217,340,42,41,45
1129,417,230,228,245
369,278,46,45,49
249,495,51,51,47
982,34,103,78,61
1038,207,47,49,51
721,117,48,46,51
478,437,179,185,205
726,209,239,236,255
511,36,79,60,51
581,78,47,45,46
966,79,58,51,57
845,171,47,47,51
984,499,47,51,54
72,131,156,28,40
318,2,50,50,45
115,61,156,137,162
1132,204,231,229,247
1069,346,52,53,57
1100,284,237,237,255
371,387,43,44,44
7,69,105,96,109
736,195,239,236,255
419,120,43,41,45
1111,372,235,232,253
870,25,104,101,98
329,297,43,42,44
665,359,44,45,48
458,257,215,216,228
961,483,44,47,47
1154,434,234,231,244
1087,330,162,156,102
215,344,44,44,46
467,347,55,55,57
402,416,45,45,48
378,493,81,72,53
627,105,43,46,47
693,257,44,45,50
934,462,46,48,50
958,250,48,46,49
329,429,62,62,53
503,187,212,211,232
151,363,39,42,46
357,451,55,51,52
1169,231,234,235,252
303,492,47,45,48
861,282,45,46,52
838,91,46,48,51
480,436,180,187,207
1099,496,231,230,252
852,284,44,45,49
1146,423,231,230,244
323,229,194,194,215
353,339,40,43,45
952,447,47,48,52
272,294,46,42,48
142,466,48,51,51
149,102,71,52,69
94,309,37,32,37
1094,363,242,241,255
335,117,32,32,32
351,187,194,193,214
176,298,36,38,40
65,407,45,45,47
753,94,44,47,47
1130,146,231,228,244
993,167,49,49,53
444,251,92,89,87
889,472,47,51,51
29,53,104,96,107
292,134,28,28,35
178,182,191,188,206
1191,395,239,236,252
85,239,220,216,242
498,387,43,43,44
143,201,61,58,60
854,58,70,59,58
740,490,108,102,79
1015,228,45,47,53
491,119,44,42,46
1104,129,239,237,255
1001,489,45,48,52
702,242,172,176,208
882,51,105,103,102
707,247,51,49,54
923,359,44,46,48
418,169,46,44,48
941,154,46,48,51
177,218,191,189,208
591,306,45,44,47
585,138,42,44,48
33,18,223,222,247
663,225,239,241,255
926,37,194,168,102
884,345,41,45,51
484,209,32,27,30
789,399,48,47,50
728,52,41,45,48
259,137,28,26,29
509,267,107,113,136
186,342,42,43,43
1127,46,229,227,243
733,222,233,237,255
1066,467,48,52,54
1139,261,229,228,243
856,63,48,49,52
627,130,47,45,51
1141,80,229,228,243
633,43,44,44,49
1183,130,242,238,252
1015,407,47,47,52
644,157,46,47,48
1167,325,233,232,251
247,460,77,71,51
1012,498,52,49,51
315,61,37,28,33
87,376,43,41,46
467,394,45,43,46
532,183,225,224,245
149,251,206,205,225
846,341,46,45,49
741,438,47,45,48
977,17,106,78,62
452,306,48,46,45
438,196,220,220,243
343,469,96,93,95
208,318,41,42,44
906,108,47,47,51
769,71,45,47,52
158,39,152,134,157
623,429,44,44,47
676,209,215,212,243
680,140,45,46,50
368,33,38,24,28
1046,229,47,50,54
261,117,29,28,25
496,122,41,43,45
1061,189,51,50,55
153,198,137,135,151
513,80,36,29,33
434,452,59,55,64
878,32,107,104,102
77,203,127,121,141
183,449,70,67,59
1011,54,97,75,62
1012,61,74,66,61
172,58,158,146,168
382,29,35,28,26
754,284,47,46,49
1126,11,230,226,245
519,274,46,45,50
881,333,45,45,50
500,243,113,121,147
234,57,116,113,134
759,367,45,45,47
63,73,29,27,32
705,203,243,236,255
479,213,104,102,115
492,355,42,46,47
428,429,46,48,51
300,60,32,33,35
951,278,41,46,49
431,200,219,221,243
1062,37,111,100,104
580,206,96,91,131
753,17,52,51,54
218,10,184,169,194
412,136,41,41,46
354,465,55,52,53
116,470,46,48,49
544,67,46,44,46
728,407,50,49,50
346,358,41,44,47
863,153,46,46,52
1133,355,230,228,245
736,441,42,45,49
770,344,45,47,49
867,345,44,46,50
1052,132,49,49,55
109,320,37,33,37
972,428,46,47,50
1137,291,229,229,243
735,144,47,47,49
1159,256,236,233,253
33,140,159,27,34
456,234,232,231,249
367,21,40,32,30
675,380,40,45,46
973,160,47,48,52
101,171,42,31,42
789,88,44,48,49
864,412,43,45,50
536,90,43,43,47
1074,207,50,51,56
600,268,45,45,50
1155,449,235,231,248
798,406,84,82,89
809,177,49,47,53
816,446,43,48,50
877,322,44,45,52
278,418,43,44,45
305,360,40,44,48
755,314,46,47,50
1184,182,240,237,254
853,102,47,48,51
1012,419,44,48,52
903,437,46,49,48
887,428,61,52,59
1082,33,248,249,255
437,172,44,45,49
888,91,44,46,48
732,467,150,144,158
724,123,46,44,49
518,118,45,46,46
48,103,148,22,36
757,336,48,47,49
947,319,45,49,51
11,216,32,28,30
129,263,216,214,239
876,212,51,49,52
783,471,165,161,168
352,76,31,24,29
633,183,238,237,255
383,211,201,203,226
151,457,46,45,50
983,170,51,48,53
1062,40,111,103,109
997,433,49,48,52
141,315,36,35,35
318,266,206,208,230
830,59,51,48,51
982,325,48,45,51
50,208,68,76,63
698,496,133,108,75
877,477,49,51,54
83,415,43,47,48
1115,317,232,230,248
887,445,47,46,49
669,194,235,236,255
627,457,157,157,163
833,42,89,78,65
499,11,80,58,47
537,374,44,41,45
145,378,44,41,45
506,401,40,41,42
786,253,241,239,255
851,214,53,52,58
700,148,44,47,50
1194,246,240,237,252
223,284,110,117,149
685,391,46,42,45
439,205,75,69,71
488,78,46,43,43
725,133,45,46,48
430,298,44,46,49
552,141,43,44,47
707,129,45,46,49
744,332,44,48,51
1014,49,104,80,63
451,421,55,53,57
324,215,158,154,166
763,384,42,44,46
99,154,115,106,138
21,188,82,81,86
560,389,45,42,46
653,316,45,44,48
630,233,94,88,112
772,199,48,50,52
1140,207,233,228,245
868,424,50,48,49
69,290,35,29,30
30,190,56,50,60
70,364,44,42,45
311,109,34,26,26
301,21,44,46,49
545,2,85,71,55
212,76,127,125,150
1119,363,235,233,248
882,244,128,110,83
106,71,140,120,141
1093,13,224,221,215
530,379,42,42,44
1118,62,230,229,244
95,375,38,41,44
452,410,51,49,49
423,455,165,162,166
180,322,40,40,43
958,452,52,50,58
1102,454,238,234,252
874,139,49,47,49
456,69,46,40,46
580,8,97,82,63
997,333,46,49,49
952,496,171,160,129
473,465,184,182,198
1071,451,53,52,56
63,190,37,29,31
82,8,42,28,35
595,464,138,131,121
838,424,46,50,49
1022,340,41,48,50
713,474,146,135,133
708,279,45,47,50
928,479,46,51,54
732,347,42,45,48
743,425,45,46,46
936,254,48,48,52
225,42,53,35,57
1161,222,235,234,249
945,374,43,45,47
874,248,227,237,253
698,369,44,45,46
537,446,152,149,161
489,445,159,162,177
454,226,230,228,251
335,375,45,43,47
346,431,83,78,53
1171,404,236,234,252
366,229,207,207,227
85,138,159,32,37
155,296,34,35,37
221,347,47,43,45
147,482,49,48,47
954,153,45,48,48
650,6,49,49,52
245,331,44,42,44
392,449,195,202,225
202,25,188,174,193
681,324,44,46,44
675,226,185,177,196
250,478,90,81,59
696,420,44,45,48
71,57,183,180,199
800,157,46,49,50
898,50,102,101,97
848,386,41,46,47
1002,186,44,49,51
21,160,170,31,41
788,106,45,47,50
308,187,193,190,210
657,92,46,44,48
796,37,50,50,53
265,115,30,25,30
662,450,64,58,54
843,329,51,48,50
1109,100,233,233,248
260,259,199,194,217
624,22,45,49,50
628,433,45,46,47
55,257,35,29,33
363,170,47,46,48
1158,238,241,236,251
359,227,204,204,225
207,76,203,195,215
766,111,44,46,51
916,84,48,45,50
1000,366,49,47,53
404,186,207,206,231
568,389,44,42,47
483,186,54,55,56
813,377,48,48,52
620,195,238,234,255
66,340,39,36,40
1172,470,235,235,246
264,138,30,25,26
415,363,42,44,46
908,175,49,47,50
590,11,102,87,72
782,425,47,47,49
245,494,54,53,49
1047,248,48,49,50
57,479,45,46,46
624,371,40,43,46
765,13,48,48,49
658,57,45,45,46
443,85,41,41,43
124,178,194,202,219
1009,287,51,48,50
1007,340,47,46,52
938,396,47,46,47
329,336,42,44,47
804,366,45,45,47
419,54,36,32,34
604,234,236,236,255
871,96,48,48,49
357,443,68,63,52
735,136,42,48,49
464,105,42,43,45
1139,452,229,227,241
483,468,179,181,194
814,381,43,46,46
952,276,48,46,50
357,431,93,91,60
604,211,139,136,183
1143,424,233,232,244
546,128,42,46,48
1168,81,235,235,251
25,160,169,29,36
1147,39,234,231,247
1041,284,234,234,254
935,270,45,47,45
782,19,48,50,55
217,14,190,175,198
1036,361,47,48,53
870,463,48,48,51
140,351,37,38,41
1126,267,231,227,244
1047,335,43,49,52
1004,423,46,48,51
833,65,49,47,49
495,224,77,68,84
1147,480,228,224,242
809,251,243,239,255
418,338,48,43,48
417,273,194,194,228
707,434,43,43,49
223,42,126,114,134
496,440,169,169,183
370,485,61,59,54
996,156,46,47,48
538,106,46,44,45
272,197,181,182,195
241,259,201,200,216
307,408,46,40,47
793,481,150,142,160
1129,164,227,226,241
69,469,57,51,52
535,298,45,44,47
957,6,109,80,62
320,341,42,45,45
983,373,45,46,51
1168,492,233,232,246
373,420,44,44,47
645,420,45,42,47
699,354,44,46,47
981,238,46,49,52
691,29,51,50,52
555,260,231,229,253
42,44,128,123,141
871,173,47,48,51
224,193,188,183,203
874,308,44,45,48
650,481,91,68,56
928,0,134,86,67
817,497,157,150,148
435,403,52,52,55
185,336,37,42,43
1159,89,240,233,252
85,162,38,28,30
20,210,30,28,34
468,53,42,40,45
1014,418,49,48,51
1167,16,239,236,251
412,415,39,44,47
115,48,157,138,162
277,21,171,172,195
461,243,195,199,210
1178,216,237,235,254
446,276,175,179,216
770,152,46,47,51
216,313,43,41,44
549,107,40,43,44
1000,23,122,93,67
713,231,225,230,250
12,128,155,26,36
592,331,41,42,46
901,10,211,168,90
853,93,45,47,49
836,361,48,44,49
342,406,46,44,47
615,370,42,43,45
874,30,107,104,101
299,151,32,29,32
1128,455,226,224,243
91,228,209,208,228
107,274,42,36,42
209,259,202,202,222
153,148,187,182,205
34,204,107,105,107
1035,185,46,48,55
771,436,51,48,48
312,303,42,42,46
585,253,237,233,255
495,490,119,104,59
790,141,46,48,49
1147,463,230,228,243
142,24,150,130,153
1054,211,45,49,54
391,456,168,169,190
842,472,54,48,53
986,348,47,47,50
1034,22,105,82,63
609,304,45,43,45
748,491,152,147,134
328,63,27,24,25
959,454,48,48,56
1070,69,73,66,64
927,359,48,46,52
1170,79,237,236,252
532,495,142,136,122
292,214,191,191,214
915,114,44,48,50
742,158,43,45,51
912,29,123,116,109
666,394,45,45,50
184,434,45,50,48
384,467,71,63,57
263,252,195,195,214
1129,455,223,222,239
375,115,37,34,39
38,373,42,45,44
1122,246,229,225,241
1002,382,47,46,54
358,178,198,196,215
870,115,46,47,52
237,42,39,29,30
532,296,45,47,47
978,267,52,49,52
730,44,47,49,50
638,25,54,48,52
798,253,243,238,255
822,16,80,75,68
579,197,231,228,253
769,156,44,46,49
648,209,208,209,199
845,98,46,48,49
280,72,38,34,36
127,115,163,33,44
9,57,27,29,27
351,20,38,29,31
704,262,44,46,50
394,181,49,47,51
1115,141,235,232,247
662,304,48,45,44
882,371,44,46,50
370,135,37,37,40
563,444,135,134,136
381,206,99,95,106
960,145,47,49,53
1197,498,234,234,246
1041,94,47,50,53
821,61,51,45,50
281,142,34,28,29
556,100,44,42,46
416,278,48,47,50
86,462,56,51,53
707,58,44,44,48
1191,82,238,237,252
639,253,47,46,51
388,268,218,216,240
1039,334,48,47,52
161,334,34,40,43
1138,468,230,226,243
83,326,36,35,39
96,118,160,35,49
118,378,39,42,45
204,302,42,40,45
692,93,46,46,51
510,359,40,43,45
1157,114,237,234,250
439,9,35,31,31
1198,173,240,237,255
681,226,94,95,91
101,349,38,32,40
357,202,53,49,53
689,332,42,45,50
794,435,47,47,46
1193,495,231,236,249
527,137,43,45,47
102,122,161,28,37
1014,243,48,48,51
862,379,46,46,48
848,498,169,161,112
588,12,97,84,70
761,306,45,46,50
808,129,47,47,49
213,130,35,34,39
882,331,44,45,47
235,215,186,184,204
485,307,42,46,47
899,474,48,49,52
1175,205,239,234,253
473,444,173,178,198
1157,225,236,233,250
477,266,185,182,190
768,216,235,238,255
612,55,46,45,48
534,241,222,222,248
913,334,43,47,51
947,72,98,95,88
523,478,120,112,97
1111,138,233,231,250
786,31,49,51,54
165,179,197,193,218
1084,496,234,234,255
1056,423,50,50,55
73,84,148,25,35
237,436,53,55,54
320,196,193,192,213
79,402,43,44,46
1003,148,47,48,49
190,263,201,200,219
951,44,118,90,69
132,208,202,198,223
126,21,27,28,28
395,42,33,26,27
1003,160,46,48,55
935,83,48,46,52
556,138,41,45,47
610,344,42,43,46
748,431,46,47,45
719,9,90,65,59
177,494,42,46,46
1108,103,233,231,249
733,437,38,45,47
507,468,114,112,101
1183,425,237,235,252
936,463,45,49,50
806,293,43,47,50
984,273,48,46,52
1024,107,51,49,51
1154,12,235,232,251
524,243,193,196,215
132,419,50,48,50
721,366,45,43,46
1095,351,245,244,255
317,250,201,200,221
33,280,34,29,30
908,299,43,47,51
21,133,155,25,28
846,387,48,45,51
178,83,37,31,35
142,360,39,41,43
723,227,240,235,255
638,485,153,154,163
899,414,48,47,49
176,413,43,42,47
1016,142,51,49,52
766,125,46,47,49
502,321,44,42,48
203,412,43,43,47
261,233,64,51,64
541,341,42,41,44
154,215,196,192,213
419,445,145,136,123
1047,482,49,48,51
845,299,48,46,52
60,427,65,65,58
144,291,32,35,39
558,269,126,136,163
1042,452,48,47,54
663,386,46,46,50
635,36,44,46,47
377,172,101,100,106
914,330,46,45,50
1013,196,47,48,50
963,384,46,44,50
1020,113,45,49,50
1109,389,236,231,249
164,41,158,141,162
1109,119,233,231,249
39,246,33,29,32
182,4,153,26,40
47,492,83,77,68
601,95,45,45,49
523,43,31,28,31
226,146,31,26,29
110,381,44,43,46
144,266,214,211,234
56,141,157,29,38
957,4,113,84,66
929,185,48,46,52
283,464,71,67,53
805,390,47,46,51
1030,38,104,79,63
285,415,45,46,48
125,404,42,42,48
600,357,43,41,47
1193,56,240,238,254
451,319,46,48,49
470,72,39,41,44
726,279,46,46,48
6,288,36,33,36
85,375,37,42,41
427,188,220,219,239
1094,289,239,239,255
167,261,208,203,226
698,185,239,236,255
651,493,98,73,59
572,352,44,42,46
524,374,39,40,41
93,389,43,41,46
813,385,49,47,48
1122,442,229,226,243
1012,342,46,47,50
919,189,44,47,50
937,72,86,82,76
404,111,40,40,42
802,395,47,46,51
671,307,44,45,49
386,150,44,42,45
513,461,170,172,189
838,250,187,179,192
457,463,182,185,204
619,432,47,44,47
469,175,44,45,48
132,467,45,47,52
242,164,179,181,200
1092,161,246,242,255
778,322,48,46,51
1064,384,49,50,53
753,193,46,48,52
114,79,142,126,148
255,56,147,146,161
271,466,109,103,72
710,359,44,45,47
288,346,40,44,45
272,53,48,48,53
755,247,241,239,255
818,16,66,63,57
1146,185,232,233,246
292,330,38,44,46
303,153,29,30,31
373,346,42,42,48
893,251,239,238,255
51,376,42,41,43
1040,253,52,51,56
458,198,227,227,245
333,418,42,45,47
425,347,41,43,43
253,252,192,194,213
789,354,45,47,51
1065,404,48,50,54
545,41,44,44,46
928,69,80,75,70
84,342,38,36,39
317,253,200,200,223
899,137,49,47,52
1059,70,67,60,62
414,377,40,42,47
841,377,46,45,49
505,407,40,42,43
225,497,60,55,49
930,259,46,46,53
310,57,36,28,32
587,138,46,43,46
1076,58,103,81,66
354,19,41,31,31
458,472,180,185,208
59,330,39,34,39
734,302,42,47,49
226,164,187,182,204
1182,222,240,233,250
1016,68,104,87,77
446,259,233,232,250
1080,302,52,52,55
366,342,39,43,45
83,12,37,27,39
743,91,45,45,48
345,467,72,66,56
1021,424,51,48,52
1023,495,48,47,54
530,453,136,132,136
84,200,241,241,255
202,103,116,111,133
909,486,98,91,55
69,238,36,37,39
233,152,36,29,26
928,275,47,47,52
584,397,41,42,47
1154,336,233,231,248
770,239,213,211,221
495,218,209,209,227
682,43,43,45,50
992,313,48,46,50
1192,497,238,236,251
387,367,44,41,47
819,204,50,49,53
739,382,46,44,45
218,443,48,48,50
437,337,48,44,47
1120,404,228,228,243
1090,127,255,255,255
903,348,43,44,49
737,110,46,43,47
549,25,50,44,49
910,18,96,69,66
503,382,38,43,44
20,374,41,45,47
838,205,47,48,52
1134,86,229,226,240
603,426,43,44,47
439,465,75,52,46
15,19,227,224,248
121,28,27,28,30
9,482,51,49,53
583,462,132,124,121
6,469,46,48,48
813,341,46,46,50
714,482,150,137,151
854,145,49,48,52
371,392,43,43,46
855,373,47,44,51
702,112,42,44,49
1115,171,232,231,250
515,212,208,208,223
1028,156,47,49,53
109,333,33,34,38
338,425,46,43,45
669,484,107,81,60
12,404,45,45,49
60,318,38,35,40
902,170,45,48,48
969,2,108,82,67
1040,187,47,49,54
1075,336,50,50,56
60,449,48,48,52
376,217,201,201,218
494,364,44,43,45
714,297,48,42,49
357,380,44,42,47
639,98,49,46,48
600,251,235,238,255
557,482,116,108,102
661,182,239,238,255
609,321,43,44,46
1188,104,240,238,253
932,121,46,48,49
174,281,210,210,231
216,241,157,156,168
137,110,162,33,40
412,71,35,33,34
97,392,42,41,46
103,216,215,216,240
1082,378,59,53,59
655,4,51,49,52
782,102,47,47,50
12,260,37,30,33
543,392,42,42,42
263,301,45,42,48
333,245,203,202,222
559,82,42,43,47
1196,84,238,236,253
1142,190,234,231,248
776,156,43,45,49
210,314,43,43,43
137,196,170,166,190
881,45,103,100,96
1166,65,237,234,250
942,246,49,48,50
377,448,182,157,179
1020,84,94,81,68
1091,436,236,236,255
1172,220,240,235,251
718,144,43,46,48
405,175,45,43,49
216,232,50,41,48
991,23,123,88,66
152,395,45,43,48
1007,183,47,48,53
805,229,97,81,134
362,59,31,25,24
825,105,47,47,51
1189,186,241,237,254
103,297,35,32,32
420,213,224,222,245
85,454,47,48,52
1007,191,46,49,54
279,474,110,104,77
691,41,44,46,49
253,288,43,44,46
606,55,46,45,48
986,377,45,47,50
135,277,212,212,233
511,97,35,30,31
682,423,42,44,48
334,340,42,44,45
878,75,47,47,51
816,41,53,52,56
87,94,152,26,37
27,265,34,29,31
102,492,50,46,48
409,468,72,68,59
1088,248,216,222,255
80,362,38,39,43
7,271,32,31,30
248,233,53,53,55
106,272,35,33,35
406,131,39,40,44
1110,198,239,236,254
1092,466,236,236,253
81,259,212,211,238
1162,125,238,235,252
1154,268,235,233,247
519,23,26,32,35
1142,199,232,229,248
259,478,65,59,54
479,234,25,24,25
927,2,154,114,82
1084,458,241,249,255
596,331,43,45,47
896,172,47,47,51
872,29,107,102,101
510,399,38,42,45
314,487,92,97,106
358,114,36,32,33
1153,331,234,233,250
894,93,48,47,52
391,116,39,38,39
1092,52,61,62,67
398,405,39,42,46
312,276,42,45,45
1113,97,234,231,248
491,94,47,41,46
989,31,111,85,64
27,376,47,42,46
1134,60,229,227,244
317,434,63,63,55
653,4,50,50,51
420,354,48,47,50
1130,496,224,224,239
13,299,39,36,40
118,148,198,186,208
1,108,140,19,28
1066,254,52,48,54
476,271,54,53,56
700,56,47,47,50
18,224,31,30,33
811,465,49,49,53
828,476,166,163,173
29,146,162,28,36
1159,469,234,232,248
1079,294,65,57,74
500,34,91,65,50
894,210,49,49,52
85,474,94,83,83
1022,467,45,48,53
1183,86,242,236,253
1163,163,234,234,251
341,308,41,42,46
804,177,46,47,50
1140,99,232,230,246
378,34,33,29,28
484,419,42,42,46
276,458,70,65,54
677,326,48,46,48
574,478,125,114,103
188,136,37,38,42
1168,200,241,236,252
1067,217,53,50,56
1070,352,58,57,60
529,21,71,53,40
1111,428,232,229,246
91,178,212,205,224
617,443,151,150,147
1051,355,53,48,55
1055,376,51,49,52
830,300,45,47,50
769,374,41,46,48
1119,464,229,227,242
391,0,41,27,27
1094,237,238,237,255
25,173,176,34,42
916,460,47,47,53
908,78,51,45,51
82,388,46,41,45
962,145,45,48,51
535,337,45,42,45
203,416,45,44,44
511,315,44,43,47
819,111,45,48,49
1072,417,97,94,66
1168,53,242,235,251
686,74,44,46,50
777,441,46,45,51
515,332,42,44,45
1160,190,237,234,252
87,423,60,60,55
675,326,47,45,47
724,77,45,46,48
280,404,39,42,45
815,488,169,168,174
805,447,43,45,49
315,193,191,189,210
531,213,225,221,243
641,387,130,134,101
147,417,48,44,48
362,307,43,46,46
1150,443,231,230,245
876,247,124,123,193
969,186,45,46,52
1184,23,239,238,253
324,28,43,38,39
127,340,37,36,38
480,23,60,52,47
503,437,170,174,193
322,267,191,194,221
700,66,48,47,51
1131,45,229,228,243
338,55,35,25,28
697,165,46,47,48
366,73,35,26,29
415,494,185,179,187
136,425,46,48,49
1189,97,238,235,254
1141,162,230,229,245
716,399,138,148,183
282,278,45,44,48
950,73,102,97,94
1167,203,237,237,250
200,282,211,210,235
228,436,48,47,49
582,93,44,43,48
637,96,44,46,45
366,104,33,29,32
747,314,44,45,49
1106,122,237,235,253
262,436,62,60,53
931,444,49,48,52
980,146,48,47,52
570,182,230,231,253
606,381,46,46,50
103,276,39,36,34
565,445,132,125,128
129,51,149,131,153
18,161,170,30,38
197,120,34,39,42
1187,87,242,236,253
546,178,209,205,220
220,471,54,52,49
1115,275,231,229,244
1043,429,49,48,51
316,377,43,43,43
1052,32,89,72,63
507,480,114,102,72
102,337,41,36,37
391,95,36,35,36
654,427,44,44,48
843,124,48,45,51
619,187,236,234,255
939,384,45,47,50
1177,176,239,235,255
1025,393,46,48,49
846,372,43,46,49
749,451,45,46,49
1060,353,48,49,54
855,287,45,46,49
458,286,49,46,51
875,498,138,126,75
1142,217,233,232,244
241,251,197,195,214
721,408,44,43,48
282,358,40,43,45
245,255,197,196,217
109,16,118,110,120
934,80,51,49,54
850,28,89,86,81
435,455,27,22,24
267,431,60,59,51
1067,371,51,52,54
1115,143,234,231,248
940,146,47,46,50
230,207,185,179,197
493,348,43,42,47
274,41,57,45,64
258,423,47,47,45
975,289,46,45,52
781,18,49,50,51
930,369,45,46,51
465,269,214,211,235
1148,114,234,231,246
265,225,190,186,204
1039,479,48,48,49
294,50,40,40,47
793,466,51,48,51
477,170,43,44,48
509,301,44,44,47
16,334,41,41,42
640,416,47,45,46
119,257,211,211,237
826,146,45,47,49
257,127,29,27,28
168,72,143,131,152
801,463,48,48,51
617,62,44,45,50
836,370,41,45,48
1187,417,235,233,255
461,200,225,227,249
707,322,42,45,48
997,55,98,74,64
786,66,49,47,52
889,436,47,46,54
448,191,225,223,245
543,46,47,43,46
479,48,41,42,43
944,303,45,46,48
360,301,44,43,51
986,318,46,44,50
150,32,153,135,157
530,255,225,226,245
513,29,80,60,51
862,321,48,46,50
929,454,50,47,54
309,155,30,31,33
51,365,41,42,43
946,183,48,48,52
253,401,40,45,46
249,341,41,44,46
326,486,121,120,129
1150,71,234,232,248
39,497,71,63,58
871,138,44,46,50
1050,271,54,51,54
255,89,43,37,43
46,302,31,32,33
1109,138,236,236,253
223,458,53,51,52
894,220,54,54,56
549,264,231,230,254
773,218,236,237,255
755,29,49,49,52
795,81,49,47,49
452,212,134,140,165
22,436,48,50,52
144,317,38,36,37
650,84,44,46,49
68,429,66,62,55
87,161,35,24,27
160,340,40,40,42
233,54,210,211,231
956,58,56,54,54
820,260,121,126,149
883,1,81,73,63
1110,140,237,235,252
1099,351,246,242,255
424,260,225,223,247
893,49,100,93,90
1185,338,242,239,254
1186,432,238,234,251
835,168,48,45,51
921,129,45,47,50
369,142,41,36,41
366,412,43,45,45
148,148,129,124,149
967,493,47,48,50
403,387,44,45,47
101,170,44,29,36
1042,8,81,68,63
248,409,42,44,46
838,53,69,62,59
642,19,48,48,50
1067,303,118,127,211
1054,163,47,49,52
902,478,47,49,54
472,91,46,42,47
629,56,46,46,50
344,366,44,42,47
394,288,48,45,50
912,352,45,47,46
942,361,48,47,54
411,461,83,76,66
807,45,51,52,50
567,258,234,232,255
802,267,241,237,255
815,494,165,158,156
260,14,35,26,32
1136,73,231,228,243
1164,37,237,236,252
848,463,46,47,50
90,374,44,41,46
1138,209,229,226,244
907,458,49,49,52
533,5,77,63,43
744,393,46,46,49
536,154,43,43,50
595,473,130,120,106
112,76,145,128,147
27,418,58,55,55
887,259,240,240,255
1094,149,246,248,251
793,493,160,153,168
319,74,34,25,30
1045,7,76,67,61
633,461,134,129,147
1141,196,234,229,244
580,66,41,45,48
762,133,47,45,51
354,340,40,43,46
114,38,191,193,211
414,496,199,198,216
239,478,54,50,51
120,104,160,31,39
807,37,53,50,55
1130,498,230,227,242
1108,123,237,235,251
707,130,44,45,48
1021,94,48,48,53
971,176,45,47,51
815,10,65,64,58
980,152,45,49,55
1010,362,49,45,50
223,405,43,45,48
119,286,38,35,36
48,70,106,98,101
537,329,42,44,47
431,360,44,42,48
553,89,43,45,47
726,133,45,46,50
1101,369,243,239,254
507,36,89,64,51
463,93,43,41,44
1170,473,238,234,250
541,170,45,46,50
558,455,136,132,131
642,457,194,202,221
426,154,46,43,48
558,208,223,228,248
626,104,44,46,47
138,305,33,35,36
776,110,45,45,50
1085,290,247,249,255
970,182,50,50,51
1159,440,233,230,246
166,424,46,47,50
522,63,41,41,43
1013,71,101,88,77
1180,35,240,237,254
834,439,46,45,47
887,338,44,48,50
73,206,101,115,123
1076,105,53,52,57
1158,481,233,232,247
687,59,49,46,49
1101,405,243,243,255
344,318,41,43,45
615,124,43,44,48
1072,172,52,52,56
958,480,51,46,50
984,329,43,47,49
80,424,51,51,51
429,468,101,95,103
1158,217,233,234,247
315,364,42,43,47
116,231,49,46,49
469,342,55,57,61
1022,60,128,113,88
181,177,193,188,209
719,359,48,45,49
142,161,154,148,169
879,226,242,236,255
309,431,62,63,51
162,68,136,123,141
53,91,192,191,209
1160,372,235,231,250
319,468,107,104,104
739,226,235,237,255
1199,244,237,236,252
567,412,42,42,45
477,446,171,175,193
648,329,36,43,45
762,318,45,43,50
99,315,37,33,33
610,421,43,43,44
913,369,45,45,47
1146,23,231,232,248
40,26,61,67,69
980,470,45,48,51
89,349,36,38,40
1111,334,231,228,242
654,470,72,60,49
1091,56,176,185,217
482,166,49,42,46
659,498,104,78,58
838,227,239,239,255
900,37,88,82,77
363,174,191,192,208
1138,309,228,228,244
699,17,49,49,53
238,89,44,46,50
99,354,39,39,39
1047,133,47,48,53
624,122,47,43,50
907,62,102,98,94
1191,302,238,236,255
1012,85,104,89,76
1183,122,239,237,253
108,455,49,50,51
405,26,39,32,28
64,55,124,114,121
58,79,32,29,32
888,494,177,165,111
979,141,50,48,52
747,94,48,47,50
248,304,41,44,46
705,242,220,218,245
533,178,217,215,230
714,273,45,45,50
583,237,233,233,255
449,108,42,42,45
428,403,44,42,47
767,122,46,46,50
744,302,46,45,48
225,254,200,195,217
624,296,48,45,46
541,261,229,227,253
520,143,44,45,46
17,191,106,100,104
261,279,44,43,47
656,366,42,44,45
304,428,68,66,52
668,119,42,47,50
986,149,49,47,51
611,322,42,43,46
938,246,46,47,52
508,471,109,107,92
1197,97,239,235,251
1190,302,239,239,255
639,292,45,46,47
579,229,235,235,255
667,234,239,237,255
836,400,45,45,50
561,74,45,44,45
541,326,41,44,43
59,50,120,108,117
524,297,47,42,49
748,447,47,45,47
476,67,42,43,45
824,110,44,48,51
696,438,44,43,45
71,459,42,47,48
828,472,53,51,51
547,444,145,142,149
791,72,45,49,50
180,400,44,42,47
895,188,46,46,51
835,96,45,46,51
594,400,43,45,46
42,273,34,29,30
263,474,108,101,75
189,41,192,173,189
518,239,122,118,109
1117,230,235,230,246
727,323,43,45,47
519,443,156,152,166
327,1,74,65,63
374,368,44,43,46
169,345,41,39,45
593,97,43,43,50
67,190,42,32,39
303,224,189,191,212
331,174,188,187,206
1030,131,51,48,53
458,174,45,47,48
852,148,43,49,52
152,37,149,133,153
556,114,46,45,47
1100,367,240,239,255
659,479,95,73,56
597,442,186,194,215
436,39,38,34,35
205,86,117,119,135
635,302,44,43,48
374,348,44,44,46
424,55,35,33,35
245,483,68,64,55
490,8,104,80,59
645,129,45,44,46
544,322,44,42,44
93,237,213,211,235
108,246,218,213,237
248,137,34,26,29
84,236,202,205,228
1082,437,75,61,88
1107,370,238,237,255
396,228,216,214,235
741,329,40,46,50
954,277,47,46,47
1094,428,242,242,255
115,101,162,30,38
480,285,60,60,61
656,77,48,45,48
352,13,45,36,35
1004,497,50,47,49
1013,105,51,50,51
1086,400,168,149,135
831,369,43,45,52
115,198,222,219,248
235,75,163,163,176
1071,309,51,53,57
149,397,46,44,49
1019,63,107,92,78
45,305,35,34,37
1082,281,247,245,255
1009,290,45,47,51
143,18,196,193,213
604,107,40,46,46
417,387,41,44,42
134,453,50,46,52
235,261,204,198,219
547,455,149,148,152
253,336,44,44,44
174,159,40,36,41
284,103,32,26,27
236,125,31,28,31
974,302,44,45,51
689,57,44,46,49
746,246,241,240,255
53,89,192,192,210
832,435,48,47,49
159,499,47,48,51
765,487,155,149,162
553,112,44,46,46
425,190,223,220,241
10,136,163,26,36
398,149,38,40,44
180,329,44,38,43
654,473,80,64,54
266,178,191,185,207
1052,157,47,49,54
823,51,52,52,56
1011,469,48,48,51
332,434,88,85,55
159,488,47,44,50
579,193,233,231,254
61,291,34,31,31
1098,498,234,233,252
1185,283,238,237,253
986,101,49,48,51
91,22,110,101,109
715,168,44,46,50
888,273,52,52,57
972,451,64,67,100
861,298,47,47,50
905,49,89,88,83
464,172,43,43,47
486,173,55,56,58
299,248,198,196,217
339,252,209,209,231
808,104,46,48,53
327,92,32,24,26
1129,407,229,226,242
1130,475,225,224,240
452,204,229,227,247
346,266,212,214,234
709,105,46,46,49
492,47,45,43,42
1017,14,105,84,65
301,314,44,43,48
180,349,42,43,50
246,472,94,87,61
326,214,73,66,71
1181,183,239,237,253
39,287,36,31,35
491,465,162,162,175
884,327,45,43,51
413,62,38,33,37
1069,272,50,50,56
82,222,44,48,58
1103,189,242,240,255
736,442,43,47,48
298,359,42,43,45
997,281,47,46,52
980,201,50,46,52
799,354,43,44,51
498,227,213,211,230
970,253,46,47,51
782,230,234,236,255
1083,453,65,57,60
421,189,219,218,242
546,116,44,43,49
183,149,37,33,42
1151,41,233,232,251
804,331,48,48,49
542,61,44,43,47
653,462,65,57,55
1144,186,231,232,246
544,315,41,43,43
1073,85,69,67,65
747,285,43,45,50
89,317,37,33,34
425,226,222,225,248
429,483,25,28,29
42,352,44,41,47
652,381,47,43,44
876,80,43,47,53
59,349,42,41,46
988,168,46,48,52
280,17,125,120,149
662,255,47,48,50
514,24,82,64,52
1119,12,232,232,250
140,461,52,46,49
593,451,134,124,119
844,391,45,46,49
663,399,43,43,47
925,196,45,45,49
963,75,66,60,57
362,469,84,78,68
987,327,47,45,50
889,114,50,49,50
959,436,72,50,47
967,83,49,48,52
173,80,111,101,117
219,51,200,190,213
619,76,47,44,48
1126,227,233,228,246
1029,491,51,48,54
727,342,43,49,47
71,67,169,173,187
1029,89,67,59,56
273,348,42,43,43
157,276,212,211,235
546,490,114,111,101
777,424,44,44,49
1064,75,75,65,64
913,50,81,78,71
881,421,50,44,46
667,367,39,44,46
1098,382,243,244,255
557,317,41,44,47
149,266,209,208,228
531,272,49,46,51
929,426,45,45,49
672,365,41,44,47
1113,194,236,233,251
256,473,105,93,70
697,241,210,208,240
401,53,31,28,30
671,114,45,46,49
1027,414,44,47,51
271,220,187,188,204
695,391,43,44,48
281,19,208,214,231
415,136,42,41,43
608,484,188,186,201
638,136,46,45,50
573,483,150,140,136
854,155,49,47,51
300,304,40,42,47
929,73,59,58,59
1126,79,228,225,244
590,376,47,45,47
139,387,41,41,43
715,472,150,146,156
878,301,46,45,51
745,219,241,239,255
449,321,46,45,49
837,92,47,46,49
13,213,34,28,30
64,127,156,27,34
893,68,53,51,56
477,210,64,61,78
485,10,98,75,55
422,86,42,38,39
480,95,47,43,44
318,63,32,25,28
1142,194,231,230,247
498,489,128,113,68
932,52,110,105,100
141,442,50,47,51
673,66,44,45,51
890,407,44,45,48
472,406,45,42,48
523,305,48,44,48
440,270,233,232,254
797,188,45,47,49
589,327,41,41,45
736,434,40,45,45
269,300,43,46,46
202,148,30,29,32
915,34,108,106,109
896,198,46,45,53
419,458,149,140,132
925,205,48,48,53
959,443,48,48,54
1009,20,113,87,66
405,58,31,31,33
1170,330,239,237,253
928,63,93,88,80
529,384,42,42,44
214,203,66,54,73
277,171,187,185,204
769,223,132,133,153
785,497,158,154,170
504,488,122,103,67
102,33,191,186,207
32,309,36,34,36
44,385,46,44,47
944,429,48,48,50
934,25,89,65,59
290,273,43,45,48
470,273,40,36,45
905,96,46,45,52
199,418,44,44,48
333,72,30,26,29
128,443,49,49,50
297,61,32,33,34
586,254,236,234,255
1001,434,46,47,52
1031,495,51,50,53
25,181,121,118,122
313,201,53,52,56
12,9,196,197,206
72,453,49,49,50
612,33,49,47,48
1198,389,239,237,252
213,10,187,170,193
988,47,99,75,59
429,495,27,22,23
1159,187,234,234,251
675,237,236,237,255
237,433,62,61,53
1177,65,238,236,252
1054,439,48,50,53
104,393,42,43,46
604,442,181,195,206
55,317,38,38,38
591,49,45,45,46
668,87,48,45,48
704,216,83,53,109
666,137,42,45,48
1029,377,44,47,50
560,117,41,43,45
281,338,45,40,47
1151,149,233,231,247
215,433,46,45,48
609,439,47,48,49
339,303,43,45,49
657,26,49,48,50
769,6,49,49,54
665,426,44,43,50
825,202,49,48,53
252,200,183,181,200
747,305,49,45,45
923,442,57,50,52
68,287,37,33,35
644,21,49,48,53
216,234,95,92,95
157,443,49,48,51
451,63,44,39,44
824,61,45,46,50
674,265,48,46,51
437,192,222,220,247
164,273,213,211,232
1105,104,236,233,251
609,62,41,43,50
440,245,228,229,251
569,218,231,231,255
797,474,170,161,156
1014,185,47,47,53
668,292,45,46,46
816,263,53,52,54
83,61,191,191,211
320,1,58,50,52
609,82,41,44,47
674,61,44,45,49
51,161,168,27,36
492,115,44,43,49
291,401,42,42,44
158,21,162,143,169
408,323,42,43,46
7,498,56,51,54
92,373,43,38,46
1197,348,240,237,250
412,321,47,45,46
362,72,29,24,31
1059,62,108,92,84
960,412,45,47,50
114,484,50,49,53
1022,439,48,47,51
473,212,58,62,60
812,131,47,47,48
249,203,49,43,48
943,283,51,49,50
48,311,35,32,34
402,248,219,219,242
960,213,44,47,50
153,222,200,196,216
686,345,47,44,49
1099,120,238,239,255
834,113,48,46,51
383,423,41,43,46
909,261,243,238,255
712,459,131,113,91
1195,389,238,236,252
829,305,45,46,51
746,86,43,46,49
557,380,41,42,47
727,233,234,239,255
358,248,103,96,104
359,180,196,196,213
735,76,47,46,49
290,237,192,188,209
563,384,42,42,44
810,488,164,160,176
546,68,49,43,47
10,478,48,49,53
678,190,237,236,255
562,92,44,44,48
1017,56,105,86,69
481,459,168,172,190
870,305,46,48,52
289,482,65,62,54
1151,386,233,233,247
541,235,58,58,63
767,421,47,45,51
189,11,180,159,183
1129,277,232,230,243
536,377,41,39,43
151,455,50,47,50
334,397,45,44,46
593,137,46,44,50
1176,461,238,236,251
865,305,43,46,49
369,486,70,66,56
627,213,236,231,254
1185,121,240,236,253
252,168,193,187,206
267,317,45,42,45
35,382,48,46,48
62,465,47,49,48
520,461,162,159,177
247,497,49,47,48
1127,470,227,224,238
783,424,42,49,49
1060,329,46,48,52
20,481,52,50,51
140,151,229,226,251
345,419,42,44,47
187,185,188,184,206
666,319,46,43,49
468,118,41,41,46
756,362,43,46,50
229,294,43,40,45
311,207,167,173,177
339,81,35,27,30
1140,89,231,229,246
243,370,42,44,46
897,213,50,50,52
950,352,47,46,50
849,272,47,53,54
399,112,39,37,39
951,155,47,46,51
979,353,46,46,50
1197,107,239,235,253
643,71,40,45,47
420,318,43,43,46
319,450,88,79,52
393,416,42,43,46
170,229,71,63,89
904,27,105,100,88
26,305,37,37,36
1071,355,73,62,56
828,283,46,46,48
227,494,62,56,50
1092,366,239,241,255
205,413,43,43,46
136,260,215,212,234
1100,383,242,240,255
965,390,47,47,52
393,26,60,45,35
966,31,94,73,61
210,478,48,49,49
1103,258,234,235,252
300,144,28,29,27
792,463,49,48,50
332,128,36,31,31
1108,364,235,233,254
1168,147,237,235,253
599,3,117,103,95
962,417,44,47,49
300,268,47,46,51
882,396,49,45,48
64,128,154,27,36
554,278,49,45,48
586,359,43,44,46
661,451,66,57,54
302,451,84,84,58
202,106,149,159,166
836,291,44,46,52
584,279,45,44,51
287,44,45,47,54
80,86,151,22,32
13,131,159,24,34
120,29,34,29,32
1044,93,50,49,54
577,142,43,45,46
151,102,49,30,49
1159,490,234,230,250
503,436,172,175,194
418,417,41,44,45
998,18,125,92,69
844,279,46,48,51
521,300,43,46,47
839,484,174,159,126
101,269,38,34,37
35,392,44,46,48
174,241,196,194,217
665,321,43,43,48
1104,339,238,237,254
1146,117,231,229,245
344,148,34,35,37
42,452,45,49,51
331,117,29,28,30
1197,332,240,237,254
570,405,39,43,46
266,250,196,193,214
111,84,150,134,157
801,389,48,45,49
178,296,38,40,41
221,223,189,185,204
1049,100,50,50,52
217,9,183,170,194
1074,425,243,245,254
791,452,46,45,52
937,57,111,108,107
396,263,216,219,241
1161,297,237,234,249
30,471,48,46,48
1166,239,237,236,253
293,226,191,189,210
556,371,37,38,45
1054,149,47,51,52
335,396,43,42,48
1057,279,56,53,58
316,246,200,197,221
198,291,44,39,44
43,308,37,33,39
443,483,174,176,184
1052,2,144,130,148
777,198,46,50,51
1025,332,48,47,52
1117,139,234,230,248
439,43,33,35,35
300,255,204,200,220
741,271,48,46,51
980,124,49,48,49
836,427,43,46,50
899,298,48,47,51
322,86,28,24,29
353,391,42,42,47
1101,351,244,241,255
359,55,33,24,27
280,292,45,42,48
800,394,48,47,51
95,179,223,219,244
710,354,45,45,48
774,132,47,47,51
81,271,36,31,35
951,91,49,49,51
623,295,45,43,48
528,284,44,46,45
277,368,46,44,43
799,102,46,47,49
316,484,103,107,110
630,243,43,47,49
665,461,87,66,56
647,146,47,47,49
447,494,179,178,199
768,469,161,159,171
1125,193,230,227,244
65,454,49,47,51
227,50,207,196,217
16,450,52,48,50
430,136,41,43,44
246,170,191,188,206
392,325,45,44,44
244,195,192,185,207
11,203,27,29,29
666,410,45,45,48
491,322,44,45,46
1012,244,49,48,54
1192,211,238,235,252
908,188,44,48,51
30,159,166,28,35
681,50,47,45,50
777,206,241,241,255
96,314,39,33,36
526,345,45,42,47
457,134,42,45,45
121,243,180,175,183
939,54,128,113,96
513,148,45,46,48
795,243,243,239,255
432,122,43,41,44
30,194,76,87,81
917,353,48,49,51
320,294,40,43,47
129,470,48,47,48
301,227,193,191,211
907,392,48,46,52
825,21,82,77,69
1193,77,240,236,254
617,268,46,44,49
880,324,47,48,51
232,114,37,32,36
553,313,40,43,48
788,162,48,47,52
23,322,40,41,44
363,89,28,29,30
452,371,17,18,20
748,181,46,48,50
567,283,40,43,48
493,486,118,104,61
308,207,53,52,61
871,484,164,153,89
778,219,240,238,255
831,298,49,48,51
1049,26,101,80,65
453,302,50,48,50
384,427,44,45,45
910,269,239,237,255
1184,385,237,235,253
923,4,146,98,69
1074,407,49,50,56
202,253,199,198,220
468,84,43,42,45
481,478,105,101,82
358,223,203,203,226
1197,81,241,238,253
624,353,46,42,47
578,324,42,44,47
502,27,85,63,51
1187,461,238,234,251
95,220,212,213,236
327,23,38,38,41
867,292,44,48,51
197,419,46,46,47
1078,191,239,241,255
1105,181,242,238,255
137,307,37,37,37
340,72,30,26,31
325,449,63,61,51
594,24,52,49,53
70,318,34,33,34
629,318,43,45,48
263,238,134,127,128
1061,221,51,49,53
544,182,226,226,249
134,337,40,35,43
791,84,45,47,50
660,89,46,44,48
201,113,40,39,42
523,431,44,46,49
991,55,101,77,62
206,106,47,46,55
877,427,59,64,72
311,321,44,41,43
572,96,42,45,45
397,201,197,196,221
120,414,44,43,45
1120,225,230,229,247
548,362,41,44,45
969,443,53,45,54
727,383,44,43,50
235,120,33,28,31
311,270,49,45,49
450,398,41,36,32
169,466,57,52,54
1058,84,68,63,61
594,34,45,43,45
335,98,28,27,29
1143,332,230,226,247
494,405,42,44,44
688,118,45,45,48
102,142,163,46,70
1193,482,236,234,251
199,2,156,29,44
1036,315,48,49,51
825,466,45,49,52
1072,484,51,54,54
40,85,189,188,206
260,375,44,44,46
378,389,39,42,47
159,329,40,38,42
635,316,43,43,47
65,429,68,66,58
310,451,73,67,54
157,162,40,43,48
827,207,45,49,49
958,469,48,46,52
936,273,45,47,52
74,185,42,32,36
863,58,102,80,61
182,253,203,198,220
272,349,40,45,44
940,377,50,47,50
14,249,37,29,33
774,276,230,235,245
363,96,27,30,27
551,223,190,189,223
756,51,40,46,47
1120,89,230,228,247
421,380,42,42,47
4,393,44,46,50
274,415,47,45,49
898,482,53,53,53
1191,288,240,237,252
1156,477,232,232,247
523,497,145,140,122
620,104,47,46,49
318,466,113,107,103
661,494,106,80,60
353,439,88,83,54
705,434,42,44,48
605,433,45,44,46
1138,245,225,227,243
685,336,44,44,47
799,162,44,49,50
534,32,46,43,46
933,212,49,48,52
170,228,169,166,194
1104,185,242,238,255
232,438,48,50,52
35,166,170,34,40
552,421,40,41,46
31,220,35,29,32
530,429,43,42,48
1039,293,238,235,254
21,131,154,25,34
465,199,226,229,250
931,176,48,48,54
271,247,192,191,211
1110,283,235,230,248
707,384,49,45,49
356,82,28,25,27
943,158,47,49,52
81,309,32,29,31
1147,304,230,230,247
981,121,44,47,52
690,205,243,238,255
486,71,49,42,45
804,186,49,46,49
726,252,243,236,255
33,212,36,27,30
748,487,152,148,149
20,329,38,40,43
272,285,42,43,45
736,409,43,44,49
864,421,158,160,113
818,5,81,80,70
335,353,40,41,46
1176,395,238,237,250
151,279,213,211,235
305,217,195,191,212
1182,147,239,236,253
783,241,100,94,100
58,233,36,34,34
592,59,43,44,46
757,192,44,47,49
88,172,201,197,214
537,120,43,43,47
462,290,52,53,57
1191,336,241,237,253
169,401,45,45,46
302,231,196,192,216
885,475,49,50,51
360,325,36,44,46
112,182,155,151,177
853,68,49,47,53
628,423,42,43,46
878,89,47,48,52
817,212,242,241,255
936,491,140,131,74
871,193,45,46,53
212,457,46,48,50
823,95,47,47,49
523,4,28,31,35
549,129,42,45,48
476,400,43,42,46
235,401,43,45,46
589,109,41,44,47
600,48,45,44,48
551,64,44,42,47
289,395,43,43,42
137,172,48,50,56
564,65,45,44,46
315,288,45,43,46
313,122,31,29,30
947,234,45,48,51
1188,204,240,236,252
846,0,98,97,92
519,35,35,34,31
976,175,48,48,53
750,233,64,62,85
979,8,116,82,64
1076,353,248,245,255
345,333,44,41,48
367,241,53,49,65
1030,83,83,72,61
680,365,43,44,50
181,407,45,44,48
1098,225,241,241,255
374,219,206,205,227
157,286,39,39,42
1021,78,94,84,68
908,390,45,44,51
1182,226,236,236,251
202,380,41,44,43
855,262,240,238,255
117,155,201,193,212
990,166,47,48,50
151,66,151,137,159
121,132,37,23,29
596,343,41,42,44
1011,28,103,79,63
329,346,40,43,46
351,478,83,76,73
368,77,31,27,30
1,458,50,49,49
1093,244,241,242,255
685,136,44,45,51
877,42,100,97,92
709,106,47,46,49
787,179,44,46,51
1078,332,53,53,57
1058,479,50,51,53
501,431,114,107,87
1031,205,48,49,53
951,474,46,48,51
952,84,48,48,52
150,350,38,39,43
948,121,46,49,49
87,492,50,47,52
403,471,54,51,55
556,174,49,49,53
1111,375,233,234,253
829,451,48,48,51
566,54,47,45,46
83,195,124,126,150
413,425,45,45,44
237,486,58,60,51
556,296,46,46,47
1048,312,47,48,53
139,330,41,39,38
1145,350,230,229,243
507,489,130,113,72
625,132,47,45,49
891,165,51,46,50
962,215,47,48,49
1040,345,49,48,54
912,458,44,49,52
91,494,42,47,48
778,239,68,56,71
972,207,46,46,53
987,392,48,46,51
256,412,44,44,45
1067,84,77,69,65
729,175,46,47,50
760,196,49,49,54
952,478,45,48,53
387,387,42,45,48
177,128,140,154,169
837,9,89,92,87
770,60,46,46,50
731,175,45,47,51
930,97,43,48,50
969,246,46,45,51
210,83,114,118,133
86,417,52,52,52
1106,229,235,234,252
503,238,217,218,239
290,94,28,28,27
281,111,34,25,29
1184,273,240,234,252
692,263,45,48,48
341,375,45,41,46
885,102,46,46,50
315,194,195,193,214
319,428,60,60,55
1147,485,228,228,241
1191,356,236,234,250
422,204,220,219,240
893,329,46,46,51
929,376,46,46,50
744,289,46,43,48
795,203,48,48,51
881,27,111,107,110
663,367,42,45,46
813,263,49,51,56
1126,490,227,227,243
293,64,37,32,36
520,4,72,63,62
362,247,70,69,92
829,413,55,47,53
405,321,38,44,46
778,276,236,236,255
96,51,27,29,32
934,205,45,46,51
383,478,57,54,55
931,19,110,72,65
1027,89,57,57,55
725,209,241,236,255
4,53,84,74,97
287,292,45,42,47
698,82,46,47,50
745,352,45,46,45
1113,314,235,229,250
973,423,46,47,50
556,441,141,135,146
320,30,42,38,41
158,448,50,45,48
444,370,48,48,50
282,133,34,27,27
672,197,235,235,255
99,160,36,27,29
964,41,93,66,58
307,428,66,67,51
327,376,39,44,47
154,237,196,191,209
1038,203,47,48,52
583,241,237,235,255
134,270,213,210,236
1038,320,50,49,55
881,353,41,47,48
256,103,33,29,32
1061,370,50,53,54
171,491,46,48,46
815,468,49,48,54
950,381,42,45,51
420,151,43,42,43
502,363,40,43,43
1026,474,49,48,54
507,6,79,60,48
1135,213,232,229,243
1045,53,122,113,102
700,152,46,45,49
1191,359,238,237,251
1077,145,58,54,59
1075,195,53,55,58
254,139,31,27,30
1087,348,163,150,203
541,100,42,44,47
1038,179,53,49,55
709,135,45,46,52
438,229,230,228,250
1173,416,237,235,251
861,231,239,240,255
91,410,44,43,48
1028,384,47,47,52
881,146,46,44,48
160,343,42,40,41
69,98,153,25,33
758,202,194,188,204
923,412,46,45,50
682,121,43,44,49
317,320,45,42,48
249,490,63,59,54
694,131,47,46,47
775,93,48,45,52
686,395,111,109,104
780,261,238,240,255
495,378,44,42,44
1147,307,231,230,247
984,237,48,48,50
525,17,67,45,33
861,439,46,47,51
5,309,40,36,41
869,262,225,230,250
925,233,46,47,53
190,167,39,33,37
322,328,42,43,46
1048,443,52,49,52
910,90,48,46,53
820,179,67,63,64
787,75,44,48,54
75,120,152,25,35
818,75,48,47,50
601,111,41,44,45
449,480,178,180,197
811,352,49,45,50
1102,335,238,236,255
455,489,176,181,201
950,4,124,85,64
611,340,44,42,47
328,36,37,32,35
80,0,60,61,62
440,386,48,49,51
994,213,46,47,51
572,491,168,160,153
1193,122,240,239,255
213,65,32,32,31
951,30,86,64,60
531,353,47,44,48
370,362,41,41,46
283,397,41,43,45
659,469,84,64,55
915,397,45,45,47
825,304,48,45,49
574,138,43,44,48
1194,265,238,236,250
260,72,43,45,54
355,151,39,36,41
276,201,183,187,199
988,229,46,47,53
372,98,30,30,33
352,372,45,42,48
503,131,35,31,36
570,1,90,82,75
472,22,64,52,45
638,448,190,194,216
122,17,36,30,35
248,181,189,185,206
666,17,48,50,52
598,438,44,46,49
1039,492,50,48,54
753,137,47,47,50
847,15,94,91,85
807,422,46,47,49
486,3,54,45,46
791,442,44,44,48
186,104,123,125,141
697,438,43,44,46
559,357,42,42,44
427,115,40,41,44
1107,338,237,235,254
317,268,70,64,84
1166,480,230,231,248
1154,132,235,231,249
666,14,49,52,56
396,450,197,202,224
592,161,47,45,49
875,364,45,45,48
125,179,208,207,229
246,82,48,48,54
819,266,49,51,53
719,386,44,45,48
268,252,197,197,217
504,400,37,40,43
1016,314,48,46,52
1010,138,48,50,53
721,287,45,45,48
78,210,239,240,255
72,264,35,32,34
897,232,239,237,255
741,76,44,47,46
40,99,32,31,30
1002,226,48,48,52
58,293,37,31,32
408,219,218,216,240
711,18,176,115,69
28,305,31,34,34
101,13,114,106,115
463,98,42,43,44
979,83,48,48,52
361,329,41,44,47
902,241,242,239,255
817,359,47,44,49
804,272,177,180,212
862,356,49,46,47
609,450,184,186,210
895,325,45,44,49
151,314,35,34,38
688,427,45,44,47
672,94,47,46,48
1078,63,203,194,161
1050,153,50,49,53
781,284,47,48,51
371,440,144,123,142
976,307,47,44,49
88,277,41,31,35
707,385,47,43,47
318,263,209,210,230
458,428,53,51,55
55,111,148,21,32
788,35,52,49,52
1030,241,47,47,51
1043,467,50,48,54
667,17,46,50,52
1086,160,239,240,254
1161,109,235,236,248
923,10,144,95,67
97,207,220,221,250
511,476,102,101,77
740,104,45,45,50
926,348,46,47,50
429,461,136,89,83
914,414,47,46,50
1152,270,232,231,247
686,462,111,87,61
431,213,219,222,243
694,275,43,46,48
994,66,68,59,56
390,349,43,44,45
1041,12,97,80,62
340,154,35,35,36
821,413,188,184,206
139,238,134,135,156
349,41,41,30,33
155,375,41,43,44
566,251,231,231,254
1023,4,108,80,63
142,306,31,35,38
381,450,180,195,214
846,204,48,48,50
1150,375,235,233,247
1010,9,107,82,65
702,155,48,45,51
913,238,239,236,255
873,348,45,45,51
713,128,45,45,50
816,437,45,45,50
32,396,45,44,48
1138,488,231,226,242
534,473,163,164,180
394,445,199,204,224
416,180,46,44,48
560,211,72,59,68
987,421,51,48,50
1109,321,234,231,247
0,419,54,53,55
1164,283,240,238,252
83,188,84,68,108
913,184,46,48,49
661,215,101,106,150
1155,381,235,235,250
127,275,211,212,235
1150,305,232,233,245
42,107,144,21,29
35,255,36,29,30
662,95,45,44,49
7,101,137,19,31
911,184,45,47,50
1109,353,233,233,254
395,32,44,33,31
519,50,34,27,29
65,141,180,135,148
271,173,191,185,205
42,389,46,45,46
298,386,43,43,48
572,264,234,231,255
762,36,47,50,52
318,404,43,44,47
62,140,157,29,43
1134,45,228,228,243
266,352,44,43,44
431,409,45,46,49
334,210,136,135,157
1080,144,57,56,60
528,196,189,193,206
1012,406,49,50,52
1111,363,237,232,251
469,416,45,43,47
172,24,178,158,183
239,429,83,80,56
1110,268,231,231,247
501,458,152,152,164
398,435,169,176,160
362,479,93,86,72
306,29,50,51,56
940,31,82,65,56
109,485,49,49,46
1171,394,234,234,248
917,379,40,45,48
447,425,52,48,57
543,431,41,42,45
1150,42,236,232,250
605,323,43,43,48
102,257,218,215,239
671,61,46,46,47
686,195,239,239,255
1160,277,237,234,250
233,463,80,74,56
1195,102,239,236,255
794,195,49,47,54
395,221,211,210,235
1143,413,231,229,246
717,270,45,45,47
434,443,94,87,97
695,181,93,88,104
178,112,132,136,149
40,37,228,227,249
430,126,40,43,45
415,234,222,223,244
725,198,240,237,255
141,338,37,38,40
607,248,236,237,255
1107,30,243,238,255
365,317,41,44,45
566,409,39,41,44
564,285,44,43,47
143,268,212,211,236
1053,276,221,222,254
266,8,39,32,41
850,87,48,48,51
1078,187,245,246,255
313,238,55,55,56
493,59,41,43,46
971,371,46,45,50
431,359,45,43,49
361,206,200,197,221
198,178,193,185,206
1194,419,238,235,250
738,356,47,43,45
1178,399,236,236,254
947,415,44,46,50
563,275,43,46,49
972,313,43,49,50
51,391,45,42,46
864,385,48,46,51
1182,17,239,236,255
1107,210,237,236,254
934,214,49,48,49
291,84,32,27,32
633,56,47,44,47
135,42,126,112,131
464,154,44,44,45
711,272,49,46,48
572,490,148,140,124
602,8,53,50,52
466,283,82,80,84
95,158,36,27,27
1095,181,249,247,254
240,2,178,163,189
622,239,235,233,255
973,359,48,46,53
1188,370,239,235,253
392,309,45,44,45
1160,75,237,236,252
496,186,193,191,205
882,114,46,47,51
491,248,212,211,229
644,68,44,46,50
40,152,164,29,39
724,148,44,45,49
1179,95,236,237,253
414,492,93,77,69
970,116,46,47,52
58,456,52,46,48
158,493,49,48,51
1139,49,230,230,246
717,68,49,46,51
946,63,107,104,100
250,207,177,174,190
258,491,86,74,53
746,291,44,45,49
144,284,40,40,47
847,45,108,94,65
542,15,49,45,51
1123,284,229,227,242
466,385,45,46,48
944,144,43,47,52
918,415,43,45,47
203,14,158,35,46
272,4,208,193,215
797,480,162,158,175
1102,42,238,235,255
81,358,42,44,46
1169,186,240,236,254
340,95,29,27,28
59,420,53,56,55
454,351,58,57,66
938,210,45,48,50
838,439,48,45,52
1101,331,243,240,255
1150,227,233,231,247
1087,94,251,250,255
315,475,127,119,117
435,213,63,59,67
343,349,42,42,46
999,495,49,47,53
276,452,69,66,51
83,135,158,31,39
1103,344,239,238,255
641,49,45,46,47
813,41,53,51,53
592,490,173,170,176
3,122,154,23,35
986,365,45,44,49
699,396,98,107,137
1065,394,49,49,57
1090,453,240,240,255
466,279,104,107,123
214,3,166,151,176
262,350,41,43,46
676,459,97,74,54
902,424,56,44,96
466,296,24,25,29
451,5,36,31,31
266,489,85,76,56
883,145,47,46,52
579,325,47,43,47
883,12,78,68,62
306,40,43,41,44
1181,164,238,236,252
1109,52,235,230,248
1155,337,233,232,247
1138,183,233,231,244
699,183,237,239,255
263,34,162,160,183
1181,478,235,233,251
745,136,44,44,51
1034,20,109,83,65
793,175,47,47,48
455,149,44,44,45
663,260,44,48,48
516,196,217,221,237
56,461,44,48,48
62,195,40,30,33
999,387,46,46,51
518,495,107,100,75
793,494,166,160,177
25,30,227,226,249
1042,399,49,47,53
565,283,45,44,45
620,401,41,44,44
52,248,35,27,32
228,57,198,191,215
297,339,41,42,47
761,100,46,45,48
667,498,109,79,59
30,229,31,30,29
1037,100,48,49,53
1170,294,236,235,252
846,334,48,45,50
526,467,164,160,173
451,266,234,234,255
964,123,49,48,51
22,262,37,31,32
279,367,43,44,45
272,28,214,211,233
164,188,192,189,209
926,415,45,45,50
78,253,151,149,177
98,103,159,26,38
455,387,40,39,45
1097,403,245,243,255
195,464,50,46,51
69,455,49,49,52
980,91,48,46,52
474,239,70,67,86
605,333,42,42,47
672,296,44,45,48
677,405,45,44,49
354,449,76,75,56
800,439,46,48,49
804,469,69,59,57
911,135,44,47,51
359,455,78,60,52
701,108,46,47,51
398,74,37,30,33
319,332,39,44,45
919,100,49,47,52
615,418,41,44,46
646,38,47,46,50
56,319,37,38,40
482,71,42,43,43
112,449,44,48,48
132,99,158,54,72
520,213,223,221,243
362,122,36,33,31
857,321,46,45,50
734,85,44,46,48
795,84,47,47,51
274,428,74,70,56
662,151,45,46,48
643,491,146,146,156
587,469,120,112,103
12,416,55,53,52
865,270,52,50,55
762,137,43,48,49
201,187,190,183,204
1151,395,230,231,246
499,494,120,108,62
970,319,46,46,49
931,487,49,51,55
387,108,35,37,37
1076,170,49,51,56
392,329,43,42,46
4,192,61,61,65
710,112,47,44,48
854,392,47,45,48
646,27,50,49,52
459,7,64,53,43
554,374,42,43,43
1115,139,232,229,247
194,206,152,150,160
883,165,45,46,51
1092,145,132,126,87
576,76,41,43,48
249,36,85,76,100
125,413,42,43,51
71,165,168,32,39
429,187,219,219,240
870,270,53,52,56
238,283,207,210,229
846,463,47,46,51
678,110,45,45,47
1014,269,51,46,51
158,193,55,46,58
621,472,182,180,196
431,17,36,32,33
674,430,43,44,50
669,474,101,75,55
1183,151,238,238,254
17,492,63,59,54
915,58,81,73,66
187,357,41,42,44
550,157,42,45,48
249,139,30,27,27
43,113,147,20,29
81,322,37,31,35
143,384,42,41,47
206,39,162,40,58
281,171,186,182,200
1105,370,239,237,255
751,445,46,47,50
648,49,49,45,47
829,133,47,47,53
150,310,36,32,35
373,107,30,30,34
556,492,122,113,100
1168,217,239,235,252
469,411,43,44,47
1190,43,243,237,255
516,73,32,28,29
951,380,45,44,51
817,266,46,48,53
52,300,33,33,35
853,78,47,46,51
1103,47,234,231,248
466,179,47,47,52
8,248,30,29,31
1186,473,237,235,251
276,392,47,43,45
172,159,37,38,41
67,265,36,28,31
596,466,125,119,105
431,385,42,43,46
1101,149,243,241,255
955,452,59,51,101
259,392,45,43,46
314,88,30,28,30
47,350,39,42,42
152,68,156,141,161
573,181,228,229,254
160,74,158,142,165
786,19,51,50,50
211,160,34,29,31
671,21,49,51,52
758,52,46,47,50
408,183,50,48,53
309,335,41,42,46
993,6,128,96,73
1168,287,242,238,252
184,220,194,189,210
987,137,50,48,51
370,337,47,42,46
313,203,84,75,93
255,434,67,70,56
734,348,44,43,48
973,61,66,57,57
280,46,37,43,46
860,33,95,93,87
106,109,165,71,96
400,416,39,42,48
415,60,34,32,36
1098,56,238,239,255
1124,195,229,228,246
516,153,44,45,46
634,330,47,43,49
273,255,198,196,217
113,147,199,189,210
1036,464,44,48,50
1005,277,50,47,51
1139,292,230,229,245
450,206,226,226,245
399,235,145,147,178
906,414,44,46,50
439,351,45,46,50
150,457,48,45,47
624,205,67,60,61
1084,403,67,62,62
789,404,52,47,48
130,447,48,48,49
824,464,48,48,53
855,494,140,135,94
578,498,176,172,173
777,361,45,46,49
614,311,40,44,45
905,263,243,238,255
805,163,50,45,50
253,130,33,28,29
876,220,195,189,209
694,64,47,48,51
264,126,30,28,26
695,377,47,45,48
346,0,49,45,46
982,440,70,58,66
1182,403,239,236,253
925,453,47,45,60
809,235,61,60,61
462,91,43,42,43
1025,291,48,45,51
360,124,31,31,35
136,26,103,97,115
957,132,47,47,51
758,453,47,47,50
476,459,175,179,198
1122,188,236,231,248
613,215,87,84,101
552,18,48,48,50
324,190,191,189,208
6,29,226,223,247
723,69,41,48,50
39,337,34,36,41
1010,158,47,49,53
1171,335,235,234,250
322,35,37,35,36
457,225,230,230,249
182,221,191,188,209
159,468,153,138,117
159,7,134,126,146
490,218,196,197,213
522,211,110,96,112
1166,118,238,236,253
925,102,47,48,51
1173,348,237,235,251
687,226,236,237,255
230,268,203,202,224
183,194,192,186,208
749,348,45,46,51
235,450,50,47,48
832,497,172,165,170
624,370,43,44,47
893,258,243,240,255
721,225,235,236,254
369,204,84,77,83
494,120,40,43,46
230,87,35,40,44
819,499,162,156,146
1085,208,51,57,61
132,308,34,34,35
160,253,209,204,226
624,1,50,52,49
386,391,44,44,45
904,359,47,46,48
292,77,33,29,33
425,339,41,41,45
1094,470,235,234,254
529,122,45,44,45
643,26,51,48,51
62,303,34,32,37
1078,16,88,74,65
770,411,161,168,194
992,404,47,47,51
964,184,48,47,49
493,135,54,54,56
727,173,46,48,50
808,419,50,48,52
906,97,47,47,49
945,90,47,49,53
238,330,42,44,48
677,454,99,77,57
292,211,185,187,202
615,391,41,43,46
601,453,170,174,193
539,493,178,170,159
107,376,42,42,44
904,222,56,54,59
1183,472,241,236,252
168,92,161,152,166
1175,435,234,233,250
313,350,41,46,44
853,398,42,47,50
671,384,43,45,47
1147,423,230,230,243
594,403,42,42,47
66,395,44,44,47
105,385,42,41,46
461,232,234,232,250
854,361,44,44,48
951,290,43,47,48
599,480,175,172,180
175,245,204,199,219
663,234,238,237,255
110,82,150,131,152
795,468,86,77,65
893,69,52,48,53
294,182,188,184,207
750,116,45,47,49
1014,178,46,49,49
473,314,55,55,56
905,364,48,48,49
284,285,42,44,45
601,22,48,52,51
506,1,110,92,88
221,132,33,28,31
819,53,52,49,52
606,253,115,124,149
271,365,40,44,45
317,301,43,43,46
174,453,48,47,49
1013,33,96,76,62
512,271,48,49,51
86,30,113,105,115
167,275,208,207,230
461,448,180,183,203
375,470,55,49,50
917,66,77,75,69
593,226,239,235,255
293,229,198,195,210
207,391,43,45,47
62,29,147,145,166
722,221,236,236,255
895,469,48,49,51
488,489,106,94,58
870,395,43,45,47
784,145,48,48,51
800,81,47,45,49
657,12,50,51,52
1001,375,47,49,51
427,110,40,40,41
947,63,109,105,101
570,39,46,43,47
803,475,166,162,164
338,104,28,27,28
327,348,40,43,45
791,47,53,50,54
1063,432,49,50,54
550,197,202,204,231
788,48,50,50,53
1151,492,230,229,243
621,414,45,44,46
248,266,203,203,222
1152,68,237,233,249
220,226,192,188,212
574,216,235,232,255
501,345,43,42,46
634,162,46,48,47
730,465,150,142,155
476,430,127,123,104
228,418,45,45,50
837,134,45,47,49
253,60,84,77,99
889,441,50,48,53
583,468,153,147,149
614,346,44,43,46
676,11,50,49,51
640,75,44,46,47
562,479,136,119,101
1127,301,227,229,245
1194,398,240,236,251
665,282,43,47,48
905,161,47,47,49
513,434,141,145,161
263,11,37,28,31
746,17,50,48,52
11,401,42,44,47
632,273,46,44,48
449,206,228,225,247
460,12,121,93,70
295,257,202,200,222
874,81,46,49,48
1064,209,45,49,56
1012,45,105,82,63
997,235,46,48,51
245,273,201,202,225
10,341,44,40,43
59,426,64,62,58
1171,204,236,235,250
621,451,186,189,208
681,57,47,48,50
272,272,44,44,48
659,241,47,48,50
169,221,198,192,212
244,429,83,79,56
877,204,43,47,48
542,478,138,137,145
722,397,130,143,185
941,492,146,136,85
455,202,230,225,250
1037,418,50,45,54
910,9,178,121,78
149,4,35,28,31
448,210,75,50,85
510,12,82,61,51
106,50,40,26,51
1117,400,233,232,246
860,472,48,48,51
1078,13,91,73,64
498,182,195,194,210
1187,325,241,234,253
518,62,54,53,60
581,386,40,44,44
112,429,69,55,68
241,410,40,42,46
669,183,237,237,255
245,170,191,187,205
300,35,52,51,58
1076,192,206,209,195
780,245,241,238,255
1098,102,236,236,253
73,264,34,31,33
717,371,44,45,48
803,424,47,47,51
407,495,84,80,73
551,269,77,72,95
1183,389,239,238,254
479,51,46,43,44
147,369,43,43,45
1146,460,232,227,243
761,20,51,49,53
877,325,41,45,49
1149,274,233,231,246
928,271,46,45,48
681,74,45,45,49
7,24,228,225,248
477,246,28,31,32
523,417,41,42,45
463,26,101,78,59
919,109,46,47,51
108,270,40,35,41
961,444,45,48,49
890,460,44,49,52
839,144,51,48,53
707,431,42,45,46
442,468,145,111,108
404,86,35,34,35
739,259,238,234,255
305,354,44,41,46
602,210,233,231,253
433,419,43,45,50
377,450,181,153,156
700,53,50,50,47
1157,300,235,233,252
105,122,162,28,37
682,301,47,44,47
687,355,44,45,50
494,413,41,44,47
194,233,193,191,211
304,138,28,27,32
758,297,44,45,48
132,279,211,210,233
330,108,32,24,27
80,184,201,197,221
1164,74,239,236,254
442,21,45,43,37
355,93,31,28,29
1093,121,179,173,141
1065,269,50,49,52
795,324,46,45,49
176,83,38,30,31
616,419,46,45,46
1106,183,240,238,254
1169,387,237,236,250
484,52,48,43,46
1140,464,229,225,242
937,60,105,101,98
1082,28,247,247,255
1042,281,76,55,126
39,60,111,100,111
339,153,36,34,38
206,137,32,31,36
320,466,115,113,114
481,323,44,45,48
169,391,41,44,45
133,425,48,48,49
155,31,167,151,174
521,304,46,44,48
447,260,234,233,253
754,258,236,237,255
554,267,232,230,253
236,106,33,36,37
835,458,51,46,51
323,332,44,44,46
175,329,40,39,44
468,458,182,186,201
275,349,42,43,46
558,160,46,43,48
100,381,42,41,43
586,152,42,44,47
504,209,212,207,228
372,117,33,34,34
930,59,93,92,82
46,54,113,105,113
327,72,28,26,29
846,225,237,238,255
404,420,44,44,45
1083,249,251,249,255
75,317,33,31,33
962,330,46,46,51
267,197,186,184,204
1147,275,236,232,250
108,385,45,40,47
6,0,162,171,185
515,377,40,42,43
847,468,47,48,51
88,160,35,22,26
1110,244,237,233,249
266,410,45,42,48
1015,265,46,49,52
779,121,43,47,50
755,386,48,46,49
703,2,51,50,51
455,217,227,225,250
1168,436,238,235,252
685,418,41,43,48
19,186,77,82,85
485,435,183,188,209
562,173,49,47,49
1005,190,44,48,52
497,365,44,43,44
1031,68,98,83,70
834,18,91,87,80
934,256,43,45,49
693,330,44,47,50
443,28,44,38,36
585,276,44,47,50
735,461,145,142,154
1007,87,50,50,52
847,489,168,158,108
270,415,39,42,48
1072,410,48,53,55
971,200,47,48,54
178,202,171,171,179
851,64,48,48,50
233,218,189,185,205
121,122,161,32,38
165,444,52,50,49
1097,247,241,238,255
420,15,39,30,31
263,74,43,43,49
781,57,48,46,52
519,449,138,133,143
228,240,190,190,210
72,238,40,41,45
1025,219,50,47,54
1051,91,62,60,58
535,340,40,42,42
1093,363,242,241,255
1182,158,239,237,255
91,49,25,24,29
295,393,44,43,48
900,364,49,44,49
980,461,60,54,93
1012,434,44,47,51
242,115,31,27,32
187,476,46,44,46
932,119,49,48,52
155,271,209,207,232
457,12,109,82,61
1042,398,48,51,51
390,3,41,30,31
43,385,47,43,46
550,277,46,45,48
1105,198,238,237,255
525,61,45,44,47
865,341,50,46,52
543,296,44,42,47
917,73,48,46,52
284,90,34,30,32
885,348,49,46,47
912,209,43,48,51
630,114,47,45,50
559,45,43,42,46
421,2,39,30,27
624,234,218,218,251
1078,412,52,54,55
1008,438,44,47,51
1051,37,93,80,70
460,469,184,186,201
9,46,63,63,68
1192,466,237,236,250
1170,101,239,235,254
586,478,119,109,96
684,112,45,45,49
904,66,109,105,105
1142,110,232,229,244
332,22,37,35,37
514,352,40,42,43
1088,230,110,105,82
583,321,44,43,47
241,288,44,43,46
517,374,43,39,46
875,74,48,51,51
159,460,52,52,52
734,267,47,49,49
893,207,47,48,50
942,142,48,47,53
224,242,179,185,197
186,211,50,44,58
977,380,47,47,54
399,467,55,53,51
884,89,42,47,50
785,309,45,44,50
996,426,47,46,53
815,157,46,49,49
954,102,46,48,50
548,367,43,42,46
824,48,55,56,56
197,374,45,42,47
469,384,43,45,47
159,390,44,43,48
121,212,204,203,227
948,425,46,46,49
968,37,95,71,60
590,80,46,43,48
468,13,123,97,74
20,313,43,37,40
244,432,72,73,52
300,323,43,43,45
665,241,52,49,51
475,178,44,44,47
674,30,47,50,53
278,6,206,196,216
163,354,39,42,44
674,133,43,44,49
171,91,42,34,37
1109,467,234,231,248
795,5,49,51,56
1068,57,71,68,62
777,290,48,49,52
1128,2,230,229,245
994,192,48,48,52
831,431,45,45,50
437,49,32,35,39
1131,108,230,225,242
662,108,44,44,49
110,280,167,160,178
648,375,43,42,47
505,430,48,46,45
712,154,47,43,51
933,288,47,46,48
485,100,43,42,47
1001,353,48,48,52
611,360,45,44,48
622,383,45,43,45
1008,471,48,47,53
181,118,141,135,160
873,460,46,47,50
942,196,43,46,48
788,412,136,141,141
536,272,50,49,50
665,271,44,47,49
336,149,35,32,38
124,23,23,28,27
463,408,45,47,48
478,140,44,43,48
251,344,44,45,48
1102,40,240,239,255
911,222,51,53,54
547,495,119,111,84
484,175,46,48,53
316,352,41,43,48
495,265,218,218,239
388,132,40,38,41
766,306,46,44,49
1058,36,111,100,93
252,230,185,184,206
1158,447,230,230,246
454,218,230,227,251
845,192,48,49,52
232,267,202,204,224
462,206,224,226,248
1161,94,236,236,251
597,281,42,45,47
507,224,219,218,240
1081,280,247,245,254
73,222,198,203,221
42,23,65,63,67
560,394,45,41,42
57,467,46,47,51
595,203,94,66,107
419,219,223,221,242
627,206,235,232,255
427,280,44,46,47
1160,366,235,232,251
607,47,45,44,48
645,469,93,91,95
481,79,45,40,45
101,180,160,167,191
1138,426,233,229,242
1148,134,232,232,246
232,421,45,44,49
213,370,44,44,45
318,292,42,44,46
919,490,175,161,127
1091,50,64,64,72
947,329,48,45,49
372,422,37,45,45
990,127,44,48,53
37,274,34,30,32
847,165,46,47,52
1135,354,232,231,246
795,387,43,46,51
181,373,40,41,43
1118,334,234,229,248
362,145,38,35,39
210,293,40,41,43
92,209,190,201,224
1030,308,46,47,51
1095,372,244,239,255
602,408,42,43,46
954,413,45,46,49
471,369,44,44,46
209,417,44,42,48
408,272,216,220,243
227,99,31,37,40
812,89,48,45,52
58,296,29,31,29
615,32,44,47,47
21,178,101,98,101
256,183,187,184,205
661,359,45,44,49
972,158,49,49,54
735,233,229,225,231
958,363,40,46,50
266,267,49,45,50
49,324,36,33,39
249,88,44,44,48
347,428,43,41,46
47,370,41,43,45
550,207,201,205,210
438,260,232,233,251
445,480,138,133,141
754,254,241,239,255
244,380,42,43,45
1000,163,49,48,51
420,491,191,190,202
368,55,32,24,26
393,274,52,50,55
1067,439,51,50,54
541,479,153,150,161
672,323,44,42,48
140,165,73,65,82
136,484,48,49,52
1113,104,230,228,247
1108,153,239,238,255
776,432,49,45,51
511,94,37,29,33
497,211,177,176,206
120,186,217,218,249
452,142,43,45,48
756,421,49,47,49
950,66,102,93,96
1030,438,47,48,52
935,282,46,47,49
420,41,33,30,29
963,155,50,46,50
896,92,48,46,50
56,457,53,48,53
184,233,61,55,70
652,192,238,237,255
969,477,48,48,51
952,372,42,47,49
1069,290,55,53,58
363,99,31,28,31
240,6,175,165,187
31,425,53,53,52
529,15,72,50,37
380,493,89,73,60
136,337,40,37,39
1196,479,236,234,250
1029,459,49,46,53
1049,116,50,50,52
981,318,50,47,48
691,68,44,45,50
713,488,150,141,150
704,23,52,49,51
490,472,105,105,86
605,406,44,43,47
131,3,119,109,123
999,287,44,48,50
637,325,43,45,46
250,66,45,46,49
618,34,43,45,48
625,337,44,43,47
535,130,44,46,48
980,216,45,46,53
1179,238,237,235,252
1083,352,253,250,255
37,206,108,107,115
608,267,43,44,50
260,111,29,28,29
247,295,46,43,47
498,312,46,43,47
1194,178,240,239,254
1123,4,232,227,249
833,292,45,45,51
530,167,43,44,48
165,217,194,188,209
402,81,34,31,34
611,88,43,45,48
735,175,44,47,50
1114,143,234,231,249
829,247,133,123,167
1139,399,235,230,248
96,278,36,32,35
780,208,238,237,255
182,408,46,43,48
976,75,68,61,59
33,306,37,36,36
847,317,47,47,50
814,191,47,48,53
519,427,42,42,49
1155,113,238,233,250
927,374,45,46,50
781,283,48,50,55
775,396,46,45,48
685,494,114,87,61
454,87,41,40,42
1072,498,244,244,255
229,155,37,31,35
864,46,100,91,84
224,166,186,182,202
297,267,78,75,98
75,271,33,30,33
1077,328,80,68,92
518,422,44,42,45
515,148,46,45,48
118,59,161,142,164
1102,58,238,236,253
1029,345,48,48,53
858,233,240,238,255
410,111,38,38,41
251,190,187,185,204
75,409,44,46,49
81,93,151,23,33
654,296,40,46,47
647,7,47,49,51
361,383,42,42,48
916,170,51,47,53
571,431,43,43,45
123,33,41,31,36
1,24,224,222,247
320,323,42,42,46
303,45,41,38,42
755,378,44,44,47
604,154,50,46,50
767,305,45,43,50
304,8,110,111,130
721,259,237,234,255
201,150,35,28,33
546,134,42,43,47
1019,38,96,77,63
328,116,29,29,32
206,256,199,198,218
5,382,44,45,49
677,0,48,47,50
919,267,48,49,52
822,425,47,47,49
91,9,100,92,102
1078,103,57,58,61
421,427,46,43,45
971,158,50,48,51
548,408,39,43,47
1047,265,48,48,53
407,389,43,43,46
862,186,47,46,51
580,427,42,43,47
883,266,239,235,255
1153,76,236,234,251
1163,496,234,232,249
1154,421,235,231,247
496,423,43,45,46
447,367,66,67,68
1186,411,236,235,253
180,171,192,189,208
443,185,51,50,55
1195,12,240,236,253
494,93,46,41,45
640,23,51,51,51
502,277,44,47,47
425,66,36,35,38
101,223,205,205,227
345,28,40,31,34
305,136,30,29,30
1158,281,236,233,249
487,175,65,64,67
55,364,39,41,44
726,139,46,48,50
13,141,163,25,33
87,22,114,104,112
568,484,141,130,119
830,417,158,161,124
685,251,43,46,52
514,120,48,46,51
903,134,47,49,55
1053,470,46,49,53
486,376,43,44,44
189,46,190,176,198
1028,64,105,92,78
157,385,40,43,46
1049,245,46,50,55
345,58,34,23,27
579,297,44,44,44
272,393,45,44,48
46,456,52,45,51
1174,319,240,238,250
904,366,47,45,48
294,409,46,42,48
394,327,43,43,46
49,85,191,187,208
462,422,49,46,47
383,403,44,44,47
362,478,83,73,61
761,71,45,47,49
522,455,135,131,142
794,445,43,47,51
183,5,155,26,35
630,125,43,45,47
923,297,48,46,50
31,309,39,36,36
25,363,47,42,49
801,359,48,44,49
326,353,44,43,46
635,220,120,119,151
791,444,48,47,54
51,182,174,36,42
778,347,42,47,49
69,215,183,180,199
148,169,198,197,217
382,400,43,43,48
964,405,47,45,49
166,25,164,147,173
266,392,47,42,45
527,390,42,39,42
469,352,46,49,54
449,251,176,176,208
539,474,171,167,182
17,186,80,80,87
430,115,44,40,44
190,302,38,38,40
789,261,243,238,255
519,369,43,42,42
163,482,47,46,50
1197,331,238,238,255
824,146,46,47,50
871,399,48,46,48
641,371,46,45,50
181,278,212,208,231
560,248,228,229,255
878,265,234,235,255
778,472,165,161,171
574,122,46,45,48
850,441,47,45,53
368,326,43,42,46
182,161,37,34,38
699,130,42,44,47
350,10,43,37,39
1144,76,230,230,243
764,386,46,46,50
763,400,47,47,49
225,314,41,43,44
1161,384,235,234,249
563,245,233,232,252
549,20,44,49,49
1145,454,232,229,243
877,399,51,45,47
636,43,44,44,46
385,441,197,202,223
139,317,35,35,36
39,360,43,45,45
777,24,49,50,53
730,333,47,46,49
525,427,43,41,47
129,147,55,49,63
283,371,41,43,44
925,89,48,47,53
1179,235,240,238,254
205,284,77,75,100
179,116,111,111,129
264,125,31,26,27
178,140,36,38,43
840,336,47,45,50
423,82,42,37,38
764,75,43,47,48
856,81,45,46,52
473,119,42,42,46
1111,112,235,232,247
1017,262,47,47,54
860,233,237,237,255
463,370,53,53,56
757,58,48,44,49
793,108,45,47,50
20,93,120,93,76
46,65,113,103,108
219,195,185,180,197
1141,433,230,227,247
945,203,44,48,51
326,366,44,43,48
451,452,142,136,150
1160,245,235,233,251
239,33,34,30,32
476,393,42,43,44
1178,347,241,237,254
1169,124,236,236,251
1012,194,44,47,52
733,40,52,49,51
454,220,83,82,96
204,436,45,47,50
833,35,75,73,64
724,175,47,47,49
0,127,154,26,31
121,130,38,30,33
25,88,112,92,91
73,428,64,61,54
1123,138,228,230,243
836,279,48,47,50
223,442,48,47,50
517,246,222,222,239
136,362,44,39,46
241,362,44,43,48
425,74,36,37,38
351,377,41,43,47
223,330,42,43,43
720,377,43,46,49
23,251,33,28,34
1091,70,176,166,155
591,157,44,46,47
237,449,47,49,47
270,472,105,98,70
265,146,33,26,31
180,480,49,46,50
826,434,43,45,51
402,176,43,45,48
164,198,82,73,98
389,203,150,150,174
1054,487,49,50,54
452,315,44,47,50
1130,258,226,226,244
360,51,29,22,27
193,216,191,185,205
41,74,110,103,110
128,392,43,42,45
401,446,198,199,218
972,455,53,44,67
652,452,56,53,55
355,369,42,43,47
774,313,44,46,50
566,440,151,150,158
828,338,45,48,52
610,404,43,43,46
520,435,165,165,187
1016,21,104,81,60
934,228,46,47,51
1082,223,243,244,255
555,126,43,45,48
999,449,53,56,96
356,362,44,43,45
377,175,196,196,216
960,40,93,70,59
406,490,72,71,62
380,253,212,212,233
21,129,154,26,30
723,398,56,49,84
436,428,87,85,92
1144,200,234,230,247
368,230,208,208,231
1154,141,235,231,248
1084,433,244,245,255
724,177,47,46,50
737,454,50,49,50
1193,496,234,236,248
822,86,44,47,50
7,450,50,50,52
517,334,39,43,44
559,121,43,45,45
785,87,47,46,51
350,181,194,194,213
538,412,47,42,45
194,70,205,194,216
449,144,43,42,48
587,86,42,44,48
180,222,189,188,207
30,373,46,43,44
844,115,47,46,49
490,58,42,43,44
699,102,46,46,49
755,273,47,47,51
1035,229,45,49,52
448,488,178,182,199
1011,151,50,48,51
663,378,43,45,47
660,299,43,45,47
139,111,80,31,35
456,29,76,56,43
886,3,86,79,72
490,482,112,108,64
468,219,185,183,212
401,296,42,43,45
1038,111,50,47,52
636,259,46,46,48
757,60,48,47,52
756,236,238,237,255
186,423,47,49,50
442,268,232,232,253
343,235,202,202,225
1186,261,239,237,254
863,371,48,46,49
685,32,52,48,48
1036,423,52,50,54
871,333,47,44,51
949,71,105,96,94
302,242,198,198,217
477,236,28,26,26
26,117,147,21,32
32,486,55,52,50
1089,3,251,252,255
743,485,138,139,122
762,7,50,49,51
980,84,48,48,51
254,452,64,63,54
371,69,29,25,26
425,109,41,40,40
445,63,42,39,41
554,491,129,122,111
734,296,45,46,48
835,175,47,47,52
254,223,189,187,206
58,202,109,104,110
66,111,152,25,36
790,431,46,45,48
798,220,244,240,255
528,301,44,43,44
192,338,43,41,45
1137,452,229,225,240
834,19,90,86,79
39,440,51,49,52
490,255,210,212,232
511,262,221,221,243
468,157,45,42,46
1056,12,84,70,62
477,11,54,45,45
394,11,37,28,26
770,368,45,45,48
217,155,32,29,31
864,239,182,183,215
191,343,44,41,46
864,424,168,169,144
867,424,50,52,54
458,339,12,22,20
173,490,45,46,48
30,52,99,93,106
819,72,47,47,51
1018,184,43,49,49
844,493,166,157,110
738,44,51,49,52
715,260,64,54,70
1137,457,228,228,241
244,68,104,109,125
701,91,47,48,49
310,218,194,191,206
1016,416,46,47,51
529,436,164,165,184
1160,30,237,233,250
786,217,243,241,255
567,434,46,45,46
607,106,47,46,45
622,68,43,43,47
549,116,45,43,48
1175,411,236,235,253
28,38,225,225,252
662,473,91,70,54
1055,1,162,154,182
807,440,47,48,50
477,498,96,85,53
1027,330,50,47,52
286,407,43,42,47
735,146,47,46,52
870,217,55,55,59
664,108,42,45,50
537,59,45,44,47
465,296,44,49,52
694,469,119,94,65
90,416,50,48,50
1125,80,228,227,243
205,416,42,43,47
161,354,43,41,43
1186,58,242,237,251
813,271,50,50,54
11,181,77,79,82
1111,197,236,234,253
770,210,239,239,255
20,211,31,27,33
943,212,44,48,49
1191,460,236,236,250
810,393,45,44,49
1022,409,46,49,52
342,260,213,210,232
143,334,36,36,40
117,18,34,29,33
138,125,202,191,214
23,491,60,57,53
1089,361,248,244,255
298,57,36,33,40
53,193,105,99,100
13,188,92,99,92
955,455,56,45,79
301,269,51,48,53
251,416,40,44,47
1026,349,48,45,51
1129,280,227,226,241
796,433,46,46,50
579,337,41,45,45
966,258,47,47,48
491,384,39,42,45
68,108,152,25,33
59,294,35,32,35
1162,147,238,235,252
844,97,45,48,50
1152,16,232,233,250
1114,256,230,228,244
73,13,199,200,209
196,311,41,40,41
1116,207,229,231,246
866,236,239,239,254
67,227,80,76,93
783,168,48,46,50
47,409,45,46,48
568,378,45,42,47
490,158,61,60,64
1052,246,48,49,53
442,287,47,48,49
46,28,62,65,68
355,300,42,45,42
189,201,187,185,199
309,86,30,25,30
432,160,43,44,48
474,141,41,44,46
838,155,47,48,49
792,339,45,45,50
903,435,48,49,51
583,473,116,108,92
531,280,44,44,48
691,59,42,48,51
1012,18,109,85,65
678,2,48,49,53
945,327,45,46,48
157,244,207,202,222
1093,248,246,245,254
929,250,47,48,53
9,353,46,42,48
991,337,43,48,49
748,274,46,46,48
103,494,48,48,53
884,103,47,49,52
602,434,45,45,45
1081,320,250,246,255
769,236,168,171,198
819,95,45,46,50
155,37,149,130,153
698,149,46,47,51
652,112,45,45,47
357,52,28,27,26
844,306,47,47,54
519,446,145,142,156
938,51,115,91,84
543,266,226,229,250
411,262,226,228,247
275,198,188,186,205
1039,362,50,50,52
661,369,43,45,47
1166,217,237,236,251
1089,10,181,179,188
27,302,35,37,38
388,425,43,46,46
559,152,46,44,47
547,101,44,43,47
720,304,44,44,48
870,480,107,97,55
748,358,42,44,48
955,190,49,49,53
802,269,238,238,255
1125,157,229,229,245
538,449,143,143,153
1056,358,48,49,53
1000,415,48,46,52
433,33,38,33,32
990,276,45,46,50
946,75,83,83,77
73,177,204,197,219
49,217,73,71,76
823,435,41,46,48
996,423,47,47,51
965,267,45,47,52
555,187,233,228,252
353,395,44,41,45
626,481,182,178,192
107,227,201,199,220
337,326,38,43,43
163,114,35,30,32
718,379,45,46,47
462,202,230,228,249
694,16,53,48,51
154,391,42,41,47
40,236,31,29,31
1049,418,50,50,54
346,279,44,43,47
205,159,32,29,32
425,361,37,46,44
87,68,170,156,176
720,473,152,147,156
610,16,48,48,52
382,328,44,44,47
992,142,45,49,49
165,293,39,37,41
1079,7,200,193,161
1148,326,235,233,248
824,380,46,46,48
535,230,67,58,80
257,447,54,56,50
888,334,47,48,51
755,220,234,234,254
631,368,45,42,50
231,300,42,44,47
383,217,209,207,227
29,416,69,69,57
898,168,51,48,53
1012,394,48,48,50
522,62,39,41,43
229,377,47,44,47
321,176,187,185,203
334,157,37,35,38
807,281,46,46,51
990,320,48,47,52
465,153,45,46,48
265,21,38,33,40
351,298,42,43,47
654,19,52,51,52
38,174,173,32,39
874,246,234,234,255
115,380,42,42,45
765,265,237,240,255
475,402,43,44,47
288,5,157,158,181
1139,402,235,230,247
584,5,93,79,60
594,30,44,46,50
369,168,45,44,47
342,343,44,42,44
227,355,43,44,45
1143,183,232,231,245
1016,394,48,47,51
664,249,46,46,48
383,256,217,216,238
1028,70,96,87,72
562,118,42,45,47
108,104,160,31,40
1045,253,47,48,55
1104,335,236,235,254
304,444,71,70,53
1148,413,230,231,247
206,230,181,177,198
1184,239,238,236,253
1164,83,239,234,253
414,295,46,44,50
283,487,74,70,58
285,375,43,43,47
340,112,32,30,30
855,319,45,46,50
82,55,157,156,165
1034,288,48,51,54
349,104,34,30,32
25,476,46,48,51
584,151,47,46,46
57,350,43,39,45
406,282,44,47,46
1088,272,79,78,81
1146,301,237,229,247
286,494,47,45,49
764,162,47,46,49
539,236,90,91,117
891,390,45,44,51
174,269,209,206,231
1176,12,240,236,253
555,425,40,43,44
76,291,32,30,34
907,233,240,238,255
654,495,100,73,60
141,326,36,34,36
854,378,47,45,48
100,56,90,77,99
1086,436,236,220,222
324,407,42,42,45
1097,447,236,236,254
541,162,48,44,47
231,141,31,26,30
295,327,43,44,44
277,47,39,39,44
1035,270,47,48,52
1059,82,75,67,60
234,42,39,30,33
717,330,44,46,48
194,272,205,206,227
639,66,44,46,49
43,257,34,29,29
203,454,48,45,51
888,203,48,47,50
831,146,50,48,49
992,477,51,52,56
861,93,46,48,49
839,204,51,48,52
1165,210,238,236,251
1197,446,233,232,251
470,90,43,43,46
1052,261,50,51,53
126,496,49,45,49
377,320,44,44,46
1020,80,94,81,67
1044,424,50,49,54
648,468,70,61,77
975,482,45,47,50
1039,434,50,48,52
470,153,46,45,46
16,195,104,101,110
194,252,202,197,220
796,162,48,48,50
690,388,40,44,46
884,287,44,45,50
924,106,46,48,52
907,159,48,48,50
357,183,197,195,215
936,218,46,48,51
345,180,194,192,212
1178,205,239,238,253
848,262,239,239,254
823,6,86,82,80
868,409,44,46,51
188,453,49,48,50
828,7,94,91,84
551,172,47,46,49
906,22,122,114,106
1024,437,47,48,51
578,423,42,44,45
76,251,44,42,42
1133,435,229,227,238
643,393,46,44,53
994,329,46,49,51
1135,454,228,225,240
291,226,194,190,214
574,390,44,43,47
800,379,46,47,50
527,229,224,222,247
1180,285,240,234,254
549,187,228,226,249
900,259,244,241,255
480,264,192,191,207
1037,142,46,50,52
416,137,43,41,43
234,82,45,46,54
782,61,45,47,50
462,373,57,57,59
394,298,41,44,48
804,72,47,47,49
591,267,210,211,248
312,240,64,59,68
724,193,241,238,255
425,236,220,218,240
967,370,44,49,49
229,39,34,29,31
177,467,53,53,50
784,114,43,45,50
674,418,43,46,47
874,303,47,46,50
974,52,73,63,57
976,239,52,48,52
640,340,41,44,46
1143,14,233,230,245
132,367,41,40,44
305,322,44,44,46
240,358,40,44,46
988,265,42,45,50
1049,259,51,49,53
65,134,156,29,40
857,176,45,49,52
1054,484,48,49,55
430,164,42,42,46
475,463,176,180,194
520,455,153,151,158
218,145,34,27,33
907,472,48,49,50
568,180,231,230,255
571,408,42,42,46
803,390,47,45,49
297,489,49,46,49
687,357,43,47,47
491,363,42,42,46
439,403,130,134,164
237,132,34,26,31
1006,150,48,48,53
1095,385,246,244,255
150,24,157,139,164
598,353,42,40,45
1093,150,239,231,203
1152,71,236,235,249
1160,361,235,233,249
97,253,216,214,240
369,108,37,29,36
685,429,42,43,45
1158,307,235,233,247
545,252,231,229,251
970,445,50,49,52
147,329,36,33,38
33,294,36,32,35
1063,109,50,49,54
143,328,36,38,39
294,224,192,190,205
82,425,56,53,56
293,375,45,45,46
995,436,45,47,51
480,235,22,24,26
460,365,47,46,44
1107,375,237,237,253
678,40,44,47,48
406,308,44,44,45
594,112,48,44,46
316,100,35,25,27
812,335,44,46,48
891,88,48,47,52
1175,404,237,234,249
1093,451,238,239,255
185,84,35,32,35
337,353,43,44,47
248,96,35,39,40
1081,37,237,239,252
793,152,46,47,50
830,159,46,47,51
899,231,242,237,255
763,386,45,44,49
885,363,47,46,50
210,238,50,41,50
923,168,50,47,51
220,335,42,43,45
926,369,45,48,50
734,370,45,45,47
607,418,45,45,48
1077,244,226,228,243
1117,423,233,230,246
941,316,44,46,50
99,445,51,47,52
819,415,52,47,55
1089,452,241,242,254
390,315,43,45,47
423,309,44,45,44
174,477,44,44,47
141,410,46,44,48
64,235,36,34,40
623,378,44,44,46
1068,5,103,82,64
980,495,51,45,52
696,81,44,45,49
696,36,50,50,50
70,381,45,43,46
742,431,46,45,46
417,1,35,31,31
332,459,84,78,64
971,139,49,48,52
1049,111,51,50,54
96,110,156,27,41
61,5,232,229,254
1197,420,236,233,252
936,256,46,45,50
855,316,45,49,50
188,302,38,38,42
577,311,45,47,47
1106,133,236,235,252
898,358,47,47,50
739,248,242,237,255
362,474,71,67,60
722,59,46,48,51
116,338,35,35,37
235,455,70,67,52
519,300,43,42,50
234,5,180,166,191
1186,327,239,234,253
21,164,173,36,43
296,304,41,43,46
1126,375,229,226,245
567,19,52,50,50
629,133,43,44,47
15,108,140,20,28
433,159,44,43,45
274,365,39,44,47
1153,358,239,233,247
493,202,60,51,53
256,175,190,184,205
935,139,46,47,50
436,136,38,42,46
895,296,43,46,51
292,389,44,45,48
288,364,43,45,43
456,323,82,84,85
741,30,49,49,51
357,226,207,206,228
315,171,85,86,92
1020,493,49,48,51
293,117,31,27,27
942,183,46,48,51
1019,417,49,46,53
1101,86,238,237,254
987,450,49,49,55
722,411,45,43,46
1133,391,228,230,245
1126,358,231,229,244
537,253,227,227,251
233,45,39,36,35
52,360,42,41,46
9,117,150,25,31
823,482,169,165,182
60,204,56,51,58
284,42,40,43,48
669,461,89,69,53
1142,96,231,230,246
661,111,46,46,49
779,495,155,151,164
780,392,49,47,48
431,143,43,40,45
901,282,51,47,49
315,282,45,45,45
18,452,51,50,53
151,456,48,47,52
818,221,240,238,255
1026,414,47,47,52
97,242,219,219,241
749,382,47,47,49
873,150,45,48,52
602,168,46,45,49
133,7,186,185,205
323,214,70,66,69
907,132,47,47,51
606,368,46,43,45
487,84,43,43,46
614,251,233,234,255
1090,411,245,245,254
323,466,101,96,101
655,207,237,235,255
157,26,167,147,174
1095,182,250,249,255
986,74,75,64,61
56,220,114,111,117
162,147,47,49,57
414,399,42,44,45
857,493,126,122,83
127,4,121,111,124
1089,413,247,245,255
342,95,33,26,25
895,155,47,46,50
715,14,67,55,56
1137,74,230,228,244
20,195,89,83,86
544,21,47,46,50
463,114,42,42,44
1035,59,151,138,119
26,359,43,43,45
457,325,80,79,83
600,396,39,44,43
1145,480,232,229,244
1190,128,242,238,255
864,212,53,50,54
1047,412,49,47,53
256,345,42,43,46
632,130,46,45,48
663,335,43,43,48
526,278,46,45,46
939,21,96,70,59
214,416,42,42,47
411,331,44,43,49
164,261,209,204,228
572,171,43,47,49
827,362,45,46,47
511,154,46,46,53
1155,267,236,233,247
268,97,34,28,30
284,300,42,42,47
484,114,41,42,46
598,142,44,44,46
35,254,35,30,32
337,410,43,42,45
274,253,197,196,217
567,198,230,228,253
569,195,231,230,253
55,372,40,44,42
522,56,41,41,45
854,442,49,47,50
450,340,45,47,50
1144,149,231,230,247
1141,250,233,230,247
926,395,46,46,51
639,294,46,44,48
258,499,92,79,55
485,111,44,42,47
383,132,39,38,41
559,164,42,45,48
1109,281,235,231,249
667,174,51,52,54
764,77,47,47,51
500,211,67,52,62
701,201,238,235,255
837,214,190,187,203
42,280,34,31,31
237,309,44,44,46
123,286,38,32,36
955,278,49,46,51
697,324,46,46,49
236,254,200,199,217
1016,18,100,78,61
1120,425,230,229,244
147,44,133,116,136
785,276,239,236,255
589,427,46,42,44
49,326,34,37,38
837,179,47,47,53
256,73,47,47,51
706,356,46,47,48
133,492,47,48,53
973,255,48,45,52
452,468,184,188,205
638,153,46,46,51
193,131,36,37,40
1174,454,236,233,251
1093,300,237,235,255
818,458,45,45,50
879,175,45,46,52
1079,60,244,241,234
122,217,200,196,220
1040,437,49,48,50
253,192,191,188,206
684,178,53,53,57
95,441,46,46,50
235,372,43,43,47
1071,351,72,61,55
796,190,46,46,52
49,483,49,47,49
1191,433,226,228,245
435,41,36,33,37
843,150,46,48,50
82,146,158,27,34
185,441,46,47,49
709,310,45,44,49
344,388,41,43,44
1093,141,218,211,178
621,85,43,43,49
90,395,44,42,45
1179,469,235,235,252
1074,369,49,51,55
471,415,45,44,47
518,243,195,192,198
1091,341,246,244,255
797,213,241,239,255
183,282,209,214,235
259,456,93,86,55
654,150,43,44,47
94,119,186,144,147
1097,110,237,234,253
840,283,45,48,53
297,55,39,36,39
1002,391,49,47,51
344,12,42,36,38
490,143,45,42,48
705,418,43,43,47
127,18,49,35,48
18,419,56,50,54
955,425,44,47,50
665,56,43,46,49
32,277,33,27,30
873,154,47,45,49
784,182,46,47,49
65,23,36,30,32
1179,174,237,236,254
711,490,140,132,134
1199,242,237,236,251
529,411,43,41,43
765,127,42,45,49
183,43,180,163,186
242,289,44,44,48
385,39,30,26,27
759,468,129,128,107
928,202,45,48,52
696,339,46,47,50
682,222,202,203,240
1126,482,228,225,242
216,204,182,179,197
864,16,101,97,93
136,424,48,47,48
627,225,239,236,255
89,228,207,206,230
889,471,45,48,51
109,367,38,41,41
444,46,38,35,40
315,89,31,25,30
725,125,46,44,48
152,429,49,51,52
74,339,39,38,40
397,177,47,45,49
1025,155,48,47,52
548,343,44,42,44
271,152,34,28,31
284,498,54,49,47
526,482,112,109,98
1181,41,240,238,252
1166,199,234,236,253
958,360,44,46,50
149,339,37,37,38
553,162,47,44,50
493,343,44,42,44
1060,446,51,50,55
728,6,53,48,53
1072,384,222,210,171
688,91,45,44,51
512,155,47,47,50
334,147,35,34,37
581,142,44,43,47
800,196,46,49,50
545,128,46,45,47
850,188,46,46,50
739,124,44,48,51
324,197,194,194,211
29,59,112,100,115
564,486,164,159,164
951,294,44,46,51
916,231,155,155,224
201,450,47,50,48
1052,253,52,51,54
724,156,51,50,54
207,280,208,206,227
1150,353,237,230,246
672,278,45,45,50
71,103,152,22,32
475,408,42,43,46
927,312,44,48,49
661,479,97,71,55
221,141,35,29,30
531,41,47,43,47
1130,405,231,230,242
1105,355,238,238,255
1187,72,241,235,255
1056,464,50,50,54
555,157,42,43,45
316,372,42,43,46
23,113,145,20,30
508,458,156,157,166
610,459,148,154,168
142,82,156,142,162
107,380,45,41,46
181,301,39,38,41
472,375,43,46,47
302,397,42,43,45
272,129,28,28,29
228,243,193,191,210
201,322,40,44,45
91,476,81,72,68
30,165,171,31,37
338,302,40,44,47
743,363,46,44,47
210,88,104,110,126
221,449,47,47,49
1034,465,44,48,52
169,46,161,148,170
1187,252,240,236,253
105,102,157,31,37
1013,41,103,82,63
333,194,189,190,212
208,472,41,47,52
911,185,47,48,50
975,182,47,47,51
298,178,185,184,205
501,258,221,219,242
314,302,44,43,46
181,358,40,42,44
1136,340,230,229,244
1110,92,234,233,251
1034,411,45,46,51
138,201,202,201,221
198,106,109,112,132
779,240,90,74,98
460,378,54,54,59
811,328,46,47,50
1115,79,233,229,246
770,415,45,48,52
892,251,242,240,255
1082,262,58,56,60
180,457,51,48,52
285,272,43,44,46
602,428,45,46,48
214,287,43,44,45
737,400,114,108,119
963,391,48,47,50
518,343,41,43,48
217,188,189,186,205
822,249,238,237,255
102,15,118,107,120
1004,176,50,50,54
901,393,43,45,50
306,496,47,44,50
1028,308,48,46,50
973,0,106,84,72
605,225,232,233,255
586,323,46,43,47
983,247,46,47,51
591,211,230,227,253
661,404,42,44,45
1152,154,233,232,248
85,427,49,50,53
299,283,39,42,48
470,41,61,45,45
208,478,54,47,51
858,242,236,238,255
772,349,48,46,49
191,488,47,45,49
584,59,42,44,46
944,55,109,78,67
22,287,36,31,33
812,409,136,143,174
910,240,239,238,255
776,422,45,46,47
888,33,110,108,107
276,454,75,72,52
1036,222,46,47,50
829,193,45,46,49
951,213,46,47,49
512,244,217,216,244
751,152,42,45,51
1182,103,240,237,254
249,380,40,40,47
407,243,218,220,242
71,87,151,24,34
220,198,100,95,122
306,183,190,189,208
225,266,202,201,222
1046,486,47,48,54
1083,13,60,58,64
46,384,45,44,45
545,273,47,47,51
948,85,47,46,51
1102,31,242,240,255
640,235,51,49,60
480,403,41,42,45
468,138,42,42,45
10,160,173,27,39
349,134,36,34,34
879,76,48,48,52
9,430,51,53,52
42,379,45,46,46
932,149,44,48,50
271,476,105,98,84
507,288,49,43,47
77,130,157,41,70
630,427,45,44,47
58,393,41,43,47
950,1,115,84,65
329,302,43,44,47
760,418,46,46,49
669,496,106,78,59
0,302,42,41,39
475,195,229,227,251
356,486,57,56,51
600,433,46,43,49
713,109,46,46,47
376,365,43,44,46
525,19,63,42,31
74,388,43,45,46
348,87,30,25,28
1168,447,233,231,251
1126,154,232,228,243
336,426,40,44,46
1026,275,47,50,56
622,399,44,42,47
797,305,45,47,50
1119,150,235,231,246
858,229,237,238,255
779,314,43,45,51
593,397,43,45,44
636,158,44,45,48
836,399,48,46,49
141,48,132,116,136
502,392,42,42,46
160,206,172,171,180
247,1,174,161,186
417,294,41,43,47
183,462,49,48,49
1022,159,50,47,53
368,294,42,43,50
750,456,50,47,50
1186,54,241,235,254
774,211,243,240,255
1053,11,77,65,63
706,215,76,60,98
125,111,165,32,39
851,219,238,235,255
340,33,38,31,32
1017,443,47,48,49
153,300,39,33,38
480,89,43,44,43
1120,196,232,228,248
773,25,51,51,55
813,426,50,48,49
1064,294,220,227,216
470,227,213,214,234
785,66,50,46,53
1063,255,48,50,55
928,22,97,67,59
604,286,47,47,47
1019,245,53,48,52
578,340,45,45,46
569,400,41,42,44
738,138,46,45,49
145,178,209,210,232
270,248,194,192,213
787,386,42,45,47
145,287,40,39,42
1187,261,239,237,254
1111,235,238,232,249
282,266,125,125,150
756,386,45,44,49
1007,435,48,47,52
150,151,151,148,169
987,461,145,143,154
791,159,51,46,51
836,40,91,77,65
102,491,48,45,48
133,230,196,192,215
924,70,77,70,64
916,118,50,47,54
596,409,47,44,46
363,231,206,207,230
521,55,40,38,37
430,460,105,94,95
967,339,44,47,49
643,30,50,51,51
29,163,170,30,39
17,69,106,96,108
0,313,40,38,43
989,303,45,47,51
988,57,104,81,67
125,147,42,33,38
834,337,47,47,51
22,35,227,225,251
510,44,42,41,45
216,185,190,185,205
946,423,42,45,49
148,96,148,135,156
793,400,48,48,50
324,137,33,30,34
1008,240,45,50,54
389,113,36,34,39
406,248,223,222,234
954,19,108,75,63
49,485,59,55,51
384,122,37,33,40
543,232,211,217,228
261,43,209,210,230
177,316,44,39,39
365,16,39,29,28
1071,473,57,52,67
75,467,54,52,48
247,441,51,53,53
157,33,169,150,175
309,180,191,186,207
839,69,46,47,50
996,71,73,63,58
221,295,41,40,46
64,22,43,27,29
119,341,39,36,37
600,73,45,44,45
677,240,52,51,61
688,404,46,44,46
482,298,48,49,48
1063,52,93,89,92
582,195,233,235,255
756,159,46,47,48
928,368,48,46,49
1133,100,230,228,243
540,212,224,225,243
805,145,40,46,49
1062,242,49,49,54
313,187,186,186,206
21,321,43,40,41
531,231,61,54,61
53,153,200,169,179
396,230,214,213,235
1102,138,241,237,255
358,42,36,27,28
771,370,45,44,52
1185,198,240,236,254
403,41,33,29,25
833,349,44,47,48
39,91,177,182,203
337,229,205,200,222
95,76,151,109,134
419,180,48,48,49
833,216,238,237,255
1142,220,230,230,244
864,300,47,45,48
357,43,30,27,25
468,358,50,49,52
814,37,51,52,55
48,64,114,107,113
809,315,47,45,48
225,345,40,42,47
447,184,46,48,50
132,188,216,215,241
736,150,44,46,50
744,131,47,45,49
353,320,43,43,46
496,499,104,97,55
1180,476,237,235,249
574,331,43,45,46
699,85,45,47,49
16,20,223,224,248
530,161,44,44,48
241,324,43,44,47
1045,366,48,51,52
539,407,45,43,47
784,394,49,46,47
314,345,42,41,48
1124,69,230,228,242
400,85,35,34,37
1105,243,239,235,253
499,140,28,24,25
17,287,37,33,32
787,455,47,48,48
744,130,47,45,50
384,405,39,44,46
315,241,144,140,152
1167,204,237,234,255
520,60,39,43,44
863,78,45,47,54
278,319,48,46,49
39,408,45,46,49
107,72,145,124,145
102,213,218,218,243
737,196,240,237,255
1099,442,234,234,251
626,316,40,44,45
116,202,218,220,244
251,57,112,115,132
182,22,158,28,37
1165,495,233,232,249
573,207,58,55,59
679,74,46,44,49
857,361,46,47,50
718,194,243,236,255
393,181,48,48,52
700,396,52,46,67
804,158,46,48,50
214,202,47,35,49
4,339,43,42,45
610,167,46,46,50
201,374,46,41,45
1111,244,233,233,249
1122,179,229,228,243
1107,315,235,231,251
1085,437,123,122,115
311,295,42,44,45
951,182,47,48,52
242,364,47,44,46
604,89,47,44,47
590,166,44,46,49
485,492,127,117,67
782,5,53,50,56
340,298,42,42,44
976,160,50,47,52
951,427,46,46,49
548,169,51,46,50
328,209,196,193,213
254,192,190,187,202
252,11,49,34,52
562,440,141,140,152
509,119,42,37,42
841,1,98,95,91
1071,372,52,50,55
561,473,130,120,111
1182,316,238,237,255
973,170,46,48,51
575,84,45,44,49
181,53,174,162,183
698,219,239,236,255
1050,86,69,65,60
322,493,52,50,52
910,5,123,71,63
328,441,62,59,52
112,441,53,56,55
238,281,209,208,229
503,160,53,50,50
1063,154,51,48,55
981,56,92,71,60
388,421,41,42,45
864,145,46,47,52
11,425,54,54,55
467,357,55,53,57
1130,190,229,229,244
47,121,147,25,34
646,241,49,48,51
556,120,44,43,47
355,136,34,33,36
544,388,39,43,48
68,430,63,60,55
967,436,59,62,97
866,58,103,85,61
159,383,42,43,44
268,25,109,108,132
1127,346,231,228,245
307,14,47,47,51
131,278,212,213,238
716,471,154,144,156
955,104,43,48,52
152,433,51,48,50
457,243,185,191,189
485,15,72,56,48
893,388,44,46,47
91,298,30,31,36
837,205,45,45,53
1105,20,238,235,255
787,149,44,48,51
1101,214,244,242,255
119,24,30,26,27
559,144,43,44,47
919,48,94,93,84
362,62,31,25,26
1091,14,97,91,80
19,177,99,98,104
444,51,38,37,38
907,268,237,238,255
296,42,49,48,51
1053,33,71,63,61
655,253,46,46,49
742,120,49,46,50
51,106,149,24,33
326,365,44,43,48
144,160,155,163,169
206,9,178,131,151
1003,429,48,46,54
1057,136,43,51,55
313,353,40,43,45
932,309,45,47,51
816,147,44,45,50
855,152,46,46,50
876,132,43,47,52
700,109,44,46,48
710,75,47,47,50
309,142,32,29,32
1183,265,236,235,250
1095,344,238,242,255
1021,277,43,48,51
666,328,44,45,46
1001,418,45,47,49
999,78,65,62,61
1038,312,49,48,54
817,100,45,44,51
155,7,37,33,38
629,332,43,44,45
702,428,39,44,46
341,141,33,33,36
1108,79,232,230,248
298,124,34,27,29
902,496,177,158,90
509,136,51,46,49
953,420,48,43,49
867,318,45,46,50
798,460,47,47,49
247,197,187,185,206
1050,203,50,50,55
617,269,46,44,49
306,256,201,200,222
224,485,57,55,52
1028,499,48,49,53
762,476,150,145,156
277,96,34,27,29
407,26,32,29,31
429,151,46,43,47
925,470,50,49,53
125,401,39,44,48
388,85,34,31,31
102,355,37,37,40
728,195,239,237,255
672,359,45,45,49
536,449,149,142,155
229,394,44,43,48
602,221,234,232,255
379,434,164,148,149
138,12,192,190,211
423,292,43,42,47
117,72,144,129,152
1005,425,47,48,52
86,333,36,36,40
651,68,45,46,51
1070,348,56,55,57
525,148,47,45,46
543,333,48,42,43
1134,191,230,229,247
913,173,48,48,49
1090,138,107,102,96
567,364,45,42,47
716,260,72,57,77
823,322,44,47,51
1083,317,251,250,255
1112,155,235,233,252
726,344,44,47,48
1089,164,113,99,96
183,445,105,105,100
652,479,86,67,55
540,468,161,160,173
1061,240,51,50,56
280,231,175,173,190
187,167,41,33,36
525,290,42,46,47
568,236,232,233,255
457,334,60,61,70
1177,287,238,236,251
649,13,48,50,52
426,310,41,43,48
636,139,42,46,47
0,271,32,27,28
719,26,66,55,57
228,319,43,44,44
505,481,112,103,64
125,6,117,112,119
74,49,125,113,121
678,374,46,45,53
1167,235,235,235,251
570,2,67,60,56
508,432,148,146,146
270,285,45,43,46
854,497,153,147,106
480,323,48,46,51
406,472,58,56,53
907,43,85,82,75
440,326,45,45,49
402,297,47,44,47
907,162,48,47,50
977,117,49,50,50
337,368,42,44,45
307,192,191,189,209
378,203,59,55,60
456,326,102,95,91
958,324,46,46,51
622,176,48,49,53
91,357,42,39,41
264,499,93,81,57
700,177,50,47,56
731,168,43,47,50
305,212,54,45,57
778,220,241,240,255
281,192,188,184,206
877,464,45,47,52
1004,409,47,46,53
1088,228,114,100,98
432,418,50,52,56
0,183,89,78,85
263,395,47,44,49
973,285,48,45,51
1145,295,232,232,247
1050,282,229,235,255
243,315,45,43,44
623,138,44,43,47
108,146,200,186,205
65,99,152,24,34
207,384,45,42,47
39,416,55,57,55
589,127,46,43,49
352,203,59,58,65
98,256,218,216,239
949,321,50,44,49
1089,231,210,200,170
1187,254,239,234,253
910,486,88,78,54
440,137,41,42,47
1065,40,111,103,109
652,126,46,46,50
420,136,41,40,43
620,236,235,235,255
779,414,47,44,52
219,161,34,28,30
541,412,44,41,45
833,313,48,46,50
138,390,41,43,45
363,400,45,46,48
1080,164,59,57,62
1174,430,234,236,251
433,26,36,34,32
499,207,76,72,93
1146,316,235,231,246
353,332,42,45,47
571,44,45,43,46
957,254,45,46,50
330,340,39,43,45
167,285,43,41,42
685,14,44,50,50
312,311,42,43,46
564,466,152,147,158
1075,391,244,244,255
878,29,105,105,105
723,109,44,45,50
729,363,42,43,46
943,60,114,109,108
553,297,47,43,48
695,421,46,41,48
740,433,45,45,46
354,77,35,24,29
926,33,149,108,78
869,194,50,48,50
192,438,54,47,52
528,274,45,44,49
1118,472,233,228,244
28,270,37,31,37
431,201,218,220,242
212,179,188,184,202
1118,459,232,229,244
599,60,43,43,50
1061,148,47,51,53
587,25,47,48,51
33,150,162,30,35
1057,264,50,49,53
181,362,42,42,46
213,306,39,42,46
1193,69,238,236,254
1069,163,49,53,55
942,149,46,48,52
913,398,48,45,49
942,263,49,47,49
331,75,31,26,26
197,14,178,159,178
883,395,45,45,51
565,231,234,232,255
607,167,43,45,49
967,424,48,45,51
306,371,44,41,46
1194,132,241,238,255
45,456,48,48,50
304,365,43,44,44
9,188,79,73,79
727,151,51,48,51
549,237,232,230,251
703,109,49,46,48
1027,442,47,48,51
506,187,211,213,233
214,371,44,44,44
1075,14,106,80,65
1033,469,47,49,52
256,293,45,42,44
277,163,127,121,130
1046,14,77,65,62
64,341,40,40,40
475,20,69,54,43
293,431,85,84,55
584,322,41,42,46
688,93,42,47,51
480,183,46,46,52
463,112,46,43,45
47,160,168,30,36
447,487,179,182,196
0,221,29,26,31
764,222,57,56,65
153,463,50,49,51
263,306,41,44,45
430,99,41,42,41
733,133,43,46,48
385,238,210,210,233
1150,454,232,230,244
116,350,37,38,39
403,105,42,35,42
115,320,33,35,34
1018,148,50,48,53
983,110,46,49,49
690,377,40,44,43
818,144,47,46,52
818,352,43,43,49
303,390,42,41,45
1140,471,228,227,242
238,306,44,41,42
4,469,48,51,52
692,123,46,49,51
843,101,48,48,49
199,269,207,204,227
568,125,38,45,47
621,160,45,45,51
126,425,51,49,51
1039,61,110,97,78
240,423,82,78,57
748,11,48,49,52
237,349,41,44,44
658,357,44,44,49
805,178,47,46,51
260,448,53,55,51
495,302,45,44,48
760,437,49,45,48
81,54,122,109,119
1032,429,48,48,52
433,123,39,41,44
743,46,46,47,52
281,18,191,197,213
511,364,42,44,45
767,41,50,50,52
661,193,236,236,255
726,334,47,44,46
1190,114,239,237,252
964,14,108,77,61
463,48,41,39,40
44,161,166,29,38
355,347,41,44,45
847,492,156,150,104
939,153,44,46,49
209,200,184,178,199
1142,176,231,229,244
72,458,45,48,49
887,380,48,46,51
1199,103,242,238,255
429,364,43,44,50
1025,416,47,48,50
349,437,91,88,59
447,179,46,46,52
820,185,46,47,49
902,413,44,45,49
577,104,41,44,46
1072,43,111,100,108
1186,265,239,236,253
418,301,46,46,49
16,335,45,41,43
692,44,43,46,46
177,448,57,54,59
216,435,47,45,47
1188,125,237,236,254
586,395,43,41,45
440,459,63,43,27
908,433,72,82,103
251,27,206,197,219
420,438,85,75,60
841,380,44,44,49
482,338,45,44,49
169,134,120,120,140
674,292,47,43,47
566,146,43,43,47
464,496,111,106,63
299,441,73,69,52
553,150,44,45,46
259,237,49,45,47
404,244,221,220,243
155,303,35,35,37
705,307,43,46,49
28,454,50,50,51
821,113,44,46,50
39,305,35,35,36
56,240,29,31,30
464,88,38,40,46
1157,77,236,233,249
116,395,42,43,47
407,449,56,53,52
382,89,36,32,34
858,328,46,46,49
361,324,41,44,46
727,19,51,50,54
563,453,133,129,138
733,181,47,50,52
289,338,40,42,45
1099,399,242,243,255
16,54,67,65,70
1159,155,239,235,247
919,162,46,48,49
371,379,42,43,47
1,177,84,85,87
362,105,34,29,32
943,464,46,47,50
643,490,147,147,156
932,135,50,48,52
204,301,43,39,46
379,398,42,43,45
650,171,47,48,49
1088,418,248,254,248
928,194,47,47,53
767,148,47,45,51
679,200,240,238,255
27,372,44,43,45
163,101,202,191,212
1181,434,237,234,251
758,46,48,51,50
322,363,44,41,46
286,296,46,43,45
59,352,38,41,40
432,331,43,46,47
17,308,49,43,42
794,140,48,46,48
618,32,43,46,48
727,1,51,48,51
221,378,43,42,48
988,428,47,47,52
341,449,70,65,52
317,157,32,32,33
294,208,192,188,209
267,342,43,45,45
194,220,188,188,207
526,132,46,43,50
1024,132,48,49,54
932,271,45,44,51
603,444,190,198,217
291,459,88,84,56
1040,243,48,50,52
1041,293,235,238,255
361,325,39,44,46
640,121,46,46,47
348,146,36,34,39
590,63,44,45,47
635,440,44,45,48
1141,99,235,231,245
385,169,44,44,44
977,296,48,46,51
678,202,236,236,255
1040,1,103,79,62
511,471,109,105,93
646,11,47,50,52
467,78,41,41,46
301,393,42,42,45
575,80,50,50,50
1176,231,241,235,254
470,70,44,42,46
386,93,34,31,33
211,460,42,46,48
103,491,46,44,48
228,10,181,165,190
565,112,41,43,44
687,4,50,49,50
1079,254,246,247,255
713,143,46,48,50
744,245,243,242,255
862,250,241,239,255
40,235,34,29,30
132,313,36,36,38
1114,188,236,232,252
854,441,44,46,47
561,406,40,43,45
1101,493,234,233,247
1126,53,228,226,244
757,56,47,47,50
433,169,42,44,46
113,71,140,123,144
568,174,48,47,52
128,230,53,40,52
570,295,46,44,47
1032,210,51,47,54
139,143,133,136,154
103,492,48,47,49
1044,458,47,48,52
1087,234,68,67,64
402,65,32,28,33
653,32,48,48,50
609,420,43,45,47
1155,179,236,233,247
1175,353,237,237,251
422,369,43,41,46
826,240,89,92,150
428,287,45,48,49
430,273,227,229,253
362,76,32,25,29
1050,442,47,47,53
1139,213,232,229,243
212,322,42,43,44
460,455,177,186,205
757,409,50,45,64
1151,169,234,233,249
287,211,61,53,74
332,460,81,74,64
349,257,209,209,232
621,353,42,42,49
72,118,152,28,33
161,192,47,40,54
1059,289,184,179,163
1152,403,234,231,249
1194,162,240,236,252
861,219,238,238,255
677,309,47,45,50
465,487,142,136,133
617,408,42,45,46
1094,194,242,241,255
836,125,46,46,50
356,473,61,55,54
804,381,45,46,49
248,82,48,48,51
704,472,128,111,83
1048,255,46,47,54
233,160,185,183,205
1024,255,49,45,50
120,295,35,34,37
615,292,43,44,47
325,407,44,42,45
347,334,41,44,45
517,56,40,38,39
701,76,48,44,52
763,362,42,45,50
1106,441,233,233,250
330,258,205,206,228
230,168,186,181,203
865,143,44,46,51
13,387,43,44,47
89,159,35,22,25
400,252,218,216,238
325,403,43,42,47
13,72,106,96,102
326,18,39,39,46
1104,461,235,235,248
911,475,49,49,55
782,127,47,46,50
326,479,123,117,126
662,2,52,50,52
66,256,37,33,34
799,349,47,48,51
540,249,229,226,252
1058,480,48,51,53
417,106,39,39,40
307,74,29,29,30
349,245,169,169,181
172,129,110,112,126
484,439,180,186,203
902,318,47,46,50
965,497,47,52,55
1138,466,228,226,243
542,160,46,44,47
1179,246,236,234,252
680,226,92,93,90
531,58,44,44,49
989,363,45,47,52
344,432,94,88,58
143,367,44,40,46
341,135,30,34,34
110,299,39,33,35
1112,494,230,228,246
286,170,189,183,202
584,17,94,84,69
1038,3,103,79,64
188,313,40,40,43
456,219,197,199,225
446,205,226,223,246
430,69,41,37,39
1027,419,48,49,51
626,448,184,191,211
484,384,41,43,46
1192,327,243,238,254
1030,376,48,47,51
1032,105,48,48,52
1182,407,239,235,253
919,435,53,43,74
687,373,43,43,48
447,109,44,42,44
20,385,41,44,47
190,340,42,40,45
686,105,45,45,47
480,36,81,60,47
1102,38,242,238,255
957,199,44,48,52
166,104,201,192,214
119,340,39,34,38
37,317,37,37,40
1084,206,54,55,61
820,313,45,45,48
676,298,45,46,49
478,439,178,181,205
539,420,46,43,46
313,368,47,43,48
35,122,150,25,33
888,266,240,239,255
728,235,239,239,254
415,145,41,42,45
719,400,83,83,105
34,487,58,58,54
537,372,44,42,45
799,368,49,44,49
164,473,48,48,53
344,341,41,44,43
368,498,68,62,51
264,435,62,58,55
1086,103,62,59,63
993,273,48,47,51
360,76,27,25,30
1127,376,231,227,242
733,64,44,46,48
1022,227,49,48,53
610,267,48,46,49
1173,419,235,235,249
58,484,87,78,68
188,199,60,55,59
1106,279,234,233,249
468,499,106,96,59
645,406,44,44,48
153,444,51,47,52
369,182,195,198,221
966,246,46,48,51
940,268,50,46,51
1056,120,43,49,54
234,392,45,43,45
758,456,49,47,50
849,338,48,46,50
573,330,43,43,45
230,59,149,143,166
1078,135,52,52,54
576,286,42,41,48
1089,222,254,254,255
90,101,154,22,34
936,41,94,71,56
548,179,223,228,248
832,366,45,45,46
543,137,44,43,50
1189,394,242,238,255
613,273,45,45,47
744,293,42,44,49
369,185,203,200,221
1151,488,230,227,244
186,17,157,30,35
1005,445,46,48,51
1102,188,243,241,255
402,330,43,42,46
925,413,46,47,49
608,5,51,50,53
853,227,239,239,255
614,319,45,44,47
505,431,86,84,64
308,86,32,25,28
340,319,44,44,49
602,379,46,44,47
357,382,43,44,49
1028,168,49,47,52
290,36,52,51,57
1169,348,235,233,250
728,83,46,46,48
1163,349,236,235,252
972,291,47,46,52
988,311,48,46,53
931,260,46,47,53
268,476,105,99,76
489,346,47,41,47
730,388,41,45,48
638,128,46,46,48
814,460,42,47,47
388,140,41,39,43
1041,459,48,49,54
160,175,200,202,223
531,22,75,55,46
892,329,46,45,48
1012,448,45,49,50
193,357,42,43,47
987,74,76,62,60
1137,404,232,231,245
130,495,45,48,51
210,423,46,47,51
495,320,44,43,49
42,491,83,75,70
228,492,54,52,52
554,146,42,44,46
893,456,46,50,52
853,210,50,48,54
468,477,178,183,199
404,303,43,42,44
688,156,46,46,50
267,464,104,95,69
116,261,214,213,235
183,354,44,42,46
424,157,41,43,45
45,227,29,32,34
792,291,45,47,49
262,413,45,43,46
616,71,44,45,47
1070,279,56,55,59
1118,244,235,230,248
346,438,84,80,54
903,86,45,49,50
98,424,140,131,150
1117,91,229,226,244
1190,144,241,238,254
1032,440,49,47,53
956,24,100,74,59
241,313,46,41,46
752,265,87,74,95
1144,438,231,231,243
508,463,158,162,169
597,201,147,144,159
1090,130,239,238,252
1182,58,238,237,253
902,333,46,45,50
1098,331,243,238,255
935,14,161,123,81
244,49,119,123,139
568,408,43,42,46
171,424,112,112,110
912,407,47,46,49
810,138,46,47,51
169,56,142,129,149
1012,436,46,46,52
318,34,38,35,41
797,56,47,48,51
583,142,47,44,49
363,394,40,42,47
899,124,44,47,50
234,195,188,184,204
260,33,114,115,133
49,250,35,32,32
1041,100,49,49,55
785,488,164,162,176
