x,y,R,G,B
694,320,44,44,49
625,14,47,48,51
892,156,44,47,48
1120,7,230,230,246
454,204,228,226,247
334,447,59,58,52
361,38,35,25,26
955,423,47,45,48
418,152,42,44,44
2,183,89,86,96
696,433,47,44,49
583,384,42,43,45
1023,398,46,46,51
1117,44,228,229,247
807,9,53,53,56
997,167,50,47,54
264,424,54,55,46
825,17,80,78,71
851,184,49,47,48
1047,142,50,50,53
61,207,105,102,100
1102,370,241,238,255
569,485,145,136,126
107,491,52,46,50
179,358,46,43,42
120,198,216,217,242
1017,93,53,50,53
329,383,43,42,46
363,68,35,26,26
15,264,34,28,30
299,478,112,112,88
23,283,35,31,32
315,90,34,26,31
1106,242,237,232,250
469,383,45,45,46
1042,26,111,87,68
988,74,74,64,57
687,127,44,44,48
1040,266,51,49,54
309,95,31,31,28
151,163,46,43,47
538,9,82,67,53
478,499,100,88,54
1157,425,234,231,251
68,169,170,33,43
30,314,39,33,37
656,160,47,47,49
151,461,46,46,48
210,27,185,169,193
260,32,136,136,160
1080,382,103,99,95
1,428,54,53,55
94,393,42,42,45
1146,358,230,230,247
699,434,44,44,48
957,224,44,47,52
695,445,46,45,47
520,186,222,222,243
396,188,209,207,229
236,461,73,68,52
335,237,198,198,221
248,114,33,31,31
581,342,42,42,48
199,316,40,42,47
705,3,50,50,53
126,150,142,123,145
873,165,42,48,50
570,29,45,46,45
1083,139,53,52,58
851,225,240,239,255
133,188,217,214,238
1144,6,233,230,242
1177,499,234,233,250
511,395,40,41,46
24,399,43,45,48
495,406,42,40,47
905,227,238,236,255
607,115,45,46,49
482,393,43,42,47
234,76,158,161,172
44,192,126,121,130
506,378,38,43,44
542,33,43,43,49
1010,323,48,49,52
522,372,40,42,44
947,312,43,46,52
1048,479,47,47,54
1178,82,236,237,254
103,67,132,112,130
759,199,51,50,54
865,255,243,241,255
270,474,106,99,74
712,0,168,70,115
848,14,93,90,85
1088,385,245,235,225
797,347,44,47,47
771,463,51,50,52
1118,135,230,229,248
857,488,159,149,110
580,283,42,46,46
953,243,47,48,51
602,470,135,128,111
566,190,232,230,255
1025,307,49,47,53
741,302,44,44,51
444,50,39,35,40
674,171,51,48,51
72,488,80,75,79
1180,481,238,236,251
1152,258,236,234,250
221,364,41,44,46
1129,337,226,225,242
488,126,44,45,47
635,80,46,43,48
271,329,43,44,48
603,183,234,233,255
851,151,47,48,53
679,115,43,46,47
618,381,43,44,45
667,169,52,47,53
328,188,190,190,210
1167,59,241,235,254
465,317,25,21,24
1078,314,243,242,254
136,364,42,41,44
112,102,156,32,35
726,427,46,47,47
648,29,48,46,53
672,433,44,43,46
187,435,47,45,48
677,372,47,45,48
203,298,38,41,45
1087,283,246,250,255
835,262,160,166,194
347,407,44,42,44
47,335,35,36,39
1081,84,103,101,129
435,103,43,41,43
1122,221,231,229,244
1063,53,73,67,74
553,415,38,41,44
1028,18,108,82,63
516,403,39,41,44
991,111,48,48,54
716,156,45,47,48
160,432,51,51,53
377,456,153,144,149
270,377,41,43,47
11,213,30,27,28
1172,147,237,236,251
93,291,34,30,33
45,473,49,48,48
213,197,63,57,63
756,439,43,46,49
58,234,32,33,34
964,33,94,71,59
55,403,44,47,49
334,255,209,207,229
1054,432,46,49,53
37,148,162,29,32
611,457,174,181,200
532,454,133,132,137
191,462,48,48,51
466,372,46,50,51
873,110,45,47,53
1010,110,43,47,51
388,119,37,40,38
609,486,190,192,204
834,357,46,47,50
1000,219,48,47,54
766,274,48,47,53
772,192,43,46,53
1140,399,230,228,246
855,51,108,88,64
985,163,48,49,52
153,457,50,48,51
1009,127,44,46,52
273,372,44,42,46
908,407,46,46,50
37,354,43,42,45
684,432,41,43,47
334,284,44,45,49
322,99,32,28,28
1069,230,49,51,52
713,25,65,57,56
75,299,35,31,32
97,471,50,48,49
322,431,62,63,53
969,56,78,62,58
53,123,151,22,34
679,268,45,46,48
935,1,135,91,68
1044,101,51,49,55
390,471,69,63,54
526,289,46,45,48
320,476,114,110,113
1006,175,43,47,50
484,44,43,43,42
861,324,44,46,50
521,56,47,41,45
1181,247,236,237,251
468,295,17,22,20
618,304,46,44,48
950,81,48,46,51
827,476,163,162,176
724,330,48,46,50
709,245,60,58,60
713,75,45,47,49
736,475,152,144,157
667,292,49,44,49
527,299,43,43,45
13,268,39,36,34
510,219,217,217,232
744,143,43,46,49
966,444,44,48,52
58,335,35,34,37
184,381,47,42,46
864,403,47,47,48
594,246,239,238,255
1143,218,230,230,247
825,439,45,46,48
759,96,47,45,51
276,22,170,171,191
1048,450,48,50,52
533,158,42,44,50
958,213,49,46,49
973,403,43,47,51
840,285,46,47,50
564,451,131,129,136
703,449,45,46,47
1008,494,50,49,52
902,317,43,47,49
1035,81,75,64,62
142,358,41,40,44
730,269,47,49,48
1035,37,106,79,62
10,106,142,18,32
1057,182,48,49,54
1010,280,44,48,51
994,471,48,49,54
142,55,138,123,142
237,313,45,43,45
852,417,176,174,179
998,281,44,47,51
828,447,46,45,50
793,1,52,50,53
660,97,44,47,50
1186,228,238,235,255
136,92,153,140,159
557,29,43,43,48
1093,254,242,240,255
688,37,49,49,52
627,426,40,45,49
908,336,45,47,47
908,408,46,47,50
497,406,41,43,46
540,211,214,211,223
664,23,49,49,54
1003,315,46,48,50
836,194,48,47,49
471,100,44,42,45
919,129,44,49,52
526,25,67,48,34
131,131,78,59,92
1048,399,47,47,52
28,426,52,48,52
486,167,44,45,48
991,211,47,46,49
217,353,43,43,43
82,160,145,38,41
846,408,47,45,48
59,179,173,61,60
173,155,37,36,41
767,166,49,46,51
260,288,42,44,45
303,357,42,43,43
19,72,107,98,106
1084,73,61,59,63
780,241,173,162,180
135,396,44,43,45
162,231,52,40,51
509,95,36,33,35
898,233,239,235,255
775,199,49,49,53
325,277,43,42,47
486,292,46,47,50
152,82,159,145,166
119,258,212,211,236
449,156,45,43,46
971,403,49,46,51
931,448,51,53,56
779,61,47,47,49
94,26,114,105,113
428,451,144,84,77
834,271,49,48,52
393,307,46,46,48
914,107,43,47,50
1088,264,154,150,101
758,76,46,48,48
517,51,35,35,39
875,120,52,47,53
57,133,153,27,33
483,240,63,56,57
28,175,176,36,40
760,164,48,46,49
632,413,42,42,47
40,353,43,43,44
761,111,48,45,50
794,56,42,47,48
278,46,41,40,45
959,56,63,56,55
627,273,47,43,47
158,305,35,36,37
30,340,41,40,45
524,363,44,40,43
84,465,83,73,61
838,12,92,90,86
225,174,189,185,203
734,17,46,48,53
309,189,183,185,203
160,323,37,39,37
668,366,42,43,45
180,276,209,210,233
732,153,48,47,49
740,251,239,237,255
460,38,62,51,42
684,15,45,49,52
414,33,35,31,34
850,128,47,47,50
343,191,195,194,214
394,360,43,43,46
968,315,45,47,50
734,98,44,46,49
128,321,36,34,33
313,219,192,194,211
1018,346,41,48,50
743,6,48,49,50
821,253,238,239,255
857,216,66,61,74
1160,167,237,235,250
329,418,43,43,44
333,182,194,191,214
1035,440,46,48,50
615,53,43,46,47
69,99,153,25,32
110,91,160,46,70
897,452,45,48,51
312,101,32,24,32
685,139,46,47,49
126,291,38,37,36
760,384,45,44,47
1078,431,246,246,255
578,467,120,110,95
934,4,203,186,186
1147,209,231,230,247
1151,93,235,233,247
119,115,160,31,37
522,488,100,92,66
841,397,45,45,49
1044,287,55,51,61
244,215,187,185,205
100,198,214,210,239
280,255,198,197,217
725,30,72,56,56
969,99,49,46,51
1190,324,238,237,250
724,101,45,45,48
355,255,210,209,233
481,489,113,103,62
539,342,44,42,44
485,387,41,43,45
1016,306,47,47,53
516,256,226,224,246
55,237,32,30,35
838,352,45,47,49
863,395,42,45,48
469,245,205,204,222
1067,331,50,48,52
440,210,220,220,239
939,287,51,47,54
917,480,47,47,52
498,183,195,195,213
449,172,44,46,48
97,31,121,113,124
356,181,193,194,214
605,422,43,43,47
23,272,38,29,34
243,299,41,44,46
469,404,41,44,46
791,141,46,49,49
755,287,45,45,49
561,302,44,46,49
679,299,45,44,47
304,101,34,25,28
729,13,48,50,52
174,470,57,56,55
1102,67,235,234,251
565,430,45,42,46
317,66,37,27,30
213,172,184,182,203
1130,136,229,227,241
358,482,69,63,57
377,20,40,26,29
664,480,106,80,61
393,51,30,27,31
1164,102,237,236,251
927,110,47,45,52
283,499,72,66,62
155,89,155,141,163
307,468,127,117,87
192,197,168,163,187
544,379,42,44,44
92,329,33,34,37
444,67,36,38,42
116,374,42,40,45
1185,135,241,238,254
327,50,33,26,26
341,38,43,32,30
895,225,235,235,254
305,114,29,26,25
1123,188,232,230,248
702,292,47,45,49
567,329,44,43,47
854,434,44,46,50
929,58,93,93,85
939,226,46,48,52
1125,487,228,224,243
521,124,43,45,46
987,36,110,84,63
435,392,42,47,50
919,308,46,44,49
1010,187,44,47,52
964,472,51,51,53
232,227,188,186,204
892,159,45,46,50
656,136,48,46,47
456,430,109,107,81
322,74,29,27,26
777,486,162,161,170
351,333,42,44,48
1193,458,238,234,252
518,434,163,170,185
85,361,37,38,43
989,114,45,49,51
1025,161,48,49,54
356,239,136,132,150
1062,292,57,55,58
78,295,35,28,34
902,146,49,45,51
144,368,43,40,46
724,170,44,47,53
381,338,44,43,47
626,99,45,45,48
922,470,47,49,52
765,156,47,46,51
356,95,24,26,31
19,140,160,31,38
458,27,86,61,49
851,89,44,47,50
853,179,46,47,50
898,231,240,237,255
390,191,207,205,228
117,127,159,30,40
250,242,168,168,183
832,403,48,46,49
55,342,40,41,43
615,110,45,43,48
694,357,45,43,48
295,39,53,50,59
307,432,66,66,54
951,179,49,47,52
242,483,58,57,53
877,205,48,49,50
196,473,50,45,50
15,389,47,45,48
879,475,48,50,48
445,124,43,42,44
618,344,46,45,50
845,485,169,159,106
189,255,201,199,222
613,147,45,46,48
431,487,28,27,26
112,467,46,46,49
1100,20,237,236,255
1017,409,49,47,53
422,434,44,45,49
1019,356,52,49,51
389,189,205,202,225
817,169,47,47,51
1198,340,238,237,251
1058,244,50,50,52
101,75,149,129,149
983,278,49,46,52
1158,73,236,236,250
29,339,42,41,45
438,317,43,46,46
551,349,40,45,43
510,50,41,43,44
391,301,45,44,46
798,441,45,46,51
702,216,212,216,247
742,210,239,239,255
88,102,154,24,35
601,384,43,42,48
680,253,50,48,50
676,321,46,43,48
1051,305,55,52,58
155,58,136,121,141
961,466,47,49,54
495,105,45,43,45
938,366,46,46,51
1188,313,239,237,253
1082,317,250,249,255
550,29,42,45,47
545,309,39,44,46
386,489,90,76,71
848,101,48,44,49
935,465,47,48,50
598,154,45,45,51
723,433,42,44,48
43,442,53,51,51
497,397,44,43,47
380,220,207,209,233
128,432,48,46,50
578,109,45,45,49
1043,469,44,49,50
735,380,44,46,48
230,243,195,192,213
355,408,44,44,44
440,151,46,43,45
621,267,45,44,50
540,392,41,40,44
996,453,67,72,69
913,102,45,49,50
409,253,224,224,247
333,83,35,27,28
166,203,187,183,203
266,383,41,42,46
898,256,240,239,255
1149,331,234,234,247
497,185,196,193,209
1198,453,241,237,247
369,45,36,24,27
224,421,42,45,45
899,95,46,50,50
136,381,38,40,45
271,263,200,199,218
1044,273,54,50,61
641,46,49,45,48
880,71,49,48,50
784,80,45,47,49
1163,273,235,234,250
13,220,32,29,32
318,497,47,45,48
367,167,45,42,42
134,304,37,36,37
891,179,48,46,50
360,67,31,23,27
1130,59,231,229,244
306,110,27,26,25
617,67,46,45,46
340,178,190,188,207
846,486,170,159,108
388,406,49,43,48
562,421,41,42,44
709,221,90,94,118
937,448,110,101,58
842,35,81,77,69
1059,293,52,52,55
510,65,31,31,34
1062,71,63,60,60
938,43,96,74,59
366,453,97,94,90
454,441,181,181,199
1075,365,56,53,58
1153,25,236,233,252
190,276,208,208,230
82,79,151,22,30
134,455,48,47,51
614,33,43,45,47
271,378,42,43,45
287,51,47,45,51
384,312,46,43,48
711,342,42,44,46
561,386,40,44,45
1079,287,250,245,255
1134,247,227,226,243
930,49,114,112,105
673,376,43,44,47
1038,259,46,48,52
722,189,237,236,255
63,277,33,30,32
770,248,240,238,255
990,96,49,49,51
1103,470,233,233,248
399,23,42,35,34
444,384,95,91,96
900,106,43,47,52
1009,467,51,48,54
1119,143,232,229,248
483,280,51,52,55
630,293,46,46,49
530,249,227,225,249
750,55,47,45,51
1008,402,47,47,52
772,438,47,47,51
233,26,167,153,174
428,229,225,224,246
811,107,46,48,49
442,204,224,227,243
780,201,48,51,52
1070,31,104,99,104
420,99,41,38,42
24,368,40,45,47
6,149,168,30,35
394,478,60,57,54
1126,374,228,225,243
624,460,96,93,95
104,333,35,37,40
866,431,49,47,50
941,321,46,47,50
532,117,42,45,46
72,388,43,45,46
892,60,101,99,98
539,441,159,158,174
2,401,49,43,49
564,291,44,45,46
31,53,124,117,135
627,262,47,43,51
608,119,46,45,47
1125,298,224,225,241
931,326,44,46,52
1125,77,230,227,244
829,409,47,46,50
246,323,42,41,46
673,115,40,45,48
58,319,42,38,41
530,200,214,220,236
994,417,49,47,51
267,415,43,43,48
1074,263,52,52,55
430,91,42,41,43
71,254,38,32,35
332,56,33,23,27
491,26,79,58,49
1175,33,238,237,254
1193,237,239,238,250
337,100,32,26,30
1063,492,54,52,55
145,165,42,44,49
845,118,47,46,52
224,101,38,36,43
754,326,48,46,48
982,90,52,48,51
297,352,44,43,43
308,44,36,37,40
204,448,53,53,53
839,237,212,220,243
858,82,49,48,50
755,456,46,47,50
323,131,35,29,34
206,438,50,46,49
720,487,154,150,162
491,260,216,217,236
233,52,200,199,215
699,98,50,45,50
195,179,190,185,207
761,9,50,49,53
952,211,39,46,49
1101,139,242,239,255
620,437,44,44,47
888,369,47,46,52
307,475,129,122,104
1025,143,50,47,51
716,386,45,44,50
1179,470,236,235,251
187,425,47,49,49
263,309,44,42,46
348,168,39,41,43
324,34,38,35,38
309,129,33,28,28
85,399,42,43,46
169,454,55,50,51
1118,356,233,231,246
166,309,33,37,37
623,308,44,45,45
580,499,161,150,155
1152,331,234,232,250
1059,301,121,112,179
363,44,34,21,29
681,24,49,48,52
1172,238,236,236,253
273,96,33,25,28
1030,421,47,49,51
113,126,163,31,41
853,197,47,47,49
756,264,234,237,255
460,417,49,48,51
793,25,53,51,54
911,394,43,44,51
1013,479,47,48,53
528,229,226,224,246
630,485,165,166,187
842,368,45,45,48
110,50,154,136,158
54,336,36,36,41
135,457,47,47,53
158,139,159,153,178
1132,16,232,230,246
98,399,42,45,47
359,320,44,44,47
443,259,233,233,255
3,309,41,39,43
941,402,45,46,49
672,1,50,47,52
50,238,34,29,30
229,190,191,185,205
198,478,48,45,49
256,435,62,60,52
958,266,41,48,49
48,455,45,47,49
690,291,44,44,49
973,425,48,45,49
795,357,45,44,51
536,220,225,228,246
308,310,47,43,45
426,301,41,45,49
273,381,43,44,46
365,264,215,214,237
159,29,168,150,174
319,58,36,27,28
1153,492,233,230,246
845,491,164,152,97
823,156,49,47,53
1118,187,231,231,248
124,340,38,36,35
214,278,207,203,228
228,238,191,189,206
83,341,39,38,38
306,69,33,30,30
534,268,77,73,100
149,445,48,49,49
383,323,41,42,47
62,105,150,23,28
1055,121,47,50,53
200,499,47,47,48
686,57,46,46,51
25,285,42,32,35
233,103,34,36,40
571,290,44,42,49
138,0,49,33,41
359,216,206,203,225
616,396,41,44,46
452,6,37,33,32
594,142,41,43,47
409,209,214,212,235
1042,362,45,45,50
638,279,48,43,48
887,269,239,241,255
1017,190,47,48,50
915,416,45,46,53
890,179,49,48,51
603,203,234,233,255
563,403,44,43,47
628,496,153,148,158
806,152,43,48,49
1157,220,239,235,253
896,487,169,153,86
1042,195,47,50,53
1041,52,121,113,101
930,367,44,46,49
259,278,43,44,47
447,207,224,225,246
1037,281,208,197,161
454,197,227,225,249
595,299,49,45,47
837,194,46,46,48
78,62,194,188,210
828,272,46,48,49
342,368,47,44,45
1100,297,237,233,254
321,444,66,66,50
1170,238,241,236,254
958,172,45,48,50
282,301,42,43,48
56,133,155,27,34
607,327,44,44,44
409,402,46,42,49
243,490,66,62,50
990,250,46,47,51
196,164,36,30,32
858,216,60,56,62
556,376,44,44,44
775,282,50,48,50
454,272,235,234,255
962,268,43,46,49
833,12,90,86,81
1073,446,51,51,54
1013,461,48,48,53
772,193,47,47,54
1196,224,241,237,252
1019,279,49,46,49
634,308,42,45,46
282,261,199,198,219
20,258,37,31,35
690,326,45,46,50
408,233,221,217,242
897,0,220,165,92
51,455,48,47,49
590,9,95,82,66
59,106,149,20,32
1177,30,243,237,255
610,423,42,43,46
477,465,179,179,197
1073,7,106,82,64
506,271,49,48,51
563,234,231,234,255
7,341,47,43,48
752,241,237,238,255
668,182,237,236,255
174,497,45,48,51
166,388,45,44,45
1056,494,51,49,53
57,270,33,30,34
1008,433,46,46,50
436,131,39,45,44
187,420,46,45,48
897,458,50,49,51
48,386,46,45,47
853,61,56,55,57
789,36,49,49,54
956,4,114,86,65
744,270,50,48,52
825,314,42,46,50
814,459,44,46,49
505,379,41,42,45
444,92,43,41,44
461,375,59,58,60
40,435,50,52,51
101,175,213,209,232
55,248,34,27,29
349,233,74,72,94
836,129,48,47,51
74,272,34,30,32
975,51,80,63,58
199,98,105,108,126
229,195,186,185,205
1169,344,239,237,252
762,478,157,149,155
171,465,54,52,54
820,24,66,61,60
1005,240,51,46,51
596,128,47,45,49
829,476,169,165,175
148,209,48,41,48
318,153,33,34,30
1186,406,237,236,254
862,14,98,91,93
297,465,101,93,63
874,64,86,74,65
400,30,42,31,32
472,127,44,46,48
530,450,147,144,152
247,414,41,46,47
1125,279,227,227,243
1099,219,243,241,255
638,121,47,45,49
1030,142,49,46,56
529,408,42,41,45
1048,309,51,48,51
954,174,45,47,50
1077,305,53,52,57
1111,324,233,232,249
414,220,223,224,245
1074,377,51,51,56
425,41,35,29,33
42,85,189,184,206
153,495,49,48,49
713,495,146,141,146
309,161,38,38,42
482,459,171,173,192
1059,32,113,102,86
5,110,144,19,29
170,117,128,134,150
417,498,203,203,220
608,98,42,44,47
334,32,40,32,36
731,89,44,46,48
920,274,45,48,48
789,164,41,46,48
892,76,44,50,50
1141,8,230,228,245
329,209,198,196,215
756,189,45,49,51
781,153,47,48,50
1059,453,50,48,53
192,12,180,159,183
684,55,44,47,50
105,154,192,183,205
1195,268,241,238,253
1073,235,56,53,54
642,472,121,122,127
40,60,109,100,111
654,46,46,45,50
664,25,52,51,51
149,182,207,203,226
407,233,223,219,243
251,362,40,45,46
73,132,169,92,109
412,66,32,33,34
669,395,51,46,44
1116,87,231,228,246
109,334,37,36,37
669,362,45,43,50
254,463,96,84,61
874,343,45,46,49
967,405,47,45,51
200,418,44,42,50
597,425,40,44,44
1063,341,49,51,54
967,482,46,48,53
852,183,47,48,53
961,277,45,45,51
233,182,184,183,202
31,440,50,47,53
645,0,50,50,53
917,308,47,45,50
249,423,54,54,46
951,476,48,46,51
880,266,239,238,255
280,405,40,44,46
305,275,45,44,48
267,67,44,47,52
1017,248,45,46,52
291,405,44,44,45
35,78,112,105,112
21,142,160,24,36
674,385,44,45,48
444,54,37,38,40
870,136,46,47,49
1171,58,239,237,255
1179,311,240,237,252
700,32,49,50,53
368,405,40,43,47
1048,477,48,50,49
414,90,37,37,38
418,476,156,137,136
593,375,44,43,48
631,312,47,44,49
251,91,40,38,43
29,484,49,51,51
174,336,43,42,43
470,54,40,40,42
163,79,161,147,172
603,15,50,48,51
462,374,56,57,60
714,281,45,46,46
879,140,47,47,53
116,81,142,130,151
808,308,47,46,51
551,93,43,46,47
142,400,46,45,46
107,0,111,102,114
1139,449,228,228,241
358,153,38,38,40
175,71,135,122,143
526,481,119,117,111
2,319,44,42,47
1195,366,239,236,253
68,420,63,61,52
835,380,42,46,48
867,392,44,45,49
1118,353,232,229,248
967,477,47,47,52
109,174,158,163,187
1067,443,51,51,55
281,234,61,57,64
626,150,45,46,49
849,113,49,48,51
433,313,41,43,47
833,464,45,47,50
1184,360,239,236,254
1118,167,232,228,245
287,195,189,186,207
630,477,191,189,206
745,297,48,46,49
84,213,177,168,191
589,433,44,42,47
274,109,33,25,29
798,79,52,45,52
74,332,33,35,36
91,184,186,187,212
820,135,48,49,49
606,467,116,109,94
1006,190,47,48,54
394,183,74,73,79
897,155,48,47,52
610,65,43,46,44
1156,418,236,233,250
174,491,46,46,49
323,320,44,43,45
1177,462,234,233,249
766,130,42,48,48
894,112,51,48,52
859,107,49,45,49
55,182,170,32,39
1070,280,54,55,60
927,277,46,45,50
722,434,47,46,53
1134,440,232,225,243
794,155,46,47,51
182,496,45,48,48
246,240,95,92,103
78,224,51,51,57
669,123,40,45,48
980,153,48,48,52
628,424,44,43,47
190,83,73,53,83
316,162,39,34,38
810,192,48,47,51
1159,135,236,233,250
96,426,53,53,53
603,88,43,45,46
631,238,46,50,50
1187,312,239,238,252
1032,88,68,64,58
615,126,47,45,49
44,494,89,82,77
1141,420,231,227,244
1028,111,51,49,54
1163,493,236,233,252
282,102,33,24,26
532,103,47,48,49
275,486,88,75,55
905,62,104,99,97
971,273,43,46,47
998,413,48,48,49
913,152,48,48,50
581,428,44,41,46
1173,312,237,236,252
861,370,42,47,48
516,41,30,27,33
683,280,45,44,49
455,212,176,176,208
611,442,133,135,122
726,83,48,46,51
269,224,189,188,206
109,210,217,218,244
1187,223,240,235,251
1096,417,242,240,255
748,39,53,50,53
1028,371,51,49,57
213,132,36,33,36
976,169,43,49,52
878,11,82,76,69
132,27,35,34,32
177,121,112,110,131
1122,204,233,229,243
1049,303,53,53,58
643,96,47,44,48
438,479,111,110,103
165,398,41,45,47
134,432,48,48,50
1083,129,237,240,255
618,443,141,141,129
867,194,45,48,51
120,41,167,147,171
923,456,48,48,52
851,139,47,48,50
923,392,47,48,51
1174,12,239,237,254
938,444,80,86,70
654,436,44,44,47
1065,90,72,64,62
727,450,44,47,48
684,220,66,63,66
570,338,42,42,46
231,77,144,146,164
26,193,62,82,65
984,99,51,49,52
722,10,55,51,54
342,389,43,45,46
595,85,44,44,47
1047,332,48,49,53
484,194,80,78,87
667,348,48,43,51
229,94,35,38,41
1179,150,235,234,252
170,457,53,48,50
369,274,47,47,51
517,140,44,43,48
814,494,169,163,158
573,366,43,44,46
170,456,51,49,51
1108,490,232,228,243
589,309,40,41,49
1159,264,238,232,250
1062,473,49,50,52
833,56,63,58,57
358,410,46,45,48
490,362,42,43,45
775,24,51,48,51
387,222,210,210,234
738,329,44,45,48
765,474,158,153,171
198,226,193,190,211
165,230,62,54,62
165,465,58,52,53
759,2,47,48,49
148,261,211,210,234
661,496,104,76,57
620,70,45,45,50
951,493,115,101,71
112,427,53,54,65
898,410,38,48,49
1114,338,233,233,251
747,131,51,46,52
529,294,42,44,46
216,48,202,191,215
92,127,159,28,37
1065,204,50,52,56
571,327,42,41,44
1004,489,50,48,54
1052,162,48,49,54
813,183,48,47,50
513,258,225,224,246
377,81,34,29,28
846,59,56,53,54
971,351,46,46,51
978,310,46,45,48
671,265,46,45,49
1108,235,237,231,249
782,265,240,239,255
673,105,51,46,52
604,170,45,46,45
702,262,47,46,51
293,125,32,26,32
119,349,36,38,39
443,385,56,56,59
358,195,193,194,215
203,267,205,203,226
518,431,50,44,47
675,188,238,239,255
780,182,46,46,51
170,180,195,190,213
214,304,42,41,43
274,1,204,194,217
370,273,49,47,52
408,301,46,44,47
56,178,173,29,40
749,444,44,46,49
481,208,83,80,88
563,100,46,44,46
1112,116,231,230,247
1058,356,45,49,53
1051,495,50,50,54
620,115,49,45,48
584,10,95,82,61
679,205,241,236,255
1024,141,47,48,53
487,429,50,46,47
1144,162,233,230,247
1098,337,240,238,255
1163,157,236,233,251
963,238,44,49,52
314,371,45,41,47
194,80,196,187,209
133,464,50,48,51
702,267,48,45,52
521,60,41,42,43
739,189,236,236,255
916,96,44,48,50
861,498,112,117,72
581,270,228,232,255
1162,438,235,234,250
601,189,232,231,255
993,228,42,46,50
98,4,97,91,101
313,56,30,30,27
409,35,35,32,29
859,333,45,47,50
993,73,68,60,58
1030,50,82,68,61
1113,54,234,231,247
1155,178,234,233,246
1009,279,48,46,51
446,108,41,40,42
486,153,43,43,46
1177,396,237,236,250
735,180,48,46,50
35,469,47,47,49
254,186,189,185,206
271,483,81,73,54
1141,130,235,230,245
696,377,44,45,47
1198,142,239,237,253
323,71,30,25,25
553,86,44,44,45
679,208,238,238,255
801,190,45,46,49
770,491,167,162,174
1039,93,49,49,55
938,179,44,48,48
283,476,122,116,92
1040,246,48,48,53
255,347,42,42,45
1121,17,229,227,247
1061,339,51,52,53
527,384,42,42,45
26,357,43,43,45
529,412,42,44,42
786,220,240,239,255
709,457,127,108,80
52,151,170,84,99
310,72,35,26,30
744,12,47,48,50
102,56,147,131,152
922,174,48,48,51
460,477,183,186,205
422,374,45,42,46
737,318,45,45,50
1194,23,243,236,255
860,376,49,50,48
853,36,91,87,80
1088,61,253,252,255
478,285,56,56,59
856,380,48,46,51
357,256,211,211,236
852,258,239,239,255
822,397,48,47,50
829,468,48,48,52
76,31,114,104,116
853,314,46,45,49
671,8,48,49,51
1085,131,98,97,107
219,123,37,35,39
1006,345,45,48,50
657,417,44,44,49
927,147,45,46,51
303,5,148,147,171
714,169,45,46,51
422,144,42,42,45
702,214,237,235,255
797,344,43,45,48
1076,498,250,248,255
1047,138,49,47,55
708,319,42,44,48
78,59,187,185,206
1068,81,99,86,96
751,110,45,46,50
342,280,45,44,46
434,229,226,226,249
242,452,52,51,52
613,281,44,45,48
1141,483,229,228,244
383,100,32,33,35
806,327,46,46,50
441,63,41,38,40
308,380,40,42,46
773,220,239,239,255
64,286,37,31,32
1005,93,46,48,52
267,115,31,26,27
1105,23,239,237,255
415,467,134,123,137
896,49,99,96,92
1112,36,233,231,248
93,412,40,43,48
711,297,48,47,49
1066,4,102,77,66
28,390,46,45,48
45,464,51,49,51
65,318,40,37,35
420,240,126,125,148
875,277,46,48,50
712,2,133,55,83
1088,381,246,237,215
340,431,78,73,51
293,33,53,53,58
666,151,46,46,49
206,91,104,106,121
512,393,41,41,44
1068,34,117,106,108
792,32,53,49,54
102,136,163,29,38
519,192,215,220,241
76,307,38,34,33
165,441,51,47,50
838,272,48,45,49
417,418,43,44,48
986,386,44,45,49
589,365,40,43,42
11,53,83,70,86
708,193,240,237,255
1021,198,47,45,51
945,398,47,44,48
802,415,52,48,53
1008,356,45,48,49
662,374,44,41,47
624,397,43,43,46
969,9,106,77,62
195,397,47,43,47
705,323,43,45,48
922,321,50,46,54
468,456,179,185,203
237,377,43,44,48
164,434,52,52,52
1023,231,48,47,51
1108,227,237,235,250
684,490,115,88,65
908,153,48,46,51
681,413,41,44,45
722,159,43,46,50
466,371,48,49,53
1065,414,51,51,54
757,374,47,46,47
808,138,45,49,49
147,16,192,191,208
29,64,111,102,112
885,194,43,46,49
89,438,47,46,52
1143,355,235,229,248
888,323,46,46,48
754,106,50,45,49
723,209,238,238,255
841,284,42,47,50
507,124,41,37,41
1003,127,47,49,54
364,22,38,29,32
998,175,48,48,53
783,146,46,44,50
951,340,47,45,48
810,341,44,47,51
190,14,173,131,139
817,192,49,47,51
713,303,42,46,48
665,296,46,45,47
271,255,197,195,215
7,387,44,45,48
788,431,47,45,50
125,494,50,49,53
608,387,41,43,46
688,55,42,49,47
272,386,43,43,44
1184,327,237,235,251
87,479,70,64,64
600,388,41,43,45
1001,362,46,44,50
942,307,43,46,49
924,409,46,46,49
920,65,78,72,62
777,363,46,44,48
81,357,40,40,43
998,388,50,46,50
1070,232,53,49,54
659,283,46,46,49
972,66,89,77,66
762,234,81,71,119
1023,412,51,46,52
367,434,81,76,63
798,181,49,45,51
49,172,172,29,34
528,479,116,112,118
336,257,209,208,226
501,175,51,52,58
1167,162,239,235,254
36,131,153,26,31
118,325,33,32,33
370,179,198,197,218
161,257,209,206,231
146,263,213,212,234
616,469,174,173,176
421,401,41,43,47
152,448,45,48,49
998,381,47,49,50
3,257,32,26,27
539,149,43,44,46
805,30,51,50,53
477,429,61,50,49
559,496,126,120,98
239,239,191,190,210
328,456,72,69,52
506,441,164,164,186
238,399,44,43,46
203,353,39,42,46
360,116,36,30,34
662,198,237,235,255
758,32,52,50,52
395,219,211,210,233
65,4,228,227,248
486,220,200,197,214
827,187,48,49,51
40,80,142,131,154
741,237,242,238,255
1108,95,238,233,248
1079,260,63,59,75
1053,403,49,48,53
958,64,52,52,54
582,397,36,42,41
685,380,43,46,47
766,101,50,45,49
77,39,116,108,115
714,400,158,157,195
764,481,154,147,154
602,251,237,240,255
684,2,51,47,51
1083,240,57,54,58
992,484,46,48,50
52,88,195,191,211
125,355,43,39,39
82,353,40,39,45
710,121,46,45,50
39,31,229,228,252
1103,62,237,235,254
781,340,48,44,51
1058,80,86,79,63
657,474,88,68,55
1145,358,229,230,241
1113,331,231,229,247
5,346,40,42,46
969,135,49,47,53
544,324,40,42,45
574,150,44,41,48
332,14,45,40,45
326,149,35,32,35
955,469,49,47,52
223,375,47,45,48
1065,261,51,48,53
444,193,223,226,246
917,45,97,95,86
766,234,184,187,165
473,317,49,53,55
118,233,178,183,196
770,80,43,48,49
173,460,51,47,51
1145,185,232,233,245
692,238,235,236,255
993,402,48,47,50
1048,394,50,48,53
354,43,31,27,26
569,374,42,41,44
884,462,53,46,50
915,31,125,120,113
1092,354,251,243,255
33,335,42,42,43
954,260,46,48,51
643,85,44,45,48
814,202,48,48,51
236,8,178,166,188
132,170,163,154,175
581,438,86,86,64
351,428,43,43,44
497,277,44,45,50
1034,117,48,49,54
560,224,131,138,165
776,175,49,46,53
405,89,39,33,39
728,182,52,49,54
152,49,134,117,134
111,125,160,30,41
268,198,178,178,195
519,329,41,43,46
188,148,33,35,40
159,431,50,48,50
455,359,18,19,14
982,92,48,49,52
250,34,194,189,209
382,252,215,214,237
532,387,39,42,46
637,348,48,46,49
345,160,33,37,38
762,140,46,45,49
558,30,41,43,48
373,270,185,182,216
798,61,47,47,51
139,3,31,36,36
1103,156,241,240,255
714,249,239,236,254
1016,329,45,46,50
247,232,71,57,65
92,291,35,30,33
827,54,57,55,56
401,207,54,55,59
146,251,210,207,228
850,16,96,90,87
765,435,47,47,51
302,331,43,42,47
172,119,116,117,134
366,255,212,211,234
183,479,47,46,48
682,461,105,84,62
766,102,44,44,50
148,80,159,147,169
613,93,44,45,46
868,343,46,47,50
698,13,44,49,51
645,141,48,45,51
908,3,158,102,71
557,302,44,43,48
708,90,46,43,47
147,255,206,207,225
710,422,48,43,49
692,383,45,46,49
213,419,41,43,49
919,486,54,52,54
666,464,90,72,52
167,303,33,36,41
791,429,45,46,50
312,273,44,45,46
462,411,48,46,49
372,22,35,25,30
438,318,45,46,45
118,248,215,212,235
944,466,46,47,54
1071,223,55,53,59
845,127,48,48,52
245,291,44,45,49
439,159,42,44,45
1120,52,229,227,242
131,45,137,116,136
943,411,47,44,48
138,424,49,50,50
987,297,47,46,50
907,76,45,46,53
228,195,187,184,204
76,283,36,31,32
104,464,47,47,49
779,185,50,46,49
160,45,149,133,156
556,402,40,41,45
569,281,45,45,49
1028,352,42,47,52
27,41,80,65,85
239,421,43,44,46
732,223,231,233,250
215,419,45,42,48
217,464,46,46,49
1007,370,49,47,49
866,499,106,111,71
1091,427,246,242,255
1022,426,44,47,50
744,311,42,43,47
283,439,84,81,59
1092,467,236,235,254
500,27,80,60,46
951,181,49,47,51
620,142,45,44,49
820,114,48,47,49
976,396,47,46,51
570,117,44,45,47
277,139,32,27,27
478,4,56,45,41
901,178,47,45,52
158,452,48,48,50
662,153,45,47,49
940,461,51,48,50
233,371,42,41,47
806,351,44,46,50
924,283,46,46,51
197,181,189,184,205
947,390,43,46,49
1185,172,237,237,250
1078,283,249,248,255
345,15,40,36,36
590,184,234,231,255
111,171,158,163,187
808,121,47,47,51
197,234,192,190,211
315,111,30,27,27
502,258,219,221,243
194,474,48,47,50
776,212,239,239,255
824,234,230,236,235
524,257,224,221,245
882,11,79,69,67
416,41,37,31,34
500,328,43,43,46
590,283,43,44,49
1029,83,85,72,62
1104,171,238,240,255
9,136,163,26,38
520,155,44,43,47
759,404,69,59,53
692,245,48,48,50
412,299,45,44,45
252,51,200,208,221
294,126,32,28,31
560,189,232,229,252
115,270,211,211,235
241,330,38,46,46
209,119,35,34,40
1120,314,230,226,242
868,311,44,47,51
1088,129,243,241,255
322,178,189,188,207
963,386,45,44,48
666,154,48,46,51
965,256,46,46,52
792,85,50,47,50
606,190,237,234,255
571,17,91,81,61
867,277,49,49,54
23,277,34,29,31
809,294,45,45,52
488,497,120,110,62
895,208,47,45,52
614,412,40,44,44
516,158,44,46,48
501,325,42,43,45
382,121,36,35,40
342,499,64,59,51
479,99,39,42,45
732,407,46,48,52
401,383,45,45,45
96,291,34,32,34
212,286,46,46,49
212,254,200,197,220
152,3,31,30,30
225,460,71,71,51
341,487,65,62,61
647,206,134,135,158
434,321,40,43,45
1016,381,46,48,52
79,480,85,72,67
1144,443,231,227,245
913,120,45,47,51
1121,362,234,231,246
965,197,44,47,52
1122,48,235,231,246
22,87,117,107,113
1089,133,91,80,78
249,487,51,51,50
300,461,70,64,50
341,93,31,29,32
296,394,44,43,48
411,144,43,40,45
496,466,162,164,169
955,157,46,47,50
558,297,43,43,46
465,128,41,43,44
458,261,234,235,255
20,117,149,21,31
703,131,47,46,50
264,256,198,195,216
853,105,47,48,53
1070,179,51,50,56
615,211,234,233,255
199,120,34,36,39
208,247,196,195,214
878,239,240,238,255
440,303,49,43,46
373,32,30,27,28
667,450,66,58,53
308,23,46,48,53
656,55,45,47,49
1084,190,249,247,255
554,70,41,43,46
478,85,41,43,46
329,454,75,71,53
518,473,116,115,104
926,268,51,46,52
864,318,47,47,49
491,404,37,43,44
775,205,225,227,246
997,383,45,48,51
1031,323,47,48,51
947,45,132,96,69
109,291,40,36,38
1178,225,236,238,255
412,69,34,34,35
257,485,79,68,53
724,260,182,182,215
762,34,49,52,52
763,99,44,47,49
423,436,46,47,47
1184,125,237,232,254
1138,471,229,225,238
918,18,101,69,62
266,115,32,26,27
777,197,46,50,51
443,477,138,131,129
471,391,43,43,47
415,401,45,44,45
135,459,52,50,52
63,134,154,27,40
798,351,50,45,50
943,132,46,48,51
330,203,164,171,179
62,214,65,54,70
774,223,240,238,255
1116,353,231,230,247
1108,115,238,232,250
1032,224,51,48,50
693,229,238,235,255
110,457,48,47,50
472,230,189,189,209
78,23,110,103,111
997,422,46,46,50
751,314,47,45,47
1041,210,49,47,55
117,121,163,33,38
932,56,98,95,92
127,47,150,130,152
489,42,49,44,43
1131,375,230,230,241
375,196,204,201,223
544,342,45,40,44
435,339,46,41,46
1103,430,241,236,252
755,268,50,51,55
884,439,47,47,51
314,246,180,178,192
746,385,46,44,47
868,259,139,128,200
606,437,39,45,49
290,391,41,42,45
171,271,210,208,232
559,150,43,45,47
413,396,43,43,47
710,406,45,46,50
186,442,50,48,51
779,330,48,48,53
83,236,114,108,140
1142,313,232,229,247
1158,241,235,235,252
164,388,47,44,47
585,438,66,60,50
865,371,47,45,48
218,135,33,30,34
376,280,46,45,45
600,346,41,41,46
112,335,35,33,38
321,307,41,42,46
1019,152,50,49,51
651,184,240,236,255
315,334,42,44,46
185,267,203,207,225
1088,326,248,249,255
516,449,150,146,163
695,65,44,47,51
578,22,51,48,51
678,149,47,47,50
382,291,44,45,45
795,318,46,44,47
105,235,201,198,220
757,194,52,48,56
1164,123,237,234,251
1193,275,240,236,253
815,427,45,46,50
543,33,43,42,45
489,203,173,182,186
132,476,44,46,48
14,188,79,87,71
186,63,185,173,196
619,341,44,46,47
528,340,39,44,44
1129,415,232,229,244
905,26,110,100,92
469,168,44,44,49
320,215,190,189,202
917,35,119,113,113
162,420,49,49,49
1058,242,47,46,52
763,216,229,229,252
313,417,41,42,46
217,161,33,31,28
653,480,88,69,55
201,376,43,43,43
637,226,226,234,239
709,354,45,44,47
183,4,154,25,40
529,159,46,43,48
40,370,45,44,47
1168,307,236,233,252
661,484,100,75,58
238,372,45,45,45
417,67,36,34,38
497,457,152,152,163
702,35,51,51,51
391,51,37,26,29
330,121,30,31,33
676,353,45,42,47
491,345,45,42,47
501,359,42,41,46
251,280,193,194,212
591,215,79,77,77
383,450,185,196,218
143,92,144,131,151
876,81,48,45,54
783,482,163,159,175
153,206,179,181,195
517,293,44,43,46
333,200,164,169,185
1177,431,240,234,252
974,117,46,45,52
161,247,203,201,223
421,179,47,47,50
70,166,169,33,42
971,218,46,46,51
859,377,49,49,53
290,49,47,46,52
845,27,86,85,79
1024,142,48,48,51
814,400,45,45,48
880,491,172,158,108
737,268,52,48,55
557,453,142,139,148
1081,205,51,55,55
949,467,45,48,51
649,362,41,43,46
454,221,63,55,60
950,442,43,47,48
241,463,78,75,53
1173,316,238,237,248
239,335,41,42,46
792,30,48,50,53
11,299,34,32,37
308,82,30,25,29
892,0,135,117,91
1069,311,52,52,57
1186,43,239,236,254
116,113,162,28,37
395,403,44,44,48
471,311,51,51,54
877,393,47,46,47
91,239,219,220,244
501,10,77,55,46
843,485,172,160,103
604,432,44,43,47
872,466,47,48,50
288,359,41,42,47
290,60,39,36,40
121,182,196,197,225
1109,458,230,228,246
252,361,44,45,44
834,258,241,239,255
103,187,251,249,255
1177,306,237,234,254
591,45,43,44,48
261,273,40,43,47
983,400,45,47,50
1190,10,238,238,253
1093,144,225,217,189
711,107,43,47,50
230,256,201,197,219
1149,155,234,232,247
127,237,96,88,99
911,367,47,45,48
80,48,43,35,39
557,267,232,229,251
715,245,240,237,255
93,293,37,31,31
834,443,46,46,48
11,444,57,57,58
46,243,32,30,32
603,149,44,45,47
1195,446,237,233,248
1042,491,52,51,54
260,232,70,56,86
257,467,106,94,62
343,265,210,210,232
564,2,98,80,62
563,5,94,78,59
837,136,46,46,50
929,60,92,92,84
837,166,49,45,49
578,141,41,45,47
1046,129,50,50,54
231,247,195,191,214
837,125,45,48,52
167,91,131,114,130
511,420,42,42,43
263,497,91,77,52
729,179,51,48,51
128,97,158,45,58
598,147,45,46,51
865,137,47,46,52
493,43,45,41,45
1104,453,233,228,248
599,107,43,44,46
450,134,38,41,45
760,225,223,229,247
330,179,189,186,206
10,71,105,96,107
860,68,49,48,52
758,137,46,46,50
35,259,34,26,31
704,168,46,48,51
546,15,49,49,48
1012,373,49,48,50
9,231,31,26,30
672,99,42,45,48
316,215,193,191,213
783,148,47,45,51
818,19,63,61,60
413,73,37,34,38
1184,438,237,235,250
0,5,170,152,187
296,324,41,42,45
961,148,48,48,51
374,471,48,50,47
54,403,43,44,46
229,194,185,185,206
790,83,47,45,50
402,108,39,38,41
829,194,42,47,51
864,240,214,221,249
431,29,32,31,33
961,110,46,48,52
775,222,238,238,255
1085,252,254,252,255
19,367,46,43,48
483,258,203,201,217
904,320,43,46,48
93,146,160,32,37
217,471,47,47,48
325,497,126,125,139
799,83,49,48,53
588,299,45,43,47
62,60,108,99,110
280,154,36,30,34
777,155,48,45,48
52,483,51,48,47
342,320,45,43,44
404,141,41,42,43
338,66,30,28,32
397,249,60,55,61
707,486,125,109,88
1085,362,241,239,254
320,185,191,193,210
55,253,35,32,33
356,451,57,54,52
1050,272,57,50,54
594,476,142,135,117
260,191,192,189,204
344,249,205,209,229
955,251,45,48,48
206,133,32,34,38
621,226,234,234,255
600,274,48,46,47
177,196,94,77,101
959,90,49,49,51
643,433,45,45,48
792,274,57,57,61
223,125,32,31,36
431,204,195,197,223
18,458,46,48,48
1113,18,236,234,253
882,425,53,53,54
686,356,42,46,49
295,85,34,28,30
57,368,42,43,47
258,69,43,44,50
91,223,209,211,235
211,395,44,43,48
624,39,45,45,47
227,27,180,167,190
549,418,41,40,44
1168,282,236,235,254
764,490,167,163,175
582,402,43,42,46
721,339,41,45,47
325,343,48,42,48
698,367,45,46,50
129,277,217,215,237
839,161,48,51,51
953,47,105,80,62
1035,248,48,47,54
551,198,75,64,93
200,432,45,46,49
659,74,47,46,49
155,264,211,211,232
427,364,41,42,45
173,294,41,38,41
1150,90,236,232,246
966,172,48,48,51
232,456,72,68,51
238,231,45,44,48
518,110,45,45,49
794,156,45,46,50
21,268,33,26,31
828,54,58,55,56
249,193,188,184,206
550,304,45,45,45
1141,374,232,227,245
665,238,64,57,74
772,12,48,48,51
1070,357,56,55,60
589,56,45,45,47
903,363,45,45,49
892,77,44,48,51
1135,211,231,225,241
627,379,44,46,44
785,9,50,49,53
76,426,55,56,54
590,151,42,44,45
56,139,158,26,33
282,80,32,28,31
314,66,31,27,28
160,132,125,126,140
368,21,41,31,28
460,121,42,44,44
317,206,72,65,82
466,25,103,76,57
457,72,38,41,42
43,69,117,108,116
912,379,41,45,47
549,201,63,57,62
1090,161,246,248,255
236,183,190,185,205
108,406,42,41,45
1117,7,234,232,248
869,97,43,47,52
411,99,40,37,40
273,70,41,41,45
377,58,31,24,32
256,300,41,41,45
793,45,49,53,52
731,486,151,146,157
648,364,47,44,46
1195,351,239,235,252
148,438,50,49,51
773,475,162,158,172
157,392,43,45,45
65,83,36,32,33
953,483,47,47,51
679,252,48,47,51
973,44,96,71,60
499,266,214,216,239
317,87,29,26,27
742,61,47,46,51
78,6,73,65,80
1123,239,234,230,245
325,263,207,208,227
362,211,155,157,182
1035,297,114,99,67
1010,155,49,48,53
699,251,48,47,51
218,158,32,25,31
888,498,175,162,109
1064,490,53,51,54
792,58,46,45,49
189,420,46,46,46
23,315,38,37,38
66,155,163,31,38
604,63,46,44,45
137,154,231,228,251
489,361,41,45,46
398,9,39,25,28
226,149,34,27,29
432,373,40,43,48
783,185,48,49,50
1035,291,55,52,58
1137,96,232,229,243
951,131,48,49,53
639,474,167,166,179
250,12,75,57,79
1004,399,47,47,52
1005,330,42,49,51
83,347,39,34,41
845,10,98,95,90
186,356,44,43,45
498,330,45,43,48
202,439,51,48,48
684,10,48,50,51
592,244,236,236,255
1083,43,60,58,62
122,406,44,43,46
365,75,34,29,28
38,87,186,184,204
44,31,226,231,249
109,238,202,200,223
208,331,45,42,47
620,475,184,183,198
862,487,151,139,90
617,195,236,235,255
1064,393,54,50,55
571,444,128,123,120
282,343,46,43,46
108,483,48,48,50
92,213,214,218,245
273,83,38,31,34
497,231,80,72,95
1000,250,46,48,52
730,378,43,43,49
944,273,44,46,49
374,414,43,45,47
1184,446,234,234,250
132,319,39,35,35
468,360,49,50,51
213,352,45,44,46
83,301,35,29,30
703,134,45,47,49
98,186,226,228,248
1036,431,45,48,49
205,496,47,47,48
136,428,48,48,50
199,1,155,32,49
203,38,163,47,77
906,16,107,79,80
309,16,39,42,49
232,314,46,43,47
590,403,42,44,44
821,18,72,70,62
573,495,174,171,176
1119,350,232,229,245
568,283,37,44,46
7,307,37,38,43
1042,108,49,50,54
584,282,44,47,50
8,316,39,41,42
1017,12,98,80,64
426,438,71,65,56
980,71,80,67,62
566,47,42,44,45
497,213,205,206,226
855,401,44,47,47
534,474,158,162,179
498,242,213,218,237
605,264,42,45,49
491,73,45,40,45
241,482,61,56,51
581,403,39,43,43
43,42,97,83,101
389,207,181,181,196
203,161,33,28,28
113,387,43,44,47
762,153,46,47,50
117,60,153,140,156
71,327,37,36,35
894,71,46,47,51
142,416,44,42,46
928,170,47,47,50
845,109,47,48,50
1089,303,182,167,133
937,5,190,168,185
506,240,60,58,63
337,16,36,36,38
427,397,42,43,47
442,102,42,40,44
431,206,110,103,125
971,429,42,47,49
123,399,43,43,45
699,438,43,44,47
1090,104,106,102,86
1141,103,232,228,245
3,81,125,119,123
938,212,46,47,52
112,285,36,36,37
976,106,44,49,53
212,385,45,40,48
23,354,44,42,47
1038,138,48,50,53
395,152,44,41,44
644,308,44,45,47
492,166,24,26,27
456,462,184,187,204
672,48,45,46,51
480,472,176,178,192
584,103,42,44,46
765,5,47,49,51
212,65,32,30,30
170,471,46,45,50
226,487,57,59,56
279,175,192,187,204
1141,236,228,227,243
233,219,191,185,208
994,7,126,94,72
117,168,207,207,232
1152,371,235,233,249
644,6,51,50,52
621,110,44,45,47
946,171,47,49,51
635,197,239,236,255
1192,294,236,235,252
1060,93,62,59,61
992,173,46,47,54
1172,462,235,231,248
751,138,45,46,48
866,203,48,48,52
919,74,46,48,51
936,250,45,47,50
98,14,112,105,114
262,410,47,46,51
825,499,166,160,155
552,422,39,38,45
27,425,53,51,51
939,289,44,45,50
267,116,35,25,26
218,487,96,96,60
843,55,66,58,55
1187,64,239,235,253
467,456,178,184,206
535,85,43,45,46
1155,303,235,231,249
752,208,243,238,255
773,458,47,46,51
420,485,136,131,131
1128,262,230,226,242
951,168,48,47,51
698,432,47,44,48
726,90,45,45,49
478,63,45,42,44
788,468,149,147,149
967,398,45,46,48
301,260,201,204,224
69,39,113,103,110
288,371,41,43,47
230,230,59,51,76
776,494,158,153,164
555,487,126,119,107
207,310,39,42,46
811,359,46,47,50
430,490,25,25,23
632,133,42,45,48
98,191,250,248,255
495,233,68,53,64
859,66,50,48,53
88,85,153,25,32
1167,121,238,237,253
586,64,45,43,50
191,354,38,42,44
317,342,40,44,46
610,121,42,44,45
813,142,47,45,49
1115,135,232,231,248
967,440,64,51,112
888,94,50,47,51
206,123,35,35,40
279,329,43,44,46
660,1,50,49,51
583,131,46,44,47
351,309,46,42,48
852,6,98,95,88
265,391,41,43,45
635,436,43,44,47
1064,349,51,50,56
228,491,55,53,52
877,134,48,48,51
641,488,149,146,156
1086,468,242,242,255
718,466,146,140,151
521,17,27,24,29
10,387,48,44,46
883,483,161,156,122
138,129,199,188,210
526,65,43,43,44
711,136,45,45,48
747,197,59,57,61
39,352,41,43,47
110,277,68,57,84
615,245,234,236,255
1121,118,232,228,248
386,187,202,204,224
970,22,104,76,59
407,170,42,42,46
1037,239,49,51,51
211,43,195,167,178
828,72,46,47,51
716,365,43,45,46
1023,366,48,47,52
63,299,35,33,30
22,369,45,43,45
602,301,43,43,47
541,139,43,45,49
919,5,129,83,63
13,324,43,42,43
949,280,45,45,48
1097,456,235,235,255
418,308,45,45,48
752,348,48,46,49
667,496,107,80,57
356,476,63,58,51
1130,24,230,227,243
1103,326,238,235,255
436,49,37,34,36
716,6,116,73,62
231,274,207,205,222
219,384,41,45,44
695,130,45,45,48
112,495,48,49,48
216,62,37,30,33
990,176,49,46,50
1078,291,241,239,254
21,218,30,30,31
1097,94,241,239,255
444,388,81,77,82
1076,234,51,51,56
479,244,25,25,25
173,428,124,122,111
194,90,91,88,104
724,328,47,45,49
209,180,191,186,203
179,397,43,45,46
506,406,41,41,45
47,221,29,29,30
424,123,43,41,45
155,235,191,188,211
1173,494,234,234,250
594,456,144,140,141
542,244,220,227,239
74,267,39,35,36
950,396,48,46,50
343,498,65,60,53
913,214,49,47,51
724,20,114,78,61
826,161,46,47,52
908,238,240,236,255
792,153,48,48,51
450,235,230,228,248
863,163,46,48,53
643,225,237,236,255
22,337,37,39,44
177,311,42,40,44
1146,174,235,235,247
756,162,47,47,49
648,371,42,45,46
570,154,46,46,46
670,363,46,44,47
7,282,34,31,28
203,281,211,205,231
568,413,43,46,48
789,140,45,46,51
498,48,42,41,46
502,44,43,43,44
970,96,47,47,51
688,493,121,93,63
139,249,210,206,230
581,149,42,45,46
260,4,52,41,51
734,238,241,239,255
326,91,33,25,25
779,21,54,51,53
382,492,136,128,134
75,129,156,32,43
433,20,36,30,32
516,60,58,60,66
940,374,48,46,51
1022,356,48,50,51
0,203,30,29,30
151,355,44,41,45
1007,99,48,48,52
1036,301,99,82,67
913,35,107,101,102
1072,481,52,53,57
1182,325,240,237,250
1137,193,231,230,245
391,65,27,27,29
921,139,41,48,50
256,390,42,43,49
318,244,200,200,219
1054,179,48,52,54
103,412,42,43,45
619,211,226,229,253
414,409,43,44,47
817,107,44,49,49
220,28,171,162,187
43,299,35,30,34
110,459,49,49,48
873,257,74,56,60
1158,25,237,235,251
517,433,151,156,160
44,222,30,30,31
978,388,48,46,50
557,69,47,43,45
392,245,211,211,234
708,398,53,45,42
484,304,47,47,47
683,187,238,236,255
500,228,216,218,236
182,439,50,48,50
617,379,41,43,44
707,287,45,47,48
980,29,98,77,60
174,26,177,160,184
383,175,45,46,51
54,392,40,45,46
432,103,44,41,42
60,323,37,34,36
550,118,41,45,47
491,239,61,62,65
1061,309,77,57,66
381,6,43,32,31
166,281,210,210,232
315,319,39,42,48
592,138,42,46,47
7,356,40,43,44
473,272,24,22,26
0,358,45,45,45
466,237,231,228,251
880,231,241,238,255
133,216,195,194,216
70,456,46,47,49
509,183,213,216,234
51,286,32,31,33
667,120,46,44,49
864,414,45,48,49
767,95,47,47,49
487,256,211,207,228
219,378,45,44,44
806,390,47,46,49
834,419,150,151,181
881,324,49,49,51
477,80,45,43,46
663,170,48,45,51
207,38,164,37,52
346,172,164,156,166
862,309,44,46,50
615,192,237,233,255
719,98,48,45,49
1194,382,237,237,252
953,253,43,46,50
690,253,48,46,50
395,429,50,45,50
265,96,33,31,32
739,398,135,134,131
398,355,43,44,47
178,7,153,56,82
633,6,51,50,49
123,216,202,198,221
1127,493,226,224,241
759,104,41,46,49
436,259,231,231,249
886,177,47,47,53
898,93,50,48,50
27,140,159,29,34
697,316,45,47,49
513,394,40,43,44
1021,163,50,48,51
1074,1,107,82,69
847,435,45,49,49
233,476,52,50,52
731,173,49,47,51
775,305,44,46,48
1055,25,95,80,64
590,88,45,44,47
1057,174,50,50,55
375,436,154,126,111
1020,341,44,47,51
623,15,46,48,52
455,277,203,205,236
994,260,47,48,52
663,96,49,45,49
803,451,45,48,50
863,411,45,46,50
149,381,41,40,46
1,400,49,47,51
1139,99,232,229,245
174,308,35,36,41
759,172,44,46,52
1091,251,244,247,232
657,19,52,51,53
491,326,43,41,48
259,261,200,200,218
269,313,44,43,46
415,13,34,24,27
452,120,42,42,46
873,325,45,48,48
951,302,42,45,49
206,340,44,42,46
1119,85,232,227,244
164,11,157,138,163
4,49,65,66,72
215,117,34,36,40
257,61,46,43,50
1038,383,43,48,49
1020,124,47,49,51
231,211,182,181,199
756,166,45,45,50
9,444,59,56,56
1016,486,46,48,48
779,322,46,43,50
180,207,47,38,49
1157,230,237,235,248
22,296,35,32,36
808,145,49,47,50
1177,285,238,239,253
610,177,47,47,51
415,306,43,43,47
1159,381,233,232,250
13,341,37,40,43
428,337,46,45,49
320,319,47,43,45
587,165,45,46,50
977,71,81,70,61
518,280,45,45,46
254,363,46,43,47
680,390,171,174,176
1172,104,237,234,250
150,149,175,176,194
426,419,43,42,46
533,462,147,144,157
875,268,208,208,235
62,72,33,28,32
1192,499,235,233,249
806,357,44,46,49
533,409,46,43,45
850,399,50,46,50
696,70,45,43,47
490,443,159,164,182
74,28,162,156,175
834,352,46,46,51
975,39,95,73,60
38,362,44,43,47
656,222,237,236,255
1109,233,234,229,249
264,160,36,30,34
201,373,44,42,46
748,92,45,46,50
419,326,47,44,51
1150,330,232,232,249
207,303,43,41,42
869,239,164,157,153
812,469,58,51,53
991,291,44,46,51
1139,56,231,229,245
1027,207,50,50,52
605,419,44,44,46
297,345,43,41,46
945,172,45,47,52
1187,218,238,239,253
856,235,238,238,255
177,338,39,40,43
746,228,237,236,255
844,171,47,46,52
800,54,48,48,51
710,250,79,65,61
538,222,224,226,249
305,286,44,42,47
32,417,68,65,56
70,448,49,47,51
601,357,45,43,45
1128,206,232,226,245
205,174,189,183,206
624,340,45,42,49
313,127,33,29,31
615,90,45,45,47
930,314,44,46,50
620,271,46,46,47
751,476,151,151,142
1143,34,234,232,249
23,180,125,123,126
492,396,44,43,46
314,117,31,27,31
139,124,205,195,213
936,88,49,47,52
674,396,45,46,50
106,119,161,29,36
201,422,43,46,50
477,306,49,51,57
14,444,50,53,55
208,321,40,42,45
719,28,81,62,56
394,23,48,37,32
1017,75,94,81,67
565,88,45,45,46
49,205,71,86,74
905,101,46,49,52
1126,113,230,226,244
1089,130,231,231,252
452,475,182,185,207
663,471,92,72,52
767,497,163,160,173
376,412,43,44,47
465,405,48,44,49
401,309,42,46,50
143,256,211,210,230
583,231,234,233,255
506,162,49,48,52
58,379,43,43,44
540,111,42,44,48
383,424,42,44,48
297,483,73,74,64
668,380,44,43,47
107,33,187,185,206
862,28,100,96,93
371,1,40,34,30
924,181,44,46,50
448,36,47,44,40
405,256,228,224,243
914,122,51,48,52
673,371,45,45,46
911,170,47,48,51
1102,121,238,235,254
93,421,63,59,52
494,447,164,168,183
884,174,52,47,53
211,12,188,172,195
150,319,35,35,38
380,266,214,215,237
452,424,65,61,62
616,91,45,49,50
464,444,174,179,200
833,325,47,47,48
479,31,70,54,48
1105,223,237,236,255
410,447,58,54,53
755,237,240,238,255
968,201,47,48,50
177,94,37,31,35
985,475,50,46,49
1045,88,65,61,62
151,297,38,36,36
447,311,41,44,48
239,244,192,193,212
665,487,103,80,59
96,121,161,49,61
484,277,46,51,55
1041,288,52,54,61
495,4,76,61,49
66,41,114,105,113
462,416,46,45,49
71,386,43,42,46
433,223,227,224,249
603,133,46,45,49
1145,75,231,230,246
755,281,46,45,49
583,202,78,51,94
444,147,44,44,46
597,42,42,45,49
808,33,53,52,55
967,285,48,47,53
614,187,236,232,255
1011,477,50,49,53
559,420,46,42,45
694,121,47,46,49
392,450,193,200,225
952,269,47,45,50
869,138,47,48,51
784,446,50,48,51
321,275,41,44,46
1183,217,241,237,254
481,355,43,42,48
214,96,116,114,129
234,286,51,48,49
337,439,76,74,54
577,346,41,42,45
476,240,29,27,30
651,349,43,44,46
1128,104,231,226,244
21,3,220,222,245
128,33,113,106,126
284,334,45,47,45
307,466,129,122,98
376,257,215,215,235
382,77,27,28,32
511,498,106,95,60
592,409,44,41,48
1139,224,231,229,245
496,222,214,213,232
646,136,45,46,48
886,421,47,49,50
191,14,179,154,166
618,191,236,234,255
615,47,45,47,52
270,157,30,29,35
64,242,32,34,36
904,291,44,47,50
211,487,49,47,50
1114,281,229,227,245
142,263,210,209,231
39,485,51,50,49
496,170,36,35,38
281,37,47,46,48
365,369,41,42,48
679,461,109,78,58
819,54,52,50,52
450,255,227,230,250
764,465,128,128,99
357,365,44,44,46
526,50,40,41,45
1045,414,47,48,51
552,71,44,43,44
503,158,51,50,52
203,62,34,26,28
423,188,221,216,240
1103,465,234,233,250
7,199,28,27,27
530,318,43,43,45
938,128,42,47,50
51,479,48,47,48
213,400,41,44,46
226,55,206,198,221
667,345,42,44,47
99,36,185,185,203
155,208,194,189,213
189,398,44,43,48
776,46,47,47,51
246,21,204,191,214
4,134,160,25,36
955,207,47,46,49
509,416,36,42,43
1050,493,48,49,54
1052,494,49,47,51
21,331,35,39,41
723,404,101,89,88
98,55,26,28,32
288,178,192,186,206
806,143,45,47,47
252,38,116,124,134
1066,358,53,51,56
605,390,41,43,43
669,79,46,45,48
899,450,51,48,53
750,35,49,47,52
721,357,44,45,50
710,337,43,44,47
126,482,50,48,54
392,91,37,32,35
773,488,152,148,160
438,294,44,48,49
216,65,43,34,36
4,30,222,224,249
647,208,80,62,66
565,245,233,232,255
681,418,47,49,52
240,332,44,43,46
176,13,162,144,167
360,149,37,36,40
1000,145,49,46,50
636,384,44,44,44
265,492,94,80,56
507,475,103,100,75
1171,181,238,236,251
687,66,45,44,48
300,243,199,195,217
1028,144,47,48,52
802,206,50,54,58
111,270,45,44,44
949,233,47,46,51
1024,401,49,47,51
52,436,49,49,52
376,9,41,33,31
451,383,16,21,18
466,337,49,48,55
839,114,47,47,50
291,104,33,28,27
747,301,45,45,49
685,497,115,90,65
411,427,41,45,45
522,356,43,41,44
908,282,51,48,51
676,328,41,45,47
149,6,32,32,32
413,243,59,55,59
360,346,44,43,46
948,65,106,100,101
492,276,43,46,47
5,34,226,223,250
937,206,46,47,52
1180,158,237,237,253
952,281,45,47,49
482,335,43,44,43
446,329,45,44,47
1123,200,231,229,246
615,359,44,45,45
963,131,43,47,50
421,34,37,31,30
70,114,153,25,35
965,122,50,48,52
482,230,70,67,66
830,293,46,46,50
127,166,239,238,255
885,40,99,95,91
618,50,44,44,47
756,18,50,47,53
385,423,44,43,44
1046,68,106,95,78
1118,364,232,228,244
861,191,47,45,53
511,344,38,42,44
573,296,44,45,47
242,258,198,198,217
687,116,44,46,47
1131,358,229,230,245
770,96,45,47,50
356,115,36,32,30
911,207,42,47,53
895,456,48,47,49
946,211,48,46,52
1124,91,228,226,243
754,197,55,51,54
803,433,46,45,52
590,444,149,150,163
587,155,45,43,50
359,377,44,46,48
337,374,43,43,47
864,340,43,47,49
220,27,172,161,183
916,289,44,46,54
124,203,210,210,232
661,493,107,83,60
1186,60,239,235,253
11,482,47,48,51
578,169,44,44,46
599,145,41,42,48
231,404,44,43,46
153,452,48,48,53
943,105,44,48,53
760,412,47,48,52
225,443,45,47,49
468,286,28,26,29
1179,177,240,236,254
668,56,49,46,50
1194,340,239,236,253
1008,303,41,47,51
33,353,42,42,44
777,78,45,45,48
931,334,44,43,51
564,455,127,124,124
130,96,161,140,156
990,388,46,47,49
82,214,136,146,162
1167,310,238,233,251
718,201,238,234,255
30,28,230,227,251
160,11,165,144,167
1134,180,231,227,244
4,439,48,48,49
409,403,45,43,46
302,136,27,28,31
784,158,45,46,47
1152,272,234,232,249
1061,96,48,50,54
549,179,225,227,246
676,185,237,236,255
537,13,75,61,49
837,302,47,48,54
180,424,52,51,53
510,115,41,39,45
253,207,185,182,202
903,148,50,46,48
1062,320,48,50,52
820,458,50,49,50
256,382,44,44,45
722,486,153,146,159
948,241,47,47,52
320,21,41,40,44
1148,16,235,230,247
89,300,36,33,35
331,387,44,43,47
557,138,47,45,49
1179,67,242,238,253
851,334,47,44,49
1148,379,233,230,246
657,189,237,235,255
895,51,103,98,94
719,39,59,55,53
360,261,215,214,235
811,157,46,46,50
431,20,34,30,32
897,252,240,239,255
649,334,38,44,47
0,257,32,31,33
98,97,154,26,33
972,20,101,76,61
390,65,28,29,25
167,93,202,189,211
95,319,33,32,33
147,228,92,94,119
696,347,43,47,52
68,402,42,44,46
1065,303,239,236,255
237,194,191,184,205
915,429,66,61,114
754,275,48,47,52
842,458,46,47,46
1088,423,251,255,248
869,336,49,47,49
999,453,48,50,54
19,409,48,45,49
30,463,50,50,52
51,341,40,36,38
724,67,48,46,51
161,485,45,46,50
244,274,208,204,225
415,356,46,46,50
425,147,42,42,45
79,181,206,196,220
1006,157,47,47,52
620,201,236,231,255
934,497,175,158,82
112,121,161,29,38
570,340,40,44,46
817,458,46,45,49
229,464,80,77,57
1104,375,239,234,255
1054,151,49,48,54
55,43,124,114,126
531,73,46,42,46
891,289,49,48,53
955,124,51,45,51
594,255,88,86,121
459,162,43,44,47
802,53,52,52,54
243,227,187,183,203
889,228,238,235,255
719,398,75,72,57
23,22,230,224,249
1001,417,45,49,50
1020,410,47,47,54
111,301,39,29,34
1175,197,241,236,253
788,499,165,163,175
851,430,45,47,51
582,9,95,81,59
805,431,48,49,55
430,144,42,44,46
153,400,39,44,46
325,341,40,43,46
1072,20,65,61,61
257,134,32,26,31
831,292,43,48,51
1119,11,232,231,249
810,338,45,47,48
492,63,42,42,43
323,293,44,43,47
342,275,42,45,46
963,256,52,47,55
692,126,49,45,51
1172,35,240,238,254
458,115,40,43,45
549,76,46,45,48
360,150,39,38,41
1151,221,232,231,247
873,9,85,82,79
1098,329,239,239,255
74,67,182,183,202
80,324,37,36,36
282,154,31,30,36
592,308,43,45,48
1022,284,46,48,53
805,10,49,52,52
468,76,40,42,45
485,483,118,110,67
885,425,109,123,164
12,173,96,96,98
561,220,230,230,254
760,44,49,49,52
937,132,47,47,51
34,247,37,28,35
89,78,150,27,32
409,263,225,227,250
953,337,46,46,51
442,82,41,39,42
13,488,51,50,53
270,435,76,70,54
240,46,54,55,69
901,31,92,86,76
484,142,45,45,49
206,236,148,143,165
115,6,115,107,116
430,323,41,44,48
572,177,48,52,54
124,314,34,34,35
1026,179,45,48,53
188,320,40,39,43
571,304,45,44,47
1151,364,234,233,249
629,14,48,48,50
465,377,48,50,51
571,68,45,44,46
229,473,58,60,51
677,310,46,45,49
10,416,56,51,53
45,152,164,31,37
987,19,114,86,65
1090,305,237,242,229
156,141,167,166,190
80,408,75,74,72
367,85,33,28,28
1058,33,115,100,88
1100,298,235,234,253
687,460,112,88,63
109,441,49,49,50
443,150,44,40,47
100,411,47,46,49
329,163,40,37,37
669,106,45,46,48
908,477,47,48,50
1073,261,53,51,54
887,281,49,47,52
1075,132,54,53,54
85,100,155,28,35
1153,385,231,231,248
853,333,47,47,52
208,124,37,36,39
778,475,162,160,174
65,69,27,26,31
679,104,43,47,46
161,406,41,44,48
509,21,91,67,53
0,362,45,44,45
314,193,189,187,209
715,487,152,144,154
368,249,211,213,228
201,443,48,47,50
100,254,217,213,240
9,342,42,43,45
582,57,47,43,48
143,250,210,208,231
429,459,142,106,95
1076,314,240,243,254
1037,221,47,49,49
518,58,41,34,38
1124,177,230,231,247
1029,364,52,48,53
9,283,34,32,34
805,241,242,239,255
746,188,59,54,74
182,293,37,37,41
321,157,37,32,36
1122,197,227,227,246
818,496,161,158,157
544,343,41,42,46
884,302,44,46,49
401,319,39,45,45
1053,341,47,48,51
627,60,48,45,49
97,176,153,150,158
346,441,71,67,52
360,44,31,25,25
1183,455,236,232,249
1094,462,240,236,255
168,312,39,37,39
292,98,34,25,28
505,114,38,42,47
553,67,47,42,48
878,372,40,47,50
966,124,45,48,51
649,261,44,45,47
413,176,42,44,46
665,141,46,47,52
1147,163,231,228,246
197,497,43,44,48
400,476,50,50,50
150,152,159,162,179
644,51,42,45,46
1014,212,46,48,50
600,468,127,118,98
1092,415,244,242,255
197,217,193,188,208
98,48,29,26,30
914,206,50,48,52
216,383,43,43,48
546,396,38,42,44
622,321,45,44,48
417,227,223,224,248
631,487,132,124,114
1113,45,234,231,247
299,345,42,41,46
915,420,45,48,49
74,280,32,31,33
963,217,45,47,49
396,392,43,43,47
1069,262,51,52,54
276,142,32,27,30
213,205,64,60,71
948,106,51,48,53
1190,64,240,237,249
259,227,197,190,210
666,298,48,45,49
369,234,81,66,93
646,167,48,45,50
90,268,39,34,35
851,182,50,48,55
708,357,47,45,49
85,228,67,64,90
16,486,46,49,49
809,134,46,47,50
495,415,39,42,45
995,199,45,49,52
982,334,46,47,48
757,316,46,43,46
978,207,47,48,51
938,239,50,48,52
375,452,187,164,167
314,138,31,30,32
934,162,46,48,51
1086,417,118,95,80
790,394,45,45,51
1086,382,94,89,93
1116,438,233,229,245
482,478,114,112,92
207,451,46,47,51
1018,188,48,48,52
640,432,38,42,46
192,393,43,44,45
1114,238,228,229,246
240,383,45,43,47
91,498,48,48,52
829,188,49,47,51
220,53,203,192,213
224,491,59,59,52
904,18,128,118,113
322,415,45,44,45
1167,452,236,233,247
157,246,204,200,225
45,163,168,33,40
1167,398,235,234,251
720,299,46,44,50
528,142,43,44,46
965,42,93,67,58
770,318,44,43,49
716,212,240,237,254
445,225,230,228,251
566,114,42,44,47
655,32,48,48,53
991,216,46,47,51
863,240,212,212,208
81,48,32,29,30
486,109,47,40,46
1052,402,48,49,53
663,467,90,69,55
547,310,44,46,45
800,220,243,240,255
1060,198,51,51,53
184,344,46,41,45
895,174,50,48,50
566,24,48,48,49
1019,433,49,48,51
331,437,84,83,56
120,172,241,243,255
40,183,176,38,43
1174,242,239,233,251
185,217,192,188,206
626,446,185,193,214
682,485,115,85,62
196,49,193,178,196
245,441,51,53,50
613,116,45,44,49
1039,171,48,47,52
962,17,105,75,62
1172,46,241,237,253
340,352,43,43,46
279,472,93,84,59
146,159,108,105,122
667,72,44,47,47
258,392,42,43,44
173,447,51,47,50
807,323,48,47,52
463,79,44,42,46
564,297,44,45,46
757,34,51,49,51
1112,421,233,228,247
435,267,231,230,254
914,417,41,44,49
518,251,222,222,244
967,358,50,46,52
844,25,87,88,80
768,470,164,162,175
474,485,127,126,94
122,175,180,189,210
31,408,47,45,50
1111,66,231,232,249
471,58,39,42,43
198,325,43,41,44
1142,212,235,232,248
969,475,50,45,52
481,302,45,46,51
740,89,43,46,50
1011,233,49,49,52
261,276,45,44,47
123,481,47,48,48
479,354,42,44,47
658,66,49,45,50
246,271,203,203,224
7,79,117,109,117
691,319,49,47,48
467,252,104,102,103
927,64,90,81,75
817,75,43,46,50
1068,371,50,50,54
440,319,44,44,51
1068,264,53,50,55
704,128,42,47,50
447,230,227,227,252
181,329,42,40,42
941,332,43,45,49
670,387,50,46,45
1074,135,48,50,55
476,204,223,221,245
272,83,37,31,35
1030,284,49,48,52
168,237,55,46,50
1192,121,237,237,252
458,275,237,234,255
733,197,241,237,255
1158,405,238,234,250
1047,396,47,48,52
939,439,48,50,52
582,432,45,43,46
811,136,47,47,50
533,356,43,42,43
97,337,36,36,38
205,175,191,182,205
104,101,157,31,40
248,186,187,184,203
946,208,44,45,51
412,45,31,25,31
1075,427,250,248,255
736,25,51,50,52
706,68,45,45,47
511,431,57,55,49
669,66,45,47,50
460,322,37,41,46
398,134,44,44,49
235,181,190,187,203
674,89,45,46,48
355,269,179,179,214
784,431,43,47,49
606,13,50,49,52
1099,314,239,237,255
701,422,45,45,47
551,276,47,46,51
568,246,231,233,254
427,310,39,43,45
951,169,47,46,52
1053,488,52,52,56
647,480,80,66,61
534,477,152,151,159
1193,87,240,238,252
632,454,193,194,211
986,369,45,45,50
647,455,192,200,220
1087,83,63,60,66
219,127,39,32,35
153,310,33,35,37
732,422,45,45,49
425,441,165,164,165
554,88,44,42,47
950,385,44,45,46
1133,5,232,229,243
582,403,43,43,46
220,110,35,37,39
448,329,45,47,51
1062,491,51,52,55
227,328,41,44,46
881,313,43,46,50
854,10,94,90,88
1136,18,234,229,247
1074,194,54,53,58
405,128,37,39,42
535,374,42,39,45
314,452,79,72,51
809,45,47,50,52
777,2,48,49,55
434,382,44,46,49
514,153,44,44,47
397,482,87,85,86
58,375,42,45,43
440,12,34,30,31
589,293,43,44,46
981,60,108,85,67
289,270,45,44,46
992,371,47,46,51
1112,27,237,234,252
830,10,89,87,80
10,442,54,51,50
782,176,47,47,49
522,490,99,96,66
1131,194,231,226,245
250,159,34,27,33
1173,435,237,237,253
210,141,33,26,32
1149,111,234,231,246
1061,326,41,50,52
841,379,44,46,48
822,291,47,45,50
135,113,150,45,52
638,444,52,48,46
630,91,48,47,48
668,231,238,237,255
189,396,46,44,46
410,335,44,42,47
19,265,33,29,28
1135,448,233,229,240
557,444,139,130,134
292,103,29,26,24
883,171,47,47,51
880,496,174,162,111
804,77,44,48,50
627,408,44,42,46
698,146,45,45,48
268,147,34,28,30
208,211,114,111,123
1165,136,236,235,249
370,433,68,59,53
1047,48,122,112,104
183,139,42,38,43
193,340,44,42,46
199,14,177,130,149
449,219,66,58,65
1030,126,47,47,52
185,396,43,41,47
196,90,108,112,127
680,368,42,41,48
449,33,49,43,41
754,107,53,46,50
23,391,42,47,48
515,361,40,41,44
976,116,46,47,51
949,253,45,46,51
688,372,43,44,46
1192,188,239,236,254
381,43,31,25,26
644,230,236,235,255
1059,147,47,49,55
646,414,46,44,45
857,359,47,46,49
863,230,239,239,255
227,303,48,43,47
526,491,109,104,75
951,25,95,70,59
209,483,47,47,50
223,461,66,66,54
557,77,42,43,46
860,58,90,74,57
633,410,43,45,45
357,446,70,64,53
1186,34,242,236,252
1151,57,235,232,251
352,56,32,20,23
319,422,43,44,45
263,46,204,207,227
389,413,47,41,46
1098,294,239,236,255
914,468,53,48,51
736,65,42,45,50
235,394,44,41,46
465,494,104,99,55
926,378,47,45,48
60,112,150,25,31
104,104,157,29,40
1119,344,231,229,247
166,409,44,45,48
423,435,44,46,47
490,455,168,166,185
203,120,34,36,40
340,139,31,32,34
550,137,45,41,48
367,58,32,25,29
632,286,45,44,46
82,280,37,32,31
928,212,47,49,52
571,138,45,44,48
476,12,58,48,39
334,173,190,189,207
78,51,43,29,41
892,326,48,44,49
1026,195,47,50,53
629,416,43,43,46
1194,289,240,238,250
692,212,241,240,255
635,216,64,58,76
585,59,44,45,49
316,197,189,190,211
733,416,46,43,49
675,482,109,84,59
311,228,193,193,215
1092,283,247,245,255
555,283,46,45,47
792,37,52,50,54
221,230,191,185,208
434,140,42,42,45
1082,289,248,246,255
1063,486,49,52,53
1172,472,235,235,252
923,152,43,48,52
1030,415,49,47,52
692,208,241,239,255
688,170,46,46,49
1169,277,238,236,252
950,93,49,49,50
1103,476,233,232,248
673,440,43,43,45
732,187,205,202,223
995,327,47,47,50
689,386,43,44,49
778,104,43,46,51
456,151,43,44,46
240,264,202,200,222
18,317,39,39,38
279,448,72,67,55
1122,286,226,229,243
1041,66,96,85,64
581,79,43,44,47
637,492,149,145,146
951,110,46,49,50
243,12,184,172,196
410,163,41,43,45
610,72,47,47,49
806,400,50,44,50
218,39,157,57,77
86,289,35,32,30
370,351,44,43,45
1163,95,237,234,251
299,31,52,53,58
229,57,193,188,212
748,20,46,51,51
838,369,48,45,49
1002,20,126,94,70
1102,430,242,235,251
154,282,196,195,223
549,461,150,146,154
819,461,47,47,48
764,459,47,46,48
1075,170,50,51,55
733,479,157,153,166
932,273,48,47,52
2,377,44,45,49
981,358,45,45,51
921,189,44,47,50
896,354,50,46,49
544,60,46,44,47
580,385,40,42,47
839,196,46,46,51
369,412,42,43,45
774,65,49,47,54
1044,194,47,50,52
1089,155,252,253,255
66,13,229,227,252
595,61,44,43,47
844,82,45,47,49
939,64,101,93,86
291,448,63,60,53
598,168,46,45,46
253,473,101,93,67
916,312,41,44,49
159,192,52,41,61
761,328,48,48,45
111,415,44,45,47
690,352,44,47,49
193,321,40,40,43
192,250,201,199,218
443,373,47,47,53
770,487,156,152,170
367,386,44,42,46
798,403,47,47,49
1187,86,239,236,253
1021,74,100,85,71
262,181,191,185,201
113,414,46,43,48
1135,74,231,228,246
719,240,239,239,255
204,271,205,205,224
237,81,50,51,54
168,323,38,40,41
186,317,42,42,42
579,243,234,233,255
482,246,73,61,66
1150,186,234,234,249
704,487,123,102,80
370,449,132,86,97
655,238,50,53,55
27,398,42,46,49
1010,455,47,47,53
657,424,41,43,44
450,11,39,31,33
1140,475,228,227,241
709,110,45,44,48
933,318,47,46,49
563,342,44,42,46
728,38,53,52,54
992,49,104,76,62
8,189,106,102,100
26,224,38,31,31
77,252,50,41,57
1046,132,50,48,51
676,310,45,44,49
112,492,49,47,51
514,115,44,46,48
270,163,131,126,134
252,111,31,29,29
933,7,238,237,255
529,130,45,44,46
640,188,233,233,255
336,469,141,138,151
832,299,46,46,50
817,188,46,48,53
454,8,41,33,34
282,265,203,200,221
880,138,48,45,49
1096,448,238,237,254
804,65,49,46,51
994,250,51,46,51
106,78,147,130,154
783,232,83,70,84
767,90,46,47,51
197,38,193,175,199
1006,63,58,55,55
443,72,42,38,42
213,195,90,86,95
669,8,49,49,54
1044,262,51,50,55
1170,40,240,236,254
877,308,44,46,47
808,164,44,47,49
556,77,42,44,47
1153,204,238,233,248
1197,186,238,235,253
180,123,179,176,201
731,419,46,44,46
1048,459,46,49,53
564,280,41,45,47
75,451,49,45,52
80,399,44,41,47
341,255,207,207,228
906,476,49,48,51
68,160,164,32,40
344,91,34,24,25
179,240,91,86,96
524,62,48,41,45
884,166,47,47,52
731,356,43,44,49
776,201,52,49,55
619,433,46,44,46
1189,153,238,237,255
746,356,48,44,50
1188,120,240,238,252
1180,188,240,235,253
622,342,45,42,46
551,463,153,154,164
499,425,46,44,51
864,242,235,237,255
532,329,40,41,46
445,238,211,212,241
686,281,44,45,49
840,447,46,46,48
848,363,46,46,50
526,251,224,223,247
987,311,48,46,51
731,483,155,149,162
413,325,43,45,45
458,44,38,39,40
454,85,42,42,43
944,95,48,48,49
524,206,58,59,63
423,221,228,225,246
322,252,206,205,228
563,31,49,45,47
1181,70,236,236,250
403,445,181,186,205
1049,409,48,48,53
1163,376,236,234,250
634,263,47,43,51
1072,283,65,59,58
476,337,45,44,47
977,60,95,73,60
1168,481,236,233,250
130,26,33,33,35
766,213,240,240,255
873,21,99,96,94
661,8,48,51,53
373,482,65,61,57
335,454,65,59,52
375,242,211,210,231
147,127,202,194,214
731,18,50,49,52
223,160,54,46,62
711,237,240,236,255
117,429,98,100,131
409,268,226,224,248
605,495,180,179,188
702,344,43,45,46
642,492,149,144,154
996,328,48,47,48
594,183,231,230,252
866,267,152,156,185
320,39,36,35,34
1117,489,231,228,245
562,433,41,44,45
455,170,43,44,47
89,451,47,48,49
940,357,42,45,49
613,328,43,43,48
42,57,108,99,108
890,216,49,50,53
782,343,47,46,49
442,92,42,41,46
181,10,167,133,153
742,176,49,46,51
858,368,49,46,52
171,54,159,145,166
443,139,43,43,44
964,351,41,45,51
425,493,81,82,91
868,464,51,48,54
579,368,42,44,45
903,446,107,113,73
681,12,48,48,52
891,481,52,51,54
536,130,47,47,49
83,434,49,48,50
400,204,59,54,62
905,424,49,46,51
1042,19,110,83,67
74,419,57,57,54
703,158,44,46,51
343,137,36,31,33
259,99,34,32,34
897,171,46,47,51
753,399,47,48,47
758,292,42,44,45
682,456,105,80,58
816,175,46,49,50
804,463,50,48,49
733,151,51,49,51
1130,438,224,226,242
489,496,114,105,60
691,499,126,98,70
1094,398,245,243,255
166,358,41,44,43
745,421,46,43,49
1057,340,48,49,52
466,464,179,182,202
996,445,57,45,98
110,238,204,201,221
995,499,50,48,51
667,478,103,76,55
1017,380,46,47,51
992,337,48,47,49
729,143,47,47,49
418,314,42,43,47
285,69,34,32,35
247,32,196,187,210
918,256,48,51,55
762,365,42,44,47
982,478,45,46,50
782,205,114,109,120
236,345,43,42,43
485,359,38,43,48
129,202,208,204,230
226,296,39,42,46
575,266,233,234,255
833,220,239,239,255
336,9,46,42,50
106,196,190,203,223
587,374,42,42,45
26,159,170,31,38
880,98,48,47,52
1154,314,235,232,249
1049,382,47,50,54
219,44,202,187,210
1003,307,46,45,50
369,428,45,43,45
865,42,101,100,94
1024,116,49,49,53
10,314,40,36,41
210,427,45,47,51
258,403,40,44,46
1107,457,236,230,245
101,470,46,49,50
949,343,44,43,50
490,469,134,137,141
179,31,181,160,183
375,180,199,198,219
325,191,193,191,210
814,240,182,186,232
256,69,41,45,51
1061,381,52,51,56
445,330,43,43,47
982,291,44,48,50
277,320,42,45,47
438,90,41,42,44
386,357,41,47,45
1039,351,47,50,55
458,64,41,41,45
288,151,34,31,33
231,427,54,48,47
298,33,50,53,57
1180,404,235,234,250
200,36,162,40,64
275,156,36,29,32
184,368,42,44,46
31,491,60,57,53
486,142,43,44,45
683,241,52,51,58
756,35,49,49,50
26,246,34,28,31
18,307,39,36,36
277,452,68,65,48
245,152,34,27,30
1032,122,49,49,51
519,310,44,42,47
440,131,43,44,43
1047,103,52,51,54
705,485,124,108,84
51,238,33,30,32
1104,215,244,238,255
146,123,204,192,215
1000,35,122,91,70
638,401,42,45,47
218,95,49,49,54
319,487,110,113,121
564,407,45,44,47
283,33,41,38,57
1184,388,237,237,254
996,132,47,49,53
518,184,220,218,243
917,165,44,49,50
463,310,29,25,32
539,477,172,167,186
992,131,50,47,52
560,283,44,47,49
603,213,231,230,255
27,467,53,51,52
447,496,176,179,199
382,66,28,26,28
1188,311,240,236,251
868,131,50,46,50
350,81,31,25,28
134,165,200,208,223
1005,312,45,48,51
234,148,37,26,26
186,347,40,42,46
616,447,172,179,202
1159,79,234,234,249
329,267,204,208,233
764,340,45,47,49
586,320,41,45,44
595,357,40,43,44
610,38,45,43,47
93,365,39,40,43
582,412,43,43,46
95,353,40,37,41
191,53,166,43,74
178,139,38,36,44
1087,420,237,214,214
315,379,41,43,43
308,301,44,43,46
465,42,43,41,39
136,401,42,42,47
1107,168,239,236,255
226,161,186,182,202
476,155,47,43,45
944,413,46,47,51
388,399,42,43,45
708,265,43,46,50
680,469,105,82,60
305,33,49,49,54
66,381,43,44,45
351,396,43,42,46
1038,364,49,49,51
253,296,44,42,49
878,399,45,47,49
59,34,118,112,123
659,131,46,45,50
711,354,42,46,49
1177,7,239,237,251
1028,188,44,49,51
385,91,35,31,34
530,491,126,119,97
812,250,240,240,255
309,332,40,45,47
1082,459,248,246,254
176,280,210,211,232
30,187,101,101,105
709,331,44,46,48
558,14,92,80,64
751,272,47,51,50
671,205,242,238,255
487,283,46,48,52
120,71,156,140,160
125,123,182,142,157
1182,296,240,237,255
1095,414,246,242,255
441,66,40,38,40
190,49,178,114,128
311,181,188,185,209
618,318,45,45,47
1060,418,48,46,53
601,433,45,44,46
360,128,36,34,36
541,358,46,40,42
869,393,43,45,47
841,53,70,60,58
166,302,35,37,42
541,497,167,155,129
731,127,48,47,49
359,39,37,28,26
885,4,79,75,66
560,289,45,44,47
685,311,44,44,50
1039,197,48,49,53
407,284,41,45,48
1096,16,202,198,203
843,458,45,46,49
952,143,49,48,52
761,37,51,50,51
100,289,33,34,36
1185,480,235,235,251
751,300,48,48,49
628,292,40,46,45
126,398,44,44,45
373,441,146,61,65
387,60,35,26,30
1199,54,237,235,254
577,28,47,47,49
625,472,186,182,192
720,414,44,44,46
147,268,212,211,233
705,1,53,49,53
251,434,82,80,59
1187,469,235,234,250
377,333,44,44,44
590,67,48,44,49
860,283,45,49,50
593,35,44,43,48
966,280,46,46,49
160,496,48,49,49
242,317,44,41,48
646,60,44,45,48
135,111,163,30,42
1180,262,235,236,253
382,325,43,44,42
767,338,49,44,48
662,6,50,51,51
365,338,45,42,47
979,317,46,46,47
865,283,48,47,51
577,137,45,42,47
993,270,45,47,52
825,475,160,162,173
737,452,47,46,50
197,77,210,199,220
906,109,48,47,51
117,477,50,46,50
787,418,43,49,50
42,59,111,104,111
796,495,168,161,175
212,17,163,39,58
210,248,198,194,216
646,340,41,42,46
286,490,49,47,51
953,186,46,47,51
900,210,48,48,51
499,446,176,176,196
554,329,43,43,47
1134,141,228,227,242
1010,367,47,47,51
764,128,44,46,50
410,79,40,34,38
963,479,44,47,51
798,4,51,52,53
609,365,43,43,46
32,85,96,75,74
1114,69,234,230,247
668,115,48,45,47
798,436,44,46,50
220,292,42,42,45
964,326,45,46,49
1051,350,46,47,54
111,216,206,207,230
486,160,40,43,47
889,67,59,58,59
118,462,48,49,49
618,31,46,49,50
586,412,43,43,42
333,239,202,199,220
457,499,98,95,59
784,132,48,46,53
852,62,48,47,52
205,271,207,204,227
419,16,38,30,34
329,200,63,58,77
470,87,44,41,43
690,305,42,45,48
312,53,35,27,32
375,3,43,30,32
880,388,44,47,50
176,416,44,45,47
435,148,40,44,46
460,499,114,103,63
184,262,204,203,225
197,356,45,41,47
1180,253,240,235,253
627,430,47,45,50
696,117,46,46,50
512,274,48,46,47
498,245,71,68,69
1108,407,238,238,255
0,86,133,121,130
604,120,44,44,48
552,297,41,43,45
538,197,86,66,88
710,468,141,125,116
321,58,34,24,29
252,272,202,201,223
428,480,59,57,67
914,452,47,51,54
436,150,43,44,46
1074,257,173,167,115
1111,20,234,235,253
690,70,43,46,49
357,383,45,44,48
226,104,35,36,40
283,444,59,58,51
280,430,70,69,52
307,151,34,28,34
830,296,47,45,49
686,184,237,235,255
1117,482,232,229,244
1058,238,50,48,54
584,414,43,43,45
97,272,37,33,37
199,370,42,43,47
770,409,167,178,171
94,397,45,42,48
50,391,44,45,45
543,114,40,45,46
662,90,45,45,48
661,349,44,44,47
741,460,84,77,73
830,47,68,63,60
535,139,44,45,48
808,448,46,46,51
66,411,48,44,48
979,444,67,57,62
1180,120,239,237,253
1099,259,236,234,254
862,153,50,46,51
749,122,47,48,48
576,359,42,43,45
33,211,25,21,29
105,426,76,60,69
770,356,45,44,49
293,310,43,43,46
355,41,41,29,28
963,329,44,48,50
855,464,46,49,50
483,219,52,52,56
360,354,43,44,47
171,85,38,30,33
949,44,127,95,72
923,61,78,77,68
777,101,47,47,51
711,97,43,45,48
1112,49,232,231,245
774,114,45,47,50
195,253,202,198,220
285,370,46,43,46
264,359,40,43,48
819,432,41,46,50
844,233,241,237,255
1022,394,47,46,51
879,97,51,49,52
232,13,186,169,194
1166,16,238,236,252
828,1,94,94,89
180,73,145,130,156
868,388,43,44,47
440,484,167,166,180
721,191,241,239,255
850,351,46,45,48
942,202,47,46,50
1050,306,51,50,57
480,495,118,106,63
437,474,44,27,22
563,211,211,216,219
933,379,53,45,51
1148,14,236,234,248
185,268,209,204,226
1171,343,241,236,250
1159,298,237,234,251
1172,256,239,239,253
577,163,46,46,48
802,405,47,46,48
106,54,151,130,154
1025,217,50,48,52
543,376,44,42,45
688,167,51,49,52
213,347,43,43,44
206,77,206,194,215
568,55,44,44,46
113,397,47,44,47
477,310,50,51,55
534,76,44,43,45
411,282,46,44,48
353,182,196,194,214
124,364,36,40,39
60,396,43,46,48
619,404,43,44,48
959,294,44,46,52
909,467,47,47,51
1077,499,250,248,255
441,297,44,45,49
575,87,45,44,49
781,352,48,45,50
504,114,44,52,51
514,440,153,157,173
527,107,43,44,49
860,242,236,236,254
1055,225,49,49,54
422,377,42,41,48
612,342,43,42,46
1032,138,51,47,52
838,190,46,45,50
771,220,241,238,255
43,85,189,184,206
452,383,18,26,22
531,480,137,137,136
767,282,44,48,51
597,155,47,46,49
59,196,103,101,104
517,331,43,42,45
977,64,89,81,67
595,232,235,235,255
1083,449,62,58,59
441,444,28,25,22
39,268,37,28,33
702,467,125,106,77
853,421,69,69,118
483,443,165,170,183
672,252,48,47,48
669,270,44,44,51
728,427,43,46,47
315,64,30,24,28
165,123,134,137,155
53,245,30,27,31
136,10,193,188,209
1191,147,237,235,252
187,437,48,44,52
101,276,40,31,31
748,176,48,50,53
410,285,45,45,48
264,54,45,48,52
319,133,32,29,33
109,386,44,43,46
627,62,48,45,49
785,423,45,45,48
936,207,45,48,50
780,272,241,237,255
216,460,46,47,52
398,426,42,44,45
204,43,173,94,114
151,191,199,197,220
889,46,98,94,93
348,434,92,86,54
868,297,46,47,49
1070,82,101,92,102
489,332,42,45,47
1101,106,234,232,251
555,92,45,42,47
998,144,47,47,50
483,79,43,42,44
94,453,44,47,49
614,19,49,49,49
102,299,39,35,38
1196,368,238,233,252
806,348,44,47,48
555,451,139,136,144
729,234,237,242,255
846,325,47,46,51
466,454,184,189,207
292,385,41,42,45
536,89,43,44,49
24,289,33,32,34
939,218,49,47,52
730,216,61,57,57
100,130,163,28,40
1004,119,49,48,52
668,465,94,74,51
887,78,46,48,52
16,397,40,46,46
123,195,216,216,236
336,132,32,32,33
752,85,45,47,48
768,287,43,46,49
243,441,54,57,52
817,22,58,55,56
427,245,219,219,240
555,125,44,43,46
502,235,215,214,233
16,227,34,28,28
10,245,34,30,30
900,440,62,50,52
1047,317,46,47,54
820,358,49,47,49
164,15,160,145,165
1011,10,107,84,67
557,210,133,139,169
1163,132,238,234,251
804,406,45,48,49
780,137,44,48,49
250,78,47,46,53
635,193,237,235,255
490,11,85,61,51
705,429,42,42,45
309,464,130,120,92
1052,73,89,77,63
436,205,59,58,68
399,102,40,37,39
325,16,54,53,58
1179,72,239,235,254
1073,290,127,121,67
54,160,167,27,33
249,239,48,45,47
544,373,41,42,46
729,468,151,143,155
67,155,163,30,35
128,463,52,48,52
14,298,35,33,37
648,338,38,44,51
488,63,42,40,45
1026,90,52,48,55
703,229,141,131,161
496,62,44,42,43
618,498,112,110,100
635,458,186,188,207
1148,353,234,231,247
361,231,203,204,224
341,315,42,43,46
612,87,40,45,47
991,141,49,49,49
279,438,80,78,57
184,491,46,46,48
202,64,35,30,31
618,82,46,44,50
713,415,43,43,46
217,414,42,43,46
135,267,217,213,235
1120,120,228,228,245
8,37,221,222,243
1142,408,237,231,244
598,205,61,59,62
613,395,40,45,41
113,477,50,47,49
1182,164,240,236,252
383,330,45,45,44
818,154,47,46,51
226,426,48,47,50
135,96,165,151,171
340,236,202,200,222
910,155,46,45,51
1083,393,251,251,255
737,18,50,47,52
1028,385,46,47,53
718,387,46,47,49
599,159,47,43,50
221,162,35,35,37
1140,265,233,228,248
158,102,197,186,209
328,491,134,137,146
115,432,129,62,82
300,185,191,188,206
742,388,43,44,48
379,122,36,35,38
696,414,43,44,47
415,254,227,227,249
833,178,45,47,51
1090,285,238,231,203
783,22,47,51,53
703,350,45,45,49
397,456,171,173,197
1175,29,239,237,251
321,182,195,192,210
1119,478,226,226,241
595,284,49,45,48
111,289,40,35,37
555,272,48,48,52
1114,3,235,233,251
86,362,43,39,41
1104,187,242,240,255
925,294,45,48,52
542,296,42,42,47
887,276,42,48,53
109,462,47,45,48
371,375,43,43,43
1106,329,235,233,249
405,473,60,57,55
829,302,44,46,48
593,414,45,43,47
943,26,91,66,58
343,65,33,27,30
267,210,49,44,50
661,419,45,42,47
330,251,205,204,227
475,142,44,44,46
592,183,232,231,254
578,170,45,46,48
665,261,46,46,50
686,40,44,45,47
558,188,230,227,253
108,301,32,33,34
364,307,45,42,48
175,191,180,182,198
371,151,39,37,41
1050,98,45,49,56
1127,12,230,228,245
951,42,110,83,65
356,495,71,63,53
411,96,38,36,40
333,323,42,41,45
126,452,47,46,51
800,294,47,48,50
821,186,47,48,51
101,289,36,33,37
241,205,44,37,52
350,89,34,29,31
21,462,49,50,50
337,227,202,202,221
1004,241,46,47,52
96,34,153,152,169
580,69,44,44,48
964,172,47,48,53
949,86,48,46,53
390,368,41,43,44
1036,364,46,48,51
454,67,44,42,44
588,115,42,45,49
37,252,34,25,28
53,490,88,81,70
369,395,41,43,48
3,437,52,52,51
104,474,47,46,49
1111,7,239,234,255
1182,221,238,234,252
469,74,42,41,45
730,278,44,48,50
595,266,47,50,54
619,247,236,238,255
20,296,36,34,35
495,200,190,192,203
937,486,46,51,52
838,260,238,237,254
389,164,45,40,46
807,359,44,43,48
942,325,46,46,48
762,179,47,50,52
908,425,45,47,51
472,377,47,43,44
817,121,50,47,50
311,355,41,43,44
1025,126,47,49,52
775,168,46,48,48
556,278,44,46,49
1125,499,229,225,239
804,116,45,50,50
688,249,48,48,50
1117,302,229,231,246
780,24,49,48,51
493,210,167,166,165
806,49,50,52,53
898,274,55,54,54
758,476,160,156,159
698,252,46,44,50
778,275,235,237,255
237,8,176,164,187
794,393,45,46,47
1116,103,227,228,243
973,319,46,48,51
763,102,48,46,51
604,478,171,171,181
134,262,215,210,237
571,377,43,44,47
880,215,47,50,54
855,326,47,48,50
589,289,44,43,50
450,234,229,228,248
931,156,49,47,51
631,75,43,45,45
16,72,105,97,107
873,29,106,103,99
1177,236,240,236,254
1108,280,234,231,249
612,144,43,45,45
1123,312,228,227,242
1128,73,230,229,246
227,482,53,50,50
1078,146,124,122,141
211,271,204,204,225
393,358,41,43,47
123,44,164,145,168
1121,422,228,227,244
1074,84,76,74,81
685,98,48,46,50
641,362,44,42,48
1073,71,69,63,63
325,353,41,42,49
898,356,46,45,51
185,67,161,151,172
1086,393,255,255,255
1125,39,231,228,246
930,257,43,48,51
48,405,45,43,47
754,175,49,49,54
606,137,43,44,45
587,153,46,45,47
110,1,116,106,117
1148,38,233,232,247
86,112,155,28,36
90,125,176,91,95
1165,272,239,233,252
245,64,145,146,167
1019,130,48,49,53
780,264,237,238,255
334,451,65,59,55
1055,192,52,51,55
13,474,48,49,53
1008,264,47,48,54
230,73,120,128,143
758,446,44,47,50
287,208,188,189,203
818,252,240,239,255
737,270,47,45,55
786,291,44,45,51
1162,261,236,236,251
232,455,73,69,50
216,284,94,99,128
884,50,101,100,98
1176,485,237,236,251
103,214,218,217,241
652,46,48,45,50
48,239,39,29,34
1112,150,237,233,253
151,62,149,135,153
315,166,37,36,38
191,23,158,32,39
139,308,35,37,38
325,145,36,31,36
122,370,38,40,43
1163,284,239,235,250
716,465,149,139,153
979,49,86,66,57
247,425,71,68,52
65,190,34,26,27
760,272,45,48,51
393,27,61,46,35
1011,425,46,48,51
1003,146,51,49,54
1023,219,48,49,53
1074,143,48,52,56
144,130,203,192,215
767,413,48,46,47
1100,356,244,239,255
550,362,40,42,47
1091,23,65,66,72
554,233,229,230,250
795,260,242,239,255
1108,469,233,228,247
443,402,40,41,44
1110,434,234,233,251
26,101,40,33,33
514,228,220,220,239
720,360,49,47,48
83,158,161,30,39
417,284,44,45,49
917,416,46,46,52
858,206,45,48,51
1164,324,236,232,251
429,303,41,42,46
590,73,47,43,48
628,239,48,49,53
64,317,40,35,38
403,103,38,38,40
632,280,43,46,49
35,466,52,49,52
956,458,73,68,61
952,302,44,45,49
1120,87,233,229,246
667,256,44,46,49
475,90,42,43,45
314,119,32,27,26
700,463,116,96,61
953,341,45,48,50
347,72,34,28,28
1182,389,238,236,254
973,86,49,48,52
355,220,199,199,223
832,261,219,221,248
18,325,41,40,42
573,397,44,43,48
303,32,52,52,56
505,81,39,41,42
271,35,172,176,195
311,460,128,119,93
467,190,225,224,245
655,311,42,45,49
876,116,45,47,52
77,383,44,43,46
194,356,41,44,46
447,469,138,128,131
481,201,130,128,148
579,170,43,46,49
892,229,240,239,255
122,200,213,212,236
170,142,41,39,45
1088,368,241,244,244
814,173,46,46,48
700,103,46,47,48
881,47,104,101,100
98,325,38,35,35
227,221,184,181,203
534,439,154,157,174
384,99,37,33,35
1164,8,238,236,253
268,123,34,27,29
695,20,53,49,53
728,128,44,46,49
542,106,48,43,49
92,351,39,34,40
261,74,48,44,51
864,280,48,48,51
1031,244,53,48,51
318,14,46,46,48
535,48,46,43,46
976,440,123,134,185
1137,98,230,228,243
315,498,44,47,50
287,146,33,28,28
1149,135,231,231,248
575,229,234,234,255
834,361,46,47,49
702,63,48,47,49
573,310,44,45,48
703,40,50,46,52
858,298,47,47,52
1096,215,246,244,255
341,34,40,29,29
850,385,44,46,51
325,433,59,56,52
463,337,38,34,38
684,332,48,48,55
1168,473,236,233,250
109,292,36,33,36
269,397,45,43,46
1066,462,52,52,56
767,368,44,45,48
93,437,50,47,49
821,178,46,46,50
113,119,160,31,37
668,408,47,44,46
618,81,47,44,49
409,423,44,44,48
704,394,48,48,52
414,154,43,42,43
754,464,118,116,80
986,487,48,47,49
167,55,139,127,149
1021,143,46,48,52
962,314,46,44,47
483,337,43,43,48
12,472,48,48,49
220,247,196,193,212
590,16,67,59,61
600,4,70,60,59
1156,84,232,233,250
1027,278,46,48,50
330,440,71,70,52
602,183,231,231,255
1080,435,226,230,255
533,233,228,230,244
510,322,43,41,46
100,301,34,35,35
355,18,41,34,30
582,116,43,45,49
655,391,73,63,105
821,348,42,46,48
321,441,57,56,48
881,159,45,47,50
437,244,223,225,242
861,116,46,48,51
1102,493,236,234,248
559,178,151,147,156
84,445,46,47,50
832,257,239,240,255
728,363,42,43,46
439,5,34,29,28
457,307,48,45,49
212,90,189,192,211
107,461,49,48,52
550,443,148,140,152
1031,299,51,49,54
53,95,192,189,201
160,339,42,41,43
507,282,47,44,50
1197,177,237,237,253
149,223,197,194,217
99,298,39,32,35
938,131,47,47,51
824,80,49,46,53
752,498,166,160,156
899,402,47,46,50
1120,346,229,227,245
896,120,47,47,51
355,364,42,43,45
310,28,46,48,51
273,449,70,68,54
1065,279,236,234,254
321,178,195,189,210
923,131,44,48,49
826,313,46,47,51
1090,186,117,129,210
274,178,187,182,202
494,349,41,41,44
1034,63,105,90,71
270,316,43,44,44
162,464,51,48,50
467,92,43,41,47
143,72,163,149,169
934,187,44,47,51
325,26,36,40,37
356,21,36,31,31
1009,394,45,46,52
868,229,236,238,255
106,137,162,38,44
445,132,43,41,45
567,53,48,44,47
375,359,48,43,48
105,278,34,33,35
616,221,221,231,253
1176,363,239,238,253
309,258,204,204,223
267,306,41,42,48
1186,338,239,235,254
1052,30,100,79,64
1111,165,235,232,253
123,424,47,48,50
906,237,242,238,255
954,392,44,47,50
613,304,43,43,46
189,340,40,41,45
479,452,159,162,177
1171,446,236,234,249
1077,173,53,52,56
344,453,80,78,54
43,418,53,55,54
99,427,49,52,51
436,187,219,220,235
591,165,48,46,47
460,419,45,45,50
1001,341,46,48,52
590,344,44,41,45
533,384,40,42,43
374,142,35,38,40
760,161,45,47,50
163,464,51,50,49
664,149,46,46,49
327,475,117,115,129
517,103,44,45,49
336,475,141,140,152
914,72,47,50,52
643,316,42,44,44
197,452,46,48,49
1096,451,237,235,252
204,153,34,30,32
701,15,51,51,52
937,100,51,48,51
587,131,44,45,49
686,478,115,86,66
1030,433,48,48,51
226,81,109,111,129
626,33,47,45,48
1163,342,240,236,254
60,334,37,35,35
1014,386,44,45,49
862,174,47,45,50
286,199,70,70,92
13,355,46,45,47
979,24,104,77,62
780,324,43,47,46
901,196,51,46,50
150,465,53,49,50
937,343,45,46,50
872,37,98,97,92
214,328,44,44,43
757,314,46,45,50
266,6,106,94,113
836,391,50,45,50
186,279,209,208,232
680,264,44,46,49
1169,281,235,234,252
797,314,44,48,50
870,415,49,47,54
66,432,53,55,51
199,153,33,30,33
599,169,46,46,49
458,350,24,23,23
753,325,51,47,49
410,78,38,33,36
713,471,146,136,142
421,379,39,44,48
799,142,47,47,52
187,79,194,188,207
1124,59,228,228,242
912,467,48,47,51
677,327,45,46,47
349,10,44,40,38
184,100,198,194,218
492,40,84,65,50
243,176,188,184,205
378,259,213,212,233
271,259,199,197,219
527,367,40,41,43
587,473,116,110,97
432,453,98,91,101
797,318,45,45,51
10,235,36,26,31
130,434,51,49,52
884,440,47,47,51
535,364,38,41,44
666,149,45,46,51
687,495,117,91,62
12,406,47,45,51
394,74,33,27,32
295,242,86,80,91
1159,41,240,234,250
1154,310,235,233,250
661,416,44,44,48
548,498,111,104,80
1042,456,46,49,52
362,54,30,25,27
211,418,42,44,47
363,157,38,40,40
398,254,218,217,242
121,79,145,129,150
1062,31,116,103,98
866,88,48,47,50
298,416,42,45,47
1049,454,45,48,51
1114,219,234,232,249
772,454,43,47,49
879,478,51,50,50
1048,422,51,49,54
958,493,44,46,48
996,379,47,48,48
369,146,42,38,43
927,372,46,45,50
850,344,45,45,49
1006,129,49,47,52
1061,237,47,51,53
980,190,45,49,50
1187,97,238,237,254
623,163,42,42,48
586,274,50,50,52
412,105,43,37,40
286,204,171,169,192
820,291,45,46,49
558,26,51,46,51
997,243,48,48,51
106,12,115,107,119
943,147,47,48,51
763,11,51,50,52
950,330,46,45,49
1098,72,235,232,253
51,254,34,29,31
214,233,58,47,63
952,397,44,46,48
673,473,107,79,58
69,154,164,27,35
925,307,43,46,49
158,442,46,47,49
1062,290,88,101,130
1047,117,47,48,52
1088,387,246,240,237
654,136,47,46,49
1101,286,237,235,254
162,400,44,44,48
62,46,119,110,121
1069,302,55,55,68
187,152,32,37,36
441,23,52,43,36
941,73,87,83,76
1130,97,223,224,244
42,109,147,23,29
1081,68,172,169,176
269,323,42,42,45
1004,382,45,48,49
1170,65,239,236,251
97,168,39,30,31
813,279,46,49,51
658,303,45,44,46
849,304,44,47,46
310,62,32,25,28
1170,38,241,236,254
984,22,107,79,62
849,483,173,162,109
586,241,232,234,255
229,50,210,201,219
1186,143,238,238,253
102,320,35,34,37
184,223,190,189,207
6,163,175,33,42
692,80,47,46,51
86,450,48,47,52
941,192,46,47,50
628,171,52,51,52
276,124,33,28,28
30,321,37,37,39
334,276,47,44,48
467,27,101,77,54
484,155,42,45,47
1139,212,230,228,245
624,320,41,45,49
188,112,171,167,187
1037,369,46,49,53
832,206,47,51,52
467,244,79,65,82
1166,198,236,236,251
134,284,45,41,41
1084,415,66,65,59
749,67,44,46,48
1037,391,47,47,51
628,215,236,235,255
473,133,44,43,44
613,78,42,44,48
392,19,40,32,32
1009,1,106,82,65
435,110,46,40,43
87,342,36,37,40
695,160,47,46,50
800,104,43,47,50
61,93,151,32,36
1004,216,48,47,53
825,244,231,238,255
337,283,43,44,46
1049,280,233,234,254
476,345,46,45,48
293,212,187,187,209
356,8,44,36,35
1180,110,237,237,252
474,479,147,150,167
1102,399,240,239,255
975,443,105,125,154
549,33,45,43,46
47,193,115,115,117
385,222,214,210,234
1028,483,48,47,53
978,106,48,49,52
524,65,47,45,46
221,447,48,47,51
941,84,46,48,51
574,472,122,113,106
1019,268,45,46,53
762,52,47,47,52
95,336,35,39,40
835,389,49,45,50
1137,366,230,229,242
1071,381,80,71,59
181,211,54,40,50
340,413,40,41,47
293,139,33,30,32
302,19,45,48,51
290,103,33,28,28
531,181,224,223,243
252,234,156,157,174
902,208,48,46,50
1124,289,230,227,245
359,178,194,195,212
481,480,96,91,63
1160,200,236,235,252
967,62,55,51,54
344,254,211,207,229
747,256,241,237,255
46,303,39,32,32
599,422,42,42,49
479,93,43,43,43
691,418,44,44,46
468,385,43,46,46
567,375,41,42,44
836,146,49,48,53
619,61,43,44,48
463,366,56,59,60
186,200,122,117,124
1084,279,238,245,255
691,128,39,46,47
330,350,41,46,47
60,151,183,114,121
439,19,42,32,39
327,264,210,211,231
198,139,34,34,38
892,50,103,100,93
600,385,44,43,47
586,278,44,46,47
1111,285,228,229,247
362,373,41,45,45
967,454,69,54,49
456,279,52,50,60
856,490,151,143,100
417,90,42,37,39
518,51,34,29,35
1166,319,235,234,251
259,119,36,28,28
141,415,41,44,47
285,345,41,43,47
861,113,49,47,51
239,119,33,28,34
1190,301,239,238,255
686,196,239,239,255
1093,58,90,85,123
727,45,51,46,49
576,306,43,45,47
1078,165,57,54,58
874,267,234,240,255
689,347,43,44,44
1002,31,117,87,65
642,319,46,46,51
1048,412,49,48,55
484,290,48,48,54
583,274,47,47,53
142,48,131,116,137
561,278,44,45,49
894,340,48,45,50
223,144,36,26,32
531,32,45,42,47
466,67,41,42,46
909,123,47,50,50
1029,143,47,48,53
792,229,228,226,233
1041,252,46,47,54
999,268,45,46,52
1043,254,49,49,53
341,184,198,192,212
808,425,44,48,52
234,54,199,206,221
507,263,219,221,242
875,249,115,108,180
382,74,26,29,31
35,344,43,41,41
297,427,85,82,56
371,173,187,191,204
983,2,111,82,65
599,186,237,232,255
176,417,43,44,46
303,225,190,188,209
98,468,59,56,59
326,452,70,67,52
653,61,45,44,49
531,245,76,63,68
815,89,50,47,52
390,487,77,72,60
596,41,46,45,48
1038,261,49,47,53
254,438,56,59,52
957,370,45,45,49
1126,89,227,226,241
483,214,31,26,27
696,154,46,46,48
907,130,47,48,53
1065,210,51,51,55
798,6,47,51,52
166,417,43,43,47
583,409,43,44,45
1100,213,243,241,255
245,307,44,42,46
392,24,59,46,36
997,148,46,48,52
317,176,186,183,205
1125,297,226,225,242
92,341,35,35,37
1171,250,238,234,251
954,291,41,46,51
958,126,49,47,53
809,166,50,46,52
500,113,71,68,72
1103,75,231,232,251
957,129,45,48,51
234,65,206,206,228
301,351,40,42,44
766,104,45,45,50
239,143,31,26,29
423,324,42,45,48
1178,421,235,232,248
68,403,41,44,46
161,498,50,46,48
362,225,206,206,227
182,450,61,57,53
439,80,40,42,43
975,250,41,47,48
111,31,177,183,198
1075,397,237,243,255
208,4,158,36,49
813,495,165,157,158
1111,128,235,230,250
1193,98,241,237,255
267,159,33,30,32
1137,19,232,227,246
839,175,45,45,49
1034,170,48,48,53
241,34,41,31,34
321,117,30,29,27
328,279,47,43,45
270,471,107,100,73
58,52,115,103,114
426,225,223,221,245
127,57,158,143,163
171,432,129,126,120
687,39,46,48,46
441,436,24,20,21
85,489,44,49,53
1027,471,46,50,51
1095,272,240,236,255
560,190,228,228,251
1096,46,242,236,252
313,218,191,190,209
873,380,45,45,47
318,491,51,49,47
974,251,45,46,51
568,433,42,46,47
265,366,40,41,46
312,171,93,88,98
984,359,45,47,51
1116,260,229,226,246
665,26,50,48,53
283,237,103,96,104
103,150,195,187,205
826,249,243,239,255
933,239,44,47,51
222,158,37,33,36
1048,154,48,51,53
1035,198,48,47,52
908,124,45,45,51
465,441,175,184,205
292,282,44,44,45
703,108,46,45,48
1191,48,239,234,251
616,322,44,43,45
1066,1,103,80,63
1185,492,239,237,253
739,424,44,44,44
748,391,47,45,49
138,179,201,199,215
694,492,124,98,67
29,288,38,29,33
688,86,41,45,48
304,230,198,195,216
346,472,66,65,62
750,108,47,48,50
635,479,186,188,205
92,46,27,24,27
808,389,50,46,50
310,440,71,70,54
665,463,88,71,55
1047,223,52,50,53
508,12,79,60,48
37,438,53,48,49
71,45,115,104,111
1175,228,240,237,251
813,358,43,45,48
364,47,30,22,25
1186,400,234,234,251
198,45,195,179,202
303,52,36,32,37
342,465,136,134,126
745,377,45,45,47
333,415,44,45,46
824,400,44,45,49
139,233,42,42,51
803,276,54,48,56
1148,437,231,227,243
536,203,149,152,188
202,465,46,46,47
1167,347,235,233,252
667,68,46,45,46
432,69,37,38,39
1193,147,238,238,254
721,50,48,48,52
1098,111,234,234,250
699,64,46,45,51
805,490,160,158,169
487,43,47,39,45
1087,468,240,237,255
902,172,50,47,50
667,429,46,42,49
771,274,56,53,55
678,400,50,48,51
468,6,97,72,55
149,191,201,198,221
709,409,45,44,47
28,359,42,43,45
1169,40,241,237,254
253,298,45,42,45
242,94,41,42,48
325,201,60,55,62
130,233,48,44,46
71,303,35,35,34
675,493,109,79,59
508,152,47,49,49
332,82,37,27,30
928,465,51,48,54
545,132,46,44,46
280,196,193,189,207
163,30,169,151,176
798,340,46,45,49
852,112,49,47,52
336,434,77,72,53
16,400,44,45,49
1019,81,95,82,67
1199,313,241,238,253
161,317,42,36,38
953,55,65,56,56
1094,57,157,148,125
689,215,238,237,255
1038,463,45,48,53
466,37,69,53,47
524,467,136,133,140
302,38,52,48,53
360,237,119,122,132
589,108,41,44,47
354,10,42,38,37
738,185,53,53,54
754,71,47,44,49
918,163,45,50,48
391,118,38,37,38
186,130,45,46,52
773,262,240,240,255
528,397,39,40,45
546,7,84,75,54
362,355,42,43,45
309,225,197,193,216
722,433,43,44,49
1161,49,237,235,254
675,182,236,236,255
891,137,46,46,53
1180,425,234,234,249
803,338,45,45,51
834,350,45,46,50
206,371,39,42,48
178,102,209,199,221
1051,189,52,51,55
350,102,29,29,31
892,227,243,240,255
296,293,48,42,47
760,146,44,45,49
894,329,45,46,51
557,157,42,45,45
1196,64,240,235,252
466,474,180,183,202
910,156,46,46,50
784,188,46,46,51
165,411,43,42,48
392,319,44,44,46
541,294,40,44,45
181,123,177,177,198
1038,330,49,47,54
618,339,42,43,48
999,279,46,48,51
556,238,233,230,253
516,360,39,42,45
118,47,159,141,165
448,200,228,227,249
940,2,133,89,70
888,497,173,161,106
549,1,93,71,56
765,44,55,49,53
1118,138,228,228,245
501,80,44,44,46
61,423,57,57,52
314,212,192,194,212
733,190,241,237,255
726,352,42,44,48
894,203,46,46,50
444,373,49,49,56
626,166,48,45,49
785,134,44,46,50
791,436,44,44,52
955,97,48,50,52
862,362,47,47,50
707,260,42,48,49
145,478,49,46,51
1015,104,49,50,53
564,170,44,44,48
502,234,211,211,233
260,437,57,56,53
953,90,46,48,51
1028,370,49,49,55
971,224,45,46,52
1164,307,237,236,249
365,147,36,36,40
384,348,43,43,46
167,4,161,141,164
11,417,59,55,53
1109,195,235,233,252
1197,319,240,235,254
250,26,206,195,217
619,3,49,51,51
24,307,34,33,36
502,274,46,46,49
315,459,134,128,111
782,339,47,43,50
181,344,42,41,45
914,307,45,46,48
1074,200,52,51,56
332,440,72,68,56
499,343,46,43,46
638,41,48,45,49
32,231,34,27,31
279,14,107,113,127
769,454,48,47,51
104,211,221,218,245
121,360,42,41,44
961,125,47,47,53
670,436,43,44,48
1060,213,49,49,54
437,75,34,38,41
386,273,57,51,50
334,351,44,43,45
594,232,235,231,255
136,6,187,184,209
1110,213,236,235,253
798,284,47,45,50
328,165,37,34,39
65,8,231,229,253
978,237,46,47,51
397,91,36,35,37
288,387,41,43,43
1086,46,58,57,62
1081,72,62,56,60
568,343,41,43,46
436,219,68,58,75
816,318,48,47,57
658,464,74,61,52
1015,306,47,48,51
1136,267,228,226,240
317,403,42,43,45
47,128,150,23,33
736,15,51,49,52
670,259,46,44,49
983,270,45,46,51
926,278,42,49,51
658,427,40,43,46
1103,84,237,236,252
624,431,46,44,50
532,210,223,222,245
671,414,41,46,46
368,217,205,203,223
167,349,40,41,44
350,446,79,78,54
1106,116,234,232,251
943,150,47,46,52
871,337,44,46,51
737,207,240,237,255
106,301,39,34,33
215,181,187,182,203
990,342,45,46,50
416,496,201,202,220
574,241,233,234,255
400,348,45,41,47
360,82,34,28,29
186,482,46,46,49
677,363,39,45,50
791,28,49,51,51
1047,325,47,49,52
460,41,51,44,43
468,351,53,54,57
508,269,53,52,55
361,378,43,43,45
1125,417,228,227,245
895,458,46,47,52
290,349,40,44,45
106,309,34,35,33
634,404,41,41,45
169,14,157,139,163
663,351,41,46,47
1106,274,234,233,250
1092,104,227,227,228
800,282,43,45,52
749,109,45,46,50
369,37,32,26,22
891,231,242,239,255
857,460,47,47,51
961,243,45,45,49
968,191,46,48,50
985,444,148,139,173
216,216,184,180,200
485,460,175,177,195
279,379,46,42,46
611,39,41,43,48
241,33,44,30,38
804,498,166,166,186
443,262,234,232,254
1179,315,242,236,253
137,416,45,45,43
802,288,47,48,50
973,313,42,48,51
42,362,42,43,44
1121,66,230,227,245
826,271,47,49,51
184,292,42,40,43
595,139,42,43,48
664,407,40,42,47
640,371,47,44,50
238,385,42,41,44
246,177,189,187,206
547,31,45,42,47
413,231,225,223,244
758,192,48,48,50
500,389,44,46,46
86,43,48,38,41
506,2,110,93,82
1076,340,51,52,56
974,279,48,46,49
761,363,47,46,47
607,452,174,176,195
104,80,151,133,156
156,88,151,141,161
320,388,41,44,46
171,281,212,210,231
830,31,71,71,66
859,272,44,47,52
461,153,44,44,48
533,25,79,61,49
1097,401,242,240,255
177,450,48,50,52
727,47,47,46,49
658,50,49,45,52
1072,320,97,82,62
700,443,43,45,46
447,142,46,42,48
425,288,41,44,47
410,324,42,45,47
627,299,44,44,43
239,208,181,181,202
269,213,188,181,203
634,259,43,44,46
426,57,37,34,37
465,433,178,187,205
1083,250,254,249,255
394,56,33,27,32
22,482,48,47,48
19,244,38,30,33
211,495,43,44,48
863,333,45,46,51
720,496,156,149,161
192,146,35,34,38
864,270,52,49,58
870,491,120,111,72
21,356,40,42,45
737,306,46,47,49
553,37,44,43,46
545,360,40,43,44
365,344,43,43,47
903,25,102,94,87
387,186,203,203,223
418,354,44,45,47
637,153,44,47,49
112,297,35,28,31
976,431,46,49,51
538,278,45,44,47
47,398,46,46,49
187,192,188,184,204
660,124,42,45,49
136,405,44,45,45
100,114,168,93,110
610,335,42,44,48
129,56,159,144,164
183,297,41,36,43
477,321,47,48,52
222,273,205,206,226
879,342,44,46,49
200,110,62,48,71
402,192,209,206,228
857,395,44,46,48
1116,135,230,231,248
130,65,154,139,163
928,484,51,48,52
486,327,42,42,46
722,249,239,239,255
368,116,35,32,35
29,273,37,29,33
526,45,42,40,44
620,466,150,147,152
953,89,48,50,52
467,76,41,41,43
763,306,43,48,48
335,28,40,31,32
1133,132,229,229,245
806,84,48,47,48
357,191,197,195,217
280,43,38,40,46
539,244,82,66,77
1049,278,238,237,255
488,257,211,213,232
693,208,241,240,255
1186,483,234,233,252
419,454,149,133,130
247,392,47,42,48
1128,275,229,225,240
1135,131,231,227,246
37,157,165,28,35
909,80,49,48,50
547,219,229,227,251
866,148,43,45,51
141,157,114,118,134
54,99,150,27,33
944,50,78,62,56
416,373,42,44,45
540,59,45,42,46
326,446,69,69,53
872,97,46,46,47
135,138,38,29,31
695,447,42,43,50
329,270,51,50,53
916,275,52,49,53
133,62,154,137,160
448,48,40,35,39
1195,305,239,236,254
932,280,41,46,50
1068,45,109,107,113
494,345,39,43,50
968,117,51,49,53
658,436,43,46,46
64,89,151,25,41
270,429,73,72,55
1012,200,51,47,54
426,61,41,39,41
28,453,50,50,51
477,382,40,43,45
792,311,46,45,48
421,435,43,46,48
522,164,45,43,49
1120,141,228,230,245
139,102,155,139,156
523,422,42,42,44
827,422,47,49,51
866,451,48,47,48
1130,212,232,230,245
1112,78,232,229,247
215,64,40,31,35
821,386,49,46,49
935,447,68,82,105
252,412,46,42,46
145,490,43,46,50
700,85,43,47,46
197,428,47,46,51
674,451,83,65,53
797,288,45,46,50
306,80,34,25,30
948,281,47,46,47
1079,302,52,51,57
19,362,43,46,47
855,78,46,46,50
978,314,49,46,52
989,137,49,47,51
651,267,43,43,49
205,61,39,28,29
1182,383,236,237,253
565,115,45,43,45
741,249,238,239,255
742,51,41,47,45
1046,435,49,48,51
1165,345,240,234,249
100,499,49,47,50
207,161,35,27,30
733,422,46,44,49
714,104,44,46,49
59,257,36,30,34
568,485,142,132,123
1133,491,226,226,242
749,48,46,46,49
187,348,44,41,45
1148,333,236,233,246
410,347,44,45,46
670,211,236,235,255
939,144,48,46,52
561,45,45,43,46
441,280,47,48,53
231,82,46,44,50
410,448,60,54,54
217,247,198,193,214
548,342,44,42,46
840,85,47,44,49
1169,102,237,235,255
1117,210,233,232,247
843,282,47,48,50
194,215,187,183,203
919,468,48,47,49
1126,166,229,226,247
721,208,241,237,255
1070,92,93,79,69
63,38,112,103,114
227,467,85,82,58
821,254,238,239,255
378,311,44,45,45
420,343,44,43,47
438,128,44,44,45
806,484,152,150,159
779,199,48,47,52
1191,319,240,236,253
215,395,42,44,45
883,154,43,47,52
555,10,93,78,57
168,305,38,40,41
836,442,49,45,52
628,51,50,46,49
143,71,162,148,166
324,39,38,31,32
1083,277,72,61,68
262,310,39,44,43
741,284,47,44,48
738,316,45,48,51
1044,491,48,49,51
84,415,45,47,49
561,85,43,45,47
248,290,47,42,47
874,316,48,43,49
46,261,35,31,32
440,489,169,170,184
1162,126,237,234,250
932,221,47,48,50
627,356,43,44,43
543,214,231,229,254
1010,415,49,48,53
928,189,47,46,53
157,352,38,42,45
360,213,197,199,220
831,406,46,49,50
282,114,32,26,25
582,458,135,130,121
998,157,44,47,52
4,27,223,224,246
54,343,42,37,41
540,450,137,135,148
665,14,49,49,53
669,405,45,47,50
440,167,41,44,47
1004,271,46,47,51
486,404,49,44,47
142,395,45,45,47
918,180,47,47,54
1088,243,66,72,75
962,241,51,45,52
833,274,45,46,53
18,53,64,64,67
619,331,45,42,47
189,87,35,29,32
636,209,214,209,216
16,42,62,61,66
404,499,79,66,56
943,406,47,47,51
575,69,43,45,47
684,318,46,44,50
584,270,232,235,255
892,492,172,158,95
1199,19,242,236,254
1181,68,237,236,253
624,292,44,43,43
1074,480,54,53,58
909,55,86,83,79
200,66,42,32,36
570,30,43,45,47
636,330,45,43,46
1144,61,232,230,245
1124,20,232,230,243
1001,351,45,46,51
816,194,46,48,50
13,257,32,27,30
365,260,209,210,233
50,90,191,188,209
487,56,44,42,44
381,11,44,34,31
926,121,46,48,50
236,326,44,43,47
263,24,59,59,100
246,155,35,27,29
722,371,43,43,47
1103,116,237,234,254
1036,479,50,47,50
1185,395,241,237,252
721,273,46,46,49
1034,420,48,47,50
743,324,49,47,50
689,99,44,45,49
1101,343,241,239,255
814,286,45,47,51
1133,322,225,227,241
802,306,45,48,49
498,427,41,45,47
776,142,43,46,49
659,194,242,238,255
776,498,167,162,177
822,217,240,239,255
648,310,46,45,47
1183,176,237,235,253
1101,170,241,239,255
771,443,44,47,49
1143,113,230,230,247
971,215,48,46,50
180,60,168,154,178
169,3,159,140,163
617,57,46,46,50
1040,275,230,235,255
432,301,44,44,47
1144,145,232,231,246
1103,48,233,230,249
38,498,64,58,52
1167,228,239,235,252
980,308,46,47,47
422,465,169,159,171
874,146,45,47,50
166,165,41,39,43
281,328,43,43,44
798,291,47,47,53
1018,347,43,48,51
521,121,45,44,47
644,414,40,43,45
676,448,45,44,46
484,427,46,43,47
20,495,70,63,55
217,273,207,205,228
1060,50,112,106,101
238,167,189,184,207
521,468,148,144,160
845,274,47,48,53
973,231,48,47,52
771,17,52,50,54
837,399,45,44,49
912,180,47,47,50
512,319,42,42,45
1080,261,59,57,59
67,113,151,22,34
570,439,145,147,160
534,480,156,153,170
263,103,37,28,34
824,356,46,45,48
170,266,207,206,227
355,247,149,144,158
87,261,158,154,191
797,59,44,47,52
564,408,43,43,45
521,416,36,43,45
436,57,36,37,42
394,26,51,38,31
386,155,39,41,43
425,242,158,152,163
561,367,45,42,44
1098,285,240,237,255
885,11,87,81,74
1103,336,244,238,255
1073,476,51,53,54
362,78,29,26,28
14,191,86,78,85
425,481,134,108,121
1044,333,51,47,52
859,396,46,46,51
70,239,37,37,43
250,270,201,202,224
637,373,46,42,49
687,305,46,46,50
663,67,44,46,50
450,358,70,67,71
1021,449,47,47,49
1051,182,46,50,50
290,256,202,198,222
1039,15,109,87,67
276,212,95,80,97
672,188,238,238,255
589,440,162,163,173
1102,391,241,240,255
268,219,189,185,203
364,348,44,45,48
1113,249,232,231,248
811,315,50,49,51
502,98,61,60,64
974,190,46,48,52
919,312,44,44,48
245,0,181,168,189
80,80,149,22,32
662,335,45,45,48
859,176,46,45,52
275,19,118,121,137
317,371,45,43,49
1029,314,48,49,53
419,193,222,219,238
384,120,37,36,37
236,468,89,83,55
736,255,238,236,255
798,163,46,46,49
893,424,57,49,52
976,282,46,46,53
930,311,44,46,49
960,435,88,70,50
514,134,45,46,50
900,44,105,101,100
1091,61,215,218,255
637,472,166,164,175
995,53,99,71,59
507,278,48,48,48
969,473,48,47,53
237,284,163,158,190
124,257,215,212,236
369,114,35,31,33
992,278,47,46,52
821,470,45,50,53
93,377,45,41,46
163,243,66,55,58
933,457,45,48,51
421,196,219,219,241
13,277,30,29,28
1127,274,226,226,241
29,321,40,35,38
464,160,41,42,49
926,304,44,47,49
330,389,39,46,47
451,451,147,145,159
261,382,43,43,46
60,444,52,48,53
1149,245,232,233,247
1024,200,50,50,54
853,163,47,47,52
282,424,44,46,45
65,419,59,59,56
954,21,109,76,61
136,469,46,45,49
554,156,41,43,47
1060,371,50,53,55
217,29,175,163,187
876,455,47,49,51
355,246,80,62,85
969,399,45,46,47
148,432,50,47,49
67,164,167,32,42
949,304,43,43,50
275,276,44,43,45
724,127,47,45,48
1115,433,232,231,247
332,328,44,42,43
74,380,38,42,46
161,416,44,45,47
65,214,129,124,130
42,237,33,28,30
1140,450,228,228,243
647,73,45,45,47
168,400,44,44,47
1151,283,233,232,248
28,37,229,229,252
301,437,56,55,54
735,267,50,48,50
561,137,47,45,47
332,233,56,46,58
822,72,47,46,51
1002,92,46,48,52
54,434,55,55,52
1049,484,52,48,52
667,162,48,45,52
988,18,119,88,67
281,271,47,45,47
1013,313,43,48,53
459,109,40,44,42
1144,427,234,230,244
1100,112,235,234,253
1134,346,230,228,244
365,52,33,26,26
918,101,48,47,53
342,446,69,68,54
791,234,232,239,253
873,258,99,80,67
66,341,42,38,43
1179,200,242,237,253
251,456,87,79,56
777,389,46,45,47
230,483,51,53,51
1126,54,231,225,242
605,445,188,196,220
715,376,46,46,48
1033,218,47,48,51
742,347,42,43,48
211,346,46,42,47
390,478,57,54,51
496,201,201,200,216
993,79,60,56,57
1072,115,51,54,56
72,129,154,29,36
891,63,95,93,85
136,216,198,193,215
110,214,210,211,236
422,414,43,46,47
994,459,124,118,75
202,205,188,185,205
1121,210,230,228,249
597,246,237,237,255
337,460,91,84,66
108,151,201,190,213
147,85,153,140,161
1144,182,233,231,246
688,174,50,48,51
1024,484,42,48,52
1124,479,223,224,236
337,233,204,201,223
1116,194,233,232,247
385,87,38,31,33
659,151,42,46,46
446,39,45,42,40
876,111,48,48,53
110,422,94,74,71
1081,236,54,54,59
1061,3,101,78,64
1132,348,233,230,244
1016,114,48,49,51
1015,403,48,46,49
232,322,42,41,46
879,431,48,48,54
1196,465,236,237,253
698,177,47,48,52
885,342,47,46,47
701,379,44,43,47
964,334,47,44,51
1149,8,235,232,248
638,251,44,47,50
281,450,72,72,53
270,40,163,167,185
48,167,169,29,38
92,87,154,26,39
976,209,44,46,51
317,181,190,189,210
477,348,47,45,48
627,5,51,50,50
766,195,45,49,52
134,187,214,212,237
796,270,234,235,255
648,302,44,45,49
1120,426,229,230,245
1179,108,239,237,255
824,427,41,47,48
546,369,46,43,47
7,353,45,43,45
810,85,44,45,50
392,3,43,30,28
693,490,127,99,70
562,246,231,231,254
904,187,46,48,52
880,466,45,48,50
590,493,134,129,102
1074,242,59,54,54
123,309,35,34,37
215,230,56,43,65
834,434,47,44,49
210,391,44,44,48
1164,88,238,236,252
1078,58,201,192,154
1172,365,233,234,248
822,1,94,91,86
476,464,179,181,199
958,223,47,47,51
533,355,44,42,47
93,50,28,29,32
72,499,45,46,48
413,119,39,40,42
1027,329,50,48,53
67,424,80,84,67
357,204,194,198,209
197,48,196,180,201
697,97,44,44,52
373,395,42,45,46
344,115,31,30,30
1193,13,239,238,252
647,34,49,45,51
1161,316,237,232,250
603,160,44,46,47
198,21,189,170,193
1164,126,238,234,250
367,80,30,25,30
507,280,45,44,47
737,90,44,47,49
209,63,37,31,32
94,183,217,219,237
1157,393,233,232,249
859,162,45,46,52
152,168,82,82,94
467,263,198,197,220
344,217,201,198,219
1015,103,50,49,51
638,176,233,232,255
847,163,44,47,50
304,493,45,46,44
870,158,44,48,50
964,466,51,46,50
1073,433,232,238,255
726,140,44,46,49
255,314,43,42,46
6,244,35,33,34
119,18,25,30,30
807,80,45,48,50
59,40,110,101,108
893,45,103,98,93
493,361,42,43,44
664,191,238,237,255
278,432,66,65,53
795,334,47,45,49
573,44,43,44,45
695,277,42,44,48
350,99,33,26,27
125,384,42,42,46
1062,472,46,48,52
895,407,42,44,49
956,403,43,44,48
119,490,48,46,51
589,143,43,45,48
298,289,48,45,47
91,64,182,179,194
1047,286,207,209,230
1127,37,229,225,241
1124,486,227,226,242
192,322,43,41,43
1067,95,59,59,58
1019,133,49,48,55
194,423,56,55,57
639,491,150,148,154
762,419,46,43,50
1187,411,238,235,253
587,417,43,42,45
985,29,103,79,61
28,438,51,50,52
704,142,42,47,49
166,402,42,43,47
571,434,43,43,44
91,458,53,48,51
1189,309,239,238,253
485,52,47,44,45
559,42,46,43,47
616,292,47,44,49
122,322,36,36,39
618,57,45,45,48
103,176,156,156,179
976,36,95,71,59
774,485,160,157,164
745,73,46,46,50
512,165,49,45,50
686,240,145,149,174
125,217,202,198,221
1045,486,45,50,50
735,0,48,48,50
159,308,38,36,38
214,15,190,172,190
281,205,66,72,91
543,178,210,212,226
742,364,42,45,48
593,121,44,44,46
632,257,48,45,49
925,154,45,47,51
198,14,179,151,171
973,69,86,75,65
916,103,45,48,50
1033,405,47,48,51
450,146,46,43,47
163,80,164,151,176
518,88,47,44,48
736,193,240,238,255
820,48,51,52,53
1057,433,51,48,52
486,278,49,49,53
70,371,43,41,42
169,139,59,47,69
904,382,43,47,49
310,447,63,59,54
142,205,137,136,142
1097,372,246,241,255
781,270,237,238,255
22,407,45,45,49
1020,324,47,47,51
179,469,60,56,55
635,366,41,42,49
1047,19,95,77,63
674,375,43,44,46
841,409,49,48,53
57,445,48,46,51
48,218,64,66,71
202,84,141,142,159
4,343,42,44,47
426,216,224,221,244
969,309,45,46,50
1192,465,236,235,252
733,404,114,120,143
1158,23,237,235,250
526,285,47,44,45
759,174,46,46,51
1168,91,240,237,253
222,145,34,27,27
243,191,189,186,207
847,83,45,48,49
1190,452,237,235,250
448,431,76,65,54
995,56,97,80,63
591,96,43,41,47
543,300,42,44,46
1075,423,247,244,255
782,207,240,236,255
134,334,38,38,42
515,28,63,53,50
1021,296,46,46,49
46,187,165,47,50
463,290,64,65,72
238,303,43,43,45
1164,401,236,233,249
1046,1,141,130,99
580,75,44,44,46
927,122,46,47,51
429,292,45,46,47
778,464,49,51,53
345,121,28,29,29
737,81,45,45,51
801,441,46,46,52
345,30,42,33,33
998,119,49,49,55
620,315,44,45,48
199,101,106,112,127
511,17,91,66,51
218,466,48,45,47
1043,372,47,45,53
852,389,45,46,51
1198,224,239,235,252
726,499,157,149,163
971,17,101,75,59
906,468,47,47,53
760,30,50,50,53
941,94,49,49,53
253,459,87,78,52
977,351,47,47,54
511,318,44,45,47
368,53,30,23,24
815,356,48,44,51
601,250,235,234,254
726,78,46,46,48
189,433,48,47,48
338,487,136,133,146
761,134,45,48,50
839,458,46,45,50
967,471,48,48,50
314,444,66,62,55
387,145,42,40,42
889,313,46,45,50
670,1,49,49,52
1107,185,240,238,255
83,371,41,41,44
284,385,45,43,47
734,202,241,238,255
385,498,84,77,54
287,316,42,44,46
1017,431,43,46,54
718,282,44,44,50
918,71,62,63,61
848,192,47,47,53
1080,64,246,246,255
1143,490,229,229,247
1110,452,229,228,243
552,106,44,44,46
860,398,48,46,47
383,347,43,42,47
937,180,46,48,49
1103,162,237,237,255
572,163,46,43,47
204,162,34,28,29
702,46,43,46,47
881,158,45,46,50
295,351,39,43,46
415,69,35,33,36
946,196,45,46,51
501,293,46,45,46
235,433,50,52,54
138,362,38,41,43
269,116,34,22,28
394,304,43,45,45
1132,225,226,227,242
595,441,158,168,173
913,249,239,235,255
1163,437,234,234,249
258,93,38,31,36
759,58,50,48,49
209,432,48,47,50
1006,475,46,49,53
507,198,72,58,73
617,442,72,65,59
873,364,44,46,49
863,182,43,49,48
631,469,164,157,167
458,422,50,48,52
1104,53,233,234,252
75,452,47,47,53
718,222,91,81,69
289,186,187,183,203
39,384,45,42,48
24,71,109,99,108
1177,310,240,235,253
107,40,191,191,212
1029,478,48,50,52
1062,329,49,50,54
823,382,45,45,50
1003,255,50,48,54
7,155,172,29,37
778,20,53,51,54
996,37,126,98,73
895,152,48,47,52
450,241,227,227,250
1174,457,237,236,248
250,314,46,42,47
587,54,44,45,47
59,390,43,41,47
846,458,44,46,49
1084,6,246,246,255
1015,492,49,47,50
401,39,34,30,28
296,115,36,27,27
834,102,44,47,49
448,94,38,41,45
925,449,67,59,115
956,112,47,47,49
1065,498,51,51,56
462,89,44,40,43
470,145,44,44,47
