x,y,R,G,B
440,480,132,131,137
869,231,240,238,255
979,486,45,48,47
10,107,144,18,31
1154,280,234,232,247
612,321,45,44,47
161,300,40,37,44
1128,194,229,227,244
152,209,190,186,207
358,100,36,29,34
291,335,45,42,49
846,87,47,47,51
603,373,44,42,46
708,206,235,235,255
314,24,45,42,50
717,131,47,46,49
821,395,44,47,50
357,0,43,38,40
1035,231,49,50,52
117,172,244,241,255
406,234,221,223,243
987,143,49,52,54
749,396,47,47,47
133,278,212,211,235
1002,353,47,46,52
578,212,233,231,255
213,292,40,44,45
167,479,50,49,49
650,76,46,47,48
574,364,44,40,48
1104,423,236,236,255
268,490,90,78,55
111,221,204,200,222
230,45,59,38,61
295,191,190,185,205
349,422,41,42,47
306,151,30,30,34
1189,296,239,235,254
316,122,29,29,29
1128,450,226,224,242
888,297,45,48,50
304,308,47,44,46
69,120,153,24,35
543,347,38,40,45
922,244,46,45,52
231,319,45,40,46
793,118,48,47,50
946,334,44,45,51
64,192,36,27,33
946,481,47,48,49
997,206,46,48,51
328,432,61,57,51
719,388,46,46,45
746,248,241,239,255
229,114,33,35,35
110,313,36,34,35
161,301,37,33,43
594,188,236,234,255
329,370,42,45,48
721,116,46,46,49
529,30,66,50,45
631,23,50,50,51
287,453,74,71,53
684,483,115,87,64
20,388,48,44,49
514,201,60,58,62
1038,240,48,50,51
594,317,44,44,48
864,9,97,93,88
878,444,48,46,51
755,265,120,127,149
982,421,47,45,49
1093,31,95,92,152
953,144,49,46,52
786,243,241,240,255
540,406,44,45,45
565,210,227,228,243
501,141,38,31,36
1188,23,242,235,252
822,39,60,56,57
268,348,45,44,47
1062,114,49,50,54
693,231,239,238,255
464,487,150,149,151
1171,366,232,232,250
51,170,172,29,37
510,95,38,36,37
886,493,178,164,110
282,458,87,82,57
877,310,46,45,49
253,453,59,57,49
1199,27,241,237,254
967,131,48,47,51
603,184,232,228,253
269,305,45,42,47
1000,19,128,92,71
1150,475,233,228,243
522,253,222,225,248
1069,82,97,87,96
514,490,114,104,74
475,151,42,43,47
72,301,37,32,35
669,262,48,44,48
949,305,46,44,51
702,88,48,48,49
926,361,44,47,50
710,228,138,148,177
662,58,47,46,52
1130,221,231,230,244
697,113,43,46,50
749,16,52,50,54
551,222,230,231,255
537,223,227,226,247
399,266,223,224,248
474,62,44,41,46
11,484,51,49,53
668,336,44,46,50
0,285,37,31,35
312,141,32,28,32
528,198,77,70,92
964,403,45,44,48
628,20,53,50,50
827,365,44,46,49
669,86,47,45,51
856,27,93,92,83
45,350,38,43,42
464,191,224,223,244
165,482,48,47,48
1028,180,49,49,52
1010,350,44,47,49
390,224,210,211,233
1024,78,99,81,71
328,300,44,44,45
255,278,49,46,50
503,308,42,43,46
68,340,39,38,41
1021,0,110,82,64
525,233,168,172,201
143,403,43,43,48
481,236,40,33,29
279,208,183,185,200
557,85,47,44,47
525,344,42,41,45
509,18,85,65,50
21,91,121,96,84
475,345,45,45,50
482,485,115,106,64
562,80,45,43,49
288,62,34,37,40
777,207,237,236,254
269,484,81,72,51
133,479,49,47,48
763,212,244,241,255
291,49,47,42,50
680,439,42,44,46
248,396,43,42,47
699,63,46,47,48
565,50,43,44,47
674,306,41,45,48
93,218,214,215,239
759,234,239,238,254
522,65,44,42,45
369,116,34,31,34
803,168,47,48,52
420,103,39,39,40
719,297,46,45,47
183,68,161,148,172
982,331,41,47,48
348,370,44,44,48
365,306,46,42,47
963,119,47,46,51
339,200,194,194,215
1048,371,49,50,53
515,125,44,44,50
834,479,173,165,155
937,196,43,47,49
738,72,48,46,49
553,307,45,47,52
798,90,46,45,48
519,490,105,99,76
735,324,41,47,49
1077,52,82,73,62
634,219,215,216,248
950,105,45,47,54
872,414,45,47,50
716,133,47,46,49
807,373,45,48,49
758,212,243,239,255
62,81,29,30,31
583,483,117,103,85
376,185,201,199,220
743,487,125,123,103
402,417,40,44,47
1084,199,55,55,59
99,33,180,179,200
726,241,240,238,255
593,107,45,45,46
340,73,33,26,30
196,398,45,44,47
763,440,45,48,49
243,197,181,181,199
282,384,43,41,47
920,478,47,49,50
1157,397,238,232,248
257,346,44,45,45
616,404,45,44,49
27,48,66,63,74
1001,289,46,48,50
748,374,50,46,50
398,53,31,30,30
272,462,105,99,67
149,254,205,205,227
704,343,39,44,49
99,266,41,35,36
56,237,34,30,34
377,325,42,43,46
484,289,52,49,55
501,480,105,96,56
682,211,82,67,84
730,35,51,48,51
621,177,50,47,50
650,118,44,45,48
674,388,66,52,74
192,157,33,33,31
579,497,168,162,156
1073,56,93,74,66
611,440,47,49,51
561,301,45,45,47
55,330,35,33,37
686,362,44,45,49
622,416,37,43,47
287,175,189,186,205
291,435,78,75,55
30,326,39,39,39
312,456,92,84,57
659,130,43,44,49
498,144,23,22,21
104,302,40,34,35
137,54,149,130,152
838,216,238,236,254
688,309,43,44,45
896,344,44,47,48
880,473,48,49,51
894,442,51,47,50
215,245,191,191,211
565,189,230,228,252
967,16,100,76,60
788,477,162,161,175
925,279,45,45,51
431,340,44,43,48
522,471,143,144,143
1092,146,136,129,89
85,273,38,35,37
43,376,41,45,46
900,179,46,49,52
341,142,31,33,37
88,164,39,25,27
306,460,109,96,66
925,272,46,48,52
77,472,84,72,70
578,241,232,232,255
818,315,45,45,51
219,416,45,44,45
937,367,45,45,50
549,491,132,128,114
218,70,110,107,121
967,162,47,48,49
794,319,48,46,48
329,486,131,131,142
417,114,38,40,42
199,48,166,110,144
29,378,43,45,45
1196,239,241,237,252
527,169,49,45,49
1099,191,243,241,255
545,443,135,134,146
991,160,49,49,53
1197,486,237,233,251
21,171,173,36,42
459,451,167,165,184
982,277,46,48,50
245,220,190,186,205
732,89,42,46,48
1172,279,241,238,253
206,436,47,48,50
413,415,37,44,49
770,357,45,46,49
353,145,37,34,36
1040,151,51,51,54
1055,338,46,45,53
282,162,44,40,46
273,169,186,184,203
143,295,35,33,37
1015,331,43,46,52
674,96,47,45,48
686,318,43,44,47
373,460,132,116,110
376,464,81,68,66
880,381,45,44,49
1048,150,49,47,54
1069,495,138,125,62
1034,368,49,48,53
983,28,100,78,61
76,217,169,188,201
825,468,44,49,49
1194,279,238,237,251
775,473,167,162,175
63,368,46,42,46
494,252,214,210,233
944,237,44,47,52
870,139,47,47,47
599,133,43,44,49
585,188,233,235,255
695,103,49,47,50
351,215,163,157,171
829,207,50,48,53
658,386,41,44,45
766,178,45,47,50
401,138,41,41,43
607,395,47,44,45
115,84,152,135,156
982,281,48,49,51
984,312,48,45,53
932,215,49,48,50
23,186,54,53,62
261,422,45,44,46
893,66,85,81,76
648,276,44,45,48
445,362,47,47,51
990,266,45,46,51
475,114,42,42,45
1157,196,237,235,248
809,189,45,46,51
245,132,34,27,27
492,44,43,42,43
894,72,46,48,53
825,429,46,47,51
544,491,121,116,98
1094,416,244,243,255
156,30,167,151,174
971,347,46,46,50
928,466,48,49,51
779,3,51,49,54
1081,17,59,57,60
23,129,155,24,34
685,334,44,44,51
1058,7,95,77,63
143,267,212,210,234
860,430,47,47,52
720,64,48,46,49
1132,129,227,224,242
749,158,48,47,52
445,224,230,228,250
792,356,41,46,49
922,417,44,47,49
670,266,43,46,50
582,78,41,44,47
207,251,201,196,218
68,259,33,30,32
928,411,43,45,49
145,433,48,49,52
757,181,46,46,50
704,24,49,48,52
1158,426,233,231,247
423,170,46,43,46
750,418,44,45,49
928,50,106,99,90
615,250,235,236,255
1010,442,42,48,54
497,459,155,157,168
895,329,46,46,52
544,384,40,41,44
656,334,42,43,47
1096,235,239,236,255
1190,477,236,233,249
829,298,46,46,50
372,388,43,43,46
979,432,48,48,50
409,346,40,41,47
522,228,218,219,240
1013,100,46,49,52
1068,305,65,51,115
57,126,153,27,32
94,163,42,26,28
195,227,190,189,210
1049,329,46,49,50
229,286,51,46,50
1004,420,49,45,52
324,117,31,26,28
1060,330,49,49,53
1059,120,49,51,54
523,97,47,46,47
267,47,78,74,92
149,354,42,38,41
981,389,47,46,51
364,92,33,27,31
1081,16,62,56,61
850,125,46,46,50
101,235,206,202,223
359,12,42,35,32
442,142,46,43,45
335,208,163,161,175
618,249,235,235,255
739,452,46,47,47
204,243,70,55,65
104,235,200,199,217
1121,152,230,228,239
873,396,40,47,48
192,216,191,186,207
1055,32,68,62,59
605,145,46,44,49
35,391,47,43,51
436,104,41,39,43
899,204,46,47,49
532,285,44,44,45
424,138,43,42,46
1026,43,107,79,61
619,261,43,46,48
906,416,45,47,49
766,187,48,48,52
568,196,228,229,254
356,209,197,196,219
1001,8,127,94,68
405,488,79,77,66
314,466,128,123,97
292,180,187,186,204
648,294,45,41,48
863,8,98,94,90
648,150,43,45,48
913,38,105,98,90
725,241,238,237,255
104,282,38,36,35
1076,126,135,126,91
935,259,49,45,52
888,59,100,98,96
936,441,46,47,51
1150,292,232,230,246
303,341,44,43,44
384,451,187,201,221
661,131,47,47,50
1030,264,49,49,52
847,118,46,48,49
532,197,58,50,68
1155,107,234,231,247
868,416,46,45,51
1116,254,231,230,246
105,173,148,151,169
297,301,47,42,46
437,420,123,122,129
492,334,45,42,48
431,145,42,44,43
1051,178,45,50,53
777,120,43,45,49
1009,317,49,49,51
67,271,33,29,31
529,305,43,41,45
487,158,44,45,46
1071,217,54,52,56
524,375,42,43,42
978,403,46,46,51
178,180,191,186,207
631,418,41,44,50
636,310,46,42,46
435,423,60,63,59
189,325,36,40,42
1022,147,47,48,53
1147,167,232,230,249
848,321,49,50,51
40,318,39,37,39
516,494,107,100,71
68,43,116,109,117
661,291,44,45,47
1076,121,126,115,81
676,474,106,81,55
650,130,44,43,48
876,135,49,48,48
490,281,47,45,49
627,25,52,48,52
953,124,45,46,52
70,260,39,32,31
569,247,233,234,255
383,71,27,26,28
519,40,37,34,35
205,499,49,46,52
295,443,59,58,55
650,392,45,48,55
1043,306,109,102,119
1181,187,238,236,251
485,13,79,61,44
1052,154,45,49,54
986,115,48,49,52
490,86,45,45,50
682,425,45,45,48
1108,368,238,235,252
1041,139,45,47,52
1149,489,234,229,243
613,40,44,45,48
64,160,163,30,35
157,483,46,45,48
338,230,201,202,223
124,199,213,215,236
349,461,68,63,51
794,389,43,46,48
332,299,41,45,47
234,460,73,73,55
206,101,151,158,176
166,134,109,117,133
196,109,116,115,134
195,303,39,40,39
266,90,35,30,33
991,109,46,48,52
169,256,207,204,227
153,144,157,160,180
520,33,45,40,43
54,210,47,52,49
861,36,99,96,91
1012,245,46,48,52
357,229,207,207,229
1136,150,232,228,244
693,157,50,44,50
590,330,44,43,44
815,447,47,47,50
829,148,46,47,52
9,51,68,66,69
420,290,42,44,50
255,379,43,45,45
851,112,48,47,50
1040,428,50,49,50
577,235,233,234,255
828,129,45,49,49
287,145,33,25,28
727,32,68,57,54
491,386,42,41,44
410,58,33,31,31
163,258,207,206,227
1090,299,238,236,255
177,380,41,43,44
613,401,39,43,45
494,133,50,44,50
725,156,43,48,48
759,215,242,239,255
894,265,238,238,255
512,401,44,38,44
655,75,44,47,49
251,387,42,43,47
129,180,221,223,250
61,467,51,49,53
439,173,48,45,47
554,152,44,43,49
471,388,42,44,45
774,378,45,45,51
1100,312,239,236,255
83,356,38,41,42
729,196,242,239,255
277,348,40,42,44
57,441,48,48,50
1029,95,51,49,53
187,23,158,31,40
621,376,47,42,46
650,367,47,48,45
491,43,42,43,43
843,245,166,166,196
161,351,39,39,44
893,459,50,47,51
306,141,32,29,31
1146,280,232,228,245
437,289,44,43,49
523,121,40,43,48
99,239,212,212,232
474,203,232,230,251
56,202,97,93,101
662,83,45,46,50
1161,407,235,233,252
349,365,42,44,47
1035,351,49,49,51
400,40,35,30,31
584,312,43,45,45
622,344,41,45,46
996,472,50,48,54
99,241,218,214,238
785,12,51,51,54
578,58,42,43,44
1101,231,235,236,252
633,283,45,44,45
615,180,55,51,55
399,276,45,46,49
516,182,219,219,237
416,327,43,45,46
452,466,187,187,204
239,310,42,42,46
1193,491,238,237,253
707,84,42,45,50
1060,24,93,78,65
429,396,41,46,49
568,106,44,45,46
856,451,47,45,49
277,389,43,42,49
844,379,44,45,49
826,473,100,93,80
825,176,46,46,50
841,271,49,49,53
902,309,46,44,50
1066,465,52,54,55
439,213,220,223,238
1138,324,231,228,243
83,289,34,28,35
412,172,43,44,45
556,49,43,44,44
169,27,169,153,175
791,462,44,48,52
225,97,39,39,44
334,189,195,189,210
833,110,49,47,50
931,459,48,48,50
173,205,188,185,203
701,291,42,45,48
1104,274,236,235,249
661,181,239,237,255
717,159,45,47,51
1021,60,108,91,71
61,443,50,48,50
434,75,41,37,41
760,154,45,48,50
498,165,40,38,39
685,349,45,45,46
1147,196,237,235,249
849,213,56,54,58
1043,97,48,51,55
224,323,39,45,45
249,27,205,195,221
395,365,41,43,46
751,179,45,48,52
1155,98,237,231,250
111,243,214,210,229
814,351,48,44,49
677,270,44,45,48
306,18,41,42,48
296,335,42,42,44
222,138,28,30,34
296,472,122,115,90
999,61,90,74,63
353,352,41,45,47
254,29,205,194,216
821,40,56,54,56
1055,213,47,50,53
547,413,42,41,44
5,472,52,52,54
397,492,79,72,53
355,463,58,52,51
1133,111,229,226,242
655,106,40,45,48
399,479,56,55,55
300,49,38,38,41
201,356,44,43,48
212,299,42,42,46
757,373,46,45,46
789,19,49,48,53
997,218,45,48,51
505,303,41,46,48
108,415,44,43,47
841,115,45,46,50
518,344,41,43,48
831,287,45,48,51
96,414,46,44,49
328,245,59,52,65
768,108,43,46,51
1008,69,64,58,59
949,228,48,43,52
755,113,48,46,51
1095,83,236,234,232
320,240,200,200,219
167,438,100,102,98
785,137,43,47,49
275,340,41,43,46
37,215,29,28,28
716,396,54,43,71
403,493,76,69,54
150,286,43,39,41
589,356,41,43,46
549,498,119,112,90
226,102,41,37,43
792,149,47,47,53
1187,128,238,238,253
540,28,49,52,50
767,205,236,238,254
1005,357,45,47,50
48,451,45,48,50
179,312,43,38,43
778,24,46,50,54
813,403,44,46,48
843,18,89,85,78
629,490,138,134,130
49,34,56,43,58
170,354,39,41,44
603,110,44,45,46
100,94,154,28,34
149,454,47,49,49
825,126,46,48,53
872,38,100,96,91
940,69,92,88,81
551,411,43,43,46
1050,264,49,49,54
401,268,223,225,246
697,102,47,45,48
1027,271,49,47,51
900,7,151,98,71
420,141,42,41,44
768,400,45,45,49
465,489,130,127,102
84,12,52,39,54
581,61,43,44,46
331,226,192,193,215
640,419,44,45,48
1101,202,241,239,255
456,289,44,47,47
819,498,156,150,142
577,440,163,163,184
14,214,29,30,31
843,421,166,171,195
1174,290,237,235,251
703,199,237,236,255
988,244,51,47,51
45,395,41,43,48
269,78,40,37,43
333,237,199,199,219
760,397,44,45,47
726,236,242,239,255
1163,152,235,233,249
848,458,47,46,49
167,163,40,39,42
435,79,43,38,41
66,16,231,227,250
1109,221,238,235,251
539,383,40,42,42
911,169,47,48,50
304,253,201,200,221
221,317,44,42,44
148,497,47,46,52
753,494,164,158,161
193,402,41,44,46
1023,356,48,48,52
460,307,72,68,75
363,323,42,43,46
395,29,52,39,32
278,111,34,25,27
412,112,41,40,43
800,164,44,46,52
256,137,31,25,28
961,372,46,46,51
853,373,43,46,49
438,336,45,44,47
824,475,160,161,173
441,416,24,19,26
688,354,48,44,48
550,80,43,45,46
0,48,99,73,86
1084,198,55,56,59
875,342,45,45,51
579,263,231,234,255
966,206,47,46,51
261,231,96,90,121
380,374,41,43,45
916,286,47,46,50
898,57,104,101,101
741,58,44,46,50
716,373,44,47,49
902,460,44,47,51
29,498,64,60,53
420,114,41,39,43
470,312,45,45,48
791,210,243,239,255
230,228,189,188,208
1191,159,241,238,251
166,393,41,43,46
8,454,48,50,51
371,131,35,37,40
80,197,107,109,127
741,285,48,45,49
1082,225,239,242,255
271,481,61,57,52
669,483,106,82,61
540,272,46,47,51
987,225,44,47,50
86,172,201,197,218
157,489,50,48,49
121,284,43,37,38
971,77,60,58,57
443,349,42,46,45
143,3,33,31,32
419,187,212,212,238
1182,395,239,235,252
982,11,111,82,62
553,390,42,43,44
823,234,176,166,146
1034,266,49,48,52
331,323,43,43,47
853,254,241,239,254
1177,390,238,237,254
331,445,60,61,52
480,322,45,47,50
70,212,214,216,231
536,302,45,45,46
577,272,49,50,54
226,499,62,62,53
780,405,133,138,96
693,409,44,44,48
23,208,35,30,31
31,478,47,48,51
682,272,44,46,49
940,214,48,46,49
603,460,163,164,171
607,101,45,46,48
284,238,189,189,206
394,494,91,78,56
397,274,53,51,54
323,63,30,25,22
142,450,48,47,52
987,498,45,45,51
351,233,112,102,117
242,454,70,66,51
1065,246,46,49,54
1168,440,237,235,250
935,460,44,46,52
876,320,42,45,49
636,216,57,56,59
960,299,41,45,48
163,279,216,210,233
878,119,49,47,52
916,20,141,95,70
247,192,189,183,203
690,189,238,233,255
980,70,84,71,63
59,416,64,67,57
874,395,42,46,49
1092,121,103,94,129
1143,58,234,229,250
519,217,223,219,239
337,1,66,66,73
642,190,241,237,255
1013,443,47,49,53
470,431,180,190,198
604,363,46,42,48
1124,372,232,230,243
929,207,47,46,49
486,436,184,188,208
169,47,162,149,170
309,378,42,42,43
1177,40,241,238,255
331,233,51,47,55
784,111,42,46,49
135,170,59,47,70
289,268,47,47,51
801,433,45,48,52
506,83,49,48,49
796,166,46,45,50
132,451,49,46,52
345,178,193,193,212
259,332,40,44,49
866,125,48,47,50
358,347,46,43,44
528,292,46,45,49
218,35,192,170,183
247,473,85,80,59
1093,342,246,242,255
244,71,44,47,52
379,17,37,28,29
292,444,60,59,53
502,29,85,64,54
1025,257,47,49,53
126,314,33,35,35
589,92,43,46,47
777,200,48,49,52
594,417,41,43,45
560,277,47,44,48
1118,389,234,232,247
264,279,44,43,45
944,301,42,45,50
475,163,41,44,45
1039,147,49,49,53
1056,243,48,51,52
965,263,46,44,49
1050,122,49,50,52
386,491,130,127,115
231,182,189,184,208
41,119,147,21,28
432,111,41,40,44
952,130,47,48,53
336,14,40,36,40
792,445,47,46,52
617,343,44,44,46
317,57,32,27,33
488,27,77,55,46
204,341,42,43,48
172,317,40,37,40
129,101,163,30,39
158,265,211,209,230
406,467,66,63,55
217,417,45,42,46
607,42,45,45,47
98,367,42,42,44
103,424,146,118,139
69,354,44,39,44
397,473,52,50,52
1038,355,48,49,53
686,23,50,50,55
1077,4,113,89,71
26,480,48,49,52
81,267,38,34,35
1074,384,242,240,254
870,279,46,47,50
862,156,46,47,52
49,11,229,229,250
793,165,43,47,48
265,268,48,46,48
576,114,44,45,46
260,407,42,45,44
325,430,78,75,54
794,256,240,240,255
365,180,192,190,209
1041,209,48,49,54
216,51,200,191,212
901,471,46,50,52
687,469,116,93,63
17,63,132,125,142
614,193,238,233,254
856,266,96,86,107
556,380,42,42,46
850,21,91,86,80
337,469,140,138,151
1163,131,238,234,250
961,320,46,47,48
586,253,234,235,255
224,340,43,45,46
116,275,215,212,236
640,36,44,45,49
642,245,42,47,51
1168,285,236,235,251
489,94,41,41,43
877,252,122,104,79
82,183,205,197,222
12,307,40,39,42
109,52,152,130,158
950,402,47,46,51
235,69,185,188,213
750,24,48,48,53
619,425,44,46,47
1103,385,238,234,255
61,115,150,22,33
522,122,43,45,46
333,446,62,62,53
22,390,45,45,47
149,275,214,210,230
733,118,42,46,47
917,373,47,48,49
228,488,60,58,53
79,204,227,229,248
1037,259,45,48,53
1053,318,52,49,53
99,96,155,28,36
734,30,47,49,54
940,233,45,45,51
909,134,48,49,51
136,125,205,193,215
1001,181,48,47,51
821,85,49,47,51
628,141,46,45,47
294,232,52,48,55
1050,415,48,51,54
935,10,242,237,255
185,255,205,204,223
369,438,94,88,88
738,113,45,47,52
1120,333,229,229,244
266,15,34,30,31
686,366,44,45,52
764,418,46,49,53
963,58,63,56,55
608,395,43,44,45
1025,241,51,48,52
1148,342,234,228,248
644,129,49,46,48
1098,280,241,238,254
333,179,193,191,210
1195,159,237,237,255
1185,326,237,237,253
393,308,44,44,46
945,445,49,47,53
907,251,239,236,255
1158,108,235,233,251
472,208,229,229,254
61,22,106,91,122
591,243,236,235,255
742,420,47,45,46
325,414,43,41,45
751,33,50,49,53
249,55,162,161,183
819,88,45,45,50
787,199,47,50,55
579,301,45,43,47
500,338,43,42,45
127,68,161,144,167
434,208,179,182,201
1139,336,229,230,245
47,372,42,41,46
1053,22,95,78,65
47,143,158,28,35
543,21,49,48,48
511,450,150,151,157
540,424,40,44,43
40,131,153,24,34
575,59,47,46,48
181,171,191,189,208
747,138,47,46,50
727,402,94,98,113
651,315,42,43,49
408,407,43,43,47
90,311,39,36,35
376,75,29,26,29
1169,260,239,235,251
178,189,190,183,206
270,253,197,196,216
147,154,125,120,144
607,18,50,50,49
876,426,46,43,81
97,299,38,34,35
768,328,44,47,49
120,5,119,111,120
229,129,38,26,30
462,450,172,178,194
181,317,38,40,43
171,3,164,143,161
923,431,181,176,179
1173,24,239,236,250
1098,100,237,233,255
195,30,191,173,192
733,77,46,48,51
89,17,111,104,116
145,113,36,28,30
406,11,33,27,30
426,66,37,35,39
488,451,151,149,168
744,38,54,49,54
341,106,32,27,28
226,132,33,26,31
597,14,46,49,51
671,282,46,48,50
559,310,46,45,46
657,151,44,46,49
713,249,237,236,255
1160,483,233,231,245
761,242,238,239,255
269,14,36,29,31
1048,369,47,48,50
1137,64,231,228,246
703,4,52,50,51
161,385,44,42,45
717,498,154,147,161
208,494,42,46,45
375,390,42,42,48
1021,219,45,45,51
808,261,75,68,120
375,131,36,36,40
426,388,41,43,46
1020,239,47,46,50
961,299,43,45,49
1080,219,250,246,255
283,428,80,81,57
68,348,37,38,40
188,480,47,45,50
1158,461,235,232,247
894,487,170,156,81
136,217,199,197,216
814,93,47,47,50
1006,482,52,47,54
430,487,24,21,21
160,255,211,207,229
450,21,68,50,40
515,85,35,31,36
299,417,46,43,49
1149,293,232,231,246
191,250,202,199,219
967,453,52,50,55
704,149,46,47,48
841,129,47,47,50
750,420,47,46,48
945,456,51,51,52
646,467,157,165,192
1148,338,233,232,247
447,438,141,124,129
777,179,45,46,48
1073,403,52,51,57
706,375,43,46,51
237,167,190,184,205
987,376,45,45,49
157,146,165,161,185
906,230,238,236,255
978,334,46,46,52
329,431,62,63,53
954,331,46,44,48
448,194,226,223,249
547,148,46,44,47
35,97,34,35,33
775,11,53,50,53
625,269,46,46,51
389,299,47,43,46
75,18,49,41,48
482,482,115,112,71
662,92,46,46,48
268,116,31,22,26
664,207,234,236,255
599,119,42,43,45
1060,357,51,51,53
111,28,37,33,36
104,169,42,26,42
974,38,97,75,60
948,213,45,47,53
1184,423,235,234,250
485,90,41,43,46
846,302,48,46,50
593,288,45,43,45
837,182,48,47,51
506,63,60,57,68
1110,426,232,231,247
661,307,44,44,49
63,40,112,103,112
256,470,106,94,63
174,312,39,39,44
108,384,45,41,47
976,74,74,64,59
799,58,43,47,48
592,426,43,44,45
118,83,149,132,152
172,368,43,42,44
915,433,124,124,135
1036,436,48,46,50
511,113,42,40,44
736,347,43,43,46
220,298,43,45,43
583,439,157,157,146
141,397,47,41,47
936,413,42,45,47
467,224,229,227,247
172,366,45,42,46
26,410,46,45,50
778,417,47,48,48
841,87,50,49,51
320,86,30,25,25
889,150,47,48,52
1170,445,238,235,253
712,373,45,44,48
85,291,35,31,32
693,459,124,98,63
1165,171,237,236,254
790,452,44,44,50
1163,0,240,236,252
625,459,106,101,106
877,199,48,47,49
646,129,45,45,47
434,271,231,230,252
907,92,49,47,50
1187,52,239,237,255
199,58,67,45,68
57,38,159,152,170
477,97,44,43,45
565,230,233,232,255
235,229,161,160,175
595,330,46,44,46
947,499,176,162,104
744,188,109,108,121
115,1,116,108,117
804,496,161,160,176
300,459,60,59,54
652,91,46,47,48
1124,495,225,223,241
921,19,99,70,63
1137,471,230,224,240
709,56,48,46,48
728,47,44,47,50
491,51,41,42,46
23,179,103,98,102
343,54,32,24,23
714,283,45,44,50
552,248,231,229,252
21,457,48,49,53
33,459,52,50,54
1108,321,236,232,248
581,350,39,43,43
142,27,153,133,153
291,140,34,29,29
44,284,35,30,30
406,121,38,39,43
994,354,47,47,50
1015,346,48,46,52
493,224,90,72,112
340,248,209,208,231
804,30,48,52,51
1124,411,232,228,247
175,108,181,182,203
781,15,52,50,53
130,102,161,28,39
540,175,52,50,55
953,33,86,69,58
1164,104,236,234,251
1064,307,236,235,254
940,347,45,46,51
704,232,236,235,254
655,427,48,44,47
166,268,212,207,232
517,426,45,39,44
636,86,44,46,48
215,108,41,42,46
698,119,44,45,49
611,323,43,43,47
1142,426,232,228,244
1069,219,51,51,57
879,496,174,161,116
438,263,234,233,255
69,214,158,160,181
891,394,44,45,50
1022,208,49,47,52
26,269,35,27,31
502,365,43,40,47
593,145,46,45,47
704,367,43,43,46
304,116,29,25,28
22,375,47,44,46
239,130,29,26,27
206,422,48,44,48
1000,312,49,48,52
646,344,46,45,48
493,220,208,205,225
571,151,45,45,48
972,336,46,43,51
109,86,181,164,185
979,434,50,46,52
746,205,241,237,255
1142,87,233,230,245
1070,136,47,51,55
274,98,31,28,30
1064,7,96,77,64
1171,352,234,233,250
569,455,136,129,138
1080,324,242,244,255
741,85,46,46,51
983,274,47,48,52
1055,398,52,49,55
1001,167,45,48,52
1001,55,96,74,60
361,203,194,194,211
724,443,45,44,50
123,15,77,68,89
121,103,161,30,38
239,32,44,32,38
609,437,43,46,48
461,176,45,44,48
200,204,183,180,200
100,296,38,30,33
453,284,48,48,50
720,174,48,47,52
1181,253,239,236,252
792,170,47,47,48
725,40,54,51,53
694,466,119,99,71
696,223,239,236,255
1182,445,237,235,254
103,355,36,39,42
44,459,51,49,50
270,479,52,49,52
258,72,47,45,54
640,247,46,47,51
1174,482,235,233,252
957,69,53,51,54
955,54,65,57,57
809,10,51,54,55
1087,243,68,72,76
264,453,65,61,52
609,265,43,44,49
866,336,47,46,48
656,149,48,47,50
959,167,46,48,52
437,301,45,45,50
777,371,43,45,48
655,91,45,44,50
437,22,37,34,37
354,450,75,73,55
485,99,43,42,48
183,257,206,202,223
1120,139,232,228,245
590,198,232,236,255
1179,196,239,236,252
843,112,46,47,51
939,32,84,66,58
696,320,44,45,51
1097,462,241,233,254
229,113,36,34,38
678,156,50,46,49
628,214,235,235,255
473,125,41,41,44
234,250,195,195,216
799,214,241,238,255
987,59,110,92,73
466,419,42,44,46
1038,380,44,46,51
825,129,48,45,50
1072,425,242,249,239
519,454,136,135,137
293,359,45,43,46
132,153,139,138,163
734,1,47,50,52
978,6,114,83,63
39,174,173,32,39
193,193,192,186,206
1000,343,49,49,52
363,95,32,27,30
234,273,208,205,226
688,208,240,236,255
76,270,35,32,33
542,39,44,43,47
299,292,44,44,48
700,79,42,47,45
169,1,166,144,169
537,355,43,42,46
740,306,46,45,48
1145,64,232,232,246
1083,328,200,201,231
1160,37,239,235,249
900,26,98,92,82
185,432,48,48,54
1042,154,48,48,52
636,288,42,44,46
835,233,104,102,126
642,198,238,236,255
141,474,50,48,51
1049,234,46,48,53
842,344,47,47,48
885,494,174,165,116
526,314,41,44,45
1062,108,49,49,55
992,490,47,49,51
663,479,101,76,58
6,210,31,29,32
600,256,47,47,53
509,247,224,222,243
1141,243,232,228,246
186,455,49,49,51
417,171,44,42,47
7,323,57,56,56
1049,122,50,49,52
907,174,44,47,51
562,477,120,107,95
622,366,37,44,46
621,80,43,45,47
334,113,34,28,29
365,366,44,44,44
812,417,95,96,79
1031,411,46,48,48
941,2,128,87,68
210,42,193,176,189
945,128,43,48,49
96,308,40,34,35
304,309,43,44,45
934,492,164,156,89
114,186,175,186,198
331,240,198,199,221
871,40,97,94,88
1124,230,231,229,246
626,260,47,46,49
1026,157,48,48,52
124,275,217,213,239
704,323,41,43,49
686,170,44,45,49
597,156,45,44,46
48,344,39,39,44
884,461,52,50,51
50,217,89,92,94
302,54,36,34,38
56,64,110,101,102
981,79,62,56,57
796,287,45,46,49
722,68,44,46,51
510,387,43,42,44
799,180,48,47,49
728,237,238,238,255
549,381,42,41,44
483,376,40,43,43
767,99,45,45,50
850,471,49,48,50
341,409,45,42,48
518,454,131,125,132
184,174,196,187,211
1036,86,71,64,61
193,308,41,40,42
414,136,45,40,43
937,73,83,82,75
476,137,46,42,47
680,168,45,47,49
115,431,119,67,92
122,371,40,41,41
306,129,28,25,33
945,66,102,102,97
50,192,105,102,100
1056,416,50,48,53
512,253,225,222,247
1018,3,97,78,62
50,296,37,28,34
1014,39,98,79,61
704,256,45,48,51
495,333,44,43,47
713,289,45,45,50
1007,277,48,48,52
1196,438,242,236,251
381,228,214,213,236
742,272,43,46,49
341,186,197,193,215
126,87,158,139,162
326,250,199,201,222
1004,120,47,49,51
875,302,45,47,49
26,411,45,45,51
369,215,202,203,224
913,423,49,46,51
26,51,65,63,62
856,216,77,71,85
566,355,44,43,47
450,438,134,126,134
1062,18,96,74,62
895,316,48,46,51
717,199,246,238,255
99,213,216,219,246
1046,470,46,48,54
36,179,176,36,42
149,278,216,211,235
627,73,44,47,50
434,432,67,70,72
628,213,236,233,255
337,113,33,29,32
546,486,124,119,118
547,352,42,41,43
931,497,175,158,84
492,162,41,40,49
684,195,239,239,255
718,437,44,45,45
1019,107,47,49,53
1052,483,50,50,53
69,444,47,49,50
144,362,43,41,46
952,139,49,48,52
643,467,124,120,134
1079,152,246,245,254
88,457,47,47,50
1178,465,236,234,249
774,297,47,46,50
728,375,42,44,52
423,360,46,44,49
208,38,163,46,76
52,12,224,228,250
1055,209,48,51,55
1161,377,234,233,247
752,451,41,46,50
933,108,50,47,51
174,100,209,197,216
637,132,45,44,49
1032,99,48,49,53
324,18,36,40,41
356,199,92,90,87
1183,219,240,236,253
943,405,50,46,48
629,345,41,44,50
854,499,145,130,86
46,393,42,45,46
553,179,230,230,248
487,478,115,110,70
965,373,49,47,50
42,469,48,49,53
210,348,49,41,46
63,383,43,44,46
110,451,46,50,50
540,68,44,44,45
43,411,46,47,49
808,430,48,48,50
301,123,34,27,27
78,192,36,32,36
45,368,42,42,49
1198,264,238,238,255
550,47,44,43,47
20,56,54,33,45
422,94,40,39,42
34,231,36,26,30
700,104,43,45,48
1187,71,238,235,254
1071,262,51,50,57
818,165,46,49,51
749,248,241,239,255
165,22,158,144,167
652,73,46,44,48
1055,149,49,50,55
1126,307,227,225,242
528,28,67,52,39
1024,171,46,48,53
4,459,48,49,51
492,352,42,43,48
441,300,48,43,50
963,188,44,48,53
448,223,227,225,248
460,496,121,116,67
360,193,196,198,216
945,151,46,45,52
851,333,47,45,49
36,212,27,25,31
28,318,42,38,44
3,358,46,44,50
167,448,50,49,50
480,430,114,115,91
206,378,43,41,45
1158,93,236,235,252
948,108,44,47,51
802,282,48,46,51
5,134,163,23,37
279,490,86,74,56
312,194,191,190,208
828,53,58,57,55
123,342,39,36,40
800,216,241,239,255
636,351,44,43,46
1007,192,44,49,52
250,42,106,106,123
2,186,111,109,109
1173,35,238,236,253
137,146,130,136,155
840,203,47,47,51
5,361,49,44,49
587,209,233,230,254
616,35,42,46,49
839,219,240,239,255
463,400,45,46,50
993,236,46,46,50
962,146,46,48,52
1108,55,230,231,248
20,448,49,49,53
882,467,52,47,52
670,250,44,46,49
977,292,50,46,50
820,444,45,46,52
767,66,49,46,50
291,218,191,190,208
321,62,31,26,29
781,368,42,44,49
1113,205,233,233,249
507,3,110,88,67
1076,223,237,240,242
942,124,48,48,52
1081,316,248,246,255
633,41,46,46,49
438,4,33,30,29
638,143,46,46,47
615,364,42,42,45
452,402,135,139,159
1008,213,50,47,52
1087,131,135,141,150
1137,265,229,229,244
628,268,48,45,48
692,48,45,44,49
452,189,219,222,246
904,97,43,48,50
882,465,48,48,48
1038,367,46,48,54
163,201,46,38,44
626,243,49,51,58
902,68,89,87,81
351,434,84,79,54
207,106,48,47,52
1017,172,47,48,53
90,20,112,104,111
903,496,173,158,88
416,336,45,44,46
291,294,39,44,45
749,278,46,48,51
51,187,169,35,43
22,216,30,30,33
758,478,157,153,154
614,127,42,44,47
711,207,242,240,255
556,224,229,232,254
505,477,105,101,68
121,147,111,92,105
3,187,115,113,113
170,58,158,145,162
609,329,43,44,47
952,481,48,48,51
824,360,46,46,49
122,124,162,43,54
1119,51,229,226,245
174,443,49,48,48
462,53,40,40,41
504,38,87,65,49
75,121,154,25,36
1151,359,234,231,252
1085,253,251,253,255
698,474,127,108,76
306,269,50,49,53
846,388,46,44,50
705,195,238,238,255
25,209,30,30,30
475,249,36,35,42
374,246,213,212,234
945,175,45,48,51
478,311,47,49,53
896,290,43,45,50
620,91,46,45,48
715,391,46,47,50
1008,16,115,87,67
593,159,39,45,50
671,102,45,47,46
541,455,152,151,160
988,289,46,44,51
55,37,150,150,166
1019,496,47,50,53
366,280,44,46,47
946,54,105,75,64
333,263,208,208,230
764,179,47,48,51
71,377,40,42,45
402,79,31,31,34
881,420,50,48,52
1156,400,237,233,249
727,228,64,62,78
826,73,45,45,51
653,484,94,70,55
717,397,56,48,48
938,186,47,45,51
170,140,39,45,50
1144,130,232,232,247
282,122,34,26,31
761,168,49,47,50
852,419,176,172,193
1084,118,243,247,254
389,472,71,65,56
840,205,46,49,53
180,394,41,44,46
1198,150,242,236,253
990,441,66,50,114
291,424,43,42,45
660,389,136,130,142
793,353,43,44,48
695,121,46,46,48
193,185,189,184,205
24,487,58,58,50
181,83,34,30,34
889,326,44,46,50
1148,86,235,233,248
961,16,104,75,61
681,256,47,47,48
420,11,38,32,33
169,319,37,38,40
310,140,29,29,33
983,185,50,49,52
832,341,47,46,48
1041,65,98,88,68
1044,77,70,65,61
1159,11,239,236,254
611,73,41,45,48
36,439,50,49,49
436,374,45,44,45
469,103,42,43,43
367,105,33,29,33
764,384,43,46,49
206,33,161,35,40
541,173,46,47,50
380,452,186,193,208
44,336,39,37,38
190,257,202,200,220
412,258,230,226,250
995,389,50,46,51
300,95,32,25,31
133,361,42,40,46
89,212,207,212,233
468,28,99,76,55
859,98,47,48,50
146,338,38,37,40
62,18,92,75,94
895,28,85,78,74
326,6,78,71,67
601,288,43,44,49
1194,447,236,231,248
120,75,142,125,147
1069,91,92,82,68
487,392,39,41,43
294,233,55,51,54
304,108,29,25,26
308,223,193,193,214
832,331,46,46,50
315,146,34,30,34
374,204,199,199,212
358,40,42,28,23
703,400,48,46,51
422,404,45,44,47
910,64,100,94,92
696,327,47,45,51
195,223,193,189,210
462,456,184,187,207
478,471,177,177,188
885,245,238,238,254
731,404,68,65,58
225,331,42,41,49
6,493,52,51,52
97,29,117,112,121
250,415,47,45,46
543,477,136,130,135
408,90,38,35,37
194,50,199,182,199
23,58,103,91,104
206,196,190,184,205
985,151,48,48,51
730,308,41,46,50
489,220,198,195,213
264,196,186,182,202
338,165,44,37,39
864,308,49,48,51
387,193,204,205,225
54,219,115,110,111
499,265,219,218,241
706,205,238,235,255
773,194,46,49,52
122,235,199,194,215
248,66,47,36,49
343,431,80,76,56
605,453,172,178,191
1180,81,236,235,253
561,151,43,44,46
648,453,188,199,223
888,288,45,46,49
258,8,37,31,32
606,348,42,45,49
334,381,40,44,47
119,213,205,205,228
618,292,48,44,49
455,227,227,230,249
158,148,105,99,117
322,150,38,32,36
86,439,48,47,49
779,337,47,45,49
341,224,202,200,223
621,476,182,179,195
1094,178,251,246,255
822,2,93,88,83
320,326,42,44,44
374,43,32,23,28
1050,498,50,51,55
326,494,128,131,148
104,209,223,221,251
1,366,49,46,47
1003,154,50,48,52
857,341,45,48,48
898,257,240,241,255
372,125,37,35,37
8,20,227,226,249
862,209,49,50,51
448,269,237,232,255
986,225,44,46,50
627,77,46,45,50
25,143,162,30,33
489,493,116,104,64
666,169,47,45,50
1180,446,238,235,250
291,149,30,28,28
493,337,45,43,47
64,109,150,21,31
205,305,40,43,43
64,41,115,105,117
1025,372,47,48,51
607,299,45,43,47
589,134,42,44,45
566,476,117,109,98
482,480,101,95,64
346,298,43,44,48
889,152,49,47,49
790,475,165,163,169
855,62,50,50,54
437,220,124,115,126
50,299,37,33,37
1000,303,46,46,50
358,452,61,52,52
702,334,47,44,49
384,240,211,211,232
239,408,42,45,47
484,409,44,42,46
158,282,201,201,226
28,274,34,29,33
787,372,47,47,51
820,491,160,150,153
896,1,210,157,87
7,484,50,51,52
731,144,41,47,47
1037,362,49,47,52
192,83,162,158,176
455,172,43,45,45
45,407,45,45,47
1003,8,126,92,71
229,106,35,35,40
633,18,52,48,52
147,35,144,129,153
1112,160,238,236,253
323,309,43,43,46
1043,367,47,48,54
364,24,34,26,28
170,365,42,41,47
371,485,57,58,54
220,464,52,49,51
782,77,48,45,51
846,170,48,48,50
936,94,47,47,51
35,265,35,31,34
146,314,37,35,37
717,374,43,47,49
130,391,41,44,46
1149,71,235,232,247
11,387,46,44,47
319,350,44,43,47
1199,338,240,237,252
925,377,46,47,48
1001,22,122,94,68
458,144,43,46,46
694,442,45,43,48
51,489,87,81,71
111,458,48,46,50
574,129,45,44,49
976,247,44,48,50
596,493,177,179,188
1032,491,49,46,52
810,287,48,47,50
78,239,54,50,57
1055,427,48,50,54
220,299,44,43,44
271,168,187,182,201
591,43,48,45,47
48,351,41,41,42
550,390,41,41,44
96,191,250,246,255
838,390,46,48,47
30,422,59,55,55
1052,478,50,49,54
830,380,44,44,48
904,33,95,87,77
203,140,36,33,38
698,446,43,46,48
320,403,41,44,46
29,394,44,42,48
605,60,46,42,47
452,419,54,58,56
1040,249,51,47,53
978,272,46,46,49
615,367,42,47,46
781,371,49,46,48
1090,228,249,252,252
278,366,42,43,45
523,404,41,42,44
370,211,204,200,225
818,472,118,113,103
927,53,98,93,86
873,20,98,96,90
265,203,181,179,197
784,410,44,46,48
1142,208,233,231,246
798,92,50,45,51
966,56,74,62,56
1120,99,230,227,243
153,382,43,44,41
794,205,53,56,59
591,158,45,44,49
296,179,190,186,206
626,402,40,43,44
256,375,40,45,45
888,70,45,49,53
200,296,36,40,44
644,104,42,44,48
971,148,51,48,53
147,343,40,36,41
738,71,45,45,50
742,55,44,45,49
721,457,85,77,65
244,18,198,188,210
117,207,216,212,240
602,69,42,45,47
192,127,39,39,46
299,52,38,36,40
453,167,42,44,49
169,495,43,49,48
528,246,213,218,234
900,328,45,47,48
426,456,156,145,143
695,134,49,47,49
962,438,52,45,72
302,277,41,43,46
167,159,38,39,43
268,256,196,195,215
567,247,231,232,255
1046,217,45,49,53
508,40,81,62,52
211,104,48,48,55
100,45,32,32,34
1104,459,230,231,247
849,480,166,156,102
310,31,51,45,52
1167,330,239,236,248
1100,71,236,234,252
835,153,46,45,52
406,284,42,45,47
338,482,140,138,151
531,132,48,44,48
920,85,48,49,51
1112,236,232,230,247
160,299,36,36,40
489,418,45,42,46
580,180,214,215,234
72,495,47,46,50
85,380,45,42,45
1152,114,234,234,250
944,73,90,87,79
287,485,69,67,56
1044,484,47,48,52
82,443,47,47,47
276,423,44,43,45
41,349,43,43,44
1053,92,61,58,59
679,386,46,45,49
889,270,223,227,250
952,86,49,45,52
682,473,109,80,61
184,378,41,42,45
847,294,43,46,47
696,380,45,45,45
863,350,46,46,50
1018,222,51,46,54
458,423,49,49,51
842,2,97,93,91
476,78,40,42,44
760,465,132,133,110
417,425,45,42,47
240,276,203,203,227
276,178,184,182,202
867,37,98,94,89
34,306,37,38,38
46,101,57,35,41
679,474,110,82,56
1061,53,100,94,96
1064,148,49,49,54
1175,453,237,236,250
10,430,53,51,54
190,264,203,201,222
162,31,169,151,174
667,18,47,48,51
568,53,43,44,48
68,187,30,29,32
1171,419,230,231,248
623,239,229,230,255
111,303,37,31,35
1114,493,231,228,246
431,484,21,23,21
246,490,61,57,49
423,35,33,32,34
648,439,45,43,45
78,448,48,47,51
221,351,40,44,45
373,76,33,25,26
561,175,51,49,56
958,490,48,48,52
787,60,44,47,51
650,62,45,45,48
639,410,43,44,45
580,325,44,44,47
1072,184,57,52,58
436,142,44,42,45
1075,164,54,53,57
671,40,47,46,50
949,354,47,46,50
909,385,44,46,48
692,268,48,46,47
243,127,28,26,24
534,368,41,38,44
380,363,44,42,47
771,245,239,236,255
1158,462,237,232,247
273,62,49,46,51
845,303,46,46,49
347,215,202,199,220
841,268,47,49,53
1014,41,102,82,65
236,411,45,44,47
667,337,45,45,45
1113,386,233,232,251
616,303,46,44,48
437,223,227,226,249
785,431,44,46,48
963,304,46,46,51
114,441,56,56,55
696,78,46,46,48
481,54,44,44,42
68,52,127,114,127
300,25,45,48,51
226,77,112,114,129
834,133,46,47,50
320,198,193,193,213
195,81,194,189,214
153,404,42,45,48
594,159,45,46,47
605,26,46,49,49
808,39,52,50,55
214,108,38,42,47
572,52,43,44,46
785,220,240,238,255
70,83,142,42,47
890,35,112,106,103
499,291,47,46,50
30,37,232,228,252
373,67,29,27,28
202,284,73,70,96
974,370,47,46,52
1116,127,230,229,245
1058,151,52,49,54
62,287,37,31,35
105,193,197,199,223
1102,3,243,243,255
680,290,50,47,49
1152,407,232,231,245
836,495,154,148,121
360,383,43,42,49
651,382,47,45,47
600,205,142,128,126
121,345,38,35,39
381,357,41,42,45
501,319,43,44,46
1098,297,238,235,255
631,481,187,189,207
984,292,49,48,50
1079,95,242,243,252
632,412,43,44,47
1191,430,237,234,252
323,301,41,43,46
278,144,32,30,33
1110,48,232,231,247
330,286,40,46,47
1001,467,46,47,52
627,406,44,46,45
760,390,42,43,49
191,100,124,125,144
1009,120,48,45,55
292,149,33,28,31
908,349,43,46,50
975,365,50,47,50
702,448,43,45,46
989,263,45,47,51
534,289,46,47,47
731,436,49,42,49
1131,96,226,223,240
648,465,96,101,127
302,100,34,28,31
405,184,128,123,130
334,250,208,205,228
1041,361,47,48,53
396,246,88,86,106
74,83,149,25,32
707,107,45,46,47
219,265,204,204,222
414,471,115,108,105
835,11,92,92,84
158,84,160,146,167
1041,499,50,48,54
59,425,64,63,55
359,369,45,43,45
698,327,45,45,46
1088,100,156,158,168
1166,56,238,235,252
936,121,45,48,50
786,273,237,236,255
165,128,111,122,136
177,343,45,39,45
239,87,44,49,54
201,9,156,29,39
1061,215,46,49,53
70,66,177,183,198
55,81,106,100,109
874,452,46,46,50
1179,276,236,233,250
471,457,180,183,200
552,85,40,44,47
439,440,21,20,19
418,86,37,37,38
1037,312,49,49,54
130,14,187,185,207
1147,47,235,233,248
231,329,42,41,47
1187,68,238,236,253
861,366,43,45,46
0,261,29,32,30
1033,436,48,48,50
1033,338,50,47,54
103,229,199,199,224
840,81,49,48,50
782,367,46,46,49
611,12,48,48,50
741,170,51,46,52
739,277,49,47,49
537,183,226,223,248
799,126,45,45,51
783,158,45,47,49
352,302,42,42,48
886,226,241,237,255
373,134,36,36,39
505,227,220,219,239
756,164,45,48,53
524,259,228,225,248
130,476,46,46,50
721,496,157,150,161
93,314,32,32,32
378,453,195,190,212
498,419,43,44,47
79,255,214,212,234
231,64,169,174,194
412,467,87,78,77
1179,231,239,234,252
74,478,98,83,83
790,10,50,50,52
337,24,36,31,34
570,256,236,231,255
1150,36,236,233,250
609,399,46,42,46
452,379,22,21,19
454,72,44,42,46
172,43,175,157,178
34,243,33,29,32
797,129,47,46,52
77,1,55,60,65
693,67,43,46,50
217,475,47,47,49
733,69,44,46,48
312,406,40,43,45
385,466,80,74,65
46,235,33,29,31
1088,392,251,250,255
170,379,38,42,46
153,256,209,208,230
522,179,221,220,243
1171,424,232,232,251
350,484,64,63,55
847,304,48,46,49
435,386,43,46,48
249,157,32,29,31
132,260,215,212,236
767,13,47,50,52
776,36,47,50,51
974,475,48,46,51
331,479,130,127,142
1062,234,51,50,56
283,64,37,36,39
921,69,75,69,62
952,188,49,48,51
727,483,157,148,161
900,159,47,48,50
105,328,32,32,34
348,222,204,203,225
1035,239,47,48,53
546,45,44,42,47
576,425,41,43,43
927,87,53,48,53
811,345,43,45,50
174,47,163,149,172
651,473,70,60,54
274,209,98,92,104
909,143,49,46,50
256,171,190,187,206
296,171,187,183,203
1157,364,232,235,249
732,162,44,48,49
67,446,50,49,52
959,176,46,47,51
1184,42,239,236,253
358,265,212,213,234
898,96,43,50,51
86,77,149,25,33
732,415,44,44,46
896,217,49,50,50
834,286,47,46,47
1087,400,246,246,242
431,168,42,44,48
907,303,46,44,52
710,43,47,48,47
145,33,146,128,150
811,172,45,47,51
807,269,80,79,131
682,145,46,47,48
647,10,49,50,52
949,401,42,46,47
798,67,48,46,49
407,308,42,45,44
667,240,52,52,54
870,244,87,73,66
285,242,196,193,214
772,339,47,46,51
610,107,39,45,49
560,306,43,44,46
723,345,39,43,47
354,373,41,43,45
368,171,49,47,50
137,265,215,209,236
882,8,90,83,75
1149,341,234,231,249
167,61,143,129,150
980,203,45,46,51
1,268,36,30,30
89,475,83,74,69
527,281,46,44,46
67,37,112,104,112
962,375,45,48,50
259,40,214,214,235
723,189,239,239,255
529,424,42,41,46
459,407,48,48,52
1174,315,236,236,250
1048,139,51,49,55
218,426,53,46,49
869,263,237,237,255
215,300,44,42,44
120,36,188,192,207
511,35,83,60,49
1167,92,241,237,251
994,247,48,47,52
772,449,49,46,51
753,26,48,49,51
1175,149,236,237,252
859,205,51,47,50
948,419,42,44,49
485,179,51,55,62
577,256,232,233,255
875,252,58,56,63
1076,282,244,243,255
382,104,36,34,32
550,261,231,231,255
381,326,44,42,46
1029,333,50,49,53
497,326,45,43,46
638,46,43,46,47
774,5,50,50,50
1073,477,54,54,55
275,229,191,188,207
671,113,43,46,48
352,480,65,62,58
1109,411,238,236,252
486,114,45,42,48
398,244,56,56,61
170,465,54,54,56
1134,124,225,225,242
813,122,46,48,53
1045,108,50,50,53
874,483,168,156,90
883,223,236,236,254
328,293,45,44,46
415,397,41,44,45
263,277,46,41,49
149,488,46,46,50
555,15,67,62,54
98,250,217,214,237
874,10,86,82,79
119,298,35,33,33
2,436,57,55,55
849,210,48,47,51
384,258,216,215,238
207,389,40,42,47
69,472,57,52,48
33,217,30,30,33
156,473,55,50,60
1185,101,237,237,253
1040,49,120,105,95
45,120,150,23,33
842,103,47,48,52
736,141,46,45,50
634,353,43,44,45
765,220,60,60,65
43,288,35,30,31
183,393,43,42,48
286,140,30,24,29
832,44,84,74,61
1189,436,234,235,248
588,404,42,44,45
1076,422,245,245,255
901,90,51,48,52
287,440,76,75,56
725,487,153,148,158
216,425,46,47,50
507,45,40,43,47
724,482,152,147,161
446,167,43,43,47
475,221,150,148,164
304,227,196,193,211
170,463,50,50,47
844,496,164,152,104
789,432,48,46,50
811,234,226,226,228
436,40,35,34,34
136,232,180,182,192
903,346,45,47,48
424,247,58,58,59
255,32,200,193,217
325,328,47,42,47
412,482,99,91,80
620,68,48,45,49
687,441,44,44,46
685,341,46,46,46
625,339,45,44,46
99,204,227,227,255
711,184,194,191,210
899,449,47,47,55
486,120,43,42,46
427,133,45,41,45
66,441,46,47,52
675,309,45,47,49
232,392,46,44,46
269,476,105,100,78
415,129,39,42,46
113,37,194,194,214
335,403,42,44,45
808,404,49,47,52
1157,143,238,232,252
430,226,226,223,245
895,242,241,239,255
1130,319,228,227,242
715,496,151,146,158
712,92,45,46,47
211,295,39,42,42
949,157,45,47,49
66,167,166,30,38
439,402,139,142,178
69,177,202,193,219
188,387,44,45,46
0,54,28,25,27
373,467,59,52,52
575,362,44,44,49
814,14,57,56,58
914,216,43,48,52
710,34,86,66,57
119,47,160,140,164
430,459,113,100,101
357,100,36,29,32
838,231,240,236,254
580,462,142,133,136
983,115,50,49,51
837,162,44,48,51
1037,429,50,48,51
967,338,46,49,52
466,121,37,41,45
246,128,35,26,29
485,263,208,208,226
610,334,42,43,46
334,5,98,94,109
250,445,59,56,49
425,143,43,42,43
501,337,40,42,43
39,400,46,46,48
534,247,223,227,245
606,478,173,170,177
925,375,46,46,49
1103,196,240,239,255
727,146,47,46,51
96,40,142,144,159
734,190,239,238,254
806,144,46,47,48
1090,207,86,78,76
723,468,147,140,156
421,234,222,221,243
41,247,34,33,32
60,422,59,56,53
126,1,116,105,116
46,480,49,48,49
1003,338,48,47,53
312,334,42,43,45
563,446,150,148,152
610,32,45,45,47
235,138,32,25,27
413,172,41,44,46
298,330,45,43,47
452,420,58,59,62
313,372,43,41,45
1131,79,227,224,241
445,470,141,126,124
316,460,132,120,110
64,488,50,48,51
467,430,137,134,122
905,412,44,45,48
675,60,43,46,48
561,309,40,45,47
367,477,64,58,54
3,13,225,225,247
386,32,40,29,32
217,484,63,59,51
781,412,71,69,108
794,415,85,97,130
865,498,103,111,69
682,244,49,49,52
882,155,47,46,52
963,200,47,48,51
292,43,48,47,52
704,91,44,45,49
1051,236,48,49,54
705,133,42,46,51
929,158,47,48,53
523,378,38,42,43
37,339,39,39,42
843,307,42,47,51
5,93,131,70,80
333,357,37,44,46
386,495,84,76,56
387,416,41,42,45
274,205,144,142,162
270,460,87,84,53
670,336,45,44,49
402,295,45,43,46
916,22,211,155,93
726,28,55,51,53
423,260,225,224,248
1182,417,236,234,250
904,113,46,45,53
85,63,194,191,212
995,134,49,48,53
267,271,46,43,48
46,397,45,44,48
792,467,62,56,54
458,302,50,50,51
514,59,62,56,58
590,133,40,44,49
248,125,31,26,32
282,228,188,186,207
916,168,48,46,51
965,498,49,51,54
192,416,42,44,48
302,474,131,121,97
24,424,55,52,54
66,5,229,227,250
362,129,34,33,35
1117,23,236,232,250
1042,447,52,47,51
468,443,175,180,197
943,80,44,49,49
700,7,53,49,52
543,432,46,44,45
455,148,46,44,45
7,420,51,52,50
1120,431,231,231,243
561,86,46,42,47
409,271,225,225,245
712,133,45,46,48
345,236,200,202,221
937,460,47,49,51
1114,56,232,230,249
916,316,47,46,51
858,118,47,46,50
62,373,41,41,41
671,285,46,45,49
921,152,46,48,52
776,492,164,161,173
667,334,47,47,48
796,145,46,46,50
1150,247,233,232,247
483,459,172,174,193
172,78,159,150,167
293,72,38,29,32
459,476,186,188,210
273,262,203,200,223
68,351,40,40,43
590,399,44,41,45
1125,67,228,226,243
85,483,46,47,51
833,113,47,48,47
1112,436,231,229,247
1160,90,238,235,253
392,499,87,76,55
109,438,64,65,64
689,314,41,46,47
428,36,34,32,32
822,416,64,51,100
776,335,48,47,49
69,326,38,36,37
49,190,97,67,68
670,270,44,46,49
1054,233,47,47,52
545,286,44,44,47
543,339,41,41,45
338,199,194,196,213
951,386,42,45,49
236,172,186,181,200
71,133,157,33,50
4,284,32,31,37
670,349,39,44,47
684,241,54,50,59
800,44,50,51,54
139,415,44,44,46
702,327,46,46,49
679,139,45,47,49
236,121,31,29,25
396,348,43,42,45
808,318,46,46,48
626,348,44,43,44
564,318,41,41,45
601,93,40,43,47
16,344,46,41,43
617,168,41,45,47
860,127,46,45,52
317,328,43,44,48
588,393,42,42,46
21,18,226,223,248
821,208,51,51,57
1104,140,241,235,255
1041,327,46,48,52
12,141,162,26,35
500,294,44,44,48
752,104,47,46,48
1019,315,48,50,53
614,350,43,45,46
498,94,40,41,48
647,354,45,44,49
860,397,47,46,47
879,353,47,47,51
609,206,90,78,73
1174,107,238,235,250
16,362,43,43,46
389,151,36,40,43
561,25,48,46,50
639,51,44,47,45
611,305,45,45,47
899,404,47,46,51
1123,480,226,225,240
742,303,45,46,47
987,349,43,46,49
305,303,41,43,45
992,157,47,48,53
198,3,156,30,41
145,382,46,44,45
639,197,235,236,252
48,190,107,89,92
377,142,40,39,41
999,151,45,46,54
206,466,48,46,48
957,209,51,48,51
453,176,44,45,48
831,443,47,46,49
241,201,159,160,171
671,448,43,44,47
703,391,43,44,45
648,71,44,43,48
471,175,38,45,49
988,350,45,47,50
963,173,44,48,47
497,402,42,43,45
635,457,191,192,214
254,4,182,172,195
949,330,45,44,49
509,385,40,42,43
1174,347,238,237,254
806,387,46,45,50
145,351,41,40,41
1083,349,248,249,255
816,193,46,49,51
974,138,47,48,51
172,449,48,50,50
187,312,38,40,42
396,87,33,34,37
358,171,56,48,62
385,493,100,92,84
600,151,45,46,49
41,188,114,108,107
43,381,46,46,44
480,423,47,43,50
843,364,46,45,48
449,486,174,182,199
308,174,185,185,204
157,227,198,194,217
966,370,45,48,49
286,197,194,189,208
92,283,36,32,33
1125,34,233,228,243
1149,304,232,228,244
479,259,189,185,200
986,310,47,46,51
1176,394,237,235,250
820,440,45,49,47
908,71,49,48,52
836,189,44,48,50
733,438,41,46,47
777,30,48,52,51
649,317,44,44,46
743,195,241,235,254
942,275,46,47,53
494,235,94,82,82
98,33,169,168,190
783,412,48,47,54
568,8,92,79,60
8,271,33,31,30
1110,269,233,233,246
1090,267,236,237,249
751,462,98,93,69
1094,204,242,238,255
115,253,212,211,235
353,83,34,21,26
159,303,32,35,39
735,205,244,237,255
812,275,46,52,52
535,58,47,43,47
209,151,32,26,31
971,349,47,46,53
202,119,36,37,42
1050,95,48,51,54
727,480,156,151,163
449,392,19,20,20
110,385,43,41,46
840,391,50,47,50
801,7,50,50,53
885,84,48,48,51
740,450,47,46,50
669,115,44,44,46
153,15,157,137,160
342,284,43,45,46
1039,366,47,49,54
255,96,38,32,40
1009,40,103,81,61
500,478,102,94,60
857,284,47,48,51
790,191,50,48,49
913,451,52,49,51
286,372,44,44,46
1138,173,231,229,245
884,410,45,47,51
648,255,44,44,49
333,176,189,188,208
897,137,50,46,52
89,446,47,48,49
504,67,68,67,71
299,434,60,58,52
962,201,50,47,53
899,439,55,50,57
243,407,44,42,46
439,216,221,225,244
261,434,65,68,52
645,345,46,45,50
716,31,214,155,83
571,340,43,45,44
276,461,88,82,54
1139,311,230,230,243
776,416,50,47,51
1073,359,237,239,224
909,384,45,47,49
821,188,49,50,56
688,370,41,45,45
1116,175,235,232,249
968,84,48,48,52
1071,84,83,77,78
260,398,48,43,48
679,332,44,44,49
645,405,44,44,46
928,310,43,46,51
1114,274,232,230,248
369,47,34,25,24
760,5,53,49,53
483,335,44,45,46
633,403,38,43,44
580,403,43,42,45
1001,453,47,48,50
595,102,45,43,48
992,496,50,50,54
718,358,43,46,48
553,294,40,43,46
633,80,45,45,49
544,448,138,133,147
903,199,49,47,53
193,309,41,40,42
152,98,156,142,166
183,44,181,164,186
933,206,44,49,51
623,183,80,73,84
432,421,49,46,50
814,322,44,43,49
40,342,43,39,43
1056,182,50,50,55
404,166,44,42,47
671,483,108,82,59
805,323,45,47,48
1045,385,50,50,52
891,213,47,48,54
783,234,113,105,129
882,469,47,47,52
906,105,46,47,49
401,81,36,32,34
248,193,187,183,205
918,459,49,50,54
321,66,31,24,25
460,45,44,37,45
67,277,39,31,33
1167,265,237,236,251
1179,324,235,232,248
218,302,39,42,46
654,227,238,235,255
600,169,47,46,47
1112,459,230,227,248
1032,184,49,48,54
705,351,45,44,49
1195,28,239,236,253
506,49,44,42,47
160,356,43,42,44
1176,341,233,235,251
233,352,46,43,46
81,290,34,31,31
143,74,164,149,172
76,2,60,60,62
880,47,101,99,99
1000,58,102,87,68
991,367,47,48,50
635,496,146,140,152
131,120,197,183,202
367,390,42,44,46
1169,133,238,236,252
1017,238,47,48,50
837,61,50,49,52
181,1,154,31,52
1161,139,235,234,250
296,161,43,36,36
904,42,84,81,75
1096,217,246,246,255
848,429,47,48,51
758,138,46,45,50
786,103,46,46,48
7,352,44,43,47
889,43,100,97,96
420,278,48,46,53
677,182,235,238,255
833,358,45,45,49
926,325,47,47,51
864,6,94,92,89
1020,399,47,47,52
548,450,155,156,165
1038,14,107,86,65
1135,386,232,229,244
124,307,37,33,34
519,495,103,98,75
887,488,177,159,106
80,462,59,50,50
364,192,200,197,219
375,256,216,215,238
283,167,187,184,202
169,352,41,41,43
820,396,45,45,51
963,345,45,46,47
585,205,201,204,202
1160,25,238,236,250
643,234,176,176,205
738,331,47,47,50
503,434,175,174,194
860,36,97,94,89
931,130,47,45,52
666,93,44,45,49
790,384,43,44,52
230,43,38,32,34
1080,50,56,57,63
455,155,44,45,47
897,39,92,83,83
535,29,69,59,48
30,266,27,23,26
891,361,50,47,50
363,236,198,203,216
679,278,47,46,46
62,145,171,104,131
636,390,44,44,47
566,168,48,45,48
222,350,44,43,46
810,128,49,47,51
510,217,220,216,242
1138,246,229,226,241
40,190,119,122,131
904,20,121,107,97
135,19,188,187,208
1073,429,246,242,255
1049,407,49,49,53
958,60,56,52,56
157,355,40,40,46
211,279,210,208,231
455,233,231,230,253
495,30,82,59,51
508,75,16,15,15
95,176,209,205,219
612,493,154,153,164
749,110,44,47,49
446,417,9,14,19
429,421,43,44,49
950,383,42,47,50
541,107,45,45,44
999,152,46,49,49
1189,35,239,237,250
868,331,45,48,49
828,100,45,46,49
531,350,41,42,47
993,168,49,48,51
915,7,118,77,62
302,253,203,199,223
1160,248,240,236,250
1047,479,45,48,53
1176,287,237,237,251
114,344,36,37,41
696,495,130,102,70
728,223,60,60,66
618,190,237,235,255
22,456,49,48,54
705,82,45,47,47
17,479,49,50,49
1125,55,229,226,242
709,425,45,42,46
768,441,45,45,52
866,151,46,44,48
614,290,43,43,46
1039,155,47,50,53
158,225,200,197,216
924,139,48,48,53
1152,194,237,233,249
410,352,44,47,45
623,359,43,42,45
774,112,46,47,51
214,56,97,82,105
1189,313,239,237,251
929,365,48,48,50
1062,184,49,51,53
585,341,46,43,49
603,260,48,48,49
1151,162,235,231,251
49,337,36,39,38
827,344,47,46,50
693,235,238,238,255
391,355,46,46,45
12,326,38,37,44
618,319,43,45,47
99,416,48,47,48
215,472,41,46,48
221,338,39,42,45
57,199,135,134,141
394,491,73,62,51
1166,114,238,233,252
883,297,45,46,52
976,206,40,48,51
979,138,48,47,53
624,416,45,43,45
39,17,104,88,97
325,278,43,43,48
884,104,48,46,50
1084,324,250,248,255
544,242,227,228,250
854,366,46,46,50
163,390,41,43,46
885,340,44,47,49
230,369,43,45,45
454,61,41,41,43
761,214,242,242,255
904,305,44,45,49
677,345,46,44,48
540,126,44,44,47
850,152,46,48,52
457,265,238,235,255
418,13,37,31,30
378,367,39,45,48
199,403,43,43,46
822,236,199,197,180
965,296,44,47,49
896,230,239,237,255
165,325,40,38,41
650,469,63,57,55
477,415,45,43,48
437,375,45,47,48
243,257,199,194,215
1152,179,235,232,249
2,366,46,45,48
599,483,185,185,199
216,76,139,141,155
956,426,48,45,52
810,207,52,54,57
562,193,230,227,252
875,31,109,107,103
473,410,43,42,46
1070,303,53,53,61
693,404,43,44,46
291,397,45,42,45
389,20,67,51,46
485,171,50,46,49
170,372,44,42,43
980,66,94,83,72
664,290,41,45,47
411,483,84,73,62
987,425,44,47,48
670,488,104,78,58
309,38,42,43,45
502,22,78,60,48
661,312,48,46,46
918,322,46,46,51
336,409,44,44,44
910,350,40,46,48
722,452,44,44,49
1059,374,55,50,55
1006,437,48,49,50
693,300,42,44,49
447,482,179,177,188
215,411,47,44,47
0,248,37,29,33
476,157,47,44,47
336,367,45,43,47
970,223,48,46,52
729,247,239,237,255
1186,227,237,236,252
231,170,189,185,204
507,358,46,40,47
545,402,44,41,43
983,287,43,46,49
109,80,152,136,157
914,129,49,49,52
481,33,72,57,48
499,174,49,49,50
980,145,49,48,53
563,158,43,45,46
1191,436,239,238,253
112,225,198,198,221
176,274,211,208,229
98,423,152,152,161
476,152,46,44,48
196,302,43,41,43
628,91,45,44,49
497,420,44,43,48
392,476,53,52,49
779,86,45,47,50
554,485,125,117,102
381,107,37,36,35
744,136,46,44,51
462,361,49,54,53
55,320,36,34,34
129,226,199,192,212
956,308,44,45,50
847,258,243,238,255
92,239,219,218,242
595,40,48,46,48
789,307,46,45,50
836,102,46,47,49
599,83,47,43,48
714,489,149,143,155
1139,131,230,229,243
941,109,48,49,50
1010,120,48,48,53
885,133,47,48,51
612,242,237,236,255
724,374,44,45,46
500,377,42,42,45
596,452,173,169,183
1145,161,231,230,248
89,266,41,36,40
592,228,234,234,255
186,232,168,174,181
287,250,196,195,216
189,219,190,190,205
892,239,242,237,255
714,349,44,45,47
684,162,48,46,50
14,161,172,31,40
740,477,104,100,100
925,6,200,173,142
176,249,203,200,222
422,331,45,43,45
340,59,30,27,27
886,93,48,47,53
306,394,44,41,48
617,21,49,49,53
1133,250,229,225,244
373,57,33,23,29
1118,402,233,230,247
633,201,234,234,255
776,340,43,45,50
796,276,46,50,51
13,284,36,34,33
215,284,96,100,125
1095,441,237,237,255
574,431,42,42,44
66,118,153,25,33
876,349,50,46,48
487,374,39,42,44
616,471,180,178,184
369,156,38,40,41
352,167,43,40,44
300,217,192,190,213
651,182,235,234,255
442,350,47,44,47
606,180,53,51,56
266,385,45,42,47
126,343,34,36,40
1024,44,101,78,61
160,452,47,48,53
1123,51,232,229,243
839,159,47,48,49
326,417,42,42,44
1035,401,44,47,52
399,474,50,50,51
472,20,81,61,46
997,332,47,48,50
293,193,188,187,205
850,140,47,47,50
900,469,45,48,51
842,269,49,50,51
191,387,42,42,46
544,12,78,66,54
699,268,48,47,49
443,434,26,18,18
109,342,38,35,35
517,367,39,41,44
246,151,35,27,31
1048,31,107,83,66
707,214,139,138,179
677,55,42,44,49
983,411,50,47,47
1136,365,229,228,243
929,285,45,47,47
58,400,48,44,48
1003,357,49,46,49
446,313,48,43,49
239,133,33,25,27
449,344,44,46,50
776,16,48,50,52
1034,479,51,49,52
946,115,45,47,51
158,204,191,188,208
178,62,161,149,170
512,414,42,42,44
893,120,47,48,52
1107,437,232,230,250
549,305,46,44,46
1151,443,230,231,245
706,374,43,45,50
758,452,47,46,47
169,375,42,43,44
409,360,44,44,48
1033,225,47,49,49
895,36,98,91,94
523,348,43,42,45
713,265,49,47,52
1066,123,51,51,54
443,37,48,42,41
654,313,43,45,51
955,223,50,49,53
592,328,41,43,46
474,147,42,46,45
1085,109,60,58,62
583,449,139,129,137
77,19,98,95,105
906,253,233,234,255
1140,37,233,229,247
781,327,43,45,48
1092,316,248,246,254
87,452,47,49,51
68,283,37,30,34
535,242,221,228,250
398,42,31,26,30
748,282,47,48,52
254,261,197,196,218
93,108,158,29,36
895,22,87,81,76
348,248,189,184,201
65,441,45,46,48
407,425,43,44,47
834,146,43,48,51
193,106,105,106,123
666,120,45,45,48
93,252,217,216,240
244,204,103,106,129
143,216,196,192,213
844,435,44,44,48
112,327,32,35,37
397,59,30,28,30
671,159,48,45,48
550,113,48,43,46
769,216,239,241,255
363,191,198,197,218
608,186,236,231,254
1070,373,52,51,56
597,116,48,44,49
667,109,45,44,46
770,66,47,47,52
445,284,46,46,49
483,48,43,42,45
259,101,33,29,31
984,174,49,47,53
111,414,44,42,47
619,89,49,43,48
613,411,42,43,47
724,293,48,48,50
188,429,47,45,51
1027,182,49,48,53
449,381,17,24,29
786,216,243,240,255
1032,393,47,46,53
112,110,159,31,39
681,380,45,44,47
417,301,45,47,48
372,414,43,43,48
796,160,47,49,51
1101,37,244,237,255
723,416,45,42,47
553,452,140,135,145
78,91,152,24,34
1038,482,48,48,56
1019,296,49,47,53
424,285,41,45,49
966,82,49,49,52
289,341,42,42,46
831,308,51,48,52
975,226,42,46,49
665,80,44,45,48
39,86,190,189,209
668,313,43,45,52
300,63,34,30,31
825,216,239,237,255
871,46,100,95,93
463,364,59,59,63
721,152,44,46,50
645,373,45,45,46
281,491,83,75,58
547,81,42,42,47
445,45,33,36,39
43,32,227,228,251
726,124,45,45,48
91,422,65,64,54
975,140,47,50,52
1185,184,242,238,255
360,192,197,197,215
995,410,50,47,50
13,109,144,23,30
316,433,65,64,51
330,224,197,195,216
1126,41,233,230,246
1072,348,141,132,66
1010,325,48,47,50
753,253,239,236,255
877,176,47,45,51
755,252,238,239,255
969,404,48,48,52
430,237,226,224,248
1046,447,47,49,51
623,14,49,47,49
879,434,52,45,52
565,485,161,156,159
336,414,40,41,44
358,39,43,28,27
749,376,43,45,47
1071,346,65,55,52
76,303,35,33,35
849,59,58,54,55
988,23,112,84,64
560,308,43,42,45
394,225,214,212,237
260,116,29,26,25
120,166,229,230,250
646,15,53,49,54
549,345,39,41,43
887,150,48,48,51
0,46,216,224,235
236,453,60,62,53
143,98,142,132,149
1009,494,46,48,51
1054,198,43,50,52
118,3,116,107,117
274,110,32,24,28
567,330,40,44,48
749,326,45,47,49
657,260,43,44,49
567,323,40,43,47
745,450,48,47,52
1113,125,231,230,246
532,293,45,44,51
79,417,63,63,55
1122,249,232,226,242
296,441,55,55,48
667,445,46,44,47
337,263,212,214,233
284,451,67,68,51
93,125,158,31,36
132,466,48,47,52
595,433,44,43,46
900,137,49,47,51
441,408,45,45,58
1120,75,225,225,245
434,419,47,48,51
891,404,47,46,50
222,220,194,188,201
442,236,225,225,247
532,352,46,44,49
33,10,226,224,249
678,305,46,44,47
259,48,171,172,190
280,409,44,41,43
563,256,230,231,254
259,328,48,45,46
173,353,45,42,46
587,98,44,45,46
990,275,45,47,51
14,86,126,117,123
823,199,49,49,52
809,396,48,46,48
776,30,48,50,53
899,191,47,47,50
365,184,201,199,217
561,483,147,138,127
778,77,46,49,50
157,211,194,189,210
620,167,45,45,48
996,321,47,46,48
843,69,45,48,51
605,456,175,181,197
725,446,48,46,47
978,247,47,47,48
1091,151,98,95,164
176,499,46,45,46
1161,288,238,234,251
1178,129,239,236,253
629,33,46,44,49
895,1,191,151,91
468,375,45,49,50
138,413,44,44,48
102,251,216,214,239
668,352,43,43,49
374,391,40,43,46
949,403,45,46,51
296,348,41,43,45
270,127,32,27,32
894,60,104,100,96
407,433,45,46,48
426,463,151,113,95
355,401,45,43,46
894,240,243,239,255
1141,262,232,229,247
541,382,39,42,42
67,328,36,34,37
447,124,40,44,45
513,391,40,42,44
937,304,46,45,49
972,378,46,45,50
779,216,241,240,255
467,114,44,42,45
953,108,48,47,49
273,474,100,93,67
534,192,223,222,243
924,240,45,46,51
895,192,47,48,51
1096,411,243,241,255
972,283,45,46,49
1163,382,236,232,248
60,51,111,103,112
90,145,163,32,40
191,169,60,51,62
721,183,54,54,59
821,276,47,47,50
507,26,88,64,49
1029,298,47,46,51
360,14,42,33,31
719,237,240,239,255
116,457,48,48,50
798,42,48,49,51
745,135,45,43,49
887,323,46,46,48
249,272,201,199,222
709,137,47,46,49
1059,315,50,48,53
778,441,46,46,50
807,44,51,51,52
877,280,46,47,51
833,423,49,46,51
812,419,59,49,77
1167,367,236,233,253
977,152,44,47,52
597,16,50,47,51
950,82,53,49,52
646,168,49,47,49
1125,381,231,229,247
65,155,161,30,42
1127,347,227,228,244
407,248,225,221,240
76,78,140,39,50
838,275,47,49,49
135,2,74,67,82
1111,170,234,233,249
799,481,154,152,169
922,60,81,75,66
1049,336,46,49,51
852,414,55,55,58
965,381,50,48,51
693,31,47,49,54
669,264,43,44,48
490,264,213,213,232
321,241,200,200,221
1122,151,230,228,244
16,356,46,41,45
163,205,42,35,43
741,392,46,44,53
637,208,234,232,255
938,225,46,47,53
259,112,32,26,31
416,385,42,44,45
565,358,44,45,47
54,38,120,105,123
946,306,45,46,49
332,359,43,42,46
228,338,41,42,43
223,300,42,42,48
102,0,72,63,76
583,425,42,44,47
1172,198,240,234,252
1066,198,50,52,56
40,66,114,105,115
605,186,231,229,255
1041,3,100,77,65
919,56,79,74,66
407,31,39,31,34
530,225,225,226,251
260,114,34,26,29
680,173,45,47,50
1071,121,52,51,57
1046,205,51,48,55
880,198,47,45,49
220,281,205,202,224
380,202,146,144,161
846,322,48,47,51
496,148,18,18,21
17,149,168,30,40
699,141,46,44,50
72,64,182,183,202
691,440,43,44,46
445,468,135,117,113
803,123,50,46,50
610,75,42,44,48
917,19,106,73,63
229,390,45,43,48
305,363,45,44,47
609,161,44,47,46
890,123,46,48,50
565,360,43,44,44
950,226,46,45,49
610,68,42,45,49
184,396,41,43,47
278,396,43,44,47
168,123,111,118,134
585,181,233,234,255
285,131,33,27,30
113,211,212,211,237
94,458,49,50,50
623,350,43,43,46
946,254,47,46,48
260,452,70,68,53
436,261,232,229,251
232,214,186,182,203
576,183,235,231,253
925,430,82,81,128
587,57,41,46,49
529,362,42,42,44
733,311,42,43,46
398,91,35,35,39
1187,459,234,235,248
648,227,237,239,255
233,279,206,204,226
1038,205,50,51,57
555,45,43,44,47
669,174,46,51,55
1119,5,234,231,249
651,336,41,43,45
899,85,48,47,50
1170,244,237,236,253
321,250,204,203,224
752,321,44,46,48
664,111,47,46,52
206,189,189,184,203
1175,127,242,236,254
257,438,57,56,50
874,114,46,48,48
848,468,49,48,52
1127,285,231,227,244
644,465,183,195,215
230,274,205,201,225
773,82,51,49,52
906,336,43,48,49
950,295,46,45,51
25,259,34,28,28
1124,477,226,222,240
519,466,158,155,168
574,367,41,44,44
962,124,45,48,51
1006,44,112,86,63
493,465,162,163,168
725,418,46,46,49
1166,102,238,235,252
890,184,47,47,52
595,376,43,43,45
1102,436,236,235,254
143,481,45,47,48
1046,122,51,48,55
350,199,198,201,223
991,426,50,47,51
698,340,41,45,46
749,14,46,50,53
551,126,47,45,48
256,22,189,186,198
934,208,45,46,52
44,40,113,112,123
414,434,49,46,50
80,205,241,240,254
1199,354,242,237,252
1191,197,240,237,254
163,21,161,143,167
293,494,48,46,47
940,186,45,48,50
195,214,188,185,208
356,44,36,24,28
690,311,45,46,52
1036,405,45,48,51
831,312,47,46,49
1027,446,47,47,52
228,253,199,198,220
522,241,222,224,244
381,33,35,28,29
1116,57,231,228,244
982,48,88,67,58
406,229,219,218,243
567,362,42,43,45
559,435,52,46,46
560,110,42,45,44
303,147,34,30,31
1001,349,48,49,49
1031,318,46,48,54
1135,12,229,226,246
232,66,189,194,211
278,480,51,51,50
877,379,46,46,52
407,341,45,43,45
720,264,48,50,54
489,301,41,44,46
230,327,44,43,47
1073,495,244,242,254
197,323,44,42,46
595,82,40,43,46
530,499,121,115,106
173,47,164,150,170
233,240,78,70,85
742,184,55,51,52
76,370,43,43,45
719,481,155,147,159
621,477,177,175,191
340,425,44,45,44
453,444,173,173,189
566,478,117,107,87
317,359,43,44,47
1192,236,239,237,254
414,178,44,45,48
635,247,43,46,49
898,105,47,46,50
441,262,235,235,254
835,412,46,47,51
13,199,22,18,25
458,131,43,41,45
799,39,52,51,55
299,46,38,42,46
583,269,232,231,254
238,224,69,49,71
270,39,179,183,197
114,86,150,133,158
471,82,36,42,44
518,179,215,219,239
891,191,45,47,52
562,412,43,43,48
271,76,40,37,43
840,11,97,93,87
291,122,29,27,27
471,344,50,50,54
63,489,48,47,52
110,184,170,165,193
90,97,154,25,35
529,47,43,43,47
298,433,74,71,54
290,50,41,46,47
281,427,83,81,58
536,499,146,137,121
794,482,155,148,160
72,232,48,54,57
254,270,166,168,185
948,311,43,44,51
129,74,158,143,165
19,469,46,48,51
1189,466,237,236,249
837,151,47,48,51
1132,113,231,229,244
655,216,238,236,255
449,276,213,213,247
1182,284,239,236,254
356,349,45,44,45
1106,83,234,233,249
829,320,48,46,49
1188,99,239,236,253
186,441,49,45,49
230,215,190,184,205
170,374,40,46,46
82,206,241,242,255
1080,159,240,241,254
447,26,55,43,39
632,25,49,50,53
85,28,109,103,113
269,446,58,57,52
462,21,100,74,54
111,79,144,127,147
847,207,49,50,51
100,368,42,39,42
1012,459,47,48,50
974,17,104,78,63
350,15,42,36,36
856,265,214,213,240
460,473,183,185,205
384,271,137,143,177
513,458,162,162,176
648,121,43,45,47
145,174,213,213,236
804,132,46,47,50
812,340,37,47,49
1142,109,232,228,246
445,329,44,43,47
361,472,78,70,62
56,328,38,34,37
489,488,112,100,56
419,434,43,45,46
527,270,49,49,54
319,111,32,25,26
1020,423,49,46,50
892,106,47,48,51
854,102,48,47,49
912,476,57,56,58
575,237,234,232,255
951,46,123,94,72
528,169,44,46,51
410,260,227,228,248
141,37,130,116,136
879,133,43,48,51
1194,1,238,236,252
203,252,200,197,218
238,463,86,85,57
917,277,47,47,49
967,262,45,48,52
903,264,239,237,255
1076,42,82,76,85
813,282,46,45,51
274,93,37,28,31
1020,261,48,49,52
36,363,43,43,48
928,53,97,92,85
792,331,42,45,49
663,332,43,44,48
845,315,45,46,50
992,30,118,91,70
1193,377,236,237,250
237,363,44,43,48
609,299,45,46,46
97,221,211,209,236
633,340,43,44,45
938,276,45,46,50
1015,300,49,45,52
871,77,47,47,49
58,53,111,102,110
934,233,48,47,52
804,291,47,47,48
1146,13,233,232,248
217,44,204,188,211
790,488,160,155,176
694,19,49,49,53
112,260,213,212,237
906,133,48,47,49
140,452,48,49,50
19,158,168,33,39
267,7,74,62,84
653,292,43,43,45
86,40,119,112,121
460,479,185,186,206
491,445,162,164,182
336,52,31,24,23
490,51,41,40,45
113,372,41,43,44
717,381,42,44,49
851,163,50,49,52
654,121,43,45,47
412,265,227,225,246
292,108,34,25,26
481,5,52,46,40
828,482,171,167,182
880,256,237,237,255
158,428,48,50,51
317,294,41,42,49
1092,80,68,66,71
946,8,129,90,74
820,88,49,47,51
450,280,49,48,52
1059,30,80,68,64
384,341,41,44,44
365,397,37,44,46
579,3,93,84,63
71,271,36,31,33
441,148,43,43,44
127,222,197,194,214
400,22,43,36,32
584,260,234,236,255
470,469,184,182,203
952,7,121,80,62
421,210,223,222,243
264,375,44,41,47
1114,15,238,233,249
926,288,45,47,50
554,452,136,130,140
592,151,46,44,47
0,479,52,48,49
138,482,68,67,55
13,496,73,66,55
483,446,174,180,198
489,229,198,196,213
115,384,44,42,47
1103,220,245,238,255
1083,299,53,54,58
926,114,47,47,49
854,284,47,48,48
486,401,42,42,43
395,327,42,45,47
901,414,46,49,50
675,293,46,46,49
603,257,48,47,52
614,61,43,44,45
20,402,44,44,48
799,445,47,47,53
794,126,45,48,52
752,112,48,46,52
486,86,42,42,43
156,117,37,27,32
480,187,49,49,52
696,44,45,47,49
792,25,52,50,54
693,321,48,45,48
1119,206,232,229,248
591,281,47,45,48
134,79,162,149,170
594,9,122,108,100
74,331,37,37,39
1181,312,238,236,250
253,350,44,43,47
701,140,52,54,55
125,310,33,29,33
598,114,45,46,48
841,31,87,82,74
709,459,132,115,90
1111,294,234,232,253
588,316,40,43,48
205,133,31,35,37
1050,454,49,50,51
205,343,45,42,43
552,376,38,42,43
17,117,151,20,34
59,219,109,105,115
929,193,47,48,54
191,235,195,191,211
492,326,42,40,47
911,126,48,48,55
258,145,35,26,31
965,491,48,48,51
1042,158,50,50,54
381,134,38,36,41
217,289,44,42,45
286,193,188,186,205
158,112,37,30,35
556,300,47,45,47
147,297,39,35,41
1163,50,240,235,253
496,95,44,42,45
228,352,45,42,45
698,287,44,47,49
390,314,47,45,46
578,158,43,44,49
788,79,48,45,50
907,255,242,238,255
555,366,40,43,43
775,235,84,74,96
115,411,44,44,47
223,152,33,29,34
803,319,45,48,51
949,322,47,45,48
237,64,216,215,236
924,6,173,129,94
532,417,42,42,48
222,338,44,43,46
1068,375,49,53,55
767,325,45,46,47
718,0,51,49,55
844,127,46,49,53
270,426,60,63,52
1159,175,240,236,250
79,240,54,51,62
991,407,48,47,51
805,319,44,46,49
935,485,49,49,51
504,319,42,43,46
149,307,33,32,35
647,189,239,237,255
605,330,41,45,45
868,349,43,46,49
699,378,42,44,45
54,56,111,105,115
1122,32,227,227,243
404,280,46,47,52
253,25,208,199,219
848,494,165,158,114
500,212,142,127,134
142,22,156,145,168
506,381,42,41,44
47,394,41,44,50
45,57,112,103,111
538,37,45,44,47
963,16,103,75,60
838,86,49,49,51
240,19,186,173,200
969,256,47,47,51
1019,5,107,84,62
542,208,228,223,247
356,72,30,26,30
1128,463,227,223,241
965,306,47,47,52
1036,471,50,49,54
966,376,47,46,51
896,308,47,46,49
195,58,174,108,121
537,406,44,44,44
531,496,140,132,118
296,385,42,43,45
18,253,36,30,32
17,206,28,27,29
623,210,59,55,57
156,436,51,49,50
426,323,47,44,50
211,259,200,198,217
1112,389,234,232,249
47,1,232,225,250
1083,360,245,247,255
780,442,48,46,51
1137,458,227,226,241
960,101,48,47,51
860,257,238,239,255
682,370,40,44,47
64,190,35,27,28
680,84,46,48,49
1120,297,227,227,245
119,445,46,48,51
273,212,188,186,204
81,142,158,28,37
575,453,130,125,128
933,414,45,45,49
230,294,42,42,47
75,102,152,22,34
612,448,177,187,205
688,147,44,45,49
995,96,49,47,52
1080,184,247,246,255
287,473,118,110,82
187,55,174,156,179
589,349,44,44,49
868,317,44,45,49
1092,68,253,253,255
764,132,44,47,52
140,2,35,31,31
890,484,159,150,99
755,492,166,160,163
233,11,178,167,189
523,167,45,45,48
547,229,227,228,251
1098,354,248,243,255
374,494,64,59,50
137,131,194,187,210
303,298,41,45,47
393,190,207,204,226
314,480,97,89,85
752,50,47,46,50
589,58,43,43,46
870,134,47,46,50
598,47,45,44,50
754,69,47,48,49
602,117,44,45,47
1096,364,244,240,255
53,489,89,82,70
561,265,230,232,255
431,34,37,32,34
185,79,152,150,169
648,388,158,158,137
970,427,50,46,50
568,133,38,46,44
106,7,111,101,111
151,90,155,144,158
1119,452,229,227,244
421,232,227,223,244
403,347,40,44,45
948,242,43,47,51
87,251,217,216,240
1104,34,238,239,255
834,23,85,82,76
166,499,52,47,50
1152,463,234,229,247
993,314,45,45,52
681,497,108,81,61
1176,455,237,234,252
820,176,48,47,49
230,356,45,42,47
795,239,241,236,255
843,125,45,47,49
543,24,49,47,46
224,200,54,40,48
902,382,42,47,48
913,172,50,47,48
1118,417,231,231,246
340,442,73,71,53
478,375,46,44,47
786,97,50,47,52
223,356,43,44,46
403,198,211,209,234
1073,169,51,52,56
1155,25,236,232,253
230,328,44,43,46
667,448,46,46,51
915,150,44,48,48
741,467,121,120,121
1104,385,239,235,255
864,465,48,48,50
34,227,34,33,35
1021,493,47,48,52
182,234,49,47,47
482,449,172,179,199
410,123,42,39,45
133,336,41,35,41
930,288,50,45,52
610,55,44,44,47
670,114,43,45,48
798,65,47,47,51
704,277,41,45,46
45,35,200,208,213
200,7,158,27,37
1145,494,230,225,242
97,88,153,25,37
1016,103,50,49,52
153,0,29,30,31
743,29,50,50,53
795,8,53,51,54
439,38,43,39,40
101,73,138,123,143
147,102,137,133,144
139,410,45,46,51
415,491,94,83,80
1135,130,230,226,242
467,179,45,47,48
1153,183,239,235,252
499,165,44,42,45
33,144,159,27,35
77,157,163,33,35
1014,21,107,82,64
455,198,227,227,248
439,452,24,27,24
489,296,43,46,49
1144,366,235,232,247
870,227,239,239,255
1114,92,233,229,248
1097,309,237,235,254
410,300,40,45,49
248,73,38,43,48
1012,92,49,48,54
31,464,52,48,52
289,330,41,43,44
298,116,35,27,31
1038,430,48,48,53
196,111,163,162,178
371,111,38,32,33
370,357,43,44,45
1049,168,52,51,55
702,173,48,48,51
28,419,58,58,54
189,354,44,43,47
532,106,42,45,46
674,141,47,43,49
1121,28,231,230,245
691,492,120,93,66
426,336,42,46,46
581,405,41,43,44
420,19,40,33,34
328,263,210,209,229
13,214,36,30,30
632,392,44,41,46
43,429,58,59,59
32,94,33,29,28
1163,484,232,231,246
904,239,240,237,255
556,4,92,74,55
106,5,117,106,118
545,24,48,46,47
698,311,41,44,51
466,291,50,48,56
502,307,44,45,48
403,430,46,44,47
932,246,46,47,53
1083,359,248,248,255
108,421,78,59,54
752,80,45,45,50
300,187,190,187,205
775,420,49,46,48
1132,20,229,228,242
110,181,249,248,255
884,285,47,46,50
112,178,249,244,255
570,499,172,169,172
1160,173,239,234,249
524,216,227,222,245
924,88,49,47,52
1140,409,229,226,243
432,174,44,45,51
381,346,44,42,47
895,373,46,47,49
57,392,44,44,46
865,286,48,49,51
765,481,154,148,157
20,113,146,20,30
548,0,91,69,52
459,66,41,40,42
1178,265,239,235,252
963,307,45,46,48
322,405,43,43,46
1138,199,233,229,244
120,81,145,130,151
31,128,151,23,31
1093,450,238,237,255
856,209,50,51,53
51,302,40,32,33
631,263,46,48,46
438,166,44,42,48
1100,111,237,235,250
8,47,65,61,68
34,249,32,28,29
559,157,45,43,44
352,353,43,43,45
613,140,43,46,49
778,28,48,48,51
227,301,42,40,47
431,117,38,42,45
816,218,242,238,255
112,60,153,136,158
726,26,55,52,54
173,236,190,193,212
892,303,46,46,50
991,249,48,49,51
270,231,49,42,58
832,167,47,47,51
231,334,42,44,45
1055,13,80,67,62
1011,150,50,49,51
742,261,238,233,254
576,417,40,42,45
147,97,146,132,152
971,437,132,139,168
555,321,42,45,47
980,177,47,48,52
423,296,48,43,49
666,179,234,237,255
1150,84,236,232,249
695,75,47,47,50
313,150,36,32,32
693,215,239,239,255
1072,332,53,49,55
604,333,44,43,45
773,470,165,162,173
257,133,34,30,29
796,377,46,45,48
220,36,189,174,192
570,398,41,44,47
199,285,41,44,47
916,332,42,48,50
980,89,48,48,52
910,36,107,96,90
1117,156,234,232,247
382,321,43,45,46
1100,423,244,240,255
858,369,46,47,49
586,110,44,44,46
328,311,41,44,48
326,278,41,44,47
296,295,43,43,46
1005,80,81,71,60
36,238,33,27,31
841,128,48,47,49
166,269,213,208,231
849,30,93,89,83
103,134,163,32,38
1021,138,47,47,52
224,57,199,191,214
375,38,35,25,31
570,404,39,42,46
379,322,45,43,45
375,300,42,44,46
68,323,32,34,32
14,491,49,49,47
553,484,120,109,92
376,345,43,42,46
405,386,45,42,48
946,402,47,46,53
314,428,58,54,49
297,73,34,28,32
1014,302,54,50,53
674,323,42,45,47
1151,310,238,232,250
119,379,41,43,45
1166,196,238,235,253
399,416,43,43,47
961,450,48,48,52
14,133,159,22,35
481,87,44,41,45
417,238,218,221,244
746,48,50,47,50
670,412,44,42,48
618,346,44,45,48
1058,1,99,80,65
191,207,177,172,191
72,100,153,27,31
182,3,150,26,38
338,193,194,193,212
91,472,79,69,64
655,213,237,236,255
392,7,37,29,25
328,331,42,44,46
700,82,46,45,50
896,37,93,85,82
865,285,47,48,50
1037,45,74,63,62
521,193,220,221,243
944,472,45,49,50
77,300,37,30,32
457,198,229,227,248
291,454,81,75,56
623,165,47,46,51
606,414,39,45,45
419,96,35,37,42
329,382,44,43,45
391,349,42,44,45
105,162,37,26,32
1017,396,45,46,51
508,329,44,42,47
1105,10,241,239,254
1063,176,50,52,56
1106,11,238,237,254
83,358,40,39,43
460,36,64,51,46
861,12,98,94,94
191,351,44,41,45
678,482,111,83,61
814,145,48,47,51
1122,91,230,227,246
449,25,61,47,36
9,182,81,84,86
1117,346,231,229,247
944,28,82,62,59
684,167,47,46,49
611,22,47,48,51
429,313,42,46,49
1081,464,249,248,255
687,288,45,44,48
1085,4,249,250,255
808,402,44,49,53
249,488,59,55,51
241,45,54,49,60
312,441,73,73,55
887,15,79,72,65
820,365,46,47,48
9,154,170,29,37
921,70,75,70,62
641,209,235,235,255
1167,115,238,233,252
76,425,56,56,52
249,434,79,80,56
626,164,45,45,48
717,299,47,45,50
385,437,197,198,220
331,369,42,43,48
605,325,41,41,45
1043,358,49,50,53
850,264,211,212,237
1039,410,47,48,52
849,360,49,46,50
725,117,47,45,50
143,40,133,116,138
341,91,33,25,30
723,11,50,51,54
1129,448,226,224,243
493,108,45,43,45
12,393,42,45,47
368,422,44,44,47
1185,243,239,234,252
597,372,44,46,47
33,188,110,103,107
693,268,47,45,50
166,79,170,155,178
276,441,80,80,57
54,300,35,31,31
390,291,44,44,47
209,8,181,163,185
730,63,47,46,50
737,329,45,46,47
1043,393,48,50,50
870,361,45,45,51
694,276,44,46,48
981,459,165,165,177
22,9,221,218,245
810,221,240,240,255
442,4,33,27,32
287,412,41,44,45
722,239,239,237,255
958,205,48,48,52
579,17,94,83,62
863,269,55,54,58
912,175,46,50,49
1189,310,237,238,252
540,394,39,41,46
939,277,44,47,48
59,310,37,34,36
815,224,243,239,255
1081,328,152,159,186
689,169,46,48,53
195,385,41,42,47
788,87,43,47,48
1196,345,240,237,252
92,82,153,25,41
161,290,36,37,39
625,6,52,51,50
433,40,40,35,37
1041,314,47,48,52
1090,30,252,253,255
937,436,151,176,164
39,107,87,64,78
561,469,134,128,133
1073,144,52,51,56
226,1,169,156,179
730,384,44,46,50
248,134,37,28,32
781,69,48,47,50
1008,104,45,48,53
400,295,42,43,45
754,445,46,44,48
156,492,48,48,47
876,186,49,46,51
627,144,46,43,49
507,204,217,216,238
1127,151,231,228,245
479,263,189,187,201
73,143,159,30,39
714,379,41,43,47
543,251,228,227,252
615,130,43,45,46
101,114,181,138,148
857,459,50,47,49
217,77,121,123,138
543,336,47,42,43
920,473,49,48,50
618,132,45,46,51
569,386,44,42,48
154,469,109,96,76
149,282,189,187,216
291,182,187,182,202
373,412,45,42,45
954,491,45,50,52
838,485,172,162,124
508,367,43,41,42
749,391,45,45,49
825,49,54,55,56
387,441,202,205,228
953,106,48,49,53
768,111,43,46,48
1129,493,229,226,241
1035,203,47,49,55
902,21,106,97,86
897,418,49,46,51
826,18,81,81,72
1024,496,44,49,53
1020,23,101,77,63
374,72,30,25,27
1022,59,122,106,74
1004,247,49,47,50
611,269,44,44,49
0,303,40,40,40
73,161,163,28,35
800,213,241,239,255
791,347,48,47,52
826,328,47,46,48
461,329,20,20,20
688,385,44,43,48
910,111,54,45,52
21,378,42,44,49
81,171,208,199,216
53,240,35,28,31
321,138,35,31,33
39,233,34,30,37
313,105,31,25,27
854,186,50,47,54
595,126,45,45,49
752,166,44,48,49
891,177,45,47,50
345,163,35,37,40
1190,284,237,236,252
688,253,45,45,49
338,52,33,25,26
674,394,54,48,51
437,123,41,42,43
311,116,35,28,32
959,198,47,48,49
879,93,49,48,51
365,3,43,29,31
685,433,43,44,44
1012,496,47,48,52
691,341,42,46,47
1009,295,46,47,50
416,83,36,36,37
110,288,36,34,36
532,150,44,44,47
471,245,189,190,211
248,276,209,206,227
549,341,42,40,48
706,110,47,45,49
362,360,43,43,47
241,19,191,179,205
111,292,37,32,32
406,271,223,226,248
1123,228,230,228,243
1129,336,228,225,241
897,207,47,47,49
854,238,61,57,63
1091,249,243,242,222
69,425,74,74,61
1180,16,239,236,253
563,402,44,43,46
320,444,69,67,50
447,119,42,42,46
154,37,144,126,149
100,420,54,53,52
888,466,48,48,51
13,10,179,169,190
96,227,209,204,228
872,3,83,80,77
981,429,48,46,52
178,434,48,49,49
786,384,49,46,49
17,319,38,38,41
922,428,113,99,63
202,361,41,43,45
1052,267,50,49,55
1075,325,236,237,254
935,92,48,50,53
81,29,116,106,116
858,353,47,48,50
476,238,32,29,27
103,370,36,40,42
479,370,41,45,46
646,458,193,201,222
915,9,138,86,68
1038,374,48,47,53
97,343,37,34,37
459,380,52,54,53
174,395,43,42,46
851,462,45,47,50
1195,232,240,236,249
1037,50,121,109,92
709,350,42,45,46
53,158,167,30,37
206,102,161,158,176
381,0,40,31,32
374,42,35,23,28
380,70,34,28,27
432,253,232,230,253
457,385,46,43,44
307,356,43,44,45
716,274,45,48,49
126,463,44,48,51
981,304,46,45,49
1135,406,231,229,245
534,350,41,43,44
626,434,46,46,47
896,111,47,46,50
39,441,47,50,53
682,71,44,45,48
169,371,39,40,45
499,170,47,47,49
315,440,78,78,53
983,165,47,49,53
55,124,151,22,32
398,380,42,44,46
563,98,45,42,48
630,49,43,46,46
560,58,47,43,46
889,188,44,46,50
456,127,40,41,45
71,350,40,39,42
390,392,44,44,47
425,451,168,161,171
565,426,45,43,46
745,442,40,47,50
1037,226,49,46,53
950,340,46,45,48
327,368,46,43,44
225,477,76,70,54
355,272,48,48,54
908,326,42,46,49
254,427,66,66,54
686,407,47,46,52
662,80,45,45,49
628,418,40,44,48
792,123,47,47,49
755,286,48,45,50
472,192,222,219,239
300,90,36,24,31
818,188,43,46,52
1017,345,45,46,51
302,325,42,41,48
295,165,186,183,202
574,371,41,40,47
371,415,45,45,48
246,324,42,41,46
1025,489,46,49,52
481,0,51,46,42
1066,153,49,52,54
1147,437,231,229,245
613,456,184,186,202
1041,381,44,46,52
220,58,192,187,201
48,317,38,35,38
1027,424,48,47,53
581,22,52,48,51
635,0,48,50,51
130,70,163,144,165
206,217,188,185,205
612,99,44,45,49
711,179,48,47,53
446,144,44,43,46
397,128,39,38,44
705,378,44,47,48
846,128,50,46,51
61,343,38,35,41
77,250,43,41,48
834,362,43,46,50
1199,350,241,237,253
1152,356,234,233,251
979,249,46,48,50
824,195,48,48,51
137,334,40,36,40
810,181,45,47,49
274,373,40,43,44
1132,86,227,226,245
995,145,46,49,52
110,108,173,101,110
761,186,44,48,51
61,103,149,24,28
1101,26,239,237,255
170,97,206,191,212
569,399,45,43,45
921,43,110,103,97
166,112,41,34,40
345,172,163,156,167
1107,14,240,237,255
560,187,232,229,252
521,249,223,222,243
431,48,32,31,35
1103,422,243,237,255
432,128,40,42,46
648,280,42,44,46
1199,111,241,237,254
648,152,49,47,48
488,177,60,62,65
184,287,42,41,45
431,114,41,41,42
793,360,46,46,52
353,112,33,30,32
235,399,44,43,45
797,58,46,48,53
1150,444,229,231,244
117,473,50,47,49
521,388,42,41,44
728,211,214,214,242
668,108,47,46,50
190,419,47,42,46
115,347,39,35,41
248,483,66,60,52
351,378,44,45,45
333,404,44,43,46
580,270,227,230,254
573,76,44,43,45
42,64,112,104,113
578,397,42,42,44
565,323,42,41,47
991,50,101,76,63
284,247,194,192,210
20,421,51,51,53
1004,462,44,48,54
429,456,155,139,102
764,8,45,50,53
1075,278,240,248,246
188,35,191,171,186
501,109,65,67,70
162,350,39,42,46
907,407,45,44,51
835,107,44,48,50
30,350,41,41,42
979,362,45,46,49
606,313,45,43,48
577,214,231,232,255
881,108,45,48,50
381,119,34,34,41
653,255,44,47,48
795,418,47,45,51
8,13,128,117,140
1025,234,49,48,50
853,15,96,90,83
243,28,198,187,211
164,348,41,41,42
42,439,52,49,54
990,278,46,46,52
179,362,40,41,45
43,290,39,32,37
38,281,34,34,36
1022,52,84,75,60
687,216,169,171,178
66,121,152,22,35
545,407,41,43,46
868,191,46,46,51
1095,361,243,242,255
1184,188,238,236,254
777,57,48,49,52
998,246,44,47,51
1136,29,232,228,245
274,395,44,44,45
766,117,45,47,48
1057,384,52,49,55
635,314,40,43,48
638,107,47,44,48
807,318,47,48,51
738,238,240,239,255
669,102,45,46,48
135,281,213,215,236
1195,267,243,240,253
433,201,220,219,244
414,278,45,46,50
72,290,33,29,31
1084,311,61,57,60
736,194,240,238,255
1093,416,244,243,255
208,79,163,163,184
142,265,213,210,234
1175,189,240,236,251
705,321,42,46,48
833,14,87,84,80
825,377,45,45,49
341,337,43,45,46
236,149,31,28,33
526,64,44,41,45
88,11,94,89,101
730,415,44,46,45
767,482,148,144,152
370,290,42,42,47
353,405,42,44,46
571,330,41,43,47
554,348,45,40,45
1103,242,235,235,251
701,119,43,46,47
712,493,148,143,142
854,239,58,58,61
598,14,48,49,53
614,172,44,48,49
347,362,42,43,46
552,393,42,45,42
966,218,49,47,50
177,73,133,123,141
222,303,43,43,47
1060,455,50,50,56
570,433,47,44,44
540,16,48,46,46
232,0,168,157,180
308,370,41,42,47
598,315,44,41,47
747,338,47,45,48
254,93,39,36,42
250,76,47,46,52
725,424,46,46,49
1059,137,49,50,54
129,122,198,185,206
70,362,44,41,42
778,447,46,46,52
987,191,47,49,52
202,252,198,197,217
110,148,197,186,205
518,369,38,41,42
400,155,42,41,46
805,437,46,46,51
575,442,135,132,140
322,112,31,28,31
260,70,46,46,54
1043,344,45,47,52
206,149,32,28,33
534,266,224,226,245
393,67,32,24,29
137,302,36,35,38
1195,372,236,237,252
456,466,184,187,204
239,385,41,42,42
930,479,45,48,50
820,472,91,89,77
949,260,47,46,51
1137,57,231,229,244
851,187,46,49,52
312,393,46,42,48
609,18,50,49,49
284,150,33,29,34
454,52,43,38,44
729,118,47,47,52
565,453,132,130,134
952,170,47,46,52
124,63,166,146,169
821,488,163,157,166
409,357,45,44,45
357,218,199,197,219
124,70,153,136,159
1017,428,46,47,52
577,292,43,42,45
660,70,46,45,49
935,96,48,47,51
698,139,45,45,48
909,26,129,123,110
142,38,128,113,134
686,71,47,49,52
578,20,86,74,57
1032,107,45,48,50
467,444,171,180,195
303,488,55,55,64
137,47,134,118,135
992,314,43,44,54
493,311,44,44,47
604,22,50,49,53
895,307,44,47,51
257,327,39,45,43
1190,186,239,239,252
969,259,48,49,51
715,46,46,48,50
44,188,112,94,94
303,462,118,115,79
1018,62,78,67,62
235,266,205,204,226
603,201,233,231,255
639,19,52,51,50
554,301,45,44,46
119,50,160,142,164
586,391,38,43,47
854,241,59,57,63
76,328,35,34,38
1124,271,229,225,243
790,403,50,48,53
240,110,36,30,36
720,412,47,46,49
167,270,210,209,233
26,396,46,45,47
424,147,40,43,45
378,339,45,42,46
341,117,33,32,32
1057,437,45,50,53
647,23,48,48,49
799,400,46,45,49
504,256,222,220,242
212,251,201,197,218
945,474,47,46,51
826,444,46,46,51
685,4,46,47,50
565,290,42,43,47
664,54,47,47,46
336,234,201,199,221
887,332,47,44,47
583,153,45,44,49
747,86,45,47,47
144,458,52,50,53
509,152,46,48,51
339,244,202,202,224
708,203,240,236,255
747,166,46,47,50
773,248,242,238,255
116,428,99,111,142
427,266,232,230,254
212,393,41,43,47
251,68,39,40,46
138,475,46,48,49
24,471,48,48,50
203,26,193,171,186
279,220,190,188,208
792,40,52,51,54
736,32,48,49,52
816,277,48,48,52
448,232,213,206,232
1077,58,132,113,79
772,97,46,45,51
905,422,48,46,51
211,333,41,42,45
1050,267,46,51,53
455,147,47,44,46
696,422,43,44,46
342,385,43,43,45
537,472,159,157,170
95,259,216,213,239
112,253,216,216,237
513,15,88,66,52
1155,78,235,232,251
36,91,53,33,59
1089,294,245,249,255
558,227,60,66,88
224,332,44,44,48
501,492,123,114,66
9,248,32,29,32
1199,364,239,237,253
363,392,42,45,44
185,218,193,190,209
140,356,38,39,42
572,145,44,45,49
97,26,115,105,115
823,222,243,239,255
1146,296,233,232,246
753,264,213,211,238
952,318,46,48,51
1159,263,237,232,252
764,370,45,44,51
1070,473,57,53,59
616,280,47,46,49
364,468,64,58,54
282,483,69,62,55
707,25,57,53,55
677,125,43,47,47
1142,240,232,231,244
997,241,51,47,52
924,42,119,108,102
614,357,41,44,48
426,292,44,46,49
942,286,44,47,49
778,201,52,50,54
787,297,48,45,50
607,124,46,44,47
638,214,223,230,239
251,43,123,119,142
267,118,31,26,29
283,393,41,45,46
530,181,223,224,246
699,51,48,47,49
673,100,46,47,50
391,421,45,45,46
566,68,46,44,47
1057,490,51,49,56
1108,289,235,231,250
674,406,40,45,43
1096,452,235,233,249
281,124,30,27,24
372,285,44,44,47
137,201,201,199,223
1034,131,49,47,51
624,279,46,44,48
906,466,47,50,53
587,442,181,177,196
1055,382,50,49,54
357,62,31,25,27
604,294,42,44,47
722,321,45,46,48
1010,37,103,80,61
827,136,47,46,52
55,187,43,28,29
201,152,35,31,31
689,200,240,238,255
243,405,49,43,49
274,251,194,194,215
81,269,35,34,35
216,224,190,185,206
344,143,36,35,36
369,487,76,68,59
274,220,186,185,206
602,218,233,233,255
270,477,92,90,73
384,490,168,165,171
171,374,38,44,44
106,444,46,46,50
756,243,242,241,255
1053,126,47,49,53
1065,22,78,67,60
927,286,44,50,51
241,147,33,26,28
1071,184,53,51,56
704,377,45,46,49
691,364,44,43,48
755,474,153,148,156
285,154,34,28,32
1119,414,229,228,246
810,297,47,49,49
802,334,46,46,50
159,206,192,192,212
841,318,50,47,51
924,246,45,46,53
808,203,53,51,55
747,155,48,48,50
589,199,148,150,182
47,69,115,105,112
646,238,51,47,53
710,417,47,50,50
502,318,43,45,45
1092,118,97,90,121
917,177,45,47,51
613,362,40,44,47
840,376,45,46,50
107,327,39,33,38
380,433,162,156,155
1060,307,189,186,187
1034,418,47,49,52
1151,425,234,231,245
889,437,42,45,52
692,323,45,45,45
102,200,205,211,238
569,293,44,44,46
676,389,51,47,52
568,340,41,43,45
22,54,86,77,81
1023,273,48,49,53
873,31,107,104,101
804,157,44,47,48
813,168,49,48,51
917,198,47,48,52
813,209,60,54,59
446,248,216,217,230
126,432,49,50,49
619,14,48,49,48
814,224,239,238,255
632,101,44,46,48
99,112,188,153,168
657,113,42,45,47
966,42,96,68,59
96,367,41,42,46
105,202,230,230,255
362,93,31,27,28
472,297,46,44,47
548,241,229,229,254
641,284,48,44,49
140,426,50,49,52
553,286,43,45,46
416,458,129,121,138
174,457,45,48,48
124,298,37,34,40
190,301,41,38,42
496,412,39,42,47
765,383,45,44,47
812,361,45,42,48
1175,315,237,237,251
607,153,49,45,48
1027,413,45,48,50
238,192,187,183,203
601,107,46,45,47
383,264,218,215,238
1185,341,239,237,254
327,311,42,45,47
164,494,45,46,50
787,218,240,241,255
486,386,45,43,44
374,277,46,47,49
440,72,38,38,42
180,97,47,35,44
680,149,45,45,47
655,98,47,47,46
42,99,30,29,30
18,489,46,47,50
904,496,171,157,90
564,452,133,130,136
205,193,187,182,201
95,402,42,43,46
14,386,45,45,47
981,362,45,48,47
75,36,119,105,117
1029,240,41,49,50
804,317,47,45,50
335,87,32,26,28
455,192,223,224,245
183,328,41,41,41
566,392,43,42,46
649,43,43,45,48
382,455,166,164,184
151,259,210,207,233
36,83,127,115,132
136,173,47,51,57
896,248,244,241,255
645,158,46,47,50
556,266,233,230,255
918,175,49,48,51
455,346,53,48,55
462,211,59,58,65
32,259,36,30,30
396,106,37,38,39
532,73,47,42,47
110,372,44,41,46
878,374,44,48,51
155,300,38,38,38
945,100,48,48,51
983,406,49,49,50
171,255,205,201,223
312,465,130,120,97
494,472,115,113,91
1105,79,237,233,254
415,235,222,221,241
974,185,47,46,51
519,213,225,223,246
240,427,84,81,57
254,56,135,135,150
629,408,38,44,43
1159,12,238,235,252
54,123,151,22,32
635,116,40,45,43
628,219,235,235,255
379,52,33,25,27
666,140,40,45,47
537,208,60,58,62
983,257,45,48,52
630,195,238,237,255
855,122,47,46,52
757,261,241,239,255
57,25,116,93,136
93,499,45,48,49
517,384,41,45,47
828,14,85,82,76
194,452,62,59,61
802,386,45,44,47
12,58,29,30,26
1013,423,46,47,52
994,402,48,48,49
409,119,36,40,40
1157,252,236,232,250
851,171,47,47,50
542,48,46,44,48
659,2,50,50,50
820,1,92,88,83
728,90,47,46,49
807,97,45,48,50
892,62,96,93,91
997,139,47,47,53
418,304,43,42,49
410,143,41,41,44
757,389,41,45,50
273,421,42,44,45
885,398,45,46,49
1147,369,232,231,247
435,431,93,94,108
807,46,53,54,52
1006,228,48,48,52
854,125,47,45,49
467,4,69,54,42
105,494,48,49,50
14,168,174,36,41
1104,12,240,237,255
786,445,43,49,48
567,80,46,44,48
781,495,159,155,171
146,76,165,151,173
478,165,43,45,46
311,29,48,46,53
758,198,47,50,54
1142,251,232,229,241
748,121,48,45,52
413,328,43,43,47
770,437,47,47,49
1060,104,52,50,55
191,490,49,46,48
683,258,46,45,51
109,376,43,37,43
71,224,187,194,213
332,169,40,41,46
165,254,208,204,227
196,256,201,198,218
666,311,40,44,49
270,286,39,45,47
126,251,214,210,233
531,214,225,223,245
136,245,207,206,225
411,485,88,79,71
534,65,46,43,47
307,332,42,45,48
137,40,133,117,135
286,358,42,45,46
1177,234,242,236,255
1004,424,46,48,50
923,115,46,48,53
1197,145,239,237,255
286,227,190,189,207
486,201,26,24,30
658,389,98,98,77
383,98,36,32,36
909,208,48,50,49
735,488,147,143,155
258,76,44,47,51
833,383,43,46,48
980,339,48,46,51
323,98,28,29,25
140,292,37,35,36
986,144,49,50,56
959,83,51,47,52
129,350,39,37,38
1120,474,229,225,241
142,365,40,41,46
126,274,213,211,236
489,199,131,127,132
577,87,43,45,47
914,102,47,48,50
949,421,46,49,54
175,117,117,114,128
96,236,209,209,232
577,228,232,232,255
718,88,46,45,48
386,482,84,78,71
1042,333,47,46,51
386,478,64,53,55
983,146,46,48,52
656,445,47,43,47
897,333,43,46,51
1166,420,234,233,252
1119,107,233,229,247
963,349,45,46,51
317,119,31,28,27
1053,305,56,51,55
531,169,50,45,49
689,391,45,46,49
1099,317,238,238,255
701,215,240,236,255
114,142,56,33,48
83,10,31,29,29
983,99,50,47,53
588,464,116,107,94
986,395,47,47,51
975,94,48,46,53
232,268,203,203,224
1120,224,232,230,248
561,421,46,43,48
181,42,178,163,187
1037,465,47,48,52
223,273,202,204,225
179,409,43,43,46
439,160,45,44,47
170,296,38,36,39
1127,220,229,228,244
613,269,47,45,49
972,385,49,45,50
873,263,237,238,255
675,420,39,41,48
217,421,45,44,46
1050,462,48,49,52
286,154,36,28,32
1176,270,237,236,251
892,495,175,160,97
79,371,44,41,45
1013,318,47,48,51
898,486,166,156,88
564,314,43,44,46
375,217,201,200,220
1104,131,237,235,254
1147,228,233,230,248
557,457,148,141,152
566,149,43,45,46
1061,99,49,49,54
561,58,47,44,48
773,26,49,49,52
183,299,40,41,43
434,58,36,37,38
835,240,81,69,88
75,345,34,37,38
721,442,45,45,47
851,248,79,70,121
840,149,45,47,50
944,138,45,47,50
418,362,43,44,42
993,92,47,50,49
255,246,193,192,212
173,397,41,43,48
1017,277,46,47,54
636,91,45,44,47
364,441,58,52,49
269,55,50,49,57
127,478,49,49,52
953,36,104,78,59
124,94,180,163,186
902,199,46,47,52
914,412,43,45,50
877,290,48,47,52
39,294,37,34,37
207,129,32,35,39
424,118,42,41,43
1157,368,234,232,248
153,373,40,41,44
783,187,46,45,53
247,130,31,24,28
526,106,47,43,49
831,39,79,71,60
378,335,46,44,48
434,172,46,45,47
429,263,234,230,254
546,441,139,137,145
992,474,49,48,51
400,180,45,47,49
416,404,45,44,50
1008,195,47,48,50
677,341,43,42,46
490,186,47,40,39
992,8,132,99,72
168,397,46,43,46
88,148,162,28,37
393,149,39,40,45
100,356,37,40,39
1080,18,57,58,59
1132,294,228,225,243
517,403,44,41,44
17,383,44,43,46
425,256,226,224,249
962,306,47,46,51
1098,293,241,237,254
70,427,77,77,60
789,194,49,48,54
150,153,142,160,173
1080,148,250,246,255
827,210,53,55,55
353,294,43,43,47
568,306,42,43,45
780,467,154,154,160
859,252,239,236,255
333,498,134,134,150
1111,303,232,231,248
534,1,82,63,47
841,361,41,45,48
812,63,48,46,52
1193,433,235,234,247
577,68,44,43,48
200,483,47,45,49
997,171,48,48,52
872,21,96,95,92
538,105,44,44,48
380,274,47,49,49
754,349,47,44,47
335,246,204,205,227
427,240,224,222,245
725,270,45,47,50
720,103,44,46,50
374,374,43,43,46
659,212,234,234,254
497,98,44,42,46
1031,102,46,51,51
803,180,48,46,50
25,122,150,22,32
109,27,39,34,37
865,200,47,45,52
1191,162,241,238,252
390,497,94,81,57
179,448,78,74,78
1013,398,47,47,51
661,382,44,45,47
528,320,43,42,43
734,69,46,47,50
657,339,44,45,46
398,368,42,44,46
339,15,39,33,36
445,86,43,38,42
655,33,46,46,50
44,492,90,79,72
1022,379,46,49,52
551,416,42,41,44
597,341,40,44,48
717,287,47,45,51
742,355,47,43,51
200,352,44,42,46
660,132,46,43,47
686,351,44,46,47
230,394,47,43,48
855,451,47,47,47
220,421,46,44,46
530,92,44,44,43
900,317,44,45,49
850,490,169,160,117
406,163,43,41,47
541,223,227,226,249
339,392,46,43,43
716,273,43,46,51
774,444,43,45,48
1138,9,228,227,243
1091,209,177,172,116
918,440,48,48,53
1123,249,231,227,242
537,256,229,228,249
854,119,49,46,50
1190,426,233,233,251
65,492,48,48,54
613,174,49,51,53
377,168,46,42,45
431,10,35,30,31
607,142,46,46,48
531,255,225,225,245
215,289,42,41,44
1140,118,233,229,245
739,153,47,45,50
427,300,40,44,48
1096,176,247,244,255
735,143,46,46,50
419,73,37,35,39
723,62,44,47,51
198,307,43,42,46
578,429,43,43,45
562,221,233,233,254
56,167,169,30,35
648,436,43,44,47
131,325,37,35,38
334,199,193,195,213
202,364,43,43,42
5,416,55,52,51
106,265,47,39,41
1162,156,236,235,250
373,309,41,44,45
656,43,47,46,48
437,146,44,44,48
929,409,46,45,48
594,83,47,45,50
673,56,46,44,51
33,454,55,49,50
1198,193,239,237,253
170,164,37,40,42
184,149,35,34,40
989,78,64,59,55
413,248,97,89,92
1116,106,230,228,246
230,305,42,42,47
896,64,102,97,91
711,126,46,44,48
160,183,197,196,215
868,402,44,46,48
449,236,227,227,242
1124,56,227,227,242
208,54,45,32,40
500,470,124,121,115
402,56,35,27,29
48,84,189,187,207
984,463,49,46,51
34,383,47,43,48
437,209,57,52,57
1036,189,49,49,54
483,161,47,45,47
346,93,35,25,27
1075,371,50,51,57
489,308,42,46,48
1063,401,48,48,53
1142,40,233,229,247
933,332,47,46,50
1167,411,237,235,249
980,228,45,47,51
955,261,47,46,50
167,90,62,38,58
251,338,43,46,48
772,307,47,44,50
1176,340,233,234,251
577,132,44,42,49
991,363,52,48,55
600,271,43,45,50
263,329,45,44,47
688,380,41,43,46
109,307,36,34,38
1134,287,228,227,243
822,405,45,47,50
85,42,113,110,110
406,246,223,223,245
308,421,43,42,45
131,174,58,51,63
1146,291,235,231,247
573,329,40,43,44
45,14,70,67,72
1008,68,56,55,59
1180,212,243,236,255
597,28,47,48,49
458,278,139,146,179
332,52,35,29,31
825,447,45,47,48
259,462,101,90,63
139,260,216,211,233
1071,403,50,51,56
737,426,42,45,47
1195,353,239,238,248
1144,155,233,229,246
328,16,45,46,51
75,323,36,38,38
833,166,47,46,52
1131,38,231,229,245
286,120,30,28,31
1192,95,238,236,252
193,17,160,51,66
620,203,211,216,233
1095,288,239,238,255
1098,258,236,235,255
652,396,40,44,46
1126,230,230,228,245
172,354,41,42,45
165,369,45,43,44
1071,271,50,50,55
175,354,43,43,45
1195,4,240,237,252
799,351,50,44,50
264,454,76,72,54
1066,380,53,52,57
418,191,217,215,235
596,242,240,236,255
458,85,37,41,45
220,434,46,48,49
18,128,156,25,34
618,475,184,179,189
225,447,44,47,47
916,205,46,48,52
734,330,47,47,48
584,495,147,141,148
804,489,155,151,161
139,354,36,37,39
732,226,237,235,255
1095,302,235,235,255
1138,430,231,229,241
940,73,87,83,79
723,347,42,45,48
962,457,49,47,49
1044,91,63,61,60
480,316,45,48,51
667,11,49,48,52
367,143,38,37,40
1091,439,234,235,254
354,393,44,43,44
115,290,41,37,40
971,274,48,46,49
682,420,45,44,46
533,296,45,47,48
827,315,43,46,50
865,249,245,240,255
720,403,49,47,51
896,406,45,48,50
843,118,45,46,51
13,41,63,65,67
200,337,41,43,45
653,248,48,44,49
102,448,46,48,51
478,408,44,44,47
908,80,49,46,52
480,195,186,184,203
1070,162,50,51,56
736,285,41,46,45
756,275,50,47,50
623,78,46,45,50
166,238,192,189,199
1011,132,49,48,51
95,240,220,216,242
235,367,46,45,46
74,292,37,31,32
653,493,98,74,56
158,498,49,48,51
886,248,239,238,255
607,312,46,44,47
233,392,46,44,47
829,10,89,87,82
582,387,42,43,47
251,3,183,168,191
975,420,50,48,52
605,372,45,42,47
731,287,45,47,50
340,171,69,67,77
1002,126,47,47,52
201,491,43,45,49
733,147,42,46,47
303,336,41,42,47
798,144,46,47,51
79,470,85,75,68
181,199,177,173,187
1187,78,238,237,253
797,54,47,47,50
662,75,43,46,49
766,451,49,48,52
637,335,43,43,48
171,320,43,41,39
1063,472,49,51,54
693,475,121,97,68
116,212,207,208,232
442,466,143,115,108
482,78,42,43,44
102,357,36,40,39
364,432,78,74,58
1189,463,236,234,249
1000,161,50,47,52
1017,146,44,49,54
661,195,239,237,255
756,192,45,47,51
173,27,179,160,186
588,405,43,44,46
90,84,152,25,34
1102,396,239,238,255
998,468,47,48,53
518,285,45,42,47
1092,36,255,254,255
609,373,44,44,45
435,84,42,37,40
907,264,242,239,255
733,292,45,45,48
32,467,48,48,49
563,173,46,48,49
70,42,115,104,116
1181,235,238,236,254
941,474,46,46,50
558,407,40,43,46
843,491,162,152,105
965,195,45,45,53
1047,127,47,48,53
1096,144,245,241,255
710,434,45,43,46
29,489,65,59,53
131,163,235,231,254
122,382,41,40,45
735,115,44,46,49
968,304,45,47,49
372,435,175,162,158
954,295,45,48,49
97,266,35,35,32
1103,475,235,233,248
395,291,46,45,46
718,404,43,45,46
131,304,36,32,35
579,437,54,46,45
442,117,45,43,44
766,395,43,44,49
492,0,52,46,45
869,391,44,46,49
123,414,42,43,44
203,428,47,46,47
880,85,47,47,54
88,51,28,27,29
1093,140,215,208,174
305,477,127,121,100
789,237,63,61,64
326,324,42,42,45
677,172,47,47,50
339,450,64,63,53
1014,12,106,83,67
200,240,195,190,212
222,108,33,38,40
475,240,40,37,44
457,101,45,43,45
300,207,53,50,55
184,92,35,30,33
626,69,46,46,47
241,229,181,187,199
1172,474,237,234,253
19,179,107,101,112
420,454,155,144,130
68,280,35,31,32
1172,68,239,237,252
1185,389,235,234,252
450,495,177,182,193
466,366,51,49,55
918,118,49,48,50
1168,445,237,235,248
528,200,143,131,134
366,123,36,33,37
614,474,178,173,183
805,372,45,46,45
659,320,48,46,46
308,355,43,44,45
404,385,43,44,47
14,158,171,29,38
586,284,41,44,46
984,375,44,45,48
196,300,39,42,42
683,288,42,45,46
42,401,46,48,45
367,36,31,27,26
646,252,42,46,48
54,335,37,35,39
1068,125,51,52,57
383,487,121,121,116
182,87,36,30,32
321,171,86,82,93
1006,147,47,49,51
101,31,179,179,196
1049,166,50,51,53
214,250,199,197,218
243,131,30,22,32
920,410,45,46,49
959,481,49,46,52
178,207,54,52,56
867,224,241,239,255
616,20,47,49,51
411,323,41,44,46
1017,383,43,48,50
1023,308,46,49,51
776,408,54,42,70
634,433,44,42,45
323,403,39,45,44
1033,237,46,48,50
964,238,47,47,50
150,102,51,33,43
349,194,197,197,214
759,397,46,45,48
606,266,44,46,50
460,227,235,232,255
1169,305,238,234,252
989,296,46,47,53
565,17,82,67,56
852,290,44,45,52
676,285,48,45,51
976,377,44,47,50
624,281,43,42,47
416,302,44,44,49
607,229,235,234,255
383,14,37,26,29
195,235,195,192,212
686,221,77,64,73
894,95,48,48,53
575,92,43,43,46
889,231,241,238,255
115,486,46,49,51
875,350,48,48,51
16,463,48,48,52
34,216,25,30,28
730,334,46,44,49
219,396,45,43,48
881,234,240,238,255
830,403,42,47,51
830,234,90,77,135
700,116,45,47,47
941,447,73,67,61
472,200,231,230,251
1025,185,50,48,53
992,283,48,48,50
996,306,51,47,51
579,174,49,47,49
764,207,240,238,255
245,346,46,44,44
159,131,121,124,138
969,384,45,47,50
359,242,206,209,225
730,310,48,48,51
1145,158,232,228,245
933,159,47,47,52
603,267,45,46,50
653,279,43,46,47
1076,16,101,78,66
113,82,152,133,156
1035,152,50,47,54
88,240,217,215,238
195,344,42,42,45
409,316,41,45,47
1039,304,109,86,97
623,65,41,45,48
360,151,36,38,41
725,402,115,130,128
138,75,161,145,168
1150,83,234,232,249
938,376,47,46,50
1158,292,236,234,247
72,145,160,30,36
84,378,43,43,46
1147,180,232,230,245
164,426,48,48,50
778,226,65,56,77
67,105,153,24,32
863,427,48,50,50
354,423,45,43,45
1016,116,48,49,52
1179,404,234,234,248
204,403,43,44,46
323,52,32,25,28
984,473,46,47,53
696,313,45,45,46
727,375,44,45,50
471,160,45,43,47
289,447,56,57,52
1181,396,238,236,253
1036,278,95,82,57
261,455,81,74,55
300,336,43,45,49
1175,201,238,235,254
839,275,45,47,51
304,76,32,23,26
435,333,41,45,46
1082,245,236,240,254
156,308,35,34,36
831,458,49,47,51
1102,452,233,230,250
671,428,44,43,47
41,492,85,78,72
919,318,47,43,49
422,223,227,225,248
32,84,93,76,71
776,5,48,52,50
1080,380,55,57,58
908,316,42,47,52
960,1,101,82,70
115,199,219,220,249
213,189,186,182,203
316,60,36,28,31
1097,420,244,241,255
552,96,39,44,48
130,177,61,62,72
1113,465,233,229,246
787,487,161,155,172
61,177,170,36,41
1055,106,49,51,54
1189,11,238,236,252
1156,277,236,235,249
542,240,216,217,244
6,31,225,222,246
525,236,63,55,72
967,181,47,47,53
396,193,211,209,230
1034,80,81,70,62
680,33,52,48,51
607,315,43,46,50
578,475,106,97,82
791,230,105,92,87
301,111,29,25,29
1084,497,238,240,254
334,311,40,43,47
474,196,229,227,252
597,99,48,43,49
461,435,183,189,208
101,142,162,33,49
323,420,42,43,46
1000,203,48,46,50
777,205,206,206,223
751,86,44,47,47
44,390,47,43,48
988,161,48,48,52
948,381,43,45,49
565,10,93,81,58
25,336,39,40,41
1098,169,237,237,255
1147,337,235,231,251
165,292,39,36,39
917,348,45,47,48
908,192,45,46,52
455,72,40,41,44
785,254,239,238,255
324,289,44,44,46
453,110,42,42,44
495,217,205,206,227
1197,378,239,237,253
152,90,152,142,157
797,71,47,46,51
1139,380,232,228,244
552,147,43,44,48
997,475,47,48,51
593,355,43,42,46
50,19,60,60,63
391,377,44,41,44
183,102,166,166,186
544,276,43,45,46
551,312,43,43,47
937,125,48,47,51
423,138,42,42,46
89,191,146,156,174
630,133,44,45,47
799,260,239,239,255
815,359,46,44,46
957,208,46,47,51
186,31,189,172,194
688,408,45,43,50
1109,360,234,233,252
468,172,47,45,48
655,63,49,44,49
901,375,44,45,48
32,449,50,51,53
154,82,160,149,168
703,101,44,46,50
221,399,42,43,50
407,466,68,61,55
1048,445,50,50,53
149,173,207,206,231
63,487,66,64,59
876,473,47,50,52
1151,204,238,234,249
743,272,44,47,51
532,269,50,50,54
871,396,48,46,50
636,243,49,48,51
915,455,44,48,51
394,71,32,28,32
432,387,44,42,45
729,73,46,45,50
217,252,197,194,216
510,119,44,44,47
1027,90,49,50,54
843,478,166,155,106
286,280,43,42,46
1138,493,225,225,245
88,285,39,31,36
61,362,38,40,43
495,256,217,214,237
461,10,127,106,82
243,269,203,202,222
218,33,185,173,199
141,360,37,39,45
927,414,48,48,50
858,303,45,47,49
569,110,45,43,44
25,423,54,50,51
735,203,241,237,255
360,487,64,57,53
24,32,229,227,251
348,200,164,162,187
873,491,158,149,103
693,406,43,43,48
367,193,203,201,224
1167,238,240,236,253
553,219,229,228,251
239,302,44,41,46
32,317,34,37,37
997,342,49,48,52
495,161,25,24,24
348,364,42,43,44
591,36,44,45,46
282,141,32,25,28
923,80,45,48,50
612,5,51,50,51
1008,477,43,48,50
261,322,42,44,47
100,394,42,40,46
657,415,39,43,46
616,359,45,47,45
90,364,44,39,43
586,85,44,46,45
1004,339,47,45,51
581,213,202,208,228
6,171,120,121,129
106,16,114,107,117
2,147,167,25,37
171,185,194,190,211
1168,293,233,233,252
1039,439,42,49,52
353,252,211,208,232
543,396,45,40,45
909,61,97,95,91
109,180,248,244,255
1021,498,46,48,51
396,30,47,35,34
262,120,34,27,27
258,401,42,43,48
1088,374,231,218,181
573,408,39,43,45
1188,378,237,236,250
913,389,45,45,49
218,60,38,32,42
700,80,43,44,47
481,249,185,187,195
1199,214,240,235,250
477,137,44,44,49
744,253,241,237,255
1095,104,238,235,254
470,406,44,43,48
316,207,116,108,132
495,92,44,42,43
1142,331,234,230,248
730,157,42,45,50
361,326,42,43,48
234,67,191,190,210
858,407,44,48,48
598,348,40,43,45
607,91,44,45,49
136,128,201,189,211
466,137,45,43,47
858,147,44,50,49
381,255,215,215,236
878,173,43,46,51
197,188,190,185,205
1030,89,64,59,56
897,319,46,45,48
1055,15,75,68,60
923,473,48,48,51
203,370,42,44,45
420,5,37,29,29
612,280,43,44,48
1193,416,235,235,253
148,62,149,134,155
941,185,48,47,52
1005,274,45,47,50
953,286,44,47,47
289,15,220,215,237
573,279,45,48,52
883,305,47,45,50
781,93,48,46,52
181,385,46,42,44
1111,181,236,235,252
1097,176,244,241,255
502,195,63,59,67
633,27,50,49,51
568,476,107,100,85
288,401,45,43,46
1067,25,94,86,75
652,213,237,233,255
984,281,43,49,51
791,264,241,236,255
258,469,108,95,70
876,382,39,46,49
112,267,49,43,46
24,96,34,29,27
74,39,117,108,115
957,387,42,48,49
381,378,41,43,44
1128,430,229,227,243
975,464,48,47,52
385,105,36,33,37
655,472,79,62,54
28,79,119,106,115
879,287,50,47,48
1074,411,49,53,54
90,385,40,43,44
1065,443,50,51,52
215,107,44,42,50
489,225,195,196,213
846,134,51,49,51
872,28,107,104,102
11,414,53,52,53
346,307,38,45,44
695,177,48,49,51
675,230,239,238,255
306,214,187,187,201
164,303,37,36,37
964,401,47,45,49
501,98,50,46,52
236,455,66,64,54
1096,322,241,239,255
456,478,186,186,205
1162,101,238,235,249
793,338,45,45,50
317,224,194,194,215
584,22,48,48,49
679,257,45,46,49
716,16,162,109,76
417,336,43,44,48
338,211,199,197,216
1034,196,48,49,53
535,145,50,43,48
316,480,112,110,108
289,114,33,23,26
266,427,66,62,57
1060,116,47,50,52
767,423,46,46,49
592,374,42,45,42
1083,466,251,249,255
428,386,42,44,48
570,281,41,47,45
1168,323,240,237,253
549,222,229,229,253
890,75,47,47,51
1030,94,48,50,52
563,196,230,226,253
800,457,49,48,52
861,24,96,92,85
995,179,45,48,53
1088,332,238,239,221
1044,190,49,50,52
1026,293,48,49,50
332,376,43,44,48
883,175,51,46,52
432,491,33,32,30
1169,386,237,235,251
415,415,42,44,50
587,184,235,233,255
1170,206,236,235,252
18,59,74,69,80
560,492,128,122,106
342,434,94,88,60
1198,293,241,236,251
845,455,47,47,51
893,472,47,49,50
174,258,204,201,227
510,364,43,43,47
79,311,32,32,30
318,134,32,29,34
576,457,111,112,108
461,432,180,187,208
613,207,230,231,254
183,435,47,49,47
796,196,49,47,51
267,17,39,28,35
398,178,48,45,47
450,14,65,54,46
1082,95,247,248,255
167,320,39,38,43
943,234,50,47,51
631,436,44,44,45
230,494,62,61,52
201,380,47,42,44
595,112,41,45,45
286,481,57,57,52
380,54,36,26,26
189,111,149,149,162
52,466,46,47,50
634,109,41,44,48
1137,317,233,230,242
400,381,42,42,48
1108,206,236,233,254
41,196,58,53,69
380,396,42,42,48
107,139,153,101,97
733,393,45,43,47
713,6,63,53,56
1193,60,240,237,253
918,311,43,45,51
836,233,115,112,137
195,154,36,31,37
956,341,48,48,49
980,365,46,45,51
219,3,170,156,180
802,433,45,46,51
644,435,41,46,50
1171,30,237,235,252
987,431,45,48,52
94,212,217,217,246
722,201,242,238,255
696,261,46,49,49
907,238,240,237,255
274,261,202,198,222
1076,255,243,240,255
474,126,48,42,47
1194,283,238,237,253
993,364,48,47,49
145,360,43,40,44
382,425,42,43,47
1146,214,233,230,248
709,491,124,113,99
923,324,45,46,52
388,400,41,44,43
970,236,47,46,47
1084,349,244,245,255
45,358,45,41,47
410,216,80,69,92
38,228,34,31,34
1197,283,237,236,252
112,34,192,189,211
506,137,42,43,48
1162,119,237,235,251
214,459,45,46,48
291,316,43,45,48
731,420,43,45,49
325,279,45,46,46
173,29,173,154,182
488,380,41,43,46
45,113,149,21,35
791,294,43,45,49
1136,374,231,228,242
466,470,180,184,203
292,48,45,44,52
897,396,46,47,51
781,45,50,47,52
186,69,183,174,196
491,245,76,61,74
1056,19,86,73,61
854,293,50,48,51
204,165,37,30,32
751,481,158,157,153
423,431,43,45,47
1120,144,229,229,246
458,76,42,42,43
369,387,41,44,44
679,416,44,44,48
202,66,36,32,34
400,297,39,44,45
1097,416,243,242,255
212,495,43,45,46
1141,185,232,231,246
1113,37,234,231,250
163,306,42,36,39
878,248,61,57,61
374,430,45,46,46
183,444,76,73,67
694,8,55,48,53
228,152,33,28,28
752,73,46,47,50
894,9,96,90,78
955,417,45,45,49
204,223,189,190,207
824,163,51,47,51
676,489,108,80,61
1128,97,229,225,243
424,86,34,39,42
370,195,115,102,123
612,26,49,49,51
827,322,44,45,50
110,481,46,46,45
253,482,73,66,52
647,277,43,43,46
1080,49,57,56,62
411,100,39,37,40
1140,206,233,229,246
898,87,48,47,53
352,132,34,34,33
1017,155,50,49,52
613,314,41,41,47
1198,354,240,236,251
830,274,44,48,52
271,48,43,47,50
654,328,44,44,47
719,344,44,45,48
1076,34,110,103,111
873,437,47,47,49
1090,58,238,242,255
691,413,42,45,47
633,491,153,151,161
538,481,170,172,188
244,43,73,72,84
620,317,43,44,47
887,277,49,48,52
1082,251,253,250,255
13,486,51,48,54
924,428,102,113,146
182,96,40,31,37
855,292,46,47,51
310,339,42,42,48
545,29,47,44,50
1055,496,51,50,54
475,216,207,207,229
392,493,91,78,58
631,41,46,44,49
255,164,189,186,203
1169,486,235,231,251
23,460,51,49,53
159,168,65,60,71
7,389,45,45,47
372,137,37,37,40
1124,306,226,229,243
578,74,46,44,50
531,264,227,227,248
725,69,48,46,52
477,172,61,57,64
208,397,43,45,46
205,222,192,188,210
1032,254,49,47,54
800,263,242,240,255
158,229,199,198,219
362,66,29,25,26
1043,351,46,48,52
401,333,42,43,47
27,329,37,36,40
1155,363,234,234,247
60,288,38,30,36
814,312,41,46,49
752,119,45,48,49
950,199,48,46,51
920,464,48,47,54
392,301,43,43,47
1088,78,61,60,61
164,54,145,126,146
1006,214,47,50,49
40,173,172,35,41
205,111,37,39,42
359,398,41,43,45
1177,116,235,236,251
873,5,79,77,74
1127,64,230,227,243
1175,364,237,235,250
160,61,134,120,135
941,104,45,48,52
414,266,229,227,250
989,451,49,49,52
384,29,41,28,33
987,18,119,89,67
110,450,47,49,51
1108,63,234,232,250
879,319,45,47,49
1013,144,45,48,53
166,81,168,156,178
110,25,32,31,31
1113,477,228,227,242
584,185,235,233,255
45,434,52,49,51
192,412,46,42,47
101,328,35,34,36
95,156,39,25,26
1097,12,234,227,237
47,341,40,41,41
1017,232,45,48,52
99,12,119,110,121
702,399,76,77,118
5,406,51,47,48
1041,409,50,48,51
747,493,142,137,118
204,82,192,192,214
924,86,46,46,52
438,421,94,93,101
882,417,47,46,49
1104,169,242,238,255
1138,41,228,229,247
764,427,46,46,50
795,206,55,51,59
241,489,66,65,53
237,220,188,187,203
594,156,43,45,49
999,139,50,47,52
