x,y,R,G,B
1023,410,43,47,52
413,50,31,30,27
143,343,37,38,39
11,38,180,184,186
691,273,41,46,49
930,295,47,45,49
379,487,67,62,56
1,262,34,33,32
1183,76,238,237,253
376,453,195,183,201
312,222,191,190,211
559,104,45,43,48
437,57,39,36,40
571,427,42,44,45
616,62,45,47,49
853,231,243,240,255
726,205,240,239,255
465,176,47,47,50
684,258,42,45,49
853,44,101,92,71
479,27,63,52,46
93,460,60,58,54
282,52,47,47,52
245,9,184,170,194
1113,7,234,232,252
18,36,199,202,222
870,254,200,206,255
18,72,105,98,108
243,423,66,63,55
621,9,49,50,54
0,55,27,23,23
136,402,44,42,45
996,416,45,50,50
1157,407,233,234,247
1119,133,231,230,248
1056,259,47,48,52
998,489,54,49,51
245,324,46,41,48
445,400,32,34,39
688,220,234,235,254
602,340,43,44,47
963,276,46,46,51
682,205,236,236,255
286,122,32,27,30
137,202,204,199,223
890,55,103,98,97
78,184,182,185,206
616,202,116,108,133
1071,454,117,115,80
393,32,45,35,31
724,340,45,44,46
382,276,46,48,50
1157,74,236,236,252
340,193,195,194,214
628,414,42,45,46
641,309,47,47,47
30,36,229,229,254
757,482,162,155,142
373,236,201,203,224
532,63,44,44,48
822,171,46,46,52
851,141,44,47,51
1190,159,240,237,252
236,258,201,200,222
366,413,45,45,45
410,29,37,28,30
1106,330,235,233,252
340,114,31,29,29
845,169,46,48,51
622,108,44,43,49
1118,282,230,229,245
973,28,93,70,59
150,30,165,146,171
1148,363,232,229,248
703,387,41,44,46
0,315,43,40,42
631,270,45,44,49
148,171,209,208,233
220,9,184,168,191
362,451,65,56,54
866,25,100,97,95
228,28,175,166,189
298,183,188,185,205
598,326,41,41,44
1158,182,237,233,248
291,197,189,187,205
957,144,52,48,54
721,360,48,47,49
405,363,44,41,46
35,60,109,98,106
295,103,32,25,29
1161,300,239,233,251
689,25,49,49,52
806,126,46,47,48
857,311,48,45,52
319,50,33,27,28
1000,361,48,44,48
570,284,44,44,48
903,350,44,46,50
186,313,43,40,46
259,8,33,29,32
1199,343,237,236,251
222,396,38,44,46
1150,110,236,233,248
213,92,192,196,216
1097,79,236,234,252
680,385,44,46,46
1112,348,237,232,247
1008,283,48,47,50
1029,125,48,49,52
305,137,32,31,34
734,274,42,46,49
588,219,236,236,255
1133,258,229,228,243
602,269,45,45,49
1196,299,239,237,253
879,68,50,51,52
600,282,43,44,47
756,473,146,140,146
601,307,41,44,45
178,211,172,174,180
38,331,41,38,43
1195,380,239,237,252
641,153,43,45,49
1049,91,65,60,61
968,294,45,48,51
892,286,51,50,53
482,130,44,42,44
910,150,46,47,50
138,26,141,123,144
790,142,47,46,50
707,455,84,71,51
283,60,43,42,44
688,41,45,46,51
294,326,43,43,46
1055,498,51,50,55
55,125,152,23,35
897,4,114,91,70
776,457,49,51,55
1025,151,46,49,52
212,106,46,48,52
401,429,41,43,46
899,168,50,47,53
33,166,170,33,41
1047,47,120,112,102
948,63,100,98,97
786,215,241,240,255
401,386,42,43,45
707,462,127,109,84
806,66,44,46,49
48,396,44,44,47
1020,118,45,48,54
197,9,157,29,38
1069,113,52,51,55
762,390,44,46,47
856,401,43,47,49
803,146,46,46,51
526,496,114,108,81
262,290,43,43,46
843,82,46,48,49
226,350,44,43,45
98,438,42,46,48
248,351,45,42,46
809,114,47,47,49
475,277,42,43,48
11,231,37,30,31
698,380,42,44,47
1021,238,44,48,52
654,70,46,44,50
142,394,45,44,48
1036,489,51,47,53
1162,289,237,235,252
128,56,156,143,162
1082,149,248,246,254
707,158,45,47,48
641,31,48,51,52
994,93,49,49,52
88,234,212,212,234
144,221,198,196,216
566,326,44,43,46
37,457,53,50,51
994,97,50,49,53
68,468,47,49,49
620,277,47,45,47
861,21,94,88,84
8,376,46,42,46
53,328,36,39,38
634,363,45,41,48
424,179,45,47,50
243,347,42,42,45
755,316,45,44,48
622,205,60,61,66
1139,219,230,229,246
308,318,44,43,43
985,65,102,88,78
436,215,61,55,59
753,87,46,44,49
937,257,48,45,50
386,281,42,46,47
1060,13,94,73,60
68,486,64,59,56
1058,69,70,63,62
611,203,58,56,66
104,269,40,36,40
334,224,204,200,223
116,25,31,31,31
13,91,130,103,97
983,84,48,49,50
475,10,57,46,43
390,24,68,51,42
729,170,46,46,48
820,145,46,47,50
490,379,41,42,46
109,96,159,30,35
460,259,234,235,254
227,4,173,156,181
954,161,48,45,51
795,142,48,48,51
1132,298,229,227,243
1025,387,50,47,52
691,461,116,94,63
434,425,56,54,56
123,146,39,35,32
953,363,48,49,51
762,440,44,47,51
1118,270,234,231,250
1095,254,239,239,255
852,270,52,49,52
596,188,236,230,255
122,188,219,218,245
555,167,48,45,46
1060,467,50,50,54
68,334,31,33,36
1122,5,233,227,249
721,155,46,45,49
724,206,239,236,255
242,196,188,184,204
273,216,190,185,203
374,266,211,212,235
652,71,44,45,52
506,185,218,213,234
1073,55,86,69,65
294,213,190,189,210
882,168,47,47,52
968,252,50,45,52
43,53,112,105,115
87,273,39,36,37
649,452,143,149,194
13,66,104,92,100
498,91,43,42,45
595,260,55,54,56
198,462,46,47,51
997,95,50,48,52
1127,137,231,228,244
607,477,170,168,177
15,355,44,42,46
974,313,42,47,51
99,413,50,44,49
681,165,43,48,47
323,279,42,44,43
434,216,66,65,78
1159,268,236,233,250
87,389,43,44,48
1129,397,228,227,243
479,342,45,45,48
1001,211,48,48,53
652,434,44,44,46
184,49,163,36,46
288,289,46,43,47
371,435,155,152,148
671,96,45,46,46
813,254,243,239,255
1122,280,226,228,245
793,111,46,45,47
947,168,46,48,51
591,168,45,47,49
523,454,123,119,122
271,387,47,43,45
713,317,43,46,48
1160,231,234,235,248
636,16,53,48,52
1060,95,51,53,54
274,423,46,44,46
499,146,37,36,37
1093,484,238,235,255
705,173,50,48,53
614,41,48,43,48
569,229,234,233,255
10,122,153,24,35
611,287,42,43,46
788,339,43,43,46
184,475,45,47,50
776,355,49,47,51
211,15,172,98,111
518,405,44,43,45
1070,371,53,50,56
295,235,49,49,54
674,392,94,85,87
1028,76,97,85,70
0,147,166,29,35
717,106,43,45,50
970,367,47,46,49
987,222,47,48,51
1051,160,47,50,55
1152,79,237,235,248
867,60,101,80,61
1143,420,231,230,243
1007,68,56,56,59
632,493,143,142,148
392,86,33,29,36
192,18,158,33,45
159,152,46,50,55
653,306,42,45,47
138,405,43,43,47
61,388,41,42,44
1088,262,165,162,106
308,112,28,25,28
85,151,162,30,38
226,80,104,106,122
676,317,44,44,48
668,69,47,46,47
8,463,51,49,51
182,181,190,186,207
236,72,189,193,213
144,203,47,47,49
601,364,41,43,47
964,53,75,60,57
1073,39,111,100,108
303,31,49,51,55
903,218,50,48,53
382,196,206,203,226
813,201,47,46,49
939,22,93,68,59
693,419,44,43,46
1134,434,227,227,242
366,368,43,44,46
512,177,78,71,74
115,204,221,220,244
243,114,35,27,32
541,84,44,42,50
1129,235,230,227,243
705,420,42,45,48
41,12,224,220,246
327,231,52,51,54
69,211,137,123,134
1176,155,237,236,252
881,248,230,235,234
394,303,42,43,46
543,299,45,42,48
866,34,102,95,93
622,430,43,45,46
818,249,242,238,255
765,363,45,45,47
1191,60,241,238,252
987,423,47,48,52
1074,397,234,239,255
97,105,158,28,35
546,164,45,46,50
380,462,128,122,142
682,291,43,45,47
240,32,46,32,46
1160,77,236,233,250
310,317,43,43,45
654,305,42,45,46
885,408,47,46,52
803,189,49,48,51
325,320,43,43,46
364,421,44,42,45
804,63,46,47,52
596,450,174,173,184
1026,176,49,49,52
1164,213,237,234,251
1011,44,107,82,63
531,389,41,45,44
59,215,96,89,94
784,375,45,43,49
732,370,47,43,47
1161,0,236,235,251
542,340,40,44,43
344,455,73,72,55
346,402,44,42,47
30,13,224,224,247
725,57,47,46,48
179,167,38,37,42
812,384,45,45,50
538,464,149,151,156
801,124,40,47,50
1196,297,243,239,255
261,2,183,173,191
8,111,143,20,28
771,19,49,50,55
1175,428,239,233,250
714,117,47,46,48
38,471,49,48,54
796,469,140,132,126
699,139,44,46,47
277,439,76,73,50
676,230,240,238,255
1167,66,239,234,253
1115,473,230,227,244
45,274,34,30,30
119,288,33,31,33
312,75,33,26,32
266,319,42,42,47
201,307,44,44,45
1180,330,237,234,252
1148,408,232,231,245
960,328,45,44,49
1124,313,229,229,246
910,415,44,45,49
836,15,89,87,83
1008,319,45,48,51
454,480,177,184,200
697,254,46,46,50
843,284,45,45,48
745,10,48,48,51
1183,301,237,236,252
348,128,31,30,34
333,233,86,67,89
1172,209,239,237,254
212,363,46,42,45
948,418,42,44,48
56,125,151,26,37
624,406,43,44,46
569,445,126,120,122
558,382,41,41,46
968,31,95,72,61
879,426,177,174,170
372,173,193,193,207
959,452,46,47,53
834,488,155,149,130
726,333,46,45,48
360,48,30,26,27
1120,403,230,228,243
493,264,215,218,237
257,110,33,28,31
627,370,42,44,46
734,206,238,237,255
736,419,44,45,47
349,140,33,32,33
137,440,49,47,49
403,390,42,44,44
982,407,48,45,49
493,260,220,216,236
232,27,131,123,139
888,174,49,48,53
821,315,51,43,52
59,147,177,132,152
1065,69,71,64,59
1096,302,237,234,254
916,131,45,47,50
661,178,233,237,255
645,63,46,43,49
891,267,238,239,255
881,292,48,47,51
622,6,53,48,52
559,101,44,44,49
45,442,52,48,51
819,469,48,49,51
617,384,43,45,48
335,220,199,196,217
1077,380,60,57,60
966,7,107,76,63
429,454,149,114,90
22,304,37,36,38
5,318,40,40,42
1015,434,47,49,50
1159,223,234,233,248
638,87,47,45,48
861,328,50,48,51
747,488,150,149,142
824,387,47,43,49
852,423,154,158,196
690,243,48,53,56
808,120,45,46,51
566,186,232,230,255
549,479,139,129,128
323,427,46,47,44
1184,90,242,237,254
879,106,44,46,52
953,180,47,47,51
840,178,46,48,50
194,343,39,42,45
566,339,45,43,46
120,382,43,43,45
611,236,235,235,255
1141,489,232,226,242
434,130,39,43,44
1026,207,49,48,51
905,150,45,48,51
356,22,40,32,32
293,364,45,44,45
191,470,49,49,50
258,271,45,46,46
985,293,47,48,50
944,72,93,90,82
690,77,45,45,49
692,191,242,236,255
136,154,230,228,251
1141,253,230,229,246
780,408,182,185,204
87,110,155,30,35
652,254,45,45,49
141,142,135,136,157
337,93,32,27,28
680,132,47,45,48
135,60,156,138,161
442,104,41,41,45
1080,67,228,234,239
425,90,41,38,41
750,289,50,49,51
225,360,42,43,46
232,390,44,44,47
1187,297,239,238,253
821,349,44,43,48
1093,258,240,237,255
767,276,49,49,52
208,107,42,46,48
337,2,71,70,79
542,4,84,71,55
255,438,56,60,55
1010,147,46,49,51
990,268,49,46,49
684,164,48,46,49
90,35,121,113,123
322,495,49,47,51
839,223,240,239,255
347,337,45,42,47
455,253,117,111,134
1009,470,50,48,52
506,193,210,213,226
1066,75,74,63,60
1195,480,236,236,251
731,364,41,45,46
256,168,188,184,206
240,203,180,179,199
628,88,47,45,48
252,443,55,54,50
680,465,109,81,58
693,334,45,44,49
334,145,36,32,34
626,37,46,44,48
183,77,187,183,202
269,281,46,44,45
1013,281,47,48,53
365,497,70,62,50
9,420,53,51,53
553,441,151,144,153
781,95,45,49,52
653,0,51,50,50
166,225,193,194,216
851,1,95,92,88
1173,52,239,237,251
458,490,125,121,109
780,166,45,47,51
1065,451,51,50,55
441,193,224,222,243
1078,184,249,246,255
137,398,44,44,44
957,37,93,71,59
518,131,49,44,48
196,362,39,43,46
1009,100,46,49,51
1059,143,50,51,54
278,367,43,44,43
1119,321,230,230,244
415,6,41,31,31
93,263,43,39,47
307,449,77,76,48
347,311,44,43,47
426,140,43,41,46
933,231,46,47,52
905,28,107,100,90
1064,201,50,50,55
583,119,44,44,47
918,44,103,98,92
1107,55,232,231,249
478,11,55,45,44
311,227,194,194,214
240,18,186,172,198
30,212,26,31,31
465,421,41,48,48
406,115,37,39,40
207,113,39,38,41
363,254,214,214,235
885,91,44,48,50
1159,417,238,233,249
305,320,38,43,45
114,407,41,44,46
1045,407,45,48,52
57,132,151,31,32
1073,348,233,229,211
320,465,114,109,106
869,152,47,47,49
997,247,45,47,52
243,252,198,196,217
656,280,44,44,46
720,83,44,45,49
216,6,175,159,182
659,156,43,49,48
134,357,38,38,42
374,319,46,44,46
655,27,50,49,50
1134,74,231,227,244
38,440,49,50,51
229,463,86,82,59
900,421,51,46,49
45,144,161,27,37
284,293,45,42,47
647,106,44,45,47
688,24,51,50,52
1086,408,103,79,75
247,248,199,193,215
713,134,44,46,49
853,137,44,46,50
340,54,38,23,29
928,133,47,46,53
1012,418,46,49,51
794,178,42,47,51
3,17,165,165,177
815,122,45,46,49
762,304,46,47,49
1017,247,46,48,49
638,468,106,103,100
776,73,50,47,51
1091,421,250,246,255
407,472,63,56,54
668,362,45,44,49
778,300,44,44,48
1161,183,236,232,252
712,315,47,46,50
973,89,46,48,53
105,211,222,218,245
93,215,214,217,240
74,301,34,32,31
486,397,38,41,42
462,131,35,41,44
865,223,235,238,255
75,71,47,31,50
139,209,201,195,218
1103,216,240,239,255
642,158,46,44,47
339,452,70,67,52
679,440,43,44,46
619,475,182,180,190
382,311,46,44,48
708,160,45,45,50
539,4,83,73,52
1052,280,62,54,109
368,290,44,44,45
774,479,152,148,161
268,21,89,89,102
299,213,185,187,202
638,148,44,44,47
1034,442,46,47,53
632,117,44,44,48
437,369,41,46,45
212,171,184,181,194
328,174,188,184,205
414,132,40,42,44
394,168,40,42,45
996,493,47,51,53
245,112,35,29,33
32,335,39,38,44
964,345,42,48,49
911,129,46,47,48
1107,158,243,237,255
516,144,47,44,48
811,138,47,46,54
1089,496,241,239,255
687,90,47,46,52
114,340,37,37,37
1162,320,238,234,249
496,265,217,216,240
111,317,33,31,35
759,142,46,46,50
635,298,49,45,52
491,81,42,40,45
581,69,42,44,47
445,493,180,179,197
13,489,48,48,51
984,405,49,48,52
924,232,48,48,54
496,7,101,79,56
942,236,47,50,52
599,337,40,44,44
1014,3,98,78,62
411,53,31,28,34
358,139,35,35,39
624,24,48,50,50
113,122,163,32,38
439,339,44,44,50
661,231,235,234,255
595,493,182,182,192
203,91,102,109,125
47,59,111,103,111
402,196,212,210,233
193,79,197,190,210
901,360,43,46,46
565,341,42,43,44
811,349,44,46,46
105,17,118,108,113
755,149,42,44,48
851,62,50,48,50
579,200,233,230,253
1015,114,45,47,52
1004,172,43,47,52
782,345,48,47,51
385,195,204,204,228
622,460,93,92,94
90,201,197,188,218
533,229,163,163,199
202,97,111,117,131
788,336,48,46,51
1127,279,228,225,240
633,78,45,44,48
1107,128,237,234,253
995,362,45,46,52
491,179,28,24,24
706,104,49,45,52
1011,182,49,46,52
915,355,45,44,48
327,75,38,25,30
295,115,31,25,27
694,427,45,43,47
464,312,18,18,16
275,255,196,195,219
397,426,44,44,47
219,69,122,122,139
847,346,50,47,51
173,204,180,180,196
924,170,46,47,50
108,251,218,215,237
1053,6,90,75,62
680,31,53,51,55
613,15,52,49,51
347,300,42,46,44
284,45,43,46,49
1010,80,100,86,68
904,149,47,47,50
88,435,47,47,52
1065,349,50,48,55
300,469,127,117,91
284,199,79,77,96
418,254,225,227,249
908,1,162,106,80
219,323,44,42,45
12,408,46,46,48
561,481,140,128,117
1159,173,238,234,252
46,339,33,37,41
974,349,45,47,50
524,302,40,43,44
1021,2,106,80,65
1117,322,235,231,247
219,68,114,112,126
426,409,44,45,48
536,285,44,44,49
489,206,181,177,190
673,177,54,51,56
737,313,47,46,50
413,284,42,47,46
355,245,66,59,69
220,267,202,202,222
948,365,44,47,48
662,343,44,44,47
441,243,217,216,242
179,57,168,156,180
494,219,208,208,226
1080,179,211,210,234
430,257,230,229,252
602,100,45,45,49
153,289,38,37,41
289,232,75,74,75
822,389,47,46,48
247,219,190,189,210
100,12,116,109,119
1016,274,46,48,51
657,53,43,44,48
1002,107,51,48,52
724,329,47,46,51
914,195,51,47,51
1003,328,47,45,52
626,377,44,43,46
200,322,41,42,43
354,491,66,61,54
1131,380,230,227,243
897,194,46,45,50
731,243,240,239,255
144,409,42,44,46
778,309,50,45,49
1045,415,49,48,54
552,223,192,190,222
544,93,45,45,47
571,32,43,44,46
648,185,237,235,255
834,324,43,48,47
269,287,47,43,48
862,31,99,95,89
544,120,44,44,47
228,451,54,53,51
302,192,193,188,209
953,390,47,47,51
144,246,206,205,228
708,289,45,45,48
881,343,44,46,48
697,343,43,45,48
578,371,40,43,43
94,292,37,33,37
1056,487,50,47,55
579,129,45,43,47
504,53,40,45,46
15,102,139,22,33
298,283,42,42,50
681,360,46,45,47
186,353,40,42,45
134,472,48,48,50
158,276,214,212,232
995,232,52,46,54
512,184,219,215,238
650,44,48,45,46
330,144,37,33,37
410,167,43,41,45
983,100,48,45,52
421,456,173,163,155
669,332,41,43,49
866,438,46,46,51
36,430,50,51,53
472,405,43,44,49
1087,164,64,64,67
919,183,43,48,52
636,41,46,46,47
974,11,107,76,62
240,410,40,44,46
70,85,151,25,35
710,65,44,45,47
101,491,49,47,48
1129,405,227,229,244
403,184,140,138,145
822,351,42,48,48
251,304,45,42,46
1117,382,235,232,248
915,192,44,45,51
80,430,48,47,49
828,426,47,48,52
867,94,50,47,52
818,6,80,79,70
128,282,127,127,162
918,371,48,46,49
1165,492,234,231,248
81,91,153,21,30
750,412,45,45,50
526,193,221,222,242
161,210,104,96,102
1010,402,49,47,51
282,473,111,101,72
372,255,213,211,233
914,448,146,151,187
682,373,43,45,46
1016,356,52,46,53
508,115,33,33,32
468,441,176,183,200
1192,333,238,235,253
780,415,46,47,50
1116,440,230,229,245
944,338,45,46,48
537,25,71,60,51
438,407,109,111,120
1050,230,47,49,52
466,369,45,44,49
594,12,60,52,56
825,411,63,53,54
632,427,44,45,49
1052,299,141,121,112
867,130,51,47,52
373,108,32,30,34
11,431,51,49,53
799,136,48,46,51
278,385,42,44,45
677,149,44,46,49
246,444,60,62,52
701,161,48,46,50
182,227,155,155,169
724,102,41,44,48
1172,226,238,237,253
1010,397,47,46,52
1040,288,51,54,57
21,419,51,53,53
1038,407,45,49,52
1023,17,106,83,64
358,356,45,42,47
322,76,32,26,29
260,314,44,41,46
434,346,43,46,46
9,85,124,116,123
739,231,236,236,255
232,243,96,82,92
80,126,173,109,122
1057,259,47,49,52
163,196,44,37,47
592,147,45,44,48
306,352,46,42,46
251,169,189,184,204
334,487,143,142,156
1162,464,234,233,249
202,316,42,42,43
807,159,46,46,47
466,101,44,41,45
1119,335,231,229,247
374,345,45,44,44
187,179,189,184,207
7,444,55,55,56
765,337,44,44,49
933,141,47,48,52
984,321,45,48,49
329,312,45,41,46
136,270,214,213,236
951,432,48,48,52
315,454,81,72,52
1165,68,235,234,251
910,307,45,46,51
516,100,44,42,45
1133,130,230,225,237
839,416,134,134,158
283,75,34,26,32
685,300,41,45,47
599,297,40,42,47
978,337,44,46,47
803,428,49,45,51
766,221,77,68,63
431,384,44,45,46
194,265,206,203,223
101,358,37,41,42
860,287,50,45,50
541,168,46,47,50
274,427,77,76,58
714,292,46,47,47
5,168,112,108,114
1176,262,236,234,254
556,341,40,40,43
527,36,40,36,39
788,241,151,136,128
646,47,47,45,49
544,392,40,44,45
1071,494,240,242,253
775,137,48,46,48
212,107,47,45,53
374,353,44,42,48
1156,284,236,233,251
761,312,46,47,48
193,61,159,46,60
301,95,32,25,28
390,210,59,53,57
395,345,45,44,47
405,34,37,29,30
1015,243,48,49,51
489,224,193,195,212
755,207,240,240,255
1007,316,46,46,51
1032,307,47,46,54
1106,474,234,232,249
596,377,38,41,42
604,50,43,45,47
265,353,40,44,48
621,278,45,44,47
35,52,152,151,165
732,349,40,45,46
15,276,36,31,32
119,66,154,139,160
1129,335,229,223,239
1050,241,50,48,51
564,331,41,43,45
1169,421,235,233,250
305,85,32,26,28
499,201,161,159,191
1145,270,233,231,245
183,481,45,47,49
1062,124,52,48,55
281,70,36,35,37
182,412,42,46,49
1153,422,235,232,247
528,255,223,225,249
607,380,46,45,51
204,224,192,189,209
557,53,45,42,45
538,444,147,148,159
694,1,52,49,52
1111,319,230,228,248
172,327,38,41,42
205,31,164,35,45
1126,228,233,230,246
515,43,47,44,47
1121,69,229,226,242
614,14,49,49,52
708,56,47,45,49
758,210,240,240,255
57,6,229,230,251
872,95,49,47,50
216,402,42,43,49
669,331,40,45,50
761,104,46,49,51
699,412,41,41,47
568,254,234,231,255
534,281,45,45,49
530,191,224,223,246
161,381,42,41,45
164,46,153,138,162
244,138,37,26,26
893,214,48,48,51
44,105,139,33,43
1034,299,51,54,55
299,470,122,113,87
1081,305,54,54,57
686,86,47,48,51
391,102,37,33,41
523,53,36,39,42
337,296,45,43,47
1100,466,236,233,249
934,130,50,47,52
879,89,47,47,51
145,221,202,195,216
459,455,182,189,205
228,221,186,185,203
821,67,48,49,52
105,487,48,48,49
526,22,65,45,35
815,49,54,50,53
756,336,49,47,51
541,472,152,153,167
992,461,153,157,171
525,202,58,57,61
1198,228,238,236,251
713,411,44,45,45
569,119,41,44,45
86,304,33,30,31
311,308,43,44,47
905,202,45,48,52
1196,56,243,237,253
937,104,49,46,50
612,296,44,45,47
430,366,44,45,46
778,227,66,61,62
973,484,48,48,51
619,84,45,46,48
774,495,157,151,163
106,134,161,30,39
289,76,32,29,32
1191,343,238,237,249
679,161,45,47,51
376,165,48,42,42
862,37,97,93,89
934,225,48,47,49
534,403,42,41,43
82,338,41,35,39
146,203,70,69,93
970,341,49,46,49
428,189,217,217,239
50,309,37,32,34
971,319,48,47,48
703,353,41,44,45
57,62,113,106,112
1133,48,230,228,244
482,200,95,94,106
964,331,46,45,50
1067,268,53,50,55
433,322,43,44,47
203,481,43,46,49
535,91,41,45,46
979,266,47,48,51
690,252,45,47,48
752,133,47,46,51
717,496,155,149,162
487,340,41,44,47
171,303,39,37,37
897,134,46,47,52
274,227,188,189,209
1035,78,89,76,64
297,361,45,41,45
297,196,184,185,204
898,452,47,47,52
1012,142,50,48,53
328,361,42,42,48
513,465,168,168,185
76,305,36,32,35
648,60,45,46,51
371,113,30,32,34
1109,308,234,232,252
1073,418,208,203,207
786,42,52,48,53
154,31,164,149,175
947,366,47,48,51
561,373,40,41,46
793,460,49,46,54
663,282,44,42,50
1153,179,238,235,249
420,204,129,121,133
1132,331,228,228,243
440,152,45,44,47
1014,426,49,49,51
11,397,44,47,45
201,221,187,183,205
810,326,46,45,50
303,310,38,44,47
112,156,198,190,212
707,443,41,44,44
822,200,47,46,50
1018,328,46,48,53
394,455,185,189,213
607,144,43,42,49
667,179,233,236,255
923,82,45,48,50
854,13,97,93,87
70,475,77,65,61
734,74,47,48,49
473,338,50,51,51
572,381,44,44,46
792,83,44,47,49
53,7,230,228,251
1007,53,101,77,60
299,385,44,43,46
1066,23,67,63,60
928,227,44,46,50
610,483,187,185,179
97,118,159,43,65
539,411,42,44,46
879,480,56,52,49
1030,149,50,50,54
16,372,45,42,48
1032,341,49,48,52
1019,264,47,48,55
809,476,166,161,173
580,418,44,44,49
1185,146,239,236,254
563,247,233,231,255
37,495,65,60,53
1113,162,234,233,251
972,38,96,73,60
263,283,42,42,44
1160,99,238,235,251
190,110,131,137,154
831,384,44,44,49
193,242,198,194,216
1004,212,52,48,52
914,198,49,49,53
368,412,39,42,46
122,106,159,26,36
858,327,47,47,50
1118,350,232,228,245
561,240,232,231,255
266,163,134,126,135
1072,405,52,49,57
137,162,150,151,170
79,50,39,31,35
10,428,51,50,54
996,11,130,97,69
671,380,43,44,47
463,91,41,41,44
1162,106,238,234,249
1173,206,240,237,250
1138,147,231,227,245
1063,305,234,232,246
124,296,36,34,36
4,12,227,224,246
1102,160,239,240,255
216,54,197,187,208
648,340,43,44,48
617,375,44,42,48
1032,395,48,47,51
1072,437,57,54,59
254,287,45,43,46
1054,455,47,50,54
192,95,96,99,113
626,184,233,233,254
357,150,38,37,39
199,244,196,194,216
32,111,147,24,34
646,112,45,45,49
59,460,49,47,49
972,287,47,49,50
901,197,51,47,52
95,105,156,27,36
1165,35,240,235,254
386,233,211,212,234
3,160,172,30,37
1178,291,241,235,251
1071,119,56,53,57
919,153,46,47,51
104,456,49,47,50
796,401,46,46,48
78,412,43,44,46
934,154,47,49,53
58,248,33,30,32
0,361,47,43,46
55,165,166,30,34
135,78,162,148,170
787,305,43,44,47
721,182,51,51,56
846,352,43,45,52
458,111,37,42,44
133,134,41,34,35
646,457,192,202,220
764,272,46,49,52
666,10,50,46,50
34,217,29,30,32
1052,83,65,64,61
961,315,44,46,48
145,88,151,135,160
774,71,49,46,51
865,339,42,46,49
764,399,44,45,51
637,341,44,43,47
442,76,45,39,41
391,204,59,53,62
431,467,56,55,62
241,377,49,43,48
955,93,49,47,51
191,210,49,38,51
805,75,47,46,50
947,451,135,136,73
109,266,45,42,45
914,130,52,49,51
638,149,44,45,46
359,319,41,44,47
663,312,44,46,45
105,185,250,249,255
191,120,47,47,54
1024,367,47,47,52
120,167,239,240,255
229,374,43,43,46
1154,339,237,231,250
695,346,43,46,49
135,435,49,48,50
691,336,46,45,47
139,255,211,210,233
554,13,88,76,59
1122,298,231,226,242
181,181,192,188,208
413,147,44,42,44
555,153,45,43,51
211,275,207,205,230
824,231,205,209,227
884,94,45,47,53
98,142,160,32,40
419,453,143,134,132
925,320,48,46,51
656,33,50,48,53
999,82,58,55,57
655,407,43,45,48
163,333,37,36,42
593,287,43,43,45
501,234,215,215,238
160,195,121,118,121
1069,291,53,53,58
167,416,47,43,44
1170,325,238,235,251
401,341,45,45,49
474,288,42,41,43
737,83,44,47,50
1023,302,49,48,47
68,57,144,135,152
280,49,46,46,52
392,126,39,38,40
1095,297,237,232,255
963,127,45,46,53
672,15,50,48,52
601,252,178,180,214
640,425,44,44,50
388,366,44,42,45
403,116,40,38,42
109,471,50,48,50
336,192,189,191,209
119,188,216,218,244
448,428,41,42,43
424,214,223,222,244
403,360,42,41,45
917,81,47,48,51
486,392,38,43,42
681,75,45,45,48
630,39,47,45,50
591,407,46,44,48
262,78,41,41,46
831,101,45,48,49
476,285,50,50,50
0,465,47,51,52
357,368,45,44,44
395,166,44,45,49
393,31,46,37,33
211,147,32,27,31
570,320,42,43,47
659,351,44,44,50
978,163,43,47,50
480,445,173,178,196
1148,404,234,230,247
710,392,47,43,46
485,470,166,172,186
669,109,46,45,47
947,65,105,100,99
1013,371,47,49,53
1070,40,111,100,108
278,129,27,27,27
956,346,46,46,52
175,315,40,39,41
20,364,44,42,45
177,83,39,30,32
721,101,46,45,48
305,50,33,33,38
1068,67,88,78,67
325,293,42,45,47
343,30,39,35,32
455,182,48,46,50
103,406,46,46,48
634,420,46,44,48
346,247,80,72,80
710,7,66,56,56
767,96,47,47,52
447,236,131,128,129
169,469,56,52,52
1026,165,49,49,53
1152,366,232,231,246
711,391,46,47,50
584,200,179,182,217
721,365,44,45,46
837,438,51,46,50
428,495,24,18,21
264,120,34,28,29
484,300,48,47,52
181,30,185,163,189
824,372,43,46,49
664,484,105,79,59
279,218,190,187,208
934,204,46,46,49
68,102,151,27,35
359,156,39,39,40
338,273,45,47,47
901,428,84,107,149
15,204,33,29,31
672,40,47,45,49
918,262,49,50,53
992,343,45,46,51
476,267,150,146,143
705,407,43,43,51
1175,236,238,235,251
732,454,47,48,49
826,238,115,114,183
232,370,37,43,48
783,93,45,46,48
687,149,43,47,49
240,340,42,42,45
371,199,202,200,219
336,430,68,70,51
442,211,224,223,246
1040,30,107,82,63
1031,243,47,50,50
1076,394,241,246,255
169,486,48,45,48
371,338,41,41,46
71,95,153,25,30
1140,307,232,229,244
115,124,163,30,39
50,321,37,36,40
1142,310,232,226,244
89,213,215,220,244
469,350,52,51,55
566,280,44,45,46
104,208,225,223,252
340,11,37,35,40
225,108,34,34,43
76,452,51,49,53
843,8,97,92,89
347,303,41,45,46
473,64,44,41,44
704,442,44,45,48
445,318,47,48,48
267,345,43,43,48
287,78,36,31,31
366,372,43,43,44
631,467,143,140,145
301,470,130,120,94
740,311,45,45,50
644,212,71,56,65
1036,490,49,46,52
710,479,145,130,128
225,52,207,196,219
213,450,46,43,46
383,60,33,28,30
479,351,42,45,46
404,364,43,41,46
1177,435,236,235,252
839,20,89,89,83
1136,238,232,230,246
472,40,74,58,49
944,213,48,49,51
403,241,216,215,239
52,294,36,32,39
219,411,41,45,46
463,88,40,40,44
406,84,38,34,37
996,177,48,50,52
363,277,45,45,48
1027,405,47,46,51
567,348,45,44,46
1163,375,237,233,250
601,204,232,232,248
84,330,36,35,38
144,316,41,36,40
737,349,41,44,46
517,318,46,44,45
330,287,41,45,46
702,6,48,52,55
855,447,43,45,49
1174,204,238,237,252
562,252,234,232,253
34,106,45,35,39
346,24,39,32,33
235,30,42,31,35
1177,57,241,237,250
310,414,41,44,46
1085,121,251,249,255
453,348,78,79,83
431,400,43,45,45
1123,70,230,225,241
431,390,43,43,46
703,477,126,106,74
46,343,40,38,41
611,479,172,169,177
932,9,239,237,255
1129,31,229,225,241
604,231,235,235,255
338,414,45,42,44
560,457,150,147,158
820,11,78,75,71
214,127,30,33,38
68,330,35,36,33
227,196,189,183,204
785,77,45,47,50
396,375,45,45,49
1104,122,236,235,252
680,154,47,46,49
11,115,145,20,29
914,484,50,51,52
959,117,47,48,53
150,459,49,47,50
100,347,36,35,36
342,124,30,31,33
925,387,46,44,48
1005,251,44,48,48
745,175,46,48,51
123,454,49,48,52
150,478,51,45,48
854,219,239,237,254
1163,134,237,235,251
395,453,195,203,217
735,80,43,45,50
867,25,99,96,95
1004,179,45,49,55
733,239,241,239,255
811,212,237,236,254
949,209,44,46,51
224,11,176,164,188
347,155,34,38,41
931,300,46,44,50
413,265,228,225,247
354,378,42,43,45
1031,456,46,49,52
239,242,190,189,208
206,461,47,47,50
292,482,75,73,55
736,311,45,46,48
850,356,45,45,50
552,95,43,44,48
357,231,200,202,224
1078,392,246,247,255
919,65,76,72,62
511,439,162,165,182
315,441,75,71,53
686,108,42,44,51
909,446,80,64,55
1140,172,232,230,248
457,105,43,41,45
490,389,44,43,46
651,175,80,77,90
744,349,45,46,47
111,383,46,42,43
970,24,101,75,58
999,455,49,43,76
1144,465,231,228,243
1001,248,48,47,53
552,22,50,48,48
855,22,91,90,83
95,1,28,25,27
753,327,48,49,49
760,432,43,46,48
4,482,49,47,51
1113,426,233,230,245
553,478,144,139,148
958,159,49,49,51
1176,486,237,234,249
354,180,197,195,216
686,301,49,46,50
385,15,36,27,28
1114,375,234,231,248
307,202,190,188,208
441,465,133,92,78
589,467,124,115,104
993,388,43,45,50
1110,211,232,235,254
227,480,59,58,55
1071,220,53,53,57
387,430,50,45,48
1185,286,240,238,251
493,31,78,59,51
181,34,157,39,48
109,286,35,35,38
851,326,47,47,48
620,353,44,44,49
126,245,214,207,229
35,234,30,29,30
1031,369,46,47,52
843,90,51,46,51
70,441,49,50,51
1019,308,47,49,52
520,86,49,46,49
710,47,45,48,48
697,90,48,45,50
374,291,42,44,47
1184,15,239,236,252
1179,434,235,234,250
984,60,115,93,74
1152,336,235,231,248
319,78,35,25,27
890,187,46,47,51
666,408,47,43,47
165,367,42,45,46
257,208,46,42,46
720,101,45,45,48
986,112,46,48,54
670,430,45,45,49
705,496,116,98,72
535,151,45,43,48
826,185,46,47,51
697,43,44,45,47
412,23,38,31,31
996,356,46,47,52
914,471,50,49,51
738,386,44,44,48
848,164,48,46,50
746,433,47,46,49
99,35,186,183,204
499,379,40,41,47
616,470,177,175,180
465,345,54,52,55
951,280,43,46,51
470,415,46,45,45
764,489,162,154,165
69,4,205,210,229
40,324,40,37,39
1003,381,43,47,51
965,74,69,59,61
203,308,41,43,43
946,151,44,47,50
505,473,104,106,77
474,108,46,42,43
305,112,38,29,30
1067,491,52,54,56
1155,358,237,235,252
1160,331,236,235,250
85,122,166,115,127
763,173,46,48,49
604,110,41,46,47
695,148,46,44,50
141,243,105,98,98
565,403,45,44,46
841,434,47,47,51
238,49,190,184,207
511,278,44,45,47
816,489,163,161,174
1102,130,239,237,255
205,249,194,194,215
324,238,83,78,92
537,60,44,43,46
15,228,36,28,28
288,475,117,110,82
626,460,104,98,104
654,398,43,44,49
650,35,44,43,49
146,221,201,194,217
489,75,46,42,46
333,229,196,198,219
657,184,234,234,255
315,381,40,45,46
545,281,45,44,49
258,395,46,43,44
657,17,51,50,52
1156,113,239,235,249
130,8,185,182,205
92,51,31,30,29
650,411,45,44,45
1185,67,239,238,252
184,147,33,36,38
1113,190,233,234,253
294,241,53,50,54
287,329,45,42,48
972,434,48,49,53
120,259,213,213,237
925,458,44,47,52
1146,403,231,229,244
972,362,46,47,50
562,350,45,43,42
725,285,45,47,48
894,168,46,48,51
19,447,48,49,51
616,218,232,234,252
545,418,40,41,43
380,282,46,45,51
873,190,46,48,52
203,55,53,31,49
27,100,34,28,29
839,106,48,47,51
1011,244,46,48,52
916,301,47,45,50
945,431,58,51,50
9,168,111,86,84
310,311,42,43,45
21,279,33,30,32
766,271,47,49,55
228,398,44,42,46
987,42,105,79,62
144,475,47,44,48
439,114,40,42,43
734,418,41,44,47
916,441,47,47,52
1125,287,226,226,243
385,394,42,42,46
462,345,40,41,45
1189,44,239,237,255
848,481,168,158,102
899,117,46,47,51
178,304,39,39,44
1053,100,49,50,55
779,367,45,45,48
1126,135,230,228,243
610,273,40,45,46
1129,388,228,227,245
122,33,37,35,36
761,245,241,239,255
838,379,44,47,48
558,179,226,229,247
1003,263,46,48,51
682,151,45,44,49
976,142,45,47,52
593,117,43,44,45
305,248,201,199,220
928,177,47,48,50
1169,8,239,236,254
1016,243,50,48,52
264,194,182,180,199
537,43,44,41,47
906,394,48,44,51
358,258,213,212,234
1020,53,87,74,61
634,489,163,162,172
1028,422,48,48,51
134,221,196,193,212
34,464,54,50,52
561,322,45,43,48
1007,423,46,48,53
978,380,45,48,50
36,490,70,66,54
1006,312,47,48,51
1036,187,45,47,54
313,123,30,30,29
943,331,47,47,51
914,358,45,45,51
868,73,49,48,53
314,332,41,43,47
636,92,42,46,47
587,23,47,48,51
721,99,44,45,49
1034,310,46,48,50
597,234,236,237,255
101,84,182,155,169
400,49,31,25,28
1051,44,116,105,101
522,421,42,42,46
1129,82,229,227,242
481,407,44,43,44
559,105,41,44,45
153,2,31,31,29
437,243,222,227,235
857,269,50,51,56
199,173,189,183,205
556,109,41,44,45
843,52,78,64,57
895,345,43,46,50
696,450,43,45,47
1032,137,48,49,52
484,431,173,178,182
273,246,189,189,207
732,159,47,47,48
55,371,43,43,45
661,463,79,63,54
716,456,74,67,51
787,49,50,49,52
233,80,49,39,55
727,178,51,49,53
1066,51,69,67,69
353,363,43,41,47
652,311,43,46,47
180,446,128,129,139
473,110,42,42,44
1037,361,47,49,52
862,436,47,45,49
1183,243,240,235,251
233,286,52,48,50
818,353,45,43,49
1105,429,233,232,254
1038,120,47,48,53
856,109,50,48,53
943,197,45,47,49
85,415,43,47,50
42,296,36,31,33
124,487,49,47,50
327,499,130,133,147
764,56,48,46,51
185,0,154,27,39
861,400,48,45,51
662,492,108,81,55
693,446,49,43,50
974,108,48,50,52
179,410,45,43,47
67,194,39,31,33
271,319,42,42,45
387,52,33,26,24
680,310,45,47,52
1057,360,48,48,51
454,144,46,43,46
440,269,235,230,255
59,209,49,49,49
482,366,46,43,47
1005,342,47,47,52
246,156,35,26,30
225,138,31,28,32
735,494,129,126,128
78,291,36,30,35
524,309,45,44,47
522,157,41,43,48
571,31,42,44,46
951,342,47,47,53
1105,233,238,236,252
1133,74,230,227,243
558,72,40,45,45
1095,482,235,233,251
980,187,49,47,50
1082,468,249,248,255
137,35,133,117,137
892,205,47,47,49
809,23,49,51,54
680,197,237,237,255
57,320,37,35,36
347,301,40,44,45
1038,149,52,48,56
852,316,46,45,49
538,465,157,153,161
45,17,65,61,67
820,150,48,47,50
1117,0,235,231,247
1160,220,234,235,250
505,389,37,41,46
660,475,93,71,55
1054,77,65,61,58
538,416,43,43,42
994,284,46,48,51
876,468,48,48,48
855,498,137,126,84
808,210,224,228,247
663,361,41,44,44
711,330,45,46,49
1062,384,49,48,55
518,218,222,218,240
22,130,155,27,33
444,154,41,45,46
443,182,46,47,52
807,224,242,240,255
755,487,160,156,162
202,287,45,42,46
950,172,50,48,51
159,464,51,49,49
956,273,46,45,51
19,67,107,96,110
783,467,143,137,129
298,493,48,47,49
990,349,43,47,50
459,320,79,77,84
417,35,36,31,29
144,420,47,47,51
79,421,53,56,53
343,258,208,208,230
578,362,43,42,49
860,256,242,238,255
906,255,240,237,255
513,37,62,52,48
560,9,92,82,55
269,91,35,25,30
434,218,90,66,94
806,14,49,51,53
961,37,89,72,58
770,354,44,45,48
834,127,45,47,53
343,383,43,43,45
668,40,48,45,48
1184,136,242,239,255
954,94,47,48,51
663,299,43,43,47
843,450,49,48,50
719,67,43,46,49
1049,7,77,68,59
462,383,52,53,58
124,167,241,241,255
59,228,32,35,35
774,459,47,50,49
867,409,48,45,49
906,326,47,47,49
151,175,208,205,232
1088,315,127,123,190
634,8,50,49,52
532,343,42,42,45
683,222,94,91,123
590,305,44,44,46
60,243,31,30,35
314,496,48,46,47
648,422,44,45,47
800,29,48,50,55
915,264,68,59,110
998,256,47,48,50
327,431,60,61,50
688,57,44,48,50
797,28,49,51,53
332,322,40,43,46
1158,187,235,233,251
545,235,228,228,250
126,442,47,47,51
543,27,47,48,50
979,220,46,47,48
735,478,153,148,149
430,195,219,222,241
722,147,48,47,47
468,394,45,44,47
820,225,243,241,255
174,388,44,44,46
202,378,46,44,44
840,231,239,236,254
978,180,46,47,54
396,325,43,44,46
876,10,84,80,72
510,196,122,121,151
561,458,135,131,140
1057,194,46,50,54
580,308,43,43,46
648,14,53,51,52
69,170,171,38,45
79,214,146,142,168
97,484,46,48,49
966,85,47,49,52
163,181,198,194,215
1058,60,89,77,70
87,153,162,30,39
588,216,210,205,223
178,34,159,71,91
855,366,46,44,48
308,394,46,43,48
1039,252,45,48,53
94,56,28,32,32
498,402,41,44,45
1086,326,249,247,255
689,306,44,45,49
1145,331,235,231,250
24,181,129,121,130
998,274,50,49,52
1071,8,105,79,64
1170,392,235,234,251
1041,307,51,53,55
543,176,49,49,53
810,27,48,50,52
609,253,163,165,201
1002,279,45,47,50
1024,133,47,49,52
827,87,48,48,50
1079,264,54,54,58
1151,434,232,228,249
12,42,64,64,65
655,51,49,48,50
844,475,62,55,47
1068,359,53,52,54
397,371,44,42,48
367,432,54,52,52
933,16,143,98,68
520,48,31,29,28
786,204,55,54,59
1010,214,46,49,54
1096,319,242,241,255
923,171,46,50,51
342,372,49,44,48
376,78,34,28,31
511,164,45,48,49
912,76,46,48,50
888,394,43,45,47
606,204,160,152,194
976,441,122,132,187
290,168,183,185,206
306,302,43,43,46
1050,56,109,94,87
1062,144,51,51,55
839,63,46,49,50
1096,29,240,233,235
651,5,50,50,51
611,26,49,49,51
998,249,48,48,51
437,147,43,43,48
651,494,96,75,58
343,288,48,44,46
896,423,51,45,46
178,212,190,190,205
1063,465,49,50,56
749,360,43,45,47
1116,344,232,229,246
242,57,213,214,234
1078,128,235,244,242
841,269,50,50,49
739,221,238,237,255
98,334,34,35,40
752,398,45,48,50
203,59,38,29,30
686,314,45,43,47
990,475,46,49,55
471,254,104,103,122
303,449,80,75,53
131,313,36,33,36
132,272,215,213,237
901,469,47,48,53
1178,175,237,235,254
405,151,42,40,44
1035,490,50,46,52
266,61,50,49,54
724,470,155,148,159
1051,63,104,91,81
112,474,47,45,50
189,358,42,44,46
694,152,44,46,48
823,174,46,45,52
773,430,46,47,51
890,202,47,51,53
917,67,76,73,69
964,209,46,48,49
218,23,173,164,186
106,492,47,45,52
960,239,45,48,53
999,385,48,47,51
772,337,47,46,50
555,109,43,44,47
651,339,48,46,48
68,101,152,26,34
131,468,45,49,52
901,490,177,157,85
28,249,36,28,31
936,162,49,47,52
600,224,237,237,255
1144,56,231,231,248
346,185,196,194,213
232,327,41,43,45
979,292,47,47,49
639,331,43,43,44
1096,151,247,245,255
143,374,39,41,45
293,142,33,29,30
511,215,220,217,242
353,487,56,54,50
538,214,225,224,248
765,84,44,47,50
277,104,33,26,32
304,63,35,25,32
1154,296,236,232,249
49,183,174,35,40
482,43,42,44,43
368,429,44,42,45
480,225,34,29,32
484,206,28,29,32
814,457,45,46,50
1163,196,238,235,253
1153,457,230,231,244
1057,441,54,52,56
765,175,45,46,48
1153,297,234,233,248
14,52,65,65,68
160,294,39,36,38
1012,284,51,48,54
910,476,49,48,51
254,163,153,147,155
784,117,46,46,50
387,409,40,44,47
580,305,41,45,46
794,284,43,50,52
177,32,174,157,180
987,210,46,45,51
344,240,202,204,224
153,394,45,44,49
547,86,47,41,46
230,88,35,40,41
81,318,35,34,38
738,292,47,46,49
206,84,120,121,137
259,5,46,33,46
1172,318,234,234,251
771,166,51,47,51
556,286,43,45,44
1066,473,48,54,54
475,435,187,191,212
437,189,218,217,242
622,306,45,47,50
678,11,52,50,52
626,469,174,174,183
249,477,83,77,56
1,307,37,39,42
725,429,44,43,49
838,440,48,45,53
421,105,39,40,42
960,57,62,57,57
167,167,42,43,44
617,310,44,44,45
760,392,43,43,48
146,364,42,41,42
919,188,45,46,51
315,415,41,44,45
1046,48,120,112,101
581,430,41,43,45
483,266,202,202,221
330,90,33,24,29
1188,412,238,234,251
1021,358,42,46,54
187,352,45,42,43
1105,353,242,238,255
853,209,47,50,52
95,400,42,43,44
251,180,187,183,201
900,380,43,44,51
47,203,83,84,85
168,109,196,189,210
1101,187,242,242,255
47,321,40,39,43
887,102,49,48,52
142,449,47,47,50
459,303,54,56,56
970,28,93,70,59
633,184,240,235,255
369,356,44,43,46
963,150,52,48,52
203,174,193,187,207
870,92,44,48,50
21,274,31,28,27
822,477,164,164,178
1038,5,102,79,64
153,319,38,36,41
193,186,190,183,204
685,71,47,48,51
300,125,30,29,28
71,275,33,30,32
82,82,151,22,31
506,222,215,213,235
1160,399,234,231,248
653,434,44,45,45
289,198,187,185,202
272,213,187,186,205
176,353,41,43,48
764,404,90,97,138
253,32,203,193,216
354,483,67,62,52
781,317,48,48,50
624,435,45,42,46
734,48,45,43,50
668,289,43,44,48
0,304,40,39,41
1046,173,50,49,53
786,296,47,47,51
389,369,42,41,46
468,36,73,54,47
461,357,41,42,42
629,147,48,44,49
896,214,42,48,50
768,299,47,46,49
968,389,48,46,51
1030,206,48,48,52
691,415,43,45,48
525,23,63,46,31
19,93,120,93,79
1136,494,226,227,241
209,238,59,44,60
178,278,211,208,231
767,216,236,240,255
123,240,97,94,114
635,485,156,156,154
315,437,68,65,50
264,81,36,39,42
318,81,32,24,27
771,127,46,47,49
723,264,48,49,52
136,398,43,45,46
872,291,49,46,50
570,454,123,117,125
488,256,212,210,230
1034,54,151,137,118
645,336,42,43,46
345,295,41,45,47
711,146,47,46,51
649,231,238,238,255
1059,172,48,51,49
637,403,41,43,44
954,447,45,47,48
908,335,46,47,48
1126,305,232,228,245
592,383,44,46,45
400,304,43,44,46
387,390,49,51,49
537,62,48,43,47
1095,274,242,238,255
524,3,32,28,30
393,336,44,43,46
34,127,154,24,34
568,153,44,44,47
197,57,193,182,198
926,13,141,91,67
805,169,49,48,49
256,348,42,44,47
1166,225,240,235,254
847,125,48,48,49
402,339,43,42,45
941,218,50,51,53
818,319,43,45,49
94,413,44,45,49
770,193,48,47,53
862,163,45,46,52
222,282,207,207,228
102,129,160,27,35
832,395,47,46,50
244,347,43,43,47
99,50,31,31,31
118,78,146,129,149
724,56,46,47,49
555,248,229,230,255
50,181,178,34,40
649,397,42,43,46
857,48,105,88,70
315,300,43,44,46
962,65,55,54,54
463,171,44,44,46
14,173,114,110,109
1114,6,235,234,250
432,429,51,48,52
990,246,46,48,53
439,474,117,75,64
338,266,213,210,232
438,209,82,82,83
1033,403,50,48,53
547,65,46,44,46
843,198,45,46,49
1193,111,240,237,254
955,129,48,48,51
95,236,213,211,235
447,178,45,47,49
563,395,44,44,45
1079,414,54,53,57
1062,499,50,51,56
341,367,40,43,42
983,136,46,48,52
347,363,37,42,46
281,322,38,43,45
804,281,46,47,51
1058,217,52,50,54
662,272,41,45,48
389,291,40,45,47
441,161,45,42,46
1133,147,229,225,244
534,161,43,46,49
972,145,47,48,53
611,96,44,44,48
780,37,48,50,52
1044,23,105,82,66
199,396,43,44,45
112,463,50,49,49
151,291,38,36,39
470,493,117,108,62
669,346,43,43,47
131,56,158,141,162
162,339,43,39,43
813,444,46,46,52
756,494,171,165,170
801,414,58,46,83
1177,280,241,235,252
690,327,45,45,50
93,352,37,38,40
10,152,168,27,37
711,296,49,47,48
280,68,35,35,41
372,346,45,41,47
257,124,27,25,26
710,423,46,43,47
714,385,43,46,46
1094,389,247,246,255
343,23,41,33,35
1062,191,49,51,54
256,144,32,28,30
920,130,47,47,50
280,139,33,26,26
1104,230,239,234,253
482,424,42,44,44
61,380,43,43,47
7,84,125,116,126
249,248,196,193,214
124,344,39,36,41
852,456,50,46,52
376,485,64,59,54
807,358,45,45,50
1082,470,240,239,255
968,68,86,75,63
768,30,50,51,53
750,71,48,48,50
395,385,43,42,44
51,244,34,31,28
499,374,43,41,44
233,227,187,186,205
95,169,35,29,29
489,3,48,46,45
1195,457,235,236,250
645,485,116,111,119
1034,23,103,81,64
984,277,47,48,49
175,97,197,192,204
789,274,227,235,255
447,190,223,222,245
752,308,45,47,50
96,472,59,53,52
806,171,46,46,53
107,373,44,40,43
994,181,49,47,51
749,374,47,45,50
350,282,43,46,46
636,334,41,44,45
868,483,163,151,88
1192,117,237,238,254
312,176,185,185,207
285,37,45,46,51
658,209,237,234,255
671,116,48,47,50
322,215,171,166,179
724,6,52,49,53
1068,335,47,47,52
260,273,42,43,46
904,428,175,173,173
1127,199,227,226,244
760,31,49,50,52
995,35,124,97,71
182,294,39,36,38
38,226,37,33,33
1067,340,51,48,54
734,174,47,46,49
571,261,237,233,255
253,242,193,188,210
1077,135,52,51,57
340,367,43,43,44
666,244,45,47,52
762,142,47,47,54
76,261,73,80,105
11,362,45,43,47
326,123,32,28,30
1059,111,49,51,54
803,245,240,239,255
813,356,47,47,50
296,27,50,51,57
1044,138,48,48,52
409,236,73,67,85
720,488,154,149,162
910,416,46,43,48
256,155,34,26,32
1086,498,240,242,253
864,177,46,49,51
21,483,49,48,51
813,449,46,47,52
609,140,46,43,51
6,309,37,38,39
971,398,44,46,49
206,359,47,41,42
461,338,21,23,24
308,15,43,44,48
709,324,45,46,50
455,303,49,50,55
1142,411,234,229,246
993,13,124,93,69
577,405,39,41,43
1198,3,239,236,252
835,388,44,46,52
456,123,44,41,45
933,233,49,47,54
284,224,187,184,203
865,492,101,99,69
471,362,45,46,50
1005,498,52,48,51
557,239,233,230,254
156,112,39,29,30
962,55,69,60,56
838,33,80,75,69
372,498,60,55,51
735,430,46,42,47
887,239,239,240,255
484,141,43,45,49
510,234,185,181,191
502,420,44,43,46
174,391,45,43,46
378,263,217,216,239
568,445,130,124,125
345,255,211,210,233
390,459,154,151,161
1096,481,239,233,252
828,230,243,239,255
59,445,53,48,54
1084,472,228,229,254
77,344,40,37,40
811,300,46,46,50
253,169,187,183,205
861,300,49,49,55
1065,222,44,48,54
693,234,238,237,255
1080,470,240,240,255
630,242,47,49,50
82,330,35,36,35
646,397,45,44,47
1149,109,234,232,248
525,24,64,44,32
707,170,43,46,52
433,241,101,87,125
678,3,47,49,52
875,388,44,45,50
795,353,49,46,50
423,8,34,27,24
830,49,63,61,57
711,352,49,47,51
333,305,44,43,47
1020,95,47,50,53
933,61,97,92,85
251,47,211,213,233
1080,190,245,243,255
511,374,43,43,46
692,399,54,45,46
169,273,209,208,230
206,88,117,121,136
1077,149,238,234,230
422,275,54,50,68
482,462,174,178,191
826,33,72,67,59
884,91,44,48,50
778,37,51,49,53
654,79,44,46,48
687,304,45,44,49
1180,345,240,236,253
184,410,41,43,47
406,360,44,40,44
552,333,42,42,45
763,172,46,47,50
996,126,47,47,51
842,318,48,47,52
1028,249,46,48,51
1,396,46,45,50
1145,430,229,229,243
111,263,59,54,79
654,98,44,46,47
752,318,46,46,50
805,361,44,46,46
1103,310,240,236,253
1040,495,51,49,52
280,149,36,29,31
1163,426,235,231,248
290,487,60,56,53
915,393,44,45,47
294,36,51,54,58
517,78,37,34,38
643,309,43,43,49
498,260,220,218,239
694,135,43,45,50
598,159,47,44,51
479,192,205,205,222
83,159,147,35,40
136,447,46,45,51
404,118,39,41,41
319,316,42,43,47
89,352,37,37,41
516,489,108,99,73
50,202,64,57,68
1,79,123,113,124
826,3,89,90,85
1077,203,51,51,56
279,293,47,43,47
412,31,31,28,29
284,494,63,57,57
855,181,47,48,51
808,14,54,54,57
67,206,48,45,49
205,451,47,48,48
109,95,159,30,37
934,114,47,48,53
1090,447,239,236,255
298,470,122,112,85
727,314,42,45,47
1114,288,229,229,246
131,383,45,44,47
241,223,136,135,157
578,254,234,236,254
779,306,43,45,47
630,360,44,43,46
302,278,41,40,47
729,95,47,47,46
1142,413,233,232,247
976,479,44,47,50
1129,193,228,227,243
186,241,139,135,167
223,289,44,42,45
520,208,220,218,240
1113,159,235,236,253
321,464,112,108,106
1051,465,48,49,51
922,207,46,47,53
929,148,48,48,51
305,364,46,44,46
872,203,47,48,52
1100,82,237,235,251
1117,121,232,228,246
1046,103,52,51,54
1131,473,231,227,243
109,439,60,61,61
1148,327,234,231,247
74,53,176,176,197
321,337,44,42,47
3,287,33,32,34
338,24,38,32,32
1065,75,73,63,61
828,94,46,45,49
270,341,45,42,45
753,282,49,48,52
534,92,44,45,47
213,381,41,44,46
366,363,46,43,46
1199,112,241,236,255
115,388,40,42,45
809,208,53,51,58
415,96,35,38,39
1165,125,239,235,253
676,431,42,43,46
1088,355,204,186,201
70,34,113,104,114
731,350,46,44,48
452,388,26,24,25
618,278,43,44,47
1056,53,108,102,101
249,352,42,43,43
195,436,45,49,52
182,151,36,35,41
933,128,47,47,51
321,276,45,42,47
828,91,45,48,48
566,257,231,233,255
858,139,45,46,52
150,105,36,31,31
94,343,35,37,36
388,32,44,31,29
957,262,46,47,49
1100,121,239,239,255
1112,41,238,233,249
97,297,40,32,36
981,288,47,48,52
1075,395,239,242,255
574,134,45,47,49
985,297,45,46,52
948,297,43,46,49
608,201,235,234,255
519,345,40,42,45
1163,219,234,234,250
883,9,89,84,73
724,135,46,46,50
45,269,38,34,34
1149,1,236,232,249
1019,119,50,47,52
608,482,182,178,183
186,385,39,43,46
465,32,86,64,48
961,94,47,48,53
896,320,48,47,50
641,245,46,47,49
431,280,45,48,50
4,2,167,151,181
740,105,45,46,50
872,326,47,48,49
16,382,47,43,45
938,405,48,45,48
89,119,158,58,70
808,163,49,47,48
690,410,42,44,48
1041,357,46,48,49
978,391,39,47,50
768,494,159,154,163
1069,159,51,53,55
171,88,37,30,31
1083,143,53,54,57
516,275,44,45,46
751,371,45,45,46
925,395,45,46,48
1022,459,47,48,52
44,195,97,96,103
152,473,47,48,50
1032,208,50,47,54
815,311,45,45,50
183,366,41,42,43
1103,150,240,240,255
156,271,211,208,233
90,345,38,38,40
784,26,51,51,53
691,168,47,47,49
340,331,42,44,48
215,125,38,34,40
826,248,241,239,255
436,333,42,45,47
1193,368,239,236,254
263,473,113,103,77
797,221,243,239,255
164,268,207,206,225
908,242,240,239,255
460,354,38,33,38
1128,239,230,226,244
758,104,44,45,48
527,426,40,42,44
630,14,48,49,52
238,60,210,213,233
633,291,41,46,46
55,373,40,42,41
354,223,203,202,225
203,204,186,182,203
738,489,105,100,98
547,95,41,44,47
807,111,47,44,50
524,23,65,44,31
144,122,200,190,213
934,173,46,48,52
524,448,139,134,149
135,224,193,190,211
318,390,43,44,45
1126,120,229,226,242
217,370,45,43,45
526,258,225,225,248
911,125,50,49,52
252,335,44,44,46
114,17,118,113,120
745,451,49,47,52
1163,471,238,233,248
560,298,44,43,50
678,471,109,81,58
475,321,54,52,53
902,96,47,46,52
749,0,47,50,52
702,426,46,43,43
781,330,46,45,50
761,497,157,152,159
730,190,241,238,255
554,201,228,227,248
400,481,62,61,55
107,450,46,46,48
303,380,43,43,47
771,101,45,45,48
215,126,39,35,37
1122,331,228,227,243
192,211,133,126,141
1107,96,236,231,251
972,95,47,49,53
354,475,62,55,54
442,440,23,19,22
946,476,48,49,51
882,251,236,238,255
941,56,124,112,103
681,483,112,85,60
228,381,42,42,47
102,471,51,48,51
1166,406,233,235,250
54,108,149,21,33
772,451,49,47,49
839,235,64,55,65
86,258,217,215,239
1016,45,101,81,63
399,91,32,34,37
1073,353,237,237,221
978,165,47,49,52
793,235,238,235,255
1148,276,238,233,250
588,225,235,233,255
334,303,42,45,46
894,274,54,52,55
1085,283,250,251,255
643,222,240,236,255
933,72,83,82,77
460,151,46,43,45
896,29,86,82,79
143,350,37,42,44
548,419,43,39,45
493,69,44,41,43
1045,62,107,99,81
705,112,44,47,48
37,319,35,33,37
41,401,43,45,46
224,410,46,42,47
1111,153,239,234,252
529,192,221,221,246
615,368,43,43,45
1104,84,235,233,251
835,273,49,50,54
186,484,48,47,48
296,81,31,26,28
327,418,45,43,46
163,328,38,37,42
344,267,212,209,233
690,247,52,47,54
418,468,145,132,118
488,123,43,43,45
565,363,47,43,47
293,326,42,43,48
743,37,49,48,54
110,458,51,49,51
101,492,49,48,48
590,44,46,43,47
270,151,34,26,32
437,149,41,46,46
590,417,44,45,48
764,494,162,156,169
1092,274,245,241,255
181,414,44,46,45
1054,39,112,102,97
112,92,163,60,84
973,295,44,47,50
628,490,125,120,110
196,153,35,31,34
19,440,52,51,55
983,358,47,48,52
557,401,42,40,46
649,174,52,49,57
195,353,42,42,45
308,401,43,43,46
47,112,148,23,31
1195,132,242,238,255
394,174,44,44,46
728,102,47,46,52
333,384,38,44,43
453,294,42,45,49
65,364,41,40,43
198,176,188,185,204
662,216,60,60,72
943,13,148,113,103
253,243,195,191,211
764,21,50,50,51
227,466,73,70,56
31,40,223,224,248
622,411,44,43,45
457,140,45,42,46
920,220,47,48,50
608,269,43,46,45
412,331,42,43,46
128,78,154,138,161
402,370,42,43,47
792,421,48,48,48
655,81,45,45,49
754,138,48,47,51
923,172,47,49,52
314,367,39,43,44
1011,256,45,48,53
1082,0,248,249,255
567,187,232,229,255
162,95,204,189,212
672,470,102,77,56
949,379,49,46,52
350,115,34,28,36
184,338,41,40,41
1011,126,46,46,50
938,306,44,45,48
313,29,43,44,47
258,410,45,43,45
338,421,41,44,45
945,334,44,45,50
670,465,96,75,56
308,88,31,24,29
1047,269,53,51,54
1138,276,228,228,242
377,31,33,25,26
284,175,183,181,199
947,379,47,48,49
121,354,38,38,39
1081,55,230,230,251
327,317,43,43,46
260,63,41,43,47
427,19,37,31,33
588,362,44,42,46
686,284,47,46,48
305,119,37,27,30
1093,24,63,61,72
896,329,42,45,49
139,294,34,34,38
1197,125,240,237,254
16,19,224,223,248
710,232,237,237,255
36,302,33,33,32
482,429,55,49,47
183,164,37,30,39
363,57,37,28,30
571,489,127,119,108
383,401,45,41,44
510,338,43,41,45
357,292,43,43,50
8,415,51,51,53
159,368,44,40,47
265,358,44,43,46
767,346,46,46,48
1132,192,230,228,245
635,89,47,45,48
196,132,34,36,39
889,31,111,109,107
216,437,46,48,50
971,271,50,48,53
886,113,49,50,50
235,50,194,187,205
891,489,180,162,104
312,104,31,28,27
915,219,47,46,53
503,118,24,21,20
692,100,45,45,49
591,19,48,49,52
845,324,45,44,47
505,316,45,44,46
631,142,45,45,49
825,491,162,158,161
136,310,35,35,37
1034,349,41,48,52
745,409,49,48,52
118,404,43,43,49
804,40,52,50,56
176,232,195,194,212
195,258,200,201,220
1020,393,44,48,54
658,33,54,50,52
894,325,44,45,51
63,115,151,23,35
986,265,47,49,49
83,104,154,25,31
85,340,37,35,39
1052,222,48,48,51
1152,242,235,232,249
673,497,106,83,62
826,295,48,45,51
283,496,81,72,76
278,276,41,42,47
1171,338,236,235,250
651,1,49,50,50
97,177,215,215,235
149,281,216,216,236
7,278,36,32,34
582,188,236,234,255
727,33,73,60,55
645,135,42,44,47
245,235,189,186,207
445,442,124,95,93
1006,247,47,47,49
232,490,53,54,50
583,168,48,46,47
758,309,49,46,50
626,76,44,44,48
541,180,223,223,246
718,438,41,44,47
184,18,155,27,38
451,108,44,41,45
69,353,39,39,42
1064,424,52,50,53
832,20,85,82,77
826,445,47,47,52
401,412,44,44,45
890,131,46,48,50
976,334,48,48,50
777,472,167,164,175
732,136,46,47,45
410,387,43,44,44
1025,213,47,48,53
253,292,44,43,47
277,417,44,42,45
1152,373,237,234,247
1096,492,237,234,252
58,177,171,36,42
751,274,47,46,50
67,238,35,35,39
928,458,49,47,52
378,242,212,211,232
392,204,69,61,69
624,247,61,55,82
386,131,38,37,40
1000,452,52,48,52
1095,213,250,245,255
781,349,47,47,49
925,267,46,47,52
1108,121,237,233,251
436,317,46,45,46
963,103,52,48,51
1156,269,236,234,248
1080,53,67,74,91
1158,375,235,233,250
1136,259,228,226,242
920,110,44,46,49
189,310,40,40,44
1163,385,238,237,251
1004,86,46,50,51
755,380,45,45,47
220,59,137,131,152
901,482,56,51,52
302,77,35,23,28
812,497,159,149,148
542,144,43,44,48
546,372,41,42,45
561,487,139,134,121
1139,82,228,230,245
918,360,48,47,52
626,365,40,42,47
670,280,46,43,48
608,292,46,45,49
347,176,193,190,211
904,236,242,237,255
207,287,46,43,46
984,461,44,48,50
468,408,46,46,48
409,391,43,43,47
873,388,45,45,51
783,332,45,47,47
703,359,47,45,48
1155,74,238,235,251
1134,448,230,227,239
429,188,217,217,240
1097,191,245,242,255
1197,414,236,236,252
956,187,44,47,51
440,46,36,36,38
569,107,46,44,46
0,70,35,27,31
921,141,43,49,52
1044,250,45,47,52
16,87,131,119,130
930,198,48,47,51
1086,395,255,255,255
463,446,179,184,200
877,56,93,91,87
1138,194,229,229,244
63,80,32,29,32
32,197,67,80,60
681,410,46,43,47
881,11,77,70,67
335,224,200,200,219
783,453,46,47,51
970,3,104,81,65
978,85,47,48,51
873,45,101,96,95
337,491,140,138,151
553,56,43,44,45
657,90,44,44,47
1063,128,49,51,54
343,196,196,194,214
48,400,46,44,50
27,145,163,29,38
288,44,44,47,52
980,212,48,46,54
403,394,42,44,46
321,359,41,44,47
503,70,69,68,73
769,39,49,48,52
1046,357,47,47,52
355,34,39,31,30
1039,424,45,49,53
1019,67,105,89,80
606,267,42,45,51
962,126,43,47,52
592,359,43,44,46
147,450,49,47,51
670,76,46,45,47
833,231,240,238,255
588,204,230,229,253
694,315,47,46,49
141,325,35,35,36
1088,303,100,86,94
1159,4,237,236,251
213,453,48,45,49
1120,102,230,228,245
226,460,81,78,53
893,183,48,49,52
313,486,103,103,111
239,108,33,32,35
1096,383,246,245,255
1182,479,233,231,248
1162,221,236,234,249
1050,14,71,65,60
313,46,35,29,34
111,231,194,192,212
841,448,48,48,51
364,436,71,69,54
744,8,51,50,53
1106,252,234,232,251
886,162,46,48,50
1085,62,254,251,255
507,37,88,64,53
652,106,47,45,46
1179,182,234,236,253
333,391,43,44,47
504,301,45,43,46
69,38,112,103,111
921,234,49,49,54
556,11,88,78,58
1129,72,226,228,245
473,230,166,166,192
451,399,118,116,112
808,97,45,49,52
602,17,38,49,51
727,79,50,44,48
453,234,231,230,253
1022,221,50,48,52
329,0,76,67,67
596,192,235,231,255
721,275,47,45,49
743,419,44,44,45
810,439,43,45,50
527,358,42,42,44
27,274,39,32,31
922,458,48,48,51
1042,93,48,49,53
634,286,44,43,47
570,0,110,95,89
700,408,46,44,48
920,53,85,82,73
675,476,108,82,60
708,228,129,143,159
429,40,32,31,33
939,493,164,153,86
599,404,40,42,48
193,380,40,46,47
257,272,48,46,52
914,391,51,46,49
207,167,40,35,36
872,315,48,47,49
210,76,194,199,218
714,326,49,46,49
235,129,33,27,30
635,396,44,46,47
840,270,47,49,52
184,343,39,42,43
858,279,45,47,51
184,75,194,186,208
692,151,43,47,50
405,72,35,33,36
394,274,50,50,55
1050,204,50,50,54
978,158,49,46,52
190,287,39,41,44
345,353,46,42,47
599,443,193,197,217
626,473,186,182,195
977,166,49,48,52
188,365,41,43,43
1170,156,237,237,254
1025,465,50,48,52
880,457,45,46,51
958,276,52,46,50
1006,239,49,48,53
397,79,28,31,33
724,275,44,47,50
987,206,47,45,50
881,415,45,47,50
517,97,41,46,45
243,264,201,200,224
322,269,45,44,53
1035,420,49,47,51
404,89,37,32,39
950,70,108,97,97
1080,355,249,249,255
730,148,46,46,51
396,393,37,44,48
304,130,31,26,29
694,83,45,47,49
701,392,42,45,48
864,87,46,48,49
199,318,44,40,44
418,436,46,45,46
131,77,158,143,165
411,453,92,91,80
771,186,48,48,49
539,255,229,227,250
539,126,47,44,47
297,455,73,72,52
77,134,167,91,108
992,317,44,47,51
372,325,42,42,48
980,211,47,45,52
1144,37,237,232,248
1002,219,46,47,53
370,322,42,42,46
171,218,196,191,212
130,158,233,233,255
993,497,46,47,54
156,76,156,140,163
49,331,41,40,37
634,26,50,49,51
341,470,136,136,146
738,51,46,48,51
785,491,153,152,162
724,497,156,148,162
478,303,50,51,56
1051,85,66,64,61
739,421,47,45,48
983,210,50,47,53
107,342,33,35,35
994,290,48,47,52
1178,102,238,236,251
495,62,44,42,44
151,240,72,58,81
417,359,40,43,45
30,381,50,43,49
813,408,72,80,66
5,457,50,49,53
1175,493,236,233,251
839,133,47,47,49
325,109,33,28,28
260,225,190,185,207
1130,317,228,225,244
996,358,47,47,50
303,157,35,31,35
430,361,43,44,46
368,494,77,69,54
592,458,118,110,106
1036,13,103,83,63
615,389,44,43,46
802,128,46,48,48
671,475,101,77,58
518,158,44,46,49
638,325,47,46,48
399,395,41,43,47
541,228,228,227,252
168,298,34,35,38
349,412,44,43,45
49,92,191,188,207
986,340,48,46,51
11,28,224,224,247
240,408,45,42,48
924,77,48,47,51
451,114,40,42,47
112,236,123,116,128
1129,494,233,227,242
574,272,53,52,55
674,300,44,44,47
92,395,43,42,46
1111,9,238,235,251
1196,74,236,235,254
205,304,37,43,42
787,130,42,47,48
1154,164,233,231,249
312,221,190,191,211
1041,345,51,48,54
649,340,43,43,51
47,120,147,26,33
653,295,40,45,45
147,430,48,48,51
164,231,127,124,129
177,284,46,42,64
995,367,49,48,51
141,109,94,51,54
955,140,48,48,49
312,271,48,44,48
1106,106,233,230,249
505,44,45,43,44
217,411,45,44,48
320,374,43,44,46
720,34,173,110,73
93,55,30,29,28
138,204,201,194,219
790,423,47,44,49
984,32,104,85,62
988,144,47,49,52
688,367,49,46,52
1078,410,55,51,56
341,89,35,29,28
1167,112,237,235,253
427,177,42,44,47
1075,48,87,78,75
968,448,60,51,50
1029,399,46,48,50
803,202,46,46,51
738,492,108,100,85
180,95,38,32,35
204,100,137,141,161
890,329,48,45,52
275,458,69,65,55
604,272,43,43,48
628,260,47,47,51
117,415,47,45,47
645,414,41,44,45
221,472,58,59,51
905,246,238,237,255
462,224,231,229,251
732,451,46,48,48
947,52,82,62,58
802,421,44,48,50
58,146,177,115,129
787,160,45,46,49
1042,368,47,47,54
288,375,43,44,44
51,180,175,32,40
954,338,43,47,51
256,139,34,25,27
665,366,45,42,46
256,7,59,38,61
84,167,56,32,44
1093,313,244,242,255
1196,157,241,236,255
375,91,34,30,31
375,77,35,30,32
544,275,45,45,51
855,304,46,47,51
1083,274,54,52,57
1017,257,47,47,51
460,95,42,42,46
876,66,52,48,52
395,8,37,27,28
942,363,45,45,48
374,149,35,37,42
73,17,34,32,34
886,104,49,49,50
564,5,92,76,58
700,313,41,45,49
1116,398,234,230,247
487,496,119,109,60
866,52,102,89,76
719,48,47,47,50
731,343,45,43,49
508,479,110,101,71
799,131,43,46,49
1083,188,253,250,255
1171,276,240,236,252
184,341,43,40,45
537,348,45,43,46
414,107,38,40,41
828,9,89,87,80
813,190,50,49,51
282,283,41,44,46
836,201,47,45,49
1070,32,106,100,105
485,402,42,42,43
574,207,91,89,79
561,82,43,43,46
1193,215,241,236,254
351,124,31,30,35
714,464,147,135,138
530,124,43,43,48
630,239,45,48,52
486,434,189,191,213
672,458,96,72,55
852,398,44,45,49
1195,131,242,239,255
625,242,55,56,70
1086,341,87,84,93
362,380,44,42,44
741,140,46,45,50
46,157,164,28,36
1046,161,48,49,52
192,13,178,160,181
943,376,48,44,54
1175,498,235,233,250
1107,498,231,231,246
179,478,50,46,49
1183,55,242,239,254
889,70,45,47,54
1052,492,50,51,54
1121,225,226,227,245
1007,108,50,48,52
429,203,224,223,246
547,331,44,43,43
1196,290,238,236,252
192,408,44,43,45
1056,174,48,49,53
575,38,44,44,46
1116,394,234,234,249
117,298,34,33,34
928,454,55,51,54
789,96,46,45,51
619,207,214,222,241
715,64,45,46,51
739,167,50,47,52
337,361,44,43,47
174,287,37,38,40
906,348,49,46,53
1032,29,102,80,62
657,221,237,236,255
0,2,228,223,247
702,168,46,47,52
280,105,35,26,29
1006,40,106,84,62
1004,256,48,48,54
893,33,113,112,111
768,53,49,46,49
789,267,241,237,255
659,297,44,44,49
162,173,201,200,223
454,353,42,36,45
551,13,86,74,57
673,161,45,47,46
699,103,45,47,47
576,477,115,104,90
1154,129,235,233,250
997,63,79,67,58
344,469,70,67,65
627,349,43,44,46
39,473,45,47,48
451,158,43,44,45
64,31,118,107,122
695,376,43,44,47
871,6,85,81,76
945,286,48,44,47
974,178,52,47,53
105,24,121,111,119
823,93,44,46,50
828,304,45,47,49
523,169,47,46,49
43,102,34,30,34
667,226,238,236,255
969,341,46,46,50
419,163,46,43,45
72,361,40,43,44
214,36,166,36,45
844,2,92,91,85
1003,188,48,46,51
212,82,118,119,135
584,204,73,61,64
984,289,48,48,52
1195,186,242,237,252
614,140,44,45,46
911,331,44,46,49
900,473,47,48,50
1001,125,45,46,53
656,189,237,236,255
820,450,45,45,51
596,480,177,169,178
987,336,44,46,49
35,472,51,48,52
823,142,42,47,49
502,387,40,42,46
275,84,35,32,31
1006,402,49,48,52
179,16,164,127,143
118,225,48,44,53
683,231,237,236,255
992,75,68,63,58
959,20,106,76,62
415,458,128,120,137
183,152,34,36,41
687,446,43,43,47
1103,231,238,238,254
84,203,246,245,255
347,450,71,69,51
828,390,45,47,48
629,109,43,45,46
1101,262,236,235,254
888,405,43,46,47
136,70,163,147,171
753,451,37,46,50
212,419,42,44,47
180,17,154,37,61
748,78,46,46,49
996,52,99,73,57
279,190,188,185,202
861,119,48,47,50
684,197,242,237,255
506,114,31,30,35
1031,328,44,47,51
892,197,45,47,50
711,80,46,47,46
310,94,33,26,29
601,199,237,233,255
883,99,47,48,52
715,193,243,238,255
362,313,47,46,47
913,155,49,46,49
236,450,47,47,47
712,460,133,114,96
384,88,34,31,34
857,279,44,48,51
128,4,119,110,124
407,235,162,160,196
632,340,45,43,44
1022,162,53,48,50
204,128,33,36,38
302,200,175,173,192
1131,487,230,227,242
381,168,41,43,45
981,205,44,48,48
1107,129,236,233,253
455,8,44,38,36
410,108,40,39,41
13,192,107,101,102
1007,438,49,48,51
705,263,48,46,52
99,433,51,47,50
1024,381,46,46,51
1067,4,102,79,64
539,58,44,43,48
1032,245,46,47,52
34,484,46,49,50
135,241,191,191,197
737,406,125,120,135
1027,181,47,49,53
861,289,48,47,50
885,95,46,48,51
1109,441,237,235,251
1191,290,239,236,252
1069,268,46,50,55
324,451,69,63,53
592,220,234,234,255
529,320,45,43,43
384,342,44,42,46
426,246,164,163,173
1190,484,238,235,248
560,315,47,43,47
1170,133,238,236,252
639,14,47,51,53
1020,480,46,47,53
498,412,43,42,47
708,293,46,45,48
575,199,81,73,70
1027,298,49,48,52
515,169,48,47,49
388,117,36,36,39
132,435,50,49,52
1167,84,239,235,252
129,347,41,37,39
596,464,149,144,135
295,429,89,86,59
1052,488,49,49,54
336,244,206,203,224
582,478,117,109,91
312,331,43,44,47
909,377,46,45,49
779,494,162,159,174
927,206,46,47,51
847,450,52,46,54
609,384,42,41,47
245,192,192,188,204
1185,457,234,235,251
912,286,44,48,52
788,462,49,49,53
550,159,41,44,47
1074,7,108,81,64
1102,25,240,237,255
32,433,48,48,51
1143,374,235,232,247
691,445,43,45,47
522,17,41,31,28
929,198,46,47,50
191,176,185,185,205
678,292,46,46,49
206,8,161,65,98
781,73,47,46,52
1096,88,245,240,255
85,115,154,29,37
686,275,43,45,49
465,232,232,229,253
866,197,47,47,51
651,8,49,50,51
50,327,39,39,38
804,130,46,47,50
912,3,116,75,63
658,495,100,74,57
549,456,154,152,157
1030,61,138,125,109
518,157,41,45,49
57,68,26,28,30
830,246,69,60,70
950,118,48,47,52
895,223,210,207,224
1031,260,49,49,53
383,346,45,45,47
1136,282,229,227,242
1039,442,44,46,52
69,90,152,23,34
860,178,46,48,51
743,341,46,46,49
206,83,112,112,129
370,373,44,42,45
1007,30,106,82,62
704,213,238,236,255
302,392,42,44,46
1168,190,239,239,253
248,361,43,41,46
71,145,158,33,42
448,96,42,41,45
122,95,189,170,192
737,262,172,177,206
1127,298,230,227,243
161,452,46,47,52
174,392,43,44,46
800,183,46,45,52
85,22,114,106,110
401,127,43,38,44
343,414,43,41,46
89,91,151,25,35
1008,454,44,47,50
541,76,44,43,46
40,297,31,30,33
896,237,241,239,255
277,207,48,45,51
338,37,44,35,33
570,406,42,42,45
872,372,43,45,49
575,231,231,233,255
333,49,32,24,27
993,115,47,48,51
186,32,187,171,192
792,125,49,46,50
383,417,45,42,50
91,121,188,154,168
227,79,108,109,126
384,374,42,45,45
610,142,43,46,48
127,25,29,28,28
617,352,46,44,47
129,9,188,182,206
552,37,45,43,45
1050,3,199,191,184
14,409,48,48,50
636,374,42,41,48
924,68,77,69,68
407,394,40,43,46
307,477,127,117,98
100,235,205,203,225
417,167,41,43,46
944,330,44,46,50
675,104,48,49,50
498,335,39,41,47
775,353,46,47,50
123,106,162,25,37
28,221,32,31,32
268,451,61,61,51
578,494,172,170,175
488,298,45,45,52
894,400,46,49,48
193,247,201,196,220
791,161,45,46,50
924,351,47,46,49
485,335,43,45,48
313,384,40,43,46
24,339,38,39,41
343,444,75,74,50
1170,469,232,232,248
318,290,45,45,48
213,422,47,47,51
644,289,44,43,47
629,313,40,41,47
984,408,46,46,50
1110,312,234,230,247
543,453,126,121,126
1,272,34,28,31
890,275,49,49,53
1135,248,232,230,244
667,401,42,42,45
189,14,164,88,99
579,172,48,47,49
730,484,152,147,159
173,207,193,189,208
421,114,40,39,43
108,476,47,48,52
557,413,44,42,43
743,226,237,237,255
771,399,43,45,47
505,330,47,41,47
137,397,42,43,48
152,75,158,141,163
797,88,48,48,51
357,263,213,210,234
880,437,49,46,50
784,374,46,45,49
821,375,45,43,48
64,100,148,26,30
512,166,47,45,49
873,127,44,48,53
873,332,45,44,49
789,491,160,156,171
1072,36,111,100,109
1166,311,238,236,252
1027,452,46,46,52
884,294,48,47,52
575,418,41,41,46
1037,342,52,48,52
964,458,118,119,126
402,394,42,44,44
634,173,83,77,90
268,242,85,74,100
598,429,43,45,44
602,200,235,233,255
246,427,91,90,61
880,147,47,47,52
1164,239,237,235,251
1024,363,46,47,52
754,416,45,46,49
908,251,241,238,255
382,173,50,49,52
564,262,232,232,254
571,331,42,43,45
1051,497,52,49,55
1095,179,250,248,254
1168,255,233,233,251
1085,346,74,67,61
204,200,190,184,204
186,213,169,158,171
353,484,62,59,56
331,227,177,181,195
75,226,52,52,62
95,306,33,33,34
647,117,45,45,47
571,222,233,232,255
1051,281,117,115,204
894,313,46,46,49
483,146,45,44,48
332,320,42,42,45
991,347,43,47,52
173,412,41,45,48
707,12,61,53,55
466,472,178,184,202
812,382,42,45,48
1005,448,46,48,54
822,305,47,46,52
1021,309,47,46,50
1020,431,46,47,51
403,444,191,194,211
308,438,75,74,58
269,193,130,123,149
1023,164,46,47,52
375,98,32,32,32
192,192,188,181,203
124,100,161,32,40
990,111,50,47,51
862,355,43,47,47
984,470,47,47,51
322,257,205,205,227
72,234,50,51,54
853,141,45,45,54
401,180,47,46,49
928,406,47,46,50
910,105,46,48,49
708,365,45,46,48
1161,84,236,234,252
740,189,239,238,255
347,493,67,62,51
402,119,36,38,43
483,103,45,43,46
1090,314,242,250,238
334,404,45,43,46
1161,55,241,237,253
423,397,42,45,48
33,481,50,45,51
788,41,49,49,50
775,51,46,48,52
236,230,68,63,73
523,304,44,43,47
914,338,43,46,47
528,449,148,144,155
193,419,45,44,48
1009,233,50,49,52
925,77,46,48,50
939,309,47,48,51
1135,405,227,225,245
182,94,39,30,31
278,243,90,84,95
11,206,33,25,33
1061,331,51,48,55
326,490,116,118,129
436,35,39,33,33
473,415,45,45,44
1032,23,103,79,63
360,34,41,26,29
211,472,47,48,47
347,499,60,56,51
1096,53,236,236,244
272,395,43,42,46
599,277,43,44,46
408,449,50,51,51
347,416,42,43,45
640,325,42,43,48
621,387,42,45,49
329,459,93,89,71
926,16,122,81,64
1121,150,232,229,247
342,78,33,26,28
886,19,89,84,82
278,84,32,31,33
216,171,183,177,193
871,307,47,48,54
166,377,40,44,43
473,374,41,45,47
684,466,109,84,60
839,369,46,46,49
752,355,45,44,48
1119,447,229,228,245
498,430,59,50,48
514,213,219,223,243
591,497,148,147,139
737,126,44,46,49
271,452,62,58,50
0,464,48,50,50
727,320,48,47,47
597,277,44,45,49
211,329,41,42,43
642,172,53,50,57
672,415,43,44,46
719,406,44,46,49
686,408,45,44,49
283,441,71,65,53
1090,139,68,69,73
259,295,47,43,46
634,15,50,50,53
245,451,58,55,53
388,155,41,41,44
593,106,43,46,45
330,162,36,37,36
226,241,190,187,207
98,311,32,29,30
724,396,48,48,49
526,335,43,44,45
309,470,127,118,95
177,477,48,46,48
624,278,47,45,49
644,131,43,46,47
789,350,44,47,48
496,68,45,45,45
4,93,128,37,51
821,453,45,46,48
483,420,44,41,45
460,447,181,184,201
814,429,44,48,51
524,33,36,28,26
746,143,46,46,51
77,396,39,41,47
1115,229,231,230,248
781,302,44,47,46
554,429,44,45,47
856,417,46,46,51
402,290,43,45,47
828,189,46,46,50
926,199,46,49,51
1044,310,49,49,55
7,159,173,33,36
168,146,35,40,44
762,337,48,47,50
471,177,46,43,47
1074,247,153,146,87
625,129,46,45,48
1031,212,52,50,54
835,272,48,50,52
80,413,45,44,46
153,390,42,44,44
1003,165,49,48,51
1012,437,46,46,51
486,365,47,45,46
912,424,48,46,51
473,227,205,201,221
1084,425,253,250,255
338,359,40,42,46
733,297,47,45,50
1182,229,238,236,253
530,407,41,43,43
547,491,118,112,95
320,128,30,29,31
37,137,158,24,38
800,123,50,46,49
99,442,48,47,49
911,416,45,46,49
984,164,50,47,52
1,237,32,28,30
399,332,39,42,44
714,140,43,46,47
874,473,46,50,51
866,242,107,101,166
423,28,34,30,30
242,63,174,180,201
971,476,48,46,52
224,437,48,46,48
745,202,239,236,254
551,105,41,42,48
706,152,47,45,50
339,301,42,43,44
344,188,194,192,216
1116,387,234,232,247
562,471,142,135,136
516,82,36,36,38
209,58,37,28,28
611,14,47,47,50
601,195,233,232,254
456,250,229,231,254
735,274,42,46,49
393,425,42,46,47
830,133,48,47,52
510,443,160,162,178
990,168,46,46,50
593,152,46,45,49
572,479,131,120,107
319,154,33,32,34
297,271,45,44,48
271,377,40,45,45
1119,354,232,229,244
215,190,189,185,205
805,332,46,48,49
502,69,52,48,53
755,107,48,46,50
133,290,36,34,36
310,239,194,194,214
239,31,55,38,60
1094,220,248,248,255
1032,177,47,49,53
522,52,34,36,37
243,409,39,43,44
1033,98,49,49,54
158,444,51,48,53
60,181,82,26,28
1153,270,234,233,249
713,4,71,53,58
2,295,36,34,37
337,214,196,196,214
770,299,47,45,49
765,465,126,126,99
409,116,37,38,41
1083,196,61,58,61
1118,215,232,227,247
1129,269,232,230,248
248,438,69,69,55
1049,410,47,48,55
444,237,232,233,250
407,283,44,45,46
952,19,109,76,63
522,129,43,45,48
263,394,44,44,48
838,367,47,46,48
157,324,38,39,39
543,118,43,44,46
651,314,47,45,49
722,8,74,55,58
1078,471,233,235,254
30,94,33,30,31
1043,366,46,49,53
1048,364,48,47,52
724,182,47,50,54
1155,202,239,233,251
29,174,176,36,42
1002,247,48,46,51
644,389,43,49,48
1053,392,49,50,56
242,497,67,63,54
896,279,45,49,53
684,354,45,46,53
579,32,50,45,48
250,55,123,122,145
1164,457,236,233,249
146,340,39,37,40
951,483,49,49,52
821,189,48,50,52
785,321,44,47,50
921,338,43,46,47
866,278,51,47,53
565,242,234,231,255
653,287,42,45,48
154,343,40,37,41
1044,17,96,79,61
925,291,47,46,50
748,33,51,50,53
1074,139,51,55,56
78,337,41,35,38
811,54,51,50,51
951,180,49,46,51
208,252,202,198,219
1101,372,242,241,254
833,91,50,47,50
137,213,198,194,217
291,161,41,36,39
948,456,58,51,56
571,235,235,234,255
765,297,49,46,47
735,315,49,47,50
1030,2,108,79,63
350,35,35,30,28
903,84,52,49,53
1028,428,47,49,51
427,33,37,33,34
144,155,115,116,134
579,340,44,42,46
459,456,183,187,203
712,449,46,47,49
107,255,217,214,234
920,395,48,46,51
117,81,144,131,152
638,494,154,151,158
1111,403,238,234,252
349,496,68,61,55
918,409,44,46,48
447,317,46,45,51
1014,124,48,49,52
869,382,45,44,52
49,58,113,104,108
103,101,156,30,37
138,165,155,166,179
1131,161,227,227,241
168,0,162,147,169
12,385,46,47,49
68,488,58,54,54
44,154,163,30,34
1060,66,97,85,73
437,315,43,45,49
438,350,49,44,48
778,358,49,46,49
396,283,43,48,47
1064,447,53,50,55
391,253,216,216,240
739,437,45,41,47
68,470,56,53,52
1184,250,239,235,252
629,113,42,44,46
297,178,185,183,203
917,419,47,46,49
910,193,44,47,51
570,162,45,45,45
1121,250,227,226,241
1117,383,235,234,249
446,476,129,125,130
1110,389,239,233,250
136,188,210,210,233
376,174,194,194,214
367,170,47,45,49
923,41,121,114,105
974,337,46,48,51
513,4,107,83,60
207,258,197,202,222
75,484,96,84,81
339,54,36,24,27
839,373,39,45,49
124,91,165,147,170
380,5,41,30,30
144,76,162,147,173
840,354,44,47,50
566,111,45,44,45
479,410,41,44,47
357,156,37,36,41
989,310,46,46,53
615,422,41,43,48
457,430,115,114,89
1177,210,241,236,253
1061,485,47,49,55
576,21,61,57,51
108,285,36,34,35
312,86,31,22,29
351,391,45,44,48
26,184,94,89,97
386,420,42,44,47
467,61,41,41,41
995,137,45,47,51
1003,85,63,60,58
830,328,44,46,50
1070,84,81,73,74
1074,409,46,49,54
902,353,50,45,51
487,479,117,114,72
807,404,48,47,50
1186,347,239,236,255
1025,334,42,47,50
991,151,48,47,54
607,67,45,44,46
958,372,48,45,49
997,119,47,49,53
2,22,227,224,247
942,337,42,44,49
759,275,47,48,51
420,140,43,41,47
897,268,236,236,255
1181,159,241,239,255
165,199,165,163,183
317,466,114,109,99
282,201,81,76,83
370,145,42,37,41
1026,225,47,48,51
1168,74,238,236,253
510,188,219,215,240
12,25,227,226,248
773,46,49,48,50
293,391,43,43,47
959,160,49,47,50
1116,459,230,227,246
119,17,34,29,30
220,314,43,42,44
167,499,49,47,48
1196,178,237,236,254
762,289,46,44,50
298,156,31,31,30
803,185,44,47,51
1164,179,237,237,251
858,74,44,47,51
358,239,62,51,63
658,49,45,46,50
551,190,229,228,253
212,279,204,207,228
139,281,216,216,238
185,25,159,32,48
913,6,117,75,64
155,457,45,48,50
547,355,40,40,46
684,461,106,81,55
514,332,45,43,46
702,120,45,47,49
391,363,42,43,44
295,397,42,43,45
530,441,147,146,161
1192,221,237,236,253
1189,371,238,236,253
1050,178,51,50,55
851,335,48,46,49
1159,388,235,231,245
877,262,240,236,255
1180,413,236,236,253
917,100,47,48,52
506,342,39,42,46
1073,262,52,50,54
537,81,44,45,45
453,147,46,42,47
58,253,38,32,32
1192,487,235,235,250
278,412,44,43,44
157,439,49,47,51
185,259,204,201,222
894,268,238,237,255
253,140,30,22,28
193,52,168,84,120
269,234,192,191,204
549,30,42,43,45
1164,151,235,235,252
64,437,49,51,48
458,99,43,41,46
74,372,45,43,45
176,237,199,197,217
1083,287,251,249,255
276,402,40,42,44
165,479,47,47,45
141,71,163,149,171
728,489,155,147,159
40,373,44,44,45
92,58,41,37,39
967,388,48,45,52
5,10,225,223,245
321,141,34,31,33
144,91,145,131,151
158,95,195,183,204
908,327,44,46,50
1158,66,238,235,249
1008,472,49,48,55
826,340,48,47,52
807,222,241,238,255
718,186,236,237,255
946,282,49,46,51
839,462,51,45,50
487,394,43,43,48
412,186,211,208,232
1167,448,234,233,248
1061,89,62,59,62
123,246,213,210,231
404,192,207,207,230
151,198,194,189,211
157,384,42,43,46
675,473,105,79,54
814,380,57,49,57
688,56,46,49,47
250,125,32,29,27
30,290,38,35,35
718,360,45,45,50
432,152,42,44,45
922,177,43,47,49
1080,213,244,244,254
839,32,81,77,69
818,499,159,152,144
1012,470,49,48,52
338,480,141,138,148
542,345,42,41,44
951,443,48,47,50
473,244,100,100,117
566,426,44,41,45
935,209,50,45,54
385,479,62,54,53
912,204,47,50,51
829,29,76,73,66
193,421,48,48,52
33,58,153,150,160
572,316,43,43,46
1105,184,240,240,255
942,406,48,49,51
760,244,243,241,255
83,466,88,76,62
816,308,45,45,47
774,387,46,45,52
298,15,136,144,159
1189,404,238,237,253
888,414,46,46,50
613,286,46,44,47
1023,221,49,47,54
484,106,42,43,46
1187,438,237,234,251
61,392,45,44,46
625,198,239,235,255
271,478,64,62,57
945,18,116,80,65
638,93,48,44,49
441,134,42,43,44
948,339,47,45,49
12,12,96,91,111
905,169,48,49,50
983,353,46,48,51
651,99,47,45,48
585,335,46,45,48
967,180,48,48,53
804,236,240,236,255
45,56,111,100,107
1039,257,50,48,53
15,112,145,20,31
381,219,205,205,227
942,343,46,44,50
331,319,42,41,44
748,152,45,47,51
564,126,44,44,48
326,472,117,114,127
652,403,45,44,48
948,292,46,46,51
852,70,48,48,51
1109,399,236,233,250
221,221,189,185,206
651,387,75,79,60
947,397,45,47,50
158,291,39,37,38
227,118,36,31,37
763,240,240,236,254
515,395,45,43,47
778,390,49,48,50
781,432,49,45,52
977,142,43,47,52
648,250,46,46,49
142,386,45,42,44
547,312,47,41,46
15,148,167,28,38
392,377,45,42,46
661,460,76,60,53
220,182,187,185,206
796,143,50,48,50
236,251,194,191,214
708,32,145,104,66
1029,487,45,48,53
123,182,218,221,251
24,103,109,59,71
967,200,48,49,52
841,288,47,46,50
769,499,156,153,166
697,433,45,46,46
448,161,41,45,45
56,45,112,102,114
46,472,48,46,50
703,368,45,44,49
981,73,79,67,59
913,314,48,48,51
394,46,32,26,28
571,236,233,232,255
1025,244,46,48,50
253,77,46,47,53
837,265,56,53,58
250,211,185,185,202
848,256,241,239,255
274,141,33,27,28
966,351,46,47,49
909,491,174,159,88
1079,211,188,187,209
193,324,41,40,44
491,397,47,44,50
250,150,30,27,26
664,74,43,44,48
855,155,49,48,52
127,498,45,48,48
230,354,45,41,46
998,417,46,46,51
148,406,47,46,47
748,433,46,44,49
741,120,47,46,51
705,216,65,57,77
931,314,43,46,51
966,122,46,47,51
401,304,43,43,49
1029,299,49,49,54
580,234,233,232,254
400,257,223,222,242
98,467,77,74,72
726,485,152,145,157
1116,359,234,232,248
1141,277,230,228,245
884,305,48,42,50
733,299,46,45,49
350,325,41,42,45
197,215,191,186,206
697,242,88,84,108
1009,297,46,46,51
727,391,43,44,45
1145,228,233,231,246
197,74,205,198,218
1121,363,234,230,245
292,279,45,44,45
907,86,44,47,48
125,376,40,43,44
471,152,43,44,45
123,363,38,39,40
789,137,46,46,52
257,357,41,44,48
1106,401,239,235,252
584,269,231,229,254
702,7,48,51,54
27,301,35,36,38
118,212,206,204,227
622,452,179,185,203
252,98,36,34,39
251,157,33,30,33
1187,107,240,239,253
374,79,33,28,29
319,218,197,193,214
265,36,213,214,234
545,155,45,43,48
396,151,45,42,44
565,122,44,45,45
383,319,42,45,45
68,269,38,31,33
844,460,46,47,49
349,286,40,44,47
666,332,45,47,47
687,303,47,45,49
420,228,223,224,243
145,55,137,121,142
1130,48,235,228,246
719,204,241,238,255
2,267,36,30,33
105,421,81,59,55
364,266,214,214,240
313,439,73,72,53
146,439,48,49,51
821,41,55,54,53
38,356,42,43,45
804,436,47,47,50
1072,324,99,86,57
268,253,197,198,217
1082,1,251,248,255
488,202,101,93,95
193,448,75,68,57
379,138,38,39,38
821,447,46,46,50
599,352,41,42,48
1032,91,47,50,52
1103,405,241,236,255
304,352,38,41,45
695,273,44,45,49
740,157,48,47,50
272,420,44,44,46
1028,151,46,48,51
61,437,47,50,51
1032,363,48,48,53
298,446,60,58,54
581,444,156,153,165
976,118,50,48,49
221,217,188,184,204
599,418,44,44,48
757,253,238,237,255
828,56,55,53,53
1142,279,232,229,245
819,56,50,48,51
278,450,63,64,51
806,245,240,239,255
1102,197,239,239,255
146,175,212,211,235
724,350,46,47,49
140,331,36,35,39
60,174,170,31,40
1149,110,233,232,246
6,298,36,34,36
1001,439,47,46,50
523,224,222,222,244
602,122,46,43,45
1021,271,45,47,53
1059,88,63,59,58
615,348,42,42,46
362,147,36,38,38
984,422,49,48,49
701,298,46,44,49
451,111,43,41,46
1023,499,48,50,52
712,439,39,44,46
281,317,42,42,46
1198,17,242,237,251
1100,363,244,240,255
608,95,49,43,48
261,20,37,29,34
830,264,49,54,57
584,105,41,44,45
504,412,43,42,42
927,233,47,49,50
1083,457,225,223,228
294,450,60,60,50
692,4,52,50,52
453,352,76,76,83
917,434,132,131,163
178,357,44,42,44
1076,111,53,55,58
718,41,104,72,61
641,341,44,43,46
815,21,53,55,55
85,465,81,72,64
466,315,26,23,24
926,104,49,47,53
369,219,208,204,225
990,184,51,50,50
121,259,212,210,235
1174,364,238,235,251
793,16,48,50,53
540,460,143,142,152
471,357,50,46,51
1195,368,238,236,254
367,327,47,45,46
464,383,51,49,52
841,166,43,48,47
1125,108,228,228,242
163,275,211,211,235
73,219,223,219,242
834,46,92,77,67
284,433,68,65,53
571,209,67,62,86
182,54,174,159,183
437,210,60,54,58
735,173,47,47,49
441,313,45,44,47
861,421,107,126,167
79,41,119,111,121
619,72,45,45,46
429,423,44,45,49
57,295,33,30,31
396,361,42,43,45
253,132,31,27,26
439,112,38,43,44
1,290,38,36,38
879,108,48,47,52
784,362,44,46,51
1113,160,236,234,252
303,437,50,56,48
222,125,35,34,34
826,310,47,45,48
82,431,48,47,50
1042,182,49,51,52
1136,423,226,226,240
19,17,226,223,248
788,161,48,46,52
62,400,46,46,49
1188,337,238,236,255
628,491,134,128,122
897,47,109,104,102
323,141,32,31,37
1106,168,242,238,255
649,177,237,236,255
547,339,47,42,46
56,281,32,32,32
231,102,36,37,41
104,127,160,26,36
511,383,43,42,45
1045,189,49,47,54
1156,91,234,233,249
325,204,194,192,213
912,474,47,49,52
744,456,46,46,51
890,253,243,240,255
897,353,48,48,49
815,64,49,45,52
1155,499,233,229,246
762,322,45,46,49
1033,73,100,86,72
82,239,110,107,138
523,203,86,83,108
604,457,164,168,189
978,326,47,45,47
1045,178,48,48,56
209,28,184,169,193
885,1,92,81,71
117,31,38,34,34
690,476,117,88,61
636,481,134,126,142
293,449,67,67,54
1009,455,45,46,49
1071,366,51,51,55
1019,479,46,49,54
1021,42,101,75,63
861,233,240,237,255
694,350,42,46,46
1191,5,238,236,250
893,225,234,238,254
226,346,43,44,48
834,189,45,46,52
1020,40,101,77,62
191,67,200,186,211
154,223,198,193,216
286,231,144,143,162
563,380,45,44,46
958,475,47,48,51
714,139,47,48,50
1100,1,247,244,255
1096,99,238,238,255
998,412,50,47,50
836,464,48,46,51
210,261,202,201,224
26,191,78,81,88
43,437,45,47,51
1001,290,45,47,50
585,219,235,234,255
39,135,156,26,37
432,296,45,44,48
553,272,46,48,49
992,275,45,47,52
221,209,171,173,186
1196,276,239,239,253
159,87,155,146,166
719,308,44,44,48
1193,162,238,235,252
1181,144,240,236,253
268,422,41,43,45
1177,312,239,236,251
247,146,28,26,30
1041,387,49,47,51
593,290,43,43,47
413,281,46,45,48
609,291,47,43,48
566,4,86,74,59
1083,270,53,51,57
751,188,45,49,50
972,421,45,46,50
178,355,43,42,45
589,180,128,128,136
155,353,43,42,48
682,99,42,44,51
1036,58,166,155,141
360,313,43,44,47
431,71,36,34,39
772,138,49,45,49
549,111,42,44,47
1193,66,241,235,253
349,350,43,43,44
945,219,46,47,49
169,354,39,42,45
1121,275,234,230,248
447,419,27,27,26
121,419,49,50,49
1039,25,110,85,65
1135,372,233,229,244
983,190,47,46,50
1161,110,235,234,249
806,303,46,48,49
1067,230,51,52,56
648,431,42,45,48
109,315,33,33,32
1004,62,68,61,57
490,297,45,43,45
890,476,50,48,49
497,107,44,42,44
839,29,82,79,73
183,27,163,72,101
586,36,41,46,50
549,265,233,229,254
13,104,140,22,28
33,35,230,229,252
521,22,34,32,26
1006,194,50,49,51
355,196,74,68,88
563,3,86,71,53
1019,29,94,74,62
1033,31,103,79,63
206,103,148,139,153
610,276,45,47,49
525,349,39,42,45
156,349,38,39,46
716,315,48,44,50
836,32,79,73,69
273,68,43,42,44
156,212,196,192,213
59,41,110,102,109
192,441,45,46,49
562,138,45,45,48
1002,104,48,47,53
38,302,38,33,38
445,71,39,39,42
1074,198,54,52,56
1021,334,48,46,50
1160,360,236,234,250
1147,327,233,230,247
997,94,47,48,52
263,190,190,183,203
213,196,74,68,75
393,338,40,45,44
562,98,46,44,48
1199,232,238,237,253
31,235,34,26,31
770,158,46,46,49
1196,489,236,233,249
560,360,45,42,46
1150,463,233,229,248
704,189,240,237,255
185,52,171,112,135
1053,109,50,51,51
925,408,46,46,48
512,75,39,37,38
430,449,166,128,111
783,18,52,48,54
1073,218,59,59,60
796,63,42,46,50
1045,235,49,48,54
58,237,32,35,36
227,86,47,45,56
781,140,47,46,51
1036,234,44,48,52
626,303,46,44,49
769,497,164,160,175
176,484,49,46,49
619,346,45,44,48
928,258,48,48,52
489,464,177,178,197
1087,95,254,251,255
345,83,32,25,29
750,47,45,48,49
968,156,46,47,51
543,457,127,121,128
448,70,39,38,44
154,220,196,193,212
384,366,43,44,46
581,480,136,125,110
303,156,32,30,37
748,360,42,45,48
376,305,45,45,46
962,443,49,46,52
277,293,42,43,45
305,309,42,44,47
201,248,199,195,218
79,272,39,31,34
592,176,47,47,53
910,190,47,46,54
911,6,123,74,62
1196,257,238,238,254
488,208,176,177,185
807,17,51,51,54
437,11,37,30,33
1005,454,42,46,51
944,366,47,46,51
980,382,46,45,54
923,427,148,144,127
826,46,63,56,58
546,237,224,226,249
588,156,44,45,49
831,139,47,47,52
524,30,60,41,31
962,478,41,47,52
640,20,50,49,49
404,388,46,42,46
690,181,181,178,198
541,148,39,45,47
9,125,153,23,33
297,183,187,184,205
9,300,34,33,36
820,418,117,129,84
173,140,38,37,44
1169,185,234,235,252
347,132,35,32,33
787,65,47,48,52
137,248,210,209,229
375,398,42,45,47
451,315,46,47,50
1183,180,238,235,252
667,222,234,236,254
1172,272,239,235,251
1128,213,229,227,245
400,259,223,222,243
1101,333,239,237,255
940,444,50,46,57
522,178,211,211,227
148,189,203,201,224
296,63,33,29,36
855,54,100,80,61
1069,339,49,49,54
340,66,32,23,26
375,149,40,40,39
986,60,117,95,76
598,8,52,50,50
64,26,87,68,86
672,16,48,48,51
481,286,53,54,56
185,221,193,187,209
1098,384,244,243,255
944,260,47,43,52
1027,214,48,48,50
301,216,189,188,209
76,35,117,103,114
916,486,54,51,52
103,212,219,219,244
657,1,48,50,52
641,424,42,45,48
904,40,88,82,75
1088,140,60,60,59
557,331,43,44,45
1085,412,75,73,81
1116,86,231,229,246
244,32,170,168,183
1120,302,230,229,244
881,370,44,46,50
394,141,40,39,44
683,37,45,48,50
296,214,191,190,210
830,410,46,48,51
1015,131,45,49,51
324,106,31,26,29
1184,341,241,238,253
311,366,44,44,47
222,375,43,43,46
603,398,45,41,43
735,317,45,44,49
1179,363,239,237,249
582,67,45,45,48
277,474,106,100,75
573,256,233,235,255
448,147,38,42,46
63,389,43,42,47
503,388,44,40,45
537,61,47,45,49
13,172,116,111,108
769,151,46,46,49
463,279,156,167,192
13,125,155,25,32
1160,58,240,235,252
26,413,87,79,63
503,202,96,93,87
406,70,33,32,33
917,456,49,49,53
221,426,45,48,50
1069,357,52,51,55
902,249,241,239,255
316,156,31,31,34
5,311,42,38,40
94,121,158,45,69
851,213,50,52,58
694,335,45,43,47
221,185,190,185,207
738,317,45,45,48
394,434,138,132,114
409,353,43,44,46
260,240,173,176,195
1028,451,48,48,52
678,286,41,45,49
980,418,44,45,50
1021,142,51,48,52
1197,435,234,235,250
252,494,81,72,53
1078,30,172,165,142
880,123,47,48,50
944,428,48,44,51
885,436,46,48,52
920,223,47,48,51
708,425,43,43,44
736,493,118,112,114
980,481,45,46,49
1062,443,51,51,56
79,436,47,49,52
1024,180,46,48,53
826,143,46,48,51
1060,52,110,104,104
825,333,46,49,50
618,306,44,45,48
751,145,50,46,52
317,113,32,28,29
345,147,35,34,35
170,413,44,44,48
839,407,44,47,49
57,230,34,34,34
109,126,162,29,41
215,495,72,68,56
993,107,51,49,53
790,430,49,47,49
572,426,44,45,45
1005,384,49,47,53
266,256,198,197,218
725,267,43,48,50
451,456,178,173,192
274,297,40,43,44
522,226,222,222,241
1112,335,234,233,247
240,270,205,203,227
301,317,42,43,45
153,100,194,187,206
305,458,90,84,56
527,115,42,45,45
1079,360,241,240,255
203,469,46,45,48
335,232,199,198,220
1074,388,242,242,255
1141,74,234,229,245
1049,112,49,51,53
176,166,38,35,41
371,454,126,113,126
295,253,201,198,221
133,496,45,46,49
1158,465,234,231,250
675,32,45,49,53
1145,392,232,230,243
1153,39,237,236,251
623,124,42,45,47
603,188,233,229,255
619,143,45,44,49
545,238,228,228,247
663,257,46,45,50
372,355,44,43,47
975,103,49,49,51
70,240,39,36,40
185,307,39,39,40
1089,160,249,249,254
622,303,45,46,50
140,291,38,36,38
145,472,45,46,51
415,137,43,40,42
663,130,45,45,47
616,499,123,120,105
673,364,42,44,47
510,172,48,46,50
643,271,42,42,45
1079,201,54,53,56
114,415,43,44,45
243,464,77,75,56
418,151,46,43,44
190,205,66,58,64
59,479,51,47,50
188,71,197,184,208
1043,73,85,75,62
777,202,53,52,53
421,291,42,45,46
1026,353,44,48,51
500,464,163,161,171
752,125,47,45,49
541,7,83,69,54
895,358,47,46,50
764,308,44,45,48
637,147,44,44,49
686,230,237,237,255
387,478,60,56,52
415,93,38,37,40
241,44,43,30,41
175,481,43,48,48
318,293,43,44,46
339,297,43,42,44
886,0,93,84,70
1012,169,49,47,50
596,232,238,235,255
771,309,42,46,46
1036,466,48,46,51
90,38,117,108,112
213,334,43,43,45
909,20,163,135,105
1164,403,237,236,250
1177,448,235,234,250
749,216,238,240,255
340,251,209,209,232
428,178,47,45,48
378,475,62,54,51
188,338,42,43,47
468,192,227,224,245
1160,328,234,233,247
566,158,45,44,48
1105,144,240,235,253
421,259,224,226,249
412,28,34,30,28
985,122,48,48,50
686,468,117,91,65
822,20,72,70,63
1127,413,228,227,242
433,146,44,43,48
379,221,208,210,232
505,1,108,91,91
685,232,237,237,255
274,330,40,43,46
1156,379,238,231,249
937,349,47,47,50
429,430,48,46,50
749,184,51,48,52
845,371,44,44,51
734,450,43,46,46
719,316,45,47,46
219,199,52,41,60
642,419,45,47,47
1129,373,231,228,243
682,340,45,44,46
348,173,191,191,210
1180,359,236,235,251
381,441,197,196,221
909,321,50,46,51
335,346,41,45,47
1062,392,47,51,52
636,317,43,42,48
904,31,98,90,82
588,257,234,233,255
799,410,134,135,94
1002,469,49,47,51
377,449,178,150,158
1022,482,48,46,51
1037,149,49,49,52
1026,60,174,160,139
153,233,49,42,50
1042,207,50,49,54
1085,114,63,61,66
514,402,42,38,44
665,334,42,43,45
930,245,43,46,51
766,153,45,46,50
1113,13,236,234,251
366,477,70,62,58
427,476,115,105,109
405,419,46,45,49
760,267,54,49,57
568,399,40,42,46
1145,255,233,232,245
497,412,39,43,47
824,201,48,47,49
365,360,43,42,45
971,110,49,48,51
437,445,24,21,21
1171,114,238,234,252
947,155,47,47,50
555,312,41,44,45
361,330,44,42,45
90,150,159,35,38
849,476,73,61,51
287,56,44,41,46
67,449,50,47,49
154,397,38,42,46
123,430,50,49,51
6,218,31,25,29
364,333,46,43,45
936,182,47,48,49
709,166,42,47,50
1133,77,227,226,242
1117,220,230,230,246
762,215,237,240,255
37,343,39,39,39
1031,473,48,48,50
907,418,43,46,49
995,445,104,118,170
460,217,195,192,223
751,285,48,47,51
1179,239,236,233,253
296,354,45,42,44
37,416,58,57,53
132,299,38,35,38
616,491,131,130,119
499,400,38,42,43
703,79,46,44,47
825,279,48,48,53
116,237,108,110,135
29,432,51,48,52
233,2,175,162,185
75,104,152,24,39
164,327,37,38,40
266,27,112,113,135
755,342,47,45,48
496,322,42,44,46
714,69,45,46,49
341,290,47,44,44
316,383,40,45,44
36,183,108,72,72
890,145,50,47,51
51,319,41,37,39
430,242,226,223,246
509,409,43,42,44
359,391,41,43,42
747,382,46,45,50
227,132,33,26,31
790,2,50,51,55
712,145,47,45,51
758,350,43,46,50
1193,424,237,235,251
897,329,47,47,48
850,482,175,161,109
130,424,50,49,54
257,478,60,56,55
270,179,189,186,206
27,203,75,67,73
167,340,38,40,41
909,290,43,45,49
437,452,23,21,22
610,173,45,47,48
932,420,44,43,49
432,68,33,37,38
543,362,41,41,45
921,277,42,45,50
456,20,87,61,45
728,343,47,45,48
882,289,45,48,52
630,15,51,49,52
808,362,48,48,49
536,58,45,44,46
1069,29,105,101,100
47,383,44,46,45
918,454,49,49,50
304,72,33,27,29
829,377,46,45,48
1125,246,229,226,244
477,494,122,108,63
904,7,134,85,61
363,412,39,43,46
870,441,50,47,49
736,113,46,45,50
158,304,38,37,37
931,149,46,47,51
566,315,38,44,46
780,345,41,46,46
250,172,192,189,205
158,43,150,137,158
1033,466,45,47,52
5,417,56,51,54
1074,449,51,52,55
206,136,33,33,38
636,320,44,43,47
1131,134,231,228,245
887,206,47,48,49
722,447,44,43,49
1022,385,46,48,49
785,385,42,46,47
157,12,160,140,163
1032,386,47,49,53
43,346,41,40,44
632,206,68,63,68
6,341,41,41,45
1184,161,240,237,255
250,309,41,42,48
898,118,48,48,51
563,339,44,41,48
1105,371,239,239,255
240,331,42,44,47
1061,198,52,50,54
755,445,48,46,51
231,158,189,184,204
704,279,49,47,52
675,43,44,45,46
71,65,181,181,199
910,158,46,46,52
488,382,45,43,47
1094,230,239,234,255
1183,347,239,237,255
67,433,51,51,53
871,397,48,46,46
102,306,38,31,33
201,44,195,177,193
992,27,120,92,74
514,212,202,199,212
1067,62,102,90,85
89,420,64,62,52
258,305,45,42,46
333,343,42,43,46
794,359,46,44,52
1026,45,100,78,63
277,72,39,35,42
839,12,94,91,85
39,2,228,225,247
919,314,46,47,52
611,265,47,44,48
162,303,38,41,43
814,437,48,46,49
490,359,41,43,44
847,406,48,47,49
588,237,234,234,255
191,118,72,66,86
481,268,146,145,174
596,25,51,47,50
1114,294,233,231,251
116,154,200,191,210
452,460,178,179,196
43,146,160,29,37
1117,268,235,231,248
689,174,46,47,49
63,372,42,42,42
295,468,109,100,73
351,35,36,29,31
1193,158,239,238,254
116,375,41,39,45
795,247,243,240,255
399,198,208,206,228
1051,42,114,103,97
744,484,133,131,111
588,342,42,42,45
8,344,43,44,46
1113,204,233,233,250
1011,367,47,48,48
616,266,45,47,48
704,461,123,103,76
1107,429,237,234,250
353,351,41,45,49
652,11,50,50,51
905,499,174,157,92
940,478,48,49,51
149,225,200,195,219
391,420,42,42,44
136,186,210,211,235
449,41,42,38,39
277,18,136,136,152
919,210,50,48,54
177,285,43,45,46
843,408,47,45,50
1155,271,236,233,250
770,398,49,46,54
303,57,35,31,33
550,217,228,228,253
1101,63,235,238,254
119,361,40,42,42
478,14,89,66,51
916,363,48,46,49
1002,499,48,49,53
599,88,45,44,47
411,301,45,45,46
381,42,33,26,26
1140,266,234,231,247
226,232,128,123,141
1078,350,246,244,255
524,194,223,221,242
231,364,41,41,47
1051,104,49,52,52
945,249,46,46,53
212,305,40,41,46
936,383,46,43,51
858,406,45,46,49
778,78,45,47,49
289,119,30,26,29
1037,1,103,81,63
800,474,168,161,162
344,90,33,24,27
604,378,44,42,49
304,461,102,92,60
759,413,44,46,50
380,135,40,36,41
555,62,42,45,46
812,354,45,45,49
271,428,73,71,56
644,306,46,45,45
363,360,44,44,46
949,110,48,47,51
572,346,40,43,44
97,287,38,30,32
772,394,44,45,49
740,368,43,45,47
433,487,33,31,28
53,115,152,24,32
67,80,31,25,29
1003,96,47,49,51
894,189,47,47,50
318,32,40,38,40
649,212,237,237,255
572,87,47,43,48
85,19,108,101,109
249,354,45,45,47
1111,221,236,234,251
743,417,46,44,47
922,198,46,48,48
410,138,44,40,46
609,51,43,44,45
150,403,44,42,45
198,156,33,32,33
295,22,44,38,55
963,481,45,48,51
864,104,47,48,50
1183,421,235,232,252
243,215,185,184,204
478,292,52,55,59
307,267,113,119,149
1082,497,250,248,254
305,57,34,29,32
238,438,53,54,51
371,182,197,197,220
1176,420,235,233,248
1121,115,229,227,243
1155,315,236,235,246
802,167,47,48,49
17,106,144,20,34
831,432,46,44,50
537,495,169,161,146
1136,44,231,229,246
520,451,133,130,138
1177,450,232,234,251
859,238,60,55,77
1062,171,54,51,55
734,246,242,239,255
1158,342,237,234,251
826,106,48,48,52
651,21,51,49,50
65,169,169,31,38
617,208,235,232,255
729,480,154,147,162
1122,226,230,228,244
95,12,109,105,116
106,254,218,212,234
62,393,43,43,48
872,24,105,100,97
219,93,51,46,55
636,379,46,44,52
105,65,134,115,134
81,15,82,80,91
835,160,48,46,51
89,344,36,38,41
838,202,49,48,51
681,126,50,46,50
65,135,154,33,46
48,262,32,30,31
222,362,44,44,45
601,231,234,234,255
894,453,48,48,53
110,200,223,226,253
977,24,102,78,60
831,14,88,87,81
254,333,42,43,46
457,122,42,42,46
983,125,48,48,51
1041,185,50,47,52
1196,350,239,235,252
1176,438,235,233,249
161,287,40,38,42
733,427,44,43,47
440,64,36,37,41
93,9,104,97,109
156,229,198,195,219
990,495,50,48,54
1011,351,46,46,51
360,241,105,95,102
665,123,48,45,51
755,429,46,47,50
687,403,41,42,45
715,482,156,143,154
981,285,51,44,53
1011,156,46,50,53
658,267,44,46,48
320,285,44,43,45
577,76,41,43,47
567,397,39,42,46
616,204,109,110,114
40,415,58,58,55
655,336,37,44,47
297,344,43,41,47
6,325,40,41,43
87,317,34,32,36
1082,269,49,53,58
640,400,44,43,49
413,20,39,28,29
767,236,108,104,115
92,112,156,26,37
590,113,44,44,47
181,101,202,200,220
806,428,46,46,52
703,118,49,50,53
345,192,196,196,215
471,282,21,24,24
9,396,47,45,52
1159,338,237,233,248
988,20,116,87,64
1031,181,46,49,53
131,439,47,50,50
653,93,62,57,58
48,86,192,188,209
6,115,147,19,28
1135,176,234,229,246
706,424,42,43,47
611,169,48,45,51
1168,179,235,234,253
220,435,46,49,48
736,373,46,45,49
970,491,48,46,52
136,24,42,34,39
1139,135,232,230,246
144,69,158,145,168
301,202,65,61,73
958,179,49,48,50
138,246,209,205,230
171,328,41,41,43
336,144,30,33,33
289,272,45,43,46
508,498,102,93,63
1034,121,49,50,51
271,449,60,58,51
263,87,31,36,36
944,291,42,46,47
882,278,45,51,49
1120,181,233,230,247
977,100,47,47,50
858,226,240,238,255
822,11,82,79,72
660,162,46,46,49
972,52,76,63,55
14,104,141,18,32
387,40,33,27,27
587,233,235,235,255
644,284,46,45,47
322,471,122,121,126
549,152,43,43,45
372,367,44,43,47
676,236,235,234,254
582,297,41,43,47
69,499,45,46,48
158,350,41,41,40
210,483,46,47,48
952,17,109,78,64
489,235,196,199,216
858,311,51,46,52
971,495,45,47,49
31,44,66,66,69
650,440,44,45,49
691,376,43,45,46
1179,294,238,236,251
1111,81,230,230,247
160,104,194,184,205
982,282,51,50,53
849,380,45,44,49
491,261,216,215,238
890,469,48,48,50
980,16,109,80,65
473,304,55,55,57
874,318,45,47,52
379,292,44,44,46
970,278,43,47,51
184,248,200,197,220
386,21,67,50,40
1051,106,51,51,52
353,381,40,44,45
850,184,45,45,49
613,182,85,80,91
851,5,98,95,89
756,33,51,50,55
201,477,54,54,55
1023,23,106,79,62
987,286,50,48,51
304,224,191,193,212
1197,328,239,238,252
279,406,42,43,46
998,329,44,46,48
74,366,42,41,44
1173,313,237,235,250
1087,386,162,167,191
114,168,153,161,179
614,404,45,45,47
5,21,226,222,245
1112,252,233,232,248
551,321,42,43,46
502,122,34,31,30
782,268,237,238,255
110,227,201,196,221
76,132,182,149,162
913,331,47,49,52
551,16,50,46,50
913,164,49,47,52
1145,180,232,230,248
865,189,45,47,48
610,108,41,45,49
125,218,197,197,218
832,326,49,46,50
661,367,40,42,48
214,95,145,158,166
700,76,45,45,47
158,77,156,145,166
269,383,41,44,46
438,16,41,32,37
863,79,48,45,52
503,340,44,44,44
835,319,51,48,54
898,350,44,47,49
894,382,44,45,48
223,271,205,203,224
253,330,40,44,47
1151,422,232,229,245
149,322,34,36,38
998,60,101,83,65
1036,274,88,73,58
485,345,43,43,45
469,114,42,42,44
186,186,188,185,206
962,11,109,78,62
881,202,46,48,50
394,149,38,41,46
435,310,43,45,46
112,489,48,44,50
995,146,46,49,53
652,285,41,44,46
1019,215,48,47,52
625,155,46,45,44
653,296,40,45,46
423,165,46,42,47
96,343,38,33,37
578,444,157,159,168
715,248,239,236,255
231,111,32,34,34
740,281,44,45,49
861,272,47,51,51
165,98,206,194,213
46,80,183,180,200
441,263,233,233,254
419,147,42,42,46
144,243,103,97,98
174,306,38,39,45
303,356,42,42,45
157,298,39,40,41
184,244,163,155,162
356,308,44,41,47
37,133,154,25,30
288,15,217,213,234
223,447,49,47,48
1138,145,231,229,245
741,38,49,48,50
1195,328,240,239,254
1026,303,45,48,52
256,310,47,43,44
450,254,218,225,239
1095,462,238,235,254
548,446,148,143,149
152,441,43,45,48
1003,192,44,47,54
240,45,44,44,49
1019,25,95,75,59
12,391,45,45,49
816,187,48,48,52
186,205,67,60,69
913,58,83,75,69
342,493,60,58,51
154,145,208,210,231
1064,409,47,50,53
72,14,176,177,183
1167,159,238,235,253
568,72,41,44,47
1063,251,49,49,53
982,80,61,56,56
224,55,203,193,217
791,229,142,127,122
436,322,46,45,46
591,442,142,138,152
453,492,165,167,178
952,347,44,45,50
706,477,127,110,91
97,149,191,177,193
1046,42,112,97,78
216,486,59,54,49
641,234,132,136,163
59,298,34,28,32
425,170,48,45,47
340,498,59,60,55
435,243,86,71,79
937,474,41,46,49
605,169,48,47,51
1020,52,88,74,62
596,194,233,233,254
86,142,160,27,34
1000,302,48,45,51
253,208,184,183,201
1029,474,46,47,52
495,307,45,45,45
481,245,55,56,62
802,98,47,47,51
62,213,100,100,112
937,434,131,133,68
491,414,41,43,42
1095,107,235,234,248
218,474,50,49,48
750,130,45,45,50
1060,310,53,52,56
912,355,46,45,51
775,403,46,46,49
589,442,170,171,188
648,38,46,45,47
1175,52,238,238,251
1133,161,229,228,245
89,297,33,31,35
3,305,37,39,40
771,497,162,158,172
50,111,149,22,31
787,52,49,48,51
391,274,48,50,54
117,418,49,51,52
395,243,211,214,236
831,162,48,46,50
1197,45,241,239,254
413,249,117,111,112
626,28,52,49,51
679,292,42,44,46
149,230,62,49,56
715,33,186,128,74
1135,267,229,226,244
340,430,71,71,53
1105,242,237,232,249
1106,458,236,232,245
476,371,43,44,46
710,289,43,46,47
1082,193,227,230,243
740,451,50,48,52
258,203,47,46,50
1099,339,240,242,255
81,73,156,94,115
1144,396,232,229,245
546,257,228,229,252
19,137,159,25,37
988,488,49,48,52
137,12,192,190,208
774,90,45,45,49
794,148,48,47,53
560,469,145,139,146
1141,160,231,229,245
230,203,171,164,182
543,355,42,43,45
1061,134,51,49,54
210,121,36,35,42
717,494,153,146,156
1182,390,240,237,255
1054,272,76,70,65
625,26,52,51,51
1081,321,248,248,255
592,347,43,42,47
545,174,50,48,52
124,295,35,35,38
79,227,52,49,58
232,419,42,44,48
786,114,50,48,50
623,446,180,190,217
204,208,187,183,202
464,221,227,226,244
1080,316,248,248,255
700,435,42,43,47
75,283,36,33,36
493,469,149,149,157
736,130,45,46,50
888,332,47,48,50
705,497,118,97,72
1179,175,238,236,254
546,75,45,44,48
72,455,49,47,49
1043,449,50,49,54
1157,333,235,233,248
946,490,47,53,52
607,296,43,45,47
302,194,192,188,208
184,158,38,33,37
105,401,42,42,46
797,234,238,236,255
714,347,43,44,49
37,421,57,55,54
616,224,76,64,66
944,54,114,78,62
86,102,154,26,34
189,73,204,189,212
798,309,47,46,48
642,446,115,109,91
484,119,44,42,45
879,100,49,48,52
471,122,40,42,44
456,55,39,39,42
245,423,63,64,55
54,416,54,52,54
84,187,202,197,221
832,391,42,47,48
620,281,42,42,48
167,469,55,51,51
396,171,43,44,44
1158,223,236,233,248
670,69,42,46,49
17,156,166,28,38
30,202,110,108,112
335,241,203,203,227
1180,175,236,235,253
236,44,35,29,31
459,457,181,183,201
740,42,51,50,51
40,442,51,47,53
17,202,26,22,23
1128,443,224,225,238
291,133,31,27,31
68,46,118,114,120
264,205,185,184,205
1002,88,50,49,53
581,107,48,44,46
124,1,116,110,118
576,139,46,46,48
1158,219,238,234,249
1011,258,47,47,51
360,462,69,57,54
1118,133,232,230,247
1120,59,234,228,245
707,317,45,45,50
67,479,71,62,58
518,301,42,44,48
460,173,41,45,47
93,185,167,167,189
118,338,36,37,37
553,211,63,60,74
210,349,42,41,46
1068,257,49,50,55
960,308,44,46,48
1181,246,238,236,251
921,240,47,49,52
1100,444,234,231,250
996,488,47,49,53
859,304,47,46,49
702,34,51,51,53
191,429,47,50,50
1049,138,49,48,54
144,312,36,37,38
1106,48,234,234,249
918,218,48,48,51
708,270,49,45,49
140,427,48,48,50
894,157,47,48,52
259,446,58,56,51
211,96,164,162,184
1158,15,237,233,252
71,209,109,117,127
938,31,84,65,60
620,246,236,236,255
609,499,157,156,158
774,399,46,47,50
308,251,204,202,224
337,281,43,44,46
347,474,64,60,56
298,160,38,32,37
753,265,96,89,108
317,63,31,28,27
609,84,44,46,49
980,261,45,47,52
363,63,29,27,28
192,360,45,43,47
867,499,105,107,67
221,34,189,176,197
1167,283,239,235,252
707,164,49,46,51
447,385,60,58,67
32,160,169,33,40
802,253,243,241,255
193,42,192,179,202
597,470,124,116,94
534,2,81,65,49
165,409,42,45,48
55,313,34,30,33
273,431,63,61,51
330,387,43,44,47
142,300,38,35,38
1040,148,47,48,53
415,56,34,32,35
824,200,47,47,50
1158,478,231,230,244
279,37,38,34,47
1143,139,229,230,244
568,364,42,44,49
309,24,50,49,53
635,237,49,51,53
86,323,37,34,36
219,203,186,182,205
176,351,40,41,44
361,461,74,62,57
718,94,45,46,47
265,93,33,29,33
1112,208,234,231,252
10,260,34,31,32
109,244,215,211,236
1177,407,235,233,250
772,75,49,49,51
451,429,64,64,66
568,488,142,136,133
1106,375,237,236,253
205,107,49,48,56
1098,90,242,240,255
1169,164,236,233,251
792,427,46,45,48
248,57,128,126,150
201,332,45,43,45
550,335,43,42,47
1049,129,48,48,54
725,169,42,46,50
1091,210,182,172,120
425,287,41,44,48
627,298,41,45,48
1003,128,46,50,53
1153,59,235,231,249
972,93,48,49,53
422,14,37,28,30
412,100,41,37,39
1001,77,88,77,66
562,224,165,164,181
652,80,41,45,47
383,118,40,35,39
1137,472,229,224,239
643,317,42,43,46
1121,10,229,228,245
1141,176,232,228,245
1099,329,242,240,255
1182,207,241,235,254
1072,317,91,78,59
692,298,46,48,50
549,151,45,44,47
780,458,49,45,51
899,374,44,48,49
835,299,48,49,50
1180,157,237,235,254
571,356,42,42,45
407,465,67,61,57
1030,336,49,48,55
771,376,44,45,47
1057,303,233,237,247
1179,189,240,236,253
558,444,141,131,138
1164,264,238,234,251
1012,469,47,49,51
500,251,216,216,238
1173,390,236,233,249
1142,223,234,230,248
609,61,42,44,48
48,428,51,50,51
488,94,44,44,45
572,451,113,106,105
159,379,43,43,45
691,113,46,44,47
1046,101,50,48,53
60,393,45,45,46
119,477,47,46,47
58,291,39,32,30
647,243,47,48,50
1086,323,252,250,255
461,130,41,44,46
669,349,44,45,50
207,44,166,35,40
871,107,49,46,50
168,144,45,40,46
496,27,78,61,50
193,334,43,42,44
199,9,155,28,37
1100,276,233,230,251
503,22,79,61,48
867,4,89,86,84
124,31,33,33,33
399,14,33,23,32
1193,476,238,236,248
455,239,228,232,255
1030,152,50,47,52
405,344,46,43,44
620,23,53,49,50
478,482,90,89,60
231,177,188,182,203
862,5,96,92,87
68,110,150,20,30
604,55,45,44,47
174,113,118,120,140
536,174,48,47,52
565,133,41,46,45
941,35,98,71,60
935,144,49,48,50
569,320,41,43,46
71,6,229,227,251
1117,12,234,231,249
558,226,80,70,99
1063,16,95,76,63
818,380,43,44,46
925,206,49,46,52
73,354,41,39,42
300,482,78,74,61
723,111,46,47,50
1026,401,48,47,49
685,454,106,84,59
434,265,235,234,255
29,468,50,47,50
630,270,45,42,48
914,44,87,87,76
730,363,43,46,48
510,432,129,124,120
1058,490,51,49,55
412,390,43,43,47
42,275,36,30,31
1139,360,232,232,242
1075,249,238,234,215
392,242,211,209,231
267,11,39,28,32
823,484,173,167,178
306,44,37,36,39
1110,281,236,233,250
224,30,177,167,187
652,105,45,43,47
904,405,45,46,50
576,170,46,47,50
432,480,24,22,21
1002,331,44,49,50
805,38,53,51,55
507,217,217,215,236
642,407,45,45,45
46,57,112,101,112
737,393,42,44,45
229,409,46,46,48
647,142,45,45,48
755,422,47,45,50
170,49,161,147,170
1146,60,233,231,245
1083,266,55,53,57
201,458,44,46,47
526,236,57,56,60
335,17,36,36,40
1037,401,49,47,51
1054,494,50,49,55
1,23,227,222,246
166,311,39,38,42
460,368,47,46,49
1070,483,49,53,55
334,354,41,44,45
537,40,44,43,46
1064,200,50,50,55
49,438,50,47,52
728,43,50,50,51
493,434,167,167,186
1073,410,50,51,57
965,92,46,47,51
132,487,47,46,48
777,471,167,162,174
540,202,79,71,70
1057,411,49,49,55
225,324,42,42,45
572,2,50,49,51
1103,303,233,232,251
199,229,195,191,210
767,307,44,47,49
493,298,45,45,45
1050,193,50,50,54
586,230,237,236,255
219,164,38,32,32
380,144,37,38,42
1045,124,46,47,52
525,268,64,53,75
524,193,223,221,241
1054,489,48,49,54
921,484,49,50,51
1042,441,45,48,50
14,423,46,49,52
915,392,49,45,48
568,245,230,231,253
632,299,43,43,46
1043,152,51,50,53
98,321,37,31,34
1143,55,232,231,247
724,176,48,46,49
45,309,39,36,39
325,176,192,192,211
475,34,74,59,45
209,126,35,37,40
747,443,51,45,50
800,55,47,47,51
359,9,45,34,32
797,191,44,47,50
1138,161,227,228,242
336,373,40,41,47
157,485,44,45,49
835,351,43,44,51
818,43,55,51,52
970,308,41,45,47
307,184,190,189,209
624,384,43,44,42
376,186,200,200,221
270,399,43,43,45
765,264,236,236,254
43,34,231,227,252
639,13,46,50,51
901,241,242,236,255
789,351,48,48,53
566,94,46,45,47
764,435,44,47,49
701,151,46,45,48
1129,195,229,227,243
86,466,82,72,68
1129,228,228,226,243
350,65,32,26,23
3,104,137,17,25
1062,168,48,51,54
142,218,194,191,212
365,352,43,42,44
714,419,45,45,46
1194,267,241,238,251
1109,88,232,230,248
289,187,187,181,204
771,264,238,237,255
262,389,42,42,48
76,441,49,48,49
1070,198,46,51,56
423,479,146,92,91
71,225,155,167,181
110,146,198,190,209
532,145,43,46,48
504,115,43,46,45
537,334,43,45,47
1020,318,47,47,51
1035,265,49,50,52
1118,280,226,227,244
1034,236,48,47,51
695,124,48,46,48
586,164,47,45,50
1018,343,48,46,48
267,212,68,49,74
428,113,42,41,42
761,80,45,47,49
1118,367,231,229,246
1110,393,237,235,254
573,57,42,43,46
1167,369,234,232,250
1086,405,156,148,85
964,445,45,48,48
307,123,34,27,30
1001,161,49,48,51
954,380,47,47,49
280,160,37,31,35
938,395,47,45,49
800,329,49,47,50
127,270,213,213,237
64,95,150,27,31
927,445,50,54,57
931,319,46,48,51
1027,270,49,47,51
1146,116,234,229,247
1132,22,234,228,244
648,260,42,45,49
1020,492,49,48,54
558,288,48,46,47
1149,149,236,232,246
542,300,43,42,45
643,115,46,46,50
1088,450,242,238,255
983,75,71,62,58
643,243,46,45,50
624,314,45,47,50
788,435,47,48,53
274,50,41,44,48
1094,346,245,244,255
674,453,93,67,54
564,405,41,43,45
1044,43,101,88,73
961,328,47,44,48
693,171,48,50,51
969,190,47,47,50
443,439,36,30,24
1102,117,237,233,255
76,96,151,24,33
363,179,198,196,218
439,54,37,36,38
732,378,45,45,46
928,384,49,44,48
350,100,33,27,29
1084,78,53,59,60
524,434,145,146,153
123,252,212,211,233
301,280,40,43,46
1121,13,231,228,249
62,32,136,127,143
408,428,41,44,46
641,491,148,143,152
566,390,43,42,47
1188,52,240,237,254
1091,27,211,221,249
800,152,45,45,49
743,231,240,238,255
117,59,156,141,163
761,253,236,237,255
157,119,40,32,35
1123,350,230,229,245
770,359,45,45,46
396,351,41,46,45
1066,386,52,51,57
585,407,43,43,45
783,106,49,45,50
680,478,109,85,63
272,328,41,44,49
413,241,58,58,57
777,273,238,236,255
352,215,123,110,124
1050,125,48,50,53
322,462,110,105,101
1111,329,234,230,247
126,323,36,33,36
479,32,73,54,48
847,136,45,46,52
1150,177,235,232,250
577,5,92,81,62
336,6,79,76,87
1035,98,50,51,57
710,180,52,47,54
801,230,238,238,255
208,82,111,112,131
51,285,32,30,30
709,50,41,46,49
127,436,46,48,49
46,1,228,225,248
438,332,46,45,49
584,400,50,44,45
1038,437,48,48,51
123,468,48,46,51
711,470,142,130,123
1026,274,44,49,52
211,239,140,135,149
981,229,46,48,52
1115,159,234,231,247
925,4,167,128,95
1182,400,238,235,253
663,185,238,236,255
844,495,165,152,104
833,119,45,47,49
273,332,42,45,47
243,146,33,26,30
1014,410,47,50,51
1168,335,238,234,252
2,289,33,35,38
455,24,82,60,44
69,70,34,28,34
538,347,41,42,43
206,237,143,139,160
273,413,38,42,44
1052,169,51,51,55
910,50,79,75,68
780,240,74,60,75
969,207,47,48,50
217,444,47,48,50
851,172,42,45,51
300,439,63,60,52
1147,246,234,228,247
140,310,35,34,36
469,468,181,182,202
290,123,31,26,30
234,204,53,41,56
90,273,38,33,33
637,489,152,152,166
38,149,161,29,36
206,430,49,50,51
200,424,48,47,48
857,107,46,49,53
1196,202,241,235,251
381,429,48,45,51
73,35,114,104,113
218,122,35,35,37
1070,221,54,51,55
87,286,36,33,35
35,369,44,44,46
1100,134,240,239,255
233,424,68,68,55
50,53,110,102,112
734,276,44,44,47
457,25,82,61,46
557,208,221,223,247
1072,370,52,51,55
110,160,161,160,181
875,420,121,134,169
924,63,79,75,67
525,255,223,224,244
60,227,40,35,34
1054,451,52,48,54
737,487,123,120,131
230,186,187,183,203
1032,349,46,46,48
601,159,43,44,46
986,231,45,47,51
596,433,46,44,44
921,483,50,50,52
932,467,48,47,52
1140,234,230,231,244
1048,68,108,96,78
631,355,44,44,45
208,399,43,42,47
872,104,45,49,48
870,203,49,46,54
428,87,37,38,40
532,360,42,41,43
855,357,48,48,53
255,498,86,74,55
214,376,42,42,45
483,278,49,52,57
1007,232,48,48,50
212,320,43,41,46
437,91,39,41,44
1191,245,237,237,253
370,341,41,43,45
556,299,44,43,47
250,284,170,179,203
249,206,95,95,97
68,408,44,45,46
377,91,32,29,32
170,10,161,142,164
750,50,46,46,48
1027,156,49,49,51
356,417,42,43,43
363,447,75,60,55
246,273,203,201,225
473,269,26,27,28
509,97,34,29,34
964,44,92,66,58
858,489,139,129,88
774,77,44,46,51
1139,392,233,231,245
227,264,201,200,222
416,129,44,42,45
730,317,46,45,48
1094,457,238,236,255
155,218,197,192,214
796,292,44,45,50
747,206,243,240,255
415,170,46,45,47
894,135,47,48,50
508,351,44,43,47
275,311,42,40,44
712,169,47,47,50
148,156,153,167,170
727,273,46,50,52
21,154,165,28,37
256,292,45,41,45
646,296,45,42,46
1159,134,236,235,250
419,89,35,37,40
1005,276,45,48,49
980,195,48,49,50
313,488,76,77,90
661,414,42,43,47
274,158,31,30,35
202,94,109,113,130
1109,276,235,231,248
207,470,45,46,50
47,351,39,40,42
1132,497,229,226,243
1092,453,242,239,255
31,318,42,39,43
292,73,33,27,29
1104,399,237,237,253
354,476,60,57,49
410,292,43,46,47
351,447,82,80,59
964,9,107,77,62
416,488,125,116,118
912,95,48,47,51
862,300,49,48,54
1045,437,48,47,55
199,52,196,180,205
960,279,42,46,49
425,482,120,101,107
415,90,39,37,40
635,4,47,50,51
575,86,46,45,49
49,452,44,49,50
539,288,44,46,47
952,227,45,45,52
568,80,44,44,47
780,461,52,49,52
972,317,46,47,48
659,1,50,49,51
825,369,43,46,49
777,328,49,49,51
1066,297,223,231,255
523,493,104,98,68
885,264,241,242,255
64,243,31,31,37
40,303,34,34,32
1145,121,230,230,247
118,50,159,141,162
964,182,46,46,51
343,446,70,67,52
478,402,45,43,48
178,251,200,199,223
230,77,123,121,142
664,173,48,47,51
114,33,191,190,207
1070,424,95,77,60
336,279,48,43,46
176,392,43,42,48
1011,268,49,47,52
182,257,204,201,222
1096,487,235,236,250
715,337,47,45,48
154,421,50,49,50
802,28,55,53,56
254,264,200,197,220
253,348,43,44,48
543,317,46,44,47
292,495,44,46,48
350,428,47,44,45
978,253,46,47,52
688,150,47,45,49
256,409,46,44,46
936,296,47,46,50
175,112,118,117,138
647,201,239,237,255
792,381,42,43,48
587,361,43,44,44
