x,y,R,G,B
540,423,41,42,42
82,350,40,39,41
90,325,35,34,37
714,30,203,147,81
525,478,130,127,114
579,363,44,43,46
53,207,48,42,43
472,371,46,47,48
1095,136,242,238,255
831,271,48,49,52
516,453,145,140,154
315,115,34,24,29
690,290,47,43,50
564,425,44,41,46
156,285,38,40,44
47,407,46,45,50
368,83,32,26,31
186,185,190,185,206
851,124,47,47,51
776,266,241,236,255
320,421,43,43,46
986,219,45,46,51
503,122,48,47,47
360,288,45,44,48
72,294,32,29,32
118,350,33,37,36
231,403,43,43,49
484,299,48,47,51
1018,218,49,49,51
108,340,34,33,38
829,272,48,48,52
477,162,44,45,46
443,329,44,45,48
607,157,42,44,50
172,440,49,51,49
736,27,46,50,51
164,96,201,192,212
1081,341,52,52,55
597,358,45,45,47
456,259,235,235,255
1109,228,233,231,247
95,273,37,33,33
389,343,44,41,47
459,395,52,50,58
984,191,48,47,48
271,16,42,30,43
546,34,46,42,49
419,164,49,43,47
210,475,47,49,48
745,154,47,47,50
214,407,44,44,48
658,416,50,45,46
426,453,164,150,151
780,378,39,46,49
350,326,45,41,47
1126,404,230,227,244
33,311,37,35,39
815,365,47,47,51
214,409,43,46,45
666,145,45,46,49
566,164,46,46,47
298,75,34,28,30
1060,18,90,74,62
998,262,46,46,51
1190,480,236,234,250
468,79,43,41,43
504,200,81,69,75
997,344,43,46,49
495,404,44,42,44
278,359,42,43,45
807,31,51,51,51
462,434,179,184,200
82,39,121,110,120
266,400,43,43,44
1096,270,238,237,254
914,345,50,46,50
475,340,48,46,50
812,51,49,51,53
325,468,129,125,135
1112,115,231,229,245
154,227,199,196,217
528,321,48,42,46
80,368,42,41,45
343,357,42,43,45
1108,244,236,232,248
281,156,35,33,33
322,191,192,190,211
63,95,151,25,35
1081,152,249,247,255
962,189,45,48,52
895,5,113,107,88
466,481,183,183,204
704,404,47,45,47
134,298,34,35,37
196,313,36,41,44
363,42,33,25,25
1051,105,50,52,52
1173,404,235,234,249
871,241,238,239,247
86,79,150,24,35
613,153,47,46,48
49,486,73,68,60
1059,90,60,59,58
363,351,44,43,46
230,481,52,50,51
621,148,43,45,48
1079,192,242,244,255
73,46,114,106,112
433,3,36,30,31
246,69,48,48,51
626,270,45,44,50
1122,456,225,225,244
997,442,49,50,50
0,210,35,30,30
1141,403,232,229,244
1178,210,240,236,251
876,101,46,49,50
621,8,48,50,54
418,395,41,43,44
883,310,42,47,47
1158,48,241,236,253
344,137,32,32,34
848,265,70,58,78
650,494,96,74,56
691,271,44,45,50
134,271,215,210,234
683,237,235,235,254
668,419,44,43,47
546,383,41,41,45
51,432,51,47,53
774,415,48,47,51
575,211,230,231,241
1053,415,49,49,54
207,69,38,29,35
526,433,104,96,86
55,12,228,226,238
821,325,44,47,55
615,286,41,45,48
314,351,42,44,44
570,172,46,45,51
290,351,44,42,47
199,483,51,46,51
855,433,40,47,48
892,167,48,47,49
2,461,50,49,51
431,486,24,25,24
224,17,173,158,185
607,88,48,44,48
1138,271,232,229,245
194,6,155,28,38
1048,113,49,49,52
807,27,54,48,53
785,52,46,48,51
199,19,187,171,194
740,135,46,46,53
743,193,236,238,254
131,296,36,34,38
419,372,43,42,48
188,92,36,32,34
689,344,44,46,47
318,276,41,43,47
1151,268,232,233,247
685,40,44,47,48
939,222,48,50,52
480,370,42,44,46
1064,458,51,50,54
912,6,121,74,64
214,355,41,43,44
989,171,42,49,51
202,246,193,191,218
472,461,179,183,196
1179,88,238,237,252
505,58,43,43,45
701,494,132,110,73
40,406,44,45,51
945,359,46,47,50
214,92,173,176,197
294,32,51,53,59
827,245,131,123,180
9,477,50,48,51
270,183,186,182,202
439,353,45,44,50
462,372,55,57,60
1065,301,237,235,255
189,53,164,42,60
305,250,197,199,219
1047,436,46,48,53
1167,183,238,235,252
980,474,49,47,55
980,280,45,46,48
763,95,50,44,50
518,328,44,45,45
592,497,169,168,169
2,427,57,52,57
623,384,46,43,44
294,108,32,24,30
982,397,50,48,49
702,291,48,47,50
311,336,44,43,45
1095,251,247,241,255
1174,148,237,237,252
677,455,100,78,56
462,123,45,42,45
1135,457,230,225,241
498,425,45,43,48
617,471,180,178,180
896,134,47,45,51
916,383,47,47,52
1004,259,48,49,53
112,326,37,33,40
196,460,45,45,49
337,141,32,33,34
621,358,43,43,46
362,262,210,210,237
43,316,34,35,40
231,387,42,44,46
719,405,46,45,50
528,211,220,217,237
274,277,42,44,47
474,357,45,44,49
7,273,37,35,35
333,281,43,45,45
284,362,41,42,45
629,97,47,44,49
11,149,166,25,34
59,211,56,53,59
434,467,20,22,18
42,29,155,147,163
897,206,46,48,50
789,252,242,240,255
460,352,33,34,33
525,159,45,44,46
741,4,49,48,53
1186,381,242,237,255
581,375,41,43,47
1117,477,230,226,241
30,410,47,47,50
280,215,193,193,209
436,256,232,231,254
420,422,43,43,48
1178,136,237,235,252
1119,160,233,230,246
472,344,49,49,54
129,422,48,48,50
1062,172,52,50,54
1076,247,245,243,255
554,110,48,43,46
678,382,44,44,50
1025,499,46,49,53
649,488,89,71,52
1198,154,239,238,254
738,294,45,45,51
651,256,47,47,50
1158,306,236,233,247
252,485,70,65,52
700,376,42,45,47
537,496,161,152,135
1040,99,48,50,54
433,24,34,31,34
547,422,40,41,44
589,104,45,45,50
198,233,194,190,209
823,478,166,168,177
22,49,65,64,68
1025,378,51,48,53
526,114,48,43,47
678,283,44,47,50
832,400,45,48,49
1152,333,233,231,251
770,222,239,240,255
270,141,30,28,28
1192,70,236,237,252
1058,248,48,49,52
344,98,37,28,31
525,224,227,224,247
201,268,204,203,224
388,149,42,40,44
653,73,45,45,49
619,179,48,50,53
301,485,76,79,78
1094,182,248,249,255
689,481,117,90,66
1067,278,101,91,163
403,497,82,70,58
105,191,238,226,252
957,392,48,47,51
509,486,122,93,67
724,447,48,47,47
872,274,53,47,55
1130,78,226,224,244
558,233,206,196,208
598,340,43,46,46
707,386,46,43,46
729,275,49,49,52
341,220,201,198,222
279,333,42,43,45
1105,349,240,238,255
835,115,47,46,47
329,171,78,75,82
746,338,44,47,48
473,6,73,56,42
63,490,49,47,50
868,48,102,96,91
191,281,210,206,231
307,115,30,28,29
1,491,55,53,50
1043,37,101,87,65
1017,484,47,51,53
83,336,36,36,38
941,367,45,44,49
1160,240,238,236,250
613,201,201,197,230
110,96,159,31,37
1103,255,236,233,254
1170,239,241,236,255
314,442,70,66,53
339,352,42,44,43
890,373,45,47,49
327,235,48,49,52
794,340,47,46,52
628,74,46,45,48
1174,427,236,233,250
1127,473,226,225,241
734,148,42,45,49
804,215,242,240,255
1190,376,237,237,254
98,328,39,38,40
697,12,48,49,48
716,200,242,237,255
288,101,37,24,30
13,354,44,43,46
341,355,44,45,46
9,405,45,47,51
731,482,156,148,162
308,492,48,44,48
590,180,113,112,121
412,17,32,26,28
602,265,45,46,46
111,53,151,131,155
479,164,41,43,47
537,302,43,44,45
1053,357,48,47,54
194,40,190,177,200
985,15,115,87,63
304,384,41,42,44
504,83,49,48,48
384,83,30,30,29
1119,456,233,227,246
225,378,44,46,47
816,274,47,46,52
665,365,45,43,47
907,95,50,49,54
870,89,46,45,51
815,109,46,46,50
295,435,56,60,50
750,140,51,49,53
72,445,48,47,48
530,386,41,41,44
424,358,44,44,46
736,111,42,46,48
480,287,55,55,60
188,494,46,45,51
646,287,44,43,47
1116,341,233,228,249
497,201,206,204,223
1061,171,53,50,55
362,106,32,30,33
255,79,41,45,52
50,2,227,225,249
321,392,44,42,45
699,163,46,45,50
30,244,32,29,32
90,264,44,38,43
119,113,159,29,39
913,176,47,50,55
237,489,60,60,55
462,258,236,236,255
1174,99,237,237,253
1020,256,48,46,52
794,90,47,47,52
745,201,241,242,255
1101,177,243,241,255
921,493,173,159,115
1014,72,100,88,71
511,343,41,43,45
353,260,214,213,237
237,375,41,44,46
516,70,33,25,30
999,302,46,47,51
1020,247,48,49,54
1128,384,230,229,247
255,42,190,194,213
1065,14,97,78,65
879,256,240,236,255
316,204,188,186,203
27,340,43,41,43
899,187,45,47,53
535,43,41,44,43
128,381,39,42,46
932,379,46,47,52
473,268,29,27,27
621,169,44,44,49
1030,437,48,50,54
112,490,48,46,50
140,259,213,210,231
1035,354,47,48,52
913,257,236,238,255
440,353,49,44,49
1099,473,234,231,249
1089,356,247,246,255
284,74,35,33,33
890,213,48,47,52
897,118,49,47,49
712,477,148,138,143
834,373,46,44,51
1079,161,171,174,189
583,367,42,42,46
1123,220,228,228,243
747,207,240,238,255
193,497,48,47,51
322,226,194,196,215
864,110,46,47,50
1091,131,240,241,239
78,271,35,32,32
669,442,42,43,47
480,380,43,41,44
308,254,204,200,218
960,201,50,48,53
1102,250,236,236,254
761,473,159,156,169
478,277,51,50,53
536,104,45,43,44
41,319,36,39,39
74,443,46,45,51
1084,476,109,92,94
828,285,46,45,48
952,81,50,48,53
430,292,45,45,48
559,482,129,120,111
892,487,173,160,91
1060,381,52,49,53
728,406,51,45,59
589,197,235,234,254
65,372,43,41,45
378,338,38,44,47
145,79,163,150,169
1032,442,49,46,51
857,185,44,47,51
724,160,45,45,49
203,28,164,71,86
696,55,47,46,50
1032,204,47,47,51
216,439,46,48,51
915,180,47,46,51
964,360,47,47,47
45,307,35,33,36
1026,322,51,47,53
1088,313,119,112,153
345,0,65,58,66
792,260,243,239,255
957,383,41,46,48
333,78,33,26,29
177,188,194,188,208
327,240,116,112,118
481,158,44,42,48
348,55,34,23,25
776,229,62,61,85
997,334,44,46,51
1198,422,238,237,252
1034,274,52,50,54
1176,76,238,236,254
793,419,49,44,51
276,103,34,29,28
421,446,153,147,138
372,3,38,28,27
941,12,226,212,223
553,328,44,43,45
1171,360,239,235,254
773,50,44,48,50
564,151,41,43,47
131,162,236,234,255
775,307,40,46,46
684,337,44,44,49
542,369,41,43,43
1149,458,232,230,244
610,18,50,51,49
274,450,71,72,54
692,172,47,50,51
192,49,195,177,192
581,338,44,44,48
688,399,133,134,165
646,347,41,45,46
1030,307,46,46,53
513,157,42,47,47
613,198,239,233,255
399,38,36,28,31
413,22,36,31,33
319,9,67,59,60
753,402,48,49,68
270,303,41,43,45
903,135,46,46,54
99,9,111,102,111
303,399,41,43,45
1091,188,244,245,255
855,421,48,48,53
294,411,46,43,46
83,274,38,33,33
36,61,102,98,107
616,215,87,89,109
797,268,237,236,255
346,449,75,71,54
131,155,180,173,201
831,456,47,46,47
343,38,43,32,30
819,400,46,46,49
671,68,45,46,48
652,250,46,48,49
75,239,49,47,55
200,159,35,30,32
523,49,41,35,35
1145,479,233,231,245
760,462,57,52,53
350,330,42,42,45
266,405,42,43,44
601,196,234,233,255
245,163,167,157,172
49,468,48,48,52
970,57,76,62,55
809,115,49,48,51
568,494,172,169,171
481,14,82,64,49
502,270,51,51,52
488,308,45,44,48
398,343,45,46,48
276,27,210,214,235
594,18,51,49,51
350,280,43,42,48
1058,154,50,49,55
210,469,49,46,49
449,90,39,42,45
979,191,44,47,52
218,351,41,42,44
772,235,233,240,255
103,258,215,212,237
477,163,43,46,46
970,356,52,46,52
1093,482,237,235,253
591,88,45,45,47
216,44,202,188,211
982,44,99,77,62
615,66,41,44,48
1076,44,63,59,65
856,15,95,91,87
1058,156,47,49,53
982,217,46,47,51
923,269,45,48,53
225,368,46,43,45
1130,269,230,227,244
735,176,51,47,52
1184,171,238,236,253
915,139,46,49,52
454,31,60,48,42
919,61,75,72,65
794,314,47,47,50
71,75,27,27,26
390,112,37,34,39
852,13,97,93,88
292,368,43,44,45
611,147,41,46,51
560,128,45,46,47
754,485,163,157,159
967,161,48,50,51
737,344,43,44,49
322,174,188,186,207
1169,242,235,235,252
712,3,108,52,71
281,218,187,188,207
1071,45,94,87,99
369,148,41,38,43
271,104,32,26,30
692,273,40,45,47
731,488,151,147,156
438,412,87,88,88
52,327,36,37,38
679,357,43,43,44
766,330,45,45,49
534,290,44,42,46
11,429,53,51,54
838,206,50,46,52
855,395,47,47,50
1054,307,53,51,55
288,158,33,32,29
733,335,47,47,51
799,61,49,46,50
27,365,41,44,47
515,459,157,154,172
1187,168,239,237,254
644,315,45,43,47
664,122,43,46,49
922,144,48,47,52
551,456,155,152,161
415,366,42,44,45
757,110,45,45,47
732,440,47,45,51
788,472,169,162,173
1129,101,227,228,243
810,293,48,47,49
636,106,46,46,51
245,107,37,33,35
866,3,91,90,84
361,112,30,31,34
598,334,46,43,45
669,388,43,47,50
679,337,46,45,47
359,330,43,44,46
1007,62,63,57,58
935,444,48,47,51
495,285,50,45,49
401,23,41,34,33
959,132,46,47,51
1002,485,49,48,54
962,448,46,48,51
702,247,46,48,50
713,226,189,200,234
376,60,33,27,28
810,188,48,47,49
640,402,44,42,45
219,111,35,36,36
109,178,245,243,255
202,187,189,183,204
808,296,47,46,49
409,108,41,37,41
624,59,44,46,47
461,137,39,45,45
1062,409,50,49,52
307,448,75,72,50
213,165,33,29,29
478,50,41,40,44
1047,173,48,49,53
752,23,50,50,52
538,95,46,41,46
185,379,43,43,47
1188,303,241,237,251
286,379,45,42,46
506,202,212,212,232
36,304,36,35,40
817,465,48,48,54
170,417,45,45,49
444,269,239,233,255
1021,8,107,84,64
1042,23,108,84,68
306,147,28,29,30
177,236,195,193,216
742,265,54,54,58
772,126,46,45,49
349,398,45,43,48
91,281,35,31,34
216,226,191,187,206
740,483,101,93,84
375,389,43,42,46
153,275,213,212,235
346,265,211,213,235
1181,66,241,238,255
895,222,87,81,92
135,461,49,46,48
534,460,156,153,164
147,275,214,211,235
741,100,49,45,50
412,238,59,57,63
222,307,41,42,43
955,486,48,49,53
1111,144,234,233,247
557,394,42,43,43
980,226,50,48,51
776,137,50,47,51
167,140,84,82,102
65,215,127,122,128
220,286,47,48,50
620,478,177,176,189
833,37,73,70,64
1008,175,51,49,53
834,109,47,46,51
154,174,204,206,229
269,348,42,46,48
958,429,46,47,50
519,139,42,45,47
742,444,47,44,48
805,28,49,49,52
288,434,78,76,53
737,17,48,51,53
762,355,47,45,49
48,68,117,106,116
349,301,44,42,48
1148,391,231,228,245
115,342,32,37,38
401,55,31,29,33
239,250,193,190,210
1135,494,228,228,242
597,188,234,231,255
969,493,44,46,50
331,177,187,186,205
742,391,47,45,49
430,199,223,221,244
1070,26,107,101,94
279,125,33,28,30
973,132,42,48,51
402,276,46,48,55
714,442,44,45,48
1192,144,238,237,252
176,14,162,144,167
1159,86,240,236,250
999,43,118,88,67
252,29,204,198,218
968,0,109,93,99
511,66,24,23,27
509,195,215,217,238
31,240,35,26,31
86,377,40,38,44
534,441,146,145,161
1030,263,51,48,53
82,473,102,88,88
592,274,49,47,50
204,351,43,42,45
76,115,152,26,33
742,335,45,45,48
623,85,45,45,47
616,165,46,47,49
1189,446,234,233,250
397,372,41,43,48
800,327,46,45,50
1046,450,48,49,53
720,126,45,46,49
720,259,231,226,252
470,414,44,44,47
550,6,88,78,56
1064,85,80,73,64
243,469,91,86,58
856,307,46,46,51
277,67,40,40,45
408,27,36,28,31
607,126,43,44,47
166,154,37,40,42
915,347,45,46,52
132,198,151,140,151
192,252,202,196,216
43,431,50,49,52
52,212,88,80,81
805,436,45,46,49
1106,26,239,238,255
990,66,93,77,73
693,322,48,43,46
682,202,238,234,255
1082,421,248,246,255
578,106,42,43,47
727,82,43,46,49
93,469,84,72,65
757,282,46,49,50
740,373,44,44,50
362,292,44,44,45
980,47,89,68,60
1174,401,237,236,249
420,13,43,29,31
254,237,186,189,206
662,326,39,44,45
658,53,45,45,52
291,377,46,43,46
119,189,218,217,248
286,446,65,63,54
910,333,47,47,51
917,239,60,54,90
437,435,71,70,76
667,123,49,45,50
472,263,44,38,47
145,470,47,46,49
1090,414,244,245,254
1168,143,236,234,254
847,99,48,47,48
512,298,44,43,48
505,456,169,168,186
517,152,46,44,49
1105,283,236,233,252
229,353,45,42,47
740,29,50,48,50
895,411,44,46,50
143,293,35,34,37
79,12,39,33,37
1004,331,47,46,48
1080,173,54,54,55
875,267,236,239,255
477,457,173,178,201
8,439,53,52,53
233,241,66,61,70
6,158,171,33,41
958,45,98,73,60
868,398,44,44,49
1021,46,98,76,60
760,55,43,47,48
172,12,160,142,166
99,163,36,26,29
770,454,46,43,51
704,289,46,45,46
11,416,57,53,54
4,237,32,27,32
709,423,42,43,46
604,265,43,46,48
916,239,92,98,165
821,444,48,48,52
316,71,39,30,28
324,30,39,36,41
652,263,41,42,49
264,108,33,26,30
20,109,142,22,32
105,442,46,47,50
566,243,228,229,255
209,44,166,39,51
235,117,30,29,34
488,460,167,171,192
1100,206,240,240,255
34,11,227,225,246
3,73,108,97,107
336,442,81,78,58
6,72,113,100,111
223,239,51,45,54
471,402,41,42,46
440,402,61,49,76
973,129,47,46,52
912,63,85,82,77
751,136,45,48,51
833,326,46,47,50
481,482,107,104,64
26,74,112,103,111
1043,13,87,75,61
844,351,43,46,52
1110,55,233,230,247
35,25,73,64,70
783,292,46,47,51
725,334,47,44,48
568,205,230,228,252
561,19,48,47,50
903,334,43,48,49
300,159,32,33,34
1013,24,102,79,64
425,452,168,161,168
1033,460,48,48,55
89,135,159,28,34
608,380,43,45,48
289,161,36,34,38
652,262,41,44,49
906,278,49,48,55
368,477,63,54,51
410,256,226,228,251
289,431,72,71,52
1098,24,241,238,254
524,405,43,42,45
766,43,50,50,53
813,154,47,46,53
1163,143,238,234,250
363,76,30,27,27
438,47,37,34,37
112,38,195,192,213
376,404,41,42,44
682,388,44,46,49
662,20,54,49,54
291,143,32,27,32
861,208,49,46,52
1051,261,48,51,55
1099,295,237,236,254
777,413,79,98,113
332,362,45,44,45
489,435,179,183,202
240,187,187,183,203
965,468,48,47,51
432,116,37,43,43
292,357,43,44,42
469,79,43,42,44
17,295,34,34,39
569,498,170,168,169
285,35,47,46,52
396,284,44,47,45
563,329,43,42,46
210,43,181,123,136
1023,269,46,48,50
354,117,30,32,30
978,276,49,48,54
1182,248,236,237,251
78,211,231,230,252
1154,199,235,235,250
341,249,207,207,229
857,356,41,47,49
1036,5,106,83,65
1020,478,45,50,55
410,406,42,44,44
595,448,163,165,172
749,160,44,46,52
587,236,231,234,255
1168,155,236,236,249
168,42,162,150,172
833,259,240,238,255
1125,171,230,229,246
748,338,50,45,50
163,76,160,146,166
194,179,191,183,207
1051,397,50,47,52
1142,280,232,229,245
1122,82,230,227,242
102,490,45,46,48
18,69,109,98,110
1139,89,230,229,246
1048,189,48,49,54
197,395,45,42,46
212,119,38,37,38
1066,66,101,86,76
101,8,110,105,115
907,82,49,48,52
978,383,47,45,49
854,474,51,49,53
350,72,31,22,27
1088,55,106,103,138
977,438,58,50,109
904,114,48,47,53
678,216,150,151,172
957,39,95,74,61
1196,123,238,238,254
823,257,243,237,255
1127,73,230,230,246
1047,189,47,50,55
1076,178,150,156,138
122,186,213,216,246
503,209,209,207,219
885,268,235,238,254
882,431,47,47,49
411,64,33,32,35
32,313,37,37,39
896,480,48,51,52
858,317,46,47,48
355,239,198,197,219
447,74,40,40,43
431,60,41,35,39
2,301,38,35,39
1146,219,233,231,246
318,330,46,44,45
326,204,191,191,216
5,224,34,28,29
1018,310,49,48,51
247,239,59,56,63
1055,330,47,48,51
865,68,49,48,50
465,191,225,226,248
123,455,48,48,51
784,223,236,238,255
458,218,221,229,247
1199,99,239,238,252
836,24,88,83,78
1041,250,50,48,50
1033,107,46,50,52
76,350,40,37,40
404,337,41,42,47
971,194,44,46,52
313,302,41,42,50
760,219,238,237,254
10,212,31,29,27
573,18,93,80,59
60,156,165,34,43
492,87,48,41,48
313,192,190,187,206
1127,183,233,229,242
1089,301,224,232,230
430,489,24,23,24
575,264,238,235,255
824,190,47,48,51
671,35,51,48,52
220,74,136,132,150
569,37,45,43,46
802,25,50,49,52
412,313,41,44,46
799,458,47,49,50
1155,452,232,230,245
620,308,47,43,49
163,70,145,131,149
583,353,42,42,46
1075,495,244,242,255
1120,281,225,226,244
164,288,38,36,42
40,149,163,29,34
802,157,48,48,50
894,360,45,47,51
1012,32,96,78,61
619,262,45,46,48
560,141,46,45,46
832,57,64,58,58
765,15,50,49,51
176,412,44,43,48
1190,27,240,237,254
1070,433,105,89,57
892,384,42,45,48
1130,159,229,227,247
1148,448,232,229,246
765,450,46,47,51
439,94,40,39,46
496,370,42,40,42
600,5,58,51,52
1124,287,230,227,244
654,232,237,239,255
1198,87,240,235,254
106,102,158,28,37
1174,120,239,237,254
1069,299,57,56,69
1151,468,235,231,242
347,153,38,35,40
944,241,43,45,50
781,196,48,49,52
501,5,105,79,60
456,451,160,164,188
893,319,42,45,52
880,142,46,47,51
509,290,48,45,49
839,227,241,238,255
100,277,38,33,34
976,55,79,64,59
308,176,192,186,207
1141,309,231,228,245
233,359,45,46,48
86,113,154,23,37
567,281,43,46,47
891,462,47,48,49
39,9,230,227,250
410,152,39,41,46
835,329,46,45,47
842,411,49,44,50
935,196,49,46,48
997,170,49,48,52
156,483,44,47,47
361,274,45,45,51
1044,67,103,91,71
103,290,36,35,37
252,213,191,184,207
1125,32,228,228,243
578,69,41,45,46
577,334,44,42,44
973,259,45,48,52
34,186,122,120,124
1037,451,47,49,54
1004,397,49,46,52
1169,155,238,235,250
573,171,42,46,49
680,1,47,49,53
132,405,47,46,48
853,88,46,48,50
1194,357,240,235,254
449,327,44,48,49
1148,430,232,229,243
588,266,233,232,255
1030,432,47,47,52
1015,194,45,49,51
1015,458,50,46,53
165,212,153,140,151
751,121,46,47,49
237,126,32,26,27
468,104,44,42,46
182,345,43,40,47
256,84,40,40,46
642,476,126,120,110
625,236,88,82,121
211,349,44,41,46
733,469,152,144,159
410,270,226,224,245
1190,209,238,235,250
712,296,46,44,51
619,78,42,45,49
254,471,108,98,63
706,288,42,45,46
1140,429,228,227,243
454,181,47,46,47
1181,417,235,235,251
93,493,47,47,50
389,180,46,47,49
364,119,30,30,33
494,19,79,57,49
829,355,51,47,49
886,156,48,47,51
1003,363,49,48,52
417,58,35,33,38
398,499,90,78,56
959,273,45,44,49
723,88,48,47,49
82,104,151,24,34
995,189,48,48,53
656,198,241,234,255
1082,329,74,64,85
282,174,190,184,204
1024,448,46,48,51
1192,361,234,235,253
326,423,47,44,46
821,86,49,46,49
813,200,47,46,51
342,265,210,211,232
396,155,40,41,48
658,165,50,47,50
719,148,44,45,48
945,40,106,76,61
986,493,48,47,53
337,362,43,42,48
359,350,45,41,45
808,454,47,44,48
435,329,42,43,48
81,362,38,40,44
543,78,45,45,44
613,291,41,45,46
143,378,44,45,45
264,165,188,183,203
541,210,227,223,246
440,186,102,104,109
1082,110,57,55,62
136,467,46,48,50
1030,325,44,47,52
634,215,85,72,104
411,15,36,28,29
783,428,45,47,51
782,231,137,138,159
768,120,45,46,50
1113,43,233,234,248
838,491,164,157,130
368,402,42,43,44
623,100,45,43,48
881,6,94,88,82
1141,425,232,226,244
340,356,44,44,46
775,344,48,49,51
1003,308,49,45,51
990,154,48,46,52
492,320,43,45,46
1183,139,240,237,252
199,369,42,42,48
442,337,45,45,49
272,312,44,42,46
713,425,44,43,48
160,463,49,48,50
393,120,38,40,37
846,136,47,46,50
948,185,44,47,52
663,339,46,43,51
960,288,47,45,51
131,254,215,212,236
153,431,45,49,50
226,307,41,42,48
781,281,56,50,56
203,458,46,47,47
823,454,49,46,51
127,424,51,49,50
799,475,169,161,162
1037,150,49,49,53
347,390,44,41,47
205,28,180,146,157
22,494,64,61,57
158,368,43,41,47
1073,75,70,62,60
776,444,48,45,52
812,461,48,49,50
514,106,46,42,46
1117,289,232,229,244
343,176,196,193,213
169,272,201,204,227
1109,383,234,231,250
801,263,242,237,255
67,499,43,45,46
1092,368,244,243,255
797,160,50,46,54
329,22,40,38,40
250,404,43,45,45
1086,115,63,63,78
158,4,32,34,33
322,62,30,26,26
654,334,44,44,47
1064,286,237,239,249
532,240,222,222,246
428,77,40,37,39
346,189,196,193,214
734,177,45,48,49
1085,345,65,62,63
922,429,158,148,141
890,116,49,47,49
245,355,42,43,47
967,178,47,46,53
571,465,142,139,140
582,89,44,44,47
452,174,44,46,48
132,239,199,195,215
771,149,47,44,48
611,190,236,231,255
896,244,242,238,255
47,450,49,48,52
368,357,42,44,44
1137,263,230,229,244
223,11,171,160,183
446,216,83,72,95
907,348,48,47,53
372,29,35,27,28
1043,58,115,106,93
397,384,44,43,45
286,337,42,44,46
288,148,34,31,30
678,465,108,80,59
255,327,42,44,46
1056,286,55,57,69
27,449,50,52,53
391,106,32,35,38
150,282,191,188,218
405,188,206,205,225
620,467,157,153,160
24,337,45,41,45
893,133,48,47,49
27,266,33,28,31
611,308,45,42,47
966,477,49,48,53
784,169,47,45,49
295,384,41,43,43
733,111,44,46,49
828,443,48,47,49
107,156,196,188,211
367,344,42,44,47
1051,448,46,49,54
390,176,41,45,47
665,486,105,80,59
494,48,47,42,44
274,111,30,24,29
114,314,38,35,35
649,190,237,233,255
1066,133,51,49,55
658,133,45,46,52
946,345,43,46,50
388,434,180,188,196
894,35,107,103,104
550,78,45,43,47
98,339,35,34,38
727,307,43,44,48
754,1,50,50,52
82,67,195,193,214
828,245,76,54,100
539,239,208,210,220
483,207,38,41,48
338,246,208,208,228
1069,182,51,52,56
859,249,236,236,255
778,169,45,47,51
427,418,48,43,49
809,233,83,72,70
911,205,50,49,50
237,482,57,53,51
969,88,48,45,54
214,480,49,48,51
1067,249,52,50,56
441,361,45,45,50
731,151,47,46,51
96,412,41,45,50
567,265,231,233,255
713,26,65,55,55
675,96,48,47,50
371,93,33,28,30
784,5,50,51,55
232,35,33,30,33
947,412,47,47,50
699,271,42,44,47
1164,186,234,235,249
280,41,40,43,46
1104,408,235,237,254
144,315,36,34,36
805,185,47,45,51
46,464,50,49,52
779,188,45,47,53
1167,244,236,235,251
952,325,45,46,49
544,406,37,44,44
169,15,157,138,161
644,495,112,98,108
850,177,46,48,49
819,65,49,48,51
265,215,185,185,201
57,229,32,33,35
1005,299,45,47,50
438,337,44,45,46
1019,110,47,49,52
180,89,37,26,27
120,362,40,39,42
699,205,239,234,255
309,342,42,43,44
886,74,49,48,53
539,22,50,47,47
332,476,132,130,143
918,79,46,46,50
828,496,172,166,164
293,237,79,78,85
340,38,43,35,29
679,360,43,45,46
675,391,126,134,150
382,214,203,203,226
479,493,116,103,57
192,55,205,177,186
927,325,46,49,50
234,313,44,46,45
124,468,47,46,49
20,216,33,32,36
280,33,143,144,159
495,323,42,43,43
675,232,239,237,255
1054,342,49,50,52
589,361,45,42,48
274,410,41,43,45
239,170,188,182,203
325,405,44,43,46
75,93,149,25,32
65,225,89,86,95
445,434,122,106,101
718,391,46,47,47
516,124,43,45,51
399,446,196,197,214
1111,421,231,231,247
779,259,241,238,255
240,117,32,28,30
773,403,44,46,51
66,58,113,107,118
166,370,43,42,46
376,256,216,214,237
638,259,45,44,50
15,130,156,26,34
458,484,182,188,204
38,155,165,28,36
410,107,37,38,40
627,459,121,120,128
798,74,46,48,52
860,76,49,48,51
34,236,34,27,32
777,254,242,240,255
175,285,44,41,44
1047,115,48,50,51
714,21,91,68,56
744,61,45,45,49
908,487,160,155,104
566,402,41,41,42
1078,290,241,242,255
967,198,43,46,50
267,350,45,44,45
375,13,41,30,30
1048,202,50,48,53
294,250,202,196,217
265,32,155,153,177
578,432,41,43,46
580,120,43,44,45
770,200,49,50,52
76,36,117,107,118
905,195,49,48,54
691,261,39,46,48
508,3,113,91,68
430,392,42,43,45
936,464,47,49,49
1071,306,51,52,59
522,378,42,42,43
607,451,180,184,204
559,158,44,44,46
753,343,45,44,50
732,56,47,44,49
338,452,68,65,54
624,34,44,44,49
225,140,35,31,32
407,278,48,50,52
780,49,51,51,53
921,196,49,48,54
1027,94,48,49,53
46,300,38,33,35
269,249,196,195,214
1038,289,53,52,54
516,204,96,91,85
767,398,42,46,49
855,465,49,47,50
1190,215,239,238,254
866,219,232,232,252
382,102,32,32,35
41,380,46,45,46
400,366,42,42,47
967,76,64,59,57
163,435,49,49,52
182,71,147,131,154
457,473,179,183,204
183,332,41,41,42
518,467,166,159,173
620,492,108,104,90
413,366,42,43,47
160,42,152,138,159
200,413,42,44,47
393,219,210,211,238
641,453,196,200,221
980,1,111,82,64
526,175,52,51,54
44,151,162,30,39
680,177,53,54,54
78,423,54,53,54
145,171,207,208,233
476,496,114,103,63
159,156,47,48,52
425,456,157,151,158
125,13,179,180,200
121,434,54,56,53
433,399,44,45,48
558,333,42,45,47
603,448,168,175,191
306,184,187,188,206
793,66,43,48,50
1043,98,47,49,54
472,150,42,44,48
923,177,45,46,51
39,38,229,226,250
524,353,40,42,45
1154,83,236,233,251
915,120,48,49,51
1082,433,240,242,255
704,483,125,105,81
196,167,39,31,35
715,211,239,237,255
657,81,44,46,46
136,404,45,44,46
148,243,184,179,197
940,417,47,46,50
479,205,179,178,197
244,352,44,45,48
279,350,44,44,44
254,485,84,68,53
281,311,42,41,46
671,416,43,45,46
273,223,191,189,207
740,458,52,50,52
759,259,238,237,255
759,20,50,50,54
585,303,43,41,45
846,437,48,47,52
1082,367,58,57,60
593,36,45,42,48
607,459,164,164,179
43,138,157,27,36
960,173,48,47,51
232,197,187,183,203
1134,55,228,226,240
95,152,80,57,96
1098,175,243,241,255
303,81,35,27,29
315,340,46,43,48
429,120,39,42,43
359,30,38,29,27
492,280,47,46,52
504,100,38,35,41
117,454,49,49,49
281,138,31,26,29
229,217,191,187,208
182,249,201,202,222
314,338,44,41,46
1190,293,236,237,252
918,16,109,75,60
415,231,225,223,247
1124,156,230,227,243
1159,130,235,234,249
840,470,46,47,50
515,62,79,79,86
1157,171,235,233,248
32,389,44,42,46
994,457,55,51,55
401,482,85,88,76
295,250,200,195,218
254,181,184,182,202
166,466,59,53,53
1165,369,238,237,251
774,102,45,45,48
1031,170,49,50,53
360,438,59,56,51
972,394,47,46,49
434,287,44,44,49
821,243,238,238,255
829,406,46,47,48
362,181,196,197,216
886,180,47,46,50
177,435,50,50,52
769,315,41,46,50
863,186,47,48,52
669,197,239,236,255
1134,414,231,228,242
686,234,237,236,255
751,426,47,48,48
806,449,49,46,51
280,62,41,43,46
1126,197,232,229,246
1088,215,243,248,255
753,46,47,49,52
1196,145,240,238,255
577,445,146,146,153
697,224,238,236,255
76,378,38,41,46
14,367,42,44,47
641,498,148,142,153
584,203,65,58,62
576,287,44,46,50
339,393,41,42,44
1001,487,45,49,51
273,456,62,62,50
325,153,30,33,35
1140,22,231,229,247
474,44,41,40,45
203,270,207,206,225
250,339,42,42,46
779,29,49,50,54
1142,336,234,230,245
634,405,41,43,46
92,436,50,48,51
236,491,74,68,53
580,489,149,144,154
432,388,41,42,45
847,392,46,47,49
724,157,46,48,49
640,287,46,44,48
606,432,42,45,48
1006,204,49,49,49
407,366,42,45,46
410,25,37,29,32
659,157,45,46,49
1092,183,227,217,182
1136,388,230,228,244
38,206,104,99,104
139,254,213,211,235
854,23,90,88,85
643,455,191,202,225
707,48,47,47,48
1121,86,231,228,244
499,35,91,64,50
8,368,42,44,46
935,317,46,47,48
929,187,44,48,52
849,465,49,48,52
225,214,185,181,202
711,208,238,239,255
19,384,43,46,50
637,64,49,45,46
647,81,46,46,48
39,393,46,46,47
684,49,49,48,50
156,175,204,203,226
531,134,44,46,45
489,192,53,50,45
640,55,44,44,47
403,468,57,57,53
22,316,42,38,39
587,467,127,119,109
426,290,45,46,48
426,223,225,222,243
1179,7,237,236,253
1092,94,244,241,255
281,466,102,95,66
579,393,44,44,47
459,471,182,186,205
181,138,33,38,43
160,77,160,146,168
867,452,48,47,51
835,362,48,45,53
1060,354,48,49,54
542,251,231,229,253
377,285,43,45,46
737,259,242,238,255
232,451,62,61,52
341,221,199,199,219
803,136,44,45,51
160,36,162,146,172
1179,11,237,237,254
635,210,86,75,75
1129,461,232,229,245
103,450,50,46,51
374,413,45,42,46
280,445,69,67,52
190,182,192,188,209
1007,27,107,81,62
318,185,191,189,207
398,199,205,207,228
665,379,45,48,49
609,375,41,43,46
649,238,51,49,53
58,414,51,48,47
808,311,45,45,49
379,417,46,42,47
320,427,50,46,47
1185,59,243,236,253
421,416,45,45,44
1132,381,230,226,244
543,327,45,43,48
311,297,41,42,44
182,137,41,39,45
802,57,46,47,48
566,132,46,44,48
1178,338,238,235,251
776,107,43,46,50
54,426,53,55,53
401,456,62,59,58
57,493,47,49,50
834,359,41,45,50
171,283,113,118,150
456,455,183,186,205
676,9,48,50,51
269,1,202,191,213
892,317,44,44,51
268,131,34,31,33
169,357,41,40,44
946,369,42,47,50
62,360,42,43,43
806,199,44,46,51
11,331,41,43,44
120,31,39,35,35
238,382,44,44,44
792,492,160,154,167
423,167,44,44,47
239,349,45,47,44
961,438,64,58,119
1094,356,245,243,255
426,135,43,42,48
176,282,206,212,235
111,393,40,44,48
362,170,47,46,49
896,499,175,157,90
931,52,107,102,98
129,468,45,48,48
1062,399,52,51,53
638,345,44,44,49
209,309,44,41,45
893,433,47,49,53
140,344,41,37,41
738,236,243,239,255
975,422,45,47,49
163,372,44,43,46
200,494,47,47,50
665,348,42,44,44
1018,419,48,48,52
968,265,42,46,51
831,156,49,48,51
555,463,147,145,156
275,444,72,71,49
1153,149,235,234,248
983,388,48,47,49
619,287,43,43,47
260,212,186,184,204
91,42,28,29,30
731,316,47,47,48
911,0,111,71,62
173,258,203,202,227
725,339,44,44,47
725,2,49,50,52
792,464,47,49,53
1176,429,235,233,249
3,233,29,27,26
719,238,241,239,255
951,330,49,48,49
670,357,39,44,46
828,277,45,45,50
1173,188,237,235,250
662,4,50,50,52
39,283,34,29,33
497,42,54,49,47
490,74,44,41,44
399,96,40,34,35
881,10,78,70,65
1185,105,236,237,253
678,145,49,46,49
200,270,205,205,223
844,84,49,48,51
535,378,39,41,44
263,263,197,194,217
360,77,27,26,27
544,88,45,43,46
735,150,47,47,51
555,340,44,43,45
41,186,110,81,83
1177,391,238,235,252
1067,436,51,51,55
1085,312,85,87,83
312,268,60,51,71
694,156,45,47,51
215,242,193,190,211
1145,72,231,231,244
610,85,45,43,50
1021,209,49,47,51
953,25,92,71,60
480,177,49,49,53
963,267,46,47,49
855,14,94,93,86
400,452,146,150,164
592,149,45,46,48
1151,402,233,231,246
355,492,65,62,51
481,371,41,43,44
1028,292,47,49,51
549,120,43,44,48
237,6,178,163,188
1107,76,235,234,253
36,472,49,46,50
54,268,36,28,32
570,141,43,44,47
483,224,89,81,75
969,85,47,48,52
187,31,190,171,192
819,323,42,48,48
306,470,125,117,94
611,63,44,45,49
231,246,194,194,215
489,169,71,66,73
406,186,209,204,229
150,450,45,47,51
889,155,53,47,53
167,148,37,41,46
504,234,193,204,218
1115,121,231,230,248
224,28,174,162,187
832,276,48,46,50
540,173,47,48,51
835,373,49,49,50
659,448,47,46,47
440,228,229,228,252
844,488,172,160,110
1026,292,46,49,53
100,480,46,47,52
281,125,31,28,29
349,399,43,44,49
530,175,48,53,56
1090,243,142,135,87
860,252,240,237,255
6,155,170,32,39
1038,74,90,79,65
222,130,34,29,35
276,318,44,42,45
930,356,48,44,50
381,200,203,201,221
93,300,37,30,35
737,338,44,46,48
1020,15,104,79,62
905,442,88,86,61
430,51,32,34,36
1185,410,237,233,251
844,429,46,44,48
107,66,144,125,145
699,129,44,45,48
487,326,41,44,46
52,413,46,43,48
1115,4,235,232,250
435,442,81,79,85
172,167,43,42,46
477,443,177,181,203
643,128,45,44,49
209,426,47,48,50
205,268,205,203,225
784,285,47,49,53
489,67,42,44,42
192,350,43,42,46
735,347,44,45,46
454,201,229,227,249
280,464,99,91,68
496,37,91,65,51
926,377,48,48,48
1141,461,227,226,246
850,99,46,46,49
856,112,45,47,51
927,458,50,47,52
338,458,116,108,96
557,108,43,41,46
853,459,51,48,50
730,307,44,47,50
134,273,214,212,235
615,101,47,46,47
251,438,67,71,55
719,186,239,237,255
739,84,47,46,51
1022,269,46,49,54
825,284,48,48,50
508,189,215,215,236
712,1,152,57,95
1058,261,50,49,54
855,80,47,46,53
706,158,46,46,49
1182,137,242,237,255
709,445,44,45,47
377,470,52,49,47
713,163,46,45,49
768,95,50,48,49
283,378,42,44,47
433,387,45,45,47
867,31,99,97,91
203,464,47,49,50
1134,168,230,228,244
499,222,211,214,233
265,278,42,42,45
899,432,56,51,71
137,158,195,197,217
374,428,47,43,44
591,362,43,43,45
552,349,40,43,45
630,17,50,48,50
369,340,43,42,47
821,29,60,59,60
856,36,93,89,84
1115,234,230,230,245
1047,51,124,114,110
1056,86,65,60,59
853,264,237,238,255
1126,126,228,226,245
318,341,44,40,46
423,144,42,42,45
483,248,190,190,201
979,228,44,47,50
536,52,42,42,46
1020,333,46,47,51
1185,353,239,237,254
713,169,48,47,52
992,266,47,48,51
1009,476,46,49,52
148,490,48,47,49
146,15,200,196,217
653,252,47,45,50
424,37,32,32,32
430,108,43,39,45
299,406,44,44,45
149,220,193,192,212
132,113,163,32,41
236,191,188,183,204
1175,324,239,236,251
29,52,96,91,101
548,19,48,47,49
430,12,39,29,32
383,367,43,44,47
309,275,44,43,47
1008,414,49,48,52
1062,80,90,83,76
1194,313,239,236,255
184,46,166,76,92
1005,460,48,47,51
1057,451,45,50,52
230,417,42,45,47
18,357,47,44,46
20,249,36,32,31
602,373,44,41,46
866,114,46,46,52
1001,25,118,89,66
552,244,230,229,254
258,363,44,43,46
126,363,39,43,43
961,177,44,47,51
557,173,52,47,51
864,50,103,88,75
940,29,81,65,57
53,16,65,67,70
160,57,130,115,135
354,109,33,31,32
450,159,45,43,46
381,263,217,216,238
969,316,47,47,50
390,479,59,54,54
621,227,237,236,255
994,153,45,49,51
410,172,45,44,45
455,446,180,182,199
141,174,53,53,63
1053,394,49,49,54
139,455,46,46,49
979,79,59,60,57
354,31,41,30,32
1141,497,232,226,242
117,203,218,216,242
784,88,42,45,51
543,286,49,45,50
1123,180,230,229,245
124,211,206,203,226
321,407,40,42,47
467,3,63,52,40
1102,91,240,235,254
1145,304,231,230,246
297,223,194,191,212
1004,61,81,69,57
809,70,45,46,50
116,279,213,211,234
395,175,46,43,48
1162,462,234,231,248
169,213,193,190,210
483,6,56,48,44
158,147,155,166,171
65,310,35,33,36
62,61,105,91,107
1042,185,45,48,53
900,165,48,48,51
728,487,149,148,159
300,171,185,182,201
84,358,39,41,43
910,202,47,47,51
415,109,39,38,43
83,398,45,43,48
1145,367,232,230,244
654,115,45,45,50
652,193,237,236,255
548,206,60,58,55
319,20,43,42,42
765,289,49,48,52
878,121,50,46,52
53,380,46,45,48
637,10,52,54,56
1123,442,228,224,240
291,378,41,43,45
285,354,41,43,47
330,29,41,36,36
550,228,190,201,224
1035,187,48,49,53
105,172,136,132,155
539,210,102,94,91
669,239,48,50,56
286,109,30,26,26
761,67,44,47,50
247,89,45,46,50
631,92,46,46,48
907,36,92,84,76
125,177,174,190,201
720,283,43,45,45
117,202,220,219,244
575,274,47,50,51
1151,452,231,231,247
893,411,42,47,48
1113,191,233,233,252
608,251,237,234,254
493,72,44,44,47
614,341,46,44,46
1141,268,231,227,244
417,12,37,26,27
1084,490,90,76,84
450,322,48,46,51
761,460,46,46,50
658,98,49,45,49
909,228,242,235,255
861,234,238,236,254
843,71,50,47,51
761,5,52,51,52
704,301,47,42,49
138,433,51,48,52
268,7,116,109,128
163,45,151,138,160
45,338,36,33,40
1129,88,233,228,241
392,322,45,43,47
701,474,125,106,75
502,476,104,101,69
245,276,206,205,227
478,203,203,201,223
1058,142,49,50,56
835,280,49,46,49
911,318,46,46,52
635,342,41,43,46
1127,202,225,224,241
695,464,123,102,68
955,485,46,48,53
1168,41,239,238,254
965,466,45,47,52
665,22,50,46,54
438,457,33,25,25
1056,189,49,49,51
763,439,45,48,48
1074,120,58,56,58
872,10,93,89,86
145,91,147,133,152
950,161,46,47,49
442,80,38,40,41
382,41,35,28,25
849,128,46,46,48
102,61,137,118,139
1031,486,47,49,51
45,110,147,20,30
730,438,41,45,49
594,301,45,45,46
961,370,43,48,49
1046,439,49,47,51
775,201,51,48,55
573,394,45,46,45
1099,174,242,242,255
724,420,44,44,48
596,162,44,46,48
322,480,104,103,105
302,314,44,43,45
816,5,75,73,67
1151,375,231,232,248
297,304,41,45,46
967,89,46,50,52
1164,142,236,236,253
60,200,119,115,118
669,100,48,44,49
425,429,47,46,50
451,117,40,41,43
910,492,176,161,95
1023,463,47,47,52
278,200,165,170,189
289,293,42,43,46
999,125,46,47,52
915,362,45,45,48
149,76,158,143,164
1142,340,235,231,247
1139,87,228,228,242
238,456,65,61,51
749,197,52,54,57
120,400,46,43,45
254,269,183,185,202
1127,487,229,227,244
1118,150,233,230,247
209,214,186,186,205
378,349,47,44,52
249,2,182,168,187
426,158,40,44,46
988,158,45,48,52
1067,168,53,52,56
162,365,44,40,46
873,465,46,48,49
272,117,35,26,30
1014,376,48,47,52
702,351,43,46,50
788,394,47,44,49
797,392,44,46,46
767,1,46,48,51
276,5,203,196,216
879,120,48,48,52
75,257,44,36,45
892,278,47,48,51
46,427,50,49,51
344,81,30,26,29
23,437,49,49,51
903,139,47,45,50
839,19,94,88,84
805,278,45,48,51
279,170,187,182,202
489,109,40,46,44
809,303,46,45,50
452,252,64,64,68
1172,356,235,234,251
541,484,109,106,99
720,320,49,47,51
353,366,45,45,48
501,248,216,217,239
1146,447,232,230,246
994,4,129,98,72
154,316,36,35,37
149,400,41,45,45
900,354,46,47,48
327,483,106,103,109
4,449,55,57,56
350,130,33,33,34
625,161,44,45,48
426,370,42,43,43
37,50,137,129,146
1077,437,57,58,61
146,290,38,36,37
242,428,85,83,56
41,414,55,53,51
464,413,42,45,49
51,210,79,79,79
792,281,50,49,55
1192,379,235,236,252
1130,351,230,229,246
958,279,45,46,47
294,341,46,41,45
330,13,75,69,80
713,494,146,141,145
171,166,41,40,46
278,69,37,37,41
183,294,36,38,39
561,325,44,42,43
295,325,47,45,47
95,427,49,51,50
401,179,46,44,48
508,233,67,53,64
279,398,41,42,47
808,3,57,53,55
972,120,46,48,51
185,475,48,47,49
803,482,151,149,161
541,130,46,47,47
12,428,54,53,54
763,458,49,47,51
683,304,46,45,50
619,471,178,177,186
559,339,42,41,45
644,370,39,44,51
387,48,30,24,28
21,480,46,49,51
388,273,51,50,52
28,103,41,32,35
287,399,44,43,45
339,131,35,31,37
1046,236,48,47,52
1166,450,236,236,247
126,366,41,40,45
901,160,48,48,53
147,466,46,46,51
374,134,40,35,39
172,76,159,147,166
133,179,214,217,240
194,401,45,42,48
240,178,191,186,206
500,499,103,95,59
905,20,123,110,98
704,380,43,46,48
459,101,39,43,43
1096,25,211,207,196
513,232,221,218,240
517,104,42,45,47
224,34,145,140,152
178,23,159,33,50
872,146,48,48,49
312,96,29,24,29
583,66,43,41,48
250,355,43,43,47
574,170,43,46,49
748,419,46,44,49
510,269,51,53,54
1010,204,47,47,53
161,414,42,45,46
1128,447,230,228,245
1049,43,117,108,95
636,319,43,43,45
1070,452,50,53,56
202,311,44,42,46
165,250,204,203,223
1041,350,47,49,52
375,173,193,190,205
839,324,48,46,48
722,318,47,45,49
1109,421,234,233,249
453,299,43,44,48
324,331,45,42,45
465,398,44,47,49
448,130,45,42,46
817,248,240,238,255
92,359,38,40,40
201,48,166,38,59
904,299,49,46,51
1176,416,237,234,249
780,485,156,154,159
145,85,153,139,158
59,142,160,28,37
795,274,50,52,58
738,382,47,44,47
390,120,39,36,41
607,372,44,43,48
513,353,40,42,45
94,490,45,46,47
691,197,241,239,255
870,382,46,45,49
751,491,164,160,164
613,233,239,237,255
623,155,46,43,51
1155,81,237,233,249
428,437,48,49,52
865,204,48,47,52
38,414,57,54,55
1137,473,227,225,240
853,439,47,46,49
557,196,195,196,222
351,83,29,27,23
710,399,151,152,190
757,244,239,239,255
124,262,216,214,237
124,36,119,105,123
712,311,47,47,51
941,89,45,49,53
500,22,82,62,51
126,107,160,27,36
759,326,45,46,50
187,475,45,47,48
974,392,45,48,50
734,414,45,46,49
958,443,50,50,57
450,35,45,41,41
693,276,44,46,49
1174,173,239,236,252
556,209,226,229,253
417,358,43,43,48
416,231,225,223,247
455,347,51,47,55
851,286,47,45,50
886,377,44,42,50
553,400,42,44,46
595,312,42,45,46
229,220,190,185,206
150,15,165,151,176
136,124,202,191,214
1159,418,235,233,248
228,313,45,43,47
496,107,43,42,46
350,297,45,43,43
123,431,53,53,52
913,96,47,46,54
1094,73,232,230,250
108,433,61,54,55
104,2,105,98,111
294,274,42,44,45
109,475,42,45,49
1021,390,50,47,50
911,485,54,50,52
756,100,45,47,48
54,288,37,33,31
485,316,42,45,49
1027,42,107,79,65
229,358,40,45,44
473,469,179,180,198
763,445,47,46,49
99,227,201,201,226
580,346,41,42,43
839,325,49,47,50
449,435,131,115,120
1023,227,50,47,53
1147,321,233,230,247
523,466,143,140,155
529,171,47,48,50
794,117,50,48,51
569,235,231,231,255
773,15,51,51,51
58,351,43,41,43
726,291,46,44,49
137,3,61,45,70
710,330,47,44,47
1197,291,239,236,250
911,70,80,78,79
998,161,51,47,52
956,423,46,46,49
159,155,47,48,55
423,355,43,44,49
385,331,45,45,47
1066,137,48,50,54
980,148,47,48,52
497,386,41,42,46
1079,454,55,58,61
711,403,47,46,52
702,316,44,44,48
1147,229,236,231,249
919,316,47,47,52
1123,457,231,227,241
486,113,44,43,46
497,137,34,31,38
665,176,55,49,56
217,261,202,200,220
351,357,43,43,45
917,362,48,48,50
1151,303,234,233,246
768,166,49,47,51
300,108,34,25,25
761,458,50,47,53
592,329,40,43,45
697,421,43,43,48
425,254,224,224,244
1159,153,236,233,248
895,85,48,48,51
376,306,46,45,46
8,389,47,45,50
99,125,158,28,34
285,414,47,43,47
1117,134,233,230,248
1151,258,234,233,247
887,494,178,163,114
367,260,216,214,238
329,175,193,190,210
771,281,48,49,50
97,488,48,46,48
195,365,43,43,46
582,457,128,121,116
3,164,117,63,66
20,304,36,36,38
338,486,139,133,142
620,144,41,45,46
706,220,220,219,251
1088,404,244,243,255
107,303,40,30,34
602,436,42,44,45
1163,147,236,236,251
121,73,153,139,160
737,43,48,49,51
1040,179,52,49,53
715,287,43,45,48
1041,123,47,49,50
316,447,69,64,55
978,1,115,84,67
633,483,153,147,177
252,55,115,122,136
93,155,35,26,27
234,349,46,43,46
346,365,43,43,46
593,466,134,123,114
310,361,43,42,44
659,164,48,47,50
20,398,48,44,45
1130,175,228,226,243
600,286,43,44,48
846,166,46,47,52
1133,316,231,225,239
5,369,45,45,45
957,328,45,46,50
560,76,45,43,47
792,469,157,158,155
86,101,153,26,35
1131,339,234,227,242
1039,457,48,48,52
985,260,49,48,51
1160,309,236,233,248
1002,452,50,49,50
1163,165,239,237,252
760,149,45,45,51
302,463,125,119,88
559,86,47,45,48
189,159,37,31,36
472,330,53,53,56
654,185,239,236,255
1185,88,241,237,254
753,204,242,238,255
739,289,46,46,48
50,348,42,40,44
973,113,47,48,51
486,348,43,41,45
991,480,46,48,51
824,139,45,48,49
839,297,47,46,50
664,465,87,68,51
38,198,81,84,86
591,142,45,44,46
428,116,40,40,42
19,269,35,27,29
730,180,47,49,51
1101,315,238,235,253
493,461,154,151,171
793,463,47,48,50
222,35,179,173,187
99,485,48,47,51
993,343,47,46,50
760,200,54,53,58
335,109,33,27,29
267,51,44,47,54
1025,281,48,48,54
1016,371,47,49,52
45,325,41,36,40
829,338,42,46,50
858,79,45,46,50
918,126,49,47,52
854,363,44,46,51
239,471,87,86,55
114,127,160,31,36
1070,30,104,100,104
715,266,46,50,51
901,48,108,105,102
365,402,45,44,45
868,145,47,45,52
197,81,199,191,212
944,393,44,44,48
670,402,42,44,48
525,40,35,34,35
31,280,35,27,32
1104,38,241,238,255
1000,426,43,46,52
1189,39,239,236,254
1147,398,228,228,247
651,31,47,49,48
1036,334,45,48,54
928,262,45,47,49
650,421,43,44,47
306,113,31,26,30
522,274,45,46,51
514,398,43,43,45
249,131,32,28,30
992,365,49,47,50
415,20,37,30,29
796,219,240,238,255
137,175,53,52,59
918,1,117,77,64
81,199,154,150,174
686,146,42,46,48
134,374,39,42,44
492,437,165,165,185
702,92,49,46,47
25,459,46,50,51
334,386,43,42,44
148,216,198,193,217
873,221,238,233,255
1029,449,48,48,49
710,10,56,54,58
315,433,64,64,51
522,412,42,43,47
287,123,32,27,30
135,137,34,30,30
589,478,115,107,93
490,159,69,65,67
190,198,57,53,73
806,473,166,164,170
1166,363,237,236,252
668,285,43,45,48
865,394,43,46,49
325,464,100,96,96
793,182,46,46,53
783,301,44,47,51
189,349,41,42,43
441,315,45,46,47
1098,26,244,241,255
687,177,48,51,54
392,43,32,24,29
341,281,43,43,47
973,123,45,47,51
849,225,241,240,255
352,444,76,71,51
749,455,46,47,48
984,245,45,46,50
600,86,44,43,49
275,44,41,43,49
619,408,45,43,43
225,320,43,44,47
590,150,42,42,49
702,241,235,240,255
335,355,40,44,45
497,56,41,44,46
466,96,42,40,45
800,341,43,45,51
497,45,43,43,44
240,333,42,42,45
156,182,204,200,221
961,385,49,45,52
634,157,44,45,49
575,424,39,43,44
476,379,43,43,46
1095,109,235,236,245
109,411,46,44,48
708,433,44,43,48
71,376,39,43,46
879,491,170,158,110
1102,157,241,241,255
127,397,43,45,46
587,331,43,44,48
408,150,43,41,46
372,428,42,44,46
1190,95,239,234,255
214,265,200,201,221
256,249,196,194,215
369,137,36,37,40
8,164,172,34,42
219,468,48,47,49
491,88,43,42,46
1043,67,101,89,68
509,432,138,134,133
1058,366,50,47,51
819,210,60,53,62
74,265,39,35,38
658,435,46,46,47
4,223,32,29,28
130,303,39,33,38
718,89,49,47,49
429,310,43,42,45
530,464,163,163,178
512,415,41,42,45
1134,107,230,227,245
364,270,120,126,153
999,206,47,49,51
1115,263,230,226,246
1086,120,250,250,255
828,69,47,48,49
1064,378,50,52,55
131,223,192,189,210
179,356,41,42,44
856,375,47,47,48
218,349,39,43,46
1045,277,53,55,59
973,369,46,46,47
578,217,236,234,255
222,25,179,163,189
226,374,43,43,46
64,104,153,22,29
851,206,49,47,51
142,463,47,47,51
711,489,140,133,137
869,190,46,47,52
378,78,34,28,31
386,251,217,217,235
72,26,161,158,176
230,89,38,38,42
179,119,107,98,124
436,380,45,43,49
611,143,47,47,48
106,67,136,116,137
439,154,43,41,47
8,82,125,115,124
1171,95,237,237,254
650,372,42,44,48
1,164,113,101,101
985,440,170,154,167
1058,300,138,135,192
753,454,49,48,50
579,246,232,233,251
317,410,42,44,44
1118,426,236,231,246
1138,419,229,226,241
68,97,151,28,33
688,318,49,47,49
487,275,55,52,54
654,225,236,235,255
585,267,231,231,255
552,47,44,43,47
285,61,38,37,43
323,322,43,43,45
440,225,234,229,252
1148,403,234,231,248
656,281,42,46,47
436,55,38,35,40
1076,213,240,240,238
1042,395,46,47,49
258,304,44,43,48
559,351,40,42,43
515,276,41,44,48
1058,278,52,54,59
545,352,40,41,46
420,312,46,42,47
1078,249,250,245,255
1179,268,240,236,253
81,299,39,32,39
97,333,39,38,41
680,191,237,238,255
272,67,44,45,48
916,450,135,133,159
258,306,43,42,45
575,443,135,131,132
369,364,46,42,46
581,210,64,59,78
271,44,47,38,56
790,490,159,159,176
191,313,41,43,44
677,53,46,45,47
611,128,43,43,50
422,211,225,222,244
815,423,45,47,49
208,440,43,46,51
24,330,40,37,41
284,313,43,42,45
409,471,71,67,59
897,150,49,45,50
168,88,38,31,34
1126,308,229,228,243
87,225,151,149,176
791,160,45,47,51
108,351,38,37,39
357,219,202,199,221
1174,397,237,233,250
734,456,44,48,50
872,304,48,47,50
1133,424,230,229,243
973,4,109,82,63
144,328,38,37,41
1087,276,89,83,95
179,200,184,183,197
655,244,44,46,48
640,418,46,46,49
160,261,206,204,227
153,55,131,115,135
355,169,46,43,45
336,265,211,209,235
953,459,48,47,52
7,439,52,51,52
208,62,37,25,32
398,127,39,39,42
566,487,157,151,155
264,42,203,205,227
518,154,43,47,49
872,275,49,48,54
594,295,48,44,48
990,402,44,46,51
233,333,44,44,46
11,347,40,42,45
470,472,176,179,197
292,16,201,205,223
52,92,195,193,213
279,28,119,117,141
1035,411,47,51,53
389,97,37,31,37
508,487,121,91,59
727,266,48,52,52
1046,170,49,49,54
1124,314,230,228,246
691,204,239,237,255
26,497,68,60,51
1079,52,61,59,61
976,44,94,72,62
591,437,44,44,49
1,326,40,40,42
637,195,236,235,255
1020,109,46,48,52
527,140,47,45,47
1089,163,121,117,135
578,228,235,234,255
234,421,46,44,47
340,0,61,53,61
565,473,150,141,136
1191,389,238,237,254
122,478,45,46,48
147,355,43,40,41
295,347,39,44,45
1061,479,47,50,54
977,217,49,50,53
1026,288,50,49,51
598,236,238,235,255
34,170,170,32,37
336,163,39,36,41
815,32,51,52,51
378,239,213,212,236
1093,242,238,240,255
378,136,41,38,40
1194,470,235,234,250
1040,339,48,47,53
644,127,47,45,51
192,96,106,109,125
866,98,48,48,50
167,129,123,121,138
180,238,65,57,65
1009,213,48,48,52
708,10,59,53,53
236,179,191,186,207
669,321,47,44,50
461,277,229,228,255
581,359,43,42,47
625,235,100,101,137
472,292,48,48,52
457,70,46,42,44
79,438,44,47,52
391,85,36,33,34
1042,235,45,48,52
708,178,47,49,54
424,185,125,122,130
337,104,27,27,26
176,306,36,37,38
227,169,192,185,206
1177,71,238,237,254
37,220,32,31,33
749,46,46,49,50
18,472,51,47,49
297,470,117,108,80
388,453,194,199,222
624,464,136,134,142
1097,83,237,235,255
79,154,163,32,36
652,288,41,45,44
26,140,159,32,38
969,75,61,59,55
246,368,44,42,47
967,386,48,45,50
1197,41,238,238,252
12,338,41,43,47
936,132,48,49,51
1135,413,230,228,242
868,55,97,84,71
691,209,242,237,255
236,330,46,43,46
138,458,45,48,50
385,185,200,200,220
640,21,50,49,52
148,135,123,121,144
841,16,92,90,82
1152,185,236,235,250
892,104,47,47,52
86,135,156,33,44
854,139,50,48,50
38,495,68,63,54
414,303,46,43,48
191,163,34,32,35
593,116,46,45,48
1001,261,46,49,49
90,211,188,200,222
667,381,44,46,49
557,245,228,229,254
785,459,49,47,52
419,185,164,158,170
801,102,52,46,49
137,92,152,139,162
654,415,44,46,46
1135,381,228,228,242
273,123,34,26,26
459,388,59,57,58
1038,297,230,234,255
461,58,41,40,42
1108,16,241,234,254
795,145,46,46,49
1094,349,248,245,255
734,18,49,47,51
162,178,197,195,219
108,429,53,54,56
639,434,42,44,46
144,88,146,129,153
450,120,42,42,45
187,302,38,40,40
378,55,31,26,30
1117,391,234,231,248
604,499,181,180,188
933,376,49,45,51
621,49,44,46,47
1034,15,103,84,65
1031,274,51,48,54
1105,399,238,235,252
53,179,175,33,43
1192,366,238,236,251
1077,266,51,52,58
581,343,44,44,47
719,163,44,45,50
580,187,234,234,255
1033,359,47,45,53
1000,72,75,65,59
779,16,47,47,52
402,301,43,44,48
934,304,45,48,49
1189,303,241,237,251
444,416,12,12,18
602,216,235,233,255
570,178,73,70,77
382,446,180,199,222
457,178,47,47,48
1176,182,237,238,252
805,157,44,47,50
527,267,157,158,195
173,240,181,181,197
185,71,194,185,206
302,33,50,50,57
566,469,144,144,148
1119,134,231,227,249
270,146,29,28,27
789,435,48,47,51
366,145,36,37,40
860,488,144,138,91
125,208,206,204,227
20,498,70,62,54
1102,13,239,239,255
997,491,49,49,55
177,255,207,202,224
950,169,47,45,51
410,486,84,73,68
250,303,40,44,43
13,427,52,52,53
453,345,85,84,95
706,189,240,234,255
329,435,74,74,54
1162,357,231,231,247
963,43,92,67,57
716,321,44,43,46
439,8,38,28,34
579,62,45,44,46
1123,11,231,226,245
1199,482,238,234,250
1068,201,52,50,56
618,406,37,45,43
598,497,173,174,183
581,355,41,42,45
581,269,230,231,252
151,452,50,46,52
491,246,177,167,178
350,59,32,23,24
957,287,42,44,50
203,17,191,166,185
880,357,49,46,50
377,355,41,43,46
206,440,50,45,48
1189,209,239,236,252
148,293,38,34,35
594,14,51,49,51
220,406,41,44,44
795,261,244,240,255
1089,210,81,78,83
1189,203,237,239,252
1175,162,240,238,254
592,21,52,49,53
406,261,227,228,245
910,249,241,239,255
57,198,102,96,97
1176,499,232,233,249
820,432,44,46,49
268,142,30,24,26
317,80,34,28,31
789,373,44,46,52
719,407,45,47,48
457,356,24,23,25
57,183,126,33,39
291,399,43,43,45
33,161,168,31,36
276,100,35,25,27
1134,159,232,227,245
790,234,188,190,202
36,76,115,108,116
241,206,106,102,105
799,90,46,45,50
53,102,151,25,33
319,272,45,46,47
353,103,31,26,28
735,379,45,46,48
376,408,43,45,46
430,267,233,231,251
334,163,37,35,40
706,284,44,44,47
967,487,45,47,51
356,12,43,35,34
109,28,58,42,61
519,331,43,42,47
655,74,46,47,48
204,349,43,43,47
1076,261,55,54,57
953,359,46,47,52
1064,299,242,238,246
581,230,231,231,253
1172,414,236,232,248
934,13,178,148,111
53,266,32,31,34
182,124,156,155,171
1143,246,231,227,243
1077,122,218,211,185
1026,216,47,49,54
155,217,195,190,214
1030,106,46,49,54
877,315,46,47,52
801,297,44,47,50
1050,341,47,50,51
698,122,46,45,49
321,242,200,199,223
272,85,32,30,31
785,478,159,158,174
50,57,110,102,114
877,48,106,99,96
1130,102,228,225,243
287,400,43,42,45
1013,192,48,49,52
361,287,39,44,48
365,157,40,37,39
782,212,243,240,255
827,382,45,47,48
969,225,46,46,47
1042,116,48,47,51
327,275,48,44,47
1133,336,228,226,240
894,469,51,47,50
1158,236,237,233,253
175,181,192,191,211
748,267,49,50,55
21,325,41,40,41
799,45,45,53,55
952,166,49,47,51
222,425,47,47,50
137,454,47,47,49
271,243,124,109,126
494,159,14,15,20
1185,487,237,235,252
843,360,48,47,47
837,464,47,48,51
693,170,47,46,50
453,238,230,230,250
979,320,47,46,48
817,96,49,46,51
615,214,211,214,244
977,224,48,49,51
865,290,46,46,52
919,138,45,48,51
716,380,40,43,46
347,432,89,83,56
30,204,63,53,69
611,371,41,44,45
913,189,46,46,53
409,419,40,44,46
1152,41,235,232,250
872,178,50,47,52
1074,386,244,241,255
50,392,43,45,45
661,274,41,44,50
438,483,147,141,147
652,65,43,46,47
67,365,38,40,41
600,440,78,73,61
341,386,40,44,46
637,445,88,87,70
226,341,39,44,45
439,168,48,43,44
712,250,235,237,246
551,244,230,229,255
567,117,44,44,45
957,304,41,46,47
263,487,83,75,50
355,480,70,65,57
939,91,50,50,51
255,28,206,195,214
757,120,47,48,50
475,284,47,45,46
10,331,39,41,42
11,157,170,34,40
33,119,147,19,31
556,330,42,44,43
626,50,44,46,47
749,58,43,46,46
45,384,47,45,48
728,69,43,45,48
913,339,51,46,52
56,121,149,22,30
517,349,45,41,46
397,348,44,43,44
879,330,44,45,49
218,298,38,42,43
40,402,43,45,49
553,406,43,43,46
42,298,38,34,35
839,291,49,47,51
351,70,30,27,27
1183,132,239,236,252
986,430,45,48,49
365,382,44,43,48
853,218,238,235,255
1019,248,47,49,52
1029,138,47,48,52
54,204,49,44,50
510,220,223,218,236
238,364,44,43,46
345,271,55,51,50
841,328,43,46,49
506,201,212,213,226
807,327,48,46,50
824,277,53,47,52
537,206,62,60,69
384,70,31,24,28
403,350,43,43,42
1023,62,135,124,107
262,70,44,47,51
606,157,47,46,49
1134,120,228,226,242
359,11,44,35,34
681,66,46,45,51
856,309,43,45,50
408,268,228,226,247
181,208,73,72,93
149,157,66,50,75
174,249,203,198,220
1019,332,45,47,52
191,215,190,185,204
1119,241,230,228,245
568,404,44,42,47
995,54,99,75,60
986,433,46,47,49
64,76,31,25,26
212,94,180,185,206
1097,162,241,240,255
784,342,46,47,51
25,215,29,33,29
1148,281,233,233,246
198,157,34,30,32
337,140,33,30,33
557,178,165,162,172
423,377,41,41,46
233,368,45,43,47
256,324,46,43,45
890,365,46,46,49
143,428,52,52,53
1002,229,48,48,49
663,129,45,44,50
170,335,39,38,42
679,392,105,104,71
485,144,40,45,45
309,202,178,183,196
617,296,46,46,52
1031,103,47,50,51
401,405,44,43,46
422,477,165,137,141
38,350,40,41,43
1038,295,237,235,255
622,98,42,45,47
1147,236,232,231,249
761,448,44,48,50
144,460,48,49,51
628,317,45,45,49
921,36,129,121,106
266,42,206,210,230
547,256,233,228,254
1075,189,149,142,98
375,129,34,35,35
87,145,158,30,37
806,318,42,47,49
541,300,46,45,47
16,481,50,48,52
1113,300,227,229,242
982,25,101,78,61
1054,291,54,52,60
84,454,45,47,51
492,140,49,47,48
876,225,237,236,255
1120,30,231,230,246
193,372,44,45,45
481,168,46,44,47
1112,268,234,230,247
856,110,47,47,51
447,50,47,36,41
312,356,41,43,47
500,440,159,164,178
771,47,48,49,52
1006,271,47,47,51
513,121,42,46,47
717,126,45,46,48
54,499,49,50,49
561,257,230,232,254
1175,2,236,237,253
640,319,45,45,50
261,108,33,25,28
704,217,66,59,76
438,389,43,46,50
34,73,113,102,112
1061,453,50,49,53
717,214,238,234,255
531,189,226,223,245
413,226,223,223,242
685,150,45,45,51
813,376,47,45,50
492,495,108,98,59
191,239,195,196,214
652,152,42,46,47
672,209,235,237,255
972,255,47,47,51
458,277,232,236,255
981,147,46,48,49
242,370,43,44,48
1032,416,47,49,51
610,4,50,49,49
506,217,216,215,236
967,190,48,48,52
798,167,44,47,45
3,357,44,43,46
1104,201,241,237,255
823,389,48,47,51
149,28,161,143,168
658,90,45,43,47
717,112,44,46,47
1189,69,237,237,253
682,287,44,48,50
1010,65,57,53,57
339,302,40,43,44
992,166,49,48,51
901,209,48,46,50
803,302,47,46,48
226,480,73,74,64
739,431,44,45,49
932,358,47,47,49
1078,391,249,248,255
905,255,240,236,255
753,352,43,45,46
719,251,239,237,255
284,459,93,89,57
787,404,47,47,50
829,104,48,48,52
519,188,217,220,240
994,242,49,47,54
769,41,48,49,50
373,66,31,27,28
328,1,75,67,66
747,371,44,45,48
975,77,66,59,56
286,410,42,43,48
963,218,48,48,50
1082,498,251,248,255
937,280,43,45,51
31,62,129,125,141
639,143,45,44,50
573,61,46,45,48
963,123,48,47,50
505,156,50,49,54
316,183,188,187,206
891,449,49,48,52
272,364,47,45,46
68,178,182,181,201
589,245,235,235,255
299,312,44,42,43
411,34,37,30,30
14,455,52,47,50
901,403,45,46,51
174,66,142,132,150
640,352,48,42,47
1084,376,60,56,58
117,2,116,106,115
142,330,35,36,40
917,300,47,45,51
483,417,42,40,45
107,359,41,38,42
9,89,130,118,123
827,317,49,48,53
543,461,126,123,131
930,491,165,158,92
953,196,46,48,51
163,440,49,48,53
121,138,32,27,29
861,222,242,239,255
384,373,44,42,47
183,29,185,167,190
532,245,71,60,62
573,482,148,138,128
731,387,39,46,48
1059,408,47,49,53
1017,183,49,49,50
716,413,42,45,48
869,112,46,47,52
189,189,189,183,204
291,461,96,93,65
130,240,193,199,212
791,376,42,45,49
109,22,120,117,119
361,244,204,206,226
1155,441,231,230,245
502,343,45,43,45
1047,342,47,49,53
394,101,39,34,36
848,248,240,237,254
186,44,191,175,199
654,490,98,74,54
226,289,47,42,47
574,405,46,42,49
251,189,189,186,205
322,272,46,45,48
159,264,209,207,231
295,329,43,43,45
204,497,51,46,52
151,337,36,39,37
957,460,46,44,53
584,284,43,46,48
41,31,229,227,250
754,296,45,43,50
982,139,46,48,52
927,495,178,163,104
425,105,41,40,41
663,355,46,42,49
551,470,160,161,173
768,51,45,48,51
495,205,203,202,221
652,204,235,237,255
890,325,43,46,49
1043,229,46,49,51
82,196,144,139,161
368,192,198,194,219
696,111,46,47,46
914,39,104,99,87
544,346,39,41,46
24,192,67,83,66
582,278,43,48,48
348,446,76,75,56
14,441,51,53,53
307,47,39,34,38
677,192,238,238,255
434,61,41,35,42
265,197,188,184,203
225,91,38,42,43
603,418,45,44,47
421,231,224,223,242
300,145,30,29,31
471,31,90,69,50
293,148,33,28,33
848,491,163,152,104
1088,184,254,255,255
731,325,45,47,49
1012,270,47,47,50
1116,485,230,227,241
259,100,34,29,31
517,128,43,44,47
1166,255,239,237,252
693,472,121,97,69
164,362,38,43,44
197,276,206,206,230
667,75,43,47,47
447,468,134,122,126
973,499,55,55,55
744,243,242,239,255
626,217,232,231,253
1074,26,100,97,94
651,253,42,48,50
407,142,43,42,42
357,302,43,44,45
112,390,43,40,44
260,65,45,44,48
139,237,134,137,156
435,239,80,55,92
373,178,200,199,219
664,114,44,46,49
876,134,50,48,50
1185,197,238,237,254
696,441,45,44,47
521,79,45,45,46
89,20,112,104,115
1113,224,234,232,247
110,346,36,38,41
227,277,207,204,226
184,391,43,45,46
550,215,229,229,250
486,49,41,42,45
561,43,45,44,47
381,259,213,214,236
63,478,50,49,50
945,244,47,47,52
1082,489,58,54,59
241,105,39,35,39
1130,333,230,227,243
1189,132,240,236,253
1193,187,241,240,253
798,273,55,54,57
73,496,50,47,51
889,218,46,50,55
1036,295,204,197,158
86,54,33,32,33
239,455,70,69,52
635,313,44,46,48
980,422,48,46,50
1026,433,48,47,54
615,33,44,45,48
389,196,204,205,230
1050,480,49,47,53
1169,335,237,233,251
767,394,45,47,46
1014,382,50,45,51
385,265,217,218,240
170,149,38,41,45
326,31,40,35,40
573,187,230,231,253
426,381,44,44,47
1141,266,232,230,246
993,232,49,48,50
254,25,205,196,218
583,73,42,45,48
258,386,43,42,49
944,352,45,47,47
226,134,33,28,33
1021,333,49,48,51
918,319,45,44,50
562,7,96,81,59
1112,380,233,231,249
92,65,145,123,146
660,206,239,235,255
803,75,49,47,54
1078,315,244,244,255
378,320,42,41,45
841,235,84,67,79
756,457,45,46,51
936,57,114,108,105
645,355,43,43,47
1017,209,49,49,53
597,202,75,57,73
636,137,46,44,49
224,431,48,47,49
660,16,49,49,51
1153,191,235,232,249
371,367,44,42,47
114,405,45,45,47
1124,28,232,229,246
814,451,47,46,49
686,208,237,236,255
860,369,47,46,52
176,49,160,149,173
304,490,44,47,47
1024,137,48,51,52
1136,14,230,227,243
799,182,45,46,51
137,75,160,145,167
362,264,213,212,236
75,423,55,57,51
1011,146,46,47,53
664,82,43,45,47
332,61,30,21,26
737,39,54,50,54
60,309,33,32,34
519,333,43,43,46
727,6,51,51,52
739,460,111,101,99
1181,357,239,235,252
239,357,44,44,48
276,414,45,43,45
123,466,47,49,51
352,279,44,44,49
10,4,228,225,249
548,31,46,40,47
519,185,220,219,242
493,499,90,85,57
848,42,95,83,69
841,332,44,47,48
435,314,46,43,48
701,421,46,44,49
1155,77,238,233,252
423,258,223,224,247
590,155,46,45,49
866,217,56,50,57
399,295,42,45,45
116,130,140,37,41
412,376,41,42,45
829,181,47,47,50
1022,153,47,47,53
33,381,46,45,48
382,61,32,29,30
1069,212,51,53,56
597,95,40,45,47
900,325,45,46,48
388,274,50,50,53
56,424,59,58,54
298,438,55,55,51
987,323,45,47,50
1085,385,236,240,255
518,199,219,220,237
184,235,115,108,127
525,88,47,44,47
1188,173,239,236,253
517,360,42,42,44
824,76,48,45,51
466,79,45,41,45
41,82,183,179,199
806,21,51,50,54
514,431,54,49,47
1196,59,241,236,255
949,50,77,62,55
444,400,39,41,50
761,28,51,49,53
791,363,43,43,49
563,322,43,41,46
335,289,46,43,48
111,102,157,29,38
585,432,42,44,46
590,50,43,44,50
679,106,46,45,48
847,281,45,47,51
478,166,43,44,47
835,297,46,46,50
685,241,55,50,63
431,413,47,46,50
510,28,86,66,49
465,483,183,184,202
578,321,43,42,47
382,472,64,58,51
83,392,47,48,52
660,367,46,44,49
500,288,45,46,47
436,354,44,42,48
350,366,47,44,46
915,49,80,79,67
596,455,149,142,154
459,169,45,43,48
1098,395,242,239,255
258,378,44,43,46
756,438,42,46,50
786,229,201,211,235
955,88,45,48,49
72,399,44,43,46
170,423,81,78,69
1003,178,45,48,51
1144,435,230,226,245
367,62,32,26,28
391,169,45,42,45
554,23,46,48,49
958,163,45,46,51
364,446,78,69,59
692,108,45,47,49
1106,190,240,237,255
135,223,192,190,210
962,233,43,48,49
977,137,44,48,50
126,84,152,135,159
1102,5,244,241,255
1070,50,75,71,69
137,393,41,41,46
586,151,44,43,48
164,352,40,44,43
948,143,51,47,51
620,110,42,44,49
683,330,40,45,49
44,442,51,48,49
800,301,46,47,48
579,480,150,138,121
350,393,42,42,45
133,121,197,187,210
850,278,47,46,50
787,368,46,44,50
1075,347,242,245,255
150,369,38,40,45
947,315,45,45,51
1025,406,48,47,52
282,495,92,85,82
105,73,143,126,149
398,251,192,193,210
458,73,39,41,44
278,221,188,188,208
161,139,157,152,176
991,481,47,46,49
201,254,202,200,221
168,149,37,40,44
833,140,45,46,51
107,123,160,30,37
584,354,41,44,47
507,432,157,158,158
339,412,41,41,47
19,442,51,49,50
499,90,43,43,45
490,215,193,192,206
229,184,189,186,205
1016,281,48,47,51
408,126,40,40,43
478,367,43,44,46
197,152,34,29,34
676,61,45,46,50
132,161,237,234,255
383,63,33,26,28
75,399,44,43,49
88,344,34,36,38
1099,73,233,231,253
647,45,47,46,49
772,387,46,47,49
723,40,61,55,55
1141,77,230,229,243
219,344,41,44,47
716,243,240,238,255
383,422,46,44,45
710,296,46,44,47
738,22,46,48,53
964,114,49,49,53
728,261,128,136,161
182,134,44,43,49
292,215,190,189,211
242,100,39,39,43
552,456,152,149,158
695,299,44,43,48
398,346,42,42,44
547,254,230,229,253
818,66,48,47,51
838,230,240,238,255
898,291,49,45,48
995,234,47,47,51
342,141,33,32,35
786,436,47,47,50
548,369,39,42,46
505,7,75,58,44
1141,478,228,228,244
462,60,39,41,41
183,2,153,25,35
843,188,52,48,51
840,375,47,47,50
156,401,43,45,45
835,463,50,49,52
903,476,48,47,49
140,16,196,193,212
126,397,42,42,43
968,228,47,49,50
1031,315,49,48,53
1091,216,205,193,153
378,492,83,71,60
78,403,44,42,46
429,59,36,37,38
767,137,43,46,49
855,297,44,48,50
610,347,44,43,47
1020,462,48,49,54
280,90,34,27,31
742,242,244,239,255
313,51,32,27,29
105,227,201,200,222
566,442,145,143,145
1077,272,51,50,57
235,459,75,72,53
871,177,47,46,50
1169,122,238,236,254
480,103,39,42,44
790,390,47,46,48
910,444,158,152,162
590,162,44,43,46
1117,141,231,231,248
1117,190,234,232,247
379,477,62,57,51
692,180,58,51,61
142,8,186,189,205
803,323,47,48,51
55,397,45,45,46
532,350,44,42,43
825,72,47,48,49
222,169,174,172,189
356,432,99,96,63
131,239,193,194,210
103,269,41,37,38
482,262,197,200,215
1038,79,78,68,59
992,154,46,48,52
96,277,41,35,39
277,29,147,144,169
449,313,45,46,49
705,175,48,48,51
961,48,92,67,58
674,107,48,47,49
105,45,143,145,161
350,394,41,44,45
534,387,39,41,42
194,133,36,36,42
98,63,129,111,130
1120,118,233,231,249
342,352,41,43,46
609,71,44,44,47
808,414,87,96,142
745,363,44,46,49
903,181,50,48,53
892,444,45,48,48
177,252,203,200,222
383,275,47,47,49
1163,337,237,235,251
917,330,47,46,48
8,330,41,40,45
9,304,37,37,37
90,195,242,244,255
419,14,39,29,31
541,276,44,45,51
179,340,40,39,42
782,473,167,161,167
108,196,224,226,252
461,483,183,184,203
316,492,45,45,47
784,8,51,50,53
881,460,50,46,53
924,92,51,49,52
947,190,50,45,50
955,487,46,50,53
112,151,203,188,213
1076,358,244,243,255
1150,118,236,233,248
473,236,169,171,189
1019,253,50,48,54
127,135,35,27,29
247,445,61,64,52
963,460,49,50,53
262,473,113,104,77
542,0,82,68,52
446,361,51,46,53
147,432,48,47,48
63,480,56,52,54
448,41,44,38,40
785,297,47,46,47
1066,111,52,49,56
780,289,48,48,50
447,350,49,45,48
661,83,45,44,49
31,258,31,27,29
324,172,176,171,186
602,355,45,43,48
34,362,46,42,47
946,356,43,44,51
111,87,181,163,185
741,275,46,46,50
21,146,164,26,36
530,241,224,227,242
965,71,77,65,61
377,427,44,43,47
1156,138,235,235,250
951,348,53,44,50
1087,353,176,172,249
1122,153,232,231,245
679,122,44,46,50
566,412,40,43,45
497,197,204,202,220
798,115,45,46,51
937,312,45,44,50
1179,144,241,236,253
544,147,44,44,47
856,448,45,48,51
832,368,45,44,51
653,416,42,45,45
351,38,34,29,24
1167,340,238,237,254
1191,79,240,237,254
471,6,78,58,44
721,203,240,238,255
188,42,194,174,196
419,131,41,42,44
346,262,211,209,234
176,398,43,44,45
721,497,152,147,158
894,389,47,45,47
184,217,192,189,208
937,51,118,101,92
417,163,41,42,45
439,202,67,62,66
197,130,34,37,41
507,203,215,214,235
138,107,169,94,106
917,244,53,55,74
934,64,90,86,82
896,340,47,45,49
603,409,45,46,47
528,352,44,42,46
709,390,45,44,48
708,430,39,43,47
1083,437,80,70,100
556,204,231,226,251
308,410,45,43,48
582,425,42,43,44
522,403,43,40,46
1064,210,51,50,56
874,276,47,48,50
559,286,42,45,50
1046,351,47,46,53
6,317,37,36,41
79,364,42,41,43
278,379,46,44,46
693,133,46,46,50
894,406,46,44,50
28,71,111,104,112
989,283,46,49,49
349,143,36,32,37
799,385,43,45,50
252,106,33,29,35
506,174,48,49,53
1071,373,52,50,56
317,344,45,43,43
293,22,138,141,147
23,9,222,222,246
869,384,42,46,50
863,127,48,46,51
572,64,48,43,46
769,1,49,48,53
952,320,43,46,49
919,72,51,50,55
1114,292,233,230,246
840,325,43,48,48
427,408,46,46,49
437,153,43,42,46
1069,204,51,53,52
214,441,52,48,52
892,261,238,238,255
448,314,50,47,50
530,324,43,43,44
566,336,41,43,47
1043,77,71,66,59
489,208,178,179,191
1199,157,240,236,254
592,121,43,44,46
818,361,46,48,48
1069,443,49,50,53
556,121,45,43,45
17,201,25,21,32
607,55,45,44,49
30,401,44,45,47
194,146,31,36,39
700,111,46,48,47
113,304,36,32,33
480,314,51,48,50
553,208,224,219,244
567,172,47,44,49
1010,26,104,79,66
723,149,47,47,50
1164,381,237,235,250
959,350,46,45,48
294,132,29,26,33
322,349,43,43,43
314,287,46,45,47
393,18,34,29,28
964,47,91,67,58
808,352,46,45,50
411,72,33,31,34
562,152,40,42,50
838,306,48,46,51
783,5,51,50,55
58,19,62,63,68
1062,466,48,49,55
312,420,43,43,47
109,278,43,35,44
494,40,89,65,52
326,135,34,31,34
35,58,149,146,157
350,184,195,194,215
667,141,43,46,50
493,357,43,44,46
439,96,41,42,44
1024,300,48,46,53
371,289,45,42,48
860,126,47,47,52
945,192,44,49,50
219,422,47,46,47
94,416,53,52,50
296,176,187,183,204
289,478,105,97,82
767,213,240,239,255
391,256,215,215,239
738,263,83,69,90
629,57,47,45,50
251,184,192,184,204
602,243,237,238,255
220,490,70,66,51
717,237,238,237,255
1183,436,238,234,250
601,302,44,45,51
861,7,95,93,91
934,243,46,47,50
35,177,175,33,42
718,108,46,46,51
92,60,113,101,114
314,15,44,45,50
1121,30,230,229,246
1151,416,233,231,248
459,252,232,229,253
194,229,194,188,211
660,323,42,43,48
356,112,33,33,33
106,200,228,231,255
305,352,43,41,48
470,282,25,24,27
282,347,43,42,45
1178,13,241,236,252
217,239,71,64,65
862,184,46,46,51
1148,214,234,230,247
959,473,47,49,53
664,99,47,45,48
609,27,48,46,52
734,193,240,239,255
1080,473,197,198,241
726,10,51,49,52
796,153,43,47,50
625,116,44,47,49
707,412,44,43,46
1142,239,231,228,242
148,132,184,183,208
1072,328,51,53,56
511,206,195,196,225
435,165,39,44,46
914,287,49,47,54
1026,139,49,49,54
704,365,48,44,51
823,465,50,48,53
325,36,39,33,36
918,283,47,44,49
866,209,49,48,51
1052,38,108,98,89
316,186,190,188,208
474,480,149,150,162
1117,65,230,228,243
611,80,43,46,48
334,456,90,87,68
63,451,48,47,52
624,42,45,46,48
357,116,31,33,31
1062,459,48,50,52
800,361,47,46,51
32,375,44,44,47
990,376,47,48,51
712,104,45,47,47
194,372,43,43,45
712,195,240,237,255
1166,73,238,237,251
709,335,41,44,47
230,7,179,164,188
16,59,39,30,37
967,428,50,49,50
986,335,45,47,50
21,453,49,48,50
223,170,187,182,202
276,384,45,43,45
878,97,50,48,51
53,212,76,68,72
800,66,45,45,51
658,208,238,234,255
445,187,180,175,187
292,183,188,185,204
146,196,94,91,117
9,177,100,99,104
60,461,45,48,49
732,211,235,237,255
267,191,187,183,206
583,98,44,45,47
66,442,50,46,54
970,55,76,63,56
833,131,46,49,51
75,296,35,30,34
806,200,48,47,52
455,474,180,180,191
919,204,49,47,50
41,470,46,48,50
391,317,43,45,47
321,31,43,38,41
976,216,47,47,51
1000,154,50,49,54
623,136,44,46,47
456,204,226,225,250
809,362,47,47,49
516,98,45,45,45
1058,273,163,156,171
570,321,41,44,47
809,273,50,47,56
594,178,48,51,55
584,264,235,235,255
506,325,41,43,46
778,25,48,49,51
774,11,52,49,51
913,283,47,49,50
154,202,76,64,88
609,273,42,45,47
473,46,43,40,43
710,55,50,46,50
38,160,167,31,39
226,356,43,42,47
774,229,210,210,251
858,194,46,48,49
649,79,45,46,47
320,334,43,44,44
858,310,51,46,53
359,84,33,30,29
631,447,185,192,217
1054,48,118,111,108
163,124,137,136,156
299,88,33,27,27
627,203,237,233,255
782,107,45,47,50
433,237,223,226,251
425,403,42,44,49
199,89,103,108,124
1156,485,231,230,247
395,446,203,206,230
333,241,201,203,224
755,6,52,49,52
588,165,42,47,47
56,6,230,229,252
1039,300,231,235,255
891,111,47,49,50
950,260,51,48,52
852,192,46,47,51
743,149,42,47,49
889,301,47,46,50
991,463,70,69,87
981,252,46,48,51
1068,36,113,104,107
413,454,109,98,99
118,326,31,32,33
869,334,50,46,50
503,81,49,46,50
786,133,44,46,52
214,68,36,31,34
120,218,200,197,220
657,379,44,45,43
1182,46,240,238,255
13,405,47,46,49
663,195,237,234,255
135,70,163,146,168
863,398,48,46,49
122,38,181,177,192
194,260,200,200,222
1125,8,231,228,247
810,197,51,49,53
1199,403,241,237,251
718,164,45,44,48
811,276,47,48,51
49,128,154,22,34
334,203,59,47,66
109,147,199,189,207
1142,9,232,229,244
545,414,41,43,43
751,383,44,46,52
672,162,48,48,50
1077,188,244,244,253
1060,73,64,58,59
899,36,89,77,76
570,27,49,48,50
1004,77,94,81,68
773,296,45,44,48
254,436,68,66,55
840,294,48,50,52
996,483,46,48,48
250,113,34,31,33
895,419,47,47,51
163,32,169,153,177
61,302,29,32,34
481,318,47,44,49
220,121,36,36,39
168,393,43,44,47
321,312,40,44,47
529,315,42,43,47
738,96,47,45,48
310,495,46,49,48
457,227,233,229,252
527,370,41,43,46
24,86,116,103,109
874,52,98,96,91
35,435,48,51,52
846,78,46,46,53
248,169,190,184,205
456,84,44,43,43
568,25,49,47,48
162,7,152,134,160
725,360,43,46,49
68,463,44,47,48
518,294,41,45,48
969,420,44,48,51
912,115,46,46,51
451,39,51,44,43
746,481,123,120,107
926,272,46,47,52
601,496,178,180,187
1146,372,234,231,248
602,304,44,44,43
730,403,78,74,113
195,210,183,186,203
1138,236,232,230,245
197,352,41,43,46
47,253,35,31,33
50,149,160,32,36
803,446,49,46,51
1152,437,231,231,245
596,467,118,110,93
516,296,44,47,49
901,279,47,48,54
475,353,45,42,48
78,417,70,72,59
155,374,45,42,44
31,152,166,29,38
796,57,48,48,52
468,355,48,50,53
542,202,223,227,242
522,212,208,203,219
211,297,40,42,45
311,16,41,44,47
899,242,242,237,255
1094,321,246,240,255
486,343,43,44,46
494,49,44,42,44
270,54,50,51,58
484,138,45,43,45
149,301,38,37,39
935,185,48,48,51
803,415,50,48,49
427,20,36,30,32
208,424,47,46,50
1085,72,57,62,63
658,116,44,42,49
888,27,109,106,105
60,244,34,31,33
205,312,42,42,46
243,258,197,195,215
836,305,44,48,51
876,241,241,238,255
673,396,44,48,50
96,113,157,33,53
687,320,48,44,46
673,219,226,228,252
515,145,44,43,48
1165,7,237,235,254
638,447,190,197,213
652,298,46,45,49
143,151,224,225,244
848,222,238,238,255
776,372,45,45,48
797,68,52,52,51
1045,181,47,49,54
1010,195,50,49,52
1042,485,52,50,54
765,407,76,71,72
272,357,42,43,45
960,290,46,48,53
367,427,43,43,46
581,153,43,44,47
660,42,47,47,51
269,146,30,29,30
32,64,112,99,110
723,174,48,47,50
832,146,47,47,51
165,407,44,45,46
336,178,192,192,210
200,481,44,47,47
1120,336,231,228,248
1087,476,237,234,255
941,389,47,47,51
809,153,43,46,50
1192,159,240,238,250
158,469,151,138,115
39,456,50,48,50
178,142,38,38,41
216,130,37,32,37
900,129,48,48,55
196,89,108,108,123
383,15,41,29,29
864,487,154,142,89
86,378,40,39,45
879,176,47,46,51
1152,229,235,233,249
453,276,232,236,255
725,207,239,237,255
998,8,128,95,72
130,329,36,36,39
1026,23,105,81,64
663,384,43,43,49
260,287,45,43,48
210,46,168,52,79
1079,304,54,54,57
974,239,47,48,52
857,483,173,158,109
377,59,32,26,28
70,461,45,48,49
188,22,158,32,38
1134,291,227,225,240
1117,386,234,232,248
859,125,45,50,51
687,25,49,48,52
103,27,116,107,126
783,245,243,240,255
539,330,39,42,44
604,167,46,46,49
573,132,48,44,48
1008,249,48,47,52
556,22,45,46,50
335,395,44,43,48
1033,156,46,48,51
543,139,42,44,47
673,292,47,46,49
670,136,46,45,50
925,30,94,71,60
493,455,165,163,183
1049,459,47,50,53
177,345,35,42,44
499,302,45,43,47
186,28,185,167,187
475,486,120,114,72
354,181,194,192,214
324,32,40,36,37
695,139,44,45,50
500,332,43,41,43
539,165,46,46,48
762,28,47,50,53
860,197,46,48,49
32,258,36,30,28
622,294,45,42,48
167,373,43,41,47
886,130,46,48,52
163,315,38,36,42
156,338,37,39,42
1158,370,237,232,251
1196,175,238,237,255
365,462,70,65,60
1016,204,48,50,51
1179,216,240,234,254
283,431,74,70,54
1102,221,241,238,255
1030,191,49,49,55
86,440,50,47,51
1194,281,240,235,251
599,330,44,45,48
64,147,162,53,76
733,405,155,141,184
618,22,49,50,53
416,341,44,43,45
32,87,148,141,157
805,366,45,44,48
651,119,46,46,48
181,306,36,39,40
990,394,48,46,48
631,384,45,44,48
872,262,228,228,240
108,96,158,28,34
236,441,49,48,50
99,62,132,114,134
1085,22,59,60,64
93,273,35,32,33
1149,233,236,231,247
306,134,30,30,30
756,448,46,46,50
643,120,42,46,50
117,369,40,39,44
591,466,121,113,99
294,300,47,43,44
150,130,216,218,238
1128,319,228,227,246
624,10,50,50,50
1162,369,235,234,252
339,142,35,30,35
521,102,45,42,46
342,233,201,201,223
92,117,182,148,167
336,478,141,141,153
29,471,48,45,48
883,451,51,49,54
429,327,42,45,47
555,47,45,43,48
302,59,34,31,35
536,173,45,48,50
845,133,47,49,50
769,375,43,46,50
193,192,191,184,206
476,433,185,189,212
664,155,45,47,52
227,266,203,203,224
960,298,47,45,52
1092,87,93,99,153
831,362,43,46,47
1155,15,235,234,250
485,209,33,30,27
1021,184,48,48,50
748,155,48,46,51
813,184,45,47,51
18,408,47,46,50
163,162,42,39,43
903,253,243,239,255
540,7,84,70,56
859,30,95,92,88
707,302,45,44,48
1164,271,237,233,251
4,337,43,41,45
650,70,46,43,46
224,216,184,184,203
223,218,189,185,205
743,128,48,46,49
1199,274,241,236,254
176,8,167,144,165
1013,159,50,47,52
719,272,47,45,49
854,405,46,48,49
482,425,45,44,46
488,432,184,189,208
221,345,43,43,46
320,43,37,26,31
459,59,43,39,44
637,363,41,42,46
1082,266,55,52,57
463,358,56,52,57
1152,334,236,230,248
101,275,34,33,34
204,390,42,43,48
431,63,39,37,39
859,21,92,87,86
118,41,191,188,205
112,320,36,36,38
148,255,209,206,227
699,292,47,46,45
811,82,50,48,49
400,265,227,224,245
778,301,45,47,49
175,396,43,45,49
274,298,43,43,44
884,408,47,46,48
112,243,209,208,228
828,387,46,46,50
850,71,49,48,53
304,146,30,29,31
1191,55,242,238,254
939,334,46,46,49
1153,138,235,235,251
976,236,48,47,49
726,160,43,44,47
51,28,63,60,68
1060,103,51,50,54
51,217,92,92,92
711,51,44,47,51
426,230,226,220,244
496,123,47,45,48
883,461,52,51,51
904,245,238,234,255
282,111,33,24,28
730,167,44,48,49
1126,52,229,227,243
748,240,237,236,255
733,341,45,43,50
818,169,43,46,54
239,166,190,183,204
138,494,47,46,49
929,125,44,46,51
237,84,45,49,53
794,315,45,43,49
695,470,118,95,63
750,270,51,48,51
146,194,104,99,126
589,355,41,42,43
484,85,42,44,44
1048,95,49,49,53
948,303,44,44,49
738,399,82,73,57
147,250,205,205,225
408,452,64,60,55
673,199,235,236,255
416,204,60,60,68
508,79,14,12,13
171,389,42,45,44
708,486,128,115,100
613,430,48,45,48
301,481,77,70,56
193,284,63,53,79
81,244,170,169,194
1196,253,234,234,253
421,262,225,225,248
1093,168,244,238,255
742,406,46,48,52
1062,81,99,90,80
956,37,98,72,60
144,273,214,212,234
183,184,191,185,203
968,421,47,45,50
55,40,143,134,147
197,160,37,30,32
593,230,231,236,255
966,291,49,48,49
1128,75,228,228,244
246,125,32,23,27
5,85,129,117,127
184,335,39,41,42
752,407,84,102,134
571,421,42,43,44
357,255,212,212,234
1115,322,232,229,247
593,467,130,119,108
969,48,91,67,60
188,165,38,34,35
241,236,191,189,209
104,48,27,32,33
1029,341,48,46,51
902,195,49,49,50
688,146,43,46,50
418,454,143,131,132
153,226,197,198,218
22,417,53,52,52
354,323,42,44,43
71,330,35,34,35
916,92,48,49,52
821,38,56,56,56
525,241,64,56,67
1112,13,233,233,251
466,207,228,228,252
355,52,31,26,27
890,45,97,93,90
376,224,208,207,229
549,402,41,43,44
987,452,84,88,78
922,412,45,45,51
903,127,49,48,52
951,104,45,48,52
276,395,42,42,45
1043,440,45,48,53
1030,189,48,50,54
288,492,50,47,51
411,406,44,41,46
795,128,49,48,51
1092,134,233,234,248
39,104,31,27,28
220,417,44,45,47
828,248,236,239,255
851,3,100,97,90
77,359,40,41,41
1132,87,229,226,243
34,264,36,28,32
491,452,147,146,157
447,376,83,84,90
259,9,34,28,31
1142,16,230,231,244
521,410,43,41,48
274,268,48,46,50
989,251,47,47,51
194,376,44,44,46
200,260,204,200,223
412,356,42,42,46
245,213,173,170,185
530,246,191,178,192
1081,308,53,54,57
897,331,46,46,50
587,254,237,235,255
574,274,49,49,51
196,324,43,41,43
689,20,47,49,55
1144,374,231,229,244
468,432,178,185,204
791,312,46,44,49
740,302,43,45,51
515,380,43,41,45
703,375,42,46,47
606,288,44,47,49
549,5,90,77,56
1000,24,121,92,66
799,373,41,45,50
489,274,51,49,53
337,424,42,43,44
1191,445,235,236,252
766,275,47,47,51
1037,253,47,50,50
556,359,42,41,45
547,461,145,142,149
1156,255,235,233,248
561,127,45,44,48
122,271,212,208,233
480,417,40,42,45
320,142,34,32,32
838,267,52,49,53
409,269,226,224,248
374,41,35,29,26
147,393,43,42,46
326,413,44,42,47
246,216,193,188,207
171,26,178,161,184
697,279,45,46,47
928,377,45,46,49
709,77,44,44,48
801,202,50,49,50
507,307,42,43,48
210,426,47,47,50
612,61,42,46,51
473,259,36,31,42
820,336,45,47,48
679,471,108,82,58
311,437,62,62,52
616,445,189,199,223
873,152,47,48,49
1087,453,242,250,232
597,291,44,46,48
194,476,43,45,49
262,266,70,63,86
1137,395,229,228,242
314,111,27,25,25
953,336,42,45,49
1144,159,235,230,249
1176,232,241,239,253
862,71,48,46,51
837,486,171,160,132
689,35,48,49,52
772,142,46,48,48
1060,54,97,95,94
427,466,153,133,97
447,108,42,41,44
1095,471,233,232,249
887,62,91,87,83
106,411,40,41,45
943,438,52,44,71
108,93,158,29,41
1103,104,234,233,250
1189,300,238,238,251
620,200,237,233,255
728,344,47,43,49
351,211,58,55,61
650,373,42,44,50
1024,69,101,90,75
1194,123,241,238,255
864,306,47,45,50
166,293,38,38,38
913,101,46,49,50
616,418,40,44,46
470,147,42,44,46
757,439,45,45,52
895,393,48,45,49
689,477,115,90,64
121,420,51,52,51
117,435,71,60,61
431,372,43,42,47
72,172,203,191,214
1060,340,51,49,54
664,353,45,43,45
249,7,179,169,195
343,246,201,204,223
820,111,47,47,50
766,353,42,45,50
410,338,40,44,43
1198,491,236,234,251
30,433,51,48,53
858,63,48,48,50
139,35,131,115,135
725,239,236,238,255
583,178,51,53,56
568,220,232,232,255
631,202,238,234,255
915,377,49,44,49
574,2,51,49,49
231,110,33,34,39
425,445,158,152,148
374,171,45,46,50
853,81,48,48,51
1183,125,238,234,253
1158,358,234,232,248
1035,34,103,79,60
991,477,46,49,52
175,209,193,187,208
559,365,42,42,46
556,345,42,44,47
1111,39,234,233,250
22,359,45,46,48
822,284,46,45,49
195,317,40,41,45
208,87,113,115,132
268,144,35,28,32
1077,123,220,212,187
215,30,180,172,194
1078,150,246,243,255
1055,211,47,49,53
504,395,45,43,46
1022,461,46,48,50
642,108,46,44,48
354,95,33,27,30
587,13,96,85,69
252,413,44,43,44
340,156,38,36,40
418,168,44,45,47
516,350,44,42,44
638,360,46,46,46
43,133,154,26,35
821,372,46,45,52
655,383,39,45,47
638,374,43,44,51
457,414,49,50,51
1165,52,237,236,252
656,270,47,45,47
980,180,47,49,52
388,346,40,44,46
366,299,43,45,46
57,357,43,41,44
57,395,48,43,47
1084,179,127,124,149
297,325,42,43,45
258,465,108,95,68
618,317,44,45,46
991,466,50,46,53
977,383,46,45,49
389,241,55,51,59
826,464,53,46,52
463,329,26,21,26
1011,393,49,45,50
186,2,154,25,37
265,16,34,29,32
1166,91,239,235,250
985,443,109,91,116
835,354,46,47,51
939,212,46,47,50
437,110,39,42,44
1038,222,48,50,53
1136,458,227,225,241
849,163,49,45,52
945,271,46,45,50
193,251,199,198,220
344,365,46,42,46
1100,432,239,236,255
595,236,235,234,254
1161,138,237,233,250
584,250,236,233,255
488,300,49,46,49
504,277,47,44,48
537,282,44,46,49
521,448,149,142,155
1010,241,49,46,51
97,475,48,46,49
1156,232,235,235,251
279,51,46,46,52
58,364,44,42,45
16,82,126,116,122
242,90,46,48,52
833,160,46,45,51
855,240,60,58,63
1116,346,233,231,248
915,10,179,123,85
1169,372,237,234,253
520,146,45,45,48
1121,321,229,228,244
1065,116,49,50,54
528,209,221,219,242
861,457,48,46,51
663,496,107,78,59
931,401,43,45,49
695,260,49,47,49
527,455,152,148,154
354,138,34,33,35
303,271,45,44,47
1139,79,230,229,242
152,349,37,38,43
454,336,102,100,106
531,143,45,43,46
1025,106,48,48,52
762,425,40,46,51
561,2,88,68,52
300,117,36,26,29
208,135,38,33,34
807,118,44,47,48
673,17,51,50,50
492,194,185,180,194
31,272,33,30,35
201,119,37,35,41
118,244,213,206,228
682,395,73,72,58
972,475,47,46,51
848,154,46,50,51
1166,408,237,233,252
1131,232,232,228,244
375,176,196,198,218
556,464,146,144,154
871,57,99,87,67
1191,396,239,236,254
31,388,45,45,48
370,94,36,30,33
263,91,34,30,33
276,404,43,42,45
217,258,199,198,218
174,405,43,43,47
1126,367,232,228,246
873,338,43,48,48
550,422,42,40,45
1165,139,239,234,252
745,165,47,46,49
245,466,69,63,52
150,484,49,46,50
82,397,46,44,45
737,335,46,44,48
293,157,34,30,36
1080,124,246,245,255
1045,382,46,50,53
167,426,54,55,52
187,461,50,46,49
1010,352,49,48,52
572,192,206,202,237
395,491,72,62,53
355,283,42,46,47
1121,382,231,230,244
484,490,114,99,57
794,480,157,148,165
317,386,43,45,46
437,218,62,60,66
1015,5,104,79,63
44,138,157,27,35
1083,29,249,248,255
567,31,46,44,48
780,291,46,46,51
1183,480,237,235,250
968,70,79,69,58
896,140,45,48,50
625,54,43,45,49
299,471,121,114,86
1196,379,239,237,254
339,355,42,44,43
854,320,41,45,47
872,493,111,104,65
1037,166,49,49,53
876,215,49,49,55
1079,62,242,239,232
478,340,48,46,50
420,187,213,213,237
597,138,43,46,45
30,182,112,107,107
360,482,68,62,54
1033,471,48,48,51
246,243,57,51,61
601,309,43,43,47
311,482,90,88,73
647,345,44,44,49
1131,19,228,227,243
279,456,87,82,60
145,319,38,34,38
85,172,204,197,219
1100,399,242,243,255
354,385,40,43,47
1139,385,229,228,243
521,12,42,40,47
763,139,44,45,50
1109,407,236,234,254
383,93,34,32,34
881,445,49,48,51
467,228,221,223,243
573,232,235,232,255
670,482,106,79,60
214,226,191,189,207
962,7,110,78,63
740,379,49,45,50
683,183,237,236,255
611,167,44,45,47
1139,138,231,230,244
304,250,199,200,219
317,244,202,199,221
905,168,48,48,50
147,46,136,122,140
541,311,41,43,44
935,361,45,46,49
1172,181,237,235,251
225,170,187,182,203
617,388,42,43,45
382,138,36,40,41
386,483,74,66,60
1106,293,232,233,247
917,89,49,47,51
331,202,64,53,66
921,296,43,47,48
123,290,41,34,37
341,138,31,32,35
751,101,47,46,52
754,451,44,46,49
104,132,163,32,40
853,126,46,46,49
936,258,45,46,50
27,179,114,104,105
927,121,45,47,50
1017,11,99,78,63
934,137,50,49,53
591,436,43,43,48
854,118,47,47,50
13,443,52,51,53
444,392,83,84,88
928,257,46,49,52
409,174,46,44,45
1010,153,46,49,51
514,117,46,45,50
763,455,46,45,48
776,85,47,47,48
670,296,40,46,47
1008,426,47,46,50
502,249,220,219,239
310,417,43,43,47
679,96,46,46,49
988,328,46,46,47
905,457,45,47,52
1002,253,45,46,52
592,496,181,179,181
821,306,48,45,50
998,243,49,48,53
317,277,41,42,45
542,134,42,43,48
970,146,49,47,52
718,346,42,45,46
396,314,45,45,45
584,499,108,95,90
1180,44,239,239,255
172,125,102,110,123
150,341,38,37,37
740,488,98,90,71
1087,371,208,187,166
970,329,45,46,49
227,367,44,43,46
406,22,39,33,31
145,206,46,40,46
169,73,144,134,153
82,403,43,41,46
1052,423,51,47,54
995,432,49,46,53
778,140,50,47,49
1191,369,238,236,255
555,335,41,44,47
72,432,48,47,52
389,457,168,171,188
255,19,45,33,48
588,167,45,46,49
802,12,50,50,53
765,152,46,45,50
425,160,45,45,49
1010,16,108,86,65
1140,305,232,228,245
441,109,42,41,43
616,476,180,176,186
621,34,46,45,49
634,9,52,49,54
183,61,173,158,176
739,50,48,47,51
137,65,154,138,163
1042,427,44,46,52
24,294,36,33,37
1103,182,244,240,255
650,11,49,51,52
460,431,181,190,196
687,345,45,44,51
54,241,37,28,33
1166,166,234,236,252
927,44,125,116,110
995,204,47,49,51
967,474,48,47,52
662,399,44,44,49
330,319,43,43,45
384,355,42,42,45
1070,247,49,54,53
1079,455,87,79,72
487,377,43,43,45
753,342,42,45,48
1141,456,231,229,244
376,456,145,135,135
364,416,39,43,45
163,133,109,113,127
452,224,228,226,250
349,417,44,44,48
978,442,86,87,62
994,334,46,46,52
373,387,41,40,47
1031,413,47,49,50
67,29,114,102,119
34,90,46,29,51
133,392,40,42,49
1178,146,240,236,252
4,329,39,40,43
953,457,52,43,74
732,221,223,235,239
1164,209,235,236,251
234,475,54,51,51
169,367,39,41,47
809,428,43,45,51
266,143,32,25,29
444,206,154,150,160
415,120,41,40,43
1076,267,51,51,56
227,40,40,29,33
717,401,41,46,48
275,235,153,150,168
563,289,41,45,49
337,431,73,74,52
652,176,190,187,208
566,484,150,143,140
1133,420,230,228,243
292,343,46,43,49
1072,354,158,151,80
611,83,46,45,47
986,254,47,48,51
680,100,46,45,48
1119,145,233,229,248
307,418,41,44,47
346,232,202,201,223
898,82,47,49,52
778,236,182,175,163
1060,302,112,91,161
706,458,124,104,71
209,279,208,208,231
1075,50,69,64,62
527,378,41,42,45
73,485,92,84,83
835,468,46,48,52
1060,63,110,94,86
1081,409,56,53,55
51,347,42,42,42
646,311,42,45,46
525,63,45,42,46
78,377,41,43,45
224,95,40,36,43
256,486,82,72,56
163,61,137,121,142
752,414,50,45,51
891,308,46,46,48
699,372,45,45,48
1125,461,227,226,242
549,295,45,43,46
381,165,41,42,47
777,281,49,53,55
768,230,238,236,255
726,31,74,57,56
67,78,23,28,27
345,219,200,198,219
239,62,216,215,236
673,67,43,45,47
363,358,44,43,48
230,219,189,186,203
392,118,40,37,39
375,313,44,43,46
544,353,43,42,46
1181,215,243,237,254
255,355,41,45,47
602,143,46,43,48
841,61,48,48,52
175,194,70,55,72
14,154,166,30,38
42,229,30,27,31
178,18,153,68,89
630,247,48,48,51
847,233,238,238,255
1057,254,47,49,54
1013,380,51,49,53
19,62,102,90,104
1092,443,234,235,253
262,126,32,27,31
699,269,46,45,49
292,399,45,44,43
542,434,79,75,59
735,260,237,236,254
693,143,50,46,48
849,72,46,49,51
1040,194,53,50,54
182,384,42,44,45
1155,412,235,233,251
26,487,63,61,55
609,29,46,47,50
923,221,48,47,50
138,416,47,45,45
128,315,35,32,36
1082,493,80,60,61
774,217,242,240,255
498,130,41,40,51
771,133,45,48,49
229,33,40,31,32
768,187,46,47,50
576,456,117,113,114
857,225,240,238,255
968,127,45,46,50
46,400,48,47,49
122,70,156,138,160
133,372,44,40,44
450,191,225,221,243
136,138,33,30,32
221,306,44,43,46
1030,75,98,87,70
1015,308,47,47,53
507,337,45,41,45
1175,50,238,235,251
1193,475,237,237,248
867,415,46,46,48
726,203,242,237,255
1190,167,238,236,253
321,230,194,199,219
1190,413,239,234,253
702,349,43,46,46
495,101,43,42,44
456,332,83,81,86
253,14,38,31,34
30,448,54,49,51
843,131,44,47,51
1138,407,226,228,243
743,191,233,234,254
1117,249,232,228,248
930,427,47,44,59
1039,389,43,49,54
25,184,99,94,101
407,325,46,43,47
815,453,48,48,53
144,151,213,215,232
734,271,44,47,51
119,98,161,33,42
1038,434,47,48,53
674,325,45,45,47
468,112,40,42,43
451,380,17,18,16
493,314,47,45,44
439,394,49,47,51
273,462,106,100,68
783,194,44,48,50
714,329,44,44,50
73,332,43,39,42
239,449,49,49,48
1031,180,46,49,54
326,210,189,187,210
200,215,192,185,205
74,145,160,28,36
1037,210,49,49,52
773,426,42,46,50
694,377,45,43,48
727,183,52,51,58
39,286,37,33,34
1134,368,233,230,242
995,352,47,46,49
904,436,48,48,53
1028,158,48,49,50
70,171,173,79,109
1061,357,53,49,55
309,98,30,27,31
297,237,146,144,159
1141,449,228,227,243
588,355,42,42,47
324,382,42,41,46
481,200,139,139,156
440,284,44,46,47
1156,276,237,234,249
1099,130,239,238,255
521,150,44,45,46
839,259,239,242,255
131,238,170,170,186
1147,457,233,229,247
707,437,45,45,46
121,46,163,142,165
613,35,45,43,49
646,491,94,70,60
627,274,47,45,47
923,25,206,147,91
646,21,46,47,51
1084,178,58,57,66
514,399,42,40,44
1133,118,228,227,244
122,193,222,219,247
533,212,227,222,243
395,231,212,211,233
338,440,73,71,55
328,398,43,42,46
360,283,43,43,47
793,238,244,237,255
803,33,48,52,54
418,246,224,224,245
163,141,143,149,163
883,400,45,48,51
515,187,221,220,240
796,370,45,44,48
927,160,44,47,52
359,317,44,47,49
750,299,47,48,50
753,370,43,43,50
1086,332,103,89,84
557,405,45,42,47
910,107,45,48,52
1114,138,231,229,248
922,233,43,47,53
430,83,38,39,41
686,107,43,43,49
1153,419,232,231,246
47,101,105,61,75
330,163,37,34,36
1187,37,238,238,251
170,67,134,121,142
633,301,45,44,47
628,273,45,45,48
82,326,36,35,37
411,362,44,42,47
406,122,40,39,43
1044,263,48,48,52
926,68,75,72,65
859,493,114,113,72
1167,127,236,236,252
369,283,42,43,48
29,83,108,97,100
132,123,199,187,209
205,482,50,47,51
978,450,78,87,61
212,266,204,200,220
365,0,44,34,35
820,104,49,49,52
17,259,30,27,27
849,287,49,44,53
516,373,40,41,47
131,300,35,33,37
637,181,235,236,255
401,10,36,27,28
225,411,46,45,47
664,20,50,50,51
274,400,39,45,45
711,16,154,99,67
789,165,42,48,50
1181,62,238,238,253
5,42,221,225,236
970,457,53,51,49
709,315,47,44,48
537,114,42,44,49
437,163,41,45,45
1182,138,241,236,254
651,361,50,44,48
178,292,35,37,39
216,376,43,43,49
1164,99,238,235,251
294,75,34,28,33
421,7,34,25,29
206,257,201,202,222
621,402,42,44,47
707,69,46,48,48
236,464,93,90,60
694,308,49,47,48
749,409,53,48,68
125,101,159,30,39
724,235,238,238,255
142,124,203,194,213
114,264,67,62,88
67,243,37,34,36
674,336,42,46,46
666,157,45,45,53
892,254,241,240,255
475,468,179,181,197
1064,468,50,50,53
976,315,45,45,49
884,43,102,97,93
451,403,147,150,167
798,153,47,46,51
348,458,62,61,51
328,275,45,43,48
948,10,123,83,65
777,165,44,47,50
560,402,39,42,43
787,245,240,235,255
887,251,241,240,255
96,265,41,36,37
676,370,41,43,47
814,174,48,47,50
539,52,40,43,45
710,96,44,44,47
647,389,72,61,52
835,306,46,46,50
1143,217,232,230,245
491,432,173,178,197
307,405,44,43,44
189,61,187,162,179
602,352,43,43,46
1037,25,109,84,64
887,429,132,128,143
927,311,46,45,51
199,367,44,43,46
396,218,210,208,227
1048,303,59,51,83
1188,289,236,234,252
933,224,46,47,48
777,11,48,51,51
400,293,47,44,49
457,464,180,185,203
823,11,78,79,69
244,447,50,51,48
1027,60,173,159,140
1101,310,238,235,253
720,442,46,45,48
1087,143,58,56,58
612,41,45,45,48
1058,369,48,51,57
307,493,44,46,45
419,463,150,138,123
776,318,44,44,49
281,186,188,184,205
40,123,148,24,35
683,166,45,47,47
1145,246,233,230,245
269,77,40,39,43
853,269,49,51,54
555,224,205,205,213
55,486,88,82,75
91,17,117,107,116
856,474,48,47,50
1184,12,238,236,252
115,263,145,143,176
55,22,63,60,67
1197,143,238,236,255
683,116,46,47,51
788,16,54,51,53
424,434,45,44,46
1164,157,235,233,253
639,183,238,235,255
912,107,47,46,52
646,484,96,75,77
1142,297,230,229,246
196,32,196,175,193
862,83,47,48,51
675,192,241,238,255
1050,53,117,109,109
533,404,41,43,44
776,484,152,148,159
527,331,42,43,43
448,330,47,48,54
389,499,84,77,53
1021,88,61,58,57
1183,150,239,238,254
842,162,44,48,51
963,269,45,45,49
459,325,53,51,58
802,492,162,163,177
972,405,48,47,52
253,486,79,68,53
340,418,45,41,45
1157,19,238,233,251
118,168,235,237,255
629,53,46,48,50
98,497,47,45,49
310,182,190,190,209
927,107,45,48,50
341,7,44,38,41
220,261,200,200,220
524,46,41,35,39
941,122,47,48,54
991,27,120,93,73
1154,475,235,231,245
1108,172,238,238,254
28,464,52,50,50
1162,282,236,235,251
733,351,45,44,47
1180,380,238,235,251
102,485,48,47,50
430,423,47,46,51
699,97,46,45,51
406,182,51,51,52
214,455,48,45,49
116,285,42,40,44
438,213,176,175,179
729,498,159,151,162
832,94,44,46,49
977,92,49,48,56
674,196,240,238,255
564,61,44,42,47
184,479,44,47,49
771,194,49,47,52
1174,328,239,236,251
650,348,42,45,48
284,477,117,108,83
664,53,49,45,47
995,403,47,49,52
693,20,50,51,53
385,357,42,46,44
916,427,82,89,65
67,112,150,24,32
505,412,39,43,45
1199,117,241,237,254
809,93,48,44,48
1043,265,49,47,53
883,19,97,94,91
299,461,65,60,51
334,283,47,44,47
387,394,46,43,47
177,186,191,187,208
986,169,48,46,51
726,1,50,48,49
161,339,42,40,43
486,166,47,46,49
412,445,91,87,79
400,121,38,38,41
330,30,37,32,33
308,281,45,44,46
227,48,204,194,214
368,338,42,42,46
155,341,38,41,43
990,408,48,44,52
981,495,51,46,52
318,194,194,189,212
323,423,42,45,46
14,327,38,40,43
840,18,93,88,81
829,49,61,60,58
588,224,237,234,255
239,94,42,41,47
1004,225,48,47,52
871,87,47,47,50
617,256,52,50,57
638,197,240,236,255
727,241,241,239,255
724,180,50,48,54
478,421,42,43,45
798,112,47,46,50
742,64,49,48,52
1184,211,242,234,253
1072,273,49,53,55
448,24,62,46,39
2,420,55,52,55
1080,368,54,52,57
854,328,45,45,49
423,265,228,227,250
1119,469,227,228,242
194,230,194,190,209
778,145,46,45,48
1181,65,241,238,254
806,212,239,238,255
187,404,43,44,46
766,498,160,157,169
1104,87,237,234,252
533,281,46,46,49
863,75,48,48,51
166,412,44,43,48
496,422,43,45,44
446,86,43,40,45
567,459,135,128,130
289,452,66,65,51
1048,36,78,71,64
166,234,164,163,192
400,193,208,209,233
339,381,42,43,44
933,3,178,149,136
328,363,41,43,47
663,272,41,45,48
454,408,58,58,62
301,205,52,45,53
791,207,198,192,210
1199,412,240,235,254
822,447,51,49,52
60,485,79,73,63
703,49,50,48,50
607,269,46,45,49
687,53,46,46,47
416,312,43,44,45
1022,292,47,48,52
588,345,44,42,48
860,407,44,47,51
301,411,39,43,47
112,164,124,129,142
868,114,48,45,51
609,181,58,51,58
441,214,224,225,250
474,73,43,43,45
989,28,113,85,66
462,352,44,38,43
384,320,45,43,45
655,406,42,44,47
359,422,41,43,44
926,398,44,47,46
929,282,44,45,49
1057,187,48,50,55
942,385,44,45,50
1018,168,46,50,54
804,278,46,49,53
689,151,49,46,50
985,377,45,47,50
420,12,39,29,30
658,408,45,46,45
1175,56,237,235,252
587,263,237,233,255
439,164,48,43,45
877,368,41,47,47
301,382,45,46,46
646,228,240,236,255
846,420,111,115,146
189,127,49,46,54
46,192,105,102,108
578,451,148,146,155
498,70,41,42,43
200,429,45,46,51
118,154,200,193,212
1110,133,230,230,250
547,272,47,47,52
625,245,56,56,60
952,148,47,47,49
464,176,45,48,48
461,190,225,222,245
480,215,78,76,82
70,6,231,227,249
1057,450,46,50,53
151,65,152,136,157
607,33,41,44,46
432,236,225,226,247
519,265,223,220,244
172,215,192,187,208
449,110,41,42,45
414,231,225,223,246
871,415,45,45,49
1017,258,42,46,49
1068,440,52,50,53
194,174,190,186,208
383,167,45,43,43
825,150,48,46,51
705,69,48,48,52
983,94,50,49,51
479,279,59,57,63
1124,179,235,229,246
382,295,40,45,49
510,211,205,205,231
415,85,37,36,37
994,188,46,48,52
243,37,39,30,32
680,360,42,44,46
527,303,43,44,45
585,104,45,44,48
451,480,178,183,202
669,450,64,57,51
1110,462,230,230,245
333,456,91,87,65
1130,275,227,224,240
829,17,84,82,74
686,320,48,45,47
23,350,40,40,42
1075,114,54,53,59
477,313,50,51,54
394,395,47,44,49
185,140,32,37,41
701,348,46,45,48
986,178,50,47,51
1007,364,41,46,50
377,326,40,44,45
497,324,42,42,46
371,282,42,43,45
252,32,201,192,215
82,35,120,113,123
1098,424,245,243,255
949,498,174,160,113
416,430,45,45,46
121,193,220,219,245
351,140,32,32,37
297,329,45,42,48
758,359,47,45,51
128,498,45,46,49
887,287,42,47,51
326,171,82,77,86
106,455,49,48,48
1062,355,48,50,56
694,73,49,46,50
411,196,211,211,234
1038,427,50,49,52
505,55,40,43,46
596,118,41,43,47
735,497,117,113,110
1055,453,47,48,54
1072,337,47,51,54
695,180,51,51,54
599,477,176,175,183
270,133,32,26,28
980,87,49,48,51
1101,101,235,235,253
662,63,45,46,49
879,448,46,46,48
903,443,74,64,52
93,64,141,117,140
786,9,51,50,52
499,252,219,217,238
1087,203,60,61,61
819,200,46,47,50
469,260,154,152,173
54,455,48,47,52
626,9,50,49,51
112,122,162,32,39
70,84,149,26,35
1020,230,47,47,52
907,464,55,51,52
1167,412,236,234,251
357,438,87,82,58
604,249,237,236,255
957,247,48,47,50
649,331,44,46,46
571,474,118,112,95
963,130,48,47,51
341,120,32,31,32
701,408,43,45,45
327,178,192,188,209
1155,311,231,231,248
689,465,114,93,64
972,180,46,49,51
454,231,232,231,253
779,451,46,47,49
213,262,203,200,220
347,426,45,44,44
491,154,66,65,68
751,111,49,46,50
269,108,31,26,26
506,17,77,58,49
497,357,46,41,47
142,132,197,187,211
137,473,46,45,48
524,403,42,44,44
919,182,49,49,52
985,289,46,47,49
1096,28,240,234,233
1141,462,232,227,244
897,191,45,48,51
946,288,46,46,50
195,429,47,48,49
620,218,64,58,75
1089,23,65,63,65
257,290,42,42,47
805,491,165,165,180
511,260,222,220,243
739,365,44,43,50
33,267,36,31,32
660,33,51,48,50
838,283,47,48,51
166,445,48,49,51
493,277,48,45,49
836,97,42,46,50
554,185,230,227,250
268,401,43,45,44
165,274,208,210,229
535,467,157,160,162
142,168,45,47,53
368,135,35,36,38
230,142,32,27,30
1152,91,234,233,248
1038,245,45,48,51
927,476,46,49,49
448,121,45,46,51
1029,274,50,50,53
1071,177,50,51,58
227,468,93,92,63
460,4,50,43,37
842,404,45,47,49
705,498,116,97,69
627,165,46,46,49
688,8,48,49,52
676,435,42,44,47
197,324,42,42,44
526,162,41,46,48
947,3,123,83,67
449,255,229,230,252
247,357,40,43,48
578,410,40,41,43
1197,261,238,237,255
633,399,42,43,47
237,446,46,50,49
1055,406,51,48,51
1154,32,239,233,250
190,256,203,201,223
1019,343,46,45,53
481,133,45,43,47
886,382,43,46,51
170,205,51,34,55
831,430,48,44,49
180,306,37,42,40
115,238,49,45,52
937,207,45,47,50
524,452,123,117,123
430,472,57,56,64
54,319,41,37,40
54,72,26,28,29
511,330,41,43,43
106,251,218,213,237
238,379,40,44,45
388,188,201,200,220
850,136,49,47,50
863,68,48,47,50
185,142,36,35,41
911,374,44,45,47
1149,469,232,227,245
55,193,90,83,85
163,461,49,47,49
73,271,35,32,31
949,97,50,47,52
815,288,50,47,52
471,477,173,179,197
950,168,46,46,53
195,315,39,40,43
129,220,195,193,216
33,244,36,29,31
489,306,45,45,48
677,80,46,45,49
1040,90,63,61,59
562,362,40,44,47
1114,97,232,230,247
65,381,45,44,47
292,414,43,44,46
34,218,35,30,31
456,45,45,39,41
65,106,151,23,28
1137,182,229,231,246
566,89,44,45,47
325,242,51,51,54
402,315,47,44,47
320,495,45,48,50
928,245,49,48,52
872,110,47,48,50
564,309,43,43,47
1064,313,52,50,55
571,42,45,44,49
125,99,160,34,40
860,490,123,117,76
578,325,47,42,47
12,354,46,42,45
1107,170,236,235,254
936,228,48,46,53
870,299,44,46,49
201,86,110,113,127
939,449,116,134,182
1128,156,227,225,242
59,223,113,111,114
1012,63,57,52,56
463,411,46,45,49
530,37,40,42,42
922,303,44,44,50
550,472,160,159,173
1129,344,229,226,245
24,267,32,27,30
385,334,40,43,48
761,190,46,47,51
640,53,47,46,49
929,69,84,81,72
524,204,60,59,68
1048,196,49,49,51
584,465,152,142,134
908,475,46,47,53
283,111,31,26,26
287,491,46,44,51
12,356,43,44,46
73,81,145,23,33
868,149,47,47,51
742,0,50,49,51
430,5,33,27,29
566,203,183,176,179
84,1,61,60,62
110,295,38,35,40
842,339,46,45,52
943,84,48,48,53
222,394,42,42,46
85,317,34,34,37
695,83,46,46,49
92,394,42,43,46
537,99,45,44,47
757,100,47,46,51
107,118,159,30,35
1050,197,48,48,55
889,62,94,92,84
1070,425,95,77,61
964,245,45,48,50
657,64,44,47,46
1105,494,232,229,248
93,229,204,206,227
893,108,46,45,50
816,224,242,240,255
1041,405,52,47,53
909,108,45,47,50
649,267,46,44,52
61,457,49,46,49
620,32,49,45,50
904,397,45,47,51
671,262,45,44,47
921,33,148,121,92
66,296,34,35,35
728,70,45,46,50
253,495,82,69,50
1010,313,49,47,52
801,164,46,46,50
15,41,66,64,69
1139,438,228,228,244
1142,467,229,229,246
819,230,235,237,255
319,15,45,43,50
550,427,40,43,44
426,122,42,40,45
420,54,34,32,38
527,13,66,43,29
905,151,46,47,51
292,281,42,43,46
76,416,78,78,60
262,106,34,30,32
696,32,51,50,53
834,183,45,47,50
1162,445,235,233,249
26,234,31,28,29
1132,84,228,227,243
759,76,46,48,51
16,210,31,28,30
679,406,43,43,44
29,440,51,51,48
31,191,55,49,58
324,355,44,43,46
64,299,34,34,34
0,310,38,38,40
1154,194,235,232,248
556,467,134,133,146
292,498,48,47,50
727,435,46,45,49
1073,208,52,52,58
383,92,33,29,32
177,26,181,159,181
462,354,40,40,42
764,159,45,47,47
656,402,43,44,48
681,99,44,47,50
487,135,41,44,47
1031,281,49,51,52
970,105,51,47,54
760,307,44,46,46
29,39,221,222,248
542,153,44,44,47
602,259,46,47,48
934,454,55,45,69
597,214,183,179,178
354,233,206,203,223
32,223,33,30,33
580,415,39,43,46
710,380,45,44,47
635,290,41,43,49
917,471,49,48,51
1128,445,225,227,245
290,167,186,187,205
442,493,180,178,194
378,84,29,29,29
804,373,43,46,48
159,8,152,137,161
915,74,48,49,51
918,367,46,46,51
140,58,150,133,155
942,221,48,45,51
1025,350,46,47,52
778,409,57,50,51
296,74,32,28,28
438,80,42,42,42
869,148,46,47,51
1190,448,235,234,252
240,150,35,27,27
502,302,43,44,48
34,159,168,32,40
119,266,214,212,235
759,212,244,241,255
19,30,225,222,247
795,458,43,45,53
260,132,34,25,28
1194,393,240,238,253
564,399,42,41,45
65,63,175,177,196
1071,305,50,53,56
48,2,226,225,247
519,129,43,45,47
54,293,39,34,34
562,414,43,42,44
542,151,46,46,47
206,375,43,43,46
352,366,44,45,47
671,277,46,45,50
1095,22,146,142,118
1120,201,228,228,246
1054,299,233,238,252
133,283,51,41,67
475,471,180,181,196
501,317,45,44,46
853,31,89,89,82
275,324,44,43,46
1036,358,48,46,51
1037,190,49,50,53
478,344,42,46,49
291,355,44,43,48
877,19,97,96,95
739,306,49,46,49
644,43,44,46,47
532,398,43,43,48
74,291,35,31,36
123,253,214,213,233
356,30,39,32,31
473,155,44,44,47
948,56,73,59,60
930,228,45,48,49
117,238,168,174,193
668,411,45,44,45
893,156,46,46,49
949,437,48,45,65
710,166,42,46,50
1089,375,248,250,249
692,348,45,45,46
315,32,43,40,44
657,463,69,60,54
489,234,200,202,218
1135,76,231,228,244
1144,113,231,231,248
705,64,45,47,49
42,90,186,184,203
1141,159,231,227,245
323,127,30,31,32
954,470,47,46,48
671,251,45,44,49
350,273,47,47,52
1067,106,47,51,53
223,369,44,45,49
605,109,44,45,46
1183,340,237,235,252
1114,495,228,226,243
205,447,49,50,50
808,93,49,44,50
1089,125,254,255,255
675,191,240,237,255
706,44,45,47,49
634,235,53,54,56
780,42,50,51,52
732,418,42,45,49
839,304,46,43,51
661,380,43,46,47
579,382,42,43,45
374,167,41,42,45
467,7,116,90,74
1179,271,238,236,251
850,223,239,237,255
834,38,78,73,65
1107,499,230,230,246
896,78,48,47,51
1083,461,253,249,255
1168,121,237,237,251
654,153,48,44,48
1074,435,110,111,139
769,69,45,47,52
442,206,71,62,83
1007,499,47,48,52
1068,1,102,81,65
543,291,45,43,48
374,242,212,210,235
997,473,48,46,54
280,111,34,25,27
1085,215,251,252,255
369,343,42,43,47
1131,13,231,229,246
537,467,163,163,177
479,143,46,43,48
611,245,235,235,255
1169,314,236,233,250
634,17,53,50,53
115,202,221,221,246
1186,366,240,237,251
48,192,105,103,104
45,276,40,34,35
983,177,47,47,51
367,357,40,43,44
986,79,61,58,58
29,212,30,29,31
821,176,44,46,47
14,120,149,25,35
77,303,36,30,32
1063,406,45,49,52
952,156,49,46,52
756,452,44,46,51
354,194,193,197,218
39,78,100,91,95
666,265,45,46,48
498,341,46,45,49
130,493,47,47,53
14,283,33,32,36
1079,10,77,69,67
271,182,189,186,202
273,202,188,185,201
1014,223,51,49,54
307,490,50,46,49
1063,393,56,52,55
1036,70,97,85,68
152,103,41,30,40
684,479,109,85,61
842,204,46,49,53
613,404,39,43,46
452,251,63,54,70
1175,92,240,236,255
1078,304,54,54,57
932,67,86,85,79
900,52,100,95,92
685,122,45,46,47
1120,304,230,228,244
669,205,238,235,255
183,180,192,189,210
351,476,62,61,53
301,77,32,24,24
858,386,44,47,51
431,488,27,29,27
1147,75,236,232,248
790,335,45,48,48
688,311,46,46,48
170,182,198,193,214
998,367,46,47,51
352,417,40,43,43
173,273,208,207,231
319,299,44,42,45
921,396,46,46,51
605,347,44,44,49
577,184,232,232,255
368,80,31,27,28
689,363,45,43,50
167,34,171,157,180
700,261,45,47,49
623,425,43,45,46
352,482,65,62,54
948,207,43,47,50
861,285,51,49,52
104,198,194,204,230
279,368,45,44,45
539,469,161,161,169
69,443,47,48,50
657,369,45,43,47
989,12,120,90,65
1121,283,233,227,245
1119,413,228,227,245
895,324,43,45,51
577,337,40,42,46
413,413,42,46,46
502,113,28,25,29
965,473,47,49,52
924,40,128,117,108
93,195,248,246,255
1177,476,233,232,249
749,329,46,45,46
1048,297,62,53,63
523,91,43,46,48
7,136,165,28,35
486,218,205,202,215
155,96,169,157,182
219,30,175,163,186
419,51,32,31,30
953,241,47,47,50
901,72,45,49,50
747,38,49,51,51
1115,318,232,231,248
27,229,32,28,31
458,146,48,44,49
668,410,46,45,46
171,209,191,184,206
902,223,76,73,84
108,192,200,194,221
323,244,79,70,87
431,388,40,42,46
736,109,42,47,50
1023,446,44,47,50
958,439,145,161,148
352,71,33,25,24
866,37,101,93,89
200,301,43,40,45
986,269,45,48,51
857,5,96,94,89
721,205,241,238,255
917,336,47,44,50
1170,131,239,235,254
894,412,46,47,50
9,229,36,28,29
719,132,47,44,50
354,35,41,31,27
1096,234,237,236,255
18,475,48,46,50
1172,93,238,236,252
391,242,198,197,213
1111,52,230,231,248
1005,99,47,50,53
556,57,40,44,45
610,2,50,49,49
223,476,87,89,69
164,375,43,41,43
324,36,41,34,37
284,53,44,45,51
853,319,48,45,49
1000,183,42,47,49
276,432,65,61,54
835,342,49,46,50
213,470,50,48,49
244,394,40,43,45
737,301,46,46,48
804,93,46,47,51
1138,86,230,229,243
853,303,45,46,50
566,237,232,231,255
314,199,163,159,185
89,357,42,40,43
907,310,48,47,49
386,445,190,201,222
459,117,40,42,44
158,289,40,38,43
667,220,233,233,252
395,418,44,44,45
262,107,32,26,28
543,391,42,42,43
215,83,108,109,123
734,252,237,236,255
883,418,47,47,49
1117,36,233,230,247
36,326,37,38,40
394,161,45,41,48
290,368,40,43,46
329,455,77,72,53
1138,480,230,226,242
864,480,158,148,94
1171,120,237,237,252
693,350,40,43,46
244,360,44,44,48
323,233,60,51,56
471,141,47,43,45
364,472,58,53,53
602,494,177,179,192
1139,188,234,232,247
43,214,61,68,69
806,292,47,48,51
537,388,39,41,43
722,35,122,74,62
587,173,47,48,50
922,123,47,49,54
277,2,207,196,217
964,15,105,76,59
145,61,153,137,157
256,407,49,43,47
350,321,42,44,44
1088,23,63,61,65
222,319,45,44,45
213,442,48,48,51
157,207,189,186,205
1028,268,48,47,52
188,315,41,40,42
643,398,45,44,45
183,378,45,43,45
1055,286,69,61,127
11,215,30,30,34
282,157,33,31,34
538,29,57,52,49
45,233,35,31,32
568,223,234,234,255
302,137,28,30,31
1127,478,232,227,241
18,216,33,30,29
528,16,74,49,36
575,234,233,234,255
236,391,43,44,48
250,299,45,44,45
69,222,201,200,224
509,453,144,143,156
1024,345,50,48,53
127,261,214,211,234
426,26,34,32,29
455,80,41,41,44
242,85,46,50,56
225,74,108,108,121
383,169,44,43,45
38,218,33,30,28
655,29,49,48,52
11,30,223,224,244
513,479,110,106,75
162,248,204,203,223
146,24,152,132,157
258,56,48,40,61
727,380,47,41,47
818,303,51,47,51
1177,44,242,238,255
465,387,51,46,50
447,7,38,31,32
232,357,45,40,47
455,131,41,43,47
937,471,51,48,51
52,326,36,36,39
107,415,41,44,48
541,491,137,129,113
166,496,46,46,51
664,414,43,43,46
432,82,38,39,42
714,236,240,237,255
406,287,43,44,48
860,124,46,47,53
852,110,46,48,49
824,336,46,48,52
608,377,42,43,47
1070,223,52,52,58
822,306,50,45,51
732,117,49,47,51
650,343,44,44,47
303,24,44,43,51
57,255,35,31,33
236,120,30,30,28
316,160,36,33,37
407,442,62,58,56
1185,186,240,237,254
452,309,46,46,47
801,458,47,49,52
12,75,108,100,106
592,91,43,44,46
630,359,46,46,47
556,149,45,43,47
1135,78,232,229,246
80,351,38,38,42
513,313,45,43,47
209,400,45,43,48
747,369,44,46,49
988,171,46,46,49
630,464,112,106,111
1125,355,227,228,243
1061,77,72,64,61
547,360,44,43,47
116,349,35,37,40
179,233,196,195,213
948,88,48,47,51
911,115,48,47,50
192,68,203,190,212
1012,325,44,46,52
1140,456,229,230,245
357,10,42,36,35
1034,494,42,49,51
332,484,142,139,156
172,72,137,125,145
222,45,203,193,215
1114,452,227,227,240
712,190,241,237,255
722,185,131,125,141
1091,191,249,250,255
896,123,46,48,51
832,263,55,50,60
379,231,212,209,234
952,41,110,83,64
1124,270,232,228,242
711,376,43,44,48
503,349,40,44,43
490,180,22,23,26
503,482,121,110,67
25,290,33,32,33
404,283,46,46,49
460,201,228,228,252
1070,39,109,97,105
354,414,43,44,46
1148,226,233,231,245
670,138,42,44,49
309,472,127,119,104
659,132,49,44,50
1188,0,237,234,252
980,431,45,48,49
520,345,41,45,44
678,58,48,45,48
432,411,49,47,54
938,72,87,84,77
625,158,46,46,47
398,54,33,29,31
505,155,45,47,53
313,194,193,189,208
410,52,33,30,31
52,43,139,130,148
1126,378,228,229,241
770,187,48,47,49
207,146,31,31,31
117,494,48,48,49
606,360,44,43,47
298,132,29,28,28
981,182,47,48,50
839,456,46,47,51
13,426,55,52,51
33,271,32,29,30
422,333,45,44,47
83,20,110,100,105
616,497,121,118,105
334,49,29,22,26
647,249,47,47,48
831,204,46,48,51
497,486,111,99,61
580,412,45,43,44
1067,326,52,51,55
583,371,40,40,43
193,312,41,40,44
784,146,45,45,53
978,220,45,47,49
1015,180,48,47,54
568,436,58,48,49
505,411,40,41,45
1026,308,48,47,51
216,139,32,28,31
300,12,114,118,139
424,68,34,36,39
84,105,154,25,29
780,354,44,47,50
575,168,47,45,50
464,215,89,80,84
1121,401,233,228,245
180,243,130,117,123
599,395,43,44,43
1195,441,235,233,249
558,476,137,133,141
494,96,41,43,48
846,472,46,48,52
717,153,42,45,50
256,394,44,45,46
82,95,153,23,34
353,333,47,45,47
105,433,84,72,74
222,229,189,185,205
11,173,111,110,114
396,461,171,176,192
1056,237,47,48,52
1162,432,237,234,249
963,25,95,71,58
400,110,37,37,38
574,417,44,43,47
608,217,227,232,253
1138,219,230,229,246
675,52,46,47,48
666,395,46,45,51
275,24,208,208,229
741,390,43,46,50
78,40,120,112,124
1194,276,239,237,252
869,105,46,47,51
209,211,63,50,57
