x,y,R,G,B
243,379,43,44,48
913,351,47,49,48
1025,39,106,80,64
796,60,50,45,52
278,302,44,43,46
344,352,46,42,45
794,185,47,50,53
215,302,42,41,45
1140,416,230,228,244
689,343,46,45,48
1,15,178,169,185
758,445,45,45,49
237,143,33,27,28
435,307,47,43,50
340,463,94,85,64
1010,3,107,84,65
508,461,149,145,155
540,120,40,42,48
915,191,48,46,51
1062,102,50,50,53
293,14,211,215,231
22,208,32,28,33
907,369,45,46,48
1132,367,226,226,244
678,37,50,47,51
222,441,50,47,47
141,264,213,210,231
336,4,87,86,96
592,198,236,239,255
551,136,43,43,48
799,181,50,46,50
887,255,239,239,255
510,260,223,223,243
844,498,168,157,112
915,271,55,52,78
311,221,191,189,208
1160,151,241,234,252
391,134,34,38,43
1026,492,49,49,52
50,126,151,21,35
1125,16,231,226,246
1104,4,244,240,255
288,174,187,185,204
679,113,44,45,46
862,413,49,46,50
676,480,112,84,57
242,58,215,216,235
939,339,50,46,50
1076,411,48,53,53
654,476,87,66,56
1050,248,47,48,52
87,269,41,35,35
849,108,47,46,51
545,77,41,43,47
138,479,50,48,50
131,66,157,142,164
264,333,44,43,47
269,250,198,196,217
652,127,44,44,51
611,263,42,45,51
252,228,187,185,207
661,428,42,44,45
340,427,44,45,46
900,142,46,49,51
162,186,195,192,214
363,456,81,72,64
889,222,197,195,215
994,147,49,49,52
154,437,50,49,52
976,458,80,69,116
562,84,44,45,47
1023,110,46,49,53
95,58,39,36,37
1189,234,241,237,252
209,423,47,47,49
643,66,46,45,48
10,98,132,23,28
375,25,36,25,31
205,58,35,29,30
438,308,44,44,51
1090,219,135,120,168
536,374,46,40,46
711,111,44,47,51
1178,397,240,235,251
1025,282,46,47,55
765,421,45,47,51
170,241,57,40,54
1162,362,237,234,249
273,55,46,49,54
981,360,45,46,49
170,412,47,44,47
1116,273,231,231,247
709,174,46,48,53
914,55,79,73,67
947,300,44,46,50
539,109,44,43,47
4,302,38,37,39
594,165,44,48,47
504,61,43,45,47
850,267,54,54,58
623,171,48,46,51
343,430,66,63,52
1057,268,49,49,54
139,463,51,45,50
298,483,75,73,62
1022,53,84,75,60
604,131,47,45,49
103,226,203,202,226
412,240,57,59,61
184,449,67,64,55
117,455,50,51,50
296,343,41,43,46
675,357,43,44,48
55,492,75,68,63
464,80,43,41,44
578,391,44,41,45
648,82,48,46,49
736,471,149,143,159
625,61,47,45,48
151,100,160,145,160
109,463,48,46,48
602,76,40,44,46
1125,105,226,226,239
1187,371,242,236,253
633,359,46,44,48
1061,206,49,51,53
545,198,227,223,247
469,345,53,53,56
511,469,114,108,108
989,127,47,47,53
454,127,43,41,45
891,237,238,239,255
825,108,46,48,53
339,206,198,197,216
1113,182,237,234,251
1090,155,223,221,251
547,319,42,44,44
462,39,62,49,46
501,352,40,42,44
589,362,45,39,49
581,301,47,46,46
413,479,121,112,112
360,248,71,66,71
1129,447,226,226,244
799,196,45,48,49
151,315,33,31,36
757,117,45,45,49
239,311,44,40,46
1174,97,237,237,253
518,381,40,41,44
562,381,43,44,46
387,339,40,43,46
352,343,43,43,49
182,117,135,131,160
429,485,22,23,25
474,36,78,58,47
575,276,51,50,55
919,458,49,48,52
1047,298,57,54,57
72,149,161,29,38
990,440,135,136,165
26,336,41,40,41
266,28,118,118,136
1159,259,235,231,249
319,221,199,196,218
605,494,176,177,184
299,217,191,188,209
746,489,135,132,121
1030,97,50,50,52
784,436,44,45,50
563,407,41,42,44
757,419,46,46,52
783,329,46,45,49
907,223,52,52,57
650,365,46,43,49
874,108,48,47,53
719,13,65,56,55
743,35,51,49,54
38,25,66,67,69
111,57,150,132,152
809,180,44,47,49
428,141,40,43,42
500,213,214,210,225
535,446,147,148,155
303,61,33,27,32
1031,6,111,81,66
173,203,148,146,161
538,161,46,43,47
43,313,37,36,36
1148,12,236,232,248
1141,393,228,227,244
513,65,87,83,83
249,301,40,42,47
941,117,46,47,49
872,135,45,46,50
526,434,154,152,158
38,128,153,23,33
621,415,41,44,45
522,347,41,41,44
749,493,155,147,137
7,261,34,29,32
20,45,62,62,68
719,59,47,45,49
814,334,45,45,47
276,37,138,144,156
130,210,202,196,222
433,364,45,44,44
200,120,36,36,42
860,238,58,59,69
810,414,53,50,56
437,279,47,48,52
1053,236,46,49,53
828,360,45,45,47
194,333,42,40,45
62,398,46,43,48
516,30,68,64,66
787,22,50,49,50
294,147,30,28,32
84,276,36,29,33
613,245,237,238,255
15,392,48,45,48
1098,450,235,235,254
1113,29,237,235,249
455,108,41,42,46
509,442,160,160,173
38,141,157,27,37
1096,23,205,202,186
65,230,33,37,38
492,356,44,44,47
1108,67,233,234,250
878,314,48,47,50
75,428,55,54,54
1059,16,87,74,60
18,160,170,30,37
83,50,30,27,31
954,209,51,46,54
539,29,52,49,47
941,217,50,49,53
638,1,49,48,51
1171,249,238,235,253
1108,394,235,236,253
444,110,39,43,45
486,409,43,44,46
984,89,46,50,55
121,102,160,31,37
586,400,40,42,43
1036,154,49,49,54
236,222,190,186,206
166,43,152,137,162
1133,401,229,227,243
745,250,237,237,255
518,275,44,46,49
1021,439,46,47,52
1054,389,49,49,52
1119,446,231,226,243
229,257,202,198,221
757,68,47,46,49
932,17,131,84,63
1062,341,50,49,52
1135,498,225,224,242
641,448,192,200,223
882,225,239,239,255
1099,298,235,233,254
843,488,166,157,108
422,190,217,216,237
579,499,167,163,166
826,315,45,45,49
813,489,159,155,162
47,470,44,48,48
148,339,37,40,40
907,31,109,101,96
72,440,43,46,48
287,218,189,190,209
161,141,163,164,185
291,128,31,27,29
1111,441,231,227,248
243,334,44,43,47
75,125,154,27,32
474,206,229,231,254
525,471,146,145,148
1031,255,47,48,53
1088,213,225,242,254
608,113,41,44,47
1159,443,236,230,250
19,220,34,30,32
553,148,45,44,48
805,160,46,48,50
865,362,47,46,51
738,417,46,43,50
1136,322,230,229,243
394,469,76,70,64
1125,189,234,229,249
930,207,47,46,50
15,396,44,44,49
67,32,120,111,120
982,272,44,47,50
6,346,46,42,48
352,25,44,31,32
660,279,46,46,47
563,240,235,231,255
649,324,42,43,48
84,364,42,38,41
240,374,40,43,46
183,309,36,40,42
1046,320,48,49,51
367,107,36,31,33
429,24,36,29,35
1008,376,48,46,49
74,330,42,36,40
960,399,44,46,48
34,323,35,37,41
474,55,44,41,45
1113,185,233,235,251
250,234,50,46,49
394,332,42,43,44
803,392,42,46,48
255,168,189,185,206
929,382,47,46,50
34,431,52,47,52
423,241,60,56,59
436,439,75,75,83
261,486,85,73,51
1064,127,49,50,54
498,75,42,44,46
532,217,227,224,249
916,147,44,48,52
560,477,111,101,96
707,61,46,46,50
857,438,48,47,51
934,472,44,47,50
889,463,43,50,52
347,119,29,31,33
1107,236,235,232,252
59,373,41,41,44
536,159,46,44,48
21,81,115,106,117
956,409,46,44,51
185,420,45,47,47
386,23,61,48,38
461,376,60,57,60
390,461,170,171,193
541,9,82,70,55
871,22,101,98,96
764,478,155,152,162
795,430,45,47,49
653,200,241,238,255
1055,320,45,48,55
93,3,26,27,26
697,239,238,235,254
979,297,42,47,49
932,50,110,109,102
604,311,44,46,45
274,73,42,37,44
45,448,52,50,52
679,48,45,45,50
863,370,46,46,50
547,247,227,228,251
173,312,39,39,44
1182,102,239,234,252
868,67,48,47,52
321,249,204,202,223
855,499,139,125,81
489,400,44,43,46
218,105,42,41,44
1158,340,236,232,248
178,486,42,45,47
74,304,38,32,31
1143,83,233,231,245
942,91,48,49,51
201,191,187,181,204
648,488,91,69,56
1055,489,50,49,55
587,274,51,50,54
921,73,48,48,52
1080,187,250,248,255
1164,494,232,231,249
999,400,45,47,49
811,112,47,47,49
81,256,216,214,239
1091,270,234,239,236
333,195,186,188,208
415,375,42,44,49
396,107,37,36,40
534,24,79,61,50
1128,469,229,225,243
518,416,42,42,46
219,61,39,32,38
915,319,46,45,48
137,422,48,48,48
11,91,123,105,97
450,149,42,40,47
273,16,83,83,94
650,316,45,45,46
1097,423,243,241,255
227,281,205,205,227
774,418,46,48,47
785,324,47,45,49
1035,278,55,53,54
454,101,41,42,47
1027,444,47,48,49
567,204,231,230,245
749,359,43,45,47
847,234,239,238,255
213,27,179,165,189
900,310,44,45,49
1120,237,229,228,246
1139,307,229,228,241
640,182,239,238,255
104,154,189,181,203
160,285,46,44,44
1155,96,237,234,247
311,35,41,44,47
1011,317,47,47,53
776,292,47,45,48
382,362,39,44,48
1173,94,238,235,252
884,64,86,81,75
42,0,229,224,249
707,27,68,56,57
790,134,45,47,49
918,6,123,82,64
477,284,59,52,57
531,45,45,44,44
398,417,43,43,47
337,436,90,90,58
303,381,41,42,45
1013,363,47,47,48
810,367,46,44,50
468,407,43,44,44
89,30,113,104,115
724,70,44,46,49
935,283,46,47,49
182,69,146,134,156
651,369,42,44,46
558,58,45,44,45
254,316,45,44,47
991,110,45,49,54
456,230,233,230,254
790,392,47,46,51
295,101,32,27,30
586,334,44,42,46
877,364,48,48,49
698,472,125,102,72
446,115,42,42,43
610,306,43,45,45
221,319,47,41,46
1162,305,235,233,250
1039,173,50,49,53
286,424,44,44,49
1023,280,50,47,52
270,461,88,82,53
958,361,46,47,50
652,19,52,52,53
575,433,45,42,46
1094,201,242,241,255
997,460,53,42,85
1077,420,242,243,255
549,106,42,43,44
1037,320,46,48,54
933,227,49,46,49
60,9,233,227,252
934,276,48,46,49
1100,70,234,234,252
218,30,179,166,192
668,469,95,75,54
1084,182,250,249,255
531,278,48,45,50
460,234,230,230,254
1058,249,47,49,52
329,68,35,26,28
174,89,37,31,36
601,305,43,42,44
641,110,42,45,48
972,208,53,45,54
286,132,36,28,28
385,141,36,41,40
1088,123,254,254,255
640,44,46,47,47
905,19,131,118,107
1151,432,232,229,246
922,234,45,48,53
326,58,36,21,29
1137,345,230,229,246
612,468,150,146,139
576,362,41,42,45
310,378,41,44,42
22,109,150,21,30
221,218,188,185,202
409,281,50,44,50
34,365,43,44,45
258,7,42,30,35
829,241,61,60,60
332,450,61,60,50
499,240,200,203,224
1080,111,58,58,62
524,126,43,43,47
936,365,46,45,49
596,19,50,48,47
916,208,46,47,50
383,112,32,36,36
287,395,41,42,45
273,114,33,29,29
867,248,232,239,255
1113,284,230,227,247
778,88,47,45,53
272,204,187,187,205
166,221,193,192,212
975,412,46,47,51
966,295,47,46,50
801,78,47,47,51
660,441,43,45,46
441,164,46,44,47
667,211,235,236,252
562,166,48,47,48
1154,446,235,231,248
657,437,41,45,48
506,394,40,42,45
492,346,44,43,45
8,360,48,45,49
247,423,60,59,49
973,485,47,46,50
1050,106,50,50,53
1143,247,230,229,244
448,46,36,37,39
1097,24,238,233,237
622,252,152,156,206
544,7,86,74,54
127,9,176,175,195
37,459,51,52,51
791,73,45,46,51
722,421,42,42,48
791,154,42,47,50
533,272,45,48,49
360,167,43,40,44
272,422,43,45,46
830,295,48,47,49
478,9,50,45,44
44,437,49,47,53
905,111,44,48,50
1162,498,233,231,249
910,238,245,239,255
677,392,58,46,63
1058,292,54,54,55
1039,76,89,75,64
624,457,102,103,108
565,7,110,90,74
311,57,34,29,33
214,69,40,30,38
544,95,44,43,46
892,196,45,47,52
995,74,67,61,58
564,253,233,233,255
1152,294,233,230,245
1025,75,97,86,71
778,110,44,45,49
705,468,133,116,91
4,455,49,52,55
801,315,46,46,51
35,478,48,48,51
1008,9,111,87,67
59,394,43,43,46
919,169,49,48,51
1078,287,248,246,255
301,304,42,42,47
266,34,214,211,234
155,298,38,36,37
18,147,164,26,35
169,64,140,128,147
732,386,44,45,48
894,426,167,172,168
997,174,42,48,48
109,330,36,33,38
1000,363,41,46,52
19,410,49,44,48
218,190,185,185,204
1046,106,51,49,55
1101,169,239,238,255
477,208,206,210,227
267,274,42,43,44
616,304,44,43,51
17,400,43,45,47
702,478,125,106,74
1040,265,49,48,52
573,9,93,79,63
614,481,179,176,185
29,254,33,27,26
975,240,47,48,52
710,23,59,53,55
655,352,44,44,46
625,208,187,178,170
366,262,216,212,235
980,233,47,47,51
970,313,46,46,46
825,226,243,239,255
333,155,36,34,36
52,54,111,106,115
965,31,94,71,60
1100,413,243,240,255
42,159,169,28,35
83,429,47,46,50
1127,174,229,226,247
196,94,131,134,150
261,315,47,42,46
730,421,45,43,46
989,384,47,47,54
443,489,173,176,190
568,15,98,81,63
252,472,101,92,64
17,363,45,43,46
780,424,47,47,49
876,17,100,95,92
455,132,42,42,45
894,0,184,147,95
711,492,144,134,130
611,452,173,174,193
912,117,46,47,51
1058,86,63,59,59
789,362,47,46,48
938,90,46,48,52
267,373,40,43,45
2,84,129,116,122
584,484,109,97,82
51,446,47,48,52
331,394,45,43,48
1132,213,230,226,241
751,406,172,171,172
673,373,43,45,44
926,98,49,48,50
54,339,37,38,41
913,298,49,49,52
1017,180,47,48,52
770,473,167,162,180
44,383,47,44,51
430,28,36,31,32
663,122,45,44,48
1027,39,103,76,62
56,392,44,44,46
630,469,169,165,172
17,269,34,29,31
110,119,160,32,38
324,247,194,195,209
152,60,135,122,142
499,66,44,44,46
955,176,48,47,51
637,101,43,45,47
1033,39,104,80,64
250,318,40,43,44
1047,379,46,48,52
27,210,30,31,31
476,163,42,46,44
530,252,225,225,249
643,236,51,53,55
432,445,145,107,105
568,290,46,44,47
795,71,47,46,48
795,393,44,47,49
823,417,49,53,56
278,237,185,184,204
561,457,138,133,145
471,132,38,43,46
332,472,124,123,137
918,179,47,47,52
38,336,35,35,41
814,209,54,51,55
332,426,42,43,45
551,441,148,142,150
745,68,47,48,51
771,261,238,236,255
432,161,44,44,46
366,237,202,209,227
569,159,45,45,47
562,495,152,144,128
706,499,117,97,70
242,143,35,27,28
436,217,58,57,62
1115,65,230,227,245
14,166,174,35,41
931,470,50,48,50
679,313,45,46,47
73,167,169,38,49
1194,478,235,231,248
909,67,103,100,94
9,456,53,48,53
1034,424,46,48,50
849,218,237,237,254
896,183,49,48,50
1093,69,247,245,255
593,199,193,193,221
1127,355,228,229,242
1163,180,236,234,253
203,280,209,208,230
909,429,120,121,62
1053,456,48,49,54
197,128,34,37,41
146,125,204,194,215
465,299,30,28,38
786,76,46,48,53
816,319,44,46,52
230,437,52,51,50
826,99,47,47,47
1054,10,80,68,59
841,147,45,48,52
1164,305,239,235,249
647,459,187,198,218
988,220,46,46,49
894,207,48,47,50
42,231,31,31,31
705,140,43,46,49
17,342,43,41,45
609,145,42,46,49
913,453,49,50,53
509,80,15,11,13
533,276,47,46,50
215,478,50,48,49
931,488,53,52,52
1019,495,49,49,53
1014,71,97,86,72
1137,353,232,230,244
957,2,107,83,68
471,274,25,24,28
1057,339,48,48,51
1137,67,232,230,244
398,369,42,43,46
124,279,214,213,234
886,269,238,241,255
195,255,201,201,222
387,366,41,41,46
1164,281,238,237,253
680,18,50,50,51
880,338,48,46,49
430,43,36,31,31
828,155,50,48,52
578,446,147,145,152
1047,492,52,48,54
329,472,108,105,115
518,438,154,157,175
901,157,46,50,51
178,499,43,46,48
58,164,170,29,37
814,469,51,49,52
585,317,40,42,44
355,265,215,214,236
650,165,47,48,51
867,478,55,51,52
830,100,46,46,49
259,32,176,183,203
590,109,43,46,48
560,382,40,44,44
948,329,45,43,50
444,383,86,84,80
728,41,52,50,52
297,90,37,27,34
1162,288,239,236,252
366,359,49,46,48
1068,324,50,50,55
1194,179,239,238,254
769,405,136,125,144
563,401,44,43,47
540,402,41,43,43
1134,417,230,227,243
495,91,42,43,45
99,195,253,249,255
390,264,217,217,239
339,84,31,26,26
997,234,47,49,52
449,49,39,36,42
1033,222,46,48,51
900,458,47,47,50
1134,449,229,226,239
378,117,41,35,39
318,82,32,25,28
1184,195,236,235,253
945,263,46,47,48
298,417,43,45,45
42,114,147,21,30
78,236,54,55,63
585,279,47,44,48
963,57,66,57,58
317,261,203,202,225
10,171,109,107,116
421,298,46,45,48
1049,491,50,50,53
938,222,51,51,51
1132,352,228,227,246
75,217,174,189,198
348,272,49,48,48
409,405,44,45,46
619,6,52,50,51
737,8,49,50,53
526,161,44,45,46
893,90,48,49,52
46,107,148,25,33
918,26,162,105,72
159,199,192,189,209
840,388,45,45,50
63,211,94,86,95
973,230,48,47,49
214,352,47,42,46
921,145,47,49,51
541,233,60,55,64
970,454,156,180,173
508,324,41,43,46
1065,499,54,50,57
663,452,74,61,52
149,1,30,31,31
797,366,44,45,50
643,73,44,45,48
835,378,44,46,49
1080,394,246,247,255
124,351,37,37,38
185,26,159,43,71
424,280,47,46,49
1149,494,233,232,246
829,63,50,47,51
110,52,153,132,158
389,253,218,216,243
226,15,175,163,187
719,434,45,45,50
151,4,31,28,31
961,57,62,57,60
962,199,47,48,50
279,39,47,47,49
27,230,34,28,33
847,311,47,46,50
509,413,45,42,44
386,210,127,111,152
149,0,30,31,30
266,201,172,171,187
457,458,183,187,201
1014,331,49,48,51
685,30,50,47,54
85,325,38,33,37
974,489,47,46,51
448,358,53,54,57
601,205,224,223,236
607,353,46,43,49
765,290,45,48,48
535,404,39,41,44
724,41,62,53,53
187,205,64,58,63
170,138,57,45,70
105,340,37,37,39
1089,320,227,211,202
77,232,51,54,58
423,442,165,159,155
252,271,200,201,220
835,379,45,46,49
1100,114,237,236,255
235,309,40,43,45
989,243,47,49,49
776,454,43,47,48
40,163,168,31,38
344,292,44,42,44
94,365,40,40,42
136,392,42,43,48
70,76,32,27,30
887,210,46,49,53
107,7,113,107,115
42,158,169,29,35
772,68,42,47,50
572,284,46,44,47
701,241,235,240,255
1012,116,48,50,50
189,373,40,43,43
192,435,48,47,51
557,80,43,42,46
717,189,241,236,255
1088,34,253,251,255
400,485,82,78,72
736,164,51,47,50
355,234,204,201,223
319,420,44,43,48
858,33,93,91,86
156,0,31,29,31
348,28,42,32,34
707,251,51,50,53
624,75,46,43,48
503,389,41,40,44
413,205,53,54,56
842,61,46,47,52
319,323,43,44,47
38,390,41,45,49
991,251,47,47,53
1158,58,237,235,250
511,203,213,216,237
738,335,45,45,50
617,138,45,46,50
742,268,48,46,54
335,175,190,190,209
495,353,47,43,47
1128,199,227,224,242
768,459,47,50,51
86,130,182,118,134
1073,407,50,52,56
859,362,48,47,49
449,334,46,49,50
1058,306,131,111,106
591,187,237,230,255
304,229,196,194,214
468,220,214,213,236
405,370,41,42,47
10,121,150,25,35
1145,311,229,229,247
923,14,125,83,65
237,181,191,184,207
1146,38,233,231,247
705,86,47,47,49
976,374,45,46,47
944,15,125,88,68
1000,369,48,46,51
352,155,39,34,41
651,327,45,45,47
772,272,71,59,55
422,341,44,42,44
199,192,188,182,200
113,384,39,43,45
632,38,47,45,49
869,241,94,78,71
1132,3,232,226,244
225,405,42,45,49
497,472,133,134,118
1088,246,204,226,255
79,105,150,24,34
136,282,150,150,188
939,75,55,54,58
488,262,210,210,229
949,75,95,92,85
468,38,70,56,45
1175,313,238,235,250
183,461,49,49,49
609,366,40,42,45
417,25,33,29,32
873,132,47,48,51
123,299,37,33,35
1126,150,229,228,246
1082,151,250,247,255
242,118,34,27,31
923,38,127,122,111
977,130,45,46,52
450,313,46,44,48
261,94,37,31,34
910,358,47,46,50
786,426,46,45,49
552,472,148,148,161
981,476,47,48,51
1021,448,47,46,50
652,98,50,47,51
126,153,210,212,231
1072,21,61,58,60
774,390,45,47,47
230,432,58,50,50
1093,220,249,247,255
603,62,43,44,49
603,271,45,43,47
852,182,46,47,55
282,75,37,30,35
323,318,40,43,44
874,230,238,235,255
369,334,47,43,45
193,373,43,43,46
917,237,63,56,96
1022,58,125,109,70
769,352,45,45,48
983,383,46,46,50
53,79,53,34,48
1037,136,48,48,51
550,245,227,230,253
822,463,47,47,51
1126,37,232,229,245
382,478,58,55,56
881,300,47,46,51
953,294,45,44,50
304,126,33,26,29
629,322,42,42,47
362,31,39,31,34
917,488,142,133,111
572,236,232,231,255
627,290,44,44,47
466,139,44,43,49
179,140,39,37,43
1104,69,234,234,249
355,357,43,44,46
342,334,42,42,45
372,186,201,201,221
264,384,40,44,47
1017,284,47,46,50
609,345,42,43,46
309,83,29,24,24
608,48,46,44,46
650,281,44,44,48
904,60,101,98,92
510,158,44,45,48
1047,314,49,50,52
568,460,136,131,128
277,294,42,44,47
106,104,156,29,40
785,157,47,46,50
60,430,111,98,66
1130,206,228,227,247
356,465,62,53,52
233,436,53,50,51
1085,236,55,54,57
1004,84,88,81,68
115,36,194,192,215
801,314,48,45,49
21,67,119,107,126
56,429,65,55,51
265,217,189,186,204
316,427,49,51,46
178,454,48,46,50
676,65,47,47,48
930,433,84,72,70
526,249,225,225,247
259,165,186,183,200
140,166,54,49,57
1099,46,238,235,254
609,50,42,45,46
1005,482,50,47,52
734,497,131,129,133
162,149,50,44,53
992,328,45,46,48
133,402,45,42,45
490,190,106,102,94
736,63,48,46,50
26,57,107,97,114
692,261,42,46,47
328,65,31,25,27
924,16,122,80,66
1152,59,235,232,250
768,154,50,50,53
859,403,44,43,48
1097,26,242,239,249
444,325,42,48,48
914,89,49,47,50
448,112,38,42,44
381,415,42,45,48
919,305,47,43,50
634,350,39,42,47
912,214,49,47,52
1054,273,198,192,197
500,449,166,165,183
465,104,42,43,45
339,324,44,41,46
905,443,146,161,157
244,196,188,183,204
714,39,65,55,55
1183,74,240,237,253
1046,282,63,56,60
544,233,224,229,243
216,299,44,42,45
977,479,47,46,51
124,230,173,170,178
562,293,45,43,49
1098,161,243,242,255
221,301,41,41,45
142,226,199,195,216
365,491,107,95,80
210,495,45,45,49
78,299,35,31,32
807,235,85,75,124
798,245,237,237,255
32,18,225,223,249
883,45,103,99,95
468,81,40,41,46
559,439,153,150,160
411,40,37,31,32
919,79,48,45,49
955,473,46,49,53
198,279,208,205,227
775,213,241,241,255
857,474,49,46,51
197,393,39,43,45
182,434,46,45,50
321,450,88,79,55
171,442,51,49,48
1080,39,84,80,90
575,289,43,43,47
376,52,30,25,27
302,289,43,43,47
1040,449,47,49,51
1195,426,236,234,250
436,30,38,34,35
106,247,216,212,238
620,456,168,177,205
82,321,35,33,37
313,200,69,63,88
86,497,46,49,48
534,378,39,41,44
448,439,135,119,123
765,275,47,49,51
951,473,44,49,50
1123,275,228,225,245
303,127,29,27,27
1120,1,233,231,246
635,481,158,157,178
654,489,98,74,54
260,402,42,43,46
960,33,93,71,59
226,355,46,45,46
22,124,152,23,34
417,466,135,121,116
1051,205,52,48,54
234,16,182,169,190
305,62,36,29,32
958,166,47,48,51
485,489,109,98,60
219,209,181,181,200
862,216,52,53,59
683,34,52,50,51
619,492,106,102,93
892,482,54,52,50
556,34,45,42,45
1160,349,236,233,251
1145,123,233,232,246
507,419,38,43,45
895,323,40,43,49
384,185,203,202,222
295,122,31,25,30
592,184,234,233,255
857,118,47,48,50
1028,429,46,48,51
320,440,65,63,56
580,169,48,46,50
930,131,46,48,52
865,234,239,236,255
746,44,51,51,51
575,421,43,42,45
826,287,46,47,53
1146,264,231,230,248
1015,340,50,49,54
20,437,51,51,53
659,169,47,48,53
728,133,45,45,47
40,267,38,33,35
518,470,139,139,151
1193,376,240,238,250
789,353,44,46,47
993,430,43,46,51
984,179,48,47,54
709,183,100,97,112
583,493,167,167,168
1064,478,53,50,54
1065,169,54,50,56
1010,191,47,49,53
82,313,37,32,29
876,440,47,47,50
428,380,43,43,46
562,436,75,74,61
1100,181,243,243,255
105,95,157,28,37
1106,39,238,235,253
1194,368,237,235,253
481,214,57,57,62
313,160,36,34,36
1135,165,231,230,245
24,221,32,34,34
1158,99,236,233,250
1072,156,51,53,58
552,35,41,45,45
381,485,78,72,63
175,389,41,41,46
352,497,68,61,53
791,75,48,49,51
1058,135,47,50,53
47,313,34,39,37
148,35,148,131,153
942,128,47,49,49
647,129,43,43,50
40,341,44,41,44
878,289,45,47,49
700,450,45,42,48
370,58,29,22,27
1065,355,51,50,53
883,290,48,47,50
1016,80,102,87,71
1082,140,55,53,58
792,429,48,47,51
32,136,154,27,33
126,44,163,145,168
677,14,50,49,51
310,334,40,43,45
331,431,66,65,54
512,303,46,44,46
582,459,136,129,126
255,27,209,199,217
192,22,161,46,61
730,348,41,43,48
517,475,107,107,89
375,102,27,32,31
17,351,43,42,45
370,163,34,40,42
453,418,56,60,61
32,176,175,34,41
948,466,44,46,50
471,436,183,185,206
98,435,46,49,51
423,223,225,223,246
533,50,44,43,47
620,147,45,45,49
714,318,44,46,48
848,238,237,236,254
542,455,141,138,149
1146,199,235,230,245
477,408,41,43,45
1047,71,101,89,70
307,411,42,42,46
1014,298,48,47,51
685,331,46,47,47
247,118,32,26,26
410,11,34,27,26
848,210,49,49,54
179,468,57,56,53
892,142,50,50,51
787,241,113,102,94
878,60,94,86,77
426,350,45,42,46
249,220,186,184,204
158,132,109,113,130
1054,280,55,54,62
298,14,134,140,158
35,262,38,30,33
128,382,41,42,46
822,275,49,49,51
365,390,40,42,44
871,319,47,49,53
857,32,90,88,84
459,149,43,42,48
1113,15,234,233,248
508,10,77,59,48
71,162,165,32,40
994,124,45,48,51
76,205,107,93,121
1149,463,232,230,246
1131,31,232,227,243
910,133,46,47,53
508,287,54,52,49
1177,199,239,237,251
657,51,47,44,48
13,459,50,48,50
1046,287,74,63,79
175,180,191,189,210
262,454,78,73,53
590,356,41,43,45
734,33,50,49,52
1181,308,238,235,252
1023,278,53,49,53
878,393,44,44,48
57,302,38,35,36
778,458,49,49,51
1138,222,231,229,246
536,144,45,45,46
888,110,47,49,53
1050,276,236,235,255
503,82,48,45,48
581,459,135,129,122
330,226,177,177,203
916,267,50,52,58
657,158,51,47,48
902,459,48,47,51
1118,265,227,225,244
741,295,47,45,53
661,92,46,46,50
729,320,56,60,60
127,328,37,37,38
885,378,50,46,50
20,182,99,95,104
517,39,22,22,26
668,3,50,49,55
461,388,51,54,56
89,321,35,31,35
550,497,130,126,105
1026,425,47,47,52
1047,40,96,84,68
100,353,38,37,40
255,163,154,146,155
219,424,46,45,48
13,167,173,32,41
346,267,210,211,231
1052,306,51,50,55
585,392,43,41,43
985,153,50,49,54
770,132,45,46,50
465,141,44,44,46
100,316,36,33,34
104,286,36,30,35
1179,287,238,235,253
797,352,47,46,48
212,472,45,49,48
74,220,219,227,244
302,362,43,42,47
64,457,48,47,50
833,390,47,46,51
8,390,48,46,50
376,73,33,27,31
45,100,35,31,31
951,368,43,46,49
737,230,238,237,255
593,161,47,44,49
25,392,46,47,50
225,367,42,44,44
908,11,230,179,94
1119,125,230,227,244
274,264,200,196,217
393,323,45,43,46
721,395,114,105,121
482,487,116,105,64
434,329,43,45,48
921,4,136,89,66
319,410,45,44,46
1160,302,238,235,251
868,276,47,49,51
1112,385,235,232,244
356,254,211,209,230
757,67,46,46,47
292,235,174,178,195
111,146,201,189,210
534,215,226,222,246
189,94,79,82,92
554,417,40,42,46
750,92,45,46,46
724,391,46,46,50
180,199,187,183,199
295,416,45,43,45
544,257,229,228,253
744,447,46,45,48
22,217,35,31,34
1087,129,240,241,255
1133,64,229,226,244
209,51,191,182,203
142,295,37,34,37
479,85,45,42,47
598,343,43,44,48
80,45,120,110,116
121,373,42,40,45
76,347,45,41,43
513,176,53,50,54
454,394,44,44,46
764,23,49,51,51
242,18,192,179,203
366,115,33,29,36
185,137,35,37,42
557,430,42,45,47
122,321,32,35,35
466,170,41,45,46
660,174,52,50,56
635,90,47,44,49
986,286,44,48,51
540,75,44,45,47
652,6,49,49,52
1077,341,52,52,58
92,334,30,38,35
166,244,179,172,185
540,443,145,143,161
956,351,44,48,49
131,54,156,139,161
972,148,43,48,51
703,31,57,52,51
185,455,48,49,51
577,53,41,45,47
515,386,39,41,44
832,2,92,92,84
387,224,212,211,231
189,128,43,46,49
726,79,49,46,47
943,474,46,50,53
696,156,47,46,49
327,258,208,207,227
698,437,44,45,45
609,371,43,44,43
1153,216,235,234,248
613,486,135,126,138
379,317,45,43,46
878,329,46,45,52
188,132,43,42,47
351,338,42,43,45
855,427,49,46,52
1057,482,50,50,53
810,81,46,46,50
738,315,48,46,51
966,404,47,46,49
953,191,48,48,52
1117,392,232,230,245
1172,446,238,235,249
485,412,40,43,42
961,0,98,84,77
496,184,191,187,204
69,299,35,34,34
617,246,238,237,255
892,294,48,47,52
1038,451,46,48,52
33,369,43,43,46
325,379,42,42,42
396,436,195,202,223
12,335,41,42,44
552,125,45,44,45
509,250,221,219,241
606,198,235,231,255
886,152,46,46,52
258,151,31,26,29
772,243,239,238,255
709,337,42,43,48
989,258,43,46,52
322,358,42,44,46
703,440,44,43,49
140,367,42,41,44
670,14,48,48,53
382,70,31,25,30
789,296,38,46,50
207,219,187,185,203
1029,387,48,46,52
102,475,47,47,50
858,59,83,68,58
251,67,41,40,45
797,175,42,48,49
82,424,57,53,53
182,297,40,39,42
740,153,45,48,49
283,458,85,77,52
743,179,44,47,51
32,306,36,36,37
765,180,48,48,51
547,278,45,43,49
744,438,42,44,49
208,446,46,46,49
849,97,46,47,51
185,243,73,54,72
557,472,147,142,147
860,189,48,46,50
951,95,49,47,52
692,1,49,51,52
93,495,49,47,50
888,363,49,45,50
240,444,50,48,50
453,14,84,62,46
359,395,43,43,43
1133,464,230,226,240
372,85,33,27,32
695,306,42,46,48
683,245,45,46,50
685,491,114,86,61
268,87,33,32,32
64,296,36,29,31
536,28,76,62,50
435,257,231,230,252
773,230,238,238,254
51,78,55,38,51
42,467,48,48,50
16,94,127,98,80
188,258,205,200,220
195,381,44,45,45
512,182,217,216,238
567,291,41,44,47
409,336,46,43,47
749,12,50,49,53
715,227,55,57,65
342,416,41,43,47
1175,239,238,236,249
738,6,48,51,51
851,390,51,46,50
1065,292,57,53,57
510,27,86,66,49
275,417,42,44,47
216,424,47,48,52
806,185,46,45,50
1075,389,246,245,255
353,456,79,78,54
179,51,171,157,179
976,263,45,47,51
1068,322,52,50,55
1041,436,53,46,52
613,380,42,44,44
888,152,47,49,50
498,478,97,93,59
400,448,188,195,213
1195,394,241,236,254
374,119,38,32,38
135,295,37,36,37
1129,273,227,224,240
263,364,42,42,45
377,210,72,66,81
225,218,189,182,203
948,61,68,67,76
822,170,43,46,51
662,61,47,45,48
485,176,64,61,65
495,398,40,43,42
204,456,46,45,50
653,442,43,45,46
727,80,47,45,48
799,184,48,46,53
1144,375,232,228,245
95,272,33,31,34
740,256,238,237,255
967,443,51,47,57
489,145,43,44,45
885,38,107,102,98
745,361,44,43,49
267,69,45,45,53
918,124,50,51,52
255,437,65,65,54
1198,162,239,238,255
974,33,101,75,58
684,68,45,46,46
700,44,44,46,49
1004,340,50,46,52
142,445,48,47,52
685,248,47,48,50
535,311,44,43,47
906,213,48,47,52
233,248,192,192,211
147,299,38,37,36
870,212,46,50,52
899,0,220,166,92
450,445,133,124,134
173,472,48,48,50
898,428,54,53,57
282,110,32,24,26
196,344,43,43,47
1190,467,236,235,250
316,121,29,30,30
744,81,44,46,48
1051,304,54,51,56
1074,317,240,243,238
962,142,49,47,52
668,316,42,44,48
46,442,52,49,53
82,197,159,157,179
466,57,41,40,42
458,177,42,46,46
1154,23,236,235,251
288,322,47,44,45
829,205,47,49,49
557,21,49,46,48
1076,33,110,104,110
661,220,72,63,95
543,277,47,46,49
529,360,41,42,42
321,317,45,43,47
810,149,46,46,48
701,78,45,46,50
481,39,80,59,51
1167,456,232,234,248
204,142,36,31,34
473,16,110,88,68
607,427,41,45,48
511,453,149,148,160
162,133,125,123,140
778,350,47,46,51
414,55,29,34,35
738,218,236,238,255
1190,169,239,238,253
567,2,105,92,78
804,304,49,44,47
866,417,45,46,50
394,14,30,28,29
366,332,47,44,48
596,490,175,175,186
656,92,41,44,48
70,373,43,42,46
846,356,44,47,50
236,134,29,27,28
579,148,47,45,48
651,440,42,45,46
995,450,47,48,52
1144,421,234,230,246
64,366,41,42,41
352,190,198,197,215
985,395,47,45,50
59,92,154,69,82
183,301,36,41,44
1027,65,107,94,80
303,243,197,195,219
750,362,46,43,49
556,133,44,47,47
538,451,138,136,145
94,435,47,47,50
1175,241,239,235,251
28,337,39,40,42
94,108,157,29,33
78,273,38,31,36
557,420,40,41,46
918,85,47,46,52
1002,304,48,47,50
1153,293,236,232,248
190,133,39,39,44
1152,151,234,232,249
739,244,244,239,255
397,92,34,34,38
921,116,46,49,50
422,136,42,40,46
930,455,47,51,51
384,308,44,46,45
539,442,151,151,168
107,109,159,41,71
1058,187,52,49,55
828,88,44,49,49
303,253,201,198,219
275,385,43,43,46
625,228,237,234,255
1054,108,50,50,53
718,93,46,44,47
761,181,46,45,49
777,169,45,48,53
766,131,43,48,50
618,63,41,46,46
18,203,20,26,24
537,473,162,161,174
690,14,47,49,52
1019,162,50,48,51
88,264,38,38,40
703,437,42,44,46
72,147,161,31,38
736,163,44,48,48
459,174,47,47,49
561,379,40,42,46
609,176,49,47,51
247,347,41,43,46
974,297,47,47,50
459,132,44,40,46
1124,439,230,227,243
27,231,41,29,34
1156,329,234,233,250
568,469,151,149,154
909,326,44,45,49
263,17,35,27,33
19,87,122,111,117
777,368,45,47,47
283,162,42,38,45
814,448,47,46,50
1023,234,47,49,55
558,460,139,134,146
1127,443,229,225,241
143,214,194,192,214
18,338,40,41,43
769,370,44,46,49
993,492,46,47,52
801,377,44,45,47
521,228,212,214,225
1199,48,240,236,254
835,10,95,92,86
495,487,118,107,64
28,217,31,30,31
496,479,115,105,69
990,381,44,47,49
162,189,194,190,214
1025,23,105,81,63
159,476,45,45,47
1029,269,50,48,53
465,71,39,41,46
748,163,42,47,49
429,409,49,43,49
513,253,223,222,245
1130,52,227,227,244
492,107,41,45,46
393,53,31,25,30
1156,116,240,235,250
789,233,213,220,232
772,385,41,44,49
258,438,56,53,51
937,205,49,47,51
661,448,45,46,48
891,301,45,46,48
515,360,38,42,46
91,299,29,31,33
371,267,210,212,236
723,322,43,46,51
140,50,139,119,138
1025,66,102,90,80
310,156,34,31,32
171,201,53,44,53
283,291,41,40,44
326,402,45,43,46
441,160,42,42,46
108,164,39,32,35
194,117,45,47,51
1148,2,238,231,247
70,353,42,40,41
616,229,227,231,254
86,70,155,105,119
460,421,48,48,50
883,156,48,47,49
1015,97,48,47,52
1019,427,52,48,54
951,238,50,47,53
495,213,209,208,226
975,222,47,48,51
1177,144,239,237,251
780,309,47,43,49
1141,434,227,225,243
846,163,44,48,48
560,143,43,44,47
378,329,46,45,45
801,405,47,46,50
498,44,46,43,44
1028,152,47,48,51
271,72,39,41,47
470,316,48,51,53
997,311,48,47,49
996,454,143,145,175
157,336,41,38,42
145,39,135,118,137
147,415,45,46,47
176,366,42,43,45
1142,478,228,228,243
94,144,157,31,35
941,359,43,46,49
901,49,111,107,103
448,166,43,43,44
648,445,47,47,50
215,374,42,45,46
522,185,221,220,238
61,44,115,105,115
680,400,44,46,45
1058,326,53,49,53
1056,140,49,50,56
445,466,137,115,107
654,95,49,46,50
588,267,232,232,255
136,252,213,210,234
111,465,47,48,50
64,276,40,35,38
594,212,102,87,134
737,257,239,236,255
802,320,48,49,53
990,37,112,87,67
540,228,229,225,250
133,128,194,182,204
987,141,51,48,55
755,300,45,45,51
1162,168,236,233,251
103,368,40,40,43
846,287,45,49,52
466,176,48,49,53
160,123,143,146,162
952,467,46,47,49
1119,383,233,230,247
217,368,38,42,47
815,291,47,47,49
799,382,48,46,48
549,332,41,42,47
703,251,46,47,51
634,33,43,46,48
309,478,118,112,97
983,364,47,47,51
879,251,227,234,224
11,410,44,46,48
317,433,75,74,58
31,19,226,225,249
1072,133,53,51,57
348,438,85,79,56
1120,50,230,227,246
95,99,154,28,36
1077,95,162,155,119
490,468,153,159,169
547,380,40,42,43
695,145,45,49,50
917,346,44,48,51
855,207,48,49,53
389,231,85,82,103
1027,19,108,82,66
1067,176,50,50,55
279,17,127,129,149
489,63,45,42,44
725,297,45,45,49
773,401,46,44,49
727,248,240,239,255
497,238,211,212,234
506,94,16,19,26
652,84,49,46,51
398,348,43,44,48
207,0,183,159,172
430,25,33,31,33
845,429,47,46,50
989,371,45,47,50
1184,434,239,235,254
1065,226,51,51,52
501,292,40,43,46
345,438,83,82,56
476,397,40,45,47
23,136,159,26,36
630,171,55,52,55
1100,358,241,240,255
1000,406,46,46,52
1081,247,250,247,255
185,360,43,42,45
411,290,47,44,49
552,438,151,150,169
17,32,226,223,246
51,272,33,28,31
414,337,45,43,48
740,421,42,43,47
85,282,38,31,33
776,268,239,235,255
1189,355,239,237,251
1165,365,234,232,249
271,316,45,42,46
839,232,237,237,255
1151,56,234,233,250
782,455,50,48,50
537,31,45,43,46
110,268,48,43,45
542,283,45,45,44
957,377,46,47,49
418,167,44,44,48
865,337,43,47,49
61,121,152,25,33
668,262,42,45,49
746,102,49,45,50
495,98,45,42,47
332,219,199,199,217
1071,118,54,52,57
48,109,149,20,31
280,369,37,43,44
1005,392,45,46,48
241,43,40,31,34
106,441,47,46,49
1155,131,234,232,248
724,33,164,103,70
814,243,63,57,62
402,352,43,43,47
387,381,45,42,45
1146,100,230,229,246
775,175,47,44,49
160,73,153,139,159
228,325,43,43,46
684,117,43,47,50
691,19,43,48,52
858,471,48,47,49
1075,229,53,52,59
1030,132,49,47,55
644,475,142,140,135
1054,424,48,49,54
279,416,42,42,48
1197,29,241,237,253
1042,444,45,45,50
546,53,41,43,44
329,61,32,23,25
588,450,155,148,156
124,473,48,48,52
1029,260,45,47,51
957,54,67,59,57
1198,163,242,238,255
591,415,44,42,46
840,156,48,47,53
895,322,46,43,49
779,200,47,49,53
244,338,41,44,45
580,147,45,43,48
654,226,238,236,255
1047,411,49,47,50
982,223,45,48,50
64,405,45,44,49
754,354,39,44,48
298,385,42,45,46
888,65,85,79,75
67,204,63,58,74
58,396,46,45,49
722,34,172,109,71
792,422,45,47,48
323,451,70,67,53
61,422,56,57,52
318,239,199,197,218
373,419,45,43,46
916,73,48,48,53
868,307,47,47,50
986,401,47,45,53
1115,185,234,233,250
734,287,46,44,47
33,474,47,49,52
558,86,44,43,47
1041,62,107,94,75
797,24,51,49,52
43,493,89,82,75
981,472,43,46,51
971,63,65,55,56
160,90,155,146,169
204,221,191,186,206
1058,77,87,79,65
780,347,49,47,51
146,95,145,135,153
77,138,164,74,86
112,64,148,128,152
595,168,49,47,50
56,422,57,54,52
500,128,14,17,20
595,367,43,42,48
47,23,58,60,64
892,337,47,46,51
74,327,38,35,36
1194,180,242,238,255
730,372,43,45,48
1019,27,94,71,61
1170,154,237,235,250
950,210,44,47,50
619,17,51,48,53
858,419,48,49,52
1060,284,53,55,58
1065,159,51,51,55
162,274,209,208,232
25,172,177,33,44
1134,98,231,227,244
150,104,40,29,31
363,46,33,24,26
1032,390,49,47,52
1164,16,237,235,251
234,274,207,204,226
607,241,232,235,255
1023,377,46,48,53
597,422,44,42,46
702,187,241,237,255
978,62,100,81,67
414,276,53,50,54
790,35,49,50,52
231,367,43,44,44
19,335,43,41,42
413,2,40,31,31
589,210,234,230,255
1056,469,50,50,53
860,310,44,46,49
1122,64,230,227,243
418,323,44,45,49
717,178,52,48,52
128,234,103,96,103
906,296,44,49,50
434,131,42,43,44
1140,390,228,228,246
1177,356,239,236,252
623,311,43,45,45
67,213,127,120,127
278,383,45,43,47
41,16,83,63,79
266,119,34,28,29
105,323,36,32,34
704,383,43,45,49
856,35,92,89,85
633,312,41,46,47
282,86,32,30,31
40,423,56,55,52
280,481,51,50,52
131,450,48,47,48
935,192,45,47,51
796,205,55,53,57
698,100,46,48,51
128,288,36,34,38
254,322,37,45,44
498,142,17,17,21
1004,52,106,79,63
390,464,79,72,70
527,406,43,40,45
336,410,44,43,46
1145,366,231,230,244
832,192,45,46,50
552,108,43,44,44
510,235,175,167,173
1166,276,237,234,253
348,186,193,194,213
538,131,41,44,43
720,419,45,47,50
1061,218,54,49,56
64,314,37,34,38
1180,53,240,237,254
391,255,215,214,238
923,334,47,46,51
1049,374,49,50,51
1009,68,59,54,59
544,55,45,44,46
619,359,43,42,45
1039,435,48,48,51
635,427,44,44,46
519,469,156,155,175
446,106,46,40,45
740,123,46,47,49
194,424,55,52,56
1130,87,232,228,243
350,303,44,44,46
167,52,156,143,162
288,265,199,203,224
139,103,170,158,178
676,402,44,45,45
154,344,40,38,40
1187,301,239,236,251
733,391,45,43,48
280,297,44,44,44
965,310,46,44,49
1069,385,56,56,60
77,428,52,52,53
1197,85,238,237,252
278,205,44,44,47
128,301,35,33,35
196,441,47,47,49
1104,470,234,231,249
1068,205,54,52,55
518,40,40,35,39
786,321,44,45,49
1041,173,50,51,55
600,254,48,53,55
1109,443,237,232,251
1012,0,98,77,62
817,58,48,46,52
339,307,46,42,47
1073,139,51,52,55
257,165,190,186,206
830,167,45,46,48
1094,453,239,238,255
776,101,46,47,50
1096,24,207,203,188
1136,309,231,228,243
843,216,237,237,255
1076,45,71,65,64
741,384,48,43,47
16,349,42,43,45
1194,481,235,233,251
750,302,48,46,50
382,113,32,34,37
298,427,83,78,54
539,20,50,47,48
920,346,46,47,50
306,419,42,45,45
702,469,124,105,76
814,422,46,47,51
160,103,198,185,206
413,101,39,38,39
700,229,241,238,255
121,453,49,47,50
507,268,52,52,59
399,247,84,77,83
150,187,205,201,223
588,54,41,43,47
141,57,152,133,155
98,179,200,211,232
898,27,94,86,79
514,390,41,42,47
1013,137,50,49,55
654,333,46,44,49
68,48,116,106,117
1112,60,232,232,248
922,95,47,48,53
846,212,51,51,54
1110,108,233,230,249
1023,119,48,49,53
649,346,42,42,45
54,237,33,30,36
123,308,35,33,38
1097,326,242,239,255
1092,75,217,219,200
75,47,118,109,118
467,387,43,47,49
1163,172,237,235,251
537,217,231,228,249
1057,309,53,51,57
580,480,148,138,120
320,249,203,200,222
1115,3,235,231,251
1138,157,232,230,246
819,457,47,46,48
908,303,46,47,52
467,33,87,63,48
1137,414,230,229,242
77,430,46,46,52
113,415,44,44,47
982,65,101,86,75
262,489,84,75,55
817,129,49,48,51
607,11,52,50,52
116,286,41,39,43
173,354,39,42,45
621,129,45,43,48
792,310,47,46,49
37,91,86,71,105
1026,138,47,45,53
290,121,34,26,29
1199,317,241,239,255
354,339,41,44,45
224,98,40,37,42
401,414,46,44,45
440,469,140,107,98
671,443,45,44,45
121,206,212,211,234
631,400,44,45,46
760,76,46,47,48
19,275,35,30,34
147,34,143,128,151
366,174,195,191,212
1155,245,235,232,252
290,329,42,43,46
247,411,46,44,46
1160,286,234,234,251
417,152,44,42,44
84,107,155,25,34
169,106,201,194,216
800,120,47,45,52
419,84,37,34,38
1199,498,238,236,249
779,44,49,49,52
861,251,243,242,255
36,280,35,31,33
728,117,46,46,50
146,441,50,48,51
789,139,45,46,50
1092,464,238,238,255
1145,477,231,229,243
10,429,47,49,52
917,382,47,44,50
337,237,204,203,222
178,181,190,190,206
983,403,45,48,50
1059,259,48,50,54
909,44,81,79,70
582,461,138,128,126
771,84,48,46,52
907,304,47,45,50
1029,372,49,46,54
103,433,134,119,125
110,57,146,126,150
522,487,102,94,68
959,366,42,47,49
1036,36,106,80,60
1192,191,237,235,251
203,421,48,47,46
712,376,45,42,48
1075,463,245,246,255
1036,433,47,49,51
379,128,35,35,40
131,146,95,86,103
475,100,45,42,44
985,282,47,48,52
1156,449,234,231,247
184,403,40,44,46
297,103,39,26,28
85,198,218,223,243
1148,464,234,232,246
143,140,150,152,170
202,191,190,182,205
716,188,238,238,255
34,472,48,49,51
104,394,47,44,45
553,154,42,46,47
1116,59,233,229,247
963,5,113,82,65
374,23,36,26,27
438,347,45,46,46
466,191,222,223,245
142,246,205,203,226
747,111,46,46,51
478,239,19,28,27
279,103,35,27,31
830,221,238,235,255
701,486,131,107,77
241,110,35,33,36
369,150,41,37,42
962,365,46,44,48
769,121,44,47,49
1192,387,238,236,252
672,317,42,45,47
265,351,45,42,45
1096,218,246,246,255
131,165,224,225,248
39,237,31,27,31
1017,131,48,48,51
476,469,177,180,198
731,214,96,92,77
1052,247,46,48,54
154,165,42,46,47
1178,114,237,237,255
990,461,94,82,49
1089,403,247,243,254
1060,91,63,58,60
211,414,40,45,45
965,237,45,49,52
113,406,41,43,46
317,64,33,29,26
837,308,41,47,48
360,152,39,37,40
581,180,208,209,227
1013,349,49,48,51
62,309,36,34,34
485,121,44,44,44
646,81,49,45,48
450,284,45,46,49
1098,79,235,234,252
646,365,46,44,51
20,24,227,223,246
1041,120,42,49,50
578,483,168,158,163
984,395,44,46,50
642,235,59,56,73
458,354,28,23,23
678,65,46,44,48
44,376,41,44,47
632,81,48,45,49
1015,298,46,45,51
245,104,39,35,38
875,257,219,222,204
132,171,156,156,167
168,215,191,189,211
1074,292,168,164,159
963,152,52,50,54
240,484,63,62,54
376,179,201,198,219
1129,117,228,227,241
641,466,119,120,134
739,179,47,46,51
219,98,41,42,46
206,209,189,186,204
627,352,42,43,43
365,117,32,29,35
560,413,42,42,44
933,221,48,47,50
802,205,50,52,54
387,24,58,44,35
70,251,41,34,38
675,446,46,43,48
579,210,210,209,239
677,478,108,82,60
378,60,31,24,28
15,345,42,41,45
804,310,48,47,51
188,309,39,39,43
24,66,130,116,131
1137,52,230,228,244
753,486,164,159,163
709,311,43,45,46
987,50,100,72,62
175,34,176,158,180
1104,254,237,234,251
12,234,34,26,29
841,67,47,48,52
818,393,44,44,49
525,438,148,148,161
329,236,183,189,204
452,262,238,235,255
732,131,47,46,49
548,485,116,109,98
351,141,35,34,39
164,296,40,39,40
470,438,182,185,204
152,154,79,70,89
844,7,95,91,88
383,468,68,60,54
122,331,33,34,38
690,475,118,91,65
609,491,179,178,189
50,490,83,76,68
313,342,45,42,48
596,251,223,222,253
372,342,43,42,45
357,119,34,33,38
1146,307,233,230,248
394,442,199,205,226
931,200,46,46,54
281,484,75,69,54
510,474,105,101,80
494,407,41,42,46
667,8,50,49,52
298,441,63,65,51
994,391,46,46,50
767,298,44,47,51
430,41,34,31,39
77,401,46,43,46
749,84,48,46,47
928,251,46,46,53
866,354,44,46,52
1017,470,49,47,51
1006,342,49,49,50
774,260,240,239,255
540,90,44,45,50
1088,396,247,246,255
440,28,38,36,36
737,380,43,46,47
319,345,43,42,45
399,456,103,98,120
470,443,181,183,200
755,169,47,45,51
1021,270,46,47,51
867,193,45,47,49
195,175,189,184,204
50,378,43,44,46
1147,464,234,229,244
231,95,38,37,44
14,171,115,90,88
539,242,65,54,71
1119,0,235,231,248
819,150,49,47,50
813,137,43,46,48
47,152,162,27,38
1112,430,231,228,244
30,104,35,29,33
377,363,42,43,46
702,440,45,41,47
1104,197,240,237,255
724,252,240,239,255
428,161,40,44,42
1122,424,230,229,246
200,48,165,57,89
852,67,49,47,53
68,439,51,47,52
620,161,45,45,47
982,138,44,48,50
676,420,41,44,46
924,153,45,47,52
825,215,238,237,255
528,322,43,43,46
108,156,194,186,210
914,422,46,46,50
1049,307,50,50,57
127,76,157,140,162
716,64,44,47,51
43,254,36,30,32
52,58,111,103,111
761,331,46,45,51
222,434,49,47,52
374,34,39,24,29
589,488,109,102,80
988,353,46,46,49
277,17,137,139,155
1130,88,230,229,244
421,197,223,220,241
1109,322,236,231,248
904,360,46,45,48
840,221,241,238,255
287,448,68,63,54
78,30,117,107,118
883,127,51,47,52
1059,316,49,49,53
1063,324,49,50,53
337,261,212,208,229
31,455,50,49,49
86,215,199,201,229
995,63,86,70,62
844,296,46,46,49
71,475,80,69,65
754,226,184,179,161
215,27,177,164,184
647,141,44,44,48
228,154,38,32,37
888,74,45,47,52
572,340,43,41,45
814,467,49,47,53
987,180,48,49,51
427,368,41,44,45
334,337,44,45,46
639,286,45,47,46
221,464,52,51,53
989,158,46,48,51
868,397,46,44,50
495,258,220,219,239
833,256,240,240,255
550,375,42,40,47
300,322,41,42,44
376,53,31,23,28
109,383,39,42,42
703,420,45,43,48
162,347,37,41,42
181,292,38,37,40
839,92,46,47,49
316,449,64,58,52
512,45,49,48,48
610,78,42,45,47
909,406,46,45,52
582,98,42,44,45
1102,79,237,233,252
1015,212,49,47,48
792,468,113,106,94
741,485,103,101,77
604,485,188,189,199
55,355,42,40,43
49,264,36,29,33
870,259,63,60,76
18,61,103,95,111
522,320,44,43,47
844,122,46,47,50
1136,285,227,228,242
861,388,49,46,52
651,23,50,49,51
616,240,238,235,255
330,278,48,44,45
684,50,46,46,50
220,438,46,47,50
840,170,45,47,51
489,345,48,44,50
502,88,52,45,53
446,490,179,181,200
520,203,222,222,240
565,350,40,45,45
624,412,41,47,45
854,336,49,47,50
47,288,37,33,35
27,103,42,34,37
1115,59,233,229,247
456,157,45,43,48
1136,410,229,227,243
1198,226,235,235,254
950,236,45,49,54
405,289,41,44,47
1074,162,53,54,57
322,399,41,44,45
702,499,129,105,76
456,255,64,56,62
735,254,237,236,255
956,358,44,48,51
877,7,81,76,68
610,241,239,237,255
739,373,42,45,46
474,351,44,47,49
272,266,90,95,118
378,38,32,27,26
668,448,47,46,49
282,460,111,107,74
457,9,80,64,48
174,448,48,49,49
0,62,23,21,22
1157,464,236,233,250
150,234,85,85,94
804,293,46,46,50
627,126,46,42,48
579,279,48,47,52
325,325,41,42,46
121,442,52,51,54
229,233,89,74,95
87,413,46,42,47
616,166,47,46,49
569,288,42,46,47
943,433,98,103,144
1142,153,230,231,246
661,31,49,49,51
625,217,233,232,253
230,262,201,200,222
520,150,45,46,48
580,235,233,233,255
1083,414,58,54,57
741,126,47,44,52
1044,44,110,100,83
1000,451,51,48,53
401,217,160,155,162
62,44,113,104,112
629,0,52,50,51
965,249,53,54,59
66,203,72,61,73
1144,230,233,231,245
1002,446,44,49,50
274,483,80,73,56
867,233,238,238,255
763,495,165,161,174
517,77,40,35,39
103,292,34,32,33
951,29,86,66,60
341,73,28,24,30
819,197,49,47,52
651,410,42,46,45
123,392,42,42,46
424,340,44,45,47
921,377,46,45,49
842,114,48,46,49
960,326,42,46,52
134,88,152,139,161
214,329,43,43,42
195,14,182,160,185
67,260,31,31,32
431,279,47,47,50
949,349,48,46,51
509,351,44,42,46
687,145,43,47,48
954,210,50,47,54
844,15,89,88,82
232,113,37,31,38
307,225,195,194,215
155,118,33,29,31
816,45,50,52,55
283,96,32,29,29
1062,261,48,49,54
165,154,37,38,46
640,243,47,46,49
1010,104,48,49,53
739,66,50,46,52
805,345,43,46,49
565,135,43,44,47
1033,113,47,48,54
780,357,44,44,47
1064,15,98,76,63
825,342,44,45,50
1031,44,103,79,62
132,306,30,34,33
40,83,186,185,202
183,394,46,43,46
419,428,44,46,47
771,244,237,239,255
87,344,36,36,38
495,49,41,44,46
421,143,42,41,44
1062,52,101,98,99
875,274,50,48,51
822,66,45,49,50
369,223,210,208,231
81,78,150,23,34
104,339,36,37,37
335,142,38,32,34
532,55,45,43,47
51,294,33,32,32
1072,296,53,52,56
505,68,82,82,93
634,241,47,47,52
1081,60,247,249,254
1069,153,51,52,53
194,56,195,180,198
1010,232,47,48,51
289,470,103,93,64
317,34,43,37,41
632,183,235,237,255
90,381,40,40,44
765,296,47,42,49
612,274,44,44,48
1034,475,49,51,52
963,228,46,47,49
79,162,161,37,46
711,325,46,46,47
1047,202,51,49,53
194,114,157,146,164
306,335,44,44,45
581,374,42,41,47
140,100,153,140,160
782,93,47,46,48
1147,195,234,233,247
466,11,129,103,82
221,107,34,37,39
1071,240,53,52,56
841,342,47,46,48
96,67,141,120,144
287,454,76,72,52
937,175,47,47,49
788,294,47,45,53
1174,300,237,237,252
1048,141,49,49,54
274,6,199,189,211
420,397,44,44,47
942,323,47,46,50
437,318,47,46,46
719,397,53,47,49
814,166,46,46,50
447,474,142,139,147
908,77,47,47,52
727,337,44,46,45
352,220,203,201,224
110,159,190,187,206
938,176,44,47,49
47,403,43,45,48
1122,284,227,225,241
1191,26,240,236,253
1040,313,46,50,54
294,298,41,45,42
972,72,76,66,60
1061,365,49,46,54
1064,253,53,50,54
415,289,45,44,51
337,259,206,209,231
70,382,43,43,43
362,266,212,212,236
997,57,103,83,67
1156,209,237,235,249
495,301,42,45,48
31,389,44,44,47
319,188,194,193,209
444,128,43,42,44
1089,446,237,237,254
299,193,188,189,207
146,304,34,36,37
1083,53,61,59,71
900,442,154,156,154
127,315,34,33,36
366,429,43,44,47
188,162,33,33,34
529,246,203,199,214
786,107,47,48,52
786,471,169,162,171
542,41,45,43,48
366,443,98,92,87
1079,138,54,53,54
644,339,43,44,44
1143,476,234,228,247
920,212,46,47,50
613,4,48,51,49
447,288,45,46,47
948,28,78,65,56
1044,354,49,47,53
928,72,75,71,63
38,23,64,62,68
872,333,49,44,51
576,380,39,43,45
610,253,179,178,214
49,267,34,30,31
1147,175,236,233,249
104,408,44,44,46
208,330,40,43,44
1023,371,46,50,51
1145,328,229,228,244
602,463,171,166,178
1093,448,237,234,255
174,211,192,189,207
281,457,77,73,50
953,166,49,47,50
345,455,71,72,54
19,76,116,104,114
1101,85,237,236,254
942,317,45,47,49
918,332,46,44,48
947,66,108,102,100
538,86,44,46,49
876,63,97,83,71
986,299,46,46,49
557,419,40,42,46
841,405,44,44,48
559,285,43,46,49
628,209,236,231,255
286,312,45,44,47
585,286,45,46,48
104,74,142,123,145
801,48,50,50,52
528,409,43,41,45
1125,201,234,229,247
587,213,92,88,102
1072,219,55,55,60
255,55,127,127,143
640,165,48,48,50
665,415,43,43,46
279,248,194,192,215
1175,193,236,234,253
1005,400,44,48,51
775,386,47,46,46
539,105,43,45,48
679,311,44,46,44
833,328,46,48,50
880,361,49,47,50
663,374,41,43,45
1197,256,239,237,252
810,265,52,52,59
676,338,43,43,45
16,235,33,30,28
424,64,35,37,37
727,487,153,148,159
261,109,34,26,30
479,337,46,43,47
366,424,40,44,44
812,136,43,47,49
550,221,227,227,253
921,86,49,49,51
528,454,143,139,148
1156,64,236,234,250
979,476,49,46,52
528,279,45,42,47
466,151,42,45,49
1180,440,235,234,250
877,292,50,49,50
312,455,82,76,53
585,5,95,81,62
691,245,49,47,52
262,365,45,43,46
806,75,48,48,53
33,89,65,45,73
572,310,43,45,45
43,402,43,44,47
947,359,50,46,53
1025,103,50,49,51
55,270,34,29,29
407,299,37,43,48
796,419,48,48,51
551,407,39,42,44
626,359,42,45,44
914,403,45,43,51
550,303,46,46,46
1064,227,50,50,55
71,281,37,32,30
1011,231,48,48,53
952,452,99,111,80
672,125,45,45,47
290,491,46,44,48
235,452,66,65,52
364,292,42,45,48
618,163,45,46,48
1028,49,100,78,62
491,252,215,213,235
654,439,41,44,45
1052,411,48,47,55
59,343,40,38,39
298,346,39,41,46
531,485,127,119,110
338,201,194,194,213
153,250,204,205,227
427,267,230,230,253
1152,45,236,234,249
621,344,45,46,46
859,475,48,49,51
411,468,86,75,72
133,469,50,47,51
443,56,34,38,36
441,331,44,44,46
592,252,236,235,255
670,355,44,45,49
794,379,43,46,47
336,100,35,26,32
929,419,46,45,48
568,456,139,133,140
201,402,41,45,46
680,457,105,78,56
330,180,187,188,206
626,7,49,50,50
129,366,38,41,43
303,85,32,26,32
245,313,39,43,46
173,320,39,38,42
1065,185,51,51,57
612,371,44,45,45
170,221,196,191,212
624,82,41,43,48
967,139,46,49,52
165,331,40,39,42
1115,312,228,227,245
962,444,48,47,47
1012,458,49,47,51
692,422,41,42,47
867,192,44,45,48
116,423,52,48,50
668,382,44,45,50
1192,344,238,237,251
378,65,26,27,26
689,251,49,47,51
750,355,41,46,48
532,82,45,44,48
1194,215,239,237,254
562,209,61,60,62
390,274,45,49,56
979,395,48,47,50
516,90,44,43,43
72,293,34,29,32
560,305,45,43,43
798,375,44,45,50
465,142,47,45,48
1168,380,237,235,252
686,388,42,45,51
219,15,178,162,185
903,415,45,46,48
34,375,41,45,47
465,229,231,232,253
1035,182,48,49,53
1090,482,237,236,254
496,239,206,209,228
512,340,43,44,47
711,453,47,47,48
232,499,60,60,52
321,97,34,27,30
166,198,191,186,206
699,29,50,51,51
478,405,44,44,50
20,452,49,49,53
756,322,44,44,50
1150,297,231,231,246
401,203,118,113,137
168,161,40,37,43
353,162,42,40,39
1121,273,233,229,247
161,481,43,49,47
602,294,41,43,45
701,45,44,47,48
429,31,34,31,32
527,402,40,43,46
406,190,211,209,230
530,456,161,158,169
493,194,188,182,200
471,323,59,58,61
969,266,47,47,50
1130,82,230,228,243
1118,343,232,231,247
775,434,45,45,49
900,84,48,48,51
142,29,141,121,144
332,336,46,43,44
1093,27,89,94,143
548,115,46,45,46
272,110,28,26,27
1051,449,50,50,55
1133,465,228,226,239
690,491,118,92,63
645,330,43,42,47
980,116,46,48,53
186,481,43,47,48
481,244,65,63,67
484,386,45,42,48
268,485,86,73,54
864,261,239,237,255
171,456,49,48,53
992,376,49,46,49
809,178,45,48,51
837,369,48,44,51
327,150,35,33,35
680,347,45,44,45
857,467,48,47,52
705,426,39,41,43
1079,285,249,248,255
1180,109,238,236,253
331,22,42,35,41
696,184,236,236,254
855,295,44,46,51
365,106,31,31,29
181,441,46,50,49
131,99,160,37,52
532,163,40,44,49
600,375,48,44,48
1144,131,233,230,248
141,452,48,49,49
958,483,46,47,48
261,226,192,188,207
135,279,214,212,233
261,303,43,43,48
1187,308,241,237,252
843,123,45,46,51
139,346,36,38,40
530,487,127,121,103
1060,69,75,67,63
618,412,45,43,46
91,278,38,31,33
1091,244,241,232,211
349,270,60,50,69
138,62,153,136,155
949,74,100,95,90
1042,410,46,50,54
615,217,137,128,128
1016,12,101,82,66
675,428,42,44,46
223,328,41,42,45
381,486,77,70,61
510,303,47,45,46
200,359,44,43,46
364,261,213,212,237
781,179,49,48,53
753,78,47,46,49
962,96,45,48,51
170,254,205,202,225
622,168,48,45,49
675,165,46,47,48
937,301,47,46,48
642,301,46,47,46
32,366,45,42,46
283,484,72,67,53
316,220,197,193,216
887,101,47,48,50
566,194,232,228,255
294,173,187,186,204
318,18,39,43,42
358,469,59,53,54
868,219,211,211,232
320,247,200,201,221
969,39,96,70,60
688,187,237,236,255
901,293,46,47,53
819,287,48,48,52
122,81,148,130,153
633,499,152,150,159
745,4,51,49,49
1084,202,55,55,59
696,349,44,43,47
1068,146,50,51,54
809,167,47,47,52
65,406,44,42,45
995,93,50,48,53
752,461,60,53,47
126,208,204,202,225
698,471,123,99,73
937,157,48,47,52
161,494,48,48,51
622,39,44,45,49
226,303,44,43,45
918,365,48,46,49
389,347,42,44,47
927,299,45,45,47
1069,393,57,57,59
305,441,62,60,57
328,48,34,23,27
1006,169,46,49,48
1094,108,222,220,205
120,103,159,28,38
265,51,42,44,45
704,469,133,115,88
159,129,133,138,154
823,475,164,164,176
868,163,46,49,52
1068,140,46,50,55
220,138,32,28,28
955,366,45,45,49
738,188,215,215,235
609,469,147,143,135
1056,474,50,49,51
696,403,43,42,48
359,109,32,29,29
1053,285,216,228,252
778,323,46,46,50
182,365,43,43,46
65,268,38,32,31
199,243,195,193,211
459,77,41,42,44
379,125,36,35,39
987,218,47,47,50
505,196,198,196,206
570,335,42,44,47
1073,279,111,97,65
538,39,46,44,46
92,321,37,33,36
336,354,42,42,48
153,406,41,44,44
551,457,155,153,162
1079,143,54,52,57
482,10,77,60,49
928,54,96,92,87
406,141,38,41,46
1084,252,253,250,255
464,25,101,76,56
1011,65,56,54,56
894,461,51,46,52
137,237,46,40,47
1098,496,235,234,254
365,349,43,46,47
951,176,45,47,51
348,380,46,45,47
485,497,117,110,63
116,489,49,48,52
931,438,46,49,48
535,161,45,45,48
865,105,48,46,54
223,437,46,46,49
710,152,48,47,50
829,199,46,46,50
1186,49,238,237,253
883,367,43,46,50
204,161,32,29,28
1063,495,53,53,58
163,474,48,46,49
1048,59,107,93,85
1092,432,242,237,255
50,7,232,226,248
322,414,48,44,47
760,56,47,47,50
251,41,108,111,130
985,99,50,48,55
928,131,47,48,51
1125,107,227,227,242
887,374,47,46,49
65,480,58,54,50
225,346,40,42,48
768,253,241,240,255
310,203,74,63,88
259,133,35,27,28
1061,49,114,108,108
63,407,47,43,48
794,403,46,48,52
611,351,46,44,46
150,48,137,122,138
883,414,45,46,49
129,494,47,45,49
265,277,44,42,48
395,371,44,44,47
865,163,47,46,51
1070,385,60,56,58
437,418,69,67,72
236,307,42,43,46
557,169,45,46,48
417,489,136,130,146
562,280,44,45,48
543,301,38,43,44
916,49,83,79,70
1049,354,49,49,55
261,152,34,25,29
775,233,238,240,255
355,497,68,62,51
1108,197,239,237,254
28,61,135,128,145
111,472,50,49,51
901,65,105,104,100
135,379,44,40,45
547,344,43,42,46
544,203,224,225,244
803,442,46,46,49
49,229,34,34,35
684,291,48,46,49
148,373,42,44,48
573,119,41,45,48
906,366,42,47,50
114,162,163,157,178
731,64,42,46,49
643,21,52,49,52
923,37,135,125,105
175,188,193,188,210
440,79,41,40,43
611,51,43,45,49
573,447,123,120,122
688,441,44,45,47
912,249,236,235,255
818,324,44,47,46
359,123,31,31,34
156,132,129,134,150
270,252,194,195,215
861,244,240,238,255
1015,336,49,49,51
343,100,32,26,30
1074,3,107,82,69
319,159,39,35,38
510,461,164,162,175
886,416,49,47,50
295,466,98,89,59
283,159,35,34,32
820,494,165,161,159
446,357,47,47,49
248,103,34,32,37
1088,443,239,238,255
606,12,50,50,53
584,315,41,43,45
353,284,41,44,46
930,3,195,173,155
880,472,47,48,50
714,411,45,45,48
1039,269,53,52,54
395,309,41,44,46
563,432,44,43,45
165,297,40,37,40
1164,335,235,232,249
1037,203,51,50,51
695,410,41,44,46
497,303,45,44,48
1188,458,237,233,247
0,382,47,44,48
4,180,74,86,75
1036,351,47,48,50
124,349,37,38,38
560,256,231,230,255
260,440,49,52,51
826,448,44,49,47
647,229,238,238,255
1101,366,239,237,255
1179,382,239,236,252
709,59,47,46,49
920,407,48,44,48
378,481,83,78,73
1050,226,50,49,52
533,29,73,59,51
988,2,123,91,67
570,274,47,48,50
912,168,47,48,51
178,398,44,46,45
344,320,47,43,45
1020,176,46,49,50
1045,451,49,47,54
193,428,50,47,51
521,200,224,221,244
315,218,194,192,213
68,316,36,36,40
293,214,195,191,212
32,217,31,29,33
276,430,60,59,52
856,344,47,46,48
5,450,51,53,53
695,107,45,45,48
398,265,222,222,247
1085,430,255,255,255
455,486,184,186,203
848,174,49,47,49
796,450,46,47,50
201,172,190,183,202
112,67,150,128,153
346,362,40,42,44
244,240,190,191,209
516,190,218,216,239
894,8,98,91,75
491,141,46,42,45
581,441,174,172,191
243,339,46,46,48
1078,490,54,58,60
959,421,44,47,49
1147,292,233,232,249
976,496,51,47,50
314,149,35,30,34
89,267,40,35,39
706,127,44,46,52
627,301,43,46,46
156,498,49,46,51
363,342,44,44,46
1023,183,44,47,52
44,111,150,22,30
28,257,34,31,32
541,486,113,106,92
446,62,36,40,39
89,208,168,166,193
504,397,43,41,46
195,395,45,43,47
172,113,113,112,132
461,322,14,22,20
354,119,32,30,31
1122,261,229,228,241
214,426,46,47,49
37,302,35,31,35
988,93,47,46,53
1091,488,242,236,255
1107,154,239,237,255
267,388,42,44,47
534,231,75,66,65
951,18,111,78,64
553,357,36,42,43
993,416,45,47,51
997,60,101,82,67
126,178,168,166,184
860,142,44,45,51
789,383,48,47,52
718,393,55,44,44
860,106,45,46,51
1041,445,52,49,53
354,322,43,43,44
534,140,48,45,47
365,133,35,34,37
960,339,48,46,49
683,107,49,46,50
278,195,190,185,206
252,201,179,179,196
749,23,48,48,51
866,231,242,237,255
653,357,39,44,45
294,55,39,38,40
747,494,144,136,115
158,173,200,201,223
234,368,44,44,47
429,37,33,33,33
76,236,54,53,56
494,368,43,42,46
1077,468,244,244,255
398,129,41,40,40
142,106,173,167,183
432,288,48,48,49
449,117,40,42,44
792,235,240,239,253
893,344,47,45,47
364,339,43,45,46
546,348,44,43,47
1064,272,51,51,56
622,440,47,47,48
146,463,46,49,50
412,342,44,43,43
597,360,44,42,42
471,231,206,208,228
978,311,43,45,49
700,195,238,237,255
358,291,44,44,46
1029,163,48,49,53
793,304,46,46,47
883,270,110,109,133
434,60,39,36,39
442,161,44,43,47
124,292,35,34,34
275,125,34,26,29
815,278,48,49,52
584,181,232,234,255
593,300,42,44,47
413,450,103,95,91
742,3,49,48,52
457,214,64,60,64
1014,199,47,47,54
22,240,34,28,29
1021,64,113,99,90
822,83,47,49,52
404,8,36,28,25
1131,471,230,226,239
251,116,32,26,29
666,184,237,235,255
222,373,36,45,47
165,150,44,45,48
239,438,53,53,52
974,161,48,48,48
204,55,42,30,37
210,73,47,32,61
149,16,162,149,171
836,324,47,46,51
73,23,104,98,107
757,390,48,46,50
90,172,164,154,160
724,487,151,147,157
55,5,228,227,251
853,158,46,46,52
206,261,206,205,227
527,456,155,152,161
891,272,62,55,70
281,133,30,29,27
321,350,42,42,46
37,348,41,41,43
525,115,43,45,47
1053,51,115,112,111
424,28,34,30,31
1029,319,45,47,51
1003,190,48,47,51
707,259,48,50,49
1193,149,241,236,255
96,312,33,31,33
609,258,46,48,49
664,464,88,68,53
987,134,46,48,54
360,440,56,54,54
528,277,48,45,47
791,158,48,48,53
80,331,36,33,36
186,250,200,198,219
237,173,190,184,203
587,7,93,82,60
88,215,217,219,248
863,86,47,49,51
1003,449,47,47,52
555,445,143,134,136
705,157,45,47,49
165,339,39,40,41
1015,391,51,48,53
168,361,44,42,44
599,313,43,43,48
1040,498,52,48,53
1020,358,46,48,54
579,369,41,43,44
514,469,122,122,133
142,215,196,193,215
707,88,44,45,50
1168,111,238,235,251
1004,493,50,48,54
70,121,153,20,33
688,127,44,46,48
1165,447,231,231,246
897,85,47,48,52
324,358,40,42,45
76,340,41,36,40
850,489,174,160,122
225,395,44,43,50
1173,119,238,236,254
351,96,35,27,35
780,215,243,239,255
654,209,238,236,255
496,88,46,45,44
390,180,47,47,49
111,459,44,47,50
1145,284,235,231,245
779,382,45,44,49
738,201,242,239,255
775,297,44,45,49
1071,307,52,54,59
433,95,39,39,43
201,324,42,42,44
964,363,45,47,48
1077,139,50,51,54
149,320,38,35,39
686,325,47,45,50
785,125,48,48,51
946,354,49,47,51
409,307,44,43,49
927,221,49,46,52
457,476,182,185,202
64,30,148,144,160
1136,279,230,229,243
607,347,44,42,47
895,433,51,51,52
404,353,43,45,47
800,234,240,238,255
292,496,46,48,48
1157,53,239,235,250
66,401,46,45,49
152,269,211,210,233
529,306,40,40,45
277,90,32,28,26
1084,18,56,56,63
598,460,157,152,160
401,452,96,97,102
512,137,49,46,49
151,207,103,90,113
688,461,115,89,64
637,36,46,47,49
424,385,43,44,47
429,246,139,138,173
43,341,43,37,39
826,57,49,50,52
349,117,34,32,32
1113,258,233,231,249
54,361,39,43,44
590,357,41,43,46
501,70,62,58,61
782,282,51,51,56
529,471,149,150,166
431,404,46,44,47
466,117,42,43,44
279,204,100,103,114
546,409,43,39,45
139,272,214,210,232
391,434,160,158,159
578,49,40,46,48
957,191,49,47,53
167,433,91,86,79
854,152,49,46,51
1182,452,236,233,251
850,195,45,47,46
1088,204,71,68,70
800,442,50,45,49
214,457,46,48,50
286,297,43,44,46
590,458,119,108,105
624,388,38,43,46
663,316,46,47,50
910,478,50,51,51
655,291,45,42,47
1179,477,237,235,251
708,464,133,117,90
254,412,43,43,46
1061,13,92,75,62
303,8,114,116,131
846,266,56,54,59
1094,485,237,235,254
336,456,85,82,62
553,495,131,124,114
850,274,46,50,51
77,159,164,31,39
174,45,168,156,176
121,461,51,49,53
1181,249,238,236,253
715,450,41,45,46
618,170,45,46,48
152,318,36,34,38
1164,407,236,233,254
300,369,45,44,45
405,70,33,33,33
208,120,35,35,39
338,272,50,47,50
587,308,46,44,48
1192,17,240,235,254
441,105,42,40,44
173,496,43,47,47
487,423,43,43,45
870,238,238,238,254
229,215,192,186,208
646,149,41,44,47
353,121,32,30,31
904,432,89,76,82
366,63,32,26,27
378,13,39,31,32
944,92,47,46,51
1054,450,49,47,54
1174,197,239,237,252
153,61,138,123,140
835,248,63,55,64
1127,440,228,225,241
831,246,74,61,70
717,399,144,146,181
1197,395,238,236,254
575,408,40,42,44
863,459,47,47,51
5,151,167,29,37
933,314,46,47,51
353,331,39,43,46
1167,153,238,234,247
73,269,36,32,34
217,466,43,44,48
938,114,47,46,52
86,1,58,53,67
1021,109,47,48,52
715,19,210,148,97
176,445,54,52,57
433,311,48,44,46
214,230,75,49,84
185,188,186,184,203
334,213,196,195,213
1170,336,236,235,252
418,475,160,136,137
225,221,190,187,206
342,479,73,69,67
451,44,39,38,40
843,431,44,45,50
103,268,41,35,36
132,115,165,32,59
442,47,39,37,39
684,114,40,47,48
878,318,50,50,51
410,416,43,43,47
426,311,40,44,45
43,302,33,34,32
1092,130,247,248,255
726,412,44,45,47
1083,363,218,220,246
19,439,52,52,53
431,309,48,50,50
184,311,40,41,43
564,228,232,232,255
295,109,34,25,26
757,433,45,45,49
609,400,42,42,44
670,339,49,46,47
429,3,35,28,31
126,209,205,203,226
738,491,105,98,89
1159,69,238,233,250
416,467,137,128,125
117,258,214,213,236
485,416,44,41,47
527,95,46,46,45
683,358,45,45,48
151,334,40,38,45
763,67,44,49,52
1062,303,124,98,96
325,478,113,107,114
190,215,189,183,203
1136,364,231,227,244
1001,255,46,49,49
1070,490,55,54,61
950,267,44,46,49
546,398,40,41,44
1136,177,228,229,244
1105,419,238,236,255
944,334,49,46,50
35,27,216,219,237
965,283,47,48,47
1073,162,47,54,55
573,186,230,229,251
679,495,112,83,59
559,71,43,44,47
583,187,238,233,255
809,412,58,46,80
254,350,42,42,45
106,92,154,30,37
1149,221,234,232,245
45,446,52,51,52
97,317,31,33,34
1166,243,237,234,251
492,416,47,44,46
110,375,39,42,43
49,106,149,23,32
894,252,243,239,255
177,258,207,202,225
275,325,42,43,46
972,133,47,47,52
3,423,56,51,53
343,198,198,198,218
294,112,34,25,30
51,465,48,48,50
162,47,150,134,159
752,243,242,237,255
831,221,239,238,255
488,435,181,187,207
867,116,47,46,51
610,246,236,233,255
374,418,42,42,45
346,147,33,35,38
671,80,42,46,49
69,422,64,65,54
607,424,43,45,47
39,228,34,31,33
105,330,38,35,36
138,392,42,42,45
554,363,39,40,44
383,238,210,211,232
95,332,35,36,36
215,7,184,170,191
389,52,33,25,27
806,426,47,48,48
1154,155,237,233,250
476,399,43,42,47
953,419,47,45,51
838,310,45,48,48
907,471,49,47,49
186,102,119,120,138
335,113,34,28,32
819,373,46,44,48
93,66,144,123,145
1184,430,237,235,251
81,75,151,30,38
897,96,47,48,52
1197,196,238,237,254
634,349,45,44,50
492,60,39,43,46
941,11,238,234,253
1082,153,250,248,255
1026,36,100,74,61
704,350,42,44,48
4,206,25,28,29
219,210,145,148,166
100,118,166,74,84
361,190,197,195,216
45,476,48,49,50
454,379,22,21,26
543,163,44,46,47
532,17,76,57,45
501,55,43,42,45
724,392,48,47,50
613,451,180,184,204
698,218,239,238,255
1164,443,233,232,248
396,125,41,39,40
983,98,46,49,50
1110,4,236,235,253
846,410,47,45,49
165,372,40,41,44
635,413,45,45,47
1141,218,231,229,244
670,268,44,44,50
555,334,40,44,46
794,465,47,51,52
532,472,145,144,144
768,8,46,49,52
863,166,47,47,51
66,195,39,29,32
946,59,79,76,83
308,402,42,43,45
547,233,224,225,249
463,172,45,45,47
244,242,187,186,205
48,470,44,48,47
513,294,43,44,45
406,5,38,26,31
377,145,40,39,42
96,80,179,154,180
15,437,50,48,54
174,412,43,44,48
1137,54,232,231,245
14,269,36,30,32
368,102,26,28,33
219,353,43,44,45
497,227,211,210,228
815,82,49,48,50
47,250,37,29,34
614,154,43,47,47
149,217,200,193,216
594,416,42,44,45
557,360,38,41,44
698,373,44,46,48
887,231,237,235,255
46,496,78,70,66
98,476,45,49,49
842,176,50,46,51
455,274,236,235,255
525,264,225,224,247
508,8,77,57,46
238,222,187,185,204
694,417,41,43,45
1105,75,235,233,248
1136,333,230,230,246
310,291,43,45,46
1014,461,47,47,52
452,299,45,45,47
1112,416,234,233,250
46,346,40,40,45
802,203,47,50,53
420,385,42,42,46
490,456,167,164,182
1073,212,58,56,57
655,3,48,50,53
1106,107,235,229,251
1194,423,235,233,251
181,388,46,43,47
1073,205,50,52,56
572,428,40,44,49
162,457,51,51,52
958,417,48,47,50
446,395,33,30,31
570,75,42,43,47
143,303,35,33,38
767,491,166,163,178
330,487,133,134,147
508,437,171,173,190
257,319,40,44,45
890,87,48,49,51
664,75,47,46,50
567,21,48,49,49
226,493,54,53,50
714,194,239,237,255
347,289,44,44,48
3,330,42,42,44
967,52,78,64,58
474,33,79,61,45
714,213,235,236,255
250,219,188,186,207
883,295,47,47,51
595,220,234,232,255
89,53,26,28,29
360,389,42,43,47
869,23,105,102,92
980,98,49,50,54
333,146,36,31,35
688,243,45,52,54
1044,377,48,47,52
680,459,106,78,52
60,148,164,60,91
974,34,95,72,60
1118,292,229,226,241
122,387,43,42,44
983,303,48,45,50
467,373,47,50,53
424,277,52,49,54
339,185,192,192,212
133,282,133,138,175
258,444,55,53,53
812,119,45,46,50
137,120,201,187,210
831,232,239,241,255
761,341,43,47,49
345,90,29,23,23
868,137,44,46,48
426,450,170,144,159
477,184,48,48,50
146,164,41,43,51
990,407,46,45,53
992,99,49,48,50
642,285,43,44,45
306,3,124,123,145
67,142,189,156,163
276,236,187,188,207
192,145,33,35,40
590,339,43,43,47
978,178,48,49,50
179,215,192,190,210
412,474,88,80,70
554,211,68,65,80
237,405,43,43,47
358,300,45,43,45
195,3,154,29,43
292,139,32,31,29
80,65,191,188,210
820,427,44,45,50
513,341,42,44,45
1116,487,228,229,246
219,204,183,181,202
404,452,53,52,48
1090,316,244,251,238
610,14,51,49,52
593,468,122,115,99
1035,250,50,48,52
736,293,45,44,48
942,409,43,46,50
809,105,45,48,50
400,278,47,45,51
421,288,47,43,47
589,184,236,230,251
647,152,46,46,50
381,236,210,208,233
188,448,58,59,49
518,129,42,45,47
440,101,42,41,42
628,75,47,45,51
229,247,196,194,213
716,477,149,141,156
1153,478,230,227,241
16,444,50,52,57
313,291,47,46,49
1105,280,235,235,253
1079,166,56,52,58
1180,104,236,235,251
898,16,101,97,91
51,125,151,28,32
232,276,206,202,226
528,118,44,46,47
440,300,48,45,51
1040,273,229,236,255
211,325,45,42,47
925,431,53,38,78
511,263,221,222,243
1122,20,231,229,245
893,113,48,48,48
465,352,55,56,62
876,465,50,47,52
1083,342,55,55,58
751,87,44,46,48
1108,482,237,233,249
168,20,163,145,171
754,189,43,46,49
383,271,129,133,166
284,376,46,44,48
681,123,48,46,48
1086,262,75,65,66
7,428,50,51,52
1073,316,194,181,130
1179,312,238,237,251
654,63,47,44,47
579,139,46,45,47
1084,475,118,81,109
581,88,47,43,48
315,184,188,188,207
446,95,41,42,43
1045,441,45,47,51
474,334,47,49,53
783,371,43,45,47
877,88,45,49,52
255,85,38,40,46
967,5,108,81,62
702,193,240,236,255
538,239,206,211,226
501,342,40,43,47
844,231,238,239,255
136,79,160,148,171
470,26,88,65,50
660,306,43,45,50
701,307,42,43,47
773,438,46,47,50
182,314,38,41,42
12,219,30,29,28
496,279,48,46,48
784,444,46,45,49
283,36,44,48,51
742,173,46,48,51
657,419,41,45,44
753,188,47,46,50
911,252,238,236,255
284,237,179,180,191
565,272,44,50,54
224,71,108,113,129
48,154,165,30,37
641,405,42,45,47
1010,384,44,46,48
239,282,208,207,229
376,31,30,26,28
1153,252,235,234,250
812,72,45,47,51
1143,258,233,230,247
1019,113,48,48,52
181,460,57,49,50
797,468,71,59,58
716,235,241,238,255
1120,79,227,224,240
519,248,224,224,246
1072,60,88,73,63
163,439,53,49,52
1081,92,247,248,255
368,23,33,28,26
900,22,98,90,83
79,384,42,42,45
892,80,48,47,51
461,103,43,42,47
1132,132,229,230,244
1020,226,46,49,51
345,206,196,194,215
1192,81,238,238,255
649,360,45,44,47
734,397,46,46,52
456,377,37,39,44
29,334,44,39,43
920,482,53,50,54
612,425,43,44,48
1129,49,233,227,245
37,169,171,27,35
1086,328,230,228,253
559,166,46,45,48
145,144,179,176,196
733,205,240,238,255
157,9,150,139,157
318,413,43,44,46
857,405,47,45,50
827,102,49,46,49
696,238,236,234,255
1037,472,47,47,52
389,420,43,44,46
1075,272,54,54,56
299,108,30,29,27
19,276,36,32,33
454,96,42,39,44
817,170,48,46,50
523,196,208,211,235
720,128,43,45,49
340,286,43,44,48
428,7,34,29,28
1013,103,48,48,53
181,164,37,34,38
1058,264,50,49,52
150,311,37,34,36
2,185,96,86,88
164,84,160,151,174
382,430,48,46,51
817,162,49,44,51
935,183,47,47,52
632,255,49,46,50
607,444,191,198,222
197,453,43,48,47
131,40,160,139,162
104,110,165,79,94
70,31,124,111,119
460,256,87,85,82
1034,325,48,48,51
1199,420,239,234,254
940,446,53,41,77
531,484,124,118,113
827,126,46,49,50
220,208,185,179,199
168,12,164,140,165
1080,330,60,57,62
522,153,44,44,47
928,289,44,45,50
1013,31,100,76,62
520,276,45,45,50
636,40,46,45,47
1023,486,48,48,51
889,297,47,45,49
393,237,210,211,233
710,456,113,96,77
753,114,47,45,48
914,137,48,46,50
1030,363,50,47,51
247,243,50,45,54
797,477,169,160,169
355,299,40,45,45
305,424,43,44,46
554,270,50,49,54
931,377,45,45,51
564,338,44,42,44
982,496,49,47,49
424,197,219,221,243
249,399,46,44,47
996,13,124,94,69
216,129,39,31,39
843,95,47,46,50
851,110,46,46,48
816,76,48,48,50
1146,11,231,231,246
35,499,61,58,55
606,155,46,46,49
738,403,130,135,92
284,16,208,213,233
339,419,49,43,47
484,219,135,135,138
732,453,50,48,49
1055,71,107,95,82
80,280,35,32,34
537,42,46,42,47
182,43,179,163,187
685,160,45,46,47
1130,167,229,227,244
566,366,39,43,48
953,274,47,46,50
162,86,162,150,172
758,480,159,152,150
1110,24,235,235,253
1139,347,231,229,245
326,321,40,42,46
1131,113,230,227,241
282,143,32,27,27
108,63,142,122,145
817,108,44,47,50
447,176,46,47,48
431,336,42,43,46
82,329,41,35,35
42,417,55,52,51
542,89,42,44,45
100,288,36,33,37
490,109,40,45,44
1178,69,238,235,253
302,129,30,27,26
286,145,31,25,32
179,214,190,188,207
587,65,44,42,48
975,290,43,46,51
449,310,47,45,49
789,180,52,45,52
4,144,163,27,36
396,288,45,45,48
830,88,51,48,50
757,396,44,45,47
842,199,46,48,51
961,53,75,61,56
356,191,196,195,219
999,264,45,47,49
751,233,62,63,66
226,446,45,48,48
1007,257,47,48,48
910,20,168,132,100
12,159,171,34,40
317,9,69,57,61
871,31,104,102,95
392,208,140,138,168
533,58,42,41,47
23,133,155,26,35
476,361,38,44,49
660,459,71,57,52
960,349,46,44,49
423,99,40,39,41
1137,445,228,227,240
282,308,44,42,46
55,367,44,42,45
370,253,216,212,236
954,23,104,74,63
467,401,47,47,49
255,143,33,26,32
507,23,87,66,49
343,239,201,198,223
320,312,38,43,46
1107,462,235,232,247
941,229,46,46,51
1067,86,82,70,64
878,237,241,237,255
1060,300,64,56,74
536,166,49,47,50
410,407,44,45,47
1067,118,50,51,55
787,493,162,159,175
999,467,50,49,53
985,27,107,80,63
206,398,46,42,47
163,295,38,36,40
818,49,51,51,54
158,348,39,39,43
677,474,108,80,56
1061,295,57,55,56
806,270,174,174,235
1170,455,233,233,249
738,400,99,93,83
302,52,42,34,37
14,1,226,223,248
1119,61,231,229,245
360,293,47,43,48
503,260,225,221,243
559,128,45,47,47
1112,448,227,227,248
551,37,43,45,44
834,145,45,47,51
1064,314,51,51,54
594,48,44,45,47
297,157,32,31,34
138,219,198,194,213
138,173,51,48,59
692,107,46,46,50
63,55,121,112,117
830,102,49,47,51
781,82,50,46,51
868,195,49,48,52
29,35,228,227,253
13,209,28,29,29
416,111,37,40,41
683,179,66,59,68
962,403,48,50,49
1020,468,47,47,52
77,195,71,63,68
1079,17,63,60,59
9,301,29,34,35
891,294,49,49,51
615,185,234,230,254
198,416,45,44,49
683,29,51,52,56
1064,351,49,51,52
1020,30,96,77,60
372,161,41,40,44
617,154,47,45,48
378,59,35,26,30
535,148,43,44,47
265,236,85,90,109
11,108,143,19,28
801,344,50,47,52
1021,39,101,77,62
465,274,198,201,215
314,236,55,53,54
1106,261,235,231,251
131,331,37,36,37
639,260,44,47,50
927,444,48,49,52
619,50,45,45,48
384,319,47,47,47
128,269,215,212,238
1069,71,72,65,62
395,39,40,32,33
497,491,129,118,66
868,481,158,148,87
806,94,45,46,50
95,369,41,42,45
1113,87,233,230,245
950,419,42,45,50
1199,326,241,238,255
202,270,203,204,220
1007,454,44,47,54
586,142,46,46,46
795,342,47,45,49
950,113,45,47,52
990,389,46,46,48
1195,84,238,237,254
112,486,47,49,57
1011,436,47,47,51
834,154,45,48,49
1084,313,222,222,238
966,286,45,46,50
1022,259,45,48,50
722,425,44,46,50
763,348,42,45,47
668,200,240,235,255
169,206,47,36,46
494,174,39,40,49
433,275,120,133,162
621,50,43,45,48
950,238,47,48,50
1059,23,95,78,64
1039,153,49,47,53
444,211,222,222,245
284,422,44,43,48
277,46,39,38,44
492,36,85,64,50
676,240,53,50,57
455,466,181,186,202
593,278,47,46,48
422,255,223,224,245
850,317,48,46,49
787,340,44,43,46
620,374,44,45,45
129,171,190,197,216
809,380,44,45,49
299,111,33,25,26
43,97,35,34,35
42,153,165,26,39
382,398,46,43,48
923,346,48,48,51
277,117,35,27,30
841,73,47,47,52
857,444,51,48,51
615,61,46,44,47
75,65,191,189,209
1193,127,239,236,253
24,207,31,29,28
1176,223,238,236,251
1147,296,235,233,250
156,245,205,203,224
1096,196,239,238,255
822,391,47,46,49
355,131,30,32,34
712,189,240,237,255
438,428,63,63,73
1140,314,231,230,243
913,247,239,236,254
480,6,61,50,42
208,108,42,45,48
1005,463,45,49,51
1148,41,236,233,247
348,23,37,32,29
327,484,112,107,114
252,159,33,30,31
796,406,50,43,60
1046,302,68,63,84
381,183,126,121,130
798,63,48,47,50
113,374,41,43,42
643,426,46,42,45
1098,23,239,238,254
669,375,43,41,46
1120,199,230,229,248
818,414,79,84,125
404,309,44,42,47
418,220,220,220,241
39,72,112,105,110
927,455,45,50,54
1141,382,234,228,244
59,176,172,33,40
982,335,46,45,48
277,361,43,43,46
533,483,135,133,138
644,111,39,46,47
248,183,188,181,202
458,319,72,69,72
1094,429,240,240,255
588,273,45,48,53
760,363,46,45,49
499,352,42,42,46
110,298,39,32,35
810,158,44,47,49
799,6,49,50,52
536,465,145,144,148
1161,52,238,235,253
902,174,50,46,52
63,161,161,31,39
964,299,47,46,49
670,491,107,80,59
388,157,39,42,43
585,381,42,43,47
325,397,43,42,45
995,283,49,47,51
851,347,44,45,49
220,388,43,45,48
332,275,47,45,47
303,376,42,43,46
79,136,185,118,133
1027,111,48,49,53
800,308,46,47,49
776,123,48,46,50
290,333,42,43,47
55,38,128,115,137
524,217,226,221,243
194,393,44,43,45
807,28,55,49,54
440,204,176,177,189
799,498,159,153,175
688,419,45,44,46
779,271,241,238,255
958,65,51,52,51
653,457,63,54,51
1195,154,240,237,252
57,108,150,20,31
710,349,45,46,51
388,236,85,75,98
1137,188,230,229,245
592,333,46,42,46
1196,337,238,237,254
1190,37,240,238,255
844,461,48,49,49
973,361,46,46,50
278,438,74,72,54
91,455,45,46,47
649,396,43,43,45
28,222,34,31,30
633,435,45,43,48
386,285,41,45,48
478,33,76,55,49
64,464,49,47,51
13,333,42,43,44
532,369,45,41,45
1013,200,51,49,51
229,339,43,44,47
912,237,240,237,255
1170,5,237,235,252
562,24,48,45,49
795,488,161,157,173
998,397,44,45,51
580,132,44,44,46
400,88,34,34,36
204,433,47,46,49
133,445,50,49,51
431,383,44,45,46
464,145,48,45,47
50,337,37,37,38
676,238,220,221,247
424,377,40,45,44
565,344,44,40,42
39,77,101,91,95
38,318,40,36,41
295,457,76,71,50
218,251,198,196,215
683,104,46,46,47
598,254,54,53,56
850,179,47,48,53
638,349,44,44,45
634,107,45,43,50
599,251,235,238,255
418,474,160,134,133
1180,125,239,237,253
32,437,52,50,55
1112,454,232,229,245
352,297,42,43,47
50,300,37,32,35
1017,481,45,50,53
486,463,182,184,203
87,374,42,43,46
118,422,51,50,52
468,156,48,44,48
193,454,49,49,49
876,85,49,48,51
242,99,39,38,44
830,489,163,159,166
100,481,47,48,52
1094,484,236,233,252
619,380,45,44,46
896,68,61,61,62
991,171,49,49,53
70,421,62,59,55
602,262,45,44,48
134,9,186,184,204
1169,392,235,234,249
541,77,44,43,47
1013,490,47,50,53
1124,435,228,228,245
1098,204,241,240,255
421,268,225,223,247
449,448,131,123,130
485,251,202,199,219
0,493,53,52,54
784,490,152,152,163
457,76,41,41,44
724,90,48,47,50
1183,237,239,238,252
454,128,44,44,42
312,495,48,46,46
412,235,217,220,239
899,17,103,96,93
835,234,56,55,57
106,494,51,49,51
856,38,90,90,82
740,342,44,45,47
4,320,41,42,43
1127,471,224,226,238
190,448,75,77,64
926,155,46,46,48
1048,119,49,49,54
19,480,50,47,51
250,351,44,44,46
471,438,183,188,206
832,90,50,47,52
343,152,39,35,36
1191,124,239,238,254
571,194,228,229,254
61,38,114,104,114
20,483,55,49,52
790,241,228,233,241
357,370,44,42,49
554,341,40,43,45
1156,275,235,232,249
485,342,47,43,47
329,447,63,63,55
1075,31,105,101,106
900,194,46,47,56
766,397,46,46,50
613,56,45,43,47
785,326,47,47,52
1194,3,239,235,251
493,143,65,64,64
1067,499,57,59,61
599,185,236,231,255
255,440,51,56,51
111,105,158,28,36
52,284,33,30,31
583,380,43,43,46
934,241,50,47,52
1119,34,234,230,247
627,417,42,43,45
746,18,52,49,51
329,464,112,108,115
696,499,129,102,70
638,102,44,45,47
699,151,44,46,50
403,239,173,178,179
590,412,42,44,46
1054,344,52,52,54
894,75,50,47,52
1003,166,45,50,51
787,289,47,46,52
533,186,226,225,246
439,103,40,44,44
45,440,50,48,52
212,178,189,183,204
153,354,40,40,43
588,343,42,43,46
286,434,75,70,53
986,462,58,57,51
1050,173,50,48,53
812,219,244,242,255
175,226,196,193,213
1150,228,234,234,250
257,99,37,32,31
331,255,204,205,227
568,274,50,45,51
892,253,240,239,255
1015,138,47,48,54
100,34,185,182,204
549,326,44,43,45
346,209,198,199,220
237,47,48,37,44
419,48,34,31,31
597,262,46,49,53
1077,401,56,56,61
216,303,43,41,46
938,49,85,67,61
183,223,192,190,209
924,136,44,46,51
1020,204,45,47,52
701,447,47,45,48
800,322,47,46,49
756,117,45,46,49
208,225,191,186,206
886,144,45,47,52
616,59,43,44,48
131,122,197,183,205
859,114,48,47,51
497,221,214,211,231
737,258,239,235,255
224,342,46,43,43
1162,454,233,234,251
852,161,43,47,47
1049,291,79,67,100
28,128,151,25,33
862,224,239,236,255
1196,207,240,237,254
1029,425,48,47,53
34,265,36,27,32
739,3,48,47,50
550,322,44,42,45
319,318,43,43,46
726,478,158,150,163
907,128,44,47,52
1172,121,239,237,255
289,422,44,44,51
17,36,156,157,184
1158,224,237,234,250
1030,345,47,48,51
525,129,43,45,49
232,201,184,180,197
710,77,44,45,48
222,281,208,208,229
406,474,57,58,53
342,455,81,75,54
337,17,39,34,36
910,280,50,47,54
622,468,170,167,175
840,498,168,157,124
579,343,43,45,46
1136,138,230,228,241
481,338,44,44,50
1023,43,100,76,61
1021,32,99,76,64
1045,79,66,62,59
841,75,46,48,48
753,251,238,235,255
1015,315,49,48,54
603,289,41,45,46
20,184,67,65,76
241,107,39,32,39
88,488,44,49,49
257,50,148,153,170
1083,141,53,54,58
651,107,45,45,47
1101,458,235,236,255
329,122,36,30,34
954,185,45,44,51
20,95,123,93,77
277,342,43,43,45
277,465,104,99,73
912,425,49,48,53
250,185,188,185,204
868,98,46,47,50
214,59,40,34,36
70,61,186,182,201
1093,485,235,233,253
515,489,110,98,73
590,33,43,45,48
859,430,46,47,51
538,272,51,47,50
708,316,44,46,48
219,294,41,41,45
1127,4,230,228,245
467,464,178,181,200
972,21,97,75,58
1147,378,235,229,248
941,195,47,48,52
186,493,50,46,50
1157,451,232,230,247
316,120,31,27,29
492,7,102,80,60
835,224,239,236,255
260,88,37,37,42
620,440,48,47,49
172,35,177,159,182
1154,113,236,233,251
664,219,101,96,80
531,314,47,44,47
918,347,47,47,51
1163,368,235,232,251
276,342,42,43,46
360,315,45,45,48
897,117,46,48,50
503,210,214,210,223
0,110,141,20,30
268,39,165,172,192
1047,498,50,50,54
452,487,178,182,202
605,229,237,235,255
1065,456,50,50,54
599,398,41,44,45
123,122,166,38,50
58,274,35,31,32
597,204,58,59,66
521,158,46,45,47
829,220,239,238,255
331,52,33,26,32
332,317,43,43,46
916,394,42,46,49
584,141,43,44,47
171,454,51,48,50
1020,209,47,48,51
204,484,48,46,51
461,447,179,183,201
1090,50,66,66,69
578,327,43,42,46
1058,247,51,50,53
570,244,233,232,254
470,21,78,59,46
414,115,42,39,43
183,97,44,35,42
1095,183,248,250,255
605,40,42,44,47
543,108,43,43,47
341,372,45,44,47
98,120,164,74,89
75,66,187,186,204
921,128,46,47,50
866,49,101,92,81
442,24,59,48,41
199,275,207,204,225
781,329,48,49,49
700,9,52,50,51
1145,365,232,231,245
1199,282,240,236,255
972,250,47,46,52
1135,30,232,228,244
757,226,235,237,254
325,342,44,42,48
258,276,44,43,48
23,252,32,28,32
651,342,43,44,47
478,214,142,144,166
712,17,192,127,75
824,244,238,238,254
190,24,159,28,45
905,210,46,45,49
984,483,49,48,51
612,37,48,45,49
793,285,46,49,52
250,294,44,42,45
73,53,151,145,162
19,3,200,200,223
156,430,50,48,50
289,277,45,44,48
172,239,73,59,81
754,447,43,46,51
1118,170,232,231,247
891,62,99,95,91
720,390,42,44,47
358,251,208,208,233
212,433,45,47,51
1043,128,47,49,52
637,317,42,42,48
1156,244,234,234,252
323,213,51,50,63
949,160,46,46,49
754,70,50,48,50
347,372,46,44,48
830,197,49,47,52
401,465,62,63,57
808,319,46,46,48
510,406,43,40,44
931,82,48,46,53
428,26,38,30,30
697,89,46,46,49
881,14,79,72,71
425,163,43,43,45
486,76,45,41,45
641,408,45,45,47
60,229,32,35,32
737,417,47,45,51
1044,417,45,49,53
910,141,48,46,51
732,249,237,239,255
128,107,163,28,39
439,441,19,21,18
213,496,43,48,48
1014,229,50,49,52
808,357,46,45,48
322,385,42,44,45
1196,88,235,236,253
89,485,50,45,51
822,167,49,48,52
589,242,238,237,255
70,13,229,226,250
902,446,51,47,48
476,467,181,180,199
1177,368,235,234,252
1106,332,231,232,252
157,316,38,39,40
186,10,159,71,100
103,308,29,34,33
87,51,24,27,26
329,378,41,42,46
613,36,43,44,48
971,428,43,46,50
2,438,49,50,52
739,449,47,48,49
1187,345,239,236,252
426,153,43,42,47
685,227,239,236,255
630,181,237,235,255
142,216,195,192,214
256,480,53,49,50
804,113,44,49,47
476,199,227,224,248
693,401,48,44,51
847,477,146,136,91
194,68,200,189,207
362,187,197,196,215
474,311,54,55,59
324,187,191,190,210
1178,444,239,236,253
633,101,44,44,48
1137,268,228,227,244
308,325,46,41,45
594,461,133,123,119
150,100,130,122,135
678,1,45,48,52
831,214,239,242,255
1037,336,45,51,53
1016,377,44,50,50
873,345,46,46,50
347,464,69,66,54
915,339,48,45,47
958,371,44,46,50
563,352,41,43,46
885,477,50,49,53
586,178,55,51,54
221,14,177,165,185
948,369,46,46,48
593,216,217,216,229
125,461,51,48,52
541,460,136,133,146
800,488,157,152,171
185,192,188,183,205
317,313,42,41,47
692,493,127,100,70
82,64,191,189,212
306,212,95,79,96
420,317,43,43,47
623,35,47,46,47
360,370,43,44,43
371,205,202,201,219
781,348,48,49,51
397,93,34,34,35
724,185,94,90,103
968,384,44,46,49
55,442,47,47,48
340,160,37,36,37
44,499,90,81,82
205,221,192,187,208
279,142,33,27,30
1080,36,238,243,250
96,381,39,42,43
1150,89,236,233,247
356,136,37,34,35
201,456,47,44,48
1011,23,103,80,62
543,128,41,44,47
116,65,150,135,157
36,97,37,33,32
655,343,44,44,48
417,162,44,43,46
227,380,41,43,45
295,361,44,46,45
1071,400,50,52,57
730,459,117,113,112
274,49,43,44,48
205,168,36,31,34
248,12,166,161,177
1042,303,237,235,255
159,75,158,144,164
985,344,48,47,51
270,269,45,44,49
659,225,238,237,255
612,472,174,173,181
847,128,48,46,52
590,153,45,45,48
125,199,211,216,235
1129,128,233,228,244
187,69,194,185,206
512,399,41,42,43
892,402,48,44,49
1082,411,54,55,55
1066,17,94,76,63
1043,157,50,48,55
104,111,166,55,69
1103,23,238,237,255
555,279,45,47,48
620,126,44,45,48
1056,28,92,79,66
1128,165,229,225,240
520,265,224,222,243
669,279,49,43,52
501,473,104,100,77
646,306,42,44,47
700,126,45,45,50
865,455,48,46,50
1080,41,59,60,65
688,268,42,45,49
481,17,71,55,46
578,214,231,234,255
504,157,50,50,53
706,149,43,46,52
274,319,45,45,46
631,445,165,167,168
738,346,46,44,48
292,175,187,186,206
1140,218,229,228,243
214,186,182,180,200
62,446,45,49,51
870,68,51,47,53
749,465,137,137,125
874,216,50,49,55
225,230,188,186,205
694,420,45,43,48
800,446,48,47,49
914,116,48,47,49
396,253,215,214,236
207,246,194,192,213
18,34,224,223,248
914,395,44,44,48
146,354,40,40,43
397,268,222,221,244
708,222,57,52,57
423,97,40,37,47
899,313,45,47,49
52,42,110,98,117
995,261,45,45,52
182,411,40,46,47
974,262,46,46,52
250,132,28,27,31
749,86,44,46,53
443,355,46,46,49
217,492,81,76,53
235,193,187,184,205
341,232,200,200,222
523,338,38,43,45
341,113,30,28,31
661,445,44,45,51
727,315,44,45,49
1142,247,232,230,244
288,206,50,44,53
1198,444,234,233,251
508,176,52,51,56
721,212,243,237,255
752,196,47,50,55
590,299,44,45,46
710,341,43,44,48
1175,155,239,237,254
520,190,221,218,242
1111,470,232,228,245
619,79,44,44,48
630,93,46,47,51
512,144,45,46,48
294,23,45,35,55
218,359,39,43,45
750,72,48,48,50
774,244,243,239,255
247,104,39,33,37
330,229,139,137,147
367,352,47,41,46
928,166,48,46,48
416,359,44,43,49
305,4,123,120,141
415,456,130,117,124
170,90,43,33,35
657,181,235,235,255
32,1,216,219,246
950,415,48,44,53
1098,435,238,237,253
121,426,47,49,50
1173,327,237,235,252
199,258,201,201,221
287,385,41,44,46
918,344,48,44,49
238,196,189,184,207
150,121,48,32,43
569,315,40,42,46
664,83,43,46,48
1006,212,50,48,52
664,495,104,78,57
1186,383,240,236,252
1085,336,65,65,61
1008,268,47,48,51
653,277,45,47,49
971,80,53,51,54
778,467,161,159,166
426,237,220,221,244
1040,322,51,51,53
1180,428,237,233,250
949,288,46,46,49
838,377,49,47,50
265,460,99,94,65
817,462,47,47,50
828,306,46,47,47
1182,75,238,236,253
191,143,40,35,40
270,369,46,42,47
547,90,40,45,46
902,115,47,46,52
901,406,44,48,49
899,107,44,49,50
881,253,240,236,255
718,196,244,240,255
308,465,132,123,98
656,212,237,235,255
287,447,64,61,50
740,409,47,46,49
871,34,100,96,91
483,12,88,65,48
218,258,201,198,222
260,300,45,44,46
991,475,50,49,54
933,267,46,46,51
1150,182,234,232,247
1131,198,231,227,242
376,295,43,45,46
105,118,161,32,38
869,467,47,49,52
671,434,42,43,46
993,57,107,87,71
132,43,135,118,140
749,28,51,50,53
211,381,39,43,46
825,74,45,48,49
1032,466,45,47,52
163,383,45,42,46
210,422,47,49,51
1154,77,237,234,250
375,314,42,40,45
772,452,48,44,50
923,372,45,46,51
148,217,198,193,215
568,347,41,41,44
606,245,234,234,255
373,75,29,26,27
6,120,149,20,38
97,93,156,25,34
1133,415,228,228,245
858,12,92,94,90
1149,423,232,230,247
711,191,242,237,255
295,182,188,185,207
453,469,182,184,204
427,126,42,41,45
14,92,119,94,80
508,404,40,43,41
752,322,47,46,50
123,306,40,33,38
1168,373,236,234,251
209,370,42,43,45
787,140,49,45,49
133,164,176,183,201
941,80,51,48,52
949,406,45,45,46
470,88,42,40,46
44,134,153,25,32
527,481,115,113,109
579,73,41,44,47
87,155,156,34,40
591,172,44,48,50
821,351,44,47,49
837,305,45,47,51
404,405,45,42,46
812,442,43,46,48
686,309,45,46,47
305,178,189,185,206
403,28,40,32,32
415,33,38,35,37
207,357,41,42,43
413,38,35,30,29
846,376,45,47,49
693,426,42,42,47
474,231,70,74,101
728,115,45,47,47
1073,322,209,192,147
807,450,50,46,52
271,366,44,43,45
314,334,45,43,47
730,125,45,48,51
357,286,44,47,47
434,462,15,17,21
50,4,226,224,246
887,410,46,46,49
670,175,51,50,52
954,499,151,149,141
292,489,44,45,46
644,89,44,45,47
232,236,190,187,208
1057,291,52,52,55
417,289,43,44,49
540,295,41,45,47
364,108,34,29,34
752,268,47,49,53
420,220,226,223,244
308,208,54,48,54
1167,318,234,235,251
569,67,44,45,46
995,490,48,49,53
950,311,46,44,48
239,260,197,194,215
950,331,48,43,47
1054,137,51,48,52
1159,464,236,235,248
877,26,107,102,101
485,265,211,207,229
241,101,39,37,41
185,426,50,48,51
168,294,36,38,39
688,484,119,88,65
721,398,169,169,162
315,141,33,31,36
124,45,166,145,166
989,389,47,45,49
843,462,47,46,51
1054,224,49,49,52
829,28,79,74,69
902,188,45,46,50
549,153,45,45,47
46,146,161,29,37
101,78,152,133,156
1092,297,239,236,255
995,169,49,48,51
873,174,48,48,50
507,161,48,46,51
1145,445,232,229,245
491,237,63,61,71
195,310,44,43,44
454,484,182,187,202
364,190,198,195,219
15,450,52,49,53
685,185,237,235,255
756,252,239,239,255
435,493,164,166,171
87,114,155,26,34
225,94,35,38,39
370,422,42,44,45
1000,489,45,47,52
191,457,47,47,50
684,139,45,47,47
574,345,41,45,45
480,96,42,43,44
1101,318,237,237,255
810,96,48,45,51
832,143,42,47,52
1000,47,113,88,65
1110,499,232,228,246
333,199,193,195,215
458,58,40,39,42
1150,486,233,226,244
1160,199,235,236,252
792,98,47,45,49
375,226,212,213,234
962,245,51,47,52
240,207,180,180,196
70,435,50,49,54
1,82,122,114,124
113,48,159,140,165
317,116,28,28,31
375,53,31,21,29
177,257,208,203,225
379,342,40,41,46
687,291,43,45,47
254,409,40,45,46
759,116,45,48,50
1021,306,50,49,51
99,412,45,45,49
42,324,39,38,43
805,495,157,153,168
703,336,42,44,49
408,429,43,46,46
65,304,33,31,35
1034,381,48,47,51
1174,26,238,236,252
891,305,46,44,50
632,35,46,47,48
836,474,71,61,55
804,55,45,47,48
511,80,35,34,37
1094,239,241,238,255
29,380,48,44,46
1118,340,233,230,245
1174,416,235,235,251
1127,8,230,227,244
1149,327,234,232,248
519,456,156,151,162
776,76,45,48,49
482,153,44,45,47
916,419,43,47,48
900,371,50,45,50
389,464,86,74,76
557,279,46,46,49
1062,68,81,72,66
545,463,136,135,144
814,26,55,54,55
186,72,198,185,211
982,318,46,46,50
265,45,177,180,199
1177,397,240,237,249
236,275,208,203,225
639,126,48,45,50
827,402,48,46,51
1075,119,65,61,59
45,267,30,25,28
22,499,72,64,52
341,464,123,122,102
248,206,95,96,96
920,93,50,44,53
639,77,44,44,47
418,206,144,138,146
320,345,40,45,44
897,350,44,47,49
719,31,208,147,71
990,444,61,50,82
302,83,32,28,28
386,27,42,33,34
1090,429,245,242,255
1116,379,231,229,247
842,56,56,58,56
722,260,140,147,178
870,300,45,46,51
739,366,45,44,46
1108,194,239,237,255
1014,306,50,48,52
387,59,37,29,28
817,495,166,160,156
233,181,183,181,203
444,403,42,43,48
1140,397,229,227,245
1102,228,237,239,254
79,251,186,183,208
535,255,225,227,246
218,288,45,42,45
766,11,51,47,55
805,106,44,48,50
26,37,228,228,251
550,434,49,46,45
991,371,46,47,51
729,219,56,57,59
476,188,51,50,52
553,259,229,229,252
1166,177,234,234,249
358,11,44,35,35
267,372,41,42,45
369,270,155,158,194
960,232,46,47,50
506,55,38,43,46
812,189,45,46,49
132,167,213,215,234
955,267,46,48,52
487,400,40,40,47
566,41,48,44,47
298,442,60,60,51
417,91,38,37,40
1174,134,241,237,255
1197,355,238,238,252
379,55,30,26,29
238,398,42,43,45
1101,210,240,239,255
115,465,53,51,51
672,400,41,45,49
448,378,68,72,76
465,235,232,231,253
1126,472,228,227,238
21,196,94,87,88
1154,341,231,233,249
186,60,186,171,191
928,419,47,46,47
849,42,94,82,70
6,266,35,30,32
87,425,58,57,57
1124,475,225,221,240
412,49,31,25,30
972,124,47,48,53
420,16,38,31,35
2,382,43,45,46
1147,106,234,232,247
104,352,34,38,35
609,74,44,45,49
940,298,43,46,49
305,226,194,194,213
248,105,37,31,34
705,269,44,46,51
666,73,43,46,48
470,235,217,216,238
862,381,45,44,48
637,257,45,45,50
1011,372,49,47,51
407,484,89,84,83
756,62,50,45,49
1152,23,237,233,250
1049,436,50,48,53
334,132,33,30,31
695,163,48,46,47
1121,373,231,230,246
546,67,46,42,47
226,192,191,185,206
827,398,47,45,50
892,246,240,239,255
1134,299,228,226,243
664,346,43,46,45
430,135,39,44,46
1118,257,229,228,246
746,16,46,50,51
14,139,162,30,37
538,10,81,63,51
177,480,46,46,49
1068,427,54,56,58
450,386,23,19,17
565,141,42,45,47
626,471,175,178,191
416,283,44,46,51
160,109,34,30,31
1100,21,237,237,255
433,145,40,42,44
89,342,36,34,37
446,253,225,224,246
1037,193,45,50,53
482,362,44,44,48
1001,217,46,47,51
147,236,96,96,92
90,281,32,33,34
817,339,45,46,50
17,332,43,41,42
3,106,139,15,28
786,50,50,49,51
816,451,47,45,48
456,350,19,18,20
557,17,51,49,48
284,55,45,43,49
1057,148,51,50,53
179,341,38,39,43
859,165,47,46,49
1003,236,49,47,47
193,60,166,38,49
224,69,122,124,142
961,92,49,49,53
378,305,43,44,45
488,301,46,46,51
934,177,46,48,52
405,496,77,69,59
458,233,232,230,253
22,271,34,32,34
237,133,30,28,28
1053,96,45,50,51
718,377,46,44,46
330,393,40,43,48
1022,34,96,77,62
654,9,51,50,49
658,155,45,47,50
787,76,46,47,53
425,125,42,42,45
595,56,42,44,48
694,74,47,48,50
448,62,38,36,43
974,133,48,48,53
407,158,44,43,46
481,333,45,44,48
317,223,195,194,218
249,217,188,185,204
235,427,85,79,52
715,293,45,46,48
1180,9,237,235,252
221,402,43,44,47
1002,308,45,46,49
52,246,34,31,34
656,377,42,44,46
64,237,33,34,37
525,398,43,43,47
152,12,131,117,130
626,429,42,44,48
585,301,41,44,46
684,174,47,47,52
751,213,229,231,254
893,275,52,49,54
6,365,44,42,47
593,29,50,49,50
679,497,109,81,61
737,201,241,240,255
648,61,44,46,48
270,64,48,47,53
725,470,152,150,161
127,133,35,28,27
619,69,46,44,47
565,179,216,217,235
74,191,37,30,31
9,185,68,81,70
588,492,99,94,69
143,159,136,137,158
503,393,37,41,45
162,495,47,49,51
228,92,34,37,43
950,458,53,48,50
692,494,125,101,73
561,116,42,44,45
655,357,40,44,44
202,231,55,52,54
216,328,43,43,47
1020,467,46,47,52
834,211,54,55,58
1005,391,44,50,53
162,473,46,46,50
267,340,44,43,46
591,487,169,164,158
97,145,162,34,46
975,235,49,47,50
800,333,46,45,47
456,198,228,227,248
168,89,45,34,34
1175,1,239,237,254
486,139,44,43,47
980,30,98,76,62
919,226,50,50,54
714,245,239,236,255
504,402,43,43,44
196,404,45,46,45
1080,339,53,52,56
938,280,43,45,49
541,303,43,45,45
918,352,44,47,48
1148,278,235,231,246
146,349,37,39,43
310,101,30,26,25
865,169,43,47,49
353,389,40,43,43
550,425,46,41,45
421,444,160,150,140
414,232,226,224,245
244,228,188,188,209
940,362,49,46,52
541,449,138,136,145
846,103,50,46,53
469,232,218,218,237
28,291,38,33,33
431,28,35,29,31
635,88,45,45,48
1093,218,250,250,255
68,479,79,67,62
412,96,35,38,38
466,404,43,43,47
356,284,40,42,45
467,54,43,40,43
509,341,42,42,43
673,397,45,45,50
1022,33,97,77,63
316,217,195,193,209
1073,492,93,86,72
911,160,46,48,49
788,133,47,48,48
542,195,228,226,247
216,188,187,184,204
386,115,34,35,34
820,4,85,84,77
466,416,49,44,47
1049,441,49,48,53
691,16,47,47,51
1192,429,236,235,253
840,331,49,46,51
1040,400,45,48,50
841,471,50,47,50
826,312,47,45,51
752,490,164,157,164
1032,126,46,49,52
644,385,79,77,106
502,447,162,159,175
912,30,119,109,106
368,330,43,45,45
111,468,47,48,49
219,279,205,205,227
431,149,40,42,46
852,185,44,48,50
479,260,188,184,198
243,203,181,181,201
1190,312,240,236,253
917,142,43,49,48
208,142,35,30,32
896,400,45,46,50
767,267,100,94,113
561,271,52,56,54
657,297,44,46,49
1076,478,56,51,57
6,276,32,30,30
1093,302,237,235,254
605,251,233,234,255
127,156,149,154,171
46,112,149,21,31
798,157,45,49,49
124,235,200,196,216
339,95,29,29,31
672,487,107,80,57
975,458,160,164,185
418,261,224,224,248
552,470,165,159,174
1029,315,45,48,52
206,315,42,41,43
607,447,171,179,201
49,243,35,29,33
392,289,43,44,49
1105,249,235,233,253
1114,193,238,234,250
238,314,42,44,44
150,240,52,42,54
1121,271,229,227,246
606,75,44,46,46
1148,43,235,232,247
1022,411,50,46,52
935,172,47,46,49
192,287,43,42,46
347,174,191,189,214
959,22,102,78,62
1004,457,50,50,51
1182,210,241,237,254
493,301,46,43,47
1006,192,46,48,52
133,368,42,40,44
325,105,28,26,29
903,254,241,237,255
802,354,47,46,48
718,385,43,43,47
872,400,44,45,50
1064,191,51,49,54
1158,318,234,234,252
399,174,44,43,45
673,160,46,47,47
206,387,42,44,50
126,286,39,36,41
636,159,47,46,49
1163,315,234,234,252
622,142,45,43,47
777,490,157,147,157
955,57,59,55,55
510,34,85,62,51
645,331,43,44,47
650,342,43,43,44
1092,102,236,236,240
485,386,47,41,45
682,399,44,48,51
111,372,42,41,46
535,39,48,43,48
249,228,191,190,205
261,122,31,27,32
685,347,43,46,49
767,238,79,69,76
220,483,74,67,55
268,129,30,27,29
510,384,45,42,44
771,299,46,45,48
856,151,47,48,52
851,332,47,46,52
69,430,58,58,51
459,45,40,41,43
207,448,47,47,48
1007,48,108,82,62
979,213,47,47,51
1156,175,240,236,254
38,351,42,40,49
449,376,47,48,56
159,104,194,187,205
1091,467,237,236,253
61,361,40,41,42
641,127,44,45,48
1168,173,237,237,252
262,439,57,54,52
1018,87,79,73,68
10,449,48,49,49
234,68,196,197,217
123,82,149,133,153
881,284,45,46,50
954,61,53,52,56
55,145,158,31,38
996,301,49,45,52
650,22,48,48,52
644,304,42,43,47
275,499,102,88,63
146,379,43,42,43
269,315,44,41,44
716,19,213,149,96
359,393,43,43,43
657,481,91,70,55
1176,338,237,234,252
183,239,121,117,138
257,122,34,26,31
877,152,45,47,48
1013,274,43,46,52
225,355,47,43,46
685,366,47,47,47
133,450,51,48,50
1164,480,235,231,248
776,8,49,49,49
578,88,45,44,48
1064,13,99,77,63
880,210,54,49,52
748,6,48,49,49
709,74,49,45,49
421,367,42,42,47
179,143,34,37,40
907,143,43,49,52
729,14,50,49,53
1007,493,47,47,54
694,290,46,49,47
126,406,44,44,48
902,306,40,48,52
441,352,43,44,49
876,92,47,49,51
852,28,90,87,83
18,460,51,49,53
700,241,232,236,255
209,312,42,41,44
1061,375,51,50,54
186,143,36,36,40
669,255,43,44,49
8,392,47,47,47
709,19,93,69,56
1034,106,46,49,58
492,178,42,40,44
1012,281,47,47,52
899,484,76,66,52
394,252,214,212,235
397,149,39,42,44
474,297,55,53,55
490,29,80,57,50
132,259,213,210,234
139,157,154,153,179
695,294,46,44,48
1145,282,231,227,245
667,83,45,45,49
844,229,241,239,255
152,236,84,78,79
834,330,45,46,50
733,129,47,44,50
1175,145,238,235,251
83,364,44,38,44
321,180,190,187,208
1134,489,228,222,240
549,85,45,42,47
1005,374,50,46,50
884,479,50,51,53
687,2,51,51,51
767,72,47,48,51
384,1,39,30,29
514,246,221,225,242
8,334,44,42,46
332,223,198,198,217
1134,312,231,230,244
98,457,48,45,50
1144,473,234,232,249
555,404,40,43,43
1181,353,236,236,252
544,6,87,76,56
1010,217,46,45,52
476,173,47,48,54
596,411,43,43,47
810,390,47,45,49
408,61,36,30,33
951,83,47,47,50
542,294,42,44,47
48,120,149,24,31
211,226,194,190,210
565,327,46,46,49
1089,199,147,144,99
737,114,51,45,53
194,209,100,89,106
499,87,45,42,45
479,369,42,46,47
337,369,45,44,45
190,68,200,185,211
188,202,187,184,204
2,405,46,45,49
300,319,43,43,45
692,319,46,44,50
381,186,200,199,219
1023,97,52,49,51
409,462,74,67,57
651,202,238,235,255
624,361,45,42,46
770,379,46,45,47
1028,423,48,48,53
502,494,114,104,63
1182,468,238,234,249
1118,176,232,231,247
1111,266,235,229,248
442,395,116,116,110
173,380,39,42,44
241,448,53,52,51
190,70,202,187,209
1190,225,239,237,251
587,478,113,103,91
426,242,216,219,240
645,489,104,90,92
691,466,116,91,61
245,171,192,186,204
443,368,45,47,51
576,304,44,43,49
1129,121,229,227,242
168,64,141,130,149
504,120,34,36,36
8,24,227,226,249
940,297,44,45,49
680,336,46,45,47
552,146,44,43,48
626,292,46,44,49
1071,280,57,57,62
179,383,42,41,45
12,21,227,224,249
853,262,241,239,255
781,146,46,48,52
1111,99,233,232,249
718,160,43,46,49
460,111,40,42,45
378,52,34,25,28
1002,328,46,45,51
1148,288,235,231,247
1062,415,50,50,52
520,170,48,45,50
1092,358,245,243,255
596,209,91,93,127
1097,471,235,234,252
402,469,58,55,54
978,425,48,45,50
1044,266,47,49,52
424,488,125,127,139
913,385,48,45,52
797,365,44,44,51
192,299,40,37,40
912,478,48,49,49
1115,383,234,231,245
481,255,192,190,204
79,290,33,30,32
874,2,100,95,91
237,93,39,42,48
259,498,92,78,56
185,298,36,38,41
699,390,45,46,50
867,30,96,96,92
1037,153,49,51,53
491,323,45,45,48
490,323,44,43,46
1047,439,47,47,50
1119,417,232,229,244
59,46,116,105,117
1120,289,228,227,245
511,268,51,48,60
296,4,189,191,209
417,100,39,40,42
353,497,66,61,52
226,230,183,186,202
791,388,45,46,48
430,443,144,69,68
209,429,46,46,50
381,24,37,28,27
896,201,46,47,50
255,284,46,44,47
680,120,47,44,49
857,244,238,238,255
629,335,44,42,45
672,184,238,236,255
905,320,49,46,49
1169,404,237,236,252
67,94,153,25,32
575,467,132,127,117
484,124,46,44,44
689,486,115,90,62
457,290,46,50,50
138,286,41,42,40
174,296,37,38,38
540,335,40,42,45
452,129,42,43,45
296,209,189,185,208
1043,388,49,50,53
851,439,44,48,50
482,267,198,200,219
871,417,47,48,46
920,162,48,48,50
1152,444,231,229,246
804,193,49,49,50
1111,469,232,229,245
697,328,46,47,50
840,151,47,49,51
1149,410,233,230,246
357,169,47,40,47
651,280,43,43,49
201,209,189,185,204
570,224,232,232,255
248,111,26,29,30
251,496,78,70,53
507,54,43,44,47
434,11,31,28,30
7,469,50,48,50
753,433,47,44,50
1177,452,238,233,251
110,403,44,44,48
563,131,45,43,47
151,304,40,34,38
225,278,207,204,226
224,326,39,42,44
1076,227,54,54,58
372,237,103,103,109
198,76,209,199,222
1180,135,240,237,252
134,59,155,137,160
37,74,113,105,112
797,192,45,46,49
286,342,44,41,46
190,192,189,183,207
344,378,45,44,49
865,393,45,47,50
1027,140,47,49,54
726,270,47,48,50
409,235,168,169,199
883,275,50,47,55
768,315,45,49,52
537,21,54,48,48
85,328,33,35,38
664,371,43,45,47
231,184,190,185,205
590,340,41,44,47
243,249,189,190,205
111,418,54,51,53
393,484,79,75,69
61,378,44,43,46
214,268,205,202,223
833,362,45,46,51
427,433,44,46,49
1044,298,52,52,57
195,242,197,194,214
209,188,186,184,204
129,283,47,40,61
486,359,43,42,46
226,111,37,34,40
522,256,224,223,246
282,85,37,27,33
1088,141,61,59,61
945,54,111,76,62
764,11,52,51,51
870,16,100,96,96
763,300,44,47,48
504,350,39,41,43
643,191,242,238,255
867,416,50,45,51
626,366,41,43,46
332,117,30,28,32
326,346,44,42,47
656,442,45,43,45
995,397,43,48,52
1055,223,48,49,52
889,450,50,49,51
1174,402,237,234,250
793,234,236,237,255
525,35,35,34,32
614,129,42,44,46
776,169,45,47,53
186,304,42,41,42
468,346,50,52,54
599,72,41,44,45
1096,476,234,233,252
630,363,41,45,45
668,70,47,48,48
167,217,195,192,213
344,198,197,195,215
204,451,47,48,50
466,258,222,222,246
891,373,48,47,49
733,353,44,45,49
274,176,189,185,203
625,466,151,148,160
1072,86,67,64,64
123,415,47,44,47
31,163,170,33,39
527,108,46,43,49
1042,145,50,50,54
391,161,42,42,44
260,158,32,29,33
1058,152,50,51,55
693,351,43,44,47
1068,479,51,51,55
469,105,41,42,45
493,406,38,42,44
292,497,46,47,49
741,80,46,47,50
896,165,48,49,51
329,247,147,137,148
480,74,42,42,45
1070,313,51,54,57
845,311,46,46,49
662,314,43,44,49
1138,448,227,225,243
156,225,198,192,215
182,179,196,190,211
10,154,169,28,36
567,155,44,45,46
13,23,225,223,247
574,303,44,45,48
1059,127,47,48,53
228,336,43,43,47
1042,274,70,69,140
257,380,42,42,45
887,458,50,47,53
560,181,226,228,254
930,28,88,65,61
125,141,35,28,35
573,101,43,43,48
720,181,52,51,56
567,220,234,234,255
254,77,45,45,53
818,37,51,56,54
405,304,43,43,46
762,181,49,46,51
268,200,68,47,74
153,488,45,46,49
282,62,43,38,43
404,36,35,31,29
1056,155,47,49,52
1125,337,230,228,246
643,99,43,44,49
472,410,45,43,47
144,428,47,50,50
359,198,194,196,216
1122,173,230,227,247
114,2,114,106,117
358,389,40,44,47
1067,328,47,49,54
873,128,45,48,54
1060,339,48,50,52
1028,206,48,48,50
539,369,42,43,47
161,90,160,149,175
978,196,46,48,51
99,459,76,72,64
497,166,41,34,35
347,319,39,44,45
781,268,239,238,255
901,263,239,239,255
636,147,48,45,52
641,136,45,46,49
3,1,227,230,244
150,277,212,212,229
139,297,39,36,35
821,433,48,46,50
752,49,47,47,49
697,11,50,47,52
1185,155,239,238,255
946,66,109,106,98
372,474,62,56,56
955,232,45,45,50
548,59,47,43,46
776,4,49,51,51
1027,57,182,167,123
231,342,43,43,46
205,349,43,43,44
909,432,172,183,170
983,8,117,86,63
689,69,44,45,47
390,186,204,202,222
235,285,61,52,75
392,264,216,215,238
43,177,172,31,40
401,72,34,29,30
694,265,43,46,48
317,186,194,192,210
852,462,45,48,49
691,462,116,93,63
1007,362,49,47,50
425,488,103,102,110
1156,105,236,233,249
1035,44,92,77,65
419,474,166,136,135
671,41,47,45,49
274,195,186,182,201
492,313,46,46,47
430,26,33,30,32
720,240,239,238,255
1039,20,107,83,65
261,103,35,28,30
777,141,45,45,47
614,423,44,42,46
273,345,43,43,45
119,35,178,179,189
19,0,228,225,251
192,58,165,38,49
783,202,52,50,57
633,408,42,45,45
1062,309,112,100,113
586,482,90,83,64
374,284,40,44,47
264,496,89,77,54
665,28,48,48,49
389,494,85,75,55
815,136,44,47,53
64,249,40,33,37
1064,370,48,51,54
203,324,45,43,46
1134,52,228,227,243
256,125,29,26,28
729,245,239,238,255
636,143,44,44,48
978,45,92,71,60
182,158,37,35,39
522,168,44,45,48
41,226,29,30,31
960,489,47,48,53
599,157,44,44,49
128,283,50,41,61
1094,395,247,243,255
310,462,128,120,94
565,366,40,44,46
1174,444,235,233,252
19,112,143,20,32
152,244,206,203,226
78,276,39,32,36
761,277,48,48,51
767,161,45,47,49
618,145,45,45,48
625,233,132,127,172
1026,14,108,85,64
1177,94,237,235,252
228,216,188,184,203
17,237,35,30,32
453,289,50,50,48
860,331,48,49,53
894,335,46,46,47
365,43,32,25,29
489,134,41,42,45
1172,137,238,234,251
510,362,40,42,45
502,427,41,44,44
41,55,110,102,111
1078,9,104,84,74
442,0,50,42,39
969,23,106,76,58
1099,129,237,236,255
876,492,164,154,104
860,461,47,46,50
17,396,48,46,49
878,49,106,99,93
975,424,42,46,51
407,305,45,44,44
745,229,238,238,255
122,255,218,212,237
184,163,35,31,33
214,404,41,43,48
297,263,204,201,223
1181,281,239,237,252
651,238,49,51,55
673,128,46,43,51
563,485,162,158,162
27,129,152,23,31
20,32,221,222,244
258,265,156,154,190
494,10,83,63,48
860,80,43,48,49
1014,245,45,47,51
48,236,33,31,28
856,33,94,87,83
174,125,114,113,130
735,103,44,47,49
1018,99,49,49,53
870,84,48,49,51
230,107,37,35,40
462,188,129,124,131
90,461,64,57,53
825,197,48,48,49
158,325,43,39,41
680,460,104,80,57
515,83,32,32,33
635,430,43,44,48
416,134,42,42,43
563,274,45,47,50
1193,442,238,237,251
1037,220,46,48,53
327,344,44,44,46
721,188,241,236,255
961,206,46,47,50
46,272,30,27,31
128,295,32,31,35
839,191,49,47,51
440,376,44,46,49
830,335,41,44,49
1096,427,239,239,255
397,197,209,209,233
524,361,38,42,44
934,264,47,46,50
1078,292,238,238,255
346,306,42,45,46
356,265,216,212,236
745,110,50,47,51
474,199,227,229,253
173,188,194,190,211
158,207,191,188,209
741,52,46,46,48
1110,234,235,231,248
235,198,185,178,201
105,180,243,241,255
654,210,237,237,255
77,357,40,40,43
720,167,43,48,49
282,305,42,45,45
802,258,242,239,255
1056,289,53,54,60
457,172,43,44,47
427,27,34,29,30
426,287,42,43,49
135,302,34,36,38
96,434,49,47,51
494,257,219,219,237
272,216,189,184,203
398,193,212,209,231
1068,330,47,50,54
161,402,42,44,45
849,475,52,51,51
624,21,49,48,50
920,330,46,48,51
571,310,38,43,44
812,411,51,50,50
616,6,49,50,49
127,427,53,52,53
721,252,239,236,255
1191,125,240,239,253
237,90,43,44,49
975,191,53,47,52
455,189,224,224,245
601,393,42,42,46
270,353,45,40,46
479,317,50,47,51
313,398,41,42,45
51,150,164,32,41
737,61,47,46,50
642,307,44,44,47
1146,419,231,230,248
910,292,41,45,50
831,493,166,162,165
680,153,47,45,50
1167,193,241,236,253
149,451,48,48,51
1094,176,244,242,255
702,451,46,45,48
552,251,228,229,249
408,157,45,43,45
286,22,161,171,188
699,423,43,43,47
885,258,237,238,255
1194,50,242,236,253
633,70,42,45,50
189,323,37,38,43
73,207,93,100,102
851,38,87,83,80
96,459,57,53,54
1086,355,253,255,255
745,195,140,142,197
540,353,39,42,45
45,495,85,78,72
300,368,40,43,45
523,394,41,41,44
922,471,49,46,51
1042,305,177,180,191
1190,63,241,236,250
470,233,213,213,235
1045,488,48,49,54
601,335,41,43,48
77,318,34,33,32
394,384,41,43,46
836,111,47,47,53
749,21,50,50,53
443,189,222,220,240
45,474,51,49,50
109,368,40,41,41
356,335,44,44,47
977,10,109,78,64
261,119,36,27,31
155,312,32,33,37
380,139,43,38,43
124,448,48,48,53
918,446,74,60,52
687,417,42,44,46
459,412,49,51,54
56,345,42,40,44
185,279,207,207,231
1098,310,242,238,255
430,451,164,102,95
1192,167,237,235,253
914,156,50,48,52
785,394,44,48,47
820,170,48,47,52
921,373,44,46,50
756,229,238,238,255
56,483,65,56,53
88,493,50,47,50
0,53,31,28,27
370,387,46,45,47
517,123,43,45,47
539,26,66,56,51
879,231,240,236,255
1128,229,232,229,244
60,39,120,107,115
962,459,48,49,50
372,461,116,93,88
264,383,41,43,46
243,21,202,187,212
522,345,43,43,46
220,432,45,47,49
1008,13,115,88,65
63,157,164,26,37
440,444,26,26,25
186,369,43,43,45
1108,298,233,231,249
629,377,45,46,48
374,33,35,28,28
1085,265,59,57,61
325,124,29,28,30
568,463,145,141,140
963,487,47,47,51
190,482,48,47,50
641,196,233,234,255
579,484,168,163,164
443,214,225,223,245
115,118,159,34,37
844,89,51,46,50
4,161,173,32,40
690,448,40,44,45
184,459,48,47,48
1012,15,108,83,64
843,229,243,240,255
370,174,194,194,211
205,441,45,47,47
1021,411,50,47,52
204,232,46,37,44
41,1,228,225,250
519,55,27,26,30
542,3,85,71,54
99,339,31,33,36
808,106,45,47,49
1004,319,46,46,52
543,425,41,43,45
980,15,110,80,63
1009,462,43,47,53
542,370,40,42,41
599,171,45,46,51
261,399,43,45,46
633,161,44,47,49
1134,415,229,229,245
489,309,42,45,48
893,273,58,55,55
843,211,49,52,54
488,120,41,43,45
921,433,53,46,63
875,87,46,47,52
242,124,30,26,30
268,276,43,42,46
1145,99,230,231,248
125,498,43,45,50
651,81,41,46,46
253,343,42,43,46
389,398,55,58,60
746,371,46,45,47
374,384,39,42,46
992,88,48,49,51
1172,393,238,237,251
319,439,77,77,55
1156,92,235,231,248
918,280,51,48,53
678,170,46,48,48
1059,361,51,48,55
70,65,179,179,199
808,237,76,63,106
88,206,147,152,168
1059,190,47,49,53
958,10,108,79,62
884,126,46,48,51
183,482,45,46,50
920,243,51,49,55
970,68,87,76,63
801,64,45,46,51
586,170,44,47,48
624,255,50,48,52
695,151,44,47,51
331,284,42,43,47
198,102,102,106,121
488,285,41,48,51
1025,265,43,47,51
976,13,109,79,61
786,266,240,239,255
370,132,33,37,39
1052,459,48,49,53
1051,271,54,54,57
661,331,44,47,48
756,443,46,46,51
1121,154,233,228,244
628,392,44,43,46
1157,270,236,236,249
932,37,163,113,81
646,337,41,45,45
425,390,37,42,47
874,399,49,48,51
804,301,44,47,50
836,130,48,46,51
1195,424,236,236,251
704,463,123,106,76
357,358,40,44,44
248,7,179,168,193
375,392,45,45,46
104,168,41,32,36
846,262,236,238,254
1086,203,55,56,60
145,98,142,131,149
315,252,203,201,223
271,49,45,47,51
880,233,243,238,255
1138,432,234,231,244
939,438,46,48,49
910,274,133,142,169
1053,71,109,95,80
295,187,188,184,206
222,203,183,182,200
1140,284,230,227,243
968,453,59,50,55
1050,134,48,50,53
498,418,46,44,46
425,43,35,31,32
271,22,99,100,119
476,1,56,46,40
1064,223,50,51,53
802,376,47,45,50
160,155,45,47,54
1112,201,235,233,251
910,237,241,238,255
116,225,87,79,87
1140,63,227,230,244
1069,343,48,50,54
25,441,50,49,51
142,7,155,156,169
371,381,45,45,48
124,128,43,29,39
975,115,45,48,50
798,293,47,47,50
1128,426,230,227,246
858,183,46,49,52
