x,y,R,G,B
622,62,46,42,47
408,220,219,217,239
286,317,38,43,46
196,296,39,39,42
173,489,44,43,50
252,92,40,36,39
163,163,41,39,43
392,9,40,28,27
574,220,235,233,255
726,475,154,146,159
173,308,40,39,43
859,295,47,47,50
716,289,46,43,50
648,265,48,44,49
295,237,49,49,53
144,332,33,35,37
610,53,47,44,49
10,21,227,222,250
190,115,132,140,160
1150,278,237,234,249
644,270,46,45,49
1196,389,239,237,253
1089,344,248,245,226
370,314,42,46,46
934,69,87,84,77
33,41,221,226,249
322,429,61,60,50
645,188,240,236,255
375,154,41,39,43
424,444,160,152,150
927,358,46,46,48
42,160,168,30,34
599,11,49,51,50
310,125,36,28,31
589,49,42,43,50
931,468,44,46,54
395,388,43,44,45
878,433,45,46,51
427,51,31,32,35
1110,243,234,231,249
561,100,43,45,45
416,54,33,31,31
1130,117,229,226,243
499,97,42,42,47
977,406,44,47,51
528,493,108,102,76
933,235,47,48,49
268,95,32,28,29
1137,483,226,226,241
697,306,47,45,48
85,256,219,215,239
594,277,47,46,48
590,408,40,42,42
46,150,161,30,35
1150,237,234,232,247
380,447,186,197,221
1021,255,48,48,52
943,248,44,46,49
1095,480,238,234,252
276,336,44,45,46
246,494,51,51,50
1133,343,232,231,245
544,430,41,44,45
219,136,31,30,33
406,307,43,43,49
564,44,44,43,46
178,351,44,42,45
684,12,46,50,51
498,378,41,41,44
729,420,44,43,50
1090,451,241,239,255
1104,138,237,236,255
410,200,208,210,231
956,16,106,76,62
649,426,44,45,48
37,79,105,93,99
1124,155,229,227,243
889,209,48,46,55
584,187,236,233,255
901,430,85,98,151
263,423,45,45,44
485,175,59,58,62
888,320,49,45,50
241,380,43,42,47
252,232,169,168,191
532,291,44,44,45
365,287,43,44,47
207,25,190,169,191
444,333,43,46,49
494,23,77,59,49
871,261,105,95,92
515,302,46,43,46
325,493,114,116,126
186,277,209,207,229
185,428,50,49,52
827,377,44,45,49
296,232,87,76,106
210,123,35,36,40
851,393,46,46,46
168,344,37,38,41
486,477,112,110,73
396,407,43,44,48
795,218,242,238,255
128,365,41,41,43
856,305,45,46,51
196,421,48,47,51
784,400,45,44,49
480,299,49,50,55
1005,187,46,50,51
251,7,173,163,186
443,452,126,84,84
857,79,51,46,51
595,68,45,45,47
17,469,46,50,51
569,196,229,230,254
584,68,43,44,46
699,342,43,44,47
990,223,46,50,51
914,415,44,46,50
1053,124,48,49,54
108,446,49,47,48
1049,421,50,50,51
776,2,50,50,56
333,426,48,45,46
391,179,48,45,47
448,5,40,31,32
559,350,36,42,45
985,453,85,66,53
96,409,41,44,46
924,109,48,50,51
295,147,32,28,32
60,496,47,48,47
1018,267,47,47,52
433,204,186,188,213
502,17,78,58,47
952,26,95,70,62
754,83,49,44,52
776,62,49,47,54
307,281,44,42,46
16,203,25,28,26
792,275,53,55,60
55,183,169,33,42
502,94,53,49,51
1104,0,243,240,255
800,484,157,152,165
1012,390,45,46,48
28,421,55,54,54
835,433,49,47,52
166,462,49,51,51
75,429,54,52,56
453,219,170,173,197
247,407,42,43,47
366,136,38,37,41
217,346,39,42,47
916,292,49,49,53
972,172,46,49,52
1088,133,75,68,67
428,191,219,219,239
899,98,49,49,51
113,232,142,141,151
1012,457,49,46,53
121,362,37,40,44
185,47,164,49,71
1002,349,46,48,51
66,312,39,36,37
364,265,215,214,237
1015,203,48,49,53
20,270,36,33,32
972,389,45,49,48
239,183,186,184,203
1185,421,239,238,254
1056,194,48,50,53
817,14,67,65,61
873,112,46,48,50
1050,338,44,47,51
911,458,47,48,51
1038,385,51,49,52
695,388,39,44,47
81,157,162,34,39
929,36,219,174,96
434,196,219,220,241
85,381,39,42,43
545,429,44,43,44
291,253,199,195,216
3,170,104,102,108
522,385,41,42,43
755,351,42,45,50
1017,317,49,48,52
38,48,149,148,163
1152,28,238,234,249
1054,448,50,48,54
931,212,44,47,49
705,296,44,46,51
1092,90,99,100,167
1096,318,243,241,255
741,29,50,49,52
984,386,48,42,51
849,65,45,49,50
519,322,42,43,45
1185,114,240,236,253
309,176,193,187,207
861,347,47,45,50
328,301,41,41,45
697,101,47,47,48
266,148,27,27,31
391,433,72,69,59
177,269,209,206,227
1102,211,242,241,255
882,426,50,53,54
14,163,171,32,36
65,46,121,108,114
628,332,46,44,46
862,143,50,46,52
867,417,51,46,54
720,0,49,49,52
357,213,129,125,151
275,258,197,196,219
463,336,42,36,38
154,457,48,48,49
983,370,45,45,49
70,246,36,35,36
931,284,45,44,49
777,451,44,47,51
135,492,50,47,50
813,329,46,45,52
606,355,43,43,45
1071,17,102,77,63
328,41,62,50,49
630,8,51,50,51
285,97,35,29,33
629,18,53,48,53
594,32,43,44,45
94,370,39,39,42
424,99,37,39,41
496,168,34,34,39
587,40,44,43,48
173,356,40,41,46
282,218,189,190,208
453,145,45,43,46
1198,473,238,234,249
364,231,209,209,230
1198,294,241,236,251
387,276,44,46,52
981,412,50,48,51
775,443,44,46,50
210,312,42,42,45
729,59,47,47,52
266,35,213,214,233
37,77,108,100,106
412,448,91,83,77
1175,378,240,235,253
891,319,45,46,50
1056,246,47,48,52
137,30,140,122,141
123,211,206,203,228
684,497,117,88,65
10,110,145,22,29
883,176,48,46,53
643,367,43,44,45
775,52,44,46,51
533,372,38,43,45
669,380,45,43,50
368,451,145,141,149
1091,406,241,242,255
679,430,46,44,45
740,491,115,108,80
154,158,43,47,55
1073,228,54,53,55
1102,148,242,239,255
814,443,45,46,51
248,252,196,193,215
744,252,241,237,255
992,13,124,93,67
304,403,43,43,45
488,44,43,42,46
434,318,43,46,46
751,116,43,47,48
146,110,33,26,28
1074,159,61,59,58
194,201,45,40,45
975,205,46,47,50
102,67,131,111,132
736,5,46,50,50
306,391,44,44,45
342,59,34,23,26
713,224,220,231,251
831,305,48,47,49
547,127,41,46,48
191,265,207,203,226
713,461,134,120,101
936,117,48,47,49
829,47,69,64,57
108,181,248,247,255
573,280,48,46,52
34,27,227,231,250
531,183,221,222,243
648,264,47,44,50
527,45,41,43,43
1022,248,47,49,53
604,309,44,44,48
591,80,47,45,46
694,486,126,98,71
137,437,51,48,51
948,144,48,48,51
1132,32,231,228,241
760,285,45,44,52
558,311,46,45,47
881,352,45,46,50
815,484,155,154,172
228,175,189,184,204
305,36,44,48,53
359,189,199,197,218
307,6,127,127,145
383,139,42,40,40
193,116,81,75,92
573,328,44,44,45
868,39,100,96,91
720,325,44,47,46
707,13,61,53,54
748,41,52,49,53
90,48,23,24,26
731,113,45,46,48
66,351,38,38,38
1150,268,235,234,246
647,44,51,45,50
431,265,228,230,252
933,270,44,45,50
368,46,36,24,28
23,204,59,51,70
902,410,44,45,47
268,224,187,183,204
561,237,231,231,254
741,121,45,47,50
761,439,43,48,51
556,456,147,144,149
1157,420,232,233,250
1086,303,68,70,63
294,203,182,178,196
585,150,47,45,47
269,415,42,42,46
763,103,47,46,51
761,30,51,49,54
281,153,34,29,33
803,54,48,49,50
550,353,44,43,46
1054,323,49,48,52
167,496,47,47,50
153,110,34,27,30
1063,300,220,206,172
124,395,44,43,45
1146,68,231,230,246
406,21,41,35,33
188,470,78,81,78
691,230,236,236,255
23,191,69,82,68
695,98,46,45,48
77,447,50,50,53
136,213,201,195,218
945,329,43,45,48
484,398,42,43,45
85,160,45,28,32
538,442,150,149,162
96,48,26,26,27
247,115,34,27,34
1130,458,226,224,240
1040,220,48,47,51
693,364,45,43,45
804,39,52,50,55
192,297,38,39,42
916,356,48,47,51
298,402,46,42,44
667,62,44,47,49
124,323,32,35,39
1129,122,231,228,243
1013,188,46,49,50
497,81,42,44,45
457,22,86,62,46
123,385,44,41,44
72,120,154,24,35
143,154,126,120,145
1102,366,239,237,254
919,80,45,46,52
287,328,41,45,49
806,253,244,240,255
945,268,45,46,50
204,219,186,182,204
860,144,50,47,52
907,139,50,49,52
309,454,73,68,54
838,212,53,54,59
63,114,151,18,31
1009,191,46,47,53
1148,283,231,230,246
21,235,42,29,31
80,494,47,45,49
776,322,47,44,53
195,314,42,40,41
140,388,42,44,45
804,156,46,47,49
184,126,48,51,61
220,327,44,43,44
349,31,36,30,29
891,401,42,46,49
467,404,43,43,47
289,486,66,64,56
2,339,42,41,45
791,50,50,49,53
419,100,37,38,42
415,288,50,47,51
1132,99,228,225,243
472,49,38,41,43
657,407,46,46,50
899,453,47,46,50
307,174,193,187,207
711,232,238,236,255
1178,493,236,233,250
262,80,41,38,44
181,454,50,47,51
558,406,46,43,46
53,263,34,33,31
517,68,30,28,30
693,205,240,239,255
800,323,46,46,49
23,318,38,38,38
461,56,39,40,43
58,104,151,23,31
436,67,41,37,41
435,115,42,41,43
996,149,46,48,53
76,163,168,30,39
1056,330,50,50,53
325,143,35,29,36
921,8,142,89,67
845,112,48,47,49
96,498,49,45,50
575,78,44,43,45
845,499,173,161,113
148,329,35,36,40
890,193,47,48,51
934,282,49,46,48
849,321,45,44,50
913,246,237,236,254
1044,465,49,50,51
1122,75,227,227,243
158,164,41,43,46
174,276,212,208,232
680,228,239,237,255
143,192,55,54,60
753,133,43,46,49
1046,178,46,48,54
819,219,244,239,255
1177,388,239,235,252
229,108,32,35,39
927,195,48,47,53
1090,197,237,232,219
163,85,159,151,173
95,92,155,27,36
782,271,238,238,255
803,5,53,51,50
531,363,39,42,44
437,281,47,47,50
731,181,48,47,52
506,341,39,44,47
575,143,46,44,48
231,336,41,42,47
711,214,146,147,176
194,339,44,40,46
1192,263,237,235,252
896,31,92,82,76
1138,351,231,228,245
171,497,48,44,46
855,196,48,48,51
948,70,103,96,93
25,460,47,49,53
368,26,34,27,23
135,162,166,172,189
816,411,162,156,177
509,149,46,48,48
1131,395,229,224,243
1075,26,102,98,94
742,408,48,45,50
642,405,38,43,44
100,61,137,118,138
53,75,28,28,26
1194,321,241,236,251
915,307,48,44,49
544,62,47,43,45
203,63,36,30,29
785,393,44,48,47
445,220,221,223,246
759,33,47,51,51
345,142,36,34,36
567,27,48,47,49
454,114,41,43,45
324,460,83,77,64
732,154,44,47,50
873,166,45,48,51
837,114,47,46,49
970,76,63,57,55
653,356,39,43,46
917,252,54,52,62
1050,448,47,51,52
747,277,48,45,53
706,367,46,44,49
584,120,44,45,48
666,196,239,237,255
691,372,42,45,46
77,285,37,34,35
1052,160,49,50,52
873,206,44,47,51
134,346,39,37,39
895,181,47,48,51
433,129,41,43,45
173,237,155,158,184
876,86,49,47,50
1117,17,235,230,250
780,477,159,153,171
293,82,33,26,29
423,335,44,43,50
1191,158,238,236,249
896,231,238,237,255
1143,91,232,231,246
991,137,48,50,51
1116,41,234,231,249
1011,48,105,83,64
887,387,44,46,47
78,153,161,31,38
460,364,47,45,47
307,313,42,42,45
711,474,144,127,136
268,15,35,29,34
425,231,225,221,247
792,357,42,44,46
230,75,139,149,162
981,489,48,49,51
14,83,123,114,121
1043,453,48,50,50
987,151,49,46,51
1109,495,232,230,248
783,259,242,237,255
663,422,42,44,44
250,364,45,42,45
1185,309,237,235,253
493,152,58,57,64
992,254,46,48,51
420,338,45,41,46
618,268,43,45,48
550,152,46,44,44
125,463,44,50,50
848,151,52,49,53
371,350,42,43,47
559,18,44,47,49
747,113,47,46,50
142,490,48,44,48
213,49,198,186,210
770,135,45,46,50
147,249,208,205,228
221,160,35,31,36
1102,488,234,230,249
480,311,45,47,50
174,456,46,49,51
879,16,97,94,90
476,330,51,49,52
684,303,42,46,47
151,354,40,41,46
171,138,49,47,57
31,194,83,83,83
842,300,44,47,49
522,316,42,43,48
470,240,219,218,240
1075,113,52,53,59
345,179,192,193,212
1025,475,49,49,52
729,174,51,48,51
154,115,34,27,34
57,205,54,51,60
651,95,46,47,48
634,254,47,47,48
1100,366,241,238,255
880,334,44,45,47
476,56,43,40,43
361,425,43,45,47
1079,452,55,55,63
59,399,45,43,48
1133,298,230,226,242
1180,87,242,237,252
777,242,236,235,254
877,261,238,237,255
35,116,147,23,31
689,121,48,45,50
1049,57,111,94,89
1180,296,237,234,255
24,306,35,36,39
808,255,241,240,255
429,314,45,45,47
168,420,50,51,52
916,416,46,47,53
601,413,45,43,46
54,464,50,50,55
69,140,161,37,60
201,430,45,47,48
858,64,48,47,51
598,146,43,45,48
783,256,239,240,255
1121,248,231,228,244
712,131,44,45,49
44,148,161,30,38
646,132,45,45,49
531,117,43,44,47
456,402,56,56,60
743,289,46,44,50
1078,256,241,244,255
659,25,47,49,50
1192,145,239,238,252
746,456,45,47,50
1004,403,45,47,53
741,312,47,46,47
216,459,48,46,51
304,114,27,25,21
1175,469,234,232,248
143,22,154,137,163
501,241,215,221,238
880,312,47,53,55
834,471,53,50,53
764,469,142,137,141
146,491,43,43,44
1117,88,230,227,245
380,353,44,45,46
1017,103,46,49,52
582,46,47,45,49
506,136,38,42,45
1140,489,234,230,245
798,336,47,47,49
725,242,236,236,255
711,447,43,45,45
546,234,228,225,252
27,433,52,49,52
932,29,84,65,60
783,164,46,46,49
673,126,50,45,49
117,430,96,75,107
456,237,233,232,249
1136,289,228,225,242
393,497,90,77,55
839,246,211,221,253
723,288,43,46,47
1014,450,44,46,51
164,125,147,141,163
806,281,45,48,50
979,372,43,45,47
360,10,45,35,35
1114,180,238,236,253
785,194,45,49,54
461,117,40,44,45
684,39,51,46,52
38,258,33,29,30
312,177,187,186,205
225,276,209,205,227
1024,245,48,49,51
991,332,47,46,51
685,213,73,55,68
53,20,59,60,64
741,142,46,47,50
314,245,149,143,156
974,293,44,47,49
569,73,44,43,50
1097,52,238,236,253
918,373,47,46,49
651,41,45,45,48
628,341,44,43,48
656,406,46,49,54
136,121,203,189,210
878,128,45,48,51
656,14,53,50,50
222,347,44,42,46
1123,109,229,227,243
1162,88,237,235,251
686,104,44,45,48
614,411,45,44,47
1151,376,233,233,248
1126,196,231,230,246
298,166,187,184,205
1033,305,47,49,51
37,482,44,47,47
488,135,43,44,47
513,224,223,220,243
111,35,193,189,211
979,227,46,48,50
979,105,52,47,52
573,58,45,45,48
1153,7,234,235,252
262,493,87,73,55
366,50,32,24,29
972,444,56,50,72
221,32,184,171,195
650,283,44,44,48
487,35,80,62,50
210,107,47,47,51
635,243,50,50,52
73,208,103,91,117
606,261,45,45,48
905,103,44,46,49
757,487,158,153,157
982,353,46,45,51
36,407,44,45,47
6,179,83,75,85
734,210,242,239,255
1097,424,243,242,255
632,83,48,45,46
251,121,33,26,30
948,60,60,58,66
515,375,42,42,45
601,58,42,44,48
316,395,43,43,48
339,345,42,42,46
283,187,189,185,202
982,37,101,77,59
1086,255,252,250,255
211,308,43,42,48
907,388,47,46,48
67,247,37,35,36
64,433,50,49,53
565,437,113,111,108
511,181,213,215,234
122,191,217,218,244
578,206,231,231,255
548,102,45,43,48
144,99,146,132,149
1155,480,235,232,248
1061,328,50,48,53
686,120,46,47,49
915,327,45,47,50
844,50,92,75,56
116,31,39,33,35
443,457,140,120,111
580,324,43,42,47
640,113,46,45,48
832,489,155,152,145
483,100,41,43,46
743,464,106,103,96
888,128,46,46,49
757,190,45,45,54
338,265,214,211,233
700,198,238,236,255
787,381,49,46,48
675,149,48,47,48
534,15,73,59,44
483,445,173,179,197
1149,29,236,233,249
807,257,237,237,255
1047,383,48,47,51
649,166,44,44,50
172,241,162,163,174
404,485,77,75,66
222,498,56,56,52
873,397,46,48,48
828,236,75,49,109
403,291,43,45,47
195,217,188,185,203
703,340,42,44,48
546,473,172,173,182
461,210,76,66,85
79,11,41,36,35
228,412,46,48,49
235,235,53,51,59
17,115,147,22,30
655,287,44,43,47
203,164,37,31,32
118,241,57,38,54
850,467,51,50,55
778,343,44,44,48
350,140,29,34,37
343,371,45,44,46
963,302,45,46,51
971,304,46,45,49
487,25,66,54,48
389,477,51,48,47
20,298,37,30,34
1102,154,247,242,255
124,494,47,48,49
466,255,144,129,135
1158,232,236,232,250
1193,464,238,235,249
396,281,49,44,50
203,201,190,183,201
126,85,154,138,160
610,275,45,45,49
1145,137,234,230,246
289,218,192,190,211
679,308,44,46,46
357,357,40,45,46
855,305,47,48,51
639,215,126,130,181
984,257,46,48,49
606,25,49,49,52
522,310,44,44,47
70,313,36,35,36
519,386,39,43,46
363,347,42,45,49
739,336,45,46,48
45,385,47,44,47
907,317,48,45,51
1173,180,237,236,250
654,178,233,233,254
983,163,49,47,52
248,405,41,44,47
202,138,36,31,40
655,329,42,46,49
1110,121,235,231,249
947,208,47,46,52
639,418,46,46,46
414,110,40,39,42
852,378,46,46,47
65,231,35,36,39
627,425,45,43,46
761,188,51,49,52
140,252,212,209,234
685,348,46,46,49
571,472,124,117,107
875,445,49,46,50
786,176,45,47,51
649,113,47,43,51
728,316,41,46,47
248,285,79,80,103
1198,385,234,236,253
1041,296,65,44,102
33,458,55,53,55
1008,337,45,44,48
1095,312,238,239,255
462,190,226,224,245
665,407,45,44,47
922,269,51,47,53
102,194,253,253,255
221,416,45,46,45
667,451,78,63,56
419,307,43,44,46
246,250,195,196,214
959,102,48,49,50
684,24,49,48,52
109,182,246,248,255
1186,482,235,234,252
566,486,158,154,152
43,488,79,74,66
465,400,46,45,49
358,266,212,212,234
563,253,231,232,254
330,268,130,133,165
1119,399,230,231,244
307,276,43,44,47
205,302,43,40,45
1060,195,51,49,54
421,242,93,84,102
1015,280,43,46,49
712,115,45,48,50
513,244,146,143,174
853,112,49,46,54
754,395,46,44,50
1050,445,48,50,53
648,177,232,232,255
1038,155,45,47,54
331,396,42,43,45
1064,103,48,51,53
893,200,48,46,50
718,208,242,238,255
898,487,172,159,84
695,238,238,236,255
231,313,43,41,47
1091,250,244,245,227
602,338,43,42,46
624,366,39,43,45
567,447,136,132,138
104,16,121,109,119
388,14,38,25,26
461,484,181,184,203
662,174,53,50,55
58,125,150,22,33
210,181,193,185,205
1180,377,236,234,251
579,107,44,43,48
1124,459,228,227,242
1031,350,48,49,51
1153,481,230,229,243
589,167,46,48,49
596,17,52,47,49
219,54,199,189,212
159,261,211,206,228
95,194,250,249,255
268,468,106,99,69
483,180,53,52,54
1107,197,237,235,254
197,257,203,198,221
428,262,228,228,251
488,151,44,44,47
210,144,30,28,28
140,179,192,190,210
424,262,225,225,248
343,261,209,209,233
300,376,45,44,48
569,237,234,235,255
65,226,95,91,100
1183,92,238,235,254
533,441,151,148,163
491,108,43,45,47
1138,409,231,229,246
309,97,30,24,30
716,364,41,46,46
839,489,156,148,118
273,440,65,61,53
1009,464,48,47,52
381,494,83,74,56
584,248,235,236,255
1065,330,50,50,53
1181,455,238,233,248
560,231,93,80,81
857,283,45,49,52
945,472,44,46,52
615,460,123,123,146
1120,395,228,229,247
1159,496,234,228,247
817,343,48,45,51
775,236,68,64,77
62,327,36,36,35
543,377,44,42,45
8,474,43,48,51
475,35,75,58,46
777,287,45,48,50
62,406,48,44,48
72,123,154,24,35
399,309,45,41,49
29,485,57,53,51
548,201,65,56,71
452,37,49,46,41
661,107,46,45,47
1195,99,239,237,254
388,212,62,57,60
354,74,33,27,24
609,103,44,45,47
859,278,48,47,53
563,16,86,72,56
601,478,168,163,170
448,209,109,95,136
635,305,43,43,51
993,173,45,46,54
719,32,216,151,73
712,462,129,116,100
221,147,31,26,28
484,412,41,41,46
691,170,43,45,49
380,475,57,52,51
881,337,43,46,50
782,99,45,47,51
219,99,43,41,48
618,355,44,43,47
1109,117,235,231,251
955,64,54,51,56
180,437,51,48,51
514,46,49,49,54
467,306,23,23,23
702,229,201,205,228
997,161,50,48,52
181,321,39,41,44
620,138,45,46,49
383,268,217,217,242
510,246,221,220,243
426,405,47,45,48
615,168,51,47,51
74,166,170,34,49
500,255,216,216,235
147,219,199,197,216
1161,385,234,231,246
450,139,44,42,46
1016,436,48,47,50
1135,270,231,225,245
869,323,46,47,49
475,89,44,42,46
84,399,41,44,47
908,403,45,45,49
288,66,36,34,37
777,121,45,45,50
678,421,45,42,48
1131,493,225,226,243
401,64,34,28,30
133,21,58,41,60
607,260,44,46,49
1050,220,47,48,52
969,111,46,48,51
126,382,43,42,44
138,47,134,115,135
407,254,225,228,248
223,272,203,205,226
811,378,48,44,48
39,377,41,45,45
14,436,50,50,52
1177,103,238,237,253
351,361,41,43,43
531,24,80,59,46
679,176,55,47,55
546,207,66,59,79
108,396,45,43,47
1116,428,228,229,247
535,309,44,44,46
438,140,41,43,46
237,249,194,193,213
1034,125,47,48,55
175,89,35,29,32
55,233,32,33,34
4,290,30,34,37
1037,228,48,49,54
538,56,46,45,47
216,488,75,71,53
935,382,46,44,49
928,352,46,45,49
474,236,113,115,135
1000,296,47,48,52
769,281,50,48,49
518,69,41,34,36
881,263,241,239,255
116,320,38,35,39
739,326,46,46,51
990,97,45,49,53
1120,374,229,229,247
569,86,47,44,49
937,144,44,46,51
1050,101,49,49,52
668,65,48,48,52
708,69,45,47,50
379,370,45,42,46
140,463,47,47,51
248,113,34,31,36
6,170,114,107,113
470,477,174,180,198
907,104,46,46,49
952,197,48,45,53
601,75,43,44,47
1027,37,100,75,63
326,340,39,43,46
33,399,44,45,51
365,292,43,44,49
859,381,45,47,51
637,414,43,43,44
1002,40,116,85,65
43,56,106,101,109
1176,211,240,238,252
748,91,46,44,50
1059,417,49,47,56
1055,73,96,82,71
105,279,36,32,33
364,21,41,31,33
235,294,43,42,46
481,368,44,42,48
745,321,47,47,51
432,451,100,93,99
588,113,43,45,48
3,497,48,48,51
73,348,36,37,38
141,75,163,148,171
653,234,238,238,255
350,231,202,206,228
668,368,43,46,47
1152,260,234,231,249
1144,414,229,226,243
546,190,227,227,248
826,480,173,169,182
470,355,48,47,51
467,220,226,225,246
341,370,41,43,45
73,63,187,186,207
1018,76,96,85,67
1076,296,53,53,57
1036,43,95,80,66
788,403,47,45,51
607,44,43,43,49
170,187,194,188,210
504,168,52,50,52
753,83,48,45,50
765,80,47,48,52
407,14,36,26,26
53,298,37,31,32
505,461,138,141,155
1016,140,50,49,54
53,422,54,55,53
282,332,43,43,46
698,368,43,46,48
605,345,44,43,47
1163,453,236,234,250
1116,323,232,229,249
514,214,219,219,242
841,39,83,76,68
1062,146,49,48,55
1154,262,233,233,249
413,223,222,220,239
454,150,45,42,47
405,187,205,204,224
837,275,49,48,51
935,65,91,88,80
577,380,45,43,46
342,261,212,212,235
473,226,203,202,221
303,177,190,185,206
724,419,46,45,50
179,416,42,42,47
206,243,62,58,61
193,387,44,43,45
679,37,49,50,51
406,198,209,208,230
1182,302,237,235,255
85,346,34,40,39
195,474,48,46,50
8,402,46,44,47
1145,420,230,231,244
943,5,142,99,83
537,292,43,45,44
415,212,215,215,231
368,177,198,194,214
420,480,150,138,134
358,179,198,197,216
587,132,42,44,47
1101,269,240,235,255
246,166,191,187,208
555,2,96,72,55
641,0,50,52,52
96,283,37,33,34
747,411,44,44,47
211,99,98,94,116
766,430,49,47,51
174,348,45,41,46
973,119,48,49,52
131,144,40,30,36
1053,370,47,47,51
1069,275,52,52,57
1150,67,232,231,246
223,77,113,111,123
163,83,161,152,174
328,328,41,43,45
232,225,189,186,207
1000,113,46,47,50
602,207,231,230,252
125,373,38,40,44
381,97,32,33,35
293,454,76,71,53
481,283,53,55,59
995,28,122,95,71
816,191,43,47,48
767,379,47,45,49
494,419,43,43,48
51,24,58,60,65
888,137,45,48,49
18,287,37,34,35
931,477,44,49,51
50,189,131,41,38
850,27,90,87,81
1198,127,237,237,253
540,414,43,42,46
1,346,43,43,43
61,468,48,46,51
599,137,46,45,46
70,26,148,138,154
998,352,45,46,49
410,253,222,225,247
277,142,32,25,31
1082,111,58,56,60
830,80,49,48,53
331,409,41,45,44
664,381,44,43,45
164,498,46,47,50
355,447,79,75,55
1180,194,238,237,252
531,325,43,43,42
228,403,44,42,49
546,236,224,227,251
702,185,238,236,254
521,423,41,42,41
95,34,129,119,137
534,131,41,45,48
691,86,47,47,48
573,475,117,109,97
168,306,37,39,42
1054,249,47,49,55
673,96,46,45,48
370,329,43,42,45
154,53,133,116,137
624,466,151,146,154
78,150,163,31,40
21,353,44,45,46
281,45,39,42,47
1183,208,239,237,254
867,235,239,239,255
1178,149,239,238,255
55,327,36,36,34
1141,289,229,226,244
368,13,43,33,33
806,376,48,45,48
917,119,48,48,52
310,17,41,42,47
31,34,232,230,253
197,190,192,185,208
663,210,69,64,74
200,345,40,44,44
756,161,48,49,52
912,404,43,44,50
592,410,40,42,46
999,103,46,47,52
518,86,46,44,48
599,394,42,44,42
940,98,45,48,53
264,52,43,42,47
866,454,48,45,50
331,469,119,115,123
873,296,45,45,52
775,77,44,48,53
94,15,115,106,116
200,338,42,42,45
611,235,236,236,255
456,15,89,61,46
338,476,141,140,152
1146,340,232,229,248
1071,105,53,51,56
630,312,42,42,47
584,73,40,46,47
1012,138,50,50,52
736,189,234,234,255
625,359,45,45,45
273,489,88,77,54
1160,205,240,235,253
885,316,46,46,49
48,481,48,48,47
510,116,43,40,46
145,102,146,134,154
35,407,42,41,49
324,333,42,43,47
1146,260,234,230,250
339,298,43,43,46
1053,24,99,79,63
328,18,36,38,41
1011,206,49,48,51
860,211,47,50,51
1145,49,231,230,247
83,17,104,100,108
738,90,43,46,49
620,307,45,44,46
518,485,105,101,73
943,136,44,47,50
382,368,41,41,47
19,185,70,71,71
831,202,46,48,50
396,458,148,150,169
834,437,47,47,51
804,284,47,47,50
9,365,44,44,46
563,213,233,229,254
1099,63,242,239,255
507,60,44,44,47
616,33,45,46,50
95,492,50,46,49
19,222,34,32,34
290,188,188,183,203
900,117,48,46,52
407,439,57,56,53
1021,110,49,48,53
476,187,50,50,52
229,346,41,43,48
866,291,48,49,51
1125,358,231,230,245
183,179,193,189,210
502,89,48,47,51
502,1,115,95,101
990,9,130,98,69
227,5,173,158,183
973,254,49,47,53
890,93,49,45,49
441,178,44,46,46
301,444,67,65,53
667,492,108,81,62
248,424,62,62,50
857,58,82,68,57
931,221,46,47,49
73,380,38,41,45
62,315,33,36,36
1012,374,49,49,53
556,339,43,43,46
475,13,80,58,48
296,451,62,63,50
788,196,51,48,50
687,198,238,238,255
522,124,44,45,46
741,41,50,49,51
850,78,48,46,53
491,469,142,146,152
1001,197,50,46,51
759,434,49,46,49
377,82,33,30,31
144,350,41,42,44
365,154,39,34,42
533,350,44,44,45
618,156,46,46,49
122,285,41,36,37
196,353,42,42,47
1000,95,47,47,52
531,182,223,223,243
538,296,49,45,49
680,272,46,46,47
657,141,43,44,48
525,340,47,42,46
159,262,207,206,225
563,296,44,44,48
370,244,64,58,63
1114,137,235,233,249
613,293,47,45,48
435,141,41,42,47
646,24,50,49,50
81,247,214,214,236
1137,276,232,228,243
947,372,47,45,50
541,270,53,54,56
436,463,28,25,25
395,239,211,210,235
771,40,53,49,53
923,399,41,44,50
723,157,44,46,48
1044,330,51,48,53
715,327,44,46,50
402,168,44,44,48
1040,329,51,49,52
1093,334,242,240,255
381,81,31,28,31
72,396,42,43,46
217,17,176,157,183
956,281,41,45,49
1049,359,50,50,52
997,308,50,49,51
1033,220,47,48,51
583,263,235,235,255
37,5,228,225,250
629,89,43,45,47
549,467,161,159,169
1080,106,57,56,61
1051,170,50,51,54
573,277,57,55,59
511,153,47,47,52
362,98,30,27,31
627,156,47,45,49
329,364,46,40,46
289,316,42,44,45
488,302,45,42,49
694,244,51,51,55
683,215,165,162,195
365,35,36,22,27
251,292,45,43,47
494,387,46,42,46
770,383,45,47,45
224,4,169,155,178
1180,95,238,236,253
995,200,48,48,53
1065,291,58,59,58
894,48,104,96,90
1065,151,50,51,55
761,305,46,45,52
328,442,62,56,53
713,53,50,45,49
351,114,32,29,33
95,248,215,214,236
824,342,46,45,50
311,124,32,29,31
762,211,239,238,255
786,144,44,46,50
129,134,29,27,32
15,224,34,28,31
714,405,47,46,49
1045,495,50,50,54
1078,264,55,53,59
894,82,50,48,55
218,171,184,178,193
1003,321,44,46,51
1133,261,231,229,246
190,327,40,43,42
53,118,149,23,31
783,46,50,48,53
967,457,74,61,98
843,176,46,45,51
443,173,44,45,47
358,346,42,43,45
440,268,234,230,255
959,66,52,53,53
924,254,48,46,53
496,481,122,110,70
864,169,47,48,51
1131,499,227,224,240
742,407,43,46,49
492,476,101,102,71
887,143,49,49,53
1016,120,49,49,53
875,284,49,46,52
546,259,225,224,252
293,478,105,100,81
1119,401,230,230,244
936,29,85,64,58
772,7,51,49,52
606,256,51,50,51
1119,39,232,231,247
347,1,45,41,43
1077,67,108,102,80
382,84,34,29,28
855,310,46,47,51
356,189,190,192,215
323,152,30,32,35
564,76,45,44,45
77,176,212,200,223
170,209,184,185,203
1101,402,240,238,255
365,461,79,74,70
815,30,51,51,55
852,487,175,162,117
245,14,182,172,197
899,1,218,161,89
318,130,36,28,33
645,182,238,236,255
79,167,201,190,209
492,413,45,42,46
1092,66,255,255,255
1012,267,47,49,53
90,341,35,34,38
733,188,240,239,255
93,430,45,47,49
560,406,40,43,47
149,124,204,193,210
103,186,250,247,255
500,424,43,44,47
649,280,47,44,46
871,446,48,48,51
1064,321,49,50,51
1171,225,239,235,252
364,59,33,27,30
1180,144,240,236,253
990,48,104,77,62
235,499,72,71,53
477,314,52,51,56
483,198,78,81,87
383,172,45,44,46
684,281,43,47,48
582,100,44,44,47
66,329,34,35,40
375,130,35,35,37
86,463,64,58,52
66,193,39,27,31
946,146,46,45,50
796,39,48,51,55
653,345,40,44,45
487,221,193,191,207
859,487,156,148,103
85,384,42,40,43
809,139,45,48,49
1150,132,235,231,247
447,21,62,45,37
434,311,44,43,47
1083,16,58,57,62
882,128,48,47,49
663,32,50,49,51
414,182,48,49,53
1178,250,237,236,252
719,393,54,45,46
649,330,44,46,47
793,379,45,44,50
280,52,47,47,52
355,456,85,79,58
727,472,154,147,165
445,267,237,233,255
732,122,44,47,48
232,302,41,42,48
464,179,45,45,49
900,283,48,48,51
1039,184,47,49,50
856,350,45,48,51
636,193,236,234,255
1143,378,231,231,244
1171,269,240,237,251
482,36,83,61,50
561,297,43,46,46
142,44,131,116,135
358,146,39,35,40
658,243,45,47,50
865,420,132,139,131
30,19,226,224,250
60,392,44,44,45
536,328,41,40,44
690,256,45,46,50
289,179,184,182,202
165,291,40,37,38
216,145,35,31,32
15,309,36,36,38
529,29,74,55,44
249,385,43,45,46
624,334,44,43,46
230,74,122,130,145
632,27,50,48,49
521,284,47,45,47
37,372,43,42,45
1114,175,232,231,250
223,177,191,184,205
471,32,89,68,50
583,124,44,45,47
912,255,240,236,255
594,495,184,188,197
950,488,51,47,50
412,253,225,227,245
415,200,61,56,60
917,80,47,47,53
167,62,139,125,146
722,87,46,44,47
953,267,48,46,51
60,369,44,43,42
726,38,52,52,52
1122,313,228,227,245
999,261,47,46,50
21,163,172,32,37
424,130,44,41,45
824,44,58,55,57
699,206,237,235,255
43,104,99,52,83
568,406,41,42,47
1158,65,237,237,250
189,328,43,42,44
738,36,49,50,51
867,342,47,46,51
823,197,49,49,51
438,76,38,41,42
756,412,45,45,48
727,190,242,239,255
632,485,135,126,131
130,134,38,28,33
42,423,58,55,54
1171,200,237,233,250
1102,252,238,236,253
727,52,44,45,49
956,113,51,47,51
726,327,46,44,49
918,416,47,46,50
1150,53,234,234,249
1106,109,235,233,249
74,488,90,87,91
562,71,43,44,47
1006,420,46,48,51
158,219,193,190,210
1025,189,50,49,55
459,387,59,56,59
292,242,65,63,73
118,6,111,106,115
654,2,51,50,52
1034,345,46,49,53
197,383,46,42,49
1126,464,230,227,245
664,493,107,80,59
201,497,45,45,50
89,193,165,160,189
252,233,158,156,177
145,336,42,37,43
207,491,46,45,50
1034,421,49,47,50
1092,490,236,236,253
371,469,54,48,48
879,80,49,48,50
548,441,161,159,161
766,53,48,45,53
829,307,48,45,50
214,120,39,39,42
657,365,45,44,46
589,106,43,43,49
1090,298,241,239,255
194,177,190,185,204
1141,269,232,229,244
883,416,46,47,49
630,165,47,45,47
831,291,47,48,50
217,390,42,43,46
456,313,44,48,51
232,134,30,27,27
178,379,41,41,45
77,287,36,29,31
838,164,50,48,51
246,478,78,70,53
556,132,41,46,47
236,475,52,52,51
8,269,37,32,32
1079,420,240,243,255
747,48,51,47,51
928,90,53,48,53
1060,136,51,49,52
1023,222,46,47,54
886,424,113,125,140
684,333,43,47,52
986,140,46,49,51
515,353,40,41,45
799,304,46,45,46
838,158,46,49,51
1083,440,64,57,62
1104,416,239,235,253
585,157,40,44,46
106,153,195,185,205
330,150,32,33,33
238,43,35,31,31
824,15,83,81,74
79,309,36,32,33
720,172,52,46,52
382,458,130,127,137
1066,458,52,52,57
463,21,101,76,57
671,84,49,46,49
239,236,184,187,203
29,172,175,38,44
664,228,236,238,255
1063,145,50,50,56
796,411,57,48,69
356,52,33,26,28
54,57,113,106,117
601,483,182,182,195
528,70,44,42,47
829,491,167,169,170
129,131,42,31,44
671,364,50,44,47
706,338,48,44,51
131,60,154,137,160
817,406,46,47,51
812,100,46,47,52
1061,315,52,51,54
925,178,47,48,50
4,73,107,97,105
580,212,210,216,238
241,370,41,44,50
976,499,54,51,54
76,295,35,32,31
464,187,52,49,56
1042,45,111,99,83
458,209,176,175,181
869,210,45,48,51
191,460,49,44,51
489,478,108,106,68
393,4,41,30,31
19,375,41,44,46
46,395,42,43,47
537,301,44,44,49
1082,32,250,247,255
739,61,47,47,51
915,336,49,46,50
136,169,63,48,70
738,408,44,45,47
624,158,46,47,46
448,450,131,120,124
284,83,31,30,34
633,199,236,234,255
804,151,48,46,52
1034,205,52,49,53
863,393,43,45,48
897,205,48,50,52
122,393,40,43,45
1062,352,45,51,55
969,469,49,47,52
217,427,48,45,51
553,496,126,122,108
593,271,50,50,55
1020,145,48,50,53
709,207,238,234,255
700,131,47,44,47
859,460,44,47,50
449,268,231,234,255
861,174,45,47,49
697,176,47,46,53
1101,374,243,239,255
612,16,50,48,50
534,30,52,48,47
1162,488,236,232,247
1068,76,72,62,64
875,86,49,46,49
52,430,49,49,51
1137,328,229,226,241
134,61,153,137,161
926,156,49,47,51
819,437,45,46,50
803,88,52,48,49
730,69,48,47,48
119,419,52,49,51
564,288,46,43,47
715,198,238,238,255
748,394,44,47,50
372,403,41,42,45
251,479,75,67,51
462,98,42,43,43
620,119,45,46,48
517,399,42,42,45
1112,482,231,228,242
108,219,211,207,231
184,255,202,200,221
674,409,49,44,49
828,223,244,240,255
482,368,45,42,48
1085,48,57,57,61
707,490,120,105,82
620,131,46,45,45
709,189,237,236,255
428,38,36,33,33
124,166,240,239,255
1199,25,241,238,254
340,423,42,41,46
793,260,241,239,255
870,102,48,47,51
35,349,42,42,42
325,347,44,41,46
165,412,40,43,47
1148,215,235,231,248
90,132,159,30,35
331,415,41,42,44
362,141,35,36,39
246,266,201,203,221
752,336,44,46,46
732,452,48,49,50
195,438,45,44,50
733,495,149,146,151
347,23,38,31,28
618,392,39,43,45
948,314,46,45,50
484,30,74,56,47
983,24,106,77,62
533,297,44,44,47
981,67,94,81,68
1042,114,50,47,52
748,377,46,44,49
70,476,84,70,66
332,17,37,36,38
535,287,44,44,46
1099,180,247,245,255
237,233,49,44,46
435,90,37,40,45
158,314,38,38,39
436,65,37,39,40
289,237,192,190,211
770,326,45,46,48
681,480,108,82,61
384,33,36,27,29
553,271,50,50,53
575,365,41,43,46
447,110,43,42,43
849,44,103,89,64
268,197,182,178,196
127,403,44,44,48
799,9,55,49,53
975,457,128,133,180
934,435,60,44,53
281,266,118,121,147
749,315,42,45,47
252,383,43,45,46
730,30,52,50,50
1180,211,238,235,254
626,367,44,45,46
1113,20,235,233,251
358,6,44,36,35
837,283,43,46,48
13,374,43,43,47
853,326,47,48,50
254,221,190,188,205
492,238,60,58,62
1156,362,236,233,252
94,201,176,185,212
367,470,57,55,52
777,132,44,47,49
213,124,34,36,39
748,102,47,46,50
576,356,42,46,46
71,119,153,29,35
833,393,41,46,49
97,496,47,46,51
596,8,83,73,69
1104,116,236,234,252
1057,149,49,49,54
831,290,44,47,51
209,94,196,199,219
898,434,51,48,53
548,225,221,221,246
450,95,41,41,44
741,449,47,44,49
20,307,42,37,39
506,58,44,43,45
294,423,47,45,48
678,142,45,46,50
90,190,151,155,171
76,162,167,30,41
536,59,45,45,46
817,483,170,166,182
180,406,43,43,48
619,133,49,45,49
74,208,164,153,181
655,446,44,42,47
1047,405,45,47,54
569,443,127,124,124
1014,307,48,48,51
647,329,40,44,45
370,403,42,43,47
1089,24,62,64,69
1143,11,233,231,246
1162,155,237,234,251
343,92,31,24,26
761,17,54,49,51
204,450,50,48,52
223,171,188,183,203
1001,49,112,84,62
1067,438,52,50,55
437,273,228,229,250
69,178,199,195,216
716,486,154,148,162
1199,361,240,236,252
53,59,111,107,116
505,432,163,162,169
1125,293,228,224,241
460,132,46,41,45
335,160,40,35,38
473,43,44,40,42
212,203,46,40,44
453,64,39,40,42
78,88,152,20,33
435,175,46,43,47
1071,52,75,70,72
85,398,39,43,47
416,52,30,30,30
437,160,44,44,46
53,228,35,34,33
438,456,32,25,27
810,219,238,239,255
199,186,184,182,203
1065,34,112,101,103
559,313,45,45,48
184,88,36,27,27
1059,84,69,63,60
403,437,190,194,212
669,413,44,43,46
678,412,39,45,47
221,61,50,34,55
244,96,38,43,43
1083,477,78,82,66
803,37,52,51,53
745,210,243,240,255
541,48,41,44,46
884,355,45,48,51
698,49,46,44,50
561,176,52,51,57
340,64,35,24,31
787,333,46,43,49
1049,339,44,47,51
157,188,199,195,218
730,280,46,46,47
794,28,48,52,52
473,362,44,45,49
479,389,48,43,47
835,320,45,47,52
329,36,38,31,37
573,438,129,126,124
57,228,33,32,38
14,57,63,45,63
1117,155,234,233,249
610,200,234,234,255
764,24,50,49,51
628,323,43,42,47
615,477,170,167,176
822,119,46,46,51
805,243,244,238,255
673,157,48,48,49
1181,416,235,236,252
1095,478,237,234,252
247,346,42,42,45
139,413,43,44,47
1021,367,48,47,52
203,73,202,194,210
805,430,49,50,50
260,257,195,193,214
11,356,45,44,46
722,42,93,74,67
996,171,47,48,51
1140,45,231,231,249
721,461,145,139,151
687,330,46,45,47
127,161,234,234,255
984,447,48,50,53
1142,161,235,230,245
80,346,39,39,40
790,314,43,43,47
523,57,43,44,44
77,256,151,149,175
847,268,50,49,54
1001,98,47,48,52
154,312,36,36,40
1061,391,49,49,54
385,284,44,46,49
271,105,32,27,30
724,88,44,46,49
1095,275,242,239,255
529,484,107,101,86
349,254,209,209,231
832,216,237,237,255
917,48,90,84,76
1032,197,46,50,52
1044,431,45,49,49
462,250,95,80,99
469,397,46,45,53
1143,30,230,231,247
311,314,44,42,46
788,134,49,47,50
1098,434,239,237,252
785,72,48,49,52
581,323,44,44,44
431,124,41,42,45
223,6,170,155,178
377,403,42,44,44
54,71,30,26,28
135,100,160,102,122
731,474,156,148,164
339,497,62,59,62
117,459,46,47,48
187,84,40,29,33
138,361,39,42,44
575,67,43,44,45
19,143,162,29,35
1001,280,46,47,50
638,171,47,48,52
893,317,42,44,50
719,432,44,44,49
213,341,45,42,47
93,4,30,28,29
118,274,215,209,234
479,53,43,39,47
185,97,79,69,95
210,25,178,165,186
1198,58,242,237,255
746,496,154,147,120
285,444,57,56,54
618,112,48,44,46
642,253,43,46,49
457,319,63,59,59
920,461,50,48,52
117,499,44,48,49
333,181,193,190,213
280,396,44,41,46
312,46,34,32,33
110,136,109,32,39
249,475,67,64,51
100,60,139,119,139
231,124,31,28,27
139,263,215,211,233
1057,154,51,49,55
977,140,46,48,50
698,9,53,51,54
946,362,43,48,51
272,396,42,42,46
1179,20,246,237,250
929,102,43,48,49
1158,1,236,236,253
326,493,126,125,143
50,135,154,22,31
429,265,231,230,252
185,19,156,26,38
492,72,43,42,46
1184,202,238,238,254
1023,39,102,77,63
1135,4,230,230,245
415,124,44,40,43
375,138,37,37,43
1077,204,52,51,56
538,345,42,42,46
1054,453,52,48,54
64,178,60,29,35
1187,490,234,232,249
611,486,187,189,201
639,181,237,235,255
1053,335,48,49,51
332,396,46,43,47
175,178,196,193,215
311,348,43,42,47
446,114,40,43,46
804,141,48,44,50
387,355,44,45,47
333,351,41,44,46
624,109,47,45,46
165,102,205,192,215
27,273,38,30,30
568,70,45,43,46
581,131,43,45,48
226,125,32,32,34
646,125,43,47,48
847,438,47,46,49
1057,375,47,50,52
716,294,43,45,51
602,387,41,40,45
962,77,68,59,56
580,313,41,43,44
873,279,47,47,50
428,383,46,43,47
250,227,192,188,206
1163,94,239,233,251
870,37,100,95,94
983,365,48,47,51
390,462,139,138,155
83,286,34,29,33
178,397,42,44,47
322,211,172,178,187
892,321,43,45,47
810,430,47,49,51
174,398,47,46,48
532,114,42,45,47
1133,252,228,226,244
767,100,50,45,50
137,135,53,33,61
614,29,51,48,49
469,247,208,208,225
939,453,138,128,186
792,200,48,48,51
550,488,129,125,106
77,116,152,27,35
63,54,118,108,116
308,103,29,25,29
70,164,166,33,40
158,470,136,132,121
650,308,43,46,46
1059,425,49,48,51
314,259,209,205,229
1025,63,126,114,101
807,296,46,46,49
790,30,49,48,53
496,30,84,61,49
600,197,238,233,255
69,100,152,25,32
745,329,46,46,50
810,242,73,60,101
838,464,50,46,51
243,433,68,70,53
383,349,44,44,46
1044,122,50,47,54
124,449,52,48,52
769,146,46,46,49
961,418,47,46,50
1093,281,248,243,255
1049,267,43,50,53
1025,26,106,80,62
276,222,190,187,208
842,422,90,90,72
1132,201,228,226,242
936,165,50,47,53
124,338,34,35,37
201,281,207,208,231
419,456,150,135,125
646,210,92,70,73
849,355,44,45,49
1147,11,234,232,249
460,339,19,21,22
852,479,168,154,95
948,167,49,49,51
310,491,49,49,49
944,340,43,46,51
1095,33,225,219,232
1168,130,236,235,254
749,11,50,48,52
721,407,45,43,50
741,267,49,50,54
168,276,213,209,233
633,372,39,42,47
363,138,33,35,38
803,154,45,47,50
898,41,98,92,93
751,424,45,47,48
932,182,49,46,51
362,284,38,43,45
1103,146,237,239,255
148,153,130,127,149
548,316,42,43,48
1071,486,54,51,58
682,496,115,85,65
314,175,189,187,206
428,237,223,223,247
28,106,138,34,44
685,344,43,44,48
467,218,224,226,249
1033,410,46,47,49
495,388,45,44,47
26,44,65,63,66
310,394,43,43,47
1159,110,238,235,248
437,93,42,39,43
358,2,44,36,37
1112,175,236,233,253
554,462,150,147,159
1129,271,226,227,245
923,71,75,70,64
11,467,48,49,55
796,126,47,46,52
245,7,181,170,193
1176,179,240,238,253
844,353,45,48,51
440,478,132,124,120
110,18,121,112,121
140,284,45,41,41
413,193,210,210,234
937,411,48,44,49
316,445,68,69,53
824,302,42,45,48
127,151,222,226,242
117,199,221,219,248
694,65,47,48,53
119,106,160,28,38
567,316,42,44,48
540,237,54,54,58
1016,92,48,50,52
723,428,44,46,51
38,308,33,33,34
209,229,194,189,209
382,51,28,24,26
819,215,242,238,255
895,466,47,47,51
903,98,47,48,49
972,304,47,46,49
979,333,51,46,50
988,11,121,90,67
106,103,159,31,38
947,167,49,47,50
1075,445,48,52,56
331,328,44,43,43
1091,366,240,241,255
372,208,201,202,225
33,199,84,86,75
507,347,40,42,44
801,20,50,50,54
258,374,44,43,44
179,239,112,107,118
895,435,47,50,50
573,104,44,43,47
557,366,45,44,45
1152,25,238,234,252
658,258,44,46,51
1024,175,49,48,50
51,90,193,189,211
444,188,223,225,242
906,75,45,48,51
122,267,215,212,234
767,328,42,46,49
933,388,46,48,46
781,486,161,156,170
151,378,42,41,45
209,414,44,43,47
719,159,46,48,50
1127,101,229,225,242
1140,171,231,230,244
131,412,45,44,45
943,96,49,47,51
1120,114,230,227,242
945,147,43,47,50
876,58,87,86,79
418,297,45,46,47
1181,282,239,237,252
707,162,51,46,51
337,21,36,32,32
363,133,36,35,38
900,309,43,45,48
1162,53,238,237,253
412,2,36,28,28
102,120,159,27,33
863,475,47,50,51
275,332,46,44,43
982,411,49,48,50
148,152,127,132,153
869,285,45,48,51
1177,202,240,237,252
1023,276,43,47,50
1025,312,46,47,54
314,85,32,26,27
861,305,44,46,49
36,135,154,26,34
1124,52,230,227,244
914,328,44,46,50
487,243,202,203,217
146,382,37,43,43
29,183,115,108,116
853,38,92,90,84
1104,360,240,238,254
624,187,237,232,255
1053,145,46,50,54
198,328,41,41,47
114,193,221,220,248
1125,101,229,228,242
884,495,172,164,113
125,236,198,194,215
822,186,45,48,50
260,377,43,43,47
775,132,49,45,52
659,224,232,233,255
1016,187,43,47,51
678,301,46,46,48
494,272,46,49,53
28,491,66,60,54
235,32,38,30,31
878,364,49,48,52
824,6,84,84,79
674,8,51,49,51
156,484,45,47,50
744,428,46,46,48
1123,252,228,226,244
184,175,195,188,212
1113,66,232,231,249
426,110,41,39,43
592,141,49,44,47
1101,494,233,230,244
564,240,235,231,255
1166,395,234,233,250
383,76,31,28,30
882,438,48,46,51
260,41,215,214,237
1091,491,238,236,252
676,38,46,45,48
300,77,31,26,28
332,319,45,42,46
357,198,158,158,171
444,415,13,15,16
726,405,100,112,137
474,250,56,58,65
959,282,48,45,50
1109,122,237,234,250
219,58,172,166,177
1160,152,239,236,249
463,238,233,231,254
1091,236,228,219,192
899,364,48,44,50
990,255,47,47,49
708,61,46,47,51
459,430,125,120,99
333,421,43,42,48
542,86,44,43,47
788,173,45,46,49
90,233,209,205,229
679,1,45,48,53
1051,208,48,50,54
630,470,172,171,185
680,258,45,45,50
595,479,172,168,173
574,92,45,45,49
1162,92,236,236,250
1036,242,49,46,51
1087,210,66,65,63
901,205,49,47,53
24,143,161,25,32
905,398,44,43,50
1194,349,238,236,251
359,458,65,53,51
416,114,39,41,43
496,78,44,44,45
43,396,47,46,45
600,423,41,42,46
728,64,45,47,50
424,100,38,40,42
916,397,44,43,47
107,366,40,40,40
177,42,174,157,182
289,109,36,26,31
248,436,71,70,55
691,64,46,46,48
565,102,45,44,47
597,458,135,128,131
12,272,33,30,33
310,421,42,43,47
413,44,33,26,30
916,313,43,43,49
406,65,33,32,34
556,429,42,43,45
912,159,47,48,51
489,399,45,42,48
776,211,241,238,255
513,304,47,45,49
168,106,201,190,213
632,342,42,43,47
504,399,41,41,44
110,147,199,189,210
333,350,41,42,46
675,115,43,43,53
457,103,42,42,45
726,82,47,45,50
189,292,39,37,41
200,498,49,46,48
465,117,45,42,46
820,482,171,170,183
80,64,193,190,212
936,85,48,47,53
1011,39,105,82,64
581,304,41,42,47
1003,293,48,47,53
76,17,46,38,44
45,98,34,31,33
44,468,48,49,50
422,133,42,42,43
64,236,36,33,37
521,9,55,52,58
1001,83,59,57,55
1089,185,226,235,255
367,173,198,194,211
1129,446,229,229,243
749,227,180,175,236
480,130,45,44,44
1069,447,52,53,55
607,133,46,48,50
817,442,45,45,49
326,419,40,44,47
971,381,45,47,48
100,58,138,117,139
1109,196,237,235,254
363,289,44,44,48
823,169,46,47,52
673,202,238,237,255
1029,130,48,49,53
964,173,46,47,50
18,443,48,47,52
1063,319,49,50,53
69,320,36,35,38
753,20,48,49,52
311,405,47,41,49
3,190,63,61,60
322,142,32,31,32
774,344,45,48,52
896,13,96,92,83
1045,81,67,63,60
956,27,90,70,60
1159,378,234,233,251
1161,171,238,234,253
605,70,46,43,47
434,451,72,64,68
879,180,48,46,53
339,373,42,44,45
1131,290,228,228,244
339,309,41,42,46
1093,71,238,242,254
830,92,49,49,52
58,390,45,44,47
1133,341,229,228,243
213,211,77,73,80
72,422,57,59,55
1035,60,124,107,87
312,230,195,195,216
992,290,44,47,49
1098,313,239,237,255
705,243,101,97,117
454,281,53,49,53
409,81,36,35,36
414,433,49,44,49
469,185,48,48,53
1056,489,50,51,57
433,59,39,38,38
895,302,42,46,50
719,201,238,236,255
95,89,153,24,34
88,263,42,38,44
842,370,44,46,51
1002,414,48,47,52
364,77,30,25,25
638,373,48,44,50
858,0,95,91,89
172,284,41,38,57
196,107,98,101,117
896,50,99,98,93
376,410,43,44,45
414,329,45,43,45
1035,352,46,47,52
1118,347,231,228,244
870,421,125,133,146
597,414,39,42,42
356,298,45,43,47
810,359,44,48,47
150,125,205,196,215
122,250,214,210,233
776,245,239,240,255
587,394,41,42,44
381,189,200,197,219
941,31,83,65,58
960,41,94,69,59
968,171,50,49,54
219,6,171,154,178
275,378,39,42,45
858,51,102,87,64
332,147,34,31,34
496,156,26,27,25
685,144,42,46,48
612,394,39,42,45
997,186,47,49,52
1050,302,52,53,56
1044,286,111,101,119
585,241,234,235,255
118,370,40,38,44
1065,245,48,48,53
1144,96,232,230,247
1122,138,232,229,244
93,454,50,46,48
269,130,30,25,29
494,328,43,44,46
1028,487,48,48,51
730,482,155,149,161
95,328,36,34,35
416,157,41,40,47
9,86,125,116,124
781,217,243,238,255
744,160,47,49,50
832,238,238,239,245
313,376,40,43,44
966,107,49,49,53
331,429,71,66,55
755,330,49,48,48
97,435,48,47,51
1139,271,230,230,245
840,193,50,47,52
294,168,186,183,201
194,379,45,43,44
849,18,92,88,86
1038,478,49,48,53
103,265,41,38,41
1098,474,236,233,251
985,274,48,50,52
687,283,46,46,47
1116,279,234,230,247
685,72,45,45,47
2,255,36,29,30
23,338,38,39,41
396,130,42,38,43
350,456,73,71,55
442,202,222,223,242
774,154,48,47,50
428,112,41,41,42
964,75,66,61,57
456,266,238,234,255
731,457,46,49,51
895,56,102,97,95
468,488,117,110,76
162,419,46,48,50
1020,412,48,46,52
885,181,50,49,52
201,173,185,184,203
144,355,42,39,42
811,394,46,46,49
414,81,40,36,37
933,459,46,49,52
591,39,42,45,47
840,168,46,48,51
1043,45,116,103,87
109,300,38,33,34
1157,165,232,232,249
386,33,39,27,32
984,252,45,47,50
481,115,42,42,46
323,323,41,42,45
1156,397,234,232,248
512,371,43,42,48
416,263,229,230,251
1007,473,50,51,54
652,409,45,43,46
286,425,64,61,45
104,422,125,92,91
966,34,93,73,60
483,66,42,42,46
414,179,45,46,48
1041,276,160,161,239
355,439,101,93,65
931,386,47,45,48
216,248,195,193,216
875,96,49,47,51
864,419,64,59,58
469,470,178,181,201
931,189,48,48,51
569,478,115,102,80
1168,432,238,234,252
396,427,42,44,47
985,82,60,53,57
607,479,182,176,187
785,211,241,236,255
392,200,204,203,224
185,476,48,47,50
237,164,186,182,202
955,237,45,48,51
982,420,48,45,50
244,463,72,68,53
68,196,39,30,31
375,350,41,41,47
375,473,58,53,52
1170,471,233,232,248
480,77,40,43,45
455,38,56,46,42
419,41,34,30,31
335,373,39,43,46
755,211,242,239,255
1099,234,241,237,255
371,127,32,34,37
1038,262,48,48,53
370,390,45,41,46
599,377,45,43,45
800,114,49,47,53
218,320,43,42,44
365,168,44,43,45
798,433,46,45,50
614,31,46,46,48
761,247,241,239,255
635,196,240,236,255
1135,29,233,230,245
772,410,64,48,74
859,248,239,237,255
589,256,235,237,255
1037,284,114,106,112
822,274,49,48,50
842,345,47,50,51
1045,473,51,47,51
747,246,245,239,255
778,212,243,240,255
820,393,45,44,49
1037,359,43,48,50
729,56,44,45,49
876,55,99,94,90
48,403,42,45,47
810,160,48,47,53
532,460,157,154,165
640,447,185,196,208
310,188,192,191,209
1095,383,246,244,255
412,438,117,113,118
700,476,127,105,73
988,35,113,88,63
1030,428,47,49,54
395,43,30,25,28
733,104,44,46,47
465,460,178,183,200
425,169,45,43,46
967,137,47,46,51
418,380,41,44,47
1046,233,51,48,54
512,259,221,221,246
5,67,37,23,35
71,43,118,109,118
552,236,229,231,252
713,245,236,238,255
463,476,174,181,200
573,239,236,232,255
422,79,40,35,38
1124,261,231,226,243
206,222,190,185,208
1096,493,238,234,254
897,275,51,52,54
1134,374,229,228,242
159,198,188,186,205
961,198,47,47,51
817,197,46,47,51
596,431,46,45,46
909,181,48,47,52
286,421,43,44,47
676,14,48,49,51
862,426,45,47,55
376,470,53,47,49
317,449,73,64,53
399,302,46,43,46
739,91,44,46,50
1145,488,227,224,241
497,490,135,121,73
192,305,42,41,44
615,155,44,46,46
737,183,52,51,53
432,297,48,45,46
1169,236,238,236,254
921,353,48,46,52
106,361,37,41,44
965,140,46,48,49
35,101,29,28,26
817,194,47,47,52
889,223,242,241,255
135,286,45,39,41
652,200,238,237,255
162,61,138,124,142
143,353,39,39,44
803,225,242,240,255
807,213,239,237,255
305,227,197,195,215
1145,117,230,230,247
560,431,42,44,46
699,109,44,45,48
765,22,50,50,53
326,191,191,191,211
49,61,115,106,112
242,166,189,184,209
969,334,45,48,51
60,336,41,38,40
129,372,43,43,46
940,267,48,46,51
1021,201,47,49,54
734,398,50,49,50
580,129,47,45,47
902,269,240,238,255
803,171,45,46,50
215,25,173,159,182
992,35,120,95,70
342,477,81,78,81
661,472,92,69,57
115,42,191,188,210
301,330,41,44,45
303,464,131,121,94
153,260,210,208,229
670,401,42,44,45
220,165,36,34,37
649,163,45,49,48
441,110,44,42,45
204,389,46,42,45
636,274,41,44,48
132,66,155,141,162
4,217,32,28,30
254,16,37,31,36
899,45,109,107,108
819,198,50,49,51
748,22,51,49,52
683,461,106,84,62
1109,319,238,233,250
844,453,44,48,53
338,475,142,140,153
1169,253,237,236,251
1039,268,50,49,54
26,471,51,47,50
637,151,45,45,49
599,98,41,43,46
1031,79,91,81,69
437,94,45,40,43
625,358,42,43,46
165,99,205,191,215
549,390,41,40,45
921,193,48,47,52
42,225,35,29,34
45,104,140,38,38
316,487,96,103,109
451,310,43,45,48
530,100,43,43,48
944,190,48,46,50
1078,393,245,246,255
602,145,46,45,46
178,214,193,189,209
1160,332,236,234,252
1063,420,51,52,53
689,441,43,45,48
988,249,46,47,51
249,256,199,198,219
643,47,45,46,49
519,36,37,35,32
824,455,45,46,50
171,220,196,190,209
680,129,48,45,47
535,430,44,43,45
277,380,44,43,47
154,213,195,189,211
253,277,94,86,100
654,270,41,43,48
537,220,227,226,250
990,478,49,47,51
440,30,39,34,40
902,403,43,45,47
78,382,44,44,47
390,247,201,203,211
799,423,49,46,50
1094,455,245,242,255
1004,178,46,46,54
219,60,46,32,51
906,290,48,46,50
1173,144,238,235,252
713,100,42,46,48
999,205,46,47,52
586,233,235,235,255
1080,252,250,246,255
867,166,44,50,52
509,153,47,47,51
1142,10,233,229,244
997,299,46,48,50
954,173,43,46,49
474,154,44,43,45
885,30,114,108,109
560,404,38,42,41
312,417,42,42,45
1091,259,244,240,255
1033,177,49,50,55
626,326,44,44,46
542,420,42,45,47
849,478,163,155,102
344,442,71,74,55
734,100,45,45,47
1103,449,235,234,249
602,308,44,44,49
960,100,50,48,53
1135,52,232,229,244
449,282,50,49,53
34,311,36,35,37
1067,68,82,74,63
716,186,239,238,255
858,170,47,47,50
1079,387,247,246,255
336,337,44,43,47
185,177,193,187,207
221,467,55,59,48
693,226,237,238,255
251,15,41,33,37
272,411,41,43,47
725,341,45,44,45
879,177,45,46,49
487,381,40,43,44
343,14,43,37,37
588,307,48,46,45
1141,280,231,229,245
542,405,41,44,46
389,342,44,42,48
488,369,41,42,44
497,235,213,211,230
109,281,80,67,85
714,430,44,44,49
905,197,48,47,54
1187,272,241,236,253
330,76,32,24,32
650,270,46,46,47
349,352,44,43,44
164,234,109,112,144
888,145,49,46,51
392,123,35,38,36
2,372,44,46,48
744,417,46,44,49
655,48,46,47,48
594,425,44,44,45
349,442,79,79,53
389,116,36,36,35
954,344,48,44,51
27,254,33,32,34
58,432,136,122,94
903,58,104,100,96
65,146,191,152,166
1035,0,105,81,63
179,123,182,182,204
128,460,49,48,50
855,96,45,48,52
419,312,44,42,47
153,27,163,145,168
652,206,238,236,255
270,129,33,29,28
942,428,43,45,49
1098,209,244,244,255
1158,418,234,233,248
738,431,44,44,48
696,431,45,44,46
485,128,43,44,47
574,222,237,234,255
478,309,50,50,52
700,412,43,43,46
753,93,48,47,52
658,154,46,45,49
678,258,46,48,49
945,24,95,70,59
1194,24,238,236,253
685,476,114,90,62
545,138,44,44,48
808,155,51,46,52
467,461,182,186,204
1039,408,46,48,52
569,155,47,43,50
503,182,209,208,228
1010,210,50,50,54
36,499,63,60,58
724,270,46,49,52
6,396,47,46,48
81,295,36,29,31
174,240,195,195,215
9,357,44,44,48
448,75,40,39,43
404,472,54,49,51
1121,92,225,227,244
48,28,62,62,65
100,229,200,200,220
80,219,193,201,219
265,479,51,49,48
1096,155,247,245,255
921,203,49,46,52
465,177,47,46,48
1187,342,239,238,253
694,96,45,46,48
286,19,211,215,234
1069,209,50,50,56
1181,252,237,237,251
1025,407,46,46,53
735,367,46,46,47
256,79,45,45,51
922,342,44,45,52
894,83,48,47,54
432,228,225,225,249
370,204,140,141,143
637,221,64,59,61
273,300,46,43,46
309,249,204,203,224
732,230,214,223,232
437,72,38,38,42
568,452,140,139,145
1126,65,231,227,243
930,268,45,44,51
116,344,37,38,36
1146,236,233,231,249
144,174,209,211,235
1092,377,244,244,255
277,352,42,43,47
332,87,31,26,26
159,370,41,43,45
429,159,42,42,46
781,460,50,47,51
889,183,49,48,54
396,471,60,60,60
652,449,49,51,54
556,358,42,42,45
536,413,42,41,44
379,206,56,55,58
905,397,47,46,51
465,411,45,42,47
64,271,38,29,27
674,354,43,43,46
860,432,46,46,49
172,236,151,147,173
186,434,46,46,49
315,155,31,33,35
756,124,48,44,51
835,4,94,92,87
436,255,233,231,255
274,454,71,68,52
1183,255,239,236,253
893,10,95,89,81
359,440,61,55,52
236,357,41,42,45
171,466,53,53,52
949,402,43,46,48
965,165,49,49,53
790,168,48,47,50
710,309,43,44,50
49,391,42,44,45
885,164,45,46,51
918,348,48,47,47
374,216,195,196,221
111,73,138,120,141
398,398,44,43,49
50,44,160,157,172
1015,435,48,48,50
369,131,34,35,37
1147,493,231,228,247
2,64,21,24,22
716,302,44,45,46
386,319,42,44,48
351,0,47,40,42
390,149,37,38,42
1127,499,227,224,238
490,60,39,43,44
658,345,44,42,46
575,493,170,166,172
115,153,203,194,214
779,272,241,238,255
468,369,48,46,50
855,37,91,88,83
951,26,91,69,58
832,104,44,48,51
408,20,38,29,28
625,430,41,44,45
201,257,201,197,220
868,459,48,46,50
197,145,33,34,37
682,125,49,46,50
941,358,46,46,49
507,77,15,14,17
1170,134,238,237,251
6,265,36,31,33
250,426,70,65,51
1080,345,61,58,61
1087,192,244,242,254
674,367,43,43,46
903,281,50,48,52
261,32,113,114,131
727,111,49,46,52
792,444,48,47,53
514,40,69,63,63
875,152,49,46,52
477,194,213,207,230
985,251,47,48,52
92,23,112,102,108
1040,200,48,50,53
807,465,44,48,51
472,105,44,42,46
1055,267,47,50,53
26,212,32,30,33
1043,432,48,49,51
940,231,42,47,50
1102,144,238,238,255
10,448,49,51,50
719,129,44,45,49
307,455,92,87,61
847,286,47,45,51
1124,187,231,229,246
1077,280,246,244,254
413,292,45,43,49
907,288,45,46,49
1027,176,51,48,53
35,340,36,38,39
1179,210,238,238,252
17,385,44,44,46
45,129,153,26,32
292,362,40,43,45
311,350,43,47,48
353,266,214,214,239
196,430,46,45,49
1018,433,49,46,53
913,111,45,49,50
969,115,47,49,52
343,382,41,42,46
606,436,43,45,47
199,279,205,208,229
1108,130,237,234,249
373,325,43,43,45
930,332,44,47,48
77,187,40,30,36
587,220,237,236,255
318,72,33,27,29
58,129,153,26,33
1067,156,54,52,55
402,468,61,55,53
50,343,40,41,44
729,74,45,45,49
83,101,154,26,34
521,312,45,42,47
786,1,48,51,51
362,231,203,204,228
50,234,37,29,33
1096,250,245,240,255
1048,395,47,49,51
1192,376,238,234,250
341,24,43,35,35
438,248,227,226,247
1109,497,228,228,246
940,97,46,47,54
13,353,45,43,46
306,295,47,43,46
124,462,45,46,51
954,8,115,81,62
492,41,73,59,51
761,367,45,44,48
1194,284,241,236,253
95,237,217,212,236
740,333,48,46,50
142,336,32,37,38
351,159,39,37,42
605,157,49,45,48
894,422,47,48,51
555,46,42,43,46
312,234,158,159,180
1113,239,235,232,245
559,329,41,44,47
334,52,28,21,23
225,92,40,40,43
157,13,159,141,163
1110,256,232,229,247
455,74,42,41,44
79,248,91,82,115
73,230,56,54,63
53,3,227,226,248
255,444,53,54,49
662,57,43,47,51
39,208,102,103,108
489,405,44,42,46
28,233,33,30,30
215,428,47,45,50
879,19,100,97,94
717,200,240,237,255
27,142,161,27,34
567,341,43,44,45
917,354,47,46,50
371,293,43,44,49
194,41,193,178,203
244,487,60,56,54
140,136,100,93,122
65,55,122,112,117
85,54,33,32,33
209,453,46,46,50
857,115,46,45,51
714,150,44,46,52
865,115,46,45,49
445,114,42,42,45
742,218,242,238,255
939,237,48,47,53
735,423,46,45,46
906,102,42,46,51
707,369,46,43,48
468,468,182,186,201
561,160,41,45,47
576,13,94,80,59
313,230,195,193,212
683,390,45,48,48
1098,440,240,238,255
60,338,35,35,42
346,168,40,40,44
503,420,40,42,43
64,34,151,147,156
581,315,43,42,46
128,411,45,44,46
472,217,72,68,73
1021,400,46,48,51
763,147,44,44,50
549,258,228,229,252
109,390,45,44,45
281,292,44,42,45
702,228,113,90,136
727,373,45,44,48
242,362,43,42,46
611,475,172,169,171
1192,123,242,239,255
829,279,50,46,53
570,235,231,232,255
1148,163,229,229,247
1088,426,247,253,252
896,84,49,46,49
952,4,124,88,64
1071,80,99,88,101
1095,60,230,223,205
59,185,35,26,28
974,43,97,74,61
205,293,39,41,42
729,134,44,44,49
358,485,67,63,58
518,348,43,42,45
236,175,186,182,204
207,284,77,78,103
1186,374,240,234,250
983,17,111,82,62
819,178,47,46,49
1139,387,231,229,244
535,405,43,42,45
863,366,45,46,49
302,445,61,61,49
733,32,49,50,52
875,64,89,75,67
675,255,49,47,50
284,416,43,44,46
625,321,42,44,47
51,321,38,36,35
433,82,40,39,44
997,108,48,48,52
233,464,81,75,54
1096,240,238,236,255
703,306,46,43,46
853,5,101,100,91
431,115,42,41,43
1085,124,249,250,255
89,395,42,42,46
218,445,48,47,52
567,339,39,42,44
576,412,41,44,46
619,269,43,47,48
760,481,155,150,144
404,26,41,33,30
31,110,142,23,30
209,399,43,43,47
478,338,46,46,49
846,496,162,153,96
468,497,116,106,63
328,330,45,43,46
832,185,45,47,51
154,19,157,140,161
366,296,43,45,49
268,313,41,41,46
1003,392,48,47,51
975,174,48,45,50
1023,134,50,47,53
948,378,46,46,50
238,340,45,43,46
249,459,80,78,56
821,200,46,47,50
224,420,44,45,46
245,243,103,104,119
887,117,49,49,52
723,142,43,44,49
1081,1,246,247,255
367,67,28,28,28
602,351,40,44,46
284,302,46,41,48
1182,360,242,238,254
664,393,64,69,96
90,151,158,33,38
1150,436,229,229,244
886,320,43,46,48
856,226,240,240,255
963,343,47,46,49
304,198,192,189,210
308,142,34,29,34
159,446,47,47,52
1170,313,238,237,253
954,217,42,49,48
328,59,32,24,27
259,490,86,75,56
109,205,225,226,250
842,179,47,46,50
1064,439,51,50,55
39,467,46,47,47
852,75,48,49,53
1039,499,49,49,53
235,271,204,202,223
875,394,46,44,49
689,140,44,46,48
865,451,48,48,51
472,3,62,51,42
18,473,50,48,51
812,42,53,52,52
1073,188,57,56,58
364,402,44,43,45
365,171,51,48,53
185,457,46,47,50
1176,447,236,235,251
662,279,41,43,49
992,241,49,49,51
462,428,50,50,50
1075,123,68,64,62
998,24,123,93,67
990,124,45,49,52
190,464,49,46,50
57,400,45,45,47
907,485,64,55,49
34,5,227,224,250
528,93,46,46,48
1038,402,50,46,54
292,63,30,32,33
800,175,42,49,50
978,52,83,66,57
1171,368,234,233,247
519,193,219,219,242
138,144,124,129,147
260,179,190,185,204
999,69,59,59,58
1086,248,251,251,255
300,65,32,29,32
339,220,200,201,221
488,223,193,194,209
894,98,47,47,51
979,375,49,44,48
321,3,65,56,55
29,74,112,101,110
697,140,44,46,48
892,465,49,48,50
548,122,43,45,46
1192,39,240,237,251
897,451,44,49,51
106,33,188,184,204
1098,36,245,242,255
376,250,214,211,235
887,485,169,155,104
772,106,44,44,50
125,1,119,107,112
138,313,37,34,35
595,380,40,43,44
1106,396,238,234,252
652,454,56,56,56
1143,268,233,233,246
1115,165,234,230,245
775,375,46,44,48
983,462,45,47,50
201,336,39,42,45
258,480,53,48,49
917,403,44,46,49
774,239,234,240,255
376,287,44,44,46
45,342,42,41,41
18,474,49,46,50
613,199,235,231,254
188,374,39,43,45
971,189,47,48,53
1052,46,118,108,107
153,140,113,116,132
984,296,48,47,53
456,441,184,183,203
728,485,151,146,162
865,13,101,95,95
569,284,42,45,46
1097,442,239,233,253
189,447,60,58,53
984,480,46,45,50
652,226,238,234,255
516,130,45,45,47
452,193,226,225,246
793,192,48,48,51
1044,19,103,82,65
757,483,165,156,150
260,16,37,28,33
131,474,46,49,48
78,201,113,106,124
597,1,94,85,62
71,292,33,27,32
1098,355,246,242,255
1113,226,234,234,252
129,39,155,135,158
32,295,36,35,39
729,406,58,50,64
1036,476,49,49,53
1118,54,232,229,246
289,45,49,48,55
98,245,218,217,240
46,499,87,79,70
307,224,194,193,215
438,458,32,26,23
65,385,43,44,45
696,190,237,235,255
975,395,45,46,49
31,406,44,43,50
269,243,56,48,56
182,108,131,129,149
455,358,21,17,19
180,210,52,37,48
490,127,43,41,48
142,422,48,49,54
311,341,45,43,46
185,78,189,185,207
777,285,48,47,51
374,416,42,44,50
1074,354,242,240,255
1053,360,47,48,53
834,82,43,48,49
340,340,46,43,46
604,126,46,45,47
279,221,192,188,208
817,376,47,47,49
351,262,215,212,236
539,202,61,56,60
218,129,35,33,34
854,292,48,47,50
527,27,69,50,37
1025,325,50,48,54
118,429,85,86,110
458,491,123,121,93
387,363,46,43,48
772,175,49,45,50
1094,402,243,241,255
416,15,34,27,29
936,440,47,48,54
596,416,45,45,47
490,414,42,43,44
892,271,168,170,200
6,313,38,39,42
1003,11,123,91,67
1059,451,50,51,55
706,289,43,46,47
1105,194,241,240,255
171,236,89,75,114
622,133,48,45,49
608,365,40,45,46
410,496,168,166,173
603,39,47,43,50
66,108,153,22,32
1061,390,50,50,52
33,95,31,28,31
1087,187,252,251,255
1132,461,230,225,241
328,392,44,42,46
125,325,31,34,35
185,150,36,33,41
556,434,47,46,45
370,109,39,32,35
964,5,112,81,65
1102,318,237,236,255
611,425,42,43,48
224,277,207,203,225
1048,56,118,105,94
54,255,35,30,31
833,262,115,120,146
369,145,40,37,42
553,217,230,230,249
1101,317,238,237,255
249,419,43,44,49
690,49,45,44,46
162,227,198,195,218
979,75,69,63,57
1153,399,232,229,245
756,485,161,158,155
715,210,241,238,255
894,1,163,134,93
338,365,43,42,47
290,466,115,107,79
260,200,47,41,46
1153,19,233,232,250
618,353,41,43,47
1123,156,228,225,244
68,199,48,40,44
407,91,38,34,39
1016,332,45,46,51
862,199,45,47,50
658,269,50,45,51
788,243,236,235,255
812,328,44,46,50
889,162,47,47,50
1170,172,237,235,252
416,110,37,39,41
651,316,44,44,48
480,35,78,61,46
552,224,83,74,99
634,217,142,140,185
85,215,191,198,222
332,385,42,43,45
428,263,231,229,252
467,483,175,180,195
277,345,45,46,46
244,389,43,45,46
695,51,44,45,49
1035,267,50,50,55
1164,340,239,235,252
495,53,48,41,45
879,489,176,162,116
945,278,49,46,51
1098,128,240,238,255
934,418,69,70,74
780,475,168,162,171
773,272,150,146,106
321,246,203,202,223
103,358,40,39,43
711,250,177,169,148
762,53,43,47,51
847,269,48,49,53
501,131,28,27,30
249,258,200,197,219
713,54,50,45,49
191,159,39,29,34
1174,255,238,236,253
435,355,42,44,49
281,188,188,185,204
476,210,67,59,81
965,180,41,47,51
548,103,43,44,46
995,401,47,46,50
514,91,35,36,38
149,316,31,35,36
496,35,87,63,50
362,204,200,199,222
632,453,191,193,214
317,221,195,195,214
623,150,45,46,48
845,360,47,45,49
379,189,198,198,218
334,240,201,202,225
154,318,37,38,39
1155,10,234,233,252
273,211,186,186,202
116,74,146,129,151
968,472,47,47,51
1034,370,50,51,52
901,438,51,49,53
1193,94,239,236,253
810,141,46,46,50
1020,294,48,46,50
67,490,49,50,50
911,405,47,45,50
281,254,198,197,217
198,105,103,109,126
314,148,35,28,33
1141,351,230,227,245
191,346,41,43,43
296,191,194,188,210
264,251,196,194,214
484,243,181,179,188
596,169,46,45,49
85,59,191,189,207
428,343,43,43,46
808,50,51,51,53
1092,257,241,239,255
801,21,50,51,54
144,178,209,211,233
416,46,35,31,33
222,333,42,42,49
1196,429,237,237,249
724,319,46,47,50
451,337,47,46,51
22,42,65,63,68
914,269,88,98,167
1050,357,49,47,52
866,478,56,51,51
295,346,40,44,45
785,210,240,237,255
669,180,231,234,254
965,335,50,47,51
524,463,137,135,141
513,492,114,105,79
40,11,226,225,249
651,76,46,47,47
633,8,50,48,50
127,280,213,212,237
1024,238,47,48,53
879,424,179,182,152
239,344,43,46,48
961,93,47,48,52
1045,403,45,48,52
84,45,38,29,34
814,257,241,239,254
39,45,90,79,95
979,390,44,46,48
371,79,30,28,25
1146,231,236,231,250
656,6,49,49,52
577,40,43,43,47
528,65,39,45,45
412,379,42,44,45
937,146,46,47,50
861,212,49,50,52
1138,300,232,228,243
229,203,92,84,102
1114,177,236,231,250
43,121,150,21,31
854,136,46,47,51
491,365,43,43,46
929,113,49,46,52
1100,79,237,234,252
392,156,44,43,46
1157,110,236,234,250
694,365,46,43,46
1196,94,241,237,254
1112,241,234,233,247
108,230,200,197,221
637,327,44,44,46
83,156,161,31,38
774,274,235,237,245
600,333,41,45,48
495,39,87,65,50
937,333,47,47,47
85,262,55,48,73
1144,384,229,229,243
204,30,165,33,48
79,260,211,209,231
840,334,47,47,49
396,338,43,41,50
623,201,236,234,254
1082,277,76,67,79
1189,492,235,236,249
1184,204,238,238,255
503,274,44,47,47
892,243,239,239,255
874,425,173,170,166
199,465,48,46,49
529,221,228,226,247
258,144,34,29,31
977,1,113,83,63
511,371,44,42,44
872,425,46,48,70
367,266,214,214,233
26,259,35,29,33
93,440,49,48,51
1120,133,230,231,246
383,431,47,46,50
89,271,36,32,35
1049,23,101,78,63
1169,150,242,234,251
343,259,208,205,229
594,4,92,82,61
518,337,43,40,46
814,67,43,46,49
864,225,243,240,255
328,318,43,43,46
941,463,48,47,49
109,229,197,195,218
819,78,45,48,50
60,473,50,48,48
233,309,41,41,47
839,211,50,51,52
1078,406,49,54,56
76,439,44,47,51
965,203,48,50,52
1181,194,239,238,252
946,134,46,47,52
1058,457,49,49,52
795,400,47,46,51
920,3,129,85,64
303,184,190,188,207
726,226,120,122,177
1150,57,236,233,250
946,461,42,47,51
107,211,220,219,244
188,481,48,45,50
833,304,46,49,52
206,173,190,185,205
958,84,49,47,51
1098,321,239,237,255
1070,13,104,81,64
466,498,107,100,60
340,25,38,34,33
859,104,43,45,51
419,203,186,184,213
889,196,48,49,51
102,93,155,25,36
787,484,157,152,171
313,390,43,44,46
652,314,46,44,47
787,207,239,237,255
61,223,80,82,90
680,482,112,86,64
946,74,91,91,82
1009,475,47,50,50
1017,105,46,49,54
679,240,61,55,74
1062,462,52,50,54
142,221,199,195,218
530,432,54,45,48
369,434,83,77,69
140,459,52,50,52
1084,52,62,59,64
808,246,241,236,255
959,426,42,45,48
1063,301,222,209,178
437,204,56,56,63
86,224,61,53,71
284,283,44,41,46
830,101,47,47,50
1045,96,45,49,53
617,196,237,236,255
169,53,154,141,162
217,274,206,205,226
936,301,41,45,51
575,316,41,43,49
827,169,45,47,52
961,43,93,67,60
654,49,46,45,48
1056,451,48,50,53
820,441,45,49,51
227,155,35,31,36
179,95,37,32,34
1151,235,235,233,248
1197,126,239,236,254
837,419,51,51,54
150,276,217,212,235
1074,402,53,50,57
680,346,45,44,49
1125,244,231,228,245
1082,465,250,250,255
484,312,43,44,49
604,216,233,233,254
99,287,39,32,35
1019,328,48,48,52
999,459,50,46,66
910,379,45,44,47
44,460,51,49,52
371,368,43,44,49
490,372,42,42,46
134,427,47,48,50
113,456,47,47,49
658,285,44,44,49
879,228,241,237,255
641,188,237,233,255
1008,436,46,45,52
15,60,42,30,41
644,204,236,235,255
159,483,46,47,49
634,424,46,44,45
514,308,48,45,46
1116,171,235,232,248
637,82,46,46,48
169,420,53,50,53
939,370,47,47,49
12,361,44,44,49
809,121,46,47,52
476,390,44,42,47
643,61,48,45,49
499,5,103,84,65
20,248,31,30,29
756,43,49,49,52
894,391,48,46,50
310,158,34,32,35
345,61,35,24,25
91,315,37,34,33
910,17,86,64,62
200,423,49,46,48
1060,27,73,67,62
900,406,45,45,47
586,283,45,45,47
694,22,48,50,54
346,264,209,211,233
421,428,46,45,47
858,457,49,47,52
770,363,48,46,49
369,357,44,45,45
3,229,32,29,28
890,267,237,238,255
552,127,44,42,46
1144,97,234,230,249
222,165,91,79,99
516,4,107,82,62
769,429,44,47,50
806,184,45,46,50
306,119,37,27,28
704,331,47,47,53
342,57,34,26,27
578,309,44,43,44
986,8,124,91,65
30,50,74,61,89
1199,123,237,237,254
170,455,48,50,49
244,83,50,50,55
321,338,42,43,45
357,408,43,43,49
1180,31,240,237,253
792,447,49,48,50
720,317,44,47,46
1159,304,234,232,249
494,381,41,42,46
351,129,32,33,32
1191,146,239,236,249
1075,295,53,53,60
550,203,184,183,177
1154,17,234,233,249
358,250,211,211,233
961,386,48,47,51
82,148,162,28,33
1086,492,242,247,228
347,261,211,211,233
779,87,45,47,52
157,88,156,144,164
1102,28,240,239,255
112,10,117,111,117
974,298,46,46,50
272,95,30,28,25
642,416,45,43,44
243,136,34,24,26
1112,326,232,230,249
288,254,198,198,220
415,393,42,43,46
323,350,45,44,46
860,8,96,91,87
44,243,30,27,29
1032,495,47,48,55
145,212,189,186,199
929,172,45,49,51
680,151,44,46,47
362,339,42,42,45
639,432,41,43,48
936,265,48,46,48
183,13,163,107,122
232,459,83,81,57
708,360,46,44,48
556,466,135,133,141
1078,469,241,242,255
479,372,43,42,45
30,354,41,44,44
1061,232,50,50,54
239,342,43,43,47
652,463,64,55,55
62,448,48,49,50
603,464,147,142,150
1186,181,238,236,254
133,281,209,214,234
60,311,35,31,33
966,487,46,49,52
24,433,47,51,53
1066,26,101,89,76
648,350,43,43,48
253,211,185,181,198
1027,26,102,80,64
149,486,47,48,49
258,294,41,45,46
124,358,43,39,43
1101,197,241,238,255
897,187,48,46,52
144,142,141,141,160
768,160,48,47,52
556,281,45,45,50
624,153,44,43,47
1163,388,237,236,249
528,214,223,221,244
579,68,45,45,48
110,342,37,37,37
357,203,124,120,120
1164,252,238,236,251
1055,118,48,51,57
70,127,152,26,34
607,86,42,44,45
611,71,44,45,49
519,99,45,44,46
1137,330,229,228,243
132,131,125,114,141
1111,236,234,232,248
717,469,149,143,155
12,313,40,40,42
46,283,37,33,32
279,149,36,28,33
471,447,178,184,203
761,435,42,47,49
841,6,96,94,92
631,295,44,44,46
462,431,177,189,199
1041,224,51,50,54
1089,45,69,67,68
378,435,170,143,143
2,3,168,181,177
661,142,47,45,47
91,145,161,32,40
514,209,61,58,62
608,212,67,58,63
66,493,45,47,49
898,436,47,47,53
171,232,64,40,54
509,199,193,189,204
426,137,44,40,46
184,300,38,40,44
871,270,54,54,57
630,448,187,194,217
13,234,38,28,30
213,406,43,45,45
899,140,46,48,52
214,177,189,185,203
822,240,235,236,255
466,479,180,186,206
579,289,46,43,48
1083,329,88,78,98
578,117,43,44,46
451,24,67,49,41
429,29,36,31,31
872,347,48,46,50
337,53,36,25,31
350,431,95,91,61
104,492,47,48,50
370,368,42,42,48
646,4,49,49,52
795,60,49,47,50
536,339,38,43,44
61,272,33,32,32
890,343,44,46,49
141,268,211,209,232
283,92,35,28,29
402,110,39,39,39
969,328,45,47,51
571,126,47,45,47
381,167,42,42,44
583,487,169,166,175
852,382,48,47,50
18,204,23,26,27
1095,23,151,145,120
1188,44,241,238,253
235,370,42,42,45
1140,420,231,227,245
350,499,61,58,52
1055,444,51,49,51
1019,277,50,45,51
605,179,50,51,56
939,318,48,44,51
911,428,71,75,123
470,258,116,117,138
758,143,47,46,50
833,294,50,48,51
675,99,47,45,49
1022,63,120,110,94
141,490,47,46,47
524,87,44,43,47
615,476,176,172,184
519,68,41,40,42
50,106,150,23,34
356,375,44,44,43
631,220,234,235,255
83,25,117,107,114
219,152,32,26,28
477,95,44,43,45
177,45,166,155,178
886,251,240,239,255
766,354,43,44,48
1122,333,231,227,244
618,284,42,44,46
34,101,27,27,27
168,283,108,116,146
791,236,155,139,126
201,378,44,41,44
1105,262,236,234,251
1143,377,234,232,246
112,278,211,208,235
573,141,43,45,48
645,498,96,73,60
1150,184,235,231,248
794,32,52,52,53
1070,53,74,71,71
964,380,47,46,51
836,303,44,46,52
480,238,31,29,32
356,355,43,45,49
144,205,51,45,49
323,234,140,137,137
830,385,47,46,50
67,356,40,39,44
1061,57,78,68,66
981,308,46,44,48
698,330,45,46,48
497,280,45,47,43
920,86,48,49,50
258,174,189,186,205
636,131,43,44,49
469,304,33,33,33
180,32,167,106,122
458,81,40,41,43
166,78,169,154,179
713,371,45,42,49
943,264,48,45,48
713,288,45,45,49
68,149,158,32,38
277,143,32,27,28
8,150,168,28,40
1027,482,47,49,53
815,323,47,45,51
428,304,45,43,47
447,366,62,59,62
36,471,50,47,53
401,336,45,44,47
118,76,147,130,152
501,36,93,66,50
269,331,44,43,49
530,183,226,224,246
396,379,40,45,45
112,246,214,213,235
492,134,45,41,46
734,218,111,107,127
499,86,44,42,44
926,162,47,47,51
584,83,45,46,48
754,359,46,44,49
956,253,45,46,50
301,309,42,44,44
163,498,46,47,49
57,433,114,104,84
641,410,47,45,48
1140,340,233,232,248
950,207,48,48,51
825,253,244,242,255
671,299,46,44,50
719,123,47,45,50
771,291,44,46,50
1130,461,228,227,242
916,102,46,50,49
662,53,45,46,48
770,76,49,46,53
62,344,38,38,42
103,490,45,47,48
105,244,217,213,237
605,120,42,44,49
96,309,34,34,36
546,147,40,44,48
987,335,45,47,50
206,135,30,34,39
187,11,184,157,174
612,200,237,237,255
294,16,179,183,206
829,471,52,50,52
254,495,81,68,51
202,262,204,204,225
549,132,41,47,46
413,136,41,41,44
685,265,46,44,47
19,226,36,28,31
391,31,42,33,31
979,356,46,46,50
597,247,237,236,255
586,206,233,231,251
179,307,39,39,42
346,450,76,71,55
1048,10,70,66,59
658,266,43,46,46
740,280,45,47,49
1056,115,46,51,54
715,475,150,144,150
548,341,44,42,46
767,203,150,142,158
1192,441,239,235,251
730,291,45,45,48
731,414,42,44,47
1039,7,93,76,61
470,182,46,46,49
1118,401,232,230,244
146,140,132,138,154
768,117,46,48,50
336,31,43,31,34
1038,141,45,48,51
33,389,43,43,46
385,66,34,28,30
552,101,46,44,45
721,201,240,237,255
17,468,50,48,50
1017,356,52,48,51
64,290,34,29,30
1045,428,51,48,54
348,36,37,30,28
450,355,67,69,76
409,248,130,133,157
328,428,56,54,47
634,310,40,45,50
1045,343,46,49,51
466,236,230,230,253
182,156,36,36,39
318,132,31,29,30
290,44,46,46,54
639,205,238,235,255
510,277,45,47,48
403,483,98,96,91
348,64,35,25,28
1019,87,79,74,67
758,375,43,46,47
119,478,47,47,48
981,200,51,50,50
737,337,45,46,45
325,48,31,29,28
356,411,42,42,46
101,291,37,32,33
742,86,46,46,49
1198,407,234,234,253
239,453,62,55,51
1121,488,228,226,240
938,178,44,49,51
1117,173,234,231,250
543,200,227,227,249
1010,493,49,47,54
373,378,42,43,45
190,288,39,40,40
656,263,41,45,48
789,187,47,48,51
45,97,38,33,34
711,173,45,46,51
435,240,67,61,75
880,460,46,46,51
1004,468,49,49,52
1006,38,110,85,65
55,229,37,33,34
87,162,34,26,28
788,217,241,242,255
796,152,45,47,50
1195,247,238,237,254
440,209,219,228,240
1188,42,239,237,253
662,125,45,46,49
969,498,49,52,53
704,222,62,52,84
278,286,45,43,45
402,42,35,27,28
236,69,202,203,226
1122,176,228,226,246
767,120,46,46,48
807,474,164,163,171
862,262,242,238,255
830,235,65,55,77
842,86,44,47,51
17,470,45,51,47
603,148,43,44,48
1045,12,75,67,59
1192,136,239,237,254
234,10,175,163,188
317,236,190,188,207
1125,235,229,229,243
755,52,47,46,49
58,394,45,45,47
735,284,48,45,49
917,114,49,48,51
744,471,100,98,75
695,428,46,44,48
342,129,34,33,34
1098,30,247,244,255
677,194,235,236,255
405,306,46,43,49
933,395,46,46,51
568,321,43,45,46
1069,70,73,65,64
843,65,46,46,51
397,470,55,52,55
56,159,164,29,38
211,360,44,43,45
213,310,41,44,43
5,470,48,46,47
1054,329,48,48,51
449,286,47,46,49
213,402,46,43,46
400,207,55,57,67
470,218,60,59,65
342,35,38,28,29
519,416,45,43,46
144,166,44,45,51
1139,240,229,226,244
63,263,35,28,30
975,123,49,46,51
827,221,241,240,255
1037,372,49,50,53
608,394,41,43,45
941,248,47,46,52
428,150,43,44,44
567,56,45,43,47
674,214,72,57,59
519,74,43,43,45
319,418,42,43,45
1011,215,49,46,56
1016,439,44,45,51
630,255,45,45,50
91,207,172,190,204
707,179,49,48,53
1007,221,49,47,51
968,49,86,66,59
651,169,45,45,52
633,480,190,187,203
174,244,203,199,224
271,355,43,45,47
247,65,123,124,138
969,198,50,47,52
1011,162,51,49,51
1185,391,241,235,252
1087,119,253,250,254
68,267,33,31,31
492,96,41,42,44
1107,178,240,237,255
359,204,197,196,214
298,113,34,23,27
746,10,47,50,52
282,414,45,45,47
750,62,49,47,49
224,70,123,125,141
909,389,46,45,51
310,340,44,43,48
504,94,64,63,68
394,362,42,43,46
601,114,45,43,49
326,424,46,41,48
40,143,160,28,36
607,445,188,195,217
1093,443,239,237,255
565,429,44,43,44
452,216,222,225,248
373,101,38,31,34
528,57,44,43,47
955,477,45,47,48
168,209,78,62,84
850,70,47,47,51
1173,298,238,235,253
175,455,46,49,49
601,198,235,231,255
793,267,239,238,255
1174,291,240,234,251
1166,207,238,235,253
359,147,38,35,40
473,399,42,43,45
48,187,174,36,42
1156,99,238,234,249
1147,38,234,231,248
601,472,151,143,134
427,451,151,104,106
1197,76,238,235,252
721,62,47,45,49
85,428,47,47,52
780,259,241,238,255
522,11,30,23,30
557,67,45,44,45
880,135,45,46,50
861,365,43,46,48
599,490,172,172,179
301,169,187,185,202
136,57,151,136,156
30,74,111,101,108
30,456,50,49,51
173,173,192,191,211
134,58,152,135,156
123,169,240,240,255
1128,160,229,230,245
578,208,233,234,255
239,2,175,161,185
1050,48,115,108,99
9,161,173,32,38
1175,434,237,235,251
1068,248,48,52,56
885,153,46,48,51
854,376,44,45,48
943,172,47,45,52
686,452,73,61,51
1167,389,234,232,250
1168,396,238,233,250
810,56,47,47,50
1139,496,229,228,240
217,84,100,100,121
55,171,169,32,34
906,225,224,228,248
635,450,188,195,216
1015,219,50,46,50
694,378,42,44,46
661,297,49,46,52
269,160,30,32,33
613,137,46,45,49
1069,19,87,72,64
374,97,33,30,32
347,347,42,45,42
819,486,154,153,161
906,71,48,50,55
149,466,53,50,54
27,160,169,28,39
211,280,208,206,229
407,219,218,216,237
647,353,45,44,47
910,316,45,46,47
524,492,107,101,73
793,104,47,45,50
801,192,48,46,53
393,411,40,44,43
979,136,47,47,51
561,11,96,83,59
670,289,44,44,46
1104,31,243,239,255
700,332,47,44,49
1138,476,229,228,242
1042,44,94,83,69
748,191,54,50,58
1109,288,233,231,245
1011,229,49,46,53
567,308,49,44,49
440,124,40,43,44
915,216,45,49,51
476,208,217,220,239
417,168,39,44,45
220,376,44,44,46
544,465,139,136,147
566,118,40,45,45
118,35,190,191,206
576,60,42,44,46
659,133,47,43,50
295,106,29,25,28
474,362,44,45,49
1127,206,228,227,245
595,190,236,234,255
443,396,138,142,156
907,66,104,100,98
469,339,54,55,54
403,487,84,80,69
365,468,59,55,52
859,160,48,48,51
175,199,93,79,103
318,303,42,43,45
97,489,50,49,47
445,229,227,229,250
383,489,158,158,163
37,341,40,39,45
935,32,87,66,58
351,110,26,31,29
360,406,45,43,46
791,351,42,49,51
1095,490,237,234,254
490,343,41,44,46
960,297,45,46,49
257,340,43,41,48
889,77,50,48,50
849,11,99,93,91
114,308,34,35,34
96,467,85,75,74
1080,310,55,57,59
689,449,42,44,45
1022,70,103,89,74
433,210,215,216,238
792,324,43,46,48
1192,40,238,238,252
609,380,42,45,46
355,262,213,210,233
567,474,123,113,107
999,200,40,45,50
202,128,36,36,40
775,230,142,134,187
659,400,40,43,45
109,185,181,177,203
840,371,48,45,48
843,137,48,46,51
669,430,45,45,45
237,401,42,45,46
996,76,56,58,56
1092,284,244,242,255
680,143,42,46,49
939,373,49,46,50
178,222,191,188,208
393,404,44,45,45
1163,341,235,234,250
966,330,45,45,51
381,370,44,43,46
390,382,43,43,45
80,481,87,73,72
314,352,39,44,45
377,56,28,25,26
1008,8,112,83,67
358,232,205,205,225
120,278,214,212,238
137,4,145,138,154
824,382,44,44,50
504,116,44,44,48
1037,215,47,48,53
153,240,192,193,212
519,430,47,43,48
585,293,46,43,48
565,267,231,232,254
1142,454,231,228,243
578,90,45,44,48
510,250,224,220,242
29,422,55,53,53
810,171,50,46,51
501,443,166,166,184
1034,348,46,49,50
387,189,200,202,219
752,480,159,155,147
1181,251,241,236,253
873,147,45,48,51
691,100,47,46,52
1046,61,105,98,85
445,67,39,38,41
946,187,49,45,48
569,472,148,143,137
499,412,42,41,45
17,180,103,95,104
1182,447,237,236,254
512,299,44,43,48
664,490,107,79,62
1065,94,63,59,59
199,12,158,34,49
851,399,48,48,49
322,278,45,43,48
740,465,140,134,145
897,178,50,49,51
183,103,127,125,147
1037,386,46,49,51
979,455,46,51,53
973,246,42,49,52
994,291,47,47,52
779,261,239,240,255
693,236,236,236,255
291,433,74,72,54
159,231,143,135,157
282,23,202,206,224
972,97,47,48,53
468,229,219,220,243
300,358,41,43,46
806,19,51,51,54
946,447,48,48,53
1071,44,103,95,106
846,15,95,92,84
907,378,48,45,49
159,86,154,145,166
723,36,81,57,57
328,348,43,43,47
294,237,51,54,54
647,328,42,44,45
982,465,49,47,53
416,178,44,46,50
772,125,45,44,49
792,110,44,46,49
961,247,44,48,50
902,37,87,80,73
91,347,36,38,41
544,461,131,129,135
814,138,47,46,50
515,417,41,44,46
629,405,45,42,47
1132,27,231,229,244
104,371,42,40,42
289,474,121,115,85
234,100,41,37,40
190,404,45,43,48
842,233,237,239,255
959,144,46,47,54
1112,432,232,230,249
795,147,49,49,52
762,284,47,47,50
1081,18,58,56,61
980,381,49,47,53
602,56,46,44,48
278,203,51,43,52
258,358,41,42,45
382,3,42,31,32
670,110,42,45,47
519,184,221,219,241
856,370,47,48,51
202,210,189,186,204
1092,250,243,245,255
1130,68,226,226,243
148,37,137,118,141
1062,287,240,244,255
609,42,45,45,47
1036,50,120,106,89
675,402,45,45,47
916,483,48,48,51
538,255,229,227,249
1023,323,49,49,52
127,83,149,135,155
759,18,49,48,51
213,255,200,198,219
30,248,36,28,32
468,65,41,41,44
99,334,34,36,36
911,418,47,46,49
617,106,45,45,47
947,120,47,49,50
240,338,41,43,47
278,110,29,25,26
961,104,47,46,51
597,443,187,195,215
62,22,107,94,114
325,92,29,25,28
666,404,43,44,47
786,68,45,47,51
120,348,36,38,40
647,382,45,46,49
138,108,164,43,59
1083,0,252,251,255
761,78,47,45,52
600,170,45,46,51
204,339,41,42,46
630,499,140,137,141
733,430,45,43,46
84,15,97,91,100
1015,43,103,82,63
280,224,187,186,204
611,70,44,45,50
598,447,171,178,197
200,370,41,42,45
209,250,196,195,216
1017,496,49,48,53
480,11,71,56,48
81,221,64,67,92
276,196,186,185,203
634,284,42,44,45
290,57,39,37,41
615,392,44,43,49
865,437,47,47,51
1103,412,243,240,255
48,46,139,133,146
1169,469,237,234,248
89,200,248,245,255
233,6,176,163,188
665,49,46,47,50
1036,103,48,50,56
979,110,49,47,53
325,79,32,24,27
293,123,31,28,32
330,160,34,33,36
784,293,49,47,53
344,13,44,38,37
412,262,229,229,249
1066,24,68,64,60
953,58,58,54,55
650,472,71,60,54
997,309,50,48,50
738,483,120,121,124
148,159,50,52,57
1181,123,240,236,254
414,30,35,27,32
14,155,167,28,35
909,70,67,65,70
65,88,149,24,38
1011,361,45,45,50
886,268,235,233,254
1010,25,103,80,65
449,132,46,42,44
657,114,44,47,47
413,92,33,36,38
913,220,51,50,54
100,320,33,31,34
318,48,34,27,34
139,327,38,34,38
968,454,89,75,53
836,177,48,46,50
109,189,157,164,188
294,79,32,27,30
168,463,49,50,52
145,296,33,33,34
1012,31,98,77,61
516,6,91,69,54
1190,434,231,229,247
798,429,49,47,50
355,394,45,44,45
220,408,45,42,49
867,298,45,47,49
524,127,48,43,49
198,240,196,192,212
140,178,92,86,102
193,363,43,44,43
81,213,145,142,161
35,178,175,32,39
1033,288,50,48,51
270,171,184,181,203
915,353,47,48,49
280,151,32,28,31
668,291,46,45,48
664,177,122,118,130
543,360,43,42,49
822,7,86,82,78
831,245,121,101,103
1006,421,47,47,50
851,61,56,52,53
835,206,50,53,54
1007,342,48,47,49
169,476,43,47,49
141,367,41,41,43
836,222,238,239,255
804,376,43,45,50
489,463,179,181,193
51,234,36,29,36
183,237,78,71,90
80,232,53,55,59
1153,239,235,233,249
184,408,43,46,49
681,339,46,44,47
831,342,45,46,50
1001,19,128,91,70
53,30,46,34,46
811,390,45,44,48
285,133,34,25,29
966,73,70,62,58
69,134,155,30,38
708,96,43,45,50
84,410,45,44,48
5,398,48,46,51
230,317,43,42,46
132,33,136,117,139
396,208,107,114,136
390,157,41,41,45
959,371,48,46,49
494,491,126,109,64
1140,51,232,230,247
1158,395,236,232,251
362,429,47,44,46
940,400,45,45,48
1017,315,47,47,52
944,361,45,47,47
288,402,46,43,44
729,229,61,59,60
194,21,191,169,180
992,272,48,46,53
359,78,31,27,29
45,106,148,22,35
244,280,209,207,229
588,48,45,46,47
130,197,206,207,226
103,305,38,31,34
233,190,188,188,205
1038,494,48,49,55
310,412,43,45,47
1004,358,45,44,51
247,116,31,26,31
807,202,49,49,51
859,408,43,46,50
578,120,43,42,47
118,196,219,220,249
999,316,49,48,52
377,442,154,84,89
604,206,203,205,240
438,242,224,226,240
457,222,138,131,132
614,49,44,47,47
323,248,203,201,220
1035,412,47,49,52
1022,105,52,48,52
623,395,47,43,45
811,244,74,49,90
613,121,48,43,46
825,455,44,47,51
141,486,49,47,51
537,237,55,49,59
994,474,46,50,52
347,207,199,198,218
1047,400,47,48,54
178,89,35,30,29
373,433,113,54,57
100,38,184,183,204
254,73,44,45,52
135,230,198,195,215
1002,117,47,50,53
346,3,48,44,44
228,90,35,39,43
778,375,47,46,50
982,332,44,46,51
1153,370,233,232,251
100,257,218,214,240
504,12,74,58,46
1017,175,49,48,52
488,62,42,41,44
692,23,51,49,54
903,168,48,47,51
1195,374,239,236,252
342,110,32,31,29
1006,275,45,47,49
549,112,47,42,48
678,77,44,45,48
985,323,46,46,52
834,277,45,47,51
988,271,46,50,52
507,446,163,162,180
431,183,54,50,54
1030,232,49,48,51
830,139,47,47,52
962,111,46,48,53
463,314,20,18,22
571,9,98,83,58
490,203,160,162,173
1161,381,236,232,250
104,200,227,228,255
974,42,92,75,61
478,171,50,47,52
625,199,240,234,255
84,288,36,32,35
1173,438,238,234,253
814,133,46,47,50
233,129,35,25,30
983,64,105,88,74
1074,475,57,55,58
346,35,36,29,29
23,407,46,43,50
1178,19,240,236,253
1024,316,45,47,53
405,365,45,45,47
650,401,46,43,47
249,368,41,44,46
1072,15,101,80,65
259,94,33,30,34
370,277,46,45,47
496,443,173,175,191
595,453,157,152,160
576,318,45,44,47
112,219,203,204,226
694,5,46,48,52
401,489,73,67,63
824,472,62,57,53
930,291,45,46,50
721,307,43,44,46
1136,71,231,228,246
117,388,42,42,45
825,99,47,47,48
751,390,44,44,51
314,51,27,29,29
1015,382,45,46,51
958,394,43,47,50
1138,90,230,228,245
365,343,45,42,48
344,66,31,27,27
738,254,241,238,255
476,19,72,56,47
701,375,43,45,49
913,114,46,46,50
908,109,47,45,51
505,327,42,44,46
169,353,42,41,43
905,433,65,61,72
768,455,43,47,51
705,478,121,105,82
1134,185,233,232,246
246,460,77,74,54
990,163,46,46,50
507,384,45,43,45
522,361,41,42,44
680,171,46,46,51
341,47,31,23,25
894,445,47,47,51
906,496,177,160,92
862,61,93,72,59
939,51,107,80,72
683,216,225,228,252
237,258,204,201,224
874,393,47,47,48
666,46,46,44,49
187,481,46,45,49
541,395,37,41,45
1150,170,236,233,250
743,133,47,46,50
843,187,52,48,52
149,274,214,211,230
380,359,42,44,44
624,192,237,236,255
546,84,44,43,45
402,325,44,45,47
1021,285,49,47,50
594,367,49,41,45
1066,475,51,52,56
750,338,46,47,49
577,273,48,51,52
232,285,58,48,70
486,62,41,42,45
1142,287,232,229,246
162,153,46,46,54
998,289,47,44,49
598,484,186,184,193
591,450,126,118,117
429,122,38,43,42
889,338,47,45,47
635,287,39,44,46
1190,124,238,237,253
102,291,39,33,35
492,109,42,42,44
1005,362,47,48,50
942,135,46,46,51
1097,325,240,239,255
653,141,46,46,48
864,286,46,48,50
966,436,152,136,152
281,219,189,188,207
999,184,46,48,52
1091,278,245,247,248
943,25,95,66,59
417,50,32,25,35
360,372,39,42,48
960,82,50,47,54
777,339,44,46,50
271,164,194,186,202
522,73,45,43,47
1130,386,228,228,242
149,434,48,50,50
206,493,45,48,48
1031,259,48,47,51
360,422,42,41,45
423,277,52,50,55
575,169,45,45,49
905,450,48,45,51
205,473,54,53,55
377,177,196,194,217
208,376,42,44,46
402,317,42,43,46
908,76,44,47,53
5,29,228,225,250
211,268,202,201,223
525,293,45,43,47
12,414,52,50,52
573,194,84,77,108
143,109,40,30,35
835,311,45,45,51
1059,60,87,76,69
614,83,46,46,49
596,185,233,228,254
204,276,209,206,228
979,158,46,47,50
394,41,37,25,30
959,73,57,54,54
670,497,106,77,62
8,291,38,33,36
730,412,45,45,49
306,136,30,29,31
1072,426,239,245,238
93,203,158,164,185
109,218,208,208,232
742,460,73,69,64
642,484,148,147,157
166,397,44,42,48
544,485,146,141,129
1135,309,226,226,241
1108,192,238,237,254
688,179,53,51,58
528,291,45,43,48
122,207,209,207,232
826,311,50,44,51
737,4,50,48,53
15,374,44,42,48
1100,207,243,240,255
954,38,102,79,63
592,156,49,46,50
544,250,229,227,250
4,64,24,20,23
928,108,46,46,51
45,16,65,62,70
1140,453,229,226,240
1020,215,48,48,52
644,209,70,59,86
657,94,42,44,48
952,21,109,79,62
625,350,44,45,48
703,61,45,45,48
637,358,46,44,49
407,69,30,32,32
662,115,45,44,50
10,92,126,100,92
249,192,189,186,204
701,304,48,46,48
166,416,44,43,46
812,221,241,239,255
186,39,163,36,52
694,248,49,46,52
559,76,46,43,48
268,491,91,81,55
159,137,116,110,139
1147,62,233,231,248
236,445,50,51,49
518,21,61,61,60
637,244,51,47,52
1091,233,236,235,253
418,432,42,44,47
976,386,46,45,48
263,330,42,42,46
1068,332,47,49,54
1162,286,238,235,252
1087,442,237,242,242
686,404,46,43,47
896,368,45,45,50
1011,254,51,48,55
512,145,44,46,46
216,343,39,44,45
988,306,47,48,49
466,0,67,51,39
46,31,193,190,211
1170,1,235,236,254
540,369,38,44,45
629,252,47,49,50
445,381,88,88,91
637,58,48,47,48
119,489,48,44,48
509,256,220,221,244
706,497,117,99,76
182,288,41,38,41
392,139,39,39,39
867,331,42,45,49
364,306,46,42,48
612,428,42,44,47
427,335,42,43,46
1068,230,52,50,55
548,82,42,44,45
44,79,184,180,201
669,24,52,49,54
1189,293,237,236,252
1164,482,233,234,244
595,174,49,46,51
327,287,41,44,48
1133,362,234,231,245
149,150,157,164,181
792,158,47,47,48
826,7,94,90,83
569,323,44,42,46
1021,24,102,79,64
921,460,45,48,50
1082,92,248,250,255
25,397,45,46,48
353,22,37,27,30
585,15,96,87,67
385,168,45,41,45
1115,28,233,233,249
320,250,198,199,221
738,195,240,238,255
191,425,67,70,77
130,473,44,46,50
1136,275,231,227,244
622,362,43,43,45
983,361,47,48,52
40,458,53,51,54
384,106,34,32,36
575,320,45,42,47
798,288,48,48,49
105,56,147,128,151
626,391,43,43,46
200,417,45,44,49
1126,66,228,227,242
622,111,46,43,48
369,456,77,60,59
895,73,45,47,51
491,415,42,43,43
1060,464,49,50,54
737,200,239,238,255
58,314,38,35,36
978,437,51,50,59
98,71,145,126,145
1047,73,80,71,58
391,454,192,198,220
1104,13,237,237,255
1130,296,229,227,242
416,61,36,36,34
489,453,168,169,184
490,497,107,100,59
616,94,43,46,48
731,484,152,148,158
277,263,197,197,218
960,391,47,49,49
29,332,39,40,41
233,222,189,185,206
1131,150,229,228,246
1064,34,107,101,101
843,242,66,54,64
64,428,74,78,66
1,419,53,53,54
225,258,204,201,223
1126,479,231,225,242
571,121,44,43,45
1079,334,52,53,55
930,43,114,102,93
378,358,43,45,49
1086,276,74,72,66
876,452,50,48,50
264,300,42,43,44
547,476,154,152,162
171,341,42,39,44
808,62,49,47,51
975,154,46,46,51
477,402,42,43,46
915,472,49,49,52
278,198,186,184,206
841,94,46,46,50
983,10,114,83,62
693,13,50,49,53
1163,75,236,235,252
468,106,44,42,45
582,428,44,42,44
294,140,32,30,34
814,187,46,47,50
638,23,48,49,50
769,298,47,46,49
893,340,45,45,50
76,218,215,223,233
1145,151,233,230,245
1159,389,233,230,248
0,73,105,97,108
247,427,89,87,62
272,490,86,76,52
27,421,51,54,55
424,404,42,44,48
1180,183,236,236,255
1155,456,235,231,250
86,421,59,57,55
1068,32,112,102,107
202,109,50,46,55
539,287,43,43,48
264,198,187,185,205
382,336,44,44,46
112,402,43,42,46
580,119,44,46,48
154,219,197,192,211
357,178,196,196,216
978,344,43,46,50
903,36,85,79,73
8,144,166,30,39
507,72,22,26,30
267,205,49,46,53
403,160,44,42,43
351,16,39,34,33
730,143,47,46,49
891,24,73,66,64
711,165,46,48,51
1000,73,67,61,57
90,393,47,41,47
294,110,32,26,29
141,9,190,188,208
496,249,211,211,230
335,181,194,191,212
387,85,33,29,33
806,1,56,53,56
519,411,43,43,45
1001,26,121,89,67
616,211,232,233,255
196,382,44,43,45
512,465,168,168,185
256,88,42,39,41
872,257,59,56,64
895,232,240,237,255
1045,93,50,49,54
333,324,41,44,45
230,352,49,44,49
210,416,45,44,47
620,461,102,100,107
1045,299,52,52,55
587,494,106,105,85
171,93,97,75,94
551,354,44,43,48
568,76,44,43,48
957,119,47,47,52
526,129,45,44,48
859,338,44,48,51
1112,309,232,229,248
465,450,177,181,200
18,434,52,51,54
788,340,43,45,47
310,135,31,28,34
642,317,45,46,48
1157,343,236,234,249
149,467,52,51,53
989,408,49,46,54
264,221,186,187,204
146,380,41,42,43
138,114,51,29,43
1119,324,233,228,245
726,361,46,44,47
156,84,159,147,167
1000,309,44,48,49
779,52,46,46,50
39,215,27,25,26
788,387,43,48,47
117,305,35,35,36
444,170,44,44,48
99,63,129,110,131
934,341,45,45,51
431,250,190,194,191
1147,481,229,226,242
366,264,214,214,237
29,353,42,43,46
88,376,43,41,44
600,399,44,43,46
912,241,242,238,255
787,184,48,46,50
1108,284,234,231,246
605,266,47,47,52
166,235,65,60,85
998,483,48,50,52
309,232,195,193,215
1127,111,230,226,243
903,125,46,48,55
609,212,144,140,135
701,133,45,46,49
339,456,109,107,80
514,372,43,42,43
888,390,41,46,51
336,358,42,44,46
117,496,50,47,51
30,14,227,224,245
425,382,42,43,47
857,499,122,115,68
588,117,45,44,47
460,5,48,40,37
684,61,46,45,49
507,299,42,44,48
110,107,164,61,73
826,229,241,240,255
684,400,49,43,48
122,357,37,39,40
301,499,47,44,46
730,295,43,43,49
950,317,45,44,50
606,291,45,45,49
137,78,162,148,170
1037,434,47,48,50
482,412,44,45,46
280,64,36,38,45
200,412,46,44,47
227,90,36,38,44
78,344,36,39,39
60,228,36,34,36
565,241,234,230,255
415,329,38,44,46
580,401,41,42,46
1199,499,233,232,249
446,63,42,39,41
606,283,47,44,47
819,311,47,47,51
6,227,35,29,28
301,381,42,44,46
198,281,209,206,229
984,471,46,46,50
627,132,41,46,49
491,77,40,41,42
1122,393,233,232,249
533,85,45,44,47
881,392,43,46,47
514,291,41,43,44
55,225,33,35,35
252,249,194,189,213
759,356,48,45,50
142,51,135,119,139
1051,40,118,102,95
223,250,196,194,214
1182,371,239,234,253
570,89,46,43,47
787,100,48,48,50
958,194,50,48,51
864,32,96,93,91
1166,326,238,238,252
1035,175,52,51,55
699,427,44,46,50
656,18,50,50,51
568,325,41,44,43
274,222,192,187,211
470,91,40,43,46
109,351,37,36,40
732,171,44,49,50
355,13,43,34,34
351,259,213,212,232
249,212,189,187,204
1043,357,49,49,52
202,437,48,49,48
545,452,137,136,148
446,290,47,43,47
634,448,192,197,220
1065,205,47,51,52
461,271,236,236,255
525,486,111,103,81
1005,369,47,47,51
628,93,45,45,47
573,177,49,52,58
771,143,47,46,50
923,403,43,45,48
378,74,27,28,30
783,75,44,47,49
971,420,47,47,52
392,33,44,32,32
1183,334,240,237,252
167,485,45,47,49
1007,394,47,45,53
1030,63,103,92,78
385,261,215,216,239
857,481,171,159,103
961,409,45,48,50
668,133,48,45,49
215,232,43,44,56
449,179,48,47,48
387,183,98,99,105
69,493,49,46,50
590,478,106,101,84
1027,235,47,48,52
991,328,46,45,50
782,396,43,47,48
1150,363,235,234,245
1112,343,234,231,252
391,58,32,26,29
818,494,168,161,161
10,407,43,46,46
581,458,131,125,114
1150,202,238,231,249
886,481,55,52,54
1118,444,232,231,248
1110,273,233,232,251
100,236,206,205,227
922,262,48,49,52
349,82,36,22,27
927,381,42,46,47
1167,147,236,235,253
446,229,227,229,251
581,192,234,234,254
281,226,187,186,206
783,90,48,47,51
1108,178,238,237,254
1130,241,230,227,243
31,289,34,30,35
1099,403,240,240,255
704,392,46,45,51
539,45,44,45,47
1093,299,237,237,255
1083,286,252,249,255
464,9,132,106,86
98,244,219,216,241
954,154,47,47,48
528,379,41,40,44
1119,168,231,232,248
354,68,35,29,31
538,360,45,43,46
272,15,39,31,41
865,434,46,46,50
610,215,64,56,66
723,163,47,46,50
738,459,64,55,53
565,296,44,45,45
408,31,40,30,33
354,55,28,23,23
742,288,47,47,53
678,224,120,129,144
304,332,42,42,46
413,456,127,119,124
1026,319,47,46,50
62,197,88,87,89
65,393,44,44,48
1076,210,118,118,112
1121,417,234,231,247
390,279,44,45,51
779,203,57,54,55
1161,4,238,235,253
796,416,55,49,52
107,67,137,118,139
270,314,45,44,45
198,395,42,43,46
835,470,49,48,49
1,277,38,35,34
261,159,34,29,33
441,338,47,46,48
992,245,46,48,51
1105,210,240,239,255
176,34,177,153,174
1197,72,239,238,251
844,150,49,48,51
291,4,106,106,127
400,108,40,36,40
937,108,47,47,51
497,67,46,44,46
573,399,42,42,45
562,285,42,44,45
1178,251,241,237,252
416,320,45,47,49
362,337,46,45,48
102,189,251,249,255
388,370,40,44,45
494,130,43,46,48
24,288,35,33,33
1033,38,104,80,64
489,484,119,108,66
141,236,114,108,110
152,204,52,41,58
775,275,236,235,255
1139,214,233,231,244
482,392,48,44,49
96,133,160,27,34
533,35,39,43,44
65,435,51,48,53
1104,267,238,234,251
624,303,49,45,45
919,437,47,48,53
59,414,53,49,49
1089,480,238,238,254
720,269,48,46,50
667,474,102,74,57
411,492,76,67,60
623,113,44,44,45
1141,124,230,227,244
916,360,42,46,49
679,345,46,44,49
988,440,101,92,61
441,196,224,223,246
385,18,38,28,29
183,49,163,37,52
928,267,47,47,50
113,402,45,44,47
349,345,43,45,47
936,97,49,48,51
554,20,46,46,48
1173,14,240,236,252
46,266,33,26,28
440,110,39,40,44
517,136,45,45,49
980,172,47,50,51
1166,396,237,234,251
967,25,100,74,60
275,426,65,69,52
1030,59,181,167,143
950,320,47,47,48
573,156,47,46,49
1008,312,48,47,51
335,360,43,45,47
954,36,102,78,58
557,220,233,232,254
682,366,41,44,48
86,201,249,245,255
94,146,161,33,38
576,43,46,43,48
789,101,47,48,49
857,226,240,239,255
624,401,41,41,47
752,327,44,47,49
881,492,176,163,110
1078,134,54,52,54
314,215,195,192,212
940,496,171,156,83
881,344,44,46,47
838,407,47,47,49
250,180,186,184,202
1036,215,48,48,52
230,34,36,27,31
1121,294,227,227,243
132,93,160,144,167
147,186,203,205,225
507,442,162,161,176
497,404,43,42,46
448,373,82,81,85
222,64,91,89,103
980,160,48,46,52
1027,451,47,47,52
325,259,205,206,228
661,168,48,47,50
1051,161,48,49,55
802,496,169,165,179
327,43,34,25,30
74,252,40,35,40
1101,484,234,232,249
911,351,45,46,46
1163,205,237,236,249
1030,311,47,48,52
72,359,44,40,42
174,103,205,196,219
154,273,213,211,236
599,120,44,44,47
300,31,52,53,57
1022,367,47,47,51
317,400,44,45,46
371,496,54,53,52
1066,407,50,50,54
952,28,91,67,60
593,320,44,45,48
9,392,46,46,49
536,2,78,68,51
105,488,49,46,49
913,262,228,236,255
53,138,154,25,32
126,278,215,214,236
171,168,45,42,49
229,125,32,29,33
983,345,45,45,49
97,321,33,31,36
1127,249,229,229,243
1192,29,240,237,252
590,237,238,235,255
719,65,48,46,47
1117,159,234,231,248
712,219,232,234,254
1117,3,233,232,248
730,285,45,45,50
561,32,45,41,48
434,48,37,34,35
833,465,44,47,49
1031,182,45,48,51
94,204,188,197,220
478,138,42,43,46
891,217,52,49,55
570,333,44,41,46
551,253,231,232,254
995,392,47,45,50
951,343,46,46,52
643,465,176,188,208
916,354,47,47,51
1162,41,240,236,252
782,347,46,48,51
6,310,36,37,40
468,322,43,45,46
327,111,32,27,29
773,372,45,45,52
945,475,48,47,53
665,485,105,81,57
267,426,67,67,53
662,73,44,47,47
789,385,46,44,48
896,139,49,47,51
1026,444,48,48,50
859,8,96,91,85
58,465,47,46,53
1163,392,237,233,249
391,221,211,211,233
119,313,39,35,35
282,466,100,90,62
80,302,35,30,30
1109,340,237,234,254
32,397,47,45,47
522,159,49,44,48
166,194,193,188,206
631,429,46,44,48
376,87,28,27,29
170,63,141,128,148
480,425,41,43,46
905,459,44,49,49
180,196,187,182,203
114,141,41,31,35
243,55,213,213,233
388,79,33,28,31
144,202,48,46,50
1161,153,237,235,249
377,475,59,54,53
26,146,164,29,40
1037,16,105,83,66
731,117,46,44,50
529,270,48,49,54
502,384,41,41,45
746,327,44,45,47
870,477,52,50,52
108,99,156,29,37
909,29,111,105,98
868,300,44,48,50
1116,219,231,229,248
77,391,43,44,46
411,280,46,46,48
973,257,47,50,49
1036,425,46,45,53
1101,325,241,239,254
324,209,196,197,213
1147,189,233,231,247
315,47,33,30,29
712,496,141,137,128
821,128,43,50,54
920,400,49,47,49
371,121,36,36,36
1074,307,50,52,57
1166,451,237,236,249
837,291,45,46,50
34,366,39,44,45
151,426,48,49,52
227,244,195,192,212
804,360,45,44,48
454,160,44,42,46
1086,102,61,62,64
80,356,39,39,43
694,211,239,237,255
774,259,239,238,255
314,299,43,44,44
140,264,214,211,234
789,160,47,45,48
750,221,146,140,196
480,8,53,47,44
361,406,45,42,47
314,240,58,52,58
823,462,48,50,52
637,334,40,43,46
287,214,186,188,204
1132,9,229,228,243
42,148,162,27,34
1102,351,243,242,255
823,207,48,49,54
370,268,211,210,236
787,201,48,48,53
454,259,238,232,255
277,30,124,119,144
395,395,44,43,49
468,289,22,24,24
86,237,222,218,246
217,377,40,43,43
271,487,88,75,53
1086,497,241,241,253
697,334,42,46,49
890,397,42,45,50
527,489,107,100,75
341,298,41,43,44
25,241,34,28,29
469,338,55,56,57
578,147,44,45,45
294,107,30,26,30
653,370,45,46,48
297,76,36,26,30
215,305,42,41,45
1091,46,105,104,91
795,99,45,47,47
1000,286,46,47,48
356,233,204,203,226
1194,496,236,234,248
616,81,44,45,49
1030,403,46,48,51
433,459,43,40,45
72,236,46,44,52
947,68,101,97,94
732,173,49,47,51
548,36,45,43,49
327,104,31,23,28
674,395,47,49,50
723,12,52,51,52
289,313,45,43,47
932,206,46,48,51
1148,457,234,230,247
168,390,42,44,47
615,483,173,174,185
627,444,126,123,111
826,207,46,51,53
624,201,235,232,254
473,307,54,58,57
126,42,160,143,165
1109,160,239,236,251
246,384,42,43,47
314,498,44,45,47
467,250,185,185,199
245,421,46,43,47
420,53,34,31,35
588,100,46,43,45
909,63,101,96,96
1179,481,237,233,252
759,253,242,239,255
634,205,147,135,141
359,424,39,44,46
1,310,37,38,38
483,221,56,53,55
632,320,45,45,48
637,326,42,43,48
1006,66,55,53,56
1035,22,107,83,63
887,302,47,46,50
279,468,102,95,67
91,171,51,34,42
215,118,34,35,39
984,464,51,46,52
760,362,46,45,50
987,358,49,47,53
69,414,51,46,47
220,250,197,196,216
1181,52,242,236,254
268,239,186,187,201
1071,54,72,64,62
589,85,43,43,48
783,264,241,238,255
1193,161,241,236,254
1148,259,237,232,251
1010,43,105,80,62
979,403,46,47,50
740,201,239,238,255
181,448,82,79,81
718,359,46,46,50
179,105,199,206,221
575,384,40,42,44
597,124,42,45,52
460,297,47,44,49
918,69,80,71,68
612,184,231,231,255
638,33,48,46,52
1169,299,236,233,250
372,286,43,45,46
401,137,44,41,43
1018,0,99,78,60
344,420,43,43,44
779,63,48,49,49
558,25,50,46,50
708,281,42,44,48
45,408,47,45,46
688,27,50,50,53
140,81,160,145,166
1133,311,227,225,242
594,36,45,42,47
510,156,49,46,49
881,439,48,48,49
162,176,200,197,219
799,265,239,238,255
1054,468,50,48,54
1149,117,236,233,246
1033,303,51,48,53
786,223,237,236,254
1015,393,50,48,50
1018,138,48,50,54
690,195,236,237,255
312,103,32,29,28
179,199,188,183,201
823,361,46,44,47
781,152,47,45,51
184,493,45,46,46
682,367,39,45,48
348,72,29,26,25
68,419,61,59,56
950,79,50,47,52
273,111,29,22,30
583,11,97,82,61
1151,70,234,233,250
717,463,147,140,149
520,93,47,43,49
362,167,40,41,44
158,400,45,43,46
28,431,55,49,53
773,463,52,53,54
1119,205,234,229,248
216,275,209,208,229
1035,331,50,52,53
1106,204,238,238,255
1197,455,235,234,247
562,3,86,70,53
588,153,43,43,47
271,350,43,43,46
516,294,46,43,46
550,28,49,47,49
130,499,45,49,50
1106,433,239,233,252
1083,224,240,240,254
871,422,78,87,120
885,349,49,48,51
238,82,46,50,53
606,142,44,45,47
376,139,36,36,41
1081,311,69,59,64
888,411,47,47,51
864,72,47,48,50
941,55,128,107,90
1099,264,236,236,255
89,173,204,195,215
150,469,66,61,57
188,445,53,51,49
576,182,230,229,251
339,408,45,44,46
999,339,50,49,51
458,427,53,50,52
1039,8,96,78,64
286,437,86,85,57
770,429,44,46,51
304,209,159,167,180
866,199,53,49,55
471,186,52,48,53
1118,21,232,233,248
817,366,44,44,48
264,401,45,43,46
752,99,42,45,48
768,173,44,47,47
788,252,243,241,255
1022,274,49,48,51
256,222,188,186,207
725,216,198,197,224
755,403,137,140,96
150,476,47,46,49
950,374,45,49,51
929,147,48,47,50
518,119,48,45,46
1124,476,227,223,240
655,34,46,48,48
48,204,81,88,83
566,473,138,133,128
51,468,48,48,51
403,93,36,36,38
909,178,46,46,51
1119,131,229,230,246
599,4,89,82,77
1186,377,236,237,252
487,4,53,46,45
178,401,45,44,47
65,425,92,96,94
308,442,68,67,54
910,479,47,50,52
700,156,46,48,51
404,386,43,43,46
960,380,43,44,48
339,486,122,119,132
1083,417,59,57,64
569,321,45,43,46
946,286,47,47,48
214,363,42,44,45
253,419,43,46,47
247,226,187,185,204
642,236,51,56,59
115,108,162,28,35
167,399,41,42,46
1148,312,236,230,250
330,79,30,27,26
803,263,243,239,255
1010,409,46,47,51
1008,347,47,47,51
469,293,24,19,22
161,461,47,46,49
19,462,51,49,50
937,323,49,45,50
565,117,45,43,47
502,298,42,45,46
402,92,36,35,40
154,201,52,40,58
709,242,237,241,255
600,121,42,46,47
46,164,168,29,39
471,384,44,43,47
940,165,45,47,51
712,36,66,55,56
54,407,49,45,48
553,178,187,182,194
212,452,43,45,50
991,124,48,48,53
170,21,163,146,168
285,8,168,173,190
289,494,49,44,48
714,438,43,44,46
945,188,51,46,52
936,465,48,48,53
804,153,45,46,51
1022,442,48,49,51
641,106,45,44,48
956,275,47,44,51
696,322,41,45,48
915,269,60,52,86
53,289,41,33,35
849,391,44,47,50
856,136,48,46,50
941,136,46,48,51
1112,308,234,230,249
427,367,46,44,46
787,380,46,46,48
280,443,75,73,56
958,288,46,45,50
133,214,202,195,219
286,153,30,31,32
231,126,35,29,29
673,123,44,45,49
549,235,232,229,253
674,333,45,46,48
968,104,49,48,49
911,407,46,45,48
367,23,36,27,26
362,362,42,42,45
186,177,196,190,212
347,270,50,47,63
859,143,49,47,52
882,389,44,47,50
913,141,49,49,50
1125,33,231,228,243
618,404,43,42,48
885,100,46,48,50
228,14,173,163,188
657,272,45,46,46
487,449,166,168,187
406,480,64,58,54
646,151,49,45,47
548,167,45,45,49
414,14,34,25,26
356,54,27,24,24
700,484,125,104,73
673,118,45,47,49
17,53,65,66,69
877,107,49,45,51
320,5,68,58,59
1169,34,238,237,254
973,307,49,45,50
631,217,233,233,255
435,14,33,31,32
546,281,44,45,45
767,334,44,44,50
472,65,42,43,43
1071,302,51,52,59
70,126,152,28,33
726,302,44,45,49
678,360,42,43,48
631,353,45,44,46
270,299,42,46,46
465,365,54,56,60
269,489,90,80,54
1196,321,240,236,254
767,107,42,46,47
1019,377,45,48,54
1099,427,240,239,255
148,249,210,208,228
421,61,32,36,36
714,219,188,194,244
48,327,37,36,39
1160,142,236,234,248
390,475,54,51,53
302,402,45,43,46
469,72,40,42,45
565,127,44,45,43
979,147,48,45,52
1101,257,237,234,255
882,285,45,48,49
162,388,41,44,45
1166,285,237,236,251
730,228,141,142,111
167,98,207,195,214
453,77,39,41,43
470,201,231,229,251
868,1,90,84,83
1123,157,229,226,244
1161,313,237,234,252
658,38,42,45,46
967,113,46,48,52
1160,357,240,236,250
949,196,49,48,50
517,2,109,90,69
697,149,46,45,52
397,374,43,43,46
518,9,73,59,53
142,187,206,205,229
1124,358,233,231,245
661,424,44,43,49
1030,29,102,78,63
526,145,47,44,47
291,420,43,45,44
507,51,47,42,46
386,73,28,28,29
258,261,199,197,218
122,236,200,195,215
496,71,41,43,45
650,119,44,46,47
115,184,154,162,181
412,305,46,42,49
872,368,47,45,49
1019,345,48,46,53
177,251,202,199,221
240,436,53,56,51
813,79,49,46,50
864,351,46,46,48
417,72,35,34,37
148,126,205,194,216
405,337,42,44,47
331,87,33,25,24
86,56,59,43,60
289,52,40,43,46
382,144,35,38,42
341,150,32,36,37
183,146,35,35,40
344,275,43,44,47
631,32,50,48,50
33,446,51,51,50
255,103,33,29,34
310,443,78,74,58
569,167,43,43,47
953,48,96,74,61
747,385,47,43,46
178,431,49,49,51
48,314,36,35,37
407,146,39,44,46
958,44,97,73,60
757,12,51,50,51
493,436,165,167,185
495,238,210,212,229
133,497,43,47,50
3,447,58,53,55
707,137,50,44,50
432,12,36,27,28
1054,459,52,50,54
63,37,114,107,119
236,319,46,44,46
119,169,243,238,255
113,88,182,161,182
732,414,40,43,46
626,152,43,48,49
396,131,38,40,43
734,113,49,45,49
1126,86,229,224,239
478,263,188,184,198
1163,169,236,233,250
106,483,46,48,51
311,261,205,205,224
645,183,240,235,255
127,55,156,142,163
627,118,47,46,49
806,480,167,167,182
512,139,44,45,48
542,28,50,46,50
947,392,47,45,53
721,20,178,118,74
724,96,45,45,46
922,212,45,48,51
478,372,42,43,46
344,262,204,209,232
1063,454,49,48,54
1139,55,232,231,244
320,132,35,31,33
278,31,106,109,124
6,212,33,32,34
731,441,42,45,48
704,206,241,236,255
739,405,113,127,171
245,193,191,184,205
68,177,199,194,215
1061,459,46,50,53
939,441,47,48,49
45,88,193,186,208
1006,30,109,82,62
393,269,216,218,237
403,153,38,43,44
200,421,48,46,51
1066,340,50,51,55
704,441,46,45,49
1171,476,239,234,252
643,334,45,46,46
847,339,46,46,51
293,290,43,45,48
605,299,44,45,47
526,120,45,44,48
674,173,51,49,52
18,476,51,48,51
71,220,224,222,246
3,205,32,30,34
17,175,111,105,109
376,24,36,25,29
155,476,45,46,51
771,152,41,47,50
39,276,33,32,28
1077,85,135,133,99
88,89,155,26,35
886,35,110,106,104
809,20,51,52,53
909,434,49,47,57
827,291,47,49,51
1198,199,239,236,254
9,387,45,45,48
140,235,45,38,43
810,153,44,48,49
393,466,81,75,66
867,487,158,143,88
457,357,25,21,27
179,271,209,208,229
941,34,95,70,59
376,358,43,42,47
1198,43,241,239,254
447,193,223,222,248
302,162,37,36,41
467,166,42,43,46
1055,158,50,51,54
170,353,39,42,42
1084,477,115,92,102
239,68,210,214,233
127,406,44,44,48
1196,264,237,237,254
617,438,43,43,46
810,382,46,45,50
189,477,44,45,50
497,361,44,43,45
575,338,43,43,45
66,134,154,28,41
1182,52,241,236,255
1034,350,46,47,51
142,301,38,34,37
555,147,47,45,48
322,233,54,56,69
728,225,61,60,64
99,72,144,123,144
627,56,45,45,49
1094,173,242,241,255
921,126,49,46,50
324,147,31,30,35
457,316,73,71,71
235,37,37,28,27
123,177,192,184,213
63,465,49,49,54
1165,255,238,236,251
749,186,48,51,54
977,144,50,48,53
127,303,35,32,35
932,89,48,49,51
719,6,116,73,63
356,183,195,193,215
1060,364,48,47,54
502,356,41,42,46
1198,39,242,239,253
1112,207,236,233,251
462,187,56,55,59
12,301,34,36,37
596,316,41,43,46
603,383,43,44,50
555,267,232,231,254
120,392,42,44,44
257,176,189,182,203
207,315,41,41,45
586,125,44,44,48
979,204,48,47,51
974,41,96,73,59
729,172,49,48,51
771,122,46,45,49
1102,401,239,238,255
180,59,167,155,176
297,434,64,66,52
587,459,122,112,101
229,282,204,204,227
339,94,27,28,30
768,433,48,46,51
528,341,40,44,46
794,110,46,46,49
821,497,153,149,143
670,8,49,49,53
439,248,228,228,249
160,465,62,51,48
773,313,46,47,51
289,193,188,186,205
322,186,193,190,210
373,64,30,27,28
43,135,152,25,35
531,76,45,42,47
236,34,34,28,34
940,149,49,49,50
1196,65,241,235,253
774,119,47,46,50
330,438,73,74,52
1131,204,229,226,246
824,55,50,53,54
1057,371,45,48,51
1168,62,237,234,252
48,37,52,41,53
203,68,40,36,36
645,39,46,44,50
404,70,33,31,30
790,199,47,49,53
284,306,44,43,46
652,407,42,45,49
140,448,49,52,54
114,477,48,47,49
1168,348,234,233,251
59,21,62,63,66
870,276,50,46,51
1051,463,47,51,51
267,77,37,40,43
372,348,44,45,46
1009,497,49,48,55
95,54,31,27,33
983,13,109,82,63
473,157,42,43,46
863,184,47,45,53
1020,441,47,47,53
1059,382,51,49,52
44,417,56,55,55
887,366,44,44,53
78,18,94,88,99
312,83,29,26,27
783,485,155,148,164
53,50,112,103,114
613,372,41,42,44
390,169,47,41,43
339,83,36,27,27
83,266,39,35,37
320,347,40,44,44
969,24,100,75,57
142,184,208,207,233
292,359,41,43,44
1179,87,241,237,252
827,275,50,48,53
792,424,46,49,52
39,12,225,225,250
980,147,46,47,51
133,3,141,137,155
497,145,17,19,21
414,191,213,213,235
603,76,42,44,46
661,376,43,46,46
216,452,46,46,50
1193,34,239,237,255
28,165,173,31,37
340,408,47,45,49
293,329,44,43,44
307,386,42,46,43
1177,207,239,236,252
1100,411,239,239,255
444,225,230,229,251
813,45,47,48,51
1018,185,48,48,51
887,199,48,48,53
574,442,135,131,138
287,341,42,44,45
995,470,47,49,52
270,424,53,53,48
778,152,47,47,51
845,376,45,44,50
413,41,34,26,29
562,218,231,231,255
663,476,95,72,55
366,474,66,61,55
678,69,43,46,46
678,17,52,50,53
162,218,197,193,214
1082,200,51,54,57
899,491,177,158,82
1183,438,237,235,251
350,448,77,74,54
502,217,210,210,230
1041,487,44,50,51
118,165,167,169,190
782,395,47,44,48
733,162,46,46,49
139,394,44,43,45
1018,28,91,71,58
249,164,188,186,203
788,303,43,48,49
1026,115,47,47,52
678,111,47,44,50
532,373,42,42,48
790,334,45,45,49
647,3,51,49,52
948,334,45,45,48
1105,101,233,234,252
9,291,39,34,38
1176,166,238,237,254
595,300,52,44,46
518,409,42,39,45
938,85,47,48,52
827,271,50,47,52
710,438,45,45,48
430,87,40,38,41
115,477,46,45,49
917,236,59,56,99
1146,353,228,227,244
571,368,45,43,47
638,399,44,43,46
1030,485,51,49,54
483,94,38,43,46
236,94,41,42,45
1028,447,44,47,52
813,13,57,57,56
1130,96,224,224,242
887,40,103,100,96
882,118,51,46,51
497,92,45,43,43
893,426,94,91,60
188,139,34,37,43
183,265,208,204,227
932,118,49,48,51
1138,220,230,229,246
480,356,38,41,46
1094,360,244,245,255
1161,249,238,235,251
351,436,90,85,57
361,209,202,203,223
438,470,68,48,37
79,280,35,28,34
426,486,90,91,100
782,170,46,47,50
476,402,43,44,45
992,48,105,80,61
549,197,221,222,247
376,192,204,202,224
308,74,30,27,29
1169,284,237,235,252
108,463,49,48,50
773,24,50,51,55
804,162,51,47,49
856,157,50,45,51
866,27,99,96,93
221,70,139,138,155
37,418,58,57,56
70,146,161,31,51
1092,325,241,238,255
573,195,77,70,99
441,431,17,18,16
330,392,43,43,47
1013,384,45,48,50
401,413,44,43,45
775,457,55,57,59
1127,323,231,229,247
791,254,239,236,255
1178,50,242,239,253
32,123,149,24,33
372,456,68,55,53
388,331,44,42,47
514,170,43,47,48
1042,5,90,74,63
927,183,46,48,52
42,399,46,44,49
693,460,120,96,64
162,288,37,38,39
312,156,35,33,35
328,472,115,115,126
561,426,42,46,45
1042,60,108,98,81
1116,436,232,229,246
974,226,48,47,52
624,3,49,49,51
274,119,33,27,27
1088,314,120,124,186
432,281,46,47,50
438,283,47,44,49
517,53,36,31,35
906,480,50,48,51
733,204,243,241,255
896,93,49,48,50
869,352,42,45,48
312,312,42,42,45
558,426,42,40,44
585,206,221,224,229
684,403,44,42,49
426,445,158,150,150
586,389,39,45,43
494,489,120,104,60
401,240,90,80,87
