x,y,R,G,B
10,68,99,93,104
810,185,49,45,51
669,378,43,45,47
1071,222,53,54,59
364,454,104,95,91
923,65,79,72,64
353,225,204,207,227
781,211,241,242,255
1024,440,48,49,51
1100,211,241,242,255
26,322,38,41,40
471,336,54,54,57
42,272,33,27,29
544,213,230,230,251
145,372,40,42,43
1010,433,48,47,50
304,395,42,44,44
915,116,46,46,53
173,355,39,41,46
1046,215,49,48,54
781,115,46,47,49
417,378,43,43,47
334,86,34,25,28
180,398,44,44,45
380,385,45,43,47
837,112,46,46,53
1122,408,233,229,245
1067,0,103,79,64
793,346,43,46,51
579,128,43,45,47
414,457,132,123,136
852,401,45,45,51
42,302,34,32,31
130,221,196,193,215
335,342,42,44,46
478,19,66,51,47
160,360,41,42,42
509,129,45,45,48
767,320,45,45,50
298,384,41,44,45
240,238,193,189,211
176,438,47,51,51
1140,130,229,226,243
1160,408,237,232,251
711,262,47,49,51
20,487,49,51,52
307,385,43,43,43
499,445,177,181,199
181,3,153,27,43
777,58,48,49,53
617,242,235,236,255
1175,37,241,235,253
489,84,41,44,45
344,470,70,66,60
384,266,218,215,239
32,99,29,31,31
711,302,44,46,45
66,264,34,27,29
58,114,150,23,33
697,309,46,45,45
450,122,45,42,47
1006,386,46,46,51
343,78,31,24,27
172,318,36,38,41
406,440,72,69,71
1080,286,250,247,255
120,411,45,44,48
659,204,239,236,255
953,174,46,46,51
138,339,37,38,38
386,17,39,28,28
980,499,54,53,52
498,393,39,41,45
969,22,106,77,61
477,455,181,185,205
822,220,240,239,255
318,122,36,25,29
392,342,48,42,47
443,12,38,33,33
87,400,46,45,46
1045,344,47,47,51
615,262,46,46,51
165,282,206,206,232
474,212,61,57,61
939,332,47,45,49
407,239,224,225,242
1083,486,66,72,62
365,337,41,43,47
781,47,51,48,52
235,404,41,44,47
71,366,43,42,44
524,135,43,45,48
1028,7,117,86,67
714,138,47,46,50
914,432,111,122,138
103,347,39,35,39
776,153,46,45,52
870,132,47,48,50
1043,159,51,49,54
551,235,230,229,251
375,206,199,201,222
267,265,183,184,213
761,248,241,239,255
672,145,43,48,49
892,499,176,160,99
813,218,242,241,255
1193,316,238,238,253
687,243,48,51,55
16,67,105,94,105
516,400,40,40,45
911,377,44,45,48
98,234,204,201,224
861,103,48,47,49
390,304,44,42,47
375,344,46,43,46
684,301,40,45,47
392,120,34,38,39
842,197,47,45,49
12,409,45,47,47
1179,103,237,236,252
758,178,47,47,50
159,163,43,44,45
815,309,44,45,50
1115,461,228,225,242
908,359,45,48,52
1086,0,254,251,255
1122,240,232,229,244
107,105,163,40,47
259,299,45,43,46
756,44,50,49,53
84,182,208,200,222
517,207,213,214,220
911,275,60,53,74
759,62,44,46,52
668,161,45,47,50
32,255,36,33,33
735,11,48,48,51
815,97,48,49,49
269,338,57,61,71
670,445,39,44,48
129,139,35,30,31
751,375,40,44,46
888,370,47,44,52
834,327,46,48,52
973,121,42,46,51
66,480,64,58,54
586,461,134,124,110
856,252,241,239,255
779,316,43,47,48
720,286,42,44,51
630,290,43,43,47
1046,271,52,50,52
1036,340,47,49,50
759,396,46,46,49
1079,477,57,55,61
921,386,44,47,50
1107,123,237,235,251
985,206,45,47,52
1017,445,51,51,53
418,91,37,39,40
374,127,35,36,39
1013,414,50,47,52
189,301,39,38,40
31,297,35,32,35
113,138,40,22,31
915,206,48,46,52
1157,215,237,233,248
293,379,44,43,46
547,44,43,44,44
256,425,56,51,52
877,468,46,47,48
162,361,41,43,44
529,366,43,42,46
323,210,191,189,203
515,390,41,42,44
359,358,43,42,48
1086,161,237,240,255
123,130,37,28,33
635,84,43,45,48
303,53,37,34,37
565,460,137,131,136
457,100,45,42,46
517,242,82,76,75
664,252,43,48,50
698,497,131,105,71
291,224,191,191,211
587,48,43,45,48
445,344,47,46,48
583,86,45,44,47
384,492,147,140,153
830,166,46,47,51
773,41,52,51,54
984,482,48,48,52
550,239,230,229,254
1113,409,236,232,248
785,100,44,47,49
784,27,54,51,53
331,55,32,24,28
111,369,40,41,43
477,242,26,23,27
261,166,184,182,201
406,433,45,46,49
698,351,43,45,47
419,339,43,43,47
1148,331,235,233,246
280,32,134,136,154
281,469,108,103,71
705,73,50,48,50
1083,222,248,247,255
593,118,43,42,48
795,470,161,157,156
497,292,45,45,49
723,429,41,43,49
40,339,36,39,41
1085,373,78,76,70
432,434,51,46,52
81,155,163,33,37
1017,410,46,47,54
483,137,44,45,47
743,201,241,238,255
1075,9,105,82,67
887,243,243,238,255
322,75,31,24,25
113,226,197,196,219
170,498,48,47,48
334,265,210,210,234
90,487,50,48,50
136,69,162,147,172
573,68,41,44,47
1073,299,52,51,55
639,155,47,45,47
870,188,48,47,50
140,375,41,41,47
1064,280,207,203,188
820,112,43,47,50
501,433,180,181,197
155,13,153,138,158
1063,97,49,51,53
953,151,48,48,52
453,354,65,66,74
798,415,113,111,81
680,183,238,236,255
144,341,39,38,39
256,431,84,81,57
273,278,40,43,45
1003,38,113,85,64
161,27,164,147,169
607,207,55,57,62
816,52,51,51,55
873,455,47,48,49
86,186,200,199,218
334,185,190,189,210
778,67,48,47,51
111,236,192,190,204
1150,242,232,231,244
244,276,209,207,230
1198,27,240,237,253
686,249,45,47,48
1060,352,47,48,52
445,209,223,223,246
117,146,191,187,201
352,207,55,56,60
512,9,78,60,50
276,408,41,45,46
30,488,63,58,55
978,308,43,44,50
529,66,40,46,48
764,301,46,47,51
765,46,51,51,54
1139,175,230,229,246
1040,156,49,49,53
734,128,46,44,51
954,315,48,46,49
242,272,204,204,224
637,407,42,43,47
151,27,167,149,173
426,379,42,44,46
430,438,49,51,51
316,57,32,28,30
754,255,238,238,255
125,209,205,203,224
382,324,43,43,45
347,170,47,43,47
130,381,42,41,44
250,482,78,76,68
872,277,47,50,52
521,236,220,220,241
977,442,61,42,104
796,305,45,45,49
914,248,226,233,255
205,410,44,47,50
152,189,204,199,221
283,157,36,31,35
54,382,46,43,48
358,413,40,41,46
554,126,46,43,47
566,333,44,43,47
322,117,30,28,30
355,21,36,29,31
19,320,38,37,40
361,478,92,84,70
787,235,66,61,80
1103,227,239,238,254
778,54,44,46,51
910,87,48,47,50
391,23,64,50,39
169,205,45,41,48
1166,262,240,236,254
362,202,200,199,219
738,114,47,47,51
811,86,48,47,50
273,253,199,197,220
893,294,45,47,50
62,109,152,23,32
4,431,53,52,54
965,173,48,47,53
604,300,44,44,46
30,102,35,29,29
731,123,44,46,48
87,53,33,25,30
217,197,175,172,188
837,231,237,238,254
1084,373,61,57,63
237,222,192,187,204
271,231,60,47,66
617,149,44,46,47
839,209,48,49,53
1168,444,238,234,250
338,73,33,28,30
1100,66,238,235,255
601,492,177,178,187
1179,349,235,236,251
958,408,44,46,51
454,207,64,59,79
198,17,189,168,191
100,272,39,34,35
1187,287,237,232,252
881,68,50,49,54
9,186,100,105,99
436,318,46,44,45
659,438,43,45,43
780,396,47,45,48
827,82,44,47,50
616,249,239,236,255
702,191,241,237,255
1072,79,97,90,101
398,59,31,29,27
1177,115,238,236,253
400,384,44,45,46
753,73,48,47,50
858,276,47,49,50
500,457,147,147,162
1182,249,237,235,251
620,338,46,43,47
190,82,150,145,164
499,120,64,63,68
533,411,45,42,44
853,62,47,47,53
1015,185,46,47,51
685,168,44,46,49
1031,7,114,82,64
357,485,63,58,53
177,211,193,190,204
676,81,46,46,49
566,386,41,40,44
603,229,232,233,255
161,256,209,207,228
236,395,41,42,46
968,499,50,53,54
441,59,39,36,37
403,330,45,45,48
191,361,46,41,48
951,64,60,59,65
945,357,47,49,52
424,314,41,42,46
486,181,67,67,67
520,351,41,42,44
935,428,46,47,48
482,444,173,176,195
810,424,48,48,53
391,110,38,35,38
617,197,238,235,255
513,84,31,26,30
603,361,43,43,47
808,460,47,46,49
661,452,67,56,52
478,415,44,43,46
825,102,45,48,51
463,44,42,40,42
292,446,59,56,50
670,58,45,44,51
103,351,37,34,37
685,328,46,45,48
1077,239,53,50,55
849,168,45,45,50
773,79,47,48,51
408,309,43,44,46
1013,39,100,81,63
817,305,46,45,50
583,24,47,48,50
442,276,116,124,151
1038,447,47,48,52
295,201,182,183,201
16,278,36,30,32
1158,255,236,234,249
195,453,50,50,52
873,89,46,48,49
427,303,45,43,46
476,62,41,39,45
615,72,47,44,46
354,100,31,28,28
236,79,52,48,53
341,125,36,32,31
362,84,30,27,29
562,73,46,44,47
241,81,48,49,56
1199,387,240,237,250
361,66,33,25,27
322,229,196,198,218
1155,416,234,231,250
427,336,39,43,47
398,210,111,106,112
730,474,155,149,163
1038,31,104,81,67
320,131,33,30,32
108,207,222,223,250
821,250,242,240,255
182,478,45,45,52
499,196,205,207,225
498,455,162,159,174
785,406,46,46,49
954,70,76,73,77
979,185,49,47,55
188,15,156,29,44
1168,341,237,235,249
178,325,38,38,42
67,339,40,39,41
792,348,46,47,48
392,391,44,42,45
535,236,115,121,146
841,476,145,133,98
761,12,50,49,51
457,162,42,44,46
82,449,47,48,49
240,434,67,72,53
700,95,48,46,48
605,37,43,44,48
840,488,159,153,116
972,417,48,45,51
561,423,44,43,47
1193,267,242,236,253
571,351,44,42,45
889,495,176,164,112
318,422,43,44,48
393,475,60,54,54
427,50,37,33,36
975,293,42,44,49
820,353,46,45,48
581,161,42,46,47
391,438,203,208,232
570,325,46,42,45
376,433,154,64,65
854,227,239,237,255
699,240,233,233,255
105,212,219,216,244
971,174,45,47,52
1035,52,134,119,98
402,365,40,44,44
1056,143,45,49,54
689,451,45,44,48
1151,471,232,229,243
692,340,45,46,48
304,233,194,191,213
1037,209,49,48,53
681,249,50,46,50
356,94,28,27,30
236,439,53,55,53
289,410,44,42,48
839,55,62,57,55
510,51,46,47,48
1198,12,237,236,253
290,31,53,52,57
995,193,48,48,52
484,163,45,45,48
205,493,44,47,48
835,443,47,46,49
167,216,196,192,214
36,389,45,44,49
133,203,201,199,220
933,426,46,48,52
975,497,48,49,49
71,227,178,165,189
551,252,232,231,251
563,305,41,44,46
393,279,41,45,47
145,424,49,48,49
188,308,40,39,42
650,399,41,42,47
878,115,49,49,51
958,121,47,47,52
543,415,38,41,44
739,436,44,42,48
842,10,98,97,92
922,73,50,47,53
418,32,35,28,31
93,344,35,36,37
1171,38,238,236,254
159,355,41,42,43
578,3,91,81,60
213,102,48,49,55
892,459,48,46,48
34,180,170,40,47
431,214,219,222,242
807,349,42,45,47
1138,273,230,227,247
1053,116,52,49,52
569,15,97,82,60
842,323,46,44,52
997,364,45,46,50
21,58,95,88,103
1169,129,239,235,254
463,258,234,234,255
797,356,46,46,47
704,328,46,45,49
239,436,53,54,50
947,187,49,47,50
24,480,46,48,48
476,284,51,47,50
512,438,164,166,184
607,308,42,42,46
303,7,116,119,136
284,151,33,30,35
832,152,43,48,50
164,100,202,191,213
1192,259,240,235,251
271,296,44,41,46
349,155,38,34,37
312,131,30,30,31
82,195,123,121,141
539,254,230,228,249
872,344,48,48,52
473,466,183,184,200
834,73,44,48,50
922,474,46,47,51
170,93,146,133,145
22,83,118,109,114
994,258,49,47,50
74,64,189,187,206
1157,264,239,236,250
472,35,76,60,46
998,370,46,48,51
991,314,44,46,51
608,345,42,44,46
106,266,45,37,40
621,109,45,45,47
385,234,213,213,236
96,203,187,182,216
215,65,39,30,35
781,13,50,49,54
716,124,49,44,50
1105,47,237,232,251
959,89,49,49,49
65,265,37,31,30
493,173,36,33,37
1076,194,56,55,62
952,34,91,71,58
1191,23,238,237,252
921,343,45,47,49
1187,205,239,238,253
253,231,186,183,203
1188,477,235,235,255
344,450,70,68,54
1089,380,246,251,252
450,488,172,179,198
1014,322,48,46,52
845,56,62,56,56
80,32,111,105,116
580,86,43,44,46
411,351,41,43,45
196,482,41,45,46
997,472,46,49,51
379,495,79,73,54
772,312,45,47,49
219,2,168,151,174
892,457,48,49,52
766,316,43,45,47
635,67,45,45,48
585,423,42,43,48
466,221,229,229,249
534,156,46,45,49
695,102,45,46,48
247,60,116,118,138
765,155,45,48,51
1141,27,232,230,247
16,448,51,50,51
732,395,46,44,48
266,135,37,26,30
96,317,32,36,34
302,350,39,43,45
655,370,46,45,51
878,454,46,49,49
452,326,53,49,53
165,295,39,38,40
946,370,45,48,50
333,339,41,44,44
1133,210,230,229,244
142,120,199,191,212
261,391,47,42,49
896,425,132,136,164
949,38,106,81,60
956,408,44,46,49
438,8,37,31,32
56,407,50,43,49
164,37,167,149,175
545,121,44,43,46
348,385,44,42,47
1064,61,105,95,90
604,345,45,43,46
779,301,43,46,48
235,317,45,43,44
189,103,121,122,139
294,172,186,185,204
515,172,44,47,50
320,42,37,27,32
687,466,110,88,61
312,309,43,43,46
370,247,188,192,197
1010,201,42,47,51
283,381,42,44,46
935,383,46,44,48
421,72,33,35,35
830,275,44,46,53
577,121,37,43,46
483,78,41,40,43
884,68,48,49,52
828,26,79,76,68
695,91,43,46,48
3,15,206,211,235
1072,25,106,99,94
822,452,46,48,50
933,268,47,45,51
297,439,56,54,51
494,307,45,44,46
743,7,48,49,50
406,451,56,59,53
31,466,50,49,51
188,96,112,117,131
1157,95,236,235,249
700,240,234,235,254
943,54,116,79,63
891,27,94,87,90
174,137,42,43,48
353,327,43,42,45
426,421,41,44,48
815,477,169,164,180
38,76,117,104,108
611,461,157,156,175
70,351,41,38,42
712,8,63,54,55
123,41,163,144,167
1165,97,234,234,251
508,72,16,18,20
192,69,202,188,211
564,276,49,46,48
221,133,32,29,30
489,378,42,43,44
588,320,47,43,45
1132,137,230,227,245
323,247,202,203,218
1191,172,240,236,252
425,5,35,28,30
123,251,214,211,235
970,101,47,49,51
150,88,156,144,164
621,130,45,45,47
41,69,111,102,113
923,66,77,72,66
87,417,52,52,54
646,209,71,57,64
4,430,55,53,55
219,202,184,181,200
463,176,43,47,48
444,0,56,47,38
669,226,235,236,255
303,421,45,44,48
801,375,48,46,50
1156,467,234,232,250
525,156,45,46,47
762,434,48,46,49
887,75,43,47,52
1062,296,104,89,63
639,233,216,219,247
151,53,129,114,131
811,437,45,47,49
309,452,70,69,53
1172,126,239,237,254
334,40,72,59,56
135,1,99,95,98
247,224,189,185,204
1076,497,249,247,255
974,218,48,46,53
929,81,48,47,52
116,47,157,141,165
609,0,52,48,52
1133,2,229,227,245
518,128,43,44,47
887,464,47,46,50
566,350,44,42,47
657,32,49,47,52
348,166,39,39,43
607,469,145,141,135
129,449,47,49,51
95,82,158,55,82
144,51,131,114,134
1117,189,232,231,248
745,238,244,239,255
17,148,167,30,36
490,294,46,46,50
427,344,43,44,42
74,129,154,27,37
29,70,110,101,111
424,284,46,45,48
1170,408,241,236,253
579,411,41,43,46
188,121,60,56,73
1181,349,238,236,253
1086,173,55,55,60
882,148,47,47,52
71,258,40,32,38
999,80,56,52,57
291,141,31,29,31
897,358,44,46,51
64,356,39,42,44
550,3,90,78,56
718,498,151,145,158
1149,65,234,231,248
132,7,186,183,204
85,144,161,29,37
888,265,239,238,255
189,425,52,51,53
1133,356,230,228,244
1112,101,232,230,249
43,261,29,30,30
614,451,180,184,203
493,381,42,42,46
1051,314,47,51,53
86,195,152,158,184
570,467,146,146,146
37,75,117,107,114
354,306,41,45,44
302,143,33,27,32
207,202,187,183,204
554,306,44,45,47
840,338,45,44,48
41,47,142,138,154
1014,210,50,50,51
939,444,52,62,65
747,325,47,46,52
758,18,50,49,55
769,109,46,47,52
817,428,45,47,48
1158,218,236,235,249
317,496,44,45,49
83,162,41,25,28
445,396,52,56,65
810,458,46,48,53
273,438,71,67,53
971,470,47,50,50
235,443,53,50,52
1129,85,229,226,242
1171,347,237,235,252
1175,333,237,235,251
320,209,129,127,130
553,188,231,229,251
343,142,35,30,35
950,188,46,47,49
515,408,38,40,44
274,274,42,43,47
241,233,178,184,195
792,435,43,46,52
231,219,191,188,205
601,387,41,42,46
836,378,43,48,48
433,471,24,20,20
999,353,46,46,50
704,22,51,49,51
221,27,172,162,185
30,269,35,30,30
691,463,115,92,62
1033,315,47,47,52
585,375,41,42,44
110,226,202,198,222
1001,183,47,48,51
509,381,41,42,45
792,345,43,45,49
147,357,36,43,42
1115,115,229,229,246
676,309,45,45,49
202,8,157,28,38
1164,447,237,232,249
1143,390,233,229,245
941,15,134,97,72
926,375,46,46,50
187,365,44,43,44
1044,61,109,100,82
1171,89,237,234,253
672,110,43,45,49
740,348,45,46,46
1160,11,239,236,252
954,383,45,46,50
380,215,189,187,203
872,233,240,237,255
1155,219,235,232,249
402,351,43,44,46
459,151,46,45,46
144,307,36,33,36
835,356,45,46,50
936,362,50,46,53
187,108,111,115,130
620,52,42,43,47
1020,303,50,48,53
1160,60,237,234,252
167,49,152,141,162
630,248,49,47,52
478,60,43,42,45
1044,259,46,49,51
285,153,33,30,33
646,405,46,44,49
488,36,83,62,50
1142,216,230,230,244
955,419,44,47,50
444,4,37,29,34
180,484,47,47,52
583,203,65,58,69
1018,51,94,75,61
1075,124,71,64,63
107,103,159,29,36
968,209,46,45,49
640,248,47,47,48
58,275,37,32,34
990,216,50,49,50
1000,453,47,47,51
26,91,111,91,80
407,156,49,42,44
923,118,48,48,50
975,244,45,47,51
682,143,49,47,49
1014,452,46,47,52
476,144,46,45,47
645,90,48,45,47
28,20,225,224,247
1004,411,45,46,51
955,51,76,64,57
966,381,47,47,49
812,206,48,50,52
142,274,215,213,230
1150,86,239,233,249
1156,306,235,234,251
360,369,43,42,46
113,447,53,51,56
32,240,34,28,29
140,144,139,140,158
41,303,32,33,31
536,147,45,43,47
423,268,227,227,251
871,402,47,47,49
939,221,45,49,50
48,441,51,49,52
372,390,43,40,47
120,171,244,243,255
85,458,47,47,49
389,333,43,44,48
1154,172,234,233,249
1152,451,231,230,245
678,425,43,44,46
1035,296,109,97,67
803,172,45,48,49
464,296,75,73,79
244,189,189,185,203
840,83,48,45,51
325,248,206,203,223
750,439,49,46,48
439,489,171,170,182
28,82,118,109,115
104,347,39,35,40
553,316,45,42,45
70,233,41,46,49
247,306,44,42,45
364,449,92,80,74
656,449,54,50,50
34,275,35,29,35
388,3,43,29,28
631,398,42,44,42
133,1,121,111,118
670,17,46,47,51
468,189,181,178,188
607,193,238,232,255
1040,383,50,47,54
1128,295,226,225,242
350,29,41,33,32
255,167,186,184,205
123,250,214,211,233
486,294,50,47,50
572,430,45,41,45
408,181,46,46,48
218,29,171,161,185
361,413,45,44,46
964,121,47,51,52
473,354,45,46,49
19,415,53,53,53
697,327,43,45,46
146,320,39,35,39
676,132,42,45,51
166,472,50,50,51
678,71,45,44,47
558,482,122,112,106
419,477,162,147,145
1068,356,50,50,57
512,50,64,64,66
816,418,61,60,104
694,288,44,45,47
497,446,176,177,195
382,33,33,29,28
271,106,31,27,31
913,0,109,74,62
403,99,38,37,35
143,178,213,212,235
1086,371,107,97,77
662,313,44,45,45
854,171,46,46,52
1060,172,47,50,51
144,34,140,124,147
973,140,48,48,53
125,207,208,206,228
339,216,199,199,218
1124,316,229,226,243
1040,311,47,47,54
790,175,48,46,50
928,405,48,47,48
218,120,32,34,42
204,360,43,43,47
964,56,72,59,61
759,168,48,45,50
187,161,35,33,35
1073,72,72,62,64
810,285,50,46,48
512,491,116,106,78
1135,484,232,227,242
1033,450,49,48,53
798,443,46,49,49
209,447,45,45,51
921,93,51,46,53
325,24,40,38,41
748,434,48,46,49
206,177,192,187,207
119,332,37,35,37
99,244,218,216,243
398,58,32,28,32
835,49,81,69,58
431,278,51,48,51
626,168,44,47,48
330,239,197,200,220
911,200,47,48,51
531,259,225,225,247
381,350,42,43,46
49,400,48,47,47
153,205,150,147,164
834,288,47,48,50
668,148,44,46,50
1105,397,237,235,253
885,320,45,47,51
221,297,42,43,44
1170,254,236,235,251
850,65,48,48,49
334,267,210,215,238
49,110,149,24,29
1118,134,231,228,249
934,111,43,47,49
260,78,42,41,48
607,83,48,44,48
336,143,34,31,30
1133,83,231,227,242
467,142,45,45,48
1070,83,91,86,90
378,419,43,41,47
679,279,47,45,46
1102,202,240,239,255
122,7,120,110,121
591,303,45,48,44
322,147,30,34,34
812,370,46,46,49
761,290,46,48,48
746,328,45,46,49
1019,346,43,48,50
400,300,43,42,46
465,480,178,183,204
743,23,49,49,54
281,92,30,28,27
316,126,35,29,29
63,401,43,44,46
1047,464,47,48,52
404,439,175,179,194
209,213,177,174,191
20,431,48,52,51
1141,311,232,230,244
332,125,28,30,31
507,56,44,43,48
940,299,46,46,53
958,31,92,70,59
721,410,46,45,48
470,361,45,47,50
569,125,41,45,48
1081,149,250,246,254
959,235,43,48,51
75,0,60,60,64
505,363,38,42,44
79,279,34,30,32
234,454,74,71,54
253,445,55,56,52
1188,198,242,238,253
460,115,39,42,46
656,455,61,54,52
1001,228,48,48,53
651,447,51,48,54
947,336,46,45,50
528,425,44,41,47
963,71,75,64,56
1114,468,227,225,240
628,226,235,234,255
342,472,106,102,110
86,96,151,25,35
263,323,43,44,46
584,353,39,43,44
778,480,154,149,159
239,380,42,43,49
727,433,49,43,46
405,249,224,221,243
631,44,45,46,47
992,353,43,47,47
1176,403,236,235,251
905,184,48,47,52
227,488,54,56,51
448,275,230,233,255
894,281,47,47,51
1118,13,233,231,249
659,322,43,45,47
296,66,38,31,36
282,175,189,184,204
878,73,45,47,51
475,405,41,46,44
950,112,47,46,53
898,446,139,145,88
783,296,45,44,51
341,282,41,43,47
1109,474,229,227,243
191,201,173,177,182
334,28,42,32,34
854,142,44,47,50
829,182,48,46,50
594,138,45,45,47
1008,280,47,47,54
548,139,44,44,46
1002,191,48,48,52
339,51,33,23,25
918,190,47,50,51
469,348,56,53,57
571,220,233,233,255
385,86,36,30,31
600,390,44,44,45
518,54,34,32,35
839,145,48,45,53
26,69,107,100,111
723,282,44,49,51
1062,128,49,51,54
827,84,47,47,51
800,77,48,46,51
321,497,45,46,47
344,490,64,60,52
442,215,227,222,247
884,30,112,111,111
734,131,44,45,48
1053,153,48,48,56
600,430,44,44,46
1174,251,241,236,251
734,163,46,46,50
793,364,43,44,50
562,487,147,142,135
878,233,239,235,255
748,242,240,239,255
498,246,175,171,177
84,22,114,105,111
574,245,233,232,255
545,194,228,227,248
732,277,48,46,48
159,51,139,122,144
950,208,47,48,51
873,316,48,45,50
625,481,179,176,187
729,373,43,43,48
1020,244,50,47,52
999,313,47,45,53
720,389,42,45,49
1034,34,103,79,61
151,118,38,29,30
753,279,48,49,49
1171,232,239,237,253
1007,397,45,48,50
42,53,115,107,119
486,495,116,108,62
518,462,161,159,173
604,51,44,44,45
1129,58,227,229,244
500,370,41,41,45
557,170,49,45,50
865,243,229,234,255
1196,152,241,238,254
343,423,39,43,43
1172,82,238,235,251
324,123,30,32,33
886,403,46,47,50
1153,268,236,233,250
45,285,35,30,31
216,98,41,47,53
913,465,45,50,55
773,134,46,46,50
813,195,49,47,52
864,408,48,46,49
1032,464,48,47,51
653,471,76,60,55
837,446,49,48,53
235,132,32,24,32
981,321,44,48,49
968,3,105,81,64
348,62,32,24,24
113,281,190,189,220
1199,451,236,233,251
907,328,48,46,47
348,302,47,43,48
1027,25,108,82,63
645,104,40,45,49
285,219,189,189,208
188,281,211,206,231
645,114,43,46,47
52,256,36,32,34
5,73,110,100,110
400,62,31,29,33
345,346,43,43,45
1177,11,239,236,254
469,109,42,43,43
146,301,38,38,43
773,322,45,47,50
623,174,52,49,55
262,233,112,100,110
278,122,34,24,27
212,344,46,44,44
373,452,153,114,103
475,281,44,41,47
719,362,45,46,48
942,460,44,46,50
325,413,42,44,44
699,323,48,46,49
1118,465,228,226,243
959,434,47,50,54
383,441,193,200,220
814,273,51,47,51
840,466,51,49,52
311,54,36,27,33
1178,30,240,238,254
64,119,151,25,32
61,448,49,48,51
1002,90,50,51,53
300,130,33,26,27
205,83,131,136,153
260,100,36,28,31
474,100,44,41,44
658,347,40,44,43
724,114,48,45,47
328,319,44,42,45
303,205,170,171,187
1067,256,51,51,56
918,138,50,48,55
1016,318,49,48,50
882,41,101,99,94
34,199,66,77,62
652,319,40,46,50
176,105,203,198,221
554,420,46,43,46
1061,488,44,53,53
693,281,45,46,49
374,118,33,33,37
415,181,48,46,53
864,247,244,239,255
1199,303,240,236,252
941,164,47,49,54
601,255,45,49,55
667,122,48,45,50
936,417,44,44,50
703,228,70,53,81
1063,30,113,107,101
1094,234,236,236,255
818,441,47,47,50
404,373,45,43,46
269,23,118,120,139
657,143,41,44,47
561,417,38,40,44
861,97,46,47,51
651,257,46,45,47
659,404,45,44,49
90,495,50,48,51
533,43,42,43,43
1177,398,243,237,251
289,275,43,46,43
428,117,42,42,44
560,132,46,44,47
1090,17,77,77,77
411,172,45,43,45
1100,224,243,241,255
439,319,49,45,53
951,489,45,48,50
832,274,46,47,52
728,32,56,52,53
654,396,45,45,47
879,372,43,45,51
586,224,234,233,255
778,411,76,54,51
372,71,32,26,30
397,364,43,41,43
435,226,228,225,249
362,263,211,211,236
418,82,35,35,38
192,477,45,45,48
858,418,43,49,52
420,303,47,44,47
103,46,38,33,36
389,306,40,43,48
287,241,193,189,210
736,422,44,44,47
896,293,47,47,47
486,289,48,46,52
866,442,44,49,50
523,411,40,42,46
108,489,45,51,50
522,470,146,145,147
645,490,103,85,89
206,231,176,173,195
125,335,35,33,39
863,155,44,47,48
1172,50,239,236,252
607,40,43,44,48
15,288,35,33,34
320,102,33,25,27
434,412,49,48,52
372,111,33,30,34
578,223,235,234,255
176,75,133,125,141
553,460,143,137,147
491,148,42,42,44
91,358,38,40,42
1137,9,229,227,243
1042,215,51,50,52
548,244,227,228,255
769,433,44,46,51
1085,323,250,250,255
648,312,44,45,49
17,46,63,61,65
966,3,105,80,62
275,224,188,187,208
66,68,29,33,36
1011,399,46,48,52
497,475,112,108,81
805,253,242,239,255
1179,97,242,236,254
369,59,29,24,26
140,113,38,26,33
552,492,137,130,116
230,430,51,49,46
843,194,45,48,49
381,261,216,214,239
759,325,44,47,50
1168,29,238,233,250
429,104,39,40,42
791,124,45,46,49
518,115,45,44,48
625,332,42,44,46
1134,422,227,228,243
217,442,48,48,50
466,82,46,41,47
101,134,161,33,39
284,12,120,122,138
517,151,43,44,47
517,278,45,46,48
1131,357,231,228,243
856,232,242,239,255
474,440,183,189,206
957,184,46,49,50
156,46,147,132,154
135,95,163,148,169
235,480,48,50,51
331,371,40,43,46
936,216,46,47,51
741,168,49,47,52
650,388,118,122,156
703,171,45,47,51
59,79,34,29,31
883,371,47,45,50
713,270,49,47,52
144,463,46,49,51
433,452,85,82,92
673,487,109,82,61
558,102,48,42,46
1187,160,236,234,252
778,335,47,43,50
600,359,43,44,46
863,179,44,47,52
1154,439,233,232,246
976,357,49,47,50
979,323,48,45,50
933,14,156,115,76
1023,321,47,48,52
846,124,47,46,52
326,399,44,44,44
253,324,43,40,48
322,42,42,32,30
879,388,48,46,52
744,467,100,97,80
1140,442,233,229,243
129,438,49,48,51
380,324,43,41,48
312,409,39,44,46
427,467,154,123,94
1169,219,238,235,252
508,47,43,44,45
945,252,46,45,52
828,431,45,47,53
530,60,45,42,47
274,62,46,45,50
740,41,51,50,52
474,333,49,49,55
233,166,188,185,203
1110,378,234,233,250
321,134,31,30,30
402,222,212,212,236
945,28,82,65,58
1030,318,46,47,52
988,456,67,94,136
1138,59,232,229,245
189,132,40,40,45
787,318,43,47,50
677,233,234,235,255
515,297,44,45,45
817,90,49,46,51
1196,494,234,232,249
52,189,52,29,34
141,299,37,36,35
906,215,45,47,51
242,236,191,189,209
290,320,43,45,44
772,103,45,47,50
871,310,49,48,50
249,387,44,44,46
1080,15,64,59,63
754,64,47,44,51
1136,61,231,228,247
581,60,42,46,47
526,471,147,149,157
1138,29,233,230,246
289,328,39,42,46
395,136,43,40,43
397,277,48,46,52
601,341,42,43,50
118,224,53,49,53
285,20,213,215,231
1084,478,105,87,98
627,250,44,46,52
252,53,128,126,150
1081,164,59,57,61
105,393,41,43,46
444,21,47,38,39
40,407,45,45,48
1122,423,228,228,245
66,130,154,32,38
615,429,38,43,45
262,184,189,186,203
550,177,84,81,85
100,209,224,221,251
926,22,111,74,66
981,496,48,46,52
110,216,208,209,233
1153,77,237,234,248
459,130,43,44,46
881,435,47,48,50
911,118,43,48,49
272,255,195,196,214
251,420,46,44,48
147,204,155,155,177
538,110,43,44,47
394,122,37,37,40
948,86,47,47,52
154,402,45,42,42
1163,452,234,232,247
1000,382,47,49,51
266,278,43,43,47
831,301,43,47,50
439,14,35,33,31
435,378,43,43,52
986,136,46,49,50
113,210,216,214,239
1024,449,44,47,49
909,202,45,47,52
1004,410,47,45,53
103,221,210,208,232
226,434,47,44,48
816,179,47,48,51
628,216,239,234,255
654,372,43,44,47
218,365,39,43,46
745,129,47,46,51
920,145,47,48,53
299,145,30,30,27
576,224,233,233,255
337,102,31,25,28
1122,370,231,229,245
1103,66,237,235,251
915,61,86,76,70
459,326,47,44,52
1126,244,230,227,245
361,213,187,188,209
49,234,35,33,33
1047,2,163,150,131
286,286,42,44,46
408,199,212,210,235
30,325,38,39,39
1137,50,231,227,245
898,35,89,80,78
1180,336,234,235,253
211,36,162,34,41
147,452,50,48,53
775,215,240,239,255
684,256,47,45,49
200,44,195,179,199
194,82,197,185,210
472,16,112,90,68
78,159,163,35,41
364,447,82,72,65
615,22,52,48,52
377,51,31,25,27
768,129,46,46,49
8,260,34,26,27
742,204,242,238,255
500,463,162,159,171
970,170,47,47,50
359,213,197,198,222
339,262,209,210,232
54,318,39,35,40
863,42,101,95,91
1168,261,240,236,252
1199,372,242,238,253
117,320,36,35,40
1106,13,238,236,254
217,422,46,45,50
1077,372,51,54,58
582,490,132,122,119
431,154,45,45,44
520,477,113,109,96
783,7,50,50,51
399,40,35,28,29
220,223,190,186,205
1056,309,47,52,52
1104,251,239,236,255
448,222,227,226,248
792,70,45,47,50
934,356,44,47,52
4,55,27,29,25
408,441,69,65,56
587,61,44,45,47
878,422,66,57,65
664,162,48,47,50
514,420,42,42,45
555,38,46,43,46
1175,117,238,237,251
93,153,41,27,30
543,264,228,230,251
903,245,240,237,255
977,0,114,84,65
569,484,142,137,119
514,65,82,82,88
196,36,191,169,191
1072,237,51,51,56
830,128,49,50,50
343,81,33,23,30
445,302,49,43,49
1114,400,233,229,248
730,401,81,83,115
149,120,42,35,39
691,219,238,237,255
487,335,46,43,47
845,102,45,46,49
655,236,112,111,132
391,251,216,214,239
1172,96,239,235,251
693,174,48,48,49
301,61,30,29,32
762,472,153,152,167
431,457,99,95,104
265,98,33,29,32
1057,492,50,50,53
679,323,45,43,46
565,275,46,47,50
520,183,223,221,245
372,87,31,29,27
736,2,50,49,53
762,73,50,44,50
473,276,28,22,25
121,294,34,33,37
436,93,40,41,43
886,495,171,157,112
1000,191,51,48,53
745,69,46,47,50
941,153,48,46,49
398,330,43,46,47
769,102,46,46,48
905,21,118,107,97
982,124,45,47,51
616,283,41,46,47
593,482,178,175,184
784,85,46,45,48
920,156,47,49,50
583,265,235,234,255
76,130,157,32,43
982,8,116,86,64
730,346,43,45,46
962,143,50,47,52
887,82,49,47,51
456,438,183,183,201
186,450,53,55,55
1162,230,238,238,252
805,112,47,47,49
609,268,46,45,49
261,321,44,44,45
178,71,141,127,147
405,28,39,32,34
161,146,66,52,75
1101,278,239,234,252
724,2,48,50,52
980,0,113,85,65
298,404,41,43,45
189,397,45,43,45
536,120,42,44,47
1079,371,53,55,57
541,476,147,145,162
1034,390,51,49,50
252,82,42,46,50
472,274,23,22,28
737,356,46,43,51
91,319,37,35,36
677,403,39,45,45
739,43,53,48,52
70,97,153,22,33
824,361,47,46,47
678,74,48,45,51
887,71,48,49,51
1047,338,46,50,55
966,335,50,48,51
953,423,49,46,47
696,234,239,236,255
1018,54,89,73,59
606,118,44,45,45
49,122,151,24,29
850,175,43,49,50
992,499,53,50,51
532,124,45,44,45
642,71,41,44,48
319,70,33,26,27
18,164,173,34,39
170,310,44,44,48
538,124,48,46,48
906,90,51,49,52
974,83,50,47,52
689,334,49,45,51
1075,419,239,244,255
1182,240,236,237,249
1145,239,234,235,246
349,478,81,79,71
181,135,41,43,46
406,170,44,44,44
48,388,47,45,45
176,330,40,41,41
179,353,41,41,46
928,260,48,48,52
346,203,199,198,218
996,146,44,48,52
492,362,40,43,45
745,19,48,51,53
949,95,44,47,52
523,488,103,95,66
336,191,192,191,209
928,57,91,91,83
141,172,51,52,59
967,24,101,74,63
307,111,32,26,29
821,249,239,238,255
852,437,47,47,51
480,210,79,79,91
1181,0,239,236,253
327,225,195,196,219
731,428,43,45,47
479,457,173,179,200
1189,417,236,234,251
92,384,43,42,46
240,139,33,25,32
611,354,39,43,48
1047,106,51,49,55
772,341,44,45,49
256,135,29,27,27
423,128,45,41,43
601,280,43,46,50
728,75,48,46,50
277,130,34,27,29
1165,343,238,234,250
1112,429,229,229,242
361,207,201,197,223
93,104,156,28,34
278,199,186,186,206
845,229,239,238,255
1004,328,48,46,51
1083,295,56,55,65
338,6,40,41,47
946,49,89,67,58
1000,55,96,74,59
40,391,44,42,46
697,103,45,44,47
541,199,192,189,198
904,71,48,51,52
12,266,31,28,29
221,166,48,36,53
0,353,43,43,44
592,225,239,235,255
768,12,48,50,50
167,232,200,197,215
379,92,33,31,32
770,178,46,46,49
441,482,143,138,137
824,168,47,47,51
1195,435,238,236,250
712,162,48,47,50
792,273,58,59,65
419,288,44,44,47
882,79,46,45,52
1100,292,236,232,252
938,7,239,233,255
864,119,46,46,51
1152,421,238,232,248
157,222,200,195,218
1046,218,49,50,53
347,236,95,91,109
269,309,44,42,45
299,95,32,27,29
457,401,64,63,69
590,280,46,45,48
368,75,29,27,25
1034,260,44,48,53
438,212,155,152,151
193,30,191,172,195
1104,35,238,239,255
284,248,194,191,211
240,85,46,49,52
596,170,44,43,49
398,271,213,222,245
89,264,41,37,41
127,209,206,202,227
707,53,45,47,52
741,374,44,43,48
355,482,68,66,57
812,258,217,212,240
473,468,177,178,194
950,153,46,47,52
168,177,195,192,216
469,73,38,41,45
40,288,40,33,36
1079,456,202,193,198
90,411,43,45,50
1175,192,234,234,254
289,423,44,44,48
147,209,49,43,46
560,472,140,134,142
927,401,46,44,50
34,156,166,29,34
920,337,47,45,48
744,255,237,234,255
590,347,43,43,48
1008,109,49,50,53
356,387,42,42,46
974,128,46,49,52
182,364,46,43,45
39,203,104,106,100
1136,346,230,229,243
620,450,184,190,206
1133,180,232,228,244
68,314,38,34,39
187,341,42,40,42
979,236,48,48,50
737,361,46,46,49
254,239,180,179,196
465,251,62,57,62
231,394,45,41,47
938,197,46,47,50
883,374,45,46,49
173,85,35,28,32
358,288,40,44,45
886,430,73,70,86
387,274,49,50,52
566,434,44,44,46
437,217,78,72,78
1058,464,50,51,52
130,196,205,205,227
1195,382,240,238,253
516,133,45,44,46
197,104,107,111,124
90,367,43,41,45
77,322,37,34,38
293,31,54,53,59
954,408,46,45,49
819,273,49,49,53
571,241,233,233,255
999,434,47,48,52
299,182,187,185,204
1067,496,57,55,60
635,156,40,47,47
825,425,48,49,52
652,53,44,44,50
41,440,50,50,51
764,401,55,47,59
949,438,48,46,64
621,15,48,48,52
402,143,41,41,42
335,380,43,43,48
258,197,124,120,134
192,313,44,41,44
1072,122,54,54,57
255,321,42,43,46
981,203,51,47,49
581,496,181,179,182
1154,283,236,232,247
1074,154,60,60,60
483,118,44,44,46
325,34,40,34,36
1047,357,47,49,52
966,390,45,45,50
829,433,46,47,52
1086,56,234,232,253
783,243,239,241,255
241,477,62,63,58
31,462,49,51,52
597,182,232,234,255
849,56,65,59,57
615,181,55,51,57
1112,30,238,236,252
549,304,46,44,46
1036,205,49,48,52
139,405,43,44,45
358,313,44,42,47
155,44,148,132,154
543,207,228,224,246
505,406,39,43,44
484,251,201,199,216
162,172,201,199,225
840,159,48,48,51
136,406,45,45,47
853,448,46,47,51
463,371,58,56,58
725,32,121,78,61
88,106,155,29,33
549,469,164,160,173
155,175,205,203,228
201,270,207,207,224
792,417,49,49,47
1093,51,78,75,64
867,387,44,45,47
1121,452,230,229,244
330,168,37,39,41
394,481,72,68,60
973,410,43,45,49
312,135,35,29,32
858,333,43,46,49
845,26,89,87,81
997,261,43,47,51
1076,9,107,84,68
271,66,43,43,47
232,99,37,36,41
142,318,37,38,40
195,35,189,165,183
14,211,31,28,32
1194,437,237,235,253
369,384,45,43,47
241,89,48,45,54
855,450,45,47,50
207,64,35,27,31
1102,56,237,237,254
1111,47,234,232,248
499,23,82,61,49
679,154,49,46,50
458,20,91,69,49
143,66,157,142,165
1049,51,118,110,111
994,341,48,48,52
921,202,49,48,51
440,312,44,44,47
1102,229,238,238,255
893,138,49,49,52
453,412,56,55,59
756,29,51,48,52
150,494,47,47,51
1150,29,235,233,248
107,120,160,32,37
1109,145,239,234,255
427,494,25,23,30
120,23,30,26,31
74,439,50,50,54
942,279,44,46,52
302,254,204,201,221
764,220,62,60,80
138,310,29,35,34
734,95,44,46,49
344,130,33,30,32
888,23,95,89,85
918,276,46,46,52
547,429,42,43,48
797,176,44,48,47
1188,158,238,234,253
868,354,47,44,50
318,101,32,26,29
867,355,45,46,49
852,478,151,143,90
431,305,41,45,46
131,479,47,46,51
392,62,30,29,29
3,14,224,225,248
255,477,85,76,66
295,178,192,187,206
939,317,46,46,50
701,152,47,45,47
715,65,46,49,50
1108,473,234,229,248
175,192,152,154,168
758,283,55,51,52
820,93,44,45,49
443,235,181,181,202
884,374,44,44,47
814,395,46,45,49
34,325,31,36,39
1108,62,234,232,249
880,347,47,46,51
842,28,88,84,78
247,10,182,171,191
220,478,74,69,54
774,312,45,44,49
295,477,113,109,86
1036,359,47,48,51
517,12,74,59,52
826,348,43,47,47
928,43,125,113,105
125,51,154,131,153
391,270,213,219,243
436,246,227,225,247
163,499,48,50,51
187,201,185,184,200
1033,17,107,84,64
709,366,43,46,48
306,179,190,186,207
199,37,185,142,161
250,166,187,182,204
14,105,142,21,33
816,356,45,44,52
688,53,48,48,46
611,15,46,48,52
648,122,42,44,47
1067,267,50,52,54
947,126,51,48,51
972,112,46,47,50
547,284,47,42,48
59,208,43,43,50
1045,205,48,48,54
1043,43,89,77,65
594,44,42,46,48
272,119,36,29,28
456,396,60,61,65
233,294,44,43,46
528,351,43,42,45
801,361,47,46,48
1103,166,243,239,255
884,249,242,240,255
1060,326,47,50,54
686,494,116,88,62
570,90,43,45,47
788,267,239,238,255
675,117,44,47,49
539,408,43,42,46
882,422,103,108,83
313,206,185,186,203
559,62,44,43,46
992,4,131,98,71
573,33,47,44,47
540,195,225,224,248
638,344,43,42,47
418,244,225,224,246
1150,124,233,232,246
955,353,45,49,52
533,323,43,42,44
613,187,236,234,255
875,292,49,46,49
627,23,50,50,52
15,128,156,24,31
548,25,48,45,47
67,87,149,28,37
894,272,91,84,105
436,419,78,74,77
679,118,43,46,48
786,157,44,46,49
605,398,41,43,45
1077,259,114,111,132
42,199,77,77,81
205,433,46,46,50
1138,186,230,230,247
125,257,214,211,235
548,84,47,44,45
802,178,47,46,54
282,178,187,185,204
1162,154,236,235,248
448,448,127,120,122
264,326,41,43,47
298,72,34,28,31
696,214,239,236,255
41,38,219,224,232
288,191,185,182,200
954,292,43,46,49
461,450,174,178,196
650,455,65,61,80
359,324,44,44,45
85,276,34,30,34
227,53,207,197,218
578,469,114,106,92
315,120,33,29,30
330,347,41,41,47
944,397,46,44,50
120,133,34,24,25
326,153,33,34,34
640,193,233,236,254
959,298,48,45,52
91,359,40,39,42
1062,429,50,51,55
761,355,43,45,47
930,341,47,45,50
817,386,46,46,50
708,374,45,44,48
691,333,46,46,48
268,402,38,45,47
957,321,43,47,48
461,138,42,45,43
434,484,28,29,26
1011,219,49,47,51
1131,304,230,228,245
192,163,35,31,34
856,445,45,46,50
464,27,98,75,56
290,311,41,44,47
8,88,135,121,126
771,129,48,47,52
543,428,41,44,45
202,145,32,30,35
243,457,72,69,50
899,297,49,47,51
1177,350,240,235,253
524,196,158,157,193
608,170,46,45,48
383,229,209,208,232
534,321,42,41,47
581,249,231,234,255
560,3,87,73,55
659,384,42,43,45
718,214,241,236,255
545,483,140,138,133
872,77,46,48,50
689,172,47,48,50
537,407,42,43,44
863,413,46,46,50
175,437,49,52,50
292,332,42,45,44
44,310,37,34,35
283,391,45,42,47
211,162,34,28,31
1008,338,46,48,49
759,310,45,46,50
40,421,56,56,54
1048,392,49,49,54
756,173,44,47,50
662,42,45,47,49
851,85,46,46,51
27,82,122,113,118
959,467,49,47,52
472,4,63,53,40
74,436,49,49,50
633,350,44,43,48
1182,45,236,237,254
707,442,48,44,49
466,195,227,227,246
360,418,42,42,45
284,295,44,44,45
262,153,33,27,33
1147,96,232,229,247
684,59,47,47,50
1066,48,106,103,101
872,310,47,46,50
937,258,46,47,51
698,186,242,239,255
691,216,238,239,255
387,168,44,45,42
17,101,137,22,29
828,105,48,47,51
769,21,53,53,54
906,122,47,47,51
788,390,42,45,47
1062,51,110,108,105
278,273,42,45,48
909,349,46,46,49
659,393,67,44,79
749,5,52,50,51
138,180,216,217,241
706,287,43,46,47
847,480,174,159,104
487,29,74,54,50
1103,403,237,235,255
1170,461,238,235,251
175,111,108,114,131
641,274,44,44,47
1053,260,45,50,51
1133,278,227,225,244
391,331,43,45,46
232,461,92,93,62
732,92,46,44,50
603,393,45,40,47
103,473,49,45,49
216,463,46,46,47
958,134,46,47,51
22,457,52,48,54
715,454,45,46,49
1149,55,234,234,247
451,35,50,43,42
167,473,51,48,51
275,134,34,26,29
984,282,47,48,51
1189,154,238,238,254
1010,360,49,47,51
859,154,46,48,50
634,6,50,48,49
404,84,36,35,38
856,65,46,48,51
41,5,227,225,248
1112,450,230,229,243
904,165,45,47,52
339,349,43,44,45
374,121,33,36,35
559,203,226,226,251
699,118,45,45,49
256,218,188,188,207
492,135,46,44,48
800,486,161,158,177
397,161,43,41,45
308,476,125,120,99
910,203,52,47,52
995,88,51,47,53
804,194,47,48,50
885,447,42,45,49
146,462,47,48,49
670,87,45,45,49
368,100,35,30,34
953,86,51,46,53
426,386,46,44,49
488,361,41,44,46
809,203,49,49,55
840,244,234,237,255
82,72,164,114,130
787,131,45,47,50
845,436,47,46,52
842,234,224,231,242
413,304,45,41,47
414,382,44,42,46
708,87,46,46,46
422,27,38,27,29
1138,98,230,230,246
55,80,45,32,44
482,223,38,33,34
712,369,42,44,46
605,454,174,179,190
32,147,164,27,41
420,445,153,144,137
990,35,120,91,67
1189,118,238,237,250
273,189,194,188,207
591,240,236,235,255
652,136,45,45,48
445,109,41,43,43
146,448,48,46,51
1041,319,50,49,53
780,125,48,47,47
613,41,43,45,48
673,302,43,45,46
1083,182,248,247,255
1070,441,49,50,56
558,464,149,146,157
394,364,44,42,44
480,458,171,178,197
500,61,44,41,45
863,434,45,46,49
65,43,113,103,112
1189,278,239,238,253
1199,428,238,236,252
1106,493,232,226,248
526,186,220,222,243
1131,387,234,231,243
1145,17,234,232,247
724,213,241,237,255
373,77,32,26,28
63,150,167,49,66
513,415,40,42,44
752,468,144,142,124
797,26,52,50,53
454,294,45,46,50
1158,36,239,234,252
1182,465,235,233,251
505,275,45,45,49
360,281,44,45,48
357,49,36,22,26
792,371,44,46,48
449,230,233,230,250
132,207,203,201,224
1086,389,223,230,254
776,221,240,236,255
1123,319,230,233,245
518,139,45,46,49
732,75,48,48,47
524,32,40,32,27
1138,221,234,231,248
205,418,40,44,44
14,495,71,63,57
1082,87,249,247,254
389,81,33,31,30
352,50,33,25,28
359,93,27,26,27
609,489,187,184,196
621,305,46,46,50
1029,120,46,50,53
370,327,43,42,47
764,169,45,47,47
141,448,49,48,49
899,286,49,47,53
779,384,44,47,46
458,273,240,238,255
675,176,51,53,56
582,346,43,44,45
773,0,49,47,53
11,279,36,31,33
705,438,43,45,49
162,499,48,46,51
519,120,46,45,49
669,105,44,44,49
218,347,43,43,49
591,220,235,235,255
267,79,41,37,43
1142,2,234,232,247
501,46,43,43,46
109,490,43,48,48
374,8,41,31,28
1116,400,234,234,248
847,62,51,46,54
726,341,43,43,47
573,348,41,44,43
432,199,217,219,242
1126,351,225,224,242
885,18,89,82,79
1193,304,241,236,253
960,107,47,48,53
101,32,184,183,202
16,389,48,45,48
136,306,38,33,35
786,437,48,47,51
547,129,44,44,50
815,277,48,46,52
861,250,241,240,255
217,286,49,47,48
706,466,130,114,90
281,428,77,78,59
771,329,44,46,49
62,473,49,47,51
8,485,51,49,53
441,448,29,23,24
1028,396,45,47,52
253,261,197,195,216
839,329,44,45,50
874,347,45,45,50
1127,310,227,227,241
712,350,41,44,46
83,357,38,40,42
47,67,111,104,112
379,207,56,54,57
1093,127,245,242,255
1037,201,49,47,52
485,373,39,44,43
17,267,36,27,28
45,82,184,182,201
0,381,44,45,49
495,2,57,49,47
772,447,48,46,50
7,36,227,226,247
548,37,46,45,49
281,96,38,26,28
578,393,41,43,45
275,225,188,187,206
874,75,45,48,50
243,378,41,44,46
430,82,38,37,42
977,478,49,48,49
927,403,41,46,48
963,472,47,46,51
269,275,44,40,47
738,4,49,49,52
213,38,165,50,78
1053,445,47,49,51
1002,492,46,49,54
1119,461,228,227,243
566,66,43,42,47
423,293,45,42,47
210,57,37,31,33
114,487,49,49,52
166,448,49,48,49
917,30,125,116,102
760,237,240,238,255
368,241,67,54,74
1005,85,76,69,63
3,426,56,53,53
265,43,211,211,234
886,24,100,98,95
680,19,49,49,52
1123,352,231,229,245
854,87,46,49,51
605,455,177,184,196
935,362,47,46,49
109,103,159,29,38
760,484,159,154,157
815,363,48,45,52
445,9,36,33,33
1,145,166,29,39
682,175,53,48,54
1171,189,238,235,254
829,448,44,47,50
61,265,34,29,31
356,148,43,36,41
1100,183,247,244,255
792,74,47,46,52
516,289,42,44,46
422,338,44,43,45
935,429,49,41,44
848,281,43,47,49
500,451,152,152,171
267,479,52,51,51
1138,429,225,226,244
214,246,198,192,214
1111,108,230,229,248
379,466,71,63,58
62,137,155,26,39
620,375,43,45,47
923,391,45,48,52
439,16,40,32,35
846,118,48,48,51
385,382,46,43,46
537,97,48,44,47
1122,93,225,226,242
632,195,238,233,255
229,161,190,184,202
489,56,44,40,44
1055,52,110,104,105
428,86,39,38,41
369,433,69,63,55
175,148,39,36,43
393,221,211,210,233
1138,83,230,228,247
437,480,107,105,104
965,66,55,54,58
872,426,48,48,67
856,189,45,46,49
1047,434,46,49,50
137,152,229,229,254
1189,196,236,237,252
120,267,213,212,235
806,478,166,165,174
159,420,60,57,59
69,331,33,37,37
482,189,58,52,57
272,233,46,49,52
939,475,50,48,55
224,365,45,43,47
1107,90,233,232,250
426,35,34,31,34
946,160,47,46,50
438,61,38,37,39
888,391,46,44,49
481,209,79,77,84
679,87,48,45,50
83,487,47,48,48
779,266,237,236,255
1118,157,233,230,246
663,385,42,43,49
855,407,46,45,48
644,46,41,46,47
450,157,43,43,47
248,406,42,44,44
937,352,42,48,50
40,38,230,232,249
603,467,119,110,92
87,204,170,174,198
96,148,168,84,110
615,489,114,114,93
1109,21,242,234,255
324,97,31,28,28
879,490,175,161,117
554,103,45,43,47
810,39,50,50,54
385,456,163,164,177
727,324,45,46,48
26,70,107,96,108
950,398,49,45,51
842,277,45,47,49
470,305,42,41,43
205,30,165,38,54
1085,295,71,62,80
992,430,45,46,52
727,176,43,45,52
1082,204,54,55,55
1050,232,50,47,53
536,163,47,45,49
1035,258,46,46,52
1035,275,54,54,55
185,288,40,37,40
834,10,92,90,86
594,294,44,44,47
273,58,46,50,54
760,205,239,237,255
130,115,162,36,45
753,174,47,53,55
1080,5,238,234,229
271,148,34,29,30
469,394,44,43,48
1044,82,68,64,58
602,37,45,45,48
212,77,103,99,126
154,275,210,210,231
823,63,46,48,51
386,167,44,41,44
767,151,44,47,48
1012,354,47,48,53
639,103,41,47,47
171,318,40,39,42
297,10,187,191,211
4,88,131,118,124
551,26,47,47,49
768,98,47,46,50
120,439,53,53,53
175,311,30,37,43
534,179,220,223,244
516,176,48,50,54
444,363,46,45,48
1062,428,52,52,57
1027,123,49,48,53
812,262,55,52,57
532,409,43,43,45
924,20,99,71,60
292,290,42,43,47
884,460,52,51,53
905,241,240,237,255
216,2,169,153,175
986,402,49,46,52
1152,471,233,229,247
910,420,45,45,51
525,391,43,44,45
865,323,45,44,48
33,204,116,109,114
735,37,53,49,53
188,277,209,208,231
729,228,65,59,57
790,267,242,239,255
274,142,28,26,29
1095,188,250,248,255
190,495,45,45,50
47,51,111,102,110
1160,293,239,234,250
993,39,112,88,66
116,146,198,188,205
942,278,47,47,50
349,127,36,29,31
338,170,42,40,42
1033,93,48,49,53
337,81,32,23,26
2,409,44,46,50
231,108,35,34,38
119,263,213,213,234
495,234,120,103,110
480,402,42,42,46
69,117,154,27,34
6,84,127,117,126
738,449,49,48,50
1006,45,115,87,65
225,364,46,42,48
780,409,165,161,188
693,24,49,50,53
1093,34,247,243,255
94,42,34,34,34
120,486,50,47,49
285,108,31,23,26
533,226,226,225,249
18,274,35,28,34
1147,146,235,231,251
1045,357,46,46,51
958,319,47,47,47
232,138,33,27,30
172,195,187,189,206
2,467,59,64,66
433,177,50,45,50
732,210,238,238,254
183,259,205,203,225
342,350,37,43,43
86,168,52,33,39
1016,1,100,77,63
422,46,32,29,35
536,199,95,82,111
593,63,45,42,48
243,254,198,196,216
1195,281,238,235,252
913,70,85,80,78
680,316,43,45,47
241,460,74,69,54
993,125,48,47,53
442,417,24,15,16
433,271,230,229,250
1122,485,227,227,244
701,70,44,45,51
1147,190,233,232,247
483,471,175,176,190
168,472,51,49,53
80,199,133,128,148
128,389,43,43,44
412,385,44,45,48
1105,211,237,238,255
946,437,111,115,60
1068,396,56,50,59
797,114,48,47,51
848,388,42,44,48
263,351,43,42,46
556,219,231,231,253
774,190,48,47,51
1166,297,236,236,251
488,141,45,42,48
296,117,31,30,28
1117,479,232,227,245
724,480,156,148,163
501,408,41,44,43
1188,287,240,234,248
256,121,31,25,27
1184,425,237,235,254
728,46,50,46,52
1000,83,56,56,55
1114,297,231,227,245
44,177,173,33,39
589,161,46,44,50
822,143,46,46,48
344,375,43,43,45
815,45,51,51,56
213,59,36,34,34
1124,375,230,228,246
744,370,44,43,48
99,60,138,119,139
534,398,40,42,43
230,41,39,29,33
608,63,46,45,48
1106,141,238,237,253
1186,451,235,233,248
925,162,44,45,51
243,497,60,59,54
1173,365,235,236,249
1099,346,242,241,255
291,374,41,42,47
316,161,40,34,39
185,402,42,43,46
196,120,36,38,43
987,67,96,84,77
1192,199,237,236,252
286,300,48,43,47
451,412,50,47,55
245,286,51,47,51
437,269,236,231,255
34,450,46,48,49
603,14,48,48,50
486,242,195,195,211
1003,232,46,48,52
675,439,42,43,45
974,36,93,71,57
102,403,42,42,46
609,178,52,49,53
970,165,50,49,51
1132,404,227,227,243
115,182,158,154,178
81,326,38,37,39
1048,105,51,50,53
204,453,46,46,48
1084,304,55,55,59
1101,486,233,232,250
827,412,122,146,159
462,280,59,51,69
453,142,42,43,46
974,148,47,48,51
351,64,28,26,25
343,164,40,35,41
769,297,47,45,50
116,362,41,40,44
71,308,36,29,33
590,281,43,45,47
74,454,51,46,51
249,429,66,66,52
1031,222,49,49,55
916,57,74,75,65
954,405,47,48,50
243,150,33,27,30
345,12,45,40,38
1104,183,243,240,255
1021,160,51,48,53
786,279,236,240,255
1123,334,231,226,245
102,266,43,36,41
61,51,109,103,110
1016,360,45,48,53
87,309,38,33,39
170,197,189,187,205
61,17,140,136,162
230,278,206,205,227
473,243,108,108,126
948,245,51,45,52
369,73,29,25,28
962,3,111,84,65
713,368,47,46,50
800,195,44,47,51
920,308,47,45,50
830,203,47,47,52
785,156,48,47,50
456,220,90,90,110
368,447,117,115,113
288,64,36,33,39
61,440,49,48,51
105,60,138,118,139
880,55,103,99,92
605,307,45,43,49
744,220,243,240,255
1009,159,49,50,53
708,421,44,44,49
597,40,44,45,48
390,49,31,26,30
224,432,48,47,51
536,6,81,66,50
393,138,41,40,42
261,124,29,28,25
1191,308,241,237,253
516,328,42,42,44
14,37,92,71,83
98,89,153,25,35
498,355,41,42,45
515,249,224,221,243
1099,34,246,243,255
809,314,41,46,49
898,357,46,46,51
412,454,105,97,92
107,51,147,138,157
1029,161,48,48,52
668,340,46,44,43
537,331,44,41,46
4,4,221,224,250
940,470,46,47,51
33,145,160,28,35
450,348,51,53,55
335,293,45,43,47
1178,491,232,231,248
682,2,48,47,51
890,388,46,45,50
340,239,204,203,225
1133,386,229,227,243
758,468,119,117,93
1194,282,241,236,251
508,420,39,44,46
578,7,93,82,59
417,141,41,41,44
1047,353,47,49,55
793,269,236,238,255
333,232,107,103,126
276,238,188,188,208
874,95,47,47,52
686,441,43,45,45
502,12,75,58,45
325,3,72,64,63
366,189,201,198,219
851,145,46,46,53
290,241,190,193,214
894,62,99,97,89
1172,197,241,237,251
331,314,43,42,47
389,288,42,45,47
365,378,43,44,46
100,331,35,36,37
590,17,58,51,52
1152,240,237,234,249
175,220,194,192,215
243,487,60,58,51
906,294,45,47,51
30,429,48,50,50
1062,35,112,103,104
95,456,48,46,52
788,444,48,49,50
1128,339,229,226,240
1186,57,238,234,253
1008,322,47,47,46
38,310,37,36,39
612,106,43,47,47
1046,375,47,48,54
664,247,46,47,50
259,303,44,44,44
786,317,45,47,48
1163,129,238,236,253
990,106,47,47,53
576,72,42,44,47
650,151,43,47,47
733,140,42,45,46
837,371,38,46,45
145,63,151,134,154
17,123,151,22,32
847,161,49,47,52
418,195,221,219,238
288,1,179,176,198
1098,77,234,233,252
5,281,31,32,34
746,109,47,47,50
577,247,235,230,255
318,188,194,190,208
287,106,31,27,30
265,127,30,25,29
70,185,37,30,30
266,145,32,27,30
673,164,44,45,49
251,408,43,43,47
1156,95,235,235,250
1184,479,236,235,249
462,494,114,109,65
506,146,48,48,52
1070,185,54,51,56
864,63,65,58,57
1194,361,239,237,253
1139,168,231,229,245
300,280,42,43,46
1034,108,46,49,54
993,23,118,91,64
1108,54,232,231,247
1020,444,47,48,51
1043,139,49,48,53
74,229,54,52,60
128,38,154,136,158
1051,72,93,84,69
1112,425,231,231,248
481,346,39,44,48
134,132,143,138,163
1034,2,105,80,64
617,475,184,181,191
614,343,42,44,47
625,22,49,50,49
902,229,240,237,255
1007,305,48,48,50
199,296,39,38,40
97,420,57,55,51
701,85,46,46,49
254,418,43,44,46
323,442,59,60,51
895,278,46,47,51
961,275,45,47,50
177,124,159,165,181
16,426,52,50,54
979,157,49,49,52
1031,188,48,48,54
370,432,57,52,49
313,320,43,43,46
812,46,52,51,56
307,453,68,67,53
523,388,41,43,45
123,3,116,109,119
929,477,49,48,51
500,170,51,48,54
52,345,39,39,38
594,405,42,43,45
66,184,35,29,30
904,226,239,235,254
132,447,45,48,53
954,17,109,75,62
391,372,42,43,49
777,154,49,46,51
655,279,46,43,49
272,1,206,194,215
771,163,46,45,50
37,254,38,27,31
585,329,43,41,45
42,69,114,106,114
1,271,32,28,29
289,353,40,43,45
788,274,238,238,254
741,49,46,47,52
1141,452,229,228,241
1197,473,236,234,251
53,477,45,45,49
695,475,127,100,70
226,12,176,164,186
1098,457,235,234,255
850,142,47,47,52
616,345,47,44,50
773,99,47,46,48
558,391,42,44,45
1120,126,229,227,245
615,375,41,41,48
913,174,48,49,51
382,494,85,78,59
1126,191,231,228,243
682,377,40,44,48
970,375,46,47,50
1007,496,49,49,51
157,252,208,204,228
3,155,170,29,36
409,54,31,30,28
859,467,53,48,52
1043,271,50,50,61
619,86,43,43,47
957,156,47,47,53
900,362,44,46,46
1149,157,234,231,247
33,371,48,42,47
15,52,62,63,67
398,372,42,43,47
463,332,48,45,41
776,31,50,50,54
51,298,36,34,34
510,256,222,220,244
333,267,208,214,238
561,113,47,42,45
151,302,40,37,38
267,209,50,43,50
1131,311,230,227,245
883,474,48,51,51
1137,112,229,229,243
31,458,58,52,55
967,322,44,47,51
824,197,45,49,52
940,371,47,45,50
268,281,47,43,44
587,224,236,233,255
203,36,161,32,42
991,34,120,92,69
716,171,46,47,50
106,155,194,183,207
1,373,43,46,50
1161,400,236,235,251
533,184,223,224,245
64,384,44,43,46
327,105,32,25,31
718,193,240,238,255
108,321,36,32,31
201,405,44,43,48
309,22,47,47,51
71,389,45,44,45
475,289,51,48,50
122,244,213,209,229
583,141,44,44,49
564,3,88,74,56
671,131,46,45,49
52,381,45,45,47
1114,441,232,230,250
398,407,45,44,45
1160,411,235,233,248
401,170,41,42,46
449,261,232,235,255
860,170,44,48,51
278,373,44,42,44
399,281,47,47,51
218,482,57,55,50
617,250,237,236,255
745,153,46,45,50
403,256,226,226,247
1196,416,238,235,254
860,337,45,47,50
1105,169,242,239,255
27,248,36,26,27
691,24,49,49,52
886,264,243,240,255
562,254,232,233,255
849,286,48,44,50
141,434,47,46,51
1187,89,240,235,254
942,416,48,45,50
246,101,38,36,38
54,295,38,29,34
1190,35,241,237,252
7,342,45,42,47
780,217,241,238,255
458,191,225,224,246
1035,30,102,78,63
282,188,189,188,207
594,56,42,44,46
532,180,223,221,242
1018,84,94,84,69
1149,144,233,231,247
1180,10,239,234,255
285,260,200,198,221
845,342,44,46,49
342,313,44,45,46
1024,321,46,46,50
758,102,47,45,49
1178,400,236,237,253
96,41,61,47,71
58,192,44,31,36
892,64,90,88,83
557,43,45,45,45
305,189,192,188,208
666,362,45,45,47
83,362,42,41,40
257,244,161,160,167
317,111,32,25,28
346,41,45,33,31
1032,15,105,81,63
794,353,45,46,51
988,321,45,44,49
799,454,48,48,48
391,318,42,46,46
799,459,48,49,53
929,493,171,158,105
783,210,242,237,255
742,47,43,48,49
115,76,147,130,151
1115,109,229,228,246
935,26,89,66,57
391,365,43,43,45
595,186,234,229,255
490,67,41,41,42
916,415,43,44,49
751,417,43,44,49
965,111,46,48,52
460,317,67,68,76
101,435,52,48,53
618,147,45,45,48
742,479,105,100,83
104,189,250,249,255
929,123,47,46,51
381,45,35,24,27
170,257,208,207,228
193,496,46,48,50
166,263,205,204,228
1097,337,245,242,255
174,194,133,127,140
515,434,157,159,178
1119,420,234,233,248
933,152,48,48,50
106,184,249,246,255
648,91,46,45,48
443,61,42,37,39
927,457,49,47,52
117,359,39,40,42
800,355,43,46,52
223,292,42,42,47
762,388,46,45,48
361,426,42,44,46
510,56,56,53,56
440,199,218,218,241
309,357,40,44,47
1198,7,241,234,253
636,14,48,49,52
215,237,186,185,202
970,94,46,48,51
724,131,47,45,49
610,139,47,44,51
708,352,44,45,49
772,403,46,45,49
1123,39,232,229,247
59,286,40,32,34
251,290,46,44,46
225,430,48,47,51
530,121,44,43,45
777,107,44,47,49
366,445,105,98,89
415,322,42,44,47
523,80,45,44,46
733,193,237,236,255
82,378,43,42,41
698,272,42,47,48
852,106,50,48,52
938,9,241,238,255
142,357,42,41,44
683,464,107,82,58
461,312,69,70,77
886,215,47,50,51
6,41,221,229,239
305,22,41,45,51
1088,483,238,237,255
393,301,47,46,49
174,432,77,76,70
1027,263,48,49,54
542,331,42,41,46
885,341,45,46,47
1186,99,238,238,253
7,129,157,25,33
815,236,235,236,255
1066,294,187,194,211
882,36,109,107,105
98,342,37,36,35
354,240,205,205,227
426,49,31,32,34
213,118,38,35,37
941,45,107,80,61
486,69,43,42,47
783,450,49,48,49
840,412,42,47,51
278,272,44,45,50
223,7,170,156,179
380,454,180,180,200
495,419,45,45,48
1136,157,231,229,245
851,250,79,64,111
849,214,54,53,57
572,290,41,43,46
408,368,43,42,47
993,348,46,46,48
1048,3,150,137,120
298,319,42,45,45
896,60,102,102,100
547,376,41,41,46
994,48,110,80,62
408,427,45,42,48
1127,305,230,225,243
504,182,208,208,227
284,264,201,200,221
503,198,61,58,61
378,180,187,188,208
161,106,162,156,175
973,223,43,49,53
325,340,41,43,48
542,62,46,42,48
567,319,41,43,44
99,240,215,213,236
1105,209,241,240,255
715,463,149,141,147
244,339,42,43,46
213,37,166,36,46
574,465,121,112,103
84,434,52,49,50
354,299,41,43,46
929,445,53,52,55
852,497,170,164,117
758,39,54,49,54
261,189,186,183,204
143,258,212,210,232
962,412,47,46,50
35,96,32,32,31
793,105,47,45,51
953,148,46,46,50
987,347,49,48,50
1054,221,48,48,53
1193,411,236,234,254
167,451,50,49,51
22,391,43,46,46
1125,252,229,226,243
1019,437,48,48,51
266,387,42,44,47
899,278,49,49,53
808,211,237,238,255
870,55,97,86,74
579,13,92,80,60
1129,33,233,228,244
619,174,48,46,50
1190,394,237,234,253
643,291,43,43,47
975,286,40,48,50
853,34,91,89,84
755,305,45,44,47
650,148,43,44,49
1064,193,53,50,55
719,176,46,47,50
1143,472,233,229,245
171,36,175,157,181
18,346,46,42,47
810,468,50,48,52
477,224,56,50,61
687,17,46,50,55
946,216,48,48,51
190,283,157,157,194
545,12,77,69,52
50,159,167,25,36
581,227,232,232,255
657,13,52,51,52
812,457,45,47,50
1079,44,60,60,65
626,424,46,43,48
1021,354,48,46,52
1196,435,236,235,248
528,418,40,42,45
948,209,45,47,51
451,80,41,40,44
745,191,191,191,241
1073,294,52,55,58
251,391,44,43,46
1036,209,48,49,52
479,92,42,44,44
1173,165,238,235,253
654,274,45,46,51
267,435,64,62,54
498,63,42,43,45
580,349,44,44,46
569,53,44,43,47
1152,210,236,233,248
70,265,38,32,35
247,275,203,204,227
635,498,145,140,150
842,276,47,47,50
871,196,48,47,52
241,189,187,183,204
446,257,232,232,252
911,35,104,99,97
1178,468,239,235,250
723,298,49,46,47
1094,325,238,237,255
405,474,62,58,54
473,54,43,39,44
1104,237,237,236,254
560,0,142,88,71
604,97,44,42,48
88,431,47,47,51
757,258,236,238,255
191,220,191,188,207
377,79,29,29,28
1114,422,232,231,248
922,290,44,47,48
245,314,42,42,46
1044,420,48,49,51
18,220,35,29,33
560,449,149,149,155
254,183,188,184,203
1023,444,47,48,51
162,299,40,37,41
56,28,33,21,35
331,191,193,190,211
1095,149,246,247,255
676,174,49,49,52
1111,434,234,231,250
332,221,203,201,225
314,166,40,36,40
365,220,206,205,228
104,244,218,214,235
1120,365,236,232,245
358,498,66,60,54
1180,351,239,236,254
507,20,79,60,48
120,330,39,33,36
880,339,48,46,51
699,385,43,45,50
348,347,44,46,43
955,38,99,76,62
820,127,45,48,50
609,49,43,44,48
366,369,43,42,49
224,189,190,184,204
1,460,49,48,50
584,363,44,41,45
942,5,147,106,96
883,26,112,106,107
522,180,217,218,243
863,118,45,48,50
159,435,47,47,50
503,283,43,44,47
393,146,42,39,44
153,487,47,46,50
1013,441,49,47,51
514,270,49,49,50
611,277,45,44,47
324,479,104,102,108
1146,249,235,230,247
446,318,46,46,48
273,75,38,36,40
903,66,105,103,102
358,73,35,29,29
193,355,41,41,45
140,370,43,41,42
173,50,165,149,174
158,283,88,93,119
588,137,45,43,47
1083,331,61,56,61
214,245,195,192,213
490,333,47,46,49
167,348,40,42,44
1045,318,49,47,53
363,206,175,175,195
565,89,43,45,47
777,464,52,51,52
937,426,49,47,51
136,144,135,132,151
840,24,93,86,82
817,418,52,46,70
551,225,63,58,66
902,49,107,106,103
177,263,205,204,227
391,409,43,44,45
261,148,34,28,32
278,483,71,70,53
341,341,43,44,46
943,263,50,47,50
658,241,50,50,52
658,80,47,45,49
387,83,33,28,30
360,260,211,211,233
786,335,44,44,47
684,124,49,47,52
268,117,35,26,30
660,330,41,44,47
828,386,44,47,51
582,49,41,44,46
343,450,63,59,50
847,370,42,45,49
87,397,45,44,45
421,287,45,44,46
352,392,41,43,44
45,103,121,72,74
1133,283,229,228,244
494,276,43,48,48
375,327,43,44,45
678,424,42,43,47
408,438,60,58,52
98,280,36,29,31
458,159,44,43,45
1108,427,234,231,250
110,452,51,51,51
297,449,64,63,54
187,71,199,188,213
129,62,158,141,161
293,355,40,42,45
1008,353,49,47,53
25,403,42,45,47
546,359,41,43,46
724,250,240,238,255
786,398,45,45,48
78,11,52,33,42
139,360,40,39,43
756,405,198,200,202
500,94,41,43,44
332,138,33,32,35
855,308,48,47,51
621,274,40,42,47
1028,236,45,47,53
700,143,46,44,52
99,279,35,30,31
855,73,47,46,51
346,414,44,42,46
698,194,241,239,255
862,210,48,49,53
817,318,47,45,50
145,152,128,128,148
713,38,63,54,52
1133,110,230,225,242
775,64,46,47,51
1154,349,236,234,246
1095,159,246,244,255
550,149,41,46,47
28,35,227,227,253
872,35,101,99,94
715,320,42,44,50
994,461,59,58,94
195,151,37,31,36
333,89,30,25,26
631,311,45,46,47
483,304,45,45,47
1011,87,53,51,51
1199,196,237,236,250
155,260,211,210,230
184,317,39,40,42
531,287,43,44,45
557,395,39,42,44
488,138,45,43,49
459,104,43,41,43
552,432,45,45,47
653,288,41,43,46
748,131,48,45,50
467,499,102,93,56
662,334,46,44,48
443,231,229,229,251
1074,487,52,53,58
377,95,27,33,32
365,429,42,44,47
190,199,52,46,53
223,256,203,198,220
174,150,35,37,40
127,167,235,239,255
937,11,240,236,255
1035,228,50,48,53
435,28,35,34,34
550,218,229,229,254
1199,198,240,237,253
1174,7,237,237,251
745,344,44,46,49
570,107,43,44,46
656,166,49,46,51
350,408,40,42,42
279,238,108,104,120
29,192,78,74,80
466,320,51,47,53
549,399,42,39,46
46,203,83,87,81
71,295,34,30,30
305,230,196,196,217
91,344,39,36,39
1108,40,235,233,251
287,124,33,28,31
827,12,87,85,79
395,430,42,44,46
279,397,44,43,48
800,219,241,240,255
175,286,42,37,42
900,451,48,48,52
405,299,46,43,48
1112,490,232,229,247
1032,36,104,78,61
918,324,45,46,51
446,99,41,42,43
1148,23,232,231,249
886,300,46,47,50
343,275,41,44,47
651,50,47,47,48
263,2,195,184,206
1191,281,239,237,253
623,388,39,43,45
904,412,47,45,49
1078,282,249,247,255
174,220,195,192,211
96,132,162,26,35
494,461,148,145,165
29,79,118,105,115
445,172,44,44,45
43,167,170,33,40
1056,421,51,48,54
579,333,42,41,49
1133,262,229,227,244
1179,453,240,236,250
260,484,83,71,55
430,440,122,75,70
448,196,226,223,246
147,492,46,48,51
1198,398,239,239,252
375,163,43,39,43
213,161,33,27,31
206,283,185,182,216
201,241,194,190,210
367,474,64,58,53
508,303,44,45,47
190,76,199,190,211
89,42,29,30,32
649,389,151,170,195
592,92,43,42,47
66,157,165,30,37
809,306,48,46,51
395,478,58,56,55
547,179,224,225,247
972,396,46,46,49
398,306,42,46,48
490,332,46,43,45
123,231,197,191,213
806,124,44,48,48
75,495,46,48,49
490,205,181,178,194
473,390,44,41,45
15,482,48,51,47
672,13,47,49,50
974,423,45,48,50
63,112,148,24,33
35,240,30,28,30
909,255,239,237,255
130,413,45,43,47
253,94,41,37,42
37,212,47,45,53
446,130,43,42,45
193,119,41,45,47
397,170,43,44,46
1080,54,159,167,182
484,82,45,44,44
1162,30,236,233,251
601,360,45,43,47
1165,16,238,235,253
1031,346,45,47,52
567,223,233,233,255
1194,136,238,237,255
1128,272,228,227,243
625,380,45,44,46
134,299,33,35,35
802,435,45,47,50
916,156,45,46,49
261,244,54,48,49
791,304,45,44,53
235,358,41,43,44
696,396,134,130,129
765,423,47,46,49
230,279,208,205,228
866,140,46,47,51
75,79,143,28,45
844,134,46,48,52
318,405,39,42,49
997,390,46,45,50
649,145,45,44,49
315,91,35,26,31
600,14,50,48,49
460,360,46,38,49
564,444,130,127,131
1097,400,245,243,255
993,176,47,48,52
124,74,152,136,159
186,474,51,49,51
1047,41,110,99,77
439,135,45,43,48
408,378,46,45,47
268,80,38,36,40
214,443,50,48,53
687,443,48,45,46
515,16,85,62,53
248,482,90,84,72
929,375,45,45,50
409,92,38,36,39
929,117,43,47,51
1100,258,235,234,255
1120,80,228,226,242
967,236,46,48,50
38,304,36,36,37
144,156,121,121,138
179,319,38,39,40
100,245,222,215,241
585,68,45,45,47
1097,30,247,245,255
1050,225,49,47,52
197,436,48,48,49
247,290,44,42,48
442,128,44,42,47
821,163,45,46,48
344,418,45,42,47
378,391,42,44,48
1019,149,47,51,52
756,313,47,45,52
197,10,157,30,40
39,269,31,28,29
88,388,44,41,43
182,63,158,145,170
1016,294,49,47,52
985,245,47,46,51
862,167,48,45,51
162,27,163,145,169
367,86,38,30,29
440,498,172,175,187
1176,234,240,235,254
857,215,56,52,60
396,116,39,36,40
103,485,55,48,51
969,340,43,46,48
987,62,114,89,76
961,121,46,49,52
722,240,239,239,255
992,232,49,47,50
226,347,42,45,46
230,40,38,29,30
658,84,48,45,49
1159,214,239,235,252
80,192,60,57,66
356,168,38,40,45
65,139,157,25,42
726,480,153,148,160
433,46,34,33,36
666,2,49,49,51
834,284,49,46,49
939,177,46,45,48
382,374,45,43,45
590,7,96,83,64
444,98,40,40,43
332,477,138,137,147
546,107,40,42,45
1050,31,105,80,64
115,170,209,212,237
51,172,172,31,36
1079,383,230,237,248
1189,205,239,236,253
638,194,240,236,255
429,452,143,81,71
984,202,48,47,49
799,12,52,50,54
1081,57,244,244,255
781,119,44,47,49
350,420,43,44,45
1103,493,234,231,247
494,121,40,43,45
669,22,45,49,52
892,259,241,239,255
1130,161,227,228,243
395,85,32,33,35
899,171,48,49,52
823,77,47,48,49
878,390,43,44,48
578,145,45,45,46
762,253,235,236,255
1077,461,250,246,255
707,152,48,44,48
37,190,94,90,97
932,497,176,157,80
0,157,172,33,40
60,19,64,65,67
1170,257,238,235,249
745,95,45,47,48
855,188,47,47,50
866,444,46,48,51
773,337,46,46,50
776,167,45,46,52
728,213,90,73,128
1115,127,232,229,246
593,6,95,83,68
421,370,45,42,47
349,357,45,42,45
914,272,76,78,145
134,330,37,36,38
938,291,48,48,51
965,302,42,47,50
366,135,37,35,38
486,462,183,184,201
870,138,45,46,51
155,139,115,118,134
1119,360,232,230,246
45,145,160,27,35
701,197,237,236,255
278,305,42,42,47
1102,408,240,237,254
1185,409,239,235,250
1004,41,113,86,64
1035,326,48,47,52
82,494,50,47,50
472,447,178,185,200
509,326,44,43,46
586,270,233,237,255
220,26,173,161,183
425,140,41,40,45
1023,214,49,50,53
826,167,47,46,50
665,316,45,44,47
0,434,51,53,55
731,86,49,47,49
337,455,80,73,54
1191,363,238,234,251
101,128,162,30,37
681,188,234,237,255
724,95,45,46,49
777,60,49,48,48
502,416,41,41,44
971,137,49,47,52
678,344,45,43,47
948,188,42,49,52
461,235,232,233,255
394,305,45,44,46
697,305,44,44,48
622,33,47,45,47
469,113,42,41,46
628,290,44,43,47
402,59,35,28,30
1064,281,175,160,128
493,18,74,58,46
1142,86,233,229,245
87,307,36,29,34
943,159,46,47,50
1150,377,231,231,245
827,230,244,242,255
714,166,44,44,47
466,451,157,161,181
954,87,47,48,51
1090,159,255,255,255
511,370,40,42,42
967,303,45,47,49
714,100,46,47,50
582,103,44,46,47
1071,371,56,51,54
1163,408,237,233,252
920,439,44,47,50
1053,143,50,50,51
171,377,42,43,46
336,432,69,67,50
407,167,44,42,44
1080,26,242,243,247
378,92,33,32,32
246,245,183,178,194
217,150,34,26,24
112,238,77,69,75
143,220,196,193,215
299,7,207,211,228
194,69,203,193,214
423,48,32,30,34
292,186,188,185,205
122,231,199,193,216
758,382,45,44,50
525,5,56,41,36
551,254,230,230,255
988,9,126,95,67
689,96,46,46,52
306,73,31,29,31
589,499,111,104,86
1131,315,231,226,243
175,474,46,47,47
555,478,138,131,138
1187,483,238,236,251
859,400,45,46,49
71,19,33,34,31
301,63,33,30,31
700,190,237,234,255
14,71,105,95,105
66,293,37,31,33
82,109,156,21,32
819,220,243,239,255
253,186,190,185,207
936,2,148,102,75
547,3,89,73,57
279,477,98,94,73
592,264,153,156,202
313,112,32,28,29
932,207,52,48,54
217,409,42,42,46
180,385,44,43,45
540,110,43,44,47
884,295,51,48,54
278,414,48,43,45
1164,105,235,235,251
102,385,40,44,46
966,90,43,48,51
100,324,39,34,35
819,495,167,163,155
31,24,105,80,99
1128,145,229,227,242
117,184,191,194,216
941,97,48,47,53
31,212,25,29,29
329,189,192,190,211
913,73,49,49,52
475,29,67,53,47
860,318,46,47,49
964,305,47,47,51
405,212,210,210,232
196,363,41,42,45
52,121,152,24,35
490,416,43,44,47
1188,258,239,238,252
826,174,47,46,52
151,278,214,212,234
238,142,30,28,26
559,107,46,41,47
612,275,44,46,48
886,27,106,105,107
454,38,56,46,43
399,201,207,211,230
1113,493,231,229,244
661,423,42,41,48
966,431,41,47,49
949,208,46,47,51
194,364,43,44,45
516,380,46,42,48
673,60,46,47,51
50,187,173,32,44
1104,396,239,237,252
1176,449,237,236,253
587,22,50,50,50
835,323,44,48,50
891,284,46,47,52
869,24,103,100,95
322,97,30,26,26
102,86,160,66,87
442,218,213,212,227
1168,472,236,234,249
150,80,162,147,170
33,159,168,34,39
980,290,44,47,51
867,426,49,48,53
540,199,95,79,90
344,99,36,28,31
914,280,46,47,49
568,206,231,229,251
422,245,81,74,90
634,449,190,197,218
420,462,155,149,138
156,197,52,44,51
1137,168,230,227,245
275,267,50,45,54
886,118,46,49,50
686,100,47,45,49
192,487,48,47,46
841,259,237,238,255
882,451,49,49,51
203,436,50,46,52
609,203,78,58,99
232,130,34,26,30
545,482,129,124,118
115,100,162,30,37
478,347,40,45,47
425,44,35,32,33
398,287,44,45,47
1103,395,238,237,253
438,301,47,46,49
445,386,81,81,84
467,390,47,44,48
294,156,32,30,32
432,341,46,45,48
246,264,202,200,219
538,171,44,47,50
537,482,167,167,182
489,414,42,42,47
832,129,46,49,52
236,267,203,200,223
278,323,47,43,43
454,262,235,235,255
1075,498,245,246,255
166,167,42,41,46
1097,370,245,241,255
391,449,198,204,225
285,261,201,199,222
139,206,198,198,217
264,361,48,44,45
26,139,157,30,36
693,424,41,44,48
675,53,49,47,48
700,477,128,105,73
15,25,226,223,248
479,285,58,61,62
276,497,93,81,64
1100,269,239,236,254
348,299,47,44,46
1029,396,48,48,53
214,66,36,28,33
120,224,139,138,157
772,227,239,236,255
209,418,44,45,46
848,61,50,48,54
99,171,40,30,33
96,93,154,25,33
25,454,52,51,53
588,181,226,230,251
514,356,43,42,44
320,383,43,43,49
498,208,133,135,167
623,369,40,42,45
152,129,201,207,224
691,231,235,235,255
755,282,46,44,48
374,338,44,42,45
760,401,142,145,171
1068,94,66,62,61
683,157,45,46,49
328,82,30,28,26
496,306,46,45,48
273,167,187,182,202
324,394,44,44,46
455,158,42,45,44
816,302,46,46,53
1137,336,232,229,246
986,311,46,45,50
727,20,52,49,52
274,160,35,32,34
421,125,38,44,46
816,90,49,47,51
163,97,201,190,209
608,492,168,165,167
113,459,49,49,50
797,44,50,48,52
1122,114,231,227,244
593,162,46,45,51
75,19,76,70,81
506,112,34,32,32
766,4,47,48,53
964,297,44,47,52
444,430,21,15,18
295,391,46,45,46
1016,135,52,50,52
561,429,38,42,43
160,52,141,126,146
498,263,223,220,240
818,370,49,45,48
134,493,51,47,47
270,388,43,43,46
694,178,50,50,54
531,482,131,125,126
567,303,42,43,47
474,388,40,44,42
205,66,39,26,32
1105,386,240,238,254
481,493,112,103,55
34,408,47,46,49
1186,288,238,233,252
197,25,163,50,69
222,204,185,181,201
361,160,38,40,41
964,120,49,49,51
898,370,44,45,49
470,170,46,44,48
1006,451,45,49,52
609,179,52,48,52
573,79,45,44,49
538,148,42,45,46
403,336,46,45,48
588,247,235,235,255
31,122,148,24,30
45,132,154,24,32
483,26,66,53,47
712,262,45,49,51
1113,388,233,230,247
469,353,51,54,54
638,227,233,235,255
412,426,43,43,43
67,117,150,25,31
169,489,44,46,48
1112,452,233,231,247
769,492,169,165,175
830,498,169,164,171
470,241,216,216,238
268,194,160,152,172
2,238,34,30,30
278,320,43,46,46
653,488,96,71,54
1065,172,50,49,54
164,89,106,103,123
29,186,106,101,109
319,230,197,195,215
163,161,40,39,45
704,338,45,46,47
1177,91,237,236,249
297,75,32,27,28
897,239,236,234,255
904,393,45,46,48
1096,303,238,234,254
39,54,151,152,165
883,54,101,98,96
527,376,42,43,45
47,187,175,40,45
834,395,46,45,46
945,469,46,47,53
1170,462,237,235,252
926,273,46,47,51
145,8,106,94,113
803,4,51,51,51
1031,340,49,47,53
166,437,88,89,83
1030,454,48,47,50
38,279,35,30,32
991,419,47,46,50
440,335,44,44,47
419,429,45,45,48
228,447,47,47,48
861,338,43,45,49
1136,25,230,231,244
690,218,236,237,255
480,464,175,178,200
591,484,165,162,158
560,420,43,43,46
255,316,44,43,45
696,116,44,46,49
560,437,139,142,147
678,35,50,48,50
780,187,47,48,52
747,215,241,238,255
61,214,59,54,66
488,137,47,42,47
227,217,190,183,205
264,171,186,184,203
184,285,46,44,42
392,443,198,203,218
1009,369,46,47,51
737,44,51,49,53
1125,140,230,228,243
842,371,45,46,50
462,163,42,44,46
472,151,43,43,46
278,309,44,43,47
219,498,54,53,47
1023,78,101,84,74
423,158,44,43,43
383,37,36,25,30
1039,401,45,49,51
276,418,43,43,46
851,453,47,46,50
260,118,33,26,30
787,146,47,47,51
403,111,40,38,42
580,50,43,44,47
115,487,49,48,51
906,82,50,49,52
245,424,70,69,55
1196,95,240,237,254
307,379,43,44,46
190,94,99,105,116
253,432,79,79,53
630,142,46,45,49
128,274,212,214,236
589,250,238,237,255
565,20,52,47,50
386,249,76,65,78
432,314,43,42,48
1161,17,238,235,252
251,100,36,34,38
173,352,44,43,47
1154,399,236,231,243
228,367,44,41,48
1124,202,230,229,246
938,354,47,47,49
1148,329,236,229,248
490,237,100,99,123
555,11,86,76,58
30,220,33,31,34
313,189,190,188,209
530,390,43,40,43
570,68,42,45,48
427,430,44,48,54
73,263,37,32,34
134,138,36,26,31
484,111,42,43,45
898,285,48,49,49
916,268,50,52,60
736,174,47,50,52
246,328,42,44,48
547,183,226,227,249
557,215,231,225,249
316,111,31,26,28
68,302,36,31,33
127,1,116,108,120
1085,472,239,247,255
194,24,160,36,49
538,265,224,225,249
270,363,45,43,48
519,79,43,46,45
1088,127,251,251,255
178,353,41,41,45
1069,488,52,54,55
748,470,120,118,90
25,398,46,45,47
17,290,37,35,35
594,409,41,42,44
403,209,169,168,177
56,474,46,45,50
557,281,40,44,47
724,138,45,45,49
1168,99,237,236,251
1178,166,237,236,254
1067,453,53,53,58
380,325,43,41,50
1046,382,46,50,50
464,54,42,41,44
1104,431,235,235,252
910,487,150,138,102
646,73,46,47,48
259,489,88,75,56
853,397,46,47,48
1044,168,51,50,54
795,275,46,51,57
946,84,50,49,52
1178,17,239,238,252
469,239,227,226,246
348,164,37,36,41
239,187,191,186,205
636,437,44,43,47
1085,148,216,216,240
605,58,45,44,49
208,186,191,186,204
309,396,41,44,47
1018,383,47,47,52
749,280,45,46,51
677,138,46,46,53
1156,407,235,234,249
1106,22,236,237,255
827,301,47,45,50
1051,41,116,103,96
1161,402,232,234,249
639,224,233,234,252
550,166,47,43,52
556,81,44,42,47
622,324,45,44,47
579,239,235,235,255
222,252,198,195,219
650,138,44,45,45
1095,32,207,196,191
1070,183,53,51,57
781,79,43,44,51
448,436,137,121,129
454,142,45,42,46
973,66,91,79,68
1181,482,237,235,253
902,84,49,49,52
344,357,45,42,47
1102,486,231,232,248
483,461,177,181,195
750,326,44,45,49
102,168,41,28,34
724,422,45,46,49
684,155,46,47,48
804,109,43,49,52
609,142,44,44,47
1097,453,238,236,255
307,264,207,204,226
946,382,45,47,47
572,164,47,43,48
326,0,68,58,58
304,264,205,203,223
1087,21,61,59,63
819,248,241,237,255
277,187,187,183,205
243,113,37,30,34
998,102,49,48,53
1174,225,236,234,252
13,357,44,44,45
534,227,224,224,249
1143,439,231,228,243
267,425,72,70,57
605,241,240,238,255
41,10,226,225,247
205,44,164,36,51
1147,186,232,232,246
846,208,49,49,51
111,152,205,192,216
16,175,98,92,99
419,158,38,45,45
890,376,45,47,49
454,356,17,24,27
981,352,46,45,49
740,141,47,48,48
1022,244,48,48,51
433,497,83,76,61
704,33,52,49,52
979,127,49,49,50
1050,8,76,68,60
66,314,34,34,36
894,162,45,48,50
293,492,46,45,46
580,79,41,43,44
223,182,190,185,206
1160,488,232,231,247
1152,127,233,232,249
115,451,51,49,53
256,373,45,43,44
1055,218,48,47,52
385,133,38,39,39
910,284,46,48,51
1155,102,238,233,251
1151,240,235,233,247
331,302,39,43,45
394,244,209,213,234
555,308,44,44,46
1052,324,48,50,54
701,166,48,47,53
1158,51,238,236,252
1165,235,240,237,255
1195,472,235,235,251
932,259,49,45,51
463,259,234,233,254
545,496,117,110,76
760,231,238,238,255
618,124,43,46,46
236,113,34,31,35
899,211,51,49,53
406,350,39,44,45
915,59,79,73,67
103,296,32,31,29
146,278,219,212,232
423,459,163,158,164
817,207,55,51,52
592,464,130,118,102
121,320,37,32,37
171,34,174,158,182
408,277,47,46,50
115,356,41,37,41
359,97,33,30,30
1163,384,237,235,251
410,245,98,96,120
892,19,78,69,65
481,169,43,44,49
1169,17,238,235,253
224,219,186,182,201
214,21,175,163,185
389,184,191,188,203
971,95,44,49,51
701,315,41,45,48
980,319,48,46,50
206,491,44,43,47
73,71,34,32,35
1095,318,242,242,255
744,488,124,122,106
13,404,46,44,49
890,159,44,45,50
814,283,47,46,51
1188,356,239,236,251
954,290,44,45,50
63,499,49,46,50
728,178,49,47,50
345,224,207,203,225
959,349,44,45,47
1044,0,93,73,64
242,337,44,43,47
1099,206,244,241,255
834,76,47,47,51
757,323,44,44,51
951,499,174,164,127
691,239,236,237,255
257,167,190,185,206
1064,295,229,240,235
27,68,111,102,110
184,328,39,41,44
1184,238,239,237,252
993,189,48,46,51
469,43,45,44,46
996,467,48,48,52
692,225,236,234,255
1085,59,254,250,255
564,106,42,44,46
226,472,60,61,50
1121,300,225,229,242
1096,227,240,238,255
991,4,128,95,69
560,125,43,44,45
193,80,194,186,210
853,106,48,48,51
540,302,45,44,45
966,128,46,49,53
892,130,45,47,51
572,400,41,43,47
203,451,47,47,51
261,345,45,43,47
314,140,31,28,30
1118,313,233,231,248
100,309,36,34,37
496,326,44,43,47
1125,99,228,228,241
651,322,45,48,49
77,68,184,184,202
243,340,44,45,47
858,125,45,49,50
127,384,39,43,43
649,50,46,46,48
805,152,46,45,48
876,89,48,49,50
230,349,44,45,47
265,58,48,51,58
938,83,45,48,54
580,194,231,230,253
314,91,33,24,31
4,65,26,20,24
932,448,53,47,50
452,267,239,235,255
504,81,45,42,46
144,84,150,136,155
1051,458,49,48,52
193,211,171,171,184
184,264,209,207,227
1178,482,236,233,251
476,200,226,222,246
483,211,30,27,31
641,365,41,43,45
629,35,46,47,49
357,404,45,44,45
108,472,47,47,52
1079,217,249,246,255
302,461,87,83,56
759,429,49,48,49
1067,423,53,54,55
928,224,44,46,49
573,386,45,43,47
470,27,90,68,51
402,212,132,133,136
1051,498,50,51,55
507,142,47,47,47
900,6,122,77,60
412,228,219,223,244
673,312,45,46,48
8,134,160,25,34
319,294,40,43,47
538,264,225,226,248
236,260,201,200,222
55,191,42,28,28
942,109,51,50,52
484,349,42,45,44
716,104,43,45,49
38,121,148,24,34
504,481,115,104,61
477,91,41,43,46
86,143,162,29,38
657,405,41,45,45
505,176,50,51,56
942,36,99,74,62
473,213,59,55,64
476,201,223,224,245
212,114,35,38,41
905,183,47,48,53
581,426,43,44,46
1125,259,230,228,244
282,297,40,42,44
918,336,42,48,50
839,16,92,89,84
369,174,198,195,216
957,27,95,70,61
86,141,161,27,34
1165,498,233,232,249
1185,213,238,237,253
1031,65,96,86,72
866,133,47,46,51
1155,360,236,233,249
589,352,40,43,45
754,490,160,158,163
685,481,111,85,65
560,329,43,44,47
324,80,31,26,28
1021,196,46,49,53
186,16,154,27,36
658,456,63,57,52
102,55,132,125,144
693,29,52,50,51
1088,279,154,154,207
272,107,34,27,29
807,81,44,46,49
85,202,244,244,255
1012,445,46,48,53
740,155,49,46,52
1012,68,94,83,71
246,70,44,46,50
723,196,240,236,255
843,257,240,238,255
1071,423,204,191,135
1007,176,46,50,51
915,318,44,46,47
3,0,227,223,247
156,130,133,138,156
331,236,198,200,222
974,177,50,47,52
425,389,41,41,48
848,93,48,48,52
916,467,47,49,52
870,319,46,46,49
397,329,41,46,44
268,377,45,45,45
1174,348,241,237,254
223,374,42,43,46
240,466,87,84,59
522,186,220,219,240
131,13,190,189,209
596,491,174,175,182
144,168,64,62,78
87,64,193,191,209
426,469,147,90,74
38,208,85,83,94
1122,9,229,227,244
1176,187,242,236,254
629,46,47,46,49
743,283,46,47,49
1029,4,111,85,66
534,481,151,148,163
481,82,43,41,46
972,40,95,73,61
116,245,213,209,232
19,279,36,32,30
489,366,41,43,45
1000,96,50,46,53
315,88,31,25,30
538,119,44,44,46
335,104,31,28,30
808,29,52,50,54
991,396,45,47,51
752,430,45,46,48
512,463,168,170,185
388,87,32,32,33
644,181,236,236,255
977,283,44,46,51
603,242,240,237,255
437,135,43,43,43
449,331,46,48,49
355,75,30,27,30
176,390,44,42,46
686,483,111,85,68
177,1,177,151,174
206,71,39,33,38
358,137,35,36,38
904,201,45,46,52
477,300,58,56,61
561,155,43,45,46
1134,347,226,227,243
843,25,87,87,79
430,260,229,231,253
270,131,28,26,28
745,339,46,46,46
33,476,46,47,50
1128,311,228,228,244
927,132,48,49,49
187,449,61,58,52
408,343,39,43,44
1082,247,247,247,255
298,268,51,44,49
337,177,189,190,209
834,182,47,47,50
1179,132,241,236,255
326,383,42,43,43
214,212,115,105,109
382,415,40,43,46
393,464,71,63,63
123,452,51,48,50
867,92,49,47,52
775,29,46,50,54
71,115,153,27,38
324,205,155,154,176
359,56,30,23,25
1164,176,237,235,248
727,128,45,44,49
442,452,96,65,64
1114,133,234,232,250
716,165,46,47,51
534,416,42,43,47
940,24,93,68,60
1054,56,109,95,84
576,348,46,42,44
478,37,80,61,47
293,293,43,42,46
1028,265,45,48,51
366,140,39,36,39
354,29,42,29,33
343,194,193,191,216
265,466,107,99,71
1024,41,104,81,63
99,324,36,34,36
741,246,245,240,255
482,481,112,104,66
941,302,43,44,47
259,395,46,42,48
908,281,49,46,52
755,348,43,44,46
394,406,43,44,47
772,274,78,65,58
119,93,189,169,191
1105,413,236,236,255
74,50,121,112,122
273,274,40,43,48
107,196,214,217,243
215,215,187,184,204
415,319,43,43,49
698,266,44,47,48
970,291,44,47,50
1121,148,234,229,249
107,163,39,29,34
1196,270,237,237,255
336,13,36,36,40
428,82,38,37,41
278,212,51,44,52
897,410,42,47,50
849,442,49,45,51
1190,7,240,237,253
380,147,41,40,43
965,437,128,137,73
885,347,44,44,48
251,28,207,197,220
596,5,115,103,90
122,485,49,47,49
1117,464,230,228,241
1000,357,48,49,51
7,140,166,25,36
1183,473,239,237,250
198,427,50,46,50
458,283,49,49,52
1072,167,53,52,57
211,209,39,39,44
603,380,43,43,46
306,111,31,25,29
881,167,44,48,53
983,478,47,46,51
1051,265,50,50,54
812,454,46,47,48
277,358,39,46,46
342,298,42,43,45
197,443,49,49,48
505,442,166,168,184
523,120,46,43,49
1070,354,58,57,62
169,99,206,194,216
1054,54,110,101,94
108,346,39,36,40
1100,30,246,242,255
1044,408,48,50,51
28,323,39,39,41
784,243,239,241,255
382,402,45,44,45
1108,487,230,226,247
893,79,46,47,49
808,180,43,47,49
1067,143,49,51,55
1166,34,240,235,254
651,328,46,43,46
905,326,48,46,50
962,297,44,44,50
806,71,46,49,48
1143,138,230,229,245
190,1,152,29,40
697,418,49,43,50
797,482,153,146,163
679,491,111,83,62
1005,94,41,50,52
136,211,200,195,218
647,35,44,43,49
570,323,44,41,47
424,448,165,157,153
388,225,212,214,235
396,64,33,28,30
983,498,50,49,52
1157,421,231,231,250
114,180,155,151,177
251,83,44,45,51
826,278,45,45,51
999,355,47,47,49
527,461,161,157,172
98,184,167,172,194
1161,225,235,232,247
900,285,46,47,52
432,176,45,45,51
680,349,40,42,47
457,475,181,184,199
807,89,48,47,51
771,53,46,48,48
1094,417,243,243,255
142,117,69,43,65
7,448,52,55,58
324,388,44,41,46
153,239,160,172,197
121,457,48,45,51
128,253,214,210,235
704,180,53,52,53
726,383,42,45,48
156,121,36,34,39
915,249,130,134,207
1025,405,47,48,52
1069,243,50,51,54
615,276,44,44,48
948,459,50,50,51
1142,425,235,228,241
102,133,160,31,36
1020,455,47,49,54
309,237,196,195,216
730,57,49,47,49
154,490,44,46,49
820,220,242,239,255
261,447,53,53,53
581,492,171,164,162
906,385,45,49,52
541,74,44,43,47
1128,385,231,230,246
427,108,39,39,42
269,256,201,198,215
318,210,51,48,55
259,397,45,44,45
942,403,46,45,52
1184,420,235,234,251
778,379,44,46,49
753,287,44,46,48
348,212,203,201,219
31,118,149,22,31
1034,409,48,47,51
980,22,103,77,59
887,128,48,47,49
683,299,44,45,48
882,499,180,165,122
378,256,215,213,235
1072,220,55,56,58
1194,194,238,235,251
1104,88,238,236,255
316,293,40,42,47
660,261,46,49,49
141,64,154,138,163
876,399,45,47,49
127,392,42,42,45
954,298,47,45,50
555,170,45,47,48
503,14,77,57,49
473,135,43,41,47
295,72,33,28,32
309,403,43,43,45
13,473,53,49,52
1140,169,230,229,243
663,193,239,238,255
1027,124,48,48,53
840,324,49,46,49
1197,227,239,236,252
1142,30,233,231,246
152,289,39,37,40
773,454,48,47,50
889,172,44,46,49
682,317,46,44,49
49,124,152,25,33
455,309,45,46,50
524,99,41,43,46
360,112,33,31,34
780,473,168,162,171
1084,468,255,253,255
231,91,40,37,42
682,354,46,45,50
427,35,33,32,36
566,334,41,43,46
590,441,154,152,168
697,206,238,237,255
185,189,185,184,203
1074,9,109,82,65
370,103,33,30,33
197,322,45,42,43
1102,301,237,234,255
1174,470,237,235,252
145,443,48,48,52
483,435,183,193,211
6,172,101,99,107
146,352,40,41,43
1173,177,238,237,251
777,108,45,47,49
318,383,41,43,44
369,335,44,43,46
36,366,47,41,49
457,27,83,58,46
456,138,41,41,46
672,298,46,42,47
1115,41,234,230,250
1087,364,237,221,213
443,43,37,35,40
759,107,46,43,49
433,323,41,45,47
1184,190,237,238,253
343,206,192,194,215
181,309,44,40,42
1163,211,238,234,249
1165,309,235,234,252
484,72,41,43,44
78,354,40,37,41
498,215,216,212,233
305,475,128,118,94
1033,52,125,111,86
622,357,43,45,45
74,237,50,50,55
895,16,94,88,79
545,440,142,140,160
1177,484,234,233,250
396,159,44,43,44
990,396,45,47,49
134,70,161,143,165
788,86,42,46,48
689,12,47,48,52
478,374,45,41,47
672,76,47,44,50
677,78,41,46,50
786,306,44,46,50
234,437,52,53,56
341,322,39,43,46
535,333,43,44,45
810,106,45,47,52
548,469,166,164,175
1079,229,55,55,60
821,257,236,237,255
549,31,46,43,45
485,172,54,55,57
652,281,45,46,47
1199,442,235,232,252
681,17,48,49,51
549,378,43,43,43
309,122,33,29,33
514,43,64,62,63
801,194,49,45,51
1069,437,53,52,54
619,219,94,92,125
815,397,47,46,49
822,481,172,170,185
66,414,46,46,47
85,250,213,213,239
1153,87,237,236,249
925,359,51,47,53
1198,108,239,236,250
887,209,51,48,51
544,216,230,228,253
1000,449,50,44,65
947,213,46,47,52
268,353,42,43,45
334,383,42,44,45
299,299,42,43,45
432,157,42,43,45
702,396,133,131,109
249,348,44,44,46
358,384,44,44,48
5,11,224,223,246
404,293,43,43,47
737,213,241,238,255
147,485,44,46,51
1070,386,65,56,60
382,428,44,45,47
1010,1,103,80,65
276,28,206,213,227
63,229,36,38,37
1059,28,70,64,61
699,89,48,45,48
520,386,41,42,44
365,233,100,97,119
373,403,39,43,41
777,241,235,239,255
383,117,39,34,38
50,248,38,32,32
646,59,46,46,50
917,282,41,47,50
470,200,232,228,251
735,15,50,50,52
154,111,36,29,33
229,413,43,45,45
155,373,43,41,46
844,36,84,79,73
1042,232,48,46,52
182,418,47,44,46
780,382,50,43,47
877,328,45,46,51
934,229,46,49,53
297,42,49,47,51
96,17,118,110,119
922,257,48,47,50
1195,67,240,234,252
583,4,89,78,60
156,332,36,39,40
312,347,45,41,47
317,361,43,42,46
622,414,45,43,47
153,280,209,209,233
482,257,198,195,211
658,219,237,235,254
385,459,170,168,168
125,43,161,143,166
493,325,42,42,46
156,244,203,201,223
660,388,60,58,55
17,354,45,44,47
159,372,42,42,46
228,481,50,50,48
400,128,41,39,45
1034,417,48,48,53
727,11,48,49,53
106,223,201,203,225
333,411,41,42,43
826,383,47,46,49
847,211,51,48,51
419,246,221,221,244
560,52,43,43,47
1103,164,241,239,255
203,151,35,29,33
711,224,231,237,252
941,460,48,45,52
176,150,36,36,40
189,321,44,41,44
178,118,126,129,142
538,352,42,43,45
461,422,47,47,48
602,51,45,43,49
493,60,40,42,46
1170,341,235,233,251
35,110,145,26,37
738,290,47,46,51
860,449,50,45,50
711,163,45,47,51
483,364,43,42,46
46,251,39,31,36
550,496,127,125,103
648,67,43,48,53
716,317,48,46,51
975,487,49,47,51
69,114,153,24,34
1043,356,49,48,51
1013,322,52,48,53
228,161,192,184,205
1101,242,237,235,252
1160,350,237,233,249
785,465,50,51,53
1056,106,50,51,53
952,336,46,47,52
757,15,49,49,54
316,295,44,43,48
1153,366,234,232,245
491,418,42,44,45
252,242,190,189,210
820,469,49,48,53
191,257,202,199,221
1079,441,57,52,56
1040,487,42,49,50
486,413,42,43,43
576,252,232,233,255
52,265,39,29,32
242,137,32,26,28
735,343,48,49,57
550,453,133,126,139
904,198,47,44,51
256,381,44,45,46
607,111,45,44,49
151,303,38,35,35
15,339,42,43,45
469,390,45,47,48
931,499,169,154,82
272,60,46,47,53
1179,339,235,236,254
1168,389,235,231,248
289,149,33,29,30
588,470,121,113,103
875,338,39,47,50
192,241,198,195,215
830,42,78,68,61
1032,447,50,47,52
453,104,45,44,45
375,462,99,89,96
76,360,42,41,41
140,342,37,39,39
666,369,44,41,47
623,383,41,44,45
59,272,35,33,34
682,309,44,45,48
23,233,34,26,28
189,439,45,46,51
916,352,44,48,49
441,383,47,48,50
810,130,47,47,49
587,103,49,45,47
689,315,44,47,48
134,382,44,41,45
743,293,46,45,48
741,215,241,239,255
989,221,46,46,50
1041,269,52,53,56
712,308,45,44,48
1173,318,237,235,250
317,331,44,41,45
327,426,39,45,46
299,208,103,101,112
649,467,65,59,59
741,391,46,46,51
214,481,48,48,48
889,90,46,48,51
1125,474,224,223,239
404,206,202,202,220
281,85,34,27,33
605,236,234,234,255
74,407,41,43,49
1033,482,49,49,50
373,150,37,37,42
382,163,43,40,44
457,154,41,44,45
94,193,249,245,255
756,183,47,47,52
558,175,52,50,53
382,466,78,70,61
879,71,46,48,50
1192,476,238,236,247
906,45,87,83,75
1039,456,49,49,56
264,51,38,31,48
1131,84,230,227,244
1104,434,236,233,251
1152,264,236,233,249
956,473,46,46,50
786,480,156,149,165
724,277,45,45,49
897,485,149,138,80
808,428,45,45,52
366,326,40,44,46
1184,436,239,234,252
252,263,203,202,222
328,70,32,27,29
518,480,109,102,76
281,298,44,41,46
1045,244,47,49,51
571,21,52,51,50
52,244,36,30,29
542,222,228,224,248
141,498,47,46,50
953,484,53,48,54
1079,458,248,244,254
992,389,49,46,52
1055,370,48,50,52
1020,36,92,71,60
44,440,52,48,54
981,27,99,76,62
51,95,186,186,209
741,190,235,235,254
1123,62,229,230,245
458,455,185,190,206
60,93,150,31,41
501,8,85,62,49
368,229,210,210,232
92,268,42,35,37
867,244,99,88,149
1162,44,237,237,253
279,74,38,33,38
685,64,46,45,48
54,52,114,103,112
902,429,54,46,78
643,189,234,236,255
504,3,109,86,70
919,271,48,48,52
484,22,67,55,45
1134,80,227,226,244
835,396,43,47,49
809,196,50,47,51
816,168,50,49,51
743,33,50,48,51
230,314,42,43,46
823,116,45,46,50
151,165,45,44,51
58,155,170,69,76
302,323,41,43,45
443,138,44,43,46
1177,419,238,235,251
230,342,42,44,45
356,415,41,43,43
646,390,47,42,48
577,270,204,208,240
763,189,45,47,49
1124,5,233,230,244
268,326,41,44,45
505,336,41,44,43
737,82,47,44,51
919,495,176,162,132
993,487,46,48,53
860,448,44,46,50
478,468,175,178,196
616,442,76,73,62
811,85,45,47,51
680,464,109,83,59
425,244,109,104,109
1126,114,227,226,243
7,15,139,126,145
1117,204,234,232,250
568,181,231,227,252
406,279,47,47,50
267,4,196,186,208
1165,242,236,234,252
120,165,182,181,212
412,213,56,54,60
757,287,47,47,48
309,398,40,43,46
1196,490,234,234,248
96,350,36,35,39
977,57,84,65,58
65,18,193,199,212
358,349,42,45,47
768,488,149,144,159
365,459,98,90,81
292,169,190,187,208
389,118,40,37,39
448,259,232,232,253
893,381,44,45,49
1176,127,239,236,254
823,107,49,47,50
766,22,51,49,54
620,297,46,42,46
407,348,43,43,45
141,293,37,35,35
414,490,78,75,69
112,88,182,164,186
848,293,44,47,51
240,179,192,187,206
796,127,48,47,52
806,207,54,53,56
48,171,171,30,38
245,89,43,45,50
976,230,46,47,50
383,315,43,43,46
1078,373,49,51,56
131,44,139,118,139
357,104,35,29,32
784,176,46,45,51
267,173,189,182,203
480,387,41,41,45
67,229,96,91,103
119,410,48,43,49
879,218,54,55,58
1156,219,237,233,251
792,259,241,239,255
427,429,42,47,50
750,493,163,154,150
79,202,147,144,172
1131,11,230,228,245
735,475,154,150,162
477,114,43,43,44
1038,0,104,79,62
1148,98,233,231,246
210,177,191,184,203
150,223,197,196,217
769,367,45,44,48
218,231,47,38,48
999,192,49,48,53
8,256,31,29,30
831,381,45,46,48
31,83,96,83,80
1074,283,223,212,179
788,358,45,45,50
856,11,93,92,90
1157,390,232,231,250
1093,385,249,247,255
725,149,42,45,48
398,483,86,83,87
739,252,240,240,255
1194,417,237,234,253
684,106,41,48,51
207,108,39,43,47
846,112,42,46,51
511,208,173,169,203
1075,151,92,83,66
949,452,141,133,165
1020,5,108,85,62
472,384,44,43,46
881,137,43,48,49
623,98,45,44,48
200,54,198,185,203
384,438,197,198,219
945,216,47,47,50
425,358,42,44,48
319,360,43,42,46
876,318,45,46,49
51,236,33,31,35
338,213,199,199,217
206,456,51,53,54
82,198,157,160,176
1060,231,52,50,54
251,221,189,187,205
432,66,39,37,40
217,389,45,43,47
466,358,53,55,60
1160,435,234,232,248
843,94,47,47,49
695,313,45,45,46
15,391,45,45,48
953,254,48,45,50
151,69,159,145,167
1182,181,240,237,254
211,274,205,204,227
1109,81,233,231,249
989,444,121,145,157
309,59,35,28,28
344,435,92,83,57
717,29,149,95,63
182,225,190,190,206
688,343,43,43,46
269,286,43,45,47
525,288,45,44,49
1172,413,233,232,248
839,132,52,50,51
410,465,84,74,68
933,80,49,48,53
244,448,49,51,51
410,85,38,35,37
723,246,240,237,255
308,229,193,193,215
172,84,38,30,33
80,222,53,52,59
158,296,32,33,37
274,305,44,43,47
406,112,39,40,42
480,220,57,53,59
656,213,238,235,255
900,249,241,238,255
1020,354,51,46,53
446,7,37,29,33
232,388,46,43,48
41,464,48,48,52
720,289,41,44,49
648,491,93,69,53
302,240,200,194,218
1173,246,237,235,253
790,324,47,46,50
1090,336,242,242,255
833,312,46,46,50
1149,11,232,231,249
345,64,31,24,26
573,115,42,40,46
713,375,46,44,48
912,441,49,48,51
442,425,29,32,35
327,222,197,198,215
1065,132,49,49,54
463,102,45,43,46
949,116,46,48,48
349,118,33,30,33
545,268,134,137,171
173,475,45,46,47
412,79,38,36,37
1130,466,228,224,244
905,402,44,45,49
217,193,95,87,108
351,164,39,39,40
957,178,48,47,51
203,479,46,47,51
186,454,48,49,51
1080,129,215,217,231
160,312,37,34,39
208,146,32,31,32
308,486,91,96,103
334,477,145,144,155
1078,136,53,54,57
399,197,210,209,231
331,269,56,49,69
177,357,45,43,45
903,138,49,47,51
1060,255,50,50,54
1015,21,105,81,62
80,42,118,108,118
982,130,45,47,51
241,160,44,40,44
867,195,50,48,51
339,316,41,42,47
275,74,34,34,40
990,56,99,78,63
545,310,44,44,44
37,448,55,50,53
562,41,43,43,46
619,474,188,184,195
747,383,45,45,49
239,180,190,187,207
200,43,194,179,202
1076,450,54,53,58
273,218,187,185,203
1083,233,54,55,57
884,157,48,47,50
852,80,46,48,51
819,465,52,48,52
1017,213,52,48,51
946,479,49,46,52
945,38,105,77,59
1106,23,237,236,254
40,311,40,34,37
17,373,43,43,48
935,243,46,46,52
500,47,45,42,44
1004,111,44,50,54
984,47,95,69,59
122,190,220,217,246
510,174,52,50,53
204,205,189,184,204
197,99,105,108,122
553,155,40,44,47
254,132,30,27,28
681,390,99,112,135
852,376,45,46,49
228,184,187,185,206
278,34,131,133,152
798,243,241,238,255
941,102,45,48,52
591,222,239,234,255
634,196,238,235,255
359,375,39,43,43
158,431,48,46,51
241,334,44,42,45
194,337,43,43,46
279,401,40,42,47
684,474,112,86,61
902,499,171,159,85
275,264,198,197,219
1191,241,239,235,252
1067,310,78,86,145
472,153,46,45,47
812,427,45,47,53
1173,462,236,233,249
845,107,49,46,48
589,417,42,43,47
1186,335,239,238,252
114,229,139,138,150
5,41,222,222,243
333,106,33,25,31
1056,383,49,48,52
371,48,34,25,28
263,41,215,214,237
587,332,43,45,48
962,425,42,45,52
886,374,50,47,50
795,182,42,46,50
413,283,41,46,45
909,207,45,48,48
384,309,44,44,48
463,254,68,58,76
1197,73,238,236,252
388,89,33,31,33
191,489,47,44,48
551,230,70,63,81
1032,92,48,51,53
531,104,42,46,48
335,478,145,142,155
884,65,82,77,73
896,205,46,47,50
850,202,48,47,51
643,36,45,45,48
779,12,48,48,53
510,144,45,47,50
1198,175,238,238,253
411,260,229,227,250
359,23,39,31,32
281,495,89,82,74
126,198,177,172,185
534,248,225,222,247
634,273,42,46,49
1174,72,237,235,251
636,433,44,43,49
469,349,52,50,54
286,152,31,33,29
238,417,47,43,47
767,468,157,154,154
316,361,41,43,45
857,144,46,47,52
1033,478,46,49,52
876,5,86,79,72
851,265,109,111,131
160,12,165,143,166
108,208,219,221,247
913,265,218,224,255
385,102,32,32,38
626,174,121,125,103
1113,313,234,228,247
125,350,36,37,40
253,136,34,28,30
891,43,105,101,98
560,208,131,124,168
991,147,49,50,50
561,396,38,44,45
192,251,204,199,219
672,413,47,45,50
1001,30,122,89,69
1122,440,229,228,248
167,222,195,194,212
321,121,28,29,32
350,380,45,43,46
210,84,115,117,132
173,398,43,44,48
512,336,44,43,46
983,241,46,48,50
528,192,221,220,246
373,281,47,44,48
202,403,43,43,48
1068,405,50,51,55
278,234,189,187,205
476,59,43,41,44
1079,36,224,225,213
142,145,158,156,180
308,320,44,41,45
1123,160,234,230,246
295,411,43,44,47
1018,74,96,83,70
199,401,44,43,49
677,237,237,235,255
1118,123,227,226,244
922,90,46,48,50
587,34,45,44,47
592,337,42,41,44
670,444,43,44,48
1154,26,236,234,250
1129,475,228,226,242
493,313,47,47,44
469,466,179,180,199
525,89,44,45,47
1038,76,91,77,64
317,222,195,195,214
879,484,173,160,108
796,274,53,54,59
922,486,51,52,53
432,189,221,219,242
1034,263,52,47,53
1173,12,242,238,254
183,356,43,43,45
656,130,43,45,50
339,154,38,34,39
680,461,106,81,57
655,435,41,42,46
417,175,42,46,48
601,325,42,43,47
296,2,138,139,163
369,371,44,41,48
321,380,40,44,46
1044,375,46,48,52
1188,66,237,235,249
173,297,37,37,40
130,222,196,191,211
510,361,39,44,42
188,36,181,124,137
642,248,45,47,51
197,469,50,48,48
955,457,55,47,53
914,441,50,47,51
333,92,30,25,25
967,309,45,46,50
353,323,42,44,44
848,212,52,51,55
867,70,46,46,54
984,190,48,47,50
395,409,44,42,46
787,104,44,46,49
60,223,94,88,97
848,426,47,49,53
1026,296,49,46,53
142,447,48,49,50
659,497,104,78,57
937,90,46,49,55
35,61,108,98,104
608,88,46,45,48
263,98,34,30,33
1128,352,231,228,245
298,239,193,190,212
1140,78,230,227,243
887,130,48,48,49
241,93,42,44,49
426,273,226,230,253
581,484,162,156,156
618,178,48,50,50
156,213,197,193,214
951,276,48,46,49
105,220,210,208,230
337,488,143,139,151
214,339,44,43,43
815,327,43,47,51
73,327,38,35,36
901,45,101,99,99
261,331,41,45,45
700,252,46,47,52
809,144,48,46,49
44,1,229,224,249
56,209,43,41,42
68,367,40,40,43
738,376,43,46,47
919,343,46,45,49
673,139,43,46,49
804,0,53,52,53
32,137,155,22,36
879,405,50,49,51
663,104,45,45,45
99,390,43,43,45
462,181,43,46,48
1047,171,47,49,52
1184,56,238,239,251
671,455,93,71,52
92,310,35,32,33
361,404,45,42,45
859,373,46,47,49
315,41,37,36,38
725,60,48,46,49
348,188,197,194,216
883,204,50,49,53
236,397,44,43,48
398,297,48,42,45
649,253,47,47,48
621,408,40,44,47
947,30,82,63,56
930,144,45,48,51
22,469,44,48,53
1012,344,45,47,51
352,301,43,41,47
1184,185,239,237,254
450,76,39,43,44
752,497,168,161,161
919,190,50,47,49
639,176,236,234,255
832,287,45,45,51
583,276,49,48,51
283,79,35,28,33
428,458,154,118,84
243,494,65,62,55
600,107,45,46,48
5,153,169,28,36
938,152,47,48,51
304,168,189,187,206
215,37,166,35,49
502,165,46,48,55
960,216,50,47,55
370,284,39,43,48
21,335,40,41,45
1155,65,238,235,252
415,158,43,41,47
33,252,32,28,29
910,125,45,48,52
570,280,43,46,45
160,164,43,42,44
1102,19,239,237,254
752,191,44,48,50
820,39,55,56,55
1174,147,238,236,253
518,384,39,42,44
1068,265,54,50,53
1056,496,50,47,55
945,196,45,48,51
1181,142,238,237,252
953,421,50,45,49
901,71,47,51,53
1047,155,48,50,53
1089,420,250,245,255
1086,317,250,250,255
24,224,33,28,32
919,164,45,47,50
978,102,47,47,52
766,189,47,48,50
340,378,42,43,45
609,362,43,44,45
561,350,45,43,44
404,358,42,46,45
609,113,46,43,49
871,406,48,47,52
995,143,49,47,51
832,169,49,46,49
181,36,159,36,51
460,238,230,230,255
624,429,42,45,47
252,302,42,43,45
901,256,240,238,255
540,411,40,42,44
404,110,38,39,40
1109,305,236,232,251
1124,225,231,228,243
1179,234,238,236,253
1010,488,50,48,51
1031,359,49,47,53
78,174,208,199,220
697,143,46,44,50
259,187,191,185,203
759,158,45,48,49
1058,383,49,49,53
140,216,195,192,215
1196,273,243,239,255
118,471,49,45,49
60,38,111,105,113
815,141,48,48,54
375,438,166,129,119
959,230,48,47,53
455,450,174,179,198
791,464,50,49,52
1153,116,233,234,249
151,392,43,41,43
1125,240,234,229,247
1075,72,69,62,62
768,118,48,49,48
1104,409,240,239,255
524,378,37,44,45
4,351,44,42,46
1149,288,233,229,246
1147,206,235,230,247
666,82,45,45,47
660,227,234,235,255
724,107,45,46,48
67,281,36,30,33
913,490,173,159,119
774,43,51,50,51
408,451,65,62,56
230,418,41,46,48
800,116,44,48,50
360,305,45,45,47
324,450,66,61,51
517,363,40,41,44
903,390,47,46,50
882,119,49,49,52
12,262,36,31,30
195,117,43,43,49
1107,445,235,233,248
101,268,42,34,37
1066,482,50,50,51
283,280,43,41,45
753,189,46,48,54
416,383,40,42,44
46,329,38,35,35
565,319,41,44,46
507,275,45,46,47
1066,12,95,76,62
1000,321,47,46,50
194,19,166,89,118
856,328,43,44,49
351,336,44,42,45
739,385,43,43,45
236,135,33,25,29
505,204,211,211,234
413,107,38,40,41
188,12,182,156,171
1131,91,229,225,241
833,247,77,66,75
1146,383,233,231,244
1084,4,250,249,255
1196,2,238,236,251
517,174,51,49,52
386,10,38,30,25
842,117,45,48,50
112,179,246,246,255
677,160,46,49,49
598,166,45,45,48
825,212,164,156,173
843,345,47,46,50
249,179,190,187,205
1091,179,110,95,86
309,222,196,192,213
1179,329,235,236,252
99,174,61,28,68
775,384,47,44,52
487,68,44,41,46
689,139,42,43,47
211,19,159,49,82
817,427,46,48,49
433,6,38,26,33
10,251,36,32,32
297,366,42,42,44
434,237,224,226,252
853,468,48,48,51
578,296,45,42,48
946,463,51,46,52
1010,290,46,46,51
693,441,43,44,47
943,308,45,44,52
720,138,44,49,51
295,318,44,43,46
1197,240,238,236,254
1080,176,56,57,62
930,449,55,45,92
1018,137,47,48,55
1140,96,230,229,245
866,440,48,48,53
165,171,199,195,219
662,82,43,46,51
526,152,48,43,47
890,126,45,47,50
97,415,45,45,46
1017,98,47,49,52
762,306,43,47,49
1084,218,253,252,255
245,332,42,42,42
91,85,152,28,32
1162,206,236,232,249
1092,394,246,243,255
981,202,48,49,50
889,470,48,47,52
1068,389,56,55,57
783,451,47,45,49
323,407,42,43,45
381,276,47,46,48
695,227,237,236,255
1048,135,50,49,51
587,120,44,46,49
325,134,35,30,32
416,87,37,36,35
748,466,137,133,114
941,441,47,47,52
940,399,48,45,50
524,201,63,61,73
264,445,56,53,48
864,220,238,236,255
663,245,44,47,48
904,244,239,237,255
642,4,49,50,52
861,35,99,96,90
354,384,41,43,46
1038,223,49,50,53
8,25,230,225,250
896,239,243,236,255
444,385,71,72,72
801,191,48,46,50
266,71,43,44,47
315,59,31,27,27
826,38,69,64,59
517,476,109,108,89
470,106,44,41,44
387,382,43,43,47
759,350,44,45,51
507,76,18,18,21
774,294,45,47,50
209,396,43,43,46
926,193,48,49,50
697,112,48,46,46
46,420,58,54,54
307,8,152,155,163
815,354,48,45,50
357,68,34,23,27
235,25,189,177,202
866,224,239,239,255
538,483,146,147,163
83,212,135,141,158
252,186,191,185,204
1185,156,238,238,253
1093,15,216,215,210
809,217,247,240,255
36,242,36,31,38
828,389,44,48,49
927,239,49,50,54
867,97,50,46,51
294,475,120,115,90
554,144,44,43,45
842,227,241,240,255
758,329,48,46,49
131,410,47,43,47
28,84,106,93,94
504,23,83,61,49
583,392,40,41,46
1085,90,252,251,255
884,57,102,99,93
711,57,43,46,48
389,373,43,44,46
1009,347,45,49,53
520,458,161,161,173
401,428,44,44,48
359,349,45,43,45
278,202,57,41,63
517,430,43,45,48
1057,145,48,49,52
748,172,45,48,50
982,367,48,49,51
659,454,66,59,54
131,226,197,191,214
219,129,35,31,34
832,378,46,45,50
801,92,47,48,50
678,183,235,237,255
1106,480,230,229,247
214,196,46,44,46
1029,244,47,48,52
712,397,54,48,49
848,257,241,240,255
1149,189,234,232,248
699,402,45,43,50
432,325,46,43,46
697,150,44,48,51
1134,116,228,227,245
153,7,38,34,35
1049,209,46,48,53
110,354,38,36,38
984,357,47,47,51
734,175,45,47,50
801,76,46,47,50
280,96,33,26,28
1019,229,48,48,53
33,445,50,49,51
506,181,203,205,225
25,329,42,37,42
1181,152,239,237,251
939,497,176,161,82
464,396,45,48,50
690,318,43,47,45
829,257,239,240,255
836,293,45,48,48
18,301,35,34,35
488,307,43,45,47
800,43,49,51,53
1166,271,239,235,251
260,357,45,44,46
469,42,43,42,43
989,105,48,48,51
705,211,241,236,255
921,297,43,47,51
587,396,42,43,46
832,284,48,46,49
757,24,52,49,53
848,452,48,47,49
186,29,190,170,193
20,53,61,59,61
798,437,48,47,51
1006,407,45,46,51
807,52,46,52,52
602,94,43,43,49
369,77,28,27,29
917,312,45,47,51
864,388,45,44,48
468,113,43,42,46
895,111,46,47,51
901,259,240,239,255
1109,109,233,230,251
614,199,235,230,254
361,385,45,42,48
556,398,46,41,45
560,240,232,230,255
362,434,71,68,55
745,433,44,46,49
511,37,82,62,52
113,204,221,221,247
304,286,40,43,48
1099,211,245,242,255
1072,293,50,53,59
397,31,42,36,31
221,377,45,42,46
7,367,48,44,49
81,137,158,30,41
614,397,40,40,46
395,329,39,43,48
900,15,111,103,95
642,280,46,46,46
54,58,113,103,111
174,310,38,38,40
168,264,208,204,224
811,425,52,51,53
751,359,43,46,48
1194,95,240,237,255
186,217,192,188,209
737,33,49,48,51
88,411,46,43,48
461,162,41,44,45
573,382,44,43,46
744,196,220,225,253
51,338,36,36,41
571,224,233,232,255
338,16,39,36,37
226,157,155,154,165
1139,184,230,230,245
226,467,74,69,55
1067,104,52,51,54
824,19,75,74,68
102,187,253,248,255
166,480,48,47,48
129,467,50,45,52
698,58,47,45,48
116,448,48,48,50
986,7,124,92,67
38,90,183,188,207
870,195,48,47,48
917,320,44,44,49
158,200,190,188,206
193,212,187,185,203
101,63,134,115,135
554,338,43,41,45
827,166,44,46,50
171,360,43,43,45
290,56,38,36,41
494,256,217,218,240
203,332,42,42,48
338,295,44,44,48
94,433,49,48,50
609,211,191,195,189
9,156,169,32,35
148,150,143,141,161
17,228,35,27,29
157,346,40,38,39
650,237,53,54,56
139,199,202,200,222
113,356,36,39,39
611,56,41,43,50
603,414,40,44,47
1116,355,232,233,247
373,100,35,34,34
1079,96,241,241,251
657,497,100,71,54
946,119,48,48,52
727,352,44,44,47
524,387,44,42,44
1030,170,50,48,55
103,73,141,122,143
1070,190,49,52,56
987,105,50,48,53
365,319,45,44,48
77,20,104,99,107
605,363,43,44,47
838,259,238,241,255
113,175,243,242,255
332,206,53,51,55
218,71,96,95,114
65,73,30,26,28
1178,123,237,235,254
279,357,43,43,44
961,403,46,44,48
311,38,41,38,42
172,377,39,42,44
219,211,58,54,71
991,474,49,49,51
404,105,44,37,41
17,157,168,29,36
164,474,52,47,51
1131,208,231,229,245
55,13,226,227,245
1113,328,235,233,247
1123,478,224,222,240
117,24,30,31,31
749,107,44,46,51
584,234,233,234,255
1095,14,203,204,234
240,326,42,44,45
610,372,43,43,46
171,369,44,40,45
854,476,51,50,48
187,323,42,41,43
766,232,189,186,168
739,344,44,45,50
151,376,42,42,45
442,348,42,45,49
515,447,173,170,184
640,192,236,236,255
490,290,45,44,50
545,304,42,44,48
4,59,27,22,25
48,121,150,24,30
691,70,46,48,48
462,332,23,21,24
49,226,33,31,33
10,312,40,39,40
46,227,29,31,34
380,148,40,41,42
158,252,210,206,228
458,458,188,188,204
213,387,44,42,46
303,401,45,43,45
163,404,40,44,47
902,379,47,48,49
770,401,47,43,51
435,53,32,36,37
102,37,188,189,210
647,172,50,50,55
151,31,163,146,166
848,57,59,58,55
592,454,133,124,120
720,347,43,46,48
939,424,48,47,49
638,264,44,44,47
611,414,41,43,45
154,98,193,182,201
238,293,44,44,45
650,261,49,45,50
456,171,44,43,46
1042,434,49,49,52
859,163,44,46,52
511,132,50,47,51
1175,188,239,235,251
1135,34,230,228,243
944,178,47,48,51
67,106,152,22,34
568,423,41,44,45
256,475,103,92,72
4,391,46,46,47
65,283,38,35,35
1048,428,49,48,53
829,270,48,45,52
659,380,41,44,44
267,202,82,75,86
559,253,232,232,255
630,456,186,187,206
750,483,160,157,156
1094,67,235,238,255
781,416,47,46,52
1106,214,239,235,255
814,473,164,163,170
106,86,184,163,183
522,189,224,222,243
463,346,41,40,43
360,457,64,53,52
363,36,33,26,28
750,142,46,45,52
13,224,33,27,27
471,361,48,46,48
638,167,48,47,49
84,298,39,34,36
379,28,36,27,30
515,315,38,42,46
219,77,107,107,124
61,125,152,24,33
708,14,66,53,57
445,248,130,127,120
987,147,47,48,52
747,391,46,45,48
388,143,41,41,43
1065,179,52,51,53
547,262,233,230,253
506,379,37,43,44
848,22,89,89,84
698,223,237,236,254
650,495,96,74,57
899,246,241,240,255
566,383,43,43,46
167,78,165,153,177
498,472,123,121,105
286,9,115,117,136
301,17,44,35,49
514,394,40,43,47
176,300,38,39,40
384,151,41,39,42
609,193,233,233,255
330,219,195,195,217
465,119,41,44,46
415,87,36,35,37
583,361,43,43,48
862,118,46,48,50
1176,298,236,236,251
791,327,45,46,48
946,193,44,48,48
1192,334,238,236,251
431,303,46,45,48
241,8,182,168,192
69,205,63,63,88
869,83,46,47,48
944,310,47,45,50
247,457,74,67,53
967,357,50,46,51
558,5,93,81,56
770,289,45,44,51
771,434,45,45,53
590,476,105,98,85
775,249,242,240,255
1014,193,51,48,51
233,113,34,33,37
19,326,44,41,43
594,314,43,45,47
436,285,44,46,48
711,181,51,52,54
294,312,43,43,49
790,434,46,47,49
910,299,44,46,49
676,243,49,47,51
642,251,44,47,49
683,482,112,86,64
853,20,90,85,77
1064,462,52,51,55
914,13,227,175,90
240,445,52,49,51
913,133,47,46,49
1,278,40,33,33
660,104,46,48,49
942,494,169,157,87
369,147,42,37,43
300,325,44,41,44
631,156,44,46,49
649,289,43,43,49
176,134,45,46,52
11,37,220,229,241
427,216,228,224,246
472,124,44,42,46
1198,445,234,235,250
712,463,131,119,104
193,157,36,34,35
288,330,45,43,44
571,297,51,44,48
480,92,44,43,44
235,202,68,49,76
502,66,49,46,51
0,79,117,110,122
30,91,33,30,29
378,227,210,210,232
411,347,43,44,46
771,184,46,46,49
779,278,232,239,255
971,131,48,47,53
1094,370,247,242,255
1126,322,230,228,244
725,499,157,151,162
636,204,236,232,255
904,371,45,45,49
451,396,49,42,36
199,349,42,45,45
494,285,46,47,48
21,420,50,48,51
284,455,73,71,53
539,402,38,41,43
586,267,234,234,255
542,440,164,166,184
946,329,42,44,47
998,62,85,71,61
409,432,44,42,47
60,154,162,29,41
177,475,46,44,50
261,116,32,27,27
163,107,177,173,189
720,316,43,47,48
699,324,46,46,48
936,172,45,45,50
348,313,42,43,44
124,223,198,194,216
969,305,45,48,49
1026,357,48,46,52
1195,452,236,235,250
943,471,45,47,49
1168,192,236,235,254
717,163,47,46,48
187,240,196,194,215
1135,173,231,228,244
641,133,47,43,48
235,376,41,42,49
18,271,31,32,33
692,329,47,46,48
1090,328,241,239,255
379,209,52,52,57
701,376,42,45,48
783,233,64,54,63
754,178,49,47,52
1091,146,75,70,70
263,432,67,63,50
661,165,44,46,49
968,208,44,46,50
527,172,43,47,50
430,33,36,32,33
1094,168,239,239,255
1011,62,63,58,58
981,411,47,47,50
868,469,47,48,51
346,361,41,43,42
301,441,64,64,52
618,252,231,232,254
375,419,42,44,46
1168,455,234,231,248
839,155,47,47,51
608,136,41,45,48
782,92,47,45,47
1079,39,79,75,88
401,252,224,220,242
613,203,62,54,59
688,211,238,235,255
303,402,45,46,45
546,414,40,44,45
1020,320,49,47,51
792,76,46,47,52
533,453,129,123,132
21,290,27,30,32
520,215,226,221,242
590,436,46,44,47
730,129,48,45,50
151,244,206,205,229
134,402,47,43,48
412,140,41,40,44
637,104,42,44,49
481,112,43,42,46
1094,350,247,248,255
823,474,156,164,171
748,465,140,137,121
19,83,122,113,121
707,225,235,235,255
169,403,42,43,47
117,139,35,24,28
1071,263,47,51,56
409,122,41,39,45
1039,237,46,49,52
532,449,154,151,159
1166,449,238,235,247
362,279,46,44,48
1169,326,237,234,250
969,192,48,48,51
244,104,35,35,40
743,49,47,48,49
940,202,48,48,48
1151,366,232,231,249
1018,337,49,47,53
1042,321,48,47,54
40,313,37,37,38
670,428,45,44,45
1017,432,45,46,52
1067,266,49,53,53
325,56,32,26,27
156,413,43,44,50
262,328,43,43,45
849,302,48,45,50
418,28,35,32,30
886,141,47,47,50
340,406,43,42,45
185,241,123,124,154
388,339,40,44,45
761,475,156,149,159
179,150,41,34,40
932,374,46,46,51
439,193,222,221,241
9,352,42,43,46
550,260,231,230,253
1095,352,246,244,255
183,9,153,30,53
1054,326,49,49,52
1015,357,48,46,53
270,215,189,186,206
301,226,191,190,210
196,417,45,43,46
696,213,243,237,255
331,7,102,96,108
1149,176,231,230,248
0,335,39,42,42
1120,432,233,232,246
845,73,47,49,49
350,193,193,191,213
142,333,38,35,41
843,438,45,48,51
356,271,50,49,51
129,423,50,46,51
833,55,63,58,59
503,216,211,208,228
107,444,47,49,53
723,469,150,143,161
66,260,33,31,30
694,238,237,236,255
211,417,42,46,48
950,397,50,46,52
506,489,128,112,71
368,81,32,28,32
663,406,44,42,46
859,437,46,46,53
554,358,37,42,44
416,378,42,44,44
631,258,47,46,49
362,140,39,36,40
736,36,55,50,53
383,266,218,218,242
1088,48,59,60,62
616,299,43,43,44
93,82,154,26,44
1197,279,240,235,255
770,303,46,48,50
0,291,34,35,37
224,244,193,192,210
839,402,43,45,48
208,117,35,35,38
103,66,130,110,130
1125,81,229,227,243
390,282,45,46,49
343,204,194,195,215
139,293,36,34,37
1111,264,231,231,250
819,464,54,49,52
790,50,52,48,53
90,228,206,207,229
146,277,217,211,233
84,23,115,104,111
712,248,230,233,237
1,479,54,46,52
1125,131,230,226,243
348,65,32,25,28
1178,363,238,236,252
874,448,47,47,52
736,400,137,131,155
940,429,47,46,48
804,67,43,46,48
11,477,47,48,51
853,495,161,156,120
220,170,110,99,119
904,32,96,87,78
1130,145,231,226,242
884,447,44,46,50
715,27,73,59,53
163,248,206,202,223
725,62,50,45,51
859,132,50,50,52
657,40,44,46,50
421,99,40,37,42
969,175,45,47,52
1103,362,242,238,255
465,425,48,46,50
781,295,46,45,48
413,267,224,227,247
912,41,92,86,78
1079,418,82,77,73
897,208,46,46,49
420,20,39,30,33
162,313,40,37,40
1134,230,229,227,244
426,229,226,219,246
272,112,27,27,29
1051,318,50,49,55
846,400,45,45,49
110,72,137,122,143
315,145,32,31,35
1113,485,232,227,243
1070,487,51,55,57
1092,54,65,65,72
1091,336,245,239,255
510,285,46,44,48
1128,381,227,226,241
1086,191,245,247,255
866,113,47,45,53
752,262,235,235,254
670,54,43,46,49
18,432,48,52,51
298,99,35,25,27
618,250,239,234,255
244,221,190,185,205
552,322,40,44,46
46,33,228,227,247
152,200,118,110,127
12,246,35,32,35
42,251,38,28,33
42,55,112,102,113
381,20,42,28,28
228,155,37,34,39
6,412,53,50,50
105,480,48,49,51
894,475,47,49,51
640,328,45,41,46
210,183,188,185,205
1038,174,49,49,55
511,459,157,154,168
482,275,59,57,60
899,119,48,49,50
109,468,45,50,50
341,5,37,39,43
1059,248,49,50,53
1047,468,49,50,53
320,397,41,45,45
178,495,47,47,49
648,111,40,47,48
19,354,45,42,48
1064,110,49,50,52
956,290,44,46,50
941,184,48,48,51
334,175,193,190,214
81,83,151,26,30
15,310,39,37,38
647,119,46,44,49
59,302,32,32,35
795,41,49,50,53
123,20,30,28,30
774,134,46,46,49
