x,y,R,G,B
25,322,37,41,42
1062,316,55,49,54
189,129,42,43,49
326,331,45,44,49
502,194,62,61,68
1193,5,239,235,253
263,108,29,28,31
1088,474,233,233,253
1096,219,248,246,255
981,179,46,49,50
18,461,53,48,53
240,58,212,211,234
749,457,47,48,51
616,161,46,45,51
1027,185,47,48,51
626,173,91,89,81
133,204,201,198,220
262,372,42,44,47
820,64,48,48,52
900,83,50,47,51
849,350,44,43,49
1113,259,232,231,249
710,373,48,44,47
303,242,196,193,216
135,451,47,48,49
677,49,46,46,49
582,350,39,43,44
979,397,47,45,51
329,404,42,45,45
470,215,66,60,68
163,95,205,191,212
16,275,37,33,35
337,352,44,44,49
130,318,36,36,38
215,338,43,43,46
536,50,42,44,44
682,494,116,87,61
807,319,48,47,50
66,8,231,231,249
173,445,48,49,51
1029,107,46,48,51
692,78,45,45,49
785,166,42,47,50
666,115,45,44,47
970,48,89,67,58
856,397,45,47,49
596,418,41,45,46
83,144,162,27,39
923,249,41,48,50
898,324,45,46,50
310,401,43,44,46
898,489,171,154,78
593,303,43,41,48
219,192,185,182,201
1106,270,234,233,247
832,423,49,47,52
1016,224,45,47,51
1082,313,237,241,255
151,127,202,196,217
1,368,47,44,48
516,44,22,22,25
47,107,146,22,33
752,37,51,51,54
236,166,189,187,206
1126,470,227,224,241
738,471,140,137,149
461,457,184,188,208
1151,151,236,233,249
551,47,44,42,48
821,477,164,163,180
747,154,45,44,49
825,406,47,45,50
91,499,46,49,52
871,267,239,236,255
467,186,51,48,52
570,292,46,43,47
838,499,166,153,123
712,86,44,45,49
511,368,41,43,46
107,129,160,31,38
348,174,187,188,210
953,57,55,56,57
908,121,51,48,50
613,189,238,234,255
133,349,40,37,42
966,142,47,49,51
204,365,43,44,43
56,44,113,105,117
464,236,235,232,255
505,112,33,30,29
1042,381,45,47,52
373,133,39,36,39
396,56,31,28,27
980,224,46,46,52
613,413,44,43,47
47,277,34,34,33
822,367,48,48,49
582,319,41,44,46
588,427,46,44,45
898,115,51,46,52
33,43,93,82,101
1010,413,50,46,53
479,385,41,42,46
332,325,41,43,42
494,35,85,64,50
79,168,204,191,212
414,311,42,45,46
39,326,36,39,39
36,492,66,62,55
89,209,173,193,206
531,37,44,42,44
707,87,45,47,48
654,413,43,43,48
28,264,34,31,31
865,274,50,47,57
1154,217,235,234,250
726,423,45,43,51
616,467,156,154,147
191,174,191,186,206
869,420,99,102,102
418,57,37,33,37
349,435,96,90,60
1036,309,51,49,53
829,14,84,84,76
55,496,46,47,51
495,423,40,43,44
10,311,40,38,40
578,110,45,44,49
854,107,47,49,51
613,296,44,44,48
463,126,45,43,44
558,12,97,82,61
743,31,49,49,51
379,469,56,53,52
742,439,43,48,47
572,50,48,44,46
66,346,33,40,41
765,395,44,45,48
1103,250,239,235,255
840,104,48,49,50
1192,186,240,237,252
580,200,229,229,254
674,176,50,54,57
726,213,237,238,255
515,499,111,103,70
46,165,167,30,36
837,71,47,46,52
306,159,38,33,32
130,292,35,36,34
301,167,187,184,202
540,10,84,70,54
910,275,53,52,64
362,51,29,26,23
255,82,42,42,47
327,303,41,45,46
992,330,50,45,51
725,286,45,46,48
792,217,243,239,255
1100,320,241,237,255
1065,7,98,77,64
1030,466,45,47,53
925,491,169,162,112
65,367,43,40,42
286,70,36,30,35
231,15,179,164,189
295,131,31,27,32
1081,322,248,248,255
962,51,85,66,59
862,304,48,46,50
342,30,37,35,33
202,496,43,47,49
556,182,230,228,251
887,214,49,50,52
990,386,45,47,50
924,55,94,94,85
82,210,155,153,179
738,226,236,239,255
866,460,49,50,50
425,340,45,45,48
822,440,48,46,48
567,389,44,42,48
633,113,46,46,48
445,425,19,13,17
311,329,43,42,46
0,256,33,33,35
227,58,192,187,206
257,300,43,42,47
127,387,41,44,45
1005,383,48,48,51
622,251,171,170,223
1164,372,237,233,253
770,412,70,66,96
44,34,228,225,249
306,332,43,43,47
61,239,32,33,36
877,116,50,47,50
37,69,114,104,113
721,289,43,46,48
1046,78,69,63,61
819,177,45,47,49
1073,25,106,98,93
1112,446,234,230,249
938,300,46,45,51
1003,499,47,49,54
87,217,213,217,243
174,149,32,36,44
278,107,34,24,28
607,457,172,177,199
841,249,106,94,83
138,365,40,41,42
1085,160,241,240,254
245,252,194,196,217
886,45,104,98,93
3,452,49,48,52
970,167,47,46,51
1009,226,47,47,51
301,147,26,30,30
556,40,43,42,45
1005,116,46,49,52
386,252,214,213,237
1179,3,237,236,255
822,437,45,46,52
477,262,150,145,145
895,182,47,49,51
715,196,240,235,255
397,471,52,53,53
431,128,41,42,44
519,152,48,46,46
620,247,237,237,255
679,236,238,237,255
257,403,42,43,46
808,424,46,47,51
1171,466,237,230,247
172,143,38,37,46
711,213,239,238,255
917,248,52,54,66
384,44,32,26,29
327,163,39,35,39
126,258,214,211,236
702,445,47,45,50
117,290,39,32,38
156,472,84,83,96
194,446,52,52,49
34,453,51,50,52
615,487,100,93,77
93,441,46,49,52
521,447,144,140,150
120,10,120,114,120
782,334,44,46,47
1058,133,44,49,54
579,460,139,135,135
1059,292,52,54,57
940,53,124,97,78
596,22,50,47,49
605,402,45,44,45
921,445,65,51,85
727,265,49,50,52
797,385,46,44,51
257,92,34,34,34
27,286,33,32,38
692,354,44,46,49
1039,476,51,48,54
1198,34,240,237,254
576,314,44,44,49
1196,282,239,235,251
421,244,134,135,156
823,310,41,48,51
1088,25,91,91,126
293,38,53,53,57
1075,146,68,62,60
11,210,30,26,31
754,414,46,46,49
588,458,117,107,101
217,6,172,159,182
321,471,116,116,120
860,338,46,48,51
1121,443,230,227,244
685,83,44,47,48
197,17,187,165,185
1197,87,236,235,252
1171,105,236,236,251
1058,398,49,51,54
61,342,41,38,41
1135,28,234,230,244
986,12,118,86,66
810,8,55,55,56
911,445,97,114,150
135,0,115,114,116
553,234,231,229,252
1130,445,226,226,242
587,170,44,45,48
640,224,235,235,255
6,367,47,43,51
126,252,214,211,234
50,1,228,227,248
120,340,41,35,38
104,478,46,47,49
975,428,45,47,52
396,278,50,47,49
785,487,165,160,173
0,275,34,32,31
102,395,41,45,47
1077,335,51,51,54
119,180,156,161,184
282,190,189,186,205
28,262,31,30,33
175,109,153,155,175
334,110,34,26,30
604,343,43,44,48
550,370,41,42,45
868,385,47,46,49
280,42,38,41,43
879,196,45,48,49
183,377,41,44,43
802,262,242,238,255
238,241,190,187,209
677,421,41,41,46
433,166,42,43,45
363,242,140,133,138
1151,383,232,231,248
943,294,45,46,48
33,193,76,71,76
95,409,44,42,46
745,27,49,50,54
738,443,45,46,51
768,443,45,47,50
310,168,143,140,157
1081,434,236,237,254
572,371,44,43,41
601,315,45,45,48
823,10,79,78,71
418,65,34,35,36
116,429,102,102,138
377,15,42,32,30
719,135,43,46,49
181,29,181,162,187
676,444,43,45,47
409,206,190,193,204
553,347,41,41,46
1140,180,229,230,245
560,322,43,42,47
371,63,28,24,27
339,26,42,36,36
10,351,43,43,45
580,185,236,234,255
168,409,46,42,47
363,286,41,42,49
965,276,47,46,52
81,162,93,31,32
386,110,33,36,37
1145,443,230,227,243
840,31,84,80,71
855,40,92,88,85
119,72,152,138,157
992,198,45,48,53
777,110,46,45,50
922,18,99,69,62
33,124,151,23,32
264,90,35,31,34
26,250,35,28,30
733,382,41,46,48
372,450,149,64,64
106,291,35,31,33
1009,30,99,80,62
88,99,152,24,33
291,301,46,43,45
286,404,40,42,47
330,208,157,152,161
20,177,104,99,104
891,76,48,48,49
149,201,197,192,213
140,348,36,40,40
671,484,106,82,58
697,376,44,45,47
558,229,221,224,246
452,354,81,81,85
744,134,45,45,49
570,410,42,42,46
560,454,140,137,150
170,153,36,38,43
1089,277,119,108,78
23,436,48,50,53
216,484,52,49,50
959,252,41,48,48
638,67,42,44,47
673,21,49,50,51
33,61,112,101,114
368,316,44,44,48
1094,39,235,235,255
116,1,112,105,115
140,15,197,191,209
973,368,46,49,49
479,109,41,43,46
190,75,201,190,213
44,280,36,33,32
666,363,48,43,49
852,415,134,134,133
306,368,45,43,45
751,455,47,48,49
963,165,45,49,52
1147,400,233,229,246
1006,412,43,47,50
1163,445,234,232,248
836,418,55,47,64
689,480,115,91,66
375,182,198,200,221
1120,464,228,226,242
912,111,48,47,51
1143,52,234,230,246
255,269,98,97,108
344,430,65,63,52
1015,240,50,49,52
647,366,49,45,48
641,318,47,46,52
423,345,43,42,44
717,343,43,44,49
755,312,42,45,48
128,297,35,33,35
739,196,241,239,255
263,347,44,43,48
821,116,50,47,50
674,73,46,47,47
595,195,235,230,253
502,45,42,44,46
1134,42,230,228,244
305,31,48,49,55
681,169,44,48,48
524,346,43,43,45
1147,289,235,233,247
1148,478,229,226,240
150,257,212,210,233
350,111,27,30,31
209,27,183,172,193
860,336,48,47,52
1016,460,45,48,51
528,113,46,45,47
810,484,155,150,166
509,297,46,44,46
343,266,210,209,234
1000,194,45,49,51
535,369,41,41,44
437,73,39,39,38
385,392,41,44,48
653,425,42,44,46
861,215,54,54,58
736,118,46,46,47
518,31,32,29,31
633,175,234,233,255
1118,200,230,231,250
356,464,60,52,50
346,315,45,44,46
315,36,39,37,42
282,171,187,183,204
349,403,42,43,47
813,189,46,48,47
937,375,46,45,49
1120,94,230,228,245
874,396,44,47,48
963,462,46,47,53
208,492,49,45,51
861,115,47,48,53
643,323,40,46,46
5,448,57,56,56
160,326,40,38,39
43,452,47,49,51
68,346,38,39,43
553,339,43,42,49
65,259,34,29,30
403,421,43,44,44
84,120,156,29,36
494,201,85,76,83
1034,480,48,49,52
749,331,44,46,48
365,46,32,24,25
4,277,33,31,31
296,218,190,187,207
608,491,174,170,178
714,195,240,238,255
3,36,224,225,248
215,275,208,207,229
708,131,50,45,48
653,48,44,45,49
654,312,45,46,47
736,203,243,238,255
563,18,54,50,48
1138,403,231,231,247
1026,94,52,49,54
847,407,49,45,51
980,300,47,46,51
131,129,191,184,202
1004,337,46,49,49
201,141,36,32,40
177,208,130,123,131
1116,420,233,229,249
224,74,106,109,121
244,237,189,190,209
206,31,164,34,49
255,457,79,70,56
1075,245,230,232,208
510,133,49,47,50
172,79,162,150,169
1039,120,49,49,53
623,164,43,45,48
99,176,211,209,231
740,121,43,47,51
276,182,188,184,201
826,258,239,238,255
704,320,43,47,51
104,25,125,118,125
203,113,37,37,45
634,46,44,46,48
221,264,206,203,223
780,472,167,162,171
894,357,47,47,51
900,220,49,50,53
917,25,193,136,82
139,355,38,38,40
541,322,42,43,44
1086,460,221,206,213
589,322,41,40,47
297,13,141,140,164
323,17,37,40,43
640,257,47,46,51
48,91,187,186,207
608,374,42,42,45
484,136,42,43,45
519,209,221,215,238
147,224,195,193,215
408,134,46,42,43
922,157,48,46,52
1049,228,47,50,50
387,120,37,38,38
703,7,50,50,52
100,281,33,30,34
573,143,42,44,45
1095,296,238,234,255
919,29,92,76,64
624,188,237,236,255
1121,389,230,229,246
587,9,94,84,62
140,181,214,215,239
366,230,205,206,227
1124,293,231,225,241
482,472,179,181,196
235,284,154,153,189
419,112,39,39,44
987,486,50,46,52
297,45,44,43,48
860,270,53,51,53
220,106,39,38,43
49,89,191,187,208
595,415,42,43,43
334,344,47,44,47
337,206,191,191,210
833,94,47,46,50
646,245,46,45,48
954,319,47,45,50
525,42,39,36,37
229,157,154,146,160
502,483,124,110,72
291,16,212,214,233
315,167,40,36,39
467,163,43,45,44
160,372,45,41,45
476,76,42,42,45
788,352,43,44,49
835,473,48,51,53
527,381,39,43,43
808,322,46,44,48
79,327,42,36,39
152,312,35,36,40
993,473,47,46,53
293,49,43,42,51
1036,363,45,49,49
60,99,153,26,34
793,350,48,42,48
741,227,241,240,255
713,427,44,45,47
771,107,47,46,52
747,348,47,43,47
319,398,44,42,45
207,81,135,131,157
528,260,228,227,248
633,181,238,238,255
784,306,49,44,50
346,138,40,34,38
198,263,206,203,224
527,151,40,46,48
854,149,45,46,50
748,390,46,45,47
430,326,39,44,46
1156,71,238,234,251
1071,408,48,51,55
264,426,63,63,55
1045,29,107,80,66
1121,175,232,230,247
1166,129,234,236,254
968,54,79,60,56
387,35,39,28,31
438,157,45,42,46
500,458,143,145,157
390,257,216,216,241
507,317,45,43,46
228,213,191,186,207
570,263,232,232,255
874,469,50,47,52
1183,353,239,235,252
663,112,42,45,47
688,185,239,235,255
363,106,32,30,32
135,423,46,47,51
211,326,41,44,46
848,403,43,46,47
76,266,40,36,37
387,147,40,41,41
1072,120,52,51,57
1133,490,227,225,241
960,169,46,48,50
863,410,41,46,51
396,453,198,205,222
894,29,93,85,89
273,194,123,123,140
1192,422,237,236,252
32,161,170,32,36
692,12,55,49,53
750,189,44,49,52
130,93,159,145,165
293,208,189,190,208
1142,186,231,231,250
412,357,44,43,47
971,434,46,47,54
229,206,141,133,150
149,448,50,51,53
713,101,44,45,48
972,78,62,58,56
1027,13,110,84,64
349,1,44,40,43
96,462,77,74,66
667,302,48,46,48
102,386,41,43,46
675,1,49,49,50
871,309,45,46,50
160,307,37,36,40
477,301,55,53,59
717,123,44,46,47
829,31,73,71,66
692,450,44,46,48
234,149,29,24,26
270,224,191,188,204
27,493,67,62,54
265,293,41,42,48
407,189,214,209,232
1168,72,236,235,252
251,426,78,74,54
1166,51,239,237,254
973,481,46,48,50
676,316,43,45,49
3,211,34,29,31
1033,351,48,51,52
928,193,47,48,51
450,431,98,91,83
359,126,32,34,35
975,323,47,46,49
204,259,206,202,226
940,345,45,45,50
1196,287,239,235,253
117,428,96,112,140
533,65,45,43,49
295,199,191,187,207
729,132,46,45,49
1043,252,50,48,53
314,275,41,42,47
483,472,168,170,182
1163,29,238,234,249
705,31,63,55,55
263,157,36,26,29
1080,480,56,54,60
36,384,40,44,47
246,221,187,184,206
812,165,44,48,52
931,166,49,47,53
593,446,117,112,115
424,454,166,161,166
842,289,48,46,47
224,160,133,129,148
1094,254,241,239,255
1062,66,99,85,76
379,173,186,185,196
536,121,43,43,47
1037,67,97,87,67
173,400,46,43,46
363,17,40,31,31
380,412,44,44,47
1037,311,46,50,52
194,202,45,42,46
74,146,162,28,36
514,122,40,45,45
468,178,45,45,48
1018,26,93,72,63
273,453,69,64,53
157,446,47,46,50
50,389,43,43,48
752,435,45,49,51
836,330,46,48,51
269,262,199,198,220
978,37,95,75,58
1164,485,235,234,251
455,23,83,58,44
489,424,45,43,45
710,243,190,188,218
106,358,39,38,44
448,157,44,44,47
188,328,40,40,41
357,120,31,33,36
864,353,44,46,51
1174,174,241,238,255
244,185,186,183,203
1123,197,228,227,242
156,486,45,44,51
478,46,43,39,46
975,75,67,60,57
961,325,46,47,49
174,81,48,33,42
1166,148,237,236,251
785,293,49,47,50
179,314,38,40,41
1132,281,227,224,240
475,416,44,44,49
809,361,46,47,47
932,242,49,48,51
85,404,41,46,48
918,484,51,50,53
974,357,46,46,49
966,303,44,47,50
673,209,240,242,255
478,416,43,42,45
820,119,45,44,50
345,317,47,43,46
1097,371,246,242,255
379,403,41,44,45
262,257,198,196,218
995,139,48,49,52
1058,310,55,51,55
522,499,154,150,150
1005,291,47,48,52
289,188,188,184,204
1097,327,240,238,255
1162,231,236,235,252
1151,160,235,231,248
1124,182,233,229,246
938,411,51,46,51
244,145,28,26,27
854,204,46,49,54
710,215,63,55,68
971,296,46,47,52
23,104,140,19,32
515,11,82,61,54
1147,45,234,228,247
317,2,51,41,50
54,329,32,35,35
1109,208,240,235,253
423,419,44,44,46
567,321,43,45,47
400,375,44,44,46
161,473,49,48,51
120,489,49,47,49
583,46,44,45,48
1052,137,46,50,53
604,477,171,170,179
1144,452,232,228,245
292,345,45,42,47
189,112,172,172,187
719,466,147,141,153
799,437,47,47,52
599,498,170,171,178
688,300,46,43,51
348,498,59,53,52
978,8,117,83,65
1172,37,237,235,254
898,33,89,82,74
689,249,49,49,53
1065,435,51,53,58
824,152,45,47,49
586,388,42,45,44
349,420,39,44,43
376,204,138,132,143
43,373,48,45,47
1074,206,50,52,52
455,79,42,40,43
616,458,166,166,190
788,493,162,158,173
966,193,47,47,53
23,442,45,46,49
543,181,222,224,247
609,442,158,158,157
894,316,45,45,48
935,352,44,47,50
378,188,202,200,222
104,166,37,34,32
831,299,47,47,50
573,185,232,233,255
223,225,190,186,206
232,432,53,53,51
238,478,53,51,49
1135,329,232,228,243
506,396,39,41,45
482,379,44,42,46
1077,181,243,243,251
491,299,46,45,47
996,88,46,48,53
612,153,45,46,49
942,94,49,46,52
540,496,178,168,146
392,447,201,205,227
558,199,101,99,112
930,266,44,47,51
536,229,167,166,200
488,190,26,27,28
359,114,34,32,33
780,44,48,49,52
870,1,96,92,88
423,160,43,42,46
1084,295,62,55,71
369,372,43,41,47
104,233,198,194,219
824,440,45,47,51
241,2,177,162,188
536,137,41,43,47
907,98,45,47,50
345,372,45,42,47
963,271,47,46,49
1066,406,49,50,54
1,462,48,49,51
285,220,192,189,209
856,467,46,48,53
424,128,43,40,42
684,244,50,47,53
198,37,189,166,185
748,114,48,48,49
591,230,239,235,255
669,135,49,46,48
388,334,43,44,46
1197,257,240,238,253
1108,426,236,231,251
991,476,45,49,53
117,100,158,28,37
119,345,32,37,40
920,175,48,46,52
468,131,45,42,46
194,408,44,46,48
1127,55,228,226,240
366,279,49,45,48
136,64,158,141,165
685,346,46,45,47
969,50,87,66,59
450,302,41,48,47
766,198,46,49,53
852,385,47,45,50
1063,441,49,51,53
450,201,230,227,247
398,123,41,38,42
179,414,43,47,45
425,98,42,38,42
928,372,42,43,50
1083,322,251,250,255
638,5,46,50,52
91,275,38,35,39
462,212,63,61,70
846,12,95,90,86
384,39,33,27,29
118,56,162,141,162
556,98,45,44,45
226,41,39,32,36
276,94,34,27,28
992,41,113,85,66
410,22,38,31,32
60,191,38,31,31
253,266,200,200,222
1062,93,62,60,59
597,374,40,42,46
344,31,39,32,30
804,468,56,55,55
663,459,77,65,50
586,473,118,112,98
134,211,202,197,219
1082,301,54,53,58
632,152,53,44,50
500,369,39,41,43
454,487,183,185,204
925,496,176,162,121
608,439,46,47,47
574,110,45,43,47
1057,435,47,49,53
673,163,47,48,51
857,270,51,49,55
159,153,47,51,55
629,180,237,235,255
528,278,48,43,47
270,6,197,189,209
149,430,50,48,50
942,295,45,46,48
64,4,233,228,250
832,222,238,237,255
333,260,209,209,231
222,419,44,44,47
390,122,35,38,39
1181,421,237,236,249
787,214,241,239,255
943,287,48,48,49
316,5,60,55,54
422,238,65,59,64
447,359,46,50,52
1054,456,47,49,52
705,35,55,53,56
546,8,86,75,55
447,375,86,89,94
10,117,150,23,29
309,440,63,62,52
75,396,43,43,48
1153,430,233,231,248
884,314,46,47,50
849,397,48,46,49
186,298,42,40,40
703,396,145,154,167
1142,460,229,227,245
310,80,31,25,28
784,232,107,98,115
750,186,46,48,51
898,297,49,48,49
968,119,44,49,51
1017,467,47,48,50
256,38,114,118,138
504,105,21,18,23
833,233,104,108,142
534,498,138,132,120
1,423,55,51,52
597,78,44,44,46
275,498,100,85,63
813,389,48,47,49
665,499,106,76,53
696,337,46,44,47
995,120,46,46,50
421,27,35,27,29
66,117,151,26,30
1027,262,49,47,52
606,192,236,235,255
55,8,229,226,247
786,212,243,239,255
578,273,52,51,55
580,317,45,43,47
223,217,188,186,205
140,417,45,45,47
311,443,69,67,53
31,67,111,99,110
459,46,41,39,43
670,384,44,43,47
1059,383,49,49,51
640,26,51,50,51
699,208,240,239,255
482,105,45,44,46
958,433,50,49,51
136,166,151,157,175
313,223,197,193,213
804,15,52,51,53
958,453,51,50,57
599,288,45,44,50
84,241,217,216,238
600,124,46,45,47
95,106,157,28,36
365,298,41,42,45
1032,243,46,49,52
998,45,113,87,65
761,198,50,51,54
423,357,47,44,46
1020,106,44,48,50
1199,37,238,238,253
471,383,42,44,47
1114,51,233,231,247
688,92,42,45,52
251,494,76,67,52
87,70,157,129,143
503,104,44,43,50
1043,35,104,86,66
318,158,37,34,36
141,453,49,47,49
758,133,45,47,49
952,9,121,83,66
819,391,47,44,49
1037,260,48,48,53
160,344,40,40,42
724,181,50,50,54
246,220,188,182,206
933,458,48,50,51
393,418,41,43,45
672,96,43,45,46
776,171,50,48,52
949,436,48,44,67
613,342,45,44,47
402,87,36,31,35
962,176,47,47,51
1151,18,236,234,251
567,239,233,231,254
668,320,46,44,49
769,14,49,50,52
993,113,49,48,53
373,394,43,46,48
654,472,78,61,55
483,452,157,160,174
140,25,151,134,157
128,66,155,138,160
516,39,30,33,40
347,419,40,41,46
962,99,49,45,52
1086,139,54,55,60
1083,350,252,247,254
500,343,43,44,47
1090,40,126,122,140
1083,100,77,76,83
211,369,42,43,46
382,12,39,33,30
649,20,48,49,51
1023,48,101,80,61
1164,205,241,235,250
109,105,161,30,37
611,116,42,44,48
758,426,44,45,47
485,433,187,190,212
1196,475,236,235,250
344,5,44,40,42
208,126,35,35,39
985,24,106,80,64
647,74,45,46,49
404,392,40,43,46
903,31,96,90,80
399,61,34,30,30
764,178,43,47,51
258,62,42,43,47
1129,144,231,227,242
844,327,47,47,48
717,91,48,48,49
825,25,76,72,65
949,496,174,157,119
707,399,48,47,51
163,231,80,67,82
323,142,33,31,36
1060,283,56,53,57
427,180,45,45,50
92,478,55,51,52
6,56,26,26,27
659,451,61,57,52
1098,181,247,245,255
272,191,186,183,204
290,269,45,46,50
856,142,47,48,50
115,412,40,46,45
1173,272,241,236,254
711,466,141,125,116
705,117,51,48,52
766,199,49,50,53
910,410,48,46,49
1198,353,242,236,252
445,120,42,42,46
1072,355,158,152,83
800,258,242,239,255
14,329,43,43,43
581,130,41,46,47
453,321,47,48,52
218,59,58,39,63
1103,244,239,236,250
562,169,46,44,49
590,181,222,221,240
181,256,206,203,222
545,436,160,160,173
756,61,43,46,51
312,197,191,187,207
624,352,45,42,49
518,450,129,121,128
184,435,47,48,48
1161,291,240,235,254
1143,114,234,230,248
1056,11,84,71,60
29,228,29,29,29
526,464,142,135,148
367,294,44,43,50
636,221,59,58,66
494,5,87,69,53
1011,305,48,48,51
1016,457,46,46,49
176,409,44,43,49
34,78,115,106,112
194,442,44,46,47
168,424,59,55,54
1026,435,48,45,51
32,146,164,27,39
111,295,37,31,36
9,264,41,31,36
1175,311,236,233,248
481,163,46,44,46
286,13,177,179,200
342,401,44,46,45
298,407,43,43,47
1029,294,47,47,51
968,47,88,65,59
209,443,47,47,52
609,12,51,47,50
212,328,42,43,45
876,130,48,47,49
1109,307,236,234,254
814,359,46,44,47
832,227,241,239,255
1076,281,246,242,255
74,216,230,232,250
443,466,145,117,115
506,215,215,212,231
762,1,50,50,52
631,184,234,235,253
1114,218,234,230,248
89,263,42,37,41
382,261,214,214,238
774,370,47,47,49
430,183,53,51,53
733,30,49,48,54
983,47,89,68,59
737,150,48,46,49
1102,166,247,240,255
943,163,46,45,51
813,84,45,46,49
125,464,47,48,53
1059,426,49,49,52
523,471,152,154,159
8,365,45,43,48
83,385,42,42,43
52,451,50,48,49
696,270,44,47,50
142,204,132,130,137
1010,271,45,46,53
1066,144,51,50,56
1157,359,234,230,250
552,89,43,45,49
647,113,46,45,50
588,233,237,233,255
1107,327,234,234,249
665,308,45,45,50
47,220,31,30,32
938,64,97,91,86
83,396,43,43,47
679,351,42,46,49
318,195,193,191,210
263,241,191,189,211
765,42,49,51,52
1007,33,107,82,60
377,57,26,25,30
1086,198,57,57,61
702,153,49,46,52
687,182,237,237,255
771,111,46,49,51
169,313,40,37,40
440,422,39,40,44
962,23,102,75,61
522,422,42,42,45
423,330,40,44,46
970,484,44,46,50
572,469,120,111,103
976,30,99,72,60
256,131,34,27,29
762,435,45,46,51
316,28,43,42,46
80,464,58,51,49
1194,207,240,236,252
987,388,48,45,49
1028,19,107,83,64
559,278,44,44,47
193,297,42,40,42
943,149,46,48,52
781,338,47,46,49
673,289,47,45,49
675,258,47,44,52
78,383,43,43,48
701,180,52,51,57
608,406,43,44,44
743,124,47,47,51
1111,453,232,230,246
939,230,47,46,49
647,28,50,47,52
920,393,44,45,48
680,124,45,44,47
107,384,46,42,47
1165,470,234,234,249
1026,196,46,49,52
269,427,61,64,52
185,378,39,42,45
916,105,48,47,50
464,267,228,226,248
1134,475,229,226,243
904,72,48,50,51
284,240,190,188,209
559,148,45,45,45
129,378,43,40,45
560,7,93,80,58
110,363,45,40,44
888,24,99,94,90
134,78,160,146,167
397,439,195,203,224
1118,323,233,229,249
132,254,212,211,233
1099,376,245,244,255
396,442,204,210,227
888,335,44,47,49
456,407,54,54,56
897,343,46,46,51
377,397,40,44,46
288,187,184,182,203
122,79,148,132,150
24,19,226,225,248
304,205,188,187,205
147,474,46,45,48
709,43,43,48,49
1018,226,48,47,53
726,385,44,44,48
1060,132,49,49,52
972,152,47,49,50
803,107,45,48,52
421,144,35,42,46
902,53,103,98,93
800,115,49,48,54
1132,472,229,229,243
1168,305,236,235,253
272,109,36,27,27
872,50,99,97,94
885,456,50,49,51
355,333,45,43,48
1092,378,245,246,255
1082,65,246,245,255
224,470,61,60,51
118,204,216,216,240
691,334,44,48,48
826,48,58,55,56
419,266,222,224,246
273,282,45,41,47
1054,178,49,51,54
654,33,47,48,51
29,244,31,28,30
627,331,44,41,45
707,289,45,46,48
262,462,109,98,69
1163,352,237,235,249
106,145,197,184,206
474,171,52,50,52
795,256,242,241,255
179,44,172,158,179
1075,275,53,53,56
382,412,40,44,46
914,154,49,48,50
1028,35,104,80,64
67,434,49,49,51
573,227,235,232,255
413,495,197,196,212
69,340,38,38,44
57,313,33,32,35
618,237,235,234,255
434,221,226,225,247
29,495,70,60,52
1081,74,56,57,61
672,279,44,45,49
294,261,198,200,218
239,358,41,43,47
156,61,141,123,143
874,232,239,236,255
540,419,41,42,46
586,50,42,44,49
1037,4,106,79,64
599,238,237,234,255
850,169,48,46,52
1186,209,243,238,250
1001,356,50,48,53
36,488,69,62,54
998,471,44,46,51
892,458,44,48,49
211,471,48,47,51
91,243,217,216,239
867,271,53,50,55
695,433,46,43,48
367,31,35,27,28
308,63,32,26,27
581,95,43,45,49
1061,461,49,50,53
538,338,41,42,46
1147,306,230,230,245
981,150,49,48,52
597,290,46,44,47
383,479,58,52,52
700,151,45,46,49
130,87,152,137,159
412,187,213,208,233
1093,389,248,245,255
1173,499,237,235,251
892,448,46,45,51
422,347,43,41,44
1099,110,233,234,249
103,63,136,116,138
266,240,191,188,213
815,218,241,241,255
764,455,46,48,48
988,376,50,47,51
5,216,37,28,29
581,354,48,43,47
520,247,222,222,243
379,197,201,200,220
924,281,45,48,50
87,59,195,189,206
1145,442,229,228,245
828,39,71,67,62
37,264,31,27,29
44,149,161,28,35
609,15,52,49,52
997,175,46,48,52
1160,464,237,234,250
701,353,43,44,49
1174,239,237,234,251
460,248,59,56,64
682,356,41,45,48
994,339,47,46,50
99,492,44,48,49
860,225,239,238,255
231,384,42,44,45
996,290,48,49,50
782,432,44,48,52
859,349,46,48,50
364,195,197,195,217
706,188,239,234,255
818,77,48,47,51
368,200,54,51,58
190,142,38,36,40
57,250,35,36,35
826,155,46,48,51
516,51,39,37,39
816,228,243,240,255
684,391,46,45,48
944,77,50,48,53
863,497,110,112,72
500,352,42,43,45
517,227,73,65,88
642,278,47,45,46
1171,32,240,235,254
74,221,196,201,220
164,464,53,51,51
552,476,139,135,138
67,363,40,42,42
33,275,38,30,33
787,495,163,160,177
873,101,46,49,47
401,496,90,76,56
719,179,46,49,51
215,48,200,187,212
36,226,33,32,33
751,151,43,45,51
1000,482,49,50,51
1100,482,237,233,251
125,316,37,34,37
1171,207,239,236,251
1002,306,50,47,53
877,70,46,47,51
903,132,48,47,53
736,136,39,48,47
779,438,46,48,49
312,368,44,44,49
52,322,37,34,36
913,292,46,47,50
229,121,31,27,34
455,232,229,231,253
173,299,37,34,40
693,230,239,238,255
985,261,48,46,49
634,335,44,43,47
1056,209,43,48,55
864,310,46,47,49
494,250,212,213,232
436,143,43,41,45
36,13,221,225,248
55,61,117,106,110
251,407,43,44,48
904,361,48,47,50
148,424,49,46,53
427,159,39,43,45
695,480,123,100,71
238,436,53,53,52
961,242,48,47,51
920,472,48,48,54
513,269,51,52,53
810,426,46,46,51
787,376,47,46,49
1107,400,238,236,254
644,331,43,44,47
801,378,44,44,48
412,22,36,31,29
529,208,223,220,240
864,426,101,100,112
897,246,240,238,255
20,379,43,44,47
1115,198,234,231,247
737,252,242,238,255
229,403,48,43,50
578,316,42,44,48
1070,189,52,52,57
1120,191,231,228,247
862,52,102,87,69
1069,60,84,72,64
124,121,164,40,49
420,415,44,44,46
545,419,43,41,46
339,391,43,43,44
1003,197,45,48,51
989,81,60,58,57
887,90,45,46,50
906,37,89,80,75
1190,283,240,237,253
887,39,108,103,101
530,334,42,43,48
206,291,40,40,43
795,104,45,46,49
134,90,150,138,159
686,393,124,132,155
737,382,46,45,48
747,79,44,45,51
261,112,34,26,29
1026,388,45,48,51
535,481,159,159,172
1167,461,235,230,249
820,125,46,46,52
260,367,42,44,46
1083,73,58,59,61
900,141,45,48,50
109,69,135,119,140
493,437,163,165,184
1190,223,241,236,253
822,80,47,47,51
341,414,46,41,46
825,458,48,47,50
877,377,43,47,49
304,329,46,43,46
321,4,66,58,56
190,8,156,57,81
547,251,230,229,252
7,475,46,49,53
1152,449,233,232,247
884,278,47,48,54
237,75,94,87,108
1183,481,237,234,251
850,135,45,46,51
542,378,45,43,46
1142,485,230,228,244
1162,420,235,233,251
242,78,48,49,57
172,163,40,37,43
870,104,44,47,49
848,410,48,49,50
738,16,50,49,52
679,320,47,46,50
950,478,46,47,50
460,356,33,37,39
148,99,140,132,149
895,52,98,96,92
711,100,44,49,50
436,453,20,21,20
240,162,90,77,90
1046,246,51,48,52
446,371,58,58,60
183,339,40,41,43
462,66,43,40,44
153,49,136,119,137
927,96,47,47,51
181,117,114,106,128
666,245,49,47,52
450,67,43,38,43
198,345,41,43,46
999,159,48,48,50
488,70,42,43,45
421,303,44,46,45
971,0,107,87,86
13,385,44,45,47
557,297,47,45,47
597,301,46,45,48
228,369,39,43,45
460,145,41,42,45
155,136,121,125,144
517,129,44,46,48
490,490,120,109,64
227,403,41,44,46
1097,482,240,235,253
482,31,72,55,46
330,12,100,95,107
1156,298,239,236,249
347,91,28,25,27
1155,378,235,234,250
519,286,45,43,47
202,184,188,184,203
276,405,43,43,46
523,391,44,43,44
1091,498,237,238,255
249,127,31,27,28
335,100,35,27,34
11,422,49,50,53
292,237,156,155,172
213,342,45,43,45
80,99,153,26,32
462,176,44,46,49
769,332,41,46,50
475,122,43,41,46
155,313,34,36,37
12,229,31,31,30
795,176,50,44,49
690,193,240,237,255
486,399,44,44,47
1186,123,242,235,254
272,283,40,42,46
540,48,46,42,47
536,106,46,42,48
621,296,45,44,50
1122,99,229,226,242
139,268,212,211,234
887,413,46,43,48
729,238,238,239,255
416,364,42,41,47
685,188,241,239,255
723,435,43,44,52
284,456,72,73,53
920,322,43,46,48
111,349,41,36,42
507,177,62,57,61
243,458,75,74,54
794,326,46,45,47
1179,212,239,233,254
319,197,193,192,213
598,491,175,176,182
1046,327,49,47,53
328,10,67,64,71
280,383,43,45,47
1110,345,236,233,253
55,413,48,45,50
1107,425,236,233,253
336,89,29,28,29
90,3,34,31,31
560,138,41,45,43
997,363,44,48,49
410,175,46,44,49
418,126,41,41,45
727,220,90,87,122
1161,29,232,233,251
374,403,39,42,44
1048,43,117,107,94
1165,460,231,234,248
1069,436,53,51,55
638,359,43,45,46
241,14,186,174,195
1196,371,239,238,250
1089,335,239,235,252
1096,189,249,245,255
794,118,48,47,50
355,390,44,42,44
412,431,44,47,47
141,482,51,48,50
218,281,210,208,230
1054,232,49,48,52
284,304,41,42,47
0,311,38,39,41
996,433,49,47,51
900,319,47,45,51
729,120,46,47,50
393,41,38,25,30
387,175,42,43,48
465,467,184,186,202
848,466,49,49,52
461,229,233,232,255
799,295,46,48,48
417,434,39,46,47
627,436,46,46,49
668,187,237,236,255
1056,104,60,57,59
806,274,44,51,52
266,450,59,57,53
190,127,46,46,51
884,443,47,48,52
581,198,232,231,255
1049,114,47,50,53
293,456,73,67,49
891,356,49,47,50
793,378,47,47,49
1001,364,48,46,52
758,338,44,47,51
148,276,215,212,234
1043,336,47,49,52
605,480,166,165,167
1007,172,47,47,53
1003,209,47,50,51
522,23,63,46,37
806,34,49,50,52
608,31,47,45,49
1083,181,246,245,254
875,266,235,235,254
962,84,52,46,53
252,41,110,112,130
1013,172,50,49,52
25,295,37,34,35
320,324,42,43,45
532,445,160,157,165
82,412,43,45,49
888,434,47,47,52
33,194,81,76,79
583,135,42,44,46
1088,175,74,71,71
322,369,42,41,47
305,326,43,43,45
411,402,45,43,44
601,376,42,43,44
504,17,75,58,48
770,390,40,45,49
503,153,48,46,48
114,298,36,31,33
413,331,42,44,45
1110,338,237,235,250
928,361,51,46,50
282,37,48,46,51
1186,37,238,236,252
653,185,239,236,255
332,399,38,44,46
124,374,39,41,44
377,458,115,103,100
420,106,39,39,41
213,51,197,187,208
21,4,146,137,161
942,49,82,65,59
758,434,49,45,50
506,234,62,59,74
973,83,49,47,51
482,145,46,42,48
61,247,39,31,32
536,117,43,43,47
676,453,97,76,59
415,201,58,55,56
21,13,226,223,248
415,24,36,28,31
462,381,54,55,60
1007,201,47,47,50
245,256,198,196,217
199,95,113,116,132
126,224,198,193,214
1169,423,238,234,250
592,81,44,43,45
1003,313,47,48,49
220,470,53,52,48
69,296,39,32,36
969,8,109,79,64
735,74,46,46,49
948,291,45,46,52
70,91,152,25,35
1167,474,234,233,249
768,473,161,158,180
969,314,48,45,50
157,241,75,54,69
166,243,75,68,74
781,300,46,46,49
184,373,42,40,49
787,135,48,48,50
870,4,83,79,76
1040,75,90,77,66
982,109,48,48,51
288,181,186,183,206
776,26,50,49,51
994,318,49,45,51
834,237,236,235,255
953,344,46,45,50
530,443,144,141,150
671,337,42,45,47
623,475,184,182,196
714,388,47,44,48
280,468,110,104,74
85,480,72,63,69
211,124,36,35,40
276,139,30,26,28
838,342,46,45,49
1015,344,49,47,51
1036,39,107,82,63
20,263,32,27,30
680,34,49,49,50
582,479,116,104,87
104,10,116,105,116
615,466,141,138,126
396,191,211,208,231
322,421,43,45,48
341,40,52,41,36
3,461,50,51,52
524,40,33,33,32
895,66,88,87,82
533,344,49,43,49
191,308,39,40,42
968,256,50,46,52
365,347,42,41,46
336,123,29,30,31
979,313,49,45,50
359,42,36,29,30
512,254,224,222,246
27,271,31,30,35
363,24,38,27,31
87,434,47,47,49
1122,31,229,227,245
835,278,44,47,50
1185,56,237,238,251
73,14,101,79,89
989,351,44,46,52
352,112,31,30,32
615,63,45,47,46
989,279,47,47,51
668,42,44,45,50
1173,83,238,235,253
281,319,39,43,48
315,121,33,30,32
616,2,51,48,51
670,191,239,238,255
1048,438,50,47,55
648,352,44,45,48
323,62,28,26,27
54,32,114,116,129
658,424,44,45,45
1180,480,238,235,251
197,447,50,48,51
720,153,44,46,49
307,86,36,26,28
239,172,188,178,201
301,385,43,43,43
697,441,45,44,46
517,365,43,42,42
618,220,161,166,207
267,29,127,122,148
733,268,47,48,49
1091,219,221,206,190
283,425,66,60,48
847,243,239,241,252
1163,444,235,231,249
646,305,42,45,46
573,403,43,41,46
209,179,193,185,204
1064,242,49,50,54
304,287,44,44,47
857,418,46,47,52
779,445,47,47,51
1048,63,111,97,85
676,94,48,46,50
501,58,45,42,46
138,176,57,55,64
1147,293,234,231,247
710,61,47,46,49
315,398,43,42,43
523,333,61,60,57
907,447,63,49,52
852,113,48,48,50
844,201,47,48,52
221,97,38,39,45
586,376,44,42,49
35,120,147,22,32
1193,186,241,238,251
1158,103,235,233,252
1017,243,49,47,53
661,211,168,166,219
1031,133,46,48,53
21,149,165,27,36
370,454,129,122,137
894,127,47,47,50
281,49,49,46,54
940,25,92,65,61
576,44,43,45,47
376,419,40,43,46
728,13,50,49,51
1049,440,49,47,53
1008,304,41,45,49
441,332,43,43,47
92,185,214,214,237
275,146,29,29,29
561,274,45,46,49
430,161,41,45,43
611,68,41,43,48
793,440,45,45,49
1170,379,236,237,250
469,382,45,46,47
23,90,115,94,82
125,361,41,39,42
855,410,42,48,50
1052,43,115,104,99
635,308,40,44,44
189,499,46,46,51
487,102,40,43,44
360,365,41,43,47
566,133,43,43,46
629,442,50,50,52
221,419,42,43,46
787,4,48,51,52
1119,224,233,228,246
1148,61,232,229,249
382,38,36,26,28
1110,492,232,230,246
218,119,32,35,41
290,372,41,42,44
874,496,144,137,96
760,104,44,48,50
702,0,51,48,51
793,292,49,49,50
973,62,71,62,57
390,148,39,38,42
571,165,44,44,47
429,458,154,129,107
803,85,47,49,51
775,103,52,47,49
1169,249,240,236,253
714,38,61,56,53
148,434,48,47,49
1075,159,99,93,68
523,445,138,136,142
836,166,47,47,48
11,105,140,21,31
683,354,43,45,48
232,206,116,110,127
1011,135,47,48,53
143,139,137,143,160
1048,340,47,49,50
218,45,199,187,210
332,355,45,44,46
114,326,36,31,38
532,421,42,42,45
487,463,181,183,199
841,140,44,45,51
143,314,32,34,37
475,47,42,40,43
139,273,217,212,234
1142,238,232,228,244
219,55,200,189,212
1128,349,229,226,242
1118,263,229,227,241
607,159,41,45,49
421,285,46,44,47
445,465,133,111,107
345,319,42,41,48
388,431,51,47,49
249,304,40,42,44
489,265,214,212,236
21,414,58,55,50
174,148,36,36,45
221,260,204,201,227
872,202,47,46,51
630,372,39,44,45
861,160,47,49,51
860,105,42,46,51
975,155,48,47,50
1113,39,235,231,253
564,196,229,227,251
55,89,193,190,208
442,70,40,38,42
1141,95,228,231,246
612,29,48,49,49
759,372,44,44,50
529,338,34,41,45
508,433,174,176,191
872,127,44,46,51
186,376,45,44,46
1026,478,49,49,52
408,494,88,84,75
435,457,20,22,22
802,437,51,47,48
343,268,208,207,233
861,128,47,48,49
774,72,49,46,51
523,138,47,43,48
246,111,32,29,32
585,122,41,42,46
709,255,59,54,51
624,414,43,43,45
384,335,45,44,46
932,227,48,47,50
1199,84,237,236,254
531,160,43,43,48
111,19,119,113,122
673,179,218,216,238
80,444,48,46,48
421,173,48,46,47
745,106,49,45,49
93,429,46,49,49
457,191,228,225,249
782,174,47,49,48
260,44,208,208,230
1195,497,237,234,247
529,76,42,43,47
213,314,43,44,45
120,282,99,104,131
366,56,35,24,27
690,339,45,44,49
1030,289,49,49,51
765,470,153,149,160
1194,126,238,236,252
794,63,47,47,49
496,332,42,43,47
668,44,45,47,49
150,174,205,206,232
542,246,230,226,250
67,103,153,23,32
27,380,44,44,48
1164,69,235,235,251
1121,197,231,229,249
910,260,243,238,255
87,30,114,106,117
298,431,94,93,62
858,382,42,46,49
70,336,37,34,41
192,139,35,36,39
652,119,46,47,47
45,73,100,90,94
989,426,46,46,51
311,168,68,62,76
295,153,28,29,30
722,137,44,46,49
867,176,45,46,49
960,4,111,82,63
455,473,181,180,201
519,291,43,45,47
1109,275,232,229,246
876,276,46,50,53
667,242,46,49,53
969,400,45,47,47
1174,359,235,235,251
499,63,45,43,46
94,106,155,29,37
614,329,43,44,46
626,238,57,56,60
95,62,139,116,140
690,286,43,44,47
953,71,99,95,94
732,59,46,46,49
82,243,212,211,235
636,329,45,45,46
984,248,50,47,52
420,47,33,29,33
1038,469,47,49,52
300,8,147,145,170
970,7,109,77,64
1070,332,52,53,56
583,292,44,43,49
508,126,40,39,42
208,18,163,55,87
49,175,172,31,36
786,308,48,45,50
696,448,43,43,48
910,88,47,47,51
161,359,40,42,47
1133,360,230,229,244
528,499,115,107,101
690,333,42,45,48
528,40,44,41,44
196,145,34,34,38
1104,107,232,233,250
926,11,158,108,80
1117,297,230,229,245
1058,157,49,48,55
740,11,49,51,51
650,158,46,45,46
168,388,43,44,46
311,8,45,41,46
874,168,48,45,52
1170,49,237,236,253
268,173,188,181,204
72,265,34,33,33
394,467,90,86,84
557,13,93,80,62
344,82,32,25,29
6,357,39,41,45
446,463,136,119,121
574,461,119,114,107
559,85,45,45,47
453,450,175,177,198
510,473,105,104,81
969,143,48,48,52
888,432,51,49,51
865,253,241,239,255
873,373,45,46,50
163,471,57,52,55
62,49,114,106,116
1108,108,234,231,248
141,16,198,194,216
301,81,34,28,29
922,420,44,45,48
1105,46,236,234,251
168,474,43,47,49
439,436,19,22,24
45,188,110,73,75
829,187,44,48,52
1127,349,229,226,242
627,372,39,45,44
850,314,44,45,48
584,271,172,173,208
157,292,44,36,39
254,15,36,30,35
670,288,45,46,47
792,105,46,47,51
722,410,46,44,47
1082,469,246,244,255
978,56,82,64,58
354,195,169,166,189
105,214,215,214,239
795,15,51,48,53
1053,204,52,50,55
1060,276,238,239,255
549,386,40,43,42
568,402,40,42,46
77,424,52,52,51
506,36,89,65,51
266,92,34,30,33
13,263,35,35,35
465,55,42,41,43
212,391,44,43,48
459,185,45,49,51
138,419,48,48,49
835,197,46,47,50
683,70,47,47,51
1166,305,236,233,249
325,117,32,28,30
267,160,35,34,35
354,89,30,28,31
535,324,45,43,44
1093,270,237,237,255
677,257,41,47,51
790,455,46,49,50
976,25,101,76,60
499,390,42,43,43
297,195,191,189,208
883,244,215,216,197
403,482,86,84,73
390,353,40,43,47
0,173,58,52,63
527,492,105,99,77
380,210,85,79,88
1013,229,46,49,50
1064,257,46,49,52
640,286,44,43,44
1198,189,239,235,253
683,432,41,42,49
82,324,37,35,38
894,352,43,44,48
1094,387,250,247,255
885,290,45,45,52
1123,438,232,227,246
825,495,158,152,142
210,409,44,43,47
849,318,47,46,51
9,205,31,29,34
651,225,240,237,255
287,162,41,41,43
548,324,41,42,44
697,216,238,235,255
476,434,184,187,210
1047,1,187,179,162
885,50,101,99,96
900,133,47,46,53
771,250,240,239,255
1112,487,229,226,245
1170,142,236,235,254
95,317,32,33,36
729,99,44,44,48
832,478,175,168,169
786,478,161,161,173
194,203,43,44,43
454,115,44,43,43
214,360,46,44,47
666,34,50,49,52
229,76,140,137,150
987,101,51,48,51
195,352,42,43,43
95,291,40,35,38
797,451,46,46,52
668,391,47,46,50
957,269,47,47,50
541,59,45,43,46
212,125,36,35,39
358,366,40,45,44
128,462,50,48,51
502,178,100,96,101
849,245,239,240,255
611,237,236,236,255
384,12,39,30,29
283,47,44,46,52
81,226,48,49,55
1045,400,46,48,51
482,50,37,41,43
549,70,43,43,47
63,237,33,33,34
533,99,45,44,47
925,333,48,48,52
1039,372,50,47,50
967,466,46,47,51
1088,462,239,237,255
1124,315,228,227,243
1100,107,233,234,250
410,150,45,41,44
333,301,44,43,47
469,172,48,45,48
937,331,45,47,51
641,74,43,45,48
808,372,46,48,50
234,244,115,106,110
710,497,121,111,91
883,71,48,45,52
127,297,31,33,34
484,351,43,45,46
98,210,221,221,249
511,446,154,153,169
715,7,92,64,57
213,465,48,47,48
46,100,33,29,31
1153,285,234,231,247
237,189,188,185,203
472,372,43,45,46
652,3,50,48,52
57,34,151,149,166
886,243,240,239,255
600,340,44,45,48
181,328,44,41,42
51,487,84,76,69
1168,175,241,237,249
1037,357,43,49,52
555,173,47,46,51
492,264,216,216,238
694,312,43,44,49
737,242,242,238,255
689,498,122,91,66
509,348,44,42,47
292,297,44,43,46
1080,448,55,54,56
1182,123,240,237,253
713,408,44,45,48
592,449,125,113,117
741,83,44,45,48
987,454,163,179,177
345,494,69,63,54
338,405,43,43,47
784,160,44,47,49
955,422,45,46,46
543,146,44,42,49
667,351,44,45,51
1036,74,96,81,67
424,155,39,43,46
62,206,52,48,53
392,397,40,45,46
600,150,46,45,48
789,21,49,49,53
1165,11,237,237,251
306,499,55,47,48
69,317,38,32,34
790,226,235,237,255
1048,217,46,49,53
940,225,46,49,50
544,208,220,220,242
1156,32,236,236,251
422,461,163,161,167
774,81,45,46,49
424,112,40,37,41
337,294,41,43,47
812,203,50,48,51
956,278,47,48,52
1103,4,246,241,255
477,479,113,114,114
959,147,48,47,52
244,367,43,44,48
1084,124,251,249,255
197,320,43,40,46
1088,110,63,61,63
17,300,36,34,39
501,112,56,54,59
791,189,48,48,50
910,176,42,47,50
237,35,36,30,29
1042,425,48,48,54
151,273,211,210,234
256,494,86,73,55
801,438,50,47,51
79,36,115,109,117
705,96,46,45,50
360,107,31,30,31
388,486,78,72,65
206,474,50,47,51
513,321,42,43,48
276,195,187,186,205
29,363,44,44,43
559,120,40,44,45
873,230,239,238,255
875,487,171,158,99
627,33,43,45,48
1072,95,64,62,62
845,146,49,47,51
615,215,95,98,121
43,450,48,50,54
726,447,45,45,51
128,388,42,41,45
958,199,46,46,51
753,464,119,118,83
743,424,46,48,51
143,287,43,36,40
291,108,32,24,25
140,380,40,43,45
328,137,32,30,33
115,382,39,42,45
62,9,231,228,253
505,64,109,109,115
1197,230,237,236,252
727,258,236,238,254
200,15,184,152,170
686,480,114,88,64
125,336,34,32,37
822,428,49,46,49
1116,215,232,231,250
281,315,43,43,45
188,88,32,26,31
1181,343,239,239,253
404,494,79,73,61
504,5,92,70,55
438,434,46,43,51
298,98,32,25,29
968,5,110,81,64
951,431,47,49,53
1097,315,241,240,255
539,282,44,43,49
743,378,43,44,47
638,366,45,43,46
85,206,155,163,182
661,326,41,44,46
407,391,44,42,48
457,187,70,67,72
127,251,215,211,233
3,404,50,45,51
471,41,61,46,46
65,288,35,34,35
716,207,242,239,255
1060,68,82,73,62
780,75,44,47,51
79,266,36,36,36
563,362,40,41,47
31,363,41,45,45
498,32,88,66,51
35,17,225,222,246
293,297,42,43,46
576,333,44,43,46
145,162,53,51,56
717,81,43,46,50
892,394,45,45,50
1017,419,47,47,50
965,260,45,45,48
431,482,23,21,19
1009,465,47,48,51
722,320,46,47,49
577,312,46,47,45
1179,286,237,234,252
41,212,66,58,62
1135,103,230,229,243
523,194,223,220,244
558,468,140,135,146
1096,328,240,238,255
943,485,47,48,52
1013,278,48,48,51
439,282,48,46,50
497,60,43,42,43
346,249,211,210,228
945,43,120,88,62
477,51,44,41,45
544,2,85,72,55
920,384,46,47,49
19,212,32,28,31
965,494,48,47,48
734,481,149,147,159
1124,67,229,228,242
693,467,114,94,65
459,53,42,41,41
239,71,157,155,178
68,382,44,45,47
517,427,44,43,46
164,312,35,37,38
888,210,46,49,56
208,159,38,27,30
251,476,95,91,62
614,108,46,46,50
385,406,43,44,45
222,70,130,132,153
1150,158,234,231,247
53,87,192,190,209
294,337,41,42,47
441,248,116,117,142
691,136,45,45,50
292,494,47,47,50
865,188,45,46,51
1154,437,235,233,246
1194,499,235,234,249
557,341,42,41,42
689,186,236,234,255
82,335,41,36,39
1151,349,234,230,248
329,228,57,50,60
1187,302,241,235,252
611,469,154,151,144
655,169,49,46,52
724,233,241,238,255
304,471,123,117,90
238,51,174,176,196
663,220,62,59,61
406,184,122,119,125
684,184,236,237,255
117,350,39,39,38
742,365,40,44,45
720,229,237,237,255
1143,459,229,227,242
1145,496,227,225,240
1110,364,235,232,249
497,135,43,42,49
1055,270,51,51,56
1109,232,234,231,250
757,360,44,46,47
984,478,45,46,50
1174,100,234,236,253
71,430,56,56,55
880,398,43,47,49
1093,346,247,245,255
746,13,50,49,50
214,392,42,43,47
952,484,51,46,50
1178,239,236,234,253
522,332,45,44,46
220,468,47,47,48
86,187,180,184,195
662,114,44,44,47
267,272,44,42,47
696,336,47,46,49
853,466,49,50,51
1164,421,231,232,250
1011,26,99,78,63
84,234,145,143,170
502,346,38,41,44
472,368,44,45,48
62,154,163,29,36
957,79,45,49,50
137,5,189,187,204
460,162,42,44,49
306,383,44,44,44
419,375,45,45,45
13,16,208,210,236
1061,481,49,51,54
345,334,40,42,46
677,70,46,46,46
678,232,236,237,255
726,396,46,47,53
564,462,141,138,147
993,58,111,89,74
438,251,227,227,248
268,318,43,44,44
293,314,43,44,46
191,183,191,184,205
126,497,47,44,48
83,427,51,50,50
902,328,49,46,49
1174,65,240,237,253
690,379,46,44,46
380,339,43,41,45
367,447,98,96,90
4,121,150,24,34
823,17,79,76,70
911,176,44,46,52
707,184,232,235,254
1071,171,50,52,56
780,164,45,45,49
656,23,51,48,52
325,103,32,26,26
221,369,41,43,49
443,102,43,41,42
996,129,48,47,55
1096,449,241,236,255
556,159,43,42,47
772,256,236,239,255
426,479,120,103,108
1083,468,250,250,255
376,132,37,37,38
219,438,48,48,50
575,370,39,43,45
9,112,146,21,31
593,19,51,48,49
1108,221,237,233,250
391,14,34,28,26
415,404,43,42,47
867,246,182,184,234
78,235,54,55,63
92,375,38,41,43
160,126,129,136,154
691,331,48,45,49
613,449,180,186,208
401,314,47,43,47
766,39,48,48,52
1047,215,49,46,55
174,119,125,123,139
8,10,223,222,247
788,54,47,46,51
536,292,44,46,45
539,185,224,225,249
920,58,78,72,65
813,128,43,47,49
257,131,35,28,28
395,442,202,209,228
96,274,40,34,37
15,119,150,25,32
955,21,110,77,62
234,157,146,139,151
651,74,43,46,49
1198,116,242,236,255
568,154,44,45,47
700,255,44,45,51
583,143,46,45,45
977,76,68,59,59
59,453,48,48,50
738,219,237,238,255
180,337,41,41,43
822,79,47,47,51
690,0,47,49,51
1009,243,46,49,50
651,498,98,75,57
413,220,221,222,243
522,175,52,52,54
426,334,42,45,49
1104,48,234,231,247
1103,29,241,238,255
567,451,140,138,142
573,380,42,43,48
1001,334,46,45,50
852,425,57,49,62
389,49,26,25,27
920,127,46,46,50
460,22,91,68,48
653,232,235,237,255
993,302,47,47,50
244,143,29,28,32
1019,64,108,94,83
209,166,36,30,30
96,455,49,46,52
36,100,35,30,31
238,333,45,43,46
1110,231,233,231,250
534,328,43,44,45
875,411,44,47,52
275,226,188,184,206
1007,154,45,50,50
706,224,194,195,187
725,155,43,47,49
328,420,44,43,46
685,461,108,83,57
1108,0,240,239,253
435,356,43,44,47
442,41,41,37,37
893,122,45,47,50
30,303,36,33,33
287,472,117,109,80
192,144,33,33,42
143,281,213,214,237
609,216,105,86,110
13,62,56,46,60
1184,246,238,234,252
851,53,93,75,61
421,466,164,156,165
873,405,51,46,49
83,138,159,26,34
718,320,43,44,46
655,35,45,47,47
811,151,47,49,50
580,388,41,39,46
1149,394,231,230,246
158,156,46,50,52
1048,423,51,47,53
134,152,153,158,185
1166,375,236,232,250
1028,482,45,49,54
155,84,163,149,170
894,408,45,44,50
420,65,33,35,35
974,315,50,48,48
87,79,152,25,35
104,155,189,183,204
65,376,42,41,46
988,203,46,47,51
3,345,42,42,45
936,432,99,79,106
3,198,23,28,28
70,92,150,24,38
552,452,144,143,149
1133,405,230,230,243
236,408,45,43,48
892,81,47,47,51
127,325,36,32,37
180,255,205,204,223
919,225,49,49,54
713,264,49,46,53
888,398,45,47,51
337,148,34,32,35
601,147,44,45,47
944,295,47,45,50
383,33,35,27,28
1106,292,233,232,248
804,174,44,46,49
420,471,160,145,149
374,16,42,33,32
946,61,102,104,106
430,50,35,35,36
364,257,216,212,236
141,262,214,211,235
454,443,178,180,198
663,453,72,60,53
482,463,179,180,195
350,409,44,44,42
776,488,153,152,162
454,80,42,39,43
360,446,81,67,55
614,495,121,122,112
1028,136,50,50,53
1085,217,254,250,255
746,285,41,45,48
541,206,217,219,229
269,28,142,141,169
431,211,218,219,240
627,369,42,43,47
1025,239,46,49,51
672,173,46,48,55
469,329,53,53,57
963,495,49,51,53
380,300,46,44,47
318,339,45,44,46
708,67,48,47,49
1161,105,238,236,251
755,206,242,240,255
284,249,195,191,212
399,413,41,43,47
726,319,46,45,50
424,145,41,42,47
128,109,162,31,36
251,323,43,44,48
549,315,43,42,47
46,247,30,31,31
1098,483,234,233,252
171,484,43,46,49
1150,355,236,232,249
1166,63,238,235,249
43,20,65,63,64
1122,459,228,224,242
871,425,71,89,132
479,210,83,83,97
150,45,135,120,142
1156,40,240,234,248
21,401,45,44,46
677,458,100,74,55
1187,116,239,237,255
798,93,48,45,49
729,422,45,46,50
217,97,43,46,52
898,30,95,84,80
117,91,185,168,190
185,204,52,49,68
1102,353,245,241,255
984,402,45,48,51
932,195,48,47,51
821,489,161,156,165
1105,342,239,236,255
170,212,192,187,208
1116,200,233,231,249
1083,185,255,250,255
241,418,44,44,46
1194,469,238,235,251
696,391,42,43,48
1136,52,232,228,244
450,51,42,39,42
163,174,199,196,221
532,407,42,41,47
1199,82,241,237,253
711,457,127,110,83
385,494,82,76,57
692,384,46,45,47
58,395,49,44,48
521,318,46,46,47
1060,468,50,49,51
960,464,48,49,51
446,296,44,44,47
1081,277,88,83,95
662,475,93,73,58
823,444,49,48,51
794,322,45,46,49
786,379,45,47,47
698,427,45,46,50
1160,114,236,233,248
204,37,164,33,42
1002,484,47,49,56
895,439,107,95,91
825,142,44,51,48
1183,101,238,236,251
1022,1,105,80,65
573,345,41,43,44
1073,437,58,55,59
79,30,118,106,117
567,327,44,43,47
932,302,48,45,49
76,446,45,44,49
202,100,120,123,138
151,411,41,44,49
1157,49,240,235,250
618,410,43,43,43
856,450,48,47,50
698,178,48,48,52
409,211,196,198,220
1072,449,51,51,55
907,243,244,237,255
1174,49,237,235,253
518,12,65,54,52
65,112,153,24,28
761,424,44,46,49
963,209,45,48,49
312,134,30,28,31
515,418,46,43,46
37,241,30,29,31
499,251,217,217,237
1114,195,233,232,251
672,387,84,78,57
170,246,202,199,220
186,125,48,51,55
557,310,41,41,49
501,164,48,48,51
99,54,33,30,33
245,120,33,28,30
444,444,115,70,67
1118,100,229,226,243
322,273,45,46,49
238,472,90,88,62
107,161,40,34,35
483,438,185,187,206
205,235,70,65,82
39,484,47,47,47
769,150,46,47,46
334,473,143,141,155
1048,439,48,49,53
195,80,197,188,212
286,349,40,42,47
640,486,152,148,156
993,322,45,47,50
622,66,44,44,47
190,58,164,40,49
605,302,44,44,46
104,27,136,129,144
946,488,48,49,53
1150,127,236,234,248
892,268,241,237,255
898,306,50,46,49
382,189,202,200,219
298,7,215,214,235
605,335,42,43,49
525,336,40,43,45
289,170,187,183,206
906,204,48,50,53
312,401,42,43,45
363,15,41,30,29
591,464,123,113,96
224,363,43,43,46
693,191,243,239,255
348,102,34,27,33
635,187,235,235,255
293,204,102,96,113
649,170,50,48,51
1105,121,237,234,254
92,186,159,163,186
908,348,46,46,51
593,289,47,45,47
350,479,75,73,72
803,20,52,50,53
551,27,48,45,48
1073,408,50,51,55
870,59,99,88,61
142,363,43,43,42
1161,112,238,233,247
286,209,187,187,210
366,248,88,80,86
61,114,152,20,32
1138,479,229,225,243
1114,61,234,230,247
313,277,46,44,48
642,488,145,146,155
762,406,84,97,127
1187,427,238,234,254
706,153,49,46,53
53,492,89,81,75
1068,12,103,78,64
299,354,44,42,48
975,151,50,48,52
945,450,90,102,140
448,381,50,51,59
132,181,223,220,246
462,159,42,43,46
231,266,202,201,223
543,11,87,74,60
761,58,46,48,52
855,488,159,147,111
857,291,47,48,50
1120,462,230,229,245
854,304,46,43,48
1134,327,228,227,241
537,325,41,43,46
1192,451,235,233,251
712,10,59,53,52
660,102,44,44,47
377,12,41,33,32
686,251,46,45,51
966,340,43,46,49
687,269,42,46,50
834,292,42,46,49
828,263,55,54,56
212,58,37,30,32
1158,326,234,231,247
899,387,45,46,52
426,2,40,29,32
806,344,46,45,49
1067,352,52,52,55
1141,387,230,230,243
474,434,186,190,208
864,431,45,48,49
767,433,49,44,48
871,380,45,47,49
883,136,47,48,51
708,113,43,46,49
651,231,238,239,255
981,86,48,49,50
378,392,45,44,49
204,464,46,46,49
448,44,38,37,41
1121,27,232,230,246
769,167,46,46,50
3,125,154,24,32
1080,225,238,239,255
819,211,155,148,165
945,144,41,46,51
417,103,36,39,42
1176,181,242,238,253
1049,250,44,49,51
236,211,49,38,44
71,243,39,37,41
370,261,215,215,238
657,112,38,45,48
813,276,48,47,53
1018,283,49,48,48
425,72,37,37,39
1126,111,231,226,244
853,394,44,44,51
1038,112,48,48,51
572,126,45,44,44
1140,300,231,228,244
489,263,214,216,235
247,452,56,57,54
638,40,47,46,48
578,415,43,43,46
408,424,43,44,45
1123,242,228,225,242
684,371,45,46,48
38,347,42,40,42
938,489,52,49,54
902,340,46,46,47
779,152,45,45,49
881,56,102,99,91
920,168,50,48,52
349,383,43,42,47
550,190,229,227,253
48,439,49,50,51
762,85,47,47,49
482,457,172,175,196
410,227,222,221,244
219,406,41,44,47
1110,143,232,233,250
519,294,45,44,48
1030,269,46,49,52
1074,211,92,82,63
415,364,43,41,46
902,304,43,45,50
598,23,49,47,49
472,494,113,102,60
32,151,165,33,40
1151,42,235,232,252
196,425,47,50,51
18,415,54,54,53
57,123,151,21,32
774,447,47,48,50
745,356,44,45,50
975,292,46,46,52
674,203,237,236,255
836,392,46,44,49
106,331,30,36,38
944,410,46,47,49
574,463,121,114,106
333,348,44,43,45
1022,309,49,48,49
1077,395,239,242,255
796,358,45,44,49
1028,496,48,47,53
35,443,53,49,54
1133,196,234,229,242
21,294,40,35,36
290,134,32,28,33
703,19,53,50,54
573,379,40,42,45
192,371,47,43,46
1192,442,237,237,251
750,472,127,128,106
1,261,32,30,32
594,128,48,45,49
508,496,105,94,58
11,79,114,106,113
15,114,145,21,29
148,123,204,194,210
1127,360,234,230,245
558,194,228,225,249
84,193,143,144,162
451,23,74,50,41
193,222,192,191,209
1040,82,64,62,58
338,297,43,43,44
732,112,47,46,47
1177,111,239,235,253
137,377,43,42,43
377,110,34,34,35
899,386,47,44,52
868,382,46,45,50
852,332,47,46,52
877,80,49,46,52
177,340,41,39,40
353,214,54,51,55
891,375,50,47,50
142,477,49,46,51
671,154,51,47,50
872,183,48,48,51
649,59,45,46,47
930,255,48,49,52
278,461,97,93,62
1058,418,50,49,55
242,169,193,186,206
981,46,94,70,59
752,428,48,45,51
132,76,160,142,165
6,94,130,44,57
76,316,32,32,31
175,177,196,191,215
892,224,237,235,255
710,453,46,47,47
592,336,44,40,46
327,298,42,44,45
504,458,156,160,177
1185,201,243,238,252
1055,169,48,49,54
268,158,35,32,35
25,468,47,48,49
184,457,48,45,52
31,346,44,41,44
1162,33,239,236,249
1153,112,237,233,250
901,233,242,237,255
1094,208,244,244,254
913,226,223,225,243
328,306,47,43,46
452,58,36,39,43
796,349,44,47,51
595,325,42,42,45
889,212,48,48,52
366,352,47,43,45
347,172,163,156,166
792,254,240,239,255
262,159,32,28,31
180,158,34,35,38
346,1,47,43,46
23,50,67,64,66
725,49,47,48,52
922,322,48,47,50
72,157,162,29,39
747,247,241,238,255
829,365,48,46,51
1111,114,235,230,248
764,391,40,45,46
194,499,50,48,52
53,291,35,32,33
615,373,40,40,44
398,111,37,38,38
453,3,43,40,38
538,244,67,57,62
482,148,46,44,47
735,361,45,45,44
1033,55,169,154,135
1157,63,238,237,251
27,33,231,229,254
79,463,57,53,50
416,28,31,31,31
253,172,190,186,208
0,445,48,51,49
688,111,46,44,49
392,425,40,45,47
689,341,46,43,47
336,388,44,42,45
762,485,155,149,159
772,412,54,49,59
1030,8,114,84,65
387,223,211,208,231
681,374,42,43,45
94,304,35,33,32
970,417,45,46,52
483,449,168,178,194
617,61,46,47,48
496,304,43,44,44
728,160,45,47,48
356,163,38,36,42
1096,236,238,236,255
958,491,46,48,52
525,64,44,41,46
1176,348,239,236,255
1001,423,51,48,53
321,349,44,42,46
637,409,41,43,46
772,357,43,46,47
558,168,44,45,48
29,200,92,85,88
1013,399,47,46,50
429,83,38,39,42
565,254,232,233,255
808,195,46,47,51
100,418,47,51,51
1067,330,51,48,52
1076,475,58,57,61
768,125,48,47,50
1111,206,237,235,251
538,145,44,44,48
1026,247,49,49,52
51,322,38,36,38
1084,56,241,245,255
540,259,225,226,249
977,491,46,47,51
794,192,48,46,49
27,89,109,89,85
1170,235,237,234,252
623,336,44,44,45
791,95,42,47,49
526,350,43,44,44
872,155,49,47,51
834,267,49,49,53
96,489,48,49,48
1130,367,229,228,245
588,434,43,45,48
872,194,48,48,51
256,169,185,183,202
483,133,42,44,46
1031,137,50,48,52
876,296,43,46,50
172,429,127,127,122
676,66,46,47,48
281,468,110,105,74
442,165,46,43,46
260,249,190,189,210
221,367,40,43,48
651,158,46,45,48
1048,476,48,49,51
1124,90,228,226,242
509,139,50,46,50
189,216,190,187,205
888,237,241,238,255
896,86,48,48,51
506,11,76,57,47
218,356,41,43,46
478,467,174,176,197
594,130,46,43,48
1154,472,232,234,247
322,432,63,63,56
941,22,98,69,61
258,266,64,57,83
63,180,40,25,26
483,0,49,44,41
970,325,46,47,51
502,429,48,47,47
1017,34,91,68,60
1196,79,241,236,251
611,489,179,178,193
978,177,48,49,50
516,147,45,45,47
449,408,24,19,26
354,148,33,36,39
18,284,35,31,35
231,471,97,96,74
335,264,209,210,231
961,128,48,48,50
1156,493,232,231,243
1158,272,236,235,253
508,497,106,95,61
897,453,45,47,51
868,417,47,46,54
639,401,43,45,46
41,400,45,44,48
487,445,170,172,187
99,373,41,41,43
949,369,44,47,50
477,152,44,44,48
610,382,44,45,48
155,354,41,41,44
188,89,38,27,31
986,355,50,46,52
677,364,40,44,47
414,213,174,172,179
500,202,69,67,88
419,82,35,38,38
48,242,33,30,31
573,223,236,234,255
369,130,37,33,39
703,372,42,46,44
743,47,48,47,50
827,350,44,45,48
1196,247,237,236,255
289,389,43,41,46
137,38,137,119,132
1128,49,230,226,244
1041,265,49,48,52
612,6,51,49,50
810,227,240,240,255
502,208,122,118,113
342,58,33,24,26
118,369,43,39,45
328,106,30,24,29
1051,413,45,49,52
874,97,49,46,51
134,50,141,122,141
631,296,41,43,44
1061,359,51,50,55
669,16,49,48,53
1192,224,240,237,253
720,318,46,47,45
1002,442,44,46,49
496,77,44,43,46
1093,10,237,236,247
581,463,142,135,138
265,55,43,47,56
805,14,53,52,54
0,197,29,27,29
1056,49,112,108,108
166,202,188,182,205
1,12,224,224,239
172,254,202,202,224
394,1,42,30,30
189,268,206,204,229
256,11,34,26,27
896,256,242,237,255
191,475,43,47,52
927,98,46,49,52
567,229,232,232,254
974,216,48,48,52
503,254,219,218,239
407,245,218,218,237
1014,416,49,47,52
224,461,68,71,54
1184,243,239,236,253
594,288,40,45,45
156,298,38,38,39
654,341,40,44,47
677,254,44,44,46
52,61,115,105,115
519,455,149,147,153
872,230,239,238,255
1130,120,229,227,244
570,95,44,44,47
383,384,40,42,47
345,286,47,45,49
277,476,103,100,83
316,40,36,33,37
897,386,46,49,49
842,19,89,87,81
880,160,45,47,52
130,454,50,49,50
880,213,52,50,56
348,10,45,40,38
486,221,189,185,200
885,379,49,47,50
1101,291,239,234,254
368,284,46,45,47
264,9,38,30,37
1050,368,48,50,51
59,24,103,121,114
565,23,47,47,49
445,270,233,234,255
165,163,43,39,43
493,113,46,42,46
1008,140,50,49,53
315,442,71,66,54
693,251,44,47,50
666,132,44,45,48
1068,313,52,53,55
934,181,46,47,52
1160,261,237,235,250
35,18,225,227,244
2,293,37,35,39
1063,204,48,52,54
672,373,46,45,46
583,293,45,45,47
1010,252,44,48,53
430,238,226,225,250
726,285,46,47,48
705,122,45,45,50
563,379,45,42,47
817,258,242,242,255
389,422,44,43,48
215,273,205,204,227
342,109,30,28,30
725,180,48,46,50
301,434,56,55,50
1110,246,238,234,250
481,114,42,42,46
802,308,50,44,52
229,438,51,52,50
834,173,46,46,52
729,51,46,47,49
991,31,117,89,66
112,41,195,195,214
790,413,63,56,72
1123,127,228,226,244
210,249,197,195,215
363,129,31,31,36
704,35,54,53,53
274,302,43,45,46
1084,240,55,55,59
375,362,43,44,47
362,326,43,44,47
46,457,50,47,51
169,63,142,130,148
980,229,45,48,51
1118,484,230,228,243
65,201,78,76,89
781,5,52,51,52
977,215,46,47,51
1191,498,236,235,250
670,263,50,47,49
381,481,87,81,77
733,5,49,49,52
844,270,46,49,52
1092,137,224,228,233
889,452,53,49,51
1084,50,58,58,63
47,408,49,45,50
463,372,58,57,59
940,228,48,46,51
794,102,43,48,51
739,362,43,46,48
1082,425,250,249,255
321,332,39,45,46
515,233,132,134,169
901,376,45,47,49
900,219,47,50,52
362,47,30,25,27
107,18,116,110,120
839,457,48,47,51
1038,286,54,54,54
1067,416,53,50,55
1096,58,240,240,247
29,470,49,45,49
479,191,186,186,200
736,282,44,47,48
664,396,47,41,55
1166,405,235,234,250
728,179,47,46,50
1039,78,76,69,60
1123,9,231,227,244
596,213,67,55,62
357,449,63,62,52
97,127,158,26,33
169,494,44,47,47
522,435,156,155,176
659,17,46,49,51
296,416,45,44,44
604,172,46,46,49
678,324,45,45,48
53,486,81,76,70
699,366,46,45,49
1180,114,241,237,252
700,495,137,111,75
242,286,48,49,53
803,379,45,43,47
684,86,47,47,49
227,188,188,183,203
307,17,41,42,48
270,229,189,188,208
662,110,43,46,49
87,279,37,32,34
208,476,48,46,49
1065,458,52,51,55
613,446,183,192,219
1110,136,236,232,251
287,409,45,43,46
172,170,189,183,202
1197,115,237,237,253
427,195,224,222,242
568,155,44,45,46
520,79,46,45,45
716,55,52,49,51
839,222,238,238,255
963,362,43,45,48
1015,230,49,48,55
605,449,178,184,199
519,65,41,39,43
762,343,45,47,49
211,195,185,183,202
827,97,46,47,50
390,376,42,43,47
812,390,42,46,47
1195,197,240,236,253
942,459,47,48,50
620,54,42,46,47
567,111,46,42,43
306,145,30,29,30
963,106,47,49,51
177,496,47,46,48
100,377,40,42,45
422,336,43,42,43
595,60,47,45,48
13,139,162,28,36
808,6,55,52,55
205,163,36,30,35
479,219,79,80,85
661,188,236,236,255
794,411,152,129,179
513,40,66,57,56
1109,146,237,234,253
351,226,154,155,181
229,270,206,201,225
1140,313,230,230,242
287,394,44,44,44
651,20,50,50,49
1178,4,240,237,255
850,299,47,47,52
984,159,50,45,51
400,284,44,42,48
642,21,50,49,51
174,482,47,49,49
930,435,64,51,62
789,162,47,47,51
854,387,45,49,48
227,387,42,43,48
373,241,211,211,233
185,51,163,50,75
582,225,233,234,255
1146,128,232,232,246
181,54,169,159,180
633,230,237,237,255
852,254,238,238,254
679,24,46,48,50
596,65,46,43,47
81,160,161,35,40
49,316,35,33,36
588,116,46,44,49
616,113,44,44,49
14,406,43,47,47
1194,406,235,235,250
1121,451,231,229,245
1157,78,236,232,249
727,445,49,46,50
292,344,48,43,50
286,202,189,187,202
1003,389,48,49,52
383,141,40,39,43
190,177,191,185,205
369,22,41,26,30
14,204,33,29,31
310,232,196,194,215
179,225,196,192,213
181,156,36,37,39
297,57,40,37,40
656,368,41,43,48
258,38,149,149,173
229,65,129,132,152
1095,127,240,240,255
895,160,47,50,52
1133,37,230,228,243
1183,83,241,236,255
659,210,235,235,254
559,75,44,45,47
766,220,73,63,62
675,338,45,45,47
627,64,43,45,48
1197,377,240,236,253
479,52,45,42,46
832,18,88,81,80
782,120,46,47,51
1155,66,238,234,250
726,112,45,47,48
459,142,42,44,47
446,227,230,227,250
1167,469,236,232,249
360,291,39,40,45
1054,373,46,48,53
552,157,45,43,48
887,242,240,237,255
837,241,64,51,61
63,482,56,54,52
374,466,66,59,55
888,485,168,156,100
684,104,47,47,50
376,388,44,43,46
46,417,58,54,54
630,52,52,51,55
224,290,41,42,44
293,207,165,163,181
1108,376,238,235,254
995,413,49,46,53
968,292,46,46,51
676,90,48,48,49
1184,231,238,236,251
1006,260,47,50,53
784,185,45,46,50
342,191,192,193,214
696,204,242,238,255
678,332,46,46,47
875,291,47,50,48
464,340,39,38,44
138,45,128,113,134
202,282,208,208,231
265,145,33,26,30
406,332,43,45,50
64,292,36,33,38
615,388,47,42,48
989,347,49,49,51
1118,77,228,226,245
997,44,110,87,65
870,85,45,47,50
760,166,45,45,51
122,480,47,48,49
1046,370,49,49,56
102,298,36,33,37
230,320,43,42,46
966,321,47,47,50
778,413,58,87,107
47,91,187,185,206
642,95,46,45,48
855,15,96,91,86
471,412,44,42,46
335,254,207,207,228
511,250,222,218,240
1006,126,47,47,51
515,14,83,63,49
50,229,37,32,35
426,446,155,150,154
467,286,48,45,52
160,0,36,32,34
454,315,45,48,52
733,182,49,51,53
60,230,39,36,37
580,479,137,124,111
955,11,112,79,63
528,168,45,45,49
1055,261,51,51,53
1004,201,47,47,51
339,259,209,209,233
1007,411,51,46,51
1061,95,53,52,55
899,198,47,46,50
208,171,189,183,201
225,295,38,41,47
180,434,49,49,50
80,273,38,35,35
560,296,45,45,48
119,223,56,51,60
334,278,44,43,46
1072,326,91,79,62
323,93,27,23,27
1161,61,238,235,252
933,366,44,45,50
11,369,42,43,48
246,49,138,133,160
892,225,240,239,255
43,365,43,43,44
792,457,46,47,49
56,430,86,74,58
705,267,46,48,49
806,304,46,49,50
260,228,189,188,206
1011,315,49,47,51
164,359,41,41,43
656,29,51,47,51
657,238,54,54,59
1032,324,48,48,51
972,246,45,48,51
820,124,45,47,51
85,448,46,50,50
107,353,39,36,42
733,372,45,46,47
1138,311,230,228,244
806,284,47,47,50
91,18,115,106,114
199,303,45,40,44
461,101,43,42,44
174,318,38,38,42
92,95,156,29,38
624,337,48,44,51
542,271,50,48,50
258,389,46,44,45
879,222,238,235,255
942,240,44,47,51
72,389,41,44,45
209,340,37,43,44
60,498,42,46,49
994,95,47,46,54
1178,339,235,235,251
680,438,44,45,48
981,219,43,48,50
934,370,46,48,51
29,122,151,25,34
754,403,65,51,47
1147,434,231,227,244
353,377,44,44,48
269,355,46,44,44
1089,187,238,243,255
892,38,112,108,108
469,165,43,45,48
404,242,219,218,240
761,426,44,46,49
1051,122,51,49,52
830,227,241,238,255
1058,171,49,52,52
489,430,82,80,62
828,145,49,48,50
308,109,31,26,27
731,418,42,44,47
861,106,45,46,50
27,29,229,226,248
347,203,185,181,195
573,343,47,43,45
517,3,105,85,64
155,270,209,207,233
618,325,43,46,45
993,153,45,49,52
202,225,193,190,209
725,132,46,46,48
1055,110,49,50,53
924,49,99,92,87
906,374,41,45,48
298,192,186,183,202
784,280,136,139,171
239,424,85,83,57
332,478,141,139,152
548,278,46,47,48
825,209,48,50,56
27,184,92,84,98
355,444,86,79,55
880,243,62,58,75
757,91,46,47,50
316,44,34,28,35
138,71,157,146,169
531,391,43,44,43
1197,404,238,233,253
1123,338,232,229,244
947,159,46,45,52
837,37,78,73,67
367,409,40,43,46
1062,435,53,51,54
296,85,36,28,32
232,454,75,70,52
976,223,50,48,50
412,406,44,42,48
233,377,42,43,47
713,133,45,47,49
459,97,41,43,45
985,73,79,66,62
946,88,48,46,52
1074,225,82,75,67
1129,116,231,227,242
57,391,43,44,47
317,96,32,26,27
43,401,46,49,45
326,181,194,188,209
969,7,110,79,63
144,453,47,48,50
570,384,42,41,43
237,27,193,182,202
251,351,47,42,47
159,215,196,191,209
752,456,47,49,51
814,34,51,50,53
1170,61,239,236,252
709,22,59,54,56
839,124,46,47,52
498,107,43,42,46
945,117,48,48,48
611,210,235,233,254
940,199,49,46,52
469,371,46,47,51
289,278,44,41,50
1088,42,66,63,68
287,149,31,28,34
862,401,47,45,52
65,473,55,49,51
434,256,227,228,250
808,151,47,48,52
623,372,43,41,45
297,46,44,43,46
1190,235,238,238,251
492,258,217,217,234
990,297,45,48,49
952,334,45,43,49
1192,250,237,235,254
599,415,42,42,43
577,442,144,142,150
490,176,26,22,26
877,456,46,46,48
529,127,42,44,46
789,78,48,47,49
924,166,46,47,53
101,192,254,250,255
338,13,41,37,40
721,138,45,48,49
686,124,47,45,49
494,66,44,43,46
439,460,31,21,21
298,265,202,202,227
107,68,134,115,136
80,262,43,35,54
963,37,95,71,61
788,65,45,46,52
402,341,43,44,46
331,244,186,186,208
743,260,239,236,255
110,166,111,127,132
1175,281,239,235,251
593,9,124,107,95
762,2,49,49,53
1142,299,235,232,246
162,211,71,53,66
1033,286,51,47,54
1181,383,234,236,253
401,481,59,59,52
1003,257,44,47,51
590,453,132,122,122
532,277,49,45,49
251,275,206,204,226
952,474,48,48,53
955,337,47,44,51
1073,419,242,244,255
127,288,37,35,41
305,160,39,33,37
26,104,101,56,69
271,354,44,44,47
57,477,45,46,50
913,478,48,49,49
345,114,31,30,32
626,441,45,46,48
274,328,43,41,45
952,441,50,47,52
623,135,43,44,45
95,465,92,84,85
437,230,232,229,252
196,383,43,44,48
222,411,44,45,47
76,440,43,46,49
887,189,44,47,52
648,12,50,50,53
1061,178,50,48,54
937,229,47,47,50
290,172,188,184,205
296,330,40,43,46
475,96,39,44,44
965,221,45,46,50
250,14,46,36,42
691,143,44,45,50
926,92,46,48,53
765,339,41,45,47
391,374,42,42,46
848,437,47,46,51
1171,61,239,238,252
175,391,42,42,46
566,411,41,43,45
696,163,45,46,50
459,52,41,40,43
775,157,49,47,51
1000,310,44,47,50
929,173,46,49,52
631,203,231,232,254
216,466,48,45,48
415,260,231,228,249
846,442,49,47,50
880,319,48,48,50
969,386,46,47,51
242,261,196,197,217
333,436,92,91,57
150,140,127,127,142
528,243,61,57,64
660,166,47,47,49
818,354,46,45,51
471,441,181,185,202
30,203,98,99,107
669,348,47,45,50
993,119,49,47,52
299,369,43,44,48
662,43,47,47,48
761,203,233,236,254
1019,494,52,51,52
476,117,44,44,46
505,317,44,43,48
442,237,228,224,249
292,352,42,43,47
809,275,48,48,52
578,450,152,149,157
225,44,185,181,194
210,283,192,191,222
808,94,46,47,53
286,206,56,48,56
1170,188,237,234,251
603,166,46,44,50
829,143,46,49,53
115,339,39,35,37
57,210,47,43,44
75,291,35,31,36
365,356,44,43,47
868,164,44,47,51
984,196,48,47,51
1105,449,237,234,251
483,334,44,46,47
444,58,39,37,40
165,431,51,51,52
1062,84,78,71,63
966,333,48,47,50
883,278,48,50,53
725,232,237,237,255
1040,467,48,48,53
148,22,155,138,160
850,55,73,62,56
118,386,43,41,44
364,382,39,43,45
592,364,43,46,46
235,263,201,197,221
520,171,45,47,49
834,309,48,49,51
31,347,40,40,43
1007,337,46,47,50
1153,136,235,233,252
1012,398,46,48,52
998,333,46,48,52
333,322,41,45,46
390,242,110,105,107
478,395,45,43,48
513,6,85,65,51
719,266,48,48,51
572,267,231,231,255
240,308,42,44,45
785,258,239,239,255
1103,393,244,241,255
273,168,188,183,203
750,146,44,46,50
445,203,225,225,245
1051,242,51,51,55
1166,238,239,236,255
81,230,54,53,62
1080,372,53,56,59
878,56,97,92,88
651,313,45,45,48
130,248,210,208,231
84,242,218,216,239
615,82,43,45,48
534,51,45,43,47
1024,113,45,48,53
675,413,47,43,46
423,181,45,47,51
915,248,137,143,218
1168,159,236,236,252
491,436,169,172,192
609,159,48,44,47
933,425,45,46,51
370,275,45,46,50
657,193,240,236,255
820,253,238,240,255
612,240,233,234,255
942,243,48,45,52
1196,112,242,237,255
564,441,142,138,140
1012,101,46,48,53
1164,309,237,236,254
469,400,41,46,47
295,476,120,113,86
1035,194,47,49,51
355,137,36,33,33
32,30,230,230,251
1028,63,113,101,86
842,451,47,48,49
609,158,47,45,48
1133,384,233,227,242
679,492,110,84,62
39,329,40,36,39
291,256,205,199,223
398,76,32,30,32
80,360,38,40,41
913,417,42,44,50
309,67,32,25,26
787,429,45,48,47
212,315,47,42,46
768,212,243,241,255
571,1,63,57,58
1156,322,233,233,250
537,86,43,46,48
229,156,59,51,62
61,286,33,30,33
910,362,46,47,52
602,405,41,44,45
914,189,44,48,51
134,112,163,35,42
1028,80,92,80,65
890,40,110,108,103
406,83,35,34,36
779,236,232,242,249
1142,371,230,226,242
336,11,35,39,40
80,463,56,52,49
535,387,42,42,41
873,202,49,47,51
618,360,40,43,47
806,181,43,46,48
294,7,212,214,235
1091,186,132,117,137
1186,337,240,236,255
1038,117,48,50,49
5,425,56,50,54
586,450,143,135,136
131,156,223,226,245
755,441,44,46,49
104,294,30,31,35
698,425,45,43,44
1006,258,48,47,51
1099,96,238,237,255
1014,92,48,50,50
855,354,45,47,48
1035,160,47,47,54
638,199,236,235,255
168,139,94,92,112
434,132,40,43,46
678,38,47,46,49
567,46,43,43,47
1181,119,242,238,254
625,406,44,42,46
1109,6,237,236,254
913,229,239,238,255
894,124,51,49,53
376,198,202,201,221
50,180,176,32,41
491,133,43,42,46
194,259,201,201,221
132,13,191,190,211
1081,283,251,248,255
1171,496,236,233,251
885,120,49,47,52
913,92,49,48,54
739,139,46,46,51
1184,328,237,236,252
408,295,44,46,48
564,148,45,43,48
636,420,39,44,46
771,481,154,149,158
326,267,202,203,226
868,420,130,127,122
612,120,46,44,45
423,263,226,225,248
955,294,48,45,50
791,11,55,50,54
1137,218,234,230,246
236,344,43,43,46
1186,64,238,236,253
599,44,43,46,46
910,121,47,48,51
249,465,76,73,52
279,145,32,28,30
1188,362,238,236,254
419,380,46,44,45
1112,350,234,231,249
557,250,231,230,254
1016,386,48,46,52
954,381,47,45,49
26,154,168,30,38
497,79,38,44,46
868,187,46,47,53
880,119,49,46,52
862,393,42,46,49
619,30,44,48,50
8,424,56,53,55
185,110,120,118,132
1100,104,234,231,253
200,6,156,30,36
32,190,98,100,103
1053,144,48,50,53
236,87,44,44,49
744,384,47,45,50
597,128,45,44,47
68,484,75,68,62
144,351,40,39,42
939,306,48,46,50
1195,95,241,238,254
669,387,45,46,48
463,325,21,21,22
670,117,44,44,49
6,427,53,54,51
1099,405,243,241,255
742,172,45,47,51
302,363,42,45,45
342,363,47,42,46
194,455,47,49,49
744,431,46,46,48
7,222,28,28,27
1131,475,224,224,240
252,127,36,27,28
952,357,49,48,52
1147,417,234,229,247
668,29,49,49,53
933,429,48,44,46
556,311,41,43,44
794,362,43,44,48
860,268,53,54,56
632,271,41,46,47
642,393,51,54,76
745,127,40,47,52
1033,492,50,49,53
767,410,82,84,76
589,324,42,43,46
476,148,46,42,47
918,164,45,48,46
962,487,46,47,49
59,249,39,30,32
745,29,47,50,52
980,101,44,49,51
1180,352,239,237,253
468,129,44,42,47
1143,415,230,230,243
165,91,192,186,200
135,357,38,38,41
1133,62,230,227,245
827,154,49,47,52
761,276,45,46,53
338,179,190,191,212
50,488,85,79,70
575,475,113,103,94
770,36,49,50,54
670,397,77,70,68
165,147,42,43,47
530,9,70,49,36
1085,287,252,253,255
1079,3,201,192,161
163,491,44,46,52
755,491,158,152,156
880,492,174,159,106
1083,106,57,55,62
584,434,45,44,49
446,155,44,44,47
245,322,46,45,47
985,343,46,46,49
958,388,46,45,48
890,52,99,99,93
764,429,46,46,51
752,371,43,44,48
379,272,51,47,58
833,282,45,47,52
817,267,44,48,52
289,58,39,37,40
432,366,42,40,47
220,46,203,189,212
1012,359,50,46,48
1024,91,48,50,52
1199,91,239,237,255
460,395,50,51,57
34,266,34,29,31
1143,446,230,227,244
281,312,43,42,46
1133,289,230,229,242
768,424,48,47,49
914,259,173,171,239
810,246,239,240,255
219,337,40,42,43
549,348,42,42,46
703,292,45,47,48
809,398,49,46,48
788,155,47,45,49
705,145,47,48,51
981,168,49,48,52
192,73,201,192,213
443,60,41,36,40
1074,276,88,82,76
383,345,47,45,48
62,497,45,46,49
710,368,44,45,49
1176,466,235,233,250
1198,227,237,237,254
184,107,120,126,141
1137,191,229,228,245
777,396,47,46,51
716,398,108,104,101
161,275,208,209,230
1024,402,47,47,50
572,165,43,45,47
821,235,76,57,60
826,225,241,239,255
658,484,97,74,56
428,378,42,43,47
1175,181,243,236,254
685,159,47,46,46
428,187,221,219,240
85,1,61,60,64
1063,35,112,102,104
316,154,33,34,37
138,9,188,189,210
149,323,35,34,39
254,478,58,54,51
77,251,43,36,45
144,479,48,47,51
435,131,38,45,42
171,140,40,41,47
1022,172,50,49,52
565,425,43,42,46
85,142,160,26,35
967,34,95,73,58
532,309,42,44,47
750,172,45,46,51
53,441,51,48,52
861,320,49,45,52
253,382,44,44,51
1045,297,55,54,57
449,394,21,24,20
188,220,193,189,208
738,63,46,44,50
162,393,43,45,47
906,391,46,45,51
385,359,43,45,46
877,142,42,48,49
434,304,44,44,46
930,285,45,46,48
143,479,45,47,46
213,66,35,27,31
1098,203,241,239,255
546,293,41,44,46
688,136,42,45,48
1069,16,105,79,63
1127,27,231,227,242
530,187,223,223,246
428,286,43,44,49
357,222,205,204,225
1035,473,50,49,52
194,458,46,45,50
604,239,237,234,255
253,3,185,173,195
492,154,71,67,71
741,244,241,240,255
696,143,46,44,50
1069,199,53,50,57
563,130,43,42,47
109,92,158,30,37
627,112,43,45,51
975,233,45,46,50
947,413,46,47,48
328,195,190,191,213
1140,414,228,224,244
836,471,51,49,53
119,241,48,38,55
886,187,50,46,49
911,296,46,48,51
807,451,49,48,52
416,74,40,36,40
761,185,45,49,53
429,43,36,30,36
339,413,41,44,46
116,490,47,47,52
998,282,42,46,52
758,388,41,46,49
398,198,209,207,231
334,423,45,42,47
288,170,189,185,205
75,264,38,34,36
613,0,51,49,54
979,401,42,44,50
1159,456,234,231,246
791,498,154,152,172
650,107,41,47,49
867,311,45,48,49
590,266,234,234,255
540,31,43,43,47
871,316,45,47,50
1104,496,234,231,246
992,225,47,48,50
674,445,44,42,46
3,403,46,46,50
948,154,46,46,49
964,171,48,47,54
248,185,189,185,204
111,435,82,65,66
1126,462,227,226,241
43,117,150,21,32
1149,159,235,231,250
70,228,171,162,184
505,493,121,108,62
1070,383,59,56,57
379,296,41,42,46
473,106,41,42,45
572,12,92,81,57
51,408,45,44,47
146,422,46,45,49
356,269,184,185,217
157,105,63,38,71
507,49,44,42,47
923,300,45,46,49
372,202,60,49,71
660,391,74,74,69
1010,228,49,47,52
615,206,232,232,255
876,234,239,238,255
305,404,46,45,45
784,170,44,47,49
676,121,45,46,46
625,252,48,49,55
677,469,107,80,58
270,492,96,80,56
324,428,57,57,51
766,268,53,52,55
388,98,37,32,36
1174,6,237,238,252
205,91,111,110,128
87,144,159,32,38
415,122,38,41,44
159,95,200,185,207
44,249,35,32,31
52,424,54,55,49
533,406,43,43,46
991,113,47,46,52
494,13,77,56,47
710,79,44,47,48
557,427,43,41,45
889,345,44,45,49
690,216,237,236,255
656,97,46,45,48
312,496,47,44,47
237,117,34,30,33
267,386,43,42,47
28,198,81,78,85
121,282,98,107,133
1124,284,229,227,245
1047,153,45,48,51
521,70,42,41,43
833,235,87,82,74
332,363,43,43,46
768,161,44,47,48
1008,435,48,44,51
332,392,39,44,46
588,111,44,44,47
1137,397,232,229,247
1048,195,50,52,54
1144,324,229,229,242
438,139,44,42,44
171,215,194,189,209
315,485,105,107,116
903,291,42,46,50
819,341,42,47,52
576,372,42,42,46
748,99,45,45,50
999,84,50,52,52
910,267,241,237,255
643,332,45,45,47
609,86,48,44,48
956,272,46,47,51
924,235,48,50,54
318,71,37,28,30
513,162,46,45,50
73,178,203,195,221
203,99,120,121,140
376,67,30,26,30
551,48,42,43,47
899,480,51,50,50
702,38,50,49,53
1015,456,46,47,49
856,132,49,47,51
262,265,167,167,198
387,215,63,55,61
103,127,162,26,37
193,21,182,142,145
1155,122,236,232,250
999,22,122,91,66
430,309,44,45,48
845,379,46,44,48
853,412,44,46,51
54,393,42,44,46
814,99,44,47,51
511,236,217,217,232
475,83,40,40,47
210,487,44,45,50
452,215,205,206,220
518,0,112,92,78
916,274,50,48,55
1196,228,241,236,252
843,223,241,240,255
1034,79,86,76,63
306,435,49,51,47
1169,329,238,237,253
320,22,43,39,41
97,470,53,51,53
831,260,239,240,255
0,118,149,23,31
1168,402,235,233,251
533,167,44,47,50
832,339,46,45,48
1041,21,108,84,64
1056,230,47,50,55
362,283,43,43,48
978,105,50,48,52
103,32,190,185,207
17,170,173,37,41
1065,20,93,75,63
1152,483,232,228,246
543,149,42,42,48
695,34,48,50,54
488,201,75,67,68
769,212,244,241,255
494,417,40,42,43
200,87,119,126,138
1185,290,242,238,253
1150,206,232,231,246
138,454,51,48,49
32,174,174,35,45
775,406,125,124,98
852,304,47,48,53
292,107,31,26,29
350,0,44,41,41
174,353,42,42,45
356,133,32,36,38
850,93,49,47,52
38,399,49,49,52
308,32,44,47,52
515,291,42,45,47
1172,420,232,232,248
338,248,206,204,228
584,94,43,43,47
1176,229,240,237,249
818,162,47,46,49
115,220,199,195,218
1010,78,97,83,67
589,212,231,232,255
880,91,47,49,49
352,475,59,55,53
845,158,46,47,50
974,15,108,81,65
563,494,158,154,149
194,121,37,39,45
706,219,201,192,203
265,309,45,43,49
653,359,46,42,46
1161,370,238,234,252
420,253,223,223,246
248,107,33,30,34
70,165,168,30,40
862,288,48,48,51
854,235,238,241,255
882,180,47,46,48
276,463,89,83,53
468,415,43,45,48
1190,306,239,237,254
606,292,43,45,47
853,352,44,47,50
713,82,46,47,47
380,380,42,45,48
300,396,45,44,45
190,374,46,42,48
1091,486,237,237,255
1031,179,47,49,55
1158,147,239,234,250
972,65,86,75,65
1092,193,248,245,255
1124,219,231,232,244
655,269,44,44,48
1154,466,234,234,249
128,225,196,191,211
805,270,231,232,254
504,409,41,40,44
1132,63,231,228,245
256,195,187,186,205
581,474,116,108,93
331,254,208,205,229
552,198,62,55,76
440,235,230,228,252
625,150,44,43,47
641,158,48,46,50
865,83,47,48,48
638,384,77,91,97
1184,426,238,236,253
793,374,44,46,47
1175,455,236,233,251
879,67,48,49,51
960,409,42,46,47
960,247,43,48,50
988,288,47,43,50
319,18,42,42,45
404,226,217,216,240
380,203,79,64,91
243,466,81,81,59
600,315,40,45,46
605,273,45,44,50
1081,88,250,248,255
1022,422,50,47,52
555,96,46,43,49
284,408,46,43,46
428,392,42,41,47
487,444,168,171,186
945,468,49,45,52
35,389,46,43,49
880,20,102,101,96
30,412,51,46,49
480,328,45,45,48
628,139,48,46,49
361,69,33,25,30
467,279,83,81,89
348,441,76,75,55
930,237,42,49,52
561,226,67,61,61
601,71,44,44,50
289,147,35,28,32
938,498,173,158,80
186,252,200,197,221
844,346,49,49,50
334,117,28,30,31
328,196,193,192,213
322,162,34,35,36
79,319,33,32,35
775,328,44,46,50
1186,223,240,235,252
341,190,193,192,211
996,332,47,48,49
990,496,48,49,52
1114,341,236,233,253
1042,377,49,48,52
927,292,47,45,52
847,309,45,47,50
852,121,48,47,52
770,27,50,48,52
6,209,31,28,28
578,370,41,44,46
574,250,233,234,255
1194,471,233,234,250
1175,304,241,235,253
1097,201,237,240,255
269,440,60,60,52
940,145,46,44,50
91,317,39,32,40
275,248,194,195,215
845,364,44,46,47
1061,144,51,52,54
738,167,48,46,49
303,102,31,25,29
610,290,44,42,47
1022,478,48,48,51
24,495,69,63,54
202,468,46,46,48
621,470,176,176,187
763,245,242,241,255
13,78,118,106,112
412,5,37,30,30
590,195,233,234,255
174,480,49,46,48
6,321,42,38,43
809,267,55,52,58
780,377,43,45,48
1140,428,228,228,243
1088,399,244,243,255
59,148,158,45,68
908,174,46,47,51
19,96,126,99,81
622,136,43,44,49
432,93,41,40,42
652,94,47,46,48
46,467,48,48,52
812,304,46,47,51
493,159,27,27,33
538,280,42,46,48
182,318,39,40,43
425,70,38,36,39
209,221,191,188,205
843,267,53,50,53
773,6,49,49,52
1111,15,234,235,249
914,410,43,44,48
628,36,46,43,49
249,356,40,43,46
29,243,36,27,30
293,373,45,43,45
229,30,114,104,120
791,85,47,48,49
297,457,78,74,52
781,62,44,47,50
643,9,50,49,51
81,9,37,29,38
985,474,46,47,49
57,296,36,32,31
94,76,150,60,89
700,39,48,48,51
413,407,41,44,50
1013,489,48,49,54
967,328,44,48,48
767,441,43,47,50
826,2,91,92,88
385,288,44,45,46
240,345,41,46,45
393,213,210,210,231
163,178,199,195,218
1048,19,93,79,62
658,168,50,47,49
866,192,42,46,49
187,499,46,47,47
89,378,39,41,43
503,385,42,40,45
77,41,120,113,121
17,358,45,43,45
373,282,46,43,48
658,199,239,237,255
497,395,42,42,44
944,405,47,46,49
808,217,244,241,255
702,474,127,108,75
1142,284,226,227,243
627,407,43,44,44
917,187,43,48,52
943,265,46,46,49
197,478,48,46,48
814,333,45,47,49
259,204,47,42,51
872,410,42,49,50
49,269,31,29,30
800,318,48,46,50
291,119,36,29,28
691,112,45,44,47
980,26,100,75,59
801,90,43,46,47
21,124,152,24,33
616,189,235,231,255
857,275,47,47,50
707,363,41,45,47
1004,104,45,47,49
1057,179,50,49,54
910,118,46,50,51
334,14,37,38,37
243,248,191,191,209
466,414,39,43,46
655,170,48,45,52
736,454,49,49,51
323,363,43,39,46
1170,269,236,236,249
726,221,191,188,241
517,64,48,45,51
1025,370,48,47,53
306,292,43,44,46
872,490,154,144,93
1148,135,234,232,249
268,347,43,43,45
214,218,190,186,206
402,380,41,43,46
461,369,54,56,58
580,269,230,230,253
339,444,73,71,52
698,324,46,47,47
155,71,154,141,161
616,384,42,44,48
1151,342,236,234,248
1174,21,242,237,253
375,43,30,22,24
705,442,42,46,46
1068,438,52,51,57
1116,74,230,229,246
477,267,186,183,193
276,135,31,29,30
707,35,57,52,55
906,13,195,138,79
979,429,45,47,48
1054,378,49,50,51
484,446,172,180,200
453,286,46,45,49
671,126,45,45,49
757,481,164,154,136
116,277,217,213,236
1103,134,239,239,255
168,71,138,125,146
1154,282,233,230,246
237,192,185,180,201
475,450,174,180,201
601,430,42,45,47
4,373,46,45,50
1142,320,234,229,245
480,247,68,59,62
357,61,30,23,23
953,386,46,46,51
437,162,43,42,48
659,327,44,43,47
619,482,177,175,184
1069,297,55,55,70
758,271,49,46,53
1180,349,237,238,253
1012,167,49,47,52
264,363,41,44,47
233,44,41,31,32
234,7,178,164,187
525,425,42,41,48
866,104,48,46,53
744,261,238,235,254
483,479,110,109,78
23,486,49,48,50
877,166,45,46,51
519,423,41,43,46
229,47,198,190,209
579,280,46,45,50
830,464,47,47,51
1076,152,187,178,142
121,97,169,81,105
299,350,41,41,45
485,378,43,44,43
1117,125,230,228,244
1067,201,52,50,56
1038,153,49,48,51
162,38,165,148,172
8,184,64,79,62
594,339,42,42,45
745,482,114,111,95
836,204,49,47,54
881,147,47,46,51
628,29,49,50,52
225,103,39,37,40
998,360,43,46,49
384,169,41,40,46
952,437,50,48,52
103,48,30,31,32
1078,60,204,194,157
1112,172,236,232,251
541,72,45,45,46
691,370,42,44,46
91,389,43,41,45
613,473,180,174,183
664,203,66,62,70
169,117,118,118,137
920,449,94,113,172
290,248,197,194,217
1090,21,63,64,65
167,213,193,191,211
1194,108,237,236,253
250,87,45,44,48
390,34,42,32,31
768,257,241,238,255
830,393,46,46,51
516,120,47,45,49
264,322,44,43,45
841,335,45,47,51
860,436,47,45,50
626,23,49,49,51
165,355,42,41,43
945,467,48,45,49
590,318,45,42,46
1033,132,52,49,51
877,338,49,46,51
585,305,48,45,46
1098,188,245,243,255
1042,123,46,50,51
31,419,67,67,58
125,279,213,213,236
450,202,228,228,248
1045,329,45,48,50
131,485,47,46,49
156,367,42,42,45
549,266,232,226,251
1112,296,235,231,249
893,279,48,47,51
405,392,41,41,47
495,374,39,44,41
236,245,190,188,204
174,341,38,43,43
958,332,43,45,51
238,491,73,72,58
153,438,50,50,49
699,182,152,147,161
1097,297,235,237,255
1048,382,47,48,55
232,491,54,54,49
960,46,94,70,58
838,470,47,50,52
192,329,42,43,45
1050,270,53,51,52
596,163,45,45,50
543,319,41,44,46
1120,376,231,230,243
617,480,176,171,181
666,27,46,49,51
1131,333,227,224,240
30,435,54,49,51
189,414,43,44,47
27,375,44,41,47
908,52,85,83,79
1050,87,67,64,60
674,148,48,47,50
78,230,50,52,58
555,492,129,120,107
49,284,34,29,33
775,134,47,46,49
343,483,68,63,60
281,395,43,42,44
1142,236,229,229,245
455,162,42,45,47
717,88,47,46,50
753,354,45,44,49
929,219,49,46,53
1010,405,45,48,50
777,495,155,153,161
846,476,95,83,53
968,232,39,48,52
610,279,41,43,46
545,114,43,45,48
1117,127,229,228,245
811,238,103,96,81
866,251,238,238,255
493,216,207,207,227
226,33,92,80,100
832,175,46,47,49
842,84,49,46,52
440,207,70,69,70
826,336,47,48,50
852,491,167,157,118
510,436,158,163,177
863,424,83,66,53
463,100,44,42,44
46,42,155,150,164
167,387,42,41,46
838,448,46,46,50
477,108,44,42,43
187,174,191,188,208
428,188,218,218,239
659,53,46,46,50
811,25,53,52,50
203,289,44,43,43
605,119,44,45,45
183,95,36,30,34
835,91,48,47,51
950,312,44,44,49
184,458,49,46,49
337,40,66,49,38
39,421,58,56,53
411,43,31,29,27
809,282,47,48,48
298,81,32,26,28
771,427,48,47,52
388,440,195,204,225
762,317,44,41,50
707,334,48,46,45
1096,134,239,238,255
849,234,242,240,255
837,51,77,66,56
673,170,46,47,50
602,270,42,43,51
766,217,150,148,179
1074,25,102,96,92
660,264,43,46,47
1168,299,237,233,250
743,368,44,43,49
1197,457,237,235,247
92,467,82,75,68
678,384,46,45,49
433,220,221,223,244
823,146,48,46,49
706,239,237,236,255
796,399,47,45,48
679,325,46,46,49
536,394,39,39,42
1069,426,60,57,58
728,206,240,236,255
1115,179,234,233,250
295,144,33,31,33
494,291,48,45,50
106,3,114,104,114
571,269,230,233,255
221,250,197,195,217
773,484,158,152,163
1010,259,45,47,50
1136,392,231,229,243
637,293,41,44,46
884,128,46,49,52
992,453,88,84,54
368,356,45,44,48
1147,459,232,229,247
559,397,40,41,47
862,41,103,98,91
129,41,153,137,160
832,30,74,73,67
32,280,37,30,31
177,133,47,46,52
866,48,102,93,85
763,4,51,49,52
12,95,128,97,78
1103,414,242,238,255
1135,440,232,226,242
527,38,38,38,40
68,317,37,33,34
293,283,47,44,46
845,177,51,48,50
78,487,60,50,51
282,207,142,137,143
304,470,124,119,89
90,93,152,23,33
549,352,41,43,46
790,182,48,48,51
1167,273,235,235,249
550,92,41,45,45
930,451,69,54,79
501,298,44,44,49
829,267,47,49,52
998,466,48,50,51
771,474,163,159,174
1112,224,233,231,247
245,296,45,46,45
648,277,44,44,48
936,293,43,45,50
190,104,110,113,128
1115,228,234,232,249
699,52,47,47,50
898,109,49,49,50
370,159,39,39,42
705,355,42,45,45
858,347,47,47,51
144,469,46,46,48
268,174,188,182,201
1061,369,51,50,53
757,51,43,47,50
537,384,43,42,43
932,6,240,237,255
153,216,196,192,214
294,451,72,68,51
354,85,33,24,28
1094,394,247,242,255
396,179,44,46,49
1005,29,111,83,65
527,413,43,40,42
963,42,91,67,60
914,74,51,48,52
617,441,49,48,50
1102,251,234,237,254
999,224,45,46,51
38,439,49,49,50
339,229,199,201,221
704,8,50,51,52
583,71,43,45,45
186,50,164,37,45
177,462,51,48,53
379,392,44,44,49
856,303,44,46,52
86,139,159,29,36
174,237,194,193,214
1126,304,232,227,245
1193,30,240,235,253
513,227,221,222,244
1069,356,54,51,57
836,497,169,161,133
90,251,218,215,239
1121,307,231,226,243
11,312,39,40,41
253,271,201,201,222
218,198,159,155,174
742,128,44,47,46
305,422,43,43,46
736,160,47,45,50
991,44,111,83,66
119,368,43,39,43
312,291,44,42,48
449,483,176,181,199
843,315,46,47,50
940,124,45,48,50
970,69,90,74,63
421,431,45,46,47
693,85,46,46,48
287,6,169,171,190
633,37,48,45,51
241,399,44,43,44
1059,258,49,49,53
17,168,174,36,44
1107,161,239,237,255
370,246,118,106,118
319,63,32,23,28
168,295,37,36,38
656,320,45,43,47
1105,151,241,238,255
765,55,44,45,50
262,469,110,99,73
517,462,159,160,171
1129,467,229,226,243
856,18,93,90,87
1094,133,242,239,255
155,428,47,48,50
404,93,38,35,39
380,122,40,35,38
714,87,47,45,49
938,58,113,110,106
448,443,130,115,119
882,494,178,164,113
825,57,47,51,52
177,486,44,47,48
1051,230,46,49,52
1085,361,244,243,255
804,276,49,45,52
977,132,47,49,53
28,59,127,121,135
1166,347,237,236,253
741,138,49,47,52
1082,177,58,57,63
326,348,40,44,43
719,115,44,47,48
263,343,45,42,45
783,114,48,46,51
381,395,43,44,45
818,447,48,45,51
1171,422,235,234,251
81,225,48,49,58
418,337,43,43,47
898,255,242,239,255
311,406,43,43,48
186,26,166,88,114
1179,33,239,237,253
1122,428,231,230,246
1040,262,44,47,52
280,28,110,110,127
521,203,221,223,243
629,67,45,45,48
1050,52,120,110,109
762,294,45,44,47
273,152,31,30,30
371,9,41,33,32
152,94,149,139,156
421,426,44,42,45
335,418,44,42,45
150,262,210,210,224
633,72,45,45,48
1018,6,105,83,61
1038,187,49,50,53
282,107,30,27,29
201,27,163,62,77
42,150,161,29,38
878,332,45,44,48
245,189,188,186,204
171,205,101,85,108
716,40,73,56,52
1089,276,117,109,82
442,120,46,44,44
846,83,45,47,51
1088,119,247,248,254
597,486,183,181,186
788,279,233,239,255
970,222,52,47,51
133,151,146,147,168
1197,436,234,235,250
852,226,241,240,255
520,223,85,75,105
600,201,232,232,255
598,259,46,47,52
71,479,95,84,84
724,256,241,238,255
916,31,130,121,111
694,424,42,43,46
1122,270,229,227,244
376,68,32,24,28
1055,190,50,49,54
251,177,188,186,207
48,176,172,33,40
1071,128,49,52,58
605,260,47,45,49
354,353,44,43,46
941,236,48,48,51
682,313,46,47,47
965,409,43,47,47
372,10,42,30,31
470,389,45,47,47
426,105,41,40,44
667,314,45,44,45
607,68,46,44,47
1074,203,52,52,55
299,335,44,44,47
194,18,156,46,78
898,203,44,48,48
675,39,44,46,49
494,430,65,61,53
1088,30,254,251,255
390,133,38,40,43
558,115,43,43,46
530,207,223,222,244
778,392,44,48,48
850,323,48,46,47
208,43,167,43,62
473,298,44,46,48
967,384,44,45,49
1169,325,236,235,251
911,237,241,237,255
253,322,39,45,47
257,10,39,29,31
745,15,49,50,52
95,231,202,201,223
837,311,47,46,52
60,479,52,48,49
980,320,48,47,49
1155,263,235,234,248
97,371,41,41,44
637,90,44,45,49
850,194,49,45,51
228,128,36,26,30
521,370,45,41,45
720,465,156,148,161
990,3,128,93,69
1006,267,45,45,52
839,194,49,47,50
741,18,51,49,54
280,459,94,90,59
1097,3,231,227,226
1079,8,170,159,142
318,399,47,42,46
469,106,43,42,44
869,417,47,48,52
256,259,199,196,217
979,435,47,46,52
480,178,50,52,54
284,368,44,44,42
224,270,205,203,225
1124,61,229,228,241
716,458,140,131,118
676,100,45,45,48
930,279,45,47,49
88,410,46,44,50
169,102,203,194,215
690,56,46,45,50
32,494,64,60,54
1010,344,46,47,49
1109,69,232,230,249
163,22,162,144,168
1023,42,99,77,63
665,229,236,234,255
1150,1,235,233,250
541,352,43,42,47
144,363,41,43,46
459,335,18,18,21
938,241,45,47,51
908,130,50,48,53
932,28,85,65,60
492,304,46,43,45
156,96,185,174,198
934,146,47,46,51
1179,424,236,236,251
821,424,45,45,48
1130,375,230,224,241
251,162,61,53,62
181,96,41,30,36
972,472,47,49,51
892,119,51,49,53
1110,459,232,231,246
828,457,47,46,51
747,245,242,241,255
695,414,42,43,45
34,463,57,53,54
366,286,46,43,48
1106,42,237,235,251
667,267,45,47,50
145,47,129,113,132
114,119,160,31,38
1013,491,46,49,52
94,109,156,27,34
143,292,34,35,40
973,354,42,46,49
959,39,91,69,58
447,90,38,41,43
661,308,43,43,48
1174,330,234,235,251
1090,71,97,89,89
587,207,233,229,253
729,10,49,50,53
627,159,45,45,49
67,171,169,38,43
802,124,43,47,47
92,175,209,201,220
997,62,90,73,63
747,491,141,136,117
1098,115,236,237,255
1185,132,239,236,254
235,364,42,44,46
1183,163,242,238,253
291,243,110,108,123
51,139,156,26,35
257,274,45,44,47
289,292,42,42,46
175,158,38,35,41
709,279,47,46,49
268,331,42,44,48
518,340,40,43,45
296,275,43,42,46
527,496,106,101,74
360,145,38,36,38
829,15,87,84,76
1169,339,237,236,251
108,323,33,33,36
380,414,46,42,47
328,393,40,43,45
1060,156,46,51,52
10,155,169,30,36
307,487,86,91,99
913,391,47,47,50
8,217,33,31,30
228,3,171,157,180
557,439,147,143,153
952,451,84,67,78
1045,91,66,60,63
343,131,36,32,34
409,309,43,45,47
897,24,93,87,82
936,335,44,45,48
405,414,41,44,45
716,119,46,45,49
867,278,50,46,53
1070,469,191,179,117
659,30,51,49,52
146,319,38,34,38
1023,462,47,49,53
347,110,27,28,29
517,88,44,42,47
1133,8,231,228,244
793,197,50,49,51
364,341,42,44,46
354,462,59,53,52
1093,155,248,245,243
411,299,43,43,44
860,326,47,48,50
635,23,47,50,50
445,99,40,43,43
732,382,45,45,48
690,409,42,43,47
497,393,39,41,46
18,19,226,224,249
1137,430,229,227,242
194,102,108,111,127
581,232,234,233,255
107,267,43,37,42
1129,30,228,226,246
556,496,130,121,103
1154,378,234,233,247
700,421,46,44,48
557,386,41,44,43
542,304,45,44,47
789,236,66,61,67
803,489,155,150,162
456,163,45,45,47
129,492,47,45,50
13,441,52,52,53
1039,279,237,236,255
0,80,120,110,120
508,130,44,45,48
1000,326,45,47,50
223,92,40,41,48
1059,146,48,51,53
744,113,45,46,50
655,305,42,45,47
14,371,45,45,47
288,428,83,83,58
136,98,160,146,168
1023,181,46,49,53
592,42,43,44,46
201,302,41,41,42
890,256,242,239,255
927,150,46,47,54
221,373,43,46,46
10,56,35,22,37
552,77,42,45,46
317,384,45,44,45
542,297,39,41,43
728,22,49,52,50
919,483,53,51,52
1161,25,238,234,252
1114,443,233,228,249
955,346,45,46,51
648,257,46,46,47
666,396,42,43,48
844,45,110,94,64
813,342,46,46,48
1023,112,50,47,54
620,369,44,42,46
745,347,40,45,48
546,74,44,44,47
822,94,42,46,53
1073,296,51,54,55
738,32,48,50,51
1058,90,61,59,59
1188,264,239,238,253
675,278,46,47,49
590,290,42,43,49
1186,373,239,235,250
114,181,155,152,174
741,60,46,45,50
1109,368,236,233,254
1057,223,48,50,55
364,202,167,168,191
604,357,46,43,45
10,24,226,224,248
658,358,43,45,48
60,499,40,45,46
925,372,45,45,49
182,112,108,110,125
902,399,47,47,49
1003,237,48,46,49
772,69,40,47,52
105,101,154,29,37
107,329,36,34,35
33,264,33,26,30
540,266,228,228,250
363,415,42,43,46
497,430,61,51,48
281,245,142,137,148
821,370,45,46,50
912,371,44,47,47
1132,51,228,228,242
87,458,48,48,48
95,254,219,214,238
174,493,46,44,49
1112,75,232,231,248
37,181,175,35,44
820,410,57,50,52
917,222,47,47,55
228,371,39,42,46
1000,100,49,46,50
955,7,111,79,62
1096,488,237,237,252
662,99,45,46,50
348,495,63,58,52
137,36,136,119,140
1134,175,230,228,244
1145,302,233,230,245
336,267,205,213,234
904,17,131,115,112
137,159,169,171,191
1170,77,237,236,254
365,265,212,214,236
379,124,35,35,40
978,94,49,48,52
790,340,47,44,49
287,281,40,43,46
301,68,33,27,30
1087,333,165,160,100
967,496,54,50,55
12,279,34,29,32
222,67,103,108,123
698,19,51,50,53
310,325,43,40,44
57,278,33,27,28
141,47,129,114,134
436,210,58,58,61
1187,413,238,234,252
150,20,153,136,159
153,192,203,195,218
418,249,227,225,246
599,294,47,41,48
13,421,50,53,50
779,399,47,44,48
996,381,46,46,49
834,156,44,46,51
1033,42,103,79,64
1124,85,227,228,243
85,126,176,117,130
853,30,89,89,82
78,263,46,39,42
667,456,86,69,54
246,32,194,188,209
226,352,40,44,43
329,437,86,82,57
202,430,46,47,49
417,127,45,42,47
549,433,44,45,46
0,328,43,42,44
329,306,44,41,48
405,120,38,42,42
1102,283,237,233,252
249,105,34,32,33
524,417,41,42,45
950,45,130,98,74
646,165,48,47,49
268,183,188,186,206
1073,35,110,99,106
1112,51,231,230,247
1169,256,238,234,251
43,345,44,41,44
820,382,44,46,47
953,461,42,47,52
572,244,233,235,255
198,394,44,44,45
102,127,161,27,35
610,230,237,234,255
371,363,47,42,47
389,476,51,50,48
494,145,68,64,69
414,112,41,38,42
496,374,38,43,43
220,394,42,44,46
226,200,40,38,44
1185,195,236,235,253
1163,30,236,235,248
921,222,45,46,51
67,497,44,48,50
245,240,173,174,188
1079,430,246,246,255
808,367,47,45,48
447,333,46,48,48
500,435,170,175,191
118,170,240,237,255
141,377,46,42,45
326,84,31,26,28
890,363,45,45,49
256,280,44,42,46
1196,191,240,236,254
753,238,238,236,255
319,392,44,44,45
1062,461,51,48,53
498,421,44,44,44
1155,64,237,235,250
713,17,204,139,85
99,137,162,31,38
81,212,139,136,160
781,225,85,76,102
975,84,48,48,52
543,196,229,225,249
30,185,104,98,116
952,495,170,162,134
1081,85,208,210,234
621,120,44,44,47
548,336,40,43,47
608,185,235,229,254
408,177,47,43,49
428,297,43,45,48
652,171,48,49,52
677,26,49,47,50
410,368,46,42,47
1082,236,54,54,60
328,409,43,41,46
1180,173,232,233,251
187,441,48,47,48
580,274,50,47,54
232,239,177,175,192
623,346,40,42,45
477,272,47,42,49
713,140,45,45,48
330,439,74,73,49
911,194,45,47,50
170,287,35,39,43
1028,242,49,47,54
380,88,28,29,29
440,314,46,45,48
1064,260,51,49,55
1128,244,229,227,244
273,11,48,38,56
91,3,35,30,31
586,120,42,46,46
445,289,43,44,50
781,343,48,49,48
1130,180,231,227,244
150,287,42,36,42
508,380,42,42,46
731,78,45,48,46
373,399,45,43,45
390,48,31,26,29
1122,160,231,229,245
1185,141,236,237,252
188,83,41,31,42
1030,40,105,80,62
1108,307,236,232,252
12,376,45,45,47
829,371,47,44,51
689,321,42,44,47
486,457,170,171,190
706,343,44,46,47
512,138,46,44,48
163,23,162,147,170
301,315,42,43,45
794,97,49,47,51
639,371,40,42,45
632,396,43,45,46
201,137,35,34,38
874,54,94,92,86
106,433,63,55,57
1106,266,234,228,248
674,455,97,75,54
438,119,42,41,45
59,138,157,28,36
68,464,48,48,49
798,83,47,48,51
858,8,95,90,87
739,156,44,47,48
1186,267,240,237,253
51,128,154,26,35
469,201,231,229,248
127,499,44,50,49
769,397,45,47,48
1180,475,235,232,246
490,1,52,46,43
1111,489,233,229,247
224,473,65,63,56
338,311,43,42,47
1029,349,49,48,52
659,480,97,73,57
1172,473,232,232,251
19,477,46,46,48
99,420,58,54,53
944,29,81,63,58
619,316,43,44,47
319,252,200,199,220
613,475,175,172,183
167,453,51,50,50
846,116,48,47,51
504,314,41,43,47
794,282,45,47,50
450,105,40,43,45
393,17,31,28,28
46,444,50,50,52
1065,423,52,51,58
254,225,189,185,205
725,492,150,145,156
184,309,42,38,45
879,367,41,46,48
93,462,89,85,77
45,330,37,36,39
675,271,43,48,48
598,5,92,85,81
867,422,50,49,59
558,88,49,45,46
814,137,48,46,51
245,61,130,136,154
1019,23,99,78,63
932,8,237,237,255
521,172,47,46,51
1055,111,48,51,53
655,45,44,48,50
31,154,167,31,41
378,217,201,201,214
418,492,198,196,215
45,155,164,31,36
505,108,18,25,21
1164,278,236,235,250
762,273,50,49,53
668,356,45,44,49
843,334,49,48,50
759,184,50,48,50
1163,36,237,235,251
399,369,44,44,45
879,492,172,157,108
817,254,238,238,255
548,406,41,42,41
29,309,37,37,40
433,380,43,45,45
56,273,34,30,33
638,82,46,46,47
759,382,45,45,49
841,116,47,48,51
80,499,47,47,50
410,14,36,27,28
245,280,206,205,226
971,36,97,72,60
679,290,48,44,49
906,35,93,85,77
1179,25,242,236,251
304,326,42,44,46
561,495,140,130,112
573,109,48,43,50
776,192,48,46,51
552,213,188,181,200
910,407,49,45,50
783,127,49,47,52
876,148,44,46,51
688,173,52,47,50
296,334,45,43,48
1138,288,230,229,243
336,312,40,43,44
209,82,126,126,139
961,485,47,47,50
473,274,25,23,27
453,214,87,86,87
19,381,43,44,47
249,333,46,43,47
284,267,55,47,66
399,225,213,211,235
1035,21,106,84,65
893,437,49,47,48
369,276,45,44,49
615,143,43,45,49
49,495,83,77,67
137,219,198,193,215
434,103,40,41,43
168,332,40,38,42
377,180,197,196,219
160,338,40,41,42
337,280,46,42,47
369,409,47,44,46
1108,205,236,235,255
762,331,46,45,50
1128,93,227,225,242
1155,229,234,233,248
1181,261,239,236,252
265,226,186,182,204
611,332,43,44,47
477,135,40,44,46
885,277,46,48,51
831,402,45,46,48
977,379,49,45,50
994,101,50,47,51
1159,80,235,233,248
979,279,47,47,51
1180,325,238,235,251
797,119,45,47,52
1157,280,238,233,254
839,147,46,46,51
86,299,36,30,32
985,350,47,46,50
617,474,185,181,190
66,242,34,32,36
771,495,154,150,164
904,98,47,46,51
1023,306,47,46,49
552,4,90,76,58
554,207,225,223,248
334,11,45,41,48
549,471,170,170,180
998,406,49,47,50
280,429,73,73,52
508,372,41,42,45
502,10,74,54,45
481,310,46,46,51
405,487,80,78,67
347,66,31,25,30
408,88,37,37,38
111,396,44,42,47
911,335,46,47,49
1193,413,236,233,252
503,12,74,58,44
1046,144,46,49,53
471,183,44,45,48
703,117,51,51,55
67,97,149,22,32
1046,462,47,49,49
229,421,45,46,47
759,6,51,49,51
609,449,182,188,211
512,103,39,38,40
429,274,204,203,234
1003,356,47,48,52
850,338,46,45,49
1185,152,239,238,254
344,24,39,34,33
285,266,137,138,173
72,316,38,34,34
205,369,42,42,44
365,400,40,44,46
835,279,46,48,51
267,445,55,57,53
585,436,41,45,47
327,480,115,112,124
385,386,45,42,46
1027,142,47,47,52
1146,444,235,230,245
1144,325,231,232,245
675,145,41,46,50
269,358,43,43,45
314,235,55,53,57
475,437,184,189,212
988,66,98,81,76
187,90,36,31,32
78,415,60,57,48
843,228,240,240,255
1098,446,232,232,251
16,401,46,45,49
1151,291,232,230,247
1012,312,44,47,50
484,408,42,43,46
571,25,50,49,50
395,375,41,44,46
946,71,97,95,90
591,402,46,43,47
776,407,94,102,129
68,473,55,54,50
1137,185,231,231,247
518,156,47,45,50
650,14,49,49,53
1132,119,230,228,244
122,288,36,35,34
343,153,39,35,37
649,291,42,43,49
1069,274,53,51,57
229,378,45,44,48
625,119,44,44,49
319,171,84,82,87
504,307,42,44,48
980,318,48,46,48
843,204,45,49,53
935,190,48,49,51
174,5,164,132,149
175,53,165,150,173
739,18,51,49,51
1189,470,236,236,252
647,498,94,71,57
697,228,239,236,255
215,396,43,46,47
142,421,51,48,50
255,195,190,185,205
128,243,204,202,224
292,379,41,45,46
212,390,44,41,46
906,396,45,43,47
6,25,227,224,249
388,483,80,69,65
1111,401,235,234,250
682,220,83,68,100
0,407,43,45,47
259,309,45,43,47
17,119,149,22,32
720,388,46,45,49
60,1,222,225,244
691,304,43,45,48
627,321,45,43,47
1033,159,50,49,55
574,182,232,230,252
557,327,42,44,47
1097,218,245,241,255
408,481,83,73,64
570,273,50,48,52
1173,391,237,234,250
209,324,42,42,46
1076,143,52,51,58
76,366,39,41,42
5,53,126,128,156
730,447,46,45,48
1158,331,234,233,249
850,168,41,46,50
114,209,210,211,238
123,314,36,33,36
306,447,76,72,52
102,88,158,32,41
1148,301,233,231,246
704,400,44,45,49
662,461,79,64,53
973,27,91,70,60
1027,411,48,47,52
322,188,196,194,212
360,428,44,44,45
443,321,45,46,47
843,429,48,44,48
1033,74,96,85,71
256,357,38,44,49
1038,495,50,50,54
11,443,53,52,54
549,168,46,46,48
678,95,47,47,48
985,202,47,48,50
137,128,199,190,214
221,228,191,189,208
266,104,35,28,30
203,291,46,41,46
586,493,105,99,79
597,152,44,44,47
264,197,186,182,202
344,286,47,44,49
249,250,194,192,213
499,421,43,42,44
69,334,33,37,35
1055,125,50,50,54
434,224,227,225,247
581,242,233,233,255
776,82,46,47,49
425,304,42,43,45
438,319,42,45,47
480,398,42,43,48
1056,436,47,49,56
1161,162,236,235,252
512,148,43,46,45
298,52,36,38,40
772,273,75,60,55
1080,341,52,55,57
950,322,47,46,49
425,492,86,89,98
1111,321,232,229,248
152,151,141,155,170
238,223,125,117,141
749,265,60,52,67
1018,400,45,47,50
801,49,49,50,51
548,72,43,44,49
256,190,189,185,205
276,303,46,42,47
954,487,45,49,51
605,50,46,43,47
254,111,34,28,30
178,476,46,45,46
720,88,46,46,49
943,99,44,48,52
28,460,52,49,51
337,162,42,34,37
360,147,38,37,42
1087,195,113,110,121
130,253,215,211,234
577,66,42,44,47
502,287,45,43,48
32,166,171,32,41
233,146,28,28,27
513,160,50,46,49
340,371,40,42,46
989,13,119,90,65
694,389,42,45,46
803,142,52,47,50
371,59,33,24,29
490,112,43,43,47
1129,365,230,228,246
1195,272,241,239,255
887,190,45,45,52
333,390,43,42,45
725,181,50,49,54
913,325,45,47,51
151,342,38,37,40
588,483,96,92,73
28,123,152,24,31
1060,261,50,48,53
694,34,52,48,54
70,266,32,30,33
51,140,159,27,36
612,364,44,42,48
1175,285,235,236,253
562,349,42,42,45
794,177,48,44,52
171,80,161,153,169
480,385,43,42,47
814,74,48,47,52
316,178,190,188,207
617,227,235,233,254
1049,8,73,66,61
887,290,45,47,50
1182,430,236,234,250
706,187,236,233,255
140,287,43,38,41
246,301,45,42,48
853,130,48,47,50
366,226,210,207,229
1087,392,255,255,255
556,225,227,231,252
389,242,56,53,57
924,315,46,47,50
499,100,46,42,46
1039,239,50,48,52
990,22,119,89,68
212,57,44,32,33
946,195,43,46,50
795,381,47,44,50
1110,188,236,236,251
250,35,188,184,197
1112,98,233,232,251
579,292,40,45,46
1001,359,48,47,52
981,128,50,48,53
374,65,28,26,30
66,56,114,109,117
1093,466,234,235,252
318,237,197,197,218
465,137,40,43,45
830,469,49,51,52
932,57,99,96,90
996,414,45,48,52
632,397,43,45,46
97,71,144,125,147
505,17,76,57,50
619,194,236,233,255
372,497,61,54,51
993,225,45,48,51
750,490,164,157,161
734,344,44,45,47
704,384,45,45,49
1097,293,241,237,255
685,480,110,85,61
859,226,238,238,255
1066,72,69,64,62
320,143,33,34,33
821,199,47,47,50
375,402,41,42,44
1027,227,47,49,51
208,46,167,37,46
875,287,46,47,49
120,184,211,211,242
251,272,203,201,224
120,427,56,58,67
332,413,43,42,46
731,335,44,44,48
565,421,41,44,49
672,77,45,44,49
1138,252,229,227,243
584,359,44,41,42
60,452,48,48,49
760,75,48,48,51
1084,169,53,56,59
219,206,185,180,199
355,141,40,34,40
728,464,152,144,156
122,156,219,220,245
234,194,187,183,202
537,345,41,42,46
704,303,46,45,48
1062,116,51,49,54
628,436,47,46,47
525,376,43,44,44
775,138,47,45,52
956,71,58,53,61
430,116,40,41,44
271,358,45,43,44
755,67,51,52,56
308,330,44,41,47
679,108,49,45,49
70,157,161,29,38
445,414,17,16,18
298,79,33,26,30
112,355,39,38,40
864,493,103,103,68
880,353,42,48,52
1106,156,240,237,255
1039,295,223,228,255
225,316,42,44,45
1065,155,52,51,55
299,164,185,179,195
545,209,197,199,226
1007,200,49,46,50
157,80,159,148,170
56,471,49,47,49
966,356,44,46,48
1030,406,49,49,50
1121,276,232,231,246
872,159,49,47,51
326,432,59,57,55
469,39,69,54,49
260,128,35,25,30
466,333,43,43,43
89,361,37,39,41
688,284,46,45,48
749,458,48,48,52
203,80,205,198,216
970,53,78,61,57
218,86,132,141,152
157,66,149,136,155
286,55,45,43,46
184,444,72,70,64
1067,51,67,64,64
227,287,47,46,51
836,49,86,73,58
376,371,47,45,46
403,361,44,45,43
535,216,229,225,249
14,400,45,47,48
1038,435,48,46,50
1195,54,240,236,251
376,300,46,43,48
396,496,90,78,56
835,284,48,46,49
941,370,44,44,50
15,109,142,21,27
589,449,138,132,140
258,238,47,46,47
615,358,44,45,43
391,427,45,44,46
1163,289,237,235,253
36,432,54,50,53
1031,251,50,48,53
385,117,38,35,38
558,67,37,43,47
679,472,110,81,58
1060,335,49,51,55
491,115,47,42,48
201,49,170,76,105
462,55,41,37,43
1060,167,51,49,56
966,18,100,72,59
636,431,45,45,47
646,386,41,41,53
660,115,43,46,47
519,31,41,40,38
350,171,59,57,64
737,321,47,45,47
1124,303,226,226,244
400,420,40,44,47
627,489,108,99,87
1133,79,228,228,242
393,49,31,27,26
133,83,151,136,157
725,84,46,45,49
271,214,185,183,202
418,17,42,31,31
999,324,47,44,52
705,303,42,43,48
216,169,44,38,39
598,425,45,45,46
1034,396,47,48,52
303,95,32,28,26
762,248,240,240,255
1039,487,44,48,51
398,443,201,207,226
220,433,45,46,50
1115,285,230,228,247
297,256,201,199,221
668,268,49,45,46
651,45,44,46,49
1173,71,236,237,252
695,334,44,44,48
1175,296,236,233,254
117,136,33,28,27
1138,20,229,229,243
604,0,60,55,59
673,25,50,50,54
160,272,211,208,235
700,64,48,46,50
929,89,48,48,53
78,289,36,28,30
358,177,196,194,212
121,486,48,46,48
1124,416,232,229,246
404,46,30,28,27
434,21,38,31,33
409,285,45,44,48
606,166,42,44,47
466,242,127,120,142
887,373,44,47,49
733,388,49,46,50
650,352,45,43,49
864,457,48,47,50
929,122,48,47,53
509,388,40,43,42
1053,3,207,203,206
645,334,47,46,46
982,275,46,48,50
153,417,43,42,46
70,235,40,39,42
683,366,44,45,44
236,102,36,38,40
317,8,69,58,58
489,151,46,45,48
726,359,47,45,49
644,221,238,237,255
801,175,47,48,50
669,447,46,43,47
261,183,188,182,205
1126,314,223,222,237
1030,225,47,49,54
678,422,42,42,48
896,378,39,48,47
380,105,32,32,35
615,99,42,46,46
784,433,49,44,50
839,100,46,48,49
408,81,38,34,37
552,162,48,43,47
983,158,48,46,50
1105,98,237,232,253
640,175,227,230,249
145,252,209,208,231
545,446,151,147,154
687,98,45,46,50
1044,430,45,48,48
871,263,240,241,255
796,268,237,238,255
434,47,38,34,37
898,91,51,47,52
38,255,39,30,30
818,310,47,46,50
949,382,45,46,51
240,287,48,45,51
689,19,52,49,53
843,349,47,48,50
347,30,39,33,31
752,367,41,44,47
132,228,193,191,211
828,433,45,46,52
454,276,233,236,255
190,354,39,41,45
258,345,42,44,45
513,426,42,43,46
663,313,45,45,47
568,447,133,131,133
880,207,44,48,49
428,245,219,224,245
93,255,218,214,237
289,459,76,72,52
40,229,32,32,33
823,470,49,50,54
619,156,45,45,49
95,312,32,31,34
62,194,38,31,34
512,310,41,42,49
429,347,38,43,45
944,152,49,45,53
658,48,45,47,49
79,226,51,49,57
579,205,214,216,248
715,61,42,47,52
1084,235,57,55,58
583,3,92,79,62
478,183,45,45,50
974,85,49,50,54
309,477,124,118,100
634,186,235,233,255
980,82,47,51,55
350,332,43,44,48
942,487,49,49,52
484,315,45,44,51
885,402,46,45,49
970,125,48,47,50
928,55,94,92,86
442,367,44,45,48
780,310,49,46,48
745,34,49,48,50
214,387,43,43,46
228,11,179,163,188
1100,190,244,241,255
77,43,113,105,114
1086,334,91,78,75
348,485,55,58,54
333,95,30,28,28
209,285,48,44,51
12,332,41,40,42
965,457,171,183,190
341,46,32,23,26
1198,325,241,238,255
774,224,238,238,255
315,395,45,42,44
815,367,45,48,49
1002,445,44,49,50
712,259,95,94,113
49,152,164,30,36
686,211,234,241,255
418,441,113,105,86
986,353,47,48,49
341,457,105,99,82
433,435,71,73,74
229,58,173,171,193
1165,226,236,236,253
376,22,34,26,27
31,488,62,57,55
89,371,42,39,42
855,66,52,47,54
192,349,40,41,47
480,144,44,42,47
813,307,46,48,49
885,112,48,48,49
682,200,236,237,255
708,187,238,234,255
405,63,29,27,33
1081,96,243,243,254
37,261,35,29,26
322,55,30,23,27
721,128,45,44,51
697,482,129,104,75
688,477,114,89,66
957,318,50,48,52
1173,55,237,236,253
59,66,33,29,29
1176,150,240,237,253
874,490,168,152,100
870,67,49,47,52
380,170,44,44,49
22,423,49,48,50
88,274,38,32,40
316,211,139,134,151
662,78,46,46,50
526,178,213,211,227
458,88,40,41,44
730,409,43,45,46
93,464,87,79,79
469,315,44,43,44
417,124,42,40,42
311,300,43,40,44
285,106,31,25,27
47,287,38,33,33
1144,210,234,233,248
820,238,138,117,96
282,57,46,44,48
534,23,76,59,51
982,340,45,48,52
860,296,45,46,50
1195,6,236,236,251
720,79,46,46,47
952,134,46,48,51
1045,47,118,110,97
610,227,232,233,254
318,86,31,25,28
43,48,154,149,166
956,469,44,45,49
1087,464,241,238,255
122,242,79,69,76
1119,63,230,230,246
400,68,30,29,31
869,101,48,47,51
48,416,55,55,53
110,285,39,36,38
265,210,70,65,73
262,158,33,30,31
977,191,46,46,52
894,343,47,47,49
418,31,37,28,31
79,308,30,30,29
560,207,190,194,225
298,474,125,118,93
368,275,47,47,47
1000,136,48,49,51
462,17,113,86,64
448,129,42,43,43
301,289,47,44,46
1017,207,46,49,51
917,358,44,45,51
698,88,44,47,50
942,276,47,47,48
631,64,43,45,48
473,406,45,43,47
1008,317,49,47,50
938,118,46,47,50
638,245,47,46,52
1108,281,233,231,248
27,416,61,54,54
161,216,194,191,213
249,298,47,42,43
1194,402,242,236,253
930,77,45,48,49
724,186,213,212,232
173,87,36,30,34
115,55,155,133,156
226,439,44,48,48
793,209,236,235,254
317,182,191,189,211
825,341,44,46,50
648,218,237,235,255
561,349,43,42,45
219,399,47,44,46
595,107,45,42,48
934,35,105,74,61
486,93,43,43,46
98,147,182,144,161
1088,284,165,170,245
679,116,47,46,48
93,350,33,35,40
522,115,44,45,45
716,216,111,91,109
208,164,36,28,30
502,218,216,213,232
48,130,154,23,35
799,148,48,48,52
24,1,128,144,143
600,152,47,45,50
951,378,45,47,50
1092,178,209,199,157
330,193,188,192,211
423,477,160,125,124
367,490,126,116,121
910,376,42,44,47
308,239,195,194,214
978,320,44,45,49
1093,420,247,246,255
954,282,44,47,50
422,362,43,42,47
60,161,167,30,35
828,372,46,44,50
1041,471,49,48,53
941,98,48,46,51
1169,475,231,230,251
536,263,226,225,249
965,88,48,48,52
542,124,46,44,46
733,320,44,46,50
615,427,44,44,49
789,479,159,154,173
69,384,43,41,46
270,33,213,213,235
789,414,134,145,153
842,497,166,155,112
839,245,231,237,254
878,207,46,47,49
786,208,236,235,254
507,413,46,42,48
440,15,35,32,33
780,449,45,47,51
810,459,48,45,52
62,124,153,23,33
927,31,97,71,60
726,419,43,44,49
193,381,44,44,47
849,309,46,46,50
383,426,38,43,45
461,403,48,50,52
459,385,56,59,60
268,419,44,44,47
831,97,44,48,52
534,29,72,59,51
871,133,44,47,50
175,150,37,36,43
125,388,41,41,42
722,57,45,46,50
232,235,188,186,204
299,330,44,43,47
90,409,42,44,47
106,407,44,44,47
868,185,46,46,47
313,202,57,47,61
1171,315,238,237,254
798,279,48,49,50
1120,152,230,229,242
