x,y,R,G,B
555,259,232,231,254
655,355,44,43,48
305,125,35,28,31
594,203,161,155,180
331,288,43,43,46
963,198,46,46,48
224,368,47,41,46
302,112,31,25,26
555,124,43,43,47
645,252,44,46,49
801,323,46,45,47
59,200,132,134,141
1098,191,244,243,255
355,382,47,42,46
113,345,34,36,42
1129,272,227,224,242
756,186,46,47,49
939,356,42,46,49
524,386,45,43,45
1115,91,232,229,248
47,477,47,45,48
1132,174,230,227,242
538,26,69,57,51
748,405,53,43,76
426,267,229,229,252
1195,262,236,238,252
823,52,56,52,56
175,452,50,49,48
767,301,49,45,50
174,360,42,43,43
311,79,29,28,28
1056,20,91,74,62
1059,274,226,234,253
1176,415,237,233,251
380,115,36,33,35
734,107,43,46,50
1189,56,235,239,254
857,399,45,45,50
137,480,53,53,47
868,383,44,45,48
944,60,110,108,109
890,252,245,239,255
25,470,48,49,49
115,494,46,48,52
956,148,47,47,49
106,245,217,215,235
924,464,52,48,52
1174,489,241,235,252
399,423,43,43,45
459,470,180,185,203
897,30,93,83,78
1166,144,238,234,250
440,329,44,44,47
402,183,57,53,61
410,334,43,42,47
315,60,36,28,33
260,203,82,76,90
568,104,45,43,49
576,41,43,43,46
485,434,180,187,207
881,327,43,48,48
1058,336,51,50,51
944,90,44,50,51
1089,195,169,160,149
701,495,135,112,75
485,8,71,56,49
716,354,44,47,50
783,410,46,46,51
635,392,43,42,47
973,496,44,45,50
801,350,48,45,50
1057,347,49,48,53
939,14,168,137,107
1120,337,228,226,246
697,494,132,103,71
1195,244,239,237,252
659,369,43,45,46
76,466,57,50,50
399,167,43,43,47
237,425,77,75,52
192,283,163,162,199
648,204,237,234,254
539,200,58,60,60
1106,272,238,233,254
65,403,47,46,48
662,196,238,236,255
380,348,42,44,46
881,490,173,159,107
405,60,30,31,30
599,250,233,234,254
658,159,46,48,50
733,322,45,44,47
675,388,52,46,54
710,191,241,238,255
1147,326,231,231,246
1108,276,236,233,250
140,8,187,186,203
19,389,45,45,48
150,87,155,142,163
21,458,48,50,50
543,293,43,44,48
1074,178,59,57,56
172,140,40,38,44
517,54,39,34,36
587,493,104,99,73
1093,309,243,240,255
320,218,195,193,216
3,275,32,27,29
315,187,190,189,210
55,376,45,42,46
1163,171,236,234,251
1171,445,237,235,250
598,413,41,44,46
671,170,45,45,50
1120,354,234,229,247
987,350,45,46,49
248,254,199,195,216
139,175,53,53,61
393,444,201,206,224
735,432,42,44,46
1004,389,47,47,53
377,496,76,69,55
818,459,49,50,52
175,334,39,41,43
425,477,151,122,107
744,222,236,238,255
1061,246,48,50,57
402,497,85,71,55
668,67,48,46,49
733,155,47,46,50
384,141,37,39,40
118,166,165,164,191
845,283,45,45,52
336,499,130,131,146
275,312,42,44,46
144,144,164,164,182
1163,98,238,234,252
185,214,195,189,207
359,67,34,26,26
66,149,163,34,38
225,178,187,186,203
287,390,41,44,46
75,186,39,31,35
39,465,49,45,49
1198,20,242,237,253
369,410,42,42,43
258,68,45,45,51
777,435,45,47,49
960,334,46,46,48
403,341,46,44,47
1073,134,50,51,57
1099,205,241,241,255
451,153,44,41,46
1044,498,47,49,52
485,405,46,45,44
855,161,49,47,53
1195,291,240,236,252
124,219,200,195,217
145,76,162,149,171
157,118,37,34,35
321,493,49,47,50
270,355,46,44,43
744,179,44,47,50
237,127,35,28,28
573,352,43,41,46
742,342,46,46,51
206,118,36,35,42
178,428,52,49,52
462,259,235,232,254
241,163,167,162,176
227,410,44,46,48
1160,86,237,236,250
276,213,168,170,179
292,232,56,51,52
279,216,188,189,209
504,358,41,44,42
331,404,43,43,49
548,361,44,43,45
309,424,43,44,47
187,138,39,36,40
843,209,48,51,53
641,217,79,62,63
1185,471,239,235,250
1111,242,232,231,246
984,313,48,45,52
147,10,173,177,186
255,263,201,197,221
288,189,191,186,205
642,372,42,44,48
12,431,52,49,51
856,396,46,47,48
131,74,160,143,165
1078,397,235,237,255
69,8,230,230,253
574,183,232,232,251
40,101,32,30,30
1049,283,184,177,169
965,100,49,48,51
1166,478,234,231,250
603,55,48,44,48
116,136,34,27,26
976,47,87,67,58
840,118,47,48,52
839,117,46,47,47
727,236,242,239,255
1161,339,236,234,252
694,423,43,43,44
1199,224,239,234,251
981,335,47,46,51
982,59,106,85,67
729,415,43,45,45
852,432,45,44,51
761,447,43,46,49
351,168,42,41,43
3,215,35,31,30
891,370,47,48,53
598,337,44,45,47
504,220,215,214,236
173,462,49,48,51
894,79,48,48,51
996,346,45,46,49
1171,263,234,235,248
1015,81,101,85,68
934,217,46,48,51
105,87,174,125,142
409,205,91,87,91
1132,456,229,226,242
421,282,44,46,50
647,427,44,45,45
48,152,164,28,38
1093,163,243,242,255
403,92,36,34,39
1010,475,47,50,50
832,272,49,49,55
852,22,90,86,82
867,481,160,151,88
34,288,37,32,35
676,401,43,46,47
195,23,172,104,116
738,388,44,43,46
539,366,40,42,44
760,110,48,45,47
904,10,227,179,80
336,90,32,29,30
430,196,219,219,243
979,300,49,46,50
266,357,44,44,47
1011,186,48,48,51
603,372,44,43,45
948,240,46,47,53
945,186,45,47,49
954,123,50,48,52
624,107,47,46,48
1190,13,240,235,250
690,97,44,45,46
603,157,43,45,47
791,245,243,238,255
680,225,60,53,67
21,116,147,21,31
327,64,27,27,27
846,481,175,162,97
745,443,44,46,51
970,178,49,48,48
1057,189,51,51,53
364,175,197,194,217
1024,436,49,47,54
354,430,74,70,48
656,390,57,50,48
1137,245,228,228,245
261,199,75,68,82
1130,225,232,230,245
225,451,48,48,51
521,475,114,114,95
374,365,45,43,46
496,438,165,164,178
669,218,239,237,255
1065,457,52,50,56
913,355,47,45,50
225,265,206,202,225
327,380,41,43,46
931,97,45,48,53
1082,353,253,251,255
1189,459,237,234,251
8,323,42,41,41
122,203,213,212,237
394,269,218,216,239
965,223,48,46,51
1036,305,52,50,53
371,32,36,28,28
958,389,51,45,49
517,439,154,156,172
1188,404,237,235,252
544,283,44,42,48
848,467,48,47,51
358,497,66,60,51
295,112,30,25,32
167,211,112,92,116
444,223,230,227,249
1123,267,230,227,243
1199,258,240,236,254
691,348,44,45,47
1068,135,48,51,54
610,164,43,44,47
675,47,45,46,50
1009,155,50,49,52
850,58,64,58,57
66,109,152,23,34
471,396,41,44,47
589,264,234,232,255
1024,128,48,47,51
733,357,41,44,45
995,181,49,47,50
971,128,47,49,51
971,193,45,45,53
444,466,137,111,107
341,172,165,161,171
451,389,24,27,26
12,132,155,23,32
1070,25,105,98,91
690,353,48,47,52
364,236,202,205,220
296,71,32,29,30
1107,273,235,233,249
1022,199,51,49,52
63,254,36,30,33
998,163,47,48,48
323,288,44,43,47
1092,303,238,238,255
112,83,152,135,158
453,215,198,198,209
838,395,43,47,51
924,162,48,46,51
29,281,37,32,34
264,321,44,43,47
296,64,39,30,35
170,489,45,46,47
674,364,41,44,45
38,275,34,30,36
895,248,243,238,255
386,442,194,202,223
835,283,51,43,50
126,203,209,207,232
14,418,55,53,54
176,292,35,37,43
478,362,41,44,46
156,24,167,147,171
1005,53,103,76,61
76,3,57,62,65
446,278,55,52,52
193,374,47,42,45
929,470,44,47,50
509,448,156,153,171
817,116,48,49,52
4,82,123,113,120
608,153,48,47,49
926,346,48,47,53
1039,308,50,49,53
766,497,161,159,173
1006,125,46,46,49
417,202,212,215,229
353,219,205,203,221
1007,424,47,49,53
353,386,43,43,47
289,120,30,28,30
260,447,53,55,54
1044,1,94,74,61
847,416,54,54,51
1118,409,233,229,245
322,294,42,44,44
130,92,160,147,167
859,438,43,48,52
1143,403,232,230,246
842,364,48,44,48
833,302,45,45,50
325,86,37,26,28
1023,131,50,49,53
471,351,51,47,51
291,244,89,85,100
1095,421,244,244,255
908,467,47,47,49
336,71,34,24,30
322,68,33,28,30
1089,111,69,66,70
1055,443,49,48,53
558,499,120,115,99
1068,138,50,49,53
639,496,147,147,160
725,28,57,51,55
395,363,44,40,45
786,261,244,241,255
773,3,50,51,50
978,25,100,76,59
1035,355,47,47,50
813,360,46,45,50
865,322,49,48,49
874,253,56,56,61
1054,309,51,48,52
289,356,42,44,43
836,117,48,47,51
871,113,46,46,52
234,436,49,52,51
487,272,52,52,53
212,220,185,185,199
504,90,65,61,66
843,226,242,240,255
1036,17,107,85,64
760,496,159,152,164
197,5,157,26,42
955,147,48,45,50
1156,339,236,234,248
710,414,42,45,48
1088,222,255,255,255
539,322,44,44,45
1090,246,158,147,131
375,264,211,212,235
1197,119,240,237,255
403,294,42,43,49
1096,280,240,239,255
289,96,35,23,27
842,192,44,46,51
677,430,43,44,44
1180,154,241,235,254
275,79,31,34,34
470,151,42,42,46
1125,7,230,228,247
864,165,44,49,50
930,394,48,48,48
540,473,168,164,179
1175,229,241,237,252
585,166,46,46,49
562,49,42,45,49
927,126,49,48,51
731,122,48,45,49
712,387,48,47,49
456,486,185,187,205
490,258,212,215,235
92,130,158,27,35
651,411,39,44,45
475,424,44,43,44
501,371,41,41,44
797,228,240,238,255
234,489,60,55,49
545,347,42,42,46
157,177,204,201,223
575,31,42,45,46
623,291,42,45,46
718,417,44,45,48
100,269,40,34,38
1158,132,231,232,247
83,238,178,179,203
685,388,42,46,47
1060,155,44,49,51
299,337,42,43,48
190,311,43,41,42
246,438,59,61,53
919,309,46,46,50
221,470,68,66,54
953,240,44,46,48
983,467,44,49,47
1198,272,240,235,252
423,365,45,44,48
462,394,46,48,50
377,400,42,44,46
347,369,44,44,45
38,264,35,32,32
1166,292,241,237,253
74,63,188,188,207
169,338,37,39,43
575,182,231,230,253
144,441,49,48,50
1003,48,116,86,66
823,14,81,78,73
690,196,241,239,255
505,166,48,45,51
1183,388,239,238,255
470,325,56,53,58
655,452,55,56,52
370,140,40,37,41
264,430,59,59,50
888,477,51,50,51
227,455,61,60,50
467,132,42,43,44
426,281,49,48,50
241,393,45,43,47
332,3,69,63,74
969,138,48,48,52
1191,387,237,235,250
1161,284,237,234,250
613,196,234,233,255
884,475,48,49,51
180,67,149,139,159
89,362,39,40,43
92,242,218,217,241
1093,142,220,212,182
571,405,48,43,45
866,406,45,47,51
781,437,47,47,51
945,13,130,94,77
754,78,47,47,48
504,112,20,20,19
195,337,44,43,44
239,154,37,29,34
1183,469,237,233,249
845,256,241,241,255
1189,175,241,237,253
472,163,42,43,47
40,278,35,29,31
1142,486,231,229,243
727,180,52,49,50
933,147,48,46,50
965,166,49,50,52
773,286,49,48,52
569,87,46,44,49
535,422,42,42,43
1190,356,237,236,254
773,495,155,152,163
1094,423,247,243,255
201,318,44,42,45
1155,478,234,229,246
945,200,49,46,49
721,485,152,144,155
254,76,45,46,54
1065,307,237,238,255
344,242,204,202,223
576,5,91,80,59
184,274,211,207,233
1010,324,47,48,50
1173,87,239,234,254
1034,11,111,84,64
1019,367,44,46,48
1052,74,83,73,60
158,479,48,44,50
321,55,31,26,27
925,337,48,43,50
828,410,54,52,50
257,419,41,44,46
331,272,47,46,50
348,261,210,209,231
1106,241,237,231,250
1097,239,236,237,255
1016,302,42,48,52
530,18,71,55,42
723,452,43,46,49
4,333,41,43,45
471,318,58,57,61
56,435,66,63,59
352,35,38,29,29
658,276,38,45,47
21,258,33,31,33
378,299,44,45,46
130,241,198,202,223
1033,330,48,46,53
291,367,42,43,46
385,296,44,44,46
608,496,150,148,129
101,390,45,42,43
153,38,147,133,152
1093,380,248,244,255
457,439,179,181,200
401,184,150,148,158
958,289,49,45,51
543,283,49,46,47
191,254,204,201,223
1040,445,49,49,52
961,156,47,47,50
786,254,241,241,255
603,412,43,43,45
131,182,221,221,243
967,241,43,49,48
797,35,50,52,53
1125,231,234,228,247
799,398,49,45,48
956,440,64,49,51
312,97,32,25,27
797,168,45,47,49
907,117,49,47,49
492,458,165,165,181
1081,251,250,250,255
665,450,67,58,50
719,476,152,147,151
751,344,45,48,52
124,471,48,48,50
270,100,32,28,31
348,245,77,75,81
394,66,36,27,29
978,61,100,80,64
623,282,42,44,46
475,227,117,118,138
553,424,43,42,44
926,151,46,45,53
926,285,46,48,52
41,395,45,45,50
993,434,47,47,51
1104,16,241,235,255
1145,253,232,229,244
652,16,54,51,53
1088,83,65,62,66
745,331,48,47,51
620,259,46,45,48
1051,89,67,60,60
421,89,39,37,40
724,171,50,46,52
655,59,44,46,47
294,251,202,197,219
106,34,188,185,208
751,50,45,47,50
687,311,45,45,47
800,186,47,45,53
245,389,45,43,48
625,457,110,110,107
672,123,42,44,47
195,430,48,48,51
1012,370,45,47,52
526,329,42,42,46
296,443,56,54,51
1129,444,224,225,241
898,34,87,81,75
1117,165,230,230,245
286,324,42,44,47
786,44,52,49,55
1175,140,241,238,254
651,103,44,44,49
549,226,111,115,142
647,370,40,44,46
708,165,45,46,51
489,278,47,46,52
722,182,52,52,56
297,111,30,24,26
875,412,46,47,50
4,200,32,31,31
363,435,79,76,58
1059,345,47,48,52
74,243,41,40,45
499,460,143,144,157
750,377,46,47,49
275,56,47,48,53
143,351,33,38,42
66,435,55,48,52
15,79,111,106,111
119,42,166,144,171
85,85,152,22,34
1038,36,111,84,65
455,281,53,48,53
1195,189,239,237,252
1195,303,238,237,253
133,427,47,48,49
617,365,42,43,44
719,294,42,44,47
190,178,193,185,207
544,494,120,105,78
340,414,42,42,44
965,245,44,48,51
245,183,189,185,206
643,6,51,50,52
1160,317,238,233,250
1158,420,229,230,247
191,105,108,113,126
67,170,167,33,40
460,433,182,186,202
1030,237,47,48,52
263,37,212,210,231
215,47,203,189,212
929,214,47,50,51
1007,386,46,48,51
476,421,43,43,46
597,347,37,42,44
203,121,33,37,39
1068,398,52,53,54
461,49,43,38,42
997,381,46,48,47
7,215,26,29,28
1055,79,68,61,62
248,94,41,39,45
222,464,58,58,52
33,209,86,80,86
180,432,50,50,50
1028,431,45,48,51
945,34,96,75,61
858,177,47,47,51
226,114,36,35,37
163,25,162,144,167
288,149,31,29,32
860,57,96,78,59
1091,239,236,227,199
438,256,230,229,253
486,127,44,43,47
447,362,55,51,51
962,34,89,69,61
1043,262,50,49,55
671,456,93,70,51
369,301,43,43,45
843,179,46,45,50
823,496,168,157,156
549,185,226,226,248
769,254,242,240,255
521,162,42,46,49
972,37,96,74,60
32,202,92,89,94
240,144,29,26,32
219,382,44,44,45
413,427,44,45,46
636,306,43,44,48
294,119,31,27,30
744,323,49,47,51
183,287,40,39,41
424,274,148,152,187
1043,235,45,49,54
141,398,46,42,45
797,497,164,161,178
331,262,210,207,230
1026,112,50,48,51
547,74,42,44,46
690,108,46,43,49
620,179,49,50,53
579,108,45,42,46
914,340,46,47,55
406,492,82,76,66
1066,427,52,50,57
839,483,173,157,126
377,317,44,43,48
1021,35,89,73,61
767,12,47,49,52
357,348,43,43,46
678,217,68,60,73
226,145,33,25,30
45,366,46,44,47
537,339,41,44,45
769,23,48,51,52
2,114,145,20,28
192,160,35,30,33
862,447,44,48,51
853,176,48,48,51
403,74,32,30,33
495,362,44,43,45
890,318,44,47,50
373,424,41,43,45
463,280,67,59,80
21,159,169,32,39
800,494,158,154,168
394,208,127,128,152
1119,60,231,229,246
810,427,45,46,50
700,333,42,46,50
461,33,75,54,45
761,16,52,50,52
818,371,50,45,51
1152,148,235,233,247
29,443,52,49,55
838,14,92,90,85
599,210,77,59,68
606,275,46,44,50
767,483,151,150,152
851,254,242,239,254
6,73,111,100,111
563,454,126,120,128
6,337,44,41,44
439,374,44,45,48
200,464,46,47,47
1171,4,238,235,253
228,454,65,60,52
2,439,54,50,52
41,422,57,54,54
388,391,38,43,46
205,112,35,38,43
246,91,41,43,51
319,89,31,27,30
916,421,46,47,49
306,6,117,117,136
1062,439,50,50,52
431,98,43,41,41
1179,417,239,235,251
929,209,47,49,50
386,430,43,44,49
1024,488,46,49,50
316,258,207,206,224
240,471,90,91,60
855,148,47,47,51
1059,40,109,103,110
106,419,54,50,51
801,282,45,45,51
847,449,49,45,52
116,216,207,203,227
337,167,42,39,40
269,482,73,63,53
30,322,36,38,39
757,232,237,237,255
232,488,55,53,53
372,395,45,44,44
856,187,44,45,50
934,138,48,47,50
957,280,52,46,52
701,126,43,44,48
544,446,146,141,149
998,415,47,49,51
1078,123,245,245,248
222,43,198,186,205
55,164,167,29,37
116,88,157,140,163
855,337,45,47,52
396,312,47,42,47
1073,474,56,57,57
154,99,197,186,205
1096,98,238,239,255
614,27,51,49,52
962,366,50,48,50
636,84,45,46,49
788,430,46,46,48
728,63,46,46,48
870,196,46,47,50
894,199,46,48,51
2,110,139,17,26
147,252,207,208,228
875,106,50,46,47
69,138,192,162,177
1126,1,230,228,244
1193,336,237,236,252
468,116,44,42,45
780,73,46,48,50
1058,213,51,49,53
795,405,54,47,51
752,283,45,47,48
806,50,49,52,53
372,182,197,194,217
619,388,40,42,48
398,371,43,44,47
174,288,34,37,37
877,39,99,95,93
754,162,48,47,51
776,462,49,47,51
553,384,45,41,46
913,288,47,48,54
1173,287,236,235,253
677,476,110,82,58
511,407,43,44,45
906,132,49,48,48
352,45,34,26,25
560,385,44,42,46
1108,198,238,236,254
602,124,43,47,48
544,493,112,100,73
122,324,35,34,37
880,45,102,99,98
41,476,48,50,52
928,187,46,47,52
1019,274,44,47,49
115,135,39,28,27
948,236,45,46,49
276,170,189,187,205
1137,362,230,228,244
1101,128,241,237,255
1136,303,229,228,245
1043,164,48,50,54
1179,254,239,236,253
969,130,46,48,49
703,377,44,45,46
312,387,40,43,44
1173,195,240,236,254
1166,45,237,236,254
243,154,33,29,28
371,86,28,29,31
91,84,154,29,34
451,376,20,19,15
1046,151,48,51,51
659,312,43,46,49
1194,488,239,234,249
278,275,43,42,46
1152,189,232,231,246
171,27,173,156,181
38,105,34,30,36
145,60,151,135,155
519,41,37,34,34
889,346,46,46,50
736,304,44,47,47
1,267,37,31,32
1060,247,48,49,53
842,382,46,46,48
542,200,223,227,242
495,396,39,43,47
187,255,206,199,222
597,350,46,41,48
1112,294,229,227,248
374,479,59,57,51
499,83,45,44,47
915,344,47,48,49
911,453,49,49,52
394,336,46,45,46
48,106,147,21,29
486,81,41,42,45
510,448,149,149,166
556,235,229,230,253
1123,75,227,225,243
226,305,45,42,43
1043,333,51,47,53
894,255,241,238,255
1138,349,230,228,245
704,379,47,45,47
1194,430,240,236,252
761,239,240,238,255
171,391,43,44,46
431,399,43,43,47
294,424,46,43,47
310,111,31,24,27
399,216,61,52,62
1084,242,57,56,63
289,60,36,37,40
27,482,51,48,53
547,393,39,42,44
854,311,44,46,47
25,341,37,39,42
787,209,240,239,255
12,309,37,34,40
936,209,47,47,53
150,412,43,41,46
774,470,168,161,174
792,284,49,47,52
692,423,42,42,46
591,398,42,43,45
557,60,44,44,47
511,464,175,173,189
713,383,45,43,49
1068,460,59,57,61
114,349,37,36,41
689,499,121,91,66
1020,357,49,49,53
36,264,31,28,29
1146,429,230,231,245
933,35,121,81,66
291,259,206,204,222
232,92,37,39,44
183,385,44,42,44
105,83,173,154,178
1011,493,49,50,52
772,417,46,45,50
407,147,40,42,46
214,103,46,48,55
362,228,208,205,229
548,3,88,76,54
942,169,47,46,51
1015,100,47,48,53
486,57,40,42,45
1151,222,232,230,246
211,61,41,30,33
391,211,158,159,163
355,165,41,41,39
769,13,49,50,51
1159,145,236,232,249
965,288,44,47,49
224,366,43,43,47
233,147,30,27,27
988,25,113,86,67
1009,456,48,47,51
458,57,41,41,44
636,183,239,235,255
1120,343,232,228,248
355,230,200,201,224
616,186,236,231,255
1121,246,225,224,242
105,226,201,201,221
515,255,223,221,243
610,438,49,46,46
545,254,227,228,251
1119,262,231,227,244
931,271,48,46,52
962,144,49,48,51
876,79,48,49,51
252,189,188,184,205
45,123,152,22,30
7,436,52,52,51
1034,60,131,114,94
882,193,45,46,51
939,18,119,81,65
1050,210,49,48,53
106,111,183,144,151
522,461,148,146,162
1026,417,47,49,49
954,98,46,47,52
298,463,76,71,52
304,210,110,100,111
507,459,147,150,153
101,221,210,206,233
606,442,176,183,190
763,188,46,48,49
1136,248,229,228,243
1017,349,46,48,51
77,225,48,51,57
215,221,192,187,207
449,183,48,46,49
269,151,32,27,32
835,409,46,45,51
1080,465,248,247,255
1004,248,45,47,51
310,368,42,43,46
797,489,165,159,176
291,422,46,45,47
995,472,46,48,52
743,412,43,45,48
919,97,46,47,50
34,85,134,118,135
1111,113,233,231,247
909,110,45,46,50
973,81,48,48,51
1197,485,235,232,251
1186,39,237,237,253
1174,178,240,235,250
988,61,115,90,78
769,490,161,156,163
509,11,80,59,49
48,491,87,78,66
269,21,101,106,119
101,164,37,32,31
665,40,46,45,49
1084,244,84,84,97
358,284,44,45,46
1024,472,49,49,53
1003,108,48,49,52
984,497,47,49,50
433,18,43,33,34
1081,437,65,55,77
283,175,190,184,204
1013,195,47,46,49
320,135,36,28,32
520,20,26,28,27
1070,204,49,51,52
896,370,48,47,53
307,486,93,97,104
764,20,52,48,53
433,472,23,21,22
359,338,46,43,46
425,14,38,33,32
440,129,42,43,48
752,296,44,45,47
559,84,43,44,47
334,239,199,200,220
1129,2,229,228,246
842,154,44,47,50
169,368,38,42,45
6,58,25,23,24
683,415,45,43,45
1049,241,50,50,52
244,466,76,75,56
257,237,49,46,49
1192,438,237,234,250
800,445,49,45,50
985,84,46,48,52
351,232,184,180,210
284,18,213,212,233
465,391,44,46,49
24,210,25,29,30
1103,187,241,241,255
521,386,49,42,46
226,262,205,203,223
201,185,188,186,204
371,476,63,57,54
926,444,48,42,63
1047,346,50,50,53
648,59,43,46,50
437,175,46,43,48
503,459,155,157,172
1019,24,98,78,62
492,14,74,56,45
269,41,164,165,188
261,256,195,191,216
1053,250,50,47,54
331,69,30,23,29
185,493,49,47,52
521,163,42,45,47
1040,344,48,50,54
228,405,47,44,49
171,258,208,205,227
937,200,47,47,51
657,237,57,50,68
1001,239,47,46,49
763,184,50,48,52
168,336,40,41,42
251,141,30,30,29
649,302,43,44,49
942,355,45,45,48
1143,498,230,224,243
237,103,34,37,38
1182,175,236,235,253
999,300,47,48,51
134,481,45,44,49
56,4,231,226,252
415,452,110,100,106
247,362,44,44,46
984,298,44,49,52
797,406,58,57,53
251,475,94,86,58
1037,71,97,85,68
381,459,169,164,165
143,186,205,206,229
291,452,71,71,53
993,44,114,85,65
330,407,43,43,45
330,261,207,209,230
478,2,51,46,42
180,200,159,161,173
245,79,50,49,55
372,230,211,210,234
789,368,43,45,45
207,283,187,185,218
272,205,187,185,203
615,81,44,46,47
964,418,50,45,50
83,467,84,73,62
474,11,67,53,43
456,420,49,47,52
262,405,41,42,45
1002,185,44,49,51
481,88,44,41,46
576,14,94,78,63
439,358,48,45,46
387,134,36,39,40
436,315,43,44,47
665,67,45,46,49
760,452,44,47,47
854,353,46,46,51
394,42,34,25,28
748,349,43,45,48
831,169,46,46,49
572,442,127,124,121
688,100,45,46,45
116,369,40,39,43
890,46,96,93,89
175,139,35,38,43
624,52,46,47,49
1064,112,49,50,52
266,121,30,25,27
69,478,84,69,66
349,93,36,28,28
1152,174,235,233,251
841,36,78,76,69
282,469,109,102,70
832,452,46,47,49
621,495,113,105,93
481,413,42,44,47
656,274,44,45,48
587,160,48,43,47
789,1,51,51,54
454,92,42,41,46
63,132,153,30,36
435,269,232,230,254
666,490,107,78,58
971,16,102,77,61
149,209,65,45,72
48,436,47,48,51
904,248,244,238,255
352,254,209,209,233
447,2,40,32,33
0,140,166,29,39
874,383,46,45,48
1092,305,237,237,254
51,158,166,29,39
599,449,175,177,189
281,274,42,44,45
835,177,48,48,51
516,240,60,57,63
1053,8,84,70,61
1189,57,240,237,255
773,374,43,46,45
1048,52,120,112,113
945,417,43,45,47
1033,304,51,50,53
489,57,41,43,46
890,398,44,45,51
18,43,63,61,68
906,162,48,47,51
1080,290,241,242,255
946,55,106,75,65
686,198,244,241,255
1097,118,241,239,255
640,431,46,44,47
1164,368,237,232,250
611,349,42,42,48
882,258,240,236,255
519,401,41,42,43
772,395,46,45,49
740,271,49,48,52
114,159,194,187,209
108,92,158,30,36
272,236,53,49,55
296,233,60,50,68
551,192,229,228,250
790,26,51,51,52
456,293,55,52,66
767,211,239,236,255
640,109,40,46,48
70,379,40,41,43
808,158,46,48,49
712,72,50,46,51
1096,399,243,241,255
470,152,42,43,46
299,303,43,44,44
1155,209,240,235,251
723,252,241,239,255
43,428,50,49,52
757,277,49,47,50
126,293,37,36,38
496,491,127,111,62
1031,43,105,81,64
843,439,45,47,49
872,286,45,47,52
59,29,32,27,52
391,483,80,73,71
719,143,45,45,48
764,474,164,158,172
700,406,45,46,48
865,380,45,44,47
755,372,43,46,47
357,6,44,35,34
238,41,36,28,31
1019,75,96,84,68
404,470,54,50,52
264,267,49,46,50
771,130,46,46,51
342,418,44,44,47
701,16,51,51,54
868,334,44,46,51
388,353,40,42,45
52,370,44,44,46
554,325,41,42,45
86,209,141,147,170
374,268,213,212,235
1001,415,44,47,50
442,497,173,175,193
415,323,44,42,48
240,4,176,163,186
12,199,22,19,25
952,295,45,46,51
553,295,41,43,46
192,414,42,41,47
26,355,41,43,48
379,286,41,46,47
336,254,208,207,229
190,101,125,127,146
1169,321,235,235,252
929,306,42,45,46
937,284,47,46,51
742,447,44,45,50
824,286,47,49,52
69,255,37,35,33
240,309,41,44,44
550,259,228,230,252
121,382,41,42,44
245,460,76,75,53
811,122,46,47,51
1119,170,232,229,247
1012,322,54,47,52
230,162,187,182,202
157,152,48,51,56
662,496,110,79,62
599,20,48,48,51
1132,301,231,227,244
473,380,41,45,46
791,81,47,46,51
163,228,192,193,211
191,362,41,42,46
1149,63,231,231,245
22,384,44,44,47
725,324,45,44,48
314,396,43,43,46
1071,299,52,53,58
248,190,194,187,206
1108,371,235,234,253
344,454,74,72,53
764,329,46,46,49
280,29,108,111,126
182,47,160,58,61
31,290,36,32,36
90,361,38,39,43
425,15,38,31,31
1073,65,78,68,63
659,424,44,43,47
808,453,47,46,48
1007,465,50,47,52
746,266,50,51,56
407,250,225,225,247
948,41,112,82,61
1030,362,50,48,51
579,408,42,44,47
853,304,48,45,49
1153,203,235,233,248
469,124,41,44,43
30,261,32,27,32
68,207,52,47,53
698,170,46,46,49
62,2,230,233,245
948,296,45,46,49
1136,331,229,227,241
38,6,225,224,249
1142,22,234,232,248
849,361,49,48,50
752,328,47,48,51
559,453,151,148,163
39,382,47,46,45
902,385,47,46,52
224,412,42,45,47
1064,316,50,49,52
156,228,198,195,217
452,445,165,163,174
1181,13,238,239,254
1019,364,43,47,53
414,390,44,43,44
28,309,39,39,45
690,120,40,45,49
344,465,97,88,77
772,416,46,48,49
123,42,163,144,166
1143,430,229,227,243
880,143,48,48,50
870,281,47,48,51
733,144,44,48,50
671,272,47,46,47
553,260,230,230,255
1079,136,53,53,57
250,72,40,40,46
264,281,44,44,44
676,221,231,231,253
661,272,45,46,50
124,458,47,47,50
543,438,171,172,192
1107,475,231,227,245
1080,381,59,55,57
147,180,208,207,232
1103,97,238,235,254
157,62,134,120,138
979,82,48,50,52
1093,388,250,249,255
941,346,43,46,50
386,452,191,198,220
21,128,154,24,33
84,210,141,148,168
157,457,48,48,52
760,131,44,48,52
473,72,37,42,45
796,427,47,47,48
774,237,135,127,182
435,67,39,35,41
982,361,44,46,50
1092,406,243,241,255
1059,59,83,73,65
417,290,42,46,47
650,396,42,44,47
891,156,48,49,50
466,309,22,21,22
652,321,45,43,51
943,221,46,45,52
744,306,45,46,51
758,5,49,49,52
39,343,41,39,42
1137,384,231,229,245
707,227,218,226,238
50,125,150,24,33
884,390,44,44,50
1076,391,244,244,255
703,230,224,230,252
725,183,51,52,55
942,114,48,47,53
181,349,43,44,49
184,377,43,43,45
346,397,42,46,45
299,189,185,186,204
961,417,47,47,50
468,244,164,155,170
329,407,41,42,43
769,363,41,45,48
162,262,209,207,230
452,148,43,43,46
1061,301,66,60,65
864,380,46,46,49
1131,422,229,226,243
279,420,42,42,46
1067,225,48,52,55
603,98,39,45,46
1105,44,236,234,252
721,5,62,51,55
712,120,43,47,48
884,412,46,47,51
617,66,46,45,44
1194,256,238,236,249
107,178,233,239,255
247,143,32,27,31
128,398,43,44,45
470,314,45,48,52
908,259,241,240,255
503,368,43,41,46
684,376,44,41,47
979,307,46,44,48
224,430,50,46,48
891,479,49,50,52
1145,101,231,229,246
850,137,48,46,51
386,135,39,39,40
73,175,206,196,219
311,7,53,43,59
1156,161,235,233,250
304,452,80,82,60
849,387,42,47,49
465,35,72,57,46
379,37,32,24,25
999,286,45,48,50
129,393,45,43,45
1108,83,233,233,252
534,236,109,113,139
888,130,49,48,50
407,101,37,38,40
386,227,211,211,231
931,121,48,49,51
1188,57,242,238,254
987,158,45,47,51
301,345,41,44,46
1120,179,231,229,247
977,127,45,48,48
1158,206,235,234,251
303,270,44,44,48
475,0,59,48,40
555,16,53,51,48
1100,96,239,238,255
491,473,107,108,86
178,153,36,36,42
578,298,42,43,48
652,256,46,48,48
936,35,98,73,58
220,143,32,28,30
84,409,48,44,48
209,376,42,43,46
888,92,47,46,49
481,287,53,53,57
738,424,46,45,50
83,380,47,42,42
277,20,145,142,169
120,125,160,34,40
425,273,226,230,254
76,429,50,49,54
855,482,166,154,105
891,28,104,97,100
339,480,137,137,149
419,172,46,45,46
966,22,104,77,60
907,173,48,47,52
221,38,79,46,54
1155,145,236,232,250
782,344,47,45,49
401,495,88,76,56
642,103,45,45,48
330,222,200,199,215
727,117,41,46,48
553,311,44,44,47
386,423,43,43,48
512,476,102,101,75
1134,462,228,226,239
454,399,73,74,80
833,301,45,45,51
1167,60,241,234,252
982,240,47,49,49
569,168,46,44,47
927,379,43,46,50
1120,66,227,227,245
667,413,42,43,48
962,255,47,45,50
473,402,41,43,45
1044,293,234,233,255
967,369,43,46,49
999,334,48,47,52
789,492,157,151,169
834,209,51,50,54
1153,139,236,234,251
550,15,50,51,50
889,123,47,47,52
891,72,49,51,52
269,37,189,192,211
45,352,39,41,40
120,237,201,198,222
551,103,45,44,47
609,408,43,44,48
6,182,65,84,65
78,406,45,44,47
73,342,36,38,38
794,234,236,239,255
725,194,239,239,255
656,10,55,49,50
393,172,44,41,46
798,227,241,240,255
531,247,227,230,250
742,299,44,48,47
524,498,160,158,152
264,195,184,182,199
800,365,43,45,49
126,238,113,98,122
909,291,45,46,48
591,295,43,45,49
1089,481,237,237,254
703,330,45,46,50
607,34,43,45,46
827,326,46,45,49
81,298,36,31,37
1074,173,53,53,55
892,133,47,47,50
13,336,41,42,45
1084,481,95,85,90
573,190,232,234,254
70,479,90,79,76
326,269,49,46,58
486,53,43,42,45
80,337,38,38,37
470,300,43,38,40
289,77,34,29,34
273,112,29,27,28
866,381,42,43,47
169,172,198,195,215
1067,477,49,51,53
704,31,56,52,54
928,99,47,46,51
1069,54,70,69,68
446,109,38,42,43
188,185,186,182,202
562,473,130,121,114
309,99,31,27,27
897,160,46,48,52
744,225,238,238,255
358,432,94,91,62
1083,50,56,60,60
113,124,160,25,34
505,443,163,165,181
806,215,244,242,255
743,141,45,46,49
876,498,157,148,98
857,260,239,240,255
809,231,141,133,110
523,474,129,126,117
535,491,129,119,105
220,494,57,57,52
839,109,46,45,55
44,285,37,31,36
664,2,52,48,50
199,449,51,47,52
288,361,45,43,43
1064,353,54,52,55
120,498,45,47,48
845,374,46,47,50
875,324,49,46,51
204,237,43,41,44
654,381,44,44,47
71,365,43,41,44
298,356,43,42,45
504,313,45,42,48
1166,286,238,233,250
213,267,203,202,223
189,20,156,29,40
343,276,43,45,46
486,125,44,42,47
451,72,43,40,44
617,47,46,46,48
263,54,45,48,51
1014,460,47,46,54
617,315,45,45,45
908,347,44,47,49
84,110,154,25,35
876,245,226,227,255
1076,278,244,247,255
12,355,45,43,48
960,345,46,47,49
147,499,47,45,50
1140,173,230,231,246
505,312,46,42,46
835,199,45,48,52
388,217,142,130,139
1094,62,181,169,171
903,270,237,236,255
620,361,43,46,47
628,100,45,46,50
138,427,47,47,52
695,235,236,235,255
926,14,132,86,66
1117,279,231,229,248
439,466,85,61,50
715,202,240,237,255
265,450,56,54,51
190,320,42,41,41
26,39,208,214,235
387,259,219,217,241
39,58,109,101,110
123,408,43,44,46
542,394,35,43,43
1041,149,47,48,53
674,23,51,51,52
201,396,42,45,47
194,430,47,48,48
792,214,240,241,255
133,135,38,30,35
684,254,47,46,50
263,278,45,42,48
592,217,233,234,255
1062,10,96,79,64
1141,200,232,230,245
235,248,193,192,215
555,361,44,42,47
14,343,40,42,45
29,414,77,73,61
876,308,47,45,50
84,239,220,216,241
75,27,127,114,126
884,341,46,45,48
622,482,179,176,189
867,231,240,237,255
39,195,57,50,59
599,305,42,43,44
652,341,44,43,50
329,241,202,196,218
82,65,193,191,213
1052,244,49,49,54
575,165,46,45,49
108,308,36,33,36
178,386,43,43,47
193,370,43,45,45
264,82,41,36,41
8,426,54,52,55
833,84,49,45,52
1072,75,70,64,60
677,19,51,47,53
862,380,43,45,48
798,263,238,238,255
631,281,45,46,47
1187,50,238,236,254
658,204,239,236,255
316,439,84,81,55
761,179,45,48,51
1162,170,236,234,251
423,227,226,225,246
583,57,42,43,47
531,273,46,47,51
887,115,46,48,51
413,203,56,54,61
945,446,50,47,52
549,60,49,44,47
134,466,50,48,51
838,143,46,46,51
796,38,50,50,53
549,148,44,43,47
1191,234,239,235,253
1013,75,96,85,72
361,100,31,29,31
98,47,31,27,30
408,380,41,42,46
943,82,47,47,52
809,452,46,46,51
105,391,44,43,45
1086,152,252,253,255
739,481,106,104,105
183,335,39,42,43
279,16,113,116,136
130,459,49,48,52
685,470,110,86,60
882,224,238,236,255
939,187,48,46,51
374,46,31,25,26
944,120,48,46,51
939,31,81,64,58
421,281,44,46,50
528,53,42,44,46
337,478,141,139,153
620,221,58,62,64
926,327,44,45,47
544,352,44,42,47
1077,142,51,51,57
240,498,71,69,52
165,204,153,149,170
1153,415,233,233,249
625,81,44,44,48
1076,285,245,243,255
365,288,43,43,47
481,284,54,56,60
988,329,48,47,50
37,25,66,67,71
89,326,38,35,36
421,335,44,43,47
961,80,48,48,52
201,388,46,43,47
120,30,37,31,35
749,306,46,47,48
346,382,44,43,45
1186,490,236,235,251
390,221,211,213,236
1142,162,231,229,245
97,390,44,41,47
946,56,100,74,67
751,221,92,64,116
491,228,154,153,185
558,498,123,118,102
1194,441,238,235,250
378,123,34,35,37
485,463,181,186,207
1024,162,47,49,52
96,38,173,172,193
121,155,214,207,229
99,19,119,108,119
565,280,40,46,45
49,335,40,37,42
817,253,241,240,255
770,130,45,46,50
92,396,43,43,47
1117,319,228,229,245
108,262,147,146,182
668,430,44,44,46
421,423,43,42,47
511,122,44,46,48
922,480,52,48,53
46,377,46,44,47
662,366,44,43,48
495,18,72,58,48
932,220,47,48,51
956,1,104,84,68
103,250,218,212,238
90,415,48,44,47
269,40,188,197,207
169,470,54,51,52
141,287,40,37,39
680,359,44,43,47
225,51,207,196,218
468,421,43,44,48
746,1,48,49,54
64,307,34,33,34
970,201,45,48,52
746,262,239,237,255
1152,433,231,226,247
188,353,43,42,47
557,195,230,230,252
1038,467,44,48,51
350,407,42,41,44
49,471,48,47,50
727,232,182,180,207
549,429,42,42,44
542,373,43,43,45
257,412,45,42,49
724,0,49,50,53
1060,170,51,50,57
410,63,39,31,32
330,75,33,25,26
1094,474,232,233,251
762,110,46,46,49
177,167,46,38,44
254,149,32,25,30
60,147,188,152,166
1096,405,241,240,255
670,473,103,76,58
232,394,41,42,47
158,253,208,207,229
1070,475,53,53,59
718,171,43,45,48
736,124,43,46,50
719,219,206,199,198
998,297,50,49,50
561,75,42,44,45
279,263,200,199,219
363,248,64,58,60
773,476,152,153,162
110,174,186,183,208
825,12,83,82,77
633,25,52,49,52
913,405,47,46,48
175,88,36,31,29
1037,353,47,47,52
992,458,50,52,52
379,245,215,210,234
1199,26,240,237,254
225,235,67,51,73
125,282,109,116,147
327,139,29,29,35
747,448,46,48,48
1013,356,46,48,53
737,287,44,45,52
630,299,43,44,46
669,482,106,82,61
340,182,193,192,213
327,256,207,207,226
749,389,40,44,46
941,174,47,47,53
1001,153,50,52,53
364,23,35,27,29
87,98,150,21,35
77,453,52,47,47
587,355,44,42,46
806,65,46,46,49
210,132,26,35,34
518,70,38,34,35
315,200,85,74,99
586,132,43,43,48
956,56,60,57,56
364,383,40,43,47
1054,55,113,99,89
504,204,209,209,223
728,99,41,45,49
1031,13,106,81,61
827,269,49,47,53
871,11,95,93,89
770,348,44,47,50
55,0,227,226,249
835,134,49,48,49
390,411,41,41,46
531,370,40,42,44
972,129,47,47,53
842,400,44,45,49
407,123,40,40,40
204,59,35,27,29
53,189,45,29,32
97,332,42,36,42
1026,359,49,47,52
1133,33,230,229,243
825,13,89,84,79
234,138,35,28,34
990,490,51,48,52
329,377,40,43,46
450,335,50,48,51
1093,347,249,249,255
904,39,91,82,74
38,442,49,49,51
691,9,51,50,52
904,21,112,101,90
422,70,35,35,36
934,19,116,74,62
1152,263,237,235,251
90,103,155,26,32
1033,269,45,48,53
1086,48,54,57,60
181,380,44,44,45
752,455,48,49,49
874,301,48,50,52
226,99,34,36,41
861,72,49,46,51
422,10,43,30,28
312,439,73,72,53
1077,274,50,54,58
644,26,48,50,48
22,76,113,104,113
715,199,238,235,255
451,495,170,173,183
434,497,153,155,160
723,182,49,52,56
1163,166,237,235,251
31,199,100,95,101
455,349,34,33,40
340,190,194,190,214
83,378,40,42,42
443,363,44,45,45
739,480,108,104,105
767,89,46,46,49
292,401,41,42,45
1148,250,234,231,249
280,23,213,214,235
1085,239,54,55,57
750,410,45,47,51
745,244,242,238,255
789,355,46,46,49
6,214,32,28,30
1037,351,49,47,52
725,204,239,234,255
41,113,148,23,31
1041,342,49,52,51
942,176,47,46,50
125,312,31,33,34
1151,479,230,228,246
1024,183,45,46,51
583,229,230,234,255
372,339,41,42,48
276,479,55,50,50
1088,350,178,162,157
818,38,56,55,55
851,434,45,46,50
962,388,46,45,48
740,317,44,47,47
62,147,177,112,121
531,94,44,45,48
394,313,41,43,46
111,109,160,41,48
815,330,45,45,48
547,459,133,130,140
1043,12,84,72,61
257,243,89,67,86
117,132,38,28,29
1013,257,47,47,51
168,245,201,199,219
781,389,44,45,49
25,63,146,135,152
1058,364,48,49,52
150,306,31,32,37
632,325,44,45,47
422,173,46,43,45
1100,370,241,240,255
862,481,171,160,101
183,191,190,186,207
951,159,50,47,52
557,324,42,41,47
912,52,81,76,71
214,474,47,44,47
959,253,44,47,48
527,187,224,223,243
1111,42,235,231,249
696,457,127,103,72
23,367,40,43,48
212,118,37,36,38
691,315,44,45,49
441,490,175,175,190
295,293,43,43,45
1097,419,243,241,255
37,331,39,39,41
426,224,225,223,245
911,88,48,48,51
1111,340,233,229,249
497,239,212,214,235
402,236,136,130,151
870,187,42,45,49
428,311,44,44,46
911,392,48,43,51
987,406,48,47,49
1003,396,48,46,50
892,324,47,47,52
40,207,100,98,98
688,389,42,45,48
832,220,238,239,255
332,243,204,199,223
1054,302,97,72,69
459,5,44,39,38
934,252,44,47,52
711,211,236,237,255
1063,375,52,49,54
1161,480,235,231,246
1045,458,49,50,53
677,133,45,45,49
563,208,67,58,65
902,98,44,50,52
945,254,44,45,51
723,122,43,45,47
776,421,45,46,48
1174,130,239,239,255
214,330,42,42,43
47,338,36,37,39
997,179,46,48,53
166,470,51,50,51
297,96,34,27,27
725,468,151,147,151
263,422,42,43,43
523,282,45,46,49
583,120,44,43,48
545,140,41,44,47
177,143,33,38,43
429,221,222,222,245
580,1,93,80,61
909,93,46,49,52
620,80,45,46,46
1119,191,232,231,247
49,176,172,30,40
254,424,59,56,52
59,155,162,33,40
25,265,33,27,31
207,308,42,42,46
432,60,42,36,39
441,393,51,49,52
1062,166,52,50,55
1111,133,233,231,249
1182,183,240,237,254
40,279,35,29,33
44,458,48,48,48
501,395,41,42,45
961,258,48,46,51
481,497,119,107,63
411,192,213,211,232
496,152,16,17,19
965,423,50,47,52
1027,443,46,48,51
328,66,30,23,25
595,230,235,234,255
99,396,40,42,45
1109,290,233,230,251
87,250,216,215,240
777,94,48,48,48
206,225,191,188,206
1103,429,240,238,252
340,254,208,206,230
658,340,45,45,46
1177,138,236,236,253
1166,149,236,237,253
510,335,41,42,47
706,212,233,234,254
706,320,45,44,50
980,352,49,47,51
57,49,114,103,118
1072,376,51,50,58
201,32,161,32,41
616,373,42,42,46
192,162,36,29,35
175,119,113,115,131
565,138,44,42,47
149,160,43,46,47
360,496,69,60,50
945,125,46,47,50
964,302,44,46,52
58,44,113,103,113
1144,178,234,231,247
1168,133,238,234,253
889,271,110,106,129
21,411,47,43,47
261,243,55,50,68
140,71,164,149,172
543,3,83,71,53
131,418,47,50,49
136,296,37,35,41
952,244,45,46,50
431,177,44,44,50
247,453,60,59,52
365,486,138,140,136
354,412,41,42,43
145,438,49,48,53
334,346,43,43,44
319,105,30,25,26
355,145,38,36,39
319,198,192,190,211
110,446,62,64,65
506,65,99,100,113
1110,189,235,236,253
658,385,40,44,47
87,65,196,192,212
916,270,54,51,57
1157,466,237,232,250
80,66,193,188,212
927,404,46,47,49
1119,345,234,229,247
144,108,41,31,35
75,26,120,107,116
1086,454,197,183,115
47,343,42,40,42
336,147,35,32,36
840,36,77,78,70
448,153,43,42,46
600,161,41,45,49
420,316,45,46,49
421,260,225,225,248
147,269,210,209,231
1175,248,239,234,249
498,374,44,40,46
1077,165,56,53,59
417,325,40,43,49
430,461,105,95,98
474,486,126,121,83
1076,209,54,49,54
1175,267,239,236,253
226,204,51,47,52
497,341,43,44,46
838,408,45,47,52
82,290,37,33,34
612,64,45,44,48
340,167,38,38,41
554,34,41,44,47
876,385,42,45,50
802,94,48,47,50
268,365,44,44,48
895,496,174,159,89
459,198,228,224,247
317,375,42,43,47
1114,214,232,230,247
733,290,44,46,49
648,113,47,43,50
470,208,230,229,254
489,439,173,176,195
282,435,73,67,55
456,383,41,38,40
159,172,200,201,223
695,249,49,47,51
433,29,36,30,36
592,33,41,44,49
366,194,184,181,205
356,244,55,52,64
82,211,140,141,158
958,238,49,47,50
1039,219,50,47,52
422,284,45,46,49
394,148,41,39,43
87,189,158,142,172
764,499,163,159,168
357,244,63,46,74
898,305,45,45,49
368,19,39,31,30
466,51,41,40,42
937,159,48,48,52
1091,57,194,205,244
295,427,78,78,52
417,427,45,44,47
580,473,111,102,86
513,214,216,218,241
677,207,238,236,254
297,354,44,42,46
854,475,47,51,52
135,201,204,203,223
189,293,43,41,42
913,31,116,108,105
988,297,44,47,50
1045,137,49,49,52
830,204,51,48,52
838,98,49,46,53
478,110,44,43,46
253,212,180,174,191
238,353,39,44,47
860,324,46,47,52
463,465,180,185,204
32,286,34,29,35
251,432,63,65,52
435,63,37,36,38
542,125,44,44,47
917,182,46,47,50
1161,286,235,234,251
954,48,93,71,63
991,424,47,46,48
267,300,44,43,44
34,210,58,61,68
103,454,49,47,50
588,43,44,45,47
795,237,240,237,255
486,265,213,208,231
1105,179,244,240,255
708,211,239,236,255
86,71,152,56,70
396,240,200,199,224
1131,478,229,225,241
157,410,41,42,45
856,364,45,45,49
28,268,35,27,28
153,19,155,139,160
1122,256,231,223,242
449,134,44,43,45
197,197,189,186,208
288,352,42,41,45
712,433,43,44,48
1110,46,236,234,251
515,109,46,42,46
2,485,46,47,48
158,409,42,44,47
1085,201,54,56,59
271,337,40,43,44
739,82,44,44,47
553,87,45,45,46
229,123,35,31,32
1170,243,235,236,253
714,450,45,47,48
542,413,43,41,45
782,441,45,45,48
1165,480,236,233,248
294,333,40,43,47
1088,183,252,253,255
940,250,47,46,52
20,207,27,29,30
185,93,36,29,33
1190,332,240,238,253
311,118,35,27,30
1148,3,238,232,247
162,314,35,37,38
877,198,44,45,50
222,460,48,48,47
104,420,56,52,51
668,52,44,45,48
179,67,147,133,154
637,39,45,45,48
168,347,40,40,45
641,51,43,46,50
80,185,185,191,212
1197,282,237,235,251
429,26,34,31,31
518,75,40,38,41
58,105,150,21,31
1118,374,231,230,247
463,121,43,46,49
770,442,43,47,51
835,165,49,47,52
360,419,42,44,46
151,261,209,209,232
154,470,77,66,62
1095,465,234,234,253
525,355,44,41,46
439,67,41,36,41
203,86,108,110,126
1034,88,69,63,58
479,207,167,169,184
739,67,46,46,51
521,107,45,45,46
958,277,47,45,50
645,128,44,45,48
64,183,38,28,29
1070,161,52,52,56
730,209,240,236,254
533,258,228,226,247
1148,472,227,226,241
427,131,39,42,45
747,482,131,127,112
153,134,130,134,152
1019,208,47,48,55
329,149,33,32,33
506,278,44,47,48
500,54,42,42,46
120,107,159,33,42
1000,138,50,48,53
285,122,35,27,29
462,153,44,43,47
1107,371,238,236,255
257,174,188,187,204
160,85,157,149,170
147,394,43,44,45
631,93,48,46,49
17,3,134,124,130
1057,311,50,49,55
345,258,212,210,232
193,259,201,198,221
107,184,247,247,255
399,443,196,201,219
281,157,35,31,34
634,329,44,45,45
1098,405,242,241,255
128,335,36,37,42
839,383,44,45,49
1173,346,237,235,252
474,128,43,43,46
459,291,48,49,52
971,305,47,48,50
1041,178,49,50,53
594,429,44,43,46
1127,239,228,227,242
1163,306,237,233,248
714,124,45,47,49
625,486,132,125,135
266,310,41,43,46
742,6,48,49,51
267,148,33,26,29
1043,167,48,49,55
454,421,54,55,59
75,380,39,42,45
159,405,43,44,47
672,161,47,47,50
18,55,85,84,92
153,98,173,160,183
618,126,40,45,50
206,499,49,45,52
455,71,43,41,45
285,326,42,42,44
110,289,36,34,37
908,241,241,239,255
404,41,31,27,26
1020,414,47,48,50
507,306,46,44,48
278,146,30,27,30
268,251,195,195,216
790,250,243,239,255
169,237,50,42,45
191,74,202,191,213
1089,433,242,239,255
457,135,44,44,46
155,446,48,48,52
909,347,46,48,52
493,89,43,42,45
1057,21,93,76,63
764,285,45,45,49
287,82,29,29,29
198,336,40,42,44
853,378,44,45,48
929,82,46,47,51
496,29,83,60,48
706,443,42,45,44
755,18,51,47,53
964,320,47,47,50
740,60,45,46,50
1106,248,236,232,254
715,361,48,46,49
1074,133,53,52,57
566,263,233,233,255
960,265,47,45,50
1107,101,234,231,248
659,0,49,50,54
411,103,39,38,42
148,357,39,41,43
317,54,37,28,32
1122,159,231,230,243
1023,95,51,49,52
513,446,160,160,174
537,89,44,43,48
286,168,184,183,201
870,142,45,47,49
1140,39,229,230,246
219,139,34,26,31
825,327,46,44,49
1010,24,102,80,62
210,17,162,36,44
531,356,43,43,46
181,114,108,103,123
336,232,199,196,220
1159,371,235,232,249
272,347,42,45,45
1079,324,240,244,255
253,305,42,43,47
1157,478,232,231,247
527,18,69,44,34
749,334,42,44,48
0,371,45,45,47
806,388,46,44,50
510,294,50,43,47
1180,378,239,234,251
617,265,46,47,51
199,365,43,42,45
1089,90,255,253,254
452,230,235,230,255
242,66,178,182,202
1025,101,48,50,51
690,31,51,51,52
392,430,46,44,46
592,69,43,43,47
639,427,46,43,49
470,349,47,52,52
415,99,40,39,39
996,87,48,48,53
1179,397,239,233,250
480,20,61,50,46
232,133,30,28,27
282,327,44,45,46
72,214,230,229,251
298,347,41,42,46
229,67,148,150,170
970,306,48,48,49
505,274,46,47,47
727,251,240,238,255
244,256,199,195,217
1104,148,240,238,255
895,253,242,240,255
3,347,44,44,45
1119,249,229,227,244
874,494,144,134,82
633,99,47,44,49
957,194,48,46,51
1136,249,230,229,244
166,74,145,131,153
973,25,97,73,58
48,87,193,189,208
672,452,90,70,54
33,327,40,37,41
316,176,187,185,205
779,126,49,47,48
652,406,43,44,49
227,276,206,203,225
402,112,39,38,42
551,391,41,41,45
1154,58,234,231,249
110,246,216,212,235
1036,348,51,48,51
711,418,45,45,49
772,41,49,49,54
494,78,41,42,46
861,43,102,95,88
85,6,37,31,33
256,393,43,43,46
120,229,63,52,73
642,396,44,45,47
549,98,45,45,49
453,386,23,21,25
1117,461,229,227,242
579,12,92,78,61
58,324,39,36,40
632,32,48,49,50
606,26,49,48,51
248,452,56,59,54
714,488,151,143,153
976,253,48,47,52
308,126,35,29,29
1117,293,228,227,242
230,159,187,183,203
692,282,44,44,49
678,257,45,47,52
754,449,44,45,49
682,418,44,43,47
593,173,47,47,52
796,75,48,47,52
392,224,209,210,230
580,35,46,43,47
586,336,39,44,45
1025,223,44,48,51
694,66,52,51,53
1163,122,238,235,251
573,245,233,233,255
907,496,176,158,95
327,73,31,25,28
244,288,44,45,49
486,203,30,25,28
864,383,46,45,49
131,265,214,212,235
225,480,94,91,77
935,164,50,47,51
870,14,100,95,96
523,76,44,43,47
225,327,43,43,46
648,197,240,236,255
252,471,103,93,58
837,218,240,238,255
223,123,37,32,36
365,485,117,117,104
1067,263,49,49,57
222,497,51,53,50
484,448,174,180,196
990,491,49,47,51
1160,394,235,236,248
471,376,39,45,46
174,42,173,157,181
338,49,32,24,25
368,435,89,87,86
545,81,44,44,46
925,182,43,46,53
324,312,43,42,49
957,422,45,46,50
229,219,190,184,207
265,424,53,53,46
732,375,44,45,48
1170,380,234,234,250
1114,340,234,231,249
34,319,39,37,42
750,450,50,48,50
137,312,35,34,35
69,250,34,34,35
681,428,44,44,46
724,47,46,47,49
53,442,48,48,50
782,404,52,46,68
798,292,49,46,51
156,268,211,208,232
163,252,203,203,223
437,459,25,26,26
238,484,65,61,52
263,64,46,49,52
822,110,44,47,50
452,331,47,48,50
1106,44,237,234,252
912,329,45,46,51
55,110,148,24,34
1081,82,59,60,64
711,399,69,59,104
338,419,45,42,45
826,67,49,47,51
575,379,40,43,43
901,304,45,46,52
503,204,153,149,148
907,349,45,45,51
985,234,51,48,52
227,97,31,36,39
624,100,44,46,49
571,135,50,46,50
305,383,44,42,48
1178,128,239,236,253
19,208,29,28,33
745,159,45,47,52
1054,80,65,60,59
173,286,42,39,41
107,440,48,47,51
1136,305,232,231,246
1006,205,48,51,51
1044,386,47,46,54
744,457,51,48,52
466,148,43,43,45
788,227,73,63,75
809,176,52,46,55
1199,223,241,237,253
1196,146,240,237,253
1087,225,242,242,254
986,438,52,48,53
503,124,34,31,34
522,206,118,122,153
879,141,49,48,53
405,177,48,44,47
715,456,78,70,51
450,471,180,184,200
333,269,62,51,76
714,455,52,47,49
890,490,178,163,109
51,466,49,48,51
1155,473,233,231,244
1016,438,45,48,53
1119,460,227,226,246
308,89,31,26,26
1184,324,239,237,252
199,337,45,39,47
718,269,44,44,49
749,392,42,44,48
459,427,50,48,51
263,408,45,44,46
170,299,36,36,40
74,340,39,38,39
898,196,42,48,50
862,344,48,47,51
484,461,177,181,193
915,266,62,54,97
135,260,215,209,235
19,199,96,89,95
1073,213,56,56,57
26,96,28,25,29
436,100,43,38,42
939,208,44,48,51
734,407,56,47,63
32,79,115,108,114
1118,236,232,229,245
97,277,36,33,32
892,17,76,68,61
464,234,233,233,254
862,414,47,48,52
30,143,160,27,33
246,347,42,42,46
377,204,78,67,79
886,188,44,48,49
138,187,208,211,233
202,413,44,43,45
214,350,43,43,45
1040,102,51,49,54
1068,4,103,80,64
699,394,56,49,63
433,7,37,28,33
448,469,158,152,160
94,271,39,32,35
806,11,54,53,54
625,428,48,45,49
1054,65,100,84,72
131,286,37,36,40
644,237,49,51,53
64,480,56,54,56
317,30,43,40,45
1095,267,237,237,255
437,177,48,45,48
304,449,79,78,51
754,36,51,49,52
1085,303,55,56,55
605,288,44,46,49
1064,245,50,50,54
623,140,47,45,47
1157,241,234,234,251
669,468,99,76,53
797,383,45,47,48
142,408,46,42,47
977,187,49,48,52
1167,161,240,235,255
957,263,49,45,50
787,168,46,48,49
198,474,48,46,49
24,93,99,81,66
417,210,222,219,241
712,489,144,137,143
135,159,220,222,242
517,451,134,129,137
994,173,48,47,54
105,446,45,48,49
1125,197,232,229,246
414,404,44,42,47
587,413,44,43,50
764,4,52,50,52
774,70,48,46,52
508,330,41,43,46
1000,435,49,49,50
311,285,44,44,47
866,86,45,47,50
743,415,48,46,50
1158,105,234,232,248
997,255,47,47,50
357,297,44,44,47
675,19,50,47,52
771,375,44,45,44
918,439,45,48,53
651,380,43,43,47
376,428,44,44,45
616,32,45,47,48
768,472,162,158,175
22,203,81,78,94
513,205,64,60,77
621,366,44,43,48
241,218,190,188,206
1126,165,229,225,245
1122,361,231,230,246
1194,348,240,237,251
563,491,165,160,157
960,197,44,48,50
683,224,66,60,74
117,118,161,29,35
824,226,240,239,255
525,362,41,40,48
891,408,48,47,50
1036,41,106,80,62
986,226,46,48,52
956,289,45,47,50
145,90,145,133,152
1156,368,238,234,250
273,31,204,212,226
117,458,46,49,49
97,348,34,35,38
277,482,69,61,50
553,93,43,43,46
464,456,176,184,200
93,142,162,29,41
79,79,151,24,31
382,165,43,42,44
242,22,201,187,209
528,390,43,41,45
618,175,50,47,48
452,430,77,73,69
721,236,241,237,255
725,331,45,45,48
372,164,44,40,43
1045,307,65,58,75
812,343,43,44,49
54,306,33,34,34
304,43,41,36,44
829,470,49,50,52
161,443,48,48,49
775,47,50,51,52
1167,226,238,235,252
72,37,115,105,113
398,121,42,40,38
940,99,48,48,52
582,84,41,43,47
452,488,176,183,201
544,207,215,211,240
722,118,47,44,49
44,321,39,36,37
603,136,43,42,47
750,182,48,49,51
232,316,43,44,45
711,230,134,126,115
1048,433,50,48,53
428,416,47,44,48
1142,47,233,230,247
686,346,46,45,46
513,45,65,62,62
1042,68,99,88,70
798,57,44,48,51
185,156,38,36,41
273,178,185,182,200
1026,251,48,47,51
675,484,112,86,62
1199,55,238,236,253
682,77,46,47,48
1021,415,49,47,52
947,419,46,46,49
537,466,160,162,170
332,45,37,26,26
1124,483,224,224,242
150,59,135,121,141
452,144,46,43,46
806,106,46,49,51
68,140,159,46,63
198,7,157,27,40
294,43,47,47,53
904,498,173,156,93
997,498,50,48,54
755,19,54,50,53
562,144,43,42,45
760,335,44,47,49
1025,199,48,46,51
291,384,44,44,49
321,44,34,24,31
477,327,48,48,51
89,442,47,46,51
1125,475,224,222,236
305,6,114,116,132
525,375,40,43,44
268,279,43,43,45
590,191,235,232,255
333,167,41,39,42
503,342,39,44,44
1197,11,239,235,251
488,264,215,214,233
1144,258,235,231,248
209,439,46,46,48
680,246,46,47,52
469,252,198,198,218
776,150,47,45,51
838,84,49,47,49
436,467,30,26,27
919,11,137,88,65
851,340,48,46,50
599,375,47,44,46
686,164,48,47,48
675,355,43,45,46
518,82,42,41,45
1020,93,52,48,55
237,89,46,44,48
3,336,41,41,43
111,442,52,50,55
1003,181,49,48,50
1102,424,237,237,255
402,286,48,42,49
161,56,135,123,142
1083,192,245,241,255
1172,196,240,237,253
267,461,96,87,56
31,234,34,25,31
2,312,37,41,42
1024,242,49,46,51
311,97,33,23,29
626,436,46,45,49
341,436,81,74,51
375,414,47,43,46
1150,450,233,231,251
1163,102,237,236,253
493,395,44,41,44
585,280,45,44,47
52,202,63,64,74
75,343,40,34,40
775,348,45,46,51
433,475,25,23,20
464,416,47,45,51
936,151,44,45,49
939,34,92,71,61
637,98,41,46,48
377,284,43,45,45
957,166,46,48,51
1109,98,233,232,249
1005,491,49,48,52
365,386,43,45,49
227,161,189,184,203
450,384,21,18,18
398,314,39,44,46
684,487,115,88,61
563,269,182,180,213
157,375,42,42,45
58,347,39,41,41
656,71,49,44,49
351,290,41,43,47
354,224,207,206,230
90,100,153,25,35
619,477,176,174,181
246,327,42,44,47
372,470,55,50,49
170,23,163,148,171
579,425,44,43,46
1070,477,52,53,56
947,298,46,46,50
26,4,151,138,160
50,86,189,185,206
201,474,48,47,48
1132,447,230,228,245
466,114,42,41,45
296,213,194,192,212
268,73,40,43,45
1192,348,239,238,252
1177,358,239,238,252
632,79,46,43,49
900,23,98,91,84
1153,463,235,229,249
1007,26,106,81,64
249,367,42,44,47
240,277,204,204,228
551,212,97,86,101
274,132,32,25,30
865,423,111,121,177
145,242,50,39,51
1174,338,237,236,252
593,435,41,44,45
652,286,38,44,47
755,97,47,46,49
1123,27,231,228,246
1104,413,240,238,255
815,38,50,51,54
611,284,42,43,48
530,55,45,43,46
905,192,47,47,49
915,227,236,239,255
1186,199,238,237,253
694,18,48,50,51
941,224,53,50,51
128,256,215,211,236
867,23,99,97,91
1083,168,54,56,55
475,153,45,43,46
277,125,32,26,30
107,279,42,34,37
998,480,46,46,51
95,75,148,112,133
1063,163,50,50,56
35,354,44,42,45
444,447,144,122,125
812,413,47,48,49
171,47,162,149,171
277,311,42,45,46
591,181,218,216,233
728,461,139,130,143
1067,36,113,104,105
341,21,42,34,35
738,341,42,43,47
532,66,44,44,45
421,106,42,39,44
366,94,35,29,32
466,342,57,57,59
966,338,48,45,51
1122,79,228,229,243
555,379,42,44,45
911,481,49,48,55
376,226,212,211,234
229,73,130,133,146
1083,290,246,247,255
372,396,45,44,46
124,90,164,148,169
820,152,42,45,52
423,38,34,31,37
1021,388,44,48,50
385,61,33,30,27
71,319,35,33,32
661,346,41,43,46
720,424,43,45,48
189,365,40,42,47
41,86,187,184,205
6,87,124,118,121
602,347,46,44,47
92,461,75,72,66
34,307,37,38,39
899,226,242,239,255
1042,248,48,48,50
1097,491,237,232,252
766,476,150,144,159
356,481,70,63,54
1190,22,238,236,251
482,100,41,44,42
82,269,40,39,37
1013,133,45,46,54
449,451,132,122,130
808,370,42,44,50
601,283,46,45,47
1080,250,249,248,255
39,357,42,44,46
43,67,118,107,114
579,334,40,42,43
941,143,49,46,52
532,378,43,43,43
655,78,43,45,48
1174,323,237,236,249
683,204,234,233,255
270,156,33,31,31
1045,487,49,49,54
293,5,137,137,161
1127,230,228,228,243
355,399,41,42,45
1142,347,230,228,243
688,430,45,43,44
635,147,47,47,53
1110,465,231,230,245
556,439,144,143,150
880,195,45,47,50
515,235,101,100,124
809,237,63,62,69
469,276,50,47,55
1138,122,228,226,244
222,380,42,42,46
855,195,48,48,49
195,363,44,42,46
386,289,42,45,46
530,86,47,44,47
435,44,36,34,35
238,148,28,26,29
506,397,42,42,43
388,26,50,38,30
615,121,46,44,47
733,112,49,45,50
866,385,48,46,50
689,117,49,46,49
715,119,48,46,49
563,279,44,46,48
1026,238,48,49,51
895,372,46,48,52
499,124,50,46,53
426,64,38,35,39
784,351,42,43,49
307,98,35,25,30
697,66,50,45,49
1135,433,230,226,241
44,205,73,83,71
208,350,40,43,43
777,1,54,51,54
156,408,43,41,48
267,5,192,184,204
440,435,24,16,17
629,93,46,44,50
963,147,44,48,51
1189,340,239,237,254
771,68,45,47,50
515,13,84,63,51
227,104,38,35,39
63,319,34,33,36
139,416,46,43,45
456,63,43,40,43
196,76,204,194,216
894,52,100,97,91
945,191,46,48,51
364,396,44,44,47
1086,24,62,64,84
543,297,46,43,46
164,444,50,47,50
301,62,30,28,31
819,351,45,47,51
747,322,48,47,50
314,112,33,28,28
79,128,178,129,144
1018,477,50,50,52
103,62,134,115,137
228,223,189,185,204
912,57,80,74,67
1036,111,47,50,52
463,66,42,42,43
961,59,57,55,54
446,193,225,225,247
309,365,44,44,45
222,304,40,42,45
27,96,25,25,27
673,465,99,72,55
195,228,192,191,211
1167,374,238,234,249
500,493,123,113,63
364,495,72,63,52
133,228,197,193,217
819,259,225,225,249
491,269,55,52,55
279,38,42,42,43
887,58,104,103,98
760,211,241,239,255
693,43,46,46,48
585,71,43,44,48
949,133,43,47,50
792,49,51,50,53
1086,81,60,58,62
382,23,40,34,27
191,148,38,33,39
226,397,44,44,48
223,391,41,44,47
2,408,45,47,51
219,350,46,47,47
1068,301,67,52,122
690,95,45,47,50
382,101,30,33,34
122,192,218,218,245
860,63,51,50,53
284,315,41,44,44
804,333,46,46,49
774,236,97,82,137
764,296,39,43,49
868,413,43,48,48
988,204,49,48,50
344,30,41,35,32
329,143,37,32,33
558,456,145,140,145
136,267,215,214,234
596,420,45,43,47
525,359,42,39,45
907,155,50,48,53
337,161,38,37,39
220,339,41,42,44
554,447,143,139,148
173,351,38,42,42
470,28,93,71,53
546,137,42,43,50
284,126,33,30,26
716,26,67,59,54
938,23,93,66,60
673,451,85,67,54
207,74,172,169,179
396,197,208,206,229
567,87,43,45,44
44,230,31,31,31
934,298,43,45,48
856,188,44,48,51
869,431,47,46,50
98,138,161,28,38
799,493,159,155,170
998,64,66,61,56
527,430,45,44,47
690,308,45,44,47
719,89,45,49,49
17,89,124,110,112
250,494,60,55,50
1014,197,46,49,52
919,168,50,48,49
63,325,41,37,39
152,454,48,48,53
560,458,140,138,149
732,321,47,45,49
1081,278,211,212,230
678,31,61,56,56
486,73,39,41,44
1046,85,69,65,62
1186,331,239,238,254
759,241,239,238,255
830,202,45,48,52
124,474,45,47,50
51,197,93,88,92
303,424,41,43,47
246,207,180,181,192
560,192,230,229,252
1111,155,239,236,252
740,204,240,239,255
224,417,44,44,48
1073,78,83,72,83
721,180,47,49,54
785,154,48,47,52
140,306,38,34,37
397,449,198,201,223
497,269,52,53,54
1039,132,48,47,54
846,152,48,49,49
538,114,42,44,47
215,194,47,42,47
736,28,47,48,50
1078,241,57,56,61
747,106,45,46,49
627,86,47,44,49
108,492,50,48,51
451,294,46,46,49
1119,386,231,230,246
151,243,204,200,222
358,222,204,202,223
342,66,34,27,29
1162,12,236,234,253
1051,462,43,51,52
964,215,48,46,51
824,433,48,47,49
793,339,46,45,49
116,379,38,43,42
145,409,42,45,47
274,452,69,68,52
1191,267,241,238,255
55,49,117,108,114
558,299,44,45,48
604,463,161,162,178
1151,377,232,231,246
82,419,55,55,53
1162,59,238,235,251
255,209,93,85,97
1075,62,93,77,66
439,31,36,36,39
454,18,89,59,45
1159,326,235,233,248
495,129,59,55,57
205,2,158,34,43
38,252,38,30,33
705,311,48,45,48
426,482,105,99,111
349,453,74,72,54
20,491,63,63,54
93,265,42,37,36
332,75,34,26,27
200,436,47,46,51
842,40,88,80,69
1187,366,235,235,249
713,31,214,155,83
616,246,237,237,255
397,378,43,43,45
602,359,41,44,46
335,364,46,43,46
1031,52,104,86,65
17,183,51,47,55
587,295,45,45,47
26,137,158,23,34
316,190,193,191,210
1133,146,228,226,244
1190,200,241,238,253
285,222,190,188,207
945,355,45,45,51
339,85,31,27,30
809,492,169,164,174
102,7,106,101,108
939,473,47,48,52
94,86,151,26,35
746,164,45,46,50
1076,167,54,53,56
309,360,45,45,48
364,439,58,52,51
1016,376,45,48,49
1031,157,49,51,56
649,390,108,114,154
524,84,49,42,47
1102,53,236,233,254
172,169,105,102,112
496,442,171,173,187
433,147,43,42,47
375,410,44,43,45
729,29,51,49,52
755,118,49,45,49
844,289,46,45,51
556,251,232,228,251
808,109,46,46,49
590,482,125,122,99
759,487,156,148,153
200,315,42,42,44
923,279,49,46,51
493,346,44,42,45
644,330,42,42,46
889,130,48,47,50
305,96,33,24,27
33,345,39,40,43
849,111,46,47,49
936,351,42,46,49
958,110,46,46,50
844,348,50,46,52
991,373,43,49,49
48,47,151,147,161
141,49,133,117,136
1138,499,227,225,242
959,261,45,46,52
1126,318,233,230,245
753,256,233,238,255
1035,274,53,55,52
142,241,88,94,118
469,145,42,44,47
658,324,42,45,46
335,404,43,42,45
695,17,47,48,51
61,35,120,110,125
894,16,89,83,73
584,13,93,81,63
628,99,43,44,48
432,283,47,47,50
74,482,95,83,79
560,29,44,45,49
514,295,47,44,48
299,161,40,34,42
332,47,29,23,25
968,224,45,46,48
1142,13,235,230,247
658,94,45,46,48
1097,105,238,234,254
234,39,36,28,29
111,356,39,36,40
451,127,39,42,45
956,292,47,46,50
629,160,48,47,50
1173,138,240,236,249
811,387,43,46,50
154,198,74,57,79
415,34,34,30,31
682,264,42,45,49
541,262,228,228,254
605,182,191,184,199
719,41,96,66,58
847,192,43,48,51
119,262,212,212,233
1059,164,47,49,54
816,354,46,44,47
303,160,34,32,37
881,70,49,50,52
1,228,30,30,28
362,107,32,29,33
357,189,196,195,217
302,257,202,202,220
251,452,57,57,50
173,79,153,146,160
674,480,109,83,59
826,245,217,221,251
58,321,41,34,39
922,75,52,47,54
750,264,162,167,198
462,162,42,45,48
637,322,46,44,46
425,51,38,31,36
86,311,37,36,36
363,495,71,61,51
1192,310,237,235,252
197,333,42,43,47
1196,187,237,237,252
1014,188,48,48,51
375,92,32,29,32
620,487,94,90,77
314,394,44,41,44
973,33,99,75,58
398,451,194,200,214
500,201,76,76,98
610,383,40,44,47
101,88,156,28,38
656,419,45,44,44
1139,177,232,228,246
233,16,182,168,193
233,118,38,29,34
67,495,47,48,49
744,246,240,238,255
246,183,189,186,205
62,23,50,32,45
606,236,234,234,255
148,245,205,200,224
380,405,43,44,48
617,333,45,42,47
970,250,49,47,50
557,429,41,43,46
145,17,195,194,214
948,304,44,47,52
1023,337,43,48,54
1119,38,232,231,247
1124,441,228,227,243
963,489,47,47,54
23,240,37,30,29
100,65,128,114,132
552,83,44,44,46
766,389,43,44,48
1175,70,237,237,253
212,489,46,46,48
446,457,128,107,102
326,218,198,194,214
1077,402,52,53,58
897,290,46,45,51
1156,457,235,230,246
218,82,106,111,127
780,85,49,45,52
354,350,44,44,46
1094,251,248,240,255
402,375,43,44,46
1016,63,61,60,58
594,75,47,45,48
1157,494,234,231,246
750,428,46,44,48
190,271,209,208,228
874,125,46,46,52
487,121,44,44,47
257,281,47,45,46
843,166,50,46,54
175,420,51,47,48
474,217,209,212,231
657,273,44,46,49
279,306,43,43,45
67,152,163,29,37
611,206,224,230,237
733,488,147,143,156
1124,275,228,225,242
16,18,226,223,247
686,476,112,86,59
638,228,235,234,255
116,43,188,182,199
882,253,239,238,255
1121,96,230,227,243
200,440,46,45,49
27,183,112,110,121
444,151,46,41,47
838,273,50,47,53
546,326,45,44,47
374,427,44,42,45
426,38,36,33,35
92,17,117,109,119
463,282,54,49,54
758,363,44,46,48
1181,453,233,232,249
352,195,194,194,213
36,288,37,31,32
525,436,143,144,155
349,57,34,24,25
784,452,45,46,49
356,119,35,30,36
218,304,43,40,45
86,27,110,104,113
43,367,42,43,43
729,39,51,52,54
302,375,42,44,45
1091,113,70,68,73
707,293,44,47,48
588,63,44,44,49
296,240,130,125,135
1106,311,235,234,249
556,389,42,43,45
520,62,41,40,43
1049,448,48,49,54
943,495,170,156,89
476,225,60,58,71
347,384,45,43,45
228,256,198,198,218
33,442,49,51,52
92,183,203,206,227
1175,215,240,236,253
116,465,50,49,51
14,360,43,45,46
634,152,46,47,49
692,424,41,42,47
732,314,43,45,49
259,77,40,44,48
213,321,42,42,44
1090,313,243,251,235
868,474,50,47,53
153,380,42,42,47
973,57,76,61,58
708,31,163,115,67
250,151,33,25,28
542,368,41,44,44
428,273,230,232,252
799,402,45,47,49
508,198,80,76,78
451,141,44,42,48
941,235,46,48,52
23,468,44,47,50
359,477,72,67,53
121,458,45,47,49
314,151,32,32,34
800,90,48,47,52
754,103,47,43,49
1132,464,227,223,240
579,443,158,154,165
1080,413,58,52,57
580,211,156,156,191
438,19,41,32,35
846,361,44,46,49
531,103,50,50,50
593,346,42,42,47
1074,446,52,52,56
330,41,71,59,59
781,273,238,237,255
392,82,33,30,33
312,399,42,41,44
394,439,199,207,224
1070,345,53,52,57
846,396,42,47,49
262,145,27,25,30
42,478,46,48,48
888,138,43,48,50
440,410,50,41,71
602,332,41,43,47
190,117,162,163,176
1098,448,234,232,252
1065,346,50,51,54
36,229,32,29,29
696,155,47,47,48
283,239,154,152,166
370,25,38,26,30
735,293,44,44,48
893,77,46,47,52
983,386,46,44,52
253,404,42,42,47
1143,254,230,227,245
45,320,37,36,36
513,367,37,43,44
443,320,45,46,48
308,326,40,42,44
49,473,46,46,51
777,426,45,45,48
119,255,216,214,237
937,239,47,48,51
736,271,48,47,51
872,309,45,47,52
1137,154,228,228,244
1166,167,238,237,252
784,228,215,218,237
259,487,84,75,54
414,421,46,43,48
644,266,43,44,48
155,263,213,210,230
389,160,41,40,44
591,332,42,42,46
244,122,28,28,32
387,102,34,34,32
1152,214,234,230,244
159,61,137,120,135
82,219,211,214,240
1094,419,249,247,255
890,282,46,47,51
924,477,49,47,51
929,26,90,67,59
923,132,44,47,49
386,313,36,46,46
1008,237,47,47,53
816,264,49,51,53
323,201,54,47,63
716,345,44,44,47
494,280,45,46,50
900,420,47,46,50
1014,446,46,48,51
131,303,35,33,37
328,385,40,47,47
914,233,238,236,254
1009,339,44,48,52
679,450,48,46,48
496,494,116,105,59
1124,47,227,228,248
345,368,42,42,45
485,456,173,171,191
833,34,77,74,64
117,393,43,43,48
1062,255,47,50,52
507,267,107,113,137
414,76,37,35,36
356,322,43,44,46
997,84,51,47,53
665,29,45,48,51
634,221,163,165,208
1004,336,42,47,48
171,404,43,43,46
7,205,30,31,28
1113,220,235,233,250
47,481,48,48,50
606,441,99,96,74
1163,410,239,235,251
136,371,43,39,44
977,398,47,45,50
827,213,229,233,251
256,379,43,45,45
540,49,40,43,46
533,79,45,44,47
35,168,171,29,38
174,320,37,38,41
147,240,124,119,146
992,334,50,46,48
444,310,46,45,49
391,307,46,45,47
788,461,43,48,52
789,346,44,47,49
672,159,46,45,47
58,376,40,45,44
12,69,104,96,109
531,139,44,44,48
196,38,193,176,201
864,155,47,47,49
993,37,118,92,68
161,203,84,81,82
1016,170,50,50,54
257,376,43,47,46
909,19,139,108,85
1139,325,229,229,245
574,443,135,130,133
464,474,177,184,202
938,268,48,47,51
599,143,49,44,49
67,451,48,47,50
692,482,115,92,68
537,37,47,42,47
214,477,48,46,47
779,111,43,46,47
358,104,36,30,30
144,15,196,194,214
784,149,47,46,51
374,229,208,209,232
922,397,45,46,50
299,61,33,30,32
799,259,239,240,255
683,497,118,88,65
236,276,205,204,228
644,355,43,43,47
891,313,43,47,49
1113,44,234,234,248
292,435,74,70,52
910,418,45,45,50
450,427,60,58,61
334,434,88,84,56
1020,181,47,47,52
1069,10,105,80,65
975,403,45,47,49
819,355,46,46,51
30,275,34,30,28
609,307,42,43,46
498,99,42,42,43
946,378,47,49,50
654,53,43,43,49
91,467,83,77,74
382,333,44,43,46
38,395,40,45,48
370,183,196,198,220
1138,46,234,230,245
959,139,46,48,51
733,478,155,149,163
792,321,48,46,48
652,253,45,47,49
235,226,192,188,207
82,88,153,21,31
948,82,48,48,53
928,476,48,49,51
568,329,43,43,44
555,256,232,229,255
1074,148,59,57,59
1,371,44,44,46
431,2,36,29,29
921,170,47,49,51
238,137,28,23,31
1126,160,232,231,245
262,299,42,43,46
850,374,46,46,50
1049,350,42,47,50
1034,313,48,47,52
1002,298,48,47,50
704,497,121,100,72
462,185,47,47,53
156,318,35,36,36
959,457,53,45,77
746,107,44,46,48
462,160,45,42,48
1116,154,234,232,248
601,67,44,44,46
895,467,49,48,52
602,128,43,45,50
339,485,127,127,137
178,167,37,37,42
388,154,41,41,44
441,231,231,228,245
420,267,223,222,248
69,269,37,31,32
860,122,47,49,50
918,445,67,55,51
1138,395,233,229,244
510,91,34,33,38
1072,352,153,148,76
592,224,240,236,255
318,49,33,27,32
311,213,188,188,208
620,462,105,102,106
1066,272,51,51,53
560,185,232,231,254
639,342,43,40,46
573,172,42,47,48
1069,321,58,50,57
427,104,39,39,45
1046,429,46,48,50
321,107,34,24,29
913,213,48,48,51
639,463,172,180,198
923,205,48,48,54
440,411,32,20,41
295,37,53,51,58
884,165,43,45,52
139,347,41,40,41
911,10,209,155,95
510,228,220,220,241
896,325,47,46,50
616,424,43,43,45
31,226,28,31,30
191,296,38,39,42
1167,134,238,234,251
685,425,42,45,47
493,163,22,20,25
1195,202,240,235,252
791,130,46,45,52
120,42,165,144,166
161,91,180,167,191
337,340,42,43,46
861,5,94,94,87
506,354,39,42,46
679,62,47,44,50
909,163,43,47,51
324,49,37,28,28
51,115,150,22,30
1163,314,236,234,251
743,205,242,238,255
612,220,231,230,254
363,298,44,44,47
850,131,47,47,51
691,308,44,44,49
770,235,240,240,255
572,365,43,42,48
959,113,48,48,53
750,274,49,48,52
549,426,40,42,43
532,195,217,220,241
778,35,49,48,52
642,276,42,44,49
4,86,124,117,125
1111,57,235,232,252
289,105,31,26,28
280,262,201,197,216
282,238,56,53,61
985,111,45,48,52
742,68,46,47,51
1044,234,51,51,55
561,227,69,61,63
71,378,42,42,44
550,178,199,197,214
859,410,43,44,52
295,270,44,43,48
275,199,187,185,204
515,282,45,45,48
679,427,47,47,48
532,118,43,45,45
1104,437,235,232,249
261,281,44,43,48
713,176,45,49,51
1023,33,100,77,63
290,360,41,42,47
173,131,136,132,150
240,298,46,42,46
370,66,28,26,29
575,400,41,41,44
601,498,175,174,182
255,272,57,55,62
459,44,41,40,43
1176,77,239,236,255
487,16,69,52,46
1,21,224,224,249
898,174,47,48,52
728,323,43,47,47
805,438,45,45,50
865,20,90,92,90
269,70,40,43,49
412,444,95,91,85
822,335,48,47,49
588,210,232,229,254
117,78,144,129,150
1061,361,48,49,53
1027,163,48,48,53
624,217,214,208,210
345,107,31,28,29
781,183,48,47,50
562,458,136,133,142
32,481,50,49,52
196,274,206,204,219
90,477,87,78,76
788,213,242,239,255
382,237,206,208,231
502,40,87,65,50
1043,476,49,49,55
1132,255,228,225,241
795,188,46,48,50
830,63,49,47,54
230,95,37,37,42
1147,396,233,228,249
159,415,44,43,47
97,382,46,43,44
666,94,47,45,47
682,38,46,46,50
565,154,44,45,47
940,290,49,47,51
1130,30,228,227,244
914,210,50,51,50
55,426,58,56,56
668,276,45,44,50
889,69,49,47,54
360,348,45,44,45
612,402,43,44,48
1161,341,237,234,252
601,10,49,49,50
892,424,55,48,61
144,381,40,42,45
738,486,109,106,113
28,42,66,61,69
496,214,210,209,229
30,264,35,28,25
1018,205,48,48,53
735,89,43,46,49
1087,93,254,251,255
578,59,43,45,47
989,241,48,48,53
1100,94,238,237,255
104,207,228,226,254
1137,410,232,230,244
752,404,113,127,169
1112,47,233,231,249
261,202,147,142,158
850,305,44,45,47
493,182,172,173,179
862,498,110,115,73
106,308,35,33,34
416,394,40,43,44
939,65,101,95,90
257,464,104,92,66
668,28,48,50,50
1140,245,228,227,243
43,12,223,228,239
233,208,55,50,53
606,226,232,232,255
8,314,41,39,41
13,247,34,31,32
84,449,49,48,53
57,180,172,32,40
827,34,72,67,60
243,77,50,49,57
691,13,49,50,49
455,211,225,226,253
1140,84,229,229,244
505,164,50,48,50
292,166,188,184,204
554,285,42,45,49
956,223,47,48,53
292,388,44,45,48
856,160,44,45,49
920,56,80,74,67
143,83,154,139,158
930,21,97,68,59
134,1,118,112,117
1012,490,48,49,51
117,42,189,186,202
257,254,195,192,216
29,116,147,23,33
789,259,243,240,255
509,426,43,45,46
605,460,163,162,174
257,196,185,185,202
359,211,202,199,224
345,452,81,78,53
595,480,174,170,179
273,204,187,186,203
63,148,186,148,153
421,290,40,42,50
89,320,36,31,35
1014,490,47,49,55
29,287,37,29,33
771,172,45,47,52
591,328,42,42,45
694,370,49,45,50
545,409,43,41,44
352,498,66,56,52
750,436,44,46,46
101,487,47,48,51
297,420,41,43,46
10,353,47,46,47
481,164,44,46,46
34,272,36,30,31
49,474,48,44,49
737,251,240,237,255
1163,498,235,234,249
416,215,213,218,233
544,271,48,47,53
477,444,176,182,204
1096,166,242,239,255
584,176,50,50,51
738,152,46,49,49
890,98,47,47,50
89,3,36,29,32
301,423,41,43,45
1181,177,238,237,254
169,451,53,49,54
206,302,44,41,44
134,156,230,231,251
105,121,162,29,37
206,313,44,42,46
64,141,181,134,144
216,180,183,180,199
684,152,43,48,50
960,268,44,46,49
298,50,42,38,43
875,138,46,48,49
259,164,189,187,202
936,92,50,48,51
1173,324,239,238,249
491,263,215,213,235
309,235,199,196,219
775,320,47,47,49
701,268,47,45,51
58,222,124,126,127
919,71,68,65,62
779,397,46,46,49
1115,301,231,227,244
1006,491,51,49,51
647,70,48,44,46
880,133,46,47,51
908,468,46,48,49
524,107,46,43,49
682,45,47,47,48
672,120,46,45,47
740,344,42,44,48
768,107,41,48,49
810,327,47,47,50
313,450,77,66,53
455,399,65,66,69
853,74,48,47,51
12,437,47,48,51
1040,122,49,49,54
1019,311,45,50,50
694,325,49,45,48
391,248,215,212,233
795,321,48,45,47
23,202,127,127,126
209,313,45,42,46
1017,259,46,46,51
675,151,46,46,47
15,161,171,34,40
139,315,36,32,41
1020,474,50,48,52
411,25,39,32,33
1134,34,231,228,243
347,312,40,44,46
35,401,44,46,50
818,33,55,53,54
396,54,36,30,30
1015,379,46,45,52
517,179,213,219,239
48,128,152,25,33
601,463,169,163,175
1130,73,228,226,246
878,159,46,44,52
668,323,44,46,49
397,229,216,213,235
283,384,45,42,46
1159,360,235,234,247
714,90,44,46,49
601,73,45,43,49
359,151,34,37,40
1132,120,229,228,245
823,88,51,47,51
399,151,43,41,45
571,122,44,44,46
773,371,46,47,54
669,359,43,44,47
320,261,207,205,229
765,100,41,46,48
1168,142,237,236,253
594,285,45,46,52
615,160,44,46,51
743,246,240,238,255
1129,443,227,226,241
774,483,156,151,164
839,436,47,45,49
1183,39,237,237,253
1171,457,235,233,248
453,161,43,44,47
390,299,45,42,45
1162,140,234,236,251
173,469,57,57,53
238,423,80,76,55
526,304,40,45,45
818,238,59,60,65
232,74,143,153,170
1000,202,48,47,52
664,37,45,46,51
1057,129,49,49,52
130,191,139,134,155
1102,183,244,242,255
333,261,209,210,231
985,480,47,45,48
863,12,98,96,93
484,331,42,45,47
877,44,100,96,95
312,151,36,32,34
780,67,48,46,51
285,208,187,188,206
242,422,48,50,42
417,263,226,226,248
30,84,99,81,82
788,255,248,238,255
1173,223,238,234,252
857,163,51,47,51
67,242,31,32,38
268,303,45,43,46
1126,468,227,227,241
560,272,47,49,55
848,176,46,48,50
800,200,50,48,53
988,142,50,49,51
128,313,37,36,38
1159,60,237,234,254
381,472,62,55,54
878,401,43,47,50
734,223,237,239,254
503,312,42,42,48
912,475,49,49,52
2,353,46,44,47
88,162,34,25,26
996,236,44,49,50
356,394,45,44,46
124,132,40,27,31
912,361,48,46,52
890,360,47,47,49
714,496,149,142,153
405,231,218,219,242
211,303,42,41,43
1162,393,238,233,249
872,391,47,45,49
16,64,120,112,127
724,299,44,45,49
944,490,54,49,54
861,465,51,50,53
140,334,36,37,40
1050,347,50,47,52
778,101,46,47,51
485,156,46,46,48
260,129,31,25,27
805,404,45,46,49
1039,23,111,86,65
189,152,37,38,38
686,199,243,239,255
927,220,49,48,53
212,64,36,29,30
1046,458,47,51,53
189,60,172,97,119
48,321,39,39,42
839,170,44,45,48
919,382,43,43,46
926,469,53,50,55
0,202,32,30,30
205,216,182,183,201
1172,386,238,235,252
764,387,43,45,49
793,3,50,50,54
242,89,46,48,53
1179,81,237,235,252
456,47,39,38,41
888,272,54,51,59
479,17,76,59,49
825,329,49,45,50
685,288,47,45,47
202,391,43,42,47
171,332,38,40,45
698,428,44,43,47
827,261,129,130,158
201,126,33,36,39
230,3,174,157,182
515,474,108,106,87
596,496,179,182,192
18,299,33,33,35
393,487,73,71,64
875,480,70,57,50
349,92,36,26,31
38,391,42,45,47
581,236,233,232,255
763,360,42,47,49
927,493,176,166,105
625,425,42,44,46
707,109,43,45,50
481,225,34,33,29
558,234,238,234,255
91,284,34,30,30
138,290,38,38,42
1014,69,103,88,78
961,135,47,47,51
861,117,46,48,49
349,415,43,42,42
271,480,55,51,51
321,340,42,44,45
538,253,228,228,250
735,10,50,50,50
518,208,218,215,233
83,89,154,25,31
557,407,42,44,47
547,490,119,117,103
1069,470,87,72,58
698,64,43,46,51
480,193,188,186,204
244,259,201,197,217
636,327,45,43,46
521,473,114,111,98
287,299,40,44,48
34,471,51,50,53
759,181,46,46,50
722,156,43,45,48
724,25,56,51,55
871,86,49,46,49
239,173,187,180,202
1078,276,64,56,61
781,178,49,47,53
689,322,44,45,48
951,55,66,55,59
237,92,40,42,48
1023,461,46,50,53
626,157,46,43,49
1126,386,229,228,245
802,4,47,52,52
529,157,42,44,48
97,121,159,42,51
293,427,85,80,58
866,20,92,93,87
735,270,46,48,52
88,81,151,24,34
234,451,56,53,49
473,233,180,183,198
1199,114,238,236,253
789,89,49,47,50
1106,338,237,236,255
1094,214,248,248,254
505,261,221,220,242
219,404,40,44,46
549,370,40,42,46
1120,264,229,229,242
143,485,47,46,50
254,490,84,73,55
676,471,107,80,58
1051,252,51,48,53
559,15,85,73,58
706,27,60,53,55
578,499,175,173,174
1068,26,108,99,90
311,290,43,43,48
1082,229,55,56,59
48,226,35,33,35
38,188,113,109,116
769,142,44,47,50
130,461,50,48,52
821,232,66,57,80
850,435,49,45,50
966,91,47,48,52
864,176,44,49,52
763,287,48,49,48
91,164,36,26,27
182,363,45,42,45
821,157,45,47,50
154,481,47,45,48
215,191,177,173,192
1149,186,235,232,248
729,334,45,47,50
1103,399,241,238,255
239,13,188,175,196
1172,153,236,237,249
698,21,53,50,54
589,487,108,101,77
832,471,49,50,50
1078,359,246,242,255
244,444,56,52,53
936,443,47,48,51
835,436,49,47,50
539,340,41,45,47
66,215,135,129,134
193,327,39,41,43
1163,130,237,236,252
774,255,239,239,255
475,99,42,41,44
587,319,44,43,45
666,77,41,44,50
453,81,43,40,44
737,91,42,45,49
917,344,48,45,51
324,264,207,208,229
784,269,243,238,255
316,75,32,26,28
966,411,47,46,50
530,266,225,229,252
396,311,47,43,49
1051,43,117,104,99
969,431,46,47,52
175,91,38,28,33
645,428,43,43,46
689,52,53,48,47
468,123,41,44,44
1179,326,238,236,251
978,51,88,65,57
930,495,175,158,85
1004,295,47,46,50
532,453,126,120,131
670,417,41,44,47
579,418,44,42,45
801,203,51,52,56
372,290,47,43,47
808,177,48,46,54
85,391,43,42,44
948,401,41,46,50
928,445,55,56,58
195,278,205,204,226
104,488,50,46,48
246,163,164,155,169
492,121,45,45,44
616,339,43,41,44
535,115,47,45,48
1187,313,240,238,252
340,231,200,200,223
326,410,46,42,46
385,364,44,42,47
801,197,46,47,51
1026,88,73,64,60
922,363,43,45,49
191,479,46,46,49
360,198,198,200,220
530,228,227,222,249
473,420,41,45,44
534,309,43,44,47
757,252,240,240,255
47,127,151,24,34
1009,362,47,45,52
229,51,210,201,218
258,394,43,45,46
66,394,41,45,45
625,209,200,191,190
1141,450,228,229,244
640,5,49,51,49
760,172,46,46,52
984,94,49,49,50
642,10,50,49,53
1198,56,241,237,253
467,98,43,43,43
479,217,86,82,91
42,304,36,33,36
908,198,47,47,51
696,259,44,45,49
495,485,120,106,69
502,433,175,178,196
570,434,48,45,45
769,18,48,50,51
89,155,87,29,33
1152,224,233,232,246
664,40,46,46,48
155,262,210,207,232
1146,197,235,233,247
1044,191,47,50,53
1120,458,228,226,248
694,195,239,239,255
811,144,48,46,51
219,71,119,117,135
1199,376,238,235,254
38,385,45,43,48
816,440,48,48,50
119,103,159,29,39
465,247,230,235,252
740,47,43,45,52
736,424,43,45,46
487,307,46,46,48
818,464,48,47,49
1184,199,240,236,253
419,53,35,30,34
938,382,43,46,52
157,133,115,119,133
991,229,46,48,52
755,360,43,45,50
817,299,43,48,51
120,470,47,47,51
719,85,44,46,49
746,65,45,46,49
156,406,42,45,47
80,153,163,30,35
421,376,45,42,48
409,51,32,30,33
398,60,32,29,29
932,2,158,114,90
682,422,41,43,46
148,418,44,44,47
993,444,75,50,47
219,473,49,48,48
537,440,157,158,172
23,230,29,29,28
238,485,60,59,53
704,77,48,46,48
556,405,40,42,43
890,72,48,48,51
1180,473,236,234,250
878,467,47,48,49
960,408,44,45,50
290,476,120,111,88
509,252,222,221,242
678,9,51,49,53
690,102,47,46,49
224,215,184,182,201
1075,202,49,52,55
1147,346,230,226,242
436,23,37,34,35
262,218,192,187,204
1004,21,120,90,64
907,481,53,49,53
1179,261,240,237,252
938,234,47,48,52
1103,379,240,236,255
414,235,221,223,243
777,196,48,51,52
799,20,49,51,52
933,242,47,48,48
50,288,31,32,30
1162,415,236,232,247
519,228,64,61,62
52,287,38,32,36
534,109,44,43,46
872,171,47,46,53
466,363,50,53,55
879,125,47,47,50
389,461,177,179,200
70,59,185,183,202
914,296,46,46,51
212,47,201,187,205
1083,301,55,55,59
36,370,42,42,44
1001,475,48,49,53
1052,233,45,49,52
607,37,42,44,48
1144,335,234,230,249
424,59,36,34,37
561,266,230,229,255
26,87,103,86,89
54,137,156,24,33
864,147,46,47,50
899,492,178,159,85
13,183,82,77,89
533,308,42,44,46
153,183,204,199,223
969,52,78,63,60
927,158,48,47,52
515,442,159,159,171
90,353,39,37,39
206,34,162,35,39
899,422,52,49,49
83,381,43,42,43
409,324,42,46,47
709,120,45,44,52
809,2,59,56,57
1160,334,235,231,249
192,213,187,184,204
1134,371,230,226,241
454,242,67,55,80
1090,496,239,239,255
1133,482,227,226,243
299,135,35,26,30
443,478,127,120,122
179,94,39,29,33
541,386,41,42,45
424,184,56,50,54
450,334,49,46,52
1198,279,239,234,253
1138,243,232,228,247
605,275,43,43,53
992,420,45,47,51
467,365,49,46,53
860,372,46,44,51
409,183,48,48,54
752,274,46,46,51
856,288,46,44,49
735,159,45,47,49
389,120,37,36,40
197,304,40,41,43
374,499,64,57,53
708,453,45,47,47
815,111,46,46,54
43,354,44,41,45
920,438,46,47,51
491,403,34,42,43
1124,27,230,229,246
788,77,45,47,51
894,103,48,47,52
320,371,43,43,45
916,281,43,47,50
1004,242,45,48,52
322,256,207,207,227
1118,388,233,233,249
16,371,47,42,48
400,181,50,47,51
543,421,40,41,43
820,17,71,68,63
338,144,32,35,37
479,474,167,167,191
394,361,42,44,46
698,321,47,46,47
468,260,193,191,209
1015,332,45,48,51
1107,422,236,235,254
949,429,52,49,53
40,492,84,76,68
708,397,48,44,45
1002,122,51,48,53
38,441,51,51,53
423,23,32,31,33
457,472,178,185,206
447,239,177,175,192
164,499,46,49,51
1100,491,232,230,247
580,355,41,40,47
146,366,38,41,44
874,344,43,48,48
52,177,173,31,42
671,360,45,45,46
51,309,37,31,35
129,496,50,49,50
290,478,104,98,77
1038,7,98,76,63
488,299,44,45,50
271,410,39,43,44
399,72,35,30,33
247,209,60,46,71
689,280,47,43,48
480,271,52,56,63
1132,421,226,225,243
28,424,54,50,52
678,14,51,51,51
234,445,48,50,51
783,285,48,51,53
1014,136,47,48,54
449,210,61,57,67
147,307,34,34,32
366,37,32,24,28
1141,388,229,230,246
1171,149,238,235,254
1166,302,236,233,249
817,424,48,47,51
516,242,60,58,64
729,30,51,50,51
39,282,38,35,35
188,402,46,44,48
141,276,215,210,234
380,89,28,29,30
517,223,119,119,155
190,32,188,171,194
446,45,37,35,40
539,419,39,41,48
966,54,72,60,57
669,374,43,41,48
517,441,138,138,156
775,207,235,237,254
544,84,41,42,45
757,127,46,46,51
968,333,45,47,50
664,235,233,234,254
291,219,195,190,211
141,480,49,48,50
23,95,56,42,37
198,349,45,42,49
10,65,78,72,83
1166,222,239,235,251
1077,229,52,55,57
330,447,63,62,54
1177,451,236,234,249
655,243,46,49,50
806,453,47,46,49
1064,335,49,49,51
1129,34,233,229,244
510,171,48,45,50
1163,279,237,234,251
1132,307,230,226,240
381,124,42,34,37
506,435,179,181,198
855,222,240,240,255
822,118,47,48,50
820,466,49,50,49
112,2,115,107,116
241,325,39,43,47
893,76,46,47,52
893,415,46,46,50
284,445,60,59,52
482,185,49,47,51
213,152,30,25,28
1102,263,237,232,254
559,169,49,45,48
57,80,37,33,35
634,76,43,46,47
864,413,46,47,49
350,26,39,33,34
760,123,40,46,50
1016,421,48,48,51
261,49,169,170,190
615,116,42,47,48
878,292,52,48,50
871,171,48,46,51
60,88,196,189,210
110,196,223,222,253
148,429,51,46,50
498,200,208,208,227
802,160,43,45,52
862,12,98,95,95
1093,193,247,245,255
385,180,45,45,49
847,466,48,47,51
1067,88,89,77,67
1040,461,46,45,51
421,13,39,29,31
1131,154,227,226,243
326,271,48,44,50
486,110,44,40,46
1187,206,240,238,254
391,419,44,43,46
1155,301,233,233,248
1105,278,235,233,250
37,228,31,33,31
1031,1,103,79,62
529,404,45,42,44
786,130,41,48,47
332,419,45,42,43
173,384,41,42,43
728,265,46,49,51
932,482,50,48,51
193,262,201,197,219
990,45,112,83,65
962,333,46,46,49
1170,19,242,236,254
340,9,41,36,42
648,16,51,50,53
827,363,48,45,50
1044,237,47,47,51
991,329,49,46,52
1124,337,233,230,247
1100,282,239,235,255
767,361,45,46,50
229,388,44,44,49
1099,54,236,235,255
256,89,41,35,41
840,30,81,80,71
883,315,47,47,48
41,164,170,28,37
177,101,208,199,219
560,63,41,43,47
1070,193,53,52,55
469,52,39,41,42
571,423,43,43,48
357,421,44,44,45
347,108,33,29,33
587,408,46,44,50
1061,33,116,104,97
566,62,44,45,47
897,55,103,100,96
651,222,240,238,255
77,242,47,45,52
966,52,78,65,59
505,378,40,43,44
565,54,47,44,45
288,203,179,180,194
75,35,119,105,114
785,217,240,240,255
41,32,230,228,251
562,310,41,43,45
722,394,49,47,49
120,162,154,155,178
529,382,40,41,44
876,83,45,48,53
569,147,40,45,45
1025,442,51,50,53
1162,181,234,234,250
1159,366,234,234,250
776,13,50,51,51
239,474,59,55,52
854,135,45,48,50
733,116,50,47,50
370,316,44,44,48
151,437,45,47,51
768,446,45,46,52
454,454,183,187,202
872,69,47,48,50
1039,139,51,49,54
34,232,34,29,32
164,209,45,37,42
176,222,196,190,213
963,285,47,46,50
1082,287,250,250,255
685,67,44,45,47
169,384,45,44,46
933,12,198,173,152
838,219,241,240,255
1130,325,230,227,243
337,8,45,42,48
461,97,41,42,43
77,54,187,184,203
1104,205,240,238,255
325,22,39,38,42
1112,302,233,228,248
92,210,216,215,240
671,157,45,45,51
837,463,43,49,51
934,190,46,47,52
259,20,42,33,36
107,360,42,38,42
113,367,39,39,41
61,294,37,32,37
437,297,46,45,45
917,381,48,45,48
1160,301,239,235,250
966,327,42,44,50
308,98,34,27,29
574,51,44,45,42
811,499,171,165,177
609,249,236,238,255
397,494,84,76,53
1155,415,235,231,251
904,346,46,46,50
615,42,45,46,48
726,206,242,237,255
801,299,46,49,50
318,135,32,29,34
450,145,48,44,47
26,17,227,225,250
938,293,43,47,50
104,376,42,41,44
486,215,115,107,106
833,441,46,46,50
182,310,41,39,41
700,183,231,232,251
685,179,57,53,58
293,377,45,43,45
357,190,197,196,221
1043,326,48,47,52
247,482,90,86,69
1040,107,46,49,51
784,129,49,47,48
744,406,49,47,51
311,249,200,198,219
274,221,191,188,211
344,18,41,28,34
797,83,48,47,50
832,498,168,162,161
678,405,45,45,47
605,322,42,42,48
503,287,47,45,47
550,256,226,227,249
1033,1,103,77,61
476,363,47,46,50
1088,448,238,238,255
456,318,52,51,54
994,302,46,48,50
307,235,198,196,216
386,148,35,40,41
200,132,33,35,38
858,488,154,146,107
766,331,43,46,47
774,14,49,49,50
625,93,46,44,49
185,89,37,28,29
962,185,44,44,53
273,130,34,30,30
1138,490,232,229,243
424,211,225,223,243
283,134,31,27,27
406,388,47,43,49
138,162,127,134,149
1174,445,235,237,251
210,307,42,44,46
962,36,90,72,59
599,109,43,43,45
744,257,240,239,255
600,296,46,45,50
596,403,41,43,47
349,6,47,40,39
534,353,43,43,46
647,275,43,45,51
1045,319,48,49,51
999,288,47,46,50
547,349,40,41,44
924,263,44,45,52
622,116,43,44,47
510,494,113,106,78
594,60,46,46,47
253,223,186,184,205
678,244,45,48,53
315,49,37,25,31
832,310,47,47,50
284,464,67,65,54
500,237,218,217,237
39,117,148,22,32
1041,355,47,49,53
715,156,48,46,49
985,228,47,47,49
207,222,188,184,206
583,411,41,45,45
443,15,35,32,34
421,445,156,149,140
356,197,64,58,67
1096,349,245,243,255
103,325,38,38,38
605,34,47,43,50
1120,453,230,228,243
1095,379,246,246,255
708,250,51,50,55
755,157,45,49,50
928,252,44,46,51
542,447,138,139,148
984,250,46,45,50
303,431,75,71,54
255,144,33,28,31
1097,377,241,240,255
368,45,33,22,27
387,406,48,43,47
944,68,100,99,93
694,95,45,45,50
313,289,40,43,47
537,300,44,45,47
171,253,203,203,224
645,186,235,235,255
665,295,45,44,48
628,438,42,45,49
594,58,45,45,48
876,193,47,48,52
72,130,156,29,35
268,339,42,44,48
131,84,158,139,160
499,109,57,51,56
624,447,180,188,207
515,476,105,104,80
1131,334,230,226,242
8,182,76,85,76
865,3,92,90,86
59,191,38,28,33
910,375,43,43,49
739,92,48,46,50
453,92,43,42,44
50,446,49,47,51
760,81,47,48,51
1187,440,238,236,253
630,471,176,174,188
207,115,36,38,43
896,150,46,46,50
682,339,47,44,47
737,464,150,143,157
1111,342,234,232,252
1024,121,46,49,54
450,147,39,42,47
778,213,242,240,255
875,386,43,44,49
793,355,46,45,48
1020,0,108,80,63
216,325,36,43,45
112,187,174,168,195
65,261,37,33,34
966,146,47,51,53
1060,442,49,47,54
152,95,149,140,161
883,292,49,48,53
680,116,46,46,46
893,290,43,46,51
858,345,45,49,50
706,259,48,48,49
314,336,43,43,48
734,474,153,146,160
1199,16,239,237,251
821,420,56,52,60
310,13,46,47,50
337,20,36,34,34
478,156,43,42,45
722,4,52,51,53
238,324,44,43,46
517,62,75,75,80
147,384,42,43,45
673,83,45,45,50
440,388,46,49,51
129,112,165,32,42
655,256,43,45,47
437,476,67,56,38
971,232,47,46,51
629,280,42,45,47
588,158,49,44,48
544,399,38,42,45
257,304,45,43,47
471,209,230,231,253
915,65,86,79,74
1154,353,233,233,245
714,7,70,57,55
904,415,42,46,48
452,83,37,42,42
496,456,156,155,167
717,210,241,238,255
258,10,36,27,30
487,290,48,48,51
423,471,157,135,136
1197,281,239,236,253
814,35,53,52,54
155,250,208,206,227
125,127,112,97,126
448,111,40,41,44
856,14,94,92,86
737,194,238,237,255
993,229,43,46,50
859,232,237,238,255
279,20,202,203,222
288,356,42,45,47
844,441,47,47,50
28,218,31,29,29
978,135,46,47,51
146,165,44,43,52
617,16,48,49,51
451,420,57,51,56
1041,385,50,48,52
413,461,93,79,82
771,332,43,44,50
20,279,34,30,30
19,193,85,83,85
1170,57,237,236,252
915,329,45,46,52
469,413,45,43,49
932,319,46,45,52
555,197,79,76,101
757,292,45,44,47
357,347,42,43,44
487,242,201,200,216
790,486,159,153,169
442,227,228,227,247
1113,366,234,231,249
575,21,58,54,49
1179,129,239,237,254
442,426,24,24,28
364,331,44,43,46
809,72,49,49,53
664,408,44,47,48
918,274,49,46,52
224,236,83,71,92
359,384,46,41,47
1025,80,92,79,67
960,45,96,70,56
914,183,48,49,50
1139,299,229,230,245
484,168,45,46,48
598,430,45,46,47
411,429,44,42,46
764,371,42,45,47
468,61,38,42,42
992,497,49,49,54
314,232,73,52,79
58,208,44,43,46
656,405,43,43,44
959,391,46,48,51
565,474,134,124,120
14,365,45,45,45
940,19,113,77,63
247,157,28,27,31
600,228,236,235,255
1004,443,46,49,52
579,403,44,39,45
117,498,45,47,47
549,39,46,42,48
543,332,44,42,43
586,104,43,41,46
863,491,108,102,66
197,404,43,43,46
41,13,221,225,246
653,346,41,44,46
487,181,69,67,70
840,41,92,85,68
558,319,42,41,47
301,109,33,24,28
123,212,206,203,228
178,177,194,190,212
293,497,49,47,49
1154,66,237,234,250
449,414,32,30,28
68,25,114,108,123
279,26,194,199,215
414,135,46,40,44
431,216,219,220,240
303,183,191,188,207
6,216,35,29,26
81,460,55,51,52
245,274,203,202,224
701,457,114,95,63
858,128,47,47,50
864,41,99,96,92
263,153,35,30,33
634,216,107,97,138
1154,19,241,233,252
603,216,235,235,255
1023,271,44,48,53
274,122,34,28,31
226,361,42,44,46
1039,143,45,50,51
533,273,45,46,47
1138,344,233,232,247
403,328,42,43,48
369,470,55,56,53
667,338,45,45,46
644,47,42,46,48
525,308,41,44,47
782,96,45,47,49
690,322,47,45,48
405,216,215,212,235
16,117,149,20,32
219,466,47,45,47
381,83,33,30,32
1039,1,103,80,62
425,313,43,46,49
419,206,137,135,144
990,334,47,44,49
621,87,43,45,48
647,231,236,235,255
930,283,45,46,49
121,31,35,34,37
490,222,197,195,213
1113,266,230,229,246
268,462,98,91,64
864,374,48,46,49
652,299,41,45,50
893,418,44,45,50
67,335,37,34,33
470,163,44,43,49
315,257,203,205,225
169,423,60,60,55
1159,185,234,234,251
86,167,40,34,36
395,302,42,43,44
540,360,40,40,44
346,164,39,38,42
142,380,43,44,47
445,55,33,37,40
735,258,239,237,255
92,84,152,25,35
734,215,237,236,254
657,87,44,45,49
530,42,39,42,45
530,196,190,193,219
384,134,40,40,42
229,343,44,42,45
927,269,48,48,50
105,459,48,49,50
471,153,43,45,45
699,476,128,105,73
537,298,42,46,45
598,249,236,235,255
292,164,186,181,197
314,73,34,26,28
635,281,44,46,47
903,355,44,46,49
908,202,48,46,53
182,404,44,44,45
705,435,38,45,46
597,320,45,43,47
1076,268,55,52,55
404,241,219,217,240
1173,2,240,237,254
416,34,36,30,30
624,4,49,50,51
1152,390,233,231,247
260,49,174,174,194
618,111,48,47,45
489,310,47,47,48
1042,28,108,85,65
80,333,35,37,35
132,52,152,136,156
828,307,52,45,50
1172,146,237,236,252
186,276,209,211,230
468,264,167,168,190
384,484,87,83,69
1190,23,240,237,251
746,265,48,49,56
1104,245,237,234,250
262,118,34,27,28
952,282,45,47,50
52,355,42,41,45
332,294,44,44,46
464,425,44,45,51
1042,280,75,62,127
184,340,40,41,44
121,343,34,37,38
620,159,44,44,47
107,203,231,229,255
803,378,45,43,47
295,92,33,26,30
479,304,44,51,51
405,142,40,41,44
621,18,49,50,51
638,405,39,43,44
47,415,53,55,50
261,268,45,47,52
592,356,41,41,44
959,136,47,48,51
322,285,44,44,43
491,128,43,44,46
626,255,46,45,47
869,302,44,46,52
686,135,42,45,48
633,468,146,141,145
795,408,158,163,200
1195,401,235,234,251
226,95,37,36,41
190,165,38,34,34
270,326,43,42,47
507,479,112,102,69
867,74,51,49,54
1147,402,235,230,244
311,243,71,66,78
616,248,236,237,255
548,145,43,44,44
1052,304,50,51,58
167,378,41,42,44
762,493,155,152,161
800,310,43,46,51
651,116,41,46,50
882,457,47,49,51
624,181,64,59,56
139,484,51,48,51
746,454,52,47,51
608,486,189,189,201
605,364,42,43,46
882,263,242,239,255
780,359,46,43,50
15,334,42,41,44
568,39,42,43,46
181,201,60,38,60
425,411,47,44,49
888,43,103,98,94
34,57,153,149,168
985,132,47,47,52
1148,146,234,230,250
85,60,192,188,207
254,147,32,27,29
851,320,42,46,49
992,214,48,46,52
856,258,240,239,255
801,354,46,46,48
468,342,59,60,63
77,310,35,36,34
576,402,41,41,43
123,217,200,195,218
404,498,82,69,57
408,260,226,225,248
1053,441,49,47,52
229,191,190,185,207
149,109,35,26,30
241,116,35,29,33
350,177,194,191,210
10,79,117,111,117
163,288,39,37,40
1090,406,244,243,255
1092,151,152,140,119
1133,205,231,231,246
762,475,154,149,161
992,472,48,49,51
1142,471,230,226,243
1,379,45,45,47
748,186,49,50,53
831,474,119,114,99
581,138,45,44,47
1029,59,179,166,142
240,385,42,43,48
269,149,35,27,29
30,457,52,49,51
927,318,46,46,49
170,281,211,207,230
1162,355,234,233,248
478,352,44,44,44
1151,220,234,233,249
428,220,221,219,242
446,65,45,39,43
423,96,38,37,43
568,255,232,231,255
1025,352,45,47,50
807,348,44,45,48
550,30,41,44,46
293,177,191,185,205
652,93,54,51,49
750,20,50,49,54
688,205,240,237,255
771,207,237,239,255
647,80,43,44,48
341,494,60,58,55
231,417,44,45,47
711,371,45,46,50
153,178,206,205,226
260,498,92,80,56
159,85,156,144,166
85,226,56,53,66
43,467,48,49,50
1157,267,237,235,252
793,127,45,48,52
802,366,43,45,50
999,0,128,97,68
271,450,63,61,53
1120,393,232,230,248
505,450,169,169,187
1185,300,233,236,251
849,262,237,237,254
427,101,41,41,43
434,94,38,40,44
629,228,233,233,255
956,84,46,50,50
122,394,42,44,46
1041,213,48,48,54
247,175,187,184,204
185,45,191,172,186
423,233,227,225,248
108,469,48,50,48
900,136,47,48,52
377,137,38,39,40
783,37,47,50,52
811,257,239,242,255
1130,383,232,227,245
528,12,64,45,30
1,320,42,41,41
1034,115,47,48,53
537,53,44,43,47
995,473,48,49,53
166,38,165,150,172
137,311,38,35,37
867,343,45,44,50
675,70,43,45,47
1173,377,237,235,253
138,10,191,189,211
147,286,40,38,40
1068,433,52,55,55
762,46,46,50,52
171,266,210,207,229
989,222,47,46,50
801,129,46,49,50
1059,464,49,51,52
1084,99,190,188,197
963,245,47,47,50
85,451,46,48,51
52,174,173,31,39
69,6,230,228,244
1157,387,236,234,252
811,322,45,45,50
1053,196,50,47,53
821,360,45,44,48
547,332,40,44,44
30,317,42,39,41
774,34,50,51,54
609,282,46,44,49
1160,475,237,232,246
1024,27,98,77,61
190,246,201,197,217
789,427,47,46,49
298,315,39,43,46
70,417,77,76,60
431,11,38,31,31
120,310,34,31,34
2,117,149,26,31
638,172,51,53,56
883,457,51,48,52
376,70,33,27,25
416,144,40,42,43
575,9,92,81,59
1078,384,245,243,255
558,384,41,41,43
483,85,42,45,43
780,48,49,50,52
1159,211,236,234,251
403,456,53,52,53
549,353,44,42,47
578,482,169,158,156
138,450,47,45,50
372,430,45,42,46
334,363,40,43,44
591,44,45,44,47
1080,320,251,245,255
432,179,42,45,49
485,403,44,44,46
408,464,66,61,57
325,58,33,23,28
693,71,45,46,48
957,297,45,46,49
56,158,166,34,41
16,303,39,36,37
67,484,72,62,58
499,336,45,44,46
891,495,175,161,99
259,368,42,42,48
590,375,43,44,44
526,451,146,141,146
1089,25,85,86,110
346,182,196,193,211
1095,178,246,245,254
835,477,170,157,142
1031,122,46,48,52
362,0,42,35,33
122,381,44,40,43
23,2,93,85,85
203,474,46,45,48
1177,477,233,233,249
185,321,38,41,42
937,1,132,90,70
1091,94,247,247,255
912,261,238,237,254
1050,299,59,55,59
1141,204,232,229,246
863,255,242,239,255
785,246,242,239,255
1117,396,231,228,248
937,222,48,45,53
498,396,43,41,44
1107,479,237,230,246
1034,93,51,49,54
1142,122,233,229,245
547,184,227,227,251
910,122,47,48,48
934,419,46,44,50
139,142,140,142,160
1042,171,49,49,54
555,313,44,45,46
498,166,42,39,41
954,144,49,47,47
238,267,198,199,218
1150,234,236,235,247
69,126,152,27,33
1196,63,239,235,251
464,384,50,48,51
506,211,219,217,232
491,378,44,42,45
644,143,46,45,49
1191,434,221,221,238
1001,354,48,48,50
333,60,32,23,25
164,349,40,40,42
528,159,47,44,46
838,180,44,47,50
467,109,39,42,42
1116,190,234,233,248
50,249,38,34,32
122,142,31,26,26
1180,374,237,234,252
1179,313,240,235,252
722,461,140,133,146
502,219,220,215,235
1116,443,229,229,247
227,8,173,162,186
1139,306,231,227,243
975,441,158,160,100
1064,123,46,50,53
664,194,239,236,255
145,453,49,48,50
51,189,84,29,31
1089,378,250,250,252
1113,70,233,231,248
1045,479,50,49,55
129,182,222,221,248
650,356,44,44,48
5,193,65,61,61
39,6,226,225,249
32,293,36,32,37
465,188,90,90,99
408,104,37,38,41
597,403,40,44,45
1128,487,230,225,242
350,168,39,42,43
870,366,48,47,51
204,406,42,43,46
1034,298,53,54,52
161,109,39,33,33
169,473,48,47,46
750,23,46,48,51
799,139,47,48,51
720,319,47,44,46
123,373,39,41,47
548,247,228,226,250
502,114,23,24,26
825,255,241,239,255
876,488,177,161,103
567,462,140,134,134
861,123,49,48,53
843,331,48,45,51
774,151,45,46,52
589,32,43,46,46
11,488,48,50,51
513,47,63,61,65
613,305,45,43,46
914,481,48,50,52
706,258,49,48,52
338,198,193,196,213
1071,191,50,52,55
237,32,40,32,35
744,159,46,48,51
450,123,41,44,44
728,483,153,149,159
137,6,189,185,207
715,294,44,46,49
1091,111,65,65,70
393,260,213,214,236
607,43,44,43,48
60,375,43,44,45
975,385,47,46,51
856,491,157,152,108
104,19,125,113,122
229,225,190,187,206
1072,321,98,82,62
593,66,44,44,48
348,104,32,27,30
842,113,46,47,49
59,132,154,27,35
1109,106,230,229,249
1093,264,241,238,255
815,420,46,49,48
1169,452,238,232,249
925,270,44,47,51
81,163,55,29,32
1071,238,53,51,54
1064,155,50,51,53
1129,215,231,228,246
1190,122,239,235,253
196,261,202,201,223
444,339,44,45,51
685,379,41,47,50
182,106,119,123,138
400,309,43,43,50
714,343,45,45,46
8,252,38,31,33
869,266,240,240,255
706,22,53,51,52
700,436,41,42,45
157,257,211,207,227
474,277,42,41,42
218,245,198,196,212
1023,401,49,48,53
214,248,197,194,215
272,143,32,27,28
833,71,47,50,52
566,95,46,45,48
558,217,230,229,252
996,393,45,47,52
240,288,46,44,50
1137,255,227,228,242
1198,302,241,236,252
682,215,229,234,254
999,233,46,44,51
761,485,155,148,154
77,183,196,197,217
362,476,74,65,55
733,310,44,43,48
130,68,160,143,165
448,281,48,48,53
983,393,46,46,49
402,97,39,37,40
142,52,139,123,143
571,65,44,42,46
573,78,45,44,47
283,317,46,45,46
206,121,33,37,40
796,373,45,47,47
622,100,50,45,49
1084,371,60,57,60
375,142,39,36,42
492,294,43,44,45
814,108,44,45,51
347,67,33,26,30
792,54,44,48,51
802,184,46,47,49
961,469,43,46,50
158,230,197,196,215
290,191,188,186,206
129,271,215,213,236
131,26,35,32,36
1095,73,237,233,254
80,239,57,55,61
598,305,44,44,46
101,60,135,116,135
171,120,113,116,132
1079,100,65,59,66
245,80,45,49,55
9,409,45,45,49
426,244,197,202,217
407,66,34,31,34
94,494,47,46,50
525,451,135,128,127
1154,442,235,232,244
549,52,46,45,43
489,187,24,25,25
915,464,52,47,52
516,435,161,162,178
166,163,39,40,42
831,45,78,70,60
977,120,47,48,49
715,160,46,43,50
122,301,34,30,36
676,318,44,44,47
704,204,240,238,255
453,144,47,42,45
335,47,33,26,26
903,461,44,48,50
204,265,206,204,227
1045,420,46,49,52
506,497,106,96,62
194,10,158,44,73
463,164,43,45,48
376,436,182,151,138
1036,147,49,52,55
416,319,43,44,47
560,388,45,43,46
645,201,238,233,255
300,109,31,25,26
237,475,59,56,52
877,185,45,46,51
544,360,41,42,45
321,425,40,43,48
805,35,49,51,53
556,471,136,134,140
534,304,43,43,47
514,128,43,46,49
628,245,48,46,52
838,348,42,45,49
371,209,199,201,222
841,45,109,92,64
1152,430,229,230,244
413,83,35,37,38
331,379,42,43,49
737,138,48,46,48
773,468,163,161,171
557,290,47,46,53
305,483,87,87,80
60,425,63,61,53
382,97,31,33,35
729,198,239,238,255
914,182,49,47,49
431,371,44,43,46
714,246,235,237,254
697,152,46,48,50
504,66,92,93,95
993,200,47,47,51
906,78,47,46,49
597,236,238,236,255
1186,475,240,236,252
1105,52,239,235,254
834,63,47,49,50
666,376,40,43,48
616,465,127,125,112
176,45,166,153,177
779,98,47,45,51
836,429,48,46,49
361,200,190,192,212
420,178,47,46,50
200,420,44,44,49
607,313,47,43,48
103,427,58,53,54
861,45,99,91,85
1063,220,49,49,55
471,353,46,46,50
471,121,44,41,46
157,425,55,55,59
897,212,49,49,51
331,478,135,132,143
1031,296,54,49,55
147,83,158,145,168
642,182,236,237,255
789,212,242,239,255
207,84,124,126,143
530,26,77,58,48
126,331,32,36,35
1019,91,49,49,53
101,495,51,48,47
794,429,47,47,49
143,35,134,115,135
985,201,49,48,50
502,372,38,40,41
1091,292,239,239,255
886,398,48,44,50
825,386,45,45,48
1086,385,212,218,253
304,88,31,28,32
976,295,46,45,49
717,232,228,235,251
512,495,105,97,64
1097,167,241,239,255
1043,348,47,47,51
643,339,38,43,46
893,274,53,52,55
1154,342,231,232,248
178,116,106,112,126
195,8,156,26,38
493,206,199,197,209
1011,147,46,47,52
1002,217,47,48,51
18,26,226,226,249
68,427,72,76,58
342,65,29,26,26
1120,371,235,230,248
337,309,45,44,47
1139,317,227,228,244
755,144,46,46,50
105,374,37,43,42
124,256,217,213,236
124,288,35,36,37
1104,368,236,237,255
551,206,226,224,247
150,482,45,44,47
631,81,45,46,49
15,220,31,29,28
84,367,39,38,40
1115,311,231,229,246
419,273,206,207,237
280,197,188,185,207
281,239,50,48,55
214,110,37,38,44
15,173,117,112,107
997,134,48,45,52
502,383,38,43,45
376,201,95,96,117
136,38,141,123,139
680,182,234,234,254
1034,361,46,49,53
492,251,213,213,234
444,478,133,125,131
654,376,45,44,49
288,406,44,42,48
323,96,32,26,28
77,450,49,46,50
1003,183,46,48,51
1194,332,243,237,251
1159,406,235,233,252
45,333,36,39,43
0,294,35,33,36
56,54,110,101,110
995,176,51,48,53
65,30,159,156,174
921,267,48,47,54
300,66,32,29,33
546,345,41,41,44
398,399,44,44,49
129,204,206,203,226
745,204,242,238,255
387,264,217,217,241
57,492,52,50,51
256,56,133,142,152
1030,337,50,48,54
226,292,45,40,47
305,402,43,41,46
435,460,24,18,20
293,468,108,99,68
138,161,120,123,142
314,145,35,28,32
66,310,29,35,36
1114,5,235,235,248
840,135,46,47,53
887,300,46,49,50
469,317,46,47,50
157,383,44,44,48
768,390,42,43,48
215,36,167,37,52
11,489,49,49,51
759,453,48,45,49
134,276,213,212,235
1038,432,43,49,48
940,384,45,45,52
159,37,158,141,163
293,79,32,27,31
493,360,39,43,45
664,181,237,234,255
1034,155,48,49,51
1140,68,233,230,247
506,88,34,40,42
697,474,128,104,77
85,424,55,56,53
606,91,47,45,49
292,454,79,73,56
1073,99,51,52,57
713,315,43,46,52
1039,108,50,50,51
637,179,237,236,255
1071,60,88,74,64
494,129,45,46,50
236,171,190,183,205
26,207,30,20,30
629,177,237,235,255
72,302,37,33,34
683,264,41,44,46
629,204,185,187,213
653,261,42,45,48
940,342,47,45,48
1018,472,49,51,51
530,128,42,44,45
486,396,39,41,45
346,350,44,41,45
1143,221,229,231,242
1156,405,234,231,247
1178,16,240,236,252
760,35,48,49,52
263,116,32,27,27
598,144,45,44,49
578,264,234,233,255
19,18,226,222,248
445,11,35,31,30
1046,73,79,69,60
853,110,49,48,50
178,56,169,155,179
416,98,41,38,39
648,232,233,236,255
973,314,47,47,53
913,61,80,77,70
807,399,48,46,48
686,421,42,44,49
669,122,42,44,47
607,3,50,49,50
1122,119,229,225,244
700,405,46,45,48
675,335,45,44,52
1006,119,50,48,55
591,55,44,44,47
629,223,239,236,255
203,293,41,39,45
730,54,48,44,50
411,249,61,61,66
454,402,70,70,77
364,287,42,44,47
1184,270,240,237,251
866,285,44,46,49
790,197,45,46,53
327,492,131,133,147
881,310,48,46,50
370,495,62,57,51
567,193,231,228,252
973,334,43,45,52
1001,493,48,49,50
950,9,124,83,65
331,378,45,44,46
1037,287,55,52,55
922,359,44,45,49
36,107,37,29,30
333,120,33,29,32
1166,44,242,237,255
1090,465,241,240,255
1134,15,234,229,247
1181,321,237,235,250
1002,195,47,48,50
204,155,34,29,33
294,144,32,29,34
917,24,216,157,93
807,212,234,238,255
155,340,42,41,46
472,465,183,185,201
443,413,20,14,18
736,483,146,141,155
341,14,38,38,38
369,423,42,44,45
569,91,44,45,46
383,138,39,40,40
115,427,79,86,105
715,467,149,140,147
815,404,49,47,53
626,165,46,46,49
1112,121,234,231,247
1054,36,104,95,86
1010,48,105,82,64
124,496,47,48,50
1078,390,252,249,255
661,51,45,46,46
221,332,44,43,47
318,338,39,44,45
389,63,33,27,29
358,90,25,26,27
315,419,42,42,47
480,55,41,42,46
1110,359,234,232,251
857,247,236,238,255
833,438,48,46,48
600,183,234,229,255
679,52,45,46,48
311,196,194,190,210
696,8,51,48,53
273,369,41,44,43
903,364,46,46,49
60,140,160,31,37
413,489,76,71,65
1016,28,96,77,59
487,460,172,176,197
901,371,51,47,51
164,225,195,194,212
1178,398,241,236,254
387,445,191,203,220
226,165,188,182,203
1095,78,229,229,225
275,130,35,26,28
112,62,155,139,164
324,265,207,207,230
681,407,43,46,48
221,205,186,180,200
1168,416,236,230,247
704,437,41,44,46
273,424,50,50,47
1143,51,234,231,245
99,186,242,247,255
1014,421,44,46,50
716,36,68,56,53
380,491,118,111,101
513,283,46,44,49
918,105,47,48,53
171,248,202,203,221
706,409,45,45,45
1133,240,228,227,242
347,424,41,43,43
232,270,204,204,226
1028,358,51,46,53
492,97,43,41,44
520,428,41,44,48
375,192,204,203,225
539,451,131,127,137
134,111,161,33,42
972,147,44,46,53
1033,232,50,49,51
990,344,48,47,50
1129,285,227,223,240
1007,140,52,47,53
833,446,46,46,48
330,363,42,42,45
796,128,49,47,53
1083,268,50,52,56
719,221,197,187,177
11,50,62,62,66
192,174,189,183,204
1186,270,235,235,253
51,374,43,44,46
1189,145,240,237,254
576,225,236,233,255
356,341,42,44,46
586,117,44,43,46
794,35,50,52,52
1104,247,237,233,252
475,133,42,42,49
222,80,109,111,127
569,135,44,45,47
741,360,46,46,51
480,346,43,44,48
868,167,50,48,51
400,78,33,32,31
205,240,45,40,47
779,277,235,234,254
967,54,76,60,56
1077,41,83,79,89
327,265,211,207,232
854,115,48,46,50
755,232,240,236,255
912,162,48,46,51
1103,485,230,231,248
311,209,191,190,208
264,335,41,44,47
622,405,45,43,46
1106,91,235,232,253
572,292,44,44,48
901,161,49,47,53
797,472,170,164,159
631,107,48,46,50
280,325,43,44,48
332,73,33,26,25
29,385,44,43,49
118,298,35,33,32
282,128,30,25,30
632,419,42,42,48
742,296,44,45,48
336,332,46,41,43
983,154,48,48,54
353,86,36,25,26
516,481,108,106,78
1058,412,48,50,54
27,476,48,48,50
1162,136,236,232,247
190,207,184,181,200
1184,24,240,238,253
127,32,36,30,37
856,299,49,46,51
1198,59,239,237,254
1125,45,230,229,244
629,386,42,44,45
979,150,49,48,52
756,344,45,46,50
170,12,162,144,167
732,212,200,204,214
743,187,56,50,55
468,383,45,46,47
620,469,176,172,188
345,29,44,34,33
712,392,48,49,51
733,45,48,47,51
1179,42,236,238,254
718,1,51,48,54
938,95,50,48,52
541,121,45,44,45
1102,394,240,238,255
1043,470,44,49,51
1071,129,50,52,57
846,498,169,158,110
466,20,103,76,55
970,494,47,46,48
153,141,122,122,138
464,143,45,44,45
1045,14,81,69,61
1023,373,48,49,49
468,231,223,222,241
690,474,120,94,64
796,247,241,240,255
224,329,39,42,47
393,252,215,215,238
1020,372,49,48,53
1086,134,58,55,60
188,345,42,41,41
896,23,87,82,76
1027,345,46,48,51
739,291,48,45,49
633,414,40,42,46
1125,91,231,227,243
705,380,44,47,47
219,212,55,46,55
421,77,37,36,39
314,26,45,43,47
700,69,45,45,47
610,288,41,45,51
1137,450,231,227,243
590,302,46,44,44
646,270,44,47,48
235,464,85,82,58
282,94,33,28,30
643,74,43,46,45
179,256,204,202,224
397,110,42,38,41
568,398,40,43,47
156,264,210,207,231
781,384,46,45,48
516,35,54,50,54
917,493,178,160,125
324,251,205,202,221
931,215,47,47,51
391,463,91,78,84
471,456,177,184,201
252,176,191,185,204
605,374,42,41,44
144,117,40,34,36
271,118,34,26,30
119,27,28,29,30
722,356,44,47,48
357,403,46,42,48
601,220,234,231,254
867,294,46,47,51
938,318,46,45,50
80,327,40,35,38
579,278,48,46,52
982,362,45,48,51
655,319,49,45,50
1079,253,247,248,255
483,193,108,107,121
462,105,43,42,45
398,333,42,43,47
425,252,89,78,86
781,34,51,48,53
14,456,50,49,51
372,68,32,25,28
1116,20,235,231,250
457,49,37,39,43
1101,252,239,237,253
37,476,46,48,50
867,449,46,47,51
254,265,200,201,222
6,165,150,48,56
706,264,44,45,51
1034,488,49,50,54
1075,355,245,241,254
148,346,41,38,42
762,127,48,47,49
16,366,49,43,47
351,125,32,31,33
772,481,158,153,164
1012,108,48,48,52
843,263,200,202,232
534,205,225,226,247
301,404,46,43,46
422,26,34,29,32
560,219,230,230,255
818,316,51,44,51
792,470,165,158,157
966,57,73,61,56
993,196,47,48,55
931,0,133,88,72
882,359,48,47,51
435,490,134,132,133
739,175,46,46,50
795,73,47,48,49
322,31,41,37,40
439,376,44,46,50
1049,496,49,48,53
763,444,45,47,51
159,246,205,201,223
970,469,48,46,50
1078,485,57,53,58
71,99,155,24,33
633,83,47,47,49
1108,481,233,231,246
875,172,45,45,50
1010,245,47,48,53
683,9,46,49,49
323,436,70,66,52
201,101,114,116,131
880,13,83,76,73
123,390,40,42,44
192,56,181,125,142
814,96,49,47,50
206,325,40,41,43
945,479,46,48,51
967,43,95,68,60
928,455,48,48,52
488,275,50,48,55
1120,364,234,231,246
62,239,33,33,34
510,230,219,220,240
506,96,18,16,18
628,21,52,48,52
725,400,69,71,106
692,431,40,44,47
1062,469,48,50,57
800,145,50,46,49
69,244,40,36,39
234,262,202,200,221
1069,225,51,50,54
384,437,196,196,219
732,3,64,59,60
50,194,78,74,79
683,220,67,59,74
388,303,46,43,48
952,243,48,47,51
940,48,83,67,58
8,253,33,28,28
840,243,205,207,227
324,320,42,43,46
823,499,159,151,148
300,44,38,41,47
117,412,48,47,46
1197,221,237,235,253
748,71,49,47,50
736,54,47,45,52
931,343,46,49,52
1188,440,238,234,251
854,247,97,88,69
93,342,42,36,42
962,420,43,47,52
595,211,99,88,136
174,286,42,38,41
423,18,37,32,32
514,146,44,45,48
928,491,171,159,101
479,318,50,48,52
1035,237,46,49,52
919,40,111,105,101
654,304,44,46,47
16,156,167,28,32
392,15,35,26,25
294,420,45,44,45
863,34,101,95,93
785,299,45,45,51
404,289,40,44,50
521,422,42,43,47
949,431,46,48,50
77,261,86,99,126
336,493,136,137,150
166,46,160,146,169
948,409,45,44,50
1096,437,238,234,252
596,367,41,42,46
30,274,33,31,29
1000,378,49,47,51
1060,258,47,48,51
293,345,46,42,45
147,439,48,48,51
740,394,46,46,47
717,446,48,47,48
987,436,49,47,50
351,81,31,25,24
330,152,38,32,36
946,248,50,44,51
80,147,158,28,38
300,149,31,29,31
1055,30,85,72,63
609,64,47,42,47
419,2,40,32,33
962,430,47,48,50
459,143,45,43,47
76,257,79,68,101
126,94,162,149,173
278,340,44,43,44
778,494,158,156,171
1126,419,230,227,245
1116,91,231,229,247
440,426,27,24,27
329,240,199,195,216
313,49,34,30,33
297,214,190,190,210
321,164,34,35,37
1048,269,50,51,53
360,99,34,31,29
139,139,93,92,103
490,68,42,42,43
56,184,116,35,36
18,190,68,81,64
901,100,47,47,50
926,417,46,44,51
545,326,42,43,49
217,224,188,184,206
959,123,47,47,50
374,380,46,44,47
1185,162,239,235,253
305,91,35,28,27
619,407,41,42,45
916,74,48,48,53
539,324,43,42,48
486,34,78,61,48
437,89,43,40,45
598,273,44,45,48
113,375,40,41,43
915,20,149,102,72
1170,3,238,235,253
692,437,39,44,49
678,169,47,46,50
197,335,40,42,43
1066,434,51,50,55
574,437,64,59,52
160,222,194,192,214
391,198,205,207,227
101,340,36,36,39
1085,235,56,55,59
430,67,37,36,40
339,317,41,44,45
1183,214,236,236,254
311,358,41,43,46
743,393,45,43,49
243,286,47,48,49
856,245,237,238,242
916,224,53,51,56
439,291,47,42,48
12,200,22,23,28
1103,297,234,233,248
669,460,88,70,53
784,317,45,45,48
451,373,23,25,26
1190,274,240,236,250
645,361,45,44,50
818,456,49,46,52
1128,42,228,227,243
536,75,44,44,45
622,429,44,43,49
1095,211,244,244,255
476,395,42,42,47
370,202,92,106,129
671,215,127,111,166
614,56,45,42,49
571,416,42,43,44
730,432,45,44,51
1055,277,71,61,100
46,208,86,82,94
1159,459,238,231,248
413,412,42,45,48
851,95,47,46,49
1164,341,238,235,251
201,483,43,44,49
209,68,34,30,34
485,468,184,188,207
617,146,44,47,47
723,373,46,45,51
332,12,54,48,58
229,454,60,56,51
156,247,207,202,226
308,386,42,45,46
915,483,46,48,51
452,207,87,79,109
945,108,47,46,51
180,308,42,38,40
863,288,50,48,52
201,320,43,42,43
6,9,227,224,247
274,494,95,84,60
943,242,45,46,50
893,487,171,157,86
54,410,44,45,47
859,268,54,53,58
40,55,118,112,122
1024,293,48,50,54
788,483,161,157,172
1155,121,235,233,251
26,392,45,46,50
927,422,50,45,49
90,202,164,148,184
1063,302,224,211,181
828,468,50,49,52
40,447,45,49,50
497,454,162,161,173
945,116,49,48,49
596,314,41,43,46
579,23,50,49,49
685,398,121,125,132
464,419,46,48,50
1182,94,237,235,255
867,250,239,236,254
648,101,43,45,50
1160,196,238,235,251
867,91,47,48,51
22,305,36,36,38
770,445,44,47,51
1124,282,226,225,241
647,12,50,50,51
218,116,35,37,38
730,186,114,109,123
858,393,45,48,51
704,48,46,45,51
383,97,33,32,34
1184,162,240,236,254
428,80,38,36,40
246,189,187,185,204
646,486,96,75,71
1048,435,48,47,53
148,54,135,118,139
418,114,37,41,44
95,103,157,28,36
809,171,47,45,51
912,215,49,48,52
534,149,44,45,48
236,398,40,44,46
719,149,45,45,49
233,242,65,62,68
902,238,241,238,255
721,414,44,45,48
390,26,64,49,37
477,435,186,192,212
362,200,200,199,221
398,406,43,44,47
1057,320,50,48,52
1133,32,231,229,243
648,298,47,46,47
797,259,243,239,255
1027,395,47,47,50
990,132,52,46,51
285,393,40,45,45
706,157,45,47,49
1164,273,239,236,252
733,152,45,46,51
684,349,43,44,46
730,265,49,49,54
1155,282,239,234,248
428,166,44,44,47
379,400,39,43,45
836,258,241,237,255
789,158,47,49,50
953,49,86,66,59
631,50,44,45,48
880,373,49,44,51
666,86,46,45,49
820,188,46,48,51
905,444,81,95,139
747,30,49,50,55
1109,355,236,234,250
1097,188,245,245,255
516,150,43,45,48
252,203,172,167,186
141,36,129,114,134
318,348,45,42,44
852,100,44,47,49
787,84,44,45,48
870,471,53,46,51
656,415,40,43,45
12,76,111,103,110
789,118,46,47,50
435,204,159,162,190
477,62,42,40,44
62,442,48,48,52
294,335,49,41,45
262,445,53,54,51
725,365,44,43,46
146,224,197,193,215
453,51,41,38,42
775,395,45,46,48
663,283,44,44,48
1182,298,238,236,253
430,39,36,32,34
1102,374,243,238,255
485,429,54,46,47
1,119,148,21,30
957,360,48,45,51
550,480,155,149,151
394,258,213,215,242
238,342,44,42,47
639,83,48,46,50
571,391,40,42,43
