x,y,R,G,B
16,14,208,203,230
51,157,164,29,37
910,222,51,53,57
397,190,210,210,230
573,91,45,45,47
969,188,49,47,52
1004,342,44,45,49
1096,386,247,245,255
422,267,225,224,247
970,408,47,48,50
743,194,239,235,254
931,495,173,157,84
50,383,44,44,46
883,287,46,47,51
565,447,131,130,134
145,54,139,122,143
392,32,46,34,31
91,330,34,34,34
709,202,242,238,255
597,385,47,44,48
303,196,188,187,207
731,195,239,237,255
1004,222,47,50,51
850,469,52,47,52
482,265,202,200,218
751,73,48,46,51
965,358,48,47,48
311,385,45,45,45
1119,256,227,227,243
1010,203,45,48,52
1185,153,238,239,255
321,37,39,36,38
470,55,38,41,44
82,469,86,74,70
989,307,45,46,49
959,239,45,48,51
37,393,44,44,48
900,167,47,48,51
969,189,47,47,51
727,218,56,56,62
173,350,42,41,47
956,464,45,48,50
867,334,43,46,52
65,277,37,33,35
640,79,47,46,47
218,124,35,33,39
374,289,44,45,49
979,310,48,45,48
295,360,41,45,43
157,264,209,208,230
238,457,65,62,53
427,157,43,43,48
1066,16,96,77,63
32,495,62,60,55
0,148,168,30,38
1029,32,101,78,63
813,234,241,239,254
616,297,45,45,49
360,16,42,31,29
538,91,46,44,46
89,377,36,41,40
509,475,107,104,76
1073,387,243,248,250
486,407,38,43,42
706,147,47,46,52
416,109,42,39,45
574,123,45,46,46
460,379,58,57,60
1124,472,228,226,242
138,490,45,48,49
564,252,234,231,255
236,195,185,182,202
331,245,168,172,191
1106,41,239,236,254
375,232,211,208,233
6,273,36,32,33
996,227,46,48,51
996,462,76,85,71
906,435,49,51,53
173,16,160,144,163
865,73,45,48,52
347,348,44,44,44
6,350,41,42,46
497,99,42,42,45
1120,308,228,227,242
727,454,46,47,51
422,427,49,45,49
776,303,45,47,51
820,479,168,164,179
582,21,57,53,53
496,8,99,74,53
1088,353,197,179,182
740,84,44,44,52
770,224,73,61,70
159,209,196,191,210
20,133,155,25,30
446,482,171,172,182
990,4,124,92,68
268,125,33,24,30
777,217,243,239,255
807,2,56,54,55
95,101,158,30,35
1035,1,105,79,65
920,77,47,48,50
506,430,49,46,46
367,181,197,195,219
621,22,53,51,53
139,39,132,117,136
451,400,122,118,121
676,49,47,45,46
276,149,29,28,33
596,484,187,183,197
888,452,46,48,52
1089,0,253,251,255
985,433,43,47,48
466,119,40,43,47
548,176,49,49,56
672,248,48,48,52
589,431,46,42,49
78,226,50,52,56
1196,216,242,236,254
802,275,49,50,55
654,65,48,47,48
1177,283,236,234,251
857,177,46,48,52
1061,320,49,51,53
197,489,48,48,49
853,345,44,44,49
759,314,43,45,50
379,386,43,40,43
203,375,44,43,46
479,254,178,181,187
181,433,47,48,49
1121,370,235,231,247
50,186,174,35,43
548,51,43,42,46
1040,172,48,49,53
316,31,44,39,46
1185,343,240,236,253
626,216,233,231,254
984,45,99,75,58
695,281,45,46,46
1178,154,238,236,254
697,115,46,44,48
831,309,48,48,50
112,497,49,51,53
551,290,42,46,49
1126,91,228,228,242
1146,173,233,231,246
257,296,43,41,45
488,431,165,167,174
620,164,46,47,48
1033,243,52,48,55
618,35,41,45,49
421,20,37,29,35
588,324,41,41,47
1008,290,48,46,50
605,383,45,42,47
606,380,44,44,48
1067,417,54,51,53
1075,103,52,52,56
921,81,45,47,53
1039,243,49,50,54
739,386,44,46,46
173,393,43,42,45
1024,81,93,80,65
703,466,130,110,84
123,207,209,207,232
644,12,48,46,54
328,230,48,51,52
27,456,48,51,51
79,431,47,47,52
443,497,168,170,188
1119,183,235,231,248
377,271,91,95,118
880,95,44,48,50
72,441,48,47,50
191,495,48,46,47
691,80,46,45,49
706,348,44,43,47
801,384,44,45,49
1164,36,237,236,252
405,157,41,42,45
275,11,108,100,117
305,484,92,93,93
112,42,195,196,214
1101,342,241,237,253
630,57,46,44,50
74,365,43,39,42
640,184,238,232,255
339,228,198,200,220
963,110,47,49,52
9,59,21,24,25
708,251,52,53,55
12,68,101,95,106
367,272,48,52,52
923,257,46,48,51
820,376,48,45,48
1180,323,238,235,248
158,307,36,36,37
395,469,79,74,71
337,441,76,73,51
513,488,117,110,81
228,315,44,41,46
380,497,79,76,54
701,363,46,46,50
742,37,52,50,54
708,190,237,234,255
730,46,46,46,50
631,42,49,45,50
1063,296,209,196,161
311,32,46,45,49
196,23,183,145,155
883,459,48,47,51
362,17,41,31,30
643,483,150,148,158
502,297,43,45,48
604,7,55,51,52
209,374,41,43,45
1185,430,236,232,250
446,353,42,46,49
838,341,48,44,51
927,341,43,45,50
583,38,46,46,46
864,302,47,46,48
1159,190,237,235,251
827,180,46,45,50
827,199,45,46,53
896,364,44,45,47
40,18,68,67,68
1,360,45,41,46
62,189,38,27,30
489,422,40,42,44
239,464,91,87,58
333,417,42,45,48
898,157,45,48,52
675,23,51,51,51
415,476,134,121,124
525,1,41,34,30
826,236,210,217,252
467,17,117,93,66
482,76,41,43,44
515,96,44,44,49
1030,369,47,48,52
802,365,45,46,51
760,50,47,48,50
658,350,44,44,49
280,333,43,42,46
845,122,45,47,50
425,102,40,40,43
398,284,46,46,50
1165,131,241,236,251
1092,389,251,248,255
1100,486,234,232,250
136,14,190,189,212
340,143,35,34,35
592,338,42,44,44
372,73,30,26,29
863,336,49,46,50
870,377,44,45,47
640,217,60,58,61
648,157,47,47,51
1022,47,101,79,59
1081,155,250,249,255
78,397,42,44,46
732,310,44,43,48
1003,84,78,73,63
1073,166,52,52,59
419,191,218,216,238
888,72,49,48,51
325,313,46,43,47
1123,194,230,229,245
966,439,147,153,199
21,47,61,61,66
858,219,240,236,254
898,117,47,47,48
287,446,62,61,52
792,2,51,50,55
1125,430,229,227,243
134,10,189,187,209
286,58,41,41,45
655,443,47,43,47
1057,400,47,49,52
43,398,47,45,47
935,336,46,45,48
125,204,211,209,233
551,451,149,146,161
1062,434,53,50,54
413,411,44,44,48
642,430,42,43,49
363,372,40,43,45
964,16,105,75,60
207,165,33,31,31
1058,236,49,50,55
822,129,48,47,53
276,409,39,44,47
660,118,47,46,49
569,149,40,45,45
273,61,48,47,52
112,292,34,31,32
948,32,83,67,57
643,72,45,44,50
790,54,49,47,52
387,243,63,61,73
190,382,43,42,46
39,344,37,38,41
950,378,49,46,50
245,212,88,79,89
881,418,45,46,49
949,151,48,46,52
857,227,237,238,255
684,372,43,46,46
56,354,43,40,44
1069,129,50,50,55
487,38,83,62,50
44,289,40,33,36
321,260,207,206,226
631,167,45,47,50
345,231,201,203,224
32,311,36,33,38
110,131,160,26,36
573,224,233,233,255
124,293,35,33,36
208,67,33,28,30
363,267,210,211,234
0,391,47,46,50
84,455,47,51,52
230,451,63,65,56
505,161,47,46,51
1130,469,230,225,243
34,468,51,48,53
810,394,45,44,48
1143,143,236,230,246
1014,99,49,48,52
403,441,196,203,218
590,22,48,49,50
583,51,45,43,48
1151,234,238,233,248
1166,85,240,235,254
1184,64,239,237,252
691,207,238,237,255
59,13,232,229,250
750,86,43,45,49
269,474,106,99,76
977,482,48,47,50
194,205,59,53,62
219,201,179,178,187
628,277,41,45,46
162,112,37,31,33
529,374,42,42,44
157,30,166,150,174
981,381,47,45,51
301,452,75,75,59
572,17,92,79,60
845,262,239,240,255
587,154,48,46,52
199,495,48,46,48
655,267,48,46,49
987,27,111,84,67
344,281,43,43,46
876,126,48,51,50
422,383,42,44,48
31,6,225,226,251
299,127,34,27,27
371,163,39,42,45
1194,64,238,235,254
925,479,50,50,51
986,174,45,46,51
109,434,74,61,62
583,31,45,45,48
187,106,113,118,136
316,188,193,191,211
1055,303,113,80,79
624,277,44,43,43
247,163,166,158,172
581,490,133,122,117
730,222,87,79,68
123,9,121,113,126
633,284,44,44,46
753,368,40,45,50
807,460,47,47,51
1059,474,50,50,53
298,31,52,52,59
896,97,46,47,50
32,230,33,28,28
573,168,47,45,49
147,323,38,35,41
700,181,56,51,58
892,223,234,236,254
715,462,150,140,137
556,411,42,42,45
226,152,33,25,32
728,379,46,43,50
323,69,29,25,28
788,102,46,48,50
898,106,48,49,53
824,292,48,48,52
604,91,44,46,48
437,100,40,39,45
342,339,44,42,44
322,201,69,60,86
611,299,48,45,49
999,56,96,78,64
463,136,45,45,46
264,45,210,210,228
360,414,44,41,45
66,400,44,43,45
1182,114,238,235,254
348,232,174,174,200
291,105,32,27,28
1039,306,55,54,54
440,18,43,36,34
320,352,43,47,48
264,290,43,42,47
1069,62,85,74,63
1149,301,234,229,244
216,199,121,116,134
561,456,136,131,139
545,231,227,227,248
451,101,44,38,45
656,233,236,235,255
185,101,129,128,149
700,312,43,48,50
882,388,46,48,52
372,376,45,44,45
568,13,93,80,55
1027,362,49,50,53
238,338,42,41,48
1186,33,242,237,254
671,276,45,49,52
245,398,37,43,45
910,448,159,157,180
359,456,81,62,53
535,318,41,42,46
47,77,145,141,148
769,189,50,47,51
186,8,156,29,47
864,323,47,47,50
121,304,33,34,36
441,492,177,175,191
685,65,47,46,48
996,180,47,46,49
1031,239,45,49,50
48,35,45,35,40
688,400,55,48,77
662,51,45,47,48
149,64,151,136,153
811,113,46,47,51
956,74,89,84,85
567,231,231,234,255
547,49,46,43,44
809,252,244,239,255
1170,361,237,234,251
266,14,32,30,32
904,181,47,46,52
587,247,236,235,255
1061,26,76,65,62
191,151,33,37,38
492,256,216,214,233
454,62,40,39,42
85,168,71,46,56
184,148,35,36,39
1061,383,48,49,55
1128,53,226,225,243
899,47,110,107,106
991,487,45,47,51
1021,223,47,48,51
240,244,191,190,210
358,22,35,30,31
306,17,42,44,49
722,268,45,46,50
597,421,42,43,45
5,445,55,54,54
333,98,32,25,30
675,91,45,45,50
703,112,45,45,48
953,259,47,45,54
357,342,46,43,49
1185,324,239,235,253
118,8,117,110,122
751,457,48,49,50
480,253,187,184,197
222,257,201,200,221
174,118,120,119,135
437,95,40,40,43
42,32,229,230,251
546,60,42,44,48
926,34,199,156,103
385,69,29,28,27
64,458,49,50,49
157,402,42,45,44
164,26,164,146,172
949,407,46,45,47
411,32,37,31,32
462,203,231,227,251
467,361,52,52,55
455,442,182,183,200
739,484,104,100,99
299,246,197,196,216
981,253,47,48,51
259,333,42,43,47
8,383,45,44,46
280,478,77,74,63
1137,53,233,229,246
59,405,47,46,48
905,382,45,46,49
210,246,195,194,215
194,388,42,44,47
1024,240,47,50,50
171,351,44,45,43
972,142,48,50,51
705,317,46,46,48
1076,142,50,52,55
986,162,49,47,51
220,68,117,111,127
465,210,190,188,198
94,319,31,31,36
427,26,37,29,29
802,465,47,50,50
439,359,48,46,46
1029,292,45,49,52
913,56,83,76,70
425,475,148,125,100
780,104,45,45,49
96,166,35,26,31
1036,232,46,48,53
612,130,44,46,48
799,301,45,47,48
254,62,42,45,51
97,418,53,55,52
645,181,235,236,255
306,51,35,29,35
865,260,238,237,254
974,192,44,47,49
160,484,47,47,50
814,58,49,48,49
593,356,42,41,44
644,122,43,46,49
646,196,237,236,255
601,236,235,236,255
920,279,44,46,48
1071,375,51,60,65
601,20,49,48,50
254,136,32,24,29
483,491,114,99,55
1091,283,247,247,250
702,252,46,46,49
8,149,166,28,41
961,489,46,46,50
906,370,44,45,49
112,175,244,243,255
19,217,34,30,29
1122,30,228,226,245
501,483,123,112,74
97,264,45,39,41
1143,471,233,227,244
683,273,43,43,46
151,43,144,130,152
995,231,47,45,52
1041,22,108,84,66
447,443,139,120,127
925,367,50,47,50
547,389,43,42,43
783,356,43,45,49
559,369,40,41,46
973,124,46,46,53
790,62,49,46,52
13,265,35,30,33
582,155,43,45,49
819,358,47,47,49
335,310,40,43,47
630,321,42,44,47
316,54,34,27,28
742,96,43,47,49
321,90,32,25,30
1014,230,48,49,51
506,322,42,44,46
911,113,45,47,51
1112,290,230,228,246
1102,150,243,241,255
978,477,45,46,49
325,400,44,44,43
970,121,43,46,51
203,119,35,35,43
1096,332,242,239,255
147,36,138,123,146
293,317,41,44,44
922,332,50,47,51
547,320,44,44,45
137,218,196,194,215
1138,234,230,230,243
733,85,41,47,47
327,481,110,108,119
1087,305,68,83,79
633,407,42,41,46
179,249,202,200,223
949,398,47,43,51
145,344,42,38,42
451,260,234,232,255
586,439,131,127,113
243,265,200,200,221
897,380,41,46,48
240,61,217,214,236
239,368,43,43,44
1096,3,196,189,192
270,421,44,46,44
1153,4,239,233,251
238,461,79,73,52
1170,166,238,237,255
1140,158,229,228,245
724,196,241,237,255
982,112,47,48,52
970,416,46,45,50
940,301,47,44,49
960,161,49,48,51
680,444,42,46,45
871,51,97,95,89
1152,301,234,232,248
964,315,45,46,51
276,464,98,92,62
407,297,48,45,47
183,234,46,39,47
236,28,132,122,143
879,211,46,49,50
478,297,57,57,60
1082,18,59,56,62
757,69,46,47,52
151,319,34,36,36
363,444,59,52,50
76,491,51,49,52
458,456,180,186,200
88,181,213,205,227
870,204,46,47,52
1019,298,47,48,54
1108,171,238,237,254
1133,307,231,228,244
822,98,50,44,50
255,243,184,189,201
180,401,43,42,46
966,171,49,47,52
360,165,42,40,44
659,136,44,45,49
741,362,45,45,48
320,244,201,201,219
286,30,47,41,55
579,304,43,45,47
106,198,228,228,255
827,192,46,47,50
578,456,120,117,114
1159,22,238,236,251
1083,386,250,247,255
951,460,47,48,53
38,323,39,38,40
1063,219,49,49,55
367,135,33,35,37
136,162,137,139,161
194,140,36,36,39
831,295,46,48,51
230,272,203,199,223
113,150,202,190,210
24,65,107,97,114
632,261,44,46,47
999,242,49,47,52
953,83,48,50,52
24,37,224,226,248
841,469,53,50,52
1137,23,232,229,247
121,424,48,48,52
369,126,36,35,38
273,336,41,44,47
505,24,85,62,48
262,295,44,43,45
34,190,95,91,99
873,142,45,48,50
380,154,41,40,44
439,284,45,47,47
1195,436,238,236,249
10,172,99,99,109
332,72,33,27,28
202,456,46,44,49
1152,171,234,234,254
1124,194,228,228,244
416,140,41,42,44
711,162,48,47,52
1005,144,47,48,52
950,139,47,46,52
248,145,27,28,28
770,377,45,45,48
133,244,206,206,226
1138,55,231,231,243
775,460,46,46,51
57,439,48,49,52
880,169,46,45,49
932,262,47,47,51
360,159,36,38,39
978,170,47,49,50
579,397,44,43,46
755,393,45,46,46
734,466,150,145,161
856,280,43,45,51
837,254,239,237,255
251,127,33,27,29
503,163,49,50,51
176,375,40,43,43
1015,172,47,49,54
79,428,47,49,50
205,60,37,25,31
266,368,43,42,47
226,143,32,27,29
708,410,44,43,45
513,485,109,98,65
200,292,39,38,43
706,106,45,46,51
5,164,162,45,47
1121,423,225,227,243
719,112,48,46,51
1009,47,107,85,65
217,329,42,43,45
738,485,115,112,121
1132,214,231,227,243
758,342,41,45,49
1164,46,238,237,254
873,34,101,98,94
320,406,44,41,45
279,0,204,197,214
410,165,47,44,46
44,3,226,226,244
432,240,219,227,247
472,60,45,39,46
626,328,41,45,45
400,188,209,209,230
129,317,37,36,39
637,400,42,43,44
1175,396,234,234,247
1125,48,231,228,245
963,249,50,48,52
508,328,43,42,46
706,426,43,42,43
512,356,35,42,48
144,240,195,195,220
1078,453,55,56,60
311,245,56,57,66
721,160,46,46,50
1,359,44,43,45
638,423,39,43,45
1036,101,51,48,53
722,332,43,46,49
483,475,154,159,158
458,141,42,43,47
238,201,52,42,58
355,293,43,43,46
1069,203,50,52,54
940,83,45,48,52
1119,490,229,226,243
753,53,47,46,51
1082,290,246,244,255
49,206,68,83,61
418,231,224,225,248
942,140,45,47,51
820,149,47,48,50
1198,459,234,234,247
132,391,42,41,48
99,113,178,124,139
743,166,48,46,51
397,84,31,31,34
952,23,104,74,61
208,13,176,120,129
832,48,75,66,58
1088,114,66,64,68
283,202,185,185,194
1084,129,241,242,255
645,19,53,50,52
709,209,238,237,255
1196,250,239,235,255
674,476,105,78,56
587,136,43,43,48
338,228,202,201,221
317,127,31,27,34
188,119,145,155,168
419,260,223,224,246
309,288,47,44,48
333,251,209,208,227
1194,114,239,236,254
1102,481,234,233,250
663,235,235,235,254
666,481,104,78,59
329,359,42,42,46
976,137,48,47,50
4,189,74,69,84
229,126,31,27,31
865,116,47,46,50
96,95,154,26,33
823,347,42,48,48
666,134,42,46,48
212,43,199,182,198
524,128,48,43,49
254,263,197,194,217
526,79,41,44,45
748,68,47,47,50
1191,296,239,234,253
743,211,234,235,255
747,333,44,48,48
210,215,183,183,201
23,88,113,96,95
798,471,169,161,161
453,375,23,21,23
584,32,45,44,49
940,91,51,47,53
1186,55,239,237,252
1091,208,178,170,116
571,483,148,140,134
634,53,43,47,47
1024,15,109,85,66
1100,209,244,242,255
301,220,193,192,210
977,36,98,73,60
906,158,44,48,50
1134,252,227,225,243
1061,147,47,49,53
565,176,51,53,57
161,143,146,148,168
333,116,31,28,32
171,434,128,127,121
984,346,46,46,51
851,463,48,46,50
644,347,42,45,49
2,34,227,223,248
880,450,47,48,52
543,282,47,45,46
266,303,44,43,47
304,342,42,44,46
405,360,43,41,46
820,489,157,154,161
673,13,47,47,50
1119,274,231,228,244
681,397,57,51,80
863,498,111,112,73
1100,22,238,238,255
656,323,43,45,48
499,398,39,41,44
103,220,213,211,235
748,265,54,50,61
928,8,241,238,249
299,467,124,118,94
752,472,146,148,137
376,339,42,43,44
980,354,47,47,52
1083,109,54,58,59
835,402,45,47,50
1058,2,98,79,66
509,458,150,151,164
1072,176,52,52,58
670,464,97,75,56
852,426,51,49,51
239,314,44,44,45
806,301,44,48,49
322,38,36,31,35
1199,36,239,238,255
471,340,52,51,54
719,259,219,215,244
473,383,48,44,48
491,183,68,63,60
1012,465,50,49,52
513,134,46,45,50
557,459,144,140,150
381,55,31,26,27
1038,323,45,47,50
1049,444,51,48,53
712,209,238,236,255
165,351,40,42,44
686,312,42,45,47
961,319,46,47,49
315,292,43,42,46
369,191,199,199,222
17,197,71,65,73
1175,365,236,234,249
1017,326,44,48,51
297,31,56,53,61
905,429,81,96,141
788,442,46,44,50
5,45,72,66,69
174,234,196,196,213
657,171,49,48,52
351,144,33,36,38
1062,317,52,49,55
660,413,49,42,47
172,118,117,119,137
528,319,41,42,44
879,232,238,239,255
875,3,94,89,82
1030,14,106,81,64
249,197,185,183,203
355,101,31,27,31
192,67,200,186,211
509,354,44,41,48
866,39,97,95,90
276,207,47,44,46
890,314,45,45,50
279,279,44,45,48
57,31,81,71,94
128,224,195,191,214
240,147,32,26,30
434,134,43,42,45
349,470,60,55,51
661,485,100,77,58
816,291,47,47,50
955,214,44,47,51
995,123,47,50,52
983,44,102,77,59
529,339,35,44,46
104,148,196,185,205
929,317,42,47,50
745,272,46,48,52
25,230,32,29,30
72,38,115,107,115
827,319,47,47,52
989,498,51,47,52
528,470,164,162,177
8,173,101,97,105
255,114,31,25,31
1113,414,229,229,248
349,83,31,24,25
854,306,44,49,50
26,199,98,95,98
50,235,34,27,31
23,77,119,105,115
673,314,46,46,49
835,82,45,47,51
743,489,124,121,105
41,289,35,31,33
564,149,44,44,46
1162,32,237,235,251
980,432,47,47,49
734,156,44,46,51
659,352,44,43,48
1078,467,244,244,255
823,242,237,233,254
347,463,69,66,53
450,320,43,46,47
770,214,241,241,255
966,181,46,47,51
1195,327,240,239,254
696,466,118,99,68
959,1,106,82,72
883,362,48,46,53
628,244,46,47,51
513,181,217,216,238
734,181,45,50,52
293,239,60,57,66
365,259,210,211,235
105,203,234,230,255
1111,338,237,233,249
535,423,44,41,43
618,2,53,48,51
414,332,45,44,47
1031,38,104,78,63
1074,64,85,70,66
549,458,147,146,158
412,113,41,39,43
114,29,34,32,36
1052,477,49,50,49
43,406,45,45,47
73,87,148,23,32
662,476,93,73,56
532,134,44,45,44
967,47,85,65,61
263,494,88,75,55
1097,116,241,237,255
933,175,46,46,52
851,359,45,45,52
507,449,160,158,174
859,109,47,46,51
340,247,209,208,228
872,89,45,46,49
1115,290,229,229,248
548,181,225,227,250
1106,235,235,233,252
628,406,45,45,47
641,156,43,45,48
1024,334,44,46,51
757,474,150,141,147
928,67,87,80,71
1027,436,50,47,53
1162,278,238,234,250
810,303,45,47,49
849,482,171,158,106
112,482,47,45,49
904,48,95,92,90
213,451,46,45,49
142,323,37,36,41
211,154,35,30,29
424,176,46,47,46
803,150,44,46,49
504,286,46,45,48
771,228,233,234,254
203,206,190,185,207
558,149,44,43,46
413,95,41,35,41
364,268,212,210,235
239,491,66,66,52
313,211,193,193,211
686,454,109,83,56
539,492,169,163,159
893,469,46,46,50
130,394,46,43,45
315,211,189,190,208
12,453,49,47,49
491,433,174,176,194
430,30,34,29,33
582,198,233,234,255
62,79,29,28,29
908,450,56,43,76
356,363,42,42,45
55,149,179,114,132
241,82,48,49,55
113,327,35,34,37
589,280,47,45,48
29,370,49,46,47
87,386,40,43,47
1196,320,241,237,253
732,293,45,45,47
445,494,178,179,197
339,122,33,27,32
334,54,29,23,27
525,261,225,224,248
910,495,174,159,100
429,278,48,48,51
907,323,43,46,50
401,17,33,26,25
1119,366,235,229,247
1063,463,52,50,54
733,56,50,47,50
325,169,44,40,43
892,280,49,46,52
243,24,201,189,213
842,31,87,82,76
739,390,53,46,49
1015,58,101,85,69
60,142,159,29,40
1117,277,230,229,245
1182,361,241,238,254
43,71,118,108,119
235,165,189,184,204
1142,255,233,229,248
872,48,101,98,93
535,457,154,152,163
558,276,44,44,48
446,268,235,232,255
908,334,43,45,49
522,401,38,41,44
1055,419,45,50,54
16,460,46,46,49
286,79,34,29,32
753,341,44,48,49
254,71,44,44,49
212,365,43,46,43
1006,441,48,48,51
544,185,224,224,247
682,451,56,48,47
201,341,46,42,45
476,419,43,46,44
219,267,205,203,223
676,179,169,167,183
1178,220,236,236,253
1175,410,237,234,251
82,237,65,61,83
215,363,41,43,45
201,195,192,184,204
840,225,239,236,255
988,86,47,45,52
189,383,44,41,46
791,135,44,47,48
1160,289,236,233,249
441,489,171,173,188
248,2,179,166,188
833,230,239,237,255
108,45,189,188,209
229,331,43,41,47
284,169,190,182,203
418,257,227,225,251
766,402,47,48,50
932,385,46,46,47
962,329,46,47,50
388,94,36,33,36
90,5,35,32,32
252,454,68,64,52
914,70,85,81,77
153,76,162,146,166
861,403,46,44,48
222,402,44,45,48
1075,66,74,68,66
440,252,138,135,163
731,132,46,46,48
107,215,209,210,235
1028,166,47,47,52
533,486,154,150,156
368,458,135,121,117
818,155,43,45,50
1075,142,51,52,55
181,244,180,175,187
713,284,45,43,49
372,304,43,43,46
52,318,35,36,40
290,385,43,46,42
1033,172,51,48,54
485,105,39,41,44
235,344,46,45,48
321,91,32,27,26
759,456,49,47,51
461,57,40,42,42
648,92,45,45,48
729,292,44,45,50
560,373,37,40,46
333,35,44,35,37
614,421,43,45,47
138,171,49,50,54
306,185,188,187,206
1169,336,237,235,251
519,287,46,43,48
937,30,81,65,57
1141,324,232,229,245
93,272,40,34,35
179,480,50,49,51
568,250,231,231,255
347,5,45,41,41
829,397,45,46,47
609,251,234,232,254
71,472,63,55,51
635,444,60,51,49
2,232,31,27,27
49,119,150,24,32
80,305,33,32,36
475,445,176,181,201
726,388,45,47,48
793,249,242,240,255
662,208,146,150,193
1037,217,47,49,53
715,297,47,44,51
692,231,234,234,255
92,354,41,37,42
281,228,188,186,208
1066,307,212,223,255
85,300,36,30,33
689,153,45,43,49
1161,46,238,235,253
962,44,91,67,60
346,39,45,33,29
1053,195,49,50,52
586,97,44,46,48
350,413,44,42,45
931,445,50,46,53
932,270,45,44,49
328,350,43,43,47
755,146,49,47,51
1052,458,50,49,53
635,491,152,150,164
898,437,49,50,56
761,233,174,170,232
1193,335,237,235,251
173,485,45,45,49
458,21,92,67,50
781,314,42,44,48
835,335,45,47,50
1101,282,234,234,253
513,361,41,42,43
844,444,49,47,49
1183,289,236,236,253
323,121,33,31,32
303,303,43,41,46
182,312,40,38,43
603,314,40,43,46
750,392,42,45,47
943,300,44,46,51
515,330,43,44,46
699,419,46,45,48
1198,437,236,233,251
729,163,47,44,51
141,378,45,42,45
832,187,47,47,51
897,217,48,50,53
71,399,46,42,46
966,300,48,45,52
690,416,47,44,46
183,276,210,209,229
558,13,95,80,63
216,170,104,99,106
109,137,105,33,40
661,134,45,44,49
973,39,96,74,61
753,117,46,46,49
988,230,46,48,53
656,12,51,50,51
215,441,51,47,50
412,70,36,35,36
726,268,46,47,51
158,402,46,45,47
406,233,221,216,239
149,489,46,48,51
1053,364,49,48,53
348,32,39,30,28
744,49,48,47,50
501,465,168,164,173
1053,25,98,77,66
444,115,40,41,44
16,384,45,43,46
290,291,42,43,44
953,185,45,47,52
600,47,44,44,47
211,212,88,84,94
705,337,47,44,47
330,400,44,44,46
476,252,27,26,29
327,423,45,43,48
882,418,45,47,47
17,251,35,29,30
275,139,29,27,26
530,423,43,42,43
416,413,42,42,48
204,314,38,41,44
276,44,39,41,46
413,371,44,43,45
397,235,206,209,228
439,269,235,232,255
531,121,43,44,45
1057,391,51,49,55
643,343,42,44,45
918,34,123,118,114
599,487,186,185,197
510,301,40,43,47
397,118,41,39,40
1021,496,49,48,51
576,32,41,44,47
582,422,41,42,46
508,249,220,220,243
449,256,231,231,255
727,163,46,47,49
869,238,218,221,238
145,133,202,193,212
247,332,45,43,46
605,483,187,187,198
717,111,46,46,47
222,97,35,39,44
750,296,44,46,48
990,90,48,47,54
305,1,207,213,227
706,11,54,51,54
960,370,48,46,51
779,234,234,238,255
480,21,60,49,46
116,437,65,63,60
551,368,39,41,46
559,326,43,44,44
545,300,44,43,47
614,288,43,43,45
706,112,44,45,50
393,128,39,39,42
1127,280,228,227,241
46,390,44,43,49
232,281,208,207,229
937,183,42,49,49
279,249,193,194,215
1115,434,230,230,247
808,462,46,47,51
66,18,218,219,221
222,399,49,44,51
761,310,43,46,51
797,19,52,52,54
915,48,79,79,69
846,18,91,84,82
5,162,173,33,39
9,431,50,51,54
393,19,39,30,32
1030,302,49,49,53
757,347,48,45,52
662,451,68,58,53
418,480,139,123,121
933,367,48,46,48
377,152,43,42,43
654,38,42,47,48
611,37,45,44,50
1170,224,240,238,253
387,236,169,168,193
739,422,46,45,50
1065,262,53,49,53
1154,450,234,230,247
766,294,47,43,48
342,244,203,201,225
658,448,48,46,50
393,141,41,40,43
592,413,43,42,46
866,105,46,45,53
83,62,193,192,210
805,70,48,48,49
47,230,34,31,32
1046,286,174,176,197
189,240,200,194,215
936,83,51,47,55
1101,443,232,233,246
750,405,82,70,54
590,163,44,44,47
995,36,125,99,71
44,137,155,26,36
466,286,75,72,79
1150,408,233,230,243
615,374,40,42,45
416,56,31,30,33
115,260,214,211,234
1072,49,80,77,70
680,237,234,233,254
484,75,43,41,48
867,357,48,46,52
852,130,46,46,51
251,16,43,34,40
858,181,44,49,51
641,319,44,45,49
766,426,47,47,49
781,280,92,84,107
1153,305,237,232,246
443,23,52,41,38
410,71,36,33,36
990,379,49,48,53
1045,475,49,49,51
687,450,49,45,49
417,188,214,214,233
632,349,44,44,48
497,229,216,215,234
203,193,189,183,202
498,450,172,171,188
922,129,46,46,50
67,398,45,43,47
563,304,43,46,47
641,440,47,44,49
107,486,47,48,51
487,317,45,47,48
117,314,35,33,34
605,209,66,61,84
858,200,46,49,52
34,123,150,23,29
1122,473,228,223,243
1171,494,236,233,249
469,461,175,181,196
1133,282,229,228,243
413,235,220,225,244
1000,425,44,48,50
1159,174,234,235,251
208,341,40,43,47
430,146,43,41,49
832,267,48,48,53
858,207,48,51,53
266,290,47,44,47
384,189,203,203,224
362,357,43,43,47
197,135,34,35,40
427,269,229,230,252
759,145,46,48,50
204,117,35,35,39
13,397,47,48,46
1052,110,51,49,53
335,2,85,79,88
173,389,46,42,44
1199,51,241,236,253
253,59,141,146,157
520,304,48,44,47
450,60,44,40,40
186,235,193,191,212
70,320,34,32,35
730,98,48,46,52
263,146,31,27,28
209,342,43,42,42
674,466,105,76,56
480,408,44,44,46
229,179,190,184,205
381,145,41,38,42
715,148,45,49,50
702,370,47,43,47
758,54,49,47,53
797,53,47,47,54
746,61,48,48,51
1171,396,238,233,250
970,8,107,76,64
693,166,44,45,47
799,44,50,52,56
93,135,160,31,37
940,488,52,48,54
733,418,40,44,48
940,457,47,48,53
192,347,42,42,43
446,134,42,43,46
618,398,42,43,47
595,170,48,44,50
315,290,44,44,46
484,0,51,45,42
53,0,229,227,248
248,216,187,185,205
63,6,232,229,249
964,11,107,78,62
1102,446,234,232,249
416,459,117,105,114
1159,104,235,235,248
574,22,53,50,50
1188,318,240,235,251
145,7,48,35,48
828,11,88,86,81
273,38,123,125,145
515,462,148,149,164
1086,155,252,251,255
250,481,124,117,99
1003,279,46,47,48
327,336,41,43,45
1163,207,238,234,250
390,147,38,40,44
547,12,85,72,55
565,458,141,137,145
185,113,110,114,130
654,395,63,59,67
880,278,48,49,50
572,363,43,43,44
904,110,44,47,49
391,281,42,45,49
63,220,119,116,121
821,367,45,45,49
1151,405,233,231,247
211,214,185,186,204
828,499,165,164,163
936,28,85,63,57
166,258,208,206,225
1050,476,49,47,53
461,479,183,184,206
799,84,46,48,51
523,228,220,219,241
700,351,45,42,46
96,39,176,178,191
665,145,43,46,49
945,139,46,47,49
194,25,160,38,45
40,168,172,31,35
789,480,157,149,170
919,459,49,49,54
289,12,212,213,233
668,220,225,232,254
1131,425,227,227,243
195,237,197,192,216
272,246,193,191,210
1195,393,243,238,255
855,493,147,140,103
1113,3,236,233,252
90,170,49,34,38
522,295,42,42,46
682,438,41,43,43
686,336,44,43,46
116,281,202,199,229
1016,91,51,50,52
32,428,50,52,52
733,386,44,45,48
442,118,47,41,45
255,64,40,41,46
1091,414,245,245,255
966,400,44,45,51
810,117,48,47,50
663,86,49,44,48
192,7,155,28,39
216,246,195,192,218
964,218,50,45,53
226,454,59,60,50
218,477,49,47,49
727,205,241,238,255
645,442,48,45,47
49,148,163,29,37
560,69,44,43,47
390,194,204,206,225
141,404,40,45,46
1129,255,229,224,240
265,87,37,32,38
586,28,49,47,52
518,95,43,44,46
661,497,105,77,56
301,86,31,27,29
1176,228,240,236,251
212,93,189,194,214
1173,355,235,236,251
129,272,216,214,237
386,308,43,44,46
509,370,45,42,46
869,425,98,95,63
324,94,31,22,28
236,270,205,203,223
1014,493,51,48,54
699,318,43,43,51
179,165,37,35,39
973,475,50,48,53
79,488,49,48,51
862,103,48,47,49
875,250,79,67,116
957,110,47,47,50
707,316,44,45,47
962,223,46,47,53
543,111,44,43,45
232,154,37,33,33
50,250,32,31,31
1156,305,238,235,251
853,171,46,46,50
282,205,68,74,91
1066,432,49,51,57
719,40,66,55,54
872,380,44,44,47
694,398,119,124,144
285,156,31,33,34
1121,103,228,227,243
255,218,187,186,204
415,197,215,217,236
619,100,47,45,47
598,260,51,49,51
402,452,62,61,63
755,401,113,115,73
1178,272,239,237,251
684,366,47,45,45
594,363,41,45,44
640,423,41,43,44
56,38,148,143,161
123,460,52,49,52
678,290,46,46,50
37,227,34,32,32
1178,464,235,234,250
864,309,50,46,51
126,20,29,26,28
250,6,179,167,191
979,285,45,45,52
581,25,48,47,52
1145,396,232,231,246
807,227,242,240,255
422,286,47,47,48
702,259,46,47,48
609,495,172,173,174
815,324,45,44,49
361,216,196,192,211
1098,463,237,234,252
186,403,46,43,48
55,63,119,108,113
1114,323,231,229,246
618,416,45,42,45
162,58,135,119,138
624,155,46,45,48
247,360,42,42,47
459,474,179,185,198
354,289,44,44,48
1111,450,232,230,247
598,350,43,44,47
411,350,41,42,44
86,265,41,35,38
926,112,51,47,50
150,159,47,46,50
44,298,33,32,35
786,371,45,46,48
726,408,45,45,50
324,228,193,193,216
565,220,231,233,255
610,386,43,43,45
151,91,151,141,160
945,223,49,45,49
161,6,151,137,158
471,232,205,202,225
970,194,47,47,52
775,351,45,46,49
856,343,45,46,49
350,406,42,44,44
180,114,118,115,133
49,84,191,187,205
528,455,154,150,160
576,498,179,173,175
741,163,47,48,50
236,89,44,42,50
89,195,241,245,255
926,179,49,48,51
736,416,44,44,50
958,382,42,45,48
249,122,32,26,26
1170,329,239,237,255
1063,134,49,49,56
974,459,68,59,55
476,231,36,38,40
575,304,41,43,48
933,272,47,47,50
482,35,83,60,50
590,147,48,42,47
657,367,43,44,47
111,91,166,91,112
301,293,46,44,44
615,150,45,45,48
155,21,156,141,165
81,422,54,54,52
672,456,97,73,53
896,263,240,240,255
533,206,227,223,245
624,341,41,41,48
462,122,42,43,45
589,482,106,100,79
21,114,148,20,30
463,263,234,232,255
853,436,45,47,52
1144,249,233,229,247
306,493,44,46,46
1190,17,240,238,253
1140,210,231,229,244
728,253,238,238,255
1012,428,45,47,51
520,82,47,44,49
52,126,152,24,31
870,338,44,45,50
292,405,40,44,45
1020,370,46,49,52
266,82,36,34,41
847,227,236,237,255
713,257,238,235,254
815,126,44,45,49
910,425,44,47,48
588,248,235,232,255
514,217,218,217,238
41,387,43,44,46
1002,435,47,48,50
472,456,177,184,202
611,53,45,43,48
1070,460,168,157,78
254,380,46,43,46
160,281,211,212,234
207,218,190,184,203
2,356,42,44,45
1182,178,239,236,253
626,239,57,54,57
951,174,48,47,50
1036,229,47,49,52
331,188,190,191,211
130,456,47,47,52
622,476,183,180,194
26,307,37,34,34
801,50,54,49,51
409,23,40,32,31
788,168,47,49,48
971,46,90,69,60
519,347,41,42,44
79,357,42,44,44
501,280,47,46,48
119,76,146,128,149
773,444,45,46,48
979,161,43,48,51
710,379,46,45,47
149,15,181,176,194
1011,109,47,48,51
1063,343,49,51,54
76,80,152,24,33
557,254,230,231,252
461,441,176,184,203
22,489,67,63,55
1107,200,239,236,255
107,301,33,32,31
953,315,46,46,48
1107,79,232,232,251
959,65,53,52,53
896,365,41,44,49
348,294,41,43,46
1079,131,58,56,62
374,429,50,45,45
152,426,50,49,51
267,268,47,48,48
769,50,45,48,50
458,195,226,226,245
74,123,154,26,34
508,194,217,213,236
37,332,37,36,38
336,85,31,26,30
1004,306,41,46,47
0,67,19,21,24
463,384,52,50,53
1175,53,237,238,252
482,308,42,47,49
992,14,123,92,68
712,231,234,240,254
299,87,39,29,30
396,26,48,36,33
958,419,44,45,48
857,217,182,177,195
910,140,45,47,50
261,196,43,40,48
858,29,98,92,89
84,337,34,36,38
78,339,40,36,40
333,77,31,24,27
890,326,46,47,49
240,193,187,183,201
617,421,43,44,48
378,429,45,45,46
333,482,145,140,152
238,388,42,45,48
480,401,43,45,46
531,277,48,45,49
768,150,44,48,49
595,494,182,184,193
354,162,43,40,43
1195,254,241,237,253
879,407,44,46,49
329,167,35,36,41
389,293,44,43,48
908,373,46,45,48
762,271,50,50,52
915,305,43,46,49
655,205,235,235,255
19,413,61,53,52
151,254,208,208,230
148,88,153,139,159
456,268,236,233,255
346,366,45,43,46
606,239,237,236,255
584,378,41,44,44
729,459,119,117,117
736,358,44,45,48
120,345,38,38,40
889,5,90,81,72
1156,394,236,236,247
1101,10,241,239,255
84,473,104,93,89
110,100,159,29,35
736,394,46,44,52
587,176,50,49,51
1104,422,235,236,253
535,365,40,39,44
36,133,155,24,28
841,291,46,47,49
588,74,49,43,49
546,112,42,45,48
101,321,34,28,33
15,489,50,51,52
944,374,44,45,48
154,363,42,42,42
723,396,53,48,64
955,82,48,48,50
829,0,92,92,86
437,92,42,40,44
423,451,167,162,156
726,353,44,44,50
616,93,43,45,48
49,389,44,43,49
825,116,45,47,50
377,87,32,29,31
61,81,34,31,31
1033,110,48,50,51
804,422,46,44,50
985,405,46,46,51
815,464,45,46,52
731,347,42,45,46
595,52,46,46,47
518,202,215,216,232
141,266,214,210,235
483,264,203,204,221
1115,469,228,226,241
908,438,48,48,50
71,499,47,47,47
342,145,33,32,35
927,93,50,48,53
115,69,146,131,150
798,498,161,157,174
564,450,135,132,143
443,11,39,31,32
778,225,112,108,157
302,46,37,38,42
604,25,48,49,49
1052,216,49,47,54
860,196,45,49,50
351,339,43,42,44
192,153,33,33,37
959,414,48,47,49
490,78,43,42,45
213,143,37,28,33
1183,442,235,236,251
481,486,109,104,65
207,168,40,33,35
57,46,111,98,110
950,176,43,48,49
316,123,34,28,29
789,411,50,51,50
1153,90,236,233,248
586,70,44,44,46
487,298,49,46,52
1078,121,244,244,247
949,470,46,45,51
1002,370,49,48,51
100,78,152,134,156
1131,253,231,227,244
456,379,36,43,42
948,176,44,46,53
483,303,47,46,50
368,390,40,43,46
1012,228,45,46,52
1148,294,234,232,247
491,305,46,44,50
574,409,42,41,45
122,343,37,35,40
751,485,163,158,162
594,20,48,49,49
1048,1,172,166,179
245,28,199,190,212
699,404,47,44,48
905,22,114,107,98
154,152,80,80,94
549,230,174,173,208
762,462,51,49,50
333,185,193,190,212
215,231,45,39,44
200,169,49,42,54
2,187,107,105,110
1157,275,233,233,251
651,252,47,49,49
1075,3,106,83,69
671,37,43,47,47
963,189,42,46,51
915,141,48,47,53
965,274,49,47,52
553,351,41,42,45
870,246,63,60,63
148,422,48,49,50
7,190,101,100,108
136,18,190,188,209
754,72,48,46,49
567,427,37,41,44
282,244,169,169,185
1104,468,235,233,252
670,471,102,75,57
220,348,46,43,46
644,196,243,240,255
1016,196,51,48,52
722,18,129,86,63
113,393,41,44,46
773,318,44,44,50
222,397,39,44,46
755,323,46,45,50
322,289,46,43,46
757,472,142,136,134
336,406,45,46,48
796,473,173,166,161
485,341,44,44,47
396,301,44,43,45
314,53,30,27,29
655,398,42,44,43
47,83,192,187,212
619,91,47,44,48
745,40,52,50,52
599,411,40,45,44
908,224,77,76,89
254,440,55,56,51
259,22,70,51,77
758,140,45,47,47
234,401,43,43,46
475,52,44,39,45
586,470,117,110,100
4,103,137,20,29
987,106,49,46,54
454,223,225,226,242
316,63,30,28,29
912,143,48,48,51
1139,395,232,229,244
516,429,47,44,49
4,207,30,30,33
1085,396,250,252,255
949,375,46,46,49
684,53,45,48,50
967,343,45,47,48
187,42,191,167,192
876,332,47,47,53
389,33,42,31,32
100,101,157,32,41
430,414,44,46,48
579,478,125,115,99
381,220,205,206,226
940,333,47,47,49
904,262,241,237,255
252,114,35,27,31
570,185,230,232,253
709,122,46,46,51
973,428,45,45,52
746,347,42,42,46
306,84,33,28,30
563,205,64,59,62
774,129,44,44,50
380,259,216,216,239
176,21,157,36,53
140,330,37,37,37
1114,32,235,234,248
234,184,190,185,204
0,234,30,28,30
1089,329,242,242,255
797,491,160,154,168
839,60,47,48,50
1146,257,233,229,248
205,430,45,48,49
1101,51,237,232,251
1021,40,101,77,64
429,138,42,42,44
985,288,46,46,49
179,79,36,29,32
175,498,47,49,49
351,193,196,194,216
788,458,48,47,50
1142,69,230,229,244
619,337,42,45,48
889,65,84,81,75
616,4,45,48,52
268,498,100,85,59
539,168,43,45,48
1165,92,236,233,253
810,216,241,239,255
950,21,114,79,64
144,118,60,39,56
480,320,49,47,49
316,367,42,42,45
1090,472,237,236,252
85,387,45,41,45
1037,159,50,49,55
1002,302,49,48,52
155,192,197,193,216
53,427,50,52,53
608,25,49,49,51
1101,57,237,235,254
498,422,42,45,43
502,473,105,100,76
312,367,43,45,47
873,362,48,47,51
963,342,45,45,48
164,72,143,131,152
1016,378,46,47,51
613,109,38,45,49
948,220,45,49,48
1162,344,235,236,250
1112,62,233,229,247
137,157,226,227,246
816,426,50,45,51
475,347,44,44,50
172,171,197,193,215
1050,499,52,49,56
60,158,165,32,41
49,59,116,107,111
656,483,90,70,55
436,0,38,31,29
626,70,46,45,47
886,422,57,48,48
559,88,47,45,47
967,205,49,48,52
468,417,46,45,47
463,11,134,107,84
1178,234,240,235,254
206,223,190,187,209
341,260,211,211,231
285,130,31,25,29
245,36,40,33,33
695,146,47,52,50
179,166,37,36,41
572,432,43,44,46
527,419,42,41,45
807,219,237,239,255
1117,226,234,230,247
677,348,45,42,48
283,18,215,211,231
1068,181,51,52,54
296,251,202,197,219
387,404,43,42,43
980,488,46,49,52
1038,349,46,47,50
328,220,198,196,220
1062,39,109,102,105
1036,110,47,49,54
385,298,43,42,46
427,424,45,44,49
234,30,41,32,33
577,115,43,42,45
1012,27,100,78,63
851,46,102,91,65
1109,465,232,230,247
1155,394,234,233,247
886,454,47,46,51
807,311,44,45,47
977,390,43,44,46
630,443,54,48,52
1136,468,229,227,245
47,391,43,45,48
947,136,48,45,52
960,182,47,46,49
116,3,123,111,121
879,408,47,46,50
711,329,45,46,52
96,279,36,32,33
609,137,43,45,46
735,366,47,47,50
459,298,47,48,51
373,489,55,53,51
1189,393,240,236,249
586,15,96,87,71
1115,485,226,227,241
283,479,59,58,55
817,456,46,48,52
919,315,47,46,51
265,468,109,99,73
243,62,167,170,195
887,474,45,49,51
622,173,48,47,52
15,453,51,50,55
548,389,43,40,45
716,492,154,146,158
501,445,165,165,180
459,157,45,43,45
524,421,42,41,47
226,297,40,42,45
260,13,33,27,30
190,487,42,48,47
459,384,54,55,58
226,492,55,53,51
1060,308,102,76,83
362,444,59,52,49
1094,440,240,237,255
314,489,51,53,58
958,306,47,46,49
916,25,186,135,80
720,62,48,45,49
401,181,50,48,50
937,252,45,48,49
349,212,154,149,167
581,200,229,231,254
1109,191,238,237,255
870,386,45,46,50
663,301,46,47,48
42,336,37,36,41
220,472,53,54,49
8,435,50,49,50
580,263,236,235,255
320,441,58,56,52
41,129,150,26,36
357,334,38,43,48
608,302,42,41,46
351,321,44,42,46
401,318,42,44,48
877,483,170,158,106
1127,21,230,228,245
295,124,33,26,30
714,462,143,130,120
1184,138,241,237,252
830,162,49,45,52
929,182,47,50,52
358,237,56,56,61
747,209,242,241,255
188,33,187,171,194
682,23,50,50,53
127,165,241,238,255
95,299,36,33,36
225,13,175,161,185
337,212,202,199,219
1028,433,47,46,50
709,412,41,46,50
954,41,110,81,61
161,310,37,37,40
1086,93,255,251,255
333,496,134,133,152
178,480,48,49,49
1143,488,233,228,246
884,14,76,68,62
122,222,195,196,216
1181,279,241,238,252
421,14,34,29,28
716,111,45,45,48
251,237,136,134,144
817,218,241,240,255
170,199,176,178,188
404,270,225,223,245
974,330,46,45,50
526,238,54,54,55
924,275,49,46,50
1005,103,48,48,52
906,202,47,47,52
1110,0,239,235,255
381,208,136,131,141
938,286,45,47,50
1089,135,82,77,74
184,384,43,43,46
1139,190,230,229,245
2,397,46,46,49
920,304,46,44,49
760,83,45,47,50
277,488,87,73,53
481,376,42,41,48
204,20,186,170,194
1020,350,47,46,52
1144,51,236,232,247
710,114,43,45,49
272,68,41,43,47
1187,306,240,237,255
1156,364,234,234,250
523,235,211,215,238
582,275,50,47,51
163,302,39,38,41
306,45,39,35,41
687,227,239,237,255
86,121,184,118,138
86,327,38,36,38
152,16,155,139,160
304,277,42,42,45
623,439,46,47,46
94,77,169,118,134
880,238,237,236,254
898,404,45,45,50
1074,37,110,99,106
1014,224,48,49,54
1158,213,236,234,251
1081,472,231,234,255
976,470,47,47,50
303,397,43,43,45
1107,247,234,232,251
1001,442,46,48,51
909,216,49,46,52
1169,73,236,235,251
814,446,45,46,50
1024,433,45,47,52
46,2,228,224,249
575,369,37,43,41
661,109,44,45,48
653,375,40,43,45
705,299,46,44,50
519,157,45,44,49
83,229,54,56,61
949,296,43,45,48
319,185,192,193,211
967,291,44,48,47
765,183,48,47,51
252,262,200,199,221
86,100,155,27,38
915,445,65,61,111
83,151,161,31,36
332,448,61,63,52
624,66,44,45,46
315,45,39,30,33
619,264,44,44,49
553,227,71,63,62
202,464,48,47,47
753,151,47,45,50
661,397,39,40,46
542,359,45,42,43
69,245,38,35,35
686,192,238,238,255
945,53,103,72,62
277,472,91,84,60
634,55,48,43,48
351,375,45,43,47
1114,245,232,231,246
388,316,46,45,47
1001,322,46,46,49
18,374,45,44,48
449,223,228,227,248
246,185,190,184,203
981,122,46,47,50
107,322,36,32,34
557,356,45,44,49
971,157,52,48,50
860,214,51,53,53
486,425,42,43,47
56,55,114,104,113
229,268,203,203,223
1193,67,240,235,254
991,186,47,49,52
164,12,160,144,167
102,57,141,123,145
1008,245,49,48,52
205,477,41,46,48
426,46,31,31,31
80,318,38,33,37
160,153,47,49,54
1099,464,236,235,250
453,73,43,41,44
577,330,40,44,48
64,344,37,38,40
297,391,43,42,46
134,494,49,47,48
157,224,199,196,214
1157,233,237,235,248
1029,81,92,78,67
491,17,73,56,49
202,135,35,33,38
606,271,44,46,48
1063,380,50,50,54
293,287,45,43,49
1033,208,45,47,53
788,197,48,49,52
40,211,56,54,59
534,172,45,48,51
478,392,44,42,47
909,419,45,45,50
633,152,48,45,48
522,81,42,45,48
710,364,43,45,47
1196,451,233,235,249
910,369,46,44,48
1019,403,46,46,48
53,127,153,24,32
255,233,189,186,205
198,449,51,49,51
941,285,44,44,51
731,398,49,45,50
970,490,51,46,51
397,107,37,38,39
15,238,33,27,26
889,12,88,82,77
662,262,42,46,47
295,116,31,29,24
293,276,44,41,46
220,78,101,104,120
482,164,45,45,46
1091,190,250,248,255
36,148,162,27,33
699,69,47,45,48
610,33,44,45,46
544,34,44,45,44
1108,365,236,235,254
625,372,39,43,44
480,499,104,93,53
1187,348,237,237,253
134,310,34,34,36
834,497,167,162,147
740,22,50,48,51
955,280,44,48,49
838,336,49,46,49
49,215,73,70,72
611,310,46,45,50
491,16,74,56,50
412,142,43,43,46
712,20,127,85,60
1196,7,239,237,253
1063,142,50,52,53
740,443,49,46,48
632,222,231,234,255
54,218,90,88,93
413,154,42,42,43
761,66,46,48,52
529,27,76,57,43
347,42,41,30,31
1063,148,50,49,53
189,490,46,47,49
469,406,41,43,44
228,95,33,36,42
609,479,176,172,182
197,90,98,105,121
18,251,38,30,34
29,294,38,32,34
377,224,208,207,229
112,217,208,206,230
92,235,211,210,233
567,259,234,231,255
493,344,47,44,45
727,196,237,236,255
396,273,52,50,65
587,26,50,47,51
1072,486,52,51,57
143,425,47,47,48
1051,241,49,50,54
127,483,45,46,48
567,346,40,43,43
760,499,155,153,158
1147,220,235,233,247
948,23,98,69,62
193,468,47,46,49
247,368,43,43,45
764,450,47,46,49
967,264,45,47,51
532,113,42,45,45
394,358,41,45,46
531,124,43,43,48
1095,172,241,242,255
53,9,230,228,253
335,211,193,193,209
379,104,35,30,36
515,181,220,219,240
986,342,46,47,51
1063,197,51,49,53
123,203,210,212,236
967,352,49,47,50
202,61,37,25,30
334,359,42,44,48
1144,460,228,227,244
197,384,44,42,48
126,355,40,38,40
69,355,42,40,46
502,158,48,46,48
443,352,43,45,46
373,453,159,143,144
705,58,45,45,51
620,421,45,46,49
879,418,45,50,52
647,490,94,68,54
1120,213,225,225,245
772,344,46,50,50
71,266,39,31,35
969,417,45,46,51
999,394,47,47,50
13,344,39,43,41
765,281,47,48,50
562,151,43,42,50
185,473,64,65,74
757,465,114,117,83
1076,92,86,81,69
831,25,80,76,69
296,468,110,102,73
507,410,40,43,45
972,484,47,46,50
149,401,42,43,45
840,419,48,41,54
443,432,20,15,18
152,325,38,36,36
988,462,48,56,82
743,100,48,46,49
209,457,45,47,48
810,361,48,47,51
606,274,45,44,47
681,199,236,238,255
95,27,117,109,118
117,147,195,188,210
236,392,41,43,45
54,209,49,53,50
885,471,48,48,49
777,333,42,48,49
818,220,242,240,255
325,108,32,25,30
822,214,233,236,254
1156,78,236,232,250
633,277,43,46,51
942,398,48,46,50
1075,47,86,78,73
334,242,205,204,228
339,415,43,43,45
632,142,42,48,49
15,402,46,46,48
812,220,242,241,255
1072,291,64,57,55
271,53,49,47,55
840,55,61,58,58
1176,359,239,236,252
959,419,46,47,50
675,131,43,45,49
279,300,43,43,42
340,238,203,201,226
337,262,211,210,230
700,316,48,46,52
762,477,152,145,154
723,395,49,47,52
685,46,46,46,51
291,400,43,44,44
905,162,49,47,53
782,243,238,238,255
723,407,46,46,50
661,227,234,234,255
367,254,212,213,234
1123,245,227,228,243
310,46,36,31,35
361,249,159,152,160
424,33,38,30,29
868,282,52,50,55
176,209,191,186,205
938,106,47,49,52
645,259,47,44,50
943,68,99,96,93
812,202,50,47,53
466,370,49,47,51
990,452,46,50,54
593,418,43,40,46
990,453,53,51,54
152,7,40,35,35
633,341,45,44,46
397,442,201,207,225
748,372,40,47,48
209,455,46,47,50
629,235,55,54,59
556,425,41,42,44
75,338,36,38,41
732,339,43,46,47
988,205,50,48,51
963,105,46,48,51
774,243,237,237,255
891,352,47,45,48
579,390,40,43,44
584,329,42,43,45
962,120,48,50,52
230,486,53,52,51
856,177,46,49,50
621,260,47,48,51
926,242,50,48,52
766,142,48,47,51
1073,20,63,59,63
794,230,239,238,255
330,292,46,44,47
190,267,208,203,227
370,26,36,26,29
601,115,44,44,48
415,103,41,39,42
686,394,72,48,80
1189,286,242,238,250
41,274,30,31,28
163,412,44,44,47
559,368,39,42,46
630,69,47,45,50
1043,408,50,48,50
717,190,243,235,255
1129,418,228,228,244
836,334,51,47,51
88,237,221,220,242
1041,115,48,47,52
467,112,42,45,43
326,176,194,192,212
820,315,47,46,51
996,463,126,132,161
887,331,47,47,49
351,422,40,43,43
1154,397,235,232,249
474,424,42,43,47
714,348,44,45,47
414,206,61,54,57
654,86,46,44,50
1053,248,49,50,53
1161,45,237,236,253
461,95,44,41,45
676,323,44,42,47
481,64,41,43,44
333,386,43,41,44
106,173,130,131,151
474,460,178,183,200
446,390,56,55,67
584,304,46,46,47
255,366,46,43,48
328,183,188,187,209
526,333,46,44,47
189,50,164,38,54
63,218,131,129,134
689,114,46,44,48
1078,423,249,247,255
578,338,44,42,44
557,350,44,45,47
482,299,49,49,51
151,162,44,44,50
558,415,40,42,44
907,35,94,86,77
839,26,85,85,79
76,384,46,44,47
806,288,47,47,50
858,282,46,47,51
20,240,34,31,32
481,172,51,53,59
84,74,151,31,36
859,142,48,46,53
363,61,37,24,28
617,478,177,174,184
202,257,203,200,223
566,254,231,230,254
289,19,181,189,211
5,182,65,81,61
248,138,32,28,30
1116,143,234,230,250
468,49,38,42,42
453,393,39,36,38
846,210,44,50,55
814,105,46,47,50
103,341,39,37,40
822,120,46,46,52
13,92,122,96,85
714,469,148,139,144
537,490,139,131,120
924,388,46,43,50
15,460,51,48,49
261,267,48,47,52
1092,194,248,245,255
191,366,42,42,47
736,168,46,44,49
205,17,175,108,130
770,252,241,239,255
424,94,43,42,44
59,252,37,27,30
755,31,48,50,53
267,452,57,55,54
977,279,49,46,51
501,407,40,43,44
56,449,51,48,52
916,100,46,48,51
1016,43,99,81,62
687,329,43,45,48
898,349,43,47,48
376,380,43,46,46
168,271,208,204,228
267,472,110,107,77
787,458,52,47,52
905,205,47,48,51
997,169,50,48,54
827,325,44,46,50
836,18,89,87,83
221,365,41,44,47
1034,157,48,48,51
555,234,231,232,251
593,166,42,45,49
1183,335,242,239,251
713,14,70,58,56
698,343,44,45,47
825,229,240,239,255
320,316,42,42,45
546,290,45,42,46
426,400,39,42,46
880,286,43,45,48
684,394,155,148,149
268,338,41,43,45
122,201,213,213,236
65,186,38,28,28
401,256,225,223,245
1132,73,230,228,244
1052,445,47,50,51
1042,79,69,65,59
714,404,47,44,51
98,329,34,36,37
318,327,43,43,47
49,255,35,31,31
329,256,204,204,226
915,143,48,49,52
259,18,36,29,32
790,354,46,46,50
850,330,45,46,50
1103,384,238,237,255
337,69,29,28,27
9,473,49,47,49
727,299,46,45,45
485,58,41,43,43
640,356,46,44,50
892,101,50,46,51
764,331,48,46,49
155,377,42,41,45
75,25,109,102,109
603,475,164,158,162
786,353,45,45,51
460,44,42,39,43
222,101,35,38,43
37,248,33,30,29
394,457,163,167,186
790,183,50,47,51
505,418,44,41,45
1025,274,43,50,53
972,294,46,48,49
823,468,48,48,54
647,344,46,45,49
1039,297,183,181,242
938,2,142,96,73
1074,432,238,236,254
477,9,50,45,41
302,62,31,28,30
873,129,47,48,52
495,185,188,185,201
389,330,40,42,46
756,455,43,47,49
315,263,206,205,229
1041,414,48,45,51
55,279,34,28,31
1012,318,45,47,51
544,318,46,46,47
886,391,43,43,50
422,326,39,42,47
736,352,48,44,46
168,492,44,45,48
485,37,79,59,50
802,313,46,47,51
832,158,54,47,51
263,254,196,195,213
976,320,47,44,50
625,411,40,45,44
692,481,122,95,70
246,28,203,192,216
757,265,152,159,190
918,111,44,46,51
322,205,137,143,160
1167,69,235,235,252
661,180,237,235,255
1032,180,45,47,55
44,439,48,47,52
522,433,134,130,129
830,2,94,92,89
185,404,44,44,49
1012,88,52,49,55
75,361,43,41,42
1063,457,51,51,52
317,13,47,46,51
1158,104,233,233,249
918,278,46,47,52
711,278,45,46,46
1154,327,234,230,245
1003,447,48,48,52
377,473,59,53,53
1073,381,126,130,99
1179,136,240,234,252
800,78,46,47,52
270,223,190,189,207
1090,428,246,243,255
1059,186,49,48,54
788,265,242,239,255
52,27,63,62,68
1001,443,48,47,52
815,194,47,47,53
278,2,206,195,214
617,477,178,177,186
510,141,51,47,51
42,182,176,31,43
201,359,43,42,45
1042,382,47,48,53
721,204,239,237,255
1131,2,232,227,245
893,94,51,48,50
895,347,48,46,50
703,62,44,44,47
1035,290,53,52,54
264,151,36,29,30
951,451,66,40,67
1075,418,171,161,163
397,105,37,34,37
954,135,46,47,50
461,54,42,37,42
1051,433,51,47,51
879,340,46,47,50
77,307,36,29,32
476,159,46,43,46
957,3,111,83,67
552,283,41,45,49
694,496,130,100,66
924,234,49,49,54
67,114,153,23,33
548,246,226,228,249
954,32,84,64,58
858,329,44,45,47
143,166,43,45,51
269,145,35,30,29
813,272,50,48,49
456,479,183,186,206
375,384,40,44,46
173,493,47,46,51
381,448,179,194,221
491,64,37,42,44
908,361,49,45,49
266,204,105,104,121
437,441,34,35,41
475,296,57,57,59
809,241,100,90,146
804,120,49,46,53
585,316,40,43,45
462,458,180,187,205
459,433,185,189,209
1056,420,50,48,51
886,395,45,46,48
189,485,46,46,51
498,299,42,44,46
584,193,234,233,255
1119,308,229,227,244
1188,237,239,237,254
239,443,48,51,51
981,74,74,64,59
1116,363,230,228,244
725,479,155,146,160
671,477,103,78,57
1021,497,50,46,53
1120,212,227,226,248
723,353,42,43,49
977,362,44,46,49
757,191,45,47,52
1053,480,46,49,53
940,360,45,46,53
69,65,178,178,198
1150,254,233,232,245
963,486,46,48,50
408,314,45,45,45
968,372,44,47,49
28,43,69,65,68
240,356,48,43,48
1045,209,49,49,53
1086,57,252,249,255
1143,289,233,229,247
578,164,46,45,46
623,363,46,41,47
164,22,160,143,167
1009,355,47,47,50
297,401,40,44,43
63,395,49,46,47
645,113,44,46,48
518,193,223,220,244
146,419,47,49,49
435,61,38,35,42
8,372,45,43,46
68,392,40,44,47
65,187,40,32,29
380,463,91,79,82
1055,351,48,49,55
143,288,39,33,40
263,440,57,56,53
911,268,237,235,255
121,390,47,42,49
10,249,38,33,33
1185,111,237,238,254
1022,366,48,47,53
136,176,60,55,64
552,32,44,42,47
558,138,47,44,48
1103,91,238,234,255
376,382,42,44,47
776,257,241,239,255
125,223,199,195,219
917,0,114,73,66
522,131,42,45,49
822,67,48,48,51
3,242,36,29,31
1164,73,237,234,253
824,32,65,63,58
274,429,74,71,58
881,496,178,162,113
212,244,195,193,212
451,56,38,36,42
784,25,52,50,51
502,435,173,175,195
584,463,123,118,113
302,467,131,120,92
29,202,108,108,113
228,139,33,27,30
390,377,42,43,45
808,297,47,47,50
850,74,50,49,53
748,86,44,47,48
50,362,43,42,43
134,447,51,47,46
709,262,48,48,51
282,476,123,116,91
322,479,103,99,102
413,37,38,29,31
403,152,38,43,42
374,212,200,201,222
1065,129,49,50,55
1100,474,236,232,249
630,368,44,42,47
191,214,185,183,203
885,276,48,48,51
468,218,164,162,194
494,304,41,46,47
1177,371,239,236,250
399,239,56,57,60
288,84,35,28,31
801,451,48,48,49
602,391,43,41,46
766,160,48,48,48
804,135,46,46,50
674,50,47,45,48
139,195,200,198,222
513,287,45,43,47
548,193,230,227,251
366,493,79,69,54
767,212,242,238,255
337,446,67,64,53
868,151,48,46,51
158,65,143,128,147
126,420,50,49,52
926,364,45,44,50
1154,76,236,235,251
1036,216,50,47,53
553,26,47,48,48
272,480,55,49,48
385,3,39,30,31
2,62,20,23,22
728,444,47,47,50
261,219,190,186,206
530,361,40,40,46
829,139,45,47,49
608,412,40,44,45
440,491,171,173,187
818,270,49,50,52
1070,430,100,84,59
517,446,150,144,159
47,135,154,24,34
787,11,49,50,52
1142,481,230,229,247
350,465,64,61,54
1041,497,50,50,53
593,499,169,165,172
600,63,43,44,46
811,271,47,48,50
123,440,50,49,50
620,213,69,51,94
508,208,212,208,229
1047,44,118,104,93
712,356,49,45,48
542,55,45,44,45
323,425,43,44,46
435,347,44,43,48
1017,174,48,47,51
514,476,104,105,79
1002,152,49,49,50
1038,29,107,80,66
769,217,237,238,255
328,440,67,66,51
1176,318,238,235,252
9,162,173,34,41
424,181,48,48,50
931,301,46,45,51
1049,317,47,48,53
845,65,52,48,52
281,90,37,28,31
295,480,70,66,53
3,141,162,27,36
1080,114,64,63,81
140,415,42,45,46
637,469,133,129,132
948,177,47,46,51
811,83,50,49,50
898,355,44,45,48
786,172,45,46,50
61,417,65,59,55
704,161,46,45,49
1062,222,49,51,51
452,360,51,51,61
289,428,85,83,57
132,250,210,209,232
160,351,39,38,47
837,70,50,46,53
982,97,47,49,51
303,485,80,84,88
1022,200,47,48,54
542,458,131,125,140
1044,2,91,74,61
342,200,195,196,215
1083,5,248,247,255
647,296,46,42,47
1170,266,238,234,251
49,6,228,226,250
562,454,129,126,139
6,176,67,66,77
673,132,45,48,47
990,116,45,49,51
551,394,42,42,45
13,166,174,32,42
731,74,47,46,49
107,485,47,48,52
1039,81,71,63,58
626,170,45,46,50
1030,228,49,48,52
390,68,28,26,27
210,176,186,184,202
208,379,43,44,45
96,190,246,244,255
935,399,46,47,48
835,29,79,76,68
1072,329,49,51,56
244,229,139,137,164
394,179,47,45,49
387,408,42,45,44
388,57,29,28,29
826,377,43,45,51
1153,148,234,234,246
451,460,181,178,193
349,161,38,37,41
481,351,45,45,47
544,248,231,227,254
966,245,42,48,51
567,113,43,44,44
1180,32,239,237,253
144,444,46,48,50
1058,59,82,70,64
255,231,187,184,204
334,41,61,51,49
697,453,61,50,45
648,8,51,49,53
1030,378,51,47,49
466,326,42,37,47
654,353,44,43,46
1103,90,237,236,254
135,443,49,48,50
143,414,40,44,47
882,319,49,45,51
699,260,43,47,49
1026,108,45,49,52
750,39,47,50,52
984,169,49,48,52
454,195,225,225,247
778,234,236,236,255
872,456,50,49,52
64,12,229,228,252
548,16,52,47,48
815,413,57,50,50
234,202,120,111,133
425,463,165,141,134
575,353,43,43,46
1078,153,247,245,255
691,285,43,45,49
319,447,81,76,52
484,346,44,45,47
459,85,36,40,45
130,56,160,143,165
617,169,46,46,49
23,395,46,47,49
950,266,43,45,45
1042,364,44,47,52
1141,304,233,229,244
943,282,47,46,49
199,245,196,194,215
921,105,46,49,50
793,272,58,58,62
510,300,42,44,47
77,200,102,96,105
864,420,127,123,90
69,403,37,45,46
141,223,200,195,215
129,179,218,222,244
61,389,44,45,47
1195,21,241,237,252
61,149,163,37,64
696,333,43,43,48
72,403,43,43,50
889,250,238,236,255
1130,94,229,226,242
155,57,131,115,136
774,108,42,46,50
967,361,51,47,53
1029,124,50,48,51
288,382,40,42,46
315,104,29,26,30
938,420,46,45,47
1190,300,238,237,254
795,164,48,47,48
717,65,46,45,49
1195,250,242,238,255
542,168,49,47,51
759,229,240,239,255
259,459,102,90,60
900,65,105,101,97
437,190,219,219,243
202,487,47,48,47
792,493,160,156,168
1097,217,245,242,255
162,404,40,44,47
396,497,92,79,58
913,218,46,48,51
218,469,48,49,52
1188,209,241,238,255
938,373,44,46,49
891,207,45,50,49
724,162,49,47,51
245,234,188,185,206
1121,139,231,229,244
594,6,98,84,72
460,411,46,48,53
291,90,30,24,27
962,75,69,60,58
629,309,44,42,45
215,29,183,173,194
12,377,45,44,48
19,75,115,106,116
135,336,41,41,42
1123,387,232,231,250
43,443,49,52,51
414,131,42,42,44
681,201,239,237,255
1143,452,230,229,248
68,347,38,38,42
909,391,47,45,47
480,18,69,53,47
80,167,197,190,202
361,269,204,205,230
119,204,214,213,238
1146,54,235,231,250
59,232,36,39,37
514,95,38,39,40
744,280,45,47,49
397,354,42,45,46
541,357,45,42,45
323,285,43,45,45
247,35,81,69,91
1076,68,71,65,65
716,166,46,47,49
573,37,42,43,48
382,427,43,45,47
654,199,237,237,255
118,231,76,59,81
330,146,31,32,36
1051,190,52,49,54
983,415,50,52,56
434,143,42,43,44
1187,197,240,235,251
401,357,44,42,46
402,157,47,41,47
652,329,42,45,48
1041,142,51,51,53
676,403,43,45,46
939,274,47,46,52
36,371,41,43,41
1000,432,45,48,51
20,361,44,43,45
760,325,42,45,51
447,277,81,74,99
902,101,49,46,51
817,214,239,238,255
813,266,53,51,53
127,181,221,221,249
495,411,39,42,45
269,379,42,43,45
280,397,44,42,47
600,445,186,194,216
43,216,28,26,33
435,270,234,232,255
809,101,48,46,50
496,381,41,41,44
488,21,67,53,47
418,242,223,222,242
471,304,49,45,49
1025,267,45,50,52
281,256,200,196,215
997,423,49,48,52
391,309,44,43,45
704,30,55,51,54
455,400,64,62,67
882,88,45,48,52
990,427,48,47,49
118,11,118,113,118
1133,286,228,228,242
222,15,175,162,183
594,107,43,44,48
1132,56,230,226,244
433,124,40,41,45
168,351,44,41,44
453,405,72,67,73
1018,414,47,47,49
490,376,44,43,45
484,91,41,43,44
262,16,31,29,32
1172,252,239,236,251
907,460,46,48,51
423,198,223,221,243
460,46,41,36,43
708,196,238,237,255
97,13,113,107,120
767,191,46,48,52
339,427,46,45,45
500,378,41,42,45
247,13,165,160,176
222,170,181,178,196
122,296,38,34,34
330,475,101,95,103
323,179,189,189,207
295,162,42,37,42
1036,304,51,49,55
1039,30,107,81,63
18,492,67,60,57
920,106,46,47,48
1144,102,231,230,247
934,294,47,46,50
893,357,46,47,51
276,162,51,40,48
70,215,217,220,238
951,9,124,84,66
202,123,37,34,41
566,291,41,43,46
791,281,52,51,58
966,133,43,47,50
1195,461,235,235,249
398,208,74,78,101
100,468,52,48,51
669,93,43,45,48
817,292,46,46,50
1078,300,53,53,58
273,455,68,65,51
61,126,153,29,33
287,7,129,129,152
825,104,44,48,51
511,377,42,43,44
840,449,47,46,49
992,468,50,47,52
772,13,50,49,51
465,409,43,44,48
284,311,43,43,44
783,135,45,46,52
651,216,234,237,255
152,267,212,209,232
1135,67,232,230,244
784,50,47,51,53
538,308,42,43,46
585,228,235,233,255
856,41,91,87,80
429,474,71,69,79
210,148,31,30,31
190,334,40,41,45
876,310,48,46,50
53,405,43,43,47
1129,226,231,230,242
412,464,89,79,79
2,419,50,51,52
250,357,45,42,46
869,242,76,63,63
836,337,45,47,49
1130,248,231,227,243
560,334,44,41,47
265,53,46,49,53
454,119,40,42,45
387,95,37,32,34
352,379,42,43,47
343,309,45,42,48
1046,369,46,50,53
1183,142,239,236,255
1177,22,237,235,254
341,90,34,27,30
1030,354,45,47,51
750,184,49,47,50
483,178,51,51,54
257,164,192,189,205
457,389,57,54,60
330,99,26,26,30
1124,143,229,225,243
388,234,184,185,215
845,306,48,47,52
729,31,54,50,53
548,392,41,41,42
138,216,198,194,217
433,339,39,44,47
88,84,152,24,35
714,27,74,59,55
419,232,226,223,246
348,323,45,45,46
875,429,46,45,55
628,60,45,43,47
501,261,223,222,243
856,302,42,46,49
733,24,50,50,51
179,163,44,35,39
1133,162,229,228,243
124,368,40,40,43
371,393,44,43,47
638,81,48,46,47
573,222,237,234,255
549,164,46,46,48
160,70,140,129,145
773,176,49,46,51
290,282,40,42,46
329,293,45,44,46
447,148,40,42,46
238,317,42,43,46
686,151,46,46,51
340,146,32,35,36
173,11,163,144,166
1077,373,47,52,56
926,51,96,93,84
752,471,140,142,125
203,98,105,104,122
360,258,213,211,234
248,384,43,44,48
323,5,72,66,60
663,365,46,43,48
133,173,56,54,62
997,131,43,49,52
6,36,226,225,246
439,479,119,114,107
760,259,241,238,255
323,376,47,44,48
946,230,47,47,51
883,101,45,47,48
849,455,46,47,49
877,469,47,48,52
711,282,44,44,49
1081,462,252,247,255
433,139,45,42,47
1,455,53,51,52
809,21,52,53,55
268,33,211,211,233
145,81,155,145,166
884,360,45,45,49
595,177,51,50,52
154,222,198,192,215
857,480,167,157,102
492,392,39,42,44
1034,478,49,47,53
228,222,186,185,203
156,371,44,41,44
443,275,228,231,253
110,171,148,149,172
124,411,45,42,48
626,266,45,44,49
1097,305,243,237,255
848,372,46,45,51
161,16,155,137,162
998,126,46,49,51
556,43,44,44,46
596,44,47,46,48
470,13,116,94,71
381,310,45,44,47
888,321,49,43,50
576,317,41,45,46
200,259,202,199,221
356,56,29,23,24
466,190,223,224,246
694,489,125,97,66
185,258,203,200,220
707,382,44,46,46
583,100,44,43,46
882,498,176,162,121
785,124,50,47,50
828,254,246,242,255
787,220,241,240,255
280,77,38,31,30
101,258,218,213,240
88,329,36,35,37
385,426,43,45,46
515,248,220,223,245
932,198,48,48,50
644,296,44,46,47
80,335,38,37,41
813,198,47,48,52
127,26,28,28,26
235,70,200,201,223
988,424,46,46,52
264,484,78,67,54
65,3,230,232,251
289,124,34,25,28
1051,8,78,68,60
1066,143,47,50,55
78,436,48,49,50
419,371,44,44,48
173,302,36,36,39
1032,376,44,46,52
252,464,99,91,63
1158,247,234,233,246
228,450,53,52,50
28,127,153,23,34
437,139,42,42,46
67,342,39,40,41
316,82,33,26,28
732,350,42,45,47
192,245,197,197,218
313,18,43,44,46
730,309,47,44,51
1146,494,233,228,245
293,403,47,43,43
821,340,47,46,49
162,141,141,141,165
1068,498,67,61,57
233,300,41,42,48
1009,398,44,46,51
314,28,44,43,48
15,305,36,36,40
241,425,76,72,53
1136,97,230,226,242
785,476,162,159,173
888,354,45,47,50
104,6,110,104,114
473,456,177,184,201
1068,91,87,77,66
164,304,38,37,38
1132,327,229,226,245
1133,82,232,226,244
1097,1,227,225,217
1000,147,42,50,51
785,186,45,46,49
866,122,46,47,50
689,18,51,51,53
278,92,36,28,30
789,438,47,45,50
425,85,38,38,40
303,51,35,34,37
1173,140,237,236,254
343,251,207,204,227
582,339,46,44,50
962,253,41,46,49
487,446,168,172,189
278,315,46,44,46
549,323,42,42,45
493,223,180,177,204
885,196,46,47,50
655,15,52,49,51
903,4,146,94,64
1142,316,233,228,244
1137,341,232,228,245
207,234,188,187,207
1168,105,237,236,252
883,210,48,45,54
1151,453,233,230,247
237,376,43,43,49
1142,270,233,229,245
1017,80,95,84,69
327,38,42,32,34
95,315,33,30,33
654,426,42,43,43
716,329,45,45,48
891,123,48,49,51
482,342,42,43,47
125,89,159,145,165
116,491,48,47,50
208,24,180,162,182
230,10,176,162,187
1176,16,240,238,255
870,440,49,47,50
832,279,46,47,50
494,88,44,44,43
434,193,217,219,240
357,175,189,192,212
1052,242,48,49,56
1056,419,43,49,50
283,316,43,44,45
215,452,49,46,52
1031,196,45,48,52
539,335,40,43,43
294,194,186,186,204
711,43,51,47,50
789,206,102,99,113
862,208,50,48,51
1025,294,45,50,53
626,362,41,44,46
565,472,148,140,136
384,295,46,46,47
126,176,165,181,189
778,488,159,155,171
428,270,230,230,251
566,417,39,44,44
126,0,114,106,111
469,256,189,187,208
1107,130,235,232,252
187,48,166,58,78
482,483,117,112,70
255,387,41,43,46
168,499,47,45,48
742,25,47,50,52
875,109,49,45,53
490,193,156,149,152
992,180,46,46,53
976,87,49,48,51
341,295,45,42,46
242,65,193,194,212
152,485,46,46,48
19,31,225,221,247
518,213,221,222,245
125,424,51,48,50
522,104,45,44,50
221,330,43,45,46
923,237,46,50,52
1079,272,54,54,56
199,31,168,72,78
749,59,43,45,49
468,284,32,34,43
461,115,42,42,44
73,368,40,41,41
1001,163,49,47,49
589,351,40,42,44
1077,97,157,156,122
944,23,98,69,59
824,316,44,45,51
267,486,88,74,54
683,210,211,212,229
999,199,46,46,51
672,306,40,45,48
1040,178,51,50,52
182,379,45,43,46
350,6,44,38,39
524,42,37,33,35
565,318,41,43,46
853,246,59,58,62
891,31,107,107,105
267,488,85,75,52
1174,428,237,234,250
873,478,52,49,50
992,432,50,48,52
832,406,49,47,50
396,31,44,31,32
158,352,36,42,46
495,206,205,202,222
1166,71,238,234,250
739,338,42,45,46
222,339,41,44,44
114,466,45,48,49
380,65,31,28,29
322,4,67,61,57
478,272,50,47,51
591,79,44,45,46
151,26,166,148,172
406,154,41,42,44
1142,27,233,230,246
182,392,46,45,47
188,188,190,186,205
812,65,45,45,50
879,15,91,88,88
439,170,47,44,48
483,136,44,43,46
433,468,21,21,22
1039,346,45,47,52
56,197,74,64,74
365,56,37,23,24
1185,282,238,238,252
58,158,166,26,39
813,401,45,47,50
817,60,44,46,51
43,494,86,81,76
187,37,164,36,55
769,84,48,44,51
988,196,45,46,51
840,300,45,45,50
554,8,89,78,57
1121,89,231,228,246
175,78,128,120,131
290,346,44,43,46
399,146,41,41,44
358,396,40,45,46
1017,113,47,49,52
783,300,47,49,49
1165,332,237,237,249
800,101,43,46,50
825,228,244,239,255
286,21,168,174,196
66,191,40,29,34
240,362,42,43,47
150,21,156,138,163
857,145,49,49,51
486,277,48,50,54
409,69,36,33,34
356,80,32,26,29
628,459,133,132,148
1,275,32,29,29
723,431,43,44,48
983,122,48,47,51
774,213,242,242,255
922,491,172,159,118
1081,498,253,250,255
515,482,113,108,76
320,391,40,42,45
31,99,35,31,33
264,461,107,100,71
690,427,46,43,46
71,63,185,186,205
762,492,155,151,161
480,93,44,41,42
834,185,43,48,51
715,114,49,45,50
43,50,121,112,127
954,189,46,48,51
528,6,62,43,29
878,338,46,46,49
187,270,208,208,226
175,385,44,43,45
937,311,44,44,50
818,337,46,46,48
436,139,41,41,47
619,107,46,43,50
687,91,48,45,50
692,199,238,235,255
1140,79,230,228,243
201,145,34,30,35
326,404,43,44,47
39,244,32,28,31
1077,412,50,53,54
341,459,92,86,76
498,57,44,43,44
947,28,78,63,55
232,106,33,32,41
540,102,45,43,47
353,154,37,37,42
520,228,132,128,116
1114,447,233,230,244
455,328,62,65,67
238,486,58,58,51
727,426,47,45,47
958,409,48,46,47
923,40,128,120,112
382,210,203,206,224
667,259,48,45,49
970,447,49,48,53
650,203,239,235,255
358,479,88,79,69
1084,47,59,58,60
799,440,45,48,50
411,66,34,32,34
586,63,44,45,48
516,195,216,219,241
732,185,51,52,55
118,364,39,39,43
265,433,60,57,51
1164,431,236,233,249
95,377,44,42,44
1027,151,46,48,53
441,173,45,47,47
815,98,51,47,50
456,117,45,45,46
478,426,45,43,46
1192,182,237,236,251
807,237,144,143,202
152,228,191,191,212
106,250,216,213,237
293,480,70,65,53
703,291,45,47,49
650,443,44,44,49
770,25,50,51,53
977,446,46,46,54
906,361,45,46,50
762,213,242,240,255
513,22,84,64,52
896,349,40,47,48
663,178,232,236,254
492,152,70,67,71
859,246,240,238,255
1093,86,125,116,101
353,402,41,44,47
201,3,156,29,40
219,80,102,108,121
893,486,167,157,88
1,459,48,49,50
160,27,164,150,172
160,495,48,46,51
602,453,171,174,193
608,449,183,190,209
552,1,98,65,53
1180,461,236,235,248
1077,146,136,135,138
1004,278,49,47,49
265,187,189,185,204
580,122,43,43,46
79,64,193,189,211
259,262,198,198,218
1139,334,230,228,247
240,30,156,154,167
127,276,214,214,236
1166,153,237,235,250
934,362,43,47,48
33,291,36,30,30
97,329,33,34,38
995,314,45,44,50
1072,10,106,81,65
711,166,46,47,52
384,368,42,42,46
590,214,60,55,70
13,50,66,62,68
549,92,42,44,45
1027,432,49,47,50
188,326,40,40,45
1104,484,234,229,248
690,423,44,45,50
153,162,43,44,48
599,267,51,46,51
1024,12,109,84,65
60,330,38,34,41
176,451,51,49,50
380,127,37,36,38
744,472,108,107,84
832,61,49,47,52
133,123,197,184,207
944,132,45,47,52
295,453,79,76,55
580,174,49,47,49
591,462,125,117,105
1004,335,47,47,51
332,32,41,36,39
1044,64,107,93,71
1178,296,237,236,251
968,229,47,49,50
1050,176,50,49,55
1133,377,226,223,239
919,38,116,111,107
750,328,47,45,51
823,65,44,48,50
109,391,40,44,45
844,49,94,78,55
559,452,158,153,167
285,183,189,185,204
751,106,45,48,49
1025,337,45,48,51
1155,469,231,231,249
1086,234,60,57,60
44,224,33,32,34
458,356,28,23,29
259,245,169,162,172
695,179,50,54,53
335,469,139,137,151
989,489,47,49,50
843,147,46,50,51
201,135,39,33,40
75,335,38,34,39
108,467,48,50,51
633,138,43,45,49
499,99,42,41,45
310,290,43,43,48
945,251,46,47,51
936,235,48,49,52
1013,339,46,48,48
363,425,40,41,46
737,170,47,45,50
1037,317,48,48,52
901,395,46,45,50
529,288,47,45,50
107,341,32,35,36
1036,194,45,49,52
123,131,40,27,33
777,153,48,47,52
911,65,95,94,88
64,161,163,28,36
50,442,50,46,49
1028,216,52,48,54
935,290,45,46,49
131,27,34,33,33
916,458,47,51,49
336,471,142,139,148
1093,412,243,241,255
133,384,42,43,44
651,206,236,234,255
509,78,20,13,14
37,426,59,54,55
1019,184,45,48,49
301,368,43,42,45
64,445,49,46,52
975,331,45,48,49
1060,294,55,53,58
760,416,48,46,48
987,387,47,46,49
670,249,45,48,50
490,83,47,41,46
949,262,46,46,50
1072,187,57,53,59
443,21,43,39,37
659,392,123,126,156
669,118,48,48,49
1182,172,234,233,250
469,323,57,55,58
854,73,48,47,50
601,55,46,44,46
662,17,50,51,52
207,326,40,43,44
139,402,43,43,48
225,476,72,68,57
311,72,36,26,29
314,177,188,186,204
581,125,47,44,49
373,365,44,41,45
883,118,49,47,52
238,116,34,29,31
761,307,45,46,47
1026,320,47,48,50
1025,52,97,80,62
609,457,178,180,202
15,17,224,223,247
613,332,42,43,49
603,481,172,171,176
725,404,106,126,143
850,442,45,45,49
747,315,49,45,50
464,137,42,45,44
952,373,44,45,47
429,20,29,30,31
954,394,45,46,49
656,474,90,67,58
28,157,167,28,36
92,385,40,43,45
902,455,50,47,51
569,303,43,44,45
259,319,38,42,44
674,163,47,46,50
254,331,44,43,47
1021,453,48,46,52
171,139,44,44,51
622,485,151,153,158
491,36,81,61,50
819,255,244,241,255
182,149,36,33,41
111,453,51,48,52
42,492,87,79,73
850,38,87,83,78
216,457,45,45,49
1109,284,237,231,248
716,284,44,44,47
411,226,221,221,244
334,367,42,46,44
914,10,190,134,90
728,16,52,51,51
742,326,43,45,49
708,194,239,236,255
461,172,45,43,48
1074,428,245,244,254
802,5,53,51,53
1033,144,45,51,53
11,382,44,44,48
926,284,45,46,49
1057,377,46,48,54
1079,487,49,54,59
409,305,42,45,46
850,178,46,48,50
1066,83,86,77,72
576,126,42,43,47
513,219,221,218,241
129,205,202,202,226
701,243,59,54,74
758,128,48,47,50
517,494,105,101,73
38,483,47,47,48
511,279,44,46,49
939,145,48,45,51
342,279,47,45,49
528,404,40,43,46
709,102,47,45,50
779,211,240,238,255
615,432,45,42,47
586,188,236,234,255
734,440,48,45,51
201,12,158,32,41
1181,315,237,238,252
209,411,41,43,49
1129,178,229,227,245
325,137,33,32,34
85,217,213,216,243
1107,321,233,231,249
911,316,46,46,50
157,184,203,198,221
845,89,49,46,50
1062,323,46,51,54
94,87,151,25,33
693,241,135,139,164
292,354,43,42,46
72,417,76,76,62
132,296,38,33,39
970,273,42,47,48
578,105,46,44,49
481,102,44,42,44
786,3,48,49,54
772,456,44,48,48
750,210,241,239,255
1043,79,69,63,61
1068,158,53,51,55
906,223,56,52,57
174,243,206,199,222
549,173,45,48,50
739,230,237,239,255
1139,323,229,228,241
1117,314,231,229,245
193,205,57,54,62
673,150,44,44,49
341,442,76,74,54
374,369,44,44,46
660,144,44,48,50
405,267,229,227,250
76,286,38,31,35
1130,47,230,229,246
874,413,46,47,50
1150,424,233,232,246
189,387,44,43,45
762,126,45,48,50
1197,116,239,236,254
301,229,193,193,214
562,185,232,231,253
94,203,185,197,214
716,352,45,44,45
105,119,161,29,39
909,8,146,86,69
369,72,33,26,28
139,33,129,113,132
160,482,48,48,52
124,317,33,35,38
349,158,38,37,42
160,185,200,195,218
237,442,51,49,50
654,302,43,44,46
419,236,210,207,237
1024,87,82,72,60
215,471,42,46,48
515,366,40,41,45
191,409,42,45,47
504,265,222,219,239
1179,270,237,235,251
130,133,40,29,30
723,155,48,48,52
344,380,47,42,46
831,303,47,46,51
1052,390,51,52,54
850,80,48,48,52
518,361,42,41,43
381,454,181,180,204
433,56,36,36,38
454,319,50,48,53
1169,72,237,235,252
545,493,107,99,71
372,51,32,25,25
468,201,229,227,248
308,29,48,49,52
1091,5,252,254,255
1109,248,236,232,249
419,154,42,43,44
81,423,53,51,50
754,281,47,45,50
463,423,47,43,49
117,419,54,50,53
929,222,46,49,51
215,10,185,168,192
938,244,47,47,52
237,134,27,26,26
180,301,36,38,43
483,453,170,175,185
113,299,36,29,33
46,26,64,62,68
989,43,107,82,64
761,409,46,47,50
706,357,42,45,48
853,1,96,93,90
719,142,45,45,48
1196,464,237,235,252
1101,132,238,238,255
861,407,45,47,49
873,416,47,46,49
1021,89,50,48,56
1081,83,59,60,66
822,339,46,46,52
965,372,44,46,48
933,374,47,45,53
641,70,45,46,49
476,269,157,156,166
862,254,238,239,255
542,63,44,42,48
823,456,47,47,49
520,493,100,96,70
808,43,52,51,54
243,372,42,43,45
446,437,137,116,109
534,18,71,57,47
587,47,45,44,50
297,379,44,44,48
332,140,37,31,34
573,63,45,43,48
446,81,44,40,46
135,432,50,49,50
77,136,163,80,99
944,222,45,46,49
758,194,49,47,54
1013,85,106,90,74
234,467,88,85,60
863,56,104,87,58
378,303,46,42,47
496,52,41,43,45
832,228,241,239,255
1092,245,247,246,255
904,266,237,237,255
803,377,44,44,49
624,265,45,46,49
98,42,67,54,77
676,384,46,44,48
1163,240,240,236,252
12,23,225,223,247
571,20,57,53,48
124,333,36,35,36
1030,210,49,48,51
182,65,157,147,167
1160,447,237,233,249
967,92,47,47,51
687,318,47,47,49
982,54,89,69,60
301,103,33,22,28
729,194,241,237,255
1160,74,237,233,250
1174,409,236,233,253
64,206,45,50,51
947,356,47,45,52
653,326,45,47,48
94,488,50,47,53
338,189,195,193,213
615,146,42,45,50
486,243,197,196,210
1053,48,118,110,107
1090,284,236,230,203
149,367,42,41,41
458,475,180,185,199
809,392,46,46,50
832,209,49,51,55
2,104,136,18,24
775,269,237,236,255
622,354,43,44,44
846,256,243,242,255
576,159,48,46,48
322,139,35,31,33
626,15,50,49,53
80,242,52,50,63
947,57,75,61,63
33,456,46,49,50
16,482,46,50,48
807,333,44,46,50
239,286,47,47,51
317,470,102,100,94
916,76,50,47,53
341,132,30,30,32
299,395,44,43,46
128,336,36,36,38
977,188,48,46,53
1042,169,50,49,52
79,101,149,25,32
172,488,47,45,48
173,310,41,40,41
1123,290,230,227,245
638,426,48,43,46
1044,224,49,48,52
613,283,42,45,47
750,56,47,44,51
861,384,45,43,47
291,31,53,52,57
803,10,47,50,53
563,478,119,107,92
899,163,47,48,51
1017,438,44,46,51
756,221,234,237,255
704,390,45,44,48
763,154,43,47,49
531,376,41,43,44
336,342,42,45,45
1101,489,235,232,249
330,304,43,43,45
984,397,49,47,50
527,189,224,222,245
798,223,243,240,255
969,133,49,47,50
63,441,46,46,49
338,444,71,69,52
290,395,43,43,44
1077,409,55,52,55
876,271,52,53,57
993,451,45,50,53
294,428,79,77,54
440,448,28,25,26
92,16,110,101,114
425,191,224,221,241
768,495,162,158,167
840,130,48,46,51
1143,129,234,231,243
589,60,46,44,48
202,367,43,43,46
1116,236,230,231,248
1188,402,236,233,253
655,42,47,45,49
841,467,46,47,48
247,28,203,192,218
291,387,42,43,46
441,360,46,45,49
143,249,208,208,228
956,90,47,47,50
179,177,193,189,210
465,376,51,51,54
187,387,45,43,46
77,410,46,43,45
72,402,45,44,48
635,104,43,46,45
565,103,43,43,45
270,235,152,152,160
250,51,211,215,235
971,289,46,46,49
481,50,41,42,42
767,401,42,46,49
921,378,49,44,50
552,192,228,228,249
833,47,85,70,62
207,347,41,43,46
471,106,46,42,43
1016,347,43,47,52
407,377,41,46,46
133,44,129,115,133
571,97,45,44,48
670,418,44,44,49
95,49,25,28,26
297,307,46,43,47
445,97,40,42,43
185,330,44,43,42
48,495,83,77,68
1024,176,49,51,51
167,130,107,102,122
158,365,43,41,45
516,61,64,64,74
642,461,164,170,191
979,428,45,45,48
73,0,59,60,65
126,144,36,31,27
1132,258,229,226,245
883,470,47,49,53
418,281,47,47,48
109,11,119,111,120
1,192,25,22,30
539,404,41,44,45
602,192,234,233,255
259,292,42,43,46
1033,327,47,47,50
422,85,41,37,38
475,365,43,44,48
563,20,50,47,52
0,424,52,51,56
507,271,52,47,51
576,102,43,44,47
445,162,44,44,48
529,372,43,41,45
589,259,236,235,255
763,47,49,48,49
1098,212,246,245,255
1024,210,46,49,54
869,132,48,49,52
432,18,38,31,34
585,283,41,43,48
94,454,48,47,50
664,378,47,50,48
446,2,38,33,32
1159,294,235,232,247
307,51,36,30,36
505,494,118,108,61
1075,262,52,52,54
195,419,41,43,47
558,416,41,42,45
832,121,50,47,50
335,168,40,39,42
228,400,44,44,48
1174,316,237,235,249
1187,344,240,235,251
418,366,45,43,46
522,323,43,43,46
252,403,45,42,46
869,265,237,236,254
875,330,50,45,52
436,396,47,47,47
1185,298,242,235,252
111,325,34,33,40
863,342,46,46,50
1173,161,237,237,254
1057,0,98,82,80
1119,70,228,225,242
341,1,64,55,64
928,237,48,50,52
1186,204,241,237,254
248,236,55,52,56
844,47,106,88,61
1064,290,62,55,100
725,80,44,46,47
416,8,50,43,37
1123,328,231,228,248
221,401,39,45,47
771,351,46,45,49
577,480,147,134,125
520,67,41,39,45
504,375,42,41,44
1173,361,238,235,251
217,326,46,41,45
918,242,49,53,59
393,239,209,210,234
134,92,154,140,161
378,310,41,46,48
826,416,144,136,178
661,16,51,49,51
123,114,159,32,40
932,395,44,45,52
1047,481,49,50,52
401,78,31,32,31
393,167,43,41,45
800,26,50,49,53
747,103,50,47,51
654,467,67,60,54
555,305,44,47,47
435,136,37,43,45
1142,95,230,229,246
62,280,36,29,33
447,51,41,36,44
700,388,44,44,46
1008,4,114,86,66
711,289,43,47,48
387,461,181,184,207
1095,463,235,233,253
818,199,45,46,50
748,393,44,46,51
1179,309,238,234,250
79,65,192,189,211
457,390,58,53,59
1117,430,231,228,245
361,123,36,33,32
650,5,50,51,51
1055,242,48,49,55
1145,176,231,229,246
661,229,234,236,255
750,153,45,46,50
1034,335,45,48,53
903,275,52,55,57
89,236,214,215,238
253,328,45,43,46
630,100,43,46,47
1057,233,49,51,54
493,219,209,206,227
1148,261,234,231,247
362,271,49,45,59
938,84,48,48,54
581,168,46,44,47
934,389,49,46,51
167,284,45,39,53
463,388,47,49,53
1164,22,241,236,252
564,476,118,108,94
1098,429,241,240,255
432,180,47,47,47
384,227,211,210,234
1061,142,47,50,54
13,304,37,34,37
37,67,112,101,110
763,77,47,48,53
1079,169,56,53,56
270,277,46,42,46
838,415,80,88,72
663,450,66,57,51
420,345,40,43,46
480,156,42,45,48
804,163,49,48,48
292,336,39,43,45
925,250,48,48,52
127,435,46,48,50
714,146,48,46,52
781,408,83,96,140
91,149,161,32,42
1107,181,240,237,255
884,334,46,46,49
432,433,49,48,53
646,188,238,237,255
179,289,41,38,42
532,2,76,57,43
1127,495,229,223,240
1069,168,52,52,56
691,368,42,47,51
801,46,47,50,53
42,448,49,47,49
746,198,65,61,80
603,284,46,45,49
275,492,88,76,54
484,105,40,43,44
886,306,50,43,50
441,4,33,28,30
340,49,29,22,24
607,405,45,42,45
1151,455,231,230,244
906,311,45,48,50
1038,268,49,49,55
754,370,42,42,48
808,461,49,47,48
737,490,118,112,116
1062,149,49,51,53
1041,37,105,86,67
621,488,105,97,84
984,17,111,84,61
427,98,43,41,41
619,124,46,48,48
244,44,93,92,105
300,315,44,42,47
692,331,52,53,58
169,406,43,43,47
971,82,46,47,51
769,369,46,47,46
660,55,48,45,46
723,334,38,46,46
1072,287,62,59,57
753,432,43,48,49
71,261,40,31,38
318,186,191,189,208
293,62,35,30,36
1181,198,242,238,253
834,389,48,48,52
910,61,91,88,87
1126,178,233,231,245
845,168,42,46,50
756,195,51,50,55
795,289,52,48,52
658,315,44,44,44
460,86,41,41,44
933,431,130,131,158
14,390,46,45,49
258,248,196,193,213
1071,420,197,182,121
7,145,167,27,35
93,274,40,33,36
1013,275,43,45,50
543,91,45,43,47
596,307,49,43,48
582,366,43,42,45
1095,87,241,238,240
722,15,53,52,54
338,128,35,31,34
389,349,40,43,43
821,144,43,47,47
922,460,44,48,51
273,134,32,28,31
411,493,125,116,100
722,316,46,45,51
1166,442,233,232,248
237,196,186,182,203
57,94,149,49,64
1110,233,234,232,248
171,242,167,168,179
330,316,40,44,45
740,262,224,225,251
798,453,48,46,48
123,95,188,170,192
889,339,47,44,49
644,170,46,48,52
972,379,44,45,48
880,166,47,48,51
604,142,40,43,45
383,287,43,43,51
259,432,81,82,58
985,435,47,47,50
1032,451,51,48,51
347,385,41,44,47
153,211,192,191,212
764,448,46,45,49
641,420,47,46,46
40,35,231,227,252
143,429,51,49,50
137,223,194,190,214
1130,45,229,228,242
1191,458,236,234,252
527,433,97,92,79
1077,2,109,89,68
750,133,45,47,50
1009,395,46,46,50
569,292,46,45,46
574,373,49,42,46
716,113,45,45,49
777,176,47,47,49
175,223,195,190,212
815,156,44,47,50
721,353,44,46,50
942,387,46,46,48
113,162,157,148,167
1069,189,50,50,53
323,336,42,44,45
867,113,46,46,51
516,351,43,41,46
529,17,73,53,39
249,324,42,42,45
1159,21,240,236,253
1113,387,236,232,251
832,24,81,82,74
291,323,46,43,48
1068,50,66,64,67
566,464,146,141,152
367,45,33,22,29
267,398,42,42,45
958,405,47,47,49
1170,189,236,235,254
561,441,145,143,153
269,433,62,63,53
530,229,217,215,241
864,223,237,236,255
48,279,34,28,34
952,68,93,90,90
481,446,174,179,201
859,82,45,48,48
1181,132,237,236,253
756,269,49,49,52
961,343,47,45,51
552,159,47,44,45
2,483,49,50,51
48,88,188,186,205
86,64,193,191,210
1082,142,51,53,57
54,457,43,48,50
426,136,45,40,47
1111,107,232,230,246
1036,182,50,50,53
1140,412,229,226,245
1148,17,237,230,248
1189,284,236,234,252
0,492,56,53,53
49,393,41,44,47
1152,281,235,230,251
642,208,229,236,255
665,255,50,45,50
349,287,46,45,44
166,209,46,39,44
170,62,145,132,153
169,189,192,189,210
134,362,43,40,45
935,489,53,52,48
285,449,68,66,51
529,23,69,50,40
502,408,42,42,43
987,48,99,72,62
602,240,235,236,255
922,231,49,52,52
912,178,45,50,50
754,250,240,238,255
984,194,49,47,52
548,487,124,119,104
258,102,32,30,31
961,476,46,46,49
110,331,36,34,35
581,306,44,42,47
374,491,61,55,50
898,199,46,47,50
122,228,70,65,87
78,462,57,53,50
28,316,40,38,40
497,77,44,44,48
382,410,45,42,46
995,317,46,43,50
219,299,43,42,45
650,1,49,49,51
509,62,62,61,62
997,480,49,49,52
390,248,208,210,221
274,157,33,30,33
1156,43,241,236,250
656,410,43,44,48
789,304,45,49,51
96,442,49,48,51
764,310,46,45,48
251,370,45,43,48
799,110,46,48,50
385,439,196,201,221
527,112,42,45,47
984,105,49,48,50
704,114,43,46,47
1087,226,238,242,255
493,331,46,44,49
835,57,64,59,56
459,216,223,224,242
260,144,33,26,29
931,443,45,47,51
981,151,45,46,52
930,254,47,48,50
938,254,45,46,50
577,386,40,42,47
155,28,165,146,172
41,19,63,62,66
94,65,141,121,141
974,393,47,47,51
391,358,44,45,44
1066,8,97,76,65
966,89,46,49,53
588,258,234,233,255
543,184,229,226,248
705,445,42,42,48
442,131,41,43,44
183,420,48,46,51
454,239,227,230,254
851,343,47,47,49
946,228,50,46,51
168,113,89,90,101
92,397,43,44,47
997,412,48,46,49
861,257,242,239,255
400,486,82,78,73
885,246,237,239,255
1120,435,234,230,245
606,374,42,42,46
17,459,48,47,50
1126,398,229,227,243
612,301,45,44,48
96,270,35,31,31
146,127,205,195,213
171,199,111,101,120
703,198,237,235,255
20,251,34,29,31
837,257,242,236,255
15,244,36,30,34
231,400,43,43,44
653,432,40,43,46
3,117,148,26,30
52,215,112,109,112
1064,17,95,74,63
1012,201,46,47,52
278,239,168,167,187
1165,348,236,235,250
577,86,43,43,46
549,43,43,43,46
709,199,238,236,255
607,468,133,124,113
1181,497,235,234,252
0,143,163,26,34
444,282,48,47,51
988,300,46,44,51
1140,60,229,231,243
575,227,236,235,255
1016,51,96,73,59
792,163,47,47,49
598,276,42,46,48
318,431,75,70,56
996,313,44,46,48
40,300,36,31,36
749,435,49,46,49
881,475,50,48,52
1072,307,50,53,57
976,326,44,46,51
239,444,50,49,52
186,137,34,37,42
1196,12,239,236,254
426,359,44,42,46
462,71,43,41,45
595,69,46,43,45
177,230,160,153,176
563,428,42,42,45
131,436,48,48,51
665,248,46,46,50
212,168,37,33,35
619,279,41,44,43
229,53,206,197,218
231,311,40,44,45
794,376,44,45,50
556,122,46,43,47
387,477,55,54,48
802,361,44,47,49
1099,267,239,236,255
1175,270,239,235,250
310,214,193,188,209
930,224,50,48,50
975,467,46,48,49
648,400,40,42,46
69,129,156,27,38
1100,153,243,244,255
837,235,81,82,88
923,355,47,48,53
737,19,49,48,51
353,29,39,30,31
570,312,44,45,45
355,128,35,30,36
974,0,110,86,68
360,470,67,60,51
565,186,232,230,252
534,81,43,44,47
317,432,83,79,60
74,103,150,23,35
517,57,38,35,38
41,353,41,40,43
789,51,47,49,51
1169,390,238,235,251
76,40,114,109,116
736,92,44,44,49
487,349,46,44,45
379,476,59,52,49
575,474,113,104,96
863,359,47,46,48
302,95,32,26,27
1113,137,234,232,249
327,173,191,190,210
117,436,63,59,58
443,49,36,39,41
699,172,41,47,49
1184,399,235,235,254
647,442,45,46,48
1184,296,239,236,252
74,114,151,24,30
85,158,112,30,35
82,275,34,31,32
854,3,96,94,88
661,136,43,46,48
597,260,51,49,52
1161,428,237,235,248
1022,113,43,49,52
775,349,44,46,50
1021,234,49,48,52
534,453,133,126,134
823,414,107,115,147
1153,83,237,233,250
934,47,105,95,95
1025,33,103,80,61
295,217,192,189,210
888,271,96,85,109
410,467,80,73,63
1111,269,232,230,246
368,282,41,42,48
892,310,44,44,49
880,342,46,48,50
562,375,41,44,45
1147,92,235,232,248
37,41,226,229,244
663,5,48,50,50
47,73,97,90,89
820,31,55,60,58
974,248,47,46,51
1135,65,231,228,242
218,379,47,44,49
942,31,81,63,58
123,341,41,36,45
430,249,71,52,65
632,360,45,44,46
1144,373,232,230,245
1066,129,51,52,55
496,67,48,43,46
826,45,63,57,57
582,27,47,48,48
560,348,42,42,44
1157,463,234,231,249
593,319,45,43,47
675,202,235,234,255
407,420,43,45,47
334,127,35,31,36
755,358,47,44,49
748,140,45,47,48
1041,266,52,49,53
249,69,40,44,47
844,428,49,46,49
523,175,47,53,55
919,272,46,48,54
322,45,34,27,28
936,234,46,47,52
591,434,45,41,48
1040,325,52,49,55
944,350,47,47,50
1109,314,233,231,246
65,198,69,60,59
929,52,100,95,89
1096,75,237,234,255
452,376,25,20,17
306,360,41,44,47
185,163,37,31,36
131,368,41,41,42
929,437,51,43,62
963,369,45,47,48
1168,220,241,235,251
1149,312,233,231,249
671,135,45,43,49
521,120,42,43,46
35,341,38,39,41
785,473,165,161,171
344,177,192,191,212
1114,117,230,229,246
889,206,50,48,51
51,191,83,62,69
346,459,62,57,51
932,355,44,47,51
1120,203,231,230,247
1183,382,237,234,252
1189,142,239,238,254
890,474,48,50,49
1123,198,227,225,241
75,91,149,25,36
3,227,30,25,31
907,274,89,80,103
496,86,46,43,50
611,20,50,48,50
910,378,44,45,49
192,38,190,171,194
87,237,221,219,246
715,412,44,43,48
26,367,41,44,46
1071,483,50,56,56
687,141,51,44,52
925,404,47,45,48
1095,47,218,214,208
133,156,229,230,252
601,152,46,45,51
90,397,44,44,46
223,351,42,42,45
805,368,42,43,47
1129,291,227,227,240
1040,229,51,50,55
960,130,51,49,52
905,262,242,241,255
483,469,185,184,199
250,276,206,206,225
497,109,48,43,46
803,299,46,47,47
597,373,43,42,46
791,276,62,55,95
620,446,179,186,217
576,424,42,43,45
255,495,83,70,54
462,121,47,52,57
554,337,46,43,45
17,355,45,43,45
198,257,203,199,220
432,392,47,44,49
499,386,41,44,45
182,290,41,38,42
512,100,37,36,36
1011,11,109,87,69
159,221,196,191,214
451,350,58,57,63
763,239,238,236,255
154,455,46,47,45
1130,384,230,226,242
315,12,53,51,56
1113,269,228,228,245
319,461,106,99,87
1181,27,240,238,253
1013,117,46,48,52
1016,379,47,47,51
1145,356,231,228,245
108,499,46,46,49
1098,493,237,234,253
115,34,196,192,211
611,197,236,230,255
1021,392,49,49,51
1175,138,239,236,252
112,434,104,61,67
213,97,113,113,130
733,171,45,50,51
213,215,188,182,201
273,220,187,186,209
928,240,49,50,52
1013,419,44,46,51
20,236,31,30,29
205,120,36,36,39
930,338,44,46,49
650,295,44,41,49
840,417,157,150,174
443,104,39,40,43
4,146,164,27,35
1086,247,243,244,254
7,68,98,94,102
15,175,108,100,106
163,384,43,43,41
347,205,195,196,215
12,86,123,114,125
248,425,70,67,53
779,279,169,174,208
640,291,42,45,48
196,70,205,191,213
88,251,217,216,240
247,20,202,188,213
1009,433,45,47,49
1126,460,229,225,241
629,459,151,154,175
46,486,72,65,56
878,110,47,48,50
508,93,37,30,29
531,383,42,41,47
499,486,114,102,61
273,292,42,43,45
180,151,37,37,40
1093,457,239,238,255
1154,388,231,230,245
1128,184,231,228,245
632,7,50,50,52
924,435,165,151,180
276,21,135,133,159
582,194,234,235,255
444,265,237,233,255
483,416,40,41,45
929,279,46,45,49
38,49,144,142,160
102,260,217,212,238
98,486,47,47,52
220,369,39,43,52
73,369,44,44,43
987,25,111,83,67
853,440,43,46,48
456,61,39,40,42
270,189,187,185,204
414,87,39,34,36
877,159,46,44,50
359,487,58,54,53
83,338,35,35,35
406,494,88,80,73
110,400,48,43,47
666,329,43,45,46
182,278,210,207,232
1108,363,239,236,253
963,222,47,47,52
143,168,43,47,54
666,215,228,230,238
525,237,58,56,62
874,491,163,154,103
607,398,42,41,45
887,463,48,47,50
1115,224,233,230,246
363,483,64,61,53
287,469,110,102,68
997,3,132,98,72
47,231,33,32,31
432,185,71,68,76
514,54,20,16,23
93,36,131,123,141
901,107,46,46,51
682,189,240,237,255
395,7,37,28,25
1178,386,238,236,255
907,398,43,46,50
162,88,161,149,166
552,249,229,229,250
1198,136,240,238,255
281,117,33,25,27
1025,392,47,49,52
725,65,49,45,48
2,369,46,45,46
366,20,37,31,29
42,440,49,49,52
992,281,47,46,52
966,329,46,45,49
614,468,156,152,149
206,150,31,32,32
1033,322,46,47,51
969,142,49,48,54
313,272,41,46,46
30,41,176,178,199
355,467,61,52,49
583,139,39,47,46
370,55,31,23,25
612,457,175,181,201
690,440,44,44,47
726,348,46,44,48
782,330,45,44,48
40,12,226,223,249
1020,9,106,81,62
416,338,40,44,49
195,370,46,44,48
525,59,46,44,45
777,483,155,152,160
1112,151,238,233,254
1020,460,46,48,52
1112,463,233,231,246
978,352,46,48,50
460,164,43,42,46
940,361,45,46,50
37,443,54,47,52
935,2,151,105,74
179,91,39,30,28
141,121,202,192,215
218,346,37,42,49
674,457,98,73,52
898,86,47,48,52
318,316,42,43,48
983,407,48,46,50
22,44,62,61,63
1072,436,56,53,59
687,405,45,46,48
515,257,222,219,242
370,148,37,37,44
703,81,43,46,47
977,25,101,77,61
358,402,43,43,47
858,37,94,92,86
1132,165,230,229,246
1023,175,49,48,51
785,128,45,47,47
605,459,155,155,170
695,50,44,45,47
56,463,48,48,51
133,169,153,150,171
316,424,45,45,46
324,179,188,186,206
1061,311,52,51,54
349,25,39,32,33
1121,439,229,228,245
203,361,42,41,46
1175,176,239,236,253
944,372,46,48,45
792,365,45,47,47
430,442,143,67,67
584,416,41,43,48
954,274,45,46,52
653,405,42,44,47
1173,139,238,236,253
504,37,88,66,50
779,339,45,47,47
655,133,46,46,50
715,436,42,44,45
52,35,101,90,105
401,408,46,43,46
1141,264,224,224,243
118,450,48,47,51
767,374,44,42,48
770,331,41,44,49
672,380,43,44,47
267,214,189,185,198
209,271,203,203,226
228,21,175,165,188
47,5,230,226,244
1062,225,50,49,53
139,14,195,191,211
136,433,50,49,51
219,134,34,30,36
810,23,52,52,54
553,283,41,45,49
1027,126,49,47,52
1186,478,237,236,253
963,337,45,47,50
1006,474,44,48,52
141,209,195,192,213
1063,458,49,50,53
915,452,45,48,51
3,194,16,20,21
367,210,154,150,163
801,183,50,47,52
15,136,160,26,34
850,245,192,189,245
1015,6,103,82,60
516,173,49,48,50
580,112,44,45,46
620,40,43,45,48
704,209,241,240,255
553,199,90,82,82
8,359,46,41,49
587,418,43,42,47
296,391,43,44,46
224,94,38,38,42
414,203,53,54,58
404,333,45,43,45
605,256,51,48,51
151,95,148,139,160
340,279,41,42,46
868,27,98,97,94
843,321,44,48,49
640,102,47,46,49
749,367,45,45,45
597,480,173,165,173
747,244,240,241,255
424,275,62,53,73
709,267,45,46,48
520,73,49,43,48
325,466,116,108,115
943,305,49,44,48
689,373,46,44,48
444,181,45,46,50
1130,259,228,227,246
399,376,39,45,46
492,472,114,112,90
1113,250,232,230,249
285,340,43,43,47
1153,375,233,233,247
1003,193,46,48,51
895,60,105,102,99
539,273,46,47,49
753,119,44,48,48
752,75,47,47,50
708,259,47,49,52
350,179,195,195,214
1161,416,237,232,245
1075,177,60,55,57
433,492,38,33,25
723,263,52,52,58
1135,129,230,227,243
886,70,49,49,52
659,383,44,44,46
770,39,52,48,52
655,359,44,45,44
746,173,47,48,54
1143,474,233,230,245
793,320,46,43,47
704,474,127,107,80
112,328,33,33,35
389,42,32,25,26
1147,177,235,232,248
822,155,51,47,52
1187,322,235,235,250
981,131,47,46,53
884,36,105,104,107
528,177,117,111,119
878,406,47,48,46
445,485,175,176,193
710,197,238,235,255
639,391,45,42,45
912,231,242,239,255
462,334,18,23,23
62,127,152,27,35
944,355,45,45,49
189,413,44,45,46
706,134,44,47,49
1174,188,240,234,251
1179,185,240,237,254
1002,373,47,46,51
509,289,48,44,49
236,59,162,162,185
633,326,41,43,46
199,240,197,193,213
540,36,44,43,45
838,225,237,234,255
542,430,45,42,45
998,2,132,98,70
337,19,36,35,33
153,111,32,27,31
1174,88,238,237,254
1155,252,236,234,250
1085,80,58,59,63
688,313,49,46,48
503,21,79,60,46
195,448,61,57,52
857,76,42,48,50
614,233,238,236,255
772,463,51,50,53
210,105,51,46,56
1180,181,238,237,253
815,106,44,47,52
1001,315,46,48,49
912,11,225,170,101
1110,301,234,232,250
207,414,48,45,46
925,445,114,125,161
791,467,66,60,55
333,80,32,26,30
536,70,46,43,46
54,409,44,44,48
1176,220,240,237,253
227,137,31,27,29
1080,287,249,247,255
888,164,45,49,50
352,102,34,31,34
10,49,64,64,66
157,323,36,37,41
327,279,44,41,45
910,63,94,92,91
764,493,157,153,163
437,122,42,43,43
846,323,44,45,48
586,11,95,84,61
711,160,46,45,48
561,195,228,226,251
22,275,36,31,33
7,301,36,37,38
153,143,115,120,135
400,388,40,41,46
398,2,37,32,30
514,284,45,43,49
128,438,48,49,51
1006,143,48,47,54
120,446,47,47,50
881,139,51,48,48
604,334,43,42,48
345,21,41,31,33
791,268,240,238,254
660,423,42,43,47
290,157,36,33,32
84,247,217,217,239
249,0,181,167,189
1016,443,45,47,50
339,183,193,189,210
420,421,47,43,48
95,261,198,195,224
1155,286,236,233,249
1190,428,236,237,252
494,286,46,46,46
413,103,36,39,39
758,43,52,50,52
217,280,206,206,227
885,41,100,94,91
995,3,132,99,75
408,164,40,42,42
299,99,32,24,26
1020,321,50,47,49
855,229,243,240,255
919,371,47,45,49
1168,397,237,234,249
768,139,46,46,47
747,20,44,50,50
1101,462,234,231,248
1106,426,236,232,252
632,110,43,46,49
1073,12,107,81,67
715,410,47,46,52
1032,488,48,50,55
487,50,40,41,43
1164,211,237,237,249
176,275,209,208,229
613,44,47,46,48
586,408,42,43,46
1183,246,241,237,253
854,248,106,97,72
772,4,49,48,53
1080,325,239,241,255
1156,410,233,232,250
76,214,221,219,244
122,241,49,43,57
457,335,59,60,68
404,33,37,32,30
1016,433,46,45,49
175,1,172,149,170
1003,361,46,49,52
793,273,55,56,62
881,196,45,48,53
188,54,172,124,144
311,376,45,43,48
891,241,242,239,255
98,5,105,97,108
1047,23,105,83,67
280,202,78,67,76
546,210,181,181,204
1147,250,235,231,249
304,450,84,84,55
1099,255,239,236,255
1084,281,252,250,255
430,340,45,43,48
1046,381,46,49,50
1082,3,250,246,255
565,44,45,44,47
1043,48,118,108,97
559,102,46,42,47
273,251,193,192,211
1009,174,46,49,51
807,84,45,48,51
209,435,48,45,48
628,178,235,232,255
781,404,104,105,112
927,383,45,44,49
32,16,228,225,247
461,234,231,232,253
874,480,75,64,52
173,17,162,144,163
235,40,38,29,28
254,314,45,44,47
110,241,169,169,174
73,285,35,30,31
425,155,40,42,44
569,129,45,45,44
1157,52,235,234,251
102,126,161,28,37
340,164,38,36,36
690,426,45,44,44
772,448,47,45,51
367,328,44,43,44
896,212,46,49,51
420,314,44,43,50
2,116,145,23,31
590,47,45,43,48
99,337,41,34,39
630,168,43,46,49
631,346,44,42,48
486,303,53,47,56
784,354,46,47,49
641,132,49,44,49
672,472,104,77,55
752,380,47,44,47
223,67,104,109,125
1184,330,239,236,254
993,382,49,47,52
902,477,49,49,52
836,107,48,48,51
1088,277,74,66,84
338,92,32,25,29
428,307,43,46,46
623,294,45,44,48
915,324,47,44,50
1086,197,57,58,63
493,54,45,42,47
757,498,161,155,156
662,210,88,82,122
1160,347,239,235,250
361,41,32,26,25
182,147,37,36,38
628,352,44,45,45
57,61,113,105,112
754,33,52,49,53
453,478,180,186,201
650,312,45,46,49
1146,129,234,232,247
562,33,43,44,47
864,12,99,97,94
1101,83,237,234,252
720,481,158,151,163
1079,188,244,247,255
182,53,174,159,181
921,112,43,48,50
1078,353,250,248,255
66,299,41,34,32
395,144,39,40,40
133,154,211,217,235
205,79,208,203,225
677,25,49,49,49
877,341,46,48,48
727,406,49,42,65
495,250,214,214,235
1004,233,47,49,50
865,301,43,45,49
321,39,35,31,33
63,149,183,133,143
425,89,39,39,38
925,457,45,48,53
626,47,42,46,49
8,245,36,27,30
399,405,43,43,47
563,369,39,43,46
613,171,44,45,47
34,194,81,79,79
49,424,52,56,56
803,317,45,45,49
489,154,48,47,52
454,395,58,56,56
536,138,43,45,47
783,316,44,45,48
924,96,49,49,51
1182,131,239,237,251
391,9,35,28,29
474,179,43,46,50
323,226,197,198,217
619,102,42,45,49
736,261,234,236,255
253,203,183,179,202
209,484,48,46,50
261,139,32,25,27
825,80,49,46,53
801,114,48,46,50
614,426,44,45,44
1053,373,47,46,51
924,378,48,49,48
1162,39,239,234,251
442,421,26,24,22
264,422,44,45,43
1079,373,54,51,57
793,462,46,48,49
832,89,48,48,51
818,381,43,45,47
1131,398,231,229,244
1002,316,47,47,48
385,321,45,45,46
141,248,208,207,232
1127,442,227,226,243
515,156,44,46,49
985,218,49,48,52
640,413,44,43,47
177,392,46,43,49
908,4,143,87,67
256,5,156,153,164
1068,96,54,53,56
1161,303,236,234,251
561,399,44,41,46
229,70,119,121,141
177,12,165,144,171
1024,377,47,47,51
1125,431,230,226,243
719,25,65,56,55
1192,32,237,237,251
909,281,49,47,50
1198,72,240,238,253
85,401,45,44,46
200,106,121,122,141
995,219,51,48,52
487,273,52,51,55
472,41,62,48,45
661,91,47,46,51
1018,481,47,48,53
48,342,40,39,42
638,408,41,41,47
191,197,157,151,178
850,134,46,47,51
955,412,44,46,46
632,314,43,45,47
226,372,43,44,45
248,192,188,184,206
335,231,203,200,221
470,491,114,108,61
21,375,46,45,49
633,38,48,46,47
325,9,48,45,49
870,383,46,45,48
814,68,47,49,51
1115,333,232,230,245
115,389,38,43,45
1048,4,102,83,69
1147,130,235,231,247
733,257,240,235,255
852,101,45,49,49
297,494,45,46,46
144,359,41,40,41
1017,54,91,72,61
763,222,65,66,90
1124,124,230,226,244
362,256,214,210,236
689,37,51,49,53
224,388,41,44,47
310,220,196,191,214
614,445,185,197,223
1057,358,46,49,51
566,154,42,44,44
812,362,41,44,48
258,447,55,55,51
1143,382,231,230,247
773,198,47,46,52
275,108,34,25,29
1158,286,237,233,251
745,56,46,44,49
146,38,132,115,133
945,473,45,47,51
1128,52,229,226,240
181,463,50,47,50
494,16,74,57,47
466,431,178,189,202
448,353,45,48,51
791,126,46,46,49
834,227,244,240,255
73,120,157,25,38
945,243,47,48,50
322,261,206,206,227
1048,79,63,60,59
164,253,201,203,226
787,236,88,91,125
611,229,237,235,255
903,40,91,84,77
1139,284,227,228,244
344,333,42,42,46
999,429,47,48,52
996,350,49,46,52
1081,148,250,246,255
880,36,106,103,100
316,428,55,55,50
522,309,41,43,47
764,288,45,47,50
266,436,65,63,52
112,66,151,129,153
484,18,66,54,48
623,322,46,44,47
613,48,43,42,51
471,334,54,56,59
1055,84,63,62,58
287,262,204,200,221
234,101,37,35,40
956,497,87,85,98
90,496,50,48,50
400,495,88,76,54
301,139,37,30,34
995,452,57,45,47
637,92,47,44,50
378,225,207,211,230
1104,294,234,231,248
1127,429,227,226,240
954,95,47,48,51
791,362,45,46,48
131,437,50,49,52
249,230,92,77,112
1178,337,238,235,251
860,49,105,92,73
14,228,36,29,30
176,350,40,43,44
655,270,43,43,47
979,156,49,49,53
957,147,45,46,50
65,494,47,46,50
229,7,177,163,187
936,305,46,48,52
732,412,43,44,49
1014,276,45,46,50
939,130,48,45,51
689,328,41,47,47
915,474,49,47,51
30,439,50,47,51
336,224,196,199,219
35,286,34,29,31
498,43,48,46,46
602,364,42,42,47
1050,381,48,46,55
681,423,44,45,49
10,432,50,50,53
541,239,202,201,212
596,166,43,46,50
1167,354,239,234,249
128,421,51,48,50
841,491,160,151,106
941,50,84,63,59
187,355,44,41,46
709,286,46,46,51
370,98,30,30,31
255,61,45,46,49
999,211,46,49,52
1172,275,239,236,251
532,72,47,42,48
1146,45,236,230,246
227,296,42,44,44
974,497,51,49,53
524,28,62,42,31
41,27,69,66,68
751,467,144,143,122
1114,72,235,230,248
638,411,42,43,45
990,241,45,49,53
238,36,39,30,33
374,298,44,44,48
73,218,231,227,248
802,236,242,239,255
337,74,32,26,29
701,273,42,45,48
580,149,42,44,48
377,46,29,25,25
29,352,43,42,47
666,372,40,43,45
1035,235,46,50,52
388,466,88,79,74
188,333,40,41,43
1071,475,54,52,54
985,468,46,44,50
702,67,43,46,51
71,483,91,79,80
90,0,78,69,81
705,13,52,51,53
159,228,197,195,217
229,139,32,28,31
141,138,105,110,124
77,67,191,188,208
886,136,47,47,51
628,361,44,43,48
150,150,145,152,174
1083,252,255,251,255
452,85,41,41,44
1168,4,240,236,252
1079,72,60,59,62
840,38,79,78,67
442,420,21,17,20
314,206,192,189,210
224,186,187,183,202
1156,395,235,234,249
262,186,188,187,203
570,466,146,145,143
688,90,45,45,51
97,469,57,52,55
1142,5,233,226,241
946,203,47,46,49
740,436,44,44,49
317,24,43,45,47
604,362,44,42,48
121,314,32,33,33
119,394,45,43,46
757,80,48,47,49
614,166,47,45,49
601,240,236,235,255
1175,402,237,235,250
391,57,24,28,29
571,40,45,43,47
331,50,34,26,28
1127,416,229,226,242
332,191,193,192,213
79,80,148,27,33
989,196,48,49,53
35,387,44,44,47
886,345,47,46,51
921,322,46,47,48
19,264,32,28,27
316,467,122,117,105
604,282,46,44,47
530,99,43,43,48
624,26,50,48,50
519,69,43,41,42
758,498,159,151,156
425,468,154,119,112
406,323,42,45,46
90,183,220,211,231
1182,68,235,235,253
219,26,177,162,187
874,481,137,124,78
575,312,43,45,46
2,194,22,23,23
877,345,44,45,51
965,492,48,49,48
133,87,153,136,158
410,462,79,72,63
669,382,45,44,48
514,318,45,43,49
48,369,39,41,45
903,478,46,49,53
160,49,146,130,151
960,398,46,46,49
532,468,116,118,127
1064,217,47,49,53
623,244,175,173,224
791,117,45,47,51
416,60,37,36,37
453,89,44,42,43
146,402,45,44,47
1137,6,230,229,246
550,483,122,111,116
690,230,239,237,255
768,17,50,48,53
737,249,241,240,255
1136,15,232,228,244
1161,122,237,235,252
1033,43,102,81,66
1150,448,233,229,244
1118,64,232,229,245
707,192,236,236,255
888,424,100,107,128
929,276,46,47,51
805,87,48,48,50
182,246,200,195,219
712,159,46,47,48
1124,273,228,226,243
1000,332,44,48,50
675,329,46,44,47
630,144,45,44,49
629,331,44,42,47
238,387,43,45,48
886,15,77,72,65
1005,478,44,48,53
535,45,46,42,46
1119,72,228,226,242
1004,496,46,47,53
47,435,48,45,50
800,224,244,238,255
649,419,44,44,47
78,426,55,53,53
625,442,53,49,52
992,144,52,50,53
735,386,43,45,48
188,381,43,43,43
146,460,47,47,50
995,149,44,49,51
308,69,34,26,29
638,234,88,83,106
74,460,48,47,46
983,445,89,110,127
749,478,144,144,138
609,466,113,107,98
178,403,42,43,48
122,499,47,44,49
557,125,46,44,48
82,407,47,44,47
34,215,27,30,28
650,446,52,46,51
859,266,146,151,177
1021,242,47,47,52
366,127,31,32,30
658,387,45,46,47
1140,370,229,227,244
12,138,161,26,34
1079,172,55,53,59
23,308,36,34,38
436,288,43,46,48
845,40,85,79,70
728,312,45,46,48
477,138,45,43,47
511,350,44,42,44
244,65,151,149,168
675,178,73,67,81
799,396,41,48,50
374,69,31,25,26
479,119,45,44,46
1166,414,234,234,250
1141,391,229,228,244
820,156,50,46,51
601,8,51,50,51
1075,212,199,189,143
1119,46,230,226,245
666,283,46,44,48
979,267,48,49,51
1043,210,51,48,55
597,484,186,184,193
271,414,41,42,47
908,211,49,48,53
404,336,44,43,47
78,262,44,35,51
841,437,46,47,49
41,463,47,49,51
1142,138,228,228,244
933,250,48,47,52
200,312,42,41,46
1068,420,56,56,56
702,181,56,52,57
60,165,169,30,36
572,253,232,234,255
576,189,235,231,253
872,134,48,45,51
936,221,48,47,51
767,471,163,163,179
817,377,46,47,50
262,336,42,44,45
88,321,35,33,34
53,52,118,105,114
351,487,50,50,52
925,164,47,48,49
30,24,145,140,155
932,126,47,47,51
897,71,48,50,51
946,83,49,48,52
1025,304,48,48,52
180,312,37,37,41
959,379,43,44,50
1151,229,232,231,248
619,82,45,45,49
996,403,43,47,50
52,136,156,27,35
575,93,43,43,45
682,59,50,45,49
89,216,212,210,242
541,34,46,44,47
810,229,237,240,254
557,367,43,43,43
725,262,59,53,56
622,152,45,46,50
114,103,161,30,37
1146,102,235,230,246
1179,307,241,236,254
561,331,40,42,44
1072,78,92,82,92
364,3,42,32,30
413,85,36,36,38
1076,245,238,244,254
646,243,48,47,51
519,153,46,48,46
803,479,170,164,175
489,155,47,45,51
553,202,228,226,249
1007,261,48,48,53
857,419,49,47,52
228,182,189,182,203
688,123,43,45,49
75,16,41,34,37
29,269,39,32,29
639,188,237,237,255
1030,171,51,49,53
387,55,35,27,29
934,457,50,47,53
561,18,49,50,50
319,40,37,33,35
1080,417,54,58,59
741,484,107,99,78
1071,181,51,51,56
17,124,151,23,32
380,445,191,196,215
892,419,48,48,51
189,54,169,84,110
315,463,135,125,107
375,416,43,42,46
238,373,45,43,45
820,304,50,47,48
750,64,46,49,51
254,339,39,43,44
722,86,48,45,47
92,490,50,47,51
700,486,133,109,75
878,153,45,46,49
974,299,45,47,50
832,151,49,47,53
163,495,47,47,50
1161,18,237,235,251
681,291,43,46,47
333,374,46,42,45
822,168,49,47,52
515,340,43,42,44
722,97,45,46,50
283,465,73,65,52
712,251,235,237,249
80,367,43,41,47
928,92,48,48,52
22,429,47,49,52
107,243,214,211,234
1153,484,234,228,247
886,223,241,237,255
229,459,88,87,57
121,408,46,46,49
211,433,46,47,50
1027,417,50,48,51
812,195,50,48,54
126,310,35,32,32
954,377,44,46,50
794,89,48,47,51
1041,347,51,49,54
157,421,55,54,55
583,49,43,44,46
1136,472,228,222,238
1063,314,50,50,53
235,482,54,51,51
537,249,230,227,253
857,150,43,45,49
1036,230,45,49,52
193,489,47,45,47
318,380,43,43,48
56,406,43,45,45
903,163,51,47,51
224,27,176,165,187
249,370,44,41,47
52,358,44,42,47
158,205,191,186,208
1160,19,236,235,252
263,352,42,45,45
690,372,42,44,47
846,137,45,46,49
349,238,58,52,57
715,52,46,45,48
169,435,128,126,127
562,443,136,136,142
868,285,44,47,52
1173,339,238,237,252
1066,414,50,49,53
1052,124,45,47,53
419,461,141,134,120
291,114,34,26,28
987,410,43,47,49
72,411,43,45,50
347,140,33,34,36
743,392,44,44,48
743,8,51,50,55
699,188,239,237,255
448,298,45,42,48
66,23,36,32,37
987,291,45,45,49
980,2,110,81,64
669,160,47,46,50
274,237,86,70,91
695,295,45,44,48
582,211,66,59,65
1147,183,233,231,248
316,358,41,43,47
139,341,38,39,40
745,498,161,158,123
390,294,48,43,47
184,294,38,39,43
1075,311,176,170,172
157,235,198,196,218
491,233,84,79,102
885,225,238,237,255
843,428,44,46,51
184,189,189,183,203
360,340,42,44,46
585,323,43,42,45
606,115,44,46,48
1096,282,243,239,255
552,400,41,43,43
287,280,42,43,48
319,31,45,37,43
681,246,50,47,50
885,223,240,238,254
602,246,237,236,255
29,322,40,39,39
661,314,47,46,50
907,74,46,49,52
1159,15,238,233,249
129,319,35,35,34
452,472,183,184,203
496,48,44,39,45
7,409,46,46,51
554,393,41,44,46
703,310,46,45,49
903,29,102,94,84
489,237,183,185,209
1174,96,237,236,253
698,420,43,42,46
261,417,43,42,45
412,466,88,77,77
551,242,231,229,253
930,264,49,47,51
662,40,46,46,48
893,423,51,47,52
261,363,40,47,47
882,185,45,48,50
53,381,49,43,48
572,327,43,41,44
1028,22,102,80,64
726,481,154,149,160
433,278,51,48,53
785,495,161,155,174
760,474,157,152,163
283,310,45,44,45
1138,463,225,225,241
648,13,52,50,53
721,433,44,45,49
370,380,43,43,47
902,391,47,48,51
1123,98,225,224,242
24,184,97,93,101
349,299,46,44,48
308,110,30,25,29
213,221,193,187,208
633,332,41,46,46
32,143,162,26,36
900,318,48,46,51
942,165,45,47,50
344,105,30,29,30
378,71,30,26,29
158,50,136,121,140
921,349,46,46,50
552,371,39,42,44
1141,377,229,230,245
1165,399,237,232,250
358,380,50,43,45
988,385,48,47,51
1105,267,233,231,250
49,390,37,43,43
955,110,46,47,51
24,370,42,44,47
175,107,198,196,218
524,491,107,102,75
54,87,191,190,209
531,97,45,44,48
442,306,44,44,49
405,129,38,40,43
704,239,235,236,255
955,497,128,127,131
52,281,32,30,33
686,39,47,47,46
131,464,48,50,51
757,395,45,44,48
973,179,45,47,52
853,410,46,47,47
612,222,147,152,178
369,365,41,44,44
128,417,47,45,49
196,347,41,43,46
58,418,58,55,55
152,213,195,191,213
541,416,37,41,42
1172,15,238,237,252
1144,431,232,230,244
778,439,45,46,48
844,252,243,239,255
180,135,38,42,46
1134,495,230,225,241
59,354,40,39,43
1058,222,48,48,51
1061,296,59,55,55
1165,335,239,235,252
572,270,156,158,194
407,4,37,25,28
587,17,114,104,91
201,267,203,203,224
431,463,83,82,89
378,482,72,63,58
683,232,237,237,255
801,80,46,49,48
783,283,49,50,53
984,399,46,48,51
351,137,34,33,37
1067,430,48,54,55
1000,243,43,47,49
661,237,92,90,110
1164,110,235,234,251
1097,387,246,245,255
638,211,232,236,255
1093,76,202,202,201
980,58,100,78,63
921,498,176,160,120
1017,161,49,46,53
202,199,189,182,202
477,73,44,42,45
487,269,53,55,56
830,466,47,51,52
357,157,41,37,42
410,441,126,121,119
426,319,45,45,49
196,247,199,196,217
594,366,45,41,44
969,331,48,48,53
1170,242,238,236,253
733,255,240,239,255
1116,221,235,231,249
664,445,46,44,49
129,473,45,46,50
80,87,154,23,33
405,328,39,43,45
616,268,44,44,48
616,316,47,46,47
838,141,46,46,49
723,50,49,46,50
328,412,43,43,46
328,351,46,42,45
841,400,45,45,49
348,106,30,26,29
327,216,197,196,216
702,136,42,46,49
1008,199,50,44,54
1006,34,110,83,66
854,88,51,47,53
1056,164,51,50,54
491,338,40,43,45
113,423,54,49,52
393,420,42,41,45
1057,239,50,48,53
263,378,42,45,45
212,62,39,32,32
393,224,212,211,235
613,434,43,44,47
869,61,101,82,62
958,465,44,48,50
980,18,105,78,62
626,295,43,43,47
136,95,158,145,165
825,478,166,167,182
450,269,235,234,255
788,19,51,49,55
326,288,40,45,42
818,321,47,47,48
809,102,49,47,51
386,52,34,26,26
977,325,43,46,50
675,154,47,47,50
446,308,43,45,48
712,335,43,42,48
353,93,32,26,28
127,149,88,68,97
1150,97,234,233,246
177,443,51,48,52
1108,77,235,231,251
163,69,140,125,145
699,289,49,48,49
168,411,41,45,45
642,34,49,45,50
506,463,128,123,128
162,168,56,52,61
794,72,45,47,50
1058,52,112,107,108
953,368,47,45,50
625,387,41,44,45
418,276,50,50,54
687,117,44,44,48
443,371,48,48,49
366,346,42,44,49
520,246,221,221,243
65,124,152,26,32
555,246,230,230,253
646,16,51,50,53
713,476,148,140,144
831,315,47,46,47
1073,148,54,53,58
857,306,46,46,50
128,385,43,43,45
454,258,232,232,255
508,184,215,215,234
891,461,44,47,52
547,336,42,42,46
802,403,49,47,49
156,220,199,192,218
613,313,42,44,48
850,222,240,237,255
797,495,165,162,176
1116,255,232,229,245
791,19,50,50,49
827,32,74,69,62
869,256,211,218,253
153,35,147,132,155
1009,11,111,87,66
891,468,49,49,52
1027,4,108,81,61
1085,224,243,243,255
765,453,46,46,49
355,270,75,68,93
6,314,37,40,41
845,378,43,44,48
570,237,234,232,255
822,222,242,239,255
66,63,175,175,194
832,16,84,84,76
411,418,45,44,47
826,338,45,46,50
697,45,53,51,50
73,305,31,31,32
85,29,114,104,113
1150,264,232,230,246
648,68,47,46,51
2,225,31,26,30
961,195,51,48,54
630,62,47,44,49
4,21,223,221,244
1156,30,236,233,251
125,212,202,201,224
107,276,40,36,37
625,435,45,46,45
1075,343,52,53,57
328,102,30,26,32
459,42,42,38,41
355,152,40,35,40
487,8,85,67,53
238,245,192,189,209
272,423,43,43,47
1020,366,46,52,54
858,284,45,49,52
272,323,43,43,45
245,74,45,47,49
1126,315,226,224,238
629,48,46,45,47
73,469,60,53,50
1075,274,52,53,56
449,29,52,44,41
58,162,166,27,33
325,257,206,206,228
341,230,203,202,224
455,468,184,186,211
501,69,54,49,55
397,390,43,43,46
508,285,45,44,48
587,380,41,43,46
1111,487,228,229,244
767,242,241,237,255
712,490,147,140,143
142,362,42,42,42
311,86,31,24,29
916,9,132,82,67
405,280,47,46,51
218,274,206,204,225
728,204,242,236,255
996,19,127,95,69
641,416,49,44,45
1170,301,235,235,248
1067,29,113,102,102
44,467,47,49,50
569,393,41,43,48
205,21,187,173,194
457,493,126,124,83
659,104,46,47,50
232,467,73,71,53
71,336,39,34,38
273,191,188,188,205
1175,292,240,236,252
47,21,62,60,65
530,117,44,45,48
31,287,36,32,35
24,371,47,44,47
1164,52,237,236,252
874,280,45,48,50
882,314,45,46,50
992,128,46,49,50
78,213,208,213,229
1009,417,49,46,53
1132,235,228,225,243
164,377,45,44,46
1056,260,48,51,54
564,479,131,116,98
1072,260,54,52,55
165,392,41,42,46
826,479,171,168,180
577,159,44,44,48
398,496,88,73,58
387,84,32,28,30
869,125,48,47,50
12,475,51,50,51
605,478,171,171,175
285,113,29,26,29
609,498,167,167,166
293,324,43,43,48
654,481,90,68,54
875,12,92,88,86
514,44,62,59,63
987,119,49,48,53
259,85,39,36,41
1087,361,255,255,255
16,24,226,223,249
667,184,234,235,255
436,424,96,95,98
948,187,48,48,53
965,481,47,47,53
773,407,85,82,63
522,67,43,43,42
837,430,47,46,50
154,426,51,48,52
356,201,59,58,65
1044,49,121,109,98
451,223,229,229,250
357,166,42,41,40
830,99,50,50,50
746,179,46,46,50
119,465,48,47,50
1199,213,241,237,252
279,466,100,92,59
515,192,218,218,239
527,294,46,45,49
535,290,42,45,44
221,91,51,42,61
630,81,45,46,49
473,376,43,44,46
444,60,36,39,36
320,87,28,24,29
212,79,131,131,148
642,203,239,237,255
319,186,191,190,210
1096,350,243,241,255
209,53,96,81,108
3,490,53,53,52
704,363,46,45,49
128,359,41,40,43
248,333,39,45,45
120,14,80,77,82
1125,389,227,227,244
139,29,140,121,140
7,476,47,49,50
266,205,87,84,96
726,280,46,46,47
787,87,44,46,50
706,257,52,48,48
470,372,43,44,50
324,324,42,43,47
358,61,31,25,26
1060,405,48,48,54
628,191,236,234,255
507,309,43,43,49
1151,424,233,230,244
483,450,161,171,191
756,297,42,45,49
32,145,159,28,35
621,420,45,44,50
61,430,91,79,55
1149,244,234,230,247
101,119,158,33,37
774,50,49,49,51
453,281,49,48,51
211,452,49,46,50
28,203,55,56,62
703,156,49,45,50
1166,23,238,235,253
738,499,120,114,76
757,108,43,45,46
429,88,39,38,42
615,230,235,232,255
424,487,132,135,141
891,113,47,49,52
384,453,194,197,217
767,443,45,47,49
346,281,42,44,46
173,311,40,38,40
338,203,195,192,213
459,280,55,54,56
668,13,46,50,53
396,13,35,29,28
396,484,74,72,70
176,384,45,43,47
262,495,93,78,55
776,269,240,237,255
771,273,53,52,54
36,320,35,37,40
672,267,49,46,50
862,147,47,47,49
909,345,49,46,51
1132,232,231,228,245
761,218,240,238,255
572,53,43,43,46
222,389,41,43,44
1099,489,232,230,246
180,195,183,183,200
767,83,44,47,52
890,107,47,46,50
145,202,46,42,50
531,382,38,42,44
225,243,192,191,210
243,388,41,44,46
528,172,45,45,51
864,2,91,88,85
