x,y,R,G,B
1064,274,62,50,70
1053,287,222,237,255
580,240,235,236,255
675,466,105,78,56
613,74,48,45,46
1153,360,234,234,248
950,123,47,47,51
56,236,36,32,35
994,271,46,46,51
258,273,43,43,48
1146,94,235,233,247
842,357,46,46,52
102,108,188,152,163
944,104,48,49,52
1036,370,52,49,56
111,276,138,133,161
1099,118,240,239,255
11,232,36,32,34
1089,174,64,66,71
493,319,42,46,47
613,213,233,237,255
602,382,45,43,46
419,370,44,44,46
314,143,33,31,34
440,231,229,228,250
316,270,46,46,51
175,479,44,46,47
311,154,35,33,35
441,112,40,40,43
1191,314,239,238,255
1053,28,97,79,65
120,46,160,142,164
207,178,186,182,204
339,351,40,43,46
685,216,190,186,205
637,89,42,46,45
144,427,48,48,50
142,10,191,191,212
399,331,43,45,46
316,24,39,44,47
188,120,114,115,130
731,23,52,48,52
258,99,36,31,32
89,58,86,65,81
526,95,44,44,45
359,225,208,203,226
105,294,38,34,36
987,63,109,88,77
926,488,65,55,52
687,179,51,49,59
357,135,35,33,34
1049,79,62,59,60
513,275,45,46,46
779,120,45,45,50
1198,331,234,237,252
585,183,232,233,254
926,496,174,162,115
910,24,142,123,104
797,258,242,239,255
978,409,46,46,49
256,333,43,44,47
500,309,45,45,49
64,135,155,28,41
1019,172,49,48,54
766,236,76,64,72
253,402,44,42,48
589,211,233,228,255
2,237,32,27,30
867,214,51,50,55
478,478,112,116,114
831,49,64,63,58
885,414,45,47,49
592,70,42,45,47
1041,320,48,49,52
241,405,45,44,48
117,145,138,129,136
1155,108,235,233,248
883,445,46,47,50
804,84,43,46,49
835,324,46,48,52
163,331,37,38,42
228,312,46,42,48
1125,230,232,229,246
205,73,181,177,192
281,216,188,185,205
900,118,46,48,51
165,214,189,189,208
22,252,32,27,29
298,372,45,44,45
111,447,61,63,65
65,474,57,52,51
862,51,101,89,72
558,167,46,45,47
1196,91,239,236,252
1099,105,229,232,251
1015,460,49,50,51
1033,246,45,49,53
616,19,49,50,51
97,478,49,48,48
1007,247,44,49,51
657,140,46,46,46
1165,352,238,236,251
206,228,189,186,208
865,124,45,48,51
23,479,48,46,52
596,386,43,43,43
578,405,40,42,43
411,88,36,35,40
766,448,45,46,52
1034,198,44,47,53
1049,227,46,49,49
1018,49,102,81,63
974,186,45,46,51
348,52,34,27,26
20,224,36,34,33
1141,421,233,228,241
262,463,108,97,74
899,369,45,47,51
882,328,46,45,48
117,269,214,212,233
742,117,45,45,48
539,213,227,226,249
99,405,41,44,45
564,25,48,46,48
1016,195,49,47,52
827,256,240,237,255
322,249,200,198,217
89,41,36,26,37
946,404,42,43,50
149,285,45,42,42
258,137,31,24,27
752,211,240,239,255
948,201,44,47,51
1199,471,241,238,251
447,407,24,28,32
472,485,131,127,101
869,438,44,46,51
776,102,46,46,49
832,13,89,86,80
565,100,42,43,47
955,71,70,66,71
850,410,45,48,51
159,362,40,41,46
587,477,115,108,95
974,51,79,64,58
934,434,53,52,54
821,262,56,55,59
545,255,228,230,253
207,110,42,43,50
856,378,48,47,49
169,130,116,114,130
1103,238,240,236,253
801,224,236,239,255
764,365,46,44,48
1164,455,233,232,249
593,71,42,43,47
560,422,43,41,45
315,357,42,44,46
690,373,42,45,47
514,271,48,49,46
102,20,116,109,113
982,82,50,50,52
265,244,51,44,51
783,13,52,50,55
720,469,151,147,164
870,429,50,49,49
891,320,42,45,50
741,387,45,45,47
382,92,31,29,32
885,351,45,47,51
977,257,49,46,49
1029,151,47,49,55
57,109,151,19,34
556,59,46,42,49
110,432,91,60,63
231,271,203,203,225
1116,18,234,233,250
298,242,196,195,215
1193,7,240,235,253
149,479,47,47,49
59,398,47,44,47
979,33,101,77,62
403,27,40,32,30
595,92,47,43,48
402,118,38,39,42
1144,143,233,231,248
182,470,51,49,50
366,459,112,108,97
985,439,113,98,116
1116,408,231,230,243
584,398,39,41,46
50,361,42,42,43
21,451,54,52,54
443,393,95,92,94
560,31,45,44,46
934,246,49,46,49
680,471,106,82,59
335,279,48,43,46
485,191,70,70,76
125,294,39,35,39
358,304,38,45,45
882,313,46,45,49
790,302,47,46,50
249,48,202,208,225
542,162,45,45,48
1062,243,48,49,55
915,400,46,45,46
399,172,41,43,44
365,310,44,44,46
332,65,30,25,25
207,409,44,43,45
792,47,49,51,55
686,122,48,48,48
442,7,34,28,30
641,398,47,43,47
501,367,43,42,44
466,274,173,170,194
454,451,161,164,183
174,199,52,36,52
922,358,46,45,52
207,27,187,169,194
1087,219,254,253,255
359,276,47,43,47
1092,70,240,237,232
623,391,42,42,44
775,159,46,45,51
979,205,42,49,51
101,167,32,26,36
114,267,162,160,184
876,243,235,236,254
66,316,35,32,35
969,28,94,72,60
79,478,83,66,65
1105,341,238,236,255
407,208,210,210,234
290,284,47,43,46
794,92,46,48,47
466,168,44,44,45
752,289,41,47,47
772,445,46,48,52
893,278,48,50,51
1,497,50,48,53
1132,303,234,229,243
538,93,45,44,48
820,216,238,238,255
1195,34,237,237,252
439,272,232,232,253
1103,351,239,236,255
852,435,46,47,46
184,473,56,55,61
181,99,98,84,107
177,245,199,197,221
195,195,189,184,207
807,398,42,46,49
998,73,73,65,60
570,445,125,119,119
199,358,40,44,46
42,438,50,50,52
575,298,43,46,51
985,278,47,47,52
1198,220,237,236,254
188,102,126,131,146
793,315,44,46,49
264,240,187,185,208
1121,33,230,227,247
763,488,154,146,157
500,416,45,42,45
891,442,48,45,51
826,242,106,100,161
546,36,44,41,47
544,140,40,45,46
1045,398,47,49,50
48,195,100,95,112
923,465,52,47,51
506,73,47,50,61
332,469,129,128,137
233,186,190,184,204
648,112,44,45,49
970,66,85,72,62
93,406,43,44,47
918,419,49,46,51
1193,436,235,235,251
314,190,193,190,212
655,55,44,46,49
290,324,45,43,48
828,382,43,44,48
49,416,54,54,56
92,370,41,39,42
162,429,47,48,48
806,396,45,45,49
150,434,48,50,51
926,456,49,47,53
83,67,197,193,215
123,330,35,33,36
480,427,42,45,51
419,74,35,35,39
14,114,146,23,31
804,405,45,48,47
1023,369,50,49,51
298,312,45,44,45
892,202,44,46,49
916,111,44,48,49
269,128,27,27,25
903,412,47,46,48
423,41,35,30,33
426,116,40,41,44
202,265,203,201,223
927,397,48,46,48
980,291,44,48,47
184,320,40,40,44
960,293,46,45,53
999,204,52,48,54
682,106,45,44,50
157,174,204,203,227
693,96,44,44,48
494,255,216,218,237
569,10,93,81,57
424,57,34,33,36
838,1,96,92,91
290,345,44,42,46
121,257,214,211,235
221,18,175,162,185
369,39,35,27,27
1166,57,236,236,252
770,315,41,44,49
540,359,42,42,45
1095,37,234,231,253
348,91,29,28,30
410,113,37,39,39
1072,266,52,50,56
89,268,37,31,35
85,179,214,202,225
194,186,190,184,203
639,223,227,233,239
48,433,49,50,50
113,272,199,200,222
26,164,171,35,42
910,244,238,234,255
0,18,223,223,249
194,112,140,139,158
207,183,189,184,204
466,9,128,105,85
1078,417,58,55,56
31,479,48,47,48
150,56,140,124,144
640,160,48,47,48
465,167,46,45,46
461,389,51,52,57
847,465,50,48,51
241,411,41,43,45
37,371,42,42,44
925,54,93,93,89
387,369,41,44,47
907,228,238,237,255
548,452,140,137,150
859,117,45,44,50
953,39,104,84,62
847,474,53,51,52
281,76,34,29,31
888,20,83,74,73
1108,220,235,235,252
284,66,35,36,41
145,266,211,212,235
901,133,44,48,51
726,437,43,45,49
211,59,40,29,32
854,112,45,44,51
1095,38,229,231,253
584,482,92,82,58
1181,80,239,237,254
304,325,43,42,47
308,260,203,203,224
961,364,48,48,48
880,212,44,49,54
421,16,37,31,33
177,445,64,62,62
564,83,46,43,47
416,465,146,134,141
285,205,77,77,93
450,23,69,50,41
754,491,160,157,162
817,226,241,241,255
169,292,36,37,39
568,377,42,43,46
53,47,111,102,112
431,210,220,220,243
641,141,48,47,47
1113,351,233,231,246
344,440,74,68,54
629,467,152,144,153
133,14,187,187,203
1063,91,62,62,61
596,208,108,117,151
1043,179,47,48,55
268,267,47,43,52
738,76,46,46,50
546,61,46,43,50
20,190,67,82,62
236,435,57,58,53
429,213,218,218,242
864,369,47,46,49
180,277,209,209,233
669,385,43,42,48
1063,140,51,50,55
835,61,47,49,50
1034,104,50,47,52
581,121,44,45,48
909,279,49,49,51
245,387,44,44,45
530,268,70,58,86
866,308,42,46,51
34,201,92,95,99
1094,459,241,237,255
194,55,196,180,202
787,385,43,46,51
73,70,44,28,49
1017,450,47,45,51
324,122,31,32,33
1079,97,237,241,250
195,189,191,185,206
867,150,48,46,52
775,173,47,46,51
658,34,53,50,51
364,407,56,51,58
989,474,50,47,53
514,425,43,40,45
1001,366,49,49,51
432,117,36,44,43
1084,227,114,111,127
176,480,46,46,48
1099,122,239,238,255
477,124,42,43,46
1151,433,232,229,246
480,207,116,116,135
298,429,94,92,61
837,56,61,57,58
40,220,31,30,32
717,26,65,57,55
1056,292,51,52,58
693,8,53,49,53
749,310,47,47,51
225,351,44,44,44
520,200,219,218,239
921,374,44,47,49
384,201,207,204,227
864,93,48,46,50
468,299,18,24,23
814,269,51,49,51
69,435,49,50,54
1072,358,170,159,92
177,492,43,46,49
1135,86,231,227,241
1064,95,53,55,58
801,309,46,43,51
1081,181,246,248,254
355,361,43,43,44
143,84,152,137,156
849,492,169,158,110
869,306,44,47,51
991,58,115,89,72
110,286,36,35,37
248,30,200,191,216
395,487,75,74,63
472,171,43,42,46
119,88,160,146,167
199,294,39,39,44
977,290,50,45,50
1198,323,240,238,254
1190,488,238,233,252
836,149,45,47,52
1003,242,51,48,52
834,313,45,46,49
249,244,147,143,157
898,224,235,239,255
903,63,103,103,98
212,313,38,41,45
359,284,44,42,45
42,10,224,224,247
825,207,47,50,53
926,61,94,87,77
529,109,42,43,48
343,362,46,43,44
763,363,42,43,49
1078,440,53,52,58
240,330,40,44,45
622,398,42,42,44
934,302,47,47,48
1029,172,52,51,55
104,349,37,35,38
1077,246,244,242,253
1185,259,239,236,253
427,5,35,27,29
770,327,49,46,51
1177,418,237,235,250
93,433,51,48,50
1056,2,114,103,127
78,410,45,43,47
1168,5,239,237,251
597,302,41,44,45
998,49,109,81,63
692,408,44,43,47
39,273,33,29,31
1163,217,239,233,250
216,491,82,79,58
55,167,169,30,39
803,70,50,47,51
574,163,42,45,48
693,372,37,44,47
560,70,47,43,46
1014,61,64,60,60
692,205,238,236,255
1053,320,46,49,55
375,455,127,107,120
114,69,146,131,152
1005,201,47,48,53
1188,398,236,235,254
994,307,47,46,52
1130,202,230,228,245
1020,157,51,47,52
716,239,239,238,255
861,34,99,95,91
928,417,46,45,50
778,18,51,50,51
1036,450,49,48,52
795,372,45,44,48
536,401,43,42,42
495,145,47,44,51
616,167,44,44,48
250,333,46,42,47
788,166,43,46,50
925,446,132,141,170
1081,147,185,187,211
420,90,40,37,38
994,191,46,48,52
1080,161,194,197,212
961,278,49,46,50
497,204,208,205,226
771,472,168,163,181
174,424,119,121,112
522,155,45,44,48
240,181,188,182,204
884,464,50,48,51
239,497,74,68,51
675,56,43,43,49
994,252,46,47,52
779,302,47,46,47
858,377,48,46,51
928,159,45,49,48
741,241,239,239,255
207,301,41,42,44
251,120,32,28,29
791,403,50,48,52
1036,247,48,48,54
466,126,43,42,43
996,430,47,46,51
376,16,41,31,35
990,63,105,87,75
762,323,45,45,51
334,31,42,36,36
84,191,86,96,105
813,210,148,140,153
1058,17,86,73,61
273,45,45,43,49
302,255,205,200,221
1147,155,233,231,245
462,295,99,100,115
223,392,43,45,47
846,34,83,84,77
683,65,43,45,48
207,117,32,36,40
441,425,28,27,27
256,436,62,63,54
325,45,38,26,31
272,264,201,199,217
585,410,46,43,46
333,345,44,45,46
929,372,45,45,51
265,431,61,54,51
863,467,49,49,51
1116,172,233,231,249
754,117,47,48,46
840,271,45,47,51
1077,25,109,105,98
360,336,41,44,47
316,414,41,44,44
759,391,44,43,48
466,34,79,59,49
433,385,45,44,45
503,370,41,42,45
176,469,56,55,53
284,211,148,146,168
1045,138,51,48,52
234,221,188,184,204
890,215,45,50,52
745,273,47,47,50
1010,121,45,48,50
914,8,124,75,63
178,138,37,38,44
85,212,178,164,196
440,71,38,39,44
565,416,39,43,47
559,343,40,43,47
215,152,34,26,29
901,344,45,45,52
29,220,35,32,34
1118,128,228,226,245
674,109,45,45,48
970,10,103,76,62
83,219,214,220,247
1121,159,230,228,244
298,253,202,200,222
77,206,222,224,243
323,149,32,31,35
341,466,136,134,134
1000,351,47,48,51
1157,313,238,236,251
512,89,36,31,31
304,190,189,186,207
68,120,153,25,35
1129,274,228,227,241
114,452,47,49,50
1030,53,121,102,78
750,166,46,49,49
1152,85,234,233,248
122,83,146,131,152
272,22,110,107,126
401,99,37,36,37
797,130,45,47,52
285,167,191,184,202
976,273,47,47,51
165,108,185,182,200
777,238,69,61,70
935,272,46,48,51
966,363,47,47,51
1125,88,228,226,239
830,285,47,46,48
464,399,44,46,47
1115,336,231,231,247
105,216,213,213,237
1078,108,54,55,58
82,163,43,29,28
1058,404,49,50,54
410,128,39,40,42
902,64,106,104,100
936,259,49,47,49
68,318,36,32,32
433,352,44,41,48
797,341,45,46,49
1059,454,52,50,53
833,448,47,47,52
839,439,48,47,51
1011,380,47,47,51
547,268,154,160,192
631,264,46,46,49
272,442,73,70,51
149,45,135,120,139
1137,132,226,227,241
645,37,45,44,48
1039,263,44,47,53
494,393,43,42,44
522,94,46,48,47
811,26,48,51,51
973,141,49,49,53
569,105,45,44,47
1199,4,239,236,252
508,134,47,45,50
1062,280,75,53,65
210,360,41,43,44
189,147,34,33,41
730,248,244,241,255
874,105,48,47,49
1163,475,236,233,249
845,346,48,47,50
192,316,38,41,46
560,448,147,147,153
110,189,174,167,193
575,73,44,44,46
1172,5,235,237,252
524,480,120,115,102
309,96,31,25,28
972,486,46,47,51
787,98,48,47,51
248,440,55,56,54
266,236,84,90,108
1006,139,47,49,52
494,247,212,215,233
830,89,53,49,51
584,101,45,45,49
1004,74,96,84,77
850,148,47,46,50
941,155,44,48,51
785,265,241,239,255
310,155,35,32,36
784,287,48,46,53
36,52,153,150,162
1114,148,235,231,250
841,413,45,48,51
139,326,38,35,38
508,86,14,18,22
981,383,44,46,51
1035,101,47,50,54
214,279,206,202,228
835,376,43,45,48
308,287,44,43,47
1008,58,104,90,75
686,297,45,48,49
645,452,197,203,228
902,122,45,47,51
932,10,243,235,251
327,314,42,41,47
710,342,45,44,46
1068,379,52,53,56
231,172,191,186,206
937,190,49,49,53
659,167,47,46,50
565,106,40,45,47
919,235,49,49,58
486,293,48,48,51
67,462,47,47,51
66,75,30,31,32
187,221,193,189,210
107,381,42,38,43
1026,294,44,49,50
426,36,33,30,33
792,449,44,47,50
772,334,45,46,50
1047,58,112,99,86
1159,348,235,235,250
370,295,40,43,47
90,426,57,54,53
276,93,39,27,31
403,254,224,224,248
695,144,49,46,51
1137,148,231,228,245
477,0,57,48,40
1134,154,228,227,246
756,74,47,48,52
1176,226,235,236,253
180,65,156,150,169
744,116,46,46,51
881,294,49,46,49
1109,165,237,235,255
985,341,45,44,50
819,94,46,47,51
434,312,43,45,48
943,385,49,45,48
1171,44,239,237,255
331,67,30,29,27
215,459,48,47,50
371,218,206,204,226
387,44,36,25,30
582,364,46,42,48
296,44,49,45,51
396,43,31,24,29
826,412,157,153,142
578,226,231,234,255
662,297,45,43,47
273,54,46,48,52
1070,470,190,183,118
419,336,41,42,45
411,241,83,81,91
201,200,188,183,202
1038,257,51,48,54
75,215,236,232,252
831,388,44,46,49
1009,72,111,98,94
402,428,44,43,48
558,3,92,76,58
710,248,65,55,54
500,218,211,208,230
1085,125,251,251,255
1140,470,229,227,242
301,340,41,42,46
36,219,35,30,33
680,298,47,46,51
512,201,168,173,204
1036,107,45,49,50
508,155,46,47,50
1004,2,127,96,71
168,142,42,45,49
844,363,46,44,50
19,248,35,30,30
640,282,46,47,46
163,292,39,39,42
952,263,40,45,48
878,163,46,46,51
1018,335,42,46,51
10,141,163,29,35
199,250,196,194,213
51,360,42,40,45
1002,80,58,54,59
595,46,50,46,48
839,345,48,48,53
976,322,46,46,49
306,400,44,43,46
919,261,49,48,54
266,499,96,81,58
1009,32,102,79,64
547,436,149,155,161
1135,283,231,226,241
1083,77,54,57,59
39,88,186,182,202
931,67,84,83,78
421,439,110,99,79
1183,267,236,235,250
1150,461,235,232,246
744,183,46,48,50
550,280,46,44,46
874,391,42,44,47
70,323,37,36,36
541,214,230,227,253
1183,135,240,237,254
129,187,217,216,242
343,99,34,26,30
312,477,122,114,104
257,441,53,54,52
52,62,114,106,113
453,458,184,183,202
392,93,33,34,35
264,1,197,187,211
305,100,31,26,29
352,131,31,34,33
328,243,196,199,217
951,304,43,44,49
724,168,46,45,49
693,227,236,236,255
165,414,41,45,47
430,425,49,48,51
594,127,45,45,47
7,262,35,27,31
801,13,50,51,54
1135,58,231,228,243
979,52,85,66,57
911,92,50,47,53
544,232,227,228,248
227,238,182,187,198
96,199,234,239,254
1102,237,236,237,255
353,349,45,43,45
577,14,93,82,62
676,283,44,44,45
745,275,49,46,51
397,469,58,54,56
1125,471,222,221,237
195,4,154,30,40
586,402,38,41,44
1108,329,237,231,251
269,468,108,102,73
704,355,44,45,48
897,87,46,48,52
554,486,125,119,106
252,172,189,187,206
245,224,186,187,205
1110,162,235,236,254
1195,364,237,236,254
1053,307,53,50,54
1000,393,47,47,51
524,477,119,116,98
634,474,188,184,200
432,164,43,45,47
322,30,42,38,39
613,450,180,186,210
217,491,80,76,53
1000,43,116,87,66
1192,137,241,236,254
544,401,39,41,44
1158,122,237,235,250
795,27,50,51,53
403,307,42,41,47
596,432,43,45,42
876,288,46,47,52
47,60,113,107,117
1007,66,54,53,56
533,439,152,152,170
464,216,199,195,209
731,305,46,43,49
421,180,41,46,49
1173,278,241,238,253
870,263,238,239,255
1165,184,234,234,249
302,263,206,207,224
837,109,45,47,51
966,64,54,52,55
628,486,137,137,146
860,262,241,237,255
960,400,46,46,50
1109,68,232,232,251
754,421,45,46,49
591,432,42,43,48
586,421,47,42,46
675,284,46,45,48
428,276,52,50,54
575,48,44,44,47
465,326,46,48,53
1120,383,230,231,245
1153,241,238,233,249
576,486,168,164,164
67,7,229,230,252
351,293,41,42,48
62,377,41,43,45
290,446,60,57,49
39,402,42,44,47
1093,384,248,246,255
321,72,34,27,28
164,193,103,98,125
929,483,50,49,53
529,111,46,42,47
427,144,46,41,48
767,201,51,54,59
16,395,46,44,49
957,106,47,47,53
1084,321,251,253,255
86,475,95,83,86
135,172,49,52,57
418,352,46,44,46
901,137,49,47,50
946,162,48,47,53
461,99,44,40,47
308,108,34,28,32
277,484,78,75,54
573,419,40,41,43
699,221,236,235,255
239,482,57,55,50
1009,241,48,47,52
745,118,45,47,49
650,46,45,45,48
72,482,101,86,85
98,370,41,41,43
579,155,44,44,49
784,289,44,45,51
497,484,125,112,67
857,205,47,49,53
1019,202,49,48,54
874,326,45,46,51
233,417,45,44,46
645,450,196,201,221
1046,115,46,49,52
532,463,155,153,169
820,343,44,45,48
597,496,172,174,185
729,34,53,51,51
478,189,55,51,57
28,418,59,57,57
604,493,178,177,180
808,66,46,47,50
28,186,100,95,103
996,32,118,90,68
983,208,47,48,52
1112,322,233,231,247
259,184,187,184,204
337,165,38,37,39
241,367,45,44,49
972,77,62,58,56
973,97,47,48,53
1148,428,230,228,243
456,333,83,80,85
1127,129,228,227,242
667,107,44,44,50
68,372,39,43,44
119,222,53,47,62
23,332,42,40,46
973,53,75,63,57
1069,174,48,50,55
152,70,159,145,165
649,31,48,48,52
419,126,42,43,42
501,306,42,43,48
63,155,165,32,39
628,108,42,43,47
490,410,43,44,49
1009,337,45,48,49
954,325,46,47,49
621,205,62,64,68
334,469,137,133,147
1060,188,49,50,54
515,490,110,102,72
72,291,30,28,27
408,474,68,62,56
755,208,241,240,255
240,394,43,42,47
171,436,113,111,104
658,246,47,46,51
698,392,47,45,50
345,445,71,71,54
73,229,49,53,59
1162,433,239,235,250
269,428,69,69,52
935,473,50,48,50
267,114,28,29,30
508,105,38,33,38
344,317,42,43,46
324,165,38,35,38
254,413,42,42,46
676,363,40,45,49
840,458,48,46,50
189,232,174,172,188
59,408,44,45,49
1032,370,46,47,50
581,92,44,43,44
1062,311,53,52,60
482,433,183,191,208
673,42,48,49,51
264,39,215,213,235
390,307,44,42,48
794,152,46,47,51
591,474,120,116,102
822,246,241,239,255
687,401,45,46,44
1024,209,48,49,53
760,350,44,45,49
1090,321,242,243,255
993,178,47,48,53
859,490,126,119,76
501,309,44,44,49
312,32,45,43,47
548,130,46,44,47
162,146,55,47,62
1112,97,233,230,249
104,341,39,39,41
402,316,44,45,47
978,277,50,47,53
906,176,49,46,50
1037,392,46,48,51
1100,428,240,241,255
739,24,51,50,52
296,379,47,45,46
368,267,213,211,235
722,350,42,42,46
1134,372,228,226,241
565,293,44,46,49
1090,91,247,247,255
1041,87,70,63,59
129,113,163,33,42
725,442,47,46,47
32,337,39,38,41
247,117,28,26,28
692,405,46,44,49
611,242,236,237,255
1137,73,230,228,243
569,43,42,44,45
246,433,80,86,58
1195,428,238,236,251
1049,487,45,49,54
666,403,46,44,47
930,457,46,48,52
271,301,40,45,45
95,21,115,105,116
999,460,50,50,53
1053,146,50,50,52
1148,354,233,230,246
662,436,43,43,47
937,118,47,45,51
640,171,52,51,50
968,42,96,71,59
936,42,92,73,58
455,408,58,59,65
909,58,94,89,87
57,3,224,225,251
258,243,61,46,56
506,59,45,44,48
984,2,113,82,64
1184,380,237,235,252
580,192,232,232,254
71,23,139,130,145
849,102,49,46,51
537,17,57,51,48
1029,447,48,48,49
94,381,38,41,46
1172,105,238,236,251
805,56,44,45,49
830,334,46,46,52
520,112,48,45,46
935,22,93,69,58
1018,358,49,49,53
1092,139,127,109,92
834,96,45,48,52
434,393,44,46,50
342,159,36,39,41
755,128,49,47,53
841,371,45,47,48
1098,279,239,238,254
117,470,46,48,49
954,409,45,46,51
949,10,120,81,66
266,157,31,28,30
932,498,175,156,82
36,228,31,28,29
1032,5,107,79,63
179,322,40,39,39
1163,333,233,234,249
230,473,64,67,58
896,18,90,80,76
173,408,42,44,45
113,322,33,32,35
74,177,206,196,221
1075,291,238,246,254
491,130,41,44,45
184,310,37,40,42
794,258,243,240,255
205,306,39,40,43
43,337,36,38,40
856,37,93,91,83
149,262,212,209,232
218,225,188,185,206
749,453,47,47,50
486,24,68,54,47
634,436,43,45,48
289,251,197,197,218
447,328,41,45,48
174,185,190,187,211
637,426,46,44,46
413,64,31,34,35
163,216,198,192,213
395,165,44,43,47
806,330,44,45,52
440,73,39,39,40
320,317,42,42,45
424,303,44,46,46
1184,49,240,237,255
550,60,46,42,47
809,26,53,51,55
943,486,48,48,50
1055,206,50,51,55
356,431,95,92,61
579,82,46,43,47
1031,309,47,49,53
198,32,170,97,113
790,327,45,46,51
924,471,47,49,52
981,330,44,46,51
867,396,43,44,48
908,94,48,49,51
491,462,166,165,180
774,332,46,46,51
1084,326,240,241,254
495,392,45,45,47
1029,80,92,79,65
365,411,43,42,45
475,185,44,46,51
854,195,48,46,51
256,148,30,26,30
1173,297,240,236,253
871,160,47,48,50
326,97,32,28,30
874,53,98,95,89
250,385,45,46,47
648,235,122,124,149
444,9,37,32,34
84,404,41,43,47
378,474,64,57,51
249,128,35,30,28
1008,28,106,83,63
382,392,39,45,45
1137,393,230,230,243
1019,203,49,48,51
348,230,178,176,194
523,354,41,41,45
523,104,44,43,49
297,246,198,194,214
638,2,49,49,52
306,46,41,37,38
872,406,47,45,48
107,169,125,113,137
556,264,233,231,255
995,321,46,46,47
443,476,132,124,117
1045,275,55,53,58
1040,485,47,47,51
82,208,209,209,230
547,177,92,87,92
86,364,41,38,46
1164,195,237,235,253
815,483,165,165,182
1156,318,233,232,248
1160,341,236,235,249
649,248,47,45,48
408,166,41,42,44
510,193,216,213,236
727,43,55,50,52
112,86,154,138,162
215,276,207,208,229
769,28,48,51,52
927,440,52,50,51
386,266,216,216,237
283,282,45,43,45
740,56,46,45,51
167,60,142,129,149
182,266,206,204,226
198,30,171,88,107
815,124,47,47,49
542,21,49,45,45
530,96,43,43,48
192,289,42,40,42
168,292,34,37,38
209,486,43,46,49
291,360,45,42,46
742,231,240,237,255
1178,345,242,235,254
417,154,36,43,45
193,237,199,193,215
290,129,34,30,30
24,28,225,222,248
638,198,239,237,255
461,461,179,183,201
732,94,46,47,50
1137,126,232,229,244
694,164,47,45,48
417,259,227,226,247
706,492,115,99,75
1188,48,239,236,254
460,413,45,47,47
118,289,40,35,36
937,365,45,45,49
716,474,153,145,157
400,279,49,46,49
368,246,62,55,60
1057,462,49,50,54
287,238,189,188,209
976,323,47,46,50
709,14,67,54,54
184,202,182,182,196
791,200,51,49,55
1137,163,226,227,242
1104,318,237,234,254
631,210,186,188,227
583,157,46,47,50
51,177,174,33,41
476,396,41,44,46
879,334,44,45,49
945,79,50,48,50
961,480,47,48,52
872,72,48,47,51
469,155,43,43,47
46,62,112,105,115
507,66,54,53,68
19,404,46,46,46
1112,278,232,231,248
473,2,57,46,41
572,372,43,42,43
493,36,83,64,48
1105,425,236,237,255
632,381,45,44,48
351,311,41,43,48
877,6,84,76,70
891,6,91,85,73
610,98,42,45,45
542,274,45,46,48
381,397,45,44,48
967,125,44,47,51
233,50,207,198,216
449,413,28,27,25
64,354,42,41,45
10,475,48,49,49
227,475,52,55,51
390,121,36,36,38
297,399,41,44,47
1036,367,48,48,51
1067,130,51,52,56
808,295,47,45,48
1072,289,66,60,56
892,284,45,48,49
527,396,40,42,45
1117,218,231,229,247
215,127,34,33,38
849,365,43,46,49
447,19,60,46,42
975,445,47,48,54
1056,296,63,45,88
1086,310,92,89,76
723,361,45,47,50
647,75,48,46,48
19,351,43,45,49
1022,175,48,48,51
831,193,45,46,50
460,153,43,45,47
935,37,104,73,63
1083,347,123,116,113
59,307,37,35,36
409,359,43,43,44
429,371,43,43,46
666,361,44,46,47
1140,156,230,229,245
14,76,113,102,111
601,217,235,232,255
502,246,203,207,221
611,387,44,40,44
392,110,37,36,39
301,72,35,27,31
970,214,47,48,50
785,247,244,240,255
251,38,104,108,120
526,135,46,44,50
26,209,32,29,29
725,390,42,46,47
1039,246,48,50,52
385,96,34,32,33
1041,401,48,49,52
938,175,45,46,49
426,296,40,46,47
266,251,197,195,215
314,398,41,44,45
954,350,48,43,51
16,95,126,97,80
331,122,33,32,31
981,133,43,49,50
566,9,91,78,59
141,67,161,144,167
489,480,112,111,68
98,35,183,182,202
1152,192,234,233,250
1101,107,234,234,251
72,320,36,34,33
809,418,66,53,69
1089,422,253,247,255
542,5,83,72,55
872,272,50,50,53
120,39,191,186,203
351,169,44,45,43
272,440,65,62,52
705,276,44,46,48
1090,498,238,237,255
415,253,226,226,247
956,98,47,49,51
730,83,44,46,48
64,375,46,45,46
14,307,40,36,39
543,157,46,42,48
978,476,47,46,49
461,413,48,48,48
1151,115,234,231,248
81,489,48,47,51
346,18,37,30,33
226,316,41,45,43
171,355,41,43,45
533,484,143,144,148
302,491,46,46,46
552,305,44,44,47
654,233,237,235,254
29,462,51,50,53
281,71,37,35,37
1074,110,52,52,56
41,132,154,26,33
894,317,47,45,50
413,33,34,31,31
123,474,48,48,51
119,429,66,63,80
781,67,47,46,51
757,441,42,46,52
527,35,40,34,44
549,351,39,42,47
439,1,37,32,30
841,83,48,46,51
786,178,44,47,50
72,181,139,130,164
716,112,43,45,48
1109,243,234,232,247
733,41,49,50,52
169,428,101,96,85
810,162,47,47,51
1160,178,235,233,250
1109,358,234,234,251
1077,369,53,53,60
905,415,46,47,48
626,437,45,45,49
430,162,41,44,45
246,162,68,62,71
1046,163,51,48,52
1092,229,240,240,255
645,76,48,43,48
474,43,45,40,45
224,279,207,205,227
777,276,236,238,255
669,195,235,235,255
868,205,48,47,51
601,88,42,47,47
1036,326,48,46,52
308,357,44,45,45
524,493,106,99,70
1156,18,236,234,251
886,303,48,45,50
113,461,47,45,48
1190,80,239,239,253
445,72,37,40,42
823,284,48,45,52
82,218,187,197,223
372,44,32,23,24
1156,119,235,233,251
166,322,40,38,41
197,87,97,96,114
459,398,51,55,53
606,218,165,163,197
199,387,46,43,48
1044,376,50,48,52
880,445,45,48,50
844,76,44,49,49
1056,131,51,48,53
15,255,37,29,27
836,53,69,62,56
1166,36,241,236,254
197,155,34,30,33
294,221,193,191,211
718,219,98,85,81
652,168,49,48,49
382,310,45,43,49
694,379,45,45,47
164,223,196,191,213
986,93,48,49,52
255,359,42,43,43
553,479,137,132,138
990,31,112,87,63
1171,407,238,237,252
853,144,47,48,50
1081,195,61,55,65
1152,361,236,233,247
871,187,44,44,48
790,230,75,65,70
256,223,187,186,205
223,228,191,187,209
962,370,45,48,49
644,418,40,43,46
815,345,46,48,51
165,115,58,52,69
763,58,48,47,52
910,294,46,47,50
87,308,38,30,40
340,47,33,24,24
1032,1,101,76,62
892,336,48,45,52
21,439,50,49,51
337,402,42,44,46
1102,324,238,237,254
1195,348,240,237,252
783,392,43,46,47
565,284,44,44,46
545,336,43,43,45
584,286,44,45,46
118,288,35,36,36
1192,231,240,237,253
1157,44,236,235,248
889,213,50,48,53
201,438,45,47,49
237,476,57,56,53
655,285,46,47,49
126,455,44,47,50
1013,262,44,48,51
1036,429,48,47,50
568,361,47,44,46
882,449,48,47,50
50,178,172,32,39
246,56,210,215,233
1195,337,240,238,255
619,46,46,44,49
949,235,45,47,52
255,476,100,92,74
395,201,191,191,216
682,181,237,238,255
829,408,48,45,51
1161,197,235,236,251
1000,45,113,88,67
361,162,39,40,40
43,120,149,24,34
878,428,82,76,68
347,335,45,42,46
824,232,147,148,147
921,490,169,160,125
396,212,210,208,231
581,127,42,45,48
662,121,46,44,50
105,159,46,26,49
1097,469,232,232,250
448,106,40,42,42
979,55,85,68,60
989,453,51,45,82
618,365,42,44,47
240,341,39,45,47
1161,478,231,231,244
500,234,216,215,236
848,327,44,45,48
848,9,97,95,90
57,331,36,36,35
408,133,42,41,44
1134,8,230,228,245
1108,243,232,232,247
304,171,188,186,205
1176,125,240,236,254
857,271,49,46,53
569,352,44,45,49
1197,381,236,235,253
724,288,42,45,48
922,285,44,49,50
313,80,30,24,25
1032,217,49,47,54
830,292,43,48,49
978,189,46,46,51
676,335,44,45,48
939,224,45,46,53
417,267,227,224,250
201,77,206,196,218
722,389,47,46,49
48,460,49,49,53
226,339,45,44,48
1012,271,48,48,52
562,147,47,44,49
269,238,114,109,109
239,264,201,200,220
776,387,46,48,48
614,414,47,44,46
238,81,49,49,55
1059,452,49,50,55
1158,285,232,234,250
630,386,45,43,46
457,209,197,198,207
209,355,43,44,47
380,379,43,44,50
545,432,42,44,47
539,145,40,44,45
754,169,49,45,50
795,404,45,48,51
173,225,195,191,213
242,26,197,191,214
163,240,205,201,222
264,268,49,47,50
1091,360,244,243,255
132,130,186,181,198
2,243,35,30,28
86,420,57,55,52
291,255,201,199,223
764,473,162,154,170
819,353,45,45,49
999,162,50,47,51
967,476,47,48,52
209,162,31,28,32
8,81,121,110,121
998,447,167,180,148
300,261,204,203,223
283,203,190,187,204
1085,6,250,248,255
759,493,161,155,158
628,238,49,50,55
135,217,199,193,216
214,353,43,43,46
875,377,45,48,51
801,395,43,45,49
237,360,42,44,47
965,86,51,49,52
179,454,48,47,50
43,393,45,45,44
689,247,48,46,51
788,259,239,240,255
671,461,97,75,53
716,184,108,100,116
152,465,62,57,47
1033,54,158,141,119
196,148,38,33,39
359,453,63,56,50
986,477,46,48,47
477,206,211,212,232
157,2,33,33,34
724,161,47,47,48
232,37,34,29,31
851,436,45,47,49
397,212,186,189,211
883,378,44,47,52
880,189,47,47,52
494,207,176,176,192
1082,165,56,54,61
980,28,98,77,61
442,42,37,34,40
81,249,214,211,234
814,354,47,46,51
421,141,39,42,44
233,38,30,27,31
425,151,39,42,45
948,178,46,47,52
969,322,43,46,49
474,94,41,42,45
144,81,155,144,167
481,68,40,40,45
68,172,170,35,70
1066,324,50,51,53
56,322,35,35,35
234,29,43,34,42
1069,76,73,63,62
431,21,36,30,33
74,306,29,30,32
369,442,125,115,111
1089,472,235,233,252
542,457,135,131,141
597,31,43,45,49
247,367,43,43,45
1097,59,242,241,255
1152,211,235,232,246
471,40,74,57,47
354,335,45,41,47
760,341,42,45,47
1103,194,238,238,255
359,202,51,49,61
180,399,42,43,45
831,81,47,48,50
783,138,49,46,51
266,473,111,103,82
55,412,43,44,48
41,288,36,32,33
956,323,44,47,50
707,77,47,47,50
1057,413,48,48,52
517,69,35,27,31
683,175,49,48,55
770,256,241,239,255
483,44,43,43,42
849,364,46,46,49
363,439,52,49,50
225,26,175,163,188
110,80,150,134,157
568,263,236,233,255
956,6,110,81,63
220,311,39,42,48
71,480,95,82,82
898,444,133,137,86
508,362,45,43,48
352,362,45,42,48
748,422,45,46,48
1131,325,234,230,246
1024,177,48,49,52
718,187,238,236,254
557,370,41,41,45
602,107,41,44,47
837,163,48,48,50
278,380,41,44,44
789,317,49,47,50
943,293,42,45,48
922,310,45,50,50
748,308,44,46,47
266,253,196,194,215
349,210,179,180,199
1130,293,231,226,243
644,318,43,45,47
260,247,189,187,208
251,296,42,43,46
996,48,109,82,63
226,43,70,51,78
951,433,48,48,50
367,472,56,55,50
526,241,57,56,61
568,176,51,52,57
1073,98,51,52,55
485,321,42,45,47
375,247,211,212,233
1002,54,98,76,59
530,172,47,49,52
1155,314,239,235,249
200,347,41,41,45
871,496,102,99,62
1091,128,255,255,255
1061,428,48,50,54
877,133,48,48,50
387,135,35,40,39
344,108,29,29,31
153,263,208,208,229
249,328,43,43,48
233,18,179,168,192
307,230,192,193,214
452,390,27,23,26
658,376,45,45,48
681,393,77,71,112
1052,493,50,51,53
123,26,35,29,32
192,300,39,37,40
132,193,189,189,201
96,318,33,33,33
316,288,46,44,46
720,134,48,45,50
716,102,49,49,51
1112,426,230,228,247
661,368,46,42,47
1079,297,55,53,57
670,172,48,46,48
1011,115,50,50,51
682,372,44,45,44
374,381,44,42,47
248,92,39,40,45
831,231,242,236,254
679,403,40,43,45
664,363,41,44,49
424,271,229,229,251
414,248,196,192,203
833,484,175,168,160
209,289,39,43,44
68,249,37,36,41
341,54,35,24,26
230,431,51,51,48
1053,14,74,66,61
809,33,52,49,55
764,410,80,81,62
766,421,45,46,49
1181,216,241,237,254
70,252,39,32,36
1109,481,235,230,246
1109,390,235,234,252
497,449,169,174,189
1041,494,46,48,53
320,110,32,28,28
778,102,47,48,53
61,248,38,32,33
307,323,44,43,45
259,157,33,27,31
179,325,39,37,43
298,237,189,191,209
1115,430,231,229,244
1178,433,235,231,249
1183,394,236,236,250
742,390,44,47,50
199,262,205,202,222
152,288,39,37,39
346,383,46,44,46
332,390,44,42,46
353,133,33,34,33
218,117,36,36,41
855,443,46,46,50
103,493,50,48,54
1182,67,238,235,253
877,486,170,160,104
194,444,45,48,49
799,290,45,47,48
956,321,44,45,49
947,183,47,48,52
1009,307,46,46,52
1109,302,236,233,250
653,315,43,44,46
1033,360,48,48,53
768,387,42,45,48
918,474,49,49,51
584,290,47,44,47
455,207,60,55,70
1066,35,111,104,105
991,253,44,46,53
1003,355,50,48,53
901,251,240,240,255
109,223,203,202,222
47,119,149,22,33
15,446,48,49,51
728,26,53,49,53
343,284,43,44,47
721,100,48,47,50
209,246,193,191,214
993,447,58,52,86
60,257,39,32,37
16,13,145,133,165
1031,295,52,47,54
332,90,33,27,31
912,338,48,48,53
311,396,42,44,45
583,438,76,73,54
919,228,57,49,59
66,265,36,29,29
1094,286,240,241,255
980,369,45,45,50
353,108,32,30,31
636,448,187,193,219
1043,46,115,105,91
1115,212,231,230,248
1011,35,98,79,60
888,295,49,46,49
91,294,38,34,37
316,69,35,25,29
697,459,121,97,65
308,461,126,115,90
1146,365,233,231,247
124,408,46,44,50
66,319,35,33,33
737,316,46,46,51
436,161,45,45,49
643,488,144,144,153
947,440,48,43,60
49,86,189,184,203
282,310,43,43,45
1092,114,86,81,71
1021,239,47,49,53
598,381,43,43,47
790,120,47,46,50
247,450,61,60,52
116,164,131,136,153
1199,126,240,237,254
828,424,51,50,53
31,137,159,24,38
210,468,46,44,47
1157,73,234,236,251
551,327,43,45,46
877,91,49,48,54
1030,459,49,47,52
1000,206,46,46,51
121,286,42,39,41
1114,287,232,228,246
854,236,150,149,176
464,131,44,43,45
158,459,53,51,51
910,178,48,49,53
787,390,45,45,50
192,424,82,85,90
606,387,42,43,45
750,313,43,46,49
80,451,51,49,56
80,190,41,32,34
863,391,45,45,48
669,251,42,46,48
865,463,47,49,52
964,259,44,47,49
1026,302,47,47,53
1031,48,93,73,61
651,207,238,234,255
512,28,85,64,52
890,108,45,47,53
810,461,46,49,52
1175,262,237,236,255
560,48,44,44,45
451,110,43,41,46
1101,451,234,232,249
1187,335,238,234,252
75,34,116,105,114
433,122,41,43,44
727,464,150,144,150
593,68,43,44,48
216,175,184,185,204
1041,111,46,49,51
400,255,223,222,239
259,19,38,33,34
991,3,130,96,69
211,285,46,43,50
755,81,47,47,48
1045,187,51,50,54
237,312,44,42,46
660,127,47,46,51
781,102,46,46,49
607,22,47,47,51
887,142,47,48,50
207,182,187,183,204
597,404,41,45,46
842,494,163,154,108
641,52,45,47,50
545,240,230,228,252
777,308,43,44,49
639,102,49,46,48
748,384,44,45,48
777,25,51,51,52
173,495,47,47,45
973,2,109,81,64
397,231,211,212,236
296,474,127,119,87
159,349,39,39,43
17,313,39,36,41
1031,214,47,47,50
353,144,43,35,39
766,18,49,48,54
1184,492,239,237,253
146,171,210,211,234
922,472,47,48,51
542,351,40,43,45
276,496,95,84,65
1198,32,240,238,254
764,180,50,48,49
1074,138,53,52,56
1168,315,236,235,253
630,108,44,46,50
312,47,36,30,33
1088,369,244,244,243
20,135,158,30,36
104,299,35,32,37
525,4,53,41,37
879,380,48,46,48
1000,324,46,47,52
1169,402,237,233,249
510,29,88,65,52
834,162,48,47,51
653,483,91,69,56
1118,20,231,231,248
485,188,78,73,77
774,275,235,237,247
469,36,74,55,43
528,233,65,57,63
175,228,193,193,211
348,233,88,78,112
188,439,44,45,50
639,284,43,45,46
880,453,48,47,49
369,430,42,43,44
14,374,43,42,47
324,72,31,24,27
839,214,146,140,154
1180,223,237,234,253
903,340,44,47,49
1152,213,234,231,245
231,442,50,53,51
827,394,45,47,50
1000,102,47,47,52
329,165,39,35,39
771,8,48,49,51
561,50,43,41,49
244,449,55,52,53
474,161,40,44,48
886,418,47,45,53
1176,112,240,236,251
262,229,188,188,206
392,254,218,216,240
390,6,40,29,32
980,248,46,48,51
123,287,41,33,39
286,378,44,44,45
216,186,190,182,204
438,475,106,79,61
119,494,46,46,48
284,452,70,70,52
258,222,193,188,209
273,199,183,181,201
346,9,44,42,40
612,171,49,44,48
775,447,42,46,49
1166,234,237,235,252
1097,463,239,234,254
807,385,47,45,49
431,263,233,231,253
1168,469,236,233,249
142,179,210,208,232
144,461,49,49,53
774,397,44,47,49
352,31,41,33,29
449,433,137,121,125
812,35,51,51,55
713,233,240,238,255
473,373,44,45,47
217,26,174,166,186
91,104,156,25,34
616,317,44,48,47
509,353,42,43,46
249,39,90,92,105
950,57,60,57,55
646,427,43,44,46
276,10,191,189,205
356,441,84,81,61
313,292,44,44,47
1017,7,103,82,61
754,389,44,45,49
463,437,179,185,203
401,359,42,44,44
431,435,51,47,53
129,217,199,195,218
1161,180,237,234,250
630,89,44,45,47
51,260,35,28,30
221,455,47,46,48
1193,317,240,237,253
670,221,79,66,104
549,403,44,43,45
1082,429,253,251,255
1116,163,232,231,248
363,111,31,31,33
1120,95,230,227,245
1031,190,49,48,52
1060,82,84,73,63
914,348,48,45,50
1172,208,239,237,253
390,159,39,43,48
888,139,45,48,50
767,104,44,47,49
534,74,41,43,45
244,420,45,42,46
999,52,101,77,62
1110,483,229,227,245
132,378,42,41,43
1150,291,232,229,245
19,411,46,45,49
298,461,62,56,52
687,352,45,46,47
226,496,61,58,51
443,408,23,21,26
351,162,39,37,44
844,27,85,85,77
205,358,39,43,42
333,160,35,34,37
645,300,49,45,49
40,20,62,61,66
377,298,46,45,47
992,183,46,47,51
558,461,138,137,148
437,413,57,61,64
687,235,238,237,255
436,324,43,44,50
909,390,46,43,49
1045,280,56,55,59
1004,187,48,50,51
1033,219,46,50,52
389,230,94,89,113
230,76,127,135,150
263,373,39,43,46
1183,18,240,237,254
325,206,60,62,76
648,171,51,50,51
1149,452,232,230,244
255,484,79,69,53
130,410,44,44,46
887,415,50,47,50
300,403,44,44,48
315,229,177,171,186
498,452,142,146,160
355,261,213,214,233
369,342,44,44,50
871,485,162,150,88
625,286,42,45,45
326,96,31,25,30
26,466,51,49,51
1197,421,237,234,253
302,39,51,46,52
200,381,44,44,45
598,427,44,45,46
536,156,43,44,46
575,18,92,80,59
700,77,48,47,48
764,46,51,49,53
7,61,27,21,27
1057,247,50,48,53
1093,46,199,202,196
746,472,113,116,86
380,293,45,44,48
473,97,41,41,45
102,231,200,200,222
788,414,79,72,86
914,171,50,47,51
485,424,40,41,46
320,119,29,28,29
1020,190,46,48,53
469,216,82,72,101
756,32,49,51,56
462,377,56,58,60
439,344,41,43,47
1022,232,49,49,53
185,373,44,41,49
788,245,241,237,255
377,408,40,44,43
934,344,46,45,52
704,254,47,48,50
707,176,48,46,52
1180,179,236,236,251
460,377,54,54,57
1109,394,237,235,253
852,465,51,49,49
455,201,228,225,247
416,451,125,110,118
498,315,41,45,47
211,356,42,44,47
408,123,38,41,43
898,496,171,154,89
380,90,28,30,29
170,474,50,48,48
738,25,50,50,53
79,225,51,51,57
460,154,43,45,46
1033,190,47,49,53
689,337,46,44,50
171,1,168,147,171
434,307,45,44,45
404,76,34,29,31
186,240,199,198,219
451,48,40,38,41
785,182,44,46,47
874,400,47,47,49
566,193,232,228,254
978,414,47,47,47
592,25,48,49,51
937,241,45,47,51
583,37,46,43,48
757,458,47,47,49
859,264,237,235,254
56,473,48,47,50
856,355,44,47,50
505,216,211,210,230
736,105,44,46,48
1190,162,240,237,251
844,164,46,46,52
85,352,39,38,39
1137,324,226,226,242
401,466,62,60,55
774,173,48,46,49
800,188,49,46,50
361,494,72,65,54
723,200,241,236,255
393,327,41,44,46
445,6,36,32,33
878,458,44,46,48
254,421,45,45,47
518,28,39,36,40
442,244,102,103,125
369,305,44,44,46
344,385,44,43,46
137,207,201,196,221
696,23,46,51,50
930,290,46,47,51
64,226,112,109,117
416,198,150,152,174
113,275,213,211,233
114,348,40,34,40
82,458,49,50,50
549,238,230,230,251
1030,4,109,80,65
294,148,31,27,34
807,432,45,49,51
987,386,48,47,50
1060,210,51,49,55
652,318,46,44,49
660,20,48,50,52
286,221,193,188,210
409,113,40,39,39
631,31,48,49,50
446,279,49,52,54
492,496,104,95,57
488,387,46,42,50
438,240,152,144,148
604,208,138,133,186
1158,308,238,235,251
1017,304,50,46,49
510,68,22,24,26
919,386,47,44,51
754,231,227,225,225
677,226,129,119,129
513,336,42,43,47
456,338,70,69,77
439,388,44,49,50
1016,452,46,49,50
640,292,44,44,48
653,230,238,239,255
32,344,37,39,43
483,306,46,48,49
907,370,47,45,49
732,430,45,44,47
830,345,47,46,50
204,428,47,47,47
485,131,40,43,47
516,175,53,51,55
467,334,52,54,53
1187,146,239,236,254
740,44,48,50,51
686,433,46,46,47
332,237,197,195,217
307,239,199,197,221
1073,358,240,240,227
1197,169,238,237,253
862,185,44,45,50
948,490,47,50,52
509,418,41,40,44
888,330,44,46,49
50,484,53,50,52
13,303,36,34,35
204,175,189,182,205
521,414,41,42,40
885,299,44,48,52
786,457,48,49,51
630,30,52,48,51
1088,54,61,63,72
107,367,43,40,41
479,468,176,177,195
281,444,69,72,55
37,355,41,41,44
463,297,78,75,81
1051,443,47,47,51
607,370,41,45,47
25,4,198,199,215
1121,486,226,226,240
971,159,49,46,50
789,179,47,49,51
183,436,48,50,48
956,478,47,48,51
932,83,49,48,53
428,269,230,230,253
347,293,42,42,45
48,101,137,52,68
703,103,49,45,50
258,6,47,31,44
1185,407,239,236,252
241,427,82,80,55
180,137,35,39,40
964,170,49,47,52
407,480,72,65,60
292,316,43,43,46
119,318,41,35,35
588,90,45,43,49
953,409,43,45,50
308,317,40,43,45
325,233,48,50,55
317,138,29,31,33
548,383,44,42,44
150,338,35,38,39
838,444,46,46,51
1106,317,235,233,252
1110,49,232,233,247
676,151,45,46,48
588,195,237,234,255
1195,266,242,239,252
950,377,45,45,49
406,158,44,42,43
320,400,42,42,49
279,169,188,183,204
428,158,43,42,48
443,39,41,41,40
311,103,30,25,26
762,344,42,46,50
1145,31,231,230,248
724,158,44,47,48
51,395,45,45,48
308,338,43,42,46
1195,201,240,236,253
621,403,39,45,44
992,332,47,45,51
1052,396,49,49,54
865,487,154,143,90
461,23,94,71,51
476,463,178,182,198
1061,195,50,50,56
582,420,46,42,49
470,299,38,35,37
313,78,33,24,29
615,272,42,46,47
249,16,56,39,63
227,402,46,42,46
637,218,54,53,61
980,485,47,49,51
1172,84,236,238,252
108,344,40,36,42
456,458,184,186,203
258,2,182,172,191
58,76,29,28,27
186,11,174,122,149
653,228,239,237,255
208,65,33,26,30
675,136,47,47,51
449,436,133,116,121
512,219,219,216,236
745,360,44,44,50
867,173,47,48,54
338,160,36,37,40
408,247,220,220,243
1170,268,237,236,250
233,0,167,158,180
425,459,165,141,152
107,269,42,35,39
343,482,68,62,62
1024,92,52,49,55
822,195,49,49,50
310,487,92,95,102
638,65,43,44,49
141,82,160,145,164
1168,28,238,234,252
107,24,114,111,113
568,317,41,46,44
566,100,44,43,48
966,354,43,47,51
211,428,47,46,48
416,11,35,28,26
222,175,190,185,204
914,167,45,47,52
1005,113,48,48,51
458,429,65,51,52
887,490,174,162,112
658,156,42,48,47
245,260,199,196,218
627,20,47,51,51
348,192,198,197,218
455,302,50,51,53
918,63,76,71,66
514,224,223,220,243
311,424,43,41,45
36,78,109,99,108
788,269,241,238,255
352,182,197,196,216
995,62,95,79,65
597,371,43,45,46
410,315,49,45,49
181,183,192,187,206
1091,319,246,243,255
626,426,41,47,48
10,491,53,53,51
288,430,73,71,55
110,454,51,47,49
844,373,48,46,49
20,403,42,42,49
367,349,42,43,47
208,427,47,48,50
1076,154,191,181,146
1064,433,52,51,53
1197,293,238,235,251
210,344,42,41,46
16,169,174,34,37
434,358,43,44,45
305,182,187,187,205
272,91,34,30,34
519,172,48,47,50
711,436,50,45,49
729,215,61,60,67
9,64,35,28,35
1028,145,47,48,53
542,225,226,226,252
355,325,46,46,46
899,486,168,156,90
595,305,42,43,48
471,295,45,47,49
1123,358,233,230,245
727,474,159,150,166
1054,82,67,62,60
325,462,92,87,82
681,220,138,131,154
942,328,45,44,49
79,197,102,108,121
239,268,203,203,222
698,16,53,47,52
56,414,55,51,50
239,77,50,51,55
800,408,84,85,119
456,205,225,225,249
884,339,43,47,50
502,25,78,61,49
500,103,57,58,60
523,158,46,44,50
485,228,67,59,68
701,134,48,45,49
842,85,48,44,51
157,307,37,34,35
430,378,44,42,45
310,270,49,47,49
155,455,46,47,48
328,98,26,28,29
20,80,120,108,119
178,242,192,187,202
361,455,63,54,52
170,297,38,37,42
770,179,46,47,52
278,231,193,189,207
633,220,235,235,255
1015,176,48,48,52
930,158,50,47,52
691,82,47,45,49
463,202,231,226,249
111,475,47,47,51
833,238,235,237,255
438,28,38,33,37
1181,346,239,237,253
434,481,34,28,33
638,351,43,46,48
65,32,108,99,110
168,145,39,40,45
208,486,46,46,48
847,314,44,45,51
706,261,48,47,49
832,9,93,89,84
758,172,42,47,49
184,484,44,45,48
361,188,200,198,218
527,228,224,224,248
987,372,45,48,51
956,116,46,49,50
955,384,40,43,50
696,228,236,237,255
114,420,53,50,51
249,144,30,26,24
479,469,177,179,196
1113,362,234,232,250
605,490,175,177,187
850,185,44,48,52
796,105,47,47,51
31,111,146,22,33
937,470,52,47,53
176,158,38,36,43
1182,104,238,236,254
167,135,115,115,134
726,141,49,47,50
813,121,46,47,52
1168,329,238,235,251
705,392,44,45,48
313,3,144,151,160
1129,10,230,227,244
554,351,41,42,46
811,308,45,46,48
301,359,43,44,46
497,336,42,43,46
1050,351,45,48,51
324,193,194,192,212
873,15,98,93,89
141,401,44,45,47
467,497,113,105,61
665,223,234,237,247
881,433,45,45,51
107,412,45,45,48
716,478,153,142,155
695,270,46,45,48
1030,404,44,47,51
395,346,42,44,44
949,190,47,49,49
657,478,94,71,56
962,272,47,46,50
974,102,44,47,50
782,180,46,47,51
750,393,45,47,48
316,253,204,202,224
49,12,172,172,194
181,496,45,46,47
946,35,103,78,61
967,491,46,48,51
1109,280,236,231,249
241,200,72,69,75
862,162,45,46,51
309,146,35,30,30
1158,139,236,234,250
833,102,43,45,51
400,187,210,207,230
88,184,209,200,227
423,39,35,32,35
78,252,117,111,143
97,429,53,50,52
560,111,43,44,45
1184,449,230,233,251
1057,191,46,52,56
1137,381,228,227,240
911,398,47,43,49
1108,189,238,236,255
1120,222,230,229,246
187,436,47,46,52
100,134,161,29,38
152,320,41,34,37
19,101,131,40,52
389,114,38,34,39
1095,46,232,228,236
669,352,43,44,47
193,447,64,57,51
915,497,179,163,123
804,80,44,47,51
796,442,46,46,47
522,457,144,142,152
861,463,47,48,50
162,60,134,119,137
234,361,46,43,45
35,311,38,33,36
392,318,44,45,45
844,433,48,47,50
574,263,233,234,255
398,257,220,219,242
878,197,45,47,50
440,264,232,232,255
29,180,111,100,104
1128,39,234,227,244
1172,21,242,236,252
715,80,45,46,48
1074,24,99,92,89
507,408,39,42,45
727,377,45,46,49
1024,143,50,49,52
27,394,42,43,49
864,241,228,236,255
444,212,225,225,247
512,198,61,58,65
197,198,185,181,204
829,316,45,47,53
31,107,120,56,64
581,84,44,43,46
484,418,42,42,46
485,60,40,43,44
706,186,235,233,255
1087,178,64,62,65
1195,236,239,237,251
964,478,49,50,53
171,403,44,43,47
51,308,37,30,34
350,267,210,208,233
904,333,43,46,48
450,124,43,43,44
739,310,44,45,46
56,250,36,33,33
436,242,107,90,97
384,71,30,25,29
922,338,46,44,50
364,13,41,32,31
496,106,41,41,45
376,3,42,32,30
148,192,197,195,219
119,230,64,47,67
604,224,231,232,255
992,71,74,63,58
407,486,83,75,69
118,420,54,50,50
140,30,139,121,143
310,83,32,26,25
231,112,33,32,35
174,346,44,40,45
83,119,155,28,36
659,324,43,43,47
912,89,50,45,52
791,165,43,47,50
590,314,43,44,50
971,340,46,44,49
1199,187,238,235,252
165,63,144,130,147
491,181,42,39,41
1029,273,50,47,54
1196,412,237,235,251
717,48,48,46,51
66,113,152,23,33
69,69,35,30,34
447,390,26,25,36
468,437,180,188,209
543,280,43,45,48
563,261,232,234,255
796,432,45,47,49
346,112,33,26,32
132,465,46,48,50
810,38,49,51,54
67,331,35,33,35
934,331,48,47,51
285,380,44,42,47
182,413,44,43,46
780,346,44,46,47
821,385,46,45,48
1122,228,231,228,246
260,6,39,30,34
953,138,47,48,52
241,412,40,44,45
396,446,200,203,222
156,163,46,45,49
879,460,47,49,50
393,201,200,197,222
479,319,48,48,52
1150,293,230,232,245
1195,219,240,236,254
49,218,73,71,75
299,40,48,48,51
403,289,44,44,49
68,22,43,38,54
28,163,170,31,39
1156,459,231,230,245
174,407,43,44,46
92,59,51,36,49
26,102,37,30,32
816,285,47,48,53
40,177,174,31,42
367,281,45,46,49
91,112,156,26,36
298,162,43,38,44
178,258,206,203,224
714,271,44,44,52
1047,274,62,53,57
336,130,32,30,34
786,431,47,46,49
914,170,48,46,52
686,125,46,46,51
1086,465,248,245,255
868,456,51,47,52
1066,438,49,51,55
705,262,49,48,50
363,186,198,198,216
468,364,54,48,54
489,111,43,43,47
74,303,34,32,30
750,246,245,241,255
798,394,46,46,47
870,413,47,46,50
413,440,90,84,80
1188,315,241,236,251
647,290,45,44,46
787,189,47,48,52
360,380,39,43,46
944,453,161,183,174
862,404,46,45,51
504,300,44,44,45
1038,356,45,49,56
124,142,36,27,29
626,271,43,44,47
719,131,48,45,52
664,334,43,43,47
305,37,42,44,51
645,13,47,50,53
346,95,33,24,26
1045,438,47,48,55
735,70,49,47,50
960,451,46,46,48
1189,429,238,234,250
752,189,50,48,53
33,81,105,93,93
365,199,146,146,167
826,128,43,48,52
63,476,53,50,51
230,373,43,44,47
331,100,30,27,29
564,84,43,44,45
1005,129,50,48,53
524,39,30,30,29
491,265,213,211,234
102,497,49,48,52
1113,420,236,231,250
992,406,49,45,53
1195,171,237,237,251
923,231,48,50,52
451,194,223,223,246
710,474,146,127,132
260,424,55,54,46
394,470,78,71,64
73,27,158,153,171
689,245,47,47,51
753,65,40,46,49
227,242,194,191,212
297,95,30,26,28
809,197,48,48,53
682,225,62,57,60
825,236,235,237,255
419,128,41,40,44
535,74,41,44,46
950,5,125,85,64
1182,107,239,237,251
1038,110,51,47,51
681,130,46,46,48
765,211,244,242,255
671,130,46,45,50
952,251,46,47,50
1104,200,239,236,255
987,287,49,47,51
667,14,49,51,52
605,361,43,43,45
436,493,164,169,178
1017,237,46,47,50
53,450,48,48,48
8,104,141,20,25
770,164,50,48,51
714,76,48,47,50
95,174,80,57,69
910,288,47,46,52
1120,198,229,229,247
666,314,46,44,46
255,7,97,83,104
294,131,30,26,30
769,296,44,46,51
513,49,57,55,61
348,316,46,44,45
446,94,41,43,44
84,157,159,31,39
1103,490,233,230,250
755,54,48,47,48
246,341,42,44,48
1104,269,237,235,251
1151,489,230,229,244
623,280,38,43,46
306,455,96,92,59
721,0,48,50,51
690,29,48,50,51
36,341,40,42,41
373,490,55,55,50
324,132,32,30,32
328,297,45,44,44
543,177,104,101,105
821,156,48,45,50
2,239,32,26,29
346,129,28,29,33
744,281,43,46,50
1083,128,239,239,254
950,75,96,90,87
302,180,188,186,206
555,115,42,46,47
594,434,39,44,46
0,318,40,40,41
1161,54,237,235,251
218,138,33,28,33
181,39,180,159,178
99,258,215,214,238
125,429,52,51,52
1009,434,45,47,49
647,137,42,44,48
863,330,44,46,50
1130,322,233,227,243
1062,345,47,51,54
204,109,41,42,47
859,496,111,109,70
184,422,50,48,51
1129,360,228,229,243
652,349,45,42,46
1187,235,239,237,252
466,111,44,44,45
254,456,80,73,54
624,269,40,44,48
852,165,50,47,50
1060,6,98,77,64
535,380,41,42,44
800,348,44,46,48
1181,471,232,235,249
1059,477,47,48,54
142,338,35,39,40
1185,340,241,238,255
835,105,48,46,49
121,74,148,133,155
136,339,40,39,40
854,389,49,45,50
166,113,35,30,42
639,338,44,45,48
896,117,46,49,50
619,12,49,50,52
921,279,45,46,50
351,453,82,77,57
1156,327,235,231,247
549,256,226,229,251
215,410,44,44,45
1060,107,49,50,52
326,350,43,42,43
311,458,122,114,94
535,121,45,44,49
1032,432,46,47,52
768,249,243,238,255
526,341,41,43,44
776,83,47,45,48
277,39,42,32,46
735,170,44,46,49
974,301,49,45,51
932,74,53,51,53
305,341,46,41,47
1169,354,239,236,250
999,396,48,47,50
427,251,54,60,63
376,466,68,63,56
589,166,43,47,47
355,276,45,43,47
813,482,172,166,181
818,376,47,47,48
184,387,42,44,44
1169,396,239,234,249
929,313,46,49,50
860,253,239,238,255
57,14,225,229,246
25,125,153,21,34
667,266,45,46,48
371,68,32,26,26
698,239,234,236,254
940,123,47,49,53
418,225,225,224,244
773,425,47,50,49
594,35,43,44,48
510,304,45,44,49
746,192,78,77,125
792,377,44,46,49
126,348,39,37,39
619,297,41,42,45
1153,480,232,229,246
119,399,42,44,46
100,115,157,50,61
879,361,48,48,51
418,30,36,29,30
972,478,48,49,53
564,290,42,45,45
116,10,118,110,116
1161,352,236,234,248
86,26,111,103,114
1114,307,237,232,245
114,245,211,208,232
417,230,229,223,246
703,284,45,41,47
289,371,38,44,46
844,238,90,72,76
353,206,52,50,56
393,33,43,34,33
321,224,200,196,216
371,89,32,25,33
629,436,47,46,47
1038,65,95,86,64
165,37,165,148,175
843,355,47,49,52
1100,222,244,240,255
270,221,191,186,207
776,11,48,51,52
232,90,41,39,42
599,239,238,237,255
1018,353,48,50,52
1197,106,238,234,252
471,453,168,174,184
171,5,161,142,162
1100,368,242,238,255
900,189,44,48,52
931,42,96,80,74
230,123,31,32,30
1064,56,86,82,78
979,77,66,60,59
808,142,48,47,51
479,300,52,54,58
1139,26,233,229,247
1164,313,236,233,247
1007,251,46,48,51
353,42,37,30,27
613,353,42,40,46
170,94,199,191,204
92,495,48,48,50
743,17,51,49,52
178,92,40,31,32
221,441,48,48,50
185,376,43,43,48
1000,297,48,46,51
708,248,51,51,54
609,100,42,44,48
304,193,188,187,206
761,131,43,49,52
39,375,46,43,49
61,52,113,107,114
647,118,44,44,47
982,432,46,47,49
1043,443,48,46,53
127,312,34,33,36
711,283,43,46,49
155,159,46,49,54
967,51,81,65,58
61,495,47,47,47
818,193,47,47,51
1195,200,238,239,253
160,115,38,27,33
137,106,176,127,138
645,71,46,46,51
555,55,44,44,44
1,42,226,223,246
188,377,42,45,46
5,103,137,21,30
318,96,30,24,27
979,146,49,47,52
634,81,46,44,48
607,428,42,45,47
1048,277,232,237,221
181,375,41,44,44
199,64,39,33,36
1000,323,46,47,51
393,339,42,44,44
38,52,114,104,120
703,200,239,239,255
819,28,57,58,56
886,114,48,48,51
457,494,124,120,75
520,158,44,45,48
810,59,47,45,50
976,92,50,49,53
29,349,40,40,44
739,339,42,45,47
40,6,226,226,246
867,222,237,235,255
374,392,44,43,45
4,135,161,23,34
875,336,45,45,50
897,304,47,47,49
314,456,89,85,60
459,317,81,77,88
521,433,144,141,141
862,476,50,48,51
989,63,108,89,79
819,417,58,50,50
353,186,196,197,216
695,45,48,45,50
157,36,160,143,166
868,231,238,237,255
935,36,103,71,60
915,117,47,47,53
720,142,45,47,50
562,308,42,46,46
223,244,186,190,203
171,170,191,186,203
1031,64,98,85,71
921,122,48,49,54
416,181,46,45,51
290,192,189,186,207
364,134,40,33,39
196,73,207,196,218
290,369,41,44,46
739,88,45,46,49
617,428,42,45,45
111,15,112,110,121
601,319,45,43,46
450,142,43,42,46
317,178,189,187,208
1173,128,239,235,251
1105,271,240,232,250
25,10,224,222,246
717,468,149,141,156
965,6,112,79,64
90,422,68,66,58
133,67,161,144,164
376,430,42,44,46
537,378,43,43,47
435,438,88,86,93
242,71,51,40,60
899,382,43,44,49
109,465,49,47,52
987,359,47,47,51
624,194,237,236,255
1098,82,235,234,254
682,105,50,44,50
766,293,44,44,48
346,311,44,43,47
739,31,49,49,50
628,326,44,43,45
659,350,44,44,47
907,165,48,47,51
367,101,33,30,34
1160,489,231,230,246
218,79,103,108,122
1088,499,243,242,255
1060,47,114,108,107
587,327,45,45,46
1142,80,232,230,245
875,82,49,50,51
1119,406,232,227,246
207,309,39,42,46
199,257,202,201,221
114,161,187,183,202
1111,59,232,230,248
280,27,117,113,138
673,92,46,45,49
123,10,118,112,127
252,453,60,56,50
799,168,45,47,48
130,421,47,49,49
1190,295,239,236,254
279,146,33,27,28
770,22,50,51,53
339,0,49,43,50
986,275,45,47,52
238,274,207,203,225
671,450,58,54,49
277,195,190,187,207
895,87,47,48,51
131,1,119,113,122
576,350,41,44,45
590,363,43,42,46
639,478,121,110,114
916,325,47,45,49
400,189,208,210,232
894,187,45,47,52
775,193,46,48,54
448,455,135,117,124
301,274,42,46,48
179,107,133,131,151
601,264,46,47,50
65,37,114,104,113
971,38,97,73,61
336,61,31,22,24
328,439,74,71,53
484,489,110,96,57
1005,306,45,48,49
614,273,47,45,48
1136,353,228,228,243
497,477,107,101,65
830,38,76,71,61
449,295,44,45,48
217,101,44,45,50
365,495,72,64,51
910,162,41,48,50
1001,70,71,62,58
324,372,42,44,46
697,71,45,45,49
77,107,154,24,33
15,376,44,45,47
679,401,45,43,45
421,241,78,68,86
732,385,47,45,46
965,226,43,47,49
706,351,43,43,47
907,416,44,45,48
232,185,194,185,206
244,51,138,133,158
1010,261,46,47,51
725,0,48,50,49
316,373,43,43,45
705,333,43,46,49
60,254,37,32,33
790,366,45,47,51
76,487,90,85,86
553,288,45,42,49
157,183,204,199,220
393,39,39,32,29
426,455,158,154,153
557,4,94,79,56
272,492,94,79,56
1023,394,47,46,49
905,440,46,50,62
556,205,231,225,252
157,28,170,150,177
965,339,47,45,52
946,310,47,46,49
283,89,32,28,31
132,163,231,232,250
1143,97,233,231,248
592,154,45,43,49
405,288,41,45,50
607,354,45,43,49
856,461,46,47,50
534,219,225,227,249
133,313,36,35,36
1073,202,52,51,56
654,260,47,45,49
289,194,189,186,205
900,231,242,237,255
634,144,44,45,48
785,343,47,45,51
40,245,36,29,29
488,484,118,107,65
1150,446,233,232,244
468,39,68,55,47
589,209,231,231,254
1073,130,52,53,56
563,50,44,45,46
678,282,44,47,49
1005,137,49,49,52
262,345,44,43,46
547,35,46,41,46
1015,439,46,48,51
332,187,193,190,211
802,278,52,47,52
1193,443,237,237,253
822,496,163,156,151
1104,37,241,237,254
1193,309,237,234,253
848,230,240,237,255
637,214,153,142,134
1121,238,230,227,245
866,487,156,143,91
672,206,240,236,255
64,439,47,47,49
764,471,156,155,166
1145,461,227,226,242
170,79,163,152,174
839,386,46,45,47
788,392,45,45,48
858,264,238,236,254
797,386,46,43,50
279,167,186,185,204
944,76,55,52,55
318,301,44,41,47
758,381,48,47,48
1086,339,95,80,86
1070,289,57,55,59
251,26,206,196,217
1118,437,231,230,245
320,114,30,27,28
597,284,45,42,47
926,49,100,98,88
1076,384,245,242,254
571,471,120,111,103
366,204,50,54,55
574,186,236,232,255
542,431,47,44,46
925,222,51,48,55
327,262,208,206,230
475,380,45,43,47
794,365,47,46,50
707,237,235,237,255
919,215,45,48,53
1085,428,254,253,255
1074,305,50,51,56
635,249,45,47,50
782,12,52,49,55
1061,93,61,61,60
713,319,44,46,48
850,255,244,239,255
584,362,45,41,45
626,84,44,45,48
125,433,49,51,50
1037,172,46,50,55
336,20,34,33,35
1110,50,236,232,245
469,376,46,44,48
271,423,43,43,46
1003,79,56,53,56
164,244,162,159,167
303,317,41,42,44
365,312,47,47,46
270,449,60,58,54
1012,409,48,47,50
905,172,51,46,50
1000,390,43,45,48
983,265,49,47,50
603,491,179,174,183
229,361,46,44,43
944,134,46,46,51
770,181,47,47,49
653,386,47,45,47
18,20,227,226,250
382,346,44,43,47
517,376,40,43,47
1027,453,48,48,53
1060,478,46,47,56
80,9,62,29,44
206,29,175,119,131
14,492,57,52,51
1103,83,237,235,252
535,4,81,67,49
51,342,42,38,42
382,372,43,43,48
84,57,188,188,202
1013,186,48,49,52
115,234,48,42,49
1174,394,235,234,254
322,441,61,62,49
129,249,212,207,231
839,178,46,48,48
670,148,43,43,48
517,162,49,44,50
40,179,175,36,42
728,484,155,149,164
291,341,41,44,46
770,306,44,46,48
693,146,46,47,48
604,193,235,233,255
709,328,47,45,49
236,332,42,43,47
334,178,189,187,207
863,408,45,47,49
1186,127,239,235,252
862,13,100,95,94
662,79,42,48,49
884,130,48,48,53
552,477,141,135,138
432,27,38,33,33
951,189,51,48,54
831,428,44,47,50
893,448,48,47,53
1035,50,115,99,81
757,410,48,45,53
104,65,132,113,134
423,173,45,43,44
677,321,43,46,50
1154,489,234,231,244
692,316,46,45,52
505,362,41,42,45
1089,249,114,116,196
1148,279,234,230,246
1164,303,238,234,249
829,175,48,47,50
373,6,43,34,32
670,252,43,45,49
378,294,44,45,47
863,224,241,237,255
120,199,216,215,241
314,495,51,46,46
1099,179,246,244,255
884,257,239,239,255
25,386,45,45,46
569,211,200,200,237
1092,349,247,246,255
1191,307,239,235,251
253,284,48,45,49
174,90,37,30,32
521,133,46,45,48
700,147,46,49,52
47,333,37,37,41
519,410,43,40,43
159,128,142,145,163
729,499,159,151,160
994,161,50,49,52
819,292,44,47,49
172,461,48,48,48
1137,201,228,229,244
1016,0,100,78,62
437,483,137,133,136
183,313,41,38,41
439,124,40,43,46
592,215,90,85,83
579,374,41,42,43
929,464,49,47,53
310,260,209,206,225
968,81,50,47,52
712,411,45,43,50
1034,364,46,50,48
1019,431,48,46,52
123,260,215,214,236
1193,194,238,235,250
1177,399,239,237,252
461,352,41,38,42
212,32,182,147,159
849,353,45,47,50
1062,457,50,47,52
703,379,50,45,49
490,484,120,109,65
164,346,41,39,43
250,10,169,166,181
930,289,49,45,53
773,111,43,46,49
103,26,119,113,123
617,70,46,44,48
28,317,42,39,43
1025,301,50,46,52
637,367,41,42,47
1104,326,239,235,255
573,445,128,124,129
798,82,48,46,50
194,144,35,35,38
1184,207,236,235,253
1167,19,237,234,253
379,325,45,42,47
203,70,56,37,60
687,184,238,233,255
267,190,188,184,205
638,452,192,198,218
719,409,46,44,50
204,399,44,42,48
81,193,78,87,94
262,33,118,121,138
550,186,228,228,254
932,459,46,49,51
36,116,146,23,28
1053,229,48,50,51
496,178,48,45,43
1076,316,245,242,254
631,462,103,99,109
570,456,137,132,139
699,374,42,46,47
247,173,187,185,206
576,393,45,45,45
135,127,199,187,210
845,482,171,161,96
509,282,44,46,48
380,26,34,28,29
1021,252,44,48,52
210,380,43,43,46
585,137,40,44,48
85,405,41,44,45
463,194,230,227,251
380,471,68,59,55
843,427,44,48,51
308,321,46,42,49
915,83,44,47,52
1078,125,241,243,247
343,264,211,211,233
483,268,110,112,136
661,311,46,44,49
817,484,161,156,173
907,498,175,159,93
520,337,41,43,47
291,496,48,47,48
201,472,44,46,47
937,482,48,50,53
1015,367,47,47,48
314,417,43,44,48
393,99,36,36,37
752,491,166,161,167
807,457,46,47,52
335,88,33,29,28
456,384,38,39,41
564,191,230,229,252
115,406,47,45,46
467,235,230,229,254
55,11,231,228,251
515,425,45,42,47
737,314,46,45,49
894,111,48,49,49
96,72,155,137,159
387,348,41,42,46
968,320,46,46,51
778,484,157,150,159
84,466,85,74,63
1169,183,238,236,254
837,449,49,45,52
711,469,140,126,119
202,108,63,55,73
1005,171,47,49,53
950,203,49,47,51
1169,166,237,235,252
708,172,48,45,51
472,233,195,192,211
881,9,78,71,65
624,389,42,44,45
743,178,49,47,53
882,29,115,110,110
375,219,206,206,227
501,181,204,203,220
700,124,45,46,49
959,272,46,46,49
41,6,229,226,249
591,46,42,45,47
40,412,42,43,49
572,200,83,77,111
799,203,51,51,53
1061,30,104,93,83
162,89,160,149,172
796,181,44,46,50
589,294,44,45,49
885,162,46,49,52
497,154,27,31,30
648,434,45,45,49
559,191,230,228,250
204,122,37,37,40
758,406,86,85,109
892,201,44,44,52
77,454,48,45,46
281,139,33,26,31
889,349,50,49,51
194,310,39,42,43
671,465,96,72,53
708,130,46,45,49
209,113,41,40,45
398,225,213,212,236
845,189,49,48,51
547,201,77,57,102
780,379,44,48,51
493,430,68,63,54
1009,118,46,48,51
752,169,47,47,49
1051,479,52,49,51
823,356,48,46,50
43,349,37,39,44
539,183,228,226,249
1158,312,233,232,249
53,54,110,101,111
724,21,99,69,58
410,421,44,42,46
1026,174,48,50,52
440,299,45,47,46
423,109,35,40,44
906,106,47,46,49
776,321,47,46,53
285,418,40,43,47
328,349,41,43,47
371,406,44,43,46
564,237,232,230,255
898,129,49,47,51
160,128,141,142,160
682,299,42,45,49
1154,449,233,230,246
98,378,42,42,44
479,484,106,100,62
540,497,167,155,122
531,198,102,102,95
9,333,40,41,44
327,34,39,32,34
438,225,229,229,252
261,403,43,42,46
1010,28,104,81,63
1000,8,129,95,70
54,211,38,38,38
697,194,238,238,255
435,387,45,48,48
449,324,47,47,52
177,150,34,36,39
887,301,44,46,49
509,223,221,219,239
1033,339,46,49,51
279,109,34,27,30
1197,480,236,235,247
1181,50,239,238,255
335,197,192,192,211
96,347,31,36,38
1073,156,59,56,58
313,382,41,43,45
533,162,43,47,50
373,53,31,22,22
411,130,40,42,44
807,115,46,47,47
861,291,49,48,51
660,268,42,45,47
446,169,41,43,47
318,35,35,35,41
62,3,227,228,246
1027,305,46,49,51
581,416,41,42,46
622,435,46,45,45
232,237,192,188,206
238,498,78,73,55
1164,89,238,235,250
937,438,48,40,71
1139,139,232,231,245
596,445,183,190,206
574,78,46,44,46
392,241,212,210,229
1159,314,236,232,250
362,345,44,43,44
565,411,43,42,47
215,373,40,44,44
503,116,37,37,33
1094,385,247,244,255
844,276,45,45,52
153,345,42,41,44
371,494,59,54,53
574,492,175,169,173
309,250,204,202,226
1034,414,49,49,52
203,473,48,45,50
898,303,44,46,50
154,358,45,42,41
951,153,48,47,52
851,357,42,46,48
844,384,43,46,47
696,472,121,97,68
58,266,34,28,30
793,429,50,47,50
334,380,45,41,47
58,135,156,25,34
99,237,212,208,231
1118,440,231,229,243
621,238,236,234,255
1173,204,240,238,254
1058,449,49,51,54
722,473,148,146,159
935,435,59,49,53
1161,31,240,234,252
598,143,45,45,46
477,484,95,91,57
956,379,50,44,51
366,364,40,44,45
592,447,108,104,103
164,461,50,47,52
122,53,159,141,161
655,454,60,57,55
1094,425,244,242,255
1115,214,231,233,248
908,40,87,82,72
732,390,45,45,46
603,18,47,49,50
493,8,102,78,56
933,412,47,44,49
88,165,40,23,30
145,12,193,190,213
20,1,227,223,250
883,94,49,47,52
886,116,50,48,51
932,462,48,48,52
863,351,47,46,49
773,268,126,113,111
176,358,45,42,44
246,55,214,214,235
488,401,41,40,44
543,315,45,44,45
1051,187,42,48,51
742,177,51,47,52
101,315,34,34,36
83,376,41,41,43
811,129,44,46,49
77,17,58,49,62
1144,359,231,229,244
14,494,69,63,54
571,357,42,42,42
936,52,121,113,101
136,422,47,49,50
1109,354,233,232,253
60,145,159,34,49
963,142,47,47,51
1090,26,177,177,199
750,75,47,48,52
42,137,153,25,36
1012,82,101,89,72
174,292,39,38,38
965,150,49,47,51
818,211,174,170,188
783,297,44,46,50
573,128,41,44,49
877,105,45,48,49
726,409,44,45,49
450,49,36,37,41
161,4,57,46,72
762,400,56,47,47
50,433,54,48,52
595,255,59,58,67
1107,421,237,235,251
385,434,188,194,205
890,210,48,48,50
497,161,33,37,36
26,294,37,32,36
54,451,51,49,52
26,186,99,100,105
849,427,49,47,52
1042,263,48,48,52
839,150,46,48,51
170,265,207,207,229
485,317,43,46,48
898,399,45,45,50
882,52,105,101,100
829,210,52,54,55
160,441,47,48,50
77,90,150,23,35
495,71,44,43,45
772,333,46,47,49
545,222,229,227,251
317,225,121,121,146
823,350,42,47,49
903,262,240,240,255
561,66,43,43,45
253,104,33,30,34
736,495,116,111,102
1102,494,237,233,248
690,105,45,46,47
128,426,47,49,49
927,1,143,97,71
929,63,95,92,85
679,242,51,50,55
1084,455,108,110,90
941,32,83,68,56
713,409,47,44,48
573,458,111,108,107
694,56,43,45,50
604,113,46,44,49
398,452,194,199,215
647,298,44,45,44
409,72,40,32,37
912,83,50,47,52
898,412,45,45,51
912,398,48,46,49
424,239,127,122,130
736,330,46,48,53
733,284,44,46,52
293,362,41,44,46
49,121,150,23,27
222,42,169,162,176
1028,181,48,48,52
154,485,46,46,48
1039,429,50,46,51
275,354,45,44,48
1048,313,46,50,54
393,412,42,43,46
457,467,177,184,202
790,147,48,47,50
474,422,44,45,47
427,186,207,207,221
605,176,49,49,52
1025,130,47,48,53
246,482,84,79,62
1001,273,47,44,50
335,214,198,196,218
969,151,48,47,52
29,252,31,29,31
627,78,48,47,47
332,246,202,202,223
792,263,241,237,255
527,236,58,56,62
83,474,101,88,88
237,209,150,150,168
530,65,43,45,44
1110,353,235,232,252
1056,391,51,51,52
251,295,43,43,47
59,248,37,32,34
743,109,49,46,52
464,90,41,41,45
517,406,41,41,44
179,11,165,147,171
970,388,45,45,52
93,79,184,153,172
396,46,36,27,29
426,40,34,29,33
721,79,47,46,49
41,425,54,55,54
573,449,114,111,114
426,243,208,213,232
999,490,48,49,50
668,480,106,81,61
1160,479,234,231,247
1198,185,237,237,253
781,357,43,43,48
852,102,49,50,52
650,273,47,45,50
813,204,48,48,48
1068,160,49,50,52
816,278,47,51,52
789,248,242,238,255
948,402,36,47,49
498,267,118,124,151
861,236,224,225,251
1036,178,52,49,53
534,390,45,43,46
483,58,43,42,45
660,362,46,46,49
98,98,157,24,36
562,10,96,82,57
928,6,239,237,253
401,437,193,201,222
343,147,36,36,36
646,299,44,42,46
907,414,41,47,50
1166,113,240,235,252
259,380,46,41,45
111,309,37,35,41
1100,415,240,239,255
1050,73,82,73,63
900,120,44,48,51
749,256,241,237,255
899,287,48,48,52
924,373,47,47,53
406,338,46,43,46
132,249,210,209,231
1073,222,59,58,59
663,310,42,44,48
446,158,44,45,48
490,266,212,216,239
542,108,44,43,46
75,293,36,33,32
1184,288,239,237,252
671,425,43,43,47
1110,150,237,234,255
1173,366,236,233,250
753,13,50,48,54
774,29,51,50,53
1108,404,238,236,253
79,414,45,44,47
1191,164,239,237,252
823,237,236,235,253
112,220,199,201,224
123,461,48,47,50
457,240,111,115,143
35,485,47,48,51
996,16,130,98,71
1033,226,48,46,49
1069,359,55,55,57
155,165,44,44,51
1015,60,75,65,61
215,99,43,50,54
1156,28,236,235,252
233,315,42,43,44
128,355,33,39,41
364,74,33,25,27
803,25,50,50,51
1,226,32,29,29
286,169,189,183,202
919,18,99,68,62
88,394,46,42,44
1023,283,46,48,51
443,48,36,36,40
309,321,45,42,48
671,467,99,72,55
611,202,99,95,126
540,463,147,144,154
351,341,42,44,43
546,181,222,224,249
1038,388,47,48,52
592,86,41,44,47
1014,109,50,48,51
49,484,51,48,49
83,412,46,43,48
1091,328,241,241,255
848,456,46,47,51
859,192,47,46,50
1114,130,236,231,248
1063,433,52,50,53
1180,132,240,235,253
354,120,30,31,32
556,361,43,42,45
19,81,117,111,118
421,75,35,36,35
82,6,117,124,132
881,201,48,48,52
897,7,122,105,80
54,25,64,61,69
587,370,44,43,47
600,358,44,42,46
576,309,41,45,46
379,295,41,45,47
347,496,61,56,53
50,275,37,27,32
337,238,204,203,225
558,253,231,230,253
442,173,43,45,48
1028,23,104,83,65
283,233,54,48,49
252,78,47,48,51
37,395,42,45,49
911,436,47,47,51
318,202,182,183,198
298,223,191,192,210
763,442,50,47,52
1022,331,44,44,55
787,215,241,239,255
701,437,46,42,50
1181,347,238,236,254
372,153,40,38,42
746,225,237,237,255
466,306,23,19,20
298,331,39,45,44
710,235,241,240,255
1090,296,237,235,255
693,298,44,49,52
1015,290,48,48,50
410,19,37,28,28
282,349,44,45,45
468,145,42,43,47
281,451,77,76,56
65,78,28,25,24
626,66,47,46,47
870,327,44,46,48
273,173,187,184,203
155,27,166,146,172
1095,337,241,240,255
224,268,204,201,221
131,89,158,141,162
407,103,38,39,40
126,333,42,37,39
1198,470,239,235,250
985,361,45,47,50
622,63,47,43,47
966,59,65,58,57
466,331,45,41,44
179,187,191,187,209
342,272,45,46,49
616,98,46,47,46
921,155,48,49,52
1157,383,235,232,248
238,323,42,43,45
531,69,44,44,48
154,221,196,193,215
438,235,229,228,251
743,484,131,130,107
463,90,38,41,44
184,448,78,75,71
307,4,116,119,135
975,263,45,48,53
723,448,43,45,47
157,313,38,37,39
385,227,214,212,237
546,106,44,44,47
729,32,54,50,52
248,349,44,44,43
140,420,48,47,50
548,386,42,44,43
449,147,39,43,47
775,301,43,45,46
811,478,170,167,180
785,399,46,46,48
381,92,36,29,32
259,199,49,44,50
970,349,48,47,53
865,33,98,94,94
997,113,46,48,49
227,77,108,110,126
149,429,50,49,51
903,201,48,47,51
380,343,43,41,48
1038,85,66,63,60
257,232,185,187,200
105,419,55,51,53
450,376,24,24,28
1187,451,235,233,251
1154,238,235,234,249
1146,367,231,231,246
171,361,42,42,44
1117,271,232,228,248
487,453,171,174,186
178,318,42,40,40
699,383,43,45,47
139,223,194,192,215
368,359,44,41,46
819,205,46,50,52
634,225,65,63,67
522,28,61,44,36
257,486,78,67,53
926,464,45,48,52
204,210,189,186,205
31,127,151,24,35
259,168,189,187,206
433,346,40,46,47
946,170,49,48,50
394,427,44,44,47
207,180,187,181,204
83,433,48,48,51
373,374,43,42,48
633,205,83,57,83
312,144,32,30,33
1142,489,232,227,246
712,271,46,46,48
803,187,49,48,51
1088,20,60,58,63
872,367,45,45,49
1081,99,128,127,135
1050,184,52,50,55
437,98,43,39,42
532,276,47,47,48
167,311,37,37,40
354,479,82,79,67
67,295,38,32,38
793,326,46,46,51
640,123,43,43,49
10,284,31,31,34
481,458,170,173,192
245,124,32,24,30
1163,162,236,235,254
830,430,47,46,49
656,4,51,49,51
929,292,46,46,49
59,409,44,44,48
829,212,84,84,97
610,149,43,42,52
458,168,44,43,47
890,459,46,49,51
373,249,212,211,234
192,256,198,198,220
1167,428,237,234,251
81,467,82,74,66
185,481,44,46,49
1153,354,237,233,247
908,26,122,116,106
360,188,197,200,218
732,260,240,239,255
1104,188,242,241,255
675,159,45,46,50
174,218,193,189,213
1113,172,235,233,250
899,367,42,45,49
514,42,68,64,64
875,239,243,238,255
492,57,40,42,46
1145,432,233,231,245
111,23,41,29,34
934,7,239,236,255
1116,456,229,229,243
136,278,215,214,235
545,94,42,45,45
1107,430,236,234,251
700,25,52,49,53
320,494,47,46,48
16,403,48,46,49
799,190,46,48,52
656,216,237,236,255
776,119,43,47,49
692,214,239,237,255
108,347,39,38,40
982,346,46,45,48
950,351,47,47,49
582,245,231,235,255
946,301,47,44,49
1128,11,231,227,244
1013,19,107,83,65
482,403,44,41,44
716,348,43,44,48
1147,370,234,231,247
962,52,80,63,57
969,179,48,49,50
331,331,46,43,47
293,164,184,181,197
81,27,113,107,114
41,384,48,45,48
780,275,236,236,255
1135,47,231,227,243
130,81,147,131,153
161,67,135,120,140
302,440,60,62,54
827,434,45,48,51
159,171,198,201,221
965,22,105,76,60
731,344,45,43,48
987,102,50,49,51
718,182,55,51,56
853,329,50,47,51
896,65,94,93,88
676,197,237,235,255
1008,132,52,49,53
337,401,44,43,46
1101,312,238,235,255
841,492,162,158,115
1196,302,237,238,254
624,396,44,45,46
17,493,64,61,52
850,50,100,80,62
498,301,44,44,46
626,341,41,42,45
1010,414,49,48,54
861,453,50,48,49
942,223,51,49,51
1134,66,231,229,243
1045,430,46,48,50
367,24,34,27,27
738,375,44,45,50
549,321,44,45,48
296,230,187,190,210
64,238,35,34,36
235,486,60,57,55
39,20,64,63,68
1006,138,48,49,53
1148,179,232,231,246
1196,208,238,236,253
97,486,46,47,52
438,26,37,35,34
655,280,45,45,48
302,31,50,53,58
1076,253,243,245,255
808,418,55,44,55
365,442,78,71,64
745,100,47,47,48
722,80,44,47,50
227,190,189,183,204
1096,9,211,208,234
408,74,36,33,35
176,423,88,91,84
566,60,44,44,46
584,262,234,233,255
49,47,137,128,141
412,427,43,45,43
845,488,179,163,117
776,376,45,44,47
47,204,75,86,75
568,132,45,46,46
552,386,41,40,46
271,82,35,34,35
947,180,49,46,52
23,343,42,40,43
523,280,47,44,47
1129,167,229,228,245
1050,482,48,50,54
308,61,35,26,31
764,134,47,47,49
463,448,179,184,206
653,31,51,49,53
123,94,186,168,192
301,102,32,26,26
600,164,44,45,50
1047,137,46,50,54
1173,314,236,234,251
1089,263,242,240,228
190,360,41,43,48
1097,331,239,235,255
447,61,41,36,41
754,461,57,51,48
404,44,33,27,29
376,459,137,124,125
267,142,33,27,31
39,30,227,227,253
946,266,46,46,51
486,253,207,204,223
748,80,48,45,49
549,34,44,42,48
659,195,240,238,255
43,73,113,103,108
110,439,61,63,61
116,178,169,165,188
505,75,65,66,80
659,144,45,46,49
778,22,52,51,54
859,131,48,48,49
956,101,48,48,50
408,101,37,38,38
1116,475,228,225,243
858,253,242,237,255
36,209,60,60,64
344,431,79,75,56
257,162,60,48,59
219,76,109,111,129
618,363,41,44,47
686,373,46,44,48
507,403,39,40,44
845,153,47,47,51
1009,377,46,46,53
350,187,193,192,213
747,176,50,50,53
1192,59,239,237,255
367,413,40,44,44
711,320,43,43,47
1141,438,229,227,242
1112,228,233,233,248
952,203,51,49,52
503,264,220,219,241
253,178,188,184,199
583,99,42,43,46
1184,75,240,236,255
538,75,41,44,46
157,7,45,31,52
389,355,42,46,48
804,480,171,162,176
1100,283,238,235,255
537,134,44,44,48
963,206,51,47,51
116,119,163,32,36
441,77,43,40,42
1164,220,237,234,251
94,418,57,54,51
826,246,236,238,255
616,23,51,50,49
500,53,43,43,46
1182,276,236,235,250
1024,417,48,49,54
1157,308,238,233,247
621,494,112,104,92
67,316,37,36,42
1069,33,113,102,111
448,77,42,39,45
978,153,44,47,51
1038,78,83,74,61
1083,218,253,252,255
323,19,41,39,44
27,253,34,31,32
96,204,198,198,226
511,381,43,41,43
3,175,50,50,57
69,151,160,30,35
473,8,71,50,43
810,249,243,241,255
733,248,240,239,255
317,147,34,33,35
9,80,120,112,120
672,150,44,47,48
526,211,212,210,219
778,316,47,46,50
1012,482,46,49,55
636,49,44,43,46
367,262,217,214,233
769,123,41,47,49
205,448,49,49,51
570,22,49,49,49
1116,176,232,231,248
931,404,45,46,52
7,229,31,31,28
53,337,39,38,42
989,413,43,48,50
488,118,45,42,45
320,35,40,36,40
843,178,45,46,49
558,52,42,45,45
172,130,106,108,124
1184,481,235,232,250
622,258,44,46,51
145,258,213,210,233
497,429,44,44,46
40,327,33,37,39
711,261,51,51,53
1026,80,93,80,69
759,161,47,46,51
760,58,48,47,51
157,84,159,147,168
955,273,44,47,52
713,344,45,44,45
1115,64,231,229,245
828,489,167,162,169
541,437,171,175,194
919,462,50,49,53
1142,395,230,227,243
1100,53,237,236,255
378,125,39,34,38
799,320,48,46,51
544,114,41,43,47
544,273,48,47,50
247,140,36,28,30
531,301,43,44,46
1149,195,233,235,248
1116,64,228,229,246
128,250,214,210,232
658,318,47,44,48
111,449,48,47,48
552,262,232,232,255
306,100,31,28,29
234,387,41,46,44
609,72,42,44,48
113,117,163,31,39
1108,337,234,231,252
848,209,49,48,52
358,283,42,45,47
445,299,48,46,51
252,22,205,195,214
512,321,40,43,46
68,324,37,36,37
1133,299,230,227,244
772,297,44,44,47
264,432,60,54,50
1022,308,47,48,50
584,258,234,232,255
355,404,40,44,45
771,321,43,45,49
53,377,44,45,45
784,319,42,46,48
1077,332,52,53,56
654,278,41,45,49
1120,61,231,228,245
791,402,47,46,49
1140,446,230,227,241
949,144,50,48,51
53,429,51,50,52
103,393,44,44,45
1181,112,235,236,253
604,18,50,48,51
650,400,45,42,46
910,352,46,48,50
1116,284,227,227,244
931,172,46,47,48
882,488,175,162,116
435,399,45,46,49
747,180,46,47,50
1071,190,50,52,56
952,319,44,47,49
249,102,38,33,35
929,14,147,100,74
709,472,139,125,118
446,33,46,41,40
173,66,140,133,151
35,280,40,36,38
732,46,48,47,50
909,370,45,48,51
1139,310,228,230,244
585,216,234,237,255
719,195,241,237,255
765,125,45,47,48
581,328,43,45,45
743,79,46,48,50
1028,435,46,47,53
1063,440,47,51,53
1046,210,46,48,54
627,102,46,46,46
341,25,42,35,33
106,447,47,47,48
37,214,30,26,31
1137,196,231,229,245
291,41,53,50,57
628,112,43,46,48
479,74,42,44,47
830,51,61,61,57
351,180,197,194,217
322,282,44,45,46
1196,20,241,237,255
621,360,45,45,47
704,426,40,44,45
917,27,119,88,72
1125,239,229,228,243
632,368,47,44,45
615,139,48,45,48
1002,243,48,49,51
379,273,52,51,52
886,228,239,237,255
1168,208,240,234,253
334,141,35,31,34
999,369,48,45,51
1027,475,45,48,54
416,25,29,31,27
565,382,44,42,44
644,406,43,44,46
230,467,78,74,51
960,307,43,45,47
738,288,42,44,49
791,247,243,239,255
554,142,44,44,48
780,61,48,46,48
977,155,45,48,50
916,163,47,47,50
95,181,215,219,242
552,199,72,57,67
522,436,153,150,170
981,376,48,46,49
207,231,188,184,205
1111,449,229,229,249
467,243,124,115,136
648,259,44,45,47
1052,8,80,69,60
178,332,39,40,44
1144,299,230,230,247
766,341,44,47,48
74,461,49,49,49
557,203,227,226,251
44,480,44,46,45
348,349,46,43,45
557,249,232,231,255
192,368,45,41,47
357,314,45,44,47
509,60,56,52,52
743,469,95,91,76
631,416,45,43,48
155,363,43,41,45
1050,90,66,58,59
125,91,158,144,164
212,256,201,199,219
956,33,87,66,57
408,400,40,41,43
120,393,39,42,45
338,498,80,73,84
525,455,136,133,136
59,476,45,45,47
857,253,241,239,255
157,295,34,35,37
4,299,38,36,38
349,289,44,44,47
195,133,34,34,41
587,36,43,43,47
539,222,225,225,249
745,142,46,47,49
936,272,45,47,52
945,19,118,79,66
732,391,44,43,49
1120,300,231,228,242
883,148,48,47,54
711,110,46,47,51
943,192,46,46,50
1137,403,231,230,247
929,495,176,159,99
253,53,113,116,137
929,190,48,50,51
638,410,41,44,46
567,311,42,44,45
921,463,44,50,54
956,296,44,47,49
110,186,155,159,178
1050,288,79,70,81
661,222,71,61,80
1051,48,111,106,102
1126,31,231,226,244
779,436,46,46,49
916,395,44,46,48
934,112,47,50,50
647,168,45,46,49
711,151,47,47,50
741,371,45,45,47
1142,298,233,228,245
108,212,216,216,244
871,419,48,48,52
972,321,48,47,50
212,303,45,42,45
479,232,24,25,28
1041,193,47,50,52
1009,198,49,49,54
226,469,82,81,61
37,159,169,30,40
455,355,19,19,19
405,6,37,28,26
1079,69,66,63,72
489,382,40,43,46
321,481,100,101,105
1098,197,246,241,255
238,392,45,42,47
185,422,53,51,53
1189,441,238,234,250
597,5,116,110,99
807,130,45,45,51
614,212,238,234,254
471,25,72,55,46
1115,330,234,232,250
447,404,23,24,24
489,462,176,178,183
1021,125,49,50,51
887,411,48,47,49
795,162,47,47,52
339,295,40,42,47
286,473,122,114,88
640,373,38,43,43
1199,118,240,237,255
104,340,37,38,40
1072,419,237,249,236
809,386,43,43,48
934,110,45,47,47
11,256,33,28,33
481,381,41,43,47
1157,456,235,232,248
573,333,43,44,47
4,378,44,44,47
888,181,52,47,51
785,14,48,50,51
520,498,126,121,99
190,183,191,187,206
527,146,42,44,46
799,79,47,48,52
229,402,48,44,47
244,472,96,91,64
501,146,33,33,37
516,192,220,220,242
291,69,34,32,35
1120,211,231,228,247
1015,38,98,78,60
801,134,44,44,51
1087,286,252,253,255
552,31,41,44,43
418,392,48,44,46
478,250,55,54,50
487,465,181,180,200
712,136,46,47,49
262,438,58,58,51
135,469,45,44,48
533,153,44,45,46
28,271,34,32,33
721,459,142,134,139
1063,340,47,49,53
146,238,200,197,217
253,276,113,109,125
319,36,39,37,40
214,378,42,43,45
144,333,35,37,37
139,472,45,46,49
331,457,100,95,78
879,149,47,46,51
519,66,42,40,43
1086,121,251,251,255
1035,295,99,88,63
970,153,48,46,52
1129,483,226,223,240
474,144,43,43,47
117,25,36,31,33
1085,456,203,192,191
986,69,95,84,71
52,259,32,28,29
1144,284,230,229,245
442,378,46,48,48
17,309,42,37,38
499,202,141,142,175
369,492,78,66,55
835,350,41,44,47
948,448,51,47,52
623,289,44,42,46
262,446,53,53,50
1158,302,236,234,251
122,261,213,212,236
843,278,50,47,50
942,67,98,95,92
813,363,44,45,49
284,345,42,42,46
592,41,44,44,48
597,471,131,122,101
788,426,42,45,46
643,162,45,46,48
619,429,45,44,46
632,12,50,48,51
293,183,188,186,205
1013,66,76,68,65
776,113,47,45,50
1047,91,64,60,59
869,54,94,85,75
387,164,43,41,43
692,365,45,44,48
1122,490,228,225,240
1146,398,233,231,247
739,260,237,234,254
477,248,26,27,28
618,141,49,45,48
759,361,45,45,48
175,469,55,56,57
1080,58,245,244,255
1160,429,234,233,247
22,154,166,26,37
1017,473,45,48,51
335,186,193,192,212
1081,473,212,214,251
926,216,46,47,48
992,210,48,48,51
858,261,240,239,255
946,392,48,47,49
77,114,157,26,33
898,114,49,48,51
829,30,74,74,65
1166,330,236,236,249
299,89,34,27,27
938,202,52,49,52
226,276,207,205,227
525,26,66,46,32
44,453,49,51,53
580,220,236,233,255
1174,292,240,236,251
33,366,41,44,45
793,24,54,51,54
738,406,134,147,170
319,54,32,28,26
850,209,46,48,52
740,115,46,49,48
1114,118,230,229,248
393,351,43,44,46
1085,357,254,250,255
835,314,48,47,52
101,61,134,117,135
1000,103,42,46,51
899,355,47,45,49
448,305,45,43,48
828,368,43,47,48
976,211,49,45,52
161,418,46,45,48
516,257,225,222,244
252,250,194,192,213
433,461,32,32,37
742,243,240,238,255
1032,133,47,49,54
1066,96,53,52,56
937,23,93,67,60
994,450,49,48,53
900,217,50,48,52
384,329,45,44,44
556,486,129,119,107
537,182,227,223,248
1111,55,235,232,247
1040,290,96,92,70
516,396,42,43,46
35,159,168,28,39
93,380,42,40,47
1040,286,55,53,56
1019,2,99,76,63
553,363,41,42,45
176,186,192,187,206
8,119,149,26,36
1159,100,236,235,250
878,3,98,92,89
721,242,241,238,255
1044,205,46,48,50
636,60,46,44,49
836,257,240,236,255
1071,394,123,114,60
514,225,222,219,244
26,448,52,49,53
989,287,49,46,51
722,243,240,238,255
236,256,200,198,218
1104,288,234,232,252
298,411,43,43,43
1018,402,47,48,51
626,458,125,125,128
474,473,181,181,196
697,397,90,77,104
55,453,47,48,51
1102,439,240,237,255
1041,373,49,46,52
879,389,47,46,51
410,370,44,43,44
118,158,209,203,224
1054,125,49,52,53
853,300,44,47,48
208,237,157,156,169
522,41,38,27,31
939,467,49,49,52
668,293,46,45,47
77,436,43,47,48
58,160,165,28,36
259,400,45,43,47
736,68,47,46,50
657,375,43,45,47
189,229,102,101,131
519,70,46,41,44
592,157,44,45,48
686,414,41,45,49
314,220,195,194,213
1181,420,237,237,251
730,90,47,45,51
201,398,42,45,46
748,216,239,237,254
581,152,46,44,49
602,257,49,50,52
358,4,47,36,34
975,337,46,48,53
665,266,47,48,51
562,390,40,41,45
844,244,234,239,255
855,471,47,46,53
190,223,194,188,210
134,411,45,44,46
410,246,87,80,101
158,56,130,117,133
150,123,173,167,175
128,89,158,142,163
193,423,71,69,66
957,451,50,48,54
330,143,35,28,33
472,481,172,176,188
3,290,34,34,36
816,292,45,48,50
672,7,50,49,51
377,117,36,34,36
1001,432,44,47,51
580,302,45,44,46
385,135,39,38,40
355,231,205,203,224
924,365,50,45,49
176,129,142,153,167
584,136,41,45,49
1020,34,91,72,60
317,7,66,59,57
909,464,49,49,52
356,240,193,196,209
604,173,47,46,51
811,396,48,48,50
856,45,98,89,74
228,183,190,185,205
1171,436,238,236,250
1105,102,234,232,251
65,360,43,42,47
1105,311,237,233,251
155,212,195,191,214
884,66,64,59,60
5,145,164,25,40
374,194,198,202,222
1124,280,230,227,244
133,447,49,48,50
901,370,46,46,48
692,358,44,46,48
843,218,243,238,255
982,466,48,47,51
1060,61,96,85,76
12,325,41,39,43
844,452,42,46,49
710,49,47,45,51
126,79,150,136,157
1022,101,47,49,52
1091,84,69,65,73
588,95,45,43,52
812,385,49,47,49
17,127,153,25,32
352,277,45,45,49
914,212,49,48,52
847,326,46,46,47
990,225,47,47,51
730,159,46,46,50
856,182,48,48,53
744,381,44,45,48
511,23,87,67,49
1165,288,236,236,252
31,232,33,27,28
302,223,193,191,212
186,388,44,43,49
752,310,50,44,50
525,39,33,32,35
600,247,237,236,255
898,477,49,49,49
235,350,44,42,45
964,439,66,50,49
999,294,45,48,50
909,184,46,47,50
1144,50,233,230,247
549,450,158,157,167
553,30,41,44,45
525,238,56,57,60
392,240,210,208,227
1070,68,78,67,65
1071,444,53,51,57
86,451,46,46,52
777,341,46,47,50
763,260,241,239,255
271,455,64,59,52
411,317,44,44,45
1166,483,229,230,246
208,263,201,200,223
43,400,48,45,45
297,77,35,28,32
917,433,78,77,63
191,300,40,38,42
986,279,50,47,51
349,463,66,63,51
231,4,176,161,185
223,329,40,43,45
808,100,46,45,50
292,466,106,98,70
546,331,45,41,42
1016,390,48,48,49
680,345,44,48,51
332,370,43,42,47
1043,487,51,49,53
930,200,45,47,50
862,400,46,48,50
333,208,147,143,149
1169,163,236,235,254
145,495,44,46,46
185,320,40,43,42
460,34,68,53,45
1091,254,248,245,255
221,385,45,42,47
647,184,242,238,255
185,305,41,42,44
895,98,47,47,52
419,248,225,224,245
510,353,44,43,46
1030,72,98,85,71
944,245,46,45,51
84,49,26,27,31
1015,144,52,47,55
443,225,231,231,251
210,335,42,43,46
299,132,28,27,27
982,302,46,46,48
1110,145,237,232,254
362,222,205,205,226
253,270,203,204,224
427,394,40,45,45
898,280,47,47,53
1172,368,237,235,249
43,201,81,85,87
50,485,61,57,51
691,402,43,45,49
98,235,204,203,226
765,413,47,46,52
579,318,44,42,46
331,411,44,43,45
916,479,50,49,53
535,10,82,62,46
687,71,46,46,50
764,28,50,50,52
556,153,45,43,47
798,200,51,47,52
1013,142,47,48,53
958,413,43,46,47
701,252,48,46,50
120,304,36,33,37
1015,129,46,49,49
0,42,225,223,246
305,325,44,44,44
44,496,92,82,75
389,154,44,42,46
640,24,50,50,53
511,316,42,42,47
873,433,43,46,50
890,92,45,45,48
673,44,46,46,49
963,409,45,48,51
930,44,117,108,102
528,0,66,40,35
687,30,47,50,55
39,80,120,102,122
1046,58,111,100,85
232,286,50,46,49
1117,46,230,229,244
880,72,49,47,50
310,360,44,44,48
736,256,241,237,255
633,132,45,46,47
1017,395,51,46,50
532,331,43,42,45
935,386,45,46,51
1108,325,234,232,249
76,371,39,42,43
285,492,52,49,47
671,197,234,237,255
24,249,34,28,30
1043,50,119,108,99
287,249,198,194,216
989,411,45,47,52
1076,47,85,78,73
486,90,41,43,46
440,408,104,105,132
32,419,63,63,55
523,34,34,27,24
34,149,162,30,39
847,320,48,48,52
963,89,48,48,51
701,424,42,44,46
1035,349,44,48,53
625,449,184,188,206
31,1,143,142,173
974,411,47,46,50
656,103,46,45,49
497,2,66,57,52
565,384,39,43,46
470,456,180,186,204
278,17,137,140,155
803,228,235,234,255
958,74,63,58,59
57,74,25,28,24
880,15,89,83,85
686,348,47,45,51
847,72,47,47,52
1175,235,239,235,252
3,326,43,40,43
194,208,83,72,103
497,315,41,46,47
822,116,46,46,51
460,229,232,231,253
262,152,35,26,31
795,107,46,47,50
981,166,48,47,53
735,457,45,48,52
458,407,58,57,61
156,126,178,186,202
17,56,177,172,184
342,321,44,43,47
475,412,46,45,48
59,267,33,28,32
360,330,43,44,45
918,350,43,46,51
1078,64,204,197,166
1041,175,50,47,55
288,9,129,132,149
342,450,62,56,47
738,347,46,44,48
400,338,43,43,45
546,292,45,44,47
91,29,114,105,111
853,370,47,45,51
1008,450,49,46,54
152,65,156,138,158
624,430,42,44,48
189,171,190,188,205
593,298,49,42,47
173,1,167,148,170
549,23,48,47,48
401,382,43,44,45
532,104,43,45,46
849,224,238,240,255
0,330,42,40,43
259,62,43,44,48
535,350,42,43,43
150,128,205,197,219
1151,447,232,230,245
153,119,36,31,31
674,53,45,46,46
631,456,189,192,210
661,348,44,45,48
595,135,44,44,46
794,267,238,238,255
992,133,46,47,50
602,396,42,44,44
17,437,50,48,52
114,449,48,49,51
390,124,37,37,39
608,75,45,44,48
257,379,45,44,47
225,46,203,194,216
403,400,44,43,45
41,409,42,44,47
197,418,45,43,47
1131,277,227,226,239
9,364,45,43,45
225,238,64,46,63
178,3,151,42,66
932,493,172,161,83
378,12,40,33,33
1143,227,232,231,244
796,468,76,65,59
864,477,50,50,53
68,410,49,47,50
1181,218,238,237,252
1,407,46,44,48
1055,395,51,50,54
85,190,79,92,106
1027,402,48,47,52
161,316,42,38,40
676,154,46,48,50
485,299,49,46,48
757,224,227,232,255
1191,135,240,238,254
532,384,38,42,45
955,231,45,47,51
908,372,46,44,47
1197,16,241,235,252
410,364,43,42,45
579,11,95,81,64
987,356,47,46,51
123,429,49,49,52
40,477,45,45,49
26,120,150,22,32
184,283,145,145,184
916,439,47,49,52
637,319,43,44,46
243,366,43,45,46
562,363,39,43,47
52,226,34,33,33
478,254,119,112,104
391,46,31,26,26
257,368,46,43,45
343,146,34,34,38
953,485,51,47,53
644,22,48,50,53
142,453,48,45,50
892,138,48,48,51
847,131,47,47,52
115,169,172,170,199
870,349,44,44,50
357,54,30,20,28
1151,126,236,234,250
603,145,45,45,49
916,388,42,45,47
405,486,81,78,67
74,496,47,47,49
46,429,48,50,51
296,283,44,43,45
1168,249,239,236,252
885,275,47,48,53
371,47,33,26,27
884,396,43,46,48
1063,158,46,49,54
516,244,67,55,62
462,388,49,51,56
1006,404,49,47,51
900,203,52,48,49
525,446,134,130,139
1176,126,238,236,254
56,499,50,49,52
898,490,174,157,81
969,36,93,71,59
203,365,43,43,44
556,151,41,46,47
568,139,46,47,48
662,491,106,77,55
919,419,46,46,50
899,21,97,91,84
28,196,76,82,70
753,294,46,45,50
163,2,47,32,58
338,98,34,24,31
232,128,32,29,32
282,330,42,44,46
804,137,46,47,48
493,63,41,43,41
42,202,65,81,60
815,207,53,49,52
243,169,191,185,208
674,64,45,46,47
377,159,39,43,43
167,334,40,39,44
67,100,149,29,36
1136,142,231,227,246
727,415,44,45,47
423,381,42,43,47
499,399,40,42,42
1175,28,238,236,252
365,270,126,133,164
1133,220,232,227,248
527,182,224,222,246
71,181,85,59,105
928,48,109,108,99
951,33,90,69,57
1029,150,47,49,54
251,94,39,37,43
913,297,49,47,52
796,58,46,48,52
911,20,165,123,92
1080,403,54,54,58
234,377,43,42,47
529,32,44,39,44
155,400,45,43,47
44,91,189,188,208
1061,349,52,50,53
498,20,77,60,47
736,294,46,46,48
317,327,45,42,47
96,388,41,43,46
283,54,48,45,50
936,130,49,47,50
687,160,46,47,50
667,160,46,47,50
215,15,191,173,197
689,370,45,47,46
220,124,40,36,38
544,329,44,42,46
952,349,49,47,52
458,213,96,92,113
586,155,42,44,47
1186,453,238,238,253
651,25,49,49,52
1083,30,249,249,255
227,359,44,44,46
821,229,239,238,254
1114,53,231,230,247
597,167,45,45,49
255,358,41,44,45
671,426,44,44,45
748,119,44,47,48
960,202,51,49,52
98,189,245,244,255
350,272,50,48,52
1112,470,231,226,243
959,425,42,45,49
630,435,43,45,47
796,436,47,48,52
938,5,183,157,165
728,374,41,43,48
997,290,47,46,49
556,185,231,230,255
503,356,46,43,45
193,110,98,97,116
735,44,50,47,53
1141,290,232,227,245
230,297,43,42,44
1172,282,238,236,253
76,323,39,37,39
199,324,40,41,43
337,224,199,199,222
983,3,110,83,65
1195,216,242,237,253
114,490,49,46,50
411,366,44,43,47
644,247,44,44,49
820,258,238,238,254
563,337,40,41,47
792,318,44,44,48
97,23,115,108,120
1160,206,239,235,252
900,472,51,48,53
685,130,44,45,49
662,147,44,45,50
493,134,51,53,55
389,90,34,31,34
105,354,36,37,38
456,382,42,40,43
1104,25,239,236,255
1111,283,234,232,249
803,365,47,45,49
562,12,94,80,60
409,417,42,44,47
1038,128,49,46,52
573,81,45,44,47
990,217,48,47,49
208,94,176,177,196
1095,139,239,238,255
450,489,176,184,201
251,342,41,42,47
943,410,47,46,49
609,239,237,235,255
1160,314,237,233,248
1164,231,240,235,253
186,270,208,208,230
406,365,44,44,45
12,170,112,91,92
420,64,32,35,34
892,219,56,50,59
210,474,47,45,48
261,99,37,30,31
241,359,38,45,43
943,35,97,73,60
132,32,128,114,133
1162,476,234,234,246
737,36,53,50,53
615,394,43,44,46
219,301,42,41,44
827,321,46,46,49
414,274,69,60,85
1073,311,151,140,107
430,212,221,220,242
201,29,162,33,42
156,288,41,38,41
471,370,48,48,47
204,255,204,199,223
471,65,38,42,44
969,425,50,47,51
288,421,41,42,47
48,234,31,29,29
800,214,237,238,255
974,111,47,46,52
37,122,150,21,33
725,164,47,46,50
1035,46,73,65,60
432,229,230,228,251
246,136,28,26,27
773,393,42,44,47
975,248,44,46,49
1055,103,52,50,54
293,289,43,43,47
1193,273,239,236,254
1048,207,51,49,55
877,400,47,45,49
727,138,45,46,49
1067,170,49,51,55
1053,479,49,50,54
58,343,40,41,38
959,120,51,46,53
24,76,121,111,118
1099,195,242,241,255
784,163,43,46,49
917,37,115,109,103
7,291,36,32,34
605,113,46,42,47
186,297,39,38,42
258,357,42,43,47
275,165,187,184,202
574,206,82,75,70
1117,11,232,230,249
1044,246,44,47,52
1166,280,239,236,254
988,437,48,45,53
558,172,47,48,51
813,166,42,48,51
1031,129,47,49,53
1135,136,228,225,244
1147,338,232,230,249
497,190,199,198,215
170,467,58,53,51
930,443,49,48,53
1025,429,43,48,50
341,2,49,45,53
381,22,41,30,29
467,276,95,92,108
1095,168,240,238,255
81,82,151,22,31
1173,338,235,232,248
1113,406,231,232,249
205,407,48,45,47
615,85,44,46,48
1168,386,234,234,251
747,49,46,47,50
1141,183,235,232,248
149,427,47,49,53
34,34,234,229,252
1075,267,48,51,56
674,190,242,238,255
460,270,239,237,255
1010,459,46,47,52
919,416,44,45,48
798,330,45,46,49
1142,62,232,229,245
78,364,43,41,46
289,288,43,42,45
215,434,43,45,46
999,194,43,47,52
429,443,139,77,72
720,393,49,45,49
689,274,49,46,46
474,442,179,181,199
1149,317,234,232,249
41,375,43,44,45
906,403,46,47,48
422,47,31,29,33
990,287,49,47,51
382,474,59,55,51
1064,182,50,51,54
428,450,147,88,83
1041,297,60,54,83
4,218,30,28,27
648,476,72,62,55
164,497,46,46,50
935,488,50,51,51
426,95,40,37,42
1084,309,54,55,59
1077,394,243,245,255
180,260,204,204,226
1141,202,233,230,244
1044,248,45,49,53
38,300,35,33,36
1132,336,224,226,242
416,118,41,40,43
338,372,41,43,48
1031,148,49,47,52
167,352,41,41,40
1050,394,46,49,51
914,37,108,102,101
478,96,40,42,47
164,242,63,59,78
751,270,48,49,51
923,220,45,47,51
223,404,44,44,47
219,273,206,204,225
933,241,49,47,48
825,259,235,240,255
790,248,241,238,255
956,433,66,54,103
334,207,64,49,61
1107,410,236,236,253
670,3,48,47,52
568,7,92,77,59
834,44,94,83,69
102,212,220,218,245
1158,345,233,232,249
516,408,39,41,43
260,205,134,130,143
745,225,242,239,255
809,91,48,47,51
1026,447,49,47,52
627,346,40,44,43
577,447,151,145,151
449,319,43,46,48
701,448,46,45,45
203,127,31,37,40
301,308,43,44,47
662,453,70,61,56
882,472,48,48,50
545,424,40,41,43
172,455,53,50,52
705,184,241,238,255
629,192,236,235,255
601,42,46,45,49
283,344,47,43,46
1110,286,230,231,249
1039,91,54,54,54
805,407,46,48,52
797,110,48,47,51
840,418,83,94,130
386,215,73,53,72
107,102,159,27,38
568,92,42,45,45
180,341,40,40,41
401,245,215,214,231
328,433,63,58,54
174,6,165,137,155
721,198,239,237,255
90,451,45,47,49
643,443,48,46,48
614,113,50,45,49
565,61,43,43,47
38,378,43,44,49
778,400,46,46,47
1121,237,228,226,244
66,171,168,34,43
186,449,58,58,52
939,6,216,203,222
140,53,138,125,146
623,328,44,43,47
1029,455,47,47,52
121,331,29,34,33
1,176,84,79,84
269,179,188,182,204
734,101,45,47,49
752,158,45,45,50
210,497,44,45,48
765,304,45,46,50
325,95,33,26,30
69,34,114,103,114
130,406,45,45,46
781,463,50,50,55
769,311,44,45,47
589,0,93,80,62
1153,339,237,233,249
826,76,47,46,50
1135,90,230,226,244
132,284,43,41,43
663,218,59,57,61
429,386,40,44,46
932,124,46,49,48
874,359,48,45,51
856,408,46,46,48
654,289,44,44,48
1087,266,109,91,90
11,16,107,90,110
356,195,170,166,191
633,392,42,43,48
717,164,45,47,48
571,93,45,45,47
150,77,159,144,165
415,433,47,46,50
1147,483,230,226,242
776,280,53,49,57
71,387,41,43,45
524,355,43,44,44
153,308,31,36,38
1020,284,47,46,54
590,39,41,47,46
241,158,50,46,51
569,318,41,44,46
947,257,45,46,51
926,498,175,160,115
650,321,45,46,46
481,192,175,177,191
741,155,51,47,53
821,114,46,46,50
532,270,49,49,54
1081,58,248,245,255
339,377,40,42,47
1051,102,51,49,53
561,411,42,42,48
132,6,188,183,203
514,493,106,101,72
369,466,61,56,51
570,313,45,44,46
700,222,228,235,255
437,17,45,38,33
1118,207,232,232,246
388,16,37,27,27
543,464,131,127,135
584,241,234,236,255
1165,388,237,234,252
61,72,30,29,29
186,193,186,184,203
338,35,40,32,30
186,351,45,41,44
974,154,47,47,55
451,470,182,183,202
153,389,44,42,46
697,404,46,45,50
797,158,46,47,48
552,380,42,40,46
748,442,48,48,50
53,279,33,28,29
792,283,46,49,51
88,139,158,28,35
23,288,35,32,34
237,101,38,38,42
1162,75,235,233,251
80,93,152,24,35
992,40,110,83,64
220,318,43,42,46
518,173,47,47,50
1171,296,239,235,252
426,152,43,42,46
645,353,45,44,45
283,434,70,66,51
529,267,162,165,203
47,50,114,108,116
978,236,47,47,48
835,305,39,47,48
427,205,223,222,244
935,265,49,47,51
1072,388,230,219,185
581,398,43,42,47
886,168,47,47,49
858,439,48,49,54
534,283,46,43,47
1125,41,230,228,245
427,116,41,41,44
145,142,138,140,161
821,213,237,238,255
759,139,47,47,50
571,325,45,40,47
715,289,45,46,47
1118,141,234,230,246
321,288,45,43,48
903,106,48,46,51
621,170,45,47,52
310,86,31,26,28
295,363,42,41,45
561,356,44,43,44
1040,15,106,86,65
891,277,47,47,51
366,5,34,32,30
487,313,45,45,47
1196,103,240,237,255
950,83,46,48,49
482,258,200,198,211
289,113,32,27,26
167,3,163,142,167
776,450,45,47,47
612,148,46,44,48
929,360,46,48,50
833,124,47,47,49
663,261,39,46,48
997,355,46,44,50
1194,427,236,235,253
1197,82,241,237,252
788,287,49,48,51
302,87,30,26,26
3,24,226,224,248
580,289,45,44,46
644,253,50,46,48
154,251,207,207,228
915,26,145,115,87
892,3,101,99,87
861,405,47,46,50
722,230,239,235,255
755,341,48,45,48
1068,380,54,53,58
27,87,107,88,88
456,340,59,60,65
513,481,110,107,77
199,56,183,176,188
997,220,46,48,51
374,243,212,210,235
774,326,47,47,50
189,222,192,187,209
304,1,209,213,230
364,180,196,194,217
411,217,86,63,86
99,8,106,100,109
1191,266,240,237,254
936,411,46,45,48
1033,336,45,49,52
579,372,43,42,44
927,368,44,46,47
389,108,39,34,37
365,494,72,64,52
450,346,47,52,55
128,363,43,40,45
890,97,48,45,50
399,26,41,34,27
821,123,47,47,50
1056,379,51,48,54
301,100,29,26,28
1055,178,49,50,56
167,289,37,35,38
290,399,41,44,46
684,172,52,48,53
1199,239,236,235,254
460,124,42,41,47
515,237,80,75,97
449,166,45,46,44
557,2,104,80,59
930,201,41,48,50
241,462,68,67,54
199,134,38,35,40
546,33,45,41,47
691,281,40,43,48
315,210,184,181,197
868,112,46,47,49
780,117,47,47,51
943,394,45,46,51
456,9,69,54,44
662,365,44,41,46
395,183,74,71,78
289,11,206,208,224
771,41,47,49,50
894,181,48,47,51
117,151,206,195,215
126,375,38,41,44
678,112,47,44,50
759,112,44,48,49
765,223,57,56,58
1088,469,240,238,255
321,265,209,205,228
401,100,36,37,37
600,448,169,174,194
333,28,40,33,35
687,70,49,46,50
686,317,41,45,47
10,16,122,105,130
30,17,227,224,246
1013,79,98,84,68
144,290,39,38,40
1053,308,52,51,54
1133,285,227,226,240
237,137,32,24,30
1023,485,44,47,51
94,285,36,31,32
774,345,44,48,51
1109,182,238,236,254
763,375,43,46,50
261,428,50,51,51
1145,139,234,231,244
874,381,50,45,50
723,60,45,46,49
492,221,207,204,223
789,410,49,50,52
416,120,39,40,43
853,257,241,239,255
799,19,51,51,54
608,392,38,44,47
1164,55,238,237,252
903,5,117,75,63
1030,116,49,49,50
461,412,44,46,48
399,2,41,30,31
824,160,47,48,50
600,130,43,45,47
1085,304,55,55,58
1124,253,230,225,242
696,308,48,45,48
1089,372,246,249,250
677,200,239,237,255
817,385,44,45,48
108,150,197,187,210
867,72,45,49,50
170,177,197,192,215
654,458,62,55,52
1044,455,48,50,54
216,412,47,43,46
425,34,34,28,32
804,96,46,46,49
803,149,48,46,49
12,195,70,64,68
590,407,44,42,43
912,446,69,42,86
715,474,153,145,155
1023,220,51,49,54
198,145,31,33,38
852,127,49,46,53
48,444,52,49,53
31,28,231,227,253
952,217,49,49,49
852,347,44,46,49
1053,315,47,50,54
648,37,46,47,47
713,12,59,53,53
917,26,154,105,71
897,181,50,48,51
458,179,47,46,50
157,140,162,162,184
396,494,87,78,54
886,318,47,46,51
438,490,171,169,181
433,90,40,42,43
1128,90,229,225,240
829,376,47,47,46
707,404,48,46,50
432,343,41,45,45
397,310,47,47,47
827,129,45,48,51
1175,371,237,234,251
139,461,47,46,51
720,486,153,148,158
425,10,40,29,30
602,398,45,43,45
131,342,34,38,37
291,189,189,187,206
1175,418,237,233,251
318,56,35,25,35
3,499,51,48,50
683,74,47,47,50
520,235,217,220,230
568,394,41,42,47
835,222,243,239,255
833,498,165,160,153
1124,58,230,228,242
526,477,140,140,132
1189,275,238,234,250
211,427,48,45,50
841,313,44,47,49
880,477,50,51,53
1093,397,243,243,255
823,198,51,50,53
360,409,41,43,46
1093,427,244,243,255
244,301,43,44,46
193,279,208,208,229
120,153,204,195,216
1039,5,97,77,65
784,467,132,125,119
380,63,31,27,27
581,259,237,234,255
631,444,82,75,63
139,283,59,48,74
303,166,187,184,202
434,127,43,41,46
74,189,39,29,32
779,19,51,50,55
470,345,50,50,56
913,346,47,46,52
52,156,163,29,35
491,360,45,43,46
675,101,45,45,49
74,147,159,28,38
1093,408,243,243,255
814,205,47,47,53
1126,340,231,227,244
989,232,45,47,52
979,13,114,80,62
924,132,48,47,47
727,85,46,46,50
439,311,46,43,47
72,150,159,27,34
1089,491,243,236,255
572,418,45,41,46
823,463,46,47,52
870,420,59,58,65
1006,145,50,48,53
735,339,45,45,50
896,48,101,97,94
1010,303,42,46,50
275,277,45,43,47
965,291,48,46,49
510,74,10,11,15
565,418,42,44,45
635,488,164,163,176
41,280,40,33,38
512,21,91,66,52
184,454,47,47,52
288,21,199,202,221
12,225,35,27,27
383,372,45,41,49
582,40,44,45,48
1111,192,238,234,254
574,194,64,62,66
125,270,214,210,233
960,482,50,47,51
588,101,44,44,46
853,98,47,47,52
338,443,71,73,55
137,380,47,43,46
863,473,48,49,52
53,375,45,43,47
1174,216,240,237,253
964,488,45,47,51
707,454,48,47,45
319,263,210,206,229
677,225,64,53,62
959,224,44,49,51
207,362,43,42,46
796,161,47,48,49
626,273,46,45,47
1159,162,236,234,251
651,144,43,47,48
465,280,100,101,120
268,227,189,186,206
994,479,43,47,52
77,210,240,239,255
619,332,48,44,48
896,152,47,47,51
1039,88,65,61,58
1077,396,237,239,254
661,351,44,43,45
431,130,42,43,42
383,466,75,69,60
792,479,163,157,173
1165,299,234,235,250
13,157,171,28,38
396,199,204,206,228
209,59,36,26,28
1073,196,48,51,55
899,128,46,49,52
61,213,69,67,82
76,13,46,37,43
420,239,107,102,119
853,379,42,44,49
594,489,179,180,189
729,361,43,44,51
929,57,97,93,85
1056,276,184,182,223
468,165,46,44,47
958,442,45,45,56
135,370,41,41,44
732,208,242,238,255
358,381,42,43,47
821,101,44,48,50
915,228,231,233,254
344,361,46,45,44
792,165,46,47,50
1096,135,242,238,255
467,25,97,72,54
193,195,188,184,206
197,55,195,183,201
1079,335,53,54,56
42,420,54,53,55
269,106,34,26,29
189,251,202,198,222
550,347,43,42,46
1033,459,47,50,52
375,71,33,24,27
485,186,70,73,77
1008,358,46,45,51
410,18,35,25,27
95,122,162,41,48
29,119,150,22,31
466,463,181,184,205
910,62,91,89,88
587,110,45,45,47
30,121,151,26,36
417,61,39,36,34
143,366,47,40,45
9,277,34,32,31
24,317,40,38,41
738,360,47,47,47
113,214,208,207,229
450,407,45,44,52
576,431,44,43,45
134,109,163,31,41
532,462,158,157,170
345,229,205,202,226
505,230,90,73,99
742,53,48,46,49
350,64,31,25,26
643,190,239,237,255
994,171,47,47,53
867,111,47,46,50
894,417,45,45,50
946,353,48,48,51
922,44,109,104,95
106,328,35,32,34
871,264,238,237,254
1042,463,48,48,50
1003,168,47,48,49
1030,477,43,50,51
464,447,177,186,204
1155,40,240,235,248
65,1,76,68,86
1008,201,48,48,50
781,76,47,45,49
882,121,48,47,50
679,71,44,46,47
451,449,160,158,165
638,220,63,57,62
451,225,228,229,251
278,168,189,185,205
802,401,47,46,46
633,61,42,46,50
1050,362,49,48,53
584,64,46,44,47
735,370,46,45,48
572,285,48,46,49
803,72,48,47,48
473,48,40,41,45
82,97,152,27,33
100,70,142,124,143
1037,41,106,80,65
232,6,177,164,189
999,46,113,87,65
347,340,45,41,45
869,151,48,46,50
1012,20,110,88,66
861,287,48,45,49
1020,47,101,79,62
270,110,35,25,31
603,281,49,44,47
506,316,44,45,43
1046,131,45,47,52
443,347,45,43,48
313,345,43,43,45
886,472,47,48,49
668,86,48,46,51
530,415,38,42,44
747,115,44,47,49
1107,218,238,237,253
465,207,226,225,249
786,201,48,51,51
340,4,41,38,45
805,424,47,45,52
136,315,36,34,36
373,286,45,43,49
747,258,240,237,255
960,88,49,48,51
732,13,49,52,53
415,391,42,41,46
708,467,138,121,101
360,182,195,194,214
105,350,40,37,42
142,264,211,209,232
642,343,42,45,47
947,229,48,47,52
215,324,43,44,45
309,164,179,178,192
701,343,45,43,47
487,21,68,53,46
385,481,89,86,77
65,119,150,28,34
656,339,43,42,47
133,106,164,31,43
595,103,43,43,47
581,109,45,43,46
174,404,43,44,46
146,279,213,211,236
119,200,216,217,243
495,417,40,42,44
18,479,49,49,49
1111,317,234,234,250
235,319,45,43,44
148,5,35,32,33
129,376,41,42,45
199,29,161,30,47
907,384,45,45,49
286,341,43,43,49
999,420,45,47,50
809,108,47,47,50
510,175,52,50,51
1164,238,238,235,252
1153,210,236,232,247
441,68,41,38,39
33,498,61,55,53
981,80,58,56,56
982,474,46,47,53
68,339,41,40,43
838,418,50,47,49
87,134,158,44,51
1034,212,48,47,53
1178,287,239,237,253
785,328,44,47,49
805,459,47,48,49
1148,304,232,229,245
400,171,41,43,44
31,133,156,27,35
970,432,48,47,53
773,442,45,45,52
709,238,240,239,255
288,135,30,29,32
741,373,43,44,48
178,265,206,205,226
170,189,192,189,210
104,397,43,40,43
806,90,49,47,51
790,205,53,52,56
930,398,45,46,50
423,417,46,46,48
692,97,48,45,52
263,337,42,42,46
459,187,62,55,65
87,304,36,32,34
253,353,42,43,44
215,336,42,45,45
461,157,42,45,45
1029,271,50,51,53
492,48,43,43,43
123,1,119,109,120
46,213,73,72,84
889,314,49,46,50
711,204,243,238,255
571,184,231,232,255
201,23,187,172,194
563,419,43,40,46
187,95,56,47,63
1126,199,229,228,247
416,141,39,42,42
994,326,45,46,50
399,489,72,65,58
935,355,44,46,52
958,264,47,47,49
592,453,129,120,115
1025,203,47,45,53
49,203,78,74,80
898,198,47,47,52
84,244,219,217,240
288,391,45,45,47
615,369,43,42,46
21,292,34,30,34
798,311,49,47,51
314,75,32,26,31
792,256,243,240,255
536,250,228,227,250
149,484,52,46,51
134,81,157,142,166
889,148,47,46,54
773,20,52,50,50
1137,242,232,228,244
1087,31,254,252,255
600,45,47,45,47
877,369,42,48,46
196,93,121,123,143
637,386,44,45,49
673,64,45,46,46
822,96,47,47,50
279,90,32,28,32
243,461,68,63,52
126,388,42,43,45
368,32,38,25,27
600,176,48,47,50
453,172,45,45,50
998,270,46,46,51
812,273,48,49,52
1010,419,45,48,49
1103,193,240,238,255
1108,424,231,231,250
508,388,46,41,45
904,62,105,100,97
519,3,90,71,62
494,409,45,42,43
545,398,37,40,44
958,46,94,72,59
184,22,158,27,35
98,93,157,25,36
174,354,39,44,44
428,215,222,219,242
705,10,50,52,52
396,408,43,44,47
704,60,45,47,48
1106,483,226,229,242
582,220,233,231,255
679,444,42,45,45
418,237,221,220,246
427,453,151,122,111
960,330,46,46,48
501,262,223,222,243
412,405,42,43,45
636,349,43,40,46
364,455,97,93,88
1108,253,239,236,250
262,479,49,49,51
543,245,230,228,252
817,53,50,50,54
753,18,51,50,54
240,252,198,196,215
569,339,41,43,45
871,32,104,101,95
208,346,44,43,46
430,197,225,222,246
566,281,42,45,49
994,144,46,47,53
817,82,48,47,51
774,355,47,45,48
68,258,38,30,32
428,290,44,45,48
970,354,41,48,52
546,466,152,152,163
462,23,92,71,53
1028,485,49,49,52
764,31,51,52,51
643,76,47,47,48
1163,210,237,236,251
641,346,45,45,47
259,427,55,53,54
971,303,45,45,50
882,39,103,97,95
142,57,151,133,153
297,204,178,175,191
423,306,43,45,47
24,394,44,44,46
951,372,44,46,50
782,146,49,45,52
1035,195,48,49,51
943,14,136,98,78
825,336,48,49,53
916,3,119,76,66
1047,61,108,95,86
654,262,44,46,51
698,486,128,106,77
448,162,43,45,45
882,77,47,47,53
565,252,233,232,255
683,343,40,45,46
1071,199,46,50,56
118,93,189,170,191
927,215,47,45,51
826,200,44,48,53
290,3,161,163,181
25,393,43,46,47
1177,458,235,235,252
817,225,242,241,255
22,232,31,27,27
973,498,54,54,55
828,187,47,48,51
491,194,179,176,188
346,486,56,54,50
1134,233,227,225,242
695,397,100,93,80
907,47,88,79,72
945,491,59,52,50
943,412,43,48,47
1069,498,139,131,63
1159,399,236,234,249
272,133,31,27,30
422,109,40,41,43
16,414,56,53,53
1189,274,240,236,250
567,237,232,229,253
656,340,46,44,48
68,309,39,35,35
635,229,237,232,254
445,91,44,42,42
1147,172,232,231,246
38,19,72,65,75
570,60,44,45,49
1011,185,45,48,50
145,460,48,50,51
1056,400,48,50,49
280,496,91,79,70
686,258,44,44,46
549,87,44,44,45
51,396,45,46,50
761,337,45,46,51
886,41,103,97,93
243,240,192,190,207
689,494,122,95,66
984,361,44,47,51
702,315,42,46,48
1129,438,226,226,242
825,33,70,65,58
716,393,67,58,52
566,272,50,52,55
762,270,50,53,53
1134,1,230,228,244
947,388,46,44,48
271,101,35,29,34
157,275,213,211,233
978,136,46,46,52
299,202,52,50,54
97,75,150,129,153
809,298,48,47,51
579,8,96,83,61
808,272,53,54,62
60,483,75,65,59
1049,96,50,51,53
679,90,45,45,50
717,450,48,47,48
1149,60,232,231,247
22,173,173,36,45
565,81,44,46,49
548,245,228,228,253
704,68,47,47,48
952,228,45,45,51
752,192,46,49,52
665,39,44,46,48
469,55,37,39,42
1150,491,229,229,243
888,184,50,48,53
684,357,43,46,50
1019,424,48,46,52
529,265,227,223,246
1161,124,236,235,253
744,330,45,45,48
645,275,43,45,47
476,109,41,42,45
87,89,154,26,34
570,108,45,44,46
114,438,64,64,58
1008,80,102,88,68
1063,396,51,52,56
503,230,66,60,78
497,21,77,59,50
611,74,44,44,49
1050,334,50,50,51
712,5,71,54,58
220,357,46,43,45
209,217,188,186,207
224,106,36,36,41
373,230,208,207,230
499,106,47,46,52
738,332,44,45,49
330,332,38,45,44
307,133,32,28,34
949,484,46,47,48
905,465,50,49,51
14,96,126,95,77
452,64,41,40,42
959,197,47,48,48
370,36,33,26,22
818,320,45,46,50
386,262,212,215,238
140,67,156,144,166
866,403,47,46,50
726,488,150,147,157
306,403,45,45,47
584,213,67,56,68
721,61,47,46,49
289,167,187,186,205
371,343,43,42,41
499,498,101,91,57
457,219,183,187,215
421,130,41,41,46
928,226,44,46,50
1046,139,50,48,52
578,126,46,43,48
1132,12,228,228,243
836,135,47,47,49
846,264,127,132,159
652,264,42,45,46
339,246,206,205,225
247,282,204,204,225
696,341,45,45,46
1042,413,48,47,51
961,122,46,49,53
239,285,62,54,84
524,72,45,45,48
905,363,47,46,48
310,169,123,115,135
554,333,43,45,45
479,29,68,55,46
717,424,43,45,47
789,240,97,76,77
766,488,161,149,164
813,460,44,48,48
291,426,100,93,68
63,111,149,24,34
75,190,39,31,33
21,157,169,32,36
332,100,33,29,26
1006,473,47,47,50
1154,37,236,232,250
1110,376,236,235,253
901,351,47,45,50
870,360,48,46,50
823,60,50,49,52
375,294,42,45,48
553,10,92,80,59
1061,442,52,48,54
65,145,174,136,149
476,451,158,164,184
457,89,37,40,42
340,229,200,204,224
1191,37,240,238,254
251,453,61,59,50
485,322,44,46,48
1040,68,96,87,67
85,314,36,31,36
212,161,34,28,32
243,89,46,46,53
745,394,43,45,49
36,409,48,46,50
9,334,43,39,44
364,325,41,43,46
45,34,226,229,252
909,250,241,238,255
157,196,49,39,52
336,113,34,28,34
769,32,48,49,51
346,218,202,199,220
383,111,37,34,34
1193,144,239,239,253
780,3,54,51,53
791,48,52,51,54
255,353,44,42,47
5,286,35,35,37
314,395,40,43,44
742,135,46,45,50
385,294,43,43,46
1128,126,227,226,242
1177,136,240,238,252
1134,329,230,227,243
19,456,51,48,50
222,87,152,152,169
1076,313,239,239,253
106,170,129,107,136
1050,433,48,49,52
454,447,177,181,198
416,133,39,42,42
230,480,51,48,50
189,361,43,41,45
256,237,70,62,77
549,274,46,46,51
827,360,46,46,49
543,382,40,41,44
1122,92,228,226,244
1082,242,56,57,63
804,429,46,48,50
622,15,47,47,53
604,197,236,232,255
536,268,82,81,107
633,137,42,45,50
469,273,67,68,79
253,195,183,183,201
387,254,218,216,240
528,69,41,43,46
161,26,163,145,169
887,476,47,50,51
1126,51,230,226,242
34,192,61,56,72
910,459,47,50,52
412,217,70,54,65
601,246,237,237,255
819,176,46,48,51
630,11,46,47,52
577,187,234,234,255
356,342,43,43,49
127,85,156,141,162
1044,329,48,47,52
907,270,237,238,255
67,118,151,27,34
1144,417,231,228,246
775,445,49,46,52
908,454,50,47,54
9,207,30,29,32
507,400,40,43,42
962,350,46,47,51
467,433,182,187,207
522,182,220,218,240
1049,31,106,81,64
322,443,56,60,51
473,27,65,51,46
555,258,232,231,254
859,486,163,151,105
611,50,46,46,49
929,20,101,69,61
854,280,44,47,49
586,294,49,44,47
562,253,233,232,253
762,327,47,48,47
23,121,151,21,33
373,50,33,27,28
578,229,236,237,255
800,498,159,153,175
523,90,44,47,48
673,484,108,83,59
365,134,36,33,38
1026,419,48,47,53
526,247,223,223,245
406,324,44,44,46
