x,y,R,G,B
164,94,201,187,205
275,363,39,43,44
703,140,41,45,50
724,94,44,46,50
397,420,41,43,44
780,432,47,47,50
915,330,47,47,51
1051,86,67,64,62
981,174,48,48,53
123,16,39,27,40
507,211,220,214,229
356,496,69,62,51
779,416,46,48,49
542,410,41,40,44
1095,209,246,244,255
791,495,166,161,172
568,289,46,43,47
538,374,42,40,44
513,302,44,44,43
565,462,144,142,148
466,305,18,19,17
846,117,47,48,51
344,28,40,32,34
247,14,112,104,122
68,128,154,26,35
86,183,209,202,226
615,383,41,43,50
785,42,51,48,54
252,440,55,55,51
147,78,159,146,163
1173,490,233,232,249
421,265,224,224,245
94,181,226,221,248
506,351,42,40,45
394,319,44,46,51
949,306,46,46,49
840,39,82,77,66
848,376,42,46,51
735,309,48,47,48
1104,265,234,234,252
430,371,44,44,45
481,73,43,42,47
281,88,36,26,31
494,429,43,47,49
26,295,38,33,37
899,59,102,100,98
672,325,47,45,48
872,392,46,45,50
154,365,42,41,46
123,450,50,46,50
447,460,140,124,134
124,331,36,34,38
1101,379,241,239,255
1095,496,237,236,254
232,230,153,156,177
161,420,48,49,49
752,338,44,45,48
452,227,234,231,254
489,69,44,43,44
266,403,44,44,47
852,359,46,48,50
749,178,44,48,53
253,248,194,189,211
1119,302,230,227,245
104,223,206,205,230
255,90,41,36,41
461,324,19,18,19
909,454,48,46,51
585,387,46,45,47
989,349,46,47,51
531,43,43,44,45
1126,193,230,227,244
136,491,51,46,51
176,25,179,157,180
121,195,219,216,243
818,450,46,46,50
351,407,41,42,45
604,15,49,47,52
406,499,80,77,69
1175,366,238,235,250
389,307,41,45,47
217,184,187,185,206
354,400,43,43,44
938,168,48,47,49
1034,134,49,49,55
1162,390,237,233,250
888,253,240,238,255
112,98,159,29,37
663,1,49,50,50
999,136,50,49,53
793,426,49,48,50
464,136,43,44,45
843,418,121,106,129
615,10,48,49,51
1139,29,235,231,248
1059,457,48,50,53
1051,153,50,48,54
283,418,46,43,44
261,332,40,44,42
1180,491,239,233,252
754,468,123,123,96
902,349,44,46,49
1099,291,240,236,255
756,333,48,43,51
893,30,106,99,100
263,496,92,77,53
1168,39,240,236,253
488,367,41,44,45
779,308,42,47,50
1063,460,54,52,54
498,77,43,43,46
1028,307,50,47,52
76,468,63,56,52
515,413,38,43,45
145,444,42,47,50
232,356,42,42,44
613,99,44,44,47
8,457,48,50,49
401,490,61,54,54
217,337,46,43,47
146,100,143,130,147
519,341,42,42,44
699,245,47,49,54
523,33,35,27,24
1185,180,237,237,254
78,470,82,72,65
931,85,49,47,49
765,437,47,46,51
320,458,94,85,59
785,448,42,47,48
380,424,46,43,50
27,130,154,20,31
268,189,185,183,202
886,43,103,96,91
1112,83,231,230,246
1083,364,103,99,122
750,248,242,239,255
1030,498,46,48,51
675,38,49,45,48
613,95,45,45,49
185,33,189,171,187
874,36,103,100,92
526,441,140,138,153
1143,20,234,232,248
179,369,41,44,46
653,188,241,236,255
1069,165,55,50,57
539,267,216,213,244
703,67,46,46,50
552,402,40,43,44
227,389,43,44,46
30,367,48,43,47
313,313,44,44,47
910,437,46,47,51
934,336,48,45,52
864,274,51,51,56
993,47,110,82,63
515,134,46,45,48
808,252,243,239,255
353,36,38,30,27
248,273,202,202,222
1111,63,233,231,246
988,380,48,46,50
459,400,53,51,55
813,0,71,70,65
107,8,114,107,116
1007,114,44,47,53
89,276,35,31,35
580,207,88,81,118
1188,377,238,236,250
798,318,44,46,49
905,468,49,46,52
49,65,115,109,115
243,117,32,26,32
858,358,47,49,51
844,487,173,160,115
299,376,40,43,47
297,15,147,155,171
1182,214,238,235,255
1075,357,244,242,254
755,242,240,239,255
1046,114,47,51,51
1144,449,230,227,242
914,151,45,46,52
616,201,223,222,247
839,377,44,48,48
989,342,45,47,47
1167,105,236,235,251
679,433,42,43,48
929,312,47,47,51
514,274,45,46,49
564,434,46,44,46
166,291,41,38,40
222,96,34,38,45
98,411,44,45,47
903,59,101,99,94
1063,221,51,50,52
1121,270,229,227,244
56,195,107,108,114
263,305,42,43,45
757,18,50,49,53
830,301,42,46,48
901,499,174,158,89
759,79,46,45,49
1028,65,102,91,78
780,451,46,48,47
1137,424,230,229,241
122,31,35,35,37
299,446,57,55,53
267,203,67,63,71
322,280,41,45,45
1188,114,238,234,255
656,76,47,45,49
344,325,43,44,45
573,324,44,42,47
660,136,48,48,51
918,68,79,72,68
265,62,50,48,56
1190,266,239,236,252
773,343,46,46,49
1047,297,58,57,58
183,499,48,47,50
111,133,159,37,43
863,132,47,46,53
1062,238,51,50,56
869,45,98,95,92
131,233,50,40,51
368,47,33,24,27
879,435,49,46,53
1076,466,248,246,255
417,283,42,44,48
611,311,45,45,47
598,319,44,42,45
535,78,44,42,46
1153,425,233,232,247
913,24,179,140,92
892,83,49,50,52
521,285,43,43,48
484,115,39,43,46
211,217,189,182,206
810,109,47,48,50
139,42,130,112,132
379,349,45,43,50
550,63,48,45,49
344,283,43,45,47
199,39,194,178,202
88,303,36,31,37
131,201,207,202,228
269,211,184,182,199
34,48,74,65,80
522,137,44,44,48
914,400,44,46,47
949,166,47,47,51
90,327,33,35,38
903,470,51,48,52
1089,18,62,64,63
612,221,230,234,255
758,415,48,48,50
158,256,210,207,230
336,133,32,32,36
194,156,38,31,34
799,88,46,49,52
95,271,37,33,35
853,369,46,45,51
1175,200,237,237,253
1170,157,236,239,252
125,44,164,145,170
1104,181,244,239,255
225,217,184,181,205
521,297,46,46,47
301,242,196,196,218
134,203,202,202,223
786,420,45,47,52
250,17,77,57,86
236,215,187,185,205
465,193,229,226,248
197,86,146,138,159
560,446,146,143,148
972,216,51,47,52
152,173,207,206,232
56,399,44,42,46
216,292,42,44,45
1027,479,48,49,53
782,409,49,47,63
511,487,126,112,82
594,152,43,44,48
3,303,39,38,39
125,160,168,167,193
310,185,190,190,202
183,279,210,209,232
240,242,191,188,210
958,16,106,74,61
256,476,100,92,75
28,202,91,93,103
230,267,202,202,223
795,171,46,46,52
893,488,176,159,88
1040,233,48,49,53
951,317,48,48,50
1187,386,237,235,251
294,378,45,44,47
536,53,44,43,45
584,125,46,44,48
40,481,47,48,51
9,350,42,43,44
210,109,41,43,47
259,217,192,188,208
987,153,47,49,53
342,248,208,208,228
1047,45,116,105,96
28,227,34,30,30
1150,277,233,231,246
1067,283,223,232,255
1135,217,232,230,245
238,427,85,77,57
883,439,45,48,52
747,394,45,47,49
324,127,28,31,31
132,263,216,212,234
508,272,49,47,48
116,496,48,45,50
329,355,42,42,47
129,495,48,48,50
816,262,52,53,55
924,377,49,48,48
703,48,49,46,49
178,33,171,129,142
1071,13,105,82,64
208,125,36,35,39
243,177,186,183,204
380,37,31,25,26
312,9,54,51,53
607,283,48,44,48
1044,351,47,48,50
555,206,227,224,248
359,406,46,44,48
225,263,205,201,222
1069,142,50,49,53
1025,376,49,47,51
235,145,32,28,30
610,147,44,46,53
444,17,36,39,37
901,217,54,48,52
454,308,48,47,51
23,72,111,102,113
620,416,43,43,47
679,420,44,44,47
18,363,41,43,46
724,364,47,46,48
334,282,42,45,46
929,211,45,46,53
872,470,50,50,55
1185,137,240,239,255
1130,142,226,227,240
647,267,42,45,47
955,391,46,47,50
553,238,227,227,249
1111,460,231,229,248
868,475,51,51,54
1189,189,239,238,253
795,194,52,47,53
1188,109,237,237,255
411,232,224,223,243
1045,455,45,50,52
570,57,44,42,48
85,10,36,29,34
167,11,160,140,163
1159,367,233,234,249
1004,286,48,45,52
409,429,43,46,48
1187,225,238,235,251
631,57,46,45,50
633,271,45,45,50
298,476,121,115,91
333,159,36,35,38
101,161,35,26,29
65,402,45,45,46
25,499,75,65,53
15,95,124,96,79
268,211,122,114,130
1034,407,49,46,54
712,129,45,46,50
219,290,43,42,46
725,87,43,46,50
155,485,46,47,48
669,234,238,237,255
1034,73,96,84,71
428,46,32,33,36
946,201,49,47,49
633,360,47,41,50
1150,192,233,234,249
1058,28,76,67,63
460,134,42,44,46
811,228,238,240,255
944,319,43,44,47
6,110,143,18,31
1144,120,233,233,246
896,333,49,45,50
415,354,41,45,46
743,146,46,46,52
772,251,239,239,255
435,111,43,40,47
968,362,48,46,51
695,417,43,43,46
332,199,187,189,208
1187,421,235,234,249
748,309,46,47,49
101,366,37,40,42
612,57,47,44,49
344,8,43,42,42
1025,250,49,47,52
660,43,45,47,50
856,26,94,92,86
220,44,201,187,210
1103,365,242,238,255
574,411,39,42,44
44,256,36,31,33
650,109,46,43,49
447,259,235,234,253
1142,480,232,230,245
677,466,106,80,55
136,236,60,51,56
991,197,46,47,52
1152,40,233,233,249
1103,136,240,239,255
699,37,50,48,54
115,453,46,48,47
823,194,49,49,52
885,491,174,162,113
1027,354,50,48,52
1155,294,233,230,246
476,96,41,44,44
501,416,41,42,45
282,316,43,44,44
995,476,43,48,50
1195,143,239,238,253
1072,432,234,241,241
497,453,155,156,160
103,404,44,44,44
1082,265,53,53,55
450,299,45,45,49
749,172,42,46,50
167,267,208,207,229
160,167,46,42,52
697,259,43,47,47
409,225,221,219,241
198,150,36,29,34
533,419,41,42,43
1085,402,93,76,71
537,379,41,41,45
1080,205,52,53,56
968,392,47,47,51
649,410,41,44,48
570,262,234,232,255
454,155,44,46,46
294,61,36,31,36
882,207,49,49,51
1051,451,47,48,51
801,69,49,50,53
225,302,41,44,48
1014,113,50,48,52
1003,336,47,48,49
548,138,43,44,47
60,360,40,43,43
195,208,138,134,152
865,408,46,47,51
352,261,216,213,237
433,160,42,43,45
820,270,51,49,55
876,96,47,49,52
608,264,46,46,52
610,401,42,42,46
83,292,33,33,35
913,407,44,44,50
1105,487,229,229,245
82,144,162,26,37
941,246,47,47,54
927,72,71,67,61
781,387,42,44,47
462,184,49,48,52
212,375,44,42,46
681,67,48,46,48
159,109,34,29,32
1190,281,238,236,254
22,325,39,38,40
1139,467,226,225,244
365,300,43,44,44
150,90,154,144,163
171,141,40,41,45
877,441,46,48,48
604,297,41,45,45
569,416,40,41,43
907,172,45,47,50
902,234,239,238,255
333,3,78,71,82
220,393,38,43,45
651,130,46,43,50
263,198,182,182,200
249,208,135,129,162
464,110,38,43,43
370,308,46,42,47
253,135,32,27,30
146,104,102,93,105
596,479,174,166,174
244,114,31,27,32
389,64,29,28,28
218,306,46,43,44
999,112,48,47,53
254,24,208,197,218
657,115,44,44,46
468,422,40,43,44
862,433,44,49,51
884,377,45,44,49
448,93,42,40,45
835,38,79,73,67
1111,318,232,230,250
700,83,44,45,47
105,6,112,103,112
263,402,44,42,47
420,477,166,147,146
63,437,50,49,52
65,299,37,32,35
544,464,130,128,138
104,234,199,198,221
1143,65,231,230,247
206,424,45,49,50
831,350,43,44,48
719,117,46,45,49
249,200,60,42,72
186,134,39,41,46
271,389,45,43,48
273,293,42,43,45
423,476,161,134,135
995,76,67,61,59
953,42,106,82,62
549,372,41,42,43
174,9,166,145,166
492,467,167,166,176
824,347,45,45,49
834,492,166,164,158
1064,207,47,52,54
1044,123,49,47,54
179,431,47,49,52
750,443,46,44,47
555,325,43,42,44
847,11,97,92,89
259,176,189,185,203
1002,164,52,49,52
422,474,161,147,139
556,255,234,230,255
650,298,47,45,47
120,467,49,49,49
660,420,45,43,48
493,48,45,42,44
1188,347,239,236,252
975,200,47,48,52
468,44,41,42,45
307,149,32,29,35
1170,240,239,236,253
1145,220,233,230,249
1045,390,48,49,53
663,354,48,44,47
629,149,39,45,46
781,310,49,47,50
419,85,37,36,39
776,15,48,48,54
259,279,44,43,47
726,407,46,47,50
1,115,146,23,33
432,486,32,30,30
702,354,44,44,49
130,235,43,42,46
652,48,45,46,49
661,59,44,45,49
167,120,130,133,149
494,435,163,163,182
1164,462,234,233,249
805,240,239,238,255
99,348,32,35,36
469,58,45,41,44
383,237,210,211,232
380,320,48,44,47
11,260,39,32,35
381,315,44,42,46
456,427,54,52,53
1065,71,66,61,60
202,3,155,30,40
144,139,127,133,154
687,128,45,46,48
632,18,54,49,55
434,490,59,52,43
339,69,34,26,28
917,295,44,46,51
985,272,45,48,52
157,426,49,50,53
674,460,97,73,52
282,156,34,32,33
134,36,141,123,141
798,68,49,48,53
328,283,45,43,47
1127,16,232,228,245
1107,3,240,237,254
687,411,43,44,46
951,5,124,85,64
764,442,49,47,51
625,473,188,182,193
828,159,47,46,50
155,170,205,207,227
1043,204,47,49,51
347,7,44,41,37
257,373,46,42,44
434,100,41,41,45
610,262,46,45,50
753,270,48,48,52
958,342,44,47,51
109,414,45,44,43
994,98,50,47,52
917,151,42,46,50
144,357,40,39,44
691,316,45,44,51
759,270,45,50,53
640,498,143,139,150
1019,219,47,47,51
794,66,48,48,52
442,177,43,46,47
408,434,40,43,46
1024,453,47,48,51
426,139,42,44,43
1148,422,232,230,247
360,458,62,53,50
502,412,41,42,46
973,471,46,46,51
116,115,162,30,36
592,182,236,233,255
450,362,82,84,96
776,350,40,46,49
1065,284,234,236,233
349,81,28,25,28
1043,29,107,83,64
1078,419,217,216,227
811,65,46,47,49
807,217,241,240,255
1086,106,59,58,63
582,147,42,46,48
779,113,48,45,50
993,199,49,47,52
885,36,105,104,103
790,157,47,47,50
1144,23,235,231,247
966,346,43,46,51
207,497,49,46,46
180,463,50,49,52
886,370,46,46,48
171,419,48,46,48
114,26,29,29,30
1198,290,241,238,252
101,319,34,34,36
424,115,41,41,43
859,480,166,156,103
522,358,41,40,43
37,388,45,44,48
407,216,213,212,233
121,283,43,36,49
775,5,49,51,51
723,462,146,138,150
127,125,193,181,207
926,271,48,47,52
1067,305,117,126,211
499,316,42,44,47
817,145,45,46,51
756,223,234,234,255
682,8,49,47,51
755,454,45,48,45
904,101,51,48,52
213,93,186,190,207
529,214,225,222,244
789,297,43,45,51
538,418,41,41,45
736,464,152,146,155
22,251,36,31,36
1069,293,55,53,61
59,464,47,48,51
937,221,47,47,52
568,231,233,236,255
322,334,46,44,44
1009,28,106,82,62
519,42,37,31,32
626,421,42,42,46
1016,211,49,49,52
326,300,43,44,44
20,442,49,49,52
372,119,35,32,34
1132,78,227,227,241
1161,266,236,234,249
1003,122,47,48,53
414,282,44,46,48
419,342,43,45,50
1004,469,45,48,54
505,382,39,43,43
1189,297,240,236,254
794,166,42,46,49
54,114,150,22,34
948,483,47,46,53
600,348,42,42,48
18,2,209,211,232
1171,197,239,237,251
1151,225,235,231,248
200,330,44,43,44
67,24,62,53,67
621,350,43,44,46
853,19,92,86,78
299,331,41,45,44
720,244,242,238,255
483,220,50,49,47
947,200,49,47,51
551,188,230,227,252
48,125,154,24,34
406,45,30,26,31
404,211,208,208,232
347,168,42,42,46
689,202,240,239,255
328,143,29,33,31
314,176,185,186,206
181,251,200,198,218
882,146,46,44,50
201,485,42,45,49
630,355,43,44,47
459,28,89,63,48
936,163,46,46,51
131,482,48,47,53
617,366,40,41,44
732,113,45,46,46
787,107,46,48,50
560,312,44,44,48
341,208,197,197,217
671,382,43,42,46
254,48,213,215,235
747,74,45,46,49
1147,60,232,232,247
8,388,47,45,47
662,160,43,46,49
694,491,126,100,68
344,434,92,85,56
844,194,43,48,49
925,328,43,46,48
125,126,182,175,194
2,355,42,44,47
284,179,187,187,204
866,35,99,93,89
339,409,42,45,45
381,327,44,43,45
759,383,44,45,47
776,398,43,46,49
115,385,46,42,44
1171,386,238,234,254
1110,479,225,227,241
297,416,44,45,45
71,358,38,40,41
639,115,41,45,50
1033,453,46,46,52
1096,190,246,244,255
788,498,154,155,167
329,356,41,42,46
36,159,168,28,36
164,331,42,39,43
996,480,49,48,52
1161,9,238,235,251
311,364,39,41,47
1021,304,47,48,50
893,461,49,47,49
295,332,43,45,46
345,225,202,201,222
521,443,143,139,154
122,9,120,113,127
689,177,52,50,54
730,21,48,49,52
599,234,236,235,255
264,295,43,43,47
1180,488,236,234,254
823,258,241,236,254
693,183,235,234,255
619,338,43,45,48
503,145,39,39,41
669,132,50,45,47
463,398,44,47,52
194,447,57,53,49
1137,130,230,226,245
144,403,46,46,49
405,298,44,45,49
648,365,47,46,47
948,306,49,48,51
413,253,225,225,246
444,316,45,42,48
885,497,177,164,114
1170,267,238,236,250
856,342,42,46,49
16,413,58,56,55
33,423,61,58,55
913,44,84,83,73
1124,93,228,227,243
1095,91,244,242,245
668,102,43,44,49
445,361,45,47,51
105,417,51,50,51
215,261,202,199,221
560,314,43,42,49
716,397,56,45,61
1164,44,237,237,252
742,422,44,44,45
876,141,48,47,51
1173,252,239,236,251
1064,297,235,241,244
82,17,106,101,107
216,338,46,41,46
1169,300,236,233,250
34,81,100,89,90
100,473,48,48,51
354,102,30,28,29
968,189,47,47,53
503,383,42,42,43
211,265,201,199,221
887,37,113,108,106
36,466,50,48,50
551,245,228,230,254
414,474,123,114,111
74,264,36,33,37
337,0,58,55,65
760,101,48,46,48
415,297,45,44,49
852,230,242,241,255
954,436,57,46,46
322,291,46,45,45
305,394,45,41,45
210,367,42,43,46
1030,230,51,49,52
847,154,48,48,51
366,197,97,95,113
1104,198,241,238,255
1174,38,238,234,253
614,206,230,230,255
967,412,47,45,51
1116,69,230,226,245
904,203,50,49,50
750,397,48,46,48
765,283,48,46,51
30,271,33,27,30
143,196,58,55,59
607,244,236,234,255
1010,338,49,47,51
246,8,183,173,195
1186,52,239,237,255
742,380,42,45,50
165,406,42,45,46
928,399,49,46,50
922,352,44,47,50
376,396,47,43,49
904,100,52,48,52
242,226,184,181,199
695,336,48,44,47
790,391,48,46,49
1080,208,55,54,60
578,182,231,232,255
341,280,43,44,47
721,202,240,238,255
743,472,102,100,81
477,221,100,99,115
809,342,46,44,49
551,81,47,44,48
387,288,40,44,47
246,4,174,161,184
942,333,40,46,47
770,221,239,237,253
263,113,33,25,29
494,64,43,41,43
205,265,204,202,225
951,49,92,71,59
1052,394,49,48,54
220,437,50,48,50
1160,358,237,237,250
977,301,46,47,50
644,28,49,48,53
1184,167,239,236,254
528,23,69,47,38
737,424,44,46,49
202,71,169,163,175
889,430,79,104,128
719,430,45,44,48
422,87,42,36,41
639,396,44,45,46
135,296,37,33,38
860,192,47,47,51
514,10,78,61,51
413,421,44,43,47
557,448,144,141,146
301,321,43,42,44
869,288,48,47,50
996,75,64,61,57
598,165,44,47,48
822,213,239,240,255
619,496,108,102,92
654,131,43,45,50
322,77,29,26,31
172,41,172,156,178
1037,265,48,48,54
245,71,45,47,52
438,142,44,41,45
861,22,94,89,87
849,106,49,47,50
727,301,47,48,50
245,190,188,184,204
913,329,43,46,50
845,221,241,239,255
494,295,43,45,49
229,272,203,202,223
875,476,50,49,52
963,73,73,63,60
120,285,42,36,38
137,209,196,196,218
27,392,45,44,46
476,316,50,53,56
884,356,42,47,50
868,3,86,85,80
299,72,35,29,33
1056,167,50,50,55
520,260,225,224,249
1142,439,229,226,242
801,201,50,49,52
735,321,46,45,49
1052,173,48,50,53
711,493,143,133,129
841,123,48,47,50
172,9,164,145,168
586,449,145,137,141
568,241,233,231,255
657,320,44,46,48
21,398,46,44,47
819,445,47,45,53
1102,21,237,236,255
12,370,46,43,48
974,98,48,48,50
295,152,29,30,32
1025,122,48,47,53
14,3,226,223,248
1033,350,45,49,50
221,150,32,26,31
1089,297,239,243,248
77,121,151,26,32
905,347,45,45,50
662,217,59,60,67
638,58,48,46,49
581,215,232,232,255
246,290,41,43,50
1191,102,239,237,255
59,153,164,43,65
340,242,204,205,224
31,404,46,44,48
498,9,84,63,48
1112,405,235,235,253
1065,341,48,52,53
309,124,37,29,30
1195,346,241,237,251
152,164,45,44,48
290,87,35,29,31
719,326,46,46,50
510,60,68,66,66
976,107,46,49,52
458,46,41,39,41
918,393,49,46,51
54,100,151,23,33
1028,293,48,48,52
236,114,37,33,33
861,260,241,240,255
614,200,233,233,255
617,13,48,50,49
177,425,59,62,55
2,29,223,223,244
725,218,60,54,62
97,338,36,35,41
1025,17,108,85,67
697,201,242,237,255
186,282,209,211,231
402,32,37,30,31
770,350,44,47,49
961,72,67,57,57
492,95,43,43,45
1011,260,45,47,49
1150,484,229,227,241
258,375,40,43,45
372,224,207,206,232
65,350,41,36,41
64,287,38,32,32
1018,259,49,47,49
327,338,44,43,46
496,141,43,40,42
775,197,48,48,52
88,39,118,112,121
372,194,200,199,218
872,340,45,45,51
940,437,90,77,57
1180,89,239,237,253
1167,261,240,235,252
121,43,164,144,166
1050,495,48,50,52
17,451,50,50,53
584,457,115,106,101
434,246,198,198,200
626,36,44,45,47
836,128,45,47,51
679,478,108,83,62
1166,81,237,234,253
154,162,45,45,49
645,363,44,47,49
470,57,46,42,45
1031,421,51,48,51
1121,367,235,231,249
253,422,45,45,46
309,2,145,142,160
103,326,38,37,40
194,126,39,40,45
740,329,44,46,48
421,406,42,45,47
362,207,205,204,225
1062,474,50,51,52
873,94,48,48,51
644,380,42,45,46
238,422,57,55,47
676,368,45,44,47
280,9,182,174,195
454,40,55,47,44
1162,421,239,234,254
681,409,45,44,47
419,254,226,226,248
74,345,38,36,39
1081,420,241,245,255
42,444,48,52,54
498,1,91,75,76
694,476,125,101,72
1172,9,237,236,254
71,340,35,34,39
1116,180,236,231,249
796,492,160,156,165
792,147,44,48,52
30,387,45,45,47
350,161,36,37,42
298,97,34,25,30
452,491,179,182,197
163,52,139,124,147
330,233,49,46,52
964,282,45,47,49
334,212,188,192,202
360,173,197,194,210
74,213,235,233,255
395,456,170,173,195
115,228,87,83,89
119,65,157,140,162
456,24,85,61,46
1067,144,51,51,54
716,117,48,45,49
957,333,46,46,51
408,227,221,220,241
170,70,137,124,141
1180,433,240,238,252
252,493,80,72,51
345,469,66,63,58
160,87,157,146,166
1125,262,231,230,243
310,448,64,61,51
870,374,45,46,50
554,388,42,44,44
99,189,248,247,255
737,87,47,46,50
899,471,48,48,53
87,180,216,204,225
753,50,47,47,50
198,126,37,35,41
552,295,45,46,44
1178,15,237,236,251
841,446,48,46,50
1092,163,243,243,255
411,393,41,43,43
1004,333,47,46,50
1016,186,47,46,51
672,74,45,45,49
94,476,71,73,67
181,465,49,50,51
294,85,30,27,28
68,455,46,48,52
688,95,46,46,51
922,66,76,71,66
322,250,202,201,220
973,244,45,47,49
25,277,37,28,29
590,327,42,42,43
49,158,165,28,36
802,187,47,49,51
386,325,40,44,46
1081,329,65,58,76
502,238,218,217,240
935,230,47,47,54
637,394,46,42,45
343,278,46,43,47
668,344,44,44,46
604,267,43,45,48
129,291,36,35,39
275,128,30,27,30
596,427,41,44,47
661,94,43,45,52
221,72,133,136,155
1153,329,235,232,250
1193,138,238,237,253
725,281,48,45,49
473,145,40,43,45
671,230,239,238,255
29,66,114,99,112
322,145,27,33,33
450,171,47,45,47
260,112,31,28,28
388,110,39,35,39
357,77,31,27,32
722,90,46,45,50
11,375,44,48,50
101,341,35,33,39
99,457,49,46,51
787,442,49,47,48
763,123,48,48,50
827,59,49,49,52
60,231,35,34,37
548,411,41,41,43
410,207,193,193,211
843,362,44,44,49
690,158,47,46,50
552,299,43,41,46
163,152,46,46,52
1018,448,47,48,52
13,22,224,224,247
768,340,46,47,48
17,134,158,27,33
875,318,46,50,51
978,381,44,47,50
296,318,44,43,44
618,199,236,235,255
841,398,47,47,49
53,45,119,103,117
738,9,51,48,53
338,171,66,65,72
632,19,53,50,53
627,454,163,163,165
249,234,45,48,48
794,54,47,47,50
1082,385,245,243,254
959,361,46,46,49
290,419,42,43,47
84,274,36,35,35
746,196,67,64,91
71,354,40,38,41
808,377,45,45,51
123,198,209,208,227
802,270,236,236,254
422,430,43,45,45
182,144,36,36,40
940,270,49,44,50
33,409,49,47,49
217,41,192,152,174
769,165,48,46,50
922,237,49,50,52
25,65,121,114,130
456,6,41,36,36
466,169,38,44,45
701,496,134,111,79
984,301,44,45,51
479,201,193,190,211
808,186,46,45,53
721,74,47,45,51
10,236,35,28,30
413,187,212,210,232
480,470,176,175,192
717,466,148,141,153
92,116,179,134,151
1109,111,235,232,249
130,397,39,43,47
600,50,44,46,49
405,427,41,44,47
884,39,98,98,90
114,356,37,38,41
796,460,47,48,51
141,311,36,34,35
691,321,47,44,50
1018,209,46,48,53
454,425,57,57,59
448,374,80,79,86
1157,172,238,234,250
308,488,62,67,76
530,218,230,227,252
122,351,37,39,42
678,479,108,82,61
827,370,47,47,48
631,206,74,62,86
103,319,36,34,39
1177,95,236,236,252
478,136,39,42,46
795,347,43,47,47
620,85,46,43,49
259,274,43,44,47
185,273,210,207,232
888,483,126,116,70
749,155,47,44,51
1084,377,63,58,60
572,474,115,109,93
229,427,47,47,48
268,29,139,141,168
811,235,205,203,194
1157,401,236,233,251
1032,334,46,47,52
978,30,97,73,59
21,383,45,42,46
753,91,46,46,51
423,34,35,30,35
357,27,39,29,30
35,304,35,35,39
67,402,43,43,46
13,68,103,95,101
1032,16,106,82,63
68,88,153,22,32
366,339,41,41,47
1039,166,46,47,52
232,22,181,170,191
296,403,42,43,42
219,107,36,37,43
480,32,71,56,48
770,351,42,46,49
975,325,45,46,49
767,247,241,238,255
368,436,93,92,95
481,189,53,49,54
973,452,62,44,68
567,36,42,43,45
163,297,33,37,38
54,279,33,29,31
267,305,44,43,46
932,108,50,47,51
174,254,205,202,225
685,214,70,67,66
500,427,42,44,46
633,430,42,47,46
447,222,227,226,248
1080,83,58,59,70
584,388,43,42,44
1099,349,244,241,255
1045,219,50,49,53
1105,88,238,236,254
402,406,43,43,45
1129,15,232,227,242
784,262,240,240,255
772,1,48,51,51
9,388,48,44,47
1019,263,44,47,49
571,186,235,233,255
313,208,193,189,211
587,146,44,45,47
887,358,47,45,50
12,169,114,57,58
868,102,43,48,48
442,229,228,230,250
1092,463,239,241,255
931,135,48,47,52
863,38,100,94,88
801,351,46,46,49
241,357,42,44,47
467,85,42,41,44
350,438,81,79,53
515,316,44,45,49
294,426,70,66,53
453,263,233,235,255
791,424,56,52,54
721,300,43,46,48
510,15,86,64,48
496,305,48,43,48
992,325,47,45,51
532,320,43,43,45
863,468,51,47,51
389,126,37,37,40
938,207,48,48,50
615,132,43,45,49
530,274,46,47,49
1191,186,239,236,251
706,408,41,46,46
1064,326,48,50,52
370,287,47,45,50
705,466,132,115,84
1022,343,49,46,51
256,83,41,42,46
31,270,35,25,33
293,426,77,73,55
296,236,54,54,61
1174,485,235,233,249
95,195,250,250,255
907,90,46,49,51
527,222,226,225,250
783,350,45,44,48
325,294,42,44,45
392,437,200,207,225
246,409,42,43,49
226,319,42,44,45
1115,307,233,232,244
149,151,134,139,159
776,116,43,48,47
855,422,50,50,53
1023,468,44,48,51
362,229,205,206,227
842,62,47,46,52
69,210,68,62,79
797,229,241,239,255
513,251,224,222,247
1026,199,48,48,52
549,397,39,42,45
2,404,48,45,52
514,220,221,218,239
2,291,37,34,37
647,107,43,45,48
1122,95,228,225,243
857,41,93,87,82
628,44,47,44,48
260,109,33,26,29
887,407,45,44,45
343,405,48,41,47
626,314,46,45,48
1134,183,229,228,244
170,302,37,38,36
420,98,44,39,41
956,260,44,46,49
697,210,243,238,255
984,353,45,48,54
527,425,42,41,45
1180,46,242,237,255
134,232,195,192,213
402,2,37,27,32
106,123,161,28,38
808,152,47,47,51
868,358,48,44,49
1021,293,50,48,55
1195,88,238,236,253
559,430,41,42,45
417,411,39,44,46
330,469,111,106,118
489,377,44,43,46
670,194,236,238,255
377,267,216,215,239
859,183,50,48,50
115,230,59,53,61
910,264,242,238,255
1186,284,237,235,253
12,316,43,43,44
452,16,83,60,44
793,420,47,47,48
83,32,116,106,112
1146,278,230,229,244
457,331,81,79,84
331,306,41,46,45
673,379,44,42,47
954,388,46,49,52
547,384,38,43,44
931,237,48,49,52
984,415,52,47,54
1082,293,221,223,246
80,452,50,47,53
815,213,239,238,254
473,454,181,186,202
481,155,46,47,51
201,473,46,47,48
979,240,48,46,47
304,375,39,42,44
782,87,44,45,50
15,180,103,101,104
323,296,42,42,46
436,144,37,43,45
122,268,216,211,235
818,486,155,151,159
256,261,201,197,217
408,242,219,221,239
1017,133,48,48,52
1050,59,102,90,83
714,323,44,47,48
820,492,156,146,146
350,422,39,45,44
639,398,44,44,49
615,56,43,45,47
197,441,47,45,49
515,87,37,33,34
978,71,82,69,61
74,300,33,32,30
1038,419,48,51,54
662,19,53,49,54
666,389,44,45,48
250,2,181,170,185
322,478,98,92,97
189,252,201,198,221
364,233,91,93,112
107,479,49,47,49
496,417,41,42,44
581,347,35,43,41
1191,323,239,236,252
111,190,200,205,221
42,227,32,32,32
230,364,44,41,48
452,159,42,44,45
641,337,44,44,49
824,138,46,47,49
80,78,149,23,30
300,121,31,27,28
771,279,51,51,52
308,297,37,43,46
841,396,45,46,48
475,434,185,188,211
162,17,161,140,166
1044,214,49,48,53
73,190,37,28,30
574,280,45,45,49
378,312,43,45,44
844,74,50,49,52
205,149,32,29,33
241,37,33,28,29
533,318,46,42,46
63,438,47,48,49
223,134,34,27,33
436,388,48,46,51
224,357,44,45,46
1178,304,235,231,247
895,463,49,48,51
996,133,47,48,52
687,93,47,48,51
25,55,96,89,99
232,261,202,201,224
279,345,43,42,46
227,180,191,187,207
921,290,46,46,51
13,42,62,65,69
1040,118,51,49,54
255,433,70,74,56
479,120,45,42,47
71,352,42,41,43
708,233,235,237,254
493,423,46,43,47
266,382,43,42,48
889,35,113,110,107
438,343,45,44,48
933,134,49,47,50
151,214,192,192,212
611,301,44,44,49
938,13,217,196,176
276,364,41,42,43
205,238,53,50,62
791,499,159,156,169
146,285,43,41,43
323,302,44,43,45
194,91,107,101,120
776,424,46,47,51
887,349,48,48,51
920,348,46,45,50
582,460,137,129,129
530,327,45,42,48
566,211,230,229,253
340,383,42,43,46
620,191,240,233,255
650,291,43,44,50
1086,62,254,252,255
451,4,37,32,32
185,262,205,202,224
881,171,46,47,49
289,178,186,183,203
100,7,104,99,109
1132,239,231,229,242
417,29,34,30,33
337,442,79,77,57
435,72,39,38,41
110,43,192,194,214
224,487,53,56,47
1180,221,237,235,251
354,454,84,84,58
791,42,50,48,52
536,358,39,41,45
505,333,43,43,47
94,419,57,57,52
324,146,33,30,32
940,266,44,45,50
1008,187,47,48,52
151,473,46,47,48
402,245,222,217,241
195,458,49,45,51
385,110,31,36,37
406,126,42,41,43
421,245,163,164,186
933,150,49,47,50
774,135,48,46,50
493,415,44,42,48
1179,285,238,234,255
32,75,112,103,112
1067,32,114,103,105
581,167,47,44,49
38,346,43,41,42
413,96,37,39,39
389,53,36,26,27
608,160,46,44,47
814,440,46,47,47
810,306,47,47,51
578,180,222,222,240
640,43,48,46,46
1121,6,233,231,245
723,207,237,236,255
1098,372,244,240,255
703,462,122,101,73
2,385,46,44,49
493,352,42,43,45
613,97,46,44,47
572,271,63,56,73
1001,380,46,47,49
1189,312,239,236,252
1036,62,106,93,74
154,278,213,210,234
865,310,53,48,53
1193,354,237,238,253
449,234,214,211,222
901,195,50,47,53
500,292,43,46,49
864,224,242,238,255
1016,370,46,46,51
968,430,45,48,51
1139,102,234,231,248
144,105,139,133,147
531,282,47,44,46
919,387,49,45,49
1120,486,226,225,243
891,136,46,47,53
110,337,36,35,36
141,460,47,47,49
474,254,35,37,42
799,490,167,164,181
11,76,109,102,112
662,241,49,47,50
770,399,44,45,51
756,469,116,116,96
1073,239,50,51,54
1076,426,245,245,255
577,439,165,171,181
746,138,44,46,50
171,288,36,38,38
152,301,41,39,41
837,281,47,47,53
374,417,41,44,45
1103,70,236,234,251
413,175,45,44,49
898,479,47,51,49
1074,201,52,51,55
403,69,32,30,36
78,128,163,77,95
582,292,45,42,46
14,415,54,51,53
463,284,49,50,53
362,245,209,211,234
1058,234,47,50,52
128,419,49,48,48
239,191,189,183,200
83,283,36,30,37
472,243,168,168,190
1016,348,41,47,48
169,16,158,143,164
877,480,59,55,47
864,432,49,49,50
996,357,45,48,51
915,423,43,47,48
124,369,39,40,42
502,260,223,220,241
774,467,163,156,169
240,373,46,44,45
1116,494,228,225,244
418,449,141,130,138
724,445,49,47,49
807,381,46,46,50
561,36,42,43,47
253,183,191,185,205
460,326,27,23,29
593,214,59,56,60
955,134,49,48,51
939,190,45,47,51
539,460,145,144,157
964,96,46,48,53
488,1,50,47,43
983,468,46,48,50
1152,143,235,232,250
265,459,97,92,65
966,138,50,47,55
185,162,32,32,37
374,467,60,55,52
214,321,41,43,47
901,145,46,47,51
499,130,20,22,26
56,332,35,36,36
1042,289,59,50,54
775,361,46,43,47
3,462,51,51,50
37,353,44,42,46
984,451,47,48,51
132,446,50,51,52
675,223,127,120,134
1006,6,120,91,70
192,431,45,46,49
174,344,43,43,46
219,110,36,38,41
201,193,185,182,203
678,289,42,45,47
230,49,209,197,218
1099,187,247,243,255
468,414,45,44,50
299,357,44,42,46
292,81,35,27,32
217,313,42,41,43
196,209,189,184,202
1170,111,237,236,250
1097,384,245,243,255
968,268,47,49,53
1094,203,241,238,255
56,316,34,36,35
900,41,88,84,81
727,401,125,110,95
1026,226,45,49,50
763,106,45,46,51
184,64,163,150,175
203,269,205,204,225
327,253,204,200,224
272,147,33,29,29
1036,214,44,49,50
1125,281,227,228,244
366,455,90,82,76
3,224,30,26,31
1143,105,231,229,244
865,287,48,46,52
185,181,191,185,206
686,14,49,49,53
861,444,44,46,49
1153,496,236,230,244
573,13,94,81,60
710,69,47,45,54
940,390,44,47,49
154,242,204,198,222
207,421,46,44,49
216,244,187,186,200
1164,7,240,236,254
1155,333,234,233,250
130,169,224,227,248
432,85,40,39,43
67,77,28,24,28
148,20,159,139,162
758,120,48,46,53
993,111,41,48,51
131,364,39,42,42
1015,45,103,83,61
266,340,43,44,46
10,180,74,73,74
866,64,49,50,51
799,207,65,56,63
1040,371,50,47,52
879,303,47,46,49
1020,332,46,49,54
1106,386,237,237,255
46,446,49,48,51
1088,476,236,234,253
1029,463,48,49,53
43,430,55,55,60
1031,449,46,47,52
871,192,47,46,53
672,117,48,48,50
1171,376,238,236,253
835,309,45,47,48
821,287,47,45,51
1021,339,46,47,52
1123,81,230,229,242
990,30,111,86,65
558,178,156,153,163
994,226,48,47,51
791,342,46,46,49
813,380,51,50,51
935,288,49,46,49
393,441,203,207,230
294,439,67,67,55
1084,72,57,61,64
868,224,239,239,255
425,20,35,28,30
481,36,85,61,50
32,298,35,36,36
927,348,47,48,50
270,394,42,42,47
289,230,140,140,170
324,490,66,60,65
1005,497,50,49,52
432,313,45,43,48
838,365,48,46,49
215,11,185,171,194
81,229,51,52,58
1166,158,237,233,250
730,151,46,45,49
73,25,132,122,133
827,251,240,239,255
451,38,52,44,43
167,332,41,39,41
1109,13,238,236,254
163,496,48,46,50
1074,450,51,53,57
980,128,49,49,52
188,20,156,28,37
176,447,54,55,53
470,289,19,24,27
67,39,113,102,110
914,162,45,46,52
534,292,43,42,47
1183,257,241,236,253
265,77,40,39,44
632,305,45,45,47
579,126,46,42,48
827,106,47,48,50
775,404,47,48,52
270,167,188,186,204
788,495,166,162,181
675,112,46,44,50
110,431,83,54,60
896,296,44,45,51
717,233,237,237,255
1007,404,50,48,50
891,40,112,108,107
787,26,52,51,53
448,127,43,43,47
1170,137,236,234,253
1012,175,47,48,52
1144,42,232,230,247
409,398,40,42,46
1113,115,233,230,246
197,113,58,44,69
189,430,47,47,48
378,307,44,44,50
711,121,46,46,49
386,201,208,204,227
834,301,45,44,48
862,9,95,92,89
470,3,64,52,42
544,75,44,44,46
1090,433,242,239,255
953,236,49,48,50
154,169,175,175,187
378,462,110,96,111
757,26,51,48,52
703,127,46,46,50
388,333,42,44,47
1137,332,231,230,243
1181,148,242,235,252
441,351,42,43,47
1124,310,232,226,243
271,436,70,67,52
185,73,197,185,210
925,132,51,48,50
63,110,148,22,32
1113,439,231,229,247
879,364,48,46,48
663,123,46,45,47
1161,467,234,234,249
546,353,40,42,44
1096,107,235,233,253
106,117,159,30,38
605,218,153,151,185
1011,139,46,49,54
846,115,49,46,51
8,460,53,47,49
1014,499,50,50,53
108,15,118,109,122
614,81,42,45,47
620,332,47,43,47
222,334,46,42,48
524,91,44,44,47
521,366,41,42,46
20,20,225,225,248
1181,89,241,237,252
818,71,48,47,49
88,268,40,33,35
431,364,44,44,45
151,48,137,122,139
518,133,46,45,50
219,298,41,43,41
265,233,186,187,204
361,355,42,42,47
848,497,169,161,110
1054,85,65,63,59
688,160,46,47,50
692,104,45,49,51
322,265,209,207,230
549,284,42,43,46
1063,266,53,53,53
511,207,184,182,214
751,377,45,44,48
536,355,41,44,43
1199,398,239,239,254
499,279,48,46,49
459,273,238,236,255
1001,264,49,46,51
77,315,38,33,37
1050,355,54,48,57
557,41,46,44,47
256,87,37,40,43
1023,76,101,87,71
706,465,130,113,89
370,385,40,42,46
578,485,167,162,167
1161,8,237,236,251
451,259,237,234,255
639,268,45,45,49
546,51,44,44,48
1029,165,49,47,53
85,34,122,112,121
699,481,124,104,75
307,280,46,43,46
1021,54,87,77,63
195,47,199,182,207
87,171,197,197,208
849,316,45,46,48
468,311,45,44,47
483,290,52,51,55
320,73,31,26,28
1176,217,239,236,252
993,171,46,48,52
1,77,118,105,116
1084,350,248,246,254
487,258,214,211,231
189,76,199,187,209
282,79,33,30,34
30,498,67,59,54
976,168,46,48,51
718,412,47,45,49
254,135,35,23,30
866,274,46,45,51
27,450,49,51,52
389,55,31,24,28
611,151,45,46,49
940,88,44,48,50
549,45,42,44,44
725,211,239,237,255
1016,404,47,46,48
347,323,40,44,44
989,89,48,48,52
211,137,36,31,38
500,272,47,46,52
255,151,31,27,31
110,111,160,30,42
502,226,218,216,237
263,165,189,185,204
689,336,46,44,50
743,225,237,237,255
989,56,99,78,63
754,465,121,120,87
402,171,44,43,46
582,48,42,43,46
404,488,77,74,63
154,80,156,144,166
359,465,63,55,50
958,271,45,46,52
642,192,240,239,255
1017,84,98,85,71
718,179,47,49,53
172,470,54,52,51
1182,187,238,238,252
452,155,42,44,45
728,301,45,48,52
695,402,44,44,48
292,329,37,43,44
774,96,48,44,49
431,453,126,95,106
542,315,40,45,47
736,288,40,44,47
929,327,45,46,48
306,149,35,29,32
466,66,42,41,45
335,265,213,211,236
696,456,125,102,68
697,50,48,46,50
424,300,42,44,47
594,286,42,43,47
311,427,58,58,49
1104,103,234,233,248
737,146,43,47,48
794,318,46,46,50
96,470,66,58,56
838,460,46,46,54
640,183,235,233,255
227,305,45,42,48
749,68,47,47,48
76,467,58,52,50
140,278,213,213,235
732,365,42,42,48
608,490,178,178,189
1096,170,241,241,255
850,326,48,46,49
290,449,60,58,50
602,310,41,44,49
620,123,48,47,50
683,7,51,49,54
225,164,184,182,200
836,441,47,45,52
863,66,49,48,53
270,320,43,41,46
1043,177,46,50,53
952,78,46,50,51
86,178,209,201,224
551,83,42,43,45
730,476,155,147,164
737,418,45,45,50
238,434,62,67,55
1156,270,236,235,249
511,361,41,43,44
23,355,42,42,44
569,469,149,148,145
874,71,47,49,53
307,312,44,43,48
221,197,179,173,194
208,420,48,45,48
962,498,51,52,55
504,197,123,117,117
570,145,44,40,46
697,14,50,50,54
120,90,164,148,167
525,246,221,222,243
404,229,218,217,237
13,286,35,33,35
308,164,184,181,196
392,2,41,29,26
29,112,148,26,31
337,264,211,212,232
567,261,234,232,255
919,397,45,45,50
235,228,182,178,195
603,146,47,45,49
879,296,45,47,49
247,437,72,73,59
625,396,40,44,47
436,221,221,224,242
1074,78,72,65,75
371,186,203,202,221
1070,212,51,52,55
178,394,44,44,49
866,268,61,54,71
491,423,43,42,47
504,269,53,51,56
197,28,159,33,54
765,328,46,46,47
623,339,48,46,49
973,464,48,46,54
125,77,148,134,156
1187,188,240,236,255
898,58,102,99,99
976,309,46,45,50
1056,47,114,109,107
484,221,122,120,122
744,58,48,46,49
1122,135,229,227,242
823,152,46,48,52
46,369,43,45,46
619,467,159,154,157
523,211,95,92,97
552,420,43,42,45
155,243,203,200,221
873,275,49,49,53
191,15,167,97,113
854,249,112,105,77
551,369,43,42,46
891,433,49,48,51
567,162,42,45,48
847,157,44,47,52
184,3,154,24,37
405,202,209,209,230
372,203,106,105,104
441,143,46,44,46
444,241,63,64,68
292,59,37,34,37
341,460,79,74,63
790,14,51,49,54
739,327,44,46,50
959,299,45,45,50
146,353,41,42,43
377,322,42,46,46
435,116,40,44,45
976,325,44,46,49
991,13,123,92,66
814,128,45,46,50
23,335,40,40,42
520,349,43,44,47
579,492,178,171,167
378,403,44,45,46
297,245,197,193,214
62,0,101,82,102
510,425,42,44,44
749,446,44,45,51
999,356,47,47,48
335,446,67,64,52
103,496,45,48,49
497,371,43,41,43
72,392,44,44,47
254,480,54,50,47
896,267,241,240,255
712,272,48,46,49
1016,66,103,88,79
697,372,46,47,46
110,351,34,35,41
921,241,48,49,52
375,391,41,42,46
1082,187,248,249,255
1186,438,232,233,250
142,278,211,209,231
1147,88,235,232,247
978,75,68,62,59
252,70,42,42,47
828,274,44,49,54
889,348,47,48,49
642,438,42,44,49
885,68,50,48,54
1175,67,239,238,254
285,368,46,43,45
41,316,36,34,40
1010,268,46,47,52
640,214,102,92,144
441,52,37,36,38
346,61,35,24,28
903,68,95,92,87
307,25,53,48,54
671,407,43,44,45
412,486,96,89,86
207,32,161,32,45
933,11,230,219,223
1040,27,109,86,64
717,375,46,47,48
812,359,47,47,50
855,113,46,46,49
13,175,111,118,125
651,157,49,46,50
967,298,44,47,49
1151,214,234,230,247
409,319,45,43,48
397,369,41,42,46
533,291,46,43,47
52,459,52,48,50
426,213,223,222,244
86,300,35,30,33
186,230,44,36,45
1016,253,49,48,52
731,211,238,235,255
102,131,162,29,36
431,442,152,70,69
337,482,140,137,150
182,348,43,43,43
700,325,44,46,50
510,357,40,42,42
324,29,41,36,39
855,242,109,99,75
770,40,50,49,50
288,28,54,48,64
1015,50,99,79,62
1080,51,60,60,61
862,181,45,48,51
586,181,228,233,253
872,411,44,47,48
93,277,39,34,35
524,66,43,42,46
154,77,158,144,160
525,260,225,224,251
212,491,45,45,49
569,306,42,43,44
1175,388,239,236,252
292,269,45,47,49
428,70,36,37,39
1120,309,229,228,243
342,408,47,44,47
113,368,35,40,40
535,419,44,43,45
821,19,69,67,62
398,131,37,39,42
817,231,242,238,254
1037,21,108,84,64
1061,245,49,49,56
408,415,47,43,47
1088,366,243,248,248
1154,406,233,232,248
203,340,40,43,44
130,416,42,44,46
885,209,48,46,49
32,24,82,67,79
876,221,240,239,255
825,401,46,46,52
996,389,45,44,49
300,166,189,186,206
544,309,41,42,44
1057,120,44,49,54
1077,491,59,57,63
41,439,51,49,52
316,249,202,203,223
257,209,45,41,47
788,250,242,241,255
464,488,136,133,119
117,327,38,34,36
279,433,69,71,51
637,231,234,234,254
386,433,122,117,95
908,426,50,48,52
186,445,69,69,61
1138,35,235,229,245
773,273,166,159,123
325,470,127,124,135
488,388,44,41,46
1075,342,53,53,56
104,214,213,215,239
177,339,39,40,42
906,118,51,50,52
361,361,44,41,45
265,151,33,29,32
1198,373,240,237,252
371,403,43,41,48
976,402,46,47,49
285,312,44,43,47
738,244,242,239,255
496,263,218,217,239
189,390,45,44,47
456,108,43,42,46
119,192,221,220,247
1079,391,251,250,255
939,41,98,74,59
737,416,44,45,50
689,77,46,47,49
562,368,35,43,43
305,384,44,41,47
1194,323,237,237,252
351,194,196,197,220
204,479,47,46,49
651,131,48,46,50
1033,62,105,94,76
512,469,122,118,128
849,91,49,50,49
329,203,187,195,202
887,213,51,50,54
1058,329,47,49,54
579,444,155,153,164
140,352,42,37,43
705,225,172,178,165
748,184,49,49,50
921,245,48,47,55
813,265,51,50,54
854,221,239,241,255
506,188,216,214,235
462,495,119,112,64
941,169,43,46,52
112,45,187,184,203
716,479,157,145,158
710,362,45,44,49
258,286,39,44,46
504,338,41,42,45
1138,188,236,233,247
741,42,51,49,52
1114,414,232,230,248
714,328,48,45,51
43,458,53,51,54
93,306,35,30,34
795,401,45,46,48
1114,427,236,232,247
991,128,49,47,51
391,322,44,43,47
866,480,144,135,86
1024,256,47,48,54
408,1,43,27,30
119,182,186,185,207
542,73,44,44,48
461,291,52,50,52
903,329,49,44,50
1013,383,50,48,53
566,123,46,45,47
526,69,44,44,45
1191,18,239,236,255
1088,73,64,62,67
665,16,49,50,51
1057,192,52,49,55
634,306,47,45,50
627,447,184,191,212
370,282,44,45,45
176,171,196,192,212
881,336,46,45,52
285,45,47,45,52
984,355,44,46,50
770,213,240,240,255
288,251,195,197,216
30,452,52,50,53
1081,217,249,247,255
450,359,76,72,78
410,62,37,33,32
338,449,61,60,53
1068,262,50,49,55
1075,328,61,54,70
805,150,46,48,50
1014,373,43,47,51
728,428,42,46,48
1051,282,163,163,228
1095,470,233,232,251
410,210,127,125,152
802,48,51,48,53
889,288,48,46,48
770,113,46,46,50
109,29,137,133,146
867,262,239,240,255
813,108,46,46,54
553,389,44,44,43
418,289,42,43,48
770,146,45,45,49
347,469,72,64,58
138,412,44,44,49
3,63,27,25,23
946,379,47,48,49
591,155,46,45,49
1131,230,231,227,243
706,118,47,46,50
661,483,102,75,58
767,271,51,49,54
1024,299,51,47,52
406,423,42,43,45
465,200,229,228,251
1173,356,234,236,249
426,357,42,42,46
1002,292,47,45,53
647,14,53,50,51
353,283,45,45,49
154,243,205,201,223
352,16,39,33,34
382,286,46,45,50
1042,451,54,52,56
64,380,44,46,47
610,321,42,43,44
366,181,197,195,217
286,248,196,193,215
739,178,48,47,52
1079,157,246,246,254
1026,227,48,48,51
741,255,239,237,255
464,429,63,56,54
1030,335,45,49,54
981,83,48,48,54
574,17,93,80,60
94,369,39,39,41
522,441,135,132,142
387,474,58,57,52
1093,66,245,248,255
1159,295,237,234,249
54,0,227,225,250
818,284,45,48,49
726,377,45,47,50
1176,365,236,235,251
310,313,43,41,46
972,419,46,45,48
839,342,48,48,51
278,294,47,46,47
814,89,46,48,51
594,391,44,41,44
974,227,47,48,52
633,457,191,191,212
931,187,47,46,49
1195,22,241,236,252
718,70,46,48,50
820,71,47,47,51
903,384,47,44,48
1133,227,233,228,244
332,74,35,27,26
1191,44,241,237,254
674,378,47,46,50
529,19,71,51,38
1003,399,46,47,50
64,93,150,25,35
30,357,44,45,46
397,14,40,29,34
383,399,38,45,45
757,225,233,236,254
1071,470,230,242,234
231,393,41,42,47
572,375,42,42,44
1102,378,243,239,255
226,451,50,50,51
91,486,45,49,48
291,351,47,43,46
1036,248,47,47,53
1051,491,48,49,52
577,185,235,234,255
1047,397,46,47,53
567,444,134,130,132
198,119,35,37,42
477,239,24,25,25
349,297,41,42,41
419,483,99,89,77
1150,3,235,234,247
1192,175,237,237,255
40,457,51,50,51
1053,108,51,51,53
150,400,41,45,45
1176,225,239,237,254
177,39,179,161,185
876,286,46,46,51
923,353,46,47,51
1170,410,238,235,250
1195,83,237,237,253
963,477,46,47,52
1056,478,47,48,52
631,285,45,45,46
744,247,241,236,255
846,368,44,46,51
58,373,43,41,44
421,217,222,222,247
257,7,44,29,42
101,419,54,50,53
791,237,140,135,107
147,326,32,36,41
70,457,46,50,49
611,142,45,47,49
671,303,45,49,49
1163,18,239,236,252
142,297,36,33,36
521,178,207,207,224
54,235,26,32,32
14,393,44,45,47
235,18,178,169,191
212,300,41,42,46
188,288,42,40,41
838,116,48,45,53
358,335,41,44,47
373,154,40,38,42
789,217,238,240,255
487,248,204,203,221
664,153,45,46,49
758,251,245,240,255
354,316,44,44,46
971,379,46,45,52
793,443,45,48,49
693,32,49,49,52
359,222,204,203,222
167,381,43,42,47
168,333,40,39,44
400,460,62,61,58
707,89,44,46,50
145,324,37,37,37
1198,412,239,236,255
424,182,45,49,52
1055,224,48,50,53
97,208,219,220,250
48,201,67,66,64
970,470,48,47,51
125,452,45,46,51
76,262,35,31,41
163,176,198,197,219
208,167,37,32,35
280,485,81,73,55
82,236,60,54,71
144,164,44,46,50
877,447,49,47,53
305,155,31,31,35
67,371,43,40,46
934,330,50,47,51
1107,1,237,237,255
1140,256,230,231,244
24,130,155,23,33
65,245,33,31,32
976,110,46,50,52
1185,266,241,237,252
491,201,52,47,49
775,498,163,160,173
795,167,46,44,50
482,473,181,181,198
203,57,38,30,31
176,81,37,29,33
594,218,232,229,255
601,81,43,45,46
363,335,42,42,45
557,469,135,131,141
568,202,226,226,250
281,204,167,167,185
228,303,42,42,47
835,146,48,48,52
485,151,44,45,47
1194,369,238,233,251
205,378,43,40,48
541,333,42,42,48
479,483,100,97,61
815,419,48,42,69
410,211,110,109,132
576,152,41,45,46
944,30,82,64,57
350,153,38,36,38
442,158,48,44,47
545,233,227,226,251
246,279,209,208,231
1151,334,236,233,250
168,278,215,212,235
531,174,48,48,52
880,23,104,101,100
828,61,42,47,52
589,66,43,44,46
1071,336,49,50,54
582,156,46,44,47
475,444,175,182,200
913,48,82,78,67
672,81,44,45,47
964,283,48,47,48
258,262,199,197,218
355,117,33,33,32
955,271,44,46,47
659,279,45,45,46
22,34,229,227,252
565,408,40,42,46
272,168,187,182,203
908,56,97,92,90
141,471,45,47,49
151,168,88,86,97
230,307,44,43,47
637,432,41,46,48
1135,269,228,224,244
891,488,178,163,98
51,249,37,32,32
56,7,234,231,252
472,239,188,190,209
1161,363,237,234,251
1102,293,239,234,249
1089,56,197,197,225
80,372,45,41,45
958,449,47,46,53
148,103,66,48,66
475,79,41,41,43
889,306,46,46,48
534,359,43,43,44
953,383,43,46,50
994,268,47,46,49
175,482,46,47,48
524,321,47,42,45
934,213,48,48,51
288,244,192,192,211
584,137,45,45,49
1114,26,236,232,248
845,135,50,44,51
703,236,236,238,255
135,259,212,209,234
1166,146,235,234,250
695,234,238,236,255
685,253,47,45,50
1062,270,52,51,56
329,87,32,26,28
716,475,151,144,153
317,82,33,28,29
716,12,61,55,54
515,498,103,97,66
259,273,39,42,45
155,379,42,44,45
88,205,155,162,182
605,161,44,45,50
412,487,86,76,72
998,359,45,45,49
710,53,43,46,47
683,200,235,235,255
1123,458,230,227,243
226,82,134,131,151
306,236,195,196,214
229,149,31,27,29
1188,149,241,236,255
1045,115,48,49,53
76,267,38,36,37
615,157,44,46,48
949,9,123,82,66
802,256,242,239,255
958,197,45,47,49
481,418,40,41,44
902,105,45,48,51
1095,118,245,240,255
1049,417,48,47,52
181,25,159,34,55
817,395,48,44,48
821,374,48,45,49
1041,167,48,50,53
122,411,50,45,48
674,188,238,237,255
211,180,191,184,204
174,58,162,148,171
298,56,39,38,41
109,444,47,51,49
1112,349,234,233,249
867,365,49,48,51
838,493,164,159,130
185,287,43,38,46
523,164,45,44,48
539,422,44,41,44
891,402,49,47,48
38,94,35,30,31
783,153,41,43,51
70,28,113,105,118
648,242,50,47,49
598,118,46,43,47
192,406,43,43,46
531,470,120,119,130
764,316,46,47,49
311,267,137,138,170
671,374,43,42,47
382,40,33,27,23
77,295,32,29,31
177,478,46,45,49
570,349,45,42,45
1138,410,230,225,241
698,7,52,51,53
934,211,50,48,51
82,46,52,46,51
199,190,190,187,205
602,483,183,180,194
401,274,53,53,53
1173,81,238,236,253
309,204,90,78,103
202,278,209,204,229
1115,219,232,230,249
808,181,43,46,50
412,85,35,36,38
750,225,95,97,146
998,312,49,48,52
204,228,186,188,206
1002,203,47,47,51
360,345,43,43,46
728,473,152,146,159
216,106,42,41,49
735,32,50,51,50
728,354,42,44,47
195,164,38,31,36
247,159,31,31,30
1057,92,60,57,57
1023,156,49,50,51
1020,367,48,48,49
304,431,75,71,53
2,222,33,25,28
412,58,32,32,33
1145,281,234,229,249
6,161,173,32,40
1127,60,232,228,241
1157,237,238,234,249
818,382,44,45,48
582,92,42,43,49
1039,298,194,193,246
605,281,44,45,47
167,127,105,117,131
814,134,42,46,49
408,190,212,211,235
377,243,210,210,233
34,421,55,58,54
987,133,45,47,52
69,108,154,24,33
1007,204,51,49,52
1153,367,237,233,246
747,298,44,43,49
632,196,239,237,255
1181,439,237,234,252
1079,290,243,243,255
948,450,145,140,139
820,324,44,49,49
624,258,45,46,49
211,312,41,42,43
1191,495,237,234,249
154,416,46,44,48
60,212,77,69,78
216,49,201,191,215
353,271,49,50,50
814,39,53,52,53
10,32,224,223,245
1167,233,236,234,255
1024,287,49,48,53
477,460,173,175,195
1047,410,50,48,52
216,67,39,30,36
636,211,150,141,133
389,105,39,33,37
470,368,47,46,47
1116,169,231,231,248
977,193,50,46,51
1114,339,234,232,248
501,100,60,54,57
83,150,160,31,39
882,164,44,48,49
166,304,38,37,39
536,431,43,44,47
312,372,42,43,45
193,67,198,187,208
659,436,47,45,46
1143,487,231,227,245
45,181,176,33,43
557,99,42,42,48
461,41,50,43,40
786,145,45,46,49
566,463,146,140,149
603,342,41,44,47
953,46,108,82,63
285,459,88,84,55
219,477,52,49,47
587,77,41,44,44
80,62,190,189,211
150,443,48,50,51
508,426,42,44,48
504,190,125,127,150
862,358,46,46,49
708,266,41,47,50
884,365,45,43,49
376,90,28,29,32
148,362,42,40,46
655,155,44,46,47
24,392,45,47,48
1117,307,228,228,246
327,320,43,42,43
991,402,45,48,52
1131,146,229,227,243
290,82,35,30,31
1037,174,49,50,54
550,356,40,43,45
913,82,46,47,52
670,212,226,228,255
122,355,39,38,41
1005,273,44,46,49
721,184,58,52,62
440,430,19,17,16
308,67,34,27,27
85,378,42,44,46
270,8,124,116,132
160,89,158,146,167
102,467,49,49,55
1131,82,231,225,242
687,451,51,46,46
36,311,38,34,39
989,364,47,46,52
461,293,52,51,53
697,357,42,45,46
1119,243,233,227,246
540,96,44,43,46
673,108,46,48,50
550,428,44,42,46
26,93,39,30,31
970,117,46,48,52
1061,140,50,50,53
1060,275,239,237,255
843,49,93,77,55
196,392,41,43,44
1096,248,242,239,255
1038,416,49,47,52
287,220,192,192,213
1130,454,226,222,243
562,459,140,136,148
771,391,44,44,47
522,292,45,44,46
997,419,50,46,53
823,46,54,54,53
1132,349,232,228,245
31,390,45,43,47
960,99,48,47,52
933,468,48,49,52
555,76,43,45,46
1014,17,105,82,64
334,168,39,38,40
185,453,47,47,51
504,108,14,15,15
321,419,42,45,47
404,245,220,222,245
98,137,160,32,38
909,448,141,143,126
113,112,163,28,37
1013,148,50,47,54
802,394,47,46,50
803,474,162,160,160
737,71,48,46,52
363,82,32,26,27
1004,126,48,48,51
639,329,44,44,47
702,43,45,44,49
1057,230,48,48,54
202,38,170,86,112
342,56,32,25,29
1084,491,96,75,78
1089,194,220,219,238
982,494,49,47,53
1121,334,230,227,243
451,50,39,37,43
794,421,46,46,49
611,146,45,43,47
333,99,32,27,29
808,126,47,48,49
323,158,32,34,36
50,301,42,33,37
983,68,94,83,71
440,198,221,223,245
1070,350,58,55,59
104,199,220,224,250
49,425,51,53,53
170,192,190,188,207
1177,472,238,234,248
222,243,97,84,103
881,24,105,101,103
735,2,48,50,51
163,202,44,37,45
937,329,46,46,50
164,189,195,189,209
108,19,120,113,122
100,422,128,108,110
112,446,71,76,74
722,338,44,43,46
813,470,59,52,50
626,329,44,44,47
807,273,54,50,69
360,339,38,44,45
808,218,240,241,255
935,23,91,67,59
875,418,48,48,48
1055,228,52,50,53
249,363,46,46,48
74,181,200,197,219
372,368,45,45,48
900,464,44,47,50
856,346,45,47,49
568,98,45,43,48
179,198,187,185,202
998,446,138,138,118
276,258,200,198,220
183,162,38,35,38
389,327,43,45,46
433,89,41,40,44
173,152,34,35,41
675,260,45,45,48
662,84,46,45,47
708,363,43,44,49
481,399,40,45,44
697,62,47,46,50
615,96,49,45,49
476,259,34,29,32
889,0,101,89,77
242,498,65,61,53
1141,178,229,229,244
871,370,44,44,49
1047,431,48,48,51
853,153,49,46,50
183,333,41,43,44
774,341,45,46,49
752,259,237,239,255
992,263,42,47,49
191,60,167,40,60
877,332,43,43,48
313,252,205,201,228
1176,189,238,237,253
180,122,198,195,219
1130,144,231,226,243
798,40,50,49,53
412,250,71,57,66
638,417,43,42,46
643,458,193,201,219
918,475,48,50,50
1098,170,241,239,255
27,86,103,88,87
1051,400,46,48,51
351,181,197,194,214
35,432,49,49,53
711,317,47,45,49
337,325,39,42,45
86,22,111,102,110
185,191,190,186,204
323,475,97,91,98
22,385,45,45,45
623,333,42,44,48
39,351,45,41,46
604,117,47,43,49
127,93,162,149,170
260,350,42,46,47
789,309,46,46,50
201,210,189,186,204
1133,371,228,225,241
633,123,45,47,47
1046,362,51,47,51
387,437,196,199,226
963,437,49,48,61
779,101,49,47,51
1019,389,47,47,51
924,383,45,46,48
607,206,58,58,64
448,68,41,40,41
732,435,47,43,50
966,373,49,48,51
349,396,41,42,45
702,162,45,46,49
464,100,44,43,45
404,340,43,43,45
871,295,47,46,49
832,300,43,45,52
636,345,48,42,47
1054,123,47,49,51
1168,412,237,232,247
332,367,41,43,46
619,317,44,45,46
949,226,44,46,51
182,316,41,40,45
696,265,46,44,48
1033,484,48,49,53
413,70,35,34,38
278,96,32,26,26
858,70,49,48,49
551,324,45,44,48
1141,481,229,229,242
731,5,48,51,52
1063,400,50,51,51
417,189,217,215,234
661,157,45,46,48
61,91,151,28,49
216,280,207,206,226
1030,465,45,47,53
124,24,27,26,30
123,319,38,34,36
60,235,37,35,37
1172,210,238,236,254
1169,378,236,236,250
884,99,48,48,52
139,399,43,43,48
864,7,97,92,92
108,414,46,46,47
0,44,224,223,246
167,87,50,34,50
662,224,201,193,210
717,70,45,48,49
87,113,154,24,36
1164,308,237,238,253
258,20,45,32,40
417,37,38,32,34
415,40,36,32,34
1134,160,233,228,246
363,421,44,42,44
421,374,41,42,45
904,424,53,47,52
733,267,45,48,48
1068,445,53,49,55
86,407,45,44,46
43,11,224,222,245
452,332,48,48,50
660,214,222,224,254
546,418,37,43,43
128,75,160,143,166
779,469,166,162,171
698,207,238,238,255
1076,7,107,84,66
1111,362,239,232,252
260,194,62,50,65
243,359,43,45,44
263,106,38,28,34
1175,456,237,235,251
1121,337,232,226,245
127,67,156,141,163
155,172,208,204,230
657,27,50,48,50
1055,151,49,48,53
312,206,174,177,185
30,316,42,40,41
871,147,49,47,51
313,491,46,46,47
437,205,54,55,58
126,86,155,139,160
663,2,52,49,50
1170,497,237,234,251
639,139,45,46,48
387,271,167,168,204
789,476,167,162,175
1034,87,72,64,60
626,52,41,46,49
1127,327,226,224,241
458,245,223,230,247
847,213,55,53,57
1121,212,229,227,244
592,87,39,44,48
4,274,35,30,32
422,42,34,28,34
752,62,48,47,52
903,150,47,48,51
91,390,42,42,45
582,115,45,46,48
1019,212,47,48,53
1185,65,237,236,252
22,39,80,68,84
134,84,150,135,156
318,441,60,60,52
417,473,150,132,140
558,370,40,41,43
956,209,48,48,49
897,127,47,47,51
929,468,46,46,51
149,60,139,122,143
53,260,37,28,31
89,304,33,31,34
346,401,44,45,48
710,356,43,44,47
810,238,65,58,62
908,179,46,46,52
522,7,40,41,42
1023,237,47,50,52
632,41,47,43,49
888,207,46,48,50
325,41,45,34,38
666,346,41,45,51
574,395,44,45,46
384,349,41,44,45
632,439,44,46,48
368,276,47,45,49
763,148,44,45,48
375,48,30,25,27
638,302,46,42,45
721,270,50,48,53
195,186,188,178,200
1077,29,119,115,103
1181,431,236,233,252
290,213,186,189,204
38,455,51,48,50
810,329,44,46,49
492,114,46,42,48
163,5,153,136,158
207,155,35,30,29
55,9,231,230,250
801,44,47,51,52
833,277,44,46,48
681,239,190,195,223
248,222,187,185,205
423,49,33,34,39
841,171,42,45,50
86,326,35,34,36
908,70,63,61,66
676,302,47,45,48
202,255,202,202,220
344,386,43,43,47
1026,0,110,85,65
996,425,46,47,53
339,394,45,43,45
5,449,55,55,55
759,119,44,48,51
822,313,45,44,49
611,23,47,48,50
641,99,45,45,49
1159,422,239,233,250
287,380,40,43,47
479,402,45,43,48
412,190,212,211,235
955,386,44,46,49
717,281,44,45,46
739,497,136,129,86
1158,346,233,233,250
144,215,197,192,216
708,85,45,46,47
1144,136,234,231,247
1179,135,238,236,251
891,199,43,46,49
533,427,43,43,44
1073,439,52,53,56
977,46,89,67,57
1031,72,99,86,71
516,123,46,45,48
520,373,39,40,44
561,97,46,44,48
1170,444,237,236,252
379,141,38,37,42
806,186,48,46,50
985,498,48,48,53
151,56,135,120,139
1034,296,57,52,53
763,340,48,46,47
652,110,44,45,47
818,408,47,48,50
263,100,34,31,30
621,128,44,44,48
619,356,41,43,44
967,13,107,78,62
271,280,40,44,46
810,93,46,45,48
868,103,46,47,49
737,422,40,44,47
910,422,49,48,54
1199,136,241,238,254
387,33,40,31,31
1063,73,73,65,61
754,196,50,50,50
607,325,42,44,46
1051,380,51,51,55
413,217,63,55,56
815,479,166,164,182
590,177,48,50,51
661,455,70,56,54
413,74,35,34,37
710,169,48,47,52
130,226,200,192,215
293,249,201,197,216
262,21,37,31,35
1027,255,50,48,54
525,289,43,44,45
17,491,60,56,51
1028,55,171,157,120
582,161,46,45,47
821,407,48,48,50
987,330,48,47,50
1012,385,46,46,53
311,324,41,42,46
187,316,39,41,42
1078,411,52,53,55
951,115,49,47,51
155,223,198,194,216
296,493,49,45,49
667,93,46,46,50
685,207,241,239,255
639,153,45,47,50
584,126,45,45,49
442,40,44,41,38
59,320,36,35,38
244,260,201,196,218
204,350,44,43,46
861,211,46,49,51
836,322,44,46,49
1105,126,239,235,254
1162,49,237,234,253
49,133,154,25,33
1124,254,229,224,242
45,79,185,181,199
874,300,46,48,51
870,438,47,48,52
765,269,50,51,55
747,33,51,50,54
766,463,55,50,51
10,464,47,48,51
283,200,47,41,52
17,245,37,31,35
1169,499,238,234,251
458,151,48,46,47
413,87,40,36,38
1018,198,49,47,52
121,385,41,42,41
1115,365,235,231,248
316,109,33,27,29
977,124,45,48,51
876,471,49,49,51
356,288,45,44,49
464,28,99,73,55
288,293,44,43,45
660,271,46,46,49
997,51,101,78,59
871,431,46,47,50
997,380,49,48,49
536,64,42,42,46
749,293,45,45,48
280,205,64,67,83
757,17,50,50,52
181,210,47,39,48
47,377,46,44,47
308,73,35,27,31
610,204,66,59,59
487,370,41,44,44
886,51,102,99,98
401,12,35,24,26
745,139,48,47,51
909,342,46,46,50
349,386,47,44,46
794,446,45,47,48
685,103,42,44,48
456,459,183,187,201
48,225,33,33,33
1171,481,234,232,250
143,25,149,129,153
926,370,48,47,51
1042,151,50,48,53
834,88,46,47,50
1028,224,48,50,51
866,371,44,44,48
887,145,46,45,51
934,369,47,47,50
346,327,43,43,44
731,415,42,43,44
481,277,52,52,57
1088,75,62,60,63
817,122,48,46,49
505,83,50,49,50
786,336,46,46,49
732,218,80,74,84
545,386,38,43,44
270,216,189,187,206
701,174,48,47,51
160,398,46,44,47
327,363,41,43,45
82,94,153,26,33
232,475,58,58,53
1135,162,233,228,245
126,414,39,44,47
704,118,53,54,57
177,365,41,41,48
368,27,33,26,24
597,396,39,42,47
202,192,192,184,205
252,273,202,203,225
444,312,44,44,45
731,300,48,46,49
24,266,36,29,31
589,416,44,44,46
600,68,42,43,47
1121,81,231,227,243
326,283,46,42,46
1027,202,44,47,51
747,70,42,47,51
968,35,97,73,60
1144,376,235,230,249
951,226,48,45,51
145,70,159,145,169
45,299,36,31,35
766,255,235,234,255
693,304,45,44,46
1103,305,236,234,254
186,168,36,31,38
773,490,155,149,163
298,195,189,187,205
399,433,52,47,51
733,317,46,47,49
605,457,171,172,193
795,44,50,52,53
1,97,134,19,29
653,300,46,46,51
76,160,164,32,39
377,332,43,44,48
419,379,43,45,44
224,130,30,30,31
1025,230,49,49,51
698,402,44,46,50
420,161,42,43,48
958,312,43,44,51
589,350,41,42,46
975,145,50,47,54
118,240,79,73,99
887,497,176,162,109
120,308,31,32,33
1010,208,45,47,50
394,499,87,77,53
700,97,45,45,48
1055,87,67,61,58
890,68,51,49,54
427,164,45,44,45
1071,288,56,58,62
544,429,43,42,43
668,195,238,237,255
236,203,42,40,48
487,231,196,193,209
534,405,45,40,47
834,121,52,44,51
674,56,42,44,48
401,198,210,208,232
99,300,35,34,38
304,183,187,186,205
390,272,80,77,103
389,82,35,33,31
777,161,45,46,47
284,20,213,213,233
182,300,38,39,41
65,262,37,32,31
301,4,216,217,233
1099,115,235,237,255
719,33,205,138,76
760,309,46,47,51
79,96,152,24,33
1022,306,50,49,50
959,292,45,46,51
396,120,38,38,40
595,368,42,42,46
517,55,39,35,38
1165,24,236,235,248
229,211,187,185,204
219,4,168,156,177
935,301,43,46,49
739,235,239,240,255
20,275,29,29,30
208,485,47,47,49
225,428,47,48,50
716,198,238,235,255
542,390,43,41,45
546,408,43,43,46
1097,39,240,240,255
479,171,49,48,54
580,150,47,43,48
1183,244,239,236,251
246,172,189,184,203
782,485,158,150,164
820,44,52,50,54
188,7,155,29,42
408,144,41,41,43
821,486,155,151,161
366,350,39,44,46
213,235,78,65,84
1054,464,54,52,55
962,152,45,47,49
1029,27,107,79,63
722,315,46,46,53
67,52,122,111,122
1029,278,49,48,51
46,267,31,27,28
934,20,104,70,60
125,311,31,31,33
812,27,51,51,52
1187,467,233,232,248
797,294,45,47,50
341,376,44,42,45
100,213,217,219,246
976,262,46,47,51
54,220,132,129,134
1054,190,50,48,55
1157,356,235,233,250
1194,138,237,236,253
1141,212,234,233,244
50,254,36,32,35
963,443,49,50,51
1197,3,238,235,253
678,411,39,45,46
621,485,147,149,151
1044,318,49,49,50
127,413,43,45,50
703,402,47,48,47
721,25,62,55,54
950,134,42,47,50
12,210,30,28,29
692,491,125,97,72
327,452,68,64,52
1072,261,53,51,56
261,342,44,44,48
467,379,42,45,49
718,188,238,237,255
145,432,48,48,50
1122,363,233,228,246
994,139,50,49,52
996,374,44,47,48
729,308,45,47,52
947,199,45,47,52
284,259,204,202,222
331,173,189,188,208
888,442,47,46,52
552,483,110,102,90
675,173,51,49,51
286,449,70,68,54
146,487,47,47,48
1178,365,239,235,251
918,468,45,46,49
1183,374,239,236,251
915,332,42,46,49
322,245,184,183,201
369,57,32,26,29
751,288,46,47,50
342,222,200,200,220
301,191,190,187,205
780,325,43,45,47
249,221,188,187,205
692,265,48,46,48
266,316,43,42,46
1195,181,239,237,253
892,430,53,46,60
314,474,127,120,111
509,332,41,42,46
513,43,64,61,60
533,223,229,226,248
533,433,68,61,54
626,356,44,42,44
129,321,40,36,33
822,341,49,47,52
694,266,44,46,46
149,242,128,116,131
491,80,42,41,44
454,432,168,174,189
498,285,47,45,48
891,21,72,68,60
1083,251,255,251,255
383,410,44,43,44
38,209,46,44,54
736,317,43,44,47
351,394,46,43,45
970,226,45,47,49
439,121,40,43,44
1075,484,51,53,56
391,336,44,44,47
1153,150,234,234,251
790,228,117,91,104
1112,118,233,229,248
375,17,41,30,31
1065,170,49,50,55
688,435,45,43,46
1102,11,237,237,255
680,36,48,51,52
1116,146,234,229,248
1116,335,234,231,247
838,13,92,93,86
49,104,149,24,33
261,184,188,183,199
696,356,43,45,45
215,165,38,29,32
491,198,177,176,192
722,141,46,46,49
358,158,41,38,41
484,130,42,43,46
170,301,36,37,38
1003,350,43,46,50
72,20,47,38,49
417,149,44,43,44
606,240,237,236,255
175,431,67,63,63
683,31,49,48,54
38,342,35,38,42
212,443,46,48,47
907,55,99,98,95
633,11,53,50,53
6,297,43,32,37
8,131,159,24,32
1014,88,49,49,53
1089,107,70,70,69
893,15,87,80,72
506,171,48,46,51
559,123,42,43,48
669,14,50,49,53
628,203,234,233,255
608,43,44,45,49
748,404,54,44,84
562,305,43,43,46
339,429,64,61,50
929,390,48,46,49
1051,456,48,49,53
136,158,224,224,243
874,235,240,237,255
1011,228,48,46,53
555,160,42,44,45
974,3,110,82,64
104,38,188,187,206
599,315,39,43,46
6,49,68,65,70
490,34,80,61,49
546,374,43,42,47
312,459,123,116,90
549,269,70,59,82
895,99,47,46,52
178,70,140,128,147
842,385,43,46,48
761,465,128,129,107
1141,466,228,230,243
121,81,145,130,152
765,306,43,45,49
541,346,40,42,45
1,308,38,39,42
630,121,46,45,48
169,61,148,134,155
826,164,43,46,49
1100,421,243,242,255
75,288,37,33,36
756,338,48,42,49
672,95,45,47,47
229,385,47,43,44
60,109,151,21,32
239,254,195,194,217
358,63,30,25,25
750,25,50,50,51
90,277,37,31,33
633,21,49,49,52
53,465,50,47,52
899,322,45,46,50
291,164,189,186,198
790,478,162,159,174
1183,258,237,238,251
249,332,46,42,45
499,433,169,170,188
1192,281,238,236,251
108,379,43,43,43
91,133,162,28,37
542,491,126,119,98
801,419,45,49,52
573,416,40,43,45
382,298,45,43,48
771,282,45,50,51
564,118,43,44,47
929,92,46,48,51
1071,467,239,245,235
1037,277,197,188,143
384,211,197,198,218
790,254,245,239,255
329,405,42,42,45
701,497,134,109,75
1098,469,235,233,252
757,163,41,48,50
817,147,46,47,50
1045,283,170,160,181
369,345,44,45,45
984,74,78,66,57
1170,346,237,234,251
86,391,42,44,45
174,170,188,183,198
936,9,242,236,255
1089,449,241,239,254
926,449,54,53,62
1013,387,49,48,50
110,380,42,41,45
852,377,46,46,47
564,371,40,42,42
1017,160,49,47,52
1034,138,46,49,54
247,150,35,26,29
1022,350,48,48,49
1029,401,45,50,49
108,141,191,180,197
573,346,40,40,42
845,76,45,46,50
568,21,50,47,47
502,312,41,43,48
713,459,132,115,97
8,476,47,48,49
1048,377,48,46,52
918,480,50,49,53
642,357,44,45,45
472,189,134,127,134
254,474,104,97,70
953,463,47,47,49
550,109,44,45,43
1067,347,50,50,56
370,418,47,43,46
896,432,53,48,63
1016,444,47,48,50
1068,85,72,66,60
601,418,45,45,49
289,373,41,43,43
621,424,44,44,45
435,354,41,44,48
890,90,46,48,48
179,25,169,91,115
70,311,32,35,32
820,356,47,48,50
613,414,44,43,46
488,203,146,144,146
1099,368,241,238,255
328,122,35,31,32
606,269,48,45,50
53,109,149,22,34
862,82,50,47,53
1084,121,251,248,255
713,253,240,237,255
312,440,81,80,54
420,391,41,45,43
254,177,186,183,201
546,434,61,52,48
66,378,40,43,47
373,7,41,31,28
784,213,245,240,255
561,484,147,137,127
997,304,48,47,52
509,483,118,101,72
165,77,157,145,166
427,64,40,36,39
588,192,234,233,255
761,303,40,44,49
327,3,78,69,68
246,400,44,45,45
91,224,208,210,235
1153,400,235,230,245
1023,264,46,49,53
932,304,46,44,51
423,58,30,34,35
368,454,123,121,128
1132,374,229,227,244
965,119,45,50,50
747,122,47,47,49
1147,71,232,232,248
308,447,68,63,53
733,21,47,49,51
518,466,165,159,175
1070,148,53,52,55
242,344,44,42,46
963,364,46,45,49
1018,211,49,48,52
420,77,35,35,37
127,371,39,40,42
622,364,46,44,47
624,387,42,44,46
942,192,47,48,51
463,229,231,230,250
69,481,86,75,69
93,201,206,196,225
228,44,63,43,66
40,157,167,30,39
168,475,45,47,51
980,292,43,46,48
400,56,34,30,32
616,243,236,237,255
640,293,44,42,45
644,201,240,234,255
313,460,130,122,96
717,151,45,46,50
233,39,30,24,31
722,464,150,147,161
767,270,52,50,53
124,3,118,109,120
693,99,46,47,52
351,455,79,74,54
504,387,42,41,45
770,57,43,46,52
201,205,184,182,203
1090,459,242,240,255
826,492,158,149,147
1148,32,230,232,246
826,49,58,56,58
1040,50,122,108,95
152,78,156,142,164
288,11,172,171,190
525,175,54,52,55
315,333,45,43,44
814,189,46,47,47
849,367,47,46,49
1025,279,47,49,52
1061,204,53,50,55
150,495,45,46,49
989,49,103,74,63
375,177,197,198,219
187,496,47,46,48
105,100,157,25,35
60,492,50,48,50
198,125,39,37,40
198,182,188,185,204
595,244,239,236,255
335,295,45,44,48
57,21,65,63,67
194,75,208,195,217
355,279,44,43,49
316,15,47,46,49
502,329,41,43,44
970,265,49,45,50
555,75,44,44,47
440,43,35,37,37
922,341,45,45,50
231,477,47,47,50
201,18,192,174,194
511,123,43,44,46
52,30,95,79,95
511,34,84,61,51
340,2,43,39,45
590,253,234,235,255
1033,487,45,50,53
253,435,71,70,57
531,145,40,45,47
687,230,236,235,255
51,291,38,32,34
895,470,48,49,50
328,343,40,40,49
254,271,142,143,161
84,124,158,39,74
31,453,50,50,52
957,127,44,48,51
990,318,45,45,49
1043,369,47,48,53
271,356,43,45,48
246,121,34,27,33
493,432,169,175,188
69,80,36,29,32
556,181,227,226,250
60,20,67,62,68
132,136,33,28,29
926,209,47,49,51
1008,247,42,48,51
553,338,40,41,45
37,361,49,43,49
705,441,43,46,46
1044,211,49,49,54
1076,335,50,50,53
397,220,210,211,233
924,79,46,50,50
521,412,43,43,46
91,352,40,37,40
1068,247,48,51,54
233,94,35,37,43
369,163,38,40,43
1194,77,241,236,252
1025,495,46,50,51
1154,312,232,230,248
1072,180,55,51,57
300,437,56,58,53
657,443,45,43,46
661,252,45,48,52
522,278,45,46,49
975,192,50,47,51
783,177,47,46,50
251,398,47,44,49
998,293,47,47,51
695,409,44,45,49
764,228,58,61,63
684,182,234,234,254
785,304,46,47,49
820,350,48,46,50
686,117,44,46,47
684,28,51,51,52
397,440,197,206,224
1022,26,98,75,63
946,7,126,87,68
215,366,43,43,46
346,132,31,31,32
1048,346,47,48,50
536,485,140,136,142
386,38,36,26,29
54,84,188,185,207
546,32,41,43,47
322,287,46,43,45
229,72,120,123,139
1041,99,49,50,52
782,430,43,46,49
427,292,46,45,47
756,99,47,46,50
900,43,100,93,94
200,368,43,42,47
662,212,75,68,102
1071,417,91,85,68
734,248,243,239,255
222,316,44,43,47
683,18,51,50,52
934,400,46,46,49
730,11,52,50,52
123,213,201,202,228
923,225,47,48,54
427,66,37,34,39
130,77,155,140,163
162,111,37,31,33
354,159,41,37,43
20,175,114,104,106
1184,400,235,235,253
610,171,45,46,50
636,318,44,44,47
1114,331,234,230,248
1133,120,227,227,243
25,246,35,30,32
891,485,167,156,96
139,133,199,190,210
455,320,52,49,50
313,15,43,45,52
58,14,226,226,244
536,232,155,152,160
341,251,208,209,232
232,170,190,184,204
1121,204,229,228,243
1069,457,78,61,50
1171,329,240,236,253
668,35,49,49,52
773,258,240,240,255
476,355,45,44,48
973,397,48,46,52
994,351,44,45,50
531,348,46,42,47
862,305,46,45,49
808,379,47,45,45
883,318,47,47,51
872,328,50,44,49
798,94,44,48,50
997,414,47,49,52
153,105,36,30,35
344,373,41,42,45
98,82,183,159,177
464,410,46,46,50
750,390,46,45,49
511,422,40,41,46
942,304,47,47,50
346,45,33,22,24
328,189,190,189,211
206,427,45,46,50
767,253,239,238,255
1143,257,232,229,245
59,169,169,34,41
52,123,150,23,34
594,243,237,237,255
832,123,50,48,52
1184,41,238,237,254
1138,63,230,229,246
1139,127,229,226,241
573,72,46,44,47
884,386,43,46,48
638,7,48,49,52
864,53,104,87,67
1149,0,235,233,249
457,173,41,43,48
877,340,44,44,47
434,440,88,84,90
83,420,57,55,55
102,112,159,31,46
937,278,52,46,49
619,122,44,45,46
697,255,47,48,51
12,438,50,46,54
741,105,43,46,51
386,101,38,32,35
425,398,45,46,47
1131,409,233,229,246
195,415,43,42,47
880,422,103,110,89
1025,145,48,48,54
629,195,238,234,255
63,399,44,44,49
1160,6,240,235,251
336,109,29,26,28
424,412,43,44,46
767,467,152,149,145
825,6,87,85,79
494,166,23,23,23
206,408,45,44,46
811,475,166,165,175
1032,3,104,79,64
541,208,223,222,241
68,93,153,25,30
785,372,45,45,47
1188,261,240,236,254
1019,323,46,47,51
614,452,183,187,205
1091,109,66,66,69
501,497,110,101,60
1002,143,47,49,52
604,53,43,45,47
195,324,43,42,45
1014,60,77,68,62
837,276,47,48,50
1035,222,48,48,52
1161,193,236,233,252
34,481,55,48,51
913,335,45,48,54
657,418,41,44,47
253,156,32,26,28
869,403,47,47,51
845,137,45,46,49
842,178,48,46,48
1135,297,227,229,247
476,450,173,178,199
590,132,43,44,48
773,5,50,49,50
1025,176,49,50,51
909,3,140,85,65
922,181,45,46,48
830,423,48,49,49
935,373,45,46,50
782,371,45,45,48
1087,233,68,66,63
429,471,91,87,95
693,288,46,44,48
167,58,142,132,150
1018,37,91,73,61
1031,292,48,50,55
190,421,50,46,47
64,409,45,47,48
443,82,40,38,43
125,124,192,177,193
818,349,45,44,48
1138,338,230,228,244
400,496,90,77,56
801,246,244,240,255
616,142,44,44,47
1113,444,230,229,246
285,216,192,187,206
245,209,134,132,154
863,318,46,47,50
907,215,46,49,51
1172,322,239,237,249
727,476,152,147,163
35,131,153,24,33
292,384,41,43,45
1040,285,104,93,108
880,368,47,46,51
1071,303,52,52,58
627,58,48,46,49
106,471,44,48,50
656,311,42,45,49
398,223,210,211,233
800,165,46,47,50
736,327,47,47,50
253,181,186,183,202
1073,487,54,53,59
1007,290,46,47,51
648,24,51,48,50
433,280,46,47,51
509,36,85,64,52
436,416,57,54,57
463,57,43,40,42
725,361,45,44,48
795,139,46,46,51
82,174,212,200,221
575,176,52,49,52
639,455,192,199,219
352,311,43,43,45
243,383,44,45,46
900,336,44,46,49
854,410,45,48,51
525,74,45,43,46
703,98,44,45,45
113,369,40,37,41
90,452,49,50,53
903,370,47,44,49
171,340,40,39,48
1020,450,46,47,53
783,319,45,47,49
286,93,31,25,29
746,81,44,43,49
1107,380,237,235,254
1025,89,52,53,52
830,422,46,42,53
525,178,208,211,227
720,460,142,134,143
861,353,42,45,49
896,89,44,48,50
260,404,43,44,46
285,135,33,27,33
608,32,45,45,48
841,79,50,46,51
644,31,47,48,49
203,229,121,117,146
1101,393,239,238,255
717,425,45,45,47
132,96,161,145,165
1110,390,236,235,253
322,246,201,200,218
361,333,44,41,44
796,277,50,49,53
200,451,49,48,48
507,352,41,41,46
117,90,178,162,182
606,10,50,48,50
906,36,91,82,74
258,172,194,187,210
764,43,47,50,52
1050,441,47,48,53
975,307,50,46,52
449,279,51,53,53
333,400,41,45,47
167,271,209,208,232
97,417,53,52,54
994,189,45,48,52
70,450,50,46,49
971,239,47,48,51
32,90,35,32,33
618,456,191,200,218
1006,166,49,48,52
611,288,43,45,49
751,186,47,47,51
332,66,27,28,24
532,485,144,137,136
894,444,46,46,50
461,336,22,23,23
572,354,45,45,46
703,304,47,48,51
977,55,80,65,59
545,211,225,226,249
748,237,237,237,255
820,53,51,51,53
1042,492,48,50,54
626,53,43,45,50
647,59,48,44,52
81,223,49,50,57
926,249,46,46,52
257,31,196,194,218
324,445,64,62,54
972,457,50,47,56
465,189,205,203,219
757,42,53,49,51
767,472,163,159,178
529,52,42,43,46
770,463,51,51,50
538,301,42,43,47
276,415,44,43,45
1054,95,47,49,52
122,342,39,34,39
1146,254,233,231,248
1119,289,231,229,246
741,94,44,46,52
807,67,44,48,50
958,0,103,82,70
743,43,53,50,54
1177,326,234,233,254
0,188,66,64,68
927,81,48,47,50
1144,322,232,231,246
656,228,238,237,255
242,127,26,25,25
119,164,162,161,187
448,99,42,40,44
524,45,41,35,39
729,244,240,237,255
474,366,44,44,48
867,323,48,46,50
1193,20,240,236,254
345,116,32,30,34
1189,379,237,237,251
1134,249,230,228,242
293,221,192,189,212
268,293,43,43,46
750,7,47,48,52
107,333,37,36,37
893,180,49,46,53
1161,74,236,233,251
993,435,49,49,52
82,492,49,48,50
100,472,48,49,51
826,489,165,160,170
258,445,53,53,50
55,20,61,63,64
114,499,48,43,47
484,394,46,45,46
600,369,43,43,46
25,484,47,49,49
931,178,47,48,51
1027,177,53,51,52
720,474,153,146,157
223,221,189,186,204
931,338,43,45,50
645,110,45,46,47
660,234,233,233,254
1031,439,47,47,50
370,255,213,214,236
754,452,43,45,49
991,42,113,83,66
781,23,52,50,53
510,132,48,46,51
1037,120,49,49,52
1035,58,171,160,144
704,98,46,44,47
955,3,114,86,67
198,175,190,187,205
648,372,40,43,46
690,454,111,90,62
1055,122,49,51,53
1182,191,238,236,254
766,355,42,43,50
306,172,192,185,206
632,345,46,45,47
321,10,56,55,56
96,389,47,43,45
841,349,51,46,48
754,426,45,44,47
1080,344,56,54,59
1141,55,231,230,244
838,276,48,49,50
828,235,120,103,172
25,49,62,61,66
440,136,40,44,47
709,388,46,45,47
846,168,45,47,50
420,212,224,221,243
1014,125,49,49,53
777,395,45,48,50
818,255,242,241,255
954,81,48,46,50
61,117,151,22,30
1030,462,51,50,54
159,201,191,188,205
1102,177,243,242,255
204,21,187,171,193
49,401,46,47,49
462,45,41,39,42
657,254,47,47,49
199,454,50,46,49
662,101,47,45,49
527,326,40,41,45
792,119,47,47,52
162,405,45,44,46
682,430,41,43,48
442,301,44,43,48
809,250,244,241,255
556,5,90,76,58
285,403,43,43,45
196,431,45,46,52
925,255,51,47,53
198,171,191,185,201
901,128,45,48,51
683,162,46,45,50
982,3,111,81,65
481,324,45,46,48
1118,381,235,231,247
191,263,205,204,224
402,96,37,36,39
553,114,42,44,45
892,63,94,92,87
9,121,151,26,32
371,235,99,87,117
1104,224,239,236,254
379,188,200,198,219
264,385,40,43,46
43,19,64,61,66
300,279,46,43,47
256,202,164,166,181
833,156,46,48,54
98,430,50,50,50
190,365,44,42,46
1038,390,50,51,57
512,110,43,41,46
585,368,43,42,45
471,47,40,40,44
1140,124,231,227,243
1193,95,238,237,252
817,291,48,46,50
563,466,149,143,154
885,334,46,48,49
874,285,45,46,48
1150,365,233,232,248
309,113,27,28,27
151,361,39,42,43
95,5,77,66,79
198,275,206,205,227
797,120,44,49,50
556,355,47,47,48
131,268,218,213,237
1172,487,237,233,252
158,105,102,89,117
265,321,43,43,44
1148,490,233,228,244
619,243,239,236,255
1086,143,55,54,58
702,139,47,49,50
147,372,41,41,45
562,256,232,231,254
946,446,48,47,52
722,385,46,45,50
228,462,79,76,53
416,227,225,224,248
1084,358,253,251,255
56,410,45,46,47
248,337,41,43,45
468,274,85,84,94
905,342,43,43,47
382,319,44,45,50
363,427,42,43,48
598,217,235,231,254
923,192,45,45,49
1005,301,49,48,51
68,276,40,34,35
434,244,79,60,75
415,487,119,111,120
349,426,42,43,44
319,126,34,28,28
703,55,45,46,49
315,322,44,44,45
631,192,237,236,255
1138,388,229,229,245
822,376,46,44,49
926,160,47,46,52
1061,255,50,49,53
405,343,43,42,42
1159,373,235,234,251
17,143,164,27,38
651,308,40,44,48
1074,338,50,50,51
607,26,51,48,50
139,240,60,46,72
1139,85,234,230,245
425,82,35,38,39
47,36,45,35,40
1035,121,49,49,52
836,457,49,44,51
925,183,49,49,51
983,297,43,47,51
655,62,48,46,49
335,299,43,43,45
783,360,44,43,50
271,434,68,69,54
303,176,189,185,205
1134,428,234,228,244
298,90,32,27,30
380,225,210,210,231
978,467,47,47,52
403,418,41,43,47
969,110,47,48,52
429,182,50,48,51
47,332,38,40,38
162,332,38,37,40
999,438,49,49,52
117,301,32,32,34
198,382,43,43,47
1066,226,49,49,52
157,125,173,182,196
43,181,175,34,45
1102,63,235,236,254
707,212,235,233,254
916,129,47,47,52
1,470,49,50,54
791,214,241,241,255
205,294,41,41,41
387,396,45,43,46
1134,213,227,227,243
322,25,43,40,42
1187,34,241,237,250
1021,18,100,76,59
319,168,40,37,36
303,272,45,45,48
16,133,159,25,34
1162,249,238,232,253
764,72,46,45,52
258,73,47,46,52
170,435,126,124,121
989,192,47,48,51
999,361,48,46,50
292,321,42,41,47
1130,447,228,224,241
702,248,47,47,51
721,451,46,46,50
939,330,46,45,49
765,120,45,45,49
690,62,51,47,49
856,135,50,48,52
1015,310,46,48,52
140,471,44,46,50
684,107,43,45,49
1116,424,232,230,247
461,173,41,46,48
111,132,158,34,39
464,118,42,40,44
27,215,28,32,30
1187,292,237,234,254
831,178,45,47,52
748,373,43,46,49
634,417,42,43,46
750,337,49,46,51
8,21,225,221,249
59,386,45,44,47
70,478,87,75,73
102,418,51,49,52
574,341,44,43,49
608,99,43,44,46
611,60,48,52,59
1051,214,48,47,53
459,115,40,43,46
251,136,34,26,31
382,52,31,28,30
982,64,102,86,73
539,355,41,43,47
13,48,60,61,66
432,478,21,20,21
750,416,44,44,50
752,280,49,47,49
744,75,46,47,52
1099,139,237,237,255
190,23,159,31,40
294,109,32,25,26
546,58,46,43,51
399,365,45,44,48
607,411,42,42,43
583,154,44,43,50
140,301,39,35,38
50,51,114,107,116
96,297,36,33,33
2,374,43,45,45
757,367,45,45,49
1094,373,245,242,255
1190,435,236,234,249
485,394,44,45,46
179,70,139,127,146
281,91,34,30,29
123,171,218,218,242
278,308,43,42,48
472,258,71,69,76
414,103,41,38,42
272,11,42,33,43
1102,387,240,238,255
167,214,193,189,212
726,251,240,236,255
518,385,41,42,45
94,253,217,216,237
350,329,44,41,44
800,289,46,46,51
1101,248,236,236,253
1134,65,230,227,243
37,467,51,49,53
884,406,45,46,49
691,409,42,43,48
575,336,44,43,46
468,72,43,41,47
915,204,46,48,50
557,119,42,45,46
945,189,50,47,51
845,300,45,46,52
730,249,239,240,255
493,0,50,47,46
326,198,195,195,218
754,124,50,48,49
931,392,43,45,47
176,2,168,146,164
119,270,215,212,238
288,309,41,45,46
1164,321,238,236,250
296,449,61,61,52
1098,55,239,237,255
139,430,49,46,51
411,245,63,60,67
65,329,32,33,34
652,297,45,44,47
1153,160,234,235,248
927,127,49,47,50
285,329,43,42,46
1080,86,243,241,255
1188,375,238,238,253
584,298,45,45,49
735,160,46,46,50
1131,18,229,228,243
958,50,85,67,59
961,1,101,81,67
1195,53,239,236,252
69,74,28,27,26
880,425,96,107,165
782,427,44,46,51
256,197,184,182,203
623,326,41,43,47
1127,184,232,227,244
947,212,49,46,52
186,209,188,186,206
1003,92,45,50,52
716,42,110,79,65
245,83,48,49,56
290,365,46,44,44
473,39,77,60,48
169,132,109,109,124
730,161,46,48,48
758,6,50,49,50
96,313,38,30,34
663,464,87,66,51
1143,263,230,229,245
551,39,45,44,44
5,437,52,52,52
112,137,41,24,31
631,201,239,233,255
993,105,50,46,52
314,188,189,188,209
1020,28,94,72,61
193,310,37,42,44
332,110,28,28,29
440,193,222,222,244
658,489,101,75,55
394,4,38,30,30
1104,414,239,239,254
512,183,218,217,239
227,334,42,44,46
713,487,148,141,151
1046,153,48,48,52
432,210,221,221,242
1030,313,46,46,51
214,104,44,47,55
623,154,47,44,48
281,473,108,98,69
550,405,41,41,44
1054,355,53,50,53
39,76,111,99,103
1107,263,231,229,248
127,23,30,32,32
586,114,46,45,46
378,121,33,35,36
199,137,36,35,38
244,258,197,194,215
150,424,49,49,51
827,86,48,47,51
902,492,174,158,84
922,386,43,46,48
249,79,48,48,53
750,160,47,47,49
966,342,49,47,50
217,380,40,45,45
213,122,38,36,37
839,17,90,87,80
312,244,59,55,60
329,40,72,58,58
955,197,46,47,50
67,338,39,38,42
80,459,54,50,52
866,121,50,47,52
1145,469,228,225,244
607,281,43,44,48
177,72,133,123,140
236,194,186,182,203
489,158,50,50,50
667,313,46,45,49
457,254,101,103,120
288,495,47,46,47
213,126,32,34,39
788,193,48,46,53
36,186,104,99,106
1179,208,241,236,255
818,53,52,49,53
143,395,45,44,45
443,322,45,45,44
935,143,51,48,50
632,242,46,48,47
828,141,51,45,52
72,13,233,234,252
25,331,35,38,42
26,436,50,50,51
175,152,33,35,40
834,335,47,47,50
192,25,161,35,48
276,246,196,190,210
809,400,45,47,50
642,275,42,45,48
457,295,46,48,48
144,467,48,47,52
343,286,44,42,47
459,94,40,41,45
69,348,40,41,42
579,215,233,234,255
1021,298,48,47,54
272,289,43,44,48
783,96,45,49,50
1166,268,240,236,255
140,110,88,35,39
40,397,43,45,48
1103,69,237,235,252
411,239,62,63,72
1059,27,76,69,63
199,4,155,30,36
768,447,45,47,52
526,263,227,226,247
918,185,46,48,54
166,152,38,40,43
1102,218,238,239,255
79,123,156,28,35
65,210,125,128,132
1132,160,228,226,243
481,246,55,51,60
522,464,160,159,173
1194,7,238,236,250
403,282,46,46,49
710,157,49,45,51
1131,435,227,225,242
968,401,45,44,50
329,263,209,207,227
437,235,230,227,250
527,258,224,226,249
691,347,45,45,47
536,140,41,46,46
224,348,45,44,45
574,418,43,42,46
1124,485,228,226,244
1171,244,234,234,251
500,447,167,169,185
1091,17,85,83,83
236,192,188,185,204
690,312,45,45,50
639,497,146,143,155
232,51,208,202,218
387,497,83,79,54
469,60,43,41,46
571,365,42,42,46
687,194,239,238,255
562,81,44,44,47
103,362,41,41,42
134,388,40,45,44
891,125,47,49,50
211,278,209,208,230
858,348,44,47,49
625,72,44,43,48
931,37,193,144,93
22,388,44,45,48
488,324,42,44,48
1047,238,48,49,53
320,395,41,43,45
72,204,134,133,150
279,210,140,138,156
828,401,45,45,49
398,367,43,44,46
865,289,47,45,51
579,339,44,44,47
425,42,34,28,32
316,58,31,26,29
788,329,47,44,48
1090,12,81,74,79
1197,374,242,236,252
809,474,171,167,179
272,454,66,65,52
1069,133,48,50,56
1138,313,233,226,242
514,260,224,223,245
811,42,49,50,53
809,375,42,45,48
260,366,42,44,46
694,0,51,48,53
35,163,171,29,37
612,499,141,139,140
1192,475,236,236,247
268,18,33,31,34
528,267,158,160,199
155,325,36,39,43
934,430,91,103,70
14,301,35,34,36
460,282,48,50,53
57,290,39,30,32
829,278,49,47,52
8,12,186,188,197
849,351,46,45,50
888,486,172,159,102
1153,218,236,232,249
631,388,42,41,48
1098,193,245,243,255
75,85,148,24,32
596,127,43,42,50
1014,100,47,50,51
30,406,45,45,50
787,198,49,49,55
948,21,110,76,62
1099,434,241,236,253
1080,300,52,52,57
1197,193,240,240,255
1053,336,49,49,52
869,19,99,96,94
118,195,217,219,245
710,445,44,46,47
331,74,31,25,25
200,153,33,29,30
981,31,101,78,64
753,112,44,47,50
619,251,237,237,255
992,396,42,47,51
306,358,45,45,47
338,410,41,43,46
696,251,47,46,50
594,229,235,236,255
651,83,45,46,48
138,446,46,48,51
380,110,29,34,33
1088,290,254,255,255
750,495,158,152,146
806,489,157,156,164
1168,211,241,237,253
1030,287,46,49,53
473,251,77,80,84
497,89,45,41,44
279,262,201,199,220
882,20,96,98,97
723,63,43,46,48
28,15,229,225,249
302,472,129,119,94
625,111,46,46,46
629,25,51,49,53
1135,209,228,228,242
53,458,48,47,50
918,405,50,46,50
923,35,176,147,102
746,427,49,46,50
41,314,36,36,38
975,102,45,48,52
919,252,49,50,52
692,381,48,45,49
827,6,91,91,85
827,114,51,49,51
787,463,49,49,52
509,487,122,99,67
292,127,32,24,31
115,387,40,40,45
564,278,44,44,50
875,169,49,45,51
891,274,53,48,56
1144,25,232,232,248
286,303,39,43,47
237,215,188,185,203
1069,100,52,50,55
1123,88,230,227,244
1145,325,229,230,243
456,199,228,226,245
248,101,35,36,39
345,395,41,42,45
193,234,194,191,210
108,34,190,188,207
751,80,46,45,50
576,238,236,234,255
151,1,31,26,30
1101,27,241,238,255
795,259,242,240,255
901,312,44,47,49
360,168,41,40,46
760,459,48,46,50
1100,135,240,239,255
613,285,43,44,46
723,411,45,44,47
808,242,223,225,253
489,468,151,155,169
610,11,46,49,54
99,248,220,214,239
553,135,47,43,46
1089,152,245,250,255
172,158,33,37,40
476,129,42,43,45
963,124,43,48,51
510,200,213,217,235
407,122,44,40,41
1174,140,239,237,252
1032,306,49,47,53
427,106,38,41,41
328,97,29,26,30
263,438,64,62,54
1109,167,237,235,253
285,147,27,30,31
245,356,42,45,47
226,412,44,44,49
882,6,90,84,80
1154,122,238,234,251
749,468,135,132,110
561,118,42,45,46
467,496,111,103,61
762,87,47,45,50
753,237,235,234,250
660,51,46,46,48
199,473,49,48,50
654,357,41,43,46
1056,359,47,48,54
1197,2,239,236,254
598,4,110,101,93
791,89,49,48,51
1099,388,242,240,255
419,447,140,132,128
493,35,81,64,50
939,227,48,46,52
377,157,42,41,43
1028,367,47,48,49
1181,444,237,238,253
438,330,45,44,49
541,4,82,69,53
489,194,83,76,70
234,97,39,39,44
986,239,45,46,49
1144,256,228,229,244
635,72,46,48,49
514,37,66,58,56
850,19,88,87,78
353,416,42,44,46
1183,6,237,236,254
575,334,44,44,46
371,226,210,209,231
747,22,49,48,49
783,320,47,46,50
1171,353,237,234,252
1191,315,238,238,253
542,116,47,43,46
242,353,43,42,45
647,340,43,42,47
443,136,39,42,44
220,398,42,45,47
620,75,46,44,49
829,391,45,44,47
1180,160,240,238,252
319,127,32,28,28
1034,258,46,46,52
190,441,49,46,51
146,318,37,35,37
580,319,42,45,49
1121,181,232,229,246
212,351,45,43,46
1166,303,238,233,249
545,394,43,42,44
104,378,41,42,43
884,297,46,44,50
714,92,46,47,48
780,322,47,44,50
913,26,139,120,104
1188,50,242,235,253
36,193,72,66,79
896,442,59,48,54
840,246,151,148,206
192,341,43,41,45
208,372,42,43,49
721,313,47,46,49
448,459,144,131,138
1084,454,78,80,78
120,241,50,45,63
370,474,56,57,52
807,407,50,48,53
962,56,67,58,56
193,425,61,58,61
342,247,205,204,225
531,317,45,41,45
479,121,40,41,47
914,1,112,74,64
697,65,50,47,51
638,272,46,46,50
183,434,46,48,49
425,153,43,43,45
473,282,43,47,52
143,146,224,228,245
711,294,44,44,50
1123,300,229,227,244
373,221,208,204,229
880,478,52,49,51
267,355,50,44,47
56,58,114,105,111
609,339,41,43,48
159,162,41,41,45
792,378,43,47,48
127,359,35,40,43
1095,44,231,231,252
799,289,46,47,50
374,190,201,199,220
213,293,43,40,46
3,72,105,98,104
603,207,229,230,255
633,66,42,45,46
1011,41,105,83,64
152,248,205,205,227
472,304,52,51,51
1149,103,237,231,248
723,132,44,47,49
23,218,30,29,32
1144,147,236,232,249
173,250,202,199,222
846,106,45,47,51
158,331,38,39,40
200,97,108,111,127
719,263,51,49,54
371,436,163,161,166
931,32,93,67,59
762,69,47,46,50
844,208,46,49,53
832,62,47,49,52
1031,163,48,50,54
727,374,44,44,48
472,257,75,76,81
650,332,43,44,47
1103,428,239,238,253
2,322,40,39,43
853,445,43,46,49
380,416,46,42,48
125,381,43,44,46
279,186,189,186,206
730,65,44,47,49
517,423,44,41,43
558,119,44,42,46
117,277,217,213,236
401,261,228,226,247
491,401,41,42,43
338,466,129,122,111
957,115,47,48,50
222,104,34,38,42
485,80,42,44,44
982,252,46,46,51
152,77,157,145,165
50,455,46,47,50
220,141,30,27,25
917,3,120,78,62
466,405,49,44,49
195,265,204,201,225
333,118,33,28,29
211,14,187,162,172
468,270,104,101,118
509,85,24,27,24
200,118,36,36,41
752,177,47,48,49
441,101,43,41,41
1182,432,238,235,250
607,75,45,45,47
427,479,99,95,101
1095,419,246,244,255
60,283,38,34,36
915,69,84,83,80
415,51,32,29,30
1121,333,230,227,244
1148,474,230,227,244
241,481,60,56,53
131,87,154,138,158
455,424,58,55,62
39,84,188,183,203
877,417,49,46,51
765,53,46,44,50
934,371,44,50,50
420,497,195,196,213
674,172,52,48,51
1159,278,237,234,250
107,183,250,247,255
424,52,36,31,34
311,136,32,27,32
217,228,188,191,209
251,264,201,201,221
714,287,43,46,47
726,438,46,44,49
248,484,56,55,52
315,175,188,185,206
719,106,45,47,50
192,126,41,43,48
161,255,210,206,226
419,215,223,219,242
676,34,49,50,53
268,63,47,48,54
982,28,100,78,60
730,475,154,149,166
232,353,42,43,46
53,104,150,23,33
449,364,85,85,92
696,364,42,45,50
1135,487,228,227,242
633,131,47,46,49
930,33,114,80,65
197,141,32,34,38
284,272,44,44,44
670,41,47,46,49
925,21,108,73,64
671,72,48,45,48
269,247,194,193,211
128,9,186,182,203
1109,349,236,235,253
768,90,46,45,51
768,79,46,48,50
848,475,55,50,51
440,219,65,49,69
703,64,45,47,50
1128,32,228,226,244
227,189,191,183,205
402,431,46,44,47
450,379,23,20,21
215,62,39,30,34
291,54,41,39,41
515,77,33,29,30
989,231,41,48,51
793,476,170,163,169
1005,39,110,83,64
1118,245,233,229,245
867,87,48,47,53
193,466,46,45,50
123,239,190,193,207
282,179,189,184,204
246,421,47,45,47
428,366,43,42,45
171,416,44,45,48
309,188,187,186,203
704,237,237,237,255
996,237,48,49,51
475,202,229,227,252
1020,197,47,47,52
144,170,139,136,162
53,71,34,25,28
733,29,50,48,51
926,237,43,49,51
891,215,47,48,54
848,350,47,44,50
306,99,29,28,24
77,24,108,99,110
901,305,44,46,51
456,148,45,44,46
1054,93,59,56,59
556,340,43,43,46
773,91,43,44,47
857,28,95,92,87
1126,96,227,226,239
993,192,46,47,54
200,287,40,42,44
1062,190,49,49,54
1086,195,91,89,99
892,359,46,44,49
417,22,37,29,28
629,394,43,45,46
314,358,39,44,45
326,77,32,26,29
117,402,46,43,48
322,255,208,205,224
1085,334,65,64,61
503,361,43,44,44
739,158,48,46,47
1172,95,240,236,252
1006,69,58,56,56
988,441,155,159,131
204,229,116,114,147
619,345,44,44,45
86,188,120,116,136
1099,9,243,242,255
775,262,238,238,255
231,121,35,27,34
1154,401,236,232,248
173,95,164,156,168
145,167,41,47,55
278,179,191,184,203
355,354,47,45,49
5,301,37,35,38
142,259,212,210,232
677,339,44,43,47
835,143,48,48,52
1152,125,233,234,250
1073,242,52,53,55
620,282,43,43,48
878,160,45,45,52
938,346,45,45,49
293,386,43,44,45
318,260,204,204,230
802,171,44,45,50
1176,347,238,236,254
542,249,227,229,254
35,107,40,29,35
217,115,33,36,40
1148,102,233,231,245
910,181,49,48,51
461,240,121,125,155
976,337,48,49,54
335,122,31,31,29
826,16,84,81,76
185,421,51,49,51
189,370,44,42,45
757,468,116,117,87
373,239,207,210,232
453,83,39,40,42
664,3,51,49,52
112,145,201,189,209
35,412,44,45,49
593,51,43,44,47
776,331,48,47,50
352,114,30,29,30
208,414,45,44,46
1133,181,229,228,246
450,434,125,115,121
244,20,199,186,211
723,499,151,148,159
646,25,51,50,52
277,77,36,33,35
742,403,46,46,49
1090,171,72,65,74
298,450,68,64,54
1173,343,235,234,248
836,88,47,47,51
976,482,45,46,51
1185,436,239,234,254
313,196,191,188,208
904,309,44,46,50
53,84,189,190,211
1053,362,46,49,52
512,67,29,24,29
519,477,115,108,93
645,206,127,122,164
38,411,47,43,49
815,258,238,239,255
661,128,49,46,50
553,470,153,151,165
801,343,45,48,52
587,88,44,45,47
1018,360,48,49,52
1003,22,121,90,66
317,215,194,190,209
13,375,40,42,45
109,437,64,64,63
81,287,39,34,38
1180,358,240,234,253
542,250,226,229,253
825,185,48,49,52
239,237,188,188,203
119,283,42,36,50
315,196,194,193,213
25,478,47,46,48
861,171,44,47,50
669,365,43,43,45
1098,399,245,242,255
1063,136,51,49,54
569,71,42,43,47
1085,414,72,72,75
10,296,39,32,36
273,90,33,30,31
276,260,200,197,218
856,131,46,46,50
643,431,47,42,48
317,339,44,45,48
1186,176,240,238,255
105,253,217,214,237
781,134,50,49,53
377,218,208,205,228
355,296,45,43,46
264,111,35,28,31
327,356,42,42,46
100,182,167,166,191
485,295,49,48,48
1059,203,52,50,54
817,277,49,47,51
598,379,46,43,47
136,344,37,36,40
749,236,190,184,212
979,385,44,46,49
159,252,208,205,229
189,139,35,37,42
85,324,39,35,39
360,353,43,43,45
919,217,47,47,51
622,191,241,236,255
1021,322,47,48,50
95,413,43,44,48
1151,232,235,234,248
1137,91,230,228,244
326,262,209,208,230
1120,363,233,232,246
1190,363,236,235,251
1121,52,229,230,244
514,446,164,165,176
251,215,187,184,205
92,323,33,32,36
966,137,48,47,52
1035,340,48,49,52
426,426,46,46,49
905,233,242,239,255
1158,57,237,235,250
667,290,44,44,48
144,324,35,38,40
322,353,42,42,49
284,335,41,43,42
188,155,37,34,38
413,481,122,114,113
589,80,46,42,48
827,353,46,46,49
314,311,45,41,47
925,202,47,48,49
420,412,45,44,48
1161,154,236,233,250
35,315,40,37,38
970,241,47,46,52
1082,211,122,119,141
956,413,44,43,51
661,396,75,86,103
106,382,42,41,44
340,216,199,197,218
731,311,47,49,50
756,47,46,49,52
385,497,83,77,55
1022,233,52,49,52
1117,168,232,230,247
257,375,46,45,46
938,375,47,46,50
469,447,176,182,200
518,230,58,58,61
479,151,43,42,48
418,4,39,31,31
196,374,44,44,48
1023,386,47,46,53
422,260,227,227,252
896,260,241,237,255
344,349,44,43,47
514,437,154,154,171
289,162,41,38,44
1059,265,49,50,53
298,189,190,184,207
138,487,49,50,52
244,291,45,45,47
670,247,45,46,49
920,359,47,46,50
234,293,42,43,45
109,222,202,201,224
673,212,68,56,73
414,138,45,41,45
705,187,236,235,255
14,102,141,18,30
34,331,38,40,42
926,480,53,58,57
753,158,50,48,49
880,317,48,45,55
376,152,39,40,43
710,488,141,130,132
191,168,40,33,38
336,88,29,28,28
490,195,171,168,172
831,182,48,48,51
47,268,30,26,30
933,466,46,46,52
862,223,238,238,255
625,181,132,130,109
603,99,45,44,48
1194,65,239,236,252
608,40,47,43,47
649,83,44,48,48
68,24,82,74,91
230,122,32,28,33
131,330,38,35,38
529,325,42,44,48
283,41,40,40,49
1055,153,48,50,54
1136,160,228,229,243
30,114,148,18,31
982,202,52,49,52
236,279,203,203,227
637,27,50,48,53
772,32,49,50,53
973,242,47,46,50
467,119,39,42,46
674,118,43,46,48
577,112,48,44,48
1081,122,252,247,255
932,453,74,96,114
1003,179,47,49,53
385,218,208,207,228
1031,370,49,48,53
112,351,40,37,39
484,83,44,43,44
820,16,73,69,64
949,123,48,47,51
491,279,46,46,48
934,223,46,46,51
1049,65,104,91,78
340,275,46,45,46
104,90,155,29,39
49,32,157,156,156
935,419,47,44,50
318,357,42,45,44
926,352,49,47,49
1035,23,107,83,64
54,134,155,25,36
238,480,54,51,50
893,83,48,48,53
439,497,171,174,190
1111,251,233,232,249
1170,146,235,233,251
814,120,43,46,49
298,285,43,44,49
583,16,95,84,68
1016,292,46,46,50
1018,480,46,48,52
309,377,43,41,45
997,438,48,47,52
806,161,49,48,50
464,47,39,39,41
721,170,46,46,52
457,161,42,44,45
158,46,152,133,156
55,29,50,39,45
280,353,43,42,48
831,10,89,87,81
505,171,51,49,53
710,156,47,45,51
66,230,34,33,40
371,325,44,43,47
4,63,26,23,24
662,213,68,61,93
1136,172,228,228,244
995,373,48,48,49
923,124,46,49,54
11,2,225,225,248
931,478,48,48,53
294,355,39,43,47
247,46,112,115,131
1001,396,47,48,51
1131,288,229,227,243
734,112,43,45,51
223,263,201,199,220
1004,369,49,48,51
831,279,46,47,50
383,458,125,122,136
281,354,44,42,47
739,39,49,47,51
45,85,190,189,210
663,398,43,43,49
986,67,97,85,75
687,424,45,43,49
1100,12,240,239,255
931,90,48,49,50
328,149,31,31,36
592,360,44,44,47
442,467,145,114,109
764,420,49,50,48
574,378,41,41,45
1156,199,239,235,250
722,218,197,192,239
876,56,94,90,86
573,80,45,43,49
738,283,45,45,50
803,73,47,46,47
143,180,210,209,236
776,272,236,234,254
1140,74,231,229,245
622,212,57,58,59
554,488,128,119,106
346,468,68,68,58
358,87,32,26,29
934,495,171,157,83
104,45,92,86,107
835,438,46,48,50
942,326,43,46,50
800,461,47,47,51
282,45,41,42,47
958,169,45,47,51
1192,448,237,235,251
961,82,50,48,54
367,371,37,44,48
598,380,42,42,46
18,433,55,51,53
225,385,43,44,47
105,213,215,215,239
330,498,136,133,149
683,281,45,45,48
242,12,182,173,195
1176,252,240,236,252
69,7,230,229,255
122,117,162,30,40
1089,499,242,239,255
834,186,43,47,52
1004,276,47,46,51
820,407,53,49,51
975,451,110,99,70
733,459,100,93,81
235,400,41,43,44
978,227,45,47,50
16,100,136,21,31
102,81,169,150,172
568,312,41,44,45
45,130,152,23,28
1189,172,236,235,255
614,255,51,48,57
425,421,44,44,47
748,326,43,45,49
157,73,159,144,167
330,330,46,42,46
199,241,196,193,213
742,315,51,46,48
965,220,45,46,52
915,57,78,72,66
1164,203,235,236,251
916,210,47,46,51
795,409,147,144,181
896,262,239,239,255
832,0,94,91,85
1002,199,46,48,49
377,468,58,53,53
157,466,112,93,58
939,157,48,48,52
1115,122,231,229,250
481,420,46,42,47
1128,348,230,226,243
644,223,235,235,255
164,252,202,202,225
1054,236,47,50,52
3,182,81,88,81
632,55,42,45,46
1054,490,50,49,54
372,292,44,42,47
390,156,42,41,42
200,2,155,29,40
684,282,43,45,52
572,478,125,115,101
40,189,109,106,112
4,23,227,224,246
366,39,33,24,29
1136,260,231,227,244
1183,80,239,236,253
669,229,238,237,255
275,328,46,43,46
380,383,42,44,45
773,424,49,51,51
782,159,46,46,49
23,138,158,25,35
108,311,37,32,37
721,292,41,45,48
318,333,40,44,46
831,311,47,46,52
113,58,150,132,152
783,190,48,48,53
849,331,46,46,52
70,112,153,24,32
999,427,45,47,51
298,215,190,188,209
1036,484,46,46,51
189,96,114,117,131
1099,45,238,235,255
402,329,39,42,45
734,491,148,144,153
490,268,67,59,79
576,379,40,42,45
279,483,74,70,54
662,345,43,45,47
814,265,48,50,55
165,400,39,43,46
911,54,82,76,73
285,306,44,42,45
429,214,216,217,241
752,184,51,50,55
580,143,46,45,48
608,23,50,48,51
835,256,237,238,255
874,239,239,238,255
141,105,180,167,189
810,352,48,47,52
288,241,195,192,213
17,266,32,27,32
992,130,50,47,53
101,286,38,35,36
72,63,185,185,206
312,395,45,44,46
595,414,43,42,46
1143,81,234,230,245
1173,488,235,234,252
1077,312,230,237,252
738,426,45,43,50
1025,367,45,48,49
1028,192,47,48,53
1142,369,231,229,245
580,382,43,43,45
497,182,193,191,207
285,63,37,39,40
742,34,50,50,53
653,475,81,64,55
915,234,221,227,255
475,192,222,220,240
931,116,52,45,50
1023,111,46,48,53
557,117,45,44,49
29,28,230,226,248
1143,151,232,231,246
983,242,49,47,51
193,210,109,92,115
502,344,44,43,44
1073,273,52,52,56
1128,121,229,228,244
368,1,41,33,30
146,68,155,142,166
662,380,44,45,45
766,361,45,45,52
70,363,46,42,47
1093,329,239,237,255
694,107,42,45,48
809,401,48,51,52
396,395,43,46,45
630,329,44,44,46
205,363,44,42,48
969,164,47,46,52
1037,101,50,48,53
656,163,45,47,48
1146,335,235,232,247
1006,25,111,86,66
1179,303,230,224,243
185,371,40,43,44
524,132,43,45,48
64,25,51,34,43
1059,175,48,51,55
1088,210,77,71,74
235,252,196,193,215
1144,353,235,230,243
451,468,180,185,202
665,109,44,45,50
301,112,33,26,24
685,22,45,51,53
581,251,238,235,255
1195,392,239,238,253
502,425,42,43,48
875,177,50,47,55
229,487,55,54,54
218,51,203,192,214
983,337,44,46,46
5,419,52,52,53
1140,238,230,226,244
17,262,34,29,32
198,199,186,183,202
485,86,46,43,44
604,250,235,235,254
893,62,95,94,88
537,353,42,41,44
211,82,113,114,132
969,448,56,46,48
259,67,44,46,50
828,144,46,48,51
391,485,79,73,67
52,491,89,77,71
224,294,41,43,43
680,2,49,50,52
221,386,43,44,45
733,55,49,46,50
124,371,36,40,43
486,100,43,43,45
1140,233,230,228,243
715,425,48,46,48
1130,71,228,227,243
803,247,240,237,255
32,476,47,50,48
865,311,48,47,53
953,301,46,45,48
1074,106,50,53,54
468,154,44,42,47
861,339,44,46,49
575,222,237,236,255
619,411,41,43,45
968,335,45,46,50
1003,254,47,48,52
58,262,40,33,35
173,181,194,192,212
827,407,48,47,49
1130,20,229,228,245
1160,339,236,237,251
287,378,38,42,46
258,216,189,187,207
855,469,48,47,49
769,496,167,162,177
213,303,42,40,46
322,60,29,27,26
364,484,74,67,57
575,328,39,42,46
64,79,33,26,28
262,262,197,196,216
1153,152,237,234,251
48,198,100,97,101
184,198,138,132,157
28,143,162,26,38
1081,265,49,52,58
587,487,89,84,63
726,289,44,45,50
638,77,46,43,49
545,119,44,43,48
1179,32,239,236,252
99,182,161,168,185
1017,343,51,48,50
971,444,48,43,56
334,91,31,25,28
64,204,58,57,63
915,383,42,46,49
857,128,46,48,50
1147,139,236,229,248
1011,395,45,47,51
1032,319,48,48,53
420,435,45,46,50
314,310,42,42,46
6,104,140,18,30
31,182,114,110,105
212,442,45,46,48
829,435,50,46,51
49,191,110,102,100
270,419,40,44,47
8,279,35,29,33
856,117,42,48,52
515,190,220,217,240
591,377,43,43,46
18,58,37,36,42
1100,18,237,238,255
646,260,46,42,49
428,373,42,43,47
1018,369,44,46,51
767,202,57,53,60
741,21,48,48,52
498,256,221,217,238
406,413,46,44,48
27,360,42,43,45
199,230,194,190,211
102,255,219,214,236
867,447,49,49,55
662,372,40,43,46
109,312,36,32,34
908,480,51,48,50
449,264,234,233,255
996,202,48,50,53
227,124,36,30,32
832,46,80,71,61
1047,469,47,49,51
93,390,39,45,46
609,393,39,45,48
782,382,46,45,50
894,32,104,99,102
273,65,42,43,48
545,466,146,146,155
1060,343,52,49,56
715,484,154,144,155
560,99,44,44,48
1135,387,230,227,244
178,468,56,55,52
55,350,43,42,45
492,173,26,21,23
10,43,61,63,66
1179,281,236,236,249
239,198,178,177,194
186,133,39,42,46
577,89,44,42,49
1103,44,235,234,252
478,422,44,42,47
757,269,50,48,56
994,55,100,79,64
88,272,32,33,34
858,66,48,47,53
555,91,44,43,48
1000,182,43,48,51
699,469,126,102,71
1030,444,46,48,52
303,321,40,41,48
1095,271,237,237,255
84,39,120,112,119
202,230,63,46,62
965,244,45,48,51
281,490,81,73,57
471,451,154,157,177
658,194,242,238,255
81,418,55,56,52
690,458,117,95,64
961,81,49,47,52
1146,110,237,232,249
441,312,45,43,46
724,28,57,53,54
550,384,41,42,46
153,278,209,210,235
382,37,38,27,29
392,297,45,45,46
864,287,46,47,52
190,282,210,212,237
614,87,48,45,47
610,190,237,233,255
305,149,31,29,34
894,88,44,47,51
395,206,205,205,228
542,386,43,43,45
487,425,43,41,46
714,11,60,53,56
960,389,46,46,53
724,309,41,45,50
753,295,46,42,49
1087,166,61,59,64
1029,196,45,49,52
16,483,46,47,49
664,361,42,43,44
656,446,45,43,46
198,402,44,45,49
631,286,45,44,47
1072,428,243,246,240
760,367,44,43,49
787,38,49,51,52
341,276,44,43,47
1195,211,239,238,255
465,40,63,51,46
980,396,46,46,49
544,265,227,230,253
670,381,43,44,45
302,485,79,84,87
254,240,185,182,200
780,195,49,48,52
987,201,47,49,50
851,338,48,46,48
972,125,49,47,53
262,128,32,23,31
415,420,46,44,48
905,191,46,49,50
365,115,33,30,33
368,397,45,44,45
162,41,151,135,156
574,103,43,44,47
28,32,232,229,252
72,339,36,37,37
107,351,33,38,40
184,6,156,25,38
981,426,44,46,49
242,23,200,186,208
1115,116,227,230,246
353,446,77,75,56
1066,85,79,71,65
163,338,41,40,42
1199,456,236,233,250
1052,471,50,50,54
200,135,35,33,39
214,87,125,126,148
985,477,44,48,48
161,478,44,48,49
100,77,148,132,154
422,492,192,198,209
410,24,38,29,30
79,100,152,26,34
927,491,169,158,101
58,95,148,31,38
937,348,42,45,49
946,207,47,45,50
1069,131,49,51,54
324,69,32,26,30
740,485,91,91,79
653,418,40,44,46
914,14,206,152,80
1110,135,230,232,253
1164,19,236,235,250
1032,458,46,49,50
538,179,225,223,247
190,359,41,43,48
427,387,42,43,49
184,447,95,93,92
488,481,113,109,63
884,441,48,44,50
703,183,204,201,217
1059,353,48,50,54
591,146,48,44,48
380,341,43,43,47
698,445,41,46,47
1147,322,233,230,249
394,264,217,218,243
899,50,104,100,99
914,431,58,77,113
1169,279,242,236,252
749,56,49,43,51
277,308,43,43,47
1129,57,226,228,244
641,484,147,149,157
448,404,26,25,24
738,183,51,51,52
410,395,41,42,46
924,34,199,162,112
656,472,83,64,53
1102,475,235,233,250
753,67,46,46,48
725,458,106,99,94
1162,176,236,234,248
321,274,43,44,46
411,274,58,52,71
912,433,54,50,58
756,367,43,45,48
562,482,152,144,133
830,61,45,48,47
895,226,235,236,255
248,282,206,203,224
323,390,44,44,49
252,407,45,44,47
196,245,199,197,219
731,48,47,48,49
584,391,43,41,45
888,473,47,52,48
380,238,210,211,237
525,276,48,47,52
423,374,49,44,46
456,31,67,53,46
54,480,43,45,44
31,412,49,46,52
274,199,185,184,204
782,149,47,45,53
463,132,43,42,48
685,23,50,51,55
200,439,49,46,50
584,393,43,40,47
29,104,39,29,34
1170,413,237,234,250
353,192,196,195,213
226,126,33,32,34
121,402,42,44,48
803,116,44,49,49
1009,205,45,48,52
583,133,44,43,49
430,367,40,45,47
540,20,50,46,46
615,479,175,170,177
45,362,42,41,45
1184,272,238,235,252
1196,296,241,237,254
189,316,43,38,44
415,333,42,43,48
206,128,37,37,39
826,257,241,239,255
847,130,46,46,50
572,437,72,66,54
756,472,139,136,136
708,409,45,45,47
1115,78,233,229,248
958,462,47,47,52
754,80,45,46,48
777,324,50,44,50
651,75,44,46,47
814,186,45,47,50
1024,158,49,50,50
1145,485,227,226,241
599,335,44,42,45
208,2,164,86,100
219,168,45,32,41
593,387,42,42,46
249,86,42,46,49
377,183,197,199,220
236,451,50,50,49
745,255,242,237,255
1109,419,234,232,251
1191,366,239,238,251
354,401,44,44,45
997,144,48,48,53
749,244,240,237,255
244,329,42,43,43
486,479,111,113,70
110,315,33,33,35
240,27,195,184,207
219,375,39,43,44
91,147,160,30,37
59,192,42,30,35
309,489,51,49,57
105,139,158,35,57
300,367,41,43,46
771,92,48,46,48
682,241,45,49,57
485,449,176,181,196
488,346,44,43,47
459,454,184,191,206
744,279,42,46,50
1009,112,46,48,54
138,456,49,47,52
790,437,50,47,53
272,3,207,194,216
53,176,171,33,41
1088,138,64,64,64
870,456,48,46,51
689,233,237,238,255
823,371,44,47,50
828,448,46,47,50
333,58,29,22,23
961,269,50,50,52
400,99,39,37,37
244,319,44,43,45
986,316,47,44,53
234,402,43,44,49
803,381,45,46,49
461,465,183,186,202
781,249,240,236,255
852,411,47,45,52
973,401,47,45,50
592,384,42,45,46
250,84,46,44,53
801,198,50,45,50
854,35,89,89,82
224,134,33,30,33
943,272,46,47,49
98,167,35,28,29
608,409,39,42,47
415,15,35,23,29
1185,244,238,234,252
1072,454,100,99,75
256,290,39,44,46
308,122,32,30,29
613,463,106,103,107
159,309,34,36,39
796,78,46,48,49
999,203,46,46,53
846,38,82,80,70
686,128,46,46,49
193,236,197,193,213
366,219,206,206,228
375,147,38,37,41
1142,0,235,229,246
790,377,44,43,47
773,122,45,45,50
550,39,47,44,47
351,479,76,74,74
341,294,44,42,48
553,16,50,48,48
617,219,231,234,254
793,194,48,51,53
519,498,109,104,84
303,281,44,44,45
448,12,34,33,33
185,445,83,88,79
486,261,212,209,230
49,430,49,48,51
1185,329,239,238,254
330,309,42,44,46
984,178,53,49,54
579,405,41,43,43
1089,36,250,252,255
809,277,46,46,51
139,261,213,210,233
622,11,51,49,53
208,460,46,45,47
231,236,188,185,206
148,340,41,39,41
991,316,47,47,50
333,183,195,193,216
835,95,48,47,49
979,234,47,46,53
681,133,47,46,50
187,294,37,40,43
384,238,211,210,233
1083,117,244,245,255
634,425,40,44,46
740,423,45,44,50
734,415,42,44,48
265,495,92,80,55
704,378,44,45,48
704,10,48,50,52
187,235,192,189,211
917,185,48,48,53
522,60,39,41,44
1080,242,56,58,62
673,26,50,48,54
187,195,187,185,205
246,467,60,60,51
415,472,135,129,129
467,42,42,40,44
949,290,45,46,49
618,39,43,45,46
515,488,111,99,72
114,53,153,137,159
387,359,41,44,44
1199,447,237,237,252
466,185,52,48,49
557,134,45,45,45
1188,233,240,236,253
789,260,242,238,255
996,39,112,89,65
608,169,47,45,51
838,356,44,46,48
258,214,187,186,202
445,17,38,37,36
622,395,44,43,47
608,55,46,45,49
731,36,53,51,54
780,410,161,153,180
138,278,216,211,234
824,480,171,169,182
1056,447,48,49,54
1013,14,108,83,62
84,372,42,38,44
1170,466,234,231,249
283,355,44,43,46
594,462,135,124,115
754,498,165,157,159
315,176,185,185,206
701,125,45,46,50
378,4,41,30,31
889,258,241,240,255
852,412,45,48,51
777,447,47,46,52
48,60,114,106,114
242,227,185,184,200
432,264,231,229,253
356,224,205,205,226
31,153,166,30,38
582,134,48,44,47
85,93,154,29,35
87,284,36,31,34
158,223,196,195,215
442,308,43,46,49
400,334,42,43,48
468,362,47,51,52
354,62,30,21,26
375,312,47,44,49
282,50,45,49,52
514,254,220,220,243
42,116,149,24,34
1146,463,232,228,241
680,362,47,44,49
328,455,72,69,52
1176,294,239,237,254
95,390,43,42,48
817,457,46,46,51
785,337,46,46,48
843,45,112,95,65
1181,5,242,236,253
1198,4,238,236,251
681,499,111,82,60
687,376,44,43,48
421,483,95,79,75
741,222,240,238,255
510,150,45,45,49
274,489,89,76,55
766,307,46,48,49
306,431,70,71,50
287,313,42,43,46
500,286,45,45,50
938,281,44,44,49
359,348,45,45,44
931,456,50,48,54
314,436,74,70,54
1000,288,48,47,50
876,242,237,236,254
90,355,40,37,38
774,442,45,44,50
1059,392,49,49,54
534,278,47,46,48
437,311,45,44,49
1124,281,229,226,243
23,493,61,61,54
563,86,43,44,47
568,6,92,76,60
840,115,45,48,50
244,350,42,44,48
853,335,46,47,50
138,73,168,149,172
645,364,44,44,47
1143,122,231,230,248
1037,51,127,116,99
580,474,109,100,83
357,44,34,23,24
326,104,30,24,27
157,345,37,40,40
1110,175,238,235,251
854,134,46,47,50
779,388,45,46,50
287,3,207,204,224
1170,210,238,237,254
284,473,115,107,81
563,168,42,45,46
10,338,43,41,42
422,235,222,225,247
981,387,45,48,51
390,374,43,44,47
504,485,127,95,65
733,283,45,45,50
491,21,75,54,47
28,342,43,41,44
983,236,45,46,50
940,468,48,49,52
47,480,48,48,49
409,267,226,224,246
283,350,45,46,47
454,323,48,48,52
225,223,192,187,207
840,174,46,46,50
377,67,33,27,29
1093,335,239,240,255
279,43,42,41,47
320,456,78,69,52
1177,338,239,233,251
1066,58,76,67,66
616,253,231,237,255
809,477,168,164,174
249,288,43,45,48
616,50,44,44,48
144,422,48,48,52
160,477,46,45,49
603,459,148,146,157
522,393,42,44,46
189,179,191,186,207
622,112,45,44,50
609,123,45,44,47
1123,459,228,226,241
1132,437,228,226,240
730,448,44,46,46
133,56,153,135,159
779,429,45,45,50
498,440,164,170,182
1093,402,243,243,255
609,347,42,42,47
1172,297,239,234,252
266,141,32,28,30
1010,150,51,47,54
352,262,213,211,235
1084,434,236,238,254
961,265,45,44,50
51,464,51,48,48
888,168,48,48,49
148,120,50,33,45
883,142,46,46,50
962,381,42,46,49
710,393,66,74,73
515,159,50,44,50
1191,63,241,237,252
682,3,48,48,51
274,14,54,46,63
893,219,50,51,58
252,199,185,181,201
722,296,44,45,51
1121,251,227,227,242
1152,287,234,232,248
197,91,106,110,127
255,65,38,42,46
390,466,85,74,66
1074,478,55,53,58
172,137,49,47,56
142,88,145,131,151
314,114,30,26,27
756,88,43,47,50
1113,332,236,231,248
956,224,46,47,51
436,194,219,220,244
189,115,163,165,182
555,111,41,44,46
193,189,188,183,204
206,259,203,203,223
522,381,41,40,43
399,364,73,65,66
1065,124,48,50,56
418,181,47,48,49
598,246,236,237,255
496,12,78,58,49
15,274,32,33,32
295,275,39,44,43
51,30,106,111,114
403,373,45,43,46
269,442,58,61,53
204,225,191,186,207
745,67,45,48,51
890,242,243,237,255
396,473,54,51,53
335,423,41,43,45
158,190,189,187,210
910,456,47,46,51
362,91,33,26,29
611,182,111,107,117
494,424,46,41,46
365,275,48,45,49
648,233,232,238,255
369,391,40,42,46
58,247,33,31,34
21,62,143,138,153
818,359,47,44,46
317,229,172,165,180
742,352,46,47,51
963,311,46,46,52
250,444,55,53,51
983,166,46,50,52
903,353,49,45,51
216,214,188,189,204
1153,34,234,233,249
595,497,183,186,197
868,139,47,46,51
573,375,42,42,44
137,2,40,35,40
484,324,44,45,48
409,120,39,40,41
261,367,47,42,44
269,396,45,44,47
19,374,42,45,48
1116,145,231,230,250
535,442,151,149,160
642,320,44,44,47
631,413,41,44,47
1152,491,230,227,245
201,16,185,165,186
176,236,200,198,217
555,433,45,43,50
701,115,44,45,49
1051,46,118,106,106
1163,259,238,235,250
289,413,44,43,44
1019,32,95,73,63
134,74,163,148,170
437,251,229,231,248
243,118,34,27,30
1014,265,45,48,52
1077,439,51,53,56
97,148,185,150,166
805,273,75,69,95
933,292,42,46,50
231,30,46,31,48
835,330,46,48,49
3,208,31,32,33
903,45,90,87,84
1066,315,53,48,55
206,181,188,185,205
16,3,200,199,208
66,387,39,43,47
850,24,90,89,83
968,417,45,45,50
49,261,34,31,33
127,351,38,38,39
179,348,40,43,44
610,29,46,48,49
422,442,149,146,132
1086,361,254,253,255
1096,65,243,242,255
49,178,173,33,41
950,190,46,46,50
1140,407,228,226,242
545,408,43,41,44
830,392,44,44,48
699,430,47,48,48
112,112,161,29,38
660,131,45,44,50
1104,377,238,236,254
57,161,166,27,37
241,135,28,26,30
612,186,238,232,255
997,214,46,44,51
558,248,232,231,253
854,343,45,46,49
363,3,40,33,32
885,25,106,102,103
755,108,46,47,50
279,193,189,186,205
339,176,190,188,209
813,60,46,48,50
416,381,42,43,46
927,282,48,47,47
863,386,45,44,49
375,50,32,23,31
1100,339,241,240,255
998,110,47,48,53
1114,298,230,228,245
982,234,46,47,50
1001,286,49,49,49
589,73,46,43,47
679,280,46,44,46
697,289,47,47,49
346,422,41,44,47
1134,7,229,229,244
605,130,44,45,46
1186,458,233,233,250
831,61,46,48,50
271,432,63,60,53
315,491,48,46,49
736,185,54,54,58
1018,120,48,48,49
384,256,211,214,236
848,243,240,238,255
143,451,45,46,46
97,153,99,81,114
226,199,63,49,74
74,165,168,37,43
1041,369,45,48,51
28,57,153,144,161
139,0,38,30,36
772,219,242,241,255
83,82,151,25,33
1144,18,234,231,249
419,159,41,44,45
274,208,92,89,99
499,119,66,65,69
1004,40,112,85,64
1125,122,228,227,244
573,295,43,45,47
501,467,161,161,165
707,195,240,238,255
399,139,40,41,45
1057,206,51,50,55
793,413,66,49,50
1035,383,46,50,52
569,144,41,43,48
833,225,240,239,255
307,163,104,101,107
729,328,45,46,49
143,402,44,40,45
235,485,58,57,52
225,143,36,28,34
934,209,50,45,51
609,281,47,45,48
729,496,154,148,161
680,162,48,46,50
1057,34,108,96,83
461,226,231,229,251
738,252,242,241,255
939,353,49,45,51
950,183,50,47,52
534,116,44,44,48
1033,185,48,47,53
728,418,42,44,45
634,125,42,46,47
