x,y,R,G,B
866,165,44,47,51
755,189,44,48,50
445,211,218,219,241
216,427,47,48,52
1095,377,246,244,255
562,314,44,43,48
373,22,36,27,28
306,143,34,28,33
224,162,174,170,189
731,87,49,46,51
269,5,196,188,211
630,213,233,232,254
1049,231,46,48,53
792,473,168,161,159
610,77,46,44,47
275,414,45,44,46
1101,417,242,239,255
285,212,51,49,61
357,162,38,38,38
1164,42,237,236,254
675,409,43,43,45
1150,492,230,229,243
51,6,226,227,241
1106,477,232,230,248
23,346,39,39,44
1151,401,233,229,244
659,230,238,237,255
536,432,45,45,47
723,281,43,49,50
271,170,187,186,205
469,205,234,231,255
632,107,46,44,49
407,339,46,42,44
532,288,41,43,46
557,375,43,41,46
842,187,48,48,52
670,353,45,44,47
533,262,227,227,251
56,495,47,50,50
786,347,46,46,49
536,464,133,127,138
601,458,143,146,160
28,488,62,59,53
688,107,46,46,49
191,402,42,43,46
29,279,33,30,30
657,47,46,46,48
649,408,41,44,48
612,279,42,45,49
989,84,51,48,53
979,186,50,47,52
314,319,41,43,46
1048,230,46,49,54
10,328,40,38,42
564,49,42,45,45
1037,231,45,49,51
624,386,44,45,45
932,268,49,44,52
252,285,47,44,51
410,214,72,69,87
950,182,46,47,52
699,65,48,46,51
102,264,42,40,41
479,223,50,50,57
749,156,47,46,49
812,112,47,46,50
358,326,43,43,45
42,54,112,104,113
612,384,43,44,45
137,460,44,48,49
110,303,38,32,36
190,47,192,179,199
1006,369,47,46,51
185,276,214,210,231
50,82,189,185,204
395,434,122,117,93
915,369,44,43,50
799,489,162,158,173
391,201,206,210,227
651,385,49,47,50
347,59,31,22,25
980,3,109,81,63
1116,173,230,231,249
248,327,46,44,46
55,62,119,109,114
893,23,80,73,66
104,319,35,35,38
448,440,128,114,117
949,319,42,44,49
1142,54,232,230,246
882,308,44,46,49
1097,171,239,241,255
649,114,43,45,47
14,14,208,210,231
1031,354,48,48,52
478,368,44,44,46
956,134,47,48,51
315,392,46,41,44
1127,258,229,228,243
194,9,157,32,43
189,391,47,44,47
764,26,51,49,54
807,369,44,46,50
477,473,187,185,204
635,270,45,47,49
1118,121,231,227,247
0,367,46,45,49
730,89,45,46,49
1026,356,47,49,52
136,205,200,196,218
658,10,46,49,50
1139,331,230,225,244
1191,355,237,233,252
193,275,211,208,231
875,45,101,98,92
688,432,43,42,47
87,431,51,47,51
939,107,47,47,51
665,130,46,46,49
216,324,40,43,46
828,146,50,48,49
121,137,32,26,31
701,480,131,110,78
651,491,93,70,58
609,288,42,45,50
336,247,204,203,226
759,247,241,239,255
828,184,45,45,49
708,462,127,112,85
211,306,39,41,44
1158,303,236,233,251
199,340,40,46,45
1044,478,49,47,53
642,105,44,45,47
281,14,115,118,134
796,108,47,46,50
162,79,157,145,167
1152,448,232,230,247
864,196,48,46,52
977,287,49,46,52
372,249,211,212,233
1190,245,236,237,254
914,249,225,228,255
919,278,48,47,49
374,38,37,24,31
920,119,48,47,51
1032,238,52,49,50
311,225,193,192,214
106,281,36,35,35
19,258,37,32,34
944,430,47,48,51
961,304,51,47,51
1181,404,237,235,251
310,116,35,28,32
686,37,49,49,50
89,376,41,43,43
158,466,105,86,54
345,43,34,26,28
907,487,162,155,99
1085,342,62,64,58
140,163,154,149,173
1159,97,237,233,252
99,202,199,199,228
479,320,47,49,52
599,408,44,43,45
250,324,44,44,44
16,402,48,48,50
947,174,48,48,50
158,138,115,103,134
232,296,43,44,47
233,229,190,188,205
437,20,37,33,32
225,118,33,32,36
958,318,48,47,50
116,125,164,31,37
212,25,176,160,181
382,207,193,190,209
353,51,32,23,26
119,144,44,32,36
410,103,39,38,41
329,38,50,43,42
65,189,33,26,30
680,9,47,48,54
545,105,46,43,48
293,476,119,112,91
3,7,225,226,248
502,232,151,147,150
970,374,47,47,50
72,489,69,67,72
1090,463,245,238,255
1144,112,231,231,245
554,38,42,43,47
680,498,112,84,64
369,7,40,33,32
253,379,47,45,46
701,208,243,237,255
1036,345,46,48,52
273,346,43,43,46
347,36,35,29,30
792,206,66,59,67
879,343,49,45,51
351,45,32,24,23
1105,288,233,230,250
370,42,31,23,23
777,350,46,48,50
847,451,47,48,51
321,339,39,42,45
978,188,49,48,53
226,5,173,159,183
1007,391,48,49,51
977,424,48,48,50
936,326,45,46,49
442,113,43,42,45
442,14,36,31,37
238,263,199,198,218
190,467,48,50,50
451,64,42,40,44
1038,335,43,45,50
844,497,165,155,109
1070,11,104,77,63
543,485,123,115,100
549,317,44,42,43
510,2,121,100,81
587,328,43,45,48
1098,482,236,234,253
1053,216,50,49,53
136,157,235,231,254
37,356,41,42,44
695,115,45,46,48
801,356,48,45,50
708,338,43,44,47
721,424,45,45,50
85,368,41,40,45
1126,237,227,227,245
127,213,198,198,219
223,296,41,42,44
195,64,43,34,39
165,341,40,39,41
927,252,46,47,52
609,55,45,45,46
950,387,44,44,48
1010,69,84,72,68
1040,171,49,48,53
270,120,31,27,32
856,464,46,49,49
659,49,46,45,50
776,419,44,47,46
1057,258,49,49,53
445,243,64,58,61
608,317,44,44,48
280,238,59,55,63
197,417,44,43,47
1173,415,237,236,252
150,6,33,32,36
33,411,46,46,47
463,197,228,226,248
1169,273,238,234,253
968,15,101,79,62
268,128,28,26,26
1052,138,48,50,54
515,397,41,42,44
11,258,35,29,28
319,28,42,40,44
467,352,50,52,54
451,97,40,41,44
300,104,35,24,25
1128,162,229,226,241
1169,497,235,231,248
1139,348,232,230,247
527,142,43,45,47
767,299,46,46,51
130,41,154,137,161
946,295,44,47,48
1068,240,52,50,55
404,469,51,51,49
1172,292,238,237,251
123,84,148,135,156
730,87,49,44,52
961,330,46,46,51
732,340,45,46,46
1115,126,230,229,245
592,174,48,49,52
338,80,31,26,29
1091,68,247,246,255
340,494,60,61,58
653,246,46,47,48
723,472,148,143,158
1157,80,237,234,250
791,102,47,48,51
1019,35,91,70,58
1157,146,237,233,248
227,37,38,30,32
28,422,51,52,50
948,441,46,47,51
239,37,35,29,32
1057,425,51,50,56
587,377,42,42,46
816,46,51,50,52
267,443,57,54,54
777,439,47,47,50
68,18,82,63,72
454,230,234,230,252
152,262,213,206,231
376,409,43,45,44
1096,165,243,241,255
589,48,43,44,49
1006,174,44,47,52
570,115,45,43,46
1005,364,48,46,52
385,299,45,43,47
1029,206,50,48,53
19,178,127,117,132
684,180,158,153,167
173,382,42,42,47
1006,246,47,47,54
1099,333,239,239,255
141,79,163,149,173
362,295,41,43,46
696,137,44,47,49
122,281,208,208,230
371,342,43,44,45
513,132,43,46,52
1052,10,75,67,61
339,472,139,136,150
926,466,48,49,52
823,388,51,47,51
463,18,108,86,62
639,243,47,45,50
1138,348,231,230,246
412,475,91,80,72
1004,324,47,45,50
1097,448,236,235,254
535,208,169,168,207
426,489,72,70,81
106,140,187,155,158
1178,343,238,235,251
405,334,45,43,45
758,182,47,49,53
105,21,117,111,117
640,471,142,137,139
1181,489,236,234,252
867,155,47,46,51
878,130,45,47,51
50,477,47,47,52
658,480,94,74,54
67,16,225,226,249
512,241,220,220,240
586,471,117,109,94
524,102,46,44,47
502,272,48,48,51
825,278,50,48,54
212,272,205,205,226
13,11,184,184,207
971,214,46,47,49
1057,9,91,75,61
103,249,217,214,238
59,499,44,46,49
423,2,36,28,28
161,413,40,43,45
991,429,47,49,49
1168,40,240,237,252
122,348,34,37,42
556,484,126,116,103
565,217,227,232,255
711,319,44,42,46
1061,342,48,49,55
1144,495,229,227,244
829,227,245,240,255
1042,394,47,47,49
551,280,44,45,48
472,83,43,42,45
93,69,143,123,145
1063,475,52,52,55
739,302,44,46,49
1038,300,235,236,252
326,1,71,61,59
803,444,48,47,48
414,309,46,44,48
138,64,156,138,161
438,32,34,35,37
618,223,63,59,60
340,168,37,38,42
156,335,37,37,40
358,307,42,44,47
202,234,69,65,65
668,68,49,46,47
374,303,41,46,47
357,470,60,55,50
480,489,117,104,62
896,208,50,45,50
399,422,43,43,47
591,78,45,44,46
235,312,42,45,46
973,29,94,71,59
906,411,48,46,47
355,62,31,24,25
718,66,47,46,47
962,280,42,47,50
426,361,41,44,45
87,411,45,44,48
587,4,94,82,61
479,57,39,43,45
525,275,48,45,50
46,197,98,95,103
521,112,45,44,44
589,363,42,41,46
111,467,48,48,51
1095,387,247,245,255
519,22,34,36,40
1000,376,48,47,50
148,431,49,47,49
894,236,242,238,255
233,492,59,61,50
533,250,225,223,250
1142,391,231,230,247
423,240,60,56,59
392,271,201,201,233
1000,256,46,47,48
779,160,46,47,52
758,260,239,236,255
1100,165,242,239,255
273,35,115,116,136
748,401,94,102,142
566,183,232,230,255
1169,168,234,234,251
203,423,45,46,48
683,450,45,43,43
307,173,193,185,206
30,62,132,129,148
527,291,45,43,50
1077,485,54,53,56
373,39,38,26,28
850,156,49,46,52
346,75,33,27,28
199,366,44,42,45
322,197,192,189,209
326,54,34,25,27
594,305,45,44,46
617,494,129,124,122
33,64,109,99,110
194,148,37,33,38
792,171,47,49,48
355,433,102,97,64
403,428,46,44,48
704,433,43,45,48
347,45,29,24,26
151,11,80,60,88
841,84,49,47,51
763,353,45,45,48
1086,275,67,66,62
383,421,46,44,47
803,169,48,48,50
904,499,172,156,90
94,197,239,236,253
1034,277,55,52,56
902,142,48,47,51
370,105,31,33,33
142,225,199,195,217
991,428,44,48,50
683,268,48,45,48
751,216,86,74,126
660,270,44,45,50
1054,5,99,81,73
885,253,239,239,255
764,133,45,49,51
822,419,56,48,79
191,291,41,41,41
330,376,41,44,47
822,495,164,159,153
986,87,48,49,52
509,357,40,41,43
1134,356,231,227,245
1159,391,235,233,246
513,2,124,101,78
1154,214,237,235,250
4,492,55,52,52
76,414,47,45,48
512,74,37,33,33
923,3,140,96,68
106,115,159,30,42
685,466,110,85,58
640,351,45,42,49
395,323,42,45,47
804,29,52,52,54
482,476,135,138,130
379,109,32,33,33
142,350,37,41,42
737,489,121,117,125
474,89,42,43,45
102,374,42,39,44
949,372,41,46,50
413,423,42,42,45
85,27,112,105,116
1003,202,49,48,49
395,294,42,45,49
76,204,119,116,135
723,159,46,47,51
181,453,51,47,51
712,48,47,45,51
282,132,33,28,29
1112,287,234,230,249
434,482,31,28,32
471,259,84,85,92
411,118,38,39,44
729,139,45,45,49
755,259,240,237,255
385,335,40,43,45
1120,285,231,226,244
1098,379,242,244,255
1184,471,237,233,252
1183,28,242,239,253
826,115,46,47,50
911,410,46,46,49
1168,474,234,232,248
104,133,161,33,38
1009,280,46,47,50
185,433,47,48,51
479,451,161,164,187
440,178,42,46,48
693,14,48,50,51
350,103,27,28,31
717,262,54,50,57
303,190,190,190,209
952,61,54,52,54
451,248,225,228,252
580,490,130,121,109
247,198,146,139,167
573,266,234,234,255
1009,58,104,90,75
324,128,31,30,31
672,348,44,45,49
666,407,47,44,46
483,43,44,43,44
1141,259,235,228,244
60,253,34,30,29
128,58,158,141,162
1033,3,105,79,63
755,25,52,50,53
721,8,97,63,60
800,351,49,46,50
652,489,93,72,56
275,135,31,29,31
1149,73,234,233,248
809,165,48,48,49
322,461,107,102,96
903,487,162,153,88
72,286,34,28,32
691,83,49,45,48
1018,215,47,48,52
884,219,54,54,60
275,457,67,62,54
828,42,68,66,59
1054,150,50,50,55
1103,458,232,231,249
784,222,240,241,254
1060,215,53,49,55
116,106,159,27,33
1064,488,48,50,54
957,10,111,78,62
101,379,43,41,42
247,325,43,41,47
788,163,46,47,49
44,394,43,45,48
1098,432,241,237,254
530,405,44,41,45
973,449,48,48,53
438,349,44,43,47
252,417,38,46,48
190,280,209,208,232
196,188,188,185,204
792,216,246,241,255
1189,478,236,232,250
1016,134,47,47,51
466,329,40,39,44
299,301,43,43,46
331,165,34,35,39
714,154,44,46,50
809,356,46,43,49
544,396,43,43,44
601,63,44,43,46
1095,347,244,244,255
406,364,43,41,44
476,335,46,46,52
817,9,75,69,63
667,112,44,44,49
1080,358,247,248,255
1038,144,46,51,54
282,161,36,33,38
148,338,37,37,39
309,458,123,114,94
630,162,47,46,50
235,224,192,186,206
150,44,136,121,143
1040,117,47,49,52
240,152,35,27,32
541,423,41,41,44
290,271,41,45,47
943,325,44,45,49
30,113,146,20,29
469,64,41,41,44
1085,247,246,246,254
359,356,46,42,45
233,462,79,76,54
112,405,42,43,46
419,352,45,43,45
74,333,34,34,34
707,33,77,61,51
1072,373,53,53,57
833,201,48,48,51
150,111,35,27,27
783,172,43,46,48
66,133,154,29,37
284,359,39,42,44
699,349,45,46,47
673,241,53,51,53
984,322,45,46,50
521,452,125,120,129
453,217,221,223,246
623,435,47,45,49
914,394,42,46,47
990,307,47,46,49
1030,103,48,48,50
404,128,38,39,41
944,477,45,48,51
795,445,46,47,50
788,237,64,60,85
743,349,46,44,47
479,212,95,91,97
798,493,154,152,165
304,243,198,196,218
1054,320,45,48,56
170,384,48,42,47
669,465,95,73,53
204,69,40,32,34
1180,437,237,235,250
669,223,227,233,255
807,493,170,166,180
304,194,190,188,208
97,310,35,32,38
625,307,46,44,49
870,36,98,95,93
516,269,53,53,56
216,116,34,36,38
104,278,37,33,35
69,328,34,34,35
852,211,48,48,53
708,256,54,53,55
264,115,29,27,30
806,0,54,52,55
263,392,43,43,46
222,329,42,43,43
465,218,215,216,229
454,51,45,37,43
498,491,132,121,71
473,394,42,42,48
793,232,237,236,255
711,159,46,47,49
989,7,127,95,69
322,217,195,194,216
324,318,43,42,45
802,400,46,46,49
853,194,45,47,50
598,136,47,44,48
797,78,45,50,51
269,16,35,31,36
432,356,45,43,46
991,187,50,49,52
899,326,47,47,49
990,141,48,49,50
744,260,239,237,255
731,124,47,47,49
1176,257,241,238,252
684,9,51,51,48
120,156,212,204,228
572,498,172,171,174
154,5,35,33,36
490,423,46,42,47
73,456,46,47,50
1032,291,47,50,54
175,221,194,192,213
812,160,44,46,49
710,492,131,119,111
1102,284,239,233,252
948,190,49,48,51
406,235,178,174,208
241,245,193,191,212
213,231,84,73,93
659,488,103,77,54
143,368,42,40,41
142,153,207,214,232
778,49,51,49,53
854,398,44,48,51
1078,104,58,57,59
971,209,47,49,53
756,14,51,49,50
752,116,46,46,51
547,463,152,149,160
1101,28,243,240,255
711,13,60,53,52
864,115,47,48,50
550,342,41,42,48
1073,354,241,238,222
787,412,82,84,71
1020,149,48,51,52
330,96,31,26,30
374,336,44,44,48
189,98,104,104,121
729,369,48,44,47
1088,1,253,252,255
860,471,48,48,50
99,366,42,42,43
917,65,76,74,66
731,77,43,47,47
998,240,44,49,51
8,408,46,46,49
781,160,50,46,52
140,296,33,35,36
701,443,43,45,46
221,451,47,47,49
860,128,46,47,50
1073,399,52,53,61
975,16,107,79,63
457,26,81,60,45
96,285,37,32,35
156,460,48,48,52
478,261,184,185,192
760,258,240,238,255
1098,151,248,246,255
359,362,40,45,46
7,487,51,50,51
1173,461,234,233,248
319,131,30,27,30
444,351,47,45,49
273,139,29,27,27
1127,396,232,229,245
376,57,28,26,26
323,452,70,68,53
572,27,50,47,53
424,471,148,104,96
505,448,166,169,183
197,27,162,38,46
1076,177,60,60,62
1052,41,116,105,97
1144,389,231,228,245
197,37,192,175,196
836,260,237,237,254
292,360,47,42,46
457,136,44,43,45
641,47,52,42,49
1073,415,53,54,54
1196,99,240,236,255
634,40,47,45,47
167,392,44,44,46
614,174,48,47,53
344,1,81,74,82
128,287,40,34,41
1077,480,52,54,57
624,446,184,193,218
10,124,153,25,32
867,220,238,237,255
853,331,46,48,50
1157,89,236,233,250
321,45,31,28,29
137,461,47,48,50
711,497,126,119,99
630,99,47,45,48
967,193,46,46,51
1047,236,49,48,50
413,329,44,42,46
732,337,46,44,47
1051,4,152,142,133
782,438,47,47,51
1178,411,236,235,251
9,362,42,43,46
669,97,45,45,49
948,470,46,49,50
140,407,45,45,47
1004,65,61,57,58
224,128,30,28,34
541,47,44,44,47
476,214,195,201,216
1037,242,49,48,51
1131,447,227,225,240
869,202,44,48,50
345,237,205,205,224
1095,141,239,236,255
671,463,102,78,55
1018,225,49,48,51
533,321,43,41,45
888,1,95,85,75
1073,165,52,52,58
923,383,48,46,51
771,470,162,160,168
93,297,39,33,34
594,55,44,44,47
315,492,48,45,48
653,499,103,76,61
485,23,67,54,45
1082,392,249,249,255
878,365,50,46,52
621,313,39,45,48
788,246,240,240,255
841,98,47,47,50
1014,16,104,82,64
380,264,217,216,239
711,285,41,45,46
537,207,61,59,66
128,76,155,142,164
1004,204,49,46,52
1177,467,234,230,246
265,180,191,185,206
474,26,58,50,45
997,137,47,47,52
117,255,216,215,237
109,354,39,37,39
1152,149,232,233,247
361,229,210,207,230
120,269,216,212,236
630,369,45,41,47
627,466,153,150,160
370,5,44,31,31
966,399,46,45,51
30,79,119,106,117
172,405,44,44,46
1117,203,233,232,248
386,178,46,45,47
141,282,162,162,201
1017,365,43,47,51
932,495,174,160,87
1027,104,53,49,53
766,428,48,47,51
697,139,44,44,48
969,468,50,48,52
1182,69,238,235,253
893,444,45,48,51
1124,154,229,228,244
567,167,50,46,49
507,483,130,108,80
1150,12,234,232,249
370,142,39,38,39
557,351,42,41,47
1115,60,233,229,246
564,53,46,45,46
293,163,109,107,117
1136,179,231,229,244
881,487,173,157,109
141,496,43,47,47
1184,25,240,237,254
1090,386,251,248,255
974,350,48,45,50
342,476,86,82,85
1126,67,228,227,243
315,369,45,42,48
306,229,196,198,216
333,51,32,22,22
1133,397,229,228,245
77,103,152,26,35
550,121,45,45,46
756,120,42,47,48
586,264,236,233,255
171,19,166,146,169
1126,281,229,228,244
209,275,208,205,227
39,21,62,62,71
425,349,44,44,44
970,420,45,48,49
183,440,46,48,51
55,450,47,45,50
977,147,47,47,50
280,266,113,119,146
676,178,65,59,68
454,362,14,19,12
416,179,42,47,48
394,411,43,43,45
419,338,46,42,47
958,40,97,73,60
1095,287,240,237,255
1185,438,238,235,250
621,190,238,235,255
683,287,43,45,47
860,483,171,160,107
97,443,45,45,49
1165,443,235,233,246
84,395,41,44,48
366,447,98,99,98
128,14,178,179,199
30,71,110,100,109
869,245,59,62,68
466,415,45,45,47
643,358,46,43,48
662,367,43,45,49
319,160,38,32,36
1127,159,229,227,245
628,118,48,46,47
1012,478,48,49,52
1111,484,232,228,245
682,411,47,45,49
603,353,45,43,46
534,19,70,57,47
439,184,51,50,55
606,384,39,42,46
111,422,79,68,65
411,346,44,44,46
763,23,49,49,52
736,184,53,50,53
189,487,44,45,49
1130,444,229,226,240
241,371,41,43,49
379,233,210,212,233
184,388,42,46,43
824,216,237,236,255
163,199,43,35,45
1078,31,173,168,146
1053,294,105,84,146
82,29,115,107,117
414,374,42,44,47
1105,359,238,236,254
590,317,45,42,47
460,206,199,202,223
545,253,229,229,251
1026,17,108,85,67
563,336,42,42,47
96,397,40,43,45
1001,35,118,88,69
371,292,43,45,49
230,269,204,202,223
938,451,177,177,200
831,9,91,87,83
139,96,159,145,165
1046,145,47,49,50
469,415,46,45,47
807,395,46,47,50
397,130,38,39,41
315,52,39,28,30
388,29,44,33,32
268,452,57,56,52
874,325,44,46,48
1100,453,237,235,254
160,76,158,143,167
558,259,230,230,255
406,321,40,45,47
805,58,46,47,50
163,353,40,43,45
399,204,65,57,64
932,338,43,47,50
955,114,49,45,51
456,408,57,57,63
1008,361,44,47,51
62,224,92,81,89
227,363,43,46,44
72,307,37,30,34
498,394,42,41,46
971,473,47,47,49
1154,71,234,234,250
1001,327,43,45,50
224,346,42,43,49
917,44,99,96,88
437,399,87,83,78
590,185,231,232,255
4,241,37,29,31
1047,228,47,50,54
733,456,47,48,50
528,441,141,138,154
142,398,44,44,45
119,194,220,219,246
661,256,43,45,47
22,82,117,108,115
908,358,44,47,51
69,427,72,75,56
327,266,211,206,230
735,43,51,49,52
499,373,44,40,45
969,228,47,48,51
1024,67,102,88,78
352,466,58,54,50
924,416,48,46,49
679,192,238,238,255
480,28,69,53,47
1180,13,239,237,254
893,280,49,46,51
1044,204,48,50,51
456,243,116,108,107
599,341,47,43,48
1008,79,100,85,69
451,152,45,42,47
131,234,51,38,54
1108,420,238,238,253
554,273,46,48,51
796,294,41,46,50
789,437,47,46,49
569,198,230,227,254
166,296,36,37,39
968,2,106,80,66
675,10,49,49,52
290,55,37,38,42
752,232,67,62,57
1188,486,237,233,250
769,450,48,48,49
1071,172,52,53,56
158,151,52,50,56
725,408,45,45,48
517,245,166,165,172
276,36,129,135,153
327,365,44,44,47
536,481,168,166,181
886,330,45,46,51
1143,196,230,229,246
82,323,35,33,36
506,468,120,116,113
475,256,32,27,31
771,313,47,45,49
747,144,45,46,48
303,481,80,76,60
28,392,44,44,47
340,223,203,202,223
803,339,42,44,48
918,437,50,48,55
709,171,45,45,48
1125,292,225,225,241
410,374,43,43,47
926,301,48,46,49
919,234,52,50,58
463,191,222,223,241
1189,146,242,238,254
714,433,44,45,49
1147,67,235,231,246
704,233,238,236,255
1159,232,236,233,251
996,268,48,48,51
127,389,41,42,45
640,191,239,236,255
973,250,46,48,49
494,147,61,57,62
1176,35,235,234,253
829,159,46,47,47
1141,261,227,228,246
811,150,47,48,49
1156,164,237,234,249
30,432,50,48,54
746,75,45,44,49
333,17,35,35,40
820,385,44,46,50
48,447,47,52,53
548,87,43,45,46
851,486,174,160,114
395,497,91,77,59
776,413,77,85,97
835,60,47,48,51
584,374,45,42,46
520,242,219,220,243
388,39,35,27,28
407,157,46,42,45
517,255,221,221,245
400,219,213,211,235
152,182,202,199,224
888,368,47,46,48
783,27,49,50,52
692,486,122,95,70
560,416,39,40,44
397,316,44,44,48
381,457,154,150,170
426,339,45,43,46
692,410,39,44,47
457,405,63,59,63
273,491,90,75,51
900,401,43,46,49
978,171,48,45,51
753,101,46,45,50
481,251,188,185,200
229,241,192,190,211
1117,304,227,226,243
1189,339,239,236,254
757,86,48,46,50
967,174,43,50,50
1082,119,249,246,255
1027,261,49,49,51
416,380,40,43,46
478,81,43,42,46
466,247,229,229,245
355,226,205,204,227
1034,10,108,85,65
236,100,36,38,41
700,358,43,46,52
256,173,187,182,201
772,179,47,48,51
331,97,32,26,30
960,194,49,48,53
135,128,197,184,209
1085,371,70,72,62
694,388,43,43,47
909,78,48,47,51
238,370,47,42,48
159,237,204,204,220
794,174,51,45,49
690,151,50,46,48
720,404,47,46,51
557,199,133,132,138
579,284,43,46,44
1007,495,47,48,50
24,9,223,222,244
383,309,45,44,48
459,459,178,180,195
997,190,48,49,52
1048,245,49,48,53
711,341,43,44,48
504,113,32,35,34
1102,380,237,238,255
226,414,46,44,47
1159,47,240,237,253
289,365,47,44,44
1084,96,247,247,255
875,349,50,46,51
635,245,45,45,49
603,349,41,42,45
1133,279,229,225,243
682,32,50,49,51
654,424,46,44,47
216,403,43,45,47
540,125,40,44,47
167,462,53,51,52
700,18,49,49,51
1067,366,49,51,53
1049,40,117,102,87
70,5,229,233,243
93,334,34,38,36
186,194,190,185,205
1062,75,79,67,64
995,81,54,53,55
204,405,41,43,48
348,260,209,207,230
109,140,115,95,106
600,117,46,43,48
265,155,36,28,33
913,470,49,49,52
545,175,53,52,55
1144,323,228,229,244
741,214,242,240,255
1073,191,57,58,60
902,73,45,48,52
1020,490,50,50,51
508,65,45,38,48
449,202,227,226,247
474,16,106,80,64
449,34,50,43,40
86,249,218,216,237
1195,416,239,236,254
395,58,30,29,32
903,161,46,45,51
839,169,47,48,48
11,376,44,46,49
857,315,47,47,50
1171,45,240,237,251
537,299,45,46,45
216,229,130,127,153
1073,489,53,54,58
259,348,42,44,47
221,358,45,43,44
506,117,37,31,34
888,34,111,106,106
521,387,48,42,48
910,148,46,47,54
778,344,45,46,50
986,364,43,45,50
897,11,113,98,87
0,10,223,223,246
1104,152,242,239,255
237,251,194,193,216
224,76,105,106,123
13,239,35,29,29
818,214,238,238,255
20,142,160,24,33
162,148,44,45,53
242,79,48,48,56
129,11,186,186,204
637,157,44,45,49
190,220,190,187,207
1069,164,54,51,55
363,359,45,43,47
463,150,42,45,45
946,390,45,46,48
42,262,31,28,32
963,146,43,48,50
643,354,45,43,50
199,308,44,42,46
257,160,35,32,36
1188,465,236,233,252
1052,92,62,59,58
641,7,48,51,51
182,306,37,39,41
483,160,43,44,46
998,150,43,46,55
1148,138,234,230,248
571,147,42,46,47
421,342,40,42,44
46,70,115,104,109
162,326,38,40,39
772,278,82,75,67
433,189,221,218,240
766,266,200,202,232
817,316,50,47,52
56,147,171,84,103
617,109,43,43,47
481,421,42,42,44
826,347,44,46,49
652,232,236,236,255
987,443,86,76,66
863,15,99,94,91
251,150,30,26,29
581,353,45,43,46
1132,117,229,227,244
636,417,39,43,46
1044,489,47,48,54
214,280,205,203,227
141,150,225,224,247
189,473,54,54,63
1037,167,49,50,52
569,463,146,141,140
905,460,48,47,51
1129,313,230,227,247
1112,439,232,230,249
545,291,43,43,47
213,454,47,45,50
114,50,156,138,161
292,240,97,91,106
738,378,43,45,48
532,496,145,140,133
672,484,109,84,60
368,408,45,44,46
423,297,47,44,49
1189,144,239,237,254
609,483,190,185,191
957,312,48,46,49
303,83,31,27,30
700,309,46,48,50
885,375,49,47,50
821,148,44,48,51
1068,204,50,51,52
720,182,56,52,58
305,173,191,188,209
1169,333,237,235,251
643,430,47,42,49
1178,376,237,234,252
260,36,134,136,158
568,430,43,42,48
169,422,58,52,50
295,474,125,117,88
405,264,230,229,246
584,6,94,81,58
692,157,49,47,48
778,95,48,47,49
717,471,152,145,154
945,280,50,48,49
328,222,193,193,212
543,206,228,225,246
542,476,134,131,143
489,438,175,178,201
762,81,48,46,48
1173,133,239,236,254
869,114,48,46,50
732,219,60,53,55
146,327,39,37,36
1011,110,46,49,51
380,407,44,44,46
3,228,31,27,28
41,122,149,20,31
354,497,65,61,53
1079,423,250,248,255
1008,481,49,50,49
159,452,46,46,50
167,43,157,141,166
912,207,46,48,53
861,261,240,238,255
971,91,50,49,49
311,487,92,96,104
1153,121,237,236,251
479,183,48,46,50
865,236,241,240,255
257,82,42,42,44
832,277,47,47,51
815,8,68,65,61
1052,309,49,50,53
1185,289,238,235,253
257,201,112,110,125
220,309,39,42,44
1044,54,119,112,99
638,92,46,47,49
289,145,31,25,32
1132,166,231,229,244
451,53,42,36,41
421,236,204,202,229
104,120,162,29,39
726,275,45,46,50
826,234,235,237,254
939,465,46,48,54
430,138,41,44,44
1128,3,228,229,246
134,23,35,33,35
871,199,47,46,51
1158,391,235,232,247
317,105,33,24,28
3,372,44,44,47
238,22,187,177,203
1158,123,235,235,251
1083,89,253,249,255
904,334,45,48,49
109,220,205,205,227
406,348,42,42,44
606,444,188,196,220
86,132,157,42,61
373,278,47,43,50
850,413,47,48,50
582,239,236,234,255
126,370,39,42,45
1131,111,229,226,240
250,350,43,43,44
994,202,46,48,51
465,325,41,39,45
1012,420,46,47,50
326,87,34,26,29
207,200,187,185,207
505,66,124,123,126
19,390,47,46,49
736,345,45,44,48
1194,157,240,237,253
872,115,45,48,50
539,85,44,45,47
905,298,47,47,52
705,391,43,44,47
617,177,47,49,52
219,81,111,113,126
429,234,224,222,249
305,159,36,35,34
580,335,38,42,45
10,13,215,217,239
351,57,32,19,25
1027,139,46,49,54
952,242,47,46,52
950,324,42,44,51
1199,269,238,236,251
920,401,46,46,49
493,420,42,44,46
909,65,102,97,95
110,173,164,165,187
991,350,47,45,53
551,497,131,125,105
117,212,206,206,230
771,124,44,46,47
31,103,31,27,29
383,49,31,27,28
1,117,148,23,30
663,273,46,44,49
303,343,44,43,44
332,291,45,44,46
314,388,45,44,48
326,50,34,26,26
346,141,35,34,35
60,79,33,29,29
149,236,95,91,90
555,235,231,230,252
461,110,43,40,45
1196,106,240,235,253
487,201,43,39,37
517,470,144,140,151
66,303,36,31,36
346,23,38,29,30
708,469,140,126,102
394,6,37,27,25
687,115,49,48,47
1084,372,59,55,61
739,142,46,44,51
458,344,20,20,18
253,215,187,185,204
450,257,233,231,253
880,141,44,46,50
511,168,46,45,50
733,214,240,241,253
247,169,195,185,206
1062,181,48,51,56
1073,248,73,63,57
790,440,47,48,48
884,353,47,43,50
616,197,236,234,255
212,29,185,169,195
120,287,41,37,38
1059,247,53,49,53
46,295,36,33,34
106,497,48,48,49
236,99,36,39,44
1063,51,105,104,104
427,490,34,35,40
682,289,48,46,52
18,327,39,40,41
643,134,44,46,47
715,35,80,60,53
901,58,104,95,95
487,312,45,46,47
964,213,49,47,52
722,146,46,48,48
879,5,94,88,80
532,151,46,45,47
310,180,192,188,211
77,216,162,167,185
175,168,41,39,46
624,304,47,45,46
97,137,158,29,35
573,151,45,44,45
908,196,53,46,55
275,30,182,188,204
952,473,48,46,49
431,226,227,224,246
269,244,113,104,113
556,28,45,45,47
167,208,49,40,44
631,261,42,45,49
644,324,42,43,48
1131,67,229,226,242
814,162,46,45,53
1162,144,235,235,250
714,40,86,63,55
100,150,190,178,202
299,90,30,25,27
1126,8,231,227,245
945,476,46,48,50
1161,38,238,235,253
286,148,32,30,29
1154,18,235,232,249
834,360,42,45,49
639,317,47,46,50
814,432,44,47,49
1034,365,48,48,48
524,2,29,27,29
391,263,217,215,239
1172,379,238,236,254
260,477,92,84,72
1028,441,46,48,51
598,0,97,86,64
631,395,44,43,47
531,20,73,55,44
584,326,41,41,43
436,231,225,226,248
617,427,43,45,46
586,179,64,57,63
1185,310,239,236,253
476,265,106,97,85
277,145,30,29,29
452,396,93,95,82
1183,149,240,237,253
412,289,41,45,50
326,345,43,44,45
546,395,40,40,42
972,366,44,48,50
156,376,39,44,46
731,109,50,44,48
1189,51,241,236,251
88,375,42,42,45
963,260,46,46,50
877,41,96,96,92
169,304,41,37,40
202,194,189,184,204
845,338,45,45,49
1198,102,239,240,255
1040,139,46,47,55
33,76,115,105,115
793,472,167,160,152
534,157,44,44,48
16,431,52,48,52
78,138,159,50,61
860,403,43,44,49
200,111,50,49,59
589,196,233,233,255
421,191,219,217,238
7,95,132,22,39
403,498,85,70,57
760,480,156,149,147
785,305,45,46,49
664,136,44,46,48
222,53,204,193,215
344,227,203,202,223
88,284,35,31,35
617,347,46,44,47
490,28,77,58,50
290,194,188,185,206
958,471,48,48,52
788,4,48,51,53
205,211,189,184,203
675,378,40,45,46
749,387,42,45,48
572,243,235,234,255
877,139,48,48,50
1170,384,231,234,252
1027,98,52,48,54
751,195,50,48,52
235,329,41,43,46
447,244,221,222,236
934,221,48,47,52
455,160,48,44,50
1126,400,229,226,241
143,361,40,41,45
524,161,42,44,48
415,182,50,46,52
316,173,188,186,204
550,254,231,230,255
896,28,87,83,76
503,9,74,54,45
267,299,44,42,43
448,34,50,43,43
496,389,41,43,46
642,169,50,49,52
695,349,46,45,48
289,70,36,30,36
931,188,47,48,49
1065,16,97,76,63
1119,405,233,228,246
864,393,46,45,50
523,62,42,43,45
100,22,120,110,118
507,477,104,99,70
16,369,47,45,48
68,499,46,45,48
793,67,44,47,51
1122,432,233,227,245
886,234,242,237,255
430,347,39,43,46
141,161,131,137,155
669,232,237,238,255
701,83,45,47,48
190,12,181,161,182
290,480,65,62,46
80,361,40,39,44
535,157,46,45,48
1025,25,108,83,66
672,163,47,49,48
674,156,48,46,49
201,181,187,183,203
1045,6,80,67,60
267,371,42,43,44
596,90,48,45,46
657,153,44,44,49
603,327,46,43,49
354,28,40,32,33
392,203,60,54,69
180,353,40,40,46
433,234,228,226,248
586,252,234,236,255
758,99,45,44,50
16,325,42,41,43
781,474,166,163,171
870,137,46,46,51
434,257,230,229,253
1185,49,239,236,255
766,143,46,46,51
678,369,44,45,49
186,93,36,29,33
910,429,164,163,196
554,105,46,44,47
216,372,41,43,44
302,428,74,72,57
213,324,39,42,43
166,406,43,45,47
655,65,48,47,49
1186,92,240,236,253
996,494,49,49,52
614,487,108,101,88
776,128,45,45,49
363,153,43,39,39
1016,153,49,51,52
133,52,153,135,157
618,157,49,45,49
260,180,187,184,204
1165,397,236,233,249
964,113,45,47,51
790,351,42,47,50
661,183,237,237,255
820,416,109,116,71
116,158,197,188,209
711,128,48,45,51
1085,226,234,239,255
566,460,138,132,134
958,210,52,48,50
162,24,166,149,173
313,67,25,24,26
329,381,43,44,45
898,138,52,46,52
662,222,66,61,70
984,300,49,44,51
268,296,44,45,46
890,436,46,46,53
1082,404,56,52,58
88,437,47,46,49
1099,413,241,240,255
579,50,41,45,48
502,393,42,42,45
682,359,43,44,47
94,281,39,35,39
771,167,52,46,51
736,274,45,46,51
863,7,96,92,88
1074,224,104,99,67
1106,374,238,234,254
800,392,46,46,52
74,286,35,32,32
279,73,39,33,38
430,365,42,42,47
930,174,48,47,51
503,414,43,42,48
623,126,46,45,47
720,458,133,123,123
233,22,181,168,192
101,303,31,34,35
319,5,65,58,60
1123,226,231,228,244
747,205,241,240,255
914,323,44,46,49
462,292,58,53,59
329,50,37,25,31
132,154,167,165,193
310,204,59,51,66
893,343,46,45,49
1071,495,242,242,252
926,451,70,86,109
33,230,33,27,27
477,26,59,49,47
180,355,44,43,48
649,45,47,45,49
265,415,44,42,47
429,440,127,91,86
985,376,47,46,48
311,462,127,119,97
472,190,220,220,237
670,109,44,47,48
1131,312,230,227,245
1084,120,250,249,255
1052,364,49,48,53
1004,415,49,47,51
360,350,47,42,46
333,479,144,138,154
1161,181,235,235,250
688,295,45,45,48
559,180,225,225,251
81,59,194,189,210
1065,417,51,50,57
802,125,43,46,49
923,180,46,47,51
772,329,44,45,49
151,389,41,42,43
1185,8,242,236,254
1118,118,231,228,243
48,219,30,28,32
630,374,39,45,43
57,364,43,41,44
90,392,44,40,45
1112,39,235,233,252
442,262,233,233,253
69,451,51,47,50
568,162,42,44,47
1169,393,238,235,249
1065,128,51,49,54
1194,351,239,236,253
529,461,153,147,161
786,344,45,46,49
968,226,43,49,48
474,290,42,46,49
1150,150,233,232,246
666,141,41,45,50
630,43,45,45,48
1142,334,230,228,245
263,158,37,28,32
116,401,45,44,48
471,283,21,23,25
900,439,57,50,57
770,263,239,238,255
836,63,45,47,52
109,259,217,212,236
585,386,41,44,46
333,162,37,36,36
1120,13,233,229,250
225,463,63,59,56
559,199,72,64,82
203,268,204,202,225
1099,277,239,234,255
316,425,43,44,44
448,85,42,39,45
230,189,188,184,205
574,53,42,46,46
526,420,43,41,46
1046,200,49,48,55
579,464,137,130,119
34,420,56,57,54
377,230,209,212,233
940,335,48,44,50
21,316,40,34,40
53,107,148,22,33
377,405,39,44,47
1130,436,229,226,242
516,53,39,32,33
1063,177,49,52,54
671,402,41,43,45
1043,23,108,84,68
1088,88,250,249,254
991,385,45,45,51
699,488,130,108,74
1098,312,236,236,255
60,32,157,150,164
612,123,41,44,48
524,409,40,43,45
246,404,43,42,46
591,369,40,43,45
993,244,49,49,51
175,323,40,41,41
268,380,43,43,47
937,255,48,45,54
396,258,210,214,238
165,134,151,144,159
576,16,96,82,61
1174,334,238,235,249
513,198,58,58,61
586,140,45,45,49
695,403,44,42,47
1030,39,105,77,64
1063,328,50,50,54
282,135,32,27,29
1007,226,44,47,52
762,489,157,153,164
348,298,46,43,45
45,86,195,189,212
300,495,44,46,47
1129,434,228,222,240
191,325,38,42,43
787,204,55,54,59
94,117,160,35,53
64,86,127,101,120
1122,287,230,228,244
611,430,43,44,47
78,497,44,45,49
869,66,46,48,52
131,477,49,49,51
661,119,46,46,49
167,97,205,191,212
542,280,44,45,50
528,294,45,44,49
769,215,239,240,255
1008,412,44,47,49
804,279,47,48,50
1019,106,44,49,54
1106,370,239,236,255
922,441,50,49,51
814,428,44,46,50
1020,135,49,48,52
985,226,48,48,52
642,367,42,43,45
892,435,46,46,50
350,241,170,172,184
647,103,47,45,49
1105,14,238,235,255
880,284,48,47,51
892,2,109,104,90
812,81,51,47,51
321,79,32,25,32
665,480,105,79,58
909,270,238,237,255
482,490,110,99,58
424,288,44,44,46
1113,201,235,232,250
172,214,192,188,208
318,353,48,40,45
127,254,213,215,240
188,339,41,42,43
768,480,153,149,162
845,318,46,45,50
206,416,43,45,46
572,329,40,44,47
330,62,33,24,27
991,321,45,47,52
236,88,44,43,49
918,128,49,46,51
1126,40,231,228,245
939,199,47,47,51
509,484,129,99,72
621,13,53,50,51
217,65,43,32,35
535,371,43,42,46
741,93,44,45,50
469,263,117,116,135
1115,8,235,231,250
730,20,50,51,51
696,192,241,237,255
762,57,46,46,52
1041,439,47,48,51
1059,255,46,50,55
549,473,164,166,179
175,252,199,198,219
806,119,49,47,49
121,194,222,219,245
336,470,140,137,150
371,98,29,31,33
173,185,195,191,211
571,246,231,231,254
944,136,46,47,52
561,225,68,56,72
871,456,45,48,52
675,40,43,46,50
59,318,39,37,41
824,172,50,49,53
155,190,196,195,215
514,8,82,62,50
875,419,82,88,89
1026,3,110,82,61
631,63,47,48,52
461,339,21,22,26
1044,126,49,47,53
676,260,45,47,50
321,355,42,44,45
1047,100,50,49,53
1186,47,238,237,254
288,281,42,43,46
187,78,196,184,204
137,124,205,193,216
791,318,40,45,48
798,491,163,158,174
545,103,44,46,48
955,381,46,45,48
1113,57,235,229,250
625,311,43,45,48
778,386,47,44,49
1026,339,46,46,52
490,17,71,55,48
695,412,46,43,47
163,348,39,40,43
991,226,46,47,50
438,398,111,115,111
1130,307,226,225,243
203,334,42,40,46
1126,335,233,229,243
299,33,50,53,55
481,341,43,43,48
245,106,38,34,38
951,141,50,48,51
868,162,50,50,52
461,345,33,33,33
447,186,64,59,65
1108,117,235,234,252
785,169,46,44,51
200,256,200,200,220
572,224,236,233,255
677,484,109,84,61
1046,12,73,66,61
606,27,49,47,52
413,437,87,82,78
935,406,47,47,49
591,307,42,45,44
131,320,37,36,36
911,479,47,49,52
49,13,81,69,88
2,478,52,49,51
727,250,244,238,255
104,159,41,30,37
112,6,113,104,115
793,92,50,46,50
918,499,175,162,117
1142,390,231,229,246
276,35,110,117,136
96,198,246,249,255
107,296,33,31,35
1132,423,230,228,243
1181,172,235,234,250
1085,467,253,255,255
473,105,39,41,46
632,428,42,43,46
492,420,42,43,46
722,219,217,218,245
860,335,48,47,49
253,177,189,183,200
482,113,41,41,43
139,135,141,134,159
811,410,69,53,91
63,97,149,27,34
455,447,180,181,197
25,24,223,225,248
1081,372,56,56,59
522,92,44,46,46
85,363,41,40,45
989,97,45,49,51
1079,408,51,52,58
109,198,225,225,253
169,49,156,143,166
1114,408,234,233,248
285,120,32,26,27
185,412,41,44,45
31,3,216,225,249
771,456,48,48,49
790,387,45,47,50
956,461,45,49,50
554,145,44,44,45
1102,412,242,237,255
933,19,116,74,62
378,104,34,32,34
895,144,47,47,49
259,463,106,95,65
101,295,39,32,36
311,195,193,191,210
877,297,47,46,53
403,382,41,44,46
41,180,175,31,39
383,67,33,28,26
332,105,34,27,29
283,8,182,188,205
772,318,46,44,49
221,287,44,43,47
931,457,48,49,52
927,407,46,45,50
1134,248,227,226,240
107,86,181,161,183
921,225,49,47,52
370,443,172,169,176
602,44,47,47,51
12,310,38,35,41
1145,135,236,230,248
1198,338,240,237,252
860,91,47,48,51
1001,39,117,89,66
697,362,45,44,47
902,407,46,48,50
505,86,64,57,61
894,433,49,49,49
532,93,46,43,48
394,210,100,99,100
48,102,143,26,40
1109,414,239,237,255
280,260,199,197,219
450,183,49,46,50
647,11,48,49,52
409,28,33,30,32
230,241,195,191,207
211,78,106,98,122
76,70,158,163,177
303,43,40,38,45
312,481,90,80,65
421,390,44,42,45
936,91,48,47,52
239,176,192,185,207
717,54,47,47,49
681,142,41,47,47
78,177,208,200,224
93,51,30,31,32
239,46,49,44,58
554,336,45,44,45
578,441,152,149,163
961,87,49,47,51
388,124,38,38,40
1197,433,235,233,253
561,209,62,58,70
794,3,50,49,54
474,370,43,45,46
335,461,98,93,78
860,271,51,50,53
633,44,46,44,50
949,350,43,47,48
618,103,43,45,46
731,25,49,49,51
1139,215,229,231,243
1146,162,231,230,248
1057,71,88,78,74
916,243,78,82,142
397,171,44,45,45
909,271,237,237,255
295,324,45,42,46
818,140,45,46,51
733,79,48,45,51
973,158,52,48,51
267,38,210,214,231
50,88,193,191,211
1116,85,231,228,247
59,494,49,49,49
1174,15,242,236,253
1084,226,223,227,243
776,481,155,153,170
32,354,42,42,45
326,20,42,38,44
117,469,46,48,50
966,366,45,47,50
294,242,49,50,54
361,489,82,71,61
694,461,118,94,63
719,56,46,47,51
254,156,29,28,26
308,439,67,67,55
352,437,88,80,55
265,251,195,189,212
950,294,44,46,51
1093,196,240,241,255
22,268,31,26,31
44,204,59,76,59
1075,374,50,50,56
243,2,176,163,188
776,217,242,239,255
119,405,45,44,46
280,128,32,29,31
199,464,48,46,48
208,70,37,30,32
1168,480,238,234,251
858,477,60,52,47
1064,170,48,51,55
1008,430,47,46,50
385,88,36,29,33
134,108,164,31,40
1013,76,97,85,72
404,247,220,219,242
639,241,51,49,53
283,349,43,45,45
27,15,228,224,248
425,150,39,42,44
451,224,229,225,249
1054,311,49,49,54
1175,142,236,236,250
387,311,44,43,50
1056,220,47,49,53
248,378,43,42,45
1013,293,49,47,50
1100,75,235,234,252
941,131,48,46,49
628,96,46,45,50
161,133,123,123,140
688,478,116,90,67
785,330,44,45,51
442,366,45,47,50
562,268,230,233,255
1053,46,115,108,105
941,268,46,46,51
50,183,174,33,44
681,237,235,235,254
821,273,48,46,53
723,205,243,237,255
852,109,45,48,49
245,127,27,27,26
374,263,213,215,241
452,422,54,56,60
515,437,158,160,180
41,265,38,31,32
1046,445,46,50,50
140,95,157,143,165
832,360,42,47,45
1072,31,110,101,109
465,484,178,179,197
1170,315,235,235,252
928,496,177,162,109
608,52,49,42,48
598,139,41,45,46
430,70,35,37,36
170,408,47,46,48
696,413,46,44,47
802,486,158,156,172
656,235,230,231,255
241,446,49,48,48
268,386,42,45,48
1089,476,236,234,253
226,357,43,43,46
196,386,41,43,46
1108,66,235,233,250
271,241,61,47,71
737,113,48,47,52
457,133,44,43,45
828,349,46,45,48
936,306,46,46,49
646,338,42,44,46
625,365,40,44,45
625,342,42,42,47
131,445,47,46,51
377,3,41,30,30
1071,395,122,117,61
591,344,44,41,48
175,160,36,37,40
1136,400,229,229,244
348,110,31,30,32
890,88,50,48,50
890,277,48,48,51
708,142,48,45,48
890,147,48,46,49
334,467,137,139,148
140,358,39,39,43
228,429,46,47,52
709,72,48,46,49
747,368,43,45,49
710,305,43,43,50
287,205,78,81,97
877,226,239,236,255
133,130,194,184,206
908,429,60,50,47
143,270,217,213,233
113,179,235,240,254
270,436,70,67,54
927,319,43,47,51
1176,5,242,237,252
890,206,49,47,51
1067,290,54,56,60
1192,76,239,237,255
672,93,47,46,46
1175,21,238,236,252
615,334,43,42,47
11,262,35,30,30
189,191,187,184,204
113,366,44,39,40
370,384,42,44,47
137,126,200,189,214
336,155,36,35,37
1099,266,235,234,252
238,40,37,27,29
783,333,46,47,49
815,272,49,48,52
1108,225,235,235,253
88,196,239,245,255
405,485,80,73,65
367,380,43,44,44
240,375,41,42,47
1137,434,232,229,244
88,10,76,67,81
41,327,38,35,40
211,465,47,43,49
139,231,70,45,74
791,25,49,50,53
369,109,35,32,35
322,78,32,26,30
690,306,44,45,48
1178,59,238,235,250
368,373,41,42,45
128,111,163,31,40
243,175,190,185,204
719,153,46,44,50
489,78,47,42,46
1063,25,70,66,61
875,75,47,51,51
542,400,43,40,43
286,125,31,27,30
546,456,152,149,159
873,211,47,49,51
794,111,45,46,49
594,74,47,44,46
1194,46,239,236,252
674,20,51,50,51
1036,356,49,49,51
786,372,46,47,48
150,231,76,58,69
471,48,42,40,44
504,191,66,58,73
91,151,157,34,42
19,406,49,46,51
187,53,168,98,120
847,27,94,89,84
1180,99,237,237,252
495,347,43,42,46
799,250,243,240,255
768,15,48,47,53
356,302,43,42,44
66,286,33,29,31
472,154,45,45,49
816,60,45,47,51
1010,365,48,49,51
639,101,47,45,48
817,479,166,163,179
789,93,41,47,49
143,290,36,35,38
1065,121,49,49,55
901,82,53,47,52
416,139,41,41,44
225,76,102,102,121
572,257,233,232,255
430,7,37,28,30
241,15,186,174,189
108,397,45,42,46
1172,300,237,236,253
266,194,186,182,202
730,139,47,45,49
350,494,65,62,53
779,359,47,44,50
411,168,45,44,47
326,313,43,42,48
847,198,45,48,51
681,408,45,45,46
946,118,44,48,51
937,283,48,45,49
10,229,35,25,31
217,434,45,44,47
229,61,101,98,117
723,437,44,43,48
1089,302,194,196,187
1066,463,55,53,56
516,29,68,63,64
1174,122,239,236,255
879,341,44,44,49
543,130,44,44,47
1183,0,239,237,253
623,252,73,62,97
439,390,45,47,50
674,448,41,44,45
499,194,207,207,225
465,120,41,45,43
1,133,158,26,33
23,443,49,51,50
51,80,183,188,201
828,485,166,161,173
844,121,49,47,51
10,14,218,224,241
366,233,104,103,127
649,120,42,46,46
79,481,86,72,72
204,51,171,94,111
529,83,46,43,49
1075,46,75,68,66
672,129,47,44,49
1068,385,53,52,54
524,377,41,40,43
467,353,53,55,57
1015,238,47,48,54
749,247,240,241,255
945,218,49,47,46
880,327,45,48,48
76,281,34,33,32
165,390,45,45,45
227,26,178,167,192
286,359,44,43,45
928,360,51,47,51
825,242,211,209,249
1191,208,239,237,251
77,283,36,34,35
936,177,44,46,51
252,317,41,43,48
936,59,107,103,97
623,10,50,50,50
1193,226,240,236,252
298,165,189,183,205
1053,15,72,68,61
171,131,109,108,125
58,270,36,32,34
796,123,49,45,53
1197,437,239,234,252
142,288,37,34,40
525,226,225,225,248
923,322,44,47,48
958,80,49,49,53
204,278,205,202,224
499,74,50,46,49
415,457,132,123,136
1190,83,240,237,253
88,72,150,58,73
518,389,43,42,46
586,213,69,58,73
682,84,46,46,49
908,103,52,50,53
871,379,45,46,49
738,217,235,235,255
561,191,230,229,253
401,242,170,170,171
69,450,49,49,51
177,20,155,34,53
323,44,35,26,31
604,35,44,43,51
378,490,70,62,53
580,339,40,44,47
546,225,228,228,253
546,419,40,42,46
714,371,47,43,51
614,478,171,166,173
993,71,76,64,60
919,474,51,48,51
384,262,214,216,239
66,494,47,47,50
494,473,110,106,81
939,7,238,231,254
262,339,41,43,46
102,39,193,188,208
967,401,47,45,52
971,464,46,48,49
482,497,123,111,65
131,176,60,59,66
91,432,48,46,48
409,121,42,40,44
517,205,202,203,212
64,133,155,31,33
977,498,51,54,55
831,80,45,48,52
266,20,37,32,37
378,2,43,29,33
1125,354,225,227,245
96,104,156,27,37
369,220,208,204,227
11,106,142,20,30
752,78,46,46,50
404,455,53,54,50
30,451,50,46,51
1121,2,230,230,248
263,4,128,119,135
232,97,35,37,43
95,209,217,220,247
263,396,43,45,46
497,352,43,41,48
1059,254,43,51,51
346,217,202,200,221
411,329,40,44,43
607,453,172,173,191
389,479,60,55,53
1056,15,77,66,61
22,18,226,222,247
320,53,34,25,28
874,1,112,105,101
47,484,48,48,51
1047,181,52,49,54
362,1,43,33,34
427,287,46,45,49
1131,313,227,227,242
851,12,99,93,92
792,129,45,46,51
751,429,47,45,50
183,174,192,187,210
587,145,44,45,47
720,57,41,47,48
1141,146,231,229,245
600,8,51,48,51
425,129,45,39,46
999,163,49,48,52
263,377,41,44,48
846,239,226,226,225
435,278,49,51,55
545,358,41,43,46
221,461,48,46,47
882,195,48,48,52
564,102,44,44,45
981,137,45,47,51
660,440,40,44,48
170,34,176,157,181
460,392,50,52,54
354,236,203,203,224
1076,381,78,70,69
628,445,175,188,196
83,235,82,76,109
179,472,50,48,50
535,243,135,146,180
456,201,228,226,248
1072,284,65,59,59
568,172,49,45,49
868,111,47,46,53
530,343,42,40,45
192,176,189,185,205
715,483,155,143,153
872,352,45,47,47
1197,43,242,238,255
130,38,147,128,150
986,262,50,48,53
19,382,44,46,48
1119,74,229,228,245
174,114,129,128,149
939,254,45,44,52
931,428,45,47,52
509,28,87,67,50
856,95,47,47,50
473,77,41,43,43
13,383,47,45,48
728,201,240,236,255
802,446,45,47,48
783,20,51,50,55
190,226,188,185,205
746,398,42,46,47
715,272,45,46,51
312,235,135,136,156
246,459,78,74,55
97,437,40,48,51
541,8,84,71,56
443,51,40,38,41
597,331,40,43,45
129,405,44,45,49
1084,186,249,250,255
1066,110,54,50,56
166,368,41,43,44
1048,448,50,49,51
1148,373,233,230,248
635,418,41,43,45
100,223,208,206,231
516,361,38,43,44
290,468,100,95,66
605,249,236,235,254
657,353,42,44,44
347,472,62,63,57
748,375,45,44,47
222,149,32,26,33
535,79,46,42,45
310,469,126,117,91
397,279,49,45,50
604,96,45,43,47
1064,92,63,60,62
506,92,27,26,30
996,114,45,51,52
455,32,59,49,45
33,334,39,39,41
984,97,48,48,54
593,306,46,44,48
1083,471,241,239,255
933,313,47,49,53
502,301,45,46,46
280,236,76,72,82
42,117,149,22,33
77,21,110,101,105
285,262,201,200,222
1036,406,47,48,52
1135,68,230,230,244
441,357,46,45,47
1171,410,238,236,252
91,114,157,32,40
361,196,197,197,219
557,82,45,43,49
1146,275,234,232,250
675,308,44,47,50
700,367,40,43,46
703,159,47,44,49
1159,181,237,234,250
901,19,105,98,94
483,328,45,43,49
652,157,44,45,50
707,414,43,44,46
946,389,43,45,48
711,266,44,45,47
390,237,60,52,59
1044,14,84,73,59
9,124,152,24,31
1079,71,63,59,64
987,235,49,46,51
701,187,238,238,255
280,158,33,29,34
149,299,34,36,38
1069,125,52,53,57
544,13,61,55,50
211,347,42,41,48
152,81,162,147,169
30,126,150,23,32
59,315,36,38,37
588,160,46,44,48
144,115,40,27,30
175,256,206,201,222
771,492,164,158,177
579,495,180,176,181
528,126,42,43,46
6,47,65,64,67
835,355,48,45,51
561,498,137,134,113
876,267,237,237,255
511,224,222,220,242
479,397,43,41,48
594,5,94,81,66
184,414,42,43,44
925,59,94,87,80
136,478,46,47,49
104,146,195,181,204
1149,96,237,232,246
470,433,181,188,207
909,97,51,47,51
108,356,38,39,39
622,486,115,112,113
373,276,46,46,51
1018,221,49,47,53
963,21,103,76,63
977,104,45,48,53
547,492,118,109,89
658,124,43,44,47
89,433,45,46,50
784,340,47,47,51
41,66,116,107,114
1171,412,233,233,251
56,445,46,48,48
60,36,158,151,168
766,332,48,46,49
392,472,74,65,58
512,178,185,181,191
459,95,39,40,44
867,81,48,47,52
31,140,159,30,33
3,150,171,32,37
601,394,42,42,46
288,30,44,44,49
712,165,49,47,51
221,78,107,109,122
295,403,39,43,44
1089,188,253,255,255
207,403,42,44,46
859,22,90,89,86
922,10,140,88,67
540,291,42,46,46
395,119,41,37,40
818,212,240,242,255
574,432,44,45,47
832,83,47,47,51
443,52,37,37,38
283,26,153,147,164
592,273,51,48,52
908,415,47,45,49
226,406,45,42,48
229,296,44,43,48
861,8,95,91,90
291,27,40,43,46
112,475,50,47,52
750,357,44,47,50
943,171,45,46,51
1097,314,243,239,254
282,61,45,40,45
526,118,46,42,47
1020,361,43,47,50
713,341,45,41,46
731,206,239,239,255
1104,292,237,236,251
942,27,85,65,60
855,30,94,89,82
403,132,39,40,43
15,49,64,63,68
485,148,43,46,47
44,392,44,46,48
1155,348,237,235,249
285,477,118,111,90
562,130,46,43,47
582,10,95,80,59
1159,414,237,233,250
1101,43,241,236,254
1161,187,240,234,254
413,333,42,43,46
836,86,48,47,52
187,377,42,44,43
583,459,130,122,122
355,334,41,43,47
1117,266,232,227,247
165,168,48,47,55
1167,30,237,234,252
125,45,168,148,169
288,466,99,92,66
322,94,34,27,30
120,87,161,145,166
379,366,40,43,47
765,150,47,49,49
1179,186,239,236,252
688,231,237,236,255
268,12,36,31,33
80,253,213,211,237
134,162,202,206,222
1155,125,237,232,249
1049,260,50,50,54
503,433,176,176,195
323,68,30,25,26
122,326,37,35,34
76,155,163,32,38
237,160,186,185,202
1028,178,47,50,52
638,355,42,43,47
583,223,232,235,255
708,340,45,45,50
1159,131,235,234,248
926,414,44,47,49
729,24,47,52,53
1033,406,48,49,53
410,475,86,75,67
105,242,217,211,236
2,126,154,24,31
259,126,30,27,29
389,86,35,30,33
603,270,39,44,50
969,421,47,48,50
1187,51,238,236,254
940,65,100,97,92
395,481,69,65,58
1065,209,51,51,55
464,324,25,25,23
673,236,235,233,254
511,139,47,46,50
1139,187,235,230,246
148,87,154,141,161
929,237,46,49,54
380,432,82,71,57
546,49,42,44,44
236,17,184,171,194
1104,57,235,235,253
275,244,194,191,212
775,234,185,189,219
478,6,58,49,40
57,117,154,23,37
658,403,45,45,47
479,393,40,43,46
197,311,42,40,42
543,30,40,46,47
321,74,31,27,29
344,203,196,195,215
1062,148,49,50,53
314,59,31,26,26
1091,228,243,243,255
638,34,47,45,52
964,145,51,48,51
407,489,78,75,67
381,483,71,63,54
512,116,43,44,49
1129,345,229,226,244
720,111,42,48,49
222,476,70,68,55
938,162,47,47,50
318,20,41,41,45
290,366,42,43,44
1153,447,230,230,249
776,168,45,48,51
64,305,32,32,33
592,98,41,45,47
1061,10,96,78,62
438,7,39,28,30
244,203,180,177,195
473,82,42,44,43
464,219,179,176,181
200,12,158,31,44
942,392,46,49,52
1164,414,234,231,247
158,248,206,203,226
761,353,45,47,48
466,187,52,52,51
604,204,232,230,255
450,194,225,224,247
438,447,23,21,21
990,313,48,45,51
315,387,44,43,46
130,491,46,44,47
214,479,43,47,49
731,179,50,47,51
185,431,49,48,52
297,443,56,56,51
963,56,66,59,58
908,456,43,50,50
353,440,88,82,56
1181,181,239,238,255
685,266,48,45,47
560,177,58,51,57
820,30,56,59,56
952,236,49,46,49
388,335,40,45,44
415,497,203,202,219
838,104,49,47,51
254,371,42,44,46
1127,485,231,228,247
893,171,48,48,52
397,232,214,213,237
342,396,45,42,42
874,107,45,46,49
8,429,53,51,49
780,118,47,46,53
512,396,41,42,45
953,469,44,48,51
215,287,46,45,44
248,207,181,182,193
920,97,46,47,51
435,306,47,43,49
640,279,42,45,48
719,235,238,237,255
14,397,47,47,46
1079,444,53,52,58
134,243,204,203,225
1046,468,47,48,53
1019,441,48,48,53
343,151,35,35,36
938,151,51,48,53
168,3,158,138,162
363,227,210,206,228
465,351,56,58,61
956,432,57,39,85
712,365,46,43,48
284,39,40,43,48
963,359,40,44,49
1057,18,84,72,61
884,184,45,47,53
1186,276,238,235,252
1085,200,54,56,59
158,462,50,49,47
496,101,42,41,44
106,396,45,43,45
532,236,103,109,128
552,226,59,60,63
87,230,204,206,228
625,89,45,45,48
1040,444,50,50,51
445,117,42,43,43
1130,368,227,227,244
260,182,189,184,205
885,366,44,45,48
243,425,72,70,52
842,124,48,45,51
885,230,239,237,255
274,7,199,189,212
1188,186,242,235,255
637,428,44,43,45
344,118,35,29,32
81,1,61,61,64
1027,477,49,47,53
85,165,41,25,28
893,32,113,108,107
884,108,46,47,51
286,493,48,47,45
36,486,55,52,52
102,232,196,197,219
1091,357,248,246,255
967,261,46,48,53
1021,467,47,48,53
623,292,42,44,43
1083,178,64,59,73
635,282,45,44,45
660,403,44,44,46
735,91,48,43,50
660,30,49,48,51
1061,66,97,86,74
232,360,46,45,46
24,60,139,132,146
80,224,51,51,55
868,222,238,235,255
58,330,38,34,38
1000,71,73,64,57
559,455,140,136,141
891,154,45,48,52
914,257,188,186,245
1087,217,254,252,255
982,299,45,46,51
113,4,114,109,119
168,358,41,42,46
582,330,44,44,46
714,368,46,43,49
1161,475,236,234,248
502,138,32,36,37
741,24,49,51,53
331,399,42,44,46
937,158,43,47,51
974,424,46,47,52
42,412,45,47,50
841,209,50,48,54
1137,443,233,227,243
134,117,196,182,204
256,37,116,116,134
372,343,45,42,44
53,215,112,112,115
672,253,45,46,49
1081,331,58,55,59
580,88,46,44,46
417,492,175,171,177
1159,302,236,233,250
13,312,39,37,38
1017,495,47,49,54
1016,425,47,48,52
238,209,182,185,200
217,328,43,43,45
176,337,38,41,43
151,292,36,36,38
123,75,151,132,155
275,215,187,185,204
639,393,45,44,48
78,255,202,202,224
531,320,45,41,47
1136,78,228,228,243
1099,375,242,240,255
186,281,211,208,229
1004,475,47,47,52
881,291,44,48,50
249,496,51,51,46
885,52,105,101,99
549,211,77,62,80
788,308,46,45,50
737,182,51,48,51
463,214,60,54,60
419,350,40,43,47
414,445,103,98,88
816,304,44,46,49
775,189,49,48,51
1096,68,240,238,255
437,384,45,45,49
254,122,28,26,30
387,351,44,45,46
330,331,45,43,47
830,179,49,47,52
692,433,42,47,48
1120,463,231,228,247
1124,299,226,225,242
1063,60,80,69,64
1113,349,232,231,246
619,180,52,51,53
1033,402,46,50,53
484,185,73,76,84
677,261,42,47,49
617,118,48,45,51
359,53,30,27,25
460,286,46,48,51
773,247,241,239,255
391,37,36,34,32
592,107,42,43,46
1087,438,237,241,246
373,88,31,29,28
600,467,123,114,95
827,286,47,47,50
118,464,49,49,51
740,51,45,46,48
1115,36,233,231,247
914,372,45,45,48
770,212,242,238,255
1153,105,235,232,250
542,305,44,43,43
457,275,234,234,255
529,117,43,46,49
704,268,44,45,48
550,414,44,43,43
953,109,48,47,50
511,465,172,171,186
296,217,191,189,210
142,9,188,187,206
897,69,50,49,54
844,210,48,48,52
580,106,39,44,46
241,106,39,35,38
545,17,49,47,49
930,344,48,47,52
683,110,46,47,49
638,170,48,47,50
284,278,46,42,46
466,10,128,105,84
51,406,45,46,47
71,18,35,37,30
617,470,175,175,170
1103,440,235,235,250
689,273,46,47,48
174,78,153,146,161
620,326,42,44,47
146,193,108,107,133
616,181,56,52,57
704,369,44,45,49
681,371,44,45,47
186,129,50,47,54
954,275,45,45,50
799,323,48,47,49
76,41,117,110,119
1144,408,237,230,247
125,389,40,42,42
84,92,151,25,33
1032,145,47,47,53
964,19,99,73,61
1108,9,238,237,254
108,294,39,33,36
465,240,230,233,253
862,69,50,48,51
941,470,50,48,51
768,429,45,45,49
899,214,51,50,54
695,71,44,46,48
818,99,49,47,49
831,468,47,48,53
719,379,40,45,48
718,298,44,45,49
400,439,196,202,222
619,461,102,103,104
517,183,219,219,239
1126,25,231,229,245
209,190,188,182,202
276,159,34,31,32
631,72,46,45,49
702,91,46,45,49
393,457,167,170,187
1022,341,44,47,48
81,457,45,49,49
842,139,45,46,52
849,433,46,46,52
920,371,46,49,49
122,180,201,205,225
391,232,160,154,160
484,86,45,44,46
299,287,45,42,48
652,229,238,238,255
585,261,234,235,255
613,488,128,121,131
907,286,48,46,50
687,12,45,49,52
970,403,47,45,51
730,71,44,46,50
1002,394,45,46,51
1040,163,50,49,54
300,472,125,119,94
104,462,52,53,53
575,261,232,232,255
345,120,30,29,32
772,64,43,45,51
986,470,48,48,50
439,404,113,115,141
534,385,42,41,45
528,62,43,42,46
427,125,42,41,46
652,156,45,44,52
1036,44,91,75,66
161,97,201,188,212
1090,452,240,240,255
358,484,69,64,59
353,454,85,81,57
659,304,46,46,47
155,287,42,39,41
494,428,41,45,48
153,324,36,38,38
188,149,33,35,39
918,382,48,45,48
1119,323,231,227,247
60,400,45,44,47
1194,259,238,236,250
602,451,176,184,199
796,449,47,46,50
1187,241,239,235,253
800,340,43,46,48
729,257,239,238,255
868,148,45,49,52
254,251,195,191,212
1021,253,48,50,53
227,456,66,63,53
1095,357,247,243,255
148,472,46,44,50
312,74,31,26,29
224,83,111,114,134
78,143,160,28,34
514,297,45,46,47
517,204,193,193,196
299,464,100,96,67
985,14,113,85,65
144,199,51,47,52
192,419,44,44,47
413,297,45,43,48
121,465,46,48,51
166,42,154,139,163
14,98,134,59,62
325,32,38,34,40
164,495,48,45,50
16,46,63,61,66
441,298,43,45,47
1119,228,236,230,249
899,375,45,47,48
738,328,45,46,49
634,224,67,58,71
384,119,40,35,38
92,346,40,37,42
496,183,190,186,204
1036,493,50,48,55
141,495,42,48,49
76,57,185,183,202
1021,486,49,50,54
83,142,159,29,38
105,331,36,35,37
997,386,42,47,50
867,418,45,46,51
678,76,46,46,49
1085,433,253,253,254
448,333,46,46,50
1179,243,239,234,250
747,255,241,239,255
323,164,39,36,38
3,418,54,51,54
293,371,42,42,45
345,311,43,43,45
996,93,48,49,50
349,447,73,74,53
858,88,47,48,53
842,484,169,158,108
321,447,74,70,53
875,421,147,166,192
1025,197,49,47,53
143,286,43,35,37
1039,185,50,48,53
585,285,46,45,48
41,357,44,45,43
180,267,204,204,227
1194,388,235,235,252
964,106,49,49,50
757,158,44,47,48
1087,273,85,75,81
835,54,69,62,59
118,276,215,213,237
890,160,45,46,49
1115,379,237,234,250
296,249,195,198,216
511,8,80,62,51
634,171,53,48,54
23,497,68,63,50
896,474,51,49,53
431,419,44,49,52
144,152,170,169,191
1093,490,236,237,254
835,59,52,49,55
1187,152,237,236,254
533,467,117,114,121
208,442,47,46,51
680,414,42,43,44
175,486,48,44,48
852,32,90,89,85
271,373,42,44,48
271,159,34,31,35
481,455,177,178,198
486,209,58,54,48
804,175,48,46,48
1182,59,239,238,253
784,72,43,48,51
149,368,41,41,42
351,190,193,195,214
1189,462,237,235,251
74,109,154,22,33
719,170,45,46,53
241,194,188,185,204
556,26,50,49,51
1070,466,191,176,108
145,446,47,46,50
851,426,51,47,49
206,202,188,184,204
363,291,44,44,48
27,32,233,229,254
643,177,235,237,254
1042,252,47,47,53
185,227,43,37,44
326,174,189,188,208
581,401,45,41,48
466,262,218,217,241
519,311,45,43,47
67,104,152,25,32
49,403,43,44,50
1182,97,241,236,252
565,258,230,231,254
217,462,47,46,49
54,383,45,43,46
17,260,34,28,29
402,123,41,38,43
745,311,44,44,49
859,187,44,47,50
1106,319,235,232,251
309,201,188,191,207
125,412,42,45,49
323,235,195,198,216
581,268,232,232,255
966,396,48,47,52
810,391,46,45,48
874,225,239,237,255
1166,499,233,231,249
700,269,43,45,49
519,317,41,43,45
254,41,139,135,158
394,462,120,107,124
762,45,48,50,51
709,293,48,43,49
998,47,113,86,63
193,58,167,40,58
19,392,44,44,47
515,73,29,28,31
931,321,45,45,51
619,427,45,43,48
409,286,42,45,47
1159,438,235,231,246
74,101,152,22,30
1005,354,48,48,52
728,88,44,47,52
214,273,204,201,227
940,494,171,158,87
696,302,45,45,51
984,148,44,48,51
902,266,240,239,255
134,158,234,233,255
474,149,42,44,46
897,283,46,46,51
832,280,50,47,54
577,280,44,44,48
936,302,43,44,50
348,215,204,202,224
565,498,171,166,166
511,468,132,127,138
649,236,52,50,67
1072,371,53,50,56
281,137,30,24,26
281,432,69,70,56
1020,404,44,48,49
141,125,205,193,214
1132,206,230,227,242
843,412,47,46,51
492,59,39,42,45
1044,79,65,63,62
613,161,44,46,48
730,111,45,45,49
744,344,44,46,50
838,217,239,238,255
1085,2,251,249,255
294,49,42,41,50
298,145,28,29,31
964,88,49,48,53
758,190,43,47,50
987,303,45,45,49
1193,290,240,238,251
233,251,197,195,220
1043,119,50,49,52
610,71,44,46,48
457,427,51,51,53
403,5,39,25,27
121,273,213,212,233
964,196,49,48,53
1135,466,231,225,238
618,202,194,195,214
271,84,36,32,35
1164,489,235,234,248
105,285,37,31,36
1104,381,236,237,255
861,194,47,47,50
453,325,46,48,50
700,284,43,45,48
191,252,204,200,221
1072,472,134,145,184
320,265,209,205,228
883,339,47,46,50
936,419,49,46,52
630,268,46,44,49
1138,435,227,228,244
1182,225,239,237,251
827,25,79,77,67
129,384,45,42,47
964,491,49,50,52
320,188,193,190,211
171,206,150,151,164
1102,289,236,235,254
1098,6,242,242,252
150,109,39,25,30
1182,157,242,238,254
1186,160,236,235,253
919,155,46,47,52
937,371,47,46,50
748,275,47,47,48
453,494,158,158,157
490,417,42,42,44
176,381,40,43,45
912,300,45,45,48
926,282,47,46,49
104,102,156,31,40
168,110,178,177,193
1049,123,47,48,51
183,330,45,40,42
895,33,93,90,93
1099,262,239,234,255
41,144,160,26,36
3,327,43,40,41
341,350,42,43,46
835,368,46,44,45
802,299,47,46,48
781,239,97,89,104
1056,422,51,49,54
904,343,45,44,50
967,37,94,72,61
1115,114,232,230,247
309,220,195,190,211
935,264,47,46,51
386,258,215,215,241
166,237,96,92,88
943,201,49,47,50
717,41,110,76,62
444,107,41,43,45
449,325,47,47,51
904,373,46,45,50
356,178,196,194,216
887,98,51,53,54
347,27,39,33,32
615,30,48,48,48
177,362,40,42,44
565,487,158,151,154
637,412,45,44,47
1004,463,46,46,52
462,103,44,42,46
53,17,66,64,68
361,419,42,43,43
270,439,64,62,53
301,45,39,40,45
227,392,47,43,49
577,377,43,41,46
80,257,218,214,236
59,473,49,49,48
1164,382,237,235,250
488,167,67,65,68
140,228,197,195,219
1007,84,101,88,71
1006,255,46,47,50
621,338,42,43,45
399,312,43,49,50
127,15,180,179,192
781,177,45,47,51
1178,310,239,235,255
1168,88,240,236,252
487,352,44,43,46
140,341,38,37,38
467,301,17,21,19
155,40,154,138,160
5,486,47,51,52
662,0,50,48,50
338,41,47,39,34
143,11,193,191,211
958,323,46,47,53
1126,487,231,227,245
633,130,43,47,50
876,12,91,88,84
853,206,49,48,55
601,363,42,44,46
1150,490,230,231,245
734,92,47,45,49
1034,228,49,47,53
1138,413,232,230,245
71,207,98,98,111
633,481,187,189,202
729,472,159,151,166
742,266,49,51,55
703,421,45,45,48
304,288,45,42,47
1147,35,232,232,248
1181,165,237,236,252
636,471,163,158,169
571,0,80,67,67
596,193,234,233,255
244,91,48,44,50
547,454,130,127,127
387,313,39,46,48
936,220,45,46,51
212,467,47,45,50
502,236,218,216,237
643,156,47,48,48
807,475,168,164,172
956,15,109,76,62
579,53,44,45,47
359,253,210,211,234
855,349,50,46,50
778,346,46,46,50
921,492,174,159,120
961,400,44,46,50
1119,121,230,227,246
502,492,120,111,66
394,143,39,37,40
524,27,62,42,30
412,103,35,37,38
403,149,40,42,44
535,285,44,44,48
794,8,52,52,53
861,344,47,47,51
975,449,49,49,53
761,145,43,47,49
756,8,51,49,52
188,276,211,210,232
503,253,220,220,242
904,231,238,238,255
512,24,85,65,51
429,466,111,107,110
1198,255,238,236,253
919,332,47,45,49
406,93,40,38,39
1119,465,227,227,241
892,468,45,48,51
433,348,46,43,46
277,180,187,184,202
41,300,35,35,35
597,453,168,162,176
599,400,42,45,45
612,252,233,235,255
1113,211,233,231,249
377,497,73,67,52
115,359,39,38,42
411,98,39,35,41
151,264,209,209,233
553,440,150,145,154
142,169,47,47,52
986,444,64,66,98
924,65,79,76,67
1196,240,240,237,254
531,354,47,43,47
433,248,212,222,227
639,307,43,44,47
892,222,145,137,148
222,435,51,47,54
306,268,49,42,60
697,399,54,43,62
434,3,35,27,28
1042,18,107,83,66
362,423,43,43,46
410,346,43,42,47
742,382,47,44,49
1185,54,241,236,255
104,266,43,39,39
234,492,66,62,52
19,360,43,44,46
852,124,47,46,49
261,415,45,43,46
341,234,198,200,222
1070,388,59,57,55
766,19,51,51,56
334,119,34,25,30
330,260,207,207,229
321,388,47,46,48
1071,7,105,81,63
293,380,42,43,46
481,238,59,55,65
373,195,200,199,220
1193,284,239,237,252
110,300,38,34,35
1,142,165,28,36
268,443,58,59,52
211,269,205,203,223
456,178,46,45,48
789,391,49,45,50
995,282,46,49,51
1087,120,252,251,255
376,82,34,29,31
293,309,45,43,47
312,149,31,29,31
1148,335,233,230,247
599,466,129,123,113
1047,348,47,48,53
146,322,38,35,41
377,329,43,44,45
572,341,43,42,44
794,131,42,47,50
644,14,50,49,53
851,155,47,48,51
844,434,46,46,48
942,305,46,47,48
228,261,203,202,222
898,472,45,49,52
945,215,46,47,51
1143,465,229,227,243
152,366,38,42,43
1058,307,72,56,60
844,96,44,47,50
809,439,46,47,52
584,489,138,137,143
51,102,147,25,33
55,358,41,42,42
591,388,41,41,42
178,408,44,44,45
425,111,38,38,40
706,65,46,46,50
178,216,192,189,212
370,484,68,64,58
930,87,49,47,51
834,456,43,48,50
371,470,54,48,49
578,5,91,80,61
1162,145,236,234,251
618,323,42,45,47
214,369,43,42,46
1159,37,236,236,251
1185,82,240,237,253
1175,336,239,235,252
956,430,47,48,53
505,421,46,43,47
985,354,45,46,51
345,17,39,32,34
371,284,42,42,48
835,416,150,161,159
820,461,47,47,50
375,55,33,25,27
1084,402,73,64,67
310,163,96,95,105
296,305,44,41,45
427,492,32,33,38
1183,443,235,233,253
422,472,161,144,148
765,86,49,46,50
155,133,124,125,145
168,197,192,188,209
894,175,44,46,50
70,137,170,108,110
13,442,51,53,53
584,135,39,45,47
1095,165,242,241,255
1198,64,241,237,251
860,0,96,92,88
1138,94,233,231,244
304,266,198,197,222
571,482,152,140,136
338,379,43,42,47
732,494,151,147,156
643,91,46,46,47
571,397,40,43,43
565,347,43,41,43
832,154,44,44,49
841,351,45,45,51
1075,473,94,92,123
784,99,45,48,50
954,293,48,45,50
1021,441,46,46,52
948,72,99,96,93
104,356,38,35,38
746,422,47,45,48
509,187,215,215,236
148,178,209,209,232
883,336,43,44,48
367,438,89,83,77
855,180,42,48,51
1123,154,228,227,245
571,198,206,208,240
321,213,50,48,53
134,381,45,41,43
806,399,50,45,50
381,143,39,38,43
789,377,47,45,49
720,466,151,145,158
1046,347,48,48,52
214,394,38,42,45
138,52,143,124,146
681,54,46,46,49
418,149,40,43,44
231,365,47,42,45
500,141,37,34,35
536,310,43,43,46
803,1,50,52,54
542,480,136,134,142
355,205,133,129,137
779,462,50,49,51
537,213,226,225,245
75,236,54,51,60
977,156,47,48,51
504,285,44,46,48
667,40,46,46,50
195,281,210,207,229
435,3,36,26,27
242,84,49,50,56
911,164,48,48,52
67,346,37,41,39
395,475,52,54,52
1185,168,239,236,253
214,294,42,41,46
235,471,90,87,62
1128,140,228,226,243
1063,171,49,51,54
1131,303,231,227,242
844,4,97,94,88
618,54,45,45,49
1034,1,104,78,62
1056,146,50,47,52
353,18,37,33,32
128,358,37,39,44
1159,368,235,231,250
575,377,45,42,47
794,191,48,47,49
982,49,91,69,58
469,17,112,89,65
906,484,50,52,54
1080,96,242,242,254
37,174,172,34,44
1040,448,48,48,51
724,489,154,150,164
424,84,36,36,39
438,460,27,25,26
773,242,240,238,255
1185,354,238,236,254
76,134,181,131,140
203,390,41,43,45
741,411,46,46,49
821,78,45,46,50
953,97,49,48,51
706,446,38,44,46
385,424,44,43,45
1074,245,142,139,80
645,98,45,44,49
697,189,233,234,255
934,464,48,48,50
685,486,116,88,63
617,142,43,44,50
533,248,224,220,245
880,39,105,98,95
1070,55,70,65,64
84,267,38,35,37
1138,14,231,230,245
1112,159,239,237,253
1098,168,239,237,255
751,65,46,46,51
543,156,45,44,47
665,126,43,44,49
103,381,42,40,46
154,123,49,38,45
823,97,49,47,51
650,157,46,47,47
982,258,45,45,50
287,190,192,187,206
1182,112,238,235,253
802,487,159,154,169
920,103,49,45,54
689,271,40,43,50
1091,348,249,250,254
256,246,191,190,210
40,351,44,41,45
950,338,44,46,49
1190,285,238,236,250
78,455,49,46,48
115,274,215,210,235
831,213,177,173,189
979,419,45,47,51
291,458,81,79,54
526,386,44,42,46
10,435,50,50,50
84,439,48,46,50
291,155,34,32,31
327,339,42,41,44
248,37,46,35,44
1006,0,120,91,66
853,116,49,48,52
39,267,39,30,35
328,270,52,51,54
381,340,41,43,41
128,51,151,132,152
530,469,156,157,172
77,229,49,52,57
587,285,46,46,48
1024,463,44,47,53
1065,95,55,55,57
1032,90,53,52,53
445,7,40,31,32
427,260,229,229,252
964,350,41,44,52
567,436,55,51,48
211,468,47,44,48
431,494,31,31,35
1038,474,46,51,50
592,380,45,43,47
317,134,32,28,33
476,470,179,180,194
583,325,43,43,48
524,98,41,44,45
1001,446,49,47,53
854,258,244,239,255
188,325,40,41,44
774,66,47,46,53
94,151,130,105,119
544,82,42,44,45
815,132,44,46,50
567,154,44,43,47
174,73,135,121,142
152,56,129,116,135
262,137,26,28,31
152,196,197,191,213
1193,466,235,235,250
253,238,185,185,203
127,38,153,135,158
412,35,36,28,31
458,470,178,183,201
1069,194,49,51,55
565,93,43,43,49
1109,178,237,236,254
1181,169,237,235,254
1012,84,105,88,72
940,296,44,46,50
801,481,159,159,178
782,23,48,51,52
558,449,148,144,149
600,226,234,235,255
1108,292,230,230,247
489,66,42,44,43
495,329,46,43,47
23,377,43,44,48
421,37,34,31,31
223,157,39,31,35
269,259,199,197,218
733,150,48,47,49
53,357,41,43,43
858,134,45,46,50
976,404,45,47,52
633,213,98,84,122
1065,380,53,52,57
289,203,112,110,117
561,351,43,44,46
1145,275,231,231,246
780,277,236,236,254
600,132,46,43,51
883,36,111,106,107
973,190,48,48,52
853,358,48,48,53
1049,281,234,238,247
700,487,132,109,74
310,102,31,24,25
922,249,43,49,52
1039,131,48,49,52
926,137,46,48,52
404,322,42,44,48
326,24,39,38,41
1121,116,230,228,244
1046,123,49,49,53
181,73,167,154,179
300,474,131,119,93
256,305,42,41,47
1167,348,236,234,251
466,70,40,40,43
683,365,44,47,43
388,15,36,26,26
272,134,31,28,28
516,313,42,44,47
991,139,46,49,51
1178,148,241,238,255
161,490,48,47,50
398,414,42,46,46
199,435,46,47,49
323,395,44,43,44
772,161,48,46,50
226,234,57,47,63
897,203,46,47,52
1030,361,48,48,52
708,276,44,45,48
928,139,49,46,51
965,182,45,46,50
287,373,38,43,44
158,347,39,40,43
883,158,48,48,50
1081,224,241,239,254
169,434,131,131,129
766,391,45,45,48
670,165,48,45,49
836,273,46,49,53
438,62,39,37,38
331,305,42,45,45
538,443,146,146,154
1061,329,48,48,52
1167,326,235,233,251
25,9,225,223,245
283,145,34,29,29
220,18,171,159,181
1194,405,237,237,251
924,236,46,47,51
314,10,61,53,56
1052,288,112,119,138
479,444,173,176,196
139,436,48,47,52
154,453,50,46,49
998,438,50,48,52
335,266,211,211,233
221,16,174,163,184
1128,386,229,229,244
1113,263,231,227,245
329,257,206,205,226
1122,496,227,224,241
986,176,48,47,52
998,170,48,48,52
589,471,119,114,99
380,1,41,32,29
785,170,46,46,50
101,168,39,29,37
280,334,42,43,46
935,227,46,46,50
71,280,35,28,30
391,329,43,42,46
1104,153,240,238,255
329,328,43,44,44
875,98,46,48,50
153,126,201,198,220
923,130,44,47,51
912,252,238,236,255
238,315,42,43,45
906,18,129,112,103
1094,142,237,240,244
1018,158,50,49,54
76,397,42,43,47
613,192,235,232,255
306,218,192,189,209
491,222,202,200,218
1048,338,48,48,56
140,430,50,47,52
207,124,37,36,40
428,153,40,45,44
1050,150,50,49,52
179,89,37,29,28
787,431,47,47,51
1130,488,228,225,239
203,278,207,203,228
859,155,47,46,51
202,310,43,42,45
51,220,58,48,71
599,90,44,44,48
45,308,41,37,38
1188,131,241,236,254
90,197,246,245,255
605,31,42,45,50
700,254,48,45,52
677,423,43,42,46
287,43,43,46,51
88,397,42,41,47
725,64,46,46,48
825,43,65,58,56
532,363,39,44,44
51,483,49,49,51
1094,302,238,237,255
1155,205,235,234,249
802,36,52,50,52
857,448,42,48,48
132,400,42,43,48
1105,463,232,229,244
217,104,44,44,49
236,41,37,27,31
127,75,157,140,162
1042,73,87,76,64
705,113,46,47,46
170,484,45,46,47
956,162,49,47,54
815,66,49,47,48
495,394,39,43,45
1140,163,230,230,245
804,217,242,240,255
249,424,63,64,50
223,216,187,184,201
994,128,47,47,50
167,443,49,49,49
778,499,167,159,176
233,246,193,193,212
505,466,158,157,166
551,344,45,43,46
792,336,48,46,50
1115,299,231,231,246
51,35,129,123,131
839,276,46,48,50
1107,135,239,237,255
216,157,36,29,31
2,56,29,24,25
1158,441,235,231,247
768,296,47,46,51
743,129,48,47,49
1150,409,234,230,247
771,134,46,47,51
113,385,39,42,45
99,469,47,48,51
835,198,45,48,52
333,473,138,135,148
436,314,45,44,48
683,337,44,45,46
877,43,102,97,93
519,230,76,68,68
960,159,51,48,54
613,92,43,46,47
826,361,44,47,47
701,227,124,108,161
713,280,47,46,49
846,432,45,46,49
223,416,50,44,48
925,88,50,48,52
239,404,44,43,44
609,477,172,168,174
321,226,196,196,216
477,361,39,44,46
1088,383,247,233,216
130,51,150,132,155
233,326,44,45,44
650,45,46,45,48
891,255,240,240,255
834,115,47,45,50
944,142,46,46,51
564,142,44,42,49
1083,396,246,245,255
480,79,46,40,44
381,14,35,28,29
609,59,42,44,45
722,400,54,43,64
783,258,243,238,255
23,472,47,47,48
27,111,148,20,30
933,40,90,69,58
212,115,37,36,39
810,236,82,70,67
515,189,221,217,240
454,25,78,57,41
402,205,73,58,75
115,149,200,189,211
123,426,53,50,52
863,225,239,237,255
843,201,49,47,52
247,151,35,29,33
442,68,41,38,39
1172,48,237,237,253
39,184,133,58,57
577,323,44,44,45
1097,242,238,237,254
791,151,47,46,47
618,49,47,44,49
824,217,240,236,255
499,275,47,46,52
647,303,45,46,48
26,418,56,53,55
91,124,157,30,47
3,373,44,44,48
393,382,43,45,46
426,9,38,28,31
140,319,36,35,40
859,398,46,47,48
955,373,42,47,52
423,107,42,38,42
210,59,38,29,31
393,385,45,42,48
401,409,46,43,47
924,356,45,46,51
759,221,199,196,231
451,172,46,45,47
920,191,50,46,52
233,19,181,169,192
880,200,46,49,53
844,8,95,91,88
740,178,46,46,51
395,188,207,205,227
243,94,41,41,47
764,350,45,44,49
628,288,43,45,47
572,117,43,44,48
230,14,182,168,191
112,119,161,31,35
171,8,163,143,162
328,204,192,192,212
1165,133,241,236,249
788,454,51,46,53
760,116,46,48,50
807,175,46,47,49
1035,173,47,50,53
430,139,42,43,45
333,294,42,45,46
1039,391,49,49,54
374,158,44,39,44
775,295,46,46,47
629,341,44,41,46
1029,368,49,48,51
387,484,79,71,63
655,141,49,48,50
905,142,49,48,50
11,41,66,65,71
421,320,45,45,46
916,494,176,161,122
674,199,237,237,255
703,135,43,48,47
84,51,32,28,29
410,278,42,47,47
735,181,49,48,51
1172,263,240,237,251
963,32,95,72,59
671,164,48,46,50
295,230,180,182,201
43,407,40,45,46
340,56,30,25,27
1141,249,234,228,247
1037,382,48,48,50
966,425,46,47,50
426,78,39,36,41
555,499,127,120,104
957,43,97,74,60
357,333,42,44,49
209,245,193,194,214
111,123,162,31,39
235,274,205,204,228
591,482,155,153,145
656,28,52,48,50
581,24,49,49,52
116,472,47,49,47
293,346,41,43,44
938,440,46,45,51
277,363,43,43,45
1058,393,58,53,59
859,202,48,46,51
291,263,201,201,223
425,16,38,30,30
217,94,67,62,77
811,181,47,47,50
327,355,44,43,47
801,231,238,237,255
6,160,174,30,38
975,255,45,46,49
943,399,47,45,49
1087,270,85,82,93
370,170,47,45,49
339,217,199,199,219
312,29,46,44,50
725,118,46,45,50
825,137,45,48,52
1185,355,240,237,254
547,166,45,47,50
484,160,42,43,48
232,259,199,198,217
1047,178,46,49,53
1192,41,240,237,253
207,324,42,41,46
282,481,55,50,51
769,473,163,161,179
846,194,44,46,51
399,63,32,32,33
1153,73,240,236,251
436,193,221,222,246
1128,338,229,225,240
611,346,44,43,43
1152,285,233,233,250
774,226,232,235,255
340,165,38,39,41
837,260,236,236,254
991,482,50,47,52
7,315,37,40,43
174,228,192,193,213
125,60,162,146,171
1009,190,50,50,55
1113,68,231,229,246
1143,375,233,229,244
29,2,153,158,168
1049,411,45,47,54
970,294,47,49,50
34,289,35,31,35
359,166,43,41,42
228,342,44,43,42
50,462,50,49,50
343,311,41,41,46
996,343,49,45,50
309,291,42,44,47
287,403,42,43,44
351,178,194,193,214
375,100,33,28,33
184,119,189,191,212
216,93,149,157,166
1053,310,48,48,52
705,123,44,46,48
1116,23,236,231,250
860,47,103,93,78
300,195,190,187,208
789,129,47,47,50
1,56,25,23,22
901,488,173,157,84
1172,265,238,238,251
262,378,43,44,48
48,243,36,30,31
830,263,54,55,59
595,37,47,42,48
1054,8,88,72,62
707,213,237,236,255
703,32,53,53,53
965,109,45,47,53
319,115,30,30,30
1175,412,235,236,252
232,294,43,41,45
943,323,45,45,50
850,360,48,46,50
1009,250,51,48,50
477,168,46,45,48
1039,303,204,203,201
162,453,47,48,50
397,263,216,219,240
699,285,44,47,45
594,418,41,43,44
1057,37,110,101,97
392,418,42,43,43
736,100,43,46,45
557,151,44,45,48
576,53,40,42,48
959,112,44,46,51
385,389,43,43,47
1163,6,242,236,255
644,90,44,46,46
953,137,46,48,50
881,217,52,49,54
204,87,113,118,133
70,487,67,66,65
560,456,148,142,152
1078,465,250,247,255
1141,190,235,230,247
1000,416,46,48,52
136,112,152,41,43
136,367,43,41,45
416,437,71,68,60
930,286,46,46,50
863,41,98,96,92
235,196,185,180,201
801,127,45,48,51
860,149,44,45,49
566,459,136,130,134
10,15,126,120,144
608,230,234,235,255
230,358,44,45,46
606,486,190,189,201
1013,197,48,50,51
137,249,209,208,232
1192,393,237,235,252
1184,240,238,236,253
1034,225,48,48,51
351,498,65,58,53
869,213,48,50,54
734,345,42,45,46
5,106,139,17,28
985,266,46,46,50
939,63,101,94,89
1101,224,244,240,255
723,268,44,48,52
561,193,226,228,252
351,255,211,209,232
838,228,243,239,255
857,288,45,45,51
1038,260,49,47,52
861,216,54,51,58
936,379,42,45,50
855,361,42,45,48
176,246,199,196,219
818,304,48,47,52
984,343,47,46,50
91,293,40,30,36
399,458,87,84,84
466,253,62,59,60
467,274,110,108,126
569,68,42,44,47
227,499,66,65,53
1068,261,51,51,54
887,372,45,46,50
394,180,49,44,49
412,361,43,43,47
347,404,39,44,46
927,140,42,46,54
313,462,130,119,102
157,141,206,212,229
271,96,33,27,28
754,305,45,44,48
683,321,43,45,46
753,156,44,47,49
1143,6,231,227,243
185,407,44,44,47
181,324,37,42,42
352,43,34,24,25
1089,179,95,94,100
693,280,43,44,50
759,194,51,48,52
223,332,44,42,48
25,120,149,22,31
1088,312,105,93,96
48,96,187,189,204
856,483,172,156,113
819,385,42,48,48
961,405,49,46,48
1129,162,230,228,242
948,372,45,46,51
31,238,32,26,30
477,337,42,45,49
1063,32,111,102,100
977,495,51,48,53
1103,410,237,235,254
906,192,47,48,51
23,275,36,30,30
550,308,41,43,45
529,213,223,221,246
462,355,44,42,47
173,20,163,147,165
1030,28,104,80,62
1086,288,251,249,255
612,224,71,64,69
615,29,49,49,50
954,372,47,48,49
841,303,48,45,50
1190,336,241,238,252
1084,175,55,55,58
981,366,46,47,50
951,77,54,56,56
544,270,53,52,54
404,393,46,43,47
379,391,42,43,48
207,260,205,202,224
388,350,44,43,45
925,433,55,43,72
401,380,42,43,46
17,476,48,49,50
205,270,204,202,227
952,483,46,47,51
861,345,48,46,50
1123,492,227,226,241
908,367,44,46,50
694,122,48,47,50
48,1,230,224,250
767,43,52,51,54
22,6,173,169,181
451,419,53,48,51
292,248,196,194,216
650,398,46,43,48
125,247,211,206,229
1114,237,227,230,246
504,330,43,42,46
1111,424,233,231,246
63,305,31,32,34
661,20,51,50,54
670,307,45,45,48
617,60,42,44,46
931,105,45,48,51
640,138,46,44,48
659,491,103,76,58
562,126,41,43,46
1146,108,233,231,245
901,203,53,48,51
914,158,49,47,52
737,292,46,43,49
989,447,48,47,53
1177,26,239,237,252
726,164,46,45,50
965,269,44,46,49
388,287,42,44,47
1198,333,241,237,253
149,80,161,146,169
888,100,48,47,50
476,177,47,46,48
966,269,46,48,49
908,181,46,46,51
355,207,175,174,187
1135,307,229,227,242
439,486,163,165,178
1155,475,238,235,247
235,415,42,45,46
341,467,138,136,146
583,463,125,119,110
391,296,43,43,47
345,402,41,43,45
893,24,80,73,66
319,340,42,44,44
718,382,46,44,47
256,115,31,26,30
1179,161,238,237,251
984,69,95,82,72
161,202,83,80,82
977,422,48,46,49
778,428,47,44,52
673,372,46,45,46
187,144,36,36,39
997,64,67,61,57
493,188,181,178,192
819,414,61,57,73
235,457,70,67,52
900,31,88,83,76
904,354,45,46,51
752,396,44,46,50
1021,464,50,47,51
436,404,63,53,65
735,352,42,46,44
883,375,44,45,51
1086,212,159,156,175
387,176,42,44,47
51,64,119,110,116
817,268,45,49,51
941,130,46,47,49
567,78,43,44,48
959,118,44,48,50
1161,83,236,235,250
630,433,46,42,50
175,62,158,149,169
33,13,227,225,244
385,138,37,38,41
907,379,46,45,49
523,147,45,46,49
740,221,237,234,255
1042,15,97,80,66
947,119,47,47,52
553,0,107,56,55
1138,416,229,228,244
722,52,44,47,45
642,161,45,45,47
730,312,44,50,52
1176,433,237,235,252
98,478,48,47,50
1160,393,235,234,249
635,280,46,46,47
994,184,48,47,52
638,328,44,44,45
960,79,51,49,55
928,14,144,95,70
413,237,105,90,120
268,374,43,44,45
375,288,44,43,48
44,299,34,33,34
857,67,47,48,52
1119,62,231,230,244
1070,233,52,51,56
115,374,42,40,43
678,75,44,47,49
977,321,51,45,49
961,58,61,55,56
345,152,33,34,38
653,63,47,46,50
840,219,239,239,255
288,278,42,42,50
1093,315,245,241,255
420,39,35,32,34
73,416,77,78,62
1097,241,237,235,253
275,274,40,42,43
330,55,33,25,27
472,337,46,52,54
323,319,47,43,46
928,413,42,46,49
374,200,188,189,211
1092,348,246,248,255
756,250,238,238,255
629,444,101,98,81
116,50,158,141,159
785,350,44,45,48
592,152,49,45,50
886,336,45,45,50
26,192,79,88,85
821,62,45,47,49
903,491,177,158,85
910,129,48,46,50
95,283,39,31,32
752,106,45,48,50
500,266,214,214,239
244,200,83,83,85
569,275,50,46,50
353,424,41,43,46
619,5,48,50,50
593,206,234,232,255
419,91,35,38,38
1175,240,239,236,253
864,429,45,47,50
895,346,44,47,52
347,237,81,75,92
514,48,41,40,46
594,464,137,127,114
313,100,34,27,28
307,58,33,27,30
925,213,48,47,52
446,418,13,13,17
810,211,238,239,255
537,340,45,45,46
104,43,182,186,207
841,324,48,45,51
516,184,217,217,239
1129,294,227,226,241
1131,159,228,226,243
541,329,44,43,47
1136,49,230,229,244
1101,353,239,241,255
122,309,33,31,36
115,156,200,190,210
1076,160,178,176,152
977,134,45,49,51
518,302,41,47,49
647,134,45,46,48
882,221,203,201,221
222,255,201,197,219
885,92,48,48,53
907,14,157,102,66
252,444,52,54,50
25,141,159,26,36
225,487,54,54,51
587,133,42,45,47
416,189,215,215,236
412,183,50,46,51
999,126,49,47,51
588,114,39,44,47
614,229,236,233,255
916,386,47,45,50
465,283,75,74,77
34,175,176,33,42
118,418,52,52,53
890,351,46,47,49
816,225,243,240,255
878,466,46,47,48
72,229,48,52,57
1059,379,52,51,53
942,430,46,48,51
394,78,32,30,32
968,159,46,48,51
257,194,188,185,207
627,309,44,44,50
223,87,158,168,174
482,346,40,43,47
347,136,34,31,34
1137,108,231,228,246
462,429,64,54,51
447,12,32,32,31
263,86,38,34,37
848,33,86,83,78
46,333,36,36,40
813,174,50,48,50
489,138,46,47,52
1029,441,46,49,50
660,105,46,47,49
16,435,49,49,53
1190,339,239,236,252
942,163,50,47,55
1094,446,240,234,255
974,39,96,74,60
216,401,43,43,48
803,481,159,158,167
932,42,88,70,64
89,80,151,22,33
1185,346,238,237,254
350,410,45,45,46
446,30,50,41,38
1010,305,46,48,53
317,443,66,65,53
138,76,159,145,169
1154,372,237,234,248
985,369,50,48,50
46,198,93,91,99
1078,112,56,58,61
55,197,105,99,100
436,309,43,45,47
46,194,91,88,105
1090,413,248,245,254
852,317,50,46,51
86,251,215,214,240
293,1,120,125,147
373,152,42,38,43
1138,485,229,226,241
138,166,128,125,141
258,198,99,97,109
998,386,44,46,50
900,131,47,48,50
784,147,46,46,50
765,129,43,45,50
28,205,100,101,102
365,186,199,197,215
959,307,47,44,50
473,326,51,52,54
829,111,47,47,49
678,300,44,47,49
87,215,214,219,246
581,423,40,42,46
1145,162,231,230,247
490,23,74,57,49
960,153,46,46,51
547,341,42,41,44
864,452,46,47,50
863,134,50,48,51
917,306,46,45,51
263,302,47,44,46
449,330,51,48,49
139,173,50,48,57
331,106,35,26,27
499,173,51,48,49
786,30,52,52,55
868,143,47,47,50
1191,431,237,235,253
1063,75,82,69,67
387,462,147,143,167
929,347,45,48,47
187,190,189,185,205
1013,107,44,49,51
121,198,215,215,242
151,263,212,208,230
155,23,166,144,169
887,371,45,45,49
940,104,47,47,50
333,170,42,41,48
810,404,47,48,49
522,279,44,45,50
958,162,47,47,51
207,270,206,205,221
504,57,44,43,46
1042,111,50,47,53
836,155,50,49,52
1039,488,43,48,52
965,132,45,48,50
147,22,158,139,163
933,31,82,65,58
1046,39,73,63,58
761,453,46,48,51
494,284,46,46,50
138,321,35,32,36
580,21,54,53,48
1136,54,233,228,245
295,469,99,91,61
1069,383,53,54,58
308,133,32,25,32
56,312,36,35,36
906,40,85,79,73
154,54,129,111,133
593,243,237,236,255
490,97,44,43,46
1170,2,238,236,252
1165,408,237,234,251
450,170,45,44,45
647,164,46,47,49
495,355,42,42,45
48,283,33,31,35
950,349,48,47,49
861,375,50,46,49
471,115,40,41,46
969,395,46,46,50
480,404,42,45,44
711,388,48,48,51
575,194,66,56,64
1157,128,235,233,251
422,298,49,46,48
83,359,40,39,43
335,462,102,98,88
144,22,152,135,159
1147,142,233,230,248
619,169,46,46,50
573,434,44,44,46
289,98,35,24,31
570,42,44,43,48
248,435,79,80,55
431,233,224,223,247
1179,226,238,236,250
631,402,43,42,46
840,441,46,45,51
376,378,45,40,46
1178,153,236,235,252
130,244,208,203,226
1168,316,237,234,251
873,182,47,48,47
816,136,46,47,51
309,493,46,47,51
493,245,185,190,195
865,80,45,48,51
329,390,42,44,46
850,479,166,153,98
1053,321,48,48,54
457,69,44,40,45
88,105,154,27,34
190,124,44,44,51
1124,145,231,229,246
373,311,38,44,42
1015,463,47,47,56
160,433,52,51,54
707,106,47,48,53
905,466,48,50,51
244,26,199,191,213
949,15,115,77,67
113,91,188,163,180
583,197,233,235,255
140,400,45,42,46
297,192,188,185,206
694,360,41,42,48
800,395,44,47,50
948,48,120,85,64
661,186,236,236,255
1153,269,231,233,247
920,276,46,47,50
18,263,35,29,33
795,101,47,47,52
37,363,46,43,46
659,137,42,43,51
650,216,235,237,255
905,170,49,47,52
909,475,47,49,51
433,231,230,227,251
1196,45,239,239,255
465,495,106,101,58
92,107,155,27,35
298,336,39,42,46
813,158,46,49,52
201,232,122,119,127
827,103,47,47,48
615,321,43,45,48
436,209,58,59,62
549,119,43,44,49
399,241,56,56,60
14,396,47,47,48
1004,11,122,92,68
364,209,58,57,68
723,98,49,48,51
951,158,47,47,52
382,390,43,42,46
1161,263,235,234,250
1163,346,238,234,253
208,333,37,43,42
447,324,46,48,48
391,282,46,47,52
1188,485,235,234,251
887,348,49,47,51
1169,161,234,233,252
688,298,46,46,50
590,76,46,44,48
1124,443,226,226,242
830,267,47,49,54
169,290,37,34,38
1104,6,240,240,255
1098,467,234,234,253
400,19,41,29,30
309,323,41,45,44
621,249,236,235,255
1131,299,229,228,242
885,154,49,48,51
119,69,150,133,154
616,110,44,44,47
1175,244,238,237,251
355,182,196,196,216
1082,491,63,58,59
1184,493,239,236,252
78,334,36,35,39
413,439,92,85,78
1041,337,46,46,52
519,343,40,43,47
811,236,176,168,148
725,412,46,44,48
1126,323,231,230,245
593,381,42,46,46
783,209,240,238,255
3,315,41,38,43
252,174,190,184,203
200,293,39,39,42
481,234,29,26,31
873,350,44,47,50
362,396,42,44,47
95,289,36,31,34
437,436,69,67,74
808,234,61,60,69
168,341,39,38,41
1184,407,239,235,253
158,323,38,38,43
449,233,209,206,217
822,326,45,48,51
549,24,51,46,49
573,354,47,43,46
572,436,44,43,44
298,462,67,61,50
815,319,47,48,55
907,68,105,103,97
915,67,83,81,75
586,210,227,231,251
421,30,35,29,33
934,176,43,47,51
1007,227,45,47,52
649,214,237,236,255
638,196,236,235,255
106,206,226,226,252
653,464,62,57,54
784,318,44,47,49
401,50,31,26,30
594,319,49,44,49
126,163,235,234,255
923,402,44,46,50
218,246,198,193,212
86,117,155,28,37
252,209,181,180,198
94,296,34,34,35
777,175,48,47,47
919,192,43,49,51
477,230,42,39,46
338,332,41,42,45
1146,73,235,231,246
1048,271,52,50,55
965,209,47,46,52
1084,128,241,241,254
161,356,43,42,46
850,85,48,49,50
939,430,47,47,51
530,466,156,161,172
399,34,36,32,29
20,499,71,64,51
888,449,48,47,52
738,88,43,45,48
255,132,29,27,28
1103,232,239,238,255
133,280,211,210,233
209,300,43,41,45
121,120,161,31,41
97,359,41,38,43
739,494,125,116,84
548,223,225,225,249
391,128,38,37,40
272,258,198,194,216
356,77,31,25,30
777,102,46,47,53
114,379,44,40,45
832,117,47,46,50
858,336,48,48,51
749,147,44,46,51
165,113,38,32,35
991,165,48,50,51
450,396,31,28,28
200,146,34,32,35
438,329,45,45,46
185,264,207,205,225
550,7,90,78,58
489,300,44,46,48
280,364,40,43,46
435,196,223,221,244
924,164,45,48,52
642,267,49,45,48
684,171,46,44,50
134,342,38,37,40
45,377,45,43,46
396,385,44,42,46
735,31,49,50,55
700,262,44,47,51
709,222,58,52,57
878,250,104,84,73
1124,264,231,230,245
980,52,86,68,58
39,316,41,36,39
437,316,45,45,47
41,344,43,42,42
622,447,177,182,209
598,73,44,44,48
802,133,46,46,52
340,344,45,42,45
428,204,225,224,246
977,334,44,47,52
550,35,42,43,46
474,402,44,45,47
759,343,43,45,49
1173,364,236,237,250
78,322,40,34,41
777,354,47,44,50
714,320,46,45,49
991,48,105,78,61
1028,437,46,48,52
271,12,39,31,35
497,425,42,41,45
212,486,47,47,50
672,103,46,46,50
486,177,56,56,59
1102,70,237,234,251
962,131,48,48,52
881,141,45,47,48
518,342,42,45,48
303,338,42,40,47
529,58,42,45,46
108,241,210,208,231
1102,472,237,233,250
785,216,243,240,255
478,230,34,34,40
588,25,45,48,49
328,104,31,26,28
767,190,46,48,52
1074,463,247,246,255
50,139,154,25,37
862,35,99,97,92
487,330,40,43,46
1039,260,48,48,52
491,410,42,44,47
823,64,45,49,51
304,363,44,42,46
414,78,39,36,40
563,141,45,45,47
861,485,165,154,103
88,62,193,191,212
432,115,43,42,42
1142,498,233,228,245
567,469,149,150,154
1014,83,103,87,72
811,347,45,45,51
1145,310,233,230,248
724,401,98,98,85
400,484,80,77,76
542,384,42,42,44
820,201,48,47,50
1165,300,236,233,252
231,50,206,196,217
357,484,69,64,59
212,172,186,183,203
1102,345,242,239,255
578,221,235,232,255
936,355,44,46,49
119,41,179,168,190
160,293,39,35,40
229,365,43,41,45
375,486,59,57,52
988,439,61,50,47
188,114,149,148,177
241,36,34,28,31
585,169,47,46,51
1046,325,46,49,52
1137,212,232,228,246
250,90,42,41,46
742,490,128,123,98
1022,313,47,47,51
219,435,46,48,48
627,383,44,43,47
127,114,163,32,44
773,114,49,46,49
456,191,227,224,245
518,130,46,45,48
53,242,32,28,31
370,44,33,25,26
754,181,48,47,49
670,31,47,50,50
578,111,43,43,47
479,11,62,50,44
679,110,44,46,46
1103,8,239,238,255
617,171,45,48,49
584,314,44,42,46
333,368,40,43,47
846,57,62,56,53
1035,95,46,51,54
798,458,48,48,48
75,115,151,26,32
892,184,48,47,52
702,243,68,61,81
944,425,48,44,49
684,243,47,50,55
500,242,209,216,233
588,77,42,43,45
201,220,186,183,203
833,51,64,64,57
1040,135,46,49,53
241,118,34,26,27
944,199,46,46,47
452,111,43,42,44
1123,468,228,227,242
453,257,233,229,254
934,186,46,48,50
774,481,162,160,170
260,155,37,27,33
196,47,196,179,205
78,1,59,60,66
7,142,166,29,37
731,416,45,43,46
1088,146,69,65,69
810,120,44,44,50
77,449,47,47,49
1036,83,66,65,58
815,46,51,50,52
898,271,237,240,255
1011,289,47,47,52
323,241,101,99,114
992,444,55,48,52
751,150,43,44,49
88,419,53,56,51
422,444,160,150,137
81,135,159,65,86
74,328,35,36,35
483,478,119,120,99
831,58,57,52,53
837,188,43,48,48
565,467,152,147,158
405,418,40,43,45
613,206,230,232,255
969,296,43,45,50
1189,43,241,238,255
1016,38,95,77,61
666,451,77,61,55
662,333,47,45,49
372,82,27,29,28
414,146,41,41,47
97,411,42,45,45
277,405,40,43,44
549,273,48,47,53
314,71,32,26,28
147,481,49,49,48
966,480,49,46,50
458,290,50,49,54
670,324,45,45,48
1144,467,228,228,245
906,184,48,45,52
535,381,41,41,45
773,439,46,48,51
1108,97,233,232,249
1185,92,240,237,252
3,379,42,45,48
651,82,43,46,46
1022,319,46,47,51
883,3,72,67,62
178,427,50,50,53
422,456,171,165,163
940,108,48,47,51
307,458,110,102,75
98,308,37,31,35
5,59,21,20,21
419,149,40,42,45
1192,495,237,235,250
21,147,166,26,36
7,377,48,43,47
228,165,187,184,204
121,158,214,217,236
768,484,163,154,164
283,481,57,50,51
210,197,185,184,202
776,141,45,45,50
974,300,46,46,51
446,79,41,41,44
98,100,158,28,37
929,388,45,46,52
1150,0,235,233,250
206,110,39,41,48
662,21,52,49,54
1075,404,51,50,54
783,403,45,44,50
661,223,96,85,99
1113,67,231,230,247
1199,162,239,237,254
1152,454,230,229,248
105,309,35,33,32
419,323,43,43,49
1000,399,44,47,51
737,123,48,46,50
482,7,57,49,43
684,156,42,47,48
237,366,44,43,45
1140,209,232,230,244
960,486,49,48,53
681,40,47,45,49
440,345,43,45,45
422,146,43,42,44
425,272,225,225,246
69,370,40,42,43
498,149,44,42,44
788,76,43,47,53
706,162,48,47,51
581,282,40,47,49
262,394,42,44,46
1127,497,225,225,241
1111,291,233,232,248
883,496,173,162,112
360,292,42,43,46
68,246,34,35,37
810,5,58,54,55
1091,118,127,138,203
228,192,187,183,205
43,388,44,43,47
52,343,40,38,43
680,335,44,45,47
279,77,40,30,34
1114,101,233,229,246
424,132,39,40,44
221,12,178,163,180
378,212,54,54,60
380,221,211,209,234
31,446,46,49,52
915,361,44,47,50
894,472,47,50,50
1091,4,248,251,255
551,213,205,201,221
1080,487,51,54,58
648,40,47,47,50
642,368,43,43,43
968,34,94,74,59
1100,27,240,240,255
373,13,44,33,35
1131,60,229,226,242
275,83,35,32,32
310,289,44,45,43
1062,268,50,52,53
473,193,225,223,245
265,191,188,183,204
711,130,42,46,49
242,163,166,164,175
518,53,35,33,33
697,160,48,47,51
746,222,240,238,255
535,469,165,166,178
493,401,46,43,45
505,92,49,48,55
955,249,46,47,50
565,160,45,42,48
964,341,50,46,50
723,113,43,46,50
1095,222,246,246,255
712,273,46,47,53
716,331,45,47,51
839,185,45,48,50
1189,430,239,236,253
818,63,43,47,50
791,9,51,51,52
40,304,39,33,33
485,140,43,44,46
554,190,230,228,252
40,7,227,225,248
829,286,44,47,50
7,292,38,35,34
410,137,45,41,44
488,329,44,42,48
747,400,128,120,98
1016,428,46,47,51
102,343,37,36,39
514,2,126,100,76
1107,17,242,236,253
759,196,50,50,52
783,327,49,45,48
57,268,39,29,32
613,252,232,233,255
461,169,46,44,47
384,190,203,204,223
593,109,48,43,49
323,499,89,93,98
888,437,44,45,51
649,418,43,45,44
173,211,197,190,211
630,38,46,45,49
732,229,238,242,255
295,417,44,42,46
968,383,45,45,48
49,338,35,38,39
893,477,52,48,50
467,64,41,42,45
445,51,40,38,39
493,478,109,101,68
486,374,38,43,44
706,347,43,45,51
955,16,109,76,63
482,11,88,68,53
544,425,42,44,50
154,356,42,42,42
1006,51,103,79,65
73,29,122,114,131
894,61,103,100,93
1166,338,235,235,251
898,315,42,46,47
1124,39,231,228,247
24,128,154,22,32
606,297,40,43,49
757,326,46,47,50
1065,212,55,51,56
520,302,44,44,44
1021,313,48,48,52
738,476,138,133,146
327,152,32,32,34
371,294,45,45,47
535,193,224,226,243
1151,81,234,233,249
59,262,36,30,30
326,474,121,119,130
1106,62,236,234,253
338,56,36,23,27
417,248,226,227,248
685,442,43,43,48
1022,39,101,76,61
418,374,41,42,44
533,187,223,224,246
559,27,50,49,51
179,110,120,124,141
351,494,64,61,53
510,242,220,217,237
750,2,48,51,51
674,103,48,47,48
737,177,45,48,52
797,10,52,52,53
832,265,51,52,54
1135,188,232,228,246
628,251,43,46,52
144,343,39,39,41
107,496,44,48,49
83,42,115,110,118
557,57,42,45,47
601,201,236,233,255
612,24,48,48,50
1143,319,232,228,244
254,309,42,45,47
322,43,37,28,31
297,481,75,70,55
220,405,42,45,47
1008,112,46,48,53
153,167,50,48,54
58,387,46,43,47
345,87,29,28,29
227,430,49,45,50
354,38,40,28,29
1043,246,45,51,51
940,382,47,44,47
1144,27,234,232,245
1089,296,241,246,249
735,384,46,44,49
1041,226,47,46,54
281,303,43,43,44
1186,159,239,236,253
623,187,238,233,255
843,294,45,48,50
1185,96,240,238,252
227,279,205,205,228
1174,68,240,237,253
440,44,36,37,37
1170,364,238,237,251
1179,137,237,235,252
289,9,141,136,160
12,52,68,66,69
302,312,44,43,45
187,274,210,210,232
600,382,42,43,46
293,159,35,31,34
202,118,35,36,42
309,72,32,26,30
681,0,49,48,52
930,154,48,47,53
797,72,51,47,48
270,234,143,144,150
434,275,134,145,177
365,204,65,62,75
168,324,39,39,41
1050,354,47,48,55
948,20,115,76,64
1160,146,237,234,250
952,154,46,46,48
205,47,164,34,45
1164,339,239,236,252
10,389,48,45,44
910,489,171,159,107
92,287,32,34,32
437,124,41,42,45
824,16,80,78,72
957,82,46,48,50
1142,338,235,230,247
563,443,138,136,141
375,404,41,45,45
580,87,44,44,46
982,72,82,69,61
908,491,174,161,94
116,204,219,218,243
1057,88,60,60,57
94,24,113,105,113
506,270,47,49,51
151,431,48,52,53
169,37,173,156,180
744,93,44,47,50
717,283,46,45,46
1048,484,50,49,52
714,472,150,143,151
866,29,105,100,98
605,8,48,49,49
850,159,47,47,51
1196,179,243,235,255
401,139,42,40,43
1153,346,235,230,248
314,318,39,43,44
1150,69,233,232,249
1159,307,233,234,248
263,293,43,44,47
395,392,45,44,47
798,314,47,49,51
986,343,46,46,49
955,43,103,79,61
941,241,47,48,52
317,388,42,43,45
357,389,41,43,49
451,46,34,38,41
1016,291,47,46,52
119,289,36,34,33
536,41,43,42,45
87,499,49,47,50
598,120,47,45,49
808,354,45,45,48
386,260,217,216,238
411,334,43,44,50
119,199,219,217,246
962,277,43,43,49
668,154,42,45,47
389,265,218,218,240
141,478,47,46,48
715,170,47,45,47
1032,439,47,46,52
667,473,100,73,58
927,261,47,47,53
781,219,242,239,255
468,191,220,223,244
971,478,48,48,52
368,169,44,43,46
357,391,41,43,44
118,375,39,41,45
8,34,226,223,245
572,380,45,44,45
976,476,48,47,52
670,238,116,123,147
535,354,40,41,44
1013,52,98,76,63
82,463,55,54,51
711,367,48,45,48
337,132,35,30,35
984,294,44,47,52
509,211,219,215,239
1072,457,243,241,254
870,223,242,240,255
719,382,45,45,48
627,314,45,44,49
498,186,201,199,215
385,259,220,217,240
218,409,43,44,46
58,60,117,112,118
73,160,165,30,37
952,193,45,48,50
471,352,50,45,53
483,307,48,47,49
396,134,39,40,42
809,39,51,49,54
431,290,41,43,49
340,225,201,200,220
47,31,161,152,170
958,61,54,50,55
374,186,201,200,221
256,72,46,45,51
574,470,135,129,120
754,271,46,46,50
805,176,47,45,51
366,414,44,43,46
512,123,46,47,49
871,449,47,47,51
1169,76,237,236,252
301,361,43,44,44
1180,100,236,236,253
755,412,47,44,50
982,243,50,45,52
779,224,209,209,246
1093,114,169,164,124
153,301,40,36,40
144,360,43,41,44
501,186,208,208,228
76,361,42,41,43
274,409,45,43,45
54,456,47,47,51
91,123,159,40,69
430,198,220,221,243
70,256,39,35,37
1124,285,234,227,244
1026,272,49,46,52
671,440,45,43,48
831,75,47,47,52
81,224,47,49,58
971,422,46,45,50
27,4,141,133,163
1020,12,105,79,61
358,274,41,47,48
1084,375,56,57,58
1123,61,232,229,243
35,404,45,45,50
822,28,64,64,59
380,38,32,26,25
505,174,51,48,53
1178,118,238,235,253
626,46,43,46,49
1190,384,240,236,254
859,198,47,47,50
1147,316,233,230,245
138,38,131,113,132
799,70,46,47,48
565,373,39,41,45
561,162,44,44,47
284,275,43,44,48
359,75,33,25,28
512,95,38,35,35
352,405,43,45,44
646,155,44,46,49
1075,0,105,82,69
1062,324,48,51,54
611,101,47,45,50
1109,79,234,230,247
667,51,46,46,49
103,307,31,36,35
579,51,41,45,48
712,57,41,45,47
858,420,50,49,52
550,5,88,76,55
67,326,34,33,34
985,473,49,48,51
405,340,40,45,46
409,63,37,32,32
871,366,46,47,51
68,119,154,28,35
865,78,49,46,52
46,210,113,112,114
610,395,42,44,47
935,228,43,44,52
734,140,48,46,51
846,159,48,49,49
609,451,177,183,205
638,454,192,197,217
257,424,53,53,53
880,77,50,49,50
48,51,109,103,108
502,4,105,85,67
799,244,241,238,255
836,286,46,47,50
470,142,45,43,46
737,439,46,45,49
253,155,31,25,28
833,410,50,49,51
371,243,125,118,124
1019,118,49,49,52
734,184,52,52,58
16,150,167,30,37
471,401,43,42,47
207,46,164,35,43
472,240,186,187,205
325,358,38,43,44
1192,298,237,234,253
1022,191,48,50,52
1094,348,248,243,255
645,494,99,75,70
599,43,43,44,47
939,15,143,106,77
63,0,79,65,77
284,434,70,65,53
1004,320,48,47,52
465,110,40,41,44
811,123,48,46,50
626,2,52,49,52
559,110,41,44,44
1167,441,240,236,251
253,380,45,45,47
854,278,47,46,51
775,39,52,49,53
919,424,46,48,49
959,325,46,46,50
712,256,237,235,254
1048,302,58,52,62
841,483,172,159,111
1147,91,234,232,249
297,115,34,28,28
941,232,44,47,53
241,320,42,41,43
1174,230,238,238,253
788,46,49,51,54
703,392,44,46,48
64,65,38,24,43
708,447,41,44,47
104,292,33,32,35
324,417,43,42,45
158,123,183,193,204
223,142,35,28,31
825,154,45,46,52
805,232,157,158,214
909,380,45,44,49
463,120,44,45,45
1179,351,242,239,255
366,80,29,25,28
1148,244,232,230,248
480,126,42,44,45
690,490,120,93,65
529,473,122,119,131
463,84,40,42,42
253,65,38,40,44
658,161,49,45,50
603,336,42,43,48
415,259,228,228,248
796,426,47,46,48
671,120,48,46,49
994,78,60,57,57
112,254,218,215,238
313,399,39,42,45
297,425,47,45,46
543,402,39,42,45
1099,102,234,235,254
824,274,46,49,52
94,446,47,49,47
317,293,41,43,46
752,315,44,42,47
978,402,45,46,55
777,63,50,46,51
761,121,49,47,49
46,322,39,40,42
128,5,119,110,123
572,483,149,140,132
880,68,50,50,52
630,264,47,45,47
1006,12,116,88,66
206,332,44,44,43
244,163,168,157,171
132,456,45,47,49
232,397,43,44,47
321,313,43,45,48
178,377,43,41,45
1147,115,236,230,247
0,76,116,105,114
559,19,46,47,49
649,110,44,45,49
1047,206,48,48,54
509,20,89,66,49
570,329,40,42,47
147,397,47,42,48
900,67,96,94,87
365,396,44,46,50
255,317,44,43,44
983,157,48,47,53
781,374,47,46,48
217,324,42,41,45
727,485,150,145,159
170,318,42,37,44
576,63,46,45,48
68,424,73,76,62
442,462,130,74,67
1029,412,49,49,51
460,103,42,41,45
500,454,158,158,170
904,378,44,46,49
963,471,47,48,51
650,204,240,234,255
400,461,56,57,56
575,13,95,81,63
215,401,44,43,49
481,339,45,44,49
244,139,41,27,29
142,354,37,38,42
1049,466,48,47,53
278,330,39,44,47
67,123,152,26,34
70,484,84,76,72
92,257,215,214,238
929,176,42,48,50
65,479,62,54,51
877,366,46,46,49
779,375,46,46,48
102,170,46,30,39
1125,320,230,225,242
175,13,159,143,166
987,456,155,152,131
795,36,52,50,53
236,410,41,45,45
1124,234,229,225,245
596,348,43,41,45
1056,87,65,60,60
66,283,38,32,32
365,473,56,52,52
735,390,43,43,47
462,1,66,53,38
700,246,49,50,52
515,196,204,207,222
900,484,69,59,49
745,75,44,45,51
419,261,222,223,245
188,324,40,40,41
477,343,43,46,50
475,11,58,46,43
611,64,42,45,48
497,80,41,43,44
923,234,47,49,52
984,368,47,48,50
875,340,44,47,50
276,378,39,43,44
1086,380,77,83,74
315,40,40,35,36
94,17,119,109,121
705,289,41,44,45
153,65,153,137,158
388,382,40,43,48
408,331,45,44,48
1026,287,49,50,50
897,243,241,238,255
434,323,41,44,48
78,3,58,62,66
438,159,43,43,45
315,353,42,43,46
445,399,38,35,44
922,14,123,81,66
600,173,47,46,50
227,3,171,157,179
563,30,45,44,47
401,85,33,34,35
561,276,47,46,49
119,357,41,39,43
356,270,78,73,98
156,275,213,213,235
459,170,45,44,47
968,120,47,49,50
1064,480,48,49,55
305,488,63,59,72
588,241,239,235,255
830,421,78,84,107
465,41,49,45,41
1124,445,229,226,242
383,74,26,30,30
219,213,141,133,142
36,279,37,31,32
1019,252,52,46,53
520,487,102,99,70
658,205,240,238,255
1109,53,234,231,248
390,252,217,215,238
255,81,43,44,47
355,335,43,44,48
774,325,46,46,50
548,165,43,45,48
224,258,201,200,221
72,73,33,26,29
748,478,138,140,135
948,9,124,83,65
414,106,38,38,42
595,337,42,43,46
204,420,44,45,48
996,443,63,51,112
48,26,58,62,66
710,39,69,56,53
181,100,177,172,193
632,331,40,46,44
251,379,40,43,48
117,403,43,43,49
287,337,43,45,48
179,456,51,47,51
92,55,29,31,29
268,14,37,30,34
1015,1,96,77,62
665,153,44,45,47
26,498,69,61,55
906,161,49,46,52
26,13,225,224,249
255,102,28,27,33
157,39,152,135,157
1010,105,47,48,53
383,127,37,35,39
733,146,45,45,50
393,185,204,204,225
174,43,168,157,180
885,449,46,48,49
998,451,50,50,51
777,150,46,44,49
695,183,236,237,255
348,137,36,33,35
533,342,43,42,45
344,26,46,36,32
1055,436,48,50,54
408,480,81,71,64
605,98,43,45,48
1080,131,57,57,64
216,90,168,162,185
241,208,186,183,201
903,205,46,46,51
794,455,48,47,49
239,142,34,28,28
966,392,46,46,50
980,197,47,46,53
31,178,175,37,45
622,115,44,44,48
227,486,55,56,52
1131,152,230,226,245
905,220,49,48,53
262,333,40,43,45
299,472,123,116,90
291,78,38,27,35
998,31,120,92,69
247,203,132,131,136
347,329,46,44,46
921,221,46,46,51
210,120,36,35,41
844,392,45,45,49
762,239,239,236,254
537,91,49,44,47
1025,418,48,48,53
97,116,166,83,110
617,420,48,45,50
979,274,50,46,51
542,267,222,224,249
280,53,47,47,53
533,135,44,45,46
684,449,44,46,46
127,461,47,48,52
1058,371,50,49,51
346,337,43,42,46
1042,470,48,50,53
632,495,143,139,145
987,447,47,50,50
1140,438,228,228,244
1067,398,48,50,54
1098,468,234,235,252
530,494,111,104,86
923,107,46,47,52
626,210,234,232,255
67,280,39,33,35
725,13,48,49,51
758,93,48,46,51
907,482,51,50,54
611,393,44,45,50
5,190,57,52,62
190,415,46,46,50
761,57,47,47,51
1198,315,237,237,253
672,467,98,73,54
879,183,43,44,51
766,464,98,92,70
885,46,102,97,94
663,373,41,44,46
1009,228,49,50,53
762,228,110,120,172
125,314,34,36,35
350,222,203,202,225
45,222,29,32,34
799,243,241,237,255
617,150,43,44,46
915,301,46,46,49
428,371,41,43,46
613,58,45,44,48
365,449,103,98,98
527,250,226,224,244
494,441,168,166,184
403,414,45,46,46
1141,384,232,227,244
391,346,45,45,45
481,60,37,43,45
904,449,55,47,57
880,90,47,48,50
301,31,50,51,57
389,10,37,27,26
27,267,32,28,30
667,200,242,238,254
303,289,40,43,48
582,200,229,233,255
123,233,196,192,211
661,126,47,48,49
677,439,41,44,46
608,476,169,167,168
1186,283,239,238,253
694,200,238,236,255
993,337,46,44,50
12,29,225,224,248
1003,169,48,47,52
530,287,43,43,45
913,222,49,52,56
528,36,38,38,40
933,215,50,48,50
224,338,41,42,46
939,58,119,113,113
130,53,157,138,159
473,474,178,178,194
984,495,45,49,50
8,309,38,39,41
993,414,49,47,51
711,63,47,46,48
360,148,38,37,42
741,331,38,45,44
1073,470,240,235,253
536,167,48,45,50
996,26,122,94,71
365,148,36,37,40
652,427,44,46,48
438,145,40,42,46
525,256,223,222,244
295,212,192,189,210
300,180,190,186,205
1084,347,103,95,93
83,383,42,42,45
1045,393,48,50,53
189,74,204,191,213
316,429,57,55,53
565,469,146,142,146
532,249,228,224,250
1184,390,238,234,253
852,134,47,47,51
150,169,192,187,205
341,122,32,32,33
415,97,37,38,40
29,67,116,102,114
1169,171,238,236,253
316,127,34,29,30
984,295,46,46,52
319,408,45,44,46
261,249,193,191,211
75,321,38,38,40
1143,266,234,230,246
425,222,226,226,245
87,375,40,43,44
562,27,48,48,50
239,41,35,28,30
590,234,233,236,255
415,316,44,41,47
318,221,194,193,214
452,283,47,48,51
1118,439,229,228,242
257,203,72,69,79
1000,107,44,49,50
930,111,48,47,51
809,270,52,51,57
920,152,46,47,52
226,449,46,46,49
386,231,210,211,231
1195,321,241,237,254
603,147,42,46,48
173,306,39,39,43
223,484,63,61,53
7,403,42,43,48
29,42,72,61,77
146,465,48,46,50
213,337,47,42,46
112,302,39,32,35
975,375,46,47,48
250,199,174,177,191
1170,298,235,234,250
376,418,38,44,44
1122,199,229,229,244
632,219,235,234,255
47,462,51,50,53
412,498,202,205,223
868,46,99,96,95
1020,143,47,49,54
1095,96,244,242,255
828,128,45,48,50
638,66,45,45,48
432,371,45,42,46
481,143,41,44,47
1103,229,239,238,252
1194,356,238,235,252
1063,117,50,49,54
985,389,46,47,51
867,238,152,151,180
1081,11,64,62,65
60,388,44,42,44
172,313,37,39,41
87,151,161,28,38
176,69,143,129,148
199,171,185,183,198
862,111,51,45,54
156,432,51,49,53
575,420,43,42,45
120,346,39,37,40
148,451,49,47,52
838,414,50,44,48
810,94,46,47,49
506,495,110,101,63
128,469,46,45,45
416,5,37,31,30
481,52,44,43,45
304,339,44,44,45
986,451,51,49,52
119,466,48,48,50
603,219,184,176,226
1011,439,48,49,52
604,325,40,42,47
783,80,46,46,48
368,87,35,29,34
577,245,235,232,255
453,489,177,181,199
105,69,136,120,140
691,90,46,48,48
296,24,51,50,51
1095,340,248,242,255
1003,58,104,89,72
155,276,212,211,235
462,117,41,43,47
726,350,45,46,47
504,271,51,46,52
170,414,45,43,49
1,418,54,53,55
181,374,40,44,43
1079,394,245,246,255
238,158,187,184,201
1199,256,237,237,254
1146,132,235,230,247
1004,152,49,50,52
566,103,45,44,46
209,163,34,27,32
49,140,159,26,34
964,371,45,46,52
0,8,224,223,245
1107,46,237,235,250
21,200,101,100,98
280,303,44,43,47
1026,291,47,46,53
550,346,41,42,47
864,94,47,48,53
424,47,38,30,33
838,252,236,238,254
53,294,38,32,37
1074,365,53,52,55
79,161,166,33,39
360,114,34,31,31
180,333,42,41,46
482,353,44,45,48
625,225,237,234,255
1079,322,248,244,255
1097,211,243,243,255
412,114,37,38,42
603,371,44,43,47
294,25,46,48,52
621,442,58,49,48
28,168,171,31,39
519,486,109,101,71
824,278,49,48,52
708,269,47,47,48
910,393,44,44,51
601,25,49,46,52
243,498,62,56,51
28,297,35,35,35
219,387,42,43,44
232,428,74,70,53
278,318,43,42,47
167,370,41,42,43
36,275,40,31,34
636,271,43,44,47
652,12,49,49,52
490,141,47,42,44
64,229,32,35,39
973,380,46,47,48
752,285,46,47,50
831,43,80,70,59
798,358,45,44,48
870,434,44,47,48
1092,376,245,244,255
34,380,44,45,47
480,239,33,32,32
862,327,47,47,50
1016,328,44,48,51
365,256,216,214,236
39,41,91,73,83
419,156,44,41,47
772,218,240,239,255
515,463,143,144,154
23,261,33,32,29
887,118,50,49,52
160,263,208,209,232
776,21,53,51,53
1139,42,231,230,245
851,6,95,94,87
292,424,44,42,46
192,331,46,43,45
922,48,99,95,90
477,325,51,49,53
369,286,43,45,45
130,227,195,195,214
868,449,43,46,50
466,87,39,43,45
1072,109,51,51,56
1144,358,230,230,242
226,217,187,182,207
859,274,48,48,52
111,368,38,42,42
3,181,65,78,61
67,345,34,41,39
1142,469,229,225,242
499,198,197,197,218
72,54,156,152,170
204,369,42,43,45
824,68,46,47,51
729,414,42,43,45
602,61,40,44,46
96,99,156,28,37
1123,306,226,229,242
1049,38,88,76,66
421,333,45,44,48
365,215,98,85,95
867,315,43,46,47
564,417,41,43,43
234,51,202,195,217
953,157,48,49,53
914,117,50,49,50
545,108,44,45,46
820,96,49,46,50
95,43,31,30,30
1186,273,239,236,252
307,228,199,197,217
414,297,45,43,48
26,286,34,29,33
979,498,51,50,52
1123,272,230,225,244
77,333,37,34,39
937,442,46,48,52
352,272,46,47,52
936,384,45,45,49
247,480,107,103,77
1055,345,50,50,53
670,217,231,234,254
557,470,138,136,136
1093,368,244,242,255
33,477,43,45,48
700,231,235,234,255
22,329,41,38,40
883,344,44,47,46
480,161,45,45,46
305,285,44,42,48
1075,197,48,51,56
466,91,40,42,46
884,451,45,46,51
595,361,45,44,43
827,236,124,111,185
1162,386,238,234,250
687,69,46,46,48
286,237,191,190,211
309,490,49,48,49
126,127,161,157,174
725,481,150,146,159
553,403,39,41,43
169,350,41,44,44
590,2,95,81,60
923,472,47,49,52
861,477,52,52,52
662,36,41,46,49
773,477,152,148,156
385,470,63,57,51
58,226,34,34,34
935,110,45,49,49
842,450,49,50,51
107,57,153,131,154
162,423,55,52,54
879,410,49,45,49
248,55,199,203,220
395,351,43,46,45
1017,363,49,49,52
827,24,82,77,71
90,239,221,219,243
798,252,243,238,255
1035,168,50,48,53
699,27,51,49,53
925,277,45,48,49
952,374,46,46,48
90,85,154,27,35
1020,108,46,48,52
118,229,64,56,69
651,489,91,70,53
65,433,47,53,54
1162,263,237,236,250
341,243,207,206,226
1018,314,48,49,52
816,144,49,46,51
196,19,187,162,184
599,290,44,45,47
68,350,36,39,41
580,82,46,43,48
668,446,45,44,48
821,280,47,48,52
475,222,117,120,129
318,38,37,35,37
302,217,193,189,211
43,163,170,36,43
728,298,49,46,50
445,0,62,50,41
549,496,128,121,102
189,415,43,42,48
507,186,217,214,235
350,203,147,142,151
404,94,38,35,39
1168,355,236,234,247
908,178,47,43,52
774,142,43,47,48
845,490,164,152,101
1145,216,238,233,248
832,98,48,47,50
469,187,50,50,56
640,64,43,45,45
67,262,34,29,32
1113,77,231,227,242
490,55,44,41,44
326,19,42,37,44
355,371,45,43,46
660,59,46,45,47
1199,388,239,237,251
819,460,48,47,49
290,132,31,27,30
16,419,56,56,53
385,345,42,46,47
1090,225,253,253,255
136,120,203,188,212
1082,380,60,58,63
1083,35,248,245,255
473,490,118,109,64
584,438,73,66,51
580,465,148,143,135
767,349,45,46,48
191,467,48,48,50
435,232,230,229,253
1186,193,237,237,254
143,439,45,49,51
359,0,40,36,31
332,109,27,26,27
868,477,51,50,48
177,474,48,46,47
1131,494,224,225,240
383,355,46,43,47
569,212,182,176,225
843,310,44,44,50
770,139,44,45,51
453,124,43,39,49
282,337,41,43,46
374,89,27,29,29
437,295,44,44,46
778,133,48,46,49
179,10,166,146,171
1111,387,235,234,251
705,56,48,46,50
657,132,45,45,49
1168,272,236,236,251
156,447,46,47,51
1067,395,53,52,57
148,232,197,197,213
465,22,99,74,53
162,375,41,43,46
495,231,143,132,143
333,217,203,197,220
959,477,48,47,52
370,335,40,43,44
994,328,45,47,52
346,492,69,63,52
513,368,40,42,45
561,39,47,43,44
1075,255,239,237,225
952,158,45,47,51
1099,347,246,243,255
196,402,44,41,44
606,93,43,44,47
440,309,45,45,47
918,329,47,47,50
297,291,42,44,44
1018,195,48,47,52
484,483,116,111,66
318,248,199,198,222
128,495,50,47,49
828,154,46,47,51
963,216,47,47,51
254,482,74,65,55
1169,431,239,234,249
559,38,43,44,47
47,489,90,75,66
1035,309,51,50,53
357,98,32,26,36
95,370,43,41,44
332,77,31,27,28
15,226,32,28,28
41,103,40,32,37
477,200,220,219,242
1068,309,59,47,105
830,37,72,71,63
510,233,205,208,220
855,43,96,88,75
1113,416,233,232,249
751,342,48,47,50
1067,404,50,51,54
544,131,42,45,48
2,441,51,48,50
45,370,43,42,44
581,144,45,46,48
351,236,154,154,163
757,436,44,44,47
515,446,170,168,180
1097,137,241,239,255
514,73,33,32,36
1148,79,235,233,248
416,352,41,44,46
906,261,239,238,255
463,74,43,42,44
320,332,40,43,44
91,165,34,26,28
165,157,40,37,44
1048,81,68,62,61
665,413,43,44,44
952,279,48,46,50
547,414,43,43,43
1130,365,229,227,244
1096,40,239,238,255
1130,471,226,222,237
906,226,235,236,255
541,22,45,47,48
1112,53,232,231,248
958,150,47,47,51
87,471,92,81,78
94,10,107,99,113
527,382,38,41,43
756,326,45,48,51
1068,442,50,51,54
944,384,47,47,51
862,203,51,44,51
471,448,174,181,198
100,456,50,48,50
146,311,40,34,39
50,486,75,69,60
83,105,153,23,33
523,140,44,45,47
955,120,49,46,49
697,467,120,98,66
886,265,240,239,255
267,227,189,188,207
783,348,44,47,49
770,477,151,148,155
839,61,46,49,52
819,26,60,59,56
104,444,48,48,51
242,253,200,198,219
114,440,62,61,61
811,469,55,50,51
701,19,51,51,52
446,388,67,67,77
1156,72,238,237,249
995,97,49,48,52
127,128,130,120,147
1170,391,236,234,253
961,440,48,43,67
272,448,65,62,52
919,322,47,45,51
636,205,235,233,255
153,73,155,141,160
1057,476,47,50,52
96,83,157,40,62
896,226,238,238,255
1161,23,238,235,249
450,138,43,43,46
1190,47,239,236,253
1094,358,246,242,255
947,77,47,51,53
425,92,39,39,40
1060,149,48,48,52
408,472,67,63,57
586,491,92,83,64
615,450,176,184,201
657,44,45,46,47
366,408,42,43,47
901,487,169,156,83
1184,22,239,237,253
1146,121,233,230,246
512,376,41,41,44
364,144,37,38,41
943,230,47,46,51
649,58,45,46,47
972,12,107,77,63
936,389,47,44,49
673,99,43,44,48
749,252,241,238,255
423,450,166,158,153
381,184,200,199,216
1105,159,241,237,255
916,381,45,44,49
776,281,50,51,53
257,152,33,28,30
1031,203,47,48,52
1100,216,242,242,255
703,232,233,235,255
403,419,39,42,45
981,423,47,46,54
1089,42,72,68,73
579,250,233,235,253
915,490,172,160,125
1189,188,239,237,255
850,129,45,48,51
13,87,127,119,125
1082,494,133,117,98
46,359,48,43,47
212,89,136,132,158
830,255,237,237,255
1188,333,239,237,252
314,362,41,44,44
510,486,125,103,72
743,383,45,44,50
950,404,47,44,51
1068,493,61,56,52
1081,56,243,245,255
546,195,224,224,247
763,430,49,48,52
493,462,149,146,162
187,345,40,41,44
243,434,65,69,53
86,260,215,216,237
138,33,132,114,135
613,438,44,45,50
333,223,199,197,217
1151,36,234,234,250
