x,y,R,G,B
184,272,207,208,230
1065,359,51,49,55
266,220,193,189,208
186,431,50,48,53
595,51,45,43,47
120,203,215,211,236
430,457,132,124,119
916,413,47,45,49
380,352,45,45,46
595,123,45,44,48
363,73,35,23,28
511,218,221,216,239
4,428,53,51,52
570,181,229,230,253
670,495,109,82,60
422,83,41,37,39
97,73,153,133,154
755,125,47,47,52
583,290,46,45,46
498,271,48,48,50
240,95,42,42,47
767,416,48,49,51
186,323,44,40,45
802,390,46,47,48
990,202,49,49,52
250,347,39,44,45
901,21,101,94,86
944,195,50,48,51
239,395,42,44,45
765,94,48,47,48
732,477,155,147,163
843,325,44,44,50
1166,343,236,236,247
378,434,148,97,102
48,15,64,62,69
184,334,40,42,42
896,213,46,49,50
801,442,49,44,49
1104,465,233,230,249
639,248,45,46,48
428,422,45,44,46
489,243,93,88,109
68,355,39,37,45
1074,496,249,244,255
382,81,27,31,29
399,375,42,44,46
585,254,235,233,255
73,329,37,35,37
1099,411,242,240,255
1107,230,237,234,252
121,87,161,146,165
111,177,245,243,255
1197,400,239,236,252
561,239,230,229,254
31,264,37,27,27
570,20,54,49,52
843,447,46,44,51
604,371,44,45,48
1052,282,83,59,135
954,272,46,47,51
921,169,49,46,52
923,341,47,46,48
598,83,41,44,46
823,132,46,47,51
411,473,83,72,68
1057,12,87,71,61
733,17,46,49,50
1157,362,235,233,249
1016,440,46,46,53
679,64,47,46,51
1044,66,106,92,69
241,74,49,50,53
1114,235,230,229,248
766,114,47,47,47
217,350,41,43,48
211,330,42,43,44
48,108,150,19,31
93,238,216,213,234
618,29,51,49,51
122,216,205,200,222
1177,200,240,238,251
222,21,179,167,189
510,263,222,220,243
441,247,136,137,167
169,137,159,170,176
1139,36,234,228,244
854,423,45,51,57
867,347,46,46,47
260,438,54,56,53
700,89,52,46,51
133,460,48,49,48
601,17,47,48,51
627,31,51,49,51
1103,11,238,236,255
384,217,206,205,226
211,483,46,47,50
488,188,25,27,27
276,361,40,44,47
805,289,46,46,52
841,326,41,48,51
44,141,157,27,34
683,253,47,47,51
474,200,227,227,251
739,345,45,45,48
120,468,49,46,50
218,137,32,29,34
479,173,57,54,60
1083,467,251,250,255
487,316,46,45,45
1086,183,254,253,255
242,453,58,56,48
5,43,163,156,162
547,55,48,43,47
151,483,46,45,50
233,308,45,43,45
277,291,41,43,47
1036,78,87,76,63
407,331,42,44,47
543,18,46,48,48
487,17,67,52,45
787,471,173,161,174
1092,112,81,77,68
98,288,35,29,32
266,494,91,77,53
217,180,187,183,202
450,468,182,185,201
624,145,43,43,48
460,193,226,225,247
118,358,40,40,41
180,391,43,44,46
696,269,44,46,50
1044,39,77,68,59
1149,296,236,234,250
383,191,204,201,223
289,424,46,44,45
551,234,228,228,251
887,47,102,99,94
963,227,45,47,48
445,348,43,43,48
653,371,46,44,47
219,386,44,43,45
1189,341,236,237,253
404,359,41,43,47
646,277,42,43,46
712,228,76,79,115
491,282,49,47,51
156,53,134,120,137
473,357,45,45,46
1155,187,234,232,250
539,443,146,143,160
138,234,48,41,43
262,254,195,194,212
369,25,37,25,26
268,205,44,41,48
16,360,42,44,47
536,427,46,45,47
836,422,93,103,119
1078,111,55,56,59
1026,347,45,50,53
862,303,48,47,49
251,99,40,34,39
797,278,47,48,50
110,406,42,44,46
1153,153,232,234,249
245,101,41,36,37
303,371,42,44,46
213,216,187,183,199
403,284,45,45,49
894,390,50,46,49
52,497,57,53,51
25,251,34,28,31
225,98,38,36,43
365,191,199,197,218
422,84,42,36,38
167,258,210,207,229
322,420,43,43,48
1010,474,46,47,52
75,312,39,32,37
862,342,49,46,51
434,428,51,54,57
1022,423,48,45,51
305,255,206,202,225
757,202,203,197,217
278,262,201,199,219
411,157,43,41,44
628,463,108,105,106
155,423,48,51,54
842,304,47,46,49
117,205,215,215,239
363,332,42,44,46
1052,229,47,49,52
471,365,47,45,49
1098,33,248,243,255
767,155,44,45,52
277,182,189,186,202
429,487,20,20,24
926,428,47,47,53
928,58,91,92,84
616,379,42,42,47
953,2,116,87,66
193,187,190,183,204
186,451,51,50,53
620,77,48,43,47
618,173,43,49,50
193,115,157,145,160
1127,246,230,229,242
55,434,67,61,55
593,163,42,44,50
442,423,32,33,31
389,132,40,39,41
951,410,44,44,48
972,231,46,45,50
1183,170,232,236,251
506,192,209,209,220
883,328,44,47,50
723,119,48,46,48
1059,214,50,49,54
1157,6,235,234,252
167,31,169,152,176
883,487,174,163,120
447,166,43,44,45
551,277,44,45,46
619,455,194,202,222
917,87,47,49,50
829,378,45,46,48
620,33,45,43,50
102,275,36,31,38
887,64,86,82,78
156,448,47,47,50
291,396,43,44,47
320,241,201,199,220
26,293,40,37,39
91,443,46,49,50
1140,136,232,229,245
1005,285,47,47,51
1161,64,237,234,252
447,194,225,222,246
107,69,132,113,135
103,309,31,33,37
919,101,47,47,53
379,243,210,210,231
664,119,43,46,46
1083,75,60,57,62
1034,229,48,49,52
15,431,54,49,52
863,377,44,44,48
392,388,43,44,45
966,104,47,46,53
939,95,49,48,52
868,257,225,234,255
695,396,71,62,52
307,110,30,28,27
196,455,48,46,49
832,388,42,45,49
820,372,47,45,50
328,246,61,59,58
608,177,48,47,53
1091,322,241,240,255
629,22,50,50,51
888,426,54,51,55
988,5,124,90,67
611,170,47,44,48
45,470,50,48,50
852,471,49,49,52
875,34,101,97,94
1078,23,83,79,82
654,147,45,44,48
608,444,192,199,223
585,482,85,79,58
890,180,48,48,52
1038,83,68,61,61
252,123,33,27,32
563,243,232,231,255
528,202,218,219,228
874,92,48,46,53
831,226,239,238,255
91,252,215,213,236
1145,147,236,231,248
496,195,200,198,215
637,383,59,62,59
274,425,56,59,52
350,239,130,125,132
625,251,52,49,55
709,103,47,47,49
836,144,47,48,49
1024,248,46,49,55
618,303,43,44,49
1098,86,237,237,255
838,274,44,48,52
172,243,199,198,219
752,453,48,47,51
251,376,41,42,49
114,184,146,150,174
771,36,50,50,53
152,125,205,199,214
1082,155,251,249,255
453,278,68,57,82
724,335,45,46,47
80,282,39,31,34
313,249,201,200,220
1016,372,49,49,55
115,444,48,50,51
1105,458,231,229,245
424,452,165,163,166
233,42,35,26,31
87,298,38,30,34
55,431,69,61,53
992,259,44,45,53
1145,202,234,232,249
805,84,45,47,47
66,244,35,33,38
576,444,146,147,149
506,154,44,48,52
291,383,42,44,45
2,280,35,32,36
603,331,40,43,45
357,396,39,42,43
240,323,45,43,46
961,6,113,81,64
52,133,152,25,32
259,73,43,47,52
117,445,47,49,49
362,160,38,38,42
744,117,48,46,49
1081,416,54,56,58
943,252,47,47,50
854,380,43,44,48
0,393,45,44,50
336,357,43,44,46
300,392,41,43,46
200,310,39,41,41
535,64,45,43,48
635,39,46,47,48
206,94,117,115,135
193,294,39,38,46
369,294,41,43,49
11,104,139,21,30
443,256,233,232,255
1162,210,234,232,248
794,486,155,147,164
660,351,41,44,44
444,111,41,42,44
781,309,48,46,50
75,369,41,40,43
167,339,41,40,39
621,462,104,105,106
1108,449,231,229,249
808,115,46,47,49
961,63,51,51,56
1026,491,48,49,52
1093,20,64,65,70
1176,376,238,235,251
930,29,86,65,60
537,110,44,44,46
301,88,32,26,28
684,410,44,43,49
717,484,157,150,162
169,230,50,41,46
960,365,51,48,52
656,105,46,48,51
872,145,49,46,50
665,13,47,50,54
926,396,44,44,49
255,157,32,27,28
127,173,195,198,219
1006,431,47,47,51
807,129,46,44,51
358,441,70,65,53
1074,367,53,52,56
1146,356,230,231,246
265,71,49,45,48
94,103,157,26,34
289,274,41,45,47
563,298,45,47,47
820,250,237,239,255
522,227,220,220,241
850,120,48,48,50
217,356,44,43,48
42,214,70,74,77
931,469,49,48,53
566,109,42,43,47
924,200,47,45,51
1196,365,237,236,253
377,392,45,43,48
339,201,195,195,217
72,423,59,59,57
695,316,41,47,47
957,66,51,51,53
1005,441,51,48,49
881,489,175,162,115
861,497,113,116,70
761,69,47,45,51
259,316,38,42,45
238,358,42,43,47
1024,388,47,48,48
755,210,240,238,255
1023,100,50,48,54
108,275,41,36,41
363,398,41,45,47
906,201,45,48,51
347,316,45,45,48
480,212,79,78,84
250,287,47,46,49
282,213,57,50,59
101,256,219,214,239
497,170,41,38,42
258,235,52,45,55
1135,276,228,226,243
440,385,44,47,49
811,454,48,47,49
323,458,75,73,54
873,412,49,47,51
1129,44,229,227,246
192,461,49,46,49
1131,105,229,227,242
1148,470,229,226,242
388,365,48,44,48
63,479,53,51,51
1153,439,229,228,243
290,196,188,186,207
666,67,47,46,48
655,68,47,46,48
1,333,43,40,45
164,131,125,128,144
583,28,48,46,49
42,331,40,39,42
906,187,47,48,51
765,300,51,47,52
67,444,49,47,50
408,446,56,53,53
715,273,46,47,51
952,184,46,48,51
992,92,48,49,52
375,22,34,27,27
152,131,140,138,161
202,254,199,199,219
1177,38,239,236,251
992,321,45,48,52
100,140,162,31,37
270,27,137,139,164
1147,256,233,229,249
349,411,44,43,46
517,327,40,43,45
763,356,47,45,49
858,292,45,49,49
988,314,46,46,49
402,285,47,43,48
694,21,51,50,52
29,125,153,23,35
435,247,228,227,247
791,372,42,47,49
461,62,41,39,45
575,363,44,45,48
598,324,42,46,50
814,284,49,48,55
353,178,195,196,215
90,207,162,162,186
812,67,47,47,51
659,446,37,45,46
1080,98,208,213,220
971,387,47,48,49
1162,442,234,231,249
842,67,49,48,51
466,95,44,41,46
718,305,45,44,47
97,205,210,212,243
106,39,194,191,212
293,472,109,97,66
898,308,43,46,47
101,14,113,106,115
1150,224,235,233,247
438,226,231,228,252
166,53,147,136,155
225,199,50,36,57
871,494,106,101,70
793,36,53,53,54
349,277,47,45,48
897,384,49,46,50
933,442,50,48,54
5,161,172,32,40
772,33,51,49,52
5,100,134,22,27
374,203,115,115,118
388,43,31,24,27
437,128,44,42,44
571,152,48,44,48
866,198,47,48,52
202,111,42,42,48
618,490,113,110,99
948,226,44,46,48
358,241,177,176,190
539,225,228,226,250
138,157,196,200,219
1034,384,46,46,50
1154,55,232,234,249
480,274,57,57,60
1035,481,46,49,53
674,241,56,54,56
610,69,45,45,49
230,51,203,197,216
59,357,41,42,42
424,190,220,216,236
446,486,177,178,196
734,419,44,44,49
549,313,44,44,48
1,494,51,51,53
697,407,44,42,50
901,7,148,97,67
478,384,42,44,47
105,15,114,106,118
401,404,44,41,48
967,387,44,44,50
269,156,30,30,31
166,231,164,161,170
581,280,48,47,49
202,268,202,201,223
744,108,46,46,50
938,10,241,236,255
1082,218,252,250,255
1002,234,49,48,54
64,316,41,35,38
792,239,237,237,245
881,33,105,105,105
969,344,47,45,49
1128,294,226,226,241
594,258,69,62,93
371,474,62,61,56
473,218,159,160,165
891,74,47,49,48
921,239,47,48,53
335,245,207,205,226
320,13,44,42,47
278,115,29,25,26
199,208,187,187,205
433,408,45,44,47
212,333,40,43,44
44,142,158,25,37
335,227,201,199,219
519,453,126,123,131
423,370,42,42,45
17,405,49,43,49
337,467,142,140,139
180,251,205,202,222
163,339,45,41,44
570,483,153,145,141
515,95,42,41,43
1093,49,77,72,68
717,373,44,46,48
361,379,40,44,41
1106,297,236,232,252
1073,23,81,75,74
262,189,189,184,203
485,229,126,119,124
950,293,46,48,51
854,22,91,89,84
1099,303,238,234,254
255,473,105,94,69
426,27,31,30,29
770,266,236,242,255
798,45,49,51,53
358,465,62,57,54
825,376,46,47,49
185,161,33,34,38
553,331,40,40,46
923,179,44,48,50
151,196,197,192,216
973,38,97,73,60
1188,387,234,235,252
737,496,113,105,85
372,334,46,43,47
564,16,88,76,58
1019,432,47,49,52
586,335,43,43,45
1049,243,46,49,54
221,52,202,193,216
997,73,73,66,57
605,262,45,48,49
838,335,50,45,49
1069,242,51,49,54
228,236,171,172,186
595,29,45,47,48
1142,435,233,227,242
723,18,102,72,59
987,99,47,49,51
604,396,43,43,46
864,384,47,46,49
525,205,58,55,60
409,31,35,29,30
57,124,151,20,33
479,325,44,45,49
310,107,26,28,27
207,184,188,181,204
226,483,58,54,52
551,266,227,229,253
534,201,221,224,240
302,455,84,82,57
992,119,49,47,51
1042,177,46,51,54
656,68,46,47,51
574,244,233,233,254
1025,424,48,49,54
1190,358,240,236,251
1073,302,51,53,54
220,47,206,191,213
248,91,44,43,47
1100,439,235,233,251
119,473,48,49,51
747,278,47,46,52
931,233,46,47,50
436,460,26,21,22
468,213,223,224,247
900,255,239,237,255
990,481,47,46,52
757,320,46,44,49
623,264,47,46,46
687,387,42,43,48
587,192,234,233,255
1097,311,239,237,255
570,432,45,44,45
1060,179,49,49,56
54,475,48,44,47
752,218,205,201,221
888,66,79,74,70
134,67,163,147,168
1120,106,230,229,244
354,418,44,41,46
743,347,44,44,47
417,113,36,41,39
616,255,57,49,66
508,213,216,213,235
652,305,44,44,45
584,274,51,49,50
243,38,36,29,32
1123,246,230,228,244
965,157,46,46,47
259,383,46,45,48
871,110,50,49,51
606,49,46,45,48
1133,66,230,228,244
846,49,100,81,60
462,218,86,78,99
22,13,226,223,247
3,40,223,224,245
664,468,96,73,56
1130,360,229,229,243
558,198,57,54,61
937,8,240,236,255
459,80,39,43,43
904,202,48,49,53
139,208,198,194,217
736,50,44,45,48
529,381,42,42,47
993,299,45,47,52
252,169,189,185,206
477,307,55,53,57
370,321,44,43,47
124,103,162,32,38
826,382,45,46,47
1197,100,238,235,253
462,120,47,48,50
239,480,55,53,51
1167,372,234,233,250
592,375,43,43,44
520,109,44,45,49
752,329,48,50,53
329,338,41,44,45
673,45,45,43,49
395,421,43,45,47
934,482,50,49,50
973,15,106,79,64
617,331,42,41,46
934,466,46,48,48
503,171,48,49,49
33,23,70,69,77
445,48,43,37,39
884,18,92,87,81
18,199,79,79,84
157,265,211,210,231
392,417,41,44,45
76,377,42,42,47
71,306,35,32,33
986,196,49,47,50
661,443,43,43,47
1119,433,231,230,242
129,31,44,36,54
1116,90,230,227,247
568,36,43,43,47
448,236,179,177,182
153,113,35,25,28
428,418,46,45,46
1011,481,46,48,51
508,70,33,34,35
859,363,49,47,53
1000,61,86,72,60
245,302,45,44,45
1079,30,227,224,206
853,63,50,49,51
330,431,65,65,55
1062,205,48,49,55
556,54,45,45,48
20,288,34,29,35
62,478,46,50,49
554,178,178,174,187
854,121,45,46,52
1076,51,73,69,62
391,292,42,43,48
251,175,190,186,203
1153,227,233,234,249
275,368,37,43,44
466,295,27,28,32
242,28,197,187,210
234,26,180,168,187
1031,229,49,48,52
656,411,41,45,47
1060,96,48,51,54
61,477,47,47,47
599,49,44,45,50
1012,348,46,47,51
1006,272,44,48,49
1137,436,229,225,244
510,452,142,142,155
1124,210,230,229,244
1183,466,234,235,252
409,65,29,33,34
862,251,240,241,255
1131,137,227,228,242
453,59,43,38,44
890,312,44,45,48
191,341,42,40,46
808,494,162,159,175
378,253,214,212,236
903,195,46,50,51
837,19,91,88,81
194,289,42,42,43
395,472,69,66,66
1179,44,242,239,254
573,201,63,58,62
937,435,135,143,93
55,103,149,25,33
214,88,185,180,204
713,260,53,47,57
1172,451,235,231,249
170,111,162,157,168
339,68,32,26,30
1110,61,233,230,250
788,328,47,44,48
678,373,43,45,49
597,383,43,43,48
816,58,43,47,51
570,120,44,44,48
236,488,61,60,54
601,311,40,42,48
809,307,47,47,52
779,437,49,47,50
1144,413,231,227,244
353,181,198,197,217
172,166,41,39,44
677,433,47,44,49
610,461,162,163,181
1105,161,241,239,255
861,297,46,46,49
1060,62,107,92,83
731,477,156,148,161
647,356,43,46,45
227,314,41,42,46
690,4,49,48,52
990,122,47,48,50
53,29,97,104,112
1026,177,50,50,52
79,84,152,25,32
220,21,174,160,184
196,75,204,194,218
36,168,172,29,35
1003,461,47,49,53
348,379,47,43,49
763,141,50,47,51
965,175,49,46,53
50,197,98,93,99
1186,249,241,239,255
367,382,45,44,46
158,429,47,49,50
760,220,238,239,255
25,171,174,33,42
636,174,181,174,190
299,486,81,79,77
487,116,48,45,51
1172,329,238,235,250
945,392,44,44,50
90,94,155,27,34
759,280,47,48,51
122,152,208,199,217
890,25,85,79,83
105,327,37,34,35
976,385,48,47,50
629,496,150,144,157
835,32,77,74,67
34,100,27,28,28
1051,218,49,49,52
134,54,156,137,160
296,56,38,37,42
60,367,41,42,42
740,335,49,46,48
50,152,164,35,53
153,92,154,142,165
911,206,45,46,50
381,202,191,195,208
981,282,48,50,51
355,416,41,43,45
494,436,166,168,185
980,92,47,45,50
429,84,38,38,40
559,202,225,229,249
111,139,39,31,33
955,25,95,72,59
311,39,39,37,41
52,59,114,108,116
987,352,47,47,51
151,496,50,47,51
218,283,203,203,228
108,113,162,29,37
618,226,236,235,255
157,459,48,50,51
7,443,51,55,57
736,157,44,46,48
268,412,44,44,49
12,329,40,39,42
843,422,151,155,181
723,59,44,46,48
264,344,43,42,46
845,264,112,113,137
260,243,52,46,59
441,122,39,41,44
601,401,44,43,46
572,296,46,43,46
559,307,46,44,44
357,132,38,35,38
40,499,72,66,61
1014,54,96,76,61
366,448,100,100,100
399,341,40,43,44
960,458,50,48,51
979,304,47,45,49
218,184,190,187,207
849,439,45,47,49
557,437,145,147,156
725,312,48,45,49
404,138,42,42,43
1163,7,239,237,250
1154,241,238,231,248
614,400,39,43,48
1036,408,47,47,54
870,121,49,46,52
1158,309,238,236,252
302,37,49,50,55
470,388,43,45,45
939,29,80,63,58
668,264,46,43,50
754,9,48,49,52
346,340,45,42,47
1161,104,240,236,250
485,399,45,43,45
789,247,239,239,255
529,24,72,51,42
563,129,43,44,47
269,371,41,45,46
347,364,42,43,46
501,405,40,42,44
949,93,48,48,49
162,337,38,40,44
991,341,43,45,49
548,240,226,228,253
1183,320,239,235,251
910,430,162,163,203
478,87,41,43,44
1109,252,237,232,253
524,253,227,223,246
1005,419,52,47,52
88,416,51,51,56
83,175,208,201,223
836,477,171,157,131
1162,446,234,232,247
271,149,32,30,33
373,210,206,204,226
968,123,46,45,50
585,161,48,46,47
1109,18,236,236,255
950,127,46,46,52
955,377,43,46,49
780,107,48,45,47
861,383,44,45,49
514,227,220,219,241
876,477,50,50,52
339,205,195,194,214
984,160,51,47,53
816,422,46,48,52
609,353,40,42,46
92,262,71,71,98
528,106,41,45,48
756,48,46,48,50
493,341,44,43,47
974,387,50,47,52
1174,441,235,234,250
654,21,49,52,51
1154,413,232,232,249
639,90,44,44,49
617,178,48,48,50
14,216,29,30,30
768,84,48,45,51
273,454,70,66,50
913,105,49,49,51
855,133,45,47,49
37,0,226,228,247
803,58,48,47,52
280,100,36,26,27
449,175,43,44,49
912,423,47,47,49
764,5,51,50,52
792,271,83,78,107
1108,262,233,231,250
293,135,28,28,31
402,195,207,207,228
228,119,35,28,34
964,432,58,63,80
1154,125,235,231,249
142,451,45,46,47
225,179,187,184,206
395,46,35,26,27
434,446,91,85,92
141,106,173,164,188
221,53,203,191,213
601,289,45,45,49
855,420,47,48,53
1194,492,236,233,251
130,85,153,137,159
482,291,52,50,55
648,93,43,46,47
98,236,208,207,229
949,47,128,93,70
1171,73,235,234,252
586,47,49,44,49
176,402,42,44,47
771,452,49,44,50
489,404,43,42,43
242,5,175,163,187
115,352,36,37,40
53,110,152,21,31
133,343,38,37,39
936,46,82,69,61
392,256,216,214,238
859,474,48,47,52
257,111,33,28,30
35,326,33,36,38
687,447,42,45,50
32,212,29,27,29
278,264,200,199,222
1014,122,48,47,52
324,77,37,27,29
965,367,44,44,48
105,23,121,112,122
458,488,162,163,180
217,24,171,161,184
91,403,45,44,45
587,358,43,42,45
532,367,41,41,41
815,407,49,47,51
843,373,44,45,49
599,309,38,45,46
330,409,42,45,46
527,312,44,43,46
288,440,82,81,53
877,273,50,47,56
167,386,44,42,46
150,460,49,47,49
142,121,204,192,215
1107,83,232,233,250
915,381,48,47,52
628,328,46,44,49
279,160,36,31,36
1144,476,230,226,245
1155,402,235,235,250
977,259,46,48,50
955,74,102,96,91
611,266,47,44,47
86,263,46,41,42
415,174,42,44,48
408,484,85,79,76
935,363,47,44,53
682,118,44,45,47
565,218,227,232,255
397,174,42,43,47
736,121,40,46,49
944,281,48,46,50
986,380,46,47,51
520,151,48,44,49
630,271,43,44,48
1093,263,239,236,255
351,228,59,56,61
905,85,44,47,48
900,348,49,46,51
289,369,44,44,45
602,337,42,42,46
410,217,135,129,147
1058,309,54,52,56
562,413,44,42,43
97,28,124,116,125
289,191,186,183,202
128,254,214,212,235
638,70,46,43,48
638,377,43,44,47
1083,171,54,53,59
773,124,47,45,50
616,236,238,233,255
181,75,194,184,206
568,135,47,45,47
1188,489,236,233,251
778,438,46,46,49
625,247,51,51,58
30,306,34,32,33
408,120,42,40,44
847,219,239,238,255
726,43,59,51,53
672,0,50,48,54
966,307,44,47,52
26,376,48,45,47
537,4,80,68,52
277,267,48,44,59
889,426,63,45,49
577,46,44,44,46
1031,107,45,50,53
365,247,55,53,70
1082,189,250,248,255
942,35,97,71,59
704,396,64,65,84
749,13,49,50,52
643,257,44,47,50
704,492,127,103,81
1062,251,50,49,53
472,425,45,45,48
395,265,217,218,242
105,142,194,179,192
818,495,169,162,160
258,253,195,193,214
200,457,51,47,49
325,131,27,29,30
569,407,41,44,49
678,128,51,48,50
1162,435,234,231,246
624,495,108,103,92
343,96,34,26,29
18,252,35,29,31
253,303,44,46,48
731,397,46,45,49
915,378,48,45,50
534,107,48,43,48
1149,299,234,232,245
541,454,138,133,134
1096,35,244,242,255
629,166,48,46,50
348,270,56,49,65
286,499,47,43,49
764,364,47,45,50
820,341,46,44,51
483,289,54,52,55
990,304,43,49,51
996,231,46,46,50
1050,152,45,48,52
501,460,140,138,152
693,392,48,46,47
186,476,47,46,49
430,239,224,222,247
374,94,32,30,33
129,330,36,35,39
458,169,46,43,47
10,78,115,106,114
329,180,190,188,209
79,314,35,34,34
443,376,49,48,52
638,213,228,231,247
5,27,228,224,247
14,435,52,51,54
145,312,38,37,39
913,123,46,46,50
554,192,230,228,252
650,358,44,44,51
284,129,28,29,24
134,18,187,189,207
934,453,130,107,157
1049,235,48,49,53
638,98,43,47,48
282,423,40,45,47
585,452,140,128,142
750,291,47,46,48
161,263,211,208,233
155,308,35,33,35
1019,11,101,78,62
1035,400,47,48,51
385,318,44,44,46
652,221,239,237,255
125,425,52,49,50
1040,224,51,48,52
1023,476,52,49,52
620,306,42,46,48
896,428,57,51,59
602,395,43,43,44
383,293,40,44,44
198,266,204,205,224
449,87,42,41,44
71,82,139,50,54
103,128,161,28,37
231,146,34,27,29
787,439,48,46,49
1184,458,238,234,252
576,199,178,173,169
1177,253,239,237,251
235,15,182,170,192
571,39,46,42,48
699,95,49,47,49
1123,412,233,230,244
333,216,202,196,218
827,426,49,48,50
1055,0,145,136,164
46,414,53,52,53
849,307,44,47,50
606,8,46,49,50
218,149,32,29,29
316,67,34,25,28
648,230,239,238,255
138,155,229,229,252
238,18,184,171,195
1081,291,240,238,254
1109,373,239,236,254
854,414,50,49,53
153,11,78,61,84
1123,123,230,226,243
928,397,47,45,47
290,290,44,45,44
844,163,47,48,52
740,145,48,45,47
828,60,47,47,53
419,275,49,50,57
901,148,47,47,51
610,208,231,235,245
955,266,46,48,52
717,416,40,44,48
885,439,49,48,51
869,161,44,48,51
420,82,38,38,39
857,2,97,92,87
767,251,238,239,255
782,251,239,238,255
919,303,43,46,48
1064,177,47,50,54
537,149,45,43,48
897,179,44,49,53
825,432,47,47,50
498,234,217,215,232
169,192,191,187,209
625,88,45,47,49
370,343,46,43,45
545,342,44,43,43
611,353,44,43,46
1065,197,51,51,55
840,240,146,158,186
245,497,51,48,50
1180,464,237,233,251
645,57,40,46,47
765,208,240,238,255
708,232,238,239,255
221,31,177,166,190
518,46,37,33,33
783,100,47,47,50
1046,191,49,49,52
78,97,151,27,33
636,217,57,57,62
694,43,43,46,48
488,95,41,42,45
1026,378,46,47,52
210,453,50,47,49
394,431,46,47,48
886,462,50,48,51
129,241,196,202,218
425,154,44,41,44
1053,351,49,48,53
652,165,46,48,49
1087,256,255,253,255
552,169,44,43,49
316,369,46,43,48
303,334,42,45,46
1121,42,229,228,245
564,85,45,46,48
143,323,37,37,39
230,238,187,188,207
779,385,44,44,47
539,46,44,43,47
751,291,45,45,48
999,443,49,47,50
577,376,46,42,48
984,438,83,80,83
1009,346,46,47,50
736,131,46,47,48
367,185,201,199,220
32,377,42,43,47
843,309,43,45,50
550,73,45,43,46
1035,480,46,48,51
474,103,42,43,45
79,232,53,52,58
653,307,46,46,47
628,395,40,43,45
1073,463,244,242,254
174,416,42,46,50
1174,24,239,236,253
114,233,60,56,60
514,163,45,45,49
832,402,46,47,48
593,14,50,51,54
248,210,69,54,72
352,96,32,26,32
779,93,49,47,49
945,402,47,45,50
844,128,44,48,51
222,89,91,87,104
466,268,203,201,223
572,143,41,44,46
846,369,44,46,52
934,242,49,48,52
1173,59,239,237,252
283,164,188,182,200
845,349,49,46,48
482,177,49,46,48
806,448,49,48,51
409,395,43,41,46
1105,336,237,234,253
908,317,43,45,50
212,191,186,183,202
778,113,50,45,50
393,92,36,34,34
1018,440,48,48,50
679,134,44,47,49
876,396,47,48,49
572,272,53,54,56
980,273,47,48,51
91,449,46,47,51
75,461,51,50,50
397,182,49,48,53
587,297,46,45,46
412,91,37,35,37
133,426,47,48,48
245,164,185,182,202
564,336,45,43,47
91,409,44,44,47
1034,188,43,46,53
565,11,94,80,59
796,185,48,49,53
794,52,49,50,52
231,432,54,53,51
794,65,44,46,51
206,68,35,33,31
1092,179,213,203,162
949,211,46,47,48
45,488,90,78,69
557,308,45,43,47
416,72,34,34,37
1024,258,47,49,52
626,230,233,230,254
258,80,42,41,47
400,197,214,210,233
954,421,48,45,49
348,281,48,42,46
169,245,204,198,221
311,428,57,61,53
742,417,47,47,50
207,210,190,187,201
17,461,50,51,54
1108,455,230,230,248
1117,106,232,229,244
482,390,45,43,45
170,361,41,42,45
390,129,35,39,39
44,279,34,29,34
423,110,37,39,42
925,104,47,48,53
672,402,42,43,47
455,120,41,43,44
1012,148,50,47,56
1023,235,45,48,54
793,331,44,47,50
926,287,43,47,48
537,230,78,67,95
687,65,45,45,48
1102,491,233,231,248
1135,41,231,228,245
985,96,48,47,52
768,37,49,51,53
1102,226,242,238,255
346,498,56,56,51
381,4,41,32,33
870,469,51,48,52
398,322,44,44,50
45,167,169,31,38
1092,76,185,186,173
858,148,44,48,49
936,197,45,46,50
846,380,46,44,49
142,282,170,166,203
1042,91,62,57,57
273,121,32,29,34
101,9,110,104,113
957,41,99,76,60
896,195,45,45,51
710,25,59,56,55
934,89,47,48,52
868,326,47,46,49
110,106,160,30,43
100,431,65,51,53
263,397,44,43,45
941,260,45,46,52
833,343,46,48,51
159,41,151,134,159
606,431,39,45,49
787,273,241,236,255
280,486,81,73,54
841,69,44,47,53
991,349,47,47,50
223,302,40,41,46
197,277,208,206,230
992,498,50,48,53
19,263,35,27,32
841,362,42,45,47
140,83,157,143,165
718,410,44,44,47
919,491,174,161,123
262,14,33,28,32
978,294,47,46,47
220,34,189,174,198
1138,460,226,226,241
180,466,54,52,53
405,32,39,32,34
1177,351,239,236,253
624,114,43,42,45
579,248,234,234,255
602,403,43,43,46
72,4,92,85,104
702,15,49,50,53
82,249,219,213,237
701,18,50,49,50
706,206,241,237,255
655,334,44,42,48
753,285,47,46,51
653,149,41,45,50
779,395,48,46,49
520,108,48,44,50
252,104,37,31,33
99,368,38,40,42
945,239,49,48,49
1064,40,108,102,110
873,435,46,46,48
727,431,45,46,49
472,43,42,41,45
298,172,189,185,204
175,173,195,192,213
871,279,46,47,51
819,277,46,47,51
346,380,43,42,47
637,368,40,43,45
458,65,41,41,44
1154,242,235,232,248
207,490,45,48,50
1119,89,231,229,249
43,492,89,79,72
874,460,46,48,50
481,185,47,46,53
991,247,48,48,52
1121,336,231,227,245
1052,57,107,92,84
922,490,170,162,127
349,203,152,147,159
1181,280,240,237,253
782,406,52,43,81
956,186,45,46,51
444,287,46,45,50
630,9,50,51,51
464,278,199,204,224
500,8,84,64,49
1044,106,49,49,52
927,274,48,47,52
885,126,46,48,52
32,325,39,40,43
914,324,46,46,51
36,188,113,113,122
568,63,43,43,47
434,214,79,74,97
722,312,44,47,51
545,162,44,46,48
244,375,39,43,46
1155,281,236,233,247
243,157,41,28,32
219,100,42,44,47
194,26,162,35,49
54,348,43,40,41
964,307,46,47,50
667,463,95,76,56
529,256,225,224,251
115,358,40,36,42
156,221,200,194,218
996,446,53,46,67
599,29,45,49,50
173,146,37,36,39
833,392,43,47,50
188,56,174,150,165
925,326,44,45,51
458,308,50,54,54
622,174,51,49,52
167,375,45,41,47
852,334,45,45,47
1183,93,237,235,253
632,278,44,42,50
470,237,220,222,244
320,370,42,44,48
1030,389,48,47,55
927,378,43,47,49
328,426,43,44,46
1030,179,48,50,52
899,144,48,47,51
320,272,43,46,47
1092,89,98,100,168
307,343,42,41,45
736,245,242,239,255
1088,172,74,70,70
161,151,50,49,53
641,218,125,113,100
832,168,48,47,52
569,349,45,44,46
1159,447,234,232,246
44,381,43,44,44
285,433,70,66,54
130,408,46,44,49
217,257,202,197,219
1086,481,237,235,226
684,304,45,48,48
437,80,39,39,42
115,174,248,245,255
967,420,44,45,51
160,239,132,122,152
989,233,46,48,51
729,110,46,46,49
1096,72,234,234,253
36,192,101,99,104
95,121,162,50,66
250,286,43,44,48
930,25,90,67,60
696,189,237,237,255
364,100,31,28,30
1015,318,49,48,53
13,189,95,98,101
146,133,193,193,211
203,447,49,51,50
757,452,47,44,49
157,20,157,141,162
388,468,92,79,71
990,25,123,92,71
612,168,43,46,47
300,106,32,25,27
463,222,227,226,247
1093,455,242,237,255
482,138,40,42,45
458,4,49,41,36
628,477,189,186,198
1017,422,48,48,52
29,303,38,34,35
662,299,45,46,50
500,102,68,65,66
578,27,51,48,52
156,156,45,49,55
1032,8,110,84,64
67,261,30,30,30
140,157,124,119,145
929,140,52,47,51
1180,393,236,235,253
17,274,32,28,31
1082,327,237,239,255
1104,366,238,237,255
911,183,46,45,50
819,66,47,49,49
150,425,51,49,51
349,64,32,25,26
643,361,48,44,47
223,19,176,162,187
89,429,49,49,51
1161,87,234,234,250
583,341,42,45,48
874,181,48,50,51
952,315,46,48,49
1053,431,45,48,51
740,67,47,45,50
83,81,150,25,31
1001,157,43,48,51
1121,228,229,228,247
983,246,46,45,50
1125,123,230,227,245
678,93,47,46,49
243,107,34,32,38
230,401,44,45,48
1120,96,230,228,244
442,90,44,41,43
264,20,38,30,33
753,125,47,45,49
593,72,39,42,47
321,240,198,198,219
262,45,199,201,224
732,227,237,235,255
473,330,54,53,56
915,491,173,160,120
1025,467,49,48,52
444,169,45,43,48
545,259,227,225,254
927,193,47,47,50
566,209,229,229,248
17,163,172,32,39
1117,312,230,229,245
545,396,39,43,41
89,114,155,29,34
118,22,26,27,29
180,334,39,41,43
998,68,63,57,58
81,475,95,83,80
369,24,38,26,31
883,133,47,47,53
98,10,110,103,112
269,382,42,44,46
485,22,65,53,44
595,81,42,45,44
584,81,48,42,46
189,492,45,47,52
865,281,45,48,51
1179,138,238,236,252
163,483,45,46,50
471,227,204,204,223
654,342,42,45,46
522,103,45,44,48
751,440,47,44,48
466,110,43,41,44
15,87,128,117,122
989,201,45,47,51
248,382,42,44,47
540,138,42,44,46
4,452,47,49,50
1178,277,237,237,251
300,352,38,42,46
955,151,44,46,52
176,341,42,43,43
730,112,47,45,50
1146,374,234,233,247
86,45,35,28,30
823,343,47,45,47
419,168,44,43,46
350,492,65,59,53
735,485,149,144,158
378,211,55,54,59
908,375,41,45,46
1088,148,162,169,185
967,292,43,46,50
492,277,48,46,50
572,453,113,110,112
192,327,41,41,41
25,134,154,30,34
1121,22,231,228,245
684,13,50,50,52
661,28,49,49,52
294,362,46,43,47
759,3,50,50,51
88,211,207,201,229
461,362,47,48,47
728,268,51,49,51
147,231,191,189,203
1008,233,50,49,51
980,247,44,47,52
616,443,161,162,164
814,195,46,48,51
442,327,47,44,46
774,6,49,49,53
948,495,174,156,117
993,360,45,46,49
483,405,45,44,46
445,306,41,44,45
885,108,48,48,52
384,410,45,43,46
1059,170,51,50,56
63,100,150,25,34
1191,332,239,236,255
1181,481,236,232,252
313,397,42,43,46
905,194,46,47,51
162,185,193,190,212
673,367,43,44,47
386,253,215,213,237
620,28,52,49,52
1012,439,48,47,52
76,388,42,44,42
145,87,155,144,164
1194,475,239,235,251
918,433,110,112,76
711,90,47,45,48
457,359,27,26,23
424,14,33,30,30
392,78,32,30,30
854,90,48,48,52
676,76,47,43,52
845,86,47,47,52
607,247,237,237,255
345,382,42,43,45
73,249,37,36,40
498,333,45,43,46
1049,380,52,48,56
328,474,123,124,135
158,142,200,204,224
4,483,49,47,50
688,154,47,45,48
46,326,41,37,38
392,374,42,42,46
1111,400,236,237,251
754,153,45,47,51
87,99,151,21,36
539,293,44,47,47
183,457,48,47,50
135,372,42,43,44
17,474,47,47,49
920,307,45,45,51
414,307,41,44,44
721,358,44,46,47
966,361,48,48,53
548,398,38,41,46
176,436,52,51,52
4,109,140,19,28
874,438,47,47,51
276,268,49,48,50
1011,263,49,48,50
177,14,163,145,169
1066,317,51,51,54
641,323,47,45,48
669,12,49,50,54
44,167,169,33,37
352,183,194,194,214
194,304,37,41,43
1036,188,50,49,55
1096,329,242,239,255
169,145,37,38,44
212,477,47,47,48
186,367,43,44,44
1172,163,240,237,250
42,191,124,118,129
1058,31,83,73,65
179,85,32,28,32
755,392,46,47,49
1024,109,46,48,53
845,393,50,47,49
255,3,181,171,194
1184,454,236,234,250
768,229,238,236,255
127,355,35,39,42
325,99,31,26,28
577,276,47,47,49
506,436,173,176,195
1050,128,46,49,52
938,400,45,43,49
617,131,44,46,46
475,12,62,51,42
690,276,46,45,49
1058,282,50,53,55
442,126,39,44,44
681,491,110,83,61
605,173,45,47,53
155,490,45,45,49
813,8,61,61,56
40,340,39,41,42
1121,309,228,229,242
801,381,46,44,49
494,140,65,62,63
1119,467,228,228,240
597,415,41,46,46
1020,420,46,47,52
259,366,42,45,46
242,305,44,41,46
652,173,49,50,56
925,143,47,46,51
527,259,222,225,248
1033,298,49,52,53
550,374,48,42,47
931,80,47,48,50
1152,46,234,234,250
1020,160,50,49,54
850,226,243,239,255
105,187,221,230,249
669,458,88,68,54
910,366,45,48,50
549,394,41,41,45
828,260,237,243,255
478,71,45,42,47
1145,353,231,228,244
410,239,120,121,137
623,60,48,44,50
1022,123,48,47,53
51,73,31,29,29
1060,153,52,50,54
315,220,196,193,213
956,235,48,48,50
664,369,44,43,48
57,20,65,61,67
966,184,48,47,50
304,47,37,36,41
587,186,233,232,255
805,413,50,47,49
1002,375,47,50,51
638,498,147,143,156
631,54,46,45,48
357,332,48,43,48
444,27,48,40,38
940,279,47,48,51
639,186,241,236,255
182,127,61,47,70
796,410,57,48,72
106,136,162,37,40
359,476,65,61,50
541,33,45,43,44
260,397,44,44,45
297,243,194,194,214
1079,99,91,92,93
152,416,43,45,46
964,185,47,48,50
1117,424,233,228,247
257,299,42,44,47
297,277,42,43,50
362,497,70,60,51
288,287,44,44,47
1024,350,45,48,52
360,174,193,193,213
553,378,40,42,44
1026,346,46,50,52
811,94,47,47,51
630,157,45,45,49
1191,74,237,235,253
419,95,35,39,41
233,406,44,43,46
709,467,138,122,108
446,409,14,17,20
108,407,42,43,46
1087,304,72,88,85
845,81,48,46,51
1134,403,231,227,243
281,339,44,42,47
1086,194,202,206,222
923,63,77,75,67
1075,348,241,241,254
290,138,28,27,27
477,328,51,47,53
1179,253,239,235,253
12,92,123,98,86
70,135,159,39,51
1128,6,227,227,243
41,490,84,76,66
1109,213,236,235,254
1030,49,88,72,64
72,497,48,49,51
794,229,243,239,254
355,393,43,43,46
119,442,51,51,51
65,361,40,39,45
1146,72,234,232,246
635,326,46,43,48
81,274,38,36,39
973,447,49,47,53
546,320,40,43,46
241,385,45,44,50
849,112,50,47,51
502,357,41,44,45
415,350,41,44,47
548,250,228,229,250
728,317,46,47,48
715,34,134,86,62
776,426,46,47,48
388,108,37,36,37
869,122,46,46,50
318,386,42,45,44
863,223,240,238,255
650,413,46,47,45
473,225,190,200,214
722,402,62,51,48
690,156,43,47,48
189,62,188,172,194
1163,77,234,234,250
933,308,44,46,47
577,317,45,45,48
924,244,49,47,52
672,59,47,44,49
116,141,38,31,32
367,258,213,212,234
361,148,38,36,42
157,274,211,208,231
500,397,40,42,42
285,82,31,28,34
1147,435,233,230,246
201,76,204,195,218
113,478,52,47,51
578,270,213,215,245
750,124,43,47,50
67,13,230,229,251
137,85,152,137,156
890,434,48,49,50
204,133,36,35,36
641,65,44,46,47
564,182,231,230,255
1125,208,231,229,243
863,338,45,48,51
1156,34,240,234,250
632,376,42,46,46
1019,314,52,49,56
169,254,207,205,228
288,296,42,44,44
770,114,47,46,49
17,391,44,41,48
399,298,45,45,46
306,457,109,104,74
180,451,51,48,51
386,438,194,201,204
870,140,47,48,51
105,123,161,28,37
522,188,222,220,241
418,202,221,222,240
622,81,47,45,48
978,68,88,78,64
802,404,48,46,50
498,132,33,33,41
1054,140,48,51,55
612,253,211,210,241
825,32,70,66,60
921,416,44,44,45
1073,333,51,50,55
835,20,89,86,82
282,131,29,25,30
970,438,109,127,169
309,88,32,25,28
40,440,51,50,51
1070,355,56,56,61
612,289,44,45,49
110,85,158,141,165
208,113,40,39,40
1122,310,228,227,243
417,341,43,44,46
948,274,44,47,51
350,170,42,45,47
114,437,65,65,57
1076,347,238,242,255
920,246,48,49,54
773,311,46,46,49
490,7,91,70,56
795,269,238,237,254
538,81,42,44,46
831,497,173,169,177
1182,41,240,237,254
1099,39,241,240,255
908,422,49,46,50
254,39,111,113,131
370,74,29,26,28
243,235,190,190,207
9,210,31,32,32
339,28,43,36,37
324,176,192,188,207
90,482,51,46,51
63,164,167,29,40
135,270,216,213,237
710,9,54,52,55
203,185,186,183,203
92,57,34,31,36
139,496,46,46,52
275,473,89,82,58
266,142,32,27,29
715,246,238,236,255
365,209,52,52,59
611,24,50,50,50
167,293,39,36,42
1120,316,230,228,244
1188,67,237,235,251
271,91,33,27,32
866,94,49,47,53
1031,235,47,49,50
189,170,159,153,164
828,370,50,47,50
723,324,48,47,48
927,47,110,107,102
30,144,161,27,34
551,332,43,44,46
1178,353,238,236,250
803,273,63,54,74
207,417,47,43,49
390,409,43,44,45
559,67,42,46,47
862,488,134,125,79
616,160,47,45,51
946,342,44,46,50
340,191,198,194,215
1116,48,234,228,244
1052,349,48,50,53
155,185,200,198,219
411,109,38,37,41
1100,329,241,239,255
833,455,44,44,49
402,80,35,32,33
631,237,49,51,50
17,137,159,28,35
250,370,45,42,49
756,198,51,51,55
499,267,113,121,145
651,438,43,41,46
589,225,234,235,255
274,484,86,75,57
1164,396,237,235,251
198,370,44,43,46
445,346,43,45,48
595,9,93,85,82
137,140,52,53,65
943,439,48,46,54
812,151,46,48,50
79,28,114,104,115
515,52,29,25,26
259,136,30,27,28
271,97,33,27,27
699,250,45,47,49
651,11,50,51,52
1140,387,230,228,242
923,294,49,44,49
712,359,44,45,51
1024,410,47,48,53
856,261,241,240,255
1071,460,235,239,223
518,122,47,42,47
584,410,44,44,45
485,159,42,44,48
989,130,46,48,55
1126,363,232,228,244
1083,10,85,85,90
408,67,34,32,33
149,214,193,192,213
30,69,114,104,114
540,123,48,44,45
186,319,42,41,43
421,128,38,42,43
452,26,72,51,42
256,138,32,26,30
788,416,49,49,53
553,64,44,43,46
759,92,44,47,49
310,47,36,31,34
939,324,41,47,46
139,371,33,41,45
26,23,226,224,250
996,329,49,46,51
26,125,150,22,31
530,102,47,45,49
495,120,39,42,47
979,48,86,67,57
296,196,191,189,209
174,184,192,188,211
1076,211,227,236,225
1131,367,229,227,245
1090,481,237,236,252
1141,125,227,228,246
352,402,39,42,46
612,257,45,49,49
918,121,47,48,51
387,315,46,43,48
317,305,45,44,44
71,52,121,115,121
307,96,28,25,31
882,116,48,47,49
147,414,43,45,46
1098,487,234,233,251
802,316,41,45,49
1187,14,240,237,250
754,177,48,47,52
605,2,52,50,51
79,316,35,32,34
617,205,190,190,206
288,76,33,26,32
788,191,45,49,52
542,460,126,120,132
732,368,47,43,48
79,73,69,50,72
110,336,36,35,38
1018,499,49,47,55
659,468,84,62,54
339,465,116,108,91
530,430,45,43,45
499,466,165,161,170
917,470,53,48,52
449,434,134,119,122
23,480,48,48,51
996,365,48,48,51
998,334,49,47,52
1053,214,49,50,54
935,120,47,46,51
463,291,70,68,75
852,361,47,44,47
667,420,47,45,46
473,494,110,102,61
1013,431,47,46,50
26,279,36,30,32
137,308,36,35,36
520,336,42,44,46
1106,158,241,238,255
104,493,48,49,52
346,282,43,43,47
40,79,117,100,117
495,126,61,58,62
403,243,218,219,239
617,373,43,43,46
1181,494,236,233,249
983,58,106,83,69
72,418,69,66,53
394,390,42,43,46
373,341,40,43,48
158,129,138,143,158
1012,279,45,46,52
109,128,160,31,36
1063,129,50,51,54
1084,1,252,249,255
879,66,51,51,54
1093,231,240,238,255
642,322,43,43,46
302,436,58,57,55
1061,236,48,50,53
970,90,51,49,53
508,304,43,44,46
947,250,50,48,55
612,263,42,46,48
317,131,34,31,33
701,371,44,45,47
575,158,46,46,47
709,292,49,44,51
649,463,69,62,73
649,374,43,43,49
717,155,44,45,48
42,132,154,24,34
1052,37,101,92,80
123,74,155,137,159
4,315,43,38,42
499,103,45,44,50
735,291,46,47,52
795,66,50,47,53
264,312,40,42,45
303,246,201,199,221
1078,88,228,225,205
228,196,185,180,202
285,96,34,29,28
195,148,35,34,39
911,429,69,67,120
269,98,35,30,30
233,336,45,44,44
456,197,222,225,248
780,250,239,239,255
872,308,47,47,51
935,128,48,45,51
903,336,46,47,51
283,373,44,41,49
86,198,240,243,255
1166,20,231,235,252
8,196,27,19,31
69,1,64,66,69
1124,123,230,227,243
1057,362,47,49,52
1191,446,236,235,252
748,89,44,44,50
352,259,212,211,233
1098,475,235,233,248
1009,89,50,49,52
1088,38,242,241,255
638,18,52,48,52
654,107,46,45,47
19,475,47,46,49
848,233,241,240,255
1128,474,225,225,240
989,48,104,76,63
52,213,113,109,111
18,135,159,27,35
571,418,45,43,47
1071,289,56,58,60
716,268,47,48,51
669,142,44,47,47
309,388,44,42,46
962,419,46,48,54
793,121,43,46,48
949,176,44,47,49
292,74,36,31,30
827,295,49,46,51
1116,473,226,226,243
1104,92,236,234,253
252,8,167,164,178
952,11,117,81,61
764,124,47,47,51
1058,233,50,50,55
56,73,29,29,26
6,217,36,28,27
599,115,46,45,48
264,38,213,214,234
1010,11,109,88,67
180,96,40,33,36
122,18,31,29,33
643,335,45,41,46
230,330,40,42,44
174,87,34,29,34
361,10,43,35,35
1160,119,236,234,252
367,460,154,149,156
702,87,46,45,51
856,351,46,48,52
727,397,50,43,46
367,214,199,200,218
707,372,42,46,46
1148,62,233,230,248
494,125,41,43,46
827,60,49,47,52
172,164,40,37,43
545,344,42,41,43
367,155,40,40,39
432,142,38,43,45
26,271,35,32,35
469,18,104,82,61
544,246,231,228,251
770,157,47,48,50
745,428,46,46,48
33,165,168,35,39
1065,153,49,51,54
815,161,46,49,49
505,401,41,40,43
730,158,44,45,49
452,433,134,127,133
1042,81,67,63,61
675,418,39,43,46
0,499,50,51,53
147,322,39,36,40
180,379,43,43,48
579,202,230,229,254
923,389,44,45,51
1,136,163,26,36
673,345,45,46,50
224,178,189,185,206
1050,234,47,47,53
414,283,44,44,46
956,192,46,47,52
464,386,48,48,49
173,180,194,193,213
437,481,118,118,120
1045,224,47,48,52
936,333,44,46,48
13,93,124,99,86
692,469,117,94,64
798,13,51,49,55
822,223,242,239,255
520,154,47,46,48
476,244,26,30,34
731,191,241,237,255
751,310,49,46,50
113,9,113,107,113
45,50,151,145,159
804,283,48,47,52
820,257,239,236,255
978,356,48,46,52
901,116,48,46,51
864,230,236,238,255
1156,479,235,232,249
889,72,49,47,50
727,283,44,46,48
640,322,49,45,51
740,303,44,47,54
267,1,197,188,208
628,101,42,45,46
163,467,115,93,80
572,183,233,233,255
703,217,88,57,110
22,45,60,62,66
371,236,64,55,72
230,116,35,33,37
848,242,238,236,255
535,129,44,44,46
189,34,187,172,196
19,255,37,28,33
188,208,186,183,203
284,466,82,71,52
1028,39,106,75,63
807,195,46,46,50
620,149,45,44,49
88,104,154,26,36
572,482,149,138,128
758,234,239,237,255
1159,258,237,230,250
639,192,238,237,255
148,265,214,208,235
207,226,190,187,206
979,458,54,47,49
291,440,68,65,55
1164,397,235,231,246
105,448,51,47,51
891,7,89,82,70
387,190,199,202,223
975,139,49,47,53
175,3,168,148,166
1007,160,50,49,52
976,180,47,50,50
282,237,52,48,54
320,350,44,40,45
3,341,41,42,45
622,491,109,104,94
527,498,131,126,116
17,445,47,46,48
608,382,40,43,46
758,144,46,47,49
628,65,46,46,47
830,448,47,46,50
335,465,136,136,139
672,432,45,44,47
402,347,41,43,47
229,166,185,182,203
146,53,135,119,136
852,39,92,88,83
126,253,215,213,237
797,112,47,47,50
665,239,54,56,55
1044,145,51,50,51
137,19,190,189,210
345,440,70,69,54
805,457,48,46,50
157,366,43,41,45
1074,421,245,244,254
197,59,111,76,81
111,381,43,42,45
733,102,44,46,48
1067,391,51,52,57
991,319,46,46,49
611,303,45,46,49
765,489,164,157,165
792,220,240,238,255
824,496,167,160,155
527,365,44,43,45
619,167,43,44,49
841,111,50,48,49
339,38,44,37,29
337,134,32,29,34
275,466,96,89,67
611,176,50,48,51
433,414,47,48,52
520,263,225,222,247
754,299,47,45,53
729,477,158,151,164
516,65,51,46,52
228,86,46,45,51
623,389,44,44,46
699,168,46,49,52
484,166,44,45,48
1032,35,104,80,63
200,105,110,111,128
23,114,147,23,28
1132,92,232,227,241
268,76,41,37,45
704,335,43,45,48
635,183,240,237,255
151,241,146,142,162
225,208,45,41,50
842,324,46,45,52
152,462,48,47,49
939,315,45,43,48
83,315,37,32,33
500,289,42,45,47
1037,113,49,48,54
170,482,48,46,51
1125,11,230,227,246
793,84,49,46,50
546,97,44,43,46
1141,265,232,229,247
120,292,35,33,36
842,317,50,46,52
351,429,52,48,42
516,220,219,218,240
382,495,82,73,55
639,376,45,44,47
56,88,196,190,210
968,244,48,48,49
588,412,44,43,50
376,249,214,212,235
274,185,189,185,206
63,281,35,35,37
662,45,48,46,48
561,0,141,85,69
875,35,101,98,96
980,158,47,47,51
666,41,50,44,49
577,279,44,44,47
965,215,50,48,52
382,365,44,44,47
875,306,46,47,50
184,245,197,199,217
837,317,44,46,49
324,235,148,146,156
200,96,111,115,130
1071,265,51,51,55
164,45,153,139,164
218,373,45,42,45
630,445,168,172,177
729,53,48,44,51
872,418,47,46,49
372,372,41,43,48
908,293,48,47,51
948,193,49,48,52
269,202,47,41,49
931,267,46,46,50
872,458,46,46,51
1082,355,253,249,255
428,332,41,43,47
630,44,44,46,47
552,79,41,44,48
541,174,48,50,53
519,15,68,63,65
611,372,38,44,46
911,127,47,47,52
1112,167,237,233,253
364,239,140,142,172
630,33,48,44,51
775,350,45,46,50
722,115,51,48,49
312,105,31,25,28
526,200,60,59,64
1150,129,234,233,250
1033,164,49,49,53
389,158,41,41,46
1135,438,228,224,240
71,90,150,26,30
112,414,45,43,47
450,173,43,45,48
5,375,43,45,48
169,216,192,190,210
331,230,195,196,214
607,100,44,44,46
795,245,243,242,255
1184,217,239,239,252
337,163,38,35,37
873,446,46,45,52
303,133,35,28,33
581,216,232,233,255
988,374,46,48,52
227,72,109,112,128
733,424,46,44,46
732,246,240,238,255
1127,252,228,227,240
718,419,42,44,49
626,379,43,44,46
18,7,94,77,97
536,375,41,41,44
1160,298,235,233,249
567,45,43,43,47
793,206,62,54,63
1111,11,235,233,252
1088,436,237,235,255
836,300,45,46,51
1097,135,239,237,255
250,110,35,30,33
579,18,93,82,63
319,94,35,25,30
1063,95,54,54,58
1001,114,45,49,53
937,339,43,46,48
636,438,43,44,48
500,349,44,42,45
1069,283,70,54,127
424,111,38,40,41
40,433,50,48,52
846,480,174,162,101
424,427,44,46,47
1150,367,231,232,249
962,103,48,48,52
311,232,197,194,216
977,418,46,48,49
1058,173,48,48,52
858,498,119,115,69
741,27,47,50,52
502,289,43,47,50
1108,367,238,233,252
911,344,44,45,47
973,116,45,47,51
211,35,163,35,45
1139,248,230,229,244
775,165,44,44,51
841,96,44,47,47
505,173,50,48,54
1087,313,178,189,210
92,5,38,29,31
240,379,43,44,45
120,309,30,33,36
268,122,30,24,30
495,141,69,61,65
1098,383,243,244,255
276,383,42,43,49
1174,94,237,236,252
572,235,234,232,255
884,468,47,47,51
231,159,187,183,203
348,374,42,43,48
601,318,42,43,44
623,261,46,45,48
91,327,34,34,35
563,345,42,41,45
363,411,41,43,46
678,197,238,238,255
685,218,210,218,230
1190,135,241,240,255
46,6,227,226,248
1088,425,247,255,251
258,108,32,25,27
1070,358,58,57,59
377,134,37,38,38
502,449,165,164,177
397,462,159,161,176
60,74,28,25,30
740,172,49,50,55
1147,429,234,229,246
530,376,42,41,44
660,88,45,46,50
894,7,102,94,76
954,309,46,46,50
398,351,43,41,45
800,162,46,49,50
709,305,48,44,50
604,4,51,52,51
769,93,46,50,47
283,309,45,44,47
843,260,240,239,255
111,287,40,34,35
316,402,41,42,46
177,5,153,32,48
1024,310,47,47,54
289,50,45,46,52
784,426,43,46,50
750,404,73,62,52
1150,30,235,233,249
571,450,106,100,91
426,266,231,231,253
26,190,79,77,83
1142,343,232,229,246
1142,1,235,232,247
215,186,191,184,205
411,231,225,225,245
604,256,50,49,52
192,422,64,61,54
510,261,222,222,243
554,253,230,232,254
1190,102,239,235,252
107,471,44,47,50
297,218,190,187,209
375,295,43,45,46
1133,98,229,227,243
216,326,38,42,45
1165,148,237,235,251
309,331,42,44,45
1177,432,238,233,252
456,369,28,26,21
579,44,44,45,49
853,308,47,46,48
1037,448,47,50,54
594,116,44,45,46
880,320,45,48,49
771,65,46,48,47
905,152,46,49,49
801,196,47,48,51
546,457,147,145,156
318,147,36,32,34
45,392,44,45,47
13,37,136,124,132
564,461,136,132,139
489,213,104,93,96
622,301,44,43,48
1080,466,248,247,255
422,371,41,45,48
444,6,31,32,31
222,166,116,107,126
175,12,162,145,169
367,354,45,43,48
1148,108,235,232,247
271,465,107,101,73
28,450,48,50,52
1186,434,235,235,251
155,419,49,46,50
255,119,29,27,27
592,444,140,136,141
579,370,43,43,47
414,9,32,31,29
791,430,47,47,50
278,484,77,76,52
936,249,50,47,53
1093,73,230,230,244
200,50,196,177,196
333,144,32,32,29
981,81,55,53,54
896,209,47,48,52
18,67,108,100,109
535,69,44,44,48
919,78,48,50,52
328,273,41,45,46
261,355,43,43,46
109,267,44,40,44
1165,75,236,236,251
812,266,51,50,54
1076,199,52,54,57
1083,454,68,64,63
944,373,47,45,49
21,241,35,30,33
752,250,237,237,255
1025,438,48,46,51
631,409,42,44,49
397,309,44,46,46
682,383,46,45,50
1199,159,239,238,254
24,400,45,48,50
560,365,41,42,44
812,217,242,240,255
531,323,44,41,44
232,46,52,34,56
757,233,240,238,255
1,331,44,41,45
800,124,46,47,50
506,110,34,34,36
1044,135,51,48,53
912,448,62,46,67
358,8,40,35,33
445,226,234,229,251
569,111,42,44,49
825,416,104,110,64
1010,351,45,47,52
441,496,176,179,191
709,464,135,119,93
740,301,47,46,48
1048,157,47,48,53
486,340,45,43,49
1043,277,52,54,73
241,149,35,27,32
1093,41,240,241,248
678,86,50,44,53
1020,236,51,49,52
1133,481,228,227,243
494,246,211,214,230
1048,304,59,47,99
254,462,97,85,60
581,83,45,43,46
1002,427,48,47,51
1040,267,50,49,55
49,460,47,48,50
667,153,46,46,49
1102,107,235,233,250
903,91,49,49,52
1024,330,48,47,50
220,194,187,180,202
676,329,45,44,46
704,85,46,47,47
742,8,50,49,53
139,239,98,93,122
332,197,192,190,212
1037,127,47,48,51
926,238,46,51,53
518,291,43,43,50
43,317,34,34,37
896,77,46,47,49
956,287,45,44,50
763,57,48,45,52
541,355,40,42,46
206,479,49,46,49
133,96,160,145,166
486,464,182,182,203
1074,108,57,53,55
46,236,37,27,31
890,67,61,61,60
320,216,194,193,212
768,22,49,51,52
149,331,36,38,41
1091,378,249,247,255
527,276,44,46,47
147,134,168,166,192
873,366,44,46,51
411,143,40,40,44
1070,446,48,50,55
219,325,42,43,47
384,168,44,41,46
486,235,191,189,200
785,61,47,47,49
60,178,172,39,39
336,468,143,143,150
202,125,32,36,39
804,371,44,44,48
126,222,196,194,217
898,72,49,49,50
621,398,43,42,44
692,349,40,45,45
852,142,45,46,53
727,333,45,45,50
936,227,46,46,51
952,222,48,47,51
558,480,113,100,91
1171,64,239,237,253
914,368,46,45,49
333,112,32,30,31
470,242,215,215,235
907,313,47,44,49
934,188,44,46,51
488,482,112,108,63
327,117,30,30,31
67,188,41,32,35
1067,261,49,50,53
948,123,47,47,49
409,164,42,44,44
118,32,37,35,38
217,207,185,183,202
108,39,192,189,209
618,86,46,46,47
432,183,50,47,54
192,446,59,54,51
353,470,60,53,52
821,307,51,45,49
855,456,42,46,49
537,273,47,48,49
666,428,44,43,49
248,122,33,24,26
932,388,47,47,48
846,466,47,47,52
448,256,232,231,254
1075,453,59,56,61
408,40,37,28,29
801,262,239,240,255
0,217,34,29,30
89,0,103,117,112
801,369,46,46,50
1138,149,232,230,247
873,475,50,49,51
819,317,47,46,48
1081,260,88,80,97
334,442,80,77,54
1175,108,237,237,251
1120,73,228,226,243
705,30,66,55,56
432,224,224,223,246
620,491,108,101,89
886,76,44,48,49
1041,140,46,46,53
247,180,190,185,205
673,112,44,46,48
244,34,49,37,54
622,107,45,44,50
763,274,48,48,52
957,390,43,47,49
867,484,163,150,84
782,4,51,51,53
278,157,35,30,32
1040,157,49,49,54
625,102,46,45,49
341,181,194,191,212
517,108,47,44,48
1163,470,238,232,249
507,453,157,158,167
1037,55,145,135,119
1095,426,241,242,255
237,463,88,85,57
873,468,49,48,53
1071,485,53,51,58
125,344,36,38,37
305,17,43,46,52
219,354,45,44,47
671,161,47,45,51
821,469,44,51,50
582,55,46,45,50
227,284,123,127,159
1071,86,67,63,63
519,109,42,44,49
167,498,47,46,49
1121,378,233,231,246
111,423,92,80,84
611,335,41,43,46
293,158,31,34,35
746,82,46,47,51
221,239,140,140,158
1190,418,237,234,249
145,20,162,142,166
661,196,237,238,255
510,445,159,160,175
582,427,44,43,47
780,106,47,45,49
251,72,41,42,47
1092,101,245,243,247
1029,104,51,50,51
16,495,70,62,57
1166,320,237,231,251
1140,388,229,230,245
584,240,233,236,255
1061,333,47,50,54
197,405,42,44,46
364,78,31,25,27
5,328,37,40,42
865,150,50,47,49
593,264,72,63,95
1161,426,234,231,249
712,346,44,44,49
555,210,172,175,202
973,103,46,48,51
844,29,90,86,80
102,214,218,218,243
18,353,41,43,47
985,129,47,49,51
94,379,45,43,45
928,295,45,46,49
472,450,167,176,195
647,102,41,48,48
1021,45,97,75,61
1158,156,235,234,250
94,414,43,43,46
856,310,44,45,52
1113,83,233,230,245
267,49,39,44,47
1194,146,238,238,253
258,373,46,43,47
47,329,37,35,35
1175,128,242,238,253
100,89,156,28,33
621,316,42,44,47
1061,495,48,52,56
1159,170,237,236,251
732,190,242,238,255
355,183,195,193,216
657,126,48,45,48
421,254,221,219,243
676,421,41,42,46
148,386,39,43,45
243,120,32,26,30
46,143,160,26,36
957,399,46,44,50
844,265,55,51,58
352,47,31,24,27
728,282,44,46,46
459,114,43,43,45
46,85,192,189,210
100,344,37,37,37
1030,478,45,49,51
568,170,48,47,53
880,246,80,63,62
388,247,61,55,57
285,461,115,111,81
912,62,84,82,76
859,341,46,46,52
1173,341,241,234,250
426,304,44,43,44
818,413,87,86,117
157,369,46,42,48
1000,294,44,47,50
941,342,49,46,52
959,478,47,47,51
1013,18,108,84,65
126,139,35,26,31
430,261,232,232,254
440,342,43,43,46
1185,425,237,234,255
516,156,43,45,48
1119,45,227,228,245
804,196,43,46,50
43,184,177,34,43
519,133,45,45,49
127,291,36,39,37
469,51,42,42,41
207,329,41,44,43
854,254,240,238,255
671,432,43,45,48
583,188,236,233,255
1115,417,232,231,250
1135,238,228,228,243
1061,107,52,51,54
1181,438,237,235,252
1096,269,238,234,254
890,279,46,48,51
12,30,226,222,246
556,127,44,45,46
758,247,241,239,255
986,128,47,49,48
324,398,45,43,47
912,436,43,48,53
337,191,193,193,214
442,259,232,234,254
529,126,43,44,48
72,276,40,30,33
577,402,36,42,43
441,470,137,83,81
34,8,228,225,249
515,345,43,43,44
163,93,201,186,211
132,194,155,152,168
198,454,48,47,49
442,110,44,42,43
1155,318,232,231,247
369,279,47,45,49
280,370,43,44,45
200,339,41,43,43
1080,165,59,54,61
20,468,48,49,51
91,54,35,32,34
696,271,45,46,48
560,1,127,88,73
263,332,42,43,46
994,273,49,45,51
406,111,39,37,42
400,321,46,46,47
546,101,46,45,47
496,164,35,37,43
365,297,40,43,45
1069,77,74,64,65
393,97,35,34,38
739,76,44,48,52
310,254,203,201,223
109,101,158,29,35
479,226,36,33,35
410,195,211,212,234
1103,203,236,237,255
988,381,45,48,52
1194,490,237,236,251
589,333,40,41,47
523,329,39,43,47
1098,299,238,234,255
608,56,45,45,46
677,195,235,237,255
967,290,49,45,50
35,79,109,99,102
1056,429,45,48,54
109,467,47,50,52
750,118,46,47,48
677,107,46,47,50
239,416,42,46,49
143,225,199,191,216
681,192,238,238,255
1176,244,239,235,249
118,335,39,36,36
360,285,43,44,45
18,140,162,29,35
641,25,47,49,52
18,380,44,45,48
192,92,94,99,110
176,78,80,63,82
1111,148,237,233,252
1121,184,232,230,245
777,212,241,238,255
603,210,220,220,248
531,472,123,117,120
390,421,43,43,47
97,101,156,27,35
1165,389,235,234,250
1016,146,46,50,53
1078,407,52,51,57
602,479,168,163,169
386,263,214,217,242
120,76,145,125,148
112,435,83,61,63
872,111,43,47,50
887,27,108,106,106
1149,440,236,230,246
516,454,146,143,157
115,125,164,30,37
553,170,46,47,48
937,256,48,46,52
353,336,40,41,46
935,87,54,50,50
50,416,53,54,53
1102,373,240,238,255
454,304,49,48,56
121,71,156,138,160
803,349,43,46,47
472,423,43,44,46
103,204,230,229,255
288,388,44,43,45
537,284,43,47,48
1176,39,240,236,251
902,314,46,44,51
638,14,51,50,53
633,281,44,46,48
881,2,75,67,62
5,497,48,49,53
1194,360,240,237,254
1126,449,228,225,241
282,415,44,44,47
1070,394,63,59,54
1126,321,231,227,242
210,217,186,183,205
242,244,190,190,210
805,463,48,47,50
464,107,42,43,44
527,22,66,48,37
408,121,42,40,44
126,351,38,35,37
314,399,42,43,46
834,2,92,89,86
643,87,48,45,50
697,288,45,47,46
123,311,35,31,36
22,50,66,64,67
818,330,45,46,51
227,348,43,43,45
756,315,43,43,49
435,209,78,80,98
536,275,45,45,48
942,299,44,44,50
1196,323,242,239,253
98,294,36,30,31
314,375,41,43,46
601,294,41,45,50
619,413,44,44,43
730,424,42,43,46
349,232,173,173,203
537,454,126,119,118
314,328,42,43,46
414,6,39,31,27
507,456,164,165,175
782,493,162,161,177
746,84,45,46,50
692,36,49,51,50
377,6,43,32,29
605,232,236,235,255
422,53,36,33,36
368,8,41,36,33
106,88,165,91,112
1163,423,233,232,249
711,417,46,45,49
184,205,66,62,68
1107,25,239,237,254
1172,298,235,233,253
184,56,171,162,186
1006,241,47,48,52
1138,108,232,229,246
77,330,38,36,37
100,497,49,49,53
164,256,208,205,228
886,69,51,48,54
195,145,35,35,39
499,95,44,41,46
139,385,41,43,45
249,357,44,42,48
750,226,89,87,135
805,167,48,47,49
805,159,46,47,50
647,51,48,46,48
701,175,48,48,53
255,162,61,48,60
899,185,51,48,51
952,393,46,45,51
393,96,36,33,40
228,439,50,49,52
24,159,171,27,37
102,425,98,83,102
39,173,170,33,40
457,117,47,46,46
1054,162,50,49,52
450,327,49,47,49
170,154,35,37,43
122,149,199,194,205
683,376,44,44,45
1146,251,234,231,248
290,364,41,45,47
862,458,46,45,49
136,365,40,41,44
34,61,111,101,110
776,84,46,46,48
455,1,69,56,41
809,429,44,46,50
178,147,39,38,41
732,5,49,50,53
266,269,45,47,46
902,347,45,45,47
103,183,244,242,255
89,235,212,213,232
845,124,45,47,50
1122,300,225,227,242
582,95,42,44,46
790,77,49,46,53
803,359,49,44,47
139,269,212,211,232
582,334,41,42,46
1102,465,234,231,249
566,437,109,106,102
100,264,46,38,41
1154,220,233,232,247
7,373,45,45,49
1078,144,58,54,57
689,369,45,44,46
1195,164,241,239,255
125,453,50,48,52
251,70,38,40,46
583,347,44,44,46
1017,335,46,45,51
789,80,50,44,52
0,102,135,18,28
936,10,242,237,255
68,141,178,115,129
233,216,187,184,205
240,222,188,186,204
925,128,49,46,52
1195,397,237,236,251
425,228,226,221,244
267,129,25,27,26
828,24,82,77,71
970,315,48,47,49
183,30,186,167,192
531,417,41,42,47
925,211,45,46,52
779,215,244,241,255
638,370,42,44,47
851,336,52,48,53
507,50,41,41,46
865,321,44,47,49
1157,426,231,230,246
363,445,60,53,51
711,304,45,42,48
57,223,89,88,103
291,381,47,44,46
863,169,50,47,50
1049,141,50,50,55
319,336,40,43,45
924,108,52,49,51
1112,33,240,236,251
244,357,39,45,44
294,62,38,32,35
1163,268,237,234,252
931,427,47,48,52
692,335,44,45,47
70,326,38,37,38
1020,344,45,46,52
419,363,44,43,44
606,353,44,43,48
526,429,47,43,46
37,327,44,40,41
621,437,43,45,48
257,11,34,26,28
783,3,50,49,51
837,165,46,47,52
240,135,35,26,33
507,494,115,102,59
53,410,44,46,47
494,119,41,41,46
221,291,40,41,44
1034,62,108,95,77
201,420,44,43,48
248,491,58,58,55
970,327,45,45,51
583,247,236,234,255
437,396,49,48,51
304,267,97,106,132
173,405,43,45,43
530,332,46,45,47
989,224,45,50,53
634,153,45,46,47
107,483,50,50,52
621,133,43,45,46
492,469,147,151,156
415,262,226,226,248
875,72,48,49,52
558,373,43,45,47
347,333,38,44,47
373,17,40,31,31
214,421,45,44,48
250,136,31,27,31
884,378,46,46,49
637,441,48,45,48
430,369,43,44,45
816,385,44,45,50
378,411,45,43,48
715,146,44,46,49
65,330,32,33,35
1189,347,238,236,253
248,314,41,43,46
1102,69,237,234,253
544,420,40,43,46
666,237,178,181,213
1184,175,239,235,253
846,391,45,47,48
414,249,209,207,219
1024,264,46,49,52
663,217,60,56,61
206,154,33,29,31
613,370,41,43,43
22,214,30,29,31
731,172,47,46,52
532,143,45,43,46
192,272,209,207,229
162,408,45,44,47
544,372,45,41,44
361,68,36,26,30
473,443,176,178,198
589,206,236,234,255
700,178,50,48,53
707,479,129,116,97
912,151,48,46,50
216,80,113,116,128
860,109,49,47,52
540,178,210,209,229
807,123,50,47,50
638,45,45,45,47
214,168,36,32,35
184,61,179,166,185
724,429,46,44,51
555,56,46,44,44
336,5,83,82,93
649,386,152,159,196
461,160,44,43,44
60,281,38,31,34
802,455,46,47,50
416,333,47,42,49
449,194,226,223,246
1,217,32,28,30
300,47,39,39,43
309,471,126,120,96
1015,179,49,46,55
816,211,208,208,228
576,299,47,43,50
1140,497,227,225,242
134,200,203,203,226
844,20,90,88,83
67,252,39,31,37
647,362,44,45,50
174,455,46,49,50
731,34,47,49,53
563,277,48,46,51
36,243,35,31,37
389,117,38,38,37
256,287,43,42,46
880,387,48,47,49
28,208,27,22,32
148,33,147,129,152
713,178,48,47,54
400,328,42,44,48
638,132,44,44,49
624,176,51,53,58
223,259,202,200,221
952,435,45,46,51
316,327,46,41,45
237,120,30,27,30
433,52,38,34,40
446,69,38,38,43
976,212,47,44,52
512,374,43,45,46
679,206,240,237,255
1051,269,51,49,54
482,108,44,42,46
643,18,52,51,53
304,203,188,185,208
737,11,50,50,52
1074,439,53,55,56
115,203,218,221,246
649,446,57,47,48
145,334,36,38,41
317,392,44,44,46
506,15,77,59,46
983,292,46,47,51
1193,58,238,237,254
350,421,41,44,45
1012,277,45,47,52
247,153,33,29,28
176,290,41,38,41
188,116,165,169,185
640,339,42,45,47
510,283,45,45,48
946,82,48,48,51
178,220,188,185,206
987,149,45,47,52
627,468,164,162,167
1159,88,236,233,252
643,436,41,45,46
581,263,237,236,255
266,359,45,42,44
1177,190,239,235,253
1001,58,103,87,71
473,38,75,59,48
503,322,47,43,47
383,243,207,210,230
823,57,51,49,51
387,192,203,201,224
1061,400,49,51,54
1103,185,243,240,255
91,340,39,35,36
563,10,97,81,60
401,276,48,48,51
473,351,44,45,48
122,13,161,166,179
855,151,46,49,48
675,282,45,44,46
697,311,44,45,50
628,92,46,47,49
964,186,47,47,53
97,203,196,200,228
672,105,48,47,51
1065,373,48,51,53
254,345,46,44,46
416,473,143,138,145
1180,180,238,237,251
754,165,45,47,48
156,491,47,46,49
1154,281,235,232,249
1032,285,50,49,54
114,94,160,34,54
995,447,50,47,65
272,363,44,42,45
550,38,44,45,47
1161,145,236,234,251
837,146,49,48,53
495,84,43,43,42
882,192,51,48,52
240,55,161,158,181
1085,167,55,57,60
692,294,43,44,45
867,12,94,93,90
501,24,81,59,48
566,368,42,43,45
17,14,219,222,248
1025,79,93,80,69
900,174,43,47,50
527,208,216,220,235
443,327,46,43,44
229,218,190,187,210
337,176,190,189,208
107,493,49,48,50
628,42,45,45,49
92,4,33,27,26
961,45,94,70,58
1153,387,234,232,248
501,269,54,53,55
393,341,44,44,45
832,499,155,153,146
1073,456,242,247,255
875,41,101,95,95
331,386,45,43,48
1067,188,48,48,56
155,465,76,63,51
118,30,34,30,32
397,189,207,207,228
583,155,41,45,48
1081,312,170,165,176
63,385,44,44,47
152,134,136,139,157
925,238,47,51,53
955,9,115,79,63
954,67,52,52,61
236,147,34,30,32
635,341,46,44,45
225,467,67,66,55
582,108,44,43,46
33,257,32,26,29
1046,154,51,50,54
997,87,49,50,53
943,15,129,93,71
75,149,160,25,33
5,141,164,32,38
1101,243,236,235,253
456,411,55,58,60
668,122,46,44,50
586,382,44,43,45
863,211,51,50,55
269,479,53,50,51
158,72,149,137,157
751,59,47,46,51
167,403,43,43,44
706,423,41,42,51
796,405,50,47,50
1000,285,47,46,51
310,119,35,27,31
253,100,34,31,34
1179,218,239,236,251
458,9,92,75,56
9,33,227,225,248
743,346,45,45,46
1192,492,236,234,250
1140,348,233,233,247
351,300,43,44,48
70,333,32,34,36
741,403,47,48,50
1151,63,236,232,248
415,23,36,26,31
1017,403,48,47,51
3,39,226,223,247
247,442,47,51,48
245,181,192,187,208
1045,220,58,50,54
46,144,159,23,35
40,394,47,44,48
416,358,43,43,48
1049,284,173,171,175
896,440,123,127,125
1135,91,229,226,245
1051,66,105,91,76
243,322,41,43,47
1119,105,230,229,246
77,483,96,82,80
456,359,24,24,17
259,431,74,73,54
1008,189,45,47,52
386,58,29,28,31
68,255,32,31,36
1058,469,47,48,54
275,239,189,189,209
3,138,166,27,36
538,209,58,57,62
185,38,160,34,48
1068,343,51,51,57
574,83,45,44,48
355,160,43,39,40
150,336,38,39,41
67,400,41,43,47
665,377,42,43,45
1101,156,245,242,255
836,217,241,236,255
814,362,46,47,48
33,153,167,27,36
887,341,46,46,52
1097,259,236,235,255
27,303,37,36,33
872,398,47,47,47
697,251,44,46,52
728,79,46,44,51
183,34,164,59,77
371,404,44,42,48
159,402,47,45,49
7,429,52,52,52
467,287,42,41,48
600,459,146,142,153
830,215,236,235,254
1030,348,47,49,52
1077,55,126,111,74
583,389,43,41,43
823,124,44,46,49
604,6,52,51,51
300,176,191,186,206
820,240,228,231,228
50,401,46,45,45
54,496,50,46,52
432,177,48,46,52
187,271,203,206,229
894,138,47,47,51
1042,414,49,49,52
795,377,47,45,51
803,270,236,235,254
867,179,49,47,55
643,113,48,46,50
509,180,210,211,230
1088,339,150,150,90
103,60,138,119,139
1082,417,56,58,63
738,365,45,43,49
911,468,50,46,50
1010,112,47,48,52
923,96,52,48,53
263,137,29,27,29
903,341,46,45,50
19,359,43,43,46
645,285,45,44,47
172,150,38,39,44
783,9,49,49,53
119,453,46,48,48
159,322,40,38,42
244,50,126,126,146
349,397,46,43,45
178,61,159,148,169
268,458,84,81,57
446,254,229,228,246
759,203,238,244,255
1093,179,249,249,244
4,248,35,32,31
239,337,43,42,48
866,60,99,81,61
1065,173,50,51,53
160,163,44,41,44
542,23,49,46,48
1148,426,233,228,245
16,28,225,224,246
264,155,34,27,33
164,483,47,46,49
180,91,35,29,29
950,149,48,45,51
570,81,46,43,47
243,266,201,201,222
669,394,49,45,43
415,287,47,47,45
1115,94,232,230,246
1040,414,45,47,51
687,164,49,47,50
805,337,46,47,47
53,467,47,48,50
803,55,47,47,46
411,341,40,42,44
524,178,209,211,227
241,333,43,43,44
673,341,45,43,47
692,288,48,46,48
356,134,33,34,36
693,121,46,46,48
173,28,175,156,184
368,20,43,31,28
1119,284,233,226,243
992,261,46,47,51
918,469,49,49,53
562,352,43,41,46
1199,371,237,237,253
307,366,43,41,44
44,197,84,86,94
1129,296,228,226,242
1090,309,243,245,231
878,436,48,47,52
551,8,91,78,59
15,267,34,31,34
180,112,110,116,132
499,121,63,62,66
501,327,42,43,44
366,26,36,27,26
1173,487,233,233,251
229,393,45,42,48
390,383,40,44,47
165,183,197,194,215
1177,364,237,237,251
822,374,43,46,49
171,164,36,39,43
682,273,46,46,49
47,75,55,43,47
807,297,45,47,49
214,403,42,44,47
707,409,47,44,47
1059,482,50,49,53
882,450,50,48,52
276,204,61,46,66
684,414,48,42,47
469,183,46,47,49
349,198,196,196,219
1033,198,46,50,54
414,347,41,42,45
532,130,42,43,45
1149,447,228,229,245
532,412,43,44,46
468,10,121,96,74
668,354,43,44,49
1026,352,44,47,52
1070,302,51,54,60
336,246,203,204,225
821,261,60,55,69
548,7,90,79,56
220,228,191,187,206
708,474,142,126,109
562,120,44,41,46
703,166,46,47,45
996,239,48,47,50
620,264,47,45,51
568,218,231,230,255
834,287,45,46,47
998,171,47,47,53
770,291,46,45,50
36,175,175,34,42
149,477,52,47,50
540,33,43,44,44
935,314,48,44,51
414,62,37,32,38
748,103,48,46,52
1189,85,240,237,252
4,199,28,27,31
652,241,47,47,52
355,68,33,28,31
806,477,171,166,177
100,448,50,49,53
538,438,166,165,185
424,257,224,224,247
22,72,109,101,109
936,313,44,46,49
374,66,33,29,29
127,232,171,175,178
347,204,196,197,215
1143,385,233,230,248
1088,156,255,254,255
718,21,127,83,60
144,334,36,37,39
681,238,236,240,255
20,277,34,29,32
911,434,50,47,60
164,321,35,38,39
418,357,43,45,47
1115,377,235,233,246
662,408,41,46,44
266,394,43,45,47
400,372,40,43,43
446,498,165,167,190
745,447,47,46,50
190,499,45,47,49
1141,35,234,229,247
158,201,192,188,207
253,307,44,42,48
422,453,168,160,152
497,388,40,42,45
980,257,48,46,50
509,73,16,14,17
455,117,44,42,45
76,74,33,30,35
95,481,44,47,51
493,222,211,210,228
1079,326,240,239,255
445,137,43,41,44
600,329,42,42,46
468,371,53,47,53
463,267,233,232,255
12,191,97,89,94
1131,345,233,229,244
970,204,45,48,51
40,395,46,43,50
461,177,45,45,49
989,191,51,47,52
64,181,39,28,31
1182,31,238,236,251
422,350,46,43,47
570,234,231,235,255
1171,413,233,233,251
427,432,46,46,50
373,422,46,45,45
201,459,44,48,49
840,326,43,47,49
256,281,47,44,46
493,156,36,36,42
104,499,44,45,49
498,453,156,157,168
807,435,48,47,51
46,327,37,37,37
1091,444,235,233,254
168,339,41,40,40
520,444,150,145,159
366,146,38,36,39
824,56,51,50,54
330,411,44,42,46
162,71,142,130,148
1001,182,45,48,50
343,427,44,44,44
159,444,50,47,51
601,110,42,45,47
878,244,95,87,159
646,46,45,46,50
1178,215,238,236,251
398,286,43,45,46
983,129,48,48,52
72,257,41,30,34
1079,467,247,244,255
287,165,185,180,201
439,40,43,37,39
828,213,221,224,242
405,375,43,43,48
996,277,48,47,53
35,327,36,38,38
566,330,43,44,46
424,465,159,150,152
592,167,43,46,51
853,165,49,46,51
348,114,33,29,30
248,126,31,26,30
649,103,43,45,49
153,57,129,114,134
1186,378,240,238,250
522,460,145,142,157
883,149,46,47,54
437,325,41,44,47
1196,322,238,236,253
1015,209,46,47,54
764,398,45,45,49
691,266,44,48,47
849,183,45,46,49
820,295,42,48,49
1159,96,235,232,251
129,331,38,35,40
1110,119,234,232,249
413,18,35,27,28
505,88,62,59,63
905,228,241,237,255
1030,153,48,48,51
936,18,124,82,62
307,171,191,188,209
14,156,168,24,36
1112,214,235,234,249
640,484,149,150,159
1124,296,228,226,242
350,152,37,35,38
1125,228,233,230,245
380,191,203,201,223
205,152,33,29,33
301,248,200,199,221
1034,172,48,48,55
1195,173,241,238,255
1127,25,230,228,243
437,38,41,37,33
592,314,45,46,47
1046,169,49,47,55
1001,384,48,48,55
1091,253,244,243,253
519,124,43,44,47
784,100,46,47,50
836,484,173,165,139
275,26,208,211,233
871,312,47,45,50
512,64,41,40,40
772,8,49,48,51
41,317,36,35,37
1052,5,98,85,77
1194,160,243,237,254
958,349,42,45,48
489,179,30,29,36
572,328,40,43,46
818,289,46,51,50
98,420,56,55,52
1029,208,49,48,54
291,186,188,185,204
799,407,125,131,143
259,201,46,45,47
1058,194,50,47,53
276,3,210,197,217
863,191,44,48,51
421,433,43,44,48
1041,36,105,86,66
1170,396,237,233,250
740,91,43,46,49
962,141,50,47,52
182,287,39,39,40
1033,365,45,48,51
986,261,48,47,51
365,293,42,44,48
431,289,45,45,50
506,408,39,42,45
833,415,54,47,52
553,165,48,45,50
543,298,46,43,49
926,59,96,93,83
1037,175,47,49,54
105,175,147,152,169
899,170,50,46,50
517,300,43,42,46
963,368,45,49,52
859,47,101,89,73
1025,488,44,48,51
141,443,47,47,50
518,207,218,216,233
101,50,29,29,29
424,126,41,43,43
427,452,150,110,105
74,7,230,230,252
346,322,42,44,45
402,254,221,223,247
757,299,46,45,48
868,269,55,55,56
331,410,42,43,44
969,128,43,47,51
298,127,32,27,29
1030,472,49,47,51
1104,271,235,233,251
721,312,48,44,49
451,448,155,152,159
1019,380,42,47,50
406,272,211,213,239
682,111,43,46,50
1029,52,85,74,61
611,38,45,44,48
360,120,32,32,34
563,212,229,229,249
554,162,47,44,49
622,388,43,45,47
783,420,46,46,50
1057,367,52,49,53
654,310,42,46,50
1135,223,231,230,245
818,444,50,46,50
101,110,161,54,66
219,169,44,36,46
25,59,149,142,160
885,10,91,84,77
877,89,48,48,51
453,94,42,41,42
231,168,189,186,204
936,286,46,47,48
1137,451,230,226,242
933,396,46,47,52
833,22,84,82,75
913,296,47,45,50
597,88,46,44,49
101,374,37,39,43
758,405,160,151,176
569,335,42,44,47
236,396,44,42,48
321,9,65,59,60
835,203,49,48,52
277,359,43,43,44
885,83,48,49,51
1195,350,240,235,253
385,333,41,44,48
842,257,240,239,255
738,45,47,47,52
824,488,160,154,163
900,48,109,104,102
1173,88,240,235,254
586,57,44,46,49
416,377,44,45,46
515,263,225,223,247
1050,47,115,107,102
185,386,43,42,45
214,54,193,184,203
530,111,46,42,48
987,56,97,75,60
897,273,61,54,67
927,329,46,45,48
163,29,170,153,176
34,53,113,99,114
889,74,45,48,50
1157,499,232,231,246
143,390,38,42,45
718,83,46,46,50
231,383,42,45,44
852,63,49,47,52
1043,206,46,50,53
118,454,47,47,48
592,291,50,48,50
676,47,45,45,49
956,297,44,46,50
337,208,190,194,214
980,413,49,49,51
279,94,36,29,32
1159,215,237,235,252
973,218,47,46,49
141,292,38,33,37
1190,20,239,236,253
531,377,41,42,44
481,419,43,43,46
426,24,38,31,30
624,84,43,45,46
1096,54,236,235,245
703,271,42,46,49
817,287,45,46,48
871,143,47,47,49
40,172,172,32,38
527,218,223,223,247
56,65,99,93,94
407,370,45,43,45
188,197,152,146,171
204,22,189,171,194
582,71,46,44,47
564,292,45,44,49
61,170,169,32,37
493,342,42,42,46
609,4,48,52,50
403,276,52,47,54
265,392,42,43,46
272,465,106,101,70
67,367,38,41,45
1033,242,52,48,53
46,41,143,133,152
255,196,190,183,204
1176,37,241,236,250
1183,451,237,233,252
1030,315,49,50,54
47,433,50,48,49
851,407,45,45,52
1071,452,55,54,58
430,106,39,40,43
547,239,227,229,253
640,355,45,42,48
1159,377,236,234,250
289,282,39,42,45
382,45,29,23,27
261,373,39,43,48
849,1,94,94,90
776,396,46,44,47
524,489,107,102,74
6,221,29,29,30
829,465,45,47,49
240,20,190,178,204
770,167,49,47,51
853,239,58,60,64
89,457,50,45,49
238,199,129,127,152
1035,226,49,48,52
420,111,38,41,42
1009,56,99,79,65
76,112,154,26,35
135,57,152,135,155
455,153,43,44,46
382,169,43,44,44
188,482,46,47,50
1158,148,237,233,251
808,431,43,48,51
229,437,50,49,48
419,242,225,223,244
1135,96,230,228,242
126,346,35,36,41
411,171,44,43,47
282,6,203,196,215
842,182,46,47,50
777,430,45,46,50
394,245,215,216,239
183,32,191,171,186
232,317,44,42,43
595,431,46,44,45
837,204,48,45,52
290,193,187,185,207
1105,264,233,232,253
736,78,40,43,49
414,167,40,45,45
802,312,43,46,48
790,245,244,238,255
342,17,35,36,32
681,193,239,237,255
218,8,183,164,192
573,388,45,42,45
765,168,47,45,52
877,323,44,46,51
368,404,40,43,47
24,109,143,23,31
440,7,32,30,31
993,154,45,48,53
1137,337,228,226,243
954,312,45,49,48
1059,328,50,49,53
541,308,42,43,46
1010,107,47,48,51
1,389,48,46,50
50,27,62,64,66
814,470,57,50,50
888,67,56,56,56
1090,70,113,111,121
271,470,107,99,72
271,343,41,41,43
329,427,47,43,46
788,485,157,149,164
32,361,43,43,46
765,151,46,46,47
443,8,34,30,33
887,3,91,81,73
476,416,43,44,50
946,1,121,87,69
1021,116,47,49,52
1045,13,76,68,60
12,287,35,32,35
934,401,44,45,49
55,184,155,36,42
624,298,46,44,48
62,281,35,31,33
1074,214,98,86,64
675,238,207,205,236
709,395,58,55,46
456,228,227,231,253
479,299,53,53,57
165,278,211,211,229
142,441,46,51,52
292,184,185,183,201
545,377,42,41,42
233,244,117,110,115
310,486,100,101,109
33,122,151,23,32
550,107,44,43,45
507,345,42,44,47
473,78,42,43,44
842,262,238,242,255
132,61,158,139,163
33,492,65,60,54
833,466,48,50,52
57,141,156,29,36
894,39,104,104,103
976,245,50,46,51
1118,445,229,230,245
1088,185,254,255,255
88,307,39,32,37
219,332,43,43,45
276,219,187,186,207
978,238,45,46,49
408,421,42,44,49
698,52,46,46,48
569,0,120,103,93
312,146,37,29,33
900,252,240,238,255
22,406,46,48,48
1049,0,125,108,140
622,36,46,47,47
885,394,45,46,50
119,485,47,48,48
336,370,45,43,46
846,469,48,45,51
270,214,189,184,202
1158,146,238,232,249
292,472,107,94,62
238,326,43,42,46
482,124,45,43,45
940,177,47,45,49
341,437,89,85,56
384,73,33,27,31
846,389,46,45,49
504,355,43,42,44
209,266,203,200,222
871,109,49,46,48
852,484,176,161,113
281,215,191,191,207
840,88,42,47,50
190,484,45,47,49
234,235,103,101,116
327,16,50,51,59
294,204,176,174,192
88,356,39,41,40
310,25,51,47,54
90,423,63,64,56
237,57,132,131,157
850,355,46,45,50
389,483,82,71,67
202,406,49,43,46
199,278,205,208,228
1177,52,238,238,252
368,235,60,56,61
671,100,50,46,49
552,336,39,40,46
924,440,73,67,72
528,444,131,127,133
926,430,55,56,77
778,206,243,242,255
462,209,63,55,67
1198,176,236,238,252
398,45,31,26,29
842,105,51,47,52
154,328,38,39,43
463,225,231,228,251
366,283,43,44,46
876,360,50,49,52
580,124,47,43,45
787,279,232,235,255
340,86,33,27,31
881,340,44,45,48
501,260,223,223,243
143,51,134,117,138
891,23,72,65,62
672,158,49,44,47
292,284,45,44,47
575,51,44,45,46
1009,147,49,50,53
1060,355,51,47,54
97,268,40,34,36
919,134,46,48,53
382,78,32,29,32
368,223,208,206,229
742,159,46,46,50
1030,125,47,48,50
412,249,64,59,62
1124,146,227,226,245
496,473,126,124,104
958,86,47,49,50
213,100,47,49,56
646,79,42,43,48
870,224,242,240,255
967,333,45,46,49
399,277,45,46,50
345,461,71,68,54
25,21,227,224,247
692,362,48,43,48
876,157,48,46,49
1045,381,49,49,53
70,297,33,30,32
393,20,45,38,31
546,429,43,42,45
368,39,35,25,28
115,351,36,35,39
1196,279,240,236,253
261,466,108,97,70
1159,73,238,233,250
208,388,42,43,46
401,214,83,78,80
1002,179,49,49,51
319,240,202,201,220
695,16,45,48,52
74,157,162,29,35
895,464,51,50,51
126,105,163,29,35
370,16,44,30,33
254,439,52,56,50
949,415,47,48,53
595,165,48,45,47
1098,455,235,235,252
242,46,97,108,117
554,473,138,139,140
174,168,42,38,45
488,74,41,43,44
923,488,81,74,55
194,108,113,118,134
297,490,50,46,48
1050,269,53,48,53
808,21,49,52,54
859,144,50,46,50
430,77,36,36,39
448,242,226,228,244
220,387,40,44,45
45,40,95,83,100
873,472,45,48,52
265,296,45,43,45
603,345,47,44,47
531,203,229,225,247
445,338,45,45,52
1126,357,230,229,243
53,78,37,31,36
213,284,88,89,114
219,130,35,31,33
488,392,39,43,46
185,393,44,42,47
926,402,46,45,52
83,441,46,46,50
51,121,151,22,34
60,116,150,23,33
312,415,40,43,46
833,329,47,49,51
233,295,45,45,47
348,395,42,41,47
745,270,53,50,54
550,420,41,40,43
1059,364,52,49,52
52,39,161,149,168
46,59,112,103,111
784,304,48,47,51
534,478,159,161,171
1070,106,52,50,55
987,1,125,92,68
137,427,47,48,52
1170,159,237,238,253
453,188,205,205,221
852,247,61,61,72
787,266,240,237,255
614,42,45,46,47
644,368,39,43,48
244,124,33,27,31
1009,124,48,48,53
536,24,75,60,50
729,424,46,45,50
1061,256,51,51,54
1191,264,242,237,254
249,327,44,44,48
536,266,225,228,250
711,324,44,47,47
1061,102,50,50,53
1151,133,235,232,249
971,456,54,50,64
238,35,35,31,30
57,253,36,32,33
1138,322,226,227,241
737,105,45,45,49
495,96,44,42,45
68,357,45,41,45
935,103,50,49,52
872,322,46,45,50
581,488,172,166,179
58,137,156,23,35
591,28,50,48,52
749,413,46,48,50
1155,397,233,232,249
971,185,49,47,53
192,103,110,111,124
444,462,142,113,111
513,448,156,159,175
70,113,154,24,34
1146,399,233,229,245
712,423,41,43,47
99,111,180,139,156
1154,441,233,230,248
157,126,137,141,162
353,142,36,35,39
374,364,43,43,46
921,427,51,46,49
657,384,41,44,47
1190,369,238,236,252
1058,435,47,50,54
502,230,65,60,76
1159,344,238,235,251
553,453,136,130,138
520,488,101,98,73
1117,351,230,230,247
1018,459,44,48,52
833,322,45,46,51
265,68,44,47,54
1036,389,50,47,55
817,187,47,47,51
187,416,43,46,47
781,113,47,47,49
326,371,41,42,44
414,54,32,32,33
729,80,43,46,47
727,71,45,47,50
68,360,42,41,43
1170,371,236,235,250
72,128,153,27,37
747,85,46,47,51
1178,396,240,237,251
816,315,48,48,51
308,168,185,184,202
338,451,63,61,51
572,286,43,44,49
1138,91,233,231,246
462,216,213,213,224
109,454,54,50,50
11,330,40,42,43
370,122,32,33,36
757,248,240,239,255
535,261,228,227,249
155,306,38,34,38
396,204,120,119,121
1193,465,234,234,251
365,206,56,56,60
246,296,44,44,44
806,494,162,158,169
666,4,53,50,53
434,260,232,231,253
134,392,41,42,46
9,109,143,19,30
851,41,93,85,75
227,108,38,35,38
892,309,47,45,51
551,443,143,137,149
1174,226,237,233,251
1096,325,244,240,255
457,52,41,40,41
606,96,45,46,46
618,441,47,47,50
481,369,46,41,48
706,265,50,45,52
1063,210,51,50,55
56,226,35,34,37
960,471,47,47,50
446,24,56,43,37
559,20,47,48,49
1000,139,50,48,53
859,297,49,48,51
660,455,64,56,54
1020,272,47,49,50
189,482,47,48,50
126,447,50,49,53
128,81,148,133,153
916,186,44,48,51
119,248,216,211,236
659,472,87,67,52
952,454,61,44,64
126,110,161,32,38
937,340,45,48,49
341,292,47,44,50
739,469,138,134,145
366,32,33,24,31
774,73,45,46,51
578,263,233,234,255
479,172,60,56,65
554,353,43,41,46
821,301,48,49,52
421,386,41,42,45
871,475,48,50,52
298,179,183,185,204
1063,389,51,52,53
1159,352,237,232,249
395,128,35,38,42
229,461,86,83,53
571,244,235,233,255
1086,6,250,249,255
875,300,47,46,54
133,274,213,211,237
1105,265,231,232,252
902,483,53,52,51
330,351,45,46,46
473,366,46,44,50
489,258,215,212,234
227,454,63,61,52
617,50,46,45,49
1084,131,83,85,94
495,32,80,61,48
769,343,43,46,49
854,53,97,79,61
357,379,44,41,47
706,143,45,46,50
1161,350,238,234,250
96,275,42,34,38
737,295,46,46,51
96,74,149,130,154
961,60,53,51,55
79,452,50,46,53
831,8,91,90,86
256,127,32,27,27
877,386,43,48,51
8,26,228,225,250
147,316,35,35,36
28,451,46,48,50
1037,400,50,47,51
791,357,44,45,49
291,361,44,43,49
853,374,42,45,49
697,120,46,45,49
466,199,228,226,250
607,368,43,43,46
978,462,48,46,50
575,132,45,45,47
574,214,226,220,240
162,315,35,36,39
768,362,45,46,49
527,325,40,43,45
537,232,113,106,121
574,74,43,43,47
781,149,45,47,48
354,441,89,82,56
687,250,46,47,49
300,298,45,46,46
1072,413,53,51,55
432,214,217,219,244
907,5,128,77,62
345,363,44,42,49
838,383,48,44,48
497,176,46,42,46
557,107,42,43,47
464,120,43,44,46
461,292,52,51,53
1005,317,49,48,52
990,134,46,47,50
917,86,48,48,53
600,435,46,44,45
71,442,45,48,49
965,385,46,45,47
313,255,202,201,224
260,137,34,26,31
5,316,41,39,43
563,179,221,221,237
194,103,116,120,136
1160,145,237,233,249
131,92,159,141,163
348,443,83,79,52
808,36,50,51,54
595,491,178,183,195
16,89,127,112,116
635,92,43,45,46
1119,96,230,229,243
541,399,41,42,45
694,382,45,47,50
71,44,114,106,114
0,91,130,33,46
422,450,160,151,140
122,132,35,24,29
884,233,240,237,255
880,486,176,160,115
943,40,102,77,63
497,310,43,45,47
455,297,44,48,49
346,225,203,202,223
1190,424,240,236,253
981,195,47,49,51
80,491,50,47,51
550,105,42,44,46
101,198,186,195,214
705,99,46,46,50
338,376,44,42,48
140,295,31,36,38
758,55,48,46,51
1122,27,231,229,245
1135,439,228,225,237
801,152,49,45,51
709,138,45,45,50
1187,311,238,237,251
1077,227,56,54,58
615,313,43,44,46
1011,15,112,85,64
134,41,139,120,137
679,486,110,85,60
6,183,65,80,63
120,205,212,212,235
402,265,229,226,249
508,431,75,70,59
591,363,44,44,45
205,88,124,130,144
94,430,49,48,50
707,136,46,45,49
374,174,195,195,215
508,151,48,47,50
967,112,50,48,53
1146,421,235,233,249
378,75,30,29,29
977,246,45,47,49
73,181,185,185,206
696,141,43,46,47
868,412,43,48,49
955,314,47,47,50
310,364,41,41,45
133,341,38,36,38
445,256,232,230,250
729,114,43,46,47
423,409,42,45,45
261,495,89,76,53
1174,191,237,237,251
694,443,46,42,50
977,202,50,48,51
992,382,48,47,50
550,300,42,44,45
34,410,42,44,46
1137,167,226,228,245
801,251,238,238,255
1170,140,237,235,251
217,18,174,159,183
220,381,42,44,44
903,391,48,46,51
8,303,37,38,37
423,432,44,45,47
221,102,42,39,44
730,413,44,43,50
600,364,43,41,44
59,234,34,34,35
595,55,43,44,46
530,483,113,108,99
1192,275,240,237,254
903,368,44,44,51
743,16,55,49,53
771,461,48,49,51
53,53,115,104,115
770,202,58,51,59
401,426,43,44,47
692,448,42,43,50
913,424,48,45,51
295,349,40,44,46
1177,425,233,233,252
415,32,35,35,31
99,254,214,215,238
430,484,20,21,17
182,433,49,47,50
278,363,42,44,45
362,377,42,42,45
850,89,45,48,50
1056,6,97,77,63
867,291,47,48,51
595,44,42,46,48
362,342,44,43,44
753,257,235,237,255
1118,175,234,231,247
15,212,31,29,31
951,392,45,46,51
181,17,155,30,47
1192,411,238,235,253
1008,423,45,47,51
95,389,45,41,44
226,133,30,27,32
174,145,38,34,40
915,101,43,49,51
76,19,91,86,96
772,368,45,45,47
213,414,44,42,49
562,129,44,46,50
1136,404,229,228,244
1135,262,233,230,243
275,75,39,34,38
988,166,47,48,49
744,470,98,98,73
957,380,46,45,49
324,211,194,197,214
1005,126,48,47,51
487,420,43,43,44
993,182,47,46,52
517,23,67,60,61
564,164,48,43,47
1056,13,80,68,61
948,97,48,48,50
870,166,43,46,49
149,12,192,193,211
77,118,155,26,31
365,109,31,35,30
692,76,48,45,48
558,264,233,230,255
184,345,45,40,43
251,315,42,45,47
708,264,45,46,46
365,425,38,43,45
1169,353,237,235,252
115,402,41,44,47
1096,416,241,244,255
77,150,161,31,38
750,11,49,48,52
1146,101,233,229,245
118,345,33,38,40
131,5,156,151,172
785,15,48,49,52
1133,466,228,227,240
71,379,43,44,45
1095,92,244,241,247
714,226,89,92,138
420,68,37,37,40
878,161,46,46,52
521,184,222,221,243
684,163,48,46,49
315,298,44,43,46
750,231,68,62,95
204,393,45,45,48
700,397,65,45,75
396,274,53,51,55
106,260,215,211,238
871,363,43,46,51
936,72,84,80,74
657,39,45,47,49
445,343,44,46,49
259,159,36,30,32
1074,156,62,58,57
563,404,42,42,43
670,99,47,46,49
258,14,36,28,31
1099,439,236,234,253
541,71,44,44,46
840,222,239,237,255
724,310,47,46,51
488,221,192,193,209
27,406,50,44,49
674,82,45,44,51
1082,360,241,241,255
354,371,40,42,44
256,446,57,56,52
60,94,151,26,36
754,448,43,45,49
485,39,80,61,51
1050,66,107,93,77
559,481,124,114,105
846,41,94,83,72
234,258,201,197,220
909,373,48,45,48
101,457,51,48,51
332,217,200,198,218
601,262,47,45,52
797,111,48,47,48
1025,129,49,48,51
744,495,151,144,108
411,417,42,43,44
229,69,145,146,163
200,382,42,43,46
163,409,44,45,46
24,254,36,31,35
449,73,41,41,46
564,458,142,139,147
891,460,44,48,49
983,432,47,48,51
602,135,41,45,48
1122,195,229,229,245
41,405,45,44,49
745,298,47,45,48
677,448,45,45,45
402,35,36,31,33
262,81,40,37,41
311,372,42,41,46
393,379,40,44,44
1008,162,49,46,55
923,321,48,47,50
261,369,44,42,46
1004,78,68,63,58
821,369,45,46,50
8,492,53,53,50
721,234,238,239,255
383,416,46,43,47
141,339,36,39,38
280,389,45,43,45
1006,427,46,48,51
780,174,46,47,50
1155,447,234,232,247
106,321,35,33,37
1180,83,240,236,253
885,313,47,45,50
864,114,48,47,52
1164,270,237,234,251
960,377,47,47,49
1088,428,246,245,255
1048,260,50,49,53
460,105,40,45,42
821,134,48,45,50
1176,248,240,235,250
743,351,43,43,46
574,339,43,45,45
455,142,42,43,47
1137,181,231,231,246
1108,17,241,235,255
1120,77,230,227,243
695,348,46,45,47
942,209,47,47,49
657,155,43,46,47
1158,222,235,234,249
633,348,42,43,46
1046,80,66,61,61
317,333,41,41,45
134,478,47,46,49
959,61,54,51,57
632,48,45,46,48
469,282,27,25,28
298,247,197,199,217
647,42,43,48,47
834,184,43,48,50
2,113,143,21,27
1098,283,239,237,254
1111,395,236,234,254
376,38,37,25,28
1029,287,48,48,53
87,5,33,31,31
400,235,149,152,183
911,396,48,44,50
364,419,42,43,46
189,402,44,45,50
1000,70,65,59,58
277,25,212,214,233
445,134,38,41,44
854,282,47,45,50
822,92,46,48,48
504,326,41,44,48
516,344,41,41,45
716,106,46,45,48
490,248,208,208,228
823,22,75,69,63
222,287,45,44,46
486,82,40,41,42
307,435,56,53,48
114,215,208,206,229
167,67,138,124,143
1046,363,48,50,52
940,157,47,48,52
767,459,49,48,50
726,3,47,50,51
713,185,236,237,255
207,492,46,44,49
857,498,121,115,71
650,444,44,45,49
70,147,161,30,40
1030,157,49,51,55
317,248,200,198,220
30,178,168,45,51
923,81,46,48,50
586,305,43,43,45
60,108,151,22,31
445,129,36,42,44
355,98,33,29,30
935,430,83,92,70
1195,399,237,236,251
1168,423,236,232,251
98,490,49,45,48
638,311,39,43,46
966,385,45,46,48
773,35,48,51,54
551,432,47,43,51
460,101,42,43,43
429,381,43,43,50
224,408,43,44,48
1099,142,241,239,255
464,227,230,228,253
1090,410,244,244,254
404,31,37,31,31
37,160,168,30,40
1026,200,46,47,53
817,47,54,50,53
1040,129,49,49,54
96,165,38,25,29
607,46,44,45,48
562,384,42,41,44
667,485,103,79,59
212,132,37,32,36
338,429,68,64,51
870,275,50,45,53
198,144,38,33,41
943,380,41,45,50
615,273,46,44,47
885,451,45,46,53
570,230,235,235,255
2,230,33,28,28
268,247,193,193,212
977,375,46,49,47
108,315,37,33,32
650,245,40,47,49
260,436,58,54,52
882,111,47,48,52
707,38,57,54,54
886,273,51,53,59
117,102,161,29,38
655,227,240,236,255
1083,123,248,249,255
359,378,45,45,48
589,463,115,107,93
331,277,43,45,44
402,78,31,31,33
327,115,32,28,30
22,409,40,46,48
452,296,43,45,51
780,430,48,46,50
216,440,49,49,50
517,148,43,44,48
535,227,224,225,248
430,494,28,30,28
1122,35,232,229,246
1141,488,230,227,243
661,115,41,45,47
118,324,35,33,33
1069,344,52,52,57
401,264,228,228,248
1042,332,50,48,52
1050,440,50,49,52
778,221,243,241,255
821,4,85,84,79
922,39,127,118,116
712,309,45,44,50
608,411,41,44,45
249,205,47,45,48
1031,290,49,49,52
644,45,46,46,50
406,51,33,27,30
856,486,169,157,118
307,83,34,27,27
1004,63,61,58,56
1072,223,53,55,61
1052,369,46,48,52
124,335,33,36,38
526,185,222,223,244
466,347,51,51,54
547,282,44,44,48
475,116,43,43,46
858,409,48,46,49
21,9,161,146,181
1103,74,232,232,250
419,400,43,43,43
1193,322,238,236,251
1180,216,242,235,254
83,394,41,44,47
924,205,46,48,52
916,228,179,173,240
689,253,46,48,50
170,25,174,156,177
632,127,46,46,49
1168,356,235,231,247
731,157,46,47,50
651,365,45,44,46
561,165,45,46,49
312,247,197,198,214
437,188,216,216,240
642,180,239,235,255
1059,376,49,48,53
923,113,50,48,51
1033,333,50,51,53
972,431,47,47,49
750,251,237,236,255
733,232,70,53,65
600,166,46,44,48
613,177,50,49,53
188,196,189,185,206
669,103,45,47,47
952,431,51,45,45
547,396,42,41,46
297,380,46,44,47
580,459,136,129,122
400,12,36,24,25
650,102,42,45,48
786,148,46,47,49
592,321,41,44,47
987,77,65,56,58
501,130,25,23,26
395,227,218,214,239
937,374,47,46,47
515,350,43,42,46
601,43,47,46,51
553,147,38,45,45
899,228,242,239,255
297,173,188,186,205
87,404,43,43,48
898,77,51,47,53
1016,199,44,48,53
61,488,72,68,66
85,20,109,102,111
141,18,197,196,214
191,196,188,183,206
848,329,46,50,49
1008,343,44,47,48
1124,158,230,230,243
256,321,42,43,47
231,362,43,45,45
898,73,48,48,52
714,173,51,46,52
285,246,196,197,215
292,286,44,43,47
705,151,44,47,50
942,227,46,48,51
795,116,51,47,49
2,418,55,53,54
621,394,42,43,46
114,279,213,212,235
647,358,42,45,45
812,113,47,46,52
248,451,58,62,55
128,218,197,196,218
1088,137,68,65,64
1011,96,49,48,55
1026,71,98,84,71
161,274,210,209,231
1189,266,241,236,253
994,174,49,48,52
124,350,36,39,40
825,2,93,91,86
1103,118,238,236,255
543,387,45,43,47
664,160,47,47,49
629,45,46,45,49
120,496,49,46,49
79,396,43,44,48
641,285,46,42,47
734,478,157,150,162
914,367,46,46,48
548,307,43,44,48
1191,57,240,236,252
530,442,142,141,153
46,228,30,30,34
900,495,176,156,85
872,87,46,47,50
82,369,42,41,42
884,290,49,47,50
1021,360,44,49,52
775,411,106,100,130
776,429,45,47,48
1185,69,240,236,253
548,239,227,227,251
727,29,48,51,52
24,355,41,41,45
191,277,209,206,229
563,383,43,43,46
10,140,162,26,35
1006,183,51,48,49
1070,259,51,53,56
898,205,49,47,51
1034,78,90,80,65
1104,262,236,232,251
346,223,207,201,223
464,343,48,45,46
1048,6,84,71,61
541,339,42,42,44
692,386,45,45,46
664,206,222,224,243
494,467,163,160,167
782,106,45,47,48
81,317,35,34,39
291,270,42,45,47
176,336,41,41,41
1177,482,235,233,251
71,221,220,221,245
518,209,219,215,238
928,47,110,109,102
500,30,85,64,49
497,18,79,59,48
341,269,91,91,115
402,321,42,42,48
306,415,42,44,46
231,317,43,41,45
750,126,46,47,49
824,242,239,238,255
313,215,195,191,212
1120,414,230,230,245
366,370,43,43,48
1055,476,48,51,52
663,276,43,46,47
848,98,49,46,50
506,327,41,42,47
183,466,51,50,53
578,428,39,42,42
1042,48,116,106,95
259,222,191,186,208
1012,356,47,49,51
23,384,40,43,47
1083,239,58,55,60
109,187,173,170,192
62,153,164,31,39
402,93,35,36,39
86,126,161,58,86
598,190,233,231,255
610,369,43,43,45
199,206,186,183,203
892,340,45,46,48
881,287,48,46,53
1034,273,47,51,52
1016,106,46,48,51
41,208,108,105,109
1032,78,94,81,69
966,433,123,131,131
39,220,32,29,32
1175,458,234,234,249
112,456,48,48,51
502,105,64,60,66
148,437,49,47,52
969,97,48,48,52
307,206,121,117,141
988,122,48,48,50
974,346,46,45,51
1093,78,113,97,85
688,317,48,44,48
777,355,48,45,50
670,55,43,46,48
453,260,236,234,255
353,274,44,45,49
406,73,38,33,36
414,48,34,29,30
475,17,98,75,61
642,424,45,43,47
1083,36,245,242,254
933,153,48,49,51
257,481,59,55,49
865,242,208,215,249
948,225,50,46,50
557,25,51,45,49
257,119,30,26,27
359,238,52,52,59
299,139,35,29,35
602,176,47,48,53
401,32,37,31,29
919,368,44,47,48
118,381,42,41,43
219,489,64,57,48
160,424,81,79,86
706,405,46,46,49
425,271,229,229,251
716,214,238,238,255
249,24,204,195,217
838,167,48,44,48
46,131,151,22,30
274,99,32,27,28
467,208,230,228,253
781,354,47,47,49
400,206,60,62,72
103,224,206,201,226
384,140,40,40,42
988,250,44,43,49
301,233,195,192,211
472,360,44,45,47
324,499,118,121,133
357,56,34,24,26
532,278,48,45,49
589,358,38,43,45
538,380,43,43,43
461,262,234,234,255
582,131,46,46,48
50,210,88,89,95
120,129,44,28,32
152,404,45,43,46
369,318,40,45,47
394,175,44,44,46
439,456,29,25,27
390,52,37,28,28
1193,378,237,236,253
596,465,140,136,125
151,234,50,49,53
394,408,42,43,47
97,186,185,181,210
252,436,69,72,57
0,163,111,89,86
100,451,51,48,48
306,16,41,45,48
973,157,45,48,53
560,478,111,98,86
44,396,46,46,44
403,450,57,56,59
670,219,201,194,230
643,351,44,43,48
39,362,42,42,46
995,174,49,49,51
974,273,46,48,53
976,471,46,48,51
339,378,39,42,47
77,262,40,34,48
1152,440,230,229,246
909,263,239,239,255
1185,66,238,237,251
587,303,43,43,44
327,183,190,189,210
252,373,44,43,45
355,415,41,44,45
60,464,47,48,49
937,58,109,106,103
1043,238,48,49,52
400,294,45,44,48
935,82,46,50,51
424,80,35,36,38
458,197,228,225,250
356,351,42,43,46
962,259,48,47,49
640,41,44,45,48
835,231,242,242,255
114,251,217,213,235
79,187,47,34,43
262,468,109,97,72
979,65,97,85,72
291,434,75,70,52
359,176,195,193,213
1169,380,234,235,250
583,317,46,46,46
870,261,104,101,105
721,145,46,45,46
832,296,48,45,50
391,439,203,209,232
60,434,68,61,59
687,293,44,46,47
1110,179,240,233,255
517,87,45,43,46
881,426,54,46,84
472,85,42,42,45
883,281,49,49,52
60,341,39,37,41
86,330,37,33,36
689,276,48,46,53
516,19,69,56,49
516,410,39,43,46
993,17,125,94,68
1170,232,239,236,252
31,368,44,43,47
964,449,64,54,49
195,369,41,44,45
898,402,48,46,52
793,32,52,51,53
1158,284,235,234,250
570,470,133,127,125
269,17,36,33,38
426,148,41,41,45
1193,294,237,235,250
31,100,30,29,30
523,266,222,224,244
281,57,45,43,49
267,74,44,39,47
860,272,46,49,52
19,205,28,28,30
442,216,227,224,247
492,213,199,201,214
391,49,32,26,28
1132,306,229,224,241
1139,359,233,232,245
325,312,44,44,48
708,301,45,44,50
145,374,43,42,47
78,85,152,24,34
660,332,46,44,49
233,298,44,44,46
606,23,49,48,51
1023,304,45,47,50
208,320,40,43,48
25,112,145,21,29
510,39,78,62,48
714,24,64,55,54
807,53,49,52,51
50,280,37,29,32
654,248,47,45,51
299,308,44,42,46
149,330,36,37,41
321,432,66,66,51
185,230,46,38,42
1196,341,239,237,253
844,48,100,83,57
897,442,109,94,89
703,136,46,47,48
367,491,98,81,72
1028,415,46,50,51
640,410,44,43,47
393,471,82,75,66
1084,483,89,80,84
782,428,46,46,50
695,95,43,44,48
1133,425,227,226,239
1180,339,236,235,253
37,273,33,30,31
621,117,47,45,50
401,376,42,46,45
553,429,46,42,45
517,143,48,44,46
965,264,44,47,50
507,486,128,86,56
660,154,48,44,50
855,28,92,92,84
528,31,45,38,38
784,401,47,44,48
853,386,45,46,50
1017,328,46,48,53
1039,274,234,236,255
380,393,43,44,44
265,335,39,45,49
121,104,161,30,39
113,376,40,39,44
733,27,49,49,51
528,15,72,48,34
772,477,148,147,155
385,472,70,59,52
307,300,42,44,46
1187,473,239,235,251
775,228,101,105,160
115,441,56,55,57
464,428,47,50,52
84,435,49,47,47
623,256,50,48,51
540,176,47,48,53
259,407,43,45,45
96,430,46,47,50
405,454,58,57,52
1034,66,97,85,67
213,84,103,110,123
659,264,44,45,47
555,133,42,45,45
838,285,44,46,48
419,334,42,43,46
595,156,42,46,47
448,23,62,45,39
332,435,95,94,61
742,59,44,46,50
219,46,203,189,213
41,87,190,185,205
1167,25,238,235,249
747,117,46,48,48
834,201,47,48,52
629,434,44,44,50
711,427,44,44,47
67,219,147,141,147
925,106,48,47,52
484,94,39,43,44
319,397,44,41,45
932,128,51,47,52
838,243,226,229,247
1056,446,46,46,52
469,423,44,45,50
489,353,45,44,46
940,415,45,45,48
195,311,42,39,43
877,349,49,46,47
632,238,48,50,50
447,243,215,216,227
154,436,49,48,51
134,371,43,41,45
581,203,123,111,162
325,107,30,25,26
327,353,43,42,44
1191,174,242,239,254
1081,295,58,57,60
1157,173,236,235,250
977,317,44,46,49
653,56,40,45,48
519,147,44,45,45
1063,88,63,61,59
85,350,38,38,41
1189,344,239,236,250
331,125,34,30,31
208,104,49,50,57
335,74,32,28,31
851,456,46,46,52
937,382,45,45,49
423,346,43,41,45
1080,91,246,244,255
832,496,170,165,167
206,11,185,159,172
806,156,48,47,47
90,321,37,35,38
783,415,48,48,50
990,60,109,88,76
1155,164,236,232,249
1150,373,234,233,245
1104,253,237,233,251
1066,355,53,51,53
22,484,50,48,52
445,197,225,224,246
1121,387,232,231,245
762,272,52,49,53
342,399,41,44,44
988,247,45,46,47
272,336,46,43,48
143,101,147,135,153
495,431,131,128,121
853,286,44,46,48
1043,71,96,85,65
581,35,46,45,47
995,486,48,48,53
1074,251,159,154,94
798,315,44,46,51
300,433,69,66,54
914,118,49,48,50
173,454,49,48,51
474,96,42,42,45
133,407,44,43,47
20,108,142,19,30
746,274,46,49,50
727,98,44,48,48
176,356,45,43,43
1007,198,50,48,53
431,449,159,132,118
282,187,189,187,205
692,370,45,45,47
855,331,45,48,49
58,310,41,34,36
33,158,167,32,37
937,93,49,48,51
223,384,42,42,49
918,161,44,47,51
264,320,39,43,45
975,414,48,47,54
687,440,45,45,46
11,187,98,101,95
279,86,37,29,29
939,3,148,104,76
417,469,144,133,128
117,150,204,193,213
348,246,98,91,98
452,167,44,44,48
738,189,237,236,255
127,462,46,47,49
263,12,32,30,30
719,86,47,46,48
856,59,66,61,53
235,441,51,51,52
369,211,202,200,224
553,437,153,155,173
356,140,36,34,38
911,307,44,45,50
1133,303,235,231,248
449,242,229,228,250
227,127,30,28,29
389,79,33,28,30
680,25,49,49,50
209,307,42,42,44
281,498,101,90,83
940,174,48,47,52
578,179,116,111,120
206,108,38,42,47
391,84,33,32,31
1171,8,238,235,253
698,263,46,44,51
1065,57,79,70,70
983,37,105,79,61
102,221,213,210,234
1098,103,236,235,255
1068,409,50,47,54
944,51,84,64,57
821,448,46,47,51
785,28,52,52,52
254,94,41,35,40
688,171,45,45,50
182,37,160,35,57
995,376,46,46,53
178,423,51,54,56
519,16,67,64,64
1111,67,232,231,249
749,97,45,48,49
240,371,40,42,48
823,68,47,48,51
943,113,43,47,50
434,183,49,47,54
632,109,46,47,50
761,268,55,53,57
1180,197,237,237,254
474,124,43,42,45
566,112,44,43,46
359,194,198,197,218
757,103,44,44,48
156,25,167,148,172
284,266,132,136,167
572,150,39,42,47
1060,298,56,54,60
132,457,47,49,51
205,386,42,43,47
566,121,42,46,46
980,316,49,45,49
308,272,43,45,47
324,304,45,43,47
11,419,52,52,54
223,15,174,162,181
806,114,47,48,49
1027,101,48,47,52
911,66,94,94,90
460,402,49,49,53
819,364,40,46,46
702,99,43,46,49
683,481,112,86,64
1142,464,230,228,248
386,459,162,161,164
192,488,46,44,48
769,164,47,48,50
254,193,185,183,205
1035,439,50,47,51
62,135,156,28,37
459,190,222,219,246
592,89,45,43,47
548,142,45,43,49
444,297,47,46,50
7,360,45,43,46
853,423,63,62,111
1133,325,227,226,242
1087,245,171,165,172
941,452,55,49,54
801,119,46,45,53
324,11,44,43,46
698,125,48,47,50
310,307,43,43,45
1180,466,236,235,249
888,83,47,49,49
932,316,43,46,51
245,237,192,192,211
97,263,44,34,49
370,276,44,44,48
1077,281,246,245,254
123,475,48,48,50
54,146,159,32,41
699,82,45,49,49
148,160,42,47,49
429,169,43,43,45
28,449,51,50,52
158,67,147,134,153
938,462,46,46,52
1031,254,47,47,51
336,253,206,205,227
681,42,45,44,51
76,311,38,33,36
692,366,47,45,48
707,315,44,46,47
315,238,75,73,79
257,46,211,213,232
841,142,48,47,51
345,312,43,42,44
479,118,43,45,46
1039,402,44,46,51
409,279,47,46,54
835,127,46,47,51
152,51,132,114,130
357,142,35,37,38
944,226,49,47,51
397,15,38,29,31
1022,447,48,48,54
130,326,42,36,40
592,104,46,45,46
1164,415,235,232,249
439,225,231,228,252
50,381,47,43,48
247,494,49,47,47
1025,419,47,47,51
132,316,33,34,38
366,58,29,24,25
1000,430,50,48,52
283,242,186,187,206
352,104,35,27,29
1024,24,106,79,62
1039,213,48,49,53
980,429,49,46,53
885,156,47,47,52
620,364,44,43,47
463,251,96,92,106
608,108,44,44,49
1095,412,242,240,255
350,262,213,211,237
636,229,237,233,255
705,134,44,44,50
165,2,148,136,155
543,23,48,47,48
226,196,188,181,200
1164,404,237,236,249
848,488,173,164,119
901,431,70,86,137
677,265,44,46,49
1062,263,51,48,55
1084,36,246,244,254
816,428,43,48,48
1171,483,236,233,249
1124,252,231,226,244
714,333,43,45,48
641,162,45,46,48
136,174,51,54,58
778,119,43,48,48
967,403,44,47,47
813,485,152,148,160
988,152,52,49,51
249,362,46,45,47
1006,238,47,47,51
950,357,49,48,50
940,5,167,134,132
344,77,32,24,28
425,328,44,44,47
927,57,92,90,83
109,293,37,31,34
18,459,44,49,51
867,414,43,46,48
1160,264,235,234,248
677,181,233,234,255
616,125,43,46,44
259,75,46,45,50
1147,121,236,232,247
1113,361,236,235,248
420,370,42,42,44
146,143,165,163,184
254,252,196,193,213
799,386,44,45,49
198,363,41,42,48
198,388,44,43,45
572,188,233,233,254
653,76,46,45,48
285,490,57,51,51
420,389,44,43,47
250,269,203,202,224
22,307,38,37,38
475,301,57,57,58
877,248,63,55,83
782,10,51,51,54
941,325,47,46,50
468,337,57,55,58
1185,322,240,237,251
813,373,46,46,50
332,129,35,32,32
469,347,55,54,57
603,315,42,42,47
1170,48,237,236,254
5,447,56,57,54
793,277,50,52,55
690,428,45,43,47
1095,169,240,239,255
783,344,46,44,49
248,447,57,61,50
421,76,37,36,37
296,389,45,45,45
566,470,133,132,131
49,73,64,54,54
843,19,88,86,78
22,171,174,35,39
1027,242,51,47,54
134,194,62,58,70
5,460,48,47,53
629,170,47,49,51
106,48,40,33,35
220,285,49,45,56
973,80,51,53,54
354,312,39,45,45
836,389,48,44,50
669,192,240,237,255
1139,350,233,231,244
800,21,50,51,54
247,269,202,201,221
153,102,100,86,120
523,481,111,109,87
995,121,48,48,47
27,35,226,229,253
9,499,71,66,55
171,98,207,194,216
1136,295,230,228,243
381,386,41,41,45
1088,493,241,238,254
628,128,41,46,46
305,253,199,200,220
131,414,42,43,46
313,258,206,206,226
572,289,44,43,48
456,443,179,182,200
275,477,96,92,81
902,3,182,124,72
433,136,42,42,45
972,279,45,50,50
290,400,42,42,43
46,127,152,24,34
476,436,184,188,209
614,353,42,43,47
935,21,95,69,58
191,106,113,110,125
608,263,48,46,52
365,466,56,54,53
95,142,161,28,38
891,471,51,50,49
1011,391,50,46,50
1029,325,46,46,48
330,129,27,30,29
549,300,44,43,45
1139,276,229,228,243
374,30,37,26,28
610,491,177,179,189
320,179,192,186,209
258,161,33,32,37
29,323,35,38,40
656,227,238,235,255
305,385,43,42,45
617,110,43,44,47
806,276,47,47,51
1150,35,235,233,248
196,102,108,108,121
1061,207,51,51,55
1087,140,57,54,59
140,134,193,186,207
277,153,32,30,29
334,159,39,36,38
302,249,200,198,222
920,467,49,48,49
600,140,48,43,46
444,145,40,44,46
996,496,46,49,53
596,248,233,236,255
674,308,49,46,47
744,129,45,45,51
417,41,36,31,32
943,251,46,46,48
1167,324,238,235,252
165,423,47,49,52
198,198,189,184,205
237,227,62,59,69
79,150,163,32,41
983,267,47,47,52
364,115,32,30,31
853,265,147,152,182
255,400,42,45,46
85,389,44,41,46
311,479,110,103,91
319,463,111,106,100
963,424,49,47,50
157,285,40,43,45
643,299,44,45,49
890,359,45,45,51
592,293,47,45,47
61,454,49,48,51
13,203,30,26,31
307,19,45,43,49
7,55,36,22,37
244,165,185,180,203
877,254,221,227,215
925,18,104,73,60
1020,387,48,46,53
138,367,46,43,42
1141,302,231,228,246
125,414,43,43,47
440,115,40,42,43
135,473,48,47,48
1170,363,237,236,249
210,256,201,199,220
992,19,124,93,68
1180,454,238,236,251
578,178,55,51,53
608,131,44,45,48
838,433,49,44,49
341,129,32,32,32
1066,97,55,50,54
146,241,69,67,86
1169,143,237,235,252
677,95,46,46,48
285,67,38,35,39
1180,251,242,236,250
297,156,31,31,31
460,341,17,25,22
64,70,26,25,26
349,76,35,25,28
115,400,40,44,45
703,164,47,46,51
415,57,31,30,35
828,321,49,46,50
1133,394,230,230,242
461,255,53,52,65
739,465,150,143,154
942,464,46,46,49
1002,410,42,47,50
270,107,33,27,30
266,460,95,89,63
208,438,45,48,47
1045,424,49,48,53
386,395,45,45,47
796,301,46,46,48
923,325,46,47,53
447,55,38,37,41
705,47,43,47,48
207,242,49,40,50
673,369,45,43,47
27,440,47,49,49
745,233,240,236,255
244,308,41,43,49
30,280,35,30,32
1188,196,240,236,253
384,183,113,110,117
136,418,48,48,48
273,99,31,27,32
647,471,85,83,85
624,208,79,71,67
799,292,47,46,52
1129,120,230,227,244
1056,178,49,51,54
1197,489,236,234,247
660,58,47,43,49
334,488,137,140,151
181,153,36,36,39
232,320,45,42,45
529,319,44,42,45
859,35,97,91,89
757,406,86,70,112
549,319,46,42,49
757,334,47,46,48
1156,96,237,235,250
67,45,118,107,119
71,318,33,31,30
940,449,62,65,116
1074,47,77,69,67
401,293,45,43,48
891,70,50,49,50
8,181,83,80,84
1184,473,236,235,249
894,235,237,236,255
190,372,42,43,47
197,259,202,200,220
703,28,50,51,50
1110,463,231,230,244
1077,290,239,237,255
375,336,40,44,48
932,61,91,89,81
229,1,169,157,178
849,405,44,47,52
814,323,49,43,48
729,161,47,46,48
251,354,43,43,45
157,121,40,31,43
1065,496,54,52,56
535,397,39,42,44
399,21,44,39,32
392,401,41,46,45
462,141,40,45,46
444,266,234,234,255
288,419,39,40,46
1103,13,239,238,255
336,79,33,26,28
1075,208,55,53,56
558,258,231,231,255
215,313,43,45,45
1158,115,237,234,249
596,190,236,233,255
369,355,45,42,47
1026,10,116,86,68
16,488,52,51,53
727,72,44,46,48
194,210,163,165,177
944,432,129,132,126
419,395,42,43,48
759,85,48,48,47
950,418,47,47,50
674,344,48,44,49
121,464,48,48,51
1176,371,234,234,249
453,29,66,50,43
709,440,48,47,51
315,411,43,43,44
4,35,222,222,247
772,38,50,49,52
65,365,42,40,43
524,4,30,26,26
206,130,36,34,38
410,194,212,211,233
542,379,42,42,44
1194,285,238,237,254
670,216,230,236,255
635,215,65,61,69
106,374,38,42,44
808,12,53,51,56
1131,243,231,227,244
442,404,46,45,50
889,413,44,48,51
156,189,200,197,218
577,427,41,43,45
1114,455,228,229,245
894,359,47,47,51
674,75,46,47,50
860,200,43,47,51
6,483,53,51,56
590,148,44,45,47
4,137,163,29,34
1099,257,237,236,255
133,192,157,159,176
265,300,43,44,43
717,149,47,44,49
539,365,41,42,44
854,400,51,46,48
948,406,47,45,47
106,97,156,22,35
332,119,36,28,31
234,245,190,190,206
149,52,132,116,133
53,28,88,88,101
191,111,127,135,148
607,293,43,45,46
833,176,47,50,50
795,235,241,240,255
409,313,47,44,48
786,169,43,45,49
1175,399,236,235,251
230,119,35,28,32
427,326,47,46,48
545,338,40,42,45
710,155,46,46,50
692,397,79,78,64
1065,188,51,51,56
781,126,43,46,48
1037,380,45,48,54
578,47,43,43,46
338,423,41,45,44
669,411,47,46,48
301,64,32,29,32
981,192,51,47,52
174,328,42,42,42
868,174,50,47,53
637,360,46,45,46
236,207,114,113,128
827,85,47,47,49
46,199,55,51,57
1174,284,242,237,255
282,96,34,27,29
38,201,64,76,59
705,284,46,45,47
805,173,45,45,47
222,366,43,44,48
1006,284,46,48,51
828,388,46,46,50
729,205,242,236,255
1101,61,239,235,255
503,101,62,56,65
1115,449,229,227,244
1023,423,46,47,48
477,25,58,50,47
122,138,30,28,32
831,153,45,47,49
663,469,95,70,55
1004,45,116,86,66
293,91,34,26,26
1021,37,90,74,60
1159,395,238,233,251
133,292,35,32,35
792,219,241,237,255
986,379,49,49,53
170,183,195,191,212
111,249,216,213,234
284,318,40,44,45
252,47,210,210,232
809,37,52,53,56
720,139,45,48,52
88,154,159,34,45
882,434,46,46,50
657,414,41,42,47
465,130,45,43,45
552,98,45,42,46
329,169,37,42,45
446,46,38,37,38
654,241,46,48,48
1017,181,48,48,53
765,405,92,88,76
727,191,240,240,255
595,443,171,178,191
740,471,125,123,130
281,316,45,44,45
731,83,45,47,49
353,463,56,54,51
815,102,48,46,54
824,167,43,47,49
1085,205,55,54,57
401,487,82,76,69
1192,3,239,235,253
1128,365,230,228,247
1150,303,235,233,247
230,263,202,202,224
608,495,158,156,150
970,436,79,77,51
344,157,34,37,37
1048,32,105,82,66
627,152,44,46,48
75,209,236,234,255
46,360,43,41,44
698,393,55,42,43
96,457,49,49,50
911,236,241,237,255
38,125,149,22,29
174,180,193,191,212
1056,110,48,50,53
1135,415,229,227,244
840,363,48,45,49
1114,247,231,229,245
1071,77,80,69,74
928,156,47,48,52
374,6,42,33,31
658,5,46,49,50
643,70,40,46,46
622,425,45,45,47
789,13,51,50,53
1016,137,47,49,50
801,328,42,46,48
423,87,41,39,42
649,116,47,45,48
675,35,48,49,50
1079,212,244,245,255
369,383,44,42,45
221,144,36,28,31
690,483,116,92,67
296,323,43,42,47
1014,146,49,47,52
920,362,48,49,50
497,123,59,56,59
398,239,67,64,81
610,105,48,44,47
292,55,38,37,41
201,293,39,41,41
673,151,47,47,51
1000,39,118,90,68
389,186,206,203,225
11,281,30,31,27
0,120,147,22,30
1,477,51,49,53
670,105,42,45,50
384,283,46,47,49
336,351,40,44,46
929,294,41,47,49
515,372,46,41,45
84,177,211,200,223
175,55,165,152,175
887,192,45,47,50
492,434,169,172,188
926,99,48,48,50
1096,92,240,240,255
1064,55,78,76,70
180,149,33,32,40
744,398,43,46,46
18,85,121,115,121
666,268,41,46,48
784,43,49,49,53
616,150,47,45,48
663,12,53,49,53
78,114,155,27,33
71,212,228,232,250
26,40,114,108,134
909,411,49,48,51
789,16,53,50,53
243,427,83,82,57
868,123,48,45,49
269,32,208,212,233
1132,62,228,226,245
703,203,239,236,255
189,130,42,41,48
1025,468,49,51,54
636,400,41,42,45
130,457,46,46,50
1160,184,234,233,254
328,103,28,25,28
405,354,41,45,44
494,37,84,64,49
123,295,35,34,39
1177,48,240,237,253
566,296,43,45,44
442,32,40,38,36
415,14,35,24,27
732,392,45,44,50
676,466,104,81,55
756,436,45,44,49
1079,268,54,51,54
409,472,73,68,62
52,55,113,105,114
852,339,48,46,50
597,427,42,45,48
469,208,233,230,253
196,22,189,169,190
872,168,48,47,52
232,31,38,30,34
340,122,33,31,31
667,165,48,46,47
859,382,42,46,49
184,74,194,186,208
135,425,47,47,51
523,495,108,101,77
354,93,34,26,29
1054,340,50,52,55
188,261,201,201,221
1081,166,53,56,58
824,335,46,47,50
441,34,43,36,37
609,484,192,189,201
397,154,37,41,46
587,177,49,49,51
443,253,73,54,64
766,401,44,48,49
365,70,33,24,27
181,297,38,41,41
196,467,46,46,49
302,319,45,41,44
271,79,36,37,40
275,48,45,42,47
75,350,35,38,41
738,264,55,53,56
436,291,44,43,49
753,313,47,47,49
907,467,46,48,51
1091,105,192,187,157
283,421,44,44,46
1097,335,241,239,255
1068,2,101,80,66
417,197,213,215,236
1166,471,238,235,249
304,61,33,26,33
1133,352,229,227,245
776,499,161,157,176
965,417,48,46,49
914,428,139,140,146
748,498,164,157,136
283,3,210,200,220
1139,341,231,227,244
252,288,43,43,48
571,132,43,44,48
978,232,46,47,50
251,341,44,43,49
73,33,113,104,106
909,0,126,81,66
85,130,180,122,140
1077,434,235,240,255
476,16,98,73,57
741,389,44,46,49
1169,218,237,235,253
632,61,42,45,47
861,63,54,50,53
554,30,43,44,46
304,90,32,28,27
377,226,212,212,233
1031,385,44,46,51
1010,92,43,50,54
994,190,46,48,52
1002,376,45,47,51
493,472,108,112,85
861,125,46,49,51
897,94,46,48,51
1159,429,234,233,247
1110,155,239,235,254
107,343,37,34,37
416,175,45,43,48
807,429,47,46,52
769,60,49,47,51
1176,384,237,234,252
572,155,46,45,48
321,231,167,170,191
782,225,89,79,102
576,52,42,45,47
813,290,47,48,49
666,339,44,44,46
593,334,41,45,48
617,54,49,45,50
356,242,203,201,223
791,64,49,47,50
633,141,46,47,48
1036,224,46,50,54
713,282,43,46,46
124,373,38,41,46
609,241,237,237,255
270,396,46,43,45
192,66,195,187,204
38,408,46,47,49
477,257,72,72,62
441,221,221,218,236
13,161,172,29,39
1029,96,51,49,54
543,161,43,45,49
766,494,154,151,161
620,328,43,42,46
617,113,44,44,47
582,75,42,45,47
1005,104,48,47,52
506,106,32,31,31
557,189,229,229,252
845,49,96,79,57
407,80,34,33,37
851,20,90,86,80
895,29,89,81,82
858,168,45,46,50
132,220,197,194,216
658,247,45,46,50
874,191,44,48,51
191,307,42,39,42
804,389,46,44,48
954,90,46,46,50
1179,458,234,233,249
444,85,43,41,42
425,359,40,44,44
542,10,85,76,55
452,59,39,39,42
487,7,68,54,47
291,9,204,208,222
613,478,170,166,175
887,273,51,52,56
256,157,35,28,29
996,294,49,48,50
409,454,85,82,73
394,170,45,43,45
342,211,199,196,217
1107,402,236,233,251
954,341,45,47,50
147,223,195,191,215
1050,85,69,64,61
461,233,233,231,253
257,236,54,46,57
838,292,49,47,52
231,238,187,186,204
360,377,42,43,48
215,309,40,44,45
301,464,122,115,87
93,85,154,22,35
1010,35,102,81,61
411,463,83,74,70
1023,275,48,49,53
960,333,47,45,50
222,392,43,44,45
420,252,223,223,246
439,10,35,29,33
1051,379,50,50,54
608,463,132,132,146
1000,126,50,47,56
582,229,233,233,255
431,498,32,30,31
1018,340,49,48,53
1049,331,47,48,52
211,204,59,52,60
388,465,86,77,73
201,416,45,43,47
406,263,229,228,248
165,416,44,42,48
514,348,42,42,44
554,405,43,42,46
541,146,41,43,47
1074,45,65,61,66
428,101,38,37,42
38,231,26,27,30
564,47,45,42,47
638,301,44,42,46
299,184,192,187,208
209,146,31,30,31
767,384,47,46,51
1105,207,243,239,255
979,334,47,47,51
1007,360,44,46,46
439,433,27,25,29
838,134,45,46,50
917,126,46,46,49
901,73,51,48,52
702,299,47,44,48
1097,28,246,243,254
1007,460,45,49,50
1192,157,238,236,253
873,423,82,68,55
469,206,234,231,254
343,228,202,201,223
319,153,34,32,35
128,323,32,35,36
349,390,44,42,46
77,132,179,146,153
695,152,47,46,49
568,97,44,42,49
492,12,77,58,47
637,224,139,127,117
586,240,233,235,255
620,245,234,234,255
976,115,46,47,50
294,220,192,189,211
945,242,45,47,50
195,67,180,170,180
955,441,49,48,53
981,110,49,48,53
118,72,146,131,154
707,423,44,42,49
748,250,239,240,255
1024,23,105,79,62
1125,254,230,226,241
127,45,163,144,170
892,147,44,47,50
544,413,44,44,45
801,53,49,50,52
694,227,236,234,255
688,492,118,90,60
841,265,58,55,58
1042,30,108,83,65
445,146,47,44,45
857,252,237,236,255
529,257,229,224,249
457,308,50,48,52
1067,367,51,49,53
817,289,46,49,50
25,410,48,46,51
1166,447,235,234,247
889,396,46,46,52
844,409,47,47,50
507,9,73,55,45
623,467,158,153,162
234,300,43,42,49
137,46,130,118,132
79,273,35,32,32
189,471,77,77,80
274,68,42,40,44
1001,412,46,48,50
343,214,202,198,222
342,77,30,28,32
379,457,128,119,130
434,68,39,38,42
860,451,48,48,50
321,406,38,44,46
193,244,201,198,219
1178,459,236,232,250
189,124,48,46,52
1152,69,235,233,249
923,420,49,45,50
1061,98,52,50,56
82,322,37,32,36
343,422,39,42,44
104,33,187,182,201
287,29,50,45,59
795,320,46,45,50
296,477,114,113,90
1194,358,239,237,253
329,235,174,177,183
500,438,166,168,181
1050,206,49,49,54
355,435,96,88,58
590,6,98,83,66
205,371,42,42,46
416,162,39,44,44
306,197,192,188,208
566,310,45,43,47
202,336,41,42,46
307,393,41,42,45
